Chave;Sequencia;Fornecedor/centro fornecedor;Documento de compras;Item;Tipo doc.compras;Ctg.doc.compras;Grupo de compradores;;Data do documento;Material;Texto breve;Início per.validade;Fim da validade;Grupo de mercadorias;Código de eliminação;Categoria do item;Ctg.class.cont.;Centro;Depósito;Qtd.do pedido;UM pedido;Qtd.na UnidGestEstoq;Unidade manutenção estoque;Preço líquido;Moeda;Unidade preço;ValFix.(cabeç.);Quantidade prevista;Qtd.prev.pendente;Núm.itens
4026271;1;1012574    HART ENERGIA PROJETOS E ENGENHARIA;4600003192;10;WK;K;A03;;14/05/2025;402627;RELIGADOR 1F AUTOMATICO 15KV 100A 6kA;15/05/2025;15/05/2026;MC21701;;;;CDFL;INVT;0;UN;0;UN;20.900,00;BRL;1;334.400,00;16;0;1
4041871;1;1009270    CAS TECNOLOGIA S.A.;4600002704;50;WK;K;A12;;17/06/2024;404187;CONECTOR EMENDA FIBRA OPTICA POF 2,2MM;17/09/2024;17/05/2026;MC03501;;;;CDFL;INVT;0;UN;0;UN;25,29;BRL;1;2.434.681,39;955;645;1
4042121;1;1009270    CAS TECNOLOGIA S.A.;4600002704;20;WK;K;A12;;17/06/2024;404212;CONECTOR FIBRA OPTICA CLICK  POF 2,2MM;17/09/2024;17/05/2026;MC03501;;;;CDFL;INVT;0;UN;0;UN;17,91;BRL;1;2.434.681,39;2.304;610;1
4042341;1;1009270    CAS TECNOLOGIA S.A.;4600002704;10;WK;K;A12;;17/06/2024;404234;MODULO DE COMUNICACAO REMOTA;17/09/2024;17/05/2026;MC20601;;;;CDFL;INVT;0;UN;0;UN;1.493,70;BRL;1;2.434.681,39;1.326;834;1
4042342;2;1009270    CAS TECNOLOGIA S.A.;4600002704;70;WK;K;A12;;17/06/2024;404234;MODULO DE COMUNICACAO REMOTA;17/09/2024;17/05/2026;MC20601;;;;CDFL;INVT;0;UN;0;UN;1.493,70;BRL;1;2.434.681,39;834;0;1
4042361;1;1009270    CAS TECNOLOGIA S.A.;4600002704;30;WK;K;A12;;17/06/2024;404236;BLUETOOTH 4.0 DE COMUNICACAO DE  DADOS;17/09/2024;17/05/2026;MC25001;;;;CDFL;INVT;0;UN;0;UN;276,95;BRL;1;2.434.681,39;1.072;677;1
4042362;2;1009270    CAS TECNOLOGIA S.A.;4600002704;90;WK;K;A12;;17/06/2024;404236;BLUETOOTH 4.0 DE COMUNICACAO DE  DADOS;17/09/2024;17/05/2026;MC25001;;;;CDFL;INVT;0;UN;0;UN;276,95;BRL;1;2.434.681,39;90;0;1
4042821;1;1009270    CAS TECNOLOGIA S.A.;4600002704;60;WK;K;A12;;17/06/2024;404282;CABO RS2000 OPTICO CALIBRAVEL RS232;17/09/2024;17/05/2026;MC00201;;;;CDFL;INVT;0;KG;0;KG;162,56;BRL;1;2.434.681,39;478;0;1
4026001;1;1009016    DELL COMPUTADORES DO BRASIL LTDA;4600003433;20;WK;K;A12;;18/11/2025;402600;MONITOR 23,8 POL;18/11/2025;18/05/2026;MC01702;;;;CDFL;INVT;0;UN;0;UN;879,69;BRL;1;137.118,40;8;0;1
4045531;1;1009016    DELL COMPUTADORES DO BRASIL LTDA;4600003433;10;WK;K;A12;;18/11/2025;404553;TERMINAL DE COMPUTADOR SERVIDOR SAGE;18/11/2025;18/05/2026;MC01702;;;;CDFL;INVT;0;UN;0;UN;64.690,90;BRL;1;137.118,40;2;0;1
4070571;1;1009016    DELL COMPUTADORES DO BRASIL LTDA;4600003433;40;WK;K;A12;;18/11/2025;407057;TRILHO ORGANIZADOR CABOS/SERVIDOR;18/11/2025;18/05/2026;MC00901;;;;CDFL;INVT;0;UN;0;UN;131,78;BRL;1;137.118,40;2;0;1
4089901;1;1009016    DELL COMPUTADORES DO BRASIL LTDA;4600003433;30;WK;K;A12;;18/11/2025;408990;TRILHOS DESLIZANTES;18/11/2025;18/05/2026;MC01702;;;;CDFL;INVT;0;UN;0;UN;217,76;BRL;1;137.118,40;2;0;1
4101471;1;1003592    FIXAR INDUSTRIAL -INDUSTRIA DE META;4600003496;30;MK;K;A01;;20/02/2026;410147;CX BLIND P/ MED MONO C/ ABERT INTEL;20/02/2026;20/05/2026;MC12503;;;;CDFL;INVT;0;UN;0;UN;273,50;BRL;1;9.576.542,00;306;0;1
4101472;2;1003592    FIXAR INDUSTRIAL -INDUSTRIA DE META;4600003496;60;MK;K;A01;;20/02/2026;410147;CX BLIND P/ MED MONO C/ ABERT INTEL;20/02/2026;20/05/2026;MC12503;;;;CDFL;INVT;0;UN;0;UN;273,50;BRL;1;9.576.542,00;306;0;1
4101521;1;1003592    FIXAR INDUSTRIAL -INDUSTRIA DE META;4600003496;10;MK;K;A01;;20/02/2026;410152;CX BLIND P/ MED BI C/ ABERT INTEL;20/02/2026;20/05/2026;MC12503;;;;CDFL;INVT;0;UN;0;UN;320,00;BRL;1;9.576.542,00;637;0;1
4101522;2;1003592    FIXAR INDUSTRIAL -INDUSTRIA DE META;4600003496;70;MK;K;A01;;20/02/2026;410152;CX BLIND P/ MED BI C/ ABERT INTEL;20/02/2026;20/05/2026;MC12503;;;;CDFL;INVT;0;UN;0;UN;320,00;BRL;1;9.576.542,00;637;0;1
4101531;1;1003592    FIXAR INDUSTRIAL -INDUSTRIA DE META;4600003496;40;MK;K;A01;;20/02/2026;410153;CX BLIND P/ MED TRI C/ ABERT INTEL;20/02/2026;20/05/2026;MC12503;;;;CDFL;INVT;0;UN;0;UN;320,00;BRL;1;9.576.542,00;1.057;0;1
4101532;2;1003592    FIXAR INDUSTRIAL -INDUSTRIA DE META;4600003496;80;MK;K;A01;;20/02/2026;410153;CX BLIND P/ MED TRI C/ ABERT INTEL;20/02/2026;20/05/2026;MC12503;;;;CDFL;INVT;0;UN;0;UN;320,00;BRL;1;9.576.542,00;1.057;0;1
4101551;1;1003592    FIXAR INDUSTRIAL -INDUSTRIA DE META;4600003496;20;MK;K;A01;;20/02/2026;410155;CX BLIND P/ CONEXAO C/ ABERT INTEL;20/02/2026;20/05/2026;MC10301;;;;CDFL;INVT;0;UN;0;UN;1.665,00;BRL;1;9.576.542,00;2.500;0;1
4101552;2;1003592    FIXAR INDUSTRIAL -INDUSTRIA DE META;4600003496;50;MK;K;A01;;20/02/2026;410155;CX BLIND P/ CONEXAO C/ ABERT INTEL;20/02/2026;20/05/2026;MC10301;;;;CDFL;INVT;0;UN;0;UN;1.665,00;BRL;1;9.576.542,00;2.500;0;1
4042051;1;1009730    GRID SOLUTIONS TRANSMISSAO DE ENERG;4600003410;10;WK;K;A16;;22/10/2025;404205;SWITCH DE FIBRAS 24 PORTAS 10/100 MBPS;23/10/2025;21/05/2026;MC01702;;;;CDFL;INVT;0;UN;0;UN;27.332,50;BRL;1;191.327,50;7;0;1
4031201;1;1003818    B A ELETRICA LTDA;4600003162;20;WK;K;A14;;17/04/2025;403120;FITA ISOL ELET 19MMX20M 0,19MM BR;22/04/2025;22/05/2026;MC10903;;;;CDFL;INVT;0;UN;0;UN;53,44;BRL;1;90.580,80;309;0;1
4032751;1;1003818    B A ELETRICA LTDA;4600003162;10;WK;K;A14;;17/04/2025;403275;FITA ISOL ELET 19MMX20M 0,19MM AZ;22/04/2025;22/05/2026;MC10903;;;;CDFL;INVT;0;UN;0;UN;53,44;BRL;1;90.580,80;309;0;1
4033771;1;1003818    B A ELETRICA LTDA;4600003162;30;WK;K;A14;;17/04/2025;403377;FITA ISOL ELET 19MMX20M 0,19MM VD;22/04/2025;22/05/2026;MC10903;;;;CDFL;INVT;0;UN;0;UN;53,44;BRL;1;90.580,80;309;0;1
4034071;1;1003818    B A ELETRICA LTDA;4600003162;40;WK;K;A14;;17/04/2025;403407;FITA ISOL ELET 19MMX20M 0,19MM VM;22/04/2025;22/05/2026;MC10903;;;;CDFL;INVT;0;UN;0;UN;53,44;BRL;1;90.580,80;309;0;1
8021381;1;1003818    B A ELETRICA LTDA;4600003162;70;WK;K;A14;;17/04/2025;802138;FITA ISOL ELET 19MMX20M 0,19MM VM;22/04/2025;22/05/2026;MC10903;;;;CDFL;CUST;0;UN;0;UN;53,44;BRL;1;90.580,80;153;0;1
8021411;1;1003818    B A ELETRICA LTDA;4600003162;50;WK;K;A14;;17/04/2025;802141;FITA ISOL ELET 19MMX20M 0,19MM AZ;22/04/2025;22/05/2026;MC10903;;;;CDFL;CUST;0;UN;0;UN;53,44;BRL;1;90.580,80;153;0;1
8021581;1;1003818    B A ELETRICA LTDA;4600003162;60;WK;K;A14;;17/04/2025;802158;FITA ISOL ELET 19MMX20M 0,19MM BR;22/04/2025;22/05/2026;MC10903;;;;CDFL;CUST;0;UN;0;UN;53,44;BRL;1;90.580,80;153;0;1
4004421;1;1003949    FLEX INDUSTRIA DE FIOS E CABOS ELET;4600003213;150;MK;K;A15;;21/05/2025;400442;CABO  MULT 2X16+1X16MM² XLPE 0,6/1 KV;23/05/2025;23/05/2026;MC10101;;;;CDFL;INVT;0;M;0;M;5,08;BRL;1;15.399.219,24;7.500;0;1
4004422;2;1003949    FLEX INDUSTRIA DE FIOS E CABOS ELET;4600003213;270;MK;K;A15;;21/05/2025;400442;CABO  MULT 2X16+1X16MM² XLPE 0,6/1 KV;23/05/2025;23/05/2026;MC10101;;;;CDFL;INVT;0;M;0;M;5,08;BRL;1;15.399.219,24;2.000;0;1
4004423;3;1003949    FLEX INDUSTRIA DE FIOS E CABOS ELET;4600003213;430;MK;K;A15;;21/05/2025;400442;CABO  MULT 2X16+1X16MM² XLPE 0,6/1 KV;23/05/2025;23/05/2026;MC10101;;;;CDFL;INVT;0;M;0;M;4,65;BRL;1;15.399.219,24;12.029;0;1
4004431;1;1003949    FLEX INDUSTRIA DE FIOS E CABOS ELET;4600003213;160;MK;K;A15;;21/05/2025;400443;CABO  MULT 2X25+1X25MM² XLPE 0,6/1 KV;23/05/2025;23/05/2026;MC10101;;;;CDFL;INVT;0;M;0;M;7,43;BRL;1;15.399.219,24;10.694;3.194;1
4004432;2;1003949    FLEX INDUSTRIA DE FIOS E CABOS ELET;4600003213;350;MK;K;A15;;21/05/2025;400443;CABO  MULT 2X25+1X25MM² XLPE 0,6/1 KV;23/05/2025;23/05/2026;MC10101;;;;CDFL;INVT;0;M;0;M;7,43;BRL;1;15.399.219,24;3.000;0;1
4004433;3;1003949    FLEX INDUSTRIA DE FIOS E CABOS ELET;4600003213;400;MK;K;A15;;21/05/2025;400443;CABO  MULT 2X25+1X25MM² XLPE 0,6/1 KV;23/05/2025;23/05/2026;MC10101;;;;CDFL;INVT;0;M;0;M;7,03;BRL;1;15.399.219,24;6.460;0;1
4004731;1;1003949    FLEX INDUSTRIA DE FIOS E CABOS ELET;4600003213;180;MK;K;A15;;21/05/2025;400473;CABO  MULT 3X50+1X50MM² XLPE 0,6/1 KV;23/05/2025;23/05/2026;MC10101;;;;CDFL;INVT;0;M;0;M;21,05;BRL;1;15.399.219,24;7.031;0;1
4004732;2;1003949    FLEX INDUSTRIA DE FIOS E CABOS ELET;4600003213;250;MK;K;A15;;21/05/2025;400473;CABO  MULT 3X50+1X50MM² XLPE 0,6/1 KV;23/05/2025;23/05/2026;MC10101;;;;CDFL;INVT;0;M;0;M;21,05;BRL;1;15.399.219,24;3.000;0;1
4004733;3;1003949    FLEX INDUSTRIA DE FIOS E CABOS ELET;4600003213;280;MK;K;A15;;21/05/2025;400473;CABO  MULT 3X50+1X50MM² XLPE 0,6/1 KV;23/05/2025;23/05/2026;MC10101;;;;CDFL;INVT;0;M;0;M;21,05;BRL;1;15.399.219,24;4.112;0;1
4004741;1;1003949    FLEX INDUSTRIA DE FIOS E CABOS ELET;4600003213;190;MK;K;A15;;21/05/2025;400474;CABO  MULT 3X70+1X70 MM² XLPE 0,6/1 KV;23/05/2025;23/05/2026;MC10101;;;;CDFL;INVT;0;M;0;M;28,00;BRL;1;15.399.219,24;59.878;16.608;1
4004742;2;1003949    FLEX INDUSTRIA DE FIOS E CABOS ELET;4600003213;360;MK;K;A15;;21/05/2025;400474;CABO  MULT 3X70+1X70 MM² XLPE 0,6/1 KV;23/05/2025;23/05/2026;MC10101;;;;CDFL;INVT;0;M;0;M;28,00;BRL;1;15.399.219,24;16.608;0;1
4004743;3;1003949    FLEX INDUSTRIA DE FIOS E CABOS ELET;4600003213;450;MK;K;A15;;21/05/2025;400474;CABO  MULT 3X70+1X70 MM² XLPE 0,6/1 KV;23/05/2025;23/05/2026;MC10101;;;;CDFL;INVT;0;M;0;M;28,00;BRL;1;15.399.219,24;21.000;0;1
4004811;1;1003949    FLEX INDUSTRIA DE FIOS E CABOS ELET;4600003213;420;MK;K;A15;;21/05/2025;400481;CABO  MULT 3X16+1X16MM² XLPE 0,6/1 KV;23/05/2025;23/05/2026;MC10101;;;;CDFL;INVT;0;M;0;M;6,32;BRL;1;15.399.219,24;5.361;0;1
4004871;1;1003949    FLEX INDUSTRIA DE FIOS E CABOS ELET;4600003213;230;MK;K;A15;;21/05/2025;400487;CABO  MULT 3X120+1X120MM² XLPE 0,6/1 KV;23/05/2025;23/05/2026;MC10101;;;;CDFL;INVT;0;M;0;M;54,80;BRL;1;15.399.219,24;38.486;16.486;1
4004872;2;1003949    FLEX INDUSTRIA DE FIOS E CABOS ELET;4600003213;370;MK;K;A15;;21/05/2025;400487;CABO  MULT 3X120+1X120MM² XLPE 0,6/1 KV;23/05/2025;23/05/2026;MC10101;;;;CDFL;INVT;0;M;0;M;54,80;BRL;1;15.399.219,24;7.000;0;1
4007101;1;1003949    FLEX INDUSTRIA DE FIOS E CABOS ELET;4600003213;200;MK;K;A15;;21/05/2025;400710;CABO  MULT 3X95+1X70MM² XLPE 0,6/1 KV;23/05/2025;23/05/2026;MC10101;;;;CDFL;INVT;0;M;0;M;35,88;BRL;1;15.399.219,24;7.013;3.503;1
4013961;1;1003949    FLEX INDUSTRIA DE FIOS E CABOS ELET;4600003213;30;MK;K;A15;;21/05/2025;401396;CABO  MULT 3X25+1X25 MM² XLPE 0,6/1 KV;23/05/2025;23/05/2026;MC10101;;;;CDFL;INVT;0;M;0;M;10,10;BRL;1;15.399.219,24;3.192;0;1
4013962;2;1003949    FLEX INDUSTRIA DE FIOS E CABOS ELET;4600003213;260;MK;K;A15;;21/05/2025;401396;CABO  MULT 3X25+1X25 MM² XLPE 0,6/1 KV;23/05/2025;23/05/2026;MC10101;;;;CDFL;INVT;0;M;0;M;10,10;BRL;1;15.399.219,24;1.166;0;1
4013963;3;1003949    FLEX INDUSTRIA DE FIOS E CABOS ELET;4600003213;320;MK;K;A15;;21/05/2025;401396;CABO  MULT 3X25+1X25 MM² XLPE 0,6/1 KV;23/05/2025;23/05/2026;MC10101;;;;CDFL;INVT;0;M;0;M;10,10;BRL;1;15.399.219,24;800;0;1
4017861;1;1003949    FLEX INDUSTRIA DE FIOS E CABOS ELET;4600003213;170;MK;K;A15;;21/05/2025;401786;CABO  MULT 3X35+1X35 MM² XLPE 0,6/1 KV;23/05/2025;23/05/2026;MC10101;;;;CDFL;INVT;0;M;0;M;14,57;BRL;1;15.399.219,24;10.606;0;1
4017862;2;1003949    FLEX INDUSTRIA DE FIOS E CABOS ELET;4600003213;240;MK;K;A15;;21/05/2025;401786;CABO  MULT 3X35+1X35 MM² XLPE 0,6/1 KV;23/05/2025;23/05/2026;MC10101;;;;CDFL;INVT;0;M;0;M;14,57;BRL;1;15.399.219,24;6.000;0;1
4017863;3;1003949    FLEX INDUSTRIA DE FIOS E CABOS ELET;4600003213;310;MK;K;A15;;21/05/2025;401786;CABO  MULT 3X35+1X35 MM² XLPE 0,6/1 KV;23/05/2025;23/05/2026;MC10101;;;;CDFL;INVT;0;M;0;M;14,57;BRL;1;15.399.219,24;2.278;0;1
4023031;1;1003949    FLEX INDUSTRIA DE FIOS E CABOS ELET;4600003213;140;MK;K;A15;;21/05/2025;402303;CABO  MULT 2X10+1X10 MM² XLPE 0,6/1 KV;23/05/2025;23/05/2026;MC10101;;;;CDFL;INVT;0;M;0;M;3,48;BRL;1;15.399.219,24;14.385;9.485;1
4023181;1;1003949    FLEX INDUSTRIA DE FIOS E CABOS ELET;4600003213;210;MK;K;A15;;21/05/2025;402318;CABO  MULT 3X120+1X70MM² XLPE 0,6/1 KV;23/05/2025;23/05/2026;MC10101;;;;CDFL;INVT;0;M;0;M;47,31;BRL;1;15.399.219,24;38.077;3.853;1
4023182;2;1003949    FLEX INDUSTRIA DE FIOS E CABOS ELET;4600003213;330;MK;K;A15;;21/05/2025;402318;CABO  MULT 3X120+1X70MM² XLPE 0,6/1 KV;23/05/2025;23/05/2026;MC10101;;;;CDFL;INVT;0;M;0;M;47,31;BRL;1;15.399.219,24;34.000;0;1
4023183;3;1003949    FLEX INDUSTRIA DE FIOS E CABOS ELET;4600003213;440;MK;K;A15;;21/05/2025;402318;CABO  MULT 3X120+1X70MM² XLPE 0,6/1 KV;23/05/2025;23/05/2026;MC10101;;;;CDFL;INVT;0;M;0;M;47,31;BRL;1;15.399.219,24;3.920;0;1
4096961;1;1003949    FLEX INDUSTRIA DE FIOS E CABOS ELET;4600003213;220;MK;K;A15;;21/05/2025;409696;CABO MULT 3X120+1X95MM² XLPE 0,6/1 KV;23/05/2025;23/05/2026;MC10101;;;;CDFL;INVT;0;M;0;M;50,70;BRL;1;15.399.219,24;10.870;0;1
8000411;1;1003949    FLEX INDUSTRIA DE FIOS E CABOS ELET;4600003213;90;MK;K;A15;;21/05/2025;800041;CABO  MULT 3X50+1X50MM² XLPE 0,6/1 KV;23/05/2025;23/05/2026;MC10101;;;;CDFL;CUST;0;M;0;M;21,05;BRL;1;15.399.219,24;3.150;0;1
8000581;1;1003949    FLEX INDUSTRIA DE FIOS E CABOS ELET;4600003213;120;MK;K;A15;;21/05/2025;800058;CABO  MULT 3X120+1X70MM² XLPE 0,6/1 KV;23/05/2025;23/05/2026;MC10101;;;;CDFL;CUST;0;M;0;M;47,31;BRL;1;15.399.219,24;7.151;51;1
8000621;1;1003949    FLEX INDUSTRIA DE FIOS E CABOS ELET;4600003213;60;MK;K;A15;;21/05/2025;800062;CABO  MULT 2X16+1X16MM² XLPE 0,6/1 KV;23/05/2025;23/05/2026;MC10101;;;;CDFL;CUST;0;M;0;M;5,08;BRL;1;15.399.219,24;13.257;9.757;1
8006761;1;1003949    FLEX INDUSTRIA DE FIOS E CABOS ELET;4600003213;110;MK;K;A15;;21/05/2025;800676;CABO  MULT 3X95+1X70MM² XLPE 0,6/1 KV;23/05/2025;23/05/2026;MC10101;;;;CDFL;CUST;0;M;0;M;35,88;BRL;1;15.399.219,24;3.875;2.375;1
8007501;1;1003949    FLEX INDUSTRIA DE FIOS E CABOS ELET;4600003213;80;MK;K;A15;;21/05/2025;800750;CABO  MULT 3X35+1X35 MM² XLPE 0,6/1 KV;23/05/2025;23/05/2026;MC10101;;;;CDFL;CUST;0;M;0;M;14,57;BRL;1;15.399.219,24;1.875;0;1
8007621;1;1003949    FLEX INDUSTRIA DE FIOS E CABOS ELET;4600003213;100;MK;K;A15;;21/05/2025;800762;CABO  MULT 3X70+1X70 MM² XLPE 0,6/1 KV;23/05/2025;23/05/2026;MC10101;;;;CDFL;CUST;0;M;0;M;28,00;BRL;1;15.399.219,24;7.080;0;1
8007751;1;1003949    FLEX INDUSTRIA DE FIOS E CABOS ELET;4600003213;70;MK;K;A15;;21/05/2025;800775;CABO  MULT 2X25+1X25MM² XLPE 0,6/1 KV;23/05/2025;23/05/2026;MC10101;;;;CDFL;CUST;0;M;0;M;7,43;BRL;1;15.399.219,24;2.495;95;1
8007752;2;1003949    FLEX INDUSTRIA DE FIOS E CABOS ELET;4600003213;390;MK;K;A15;;21/05/2025;800775;CABO  MULT 2X25+1X25MM² XLPE 0,6/1 KV;23/05/2025;23/05/2026;MC10101;;;;CDFL;CUST;0;M;0;M;7,03;BRL;1;15.399.219,24;1.246;0;1
8008041;1;1003949    FLEX INDUSTRIA DE FIOS E CABOS ELET;4600003213;40;MK;K;A15;;21/05/2025;800804;CABO  MULT 1X16+1X16MM² XLPE 0,6/1 KV;23/05/2025;23/05/2026;MC10101;;;;CDFL;CUST;0;M;0;M;3,25;BRL;1;15.399.219,24;2.811;11;1
8009751;1;1003949    FLEX INDUSTRIA DE FIOS E CABOS ELET;4600003213;10;MK;K;A15;;21/05/2025;800975;CABO  MULT 3X16+1X16MM² XLPE 0,6/1 KV;23/05/2025;23/05/2026;MC10101;;;;CDFL;CUST;0;M;0;M;6,90;BRL;1;15.399.219,24;1.679;0;1
8009752;2;1003949    FLEX INDUSTRIA DE FIOS E CABOS ELET;4600003213;290;MK;K;A15;;21/05/2025;800975;CABO  MULT 3X16+1X16MM² XLPE 0,6/1 KV;23/05/2025;23/05/2026;MC10101;;;;CDFL;CUST;0;M;0;M;6,90;BRL;1;15.399.219,24;2.000;0;1
8009753;3;1003949    FLEX INDUSTRIA DE FIOS E CABOS ELET;4600003213;410;MK;K;A15;;21/05/2025;800975;CABO  MULT 3X16+1X16MM² XLPE 0,6/1 KV;23/05/2025;23/05/2026;MC10101;;;;CDFL;CUST;0;M;0;M;6,32;BRL;1;15.399.219,24;1.843;0;1
8011851;1;1003949    FLEX INDUSTRIA DE FIOS E CABOS ELET;4600003213;50;MK;K;A15;;21/05/2025;801185;CABO  MULT 2X10+1X10 MM² XLPE 0,6/1 KV;23/05/2025;23/05/2026;MC10101;;;;CDFL;CUST;0;M;0;M;3,48;BRL;1;15.399.219,24;2.300;2.300;1
8011852;2;1003949    FLEX INDUSTRIA DE FIOS E CABOS ELET;4600003213;340;MK;K;A15;;21/05/2025;801185;CABO  MULT 2X10+1X10 MM² XLPE 0,6/1 KV;23/05/2025;23/05/2026;MC10101;;;;CDFL;CUST;0;M;0;M;3,48;BRL;1;15.399.219,24;600;0;1
8011891;1;1003949    FLEX INDUSTRIA DE FIOS E CABOS ELET;4600003213;20;MK;K;A15;;21/05/2025;801189;CABO  MULT 3X25+1X25 MM² XLPE 0,6/1 KV;23/05/2025;23/05/2026;MC10101;;;;CDFL;CUST;0;M;0;M;10,10;BRL;1;15.399.219,24;1.162;12;1
8011892;2;1003949    FLEX INDUSTRIA DE FIOS E CABOS ELET;4600003213;300;MK;K;A15;;21/05/2025;801189;CABO  MULT 3X25+1X25 MM² XLPE 0,6/1 KV;23/05/2025;23/05/2026;MC10101;;;;CDFL;CUST;0;M;0;M;10,10;BRL;1;15.399.219,24;2.500;0;1
8022381;1;1003949    FLEX INDUSTRIA DE FIOS E CABOS ELET;4600003213;130;MK;K;A15;;21/05/2025;802238;CABO  MULT 3X120+1X120MM² XLPE 0,6/1 KV;23/05/2025;23/05/2026;MC10101;;;;CDFL;CUST;0;M;0;M;54,80;BRL;1;15.399.219,24;8.900;2.663;1
4031611;1;1003624    POOL ENGENHARIA, SERVICO, INDUSTRIA;4600003438;30;WK;K;A12;;25/11/2025;403161;PONTALETE FBV 100MM 6M;25/11/2025;25/05/2026;MC02201;;;;CDFL;INVT;0;UN;0;UN;345,00;BRL;1;576.150,00;310;310;1
4031611;1;1007001    TECFIBRAS INDUSTRIA E COMERCIO IMPO;4600003439;20;WK;K;A12;;25/11/2025;403161;PONTALETE FBV 100MM 6M;25/11/2025;25/05/2026;MC02201;;;;CDFL;INVT;0;UN;0;UN;296,77;BRL;1;474.832,00;1.600;340;1
8034701;1;1003624    POOL ENGENHARIA, SERVICO, INDUSTRIA;4600003438;20;WK;K;A12;;25/11/2025;803470;PONTALETE FBV 100MM 6M;25/11/2025;25/05/2026;MC02001;;;;CDFL;CUST;0;UN;0;UN;345,00;BRL;1;576.150,00;1.360;0;1
4026171;1;1003334    I.T.B. - EQUIPAMENTOS ELETRICOS LTD;4600003201;10;WK;K;A01;;16/05/2025;402617;REGULADOR TENSAO 1F 167 KVA 7,96KV 219A;26/05/2025;26/05/2026;MC21501;;;;CDFL;INVT;0;UN;0;UN;90.625,00;BRL;1;5.890.200,00;6;0;1
4096201;1;1003334    I.T.B. - EQUIPAMENTOS ELETRICOS LTD;4600003201;30;WK;K;A01;;16/05/2025;409620;REGULADOR TENSAO 1F 333KVA 7,96KV 438A;26/05/2025;26/05/2026;MC01901;;;;CDFL;INVT;0;UN;0;UN;125.330,00;BRL;1;5.890.200,00;12;0;1
4001371;1;1007593    MACLEAN POWER SYSTEMS DO BRASIL LTD;4600003028;360;WK;K;A03;;20/02/2025;400137;LACO PREF CA 2AWG PESC 57MM PURPURA;21/02/2025;30/05/2026;MC11001;;;;CDFL;INVT;0;UN;0;UN;2,75;BRL;1;690.985,26;156;0;1
4003071;1;1007593    MACLEAN POWER SYSTEMS DO BRASIL LTD;4600003028;340;WK;K;A03;;20/02/2025;400307;FIXADOR PREFORMADO 6,4MM 1/4P AM 1219MM;21/02/2025;30/05/2026;MC11001;;;;CDFL;INVT;0;UN;0;UN;4,50;BRL;1;690.985,26;2.107;2.007;1
4003591;1;1007593    MACLEAN POWER SYSTEMS DO BRASIL LTD;4600003028;120;WK;K;A03;;20/02/2025;400359;ALCA PREFORM ESTAI 3/8P 9,5MM 889MM;21/02/2025;30/05/2026;MC11001;;;;CDFL;INVT;0;UN;0;UN;9,80;BRL;1;690.985,26;283;0;1
4003661;1;1007593    MACLEAN POWER SYSTEMS DO BRASIL LTD;4600003028;60;WK;K;A03;;20/02/2025;400366;ALCA PREFORM DIST 4/0 AWG 120MM2;21/02/2025;30/05/2026;MC11001;;;;CDFL;INVT;0;UN;0;UN;11,30;BRL;1;690.985,26;5.932;3.946;1
4003751;1;1007593    MACLEAN POWER SYSTEMS DO BRASIL LTD;4600003028;100;WK;K;A03;;20/02/2025;400375;ALCA PREFORM DIST CAA/CA 2/0AWG 70MM2;21/02/2025;30/05/2026;MC11001;;;;CDFL;INVT;0;UN;0;UN;5,58;BRL;1;690.985,26;7.669;3.594;1
4005881;1;1007593    MACLEAN POWER SYSTEMS DO BRASIL LTD;4600003028;210;WK;K;A03;;20/02/2025;400588;EMENDA PREF COND AL 4/0AWG AM 1295MM;21/02/2025;30/05/2026;MC11001;;;;CDFL;INVT;0;UN;0;UN;37,70;BRL;1;690.985,26;2.918;2.004;1
4008511;1;1007593    MACLEAN POWER SYSTEMS DO BRASIL LTD;4600003028;260;WK;K;A03;;20/02/2025;400851;EMENDA PREF COND AL 2/0 AWG 1016MM;21/02/2025;30/05/2026;MC10401;;;;CDFL;INVT;0;UN;0;UN;19,70;BRL;1;690.985,26;1.864;0;1
4008551;1;1007593    MACLEAN POWER SYSTEMS DO BRASIL LTD;4600003028;330;WK;K;A03;;20/02/2025;400855;EMENDA PREF COND AL 1/0 AWG 965MM;21/02/2025;30/05/2026;MC10401;;;;CDFL;INVT;0;UN;0;UN;16,80;BRL;1;690.985,26;2.112;1.407;1
4009371;1;1009535    NANSEN INSTRUMENTOS DE PRECISAO LTD;4600003232;30;WK;K;A16;;27/05/2025;400937;MEDIDOR ELETR 2F 120V 15/120A 2EL BIDIRE;30/05/2025;30/05/2026;MC12501;;;;CDFL;INVT;0;UN;0;UN;100,00;BRL;1;3.230.050,00;12.815;0;1
4009372;2;1009535    NANSEN INSTRUMENTOS DE PRECISAO LTD;4600003232;50;WK;K;A16;;27/05/2025;400937;MED EL 2E 3F 120V 120A GD B;30/05/2025;30/05/2026;MC12501;;;;CDFL;INVT;0;UN;0;UN;100,00;BRL;1;3.230.050,00;4.889;0;1
4014211;1;1007593    MACLEAN POWER SYSTEMS DO BRASIL LTD;4600003028;190;WK;K;A03;;20/02/2025;401421;ALCA PREFORM SERV CA 16MM2 305MM;21/02/2025;30/05/2026;MC11001;;;;CDFL;INVT;0;UN;0;UN;1,10;BRL;1;690.985,26;40;40;1
4014351;1;1007593    MACLEAN POWER SYSTEMS DO BRASIL LTD;4600003028;30;WK;K;A03;;20/02/2025;401435;ALCA PREFORM CA/CAA 2AWG 6/1P 2AWG 625MM;21/02/2025;30/05/2026;MC11001;;;;CDFL;INVT;0;UN;0;UN;3,54;BRL;1;690.985,26;8.827;5.827;1
4017531;1;1007593    MACLEAN POWER SYSTEMS DO BRASIL LTD;4600003028;70;WK;K;A03;;20/02/2025;401753;ALCA PREFORM DIST CAA/CA 1/0AWG 50MM2;21/02/2025;30/05/2026;MC11001;;;;CDFL;INVT;0;UN;0;UN;5,18;BRL;1;690.985,26;6.423;1.751;1
4025921;1;1008595    WASION DA AMAZONIA INDUSTRIA DE INS;4600003228;10;WK;K;A16;;26/05/2025;402592;MEDIDOR ELETR 3F 3EL 120V 15/120A MD;30/05/2025;30/05/2026;MC12501;;;;CDFL;INVT;0;UN;0;UN;122,00;BRL;1;1.500.966,00;3.797;0;1
4025922;2;1008595    WASION DA AMAZONIA INDUSTRIA DE INS;4600003228;20;WK;K;A16;;26/05/2025;402592;MEDIDOR ELETR 3F 3EL 120V 15/120A MD;30/05/2025;30/05/2026;MC12501;;;;CDFL;INVT;0;UN;0;UN;122,00;BRL;1;1.500.966,00;4.100;0;1
4025923;3;1008595    WASION DA AMAZONIA INDUSTRIA DE INS;4600003228;30;WK;K;A16;;26/05/2025;402592;MED EL 3E 4F 120V 120A GD B;30/05/2025;30/05/2026;MC12501;;;;CDFL;INVT;0;UN;0;UN;122,00;BRL;1;1.500.966,00;2.759;0;1
4025924;4;1008595    WASION DA AMAZONIA INDUSTRIA DE INS;4600003228;40;WK;K;A16;;26/05/2025;402592;MED EL 3E 4F 120V 120A GD B;30/05/2025;30/05/2026;MC12501;;;;CDFL;INVT;0;UN;0;UN;122,00;BRL;1;1.500.966,00;1.647;0;1
4028241;1;1009535    NANSEN INSTRUMENTOS DE PRECISAO LTD;4600003232;20;WK;K;A16;;27/05/2025;402824;MEDIDOR ELETR 1F 120V URBANO;30/05/2025;30/05/2026;MC12501;;;;CDFL;INVT;0;UN;0;UN;60,00;BRL;1;3.230.050,00;7.564;0;1
4028242;2;1009535    NANSEN INSTRUMENTOS DE PRECISAO LTD;4600003232;40;WK;K;A16;;27/05/2025;402824;MED EL 1E 2F 120V 100A GD B;30/05/2025;30/05/2026;MC12501;;;;CDFL;INVT;0;UN;0;UN;60,00;BRL;1;3.230.050,00;11.605;0;1
4035621;1;1009535    NANSEN INSTRUMENTOS DE PRECISAO LTD;4600003232;10;WK;K;A16;;27/05/2025;403562;MEDIDOR ELETR 1F 3 FIOS 240V 15/100A RUR;30/05/2025;30/05/2026;MC12501;;;;CDFL;INVT;0;UN;0;UN;90,00;BRL;1;3.230.050,00;39;39;1
4035931;1;1007593    MACLEAN POWER SYSTEMS DO BRASIL LTD;4600003028;170;WK;K;A03;;20/02/2025;403593;ALCA PREFORM CABO CONC 3X70 + 50;21/02/2025;30/05/2026;MC11001;;;;CDFL;INVT;0;UN;0;UN;12,60;BRL;1;690.985,26;94;0;1
4036471;1;1007593    MACLEAN POWER SYSTEMS DO BRASIL LTD;4600003028;180;WK;K;A03;;20/02/2025;403647;ALCA PREFORM CABO CONC 3X95 +70;21/02/2025;30/05/2026;MC11001;;;;CDFL;INVT;0;UN;0;UN;17,80;BRL;1;690.985,26;825;0;1
4038041;1;1007593    MACLEAN POWER SYSTEMS DO BRASIL LTD;4600003028;140;WK;K;A03;;20/02/2025;403804;ALCA PREFORM 6,4MM 1/4P AM 635MM;21/02/2025;30/05/2026;MC11001;;;;CDFL;INVT;0;UN;0;UN;4,50;BRL;1;690.985,26;288;0;1
4038301;1;1007593    MACLEAN POWER SYSTEMS DO BRASIL LTD;4600003028;160;WK;K;A03;;20/02/2025;403830;ALCA PREFORM CABO CONC 3X50 + 50;21/02/2025;30/05/2026;MC11001;;;;CDFL;INVT;0;UN;0;UN;11,20;BRL;170;690.985,26;170;0;1
4068591;1;1007593    MACLEAN POWER SYSTEMS DO BRASIL LTD;4600003028;10;WK;K;A03;;20/02/2025;406859;ALCA PREFORM 70MM2;21/02/2025;30/05/2026;MC00901;;;;CDFL;INVT;0;PEÇ;0;PEÇ;5,90;BRL;1;690.985,26;456;188;1
8002281;1;1007593    MACLEAN POWER SYSTEMS DO BRASIL LTD;4600003028;80;WK;K;A03;;20/02/2025;800228;ALCA PREFORM DIST CAA/CA 1/0AWG 50MM2;21/02/2025;30/05/2026;MC11001;;;;CDFL;CUST;0;UN;0;UN;5,18;BRL;1;690.985,26;6.805;3.470;1
8003371;1;1007593    MACLEAN POWER SYSTEMS DO BRASIL LTD;4600003028;200;WK;K;A03;;20/02/2025;800337;EMENDA PREF COND AL 4/0AWG AM 1295MM;21/02/2025;30/05/2026;MC11001;;;;CDFL;CUST;0;UN;0;UN;37,70;BRL;1;690.985,26;222;0;1
8006231;1;1007593    MACLEAN POWER SYSTEMS DO BRASIL LTD;4600003028;350;WK;K;A03;;20/02/2025;800623;LACO PLAST TOP ISOL 57MM CAB 120 MM 15KV;21/02/2025;30/05/2026;MC11001;;;;CDFL;CUST;0;UN;0;UN;17,00;BRL;1;690.985,26;5.518;4.018;1
8007941;1;1007593    MACLEAN POWER SYSTEMS DO BRASIL LTD;4600003028;20;WK;K;A03;;20/02/2025;800794;ALCA PREFORM CA/CAA 2AWG 6/1P 2AWG 625MM;21/02/2025;30/05/2026;MC11001;;;;CDFL;CUST;0;UN;0;UN;3,54;BRL;1;690.985,26;40;0;1
8008081;1;1007593    MACLEAN POWER SYSTEMS DO BRASIL LTD;4600003028;90;WK;K;A03;;20/02/2025;800808;ALCA PREFORM DIST CAA/CA 2/0AWG 70MM2;21/02/2025;30/05/2026;MC11001;;;;CDFL;CUST;0;UN;0;UN;5,58;BRL;1;690.985,26;5.927;1.800;1
8008421;1;1007593    MACLEAN POWER SYSTEMS DO BRASIL LTD;4600003028;130;WK;K;A03;;20/02/2025;800842;ALCA PREFORM ESTAI 3/8P 9,5MM 889MM;21/02/2025;30/05/2026;MC11001;;;;CDFL;CUST;0;UN;0;UN;9,80;BRL;1;690.985,26;2.891;1.158;1
8008971;1;1007593    MACLEAN POWER SYSTEMS DO BRASIL LTD;4600003028;40;WK;K;A03;;20/02/2025;800897;ALCA PREFORM 6,4MM 1/4P AM 1219MM;21/02/2025;30/05/2026;MC11001;;;;CDFL;CUST;0;UN;0;UN;4,50;BRL;1;690.985,26;108;0;1
8009171;1;1007593    MACLEAN POWER SYSTEMS DO BRASIL LTD;4600003028;370;WK;K;A03;;20/02/2025;800917;LACO PREF CA 2AWG PESC 57MM PURPURA;21/02/2025;30/05/2026;MC11001;;;;CDFL;CUST;0;UN;0;UN;2,75;BRL;1;690.985,26;1.612;0;1
8011991;1;1007593    MACLEAN POWER SYSTEMS DO BRASIL LTD;4600003028;50;WK;K;A03;;20/02/2025;801199;ALCA PREFORM DIST 4/0 AWG 120MM2;21/02/2025;30/05/2026;MC11001;;;;CDFL;CUST;0;UN;0;UN;11,30;BRL;1;690.985,26;2.543;0;1
8012721;1;1007593    MACLEAN POWER SYSTEMS DO BRASIL LTD;4600003028;110;WK;K;A03;;20/02/2025;801272;ALCA PREFORM DIST 2AWG 33,63MM2 660MM;21/02/2025;30/05/2026;MC11001;;;;CDFL;CUST;0;UN;0;UN;3,54;BRL;1;690.985,26;679;0;1
8024051;1;1007593    MACLEAN POWER SYSTEMS DO BRASIL LTD;4600003028;150;WK;K;A03;;20/02/2025;802405;ALCA PREFORM 6,4MM 1/4P AM 635MM;21/02/2025;30/05/2026;MC11001;;;;CDFL;CUST;0;UN;0;UN;4,50;BRL;1;690.985,26;4.209;0;1
8033671;1;1007593    MACLEAN POWER SYSTEMS DO BRASIL LTD;4600003028;250;WK;K;A03;;20/02/2025;803367;EMENDA PREF COND AL 2/0 AWG 1016MM;21/02/2025;30/05/2026;MC10701;;;;CDFL;CUST;0;UN;0;UN;19,70;BRL;1;690.985,26;76;0;1
8033681;1;1007593    MACLEAN POWER SYSTEMS DO BRASIL LTD;4600003028;320;WK;K;A03;;20/02/2025;803368;EMENDA PREF COND AL 1/0 AWG 965MM;21/02/2025;30/05/2026;MC10701;;;;CDFL;CUST;0;UN;0;UN;16,80;BRL;1;690.985,26;77;0;1
8035071;1;1007593    MACLEAN POWER SYSTEMS DO BRASIL LTD;4600003028;270;WK;K;A03;;20/02/2025;803507;EMENDA PREF AC 5/16 1067MM;21/02/2025;30/05/2026;MC11001;;;;CDFL;CUST;0;UN;0;UN;11,00;BRL;1;690.985,26;20;20;1
8035081;1;1007593    MACLEAN POWER SYSTEMS DO BRASIL LTD;4600003028;230;WK;K;A03;;20/02/2025;803508;EMENDA PRE-FORMADA AL 477MCM HAWK;21/02/2025;30/05/2026;MC11001;;;;CDFL;CUST;0;UN;0;UN;160,00;BRL;1;690.985,26;40;24;1
8041281;1;1007593    MACLEAN POWER SYSTEMS DO BRASIL LTD;4600003028;240;WK;K;A03;;20/02/2025;804128;EMENDA PREF COND 266MCM PARTRIDGE;21/02/2025;30/05/2026;MC11001;;;;CDFL;CUST;0;UN;0;UN;51,80;BRL;1;690.985,26;40;24;1
8042661;1;1007593    MACLEAN POWER SYSTEMS DO BRASIL LTD;4600003028;280;WK;K;A03;;20/02/2025;804266;EMENDA TOTAL PREFORMADA CABO 795MCM TERN;21/02/2025;30/05/2026;MC11001;;;;CDFL;CUST;0;UN;0;UN;415,00;BRL;1;690.985,26;30;18;1
8044921;1;1007593    MACLEAN POWER SYSTEMS DO BRASIL LTD;4600003028;300;WK;K;A03;;20/02/2025;804492;EMENDA TOTAL PREFORMADA CABO 4.0 PENGUIN;21/02/2025;30/05/2026;MC10401;;;;CDFL;CUST;0;UN;0;UN;58,00;BRL;1;690.985,26;50;30;1
8044931;1;1007593    MACLEAN POWER SYSTEMS DO BRASIL LTD;4600003028;310;WK;K;A03;;20/02/2025;804493;EMENDA TOTAL PREFORMADA CABO 477 HAWK;21/02/2025;30/05/2026;MC10401;;;;CDFL;CUST;0;UN;0;UN;220,00;BRL;1;690.985,26;40;24;1
8044941;1;1007593    MACLEAN POWER SYSTEMS DO BRASIL LTD;4600003028;290;WK;K;A03;;20/02/2025;804494;EMENDA TOTAL PREFORMADA CABO 266,8 PARTR;21/02/2025;30/05/2026;MC10401;;;;CDFL;CUST;0;UN;0;UN;95,00;BRL;1;690.985,26;40;24;1
8052651;1;1007593    MACLEAN POWER SYSTEMS DO BRASIL LTD;4600003028;220;WK;K;A03;;20/02/2025;805265;EMENDA PREFORMADA CONDUTORA PARA CABO 79;21/02/2025;30/05/2026;MC10001;;;;CDFL;CUST;0;UN;0;UN;218,00;BRL;1;690.985,26;30;18;1
4092401;1;1026915    MEGGER BRASIL LTDA;4600003452;10;MK;K;A13;;09/12/2025;409240;OSCILOGRAFO;09/12/2025;09/06/2026;MC20801;;;;CDFL;INVT;0;UN;0;UN;155.690,37;BRL;1;155.690,37;1;0;1
4016781;1;1007548    ZILMER INELTEC CONSTRUCOES ELETRICA;4600003225;10;WK;K;A12;;26/05/2025;401678;TRAFO POT 1F 13,8 3KV 115V 70-1 0,3P75;17/06/2025;17/06/2026;MC22102;;;;CDFL;INVT;0;UN;0;UN;2.200,00;BRL;1;492.900,00;46;0;1
4016782;2;1007548    ZILMER INELTEC CONSTRUCOES ELETRICA;4600003225;30;WK;K;A12;;26/05/2025;401678;TRAFO POT 1F 13,8 3KV 115V 70-1 0,3P75;17/06/2025;17/06/2026;MC22102;;;;CDFL;INVT;0;UN;0;UN;2.200,00;BRL;1;492.900,00;160;0;1
4097931;1;1007548    ZILMER INELTEC CONSTRUCOES ELETRICA;4600003225;20;WK;K;A12;;26/05/2025;409793;TRAFO POTENCIAL 13,8KV/RAIZ3-115V/0,3P75;17/06/2025;17/06/2026;MC22102;;;;CDFL;INVT;0;UN;0;UN;3.750,00;BRL;1;492.900,00;10;0;1
4099741;1;1004735    HITACHI ENERGY BRASIL LTDA;4600003335;10;WK;K;A12;;18/08/2025;409974;UNIDADE PROT DIFERENC LINHA RED 670;18/08/2025;19/06/2026;MC21601;;;;CDFL;INVT;0;UN;0;UN;81.282,15;BRL;1;132.596,70;1;0;1
4017911;1;1003953    CONDUMAX - ELETRO METALURGICA CIAFU;4600003262;10;WK;K;A02;;18/06/2025;401791;CABO AL CONCENTRICO 1F 1X10+10MM2;24/06/2025;24/06/2026;MC10101;;;;CDFL;INVT;0;M;0;M;3,86;BRL;1;24.913.182,38;281.736;59.702;1
4035791;1;1003953    CONDUMAX - ELETRO METALURGICA CIAFU;4600003262;60;WK;K;A02;;18/06/2025;403579;CABO AL CONCENTRICO 3F 3X35+35MM2;24/06/2025;24/06/2026;MC10101;;;;CDFL;INVT;0;M;0;M;34,43;BRL;1;24.913.182,38;26.719;0;1
4036421;1;1003953    CONDUMAX - ELETRO METALURGICA CIAFU;4600003262;30;WK;K;A02;;18/06/2025;403642;CABO AL CONCENTRICO 2F 2X16+16MM2;24/06/2025;24/06/2026;MC10101;;;;CDFL;INVT;0;M;0;M;13,38;BRL;1;24.913.182,38;746.773;310.951;1
4036561;1;1003953    CONDUMAX - ELETRO METALURGICA CIAFU;4600003262;50;WK;K;A02;;18/06/2025;403656;CABO AL CONCENTRICO 3F 3X25+25MM2;24/06/2025;24/06/2026;MC10101;;;;CDFL;INVT;0;M;0;M;22,16;BRL;1;24.913.182,38;86.413;13;1
4036631;1;1003953    CONDUMAX - ELETRO METALURGICA CIAFU;4600003262;80;WK;K;A02;;18/06/2025;403663;CABO CONCENTRICO 3X70+70 COBRE;24/06/2025;24/06/2026;MC10101;;;;CDFL;INVT;0;M;0;M;285,18;BRL;1;24.913.182,38;585;1;1
4036931;1;1003953    CONDUMAX - ELETRO METALURGICA CIAFU;4600003262;70;WK;K;A02;;18/06/2025;403693;CABO CONCENTRICO 3X35+35 COBRE;24/06/2025;24/06/2026;MC10101;;;;CDFL;INVT;0;M;0;M;160,05;BRL;1;24.913.182,38;1.306;25;1
4038431;1;1003953    CONDUMAX - ELETRO METALURGICA CIAFU;4600003262;40;WK;K;A02;;18/06/2025;403843;CABO AL CONCENTRICO 3F 3X16+16MM2;24/06/2025;24/06/2026;MC10101;;;;CDFL;INVT;0;M;0;M;13,30;BRL;1;24.913.182,38;26.611;23;1
4038432;2;1003953    CONDUMAX - ELETRO METALURGICA CIAFU;4600003262;100;WK;K;A02;;18/06/2025;403843;CABO AL CONCENTRICO 3F 3X16+16MM2;24/06/2025;24/06/2026;MC10101;;;;CDFL;INVT;0;M;0;M;13,30;BRL;1;24.913.182,38;16.663;0;1
4040091;1;1003953    CONDUMAX - ELETRO METALURGICA CIAFU;4600003262;20;WK;K;A02;;18/06/2025;404009;CABO AL CONCENTRICO 1F 1x16+16MM2;24/06/2025;24/06/2026;MC10101;;;;CDFL;INVT;0;M;0;M;5,13;BRL;1;24.913.182,38;213.613;628;1
4040092;2;1003953    CONDUMAX - ELETRO METALURGICA CIAFU;4600003262;90;WK;K;A02;;18/06/2025;404009;CABO AL CONCENTRICO 1F 1x16+16MM2;24/06/2025;24/06/2026;MC10101;;;;CDFL;INVT;0;M;0;M;5,13;BRL;1;24.913.182,38;44.258;0;1
4040093;3;1003953    CONDUMAX - ELETRO METALURGICA CIAFU;4600003262;110;WK;K;A02;;18/06/2025;404009;CABO AL CONCENTRICO 1F 1x16+16MM2;24/06/2025;24/06/2026;MC10101;;;;CDFL;INVT;0;M;0;M;4,77;BRL;1;24.913.182,38;43.050;0;1
4041591;1;1012848    SERTA TRANSFORMADORES IND. COM. IMP;4600003141;10;WK;K;A01;;10/04/2025;404159;"CONJ MEDICAO 15KV; 70:1; 5-5A; USO EXT";26/06/2025;26/06/2026;MC22104;;;;CDFL;INVT;0;UN;0;UN;30.750,00;BRL;1;23.884.574,91;87;47;1
4041592;2;1012848    SERTA TRANSFORMADORES IND. COM. IMP;4600003141;280;WK;K;A01;;10/04/2025;404159;"CONJ MEDICAO 15KV; 70:1; 5-5A; USO EXT";26/06/2025;26/06/2026;MC22104;;;;CDFL;INVT;0;UN;0;UN;30.500,00;BRL;1;23.884.574,91;45;0;1
4041601;1;1012848    SERTA TRANSFORMADORES IND. COM. IMP;4600003141;20;WK;K;A01;;10/04/2025;404160;"CONJ MEDICAO 15KV; 70:1; 10-5A; USO EXT";26/06/2025;26/06/2026;MC22104;;;;CDFL;INVT;0;UN;0;UN;30.750,00;BRL;1;23.884.574,91;169;73;1
4041602;2;1012848    SERTA TRANSFORMADORES IND. COM. IMP;4600003141;150;WK;K;A01;;10/04/2025;404160;"CONJ MEDICAO 15KV; 70:1; 10-5A; USO EXT";26/06/2025;26/06/2026;MC22104;;;;CDFL;INVT;0;UN;0;UN;30.500,00;BRL;1;23.884.574,91;30;0;1
4041603;3;1012848    SERTA TRANSFORMADORES IND. COM. IMP;4600003141;290;WK;K;A01;;10/04/2025;404160;"CONJ MEDICAO 15KV; 70:1; 10-5A; USO EXT";26/06/2025;26/06/2026;MC22104;;;;CDFL;INVT;0;UN;0;UN;30.500,00;BRL;1;23.884.574,91;43;0;1
4041611;1;1012848    SERTA TRANSFORMADORES IND. COM. IMP;4600003141;30;WK;K;A01;;10/04/2025;404161;"CONJ MEDICAO 15KV; 70:1; 15-5A; USO EXT";26/06/2025;26/06/2026;MC22104;;;;CDFL;INVT;0;UN;0;UN;30.750,00;BRL;1;23.884.574,91;67;46;1
4041612;2;1012848    SERTA TRANSFORMADORES IND. COM. IMP;4600003141;160;WK;K;A01;;10/04/2025;404161;"CONJ MEDICAO 15KV; 70:1; 15-5A; USO EXT";26/06/2025;26/06/2026;MC22104;;;;CDFL;INVT;0;UN;0;UN;30.500,00;BRL;1;23.884.574,91;30;22;1
4041613;3;1012848    SERTA TRANSFORMADORES IND. COM. IMP;4600003141;220;WK;K;A01;;10/04/2025;404161;"CONJ MEDICAO 15KV; 70:1; 15-5A; USO EXT";26/06/2025;26/06/2026;MC22104;;;;CDFL;INVT;0;UN;0;UN;30.500,00;BRL;1;23.884.574,91;27;0;1
4041621;1;1012848    SERTA TRANSFORMADORES IND. COM. IMP;4600003141;40;WK;K;A01;;10/04/2025;404162;"CONJ MEDICAO 15KV; 70:1; 20-5A; USO EXT";26/06/2025;26/06/2026;MC22104;;;;CDFL;INVT;0;UN;0;UN;30.750,00;BRL;1;23.884.574,91;81;45;1
4041622;2;1012848    SERTA TRANSFORMADORES IND. COM. IMP;4600003141;170;WK;K;A01;;10/04/2025;404162;"CONJ MEDICAO 15KV; 70:1; 20-5A; USO EXT";26/06/2025;26/06/2026;MC22104;;;;CDFL;INVT;0;UN;0;UN;30.500,00;BRL;1;23.884.574,91;5;0;1
4041623;3;1012848    SERTA TRANSFORMADORES IND. COM. IMP;4600003141;320;WK;K;A01;;10/04/2025;404162;"CONJ MEDICAO 15KV; 70:1; 20-5A; USO EXT";26/06/2025;26/06/2026;MC22104;;;;CDFL;INVT;0;UN;0;UN;30.500,00;BRL;1;23.884.574,91;24;0;1
4041641;1;1012848    SERTA TRANSFORMADORES IND. COM. IMP;4600003141;50;WK;K;A01;;10/04/2025;404164;"CONJ MEDICAO 15KV; 70:1; 30-5A; USO EXT";26/06/2025;26/06/2026;MC22104;;;;CDFL;INVT;0;UN;0;UN;30.750,00;BRL;1;23.884.574,91;57;42;1
4041642;2;1012848    SERTA TRANSFORMADORES IND. COM. IMP;4600003141;180;WK;K;A01;;10/04/2025;404164;"CONJ MEDICAO 15KV; 70:1; 30-5A; USO EXT";26/06/2025;26/06/2026;MC22104;;;;CDFL;INVT;0;UN;0;UN;30.500,00;BRL;1;23.884.574,91;2;0;1
4041643;3;1012848    SERTA TRANSFORMADORES IND. COM. IMP;4600003141;230;WK;K;A01;;10/04/2025;404164;"CONJ MEDICAO 15KV; 70:1; 30-5A; USO EXT";26/06/2025;26/06/2026;MC22104;;;;CDFL;INVT;0;UN;0;UN;30.500,00;BRL;1;23.884.574,91;9;0;1
4041651;1;1012848    SERTA TRANSFORMADORES IND. COM. IMP;4600003141;60;WK;K;A01;;10/04/2025;404165;"CONJ MEDICAO 15KV; 70:1; 40-5A; USO EXT";26/06/2025;26/06/2026;MC22104;;;;CDFL;INVT;0;UN;0;UN;30.750,00;BRL;1;23.884.574,91;48;48;1
4041652;2;1012848    SERTA TRANSFORMADORES IND. COM. IMP;4600003141;190;WK;K;A01;;10/04/2025;404165;"CONJ MEDICAO 15KV; 70:1; 40-5A; USO EXT";26/06/2025;26/06/2026;MC22104;;;;CDFL;INVT;0;UN;0;UN;30.500,00;BRL;1;23.884.574,91;5;0;1
4041661;1;1012848    SERTA TRANSFORMADORES IND. COM. IMP;4600003141;70;WK;K;A01;;10/04/2025;404166;"CONJ MEDICAO 15KV; 70:1; 50-5A; USO EXT";26/06/2025;26/06/2026;MC22104;;;;CDFL;INVT;0;UN;0;UN;30.750,00;BRL;1;23.884.574,91;86;56;1
4041662;2;1012848    SERTA TRANSFORMADORES IND. COM. IMP;4600003141;300;WK;K;A01;;10/04/2025;404166;"CONJ MEDICAO 15KV; 70:1; 50-5A; USO EXT";26/06/2025;26/06/2026;MC22104;;;;CDFL;INVT;0;UN;0;UN;30.500,00;BRL;1;23.884.574,91;15;0;1
4041671;1;1012848    SERTA TRANSFORMADORES IND. COM. IMP;4600003141;90;WK;K;A01;;10/04/2025;404167;"CONJ MEDICAO 15KV; 70:1; 75-5A; USO EXT";26/06/2025;26/06/2026;MC22104;;;;CDFL;INVT;0;UN;0;UN;30.750,00;BRL;1;23.884.574,91;42;20;1
4041672;2;1012848    SERTA TRANSFORMADORES IND. COM. IMP;4600003141;310;WK;K;A01;;10/04/2025;404167;"CONJ MEDICAO 15KV; 70:1; 75-5A; USO EXT";26/06/2025;26/06/2026;MC22104;;;;CDFL;INVT;0;UN;0;UN;30.500,00;BRL;1;23.884.574,91;20;0;1
4041681;1;1012848    SERTA TRANSFORMADORES IND. COM. IMP;4600003141;80;WK;K;A01;;10/04/2025;404168;"CONJ MEDICAO 15KV; 70:1; 60-5A; USO EXT";26/06/2025;26/06/2026;MC22104;;;;CDFL;INVT;0;UN;0;UN;30.750,00;BRL;1;23.884.574,91;36;36;1
4041682;2;1012848    SERTA TRANSFORMADORES IND. COM. IMP;4600003141;200;WK;K;A01;;10/04/2025;404168;"CONJ MEDICAO 15KV; 70:1; 60-5A; USO EXT";26/06/2025;26/06/2026;MC22104;;;;CDFL;INVT;0;UN;0;UN;30.500,00;BRL;1;23.884.574,91;1;0;1
4041691;1;1012848    SERTA TRANSFORMADORES IND. COM. IMP;4600003141;110;WK;K;A01;;10/04/2025;404169;"CONJ MEDICAO 15KV; 70:1; 150-5A; USO EXT";26/06/2025;26/06/2026;MC22104;;;;CDFL;INVT;0;UN;0;UN;30.750,00;BRL;1;23.884.574,91;19;10;1
4041692;2;1012848    SERTA TRANSFORMADORES IND. COM. IMP;4600003141;240;WK;K;A01;;10/04/2025;404169;"CONJ MEDICAO 15KV; 70:1; 150-5A; USO EXT";26/06/2025;26/06/2026;MC22104;;;;CDFL;INVT;0;UN;0;UN;30.500,00;BRL;1;23.884.574,91;10;0;1
4041701;1;1012848    SERTA TRANSFORMADORES IND. COM. IMP;4600003141;120;WK;K;A01;;10/04/2025;404170;"CONJ MEDICAO 15KV; 70:1; 200-5A; USO EXT";26/06/2025;26/06/2026;MC22104;;;;CDFL;INVT;0;UN;0;UN;30.750,00;BRL;1;23.884.574,91;44;38;1
4041702;2;1012848    SERTA TRANSFORMADORES IND. COM. IMP;4600003141;250;WK;K;A01;;10/04/2025;404170;"CONJ MEDICAO 15KV; 70:1; 200-5A; USO EXT";26/06/2025;26/06/2026;MC22104;;;;CDFL;INVT;0;UN;0;UN;30.500,00;BRL;1;23.884.574,91;4;0;1
4041711;1;1012848    SERTA TRANSFORMADORES IND. COM. IMP;4600003141;130;WK;K;A01;;10/04/2025;404171;"CONJ MEDICAO 15KV; 70:1; 300-5A; USO EXT";26/06/2025;26/06/2026;MC22104;;;;CDFL;INVT;0;UN;0;UN;32.300,00;BRL;1;23.884.574,91;3;2;1
4041712;2;1012848    SERTA TRANSFORMADORES IND. COM. IMP;4600003141;260;WK;K;A01;;10/04/2025;404171;"CONJ MEDICAO 15KV; 70:1; 300-5A; USO EXT";26/06/2025;26/06/2026;MC22104;;;;CDFL;INVT;0;UN;0;UN;32.000,00;BRL;1;23.884.574,91;2;0;1
4041721;1;1012848    SERTA TRANSFORMADORES IND. COM. IMP;4600003141;100;WK;K;A01;;10/04/2025;404172;"CONJ MEDICAO 15KV; 70:1; 100-5A; USO EXT";26/06/2025;26/06/2026;MC22104;;;;CDFL;INVT;0;UN;0;UN;30.750,00;BRL;1;23.884.574,91;58;46;1
4041722;2;1012848    SERTA TRANSFORMADORES IND. COM. IMP;4600003141;210;WK;K;A01;;10/04/2025;404172;"CONJ MEDICAO 15KV; 70:1; 100-5A; USO EXT";26/06/2025;26/06/2026;MC22104;;;;CDFL;INVT;0;UN;0;UN;30.500,00;BRL;1;23.884.574,91;1;0;1
4041723;3;1012848    SERTA TRANSFORMADORES IND. COM. IMP;4600003141;270;WK;K;A01;;10/04/2025;404172;"CONJ MEDICAO 15KV; 70:1; 100-5A; USO EXT";26/06/2025;26/06/2026;MC22104;;;;CDFL;INVT;0;UN;0;UN;30.500,00;BRL;1;23.884.574,91;11;0;1
4097371;1;1012848    SERTA TRANSFORMADORES IND. COM. IMP;4600003141;140;WK;K;A01;;10/04/2025;409737;"CONJ MEDICAO 15KV; 70:1; 400-5A; USO EXT";26/06/2025;26/06/2026;MC12503;;;;CDFL;INVT;0;UN;0;UN;32.700,00;BRL;1;23.884.574,91;2;0;1
4098091;1;1009088    VOLGA ENGENHARIA INDUSTRIA E COMERC;4600003051;20;WK;K;A12;;10/03/2025;409809;DJ 3P 17,5KV 2500A EXE172525E-BB125M220;03/03/2025;27/06/2026;MC20501;;;;CDFL;INVT;0;UN;0;UN;124.630,75;BRL;1;591.088,70;1;0;1
4098092;2;1009088    VOLGA ENGENHARIA INDUSTRIA E COMERC;4600003051;40;WK;K;A12;;10/03/2025;409809;DJ 3P 17,5KV 2500A EXE172525E-BB125M220;03/03/2025;27/06/2026;MC20501;;;;CDFL;INVT;0;UN;0;UN;124.630,75;BRL;1;591.088,70;1;0;1
4098101;1;1009088    VOLGA ENGENHARIA INDUSTRIA E COMERC;4600003051;10;WK;K;A12;;10/03/2025;409810;DJ 3P 17,5KV 1250A EXE172512E-BB125M220;03/03/2025;27/06/2026;MC20501;;;;CDFL;INVT;0;UN;0;UN;113.942,40;BRL;1;591.088,70;1;0;1
4098102;2;1009088    VOLGA ENGENHARIA INDUSTRIA E COMERC;4600003051;30;WK;K;A12;;10/03/2025;409810;DJ 3P 17,5KV 1250A EXE172512E-BB125M220;03/03/2025;27/06/2026;MC20501;;;;CDFL;INVT;0;UN;0;UN;113.942,40;BRL;1;591.088,70;1;0;1
4098103;3;1009088    VOLGA ENGENHARIA INDUSTRIA E COMERC;4600003051;50;WK;K;A12;;10/03/2025;409810;DJ 3P 17,5KV 1250A EXE172512E-BB125M220;03/03/2025;27/06/2026;MC20501;;;;CDFL;INVT;0;UN;0;UN;113.942,40;BRL;1;591.088,70;1;0;1
4071301;1;1004930    NOJA POWER SWITCHGEAR DO BRASIL EQU;4600003176;10;WK;K;A03;;28/04/2025;407130;RELIGADOR 1F ELETRONICO 15,0KV 200A 6kA;29/04/2025;29/06/2026;MC21701;;;;CDFL;INVT;0;PEÇ;0;PEÇ;11.800,00;BRL;1;188.800,00;16;0;1
4002101;1;1006698    AMAZONPOSTES INDUSTRIA DE ARTEFATOS;4600002571;20;MK;K;A13;;09/04/2024;400210;POSTE CONCRETO TRON CON 13M 1000KGF;17/04/2024;30/06/2026;MC13001;;;;CDFL;INVT;0;UN;0;UN;3.565,22;BRL;1;10.136.860,36;12;0;1
4002241;1;1006698    AMAZONPOSTES INDUSTRIA DE ARTEFATOS;4600002571;30;MK;K;A13;;09/04/2024;400224;POSTE CONC DUPL T 11 M 300 DAN;17/04/2024;30/06/2026;MC13001;;;;CDFL;INVT;0;UN;0;UN;1.530,00;BRL;1;10.136.860,36;1.213;0;1
4009951;1;1006698    AMAZONPOSTES INDUSTRIA DE ARTEFATOS;4600002571;100;MK;K;A13;;09/04/2024;400995;POSTE CONCRETO DUPLO T 9M 1000DAN;17/04/2024;30/06/2026;MC13001;;;;CDFL;INVT;0;UN;0;UN;1.757,15;BRL;1;10.136.860,36;26;0;1
4009952;2;1006698    AMAZONPOSTES INDUSTRIA DE ARTEFATOS;4600002571;330;MK;K;A13;;09/04/2024;400995;POSTE CONCRETO DUPLO T 9M 1000DAN;17/04/2024;30/06/2026;MC13001;;;;CDFL;INVT;0;UN;0;UN;1.757,15;BRL;1;10.136.860,36;32;0;1
4011271;1;1006698    AMAZONPOSTES INDUSTRIA DE ARTEFATOS;4600002571;40;MK;K;A13;;09/04/2024;401127;POSTE CONCRETO ARM DUPL T 11M 600KGF;17/04/2024;30/06/2026;MC13001;;;;CDFL;INVT;0;UN;0;UN;1.930,00;BRL;1;10.136.860,36;1.746;0;1
4012961;1;1006698    AMAZONPOSTES INDUSTRIA DE ARTEFATOS;4600002571;60;MK;K;A13;;09/04/2024;401296;POSTE CONCRETO TRON CON 11M 600KGF;17/04/2024;30/06/2026;MC13001;;;;CDFL;INVT;0;UN;0;UN;2.220,41;BRL;1;10.136.860,36;100;0;1
4012962;2;1006698    AMAZONPOSTES INDUSTRIA DE ARTEFATOS;4600002571;350;MK;K;A13;;09/04/2024;401296;POSTE CONCRETO TRON CON 11M 600KGF;17/04/2024;30/06/2026;MC13001;;;;CDFL;INVT;0;UN;0;UN;2.220,41;BRL;1;10.136.860,36;241;0;1
4013341;1;1006698    AMAZONPOSTES INDUSTRIA DE ARTEFATOS;4600002571;140;MK;K;A13;;09/04/2024;401334;POSTE CONC ARM DUPL T 15M 600DAN;17/04/2024;30/06/2026;MC13001;;;;CDFL;INVT;0;UN;0;UN;2.789,46;BRL;1;10.136.860,36;13;13;1
4013491;1;1006698    AMAZONPOSTES INDUSTRIA DE ARTEFATOS;4600002571;10;MK;K;A13;;09/04/2024;401349;POSTE CONCRETO CIRC 11M 1000DAN;17/04/2024;30/06/2026;MC13001;;;;CDFL;INVT;0;UN;0;UN;3.614,07;BRL;1;10.136.860,36;75;0;1
4013492;2;1006698    AMAZONPOSTES INDUSTRIA DE ARTEFATOS;4600002571;310;MK;K;A13;;09/04/2024;401349;POSTE CONCRETO CIRC 11M 1000DAN;17/04/2024;30/06/2026;MC13001;;;;CDFL;INVT;0;UN;0;UN;3.614,07;BRL;1;10.136.860,36;105;0;1
4019691;1;1006698    AMAZONPOSTES INDUSTRIA DE ARTEFATOS;4600002571;130;MK;K;A13;;09/04/2024;401969;POSTE CONCRETO DUPLO T 15M 1000DAN;17/04/2024;30/06/2026;MC13001;;;;CDFL;INVT;0;UN;0;UN;3.947,38;BRL;1;10.136.860,36;6;0;1
4020981;1;1006698    AMAZONPOSTES INDUSTRIA DE ARTEFATOS;4600002571;110;MK;K;A13;;09/04/2024;402098;POSTE CONCRETO DUPLO T 13M 1000DAN;17/04/2024;30/06/2026;MC13001;;;;CDFL;INVT;0;UN;0;UN;2.985,90;BRL;1;10.136.860,36;26;0;1
4020982;2;1006698    AMAZONPOSTES INDUSTRIA DE ARTEFATOS;4600002571;320;MK;K;A13;;09/04/2024;402098;POSTE CONCRETO DUPLO T 13M 1000DAN;17/04/2024;30/06/2026;MC13001;;;;CDFL;INVT;0;UN;0;UN;2.985,90;BRL;1;10.136.860,36;28;0;1
4021881;1;1006698    AMAZONPOSTES INDUSTRIA DE ARTEFATOS;4600002571;90;MK;K;A13;;09/04/2024;402188;POSTE CONCRETO TRON CON 11M 300KGF;17/04/2024;30/06/2026;MC13001;;;;CDFL;INVT;0;UN;0;UN;1.835,96;BRL;1;10.136.860,36;25;0;1
4021882;2;1006698    AMAZONPOSTES INDUSTRIA DE ARTEFATOS;4600002571;340;MK;K;A13;;09/04/2024;402188;POSTE CONCRETO TRON CON 11M 300KGF;17/04/2024;30/06/2026;MC13001;;;;CDFL;INVT;0;UN;0;UN;1.835,96;BRL;1;10.136.860,36;28;0;1
4025331;1;1006698    AMAZONPOSTES INDUSTRIA DE ARTEFATOS;4600002571;50;MK;K;A13;;09/04/2024;402533;POSTE CONC DUPL T 11/1000;17/04/2024;30/06/2026;MC13001;;;;CDFL;INVT;0;UN;0;UN;2.384,46;BRL;1;10.136.860,36;71;0;1
4025332;2;1006698    AMAZONPOSTES INDUSTRIA DE ARTEFATOS;4600002571;300;MK;K;A13;;09/04/2024;402533;POSTE CONC DUPL T 11/1000;17/04/2024;30/06/2026;MC13001;;;;CDFL;INVT;0;UN;0;UN;2.384,46;BRL;1;10.136.860,36;38;0;1
4026501;1;1006698    AMAZONPOSTES INDUSTRIA DE ARTEFATOS;4600002571;70;MK;K;A13;;09/04/2024;402650;POSTE CONCRETO DUPLO T 9/600;17/04/2024;30/06/2026;MC13001;;;;CDFL;INVT;0;UN;0;UN;1.487,50;BRL;1;10.136.860,36;1.060;0;1
4026502;2;1006698    AMAZONPOSTES INDUSTRIA DE ARTEFATOS;4600002571;360;MK;K;A13;;09/04/2024;402650;POSTE CONCRETO DUPLO T 9 M 600 DAN;17/04/2024;30/06/2026;MC13001;;;;CDFL;INVT;0;UN;0;UN;1.487,50;BRL;1;10.136.860,36;12;0;1
4028471;1;1006698    AMAZONPOSTES INDUSTRIA DE ARTEFATOS;4600002571;80;MK;K;A13;;09/04/2024;402847;POSTE CONC DUPL T 9/300;17/04/2024;30/06/2026;MC13001;;;;CDFL;INVT;0;UN;0;UN;1.100,75;BRL;1;10.136.860,36;1.058;0;1
4033761;1;1006698    AMAZONPOSTES INDUSTRIA DE ARTEFATOS;4600002571;120;MK;K;A13;;09/04/2024;403376;POSTE CONCRETO CIRC 15M 400DAN;17/04/2024;30/06/2026;MC13001;;;;CDFL;INVT;0;UN;0;UN;3.359,23;BRL;1;10.136.860,36;1;0;1
4001521;1;1003382    ELETRA INDUSTRIA E COMERCIO DE MEDI;4600003263;30;WK;K;A16;;18/06/2025;400152;MEDIDOR ELETR 3F A/R 120V 30/200A MD;02/07/2025;02/07/2026;MC12501;;;;CDFL;INVT;0;UN;0;UN;950,80;BRL;1;2.479.652,00;21;10;1
4001522;2;1003382    ELETRA INDUSTRIA E COMERCIO DE MEDI;4600003263;40;WK;K;A16;;18/06/2025;400152;MEDIDOR ELETR 3F A/R 120V 30/200A MD;02/07/2025;02/07/2026;MC12501;;;;CDFL;INVT;0;UN;0;UN;950,80;BRL;1;2.479.652,00;10;0;1
4030771;1;1003382    ELETRA INDUSTRIA E COMERCIO DE MEDI;4600003263;10;WK;K;A16;;18/06/2025;403077;MEDIDOR ELET 3F 120V 15/120A BIDIREC MD;02/07/2025;02/07/2026;MC12501;;;;CDFL;INVT;0;UN;0;UN;502,00;BRL;1;2.479.652,00;517;280;1
4030772;2;1003382    ELETRA INDUSTRIA E COMERCIO DE MEDI;4600003263;50;WK;K;A16;;18/06/2025;403077;MEDIDOR ELET 3F 120V 15/120A BIDIREC MD;02/07/2025;02/07/2026;MC12501;;;;CDFL;INVT;0;UN;0;UN;502,00;BRL;1;2.479.652,00;280;0;1
4033371;1;1003382    ELETRA INDUSTRIA E COMERCIO DE MEDI;4600003263;20;WK;K;A16;;18/06/2025;403337;MEDIDOR ELETR 3F 2EL 120V 30/200A MD;02/07/2025;02/07/2026;MC12501;;;;CDFL;INVT;0;UN;0;UN;950,80;BRL;1;2.479.652,00;2.314;743;1
4033372;2;1003382    ELETRA INDUSTRIA E COMERCIO DE MEDI;4600003263;60;WK;K;A16;;18/06/2025;403337;MEDIDOR ELETR 3F 2EL 120V 30/200A MD;02/07/2025;02/07/2026;MC12501;;;;CDFL;INVT;0;UN;0;UN;950,80;BRL;1;2.479.652,00;743;0;1
4006811;1;1021472    VOLTZ INDUSTRIA E COMERCIO DE MATER;4600002961;90;MK;K;A03;;16/12/2024;400681;ARRUELA QD AC 17,00MM 50,00MM 5,00MM;06/01/2025;06/07/2026;MC01301;;;;CDFL;INVT;0;UN;0;UN;2,85;BRL;1;0,00;1.021;1.021;1
4009741;1;1021472    VOLTZ INDUSTRIA E COMERCIO DE MATER;4600002961;190;MK;K;A03;;16/12/2024;400974;PORCA QUADRADA AC 16MM 2MM;06/01/2025;06/07/2026;MC01301;;;;CDFL;INVT;0;UN;0;UN;2,60;BRL;1;0,00;2.552;2.552;1
4009742;2;1021472    VOLTZ INDUSTRIA E COMERCIO DE MATER;4600002961;250;MK;K;A03;;16/12/2024;400974;PORCA QUADRADA AC 16MM 2MM;06/01/2025;06/07/2026;MC01301;;;;CDFL;INVT;0;UN;0;UN;2,60;BRL;1;0,00;2.552;0;1
4009743;3;1021472    VOLTZ INDUSTRIA E COMERCIO DE MATER;4600002961;290;MK;K;A03;;16/12/2024;400974;PORCA QUADRADA AC 16MM 2MM;06/01/2025;06/07/2026;MC01301;;;;CDFL;INVT;0;UN;0;UN;2,60;BRL;1;0,00;10.750;0;1
4012641;1;1021472    VOLTZ INDUSTRIA E COMERCIO DE MATER;4600002961;160;MK;K;A03;;16/12/2024;401264;PINO ISOLADOR AC 25X294X19MM;06/01/2025;06/07/2026;MC10902;;;;CDFL;INVT;0;UN;0;UN;29,66;BRL;1;0,00;6.769;6.769;1
4012642;2;1021472    VOLTZ INDUSTRIA E COMERCIO DE MATER;4600002961;220;MK;K;A03;;16/12/2024;401264;PINO ISOLADOR AC 25X294X19MM;06/01/2025;06/07/2026;MC10902;;;;CDFL;INVT;0;UN;0;UN;29,66;BRL;1;0,00;6.769;0;1
4019351;1;1021472    VOLTZ INDUSTRIA E COMERCIO DE MATER;4600002961;170;MK;K;A03;;16/12/2024;401935;PINO ISOLADOR POLIMERICO AC 15KV 145MM;06/01/2025;06/07/2026;MC10902;;;;CDFL;INVT;0;UN;0;UN;26,58;BRL;1;0,00;360;360;1
4019352;2;1021472    VOLTZ INDUSTRIA E COMERCIO DE MATER;4600002961;230;MK;K;A03;;16/12/2024;401935;PINO ISOLADOR POLIMERICO AC 15KV 145MM;06/01/2025;06/07/2026;MC10902;;;;CDFL;INVT;0;UN;0;UN;26,58;BRL;1;0,00;360;310;1
4019353;3;1021472    VOLTZ INDUSTRIA E COMERCIO DE MATER;4600002961;270;MK;K;A03;;16/12/2024;401935;PINO ISOLADOR POLIMERICO AC 15KV 145MM;06/01/2025;06/07/2026;MC10902;;;;CDFL;INVT;0;UN;0;UN;26,58;BRL;1;0,00;590;590;1
4023121;1;1021472    VOLTZ INDUSTRIA E COMERCIO DE MATER;4600002961;200;MK;K;A03;;16/12/2024;402312;OLHAL PARAFUSO AC 16MM 5000DAN;06/01/2025;06/07/2026;MC10401;;;;CDFL;INVT;0;UN;0;UN;15,35;BRL;1;0,00;868;868;1
4023122;2;1021472    VOLTZ INDUSTRIA E COMERCIO DE MATER;4600002961;210;MK;K;A03;;16/12/2024;402312;OLHAL PARAFUSO AC 16MM 5000DAN;06/01/2025;06/07/2026;MC10401;;;;CDFL;INVT;0;UN;0;UN;15,35;BRL;1;0,00;868;0;1
4023123;3;1021472    VOLTZ INDUSTRIA E COMERCIO DE MATER;4600002961;260;MK;K;A03;;16/12/2024;402312;OLHAL PARAFUSO AC 16MM 5000DAN;06/01/2025;06/07/2026;MC10401;;;;CDFL;INVT;0;UN;0;UN;15,35;BRL;1;0,00;7.335;0;1
4024011;1;1021472    VOLTZ INDUSTRIA E COMERCIO DE MATER;4600002961;180;MK;K;A03;;16/12/2024;402401;PINO ISOLADOR POLIMERICO AC 15KV 200MM;06/01/2025;06/07/2026;MC10902;;;;CDFL;INVT;0;UN;0;UN;27,63;BRL;1;0,00;671;671;1
4024012;2;1021472    VOLTZ INDUSTRIA E COMERCIO DE MATER;4600002961;240;MK;K;A03;;16/12/2024;402401;PINO ISOLADOR POLIMERICO AC 15KV 200MM;06/01/2025;06/07/2026;MC10902;;;;CDFL;INVT;0;UN;0;UN;27,63;BRL;1;0,00;671;0;1
4024013;3;1021472    VOLTZ INDUSTRIA E COMERCIO DE MATER;4600002961;280;MK;K;A03;;16/12/2024;402401;PINO ISOLADOR POLIMERICO AC 15KV 200MM;06/01/2025;06/07/2026;MC10902;;;;CDFL;INVT;0;UN;0;UN;27,63;BRL;1;0,00;4.606;1.906;1
4033271;1;1003624    POOL ENGENHARIA, SERVICO, INDUSTRIA;4600003153;10;WK;K;A03;;16/04/2025;403327;DISJUNTOR 2P 127/220V 400VCA 32A;06/05/2025;06/07/2026;MC20502;;;;CDFL;INVT;0;UN;0;UN;16,20;BRL;1;253.322,28;657;0;1
4033272;2;1003624    POOL ENGENHARIA, SERVICO, INDUSTRIA;4600003153;50;WK;K;A03;;16/04/2025;403327;DISJUNTOR 2P 127/220V 400VCA 32A;06/05/2025;06/07/2026;MC20502;;;;CDFL;INVT;0;UN;0;UN;16,20;BRL;1;253.322,28;1.500;550;1
4033711;1;1003624    POOL ENGENHARIA, SERVICO, INDUSTRIA;4600003153;20;WK;K;A03;;16/04/2025;403371;DISJUNTOR 3P 127/220V 400VCA 40A;06/05/2025;06/07/2026;MC20502;;;;CDFL;INVT;0;UN;0;UN;24,48;BRL;1;253.322,28;94;0;1
4033712;2;1003624    POOL ENGENHARIA, SERVICO, INDUSTRIA;4600003153;60;WK;K;A03;;16/04/2025;403371;DISJUNTOR 3P 127/220V 400VCA 40A;06/05/2025;06/07/2026;MC20502;;;;CDFL;INVT;0;UN;0;UN;24,48;BRL;1;253.322,28;114;0;1
8005411;1;1021472    VOLTZ INDUSTRIA E COMERCIO DE MATER;4600002961;70;MK;K;A03;;16/12/2024;800541;PORCA QUADRADA AC 16MM 2MM;06/01/2025;06/07/2026;MC01301;;;;CDFL;CUST;0;UN;0;UN;2,60;BRL;1;0,00;13.302;0;1
8010661;1;1021472    VOLTZ INDUSTRIA E COMERCIO DE MATER;4600002961;50;MK;K;A03;;16/12/2024;801066;PINO ISOLADOR POLIMERICO AC 15KV 145MM;06/01/2025;06/07/2026;MC10902;;;;CDFL;CUST;0;UN;0;UN;26,58;BRL;1;0,00;640;640;1
8011641;1;1021472    VOLTZ INDUSTRIA E COMERCIO DE MATER;4600002961;60;MK;K;A03;;16/12/2024;801164;PINO ISOLADOR POLIMERICO AC 15KV 200MM;06/01/2025;06/07/2026;MC10902;;;;CDFL;CUST;0;UN;0;UN;27,63;BRL;1;0,00;5.277;3.359;1
8011861;1;1021472    VOLTZ INDUSTRIA E COMERCIO DE MATER;4600002961;30;MK;K;A03;;16/12/2024;801186;OLHAL PARAFUSO AC 16MM 5000DAN;06/01/2025;06/07/2026;MC10401;;;;CDFL;CUST;0;UN;0;UN;15,35;BRL;1;0,00;8.203;4.308;1
8012171;1;1021472    VOLTZ INDUSTRIA E COMERCIO DE MATER;4600002961;10;MK;K;A03;;16/12/2024;801217;ARRUELA QD AC 17,00MM 50,00MM 5,00MM;06/01/2025;06/07/2026;MC01301;;;;CDFL;CUST;0;UN;0;UN;2,85;BRL;1;0,00;227;227;1
8013131;1;1021472    VOLTZ INDUSTRIA E COMERCIO DE MATER;4600002961;40;MK;K;A03;;16/12/2024;801313;PINO ISOLADOR AC 25X294X19MM;06/01/2025;06/07/2026;MC10902;;;;CDFL;CUST;0;UN;0;UN;29,66;BRL;1;0,00;6.160;0;1
8035121;1;1021472    VOLTZ INDUSTRIA E COMERCIO DE MATER;4600002961;20;MK;K;A03;;16/12/2024;803512;ARRUELA QUAD 55X5MM FURO 21MM.;06/01/2025;06/07/2026;MC01301;;;;CDFL;CUST;0;UN;0;UN;2,85;BRL;1;0,00;250;250;1
8040501;1;1003624    POOL ENGENHARIA, SERVICO, INDUSTRIA;4600003153;30;WK;K;A03;;16/04/2025;804050;DISJUNTOR 2P 127/220V 400VCA 32A;06/05/2025;06/07/2026;MC20503;;;;CDFL;CUST;0;UN;0;UN;16,20;BRL;1;253.322,28;10.464;7.774;1
8048821;1;1003624    POOL ENGENHARIA, SERVICO, INDUSTRIA;4600003153;40;WK;K;A03;;16/04/2025;804882;DISJUNTOR 3P 127/220V 400VCA 40A;06/05/2025;06/07/2026;MC20502;;;;CDFL;CUST;0;UN;0;UN;24,48;BRL;1;253.322,28;1.788;1.088;1
8007171;1;1003137    INCESA INDUSTRIA DE COMPONENTES ELE;4600003556;10;MK;K;GAE;;20/03/2026;800717;GRAMPO LV OLHAL 18MM 10-120/10-70MM2;20/03/2026;07/07/2026;MC12002;;;;CDFL;CUST;0;UN;0;UN;64,40;BRL;1;0,00;997;0;1
4010041;1;1003685    S&C ELECTRIC DO BRASIL LTDA;4600003185;10;WK;K;A03;;07/05/2025;401004;RELIGADOR 1F AUTOMAT 7,96 KV 100A 6,3kA;08/05/2025;08/07/2026;MC21701;;;;CDFL;INVT;0;UN;0;UN;19.886,04;BRL;1;318.176,64;16;0;1
8009591;1;1003412    MAURIZIO  CIA LTDA;4600003042;10;WK;K;A02;;06/03/2025;800959;PORTA-FUSIVEL 15KV 100A;12/03/2025;10/07/2026;MC10801;;;;CDFL;CUST;0;UN;0;UN;95,50;BRL;1;763.777,50;6.117;0;1
8009592;2;1003412    MAURIZIO  CIA LTDA;4600003042;20;WK;K;A02;;06/03/2025;800959;PORTA-FUSIVEL 15KV 100A;12/03/2025;10/07/2026;MC10801;;;;CDFL;CUST;0;UN;0;UN;108,00;BRL;1;763.777,50;1.663;0;1
4021051;1;1020062    CROSSFOX COMERCIO;4600003055;50;WK;K;A16;;11/03/2025;402105;CONECTOR AUTO PERF DU 70-240 / 70-240MM2;13/03/2025;11/07/2026;MC12002;;;;CDFL;INVT;0;UN;0;UN;51,80;BRL;1;1.582.572,00;370;0;1
4047321;1;1020062    CROSSFOX COMERCIO;4600003055;20;WK;K;A16;;11/03/2025;404732;CONECTOR PERFUR 50-185MM MED TENSAO 15KV;13/03/2025;11/07/2026;MC10301;;;;CDFL;INVT;0;UN;0;UN;86,00;BRL;1;1.582.572,00;6.045;0;1
8008721;1;1020062    CROSSFOX COMERCIO;4600003055;60;WK;K;A16;;11/03/2025;800872;CONECTOR AUTO PERF DU 70-240 / 70-240MM2;13/03/2025;11/07/2026;MC12002;;;;CDFL;CUST;0;UN;0;UN;51,80;BRL;1;1.582.572,00;9.520;0;1
8033441;1;1020062    CROSSFOX COMERCIO;4600003055;40;WK;K;A16;;11/03/2025;803344;CONECTOR PERFUR 50-185MM MED TENSAO 15KV;13/03/2025;11/07/2026;MC10301;;;;CDFL;CUST;0;UN;0;UN;86,00;BRL;1;1.582.572,00;6.400;0;1
4002241;1;1003866    ARCOMA DA AMAZONIA IND E COM LTDA;4600003195;50;WK;K;A03;;15/05/2025;400224;POSTE CONC DUPL T 11 M 300 DAN;15/05/2025;15/07/2026;MC13001;;;;CDFL;INVT;0;UN;0;UN;1.620,00;BRL;1;3.470.472,00;895;0;1
4002281;1;1003866    ARCOMA DA AMAZONIA IND E COM LTDA;4600003195;70;WK;K;A03;;15/05/2025;400228;POSTE CONCRETO CIRC 9M 300DAN;15/05/2025;15/07/2026;MC13001;;;;CDFL;INVT;0;UN;0;UN;1.550,00;BRL;1;3.470.472,00;1;0;1
4011271;1;1003866    ARCOMA DA AMAZONIA IND E COM LTDA;4600003195;60;WK;K;A03;;15/05/2025;401127;POSTE CONCRETO ARM DUPL T 11M 600KGF;15/05/2025;15/07/2026;MC13001;;;;CDFL;INVT;0;UN;0;UN;2.062,00;BRL;1;3.470.472,00;971;538;1
4012521;1;1003866    ARCOMA DA AMAZONIA IND E COM LTDA;4600003195;80;WK;K;A03;;15/05/2025;401252;POSTE CONCRETO TRON CON 13M 600DAN;15/05/2025;15/07/2026;MC13001;;;;CDFL;INVT;0;UN;0;UN;4.205,00;BRL;1;3.470.472,00;4;0;1
4011161;1;1003412    MAURIZIO  CIA LTDA;4600003072;20;WK;K;A01;;17/03/2025;401116;ISOLADOR ANCOR POLIM 15KV 5000DAN;18/03/2025;16/07/2026;MC10902;;;;CDFL;INVT;0;UN;0;UN;32,00;BRL;1;583.360,00;11.670;0;1
8005151;1;1003412    MAURIZIO  CIA LTDA;4600003072;10;WK;K;A01;;17/03/2025;800515;ISOLADOR ANCOR POLIM 15KV 5000DAN;18/03/2025;16/07/2026;MC10902;;;;CDFL;CUST;0;UN;0;UN;32,00;BRL;1;583.360,00;6.560;0;1
4009101;1;1003624    POOL ENGENHARIA, SERVICO, INDUSTRIA;4600003071;30;WK;K;A01;;17/03/2025;400910;ISOLADOR DISCO 152X140MM 60KV 4500KGF;18/03/2025;19/07/2026;MC10902;;;;CDFL;INVT;0;UN;0;UN;22,30;BRL;1;621.081,50;1.070;0;1
4017111;1;1003624    POOL ENGENHARIA, SERVICO, INDUSTRIA;4600003071;40;WK;K;A01;;17/03/2025;401711;ISOLADOR PINO PORC 15KV 102MM 1350KGF;18/03/2025;19/07/2026;MC10902;;;;CDFL;INVT;0;UN;0;UN;25,00;BRL;1;621.081,50;16.665;6.557;1
8001001;1;1003624    POOL ENGENHARIA, SERVICO, INDUSTRIA;4600003071;20;WK;K;A01;;17/03/2025;800100;ISOLADOR PINO PORC 15KV 102MM 1350KGF;18/03/2025;19/07/2026;MC10902;;;;CDFL;CUST;0;UN;0;UN;25,00;BRL;1;621.081,50;3.810;0;1
8007051;1;1003624    POOL ENGENHARIA, SERVICO, INDUSTRIA;4600003071;10;WK;K;A01;;17/03/2025;800705;ISOLADOR DISCO 152X140MM 60KV 4500KGF;18/03/2025;19/07/2026;MC10902;;;;CDFL;CUST;0;UN;0;UN;22,30;BRL;1;621.081,50;1.585;0;1
4024331;1;1003412    MAURIZIO  CIA LTDA;4600003075;10;WK;K;A01;;17/03/2025;402433;PARA-RAIO DISTRIB POL 12KV 10KA S/CENT;19/03/2025;20/07/2026;MC21101;;;;CDFL;INVT;0;UN;0;UN;140,00;BRL;1;796.600,00;3.593;797;1
4024332;2;1003412    MAURIZIO  CIA LTDA;4600003075;40;WK;K;A01;;17/03/2025;402433;PARA-RAIO DISTRIB POL 12KV 10KA S/CENT;19/03/2025;20/07/2026;MC21101;;;;CDFL;INVT;0;UN;0;UN;140,00;BRL;1;796.600,00;1.797;1.000;1
8006541;1;1003412    MAURIZIO  CIA LTDA;4600003075;20;WK;K;A01;;17/03/2025;800654;PARA-RAIO DISTRIB POL 12KV 10KA S/CENT;19/03/2025;20/07/2026;MC21101;;;;CDFL;CUST;0;UN;0;UN;140,00;BRL;1;796.600,00;2.097;0;1
4034091;1;1009114    SCHNEIDER ELECTRIC BRASIL LTDA;4600003295;10;MK;K;GAE;;16/07/2025;403409;RELIGADOR 3F AUTOMATICO 15KV 630A 12,5kA;21/07/2025;21/07/2026;MC21701;;;;CDFL;INVT;0;UN;0;UN;55.405,99;BRL;1;110.811,97;2;0;1
4041131;1;1003382    ELETRA INDUSTRIA E COMERCIO DE MEDI;4600003294;10;WK;K;A02;;15/07/2025;404113;MEDIDOR INTEL 1F 1EL 3F 240V 15/100A RUR;22/07/2025;22/07/2026;MC12501;;;;CDFL;INVT;0;UN;0;UN;493,26;BRL;1;170.035,99;2;0;1
4041141;1;1003382    ELETRA INDUSTRIA E COMERCIO DE MEDI;4600003294;20;WK;K;A02;;15/07/2025;404114;MEDIDOR INTEL 2F 2EL 3FIO 120V 15/120A;22/07/2025;22/07/2026;MC12501;;;;CDFL;INVT;0;UN;0;UN;575,41;BRL;1;170.035,99;79;49;1
4041142;2;1003382    ELETRA INDUSTRIA E COMERCIO DE MEDI;4600003294;70;WK;K;A02;;15/07/2025;404114;MEDIDOR INTEL 2F 2EL 3FIO 120V 15/120A;22/07/2025;22/07/2026;MC12501;;;;CDFL;INVT;0;UN;0;UN;575,41;BRL;1;170.035,99;69;0;1
4041151;1;1003382    ELETRA INDUSTRIA E COMERCIO DE MEDI;4600003294;30;WK;K;A02;;15/07/2025;404115;MEDIDOR INTEL 3F 3EL 4FIO 120V 15/120A;22/07/2025;22/07/2026;MC12501;;;;CDFL;INVT;0;UN;0;UN;657,03;BRL;1;170.035,99;29;0;1
4041152;2;1003382    ELETRA INDUSTRIA E COMERCIO DE MEDI;4600003294;80;WK;K;A02;;15/07/2025;404115;MEDIDOR INTEL 3F 3EL 4FIO 120V 15/120A;22/07/2025;22/07/2026;MC12501;;;;CDFL;INVT;0;UN;0;UN;657,03;BRL;1;170.035,99;69;0;1
4046171;1;1003382    ELETRA INDUSTRIA E COMERCIO DE MEDI;4600003294;40;WK;K;A02;;15/07/2025;404617;MEDIDOR INTEL  3EL 4F 120V/220V 30/200A;22/07/2025;22/07/2026;MC12501;;;;CDFL;INVT;0;UN;0;UN;1.147,05;BRL;1;170.035,99;2;0;1
4046172;2;1003382    ELETRA INDUSTRIA E COMERCIO DE MEDI;4600003294;90;WK;K;A02;;15/07/2025;404617;MEDIDOR INTEL  3EL 4F 120V/220V 30/200A;22/07/2025;22/07/2026;MC12501;;;;CDFL;INVT;0;UN;0;UN;1.147,05;BRL;1;170.035,99;15;0;1
4003161;1;1003949    FLEX INDUSTRIA DE FIOS E CABOS ELET;4600003560;240;WK;K;GAE;;27/03/2026;400316;CABO ELETR 0,6/1KV CU PVC 16MM2 BT;27/03/2026;27/07/2026;MC10101;;;;CDFL;INVT;0;M;0;M;18,21;BRL;1;1.664.118,53;1;1;1
4007341;1;1003949    FLEX INDUSTRIA DE FIOS E CABOS ELET;4600003560;150;WK;K;GAE;;27/03/2026;400734;CABO ELET FLEXIVEL PVC 750V 2,5MM2 PT;27/03/2026;27/07/2026;MC10101;;;;CDFL;INVT;0;M;0;M;2,45;BRL;1;1.664.118,53;1;1;1
4007342;2;1003949    FLEX INDUSTRIA DE FIOS E CABOS ELET;4600003560;570;WK;K;GAE;;27/03/2026;400734;CABO ELET FLEXIVEL PVC 750V 2,5MM2 PT;27/03/2026;27/07/2026;MC10101;;;;CDFL;INVT;0;M;0;M;2,45;BRL;1;1.664.118,53;800;0;1
4015311;1;1003949    FLEX INDUSTRIA DE FIOS E CABOS ELET;4600003560;230;WK;K;GAE;;27/03/2026;401531;CABO ELET ISOL PVC PT 10MM2 0,6/1KV;27/03/2026;27/07/2026;MC10101;;;;CDFL;INVT;0;M;0;M;11,80;BRL;1;1.664.118,53;1;1;1
4020811;1;1003949    FLEX INDUSTRIA DE FIOS E CABOS ELET;4600003560;370;WK;K;GAE;;27/03/2026;402081;CABO ELET CU 120MM2 90°XLPE 0,6/1KV;27/03/2026;27/07/2026;MC10101;;;;CDFL;INVT;0;M;0;M;140,90;BRL;1;1.664.118,53;1;1;1
4021361;1;1003949    FLEX INDUSTRIA DE FIOS E CABOS ELET;4600003560;160;WK;K;GAE;;27/03/2026;402136;CABO ELET FLEXIVEL PVC 750V 2,5MM2 VD;27/03/2026;27/07/2026;MC10101;;;;CDFL;INVT;0;M;0;M;2,45;BRL;1;1.664.118,53;1;1;1
4021362;2;1003949    FLEX INDUSTRIA DE FIOS E CABOS ELET;4600003560;580;WK;K;GAE;;27/03/2026;402136;CABO ELET FLEXIVEL PVC 750V 2,5MM2 VD;27/03/2026;27/07/2026;MC10101;;;;CDFL;INVT;0;M;0;M;2,45;BRL;1;1.664.118,53;2.000;0;1
4021521;1;1003949    FLEX INDUSTRIA DE FIOS E CABOS ELET;4600003560;350;WK;K;GAE;;27/03/2026;402152;CABO ELET CU 95MM2 90°XLPE 0,6/1KV;27/03/2026;27/07/2026;MC10101;;;;CDFL;INVT;0;M;0;M;104,96;BRL;1;1.664.118,53;1;1;1
4021522;2;1003949    FLEX INDUSTRIA DE FIOS E CABOS ELET;4600003560;410;WK;K;GAE;;27/03/2026;402152;CABO ELET CU 95MM2 90°XLPE 0,6/1KV;27/03/2026;27/07/2026;MC10101;;;;CDFL;INVT;0;M;0;M;104,96;BRL;1;1.664.118,53;7.599;0;1
4022291;1;1003949    FLEX INDUSTRIA DE FIOS E CABOS ELET;4600003560;110;WK;K;GAE;;27/03/2026;402229;CABO ELET FLEXIVEL PVC 750V 2,5MM2 VM;27/03/2026;27/07/2026;MC10101;;;;CDFL;INVT;0;M;0;M;2,45;BRL;1;1.664.118,53;1;1;1
4022292;2;1003949    FLEX INDUSTRIA DE FIOS E CABOS ELET;4600003560;600;WK;K;GAE;;27/03/2026;402229;CABO ELET FLEXIVEL PVC 750V 2,5MM2 VM;27/03/2026;27/07/2026;MC10101;;;;CDFL;INVT;0;M;0;M;2,45;BRL;1;1.664.118,53;320;0;1
4022351;1;1003949    FLEX INDUSTRIA DE FIOS E CABOS ELET;4600003560;80;WK;K;GAE;;27/03/2026;402235;CABO ELET ISOL AZ 2,5MM2;27/03/2026;27/07/2026;MC10101;;;;CDFL;INVT;0;M;0;M;2,45;BRL;1;1.664.118,53;1;1;1
4022352;2;1003949    FLEX INDUSTRIA DE FIOS E CABOS ELET;4600003560;530;WK;K;GAE;;27/03/2026;402235;CABO ELET ISOL AZ 2,5MM2;27/03/2026;27/07/2026;MC10101;;;;CDFL;INVT;0;M;0;M;2,45;BRL;1;1.664.118,53;600;0;1
4033231;1;1003949    FLEX INDUSTRIA DE FIOS E CABOS ELET;4600003560;180;WK;K;GAE;;27/03/2026;403323;CABO ELET FLEX 2X1,5MM2 0,6/1KV;27/03/2026;27/07/2026;MC00201;;;;CDFL;INVT;0;M;0;M;4,01;BRL;1;1.664.118,53;1;1;1
4033232;2;1003949    FLEX INDUSTRIA DE FIOS E CABOS ELET;4600003560;540;WK;K;GAE;;27/03/2026;403323;CABO ELET FLEX 2X1,5MM2 0,6/1KV;27/03/2026;27/07/2026;MC00201;;;;CDFL;INVT;0;M;0;M;4,01;BRL;1;1.664.118,53;12.492;0;1
4054731;1;1003949    FLEX INDUSTRIA DE FIOS E CABOS ELET;4600003560;390;WK;K;GAE;;27/03/2026;405473;CABO ELET CU 185MM2 90°XLPE 0,6/1KV;27/03/2026;27/07/2026;MC10101;;;;CDFL;INVT;0;M;0;M;203,90;BRL;1;1.664.118,53;1;1;1
4077371;1;1003949    FLEX INDUSTRIA DE FIOS E CABOS ELET;4600003560;130;WK;K;GAE;;27/03/2026;407737;CABO ELET FLEXIVEL PVC 750V 2,5MM2 CZ;27/03/2026;27/07/2026;MC10101;;;;CDFL;INVT;0;M;0;M;2,45;BRL;1;1.664.118,53;1;1;1
4100301;1;1003949    FLEX INDUSTRIA DE FIOS E CABOS ELET;4600003560;270;WK;K;GAE;;27/03/2026;410030;CABO ELET CU VD 25MM FLEX 750V;27/03/2026;27/07/2026;MC10101;;;;CDFL;INVT;0;M;0;M;20,30;BRL;1;1.664.118,53;1;1;1
4100302;2;1003949    FLEX INDUSTRIA DE FIOS E CABOS ELET;4600003560;480;WK;K;GAE;;27/03/2026;410030;CABO ELET CU VD 25MM FLEX 750V;27/03/2026;27/07/2026;MC10101;;;;CDFL;INVT;0;M;0;M;20,30;BRL;1;1.664.118,53;200;0;1
8000211;1;1003949    FLEX INDUSTRIA DE FIOS E CABOS ELET;4600003560;340;WK;K;GAE;;27/03/2026;800021;CABO ELET CU 95MM2 90°XLPE 0,6/1KV;27/03/2026;27/07/2026;MC10101;;;;CDFL;CUST;0;M;0;M;104,96;BRL;1;1.664.118,53;1;1;1
8000481;1;1003949    FLEX INDUSTRIA DE FIOS E CABOS ELET;4600003560;60;WK;K;GAE;;27/03/2026;800048;CABO ELET ISOL SING 1.5MM2 VERMELHA;27/03/2026;27/07/2026;MC10101;;;;CDFL;CUST;0;M;0;M;1,66;BRL;1;1.664.118,53;1;1;1
8000482;2;1003949    FLEX INDUSTRIA DE FIOS E CABOS ELET;4600003560;630;WK;K;GAE;;27/03/2026;800048;CABO ELET ISOL SING 1.5MM2 VERMELHA;27/03/2026;27/07/2026;MC10101;;;;CDFL;CUST;0;M;0;M;1,66;BRL;1;1.664.118,53;500;0;1
8000511;1;1003949    FLEX INDUSTRIA DE FIOS E CABOS ELET;4600003560;50;WK;K;GAE;;27/03/2026;800051;CABO ELET ISOL SING 1.5MM2 BR;27/03/2026;27/07/2026;MC10101;;;;CDFL;CUST;0;M;0;M;1,66;BRL;1;1.664.118,53;1;1;1
8000512;2;1003949    FLEX INDUSTRIA DE FIOS E CABOS ELET;4600003560;620;WK;K;GAE;;27/03/2026;800051;CABO ELET ISOL SING 1.5MM2 BR;27/03/2026;27/07/2026;MC10101;;;;CDFL;CUST;0;M;0;M;1,66;BRL;1;1.664.118,53;500;0;1
8001291;1;1003949    FLEX INDUSTRIA DE FIOS E CABOS ELET;4600003560;290;WK;K;GAE;;27/03/2026;800129;CABO ELETR 0,6/1KV CU PVC 25MM2 BT;27/03/2026;27/07/2026;MC10101;;;;CDFL;CUST;0;M;0;M;26,71;BRL;1;1.664.118,53;1;1;1
8001331;1;1003949    FLEX INDUSTRIA DE FIOS E CABOS ELET;4600003560;20;WK;K;GAE;;27/03/2026;800133;CABO ELET ISOL, 1,5MM2 PT;27/03/2026;27/07/2026;MC10101;;;;CDFL;CUST;0;M;0;M;1,66;BRL;1;1.664.118,53;1;1;1
8001332;2;1003949    FLEX INDUSTRIA DE FIOS E CABOS ELET;4600003560;650;WK;K;GAE;;27/03/2026;800133;CABO ELET ISOL, 1,5MM2 PT;27/03/2026;27/07/2026;MC10101;;;;CDFL;CUST;0;M;0;M;1,66;BRL;1;1.664.118,53;500;0;1
8001451;1;1003949    FLEX INDUSTRIA DE FIOS E CABOS ELET;4600003560;300;WK;K;GAE;;27/03/2026;800145;CABO ELÉTRICO CU 35MM AZUL FLEXIVEL 750V;27/03/2026;27/07/2026;MC10101;;;;CDFL;CUST;0;M;0;M;30,94;BRL;1;1.664.118,53;1;1;1
8001452;2;1003949    FLEX INDUSTRIA DE FIOS E CABOS ELET;4600003560;490;WK;K;GAE;;27/03/2026;800145;CABO ELÉTRICO CU 35MM AZUL FLEXIVEL 750V;27/03/2026;27/07/2026;MC10101;;;;CDFL;CUST;0;M;0;M;30,94;BRL;1;1.664.118,53;500;0;1
8001571;1;1003949    FLEX INDUSTRIA DE FIOS E CABOS ELET;4600003560;90;WK;K;GAE;;27/03/2026;800157;CABO ELET ISOL BR 2,5MM2;27/03/2026;27/07/2026;MC10101;;;;CDFL;CUST;0;M;0;M;2,45;BRL;1;1.664.118,53;1;1;1
8001572;2;1003949    FLEX INDUSTRIA DE FIOS E CABOS ELET;4600003560;560;WK;K;GAE;;27/03/2026;800157;CABO ELET ISOL BR 2,5MM2;27/03/2026;27/07/2026;MC10101;;;;CDFL;CUST;0;M;0;M;2,45;BRL;1;1.664.118,53;500;0;1
8001771;1;1003949    FLEX INDUSTRIA DE FIOS E CABOS ELET;4600003560;120;WK;K;GAE;;27/03/2026;800177;CABO ELET FLEXIVEL PVC 750V 2,5MM2 CZ;27/03/2026;27/07/2026;MC10101;;;;CDFL;CUST;0;M;0;M;2,45;BRL;1;1.664.118,53;1;1;1
8001772;2;1003949    FLEX INDUSTRIA DE FIOS E CABOS ELET;4600003560;400;WK;K;GAE;;27/03/2026;800177;CABO ELET FLEXIVEL PVC 750V 2,5MM2 CZ;27/03/2026;27/07/2026;MC10101;;;;CDFL;CUST;0;M;0;M;2,45;BRL;1;1.664.118,53;500;0;1
8007411;1;1003949    FLEX INDUSTRIA DE FIOS E CABOS ELET;4600003560;360;WK;K;GAE;;27/03/2026;800741;CABO ELET CU 120MM2 90°XLPE 0,6/1KV;27/03/2026;27/07/2026;MC10101;;;;CDFL;CUST;0;M;0;M;140,90;BRL;1;1.664.118,53;1;1;1
8007681;1;1003949    FLEX INDUSTRIA DE FIOS E CABOS ELET;4600003560;70;WK;K;GAE;;27/03/2026;800768;CABO ELET ISOL AZ 2,5MM2;27/03/2026;27/07/2026;MC10101;;;;CDFL;CUST;0;M;0;M;2,45;BRL;1;1.664.118,53;1;1;1
8007682;2;1003949    FLEX INDUSTRIA DE FIOS E CABOS ELET;4600003560;550;WK;K;GAE;;27/03/2026;800768;CABO ELET ISOL AZ 2,5MM2;27/03/2026;27/07/2026;MC10101;;;;CDFL;CUST;0;M;0;M;2,45;BRL;1;1.664.118,53;500;0;1
8007981;1;1003949    FLEX INDUSTRIA DE FIOS E CABOS ELET;4600003560;100;WK;K;GAE;;27/03/2026;800798;CABO ELET FLEX 2,5MM VM;27/03/2026;27/07/2026;MC10101;;;;CDFL;CUST;0;M;0;M;2,45;BRL;1;1.664.118,53;1;1;1
8007982;2;1003949    FLEX INDUSTRIA DE FIOS E CABOS ELET;4600003560;590;WK;K;GAE;;27/03/2026;800798;CABO ELET FLEX 2,5MM VM;27/03/2026;27/07/2026;MC10101;;;;CDFL;CUST;0;M;0;M;2,45;BRL;1;1.664.118,53;500;0;1
8009991;1;1003949    FLEX INDUSTRIA DE FIOS E CABOS ELET;4600003560;210;WK;K;GAE;;27/03/2026;800999;CABO ELET BT 3X10MM2 0,6/1 KV;27/03/2026;27/07/2026;MC10101;;;;CDFL;CUST;0;M;0;M;28,69;BRL;1;1.664.118,53;1;1;1
8009992;2;1003949    FLEX INDUSTRIA DE FIOS E CABOS ELET;4600003560;520;WK;K;GAE;;27/03/2026;800999;CABO ELET BT 3X10MM2 0,6/1 KV;27/03/2026;27/07/2026;MC10101;;;;CDFL;CUST;0;M;0;M;28,69;BRL;1;1.664.118,53;200;200;1
8010061;1;1003949    FLEX INDUSTRIA DE FIOS E CABOS ELET;4600003560;220;WK;K;GAE;;27/03/2026;801006;CABO ELET ISOL 4MM2 PVC 750V;27/03/2026;27/07/2026;MC10101;;;;CDFL;CUST;0;M;0;M;3,92;BRL;1;1.664.118,53;1;1;1
8010171;1;1003949    FLEX INDUSTRIA DE FIOS E CABOS ELET;4600003560;10;WK;K;GAE;;27/03/2026;801017;CABO ELETR 750V CU SING PVC 1,5MM2 AZUL;27/03/2026;27/07/2026;MC10101;;;;CDFL;CUST;0;M;0;M;1,66;BRL;1;1.664.118,53;1;1;1
8010172;2;1003949    FLEX INDUSTRIA DE FIOS E CABOS ELET;4600003560;640;WK;K;GAE;;27/03/2026;801017;CABO ELETR 750V CU SING PVC 1,5MM2 AZUL;27/03/2026;27/07/2026;MC10101;;;;CDFL;CUST;0;M;0;M;1,66;BRL;1;1.664.118,53;500;0;1
8011571;1;1003949    FLEX INDUSTRIA DE FIOS E CABOS ELET;4600003560;140;WK;K;GAE;;27/03/2026;801157;CABO ELET FLEXIVEL PVC 750V 2,5MM2 PT;27/03/2026;27/07/2026;MC10101;;;;CDFL;CUST;0;M;0;M;2,45;BRL;1;1.664.118,53;1;1;1
8031591;1;1003949    FLEX INDUSTRIA DE FIOS E CABOS ELET;4600003560;40;WK;K;GAE;;27/03/2026;803159;CABO ELET ISOL 1X1,5MM2 CU VD 750V;27/03/2026;27/07/2026;MC10101;;;;CDFL;CUST;0;M;0;M;1,66;BRL;1;1.664.118,53;1;1;1
8037701;1;1003949    FLEX INDUSTRIA DE FIOS E CABOS ELET;4600003560;30;WK;K;GAE;;27/03/2026;803770;CABO ELET ISOL 1,5MM2 CINZA;27/03/2026;27/07/2026;MC10101;;;;CDFL;CUST;0;M;0;M;1,66;BRL;1;1.664.118,53;1;1;1
8037702;2;1003949    FLEX INDUSTRIA DE FIOS E CABOS ELET;4600003560;610;WK;K;GAE;;27/03/2026;803770;CABO ELET ISOL 1,5MM2 CINZA;27/03/2026;27/07/2026;MC10101;;;;CDFL;CUST;0;M;0;M;1,66;BRL;1;1.664.118,53;500;0;1
8048941;1;1003949    FLEX INDUSTRIA DE FIOS E CABOS ELET;4600003560;380;WK;K;GAE;;27/03/2026;804894;CABO ELET CU 185MM2 90°XLPE 0,6/1KV;27/03/2026;27/07/2026;MC20101;;;;CDFL;CUST;0;M;0;M;203,90;BRL;1;1.664.118,53;1;1;1
8051941;1;1003949    FLEX INDUSTRIA DE FIOS E CABOS ELET;4600003560;170;WK;K;GAE;;27/03/2026;805194;CABO ELET FLEXIVEL PVC 750V 2,5MM2 VD;27/03/2026;27/07/2026;MC10101;;;;CDFL;CUST;0;M;0;M;2,45;BRL;1;1.664.118,53;1;1;1
8053411;1;1003949    FLEX INDUSTRIA DE FIOS E CABOS ELET;4600003560;330;WK;K;GAE;;27/03/2026;805341;CABO ELET CU 35MM2 VERM FLEXIVEL 750V;27/03/2026;27/07/2026;MC01501;;;;CDFL;INVT;0;M;0;M;30,94;BRL;1;1.664.118,53;1;1;1
8053412;2;1003949    FLEX INDUSTRIA DE FIOS E CABOS ELET;4600003560;440;WK;K;GAE;;27/03/2026;805341;CABO ELET CU 35MM2 VERM FLEXIVEL 750V;27/03/2026;27/07/2026;MC01501;;;;CDFL;CUST;0;M;0;M;30,94;BRL;1;1.664.118,53;500;0;1
8053421;1;1003949    FLEX INDUSTRIA DE FIOS E CABOS ELET;4600003560;310;WK;K;GAE;;27/03/2026;805342;CABO ELET CU 35MM2 PR FLEXIVEL 750V;27/03/2026;27/07/2026;MC01501;;;;CDFL;CUST;0;M;0;M;30,94;BRL;1;1.664.118,53;1;1;1
8053422;2;1003949    FLEX INDUSTRIA DE FIOS E CABOS ELET;4600003560;420;WK;K;GAE;;27/03/2026;805342;CABO ELET CU 35MM2 PR FLEXIVEL 750V;27/03/2026;27/07/2026;MC01501;;;;CDFL;CUST;0;M;0;M;30,94;BRL;1;1.664.118,53;500;0;1
8053431;1;1003949    FLEX INDUSTRIA DE FIOS E CABOS ELET;4600003560;320;WK;K;GAE;;27/03/2026;805343;CABO ELET CU 35MM2 VD FLEXIVEL 750V;27/03/2026;27/07/2026;MC01501;;;;CDFL;CUST;0;M;0;M;30,94;BRL;1;1.664.118,53;1;1;1
8053432;2;1003949    FLEX INDUSTRIA DE FIOS E CABOS ELET;4600003560;430;WK;K;GAE;;27/03/2026;805343;CABO ELET CU 35MM2 VD FLEXIVEL 750V;27/03/2026;27/07/2026;MC01501;;;;CDFL;CUST;0;M;0;M;30,94;BRL;1;1.664.118,53;200;0;1
8053441;1;1003949    FLEX INDUSTRIA DE FIOS E CABOS ELET;4600003560;260;WK;K;GAE;;27/03/2026;805344;CABO ELET CU 25MM2 VERM FLEXIVEL 750V;27/03/2026;27/07/2026;MC01501;;;;CDFL;CUST;0;M;0;M;20,30;BRL;1;1.664.118,53;1;1;1
8053442;2;1003949    FLEX INDUSTRIA DE FIOS E CABOS ELET;4600003560;470;WK;K;GAE;;27/03/2026;805344;CABO ELET CU 25MM2 VERM FLEXIVEL 750V;27/03/2026;27/07/2026;MC01501;;;;CDFL;CUST;0;M;0;M;20,30;BRL;1;1.664.118,53;500;0;1
8053451;1;1003949    FLEX INDUSTRIA DE FIOS E CABOS ELET;4600003560;250;WK;K;GAE;;27/03/2026;805345;CABO ELET CU 25MM2 AZUL FLEXIVEL 750V;27/03/2026;27/07/2026;MC01501;;;;CDFL;CUST;0;M;0;M;20,30;BRL;1;1.664.118,53;1;1;1
8053452;2;1003949    FLEX INDUSTRIA DE FIOS E CABOS ELET;4600003560;460;WK;K;GAE;;27/03/2026;805345;CABO ELET CU 25MM2 AZUL FLEXIVEL 750V;27/03/2026;27/07/2026;MC01501;;;;CDFL;CUST;0;M;0;M;20,30;BRL;1;1.664.118,53;500;0;1
8053461;1;1003949    FLEX INDUSTRIA DE FIOS E CABOS ELET;4600003560;280;WK;K;GAE;;27/03/2026;805346;CABO ELETR CU 25MM2 PR FLEXIVEL 750V;27/03/2026;27/07/2026;MC01501;;;;CDFL;CUST;0;M;0;M;20,30;BRL;1;1.664.118,53;1;1;1
8053462;2;1003949    FLEX INDUSTRIA DE FIOS E CABOS ELET;4600003560;450;WK;K;GAE;;27/03/2026;805346;CABO ELETR CU 25MM2 PR FLEXIVEL 750V;27/03/2026;27/07/2026;MC01501;;;;CDFL;CUST;0;M;0;M;20,30;BRL;1;1.664.118,53;200;0;1
8054011;1;1003949    FLEX INDUSTRIA DE FIOS E CABOS ELET;4600003560;190;WK;K;GAE;;27/03/2026;805401;CABO ELET BT 2X10MM2 0,6/1kV;27/03/2026;27/07/2026;MC10101;;;;CDFL;CUST;0;M;0;M;19,74;BRL;1;1.664.118,53;1;1;1
8054012;2;1003949    FLEX INDUSTRIA DE FIOS E CABOS ELET;4600003560;500;WK;K;GAE;;27/03/2026;805401;CABO ELET BT 2X10MM2 0,6/1kV;27/03/2026;27/07/2026;MC10101;;;;CDFL;CUST;0;M;0;M;19,74;BRL;1;1.664.118,53;200;0;1
8055011;1;1003949    FLEX INDUSTRIA DE FIOS E CABOS ELET;4600003560;200;WK;K;GAE;;27/03/2026;805501;CABO ELET FLEXIVEL 3X6MM2 PRETO 0,6/1KV;27/03/2026;27/07/2026;MC10101;;;;CDFL;CUST;0;UN;0;UN;18,44;BRL;1;1.664.118,53;1;1;1
8055012;2;1003949    FLEX INDUSTRIA DE FIOS E CABOS ELET;4600003560;510;WK;K;GAE;;27/03/2026;805501;CABO ELET FLEXIVEL 3X6MM2 PRETO 0,6/1KV;27/03/2026;27/07/2026;MC10101;;;;CDFL;CUST;0;UN;0;UN;18,44;BRL;1;1.664.118,53;200;0;1
4007331;1;1003949    FLEX INDUSTRIA DE FIOS E CABOS ELET;4600003565;40;WK;K;GAE;;01/04/2026;400733;CABO ELET BT 70MM2 CU PVC PT 0,6/1KV;02/04/2026;02/08/2026;MC10101;;;;CDFL;CUST;0;M;0;M;68,87;BRL;1;136.628,95;1;1;1
4007332;2;1003949    FLEX INDUSTRIA DE FIOS E CABOS ELET;4600003565;60;WK;K;GAE;;01/04/2026;400733;CABO ELET BT 70MM2 CU PVC PT 0,6/1KV;02/04/2026;02/08/2026;MC10101;;;;CDFL;INVT;0;M;0;M;68,87;BRL;1;136.628,95;150;0;1
4008131;1;1003949    FLEX INDUSTRIA DE FIOS E CABOS ELET;4600003565;20;WK;K;GAE;;01/04/2026;400813;CABO ELETRICO ISOLADO SINGELO 6MM2;02/04/2026;02/08/2026;MC10101;;;;CDFL;INVT;0;M;0;M;5,26;BRL;1;136.628,95;1;1;1
8001581;1;1003949    FLEX INDUSTRIA DE FIOS E CABOS ELET;4600003565;10;WK;K;GAE;;01/04/2026;800158;CABO ELETRICO ISOLADO SINGELO 6MM2;02/04/2026;02/08/2026;MC10101;;;;CDFL;CUST;0;M;0;M;5,26;BRL;1;136.628,95;1;1;1
8004261;1;1003949    FLEX INDUSTRIA DE FIOS E CABOS ELET;4600003565;30;WK;K;GAE;;01/04/2026;800426;CABO ELET BT 70MM2 CU PVC PT 0,6/1KV;02/04/2026;02/08/2026;MC10101;;;;CDFL;CUST;0;M;0;M;68,87;BRL;1;136.628,95;1;1;1
8004262;2;1003949    FLEX INDUSTRIA DE FIOS E CABOS ELET;4600003565;70;WK;K;GAE;;01/04/2026;800426;CABO ELET BT 70MM2 CU PVC PT 0,6/1KV;02/04/2026;02/08/2026;MC10101;;;;CDFL;CUST;0;M;0;M;68,87;BRL;1;136.628,95;250;0;1
8012741;1;1003949    FLEX INDUSTRIA DE FIOS E CABOS ELET;4600003565;50;WK;K;GAE;;01/04/2026;801274;CABO ELET ISOL CU PT 8AWG PVC 750V;02/04/2026;02/08/2026;MC10101;;;;CDFL;CUST;0;M;0;M;6,06;BRL;1;136.628,95;1;1;1
8012742;2;1003949    FLEX INDUSTRIA DE FIOS E CABOS ELET;4600003565;80;WK;K;GAE;;01/04/2026;801274;CABO ELET ISOL CU PT 8AWG PVC 750V;02/04/2026;02/08/2026;MC10101;;;;CDFL;CUST;0;M;0;M;6,06;BRL;1;136.628,95;1.200;0;1
4035131;1;1009099    SAFELOCK PRODUTOS DE SEGURANCA INDU;4600003318;10;WK;K;A12;;04/08/2025;403513;ENVELOPE DE PLAST COM FECHO DE SEG;06/08/2025;06/08/2026;MC12503;;;;CDFL;INVT;0;UN;0;UN;4,35;BRL;1;77.660,55;17.853;7.853;1
4001921;1;1007262    CENTROACO INDUSTRIA E COMERCIO DE A;4600003060;170;WK;K;A03;;13/03/2025;400192;PARAFUSO CAB QD AC 16MM 250MM;14/03/2025;11/08/2026;MC01301;;;;CDFL;INVT;0;UN;0;UN;10,87;BRL;1;1.376.407,29;1.750;729;1
4001931;1;1021472    VOLTZ INDUSTRIA E COMERCIO DE MATER;4600003061;80;WK;K;A03;;13/03/2025;400193;PARAFUSO OLHAL AC 5/8P 20P;14/03/2025;11/08/2026;MC01301;;;;CDFL;INVT;0;UN;0;UN;29,86;BRL;1;907.319,54;6.577;2.356;1
4008271;1;1021472    VOLTZ INDUSTRIA E COMERCIO DE MATER;4600003061;70;WK;K;A03;;13/03/2025;400827;ARRUELA LIS QD AC 17MM 11/16 57X57MM 5MM;14/03/2025;11/08/2026;MC01301;;;;CDFL;INVT;0;UN;0;UN;2,93;BRL;1;907.319,54;86.557;0;1
4009301;1;1007262    CENTROACO INDUSTRIA E COMERCIO DE A;4600003060;140;WK;K;A03;;13/03/2025;400930;PARAFUSO CAB ABA AC 10MM 115MM;14/03/2025;11/08/2026;MC01301;;;;CDFL;INVT;0;UN;0;UN;2,52;BRL;1;1.376.407,29;17.383;0;1
4009451;1;1007262    CENTROACO INDUSTRIA E COMERCIO DE A;4600003060;190;WK;K;A03;;13/03/2025;400945;PARAFUSO CAB ABA PESC QD EM AC 5/8PX45MM;14/03/2025;11/08/2026;MC01301;;;;CDFL;INVT;0;UN;0;UN;4,16;BRL;1;1.376.407,29;652;153;1
4009511;1;1007262    CENTROACO INDUSTRIA E COMERCIO DE A;4600003060;200;WK;K;A03;;13/03/2025;400951;PARAFUSO MAQ CAB QD AC 5/8X24P;14/03/2025;11/08/2026;MC01301;;;;CDFL;INVT;0;UN;0;UN;28,61;BRL;1;1.376.407,29;87;0;1
4010861;1;1007262    CENTROACO INDUSTRIA E COMERCIO DE A;4600003060;210;WK;K;A03;;13/03/2025;401086;PARAFUSO CAB QD MAQ AC 5/8X6P;14/03/2025;11/08/2026;MC01301;;;;CDFL;INVT;0;UN;0;UN;7,75;BRL;1;1.376.407,29;13;0;1
4011311;1;1007262    CENTROACO INDUSTRIA E COMERCIO DE A;4600003060;130;WK;K;A03;;13/03/2025;401131;PARAFUSO CAB QD AC 16MM 225MM 300MM;14/03/2025;11/08/2026;MC01301;;;;CDFL;INVT;0;UN;0;UN;11,98;BRL;1;1.376.407,29;44.048;0;1
4011551;1;1007262    CENTROACO INDUSTRIA E COMERCIO DE A;4600003060;160;WK;K;A03;;13/03/2025;401155;PARAFUSO CAB QD AC 16MM 500MM;14/03/2025;11/08/2026;MC01301;;;;CDFL;INVT;0;UN;0;UN;19,99;BRL;1;1.376.407,29;2.045;755;1
4012391;1;1007262    CENTROACO INDUSTRIA E COMERCIO DE A;4600003060;150;WK;K;A03;;13/03/2025;401239;PARAFUSO CAB QD AC 16MM 450MM;14/03/2025;11/08/2026;MC01301;;;;CDFL;INVT;0;UN;0;UN;22,05;BRL;1;1.376.407,29;17.575;0;1
4014971;1;1021472    VOLTZ INDUSTRIA E COMERCIO DE MATER;4600003061;110;WK;K;A03;;13/03/2025;401497;ARRUELA PRES AC PARAF 3/8P 15MM;14/03/2025;11/08/2026;MC01301;;;;CDFL;INVT;0;UN;0;UN;1,99;BRL;1;907.319,54;1.920;0;1
4017061;1;1007262    CENTROACO INDUSTRIA E COMERCIO DE A;4600003060;180;WK;K;A03;;13/03/2025;401706;PARAFUSO CAB QD AC 16MM 2P 350MM;14/03/2025;11/08/2026;MC01301;;;;CDFL;INVT;0;UN;0;UN;13,99;BRL;1;1.376.407,29;600;0;1
4017631;1;1021472    VOLTZ INDUSTRIA E COMERCIO DE MATER;4600003061;120;WK;K;A03;;13/03/2025;401763;PARAFUSO OLH AC 5/8P 650MM;14/03/2025;11/08/2026;MC01301;;;;CDFL;INVT;0;UN;0;UN;37,61;BRL;1;907.319,54;441;0;1
4024011;1;1021472    VOLTZ INDUSTRIA E COMERCIO DE MATER;4600003061;90;WK;K;A03;;13/03/2025;402401;PINO ISOLADOR POLIMERICO AC 15KV 200MM;14/03/2025;11/08/2026;MC10902;;;;CDFL;INVT;0;UN;0;UN;28,58;BRL;1;907.319,54;4.508;0;1
4024481;1;1021472    VOLTZ INDUSTRIA E COMERCIO DE MATER;4600003061;100;WK;K;A03;;13/03/2025;402448;PARAFUSO OLH AC 5/8P 24P;14/03/2025;11/08/2026;MC01301;;;;CDFL;INVT;0;UN;0;UN;29,89;BRL;1;907.319,54;645;0;1
4054871;1;1003624    POOL ENGENHARIA, SERVICO, INDUSTRIA;4600003265;20;WK;K;GAE;;30/06/2025;405487;TERMINAL TUBULAR CU ESTANHADO 25MM2 AZ;17/07/2025;11/08/2026;MC10401;;;;CDFL;INVT;0;UN;0;UN;0,74;BRL;1;222.392,30;196.825;0;1
4054911;1;1003624    POOL ENGENHARIA, SERVICO, INDUSTRIA;4600003265;30;WK;K;GAE;;30/06/2025;405491;TERMINAL TUBULAR CU ESTANHADO 35MM2;17/07/2025;11/08/2026;MC10401;;;;CDFL;INVT;0;UN;0;UN;0,98;BRL;1;222.392,30;45.085;0;1
4075961;1;1003624    POOL ENGENHARIA, SERVICO, INDUSTRIA;4600003265;10;WK;K;GAE;;30/06/2025;407596;TERMINAL OLHAL COMPRESSAO 120MM²;17/07/2025;11/08/2026;MC00901;;;;CDFL;INVT;0;UN;0;UN;13,43;BRL;1;222.392,30;2.400;0;1
8001181;1;1007262    CENTROACO INDUSTRIA E COMERCIO DE A;4600003060;40;WK;K;A03;;13/03/2025;800118;PARAFUSO CAB QD AC 16MM 500MM;14/03/2025;11/08/2026;MC01301;;;;CDFL;CUST;0;UN;0;UN;19,99;BRL;1;1.376.407,29;2.753;2.477;1
8001191;1;1007262    CENTROACO INDUSTRIA E COMERCIO DE A;4600003060;10;WK;K;A03;;13/03/2025;800119;PARAFUSO CAB QD AC 16MM 225MM 300MM;14/03/2025;11/08/2026;MC01301;;;;CDFL;CUST;0;UN;0;UN;11,98;BRL;1;1.376.407,29;11.400;6.049;1
8005201;1;1007262    CENTROACO INDUSTRIA E COMERCIO DE A;4600003060;100;WK;K;A03;;13/03/2025;800520;PARAFUSO CAB QD MAQ AC 5/8X16P;14/03/2025;11/08/2026;MC01301;;;;CDFL;CUST;0;UN;0;UN;16,75;BRL;1;1.376.407,29;122;0;1
8005281;1;1021472    VOLTZ INDUSTRIA E COMERCIO DE MATER;4600003061;60;WK;K;A03;;13/03/2025;800528;PARAFUSO OLH AC 5/8P 650MM;14/03/2025;11/08/2026;MC01301;;;;CDFL;CUST;0;UN;0;UN;37,61;BRL;1;907.319,54;919;320;1
8005361;1;1007262    CENTROACO INDUSTRIA E COMERCIO DE A;4600003060;80;WK;K;A03;;13/03/2025;800536;PARAFUSO MAQ CAB QD AC 5/8X24P;14/03/2025;11/08/2026;MC01301;;;;CDFL;CUST;0;UN;0;UN;28,61;BRL;1;1.376.407,29;205;205;1
8006511;1;1007262    CENTROACO INDUSTRIA E COMERCIO DE A;4600003060;70;WK;K;A03;;13/03/2025;800651;PARAFUSO CAB ABA PESC QD EM AC 5/8PX45MM;14/03/2025;11/08/2026;MC01301;;;;CDFL;CUST;0;UN;0;UN;4,16;BRL;1;1.376.407,29;228;228;1
8007221;1;1007262    CENTROACO INDUSTRIA E COMERCIO DE A;4600003060;90;WK;K;A03;;13/03/2025;800722;PARAFUSO CAB ABA AC 16MM 125MM;14/03/2025;11/08/2026;MC01301;;;;CDFL;CUST;0;UN;0;UN;5,95;BRL;1;1.376.407,29;248;132;1
8009221;1;1007262    CENTROACO INDUSTRIA E COMERCIO DE A;4600003060;30;WK;K;A03;;13/03/2025;800922;PARAFUSO CAB QD AC 16MM 450MM;14/03/2025;11/08/2026;MC01301;;;;CDFL;CUST;0;UN;0;UN;22,05;BRL;1;1.376.407,29;4.276;0;1
8009291;1;1007262    CENTROACO INDUSTRIA E COMERCIO DE A;4600003060;50;WK;K;A03;;13/03/2025;800929;PARAFUSO CAB QD AC 16MM 250MM;14/03/2025;11/08/2026;MC01301;;;;CDFL;CUST;0;UN;0;UN;10,87;BRL;1;1.376.407,29;436;0;1
8009821;1;1021472    VOLTZ INDUSTRIA E COMERCIO DE MATER;4600003061;20;WK;K;A03;;13/03/2025;800982;PARAFUSO OLHAL AC 5/8P 20P;14/03/2025;11/08/2026;MC01301;;;;CDFL;CUST;0;UN;0;UN;29,86;BRL;1;907.319,54;3.696;0;1
8010471;1;1021472    VOLTZ INDUSTRIA E COMERCIO DE MATER;4600003061;10;WK;K;A03;;13/03/2025;801047;ARRUELA LIS QD AC 17MM 11/16 57X57MM 5MM;14/03/2025;11/08/2026;MC01301;;;;CDFL;CUST;0;UN;0;UN;2,93;BRL;1;907.319,54;15.308;0;1
8010641;1;1007262    CENTROACO INDUSTRIA E COMERCIO DE A;4600003060;20;WK;K;A03;;13/03/2025;801064;PARAFUSO CAB ABA AC 10MM 115MM;14/03/2025;11/08/2026;MC01301;;;;CDFL;CUST;0;UN;0;UN;2,52;BRL;1;1.376.407,29;11.034;0;1
8011641;1;1021472    VOLTZ INDUSTRIA E COMERCIO DE MATER;4600003061;30;WK;K;A03;;13/03/2025;801164;PINO ISOLADOR POLIMERICO AC 15KV 200MM;14/03/2025;11/08/2026;MC10902;;;;CDFL;CUST;0;UN;0;UN;28,58;BRL;1;907.319,54;1.757;669;1
8011911;1;1007262    CENTROACO INDUSTRIA E COMERCIO DE A;4600003060;110;WK;K;A03;;13/03/2025;801191;PARAFUSO CAB QD MAQ AC 5/8X6P;14/03/2025;11/08/2026;MC01301;;;;CDFL;CUST;0;UN;0;UN;7,75;BRL;1;1.376.407,29;103;98;1
8012171;1;1021472    VOLTZ INDUSTRIA E COMERCIO DE MATER;4600003061;40;WK;K;A03;;13/03/2025;801217;ARRUELA QD AC 17,00MM 50,00MM 5,00MM;14/03/2025;11/08/2026;MC01301;;;;CDFL;CUST;0;UN;0;UN;1,86;BRL;1;907.319,54;3.096;3.096;1
8012251;1;1021472    VOLTZ INDUSTRIA E COMERCIO DE MATER;4600003061;50;WK;K;A03;;13/03/2025;801225;PARAFUSO OLH AC 5/8P 24P;14/03/2025;11/08/2026;MC01301;;;;CDFL;CUST;0;UN;0;UN;29,89;BRL;1;907.319,54;1.440;513;1
8013471;1;1007262    CENTROACO INDUSTRIA E COMERCIO DE A;4600003060;120;WK;K;A03;;13/03/2025;801347;PARAFUSO CAB QD MAQ AC 5/8X8P;14/03/2025;11/08/2026;MC01301;;;;CDFL;CUST;0;UN;0;UN;9,31;BRL;1;1.376.407,29;69;69;1
8013911;1;1007262    CENTROACO INDUSTRIA E COMERCIO DE A;4600003060;60;WK;K;A03;;13/03/2025;801391;PARAFUSO CAB QD AC 16MM 2P 350MM;14/03/2025;11/08/2026;MC01301;;;;CDFL;CUST;0;UN;0;UN;13,99;BRL;1;1.376.407,29;972;57;1
4000201;1;1007262    CENTROACO INDUSTRIA E COMERCIO DE A;4600003077;50;WK;K;A03;;17/03/2025;400020;SUPORTE TRANSF POSTE MAD AC 15-75KV;19/03/2025;16/08/2026;MC12002;;;;CDFL;INVT;0;UN;0;UN;94,71;BRL;1;968.010,21;500;500;1
4009081;1;1007262    CENTROACO INDUSTRIA E COMERCIO DE A;4600003077;10;WK;K;A03;;17/03/2025;400908;MAO FRANCESA BECO AC 1970MM 45X45X45MM;19/03/2025;16/08/2026;MC10701;;;;CDFL;INVT;0;UN;0;UN;81,22;BRL;1;968.010,21;2.930;237;1
4010141;1;1007262    CENTROACO INDUSTRIA E COMERCIO DE A;4600003077;140;WK;K;A03;;17/03/2025;401014;SUPORTE TRANSF POSTE CIRC AC 280MM;19/03/2025;16/08/2026;MC12002;;;;CDFL;INVT;0;UN;0;UN;154,81;BRL;1;968.010,21;84;84;1
4011171;1;1021472    VOLTZ INDUSTRIA E COMERCIO DE MATER;4600003078;10;WK;K;A03;;17/03/2025;401117;MAO-FRANCESA NORMAL AC 710X32X6,5MM;19/03/2025;16/08/2026;MC10701;;;;CDFL;INVT;0;UN;0;UN;19,85;BRL;1;305.670,15;10.246;726;1
4014851;1;1007262    CENTROACO INDUSTRIA E COMERCIO DE A;4600003077;40;WK;K;A03;;17/03/2025;401485;BRACO SUPORTE TIPO C 580X365MM 851/6;19/03/2025;16/08/2026;MC12002;;;;CDFL;INVT;0;UN;0;UN;131,96;BRL;1;968.010,21;805;70;1
4016571;1;1007262    CENTROACO INDUSTRIA E COMERCIO DE A;4600003077;80;WK;K;A03;;17/03/2025;401657;MAO FRANCESA BECO AC 2135MM 35MMX5MM;19/03/2025;16/08/2026;MC10701;;;;CDFL;INVT;0;UN;0;UN;119,32;BRL;1;968.010,21;53;0;1
4016831;1;1007262    CENTROACO INDUSTRIA E COMERCIO DE A;4600003077;180;WK;K;A03;;17/03/2025;401683;SUPORTE TRANSF POSTE DUP T AC 230X125MM;19/03/2025;16/08/2026;MC12002;;;;CDFL;INVT;0;UN;0;UN;149,79;BRL;1;968.010,21;5;5;1
4017091;1;1007262    CENTROACO INDUSTRIA E COMERCIO DE A;4600003077;150;WK;K;A03;;17/03/2025;401709;SUPORTE TRANSF POSTE CIRC AC 290MM;19/03/2025;16/08/2026;MC12002;;;;CDFL;INVT;0;UN;0;UN;156,03;BRL;1;968.010,21;84;84;1
4018441;1;1007262    CENTROACO INDUSTRIA E COMERCIO DE A;4600003077;70;WK;K;A03;;17/03/2025;401844;PERFIL U PARA REDE COMPACTA;19/03/2025;16/08/2026;MC01206;;;;CDFL;INVT;0;UN;0;UN;125,56;BRL;1;968.010,21;491;0;1
4020171;1;1007262    CENTROACO INDUSTRIA E COMERCIO DE A;4600003077;100;WK;K;A03;;17/03/2025;402017;SUPORTE TRANSF POSTE DUP T AC 210X125MM;19/03/2025;16/08/2026;MC12002;;;;CDFL;INVT;0;UN;0;UN;142,03;BRL;1;968.010,21;128;0;1
4021061;1;1007262    CENTROACO INDUSTRIA E COMERCIO DE A;4600003077;20;WK;K;A03;;17/03/2025;402106;BRACO L A1010/1020 3/8P16P;19/03/2025;16/08/2026;MC12002;;;;CDFL;INVT;0;UN;0;UN;70,68;BRL;1;968.010,21;1.184;225;1
4023731;1;1007262    CENTROACO INDUSTRIA E COMERCIO DE A;4600003077;30;WK;K;A03;;17/03/2025;402373;ESTRIBO BRACO L-EST-01 FOFO 200DAN;19/03/2025;16/08/2026;MC12002;;;;CDFL;INVT;0;UN;0;UN;9,36;BRL;1;968.010,21;827;237;1
4024901;1;1007262    CENTROACO INDUSTRIA E COMERCIO DE A;4600003077;90;WK;K;A03;;17/03/2025;402490;SUPORTE AFAST HORIZ C/PRENSA REDE 15KV;19/03/2025;16/08/2026;MC12002;;;;CDFL;INVT;0;UN;0;UN;303,52;BRL;1;968.010,21;118;0;1
4026891;1;1007262    CENTROACO INDUSTRIA E COMERCIO DE A;4600003077;160;WK;K;A03;;17/03/2025;402689;SUPORTE TRANSF POSTE CIRC AC 230MM;19/03/2025;16/08/2026;MC12003;;;;CDFL;INVT;0;UN;0;UN;144,66;BRL;1;968.010,21;19;19;1
4028751;1;1007262    CENTROACO INDUSTRIA E COMERCIO DE A;4600003077;170;WK;K;A03;;17/03/2025;402875;SUPORTE TIPO T PARA CHAVE/PARA-RAIO;19/03/2025;16/08/2026;MC12002;;;;CDFL;INVT;0;UN;0;UN;86,75;BRL;1;968.010,21;52;0;1
4039311;1;1007262    CENTROACO INDUSTRIA E COMERCIO DE A;4600003077;110;WK;K;A03;;17/03/2025;403931;BRAÇO SUPORTE TIPO L HORIZONTAL  15 KV;19/03/2025;16/08/2026;MC12002;;;;CDFL;INVT;0;UN;0;UN;113,53;BRL;1;968.010,21;71;25;1
4047191;1;1007262    CENTROACO INDUSTRIA E COMERCIO DE A;4600003077;60;WK;K;A03;;17/03/2025;404719;FIXADOR PERFIL U AC 150DAN 300DAN;19/03/2025;16/08/2026;MC10701;;;;CDFL;INVT;0;UN;0;UN;21,02;BRL;1;968.010,21;459;0;1
4049721;1;1007262    CENTROACO INDUSTRIA E COMERCIO DE A;4600003077;130;WK;K;A03;;17/03/2025;404972;BRACO TIPO J;19/03/2025;16/08/2026;MC12002;;;;CDFL;INVT;0;UN;0;UN;477,35;BRL;1;968.010,21;99;0;1
4073561;1;1007262    CENTROACO INDUSTRIA E COMERCIO DE A;4600003077;120;WK;K;A03;;17/03/2025;407356;SUPORTE TIPO L AÇO PERFILADO ZINCADO DAT;19/03/2025;16/08/2026;MC10601;;;;CDFL;INVT;0;UN;0;UN;133,39;BRL;1;968.010,21;139;139;1
8000061;1;1007262    CENTROACO INDUSTRIA E COMERCIO DE A;4600003077;310;WK;K;A03;;17/03/2025;800006;SUPORTE TRANSF POSTE CIRC AC 290MM;19/03/2025;16/08/2026;MC12002;;;;CDFL;CUST;0;UN;0;UN;156,03;BRL;1;968.010,21;1;1;1
8002561;1;1007262    CENTROACO INDUSTRIA E COMERCIO DE A;4600003077;220;WK;K;A03;;17/03/2025;800256;BRACO SUPORTE TIPO C 580X365MM 851/6;19/03/2025;16/08/2026;MC12002;;;;CDFL;CUST;0;UN;0;UN;131,96;BRL;1;968.010,21;306;73;1
8003521;1;1007262    CENTROACO INDUSTRIA E COMERCIO DE A;4600003077;210;WK;K;A03;;17/03/2025;800352;ESTRIBO BRACO L-EST-01 FOFO 200DAN;19/03/2025;16/08/2026;MC12002;;;;CDFL;CUST;0;UN;0;UN;9,36;BRL;1;968.010,21;525;352;1
8003921;1;1007262    CENTROACO INDUSTRIA E COMERCIO DE A;4600003077;240;WK;K;A03;;17/03/2025;800392;FIXADOR PERFIL U AC 150DAN 300DAN;19/03/2025;16/08/2026;MC10701;;;;CDFL;CUST;0;UN;0;UN;21,02;BRL;1;968.010,21;197;36;1
8004731;1;1007262    CENTROACO INDUSTRIA E COMERCIO DE A;4600003077;200;WK;K;A03;;17/03/2025;800473;BRACO L A1010/1020 3/8P16P;19/03/2025;16/08/2026;MC12002;;;;CDFL;CUST;0;UN;0;UN;70,68;BRL;1;968.010,21;291;206;1
8004991;1;1021472    VOLTZ INDUSTRIA E COMERCIO DE MATER;4600003078;20;WK;K;A03;;17/03/2025;800499;MAO-FRANCESA NORMAL AC 710X32X6,5MM;19/03/2025;16/08/2026;MC10701;;;;CDFL;CUST;0;UN;0;UN;19,85;BRL;1;305.670,15;5.153;1.660;1
8005221;1;1007262    CENTROACO INDUSTRIA E COMERCIO DE A;4600003077;190;WK;K;A03;;17/03/2025;800522;MAO FRANCESA BECO AC 1970MM 45X45X45MM;19/03/2025;16/08/2026;MC10701;;;;CDFL;CUST;0;UN;0;UN;81,22;BRL;1;968.010,21;69;0;1
8007271;1;1007262    CENTROACO INDUSTRIA E COMERCIO DE A;4600003077;300;WK;K;A03;;17/03/2025;800727;SUPORTE TRANSF POSTE CIRC AC 280MM;19/03/2025;16/08/2026;MC12002;;;;CDFL;CUST;0;UN;0;UN;154,81;BRL;1;968.010,21;2;2;1
8009911;1;1007262    CENTROACO INDUSTRIA E COMERCIO DE A;4600003077;250;WK;K;A03;;17/03/2025;800991;MAO FRANCESA BECO AC 2135MM 35MMX5MM;19/03/2025;16/08/2026;MC10701;;;;CDFL;CUST;0;UN;0;UN;119,32;BRL;1;968.010,21;421;237;1
8012561;1;1007262    CENTROACO INDUSTRIA E COMERCIO DE A;4600003077;290;WK;K;A03;;17/03/2025;801256;PERFIL U AC 76X900MM REDE COMPACTA;19/03/2025;16/08/2026;MC10701;;;;CDFL;CUST;0;UN;0;UN;125,56;BRL;1;968.010,21;138;32;1
8013761;1;1007262    CENTROACO INDUSTRIA E COMERCIO DE A;4600003077;230;WK;K;A03;;17/03/2025;801376;SUPORTE TRANSF POSTE MAD AC 15-75KV;19/03/2025;16/08/2026;MC12002;;;;CDFL;CUST;0;UN;0;UN;94,71;BRL;1;968.010,21;374;374;1
8013861;1;1007262    CENTROACO INDUSTRIA E COMERCIO DE A;4600003077;270;WK;K;A03;;17/03/2025;801386;SUPORTE TRANSF POSTE DUP T AC 210X125MM;19/03/2025;16/08/2026;MC12002;;;;CDFL;CUST;0;UN;0;UN;142,03;BRL;1;968.010,21;86;43;1
8023031;1;1007262    CENTROACO INDUSTRIA E COMERCIO DE A;4600003077;280;WK;K;A03;;17/03/2025;802303;BRAÇO SUPORTE TIPO L HORIZONTAL  15 KV;19/03/2025;16/08/2026;MC25001;;;;CDFL;CUST;0;UN;0;UN;113,53;BRL;1;968.010,21;76;12;1
8031001;1;1007262    CENTROACO INDUSTRIA E COMERCIO DE A;4600003077;260;WK;K;A03;;17/03/2025;803100;SUPORTE AFAST HORIZ C/PRENSA REDE 15KV;19/03/2025;16/08/2026;MC12002;;;;CDFL;CUST;0;UN;0;UN;303,52;BRL;1;968.010,21;130;60;1
8031581;1;1007262    CENTROACO INDUSTRIA E COMERCIO DE A;4600003077;320;WK;K;A03;;17/03/2025;803158;SUPORTE TRANSF POSTE CIRC AC 230MM;19/03/2025;16/08/2026;MC12003;;;;CDFL;CUST;0;UN;0;UN;144,66;BRL;1;968.010,21;42;42;1
4041961;1;1009270    CAS TECNOLOGIA S.A.;4600003332;20;WK;K;A16;;14/08/2025;404196;UNIDADE REMOTA INTEGRADA PARA MEDIDOR;20/08/2025;20/08/2026;MC20001;;;;CDFL;INVT;0;UN;0;UN;999,97;BRL;1;350.938,60;100;0;1
4042341;1;1009270    CAS TECNOLOGIA S.A.;4600003332;10;WK;K;A16;;14/08/2025;404234;MODULO DE COMUNICACAO REMOTA;20/08/2025;20/08/2026;MC20601;;;;CDFL;INVT;0;UN;0;UN;1.493,70;BRL;1;350.938,60;168;0;1
4002161;1;1011711    POOL ENGENHARIA, SERVICO, INDUSTRIA;4600003492;10;MK;K;A13;;20/02/2026;400216;POSTE FIBRA VIDRO 9M 200DAN;20/02/2026;21/08/2026;MC12001;;;;CDFL;INVT;0;UN;0;UN;1.498,00;BRL;1;759.968,12;3;0;1
4002211;1;1011711    POOL ENGENHARIA, SERVICO, INDUSTRIA;4600003492;20;MK;K;A13;;20/02/2026;400221;POSTE FIBRA VIDRO E-CR 11M 300DAN;20/02/2026;21/08/2026;MC12001;;;;CDFL;INVT;0;UN;0;UN;2.150,00;BRL;1;759.968,12;100;0;1
4002211;1;1004058    ECOFIBRA INDUSTRIA E COMERCIO DE CO;4600003495;10;MK;K;A13;;20/02/2026;400221;POSTE FIBRA VIDRO E-CR 11M 300DAN;20/02/2026;21/08/2026;MC12001;;;;CDFL;INVT;0;UN;0;UN;1.849,48;BRL;1;1.653.442,64;350;0;1
4002271;1;1004058    ECOFIBRA INDUSTRIA E COMERCIO DE CO;4600003495;60;MK;K;A13;;20/02/2026;400227;POSTE FIBRA VIDRO E-CR 18M 600DAN;20/02/2026;21/08/2026;MC12001;;;;CDFL;INVT;0;UN;0;UN;6.284,68;BRL;1;1.653.442,64;21;0;1
4013181;1;1004058    ECOFIBRA INDUSTRIA E COMERCIO DE CO;4600003495;70;MK;K;A13;;20/02/2026;401318;POSTE FIBRA VIDRO E-CR 9M 600DAN;20/02/2026;21/08/2026;MC12001;;;;CDFL;INVT;0;UN;0;UN;2.032,76;BRL;1;1.653.442,64;289;0;1
4013601;1;1011711    POOL ENGENHARIA, SERVICO, INDUSTRIA;4600003492;30;MK;K;A13;;20/02/2026;401360;POSTE FIBRA VIDRO E-CR 9M 300DAN;20/02/2026;21/08/2026;MC12001;;;;CDFL;INVT;0;UN;0;UN;1.668,13;BRL;1;759.968,12;324;0;1
4016991;1;1004058    ECOFIBRA INDUSTRIA E COMERCIO DE CO;4600003495;40;MK;K;A13;;20/02/2026;401699;POSTE FIBRA VIDRO E-CR 13M 400DAN;20/02/2026;21/08/2026;MC12001;;;;CDFL;INVT;0;UN;0;UN;2.663,43;BRL;1;1.653.442,64;5;0;1
4019311;1;1004058    ECOFIBRA INDUSTRIA E COMERCIO DE CO;4600003495;50;MK;K;A13;;20/02/2026;401931;POSTE FIBRA VIDRO E-CR 13M 600DAN;20/02/2026;21/08/2026;MC12001;;;;CDFL;INVT;0;UN;0;UN;3.372,61;BRL;1;1.653.442,64;17;0;1
4019871;1;1004058    ECOFIBRA INDUSTRIA E COMERCIO DE CO;4600003495;30;MK;K;A13;;20/02/2026;401987;POSTE FIBRA VIDRO 22M 1000DAN;20/02/2026;21/08/2026;MC12001;;;;CDFL;INVT;0;UN;0;UN;14.436,83;BRL;1;1.653.442,64;10;0;1
4022421;1;1027479    ASW BRASIL TECNOLOGIA EM PLASTICOS;4600003493;10;MK;K;A13;;20/02/2026;402242;POSTE FIBRA VIDRO E-CR 11M 600DAN;20/02/2026;21/08/2026;MC12001;;;;CDFL;INVT;0;UN;0;UN;2.325,27;BRL;1;669.677,76;288;0;1
4024251;1;1004058    ECOFIBRA INDUSTRIA E COMERCIO DE CO;4600003495;20;MK;K;A13;;20/02/2026;402425;POSTE FIBRA VIDRO 15M 600DAN;20/02/2026;21/08/2026;MC12001;;;;CDFL;INVT;0;UN;0;UN;4.777,26;BRL;1;1.653.442,64;15;0;1
4007581;1;1003412    MAURIZIO  CIA LTDA;4600003086;30;WK;K;A02;;20/03/2025;400758;CHAVE SECC 1P 15KV 630A 110KV 25KA;25/03/2025;24/08/2026;MC10202;;;;CDFL;INVT;0;UN;0;UN;520,00;BRL;1;5.475.468,00;3.935;1.047;1
4018571;1;1003412    MAURIZIO  CIA LTDA;4600003086;10;WK;K;A02;;20/03/2025;401857;CHAVE FUSIVEL DIST 15KV 100A/10KA PORC;25/03/2025;24/08/2026;MC10801;;;;CDFL;INVT;0;UN;0;UN;289,00;BRL;1;5.475.468,00;2.520;0;1
4018572;2;1003412    MAURIZIO  CIA LTDA;4600003086;60;WK;K;A02;;20/03/2025;401857;CHAVE FUSIVEL DIST 15KV 100A/10KA PORC;25/03/2025;24/08/2026;MC10801;;;;CDFL;INVT;0;UN;0;UN;289,00;BRL;1;5.475.468,00;1.000;0;1
4018573;3;1003412    MAURIZIO  CIA LTDA;4600003086;70;WK;K;A02;;20/03/2025;401857;CHAVE FUSIVEL DIST 15KV 100A/10KA PORC;25/03/2025;24/08/2026;MC10801;;;;CDFL;INVT;0;UN;0;UN;289,00;BRL;1;5.475.468,00;2.535;0;1
4021051;1;1009313    ANDRA S A ELECTRIC SOLUTIONS;4600003561;10;MK;K;A13;;27/03/2026;402105;CONECTOR AUTO PERF DU 70-240 / 70-240MM2;27/03/2026;24/08/2026;MC12002;;;;CDFL;INVT;0;UN;0;UN;55,00;BRL;1;1.069.640,00;4.060;2.560;1
4021052;2;1009313    ANDRA S A ELECTRIC SOLUTIONS;4600003561;30;MK;K;A13;;27/03/2026;402105;CONECTOR AUTO PERF DU 70-240 / 70-240MM2;27/03/2026;24/08/2026;MC12002;;;;CDFL;INVT;0;UN;0;UN;55,00;BRL;1;1.069.640,00;10.000;0;1
4022761;1;1003412    MAURIZIO  CIA LTDA;4600003086;20;WK;K;A02;;20/03/2025;402276;CHAVE FUSIVEL INDIC 15KV 200A/95KV BUC;25/03/2025;24/08/2026;MC10801;;;;CDFL;INVT;0;UN;0;UN;368,00;BRL;1;5.475.468,00;121;0;1
8002621;1;1003412    MAURIZIO  CIA LTDA;4600003086;50;WK;K;A02;;20/03/2025;800262;CHAVE FUSIVEL INDIC 15KV 200A/95KV BUC;25/03/2025;24/08/2026;MC10801;;;;CDFL;CUST;0;UN;0;UN;368,00;BRL;1;5.475.468,00;424;169;1
8008171;1;1003412    MAURIZIO  CIA LTDA;4600003086;40;WK;K;A02;;20/03/2025;800817;CHAVE FUSIVEL DIST 15KV 100A/10KA PORC;25/03/2025;24/08/2026;MC10801;;;;CDFL;CUST;0;UN;0;UN;289,00;BRL;1;5.475.468,00;6.117;0;1
8008721;1;1009313    ANDRA S A ELECTRIC SOLUTIONS;4600003561;20;MK;K;A13;;27/03/2026;800872;CONECTOR AUTO PERF DU 70-240 / 70-240MM2;27/03/2026;24/08/2026;MC12002;;;;CDFL;CUST;0;UN;0;UN;55,00;BRL;1;1.069.640,00;2.388;1.500;1
8008722;2;1009313    ANDRA S A ELECTRIC SOLUTIONS;4600003561;40;MK;K;A13;;27/03/2026;800872;CONECTOR AUTO PERF DU 70-240 / 70-240MM2;27/03/2026;24/08/2026;MC12002;;;;CDFL;CUST;0;UN;0;UN;55,00;BRL;1;1.069.640,00;3.000;0;1
4005061;1;1003799    CONIMEL EMPRESA DE MATERIAL ELETRIC;4600003093;90;WK;K;A03;;24/03/2025;400506;CONECTOR DER CU 13-34MM2;25/03/2025;25/08/2026;MC12002;;;;CDFL;INVT;0;UN;0;UN;7,91;BRL;1;592.176,95;4.035;0;1
4005121;1;1003799    CONIMEL EMPRESA DE MATERIAL ELETRIC;4600003093;70;WK;K;A03;;24/03/2025;400512;CONECTOR DER CUNHA AL 1/0AWG 336,4MCM;25/03/2025;25/08/2026;MC12002;;;;CDFL;INVT;0;UN;0;UN;47,16;BRL;1;592.176,95;45;0;1
4005451;1;1003799    CONIMEL EMPRESA DE MATERIAL ELETRIC;4600003093;100;WK;K;A03;;24/03/2025;400545;CONECTOR DER CU 35-70MM2;25/03/2025;25/08/2026;MC12002;;;;CDFL;INVT;0;UN;0;UN;12,07;BRL;1;592.176,95;260;128;1
4008281;1;1003799    CONIMEL EMPRESA DE MATERIAL ELETRIC;4600003093;110;WK;K;A03;;24/03/2025;400828;CONECTOR DER CUNHA AM AL 4/0AWG 336,4MCM;25/03/2025;25/08/2026;MC12002;;;;CDFL;INVT;0;UN;0;UN;34,33;BRL;1;592.176,95;6.715;4.965;1
4021851;1;1003799    CONIMEL EMPRESA DE MATERIAL ELETRIC;4600003093;120;WK;K;A03;;24/03/2025;402185;CONECTOR DER CUNHA ESTRIBO 336,4 MCM;25/03/2025;25/08/2026;MC12002;;;;CDFL;INVT;0;UN;0;UN;37,68;BRL;1;592.176,95;1.030;0;1
4024041;1;1003799    CONIMEL EMPRESA DE MATERIAL ELETRIC;4600003093;80;WK;K;A03;;24/03/2025;402404;CONECTOR CUNHA LIGA AL AZ 120MM2 4/0AWG;25/03/2025;25/08/2026;MC12002;;;;CDFL;INVT;0;UN;0;UN;12,15;BRL;1;592.176,95;772;0;1
8003641;1;1003799    CONIMEL EMPRESA DE MATERIAL ELETRIC;4600003093;60;WK;K;A03;;24/03/2025;800364;CONECTOR DER CU 35-70MM2;25/03/2025;25/08/2026;MC12002;;;;CDFL;CUST;0;UN;0;UN;12,07;BRL;1;592.176,95;140;0;1
8005571;1;1003799    CONIMEL EMPRESA DE MATERIAL ELETRIC;4600003093;30;WK;K;A03;;24/03/2025;800557;CONECTOR DER CUNHA ESTRIBO 336,4 MCM;25/03/2025;25/08/2026;MC12002;;;;CDFL;CUST;0;UN;0;UN;37,80;BRL;1;592.176,95;120;0;1
8008841;1;1003799    CONIMEL EMPRESA DE MATERIAL ELETRIC;4600003093;40;WK;K;A03;;24/03/2025;800884;CONECTOR CUNHA LIGA AL AZ 120MM2 4/0AWG;25/03/2025;25/08/2026;MC12002;;;;CDFL;CUST;0;UN;0;UN;12,15;BRL;1;592.176,95;11.925;5.475;1
8011821;1;1003799    CONIMEL EMPRESA DE MATERIAL ELETRIC;4600003093;10;WK;K;A03;;24/03/2025;801182;CONECTOR CUNHA AL 2AWG;25/03/2025;25/08/2026;MC12002;;;;CDFL;CUST;0;UN;0;UN;5,92;BRL;1;592.176,95;345;345;1
8012151;1;1003799    CONIMEL EMPRESA DE MATERIAL ELETRIC;4600003093;50;WK;K;A03;;24/03/2025;801215;CONECTOR DER CU 13-34MM2;25/03/2025;25/08/2026;MC12002;;;;CDFL;CUST;0;UN;0;UN;7,91;BRL;1;592.176,95;910;0;1
8012321;1;1003799    CONIMEL EMPRESA DE MATERIAL ELETRIC;4600003093;20;WK;K;A03;;24/03/2025;801232;CONECTOR CUNHA AM AL 336,4MCM 336,4MCM;25/03/2025;25/08/2026;MC12002;;;;CDFL;CUST;0;UN;0;UN;36,08;BRL;1;592.176,95;3.335;0;1
4002161;1;1011711    POOL ENGENHARIA, SERVICO, INDUSTRIA;4600002545;50;WK;K;A07;;19/03/2024;400216;POSTE FIBRA VIDRO 9M 200DAN;21/03/2024;30/08/2026;MC12001;;;;CDFL;INVT;0;UN;0;UN;1.409,00;BRL;1;7.752.029,00;13;0;1
4002211;1;1011711    POOL ENGENHARIA, SERVICO, INDUSTRIA;4600002545;30;WK;K;A07;;19/03/2024;400221;POSTE FIBRA VIDRO E-CR 11M 300DAN;21/03/2024;30/08/2026;MC12001;;;;CDFL;INVT;0;UN;0;UN;2.081,00;BRL;1;7.752.029,00;1.201;0;1
4002271;1;1011711    POOL ENGENHARIA, SERVICO, INDUSTRIA;4600002545;90;WK;K;A07;;19/03/2024;400227;POSTE FIBRA VIDRO E-CR 18M 600DAN;21/03/2024;30/08/2026;MC12001;;;;CDFL;INVT;0;UN;0;UN;8.003,00;BRL;1;7.752.029,00;13;0;1
4002272;2;1011711    POOL ENGENHARIA, SERVICO, INDUSTRIA;4600002545;120;WK;K;A07;;19/03/2024;400227;POSTE FIBRA VIDRO E-CR 18M 600DAN;21/03/2024;30/08/2026;MC12001;;;;CDFL;INVT;0;UN;0;UN;8.003,00;BRL;1;7.752.029,00;9;0;1
4009681;1;1011711    POOL ENGENHARIA, SERVICO, INDUSTRIA;4600002545;100;WK;K;A07;;19/03/2024;400968;POSTE FIBRA VIDRO 11M 200DAN;21/03/2024;30/08/2026;MC12001;;;;CDFL;INVT;0;UN;0;UN;1.801,00;BRL;1;7.752.029,00;240;0;1
4009682;2;1011711    POOL ENGENHARIA, SERVICO, INDUSTRIA;4600002545;130;WK;K;A07;;19/03/2024;400968;POSTE FIBRA VIDRO 11M 200DAN;21/03/2024;30/08/2026;MC12001;;;;CDFL;INVT;0;UN;0;UN;1.801,00;BRL;1;7.752.029,00;211;0;1
4009683;3;1011711    POOL ENGENHARIA, SERVICO, INDUSTRIA;4600002545;140;WK;K;A07;;19/03/2024;400968;POSTE FIBRA VIDRO 11M 200DAN;21/03/2024;30/08/2026;MC12001;;;;CDFL;INVT;0;UN;0;UN;1.801,00;BRL;1;7.752.029,00;173;0;1
4009684;4;1011711    POOL ENGENHARIA, SERVICO, INDUSTRIA;4600002545;150;WK;K;A07;;19/03/2024;400968;POSTE FIBRA VIDRO 11M 200DAN;21/03/2024;30/08/2026;MC12001;;;;CDFL;INVT;0;UN;0;UN;1.801,00;BRL;1;7.752.029,00;300;100;1
4009841;1;1011711    POOL ENGENHARIA, SERVICO, INDUSTRIA;4600002545;60;WK;K;A07;;19/03/2024;400984;POSTE FIBRA VIDRO 11M 1000DAN;21/03/2024;30/08/2026;MC12001;;;;CDFL;INVT;0;UN;0;UN;4.802,00;BRL;1;7.752.029,00;2;0;1
4013181;1;1011711    POOL ENGENHARIA, SERVICO, INDUSTRIA;4600002545;20;WK;K;A07;;19/03/2024;401318;POSTE FIBRA VIDRO E-CR 9M 600DAN;21/03/2024;30/08/2026;MC12001;;;;CDFL;INVT;0;UN;0;UN;2.329,00;BRL;1;7.752.029,00;168;0;1
4013601;1;1011711    POOL ENGENHARIA, SERVICO, INDUSTRIA;4600002545;10;WK;K;A07;;19/03/2024;401360;POSTE FIBRA VIDRO E-CR 9M 300DAN;21/03/2024;30/08/2026;MC12001;;;;CDFL;INVT;0;UN;0;UN;1.537,00;BRL;1;7.752.029,00;653;0;1
4016291;1;1011711    POOL ENGENHARIA, SERVICO, INDUSTRIA;4600002545;110;WK;K;A07;;19/03/2024;401629;POSTE FIBRA VIDRO 33M 1000KGF;21/03/2024;30/08/2026;MC12001;;;;CDFL;INVT;0;UN;0;UN;28.810,00;BRL;1;7.752.029,00;4;0;1
4016991;1;1011711    POOL ENGENHARIA, SERVICO, INDUSTRIA;4600002545;70;WK;K;A07;;19/03/2024;401699;POSTE FIBRA VIDRO E-CR 13M 400DAN;21/03/2024;30/08/2026;MC12001;;;;CDFL;INVT;0;UN;0;UN;3.961,00;BRL;1;7.752.029,00;16;0;1
4019311;1;1011711    POOL ENGENHARIA, SERVICO, INDUSTRIA;4600002545;80;WK;K;A07;;19/03/2024;401931;POSTE FIBRA VIDRO E-CR 13M 600DAN;21/03/2024;30/08/2026;MC12001;;;;CDFL;INVT;0;UN;0;UN;4.482,00;BRL;1;7.752.029,00;4;0;1
4022421;1;1011711    POOL ENGENHARIA, SERVICO, INDUSTRIA;4600002545;40;WK;K;A07;;19/03/2024;402242;POSTE FIBRA VIDRO E-CR 11M 600DAN;21/03/2024;30/08/2026;MC12001;;;;CDFL;INVT;0;UN;0;UN;3.060,00;BRL;1;7.752.029,00;586;0;1
4005121;1;1003137    INCESA INDUSTRIA DE COMPONENTES ELE;4600003529;10;WK;K;A12;;11/03/2026;400512;CONECTOR DER CUNHA AL 1/0AWG 336,4MCM;11/03/2026;11/09/2026;MC12002;;;;CDFL;INVT;0;UN;0;UN;34,78;BRL;1;35.589,82;352;0;1
4010341;1;1003137    INCESA INDUSTRIA DE COMPONENTES ELE;4600003529;20;WK;K;A12;;11/03/2026;401034;CONECTOR DER CUNH AZ AL 4/0 2/0 336,4MCM;11/03/2026;11/09/2026;MC12002;;;;CDFL;INVT;0;UN;0;UN;11,57;BRL;1;35.589,82;1.327;0;1
4021851;1;1003137    INCESA INDUSTRIA DE COMPONENTES ELE;4600003529;30;WK;K;A12;;11/03/2026;402185;CONECTOR DER CUNHA ESTRIBO 336,4 MCM;11/03/2026;11/09/2026;MC12002;;;;CDFL;INVT;0;UN;0;UN;30,98;BRL;1;35.589,82;47;0;1
4093011;1;1003243    VORTICE TECNOLOGIA EM PROJETOS ELET;4600003345;10;WK;K;A01;;26/08/2025;409301;UNID REMOTA ESENSOR-RL IP67 UL94HB;11/09/2025;11/09/2026;MC20801;;;;CDFL;INVT;0;UN;0;UN;2.778,00;BRL;1;25.002,00;9;0;1
8005571;1;1003137    INCESA INDUSTRIA DE COMPONENTES ELE;4600003529;50;WK;K;A12;;11/03/2026;800557;CONECTOR DER CUNHA ESTRIBO 336,4 MCM;11/03/2026;11/09/2026;MC12002;;;;CDFL;CUST;0;UN;0;UN;30,98;BRL;1;35.589,82;6;0;1
8008131;1;1003137    INCESA INDUSTRIA DE COMPONENTES ELE;4600003529;40;WK;K;A12;;11/03/2026;800813;CONECTOR DER CUNH AZ AL 2/0 4/0 336,4MCM;11/03/2026;11/09/2026;MC12002;;;;CDFL;CUST;0;UN;0;UN;11,57;BRL;1;35.589,82;549;0;1
4004361;1;1011663    DAX ENERGY EQUIPAMENTOS E SISTEMAS;4600003340;10;WK;K;A12;;20/08/2025;400436;CHAVE 1P 15KV 400A 12,5KA AUT VACUO 125K;12/09/2025;12/09/2026;MC10202;;;;CDFL;INVT;0;UN;0;UN;12.945,92;BRL;1;204.279,56;4;0;1
4014051;1;1011663    DAX ENERGY EQUIPAMENTOS E SISTEMAS;4600003340;20;WK;K;A12;;20/08/2025;401405;CHAVE SECC 3P 15KV 400A 12,5KA;12/09/2025;12/09/2026;MC10202;;;;CDFL;INVT;0;UN;0;UN;25.415,98;BRL;1;204.279,56;6;0;1
4015471;1;1007001    TECFIBRAS INDUSTRIA E COMERCIO IMPO;4600003045;30;WK;K;A16;;07/03/2025;401547;CRUZETA POL PE/FBN 90X112,5X2400MM;12/03/2025;12/09/2026;MC12001;;;;CDFL;INVT;0;UN;0;UN;247,50;BRL;1;4.370.080,00;1.574;493;1
4019591;1;1007001    TECFIBRAS INDUSTRIA E COMERCIO IMPO;4600003045;20;WK;K;A16;;07/03/2025;401959;CRUZETA POL FBV/RES PES 2400X112,5X90MM;12/03/2025;12/09/2026;MC12001;;;;CDFL;INVT;0;UN;0;UN;162,50;BRL;1;4.370.080,00;4.001;0;1
4073551;1;1007001    TECFIBRAS INDUSTRIA E COMERCIO IMPO;4600003045;10;WK;K;A16;;07/03/2025;407355;CRUZETA POL FBV/RES 2400X112,5X90MM DAT;12/03/2025;12/09/2026;MC12001;;;;CDFL;INVT;0;UN;0;UN;162,50;BRL;1;4.370.080,00;5.370;3.923;1
8008471;1;1007001    TECFIBRAS INDUSTRIA E COMERCIO IMPO;4600003045;70;WK;K;A16;;07/03/2025;800847;CRUZETA POL PE/FBN 90X112,5X2400MM;12/03/2025;12/09/2026;MC12001;;;;CDFL;CUST;0;UN;0;UN;247,50;BRL;1;4.370.080,00;8.019;3.162;1
8009011;1;1007001    TECFIBRAS INDUSTRIA E COMERCIO IMPO;4600003045;60;WK;K;A16;;07/03/2025;800901;CRUZETA POL PE/FBN 90X112,5X1200MM;12/03/2025;12/09/2026;MC12001;;;;CDFL;CUST;0;UN;0;UN;124,50;BRL;1;4.370.080,00;150;150;1
8011121;1;1007001    TECFIBRAS INDUSTRIA E COMERCIO IMPO;4600003045;50;WK;K;A16;;07/03/2025;801112;CRUZETA POL FBV/RES PES 2400X112,5X90MM;12/03/2025;12/09/2026;MC12001;;;;CDFL;CUST;0;UN;0;UN;162,50;BRL;1;4.370.080,00;2.722;0;1
8045651;1;1007001    TECFIBRAS INDUSTRIA E COMERCIO IMPO;4600003045;40;WK;K;A16;;07/03/2025;804565;CRUZETA POL FBV/RES 2400X112,5X90MM DAT;12/03/2025;12/09/2026;MC03201;;;;CDFL;CUST;0;UN;0;UN;162,50;BRL;1;4.370.080,00;74;0;1
4001831;1;1003382    ELETRA INDUSTRIA E COMERCIO DE MEDI;4600003362;10;MK;K;A13;;10/09/2025;400183;MEDIDOR ELETR 2F 2EL 120V 15/120A;16/09/2025;16/09/2026;MC12501;;;;CDFL;INVT;0;UN;0;UN;605,69;BRL;1;62.893,09;81;0;1
4023221;1;1003382    ELETRA INDUSTRIA E COMERCIO DE MEDI;4600003362;20;MK;K;A13;;10/09/2025;402322;MEDIDOR ELET 3F 3EL 120V 15A BIDIREC;16/09/2025;16/09/2026;MC12501;;;;CDFL;INVT;0;UN;0;UN;691,61;BRL;1;62.893,09;20;0;1
4093021;1;1003243    VORTICE TECNOLOGIA EM PROJETOS ELET;4600003369;30;WK;K;A12;;12/09/2025;409302;SENSOR DE CRTE TIPO ABRT 400A-5 P/ URBT;17/09/2025;17/09/2026;MC22102;;;;CDFL;INVT;0;UN;0;UN;495,00;BRL;1;326.700,00;360;360;1
4001421;1;1003137    INCESA INDUSTRIA DE COMPONENTES ELE;4600003564;20;WK;K;GAE;;30/03/2026;400142;GRAMPO LV OLHAL 18MM 10-120/10-70MM2;30/03/2026;30/09/2026;MC12002;;;;CDFL;CUST;0;UN;0;UN;51,80;BRL;1;346.852,80;1;1;1
4001422;2;1003137    INCESA INDUSTRIA DE COMPONENTES ELE;4600003564;40;WK;K;GAE;;30/03/2026;400142;GRAMPO LV OLHAL 18MM 10-120/10-70MM2;30/03/2026;30/09/2026;MC12002;;;;CDFL;INVT;0;UN;0;UN;51,80;BRL;1;346.852,80;2.000;0;1
8007171;1;1003137    INCESA INDUSTRIA DE COMPONENTES ELE;4600003564;10;WK;K;GAE;;30/03/2026;800717;GRAMPO LV OLHAL 18MM 10-120/10-70MM2;30/03/2026;30/09/2026;MC12002;;;;CDFL;CUST;0;UN;0;UN;51,80;BRL;1;346.852,80;1;1;1
8007172;2;1003137    INCESA INDUSTRIA DE COMPONENTES ELE;4600003564;30;WK;K;GAE;;30/03/2026;800717;GRAMPO LV OLHAL 18MM 10-120/10-70MM2;30/03/2026;30/09/2026;MC12002;;;;CDFL;CUST;0;UN;0;UN;51,80;BRL;1;346.852,80;1.214;0;1
4001111;1;1010868    ONIX DISTRIBUIDORA DE PRODUTOS ELET;4600003074;30;WK;K;A01;;17/03/2025;400111;ISOLADOR CAST PORC 13,8KV 90MM 3400DAN;18/03/2025;01/10/2026;MC10902;;;;CDFL;INVT;0;UN;0;UN;11,92;BRL;1;234.345,98;131;0;1
4001112;2;1010868    ONIX DISTRIBUIDORA DE PRODUTOS ELET;4600003074;50;WK;K;A01;;17/03/2025;400111;ISOLADOR CAST PORC 13,8KV 90MM 3400DAN;18/03/2025;01/10/2026;MC10902;;;;CDFL;INVT;0;UN;0;UN;11,92;BRL;1;234.345,98;573;0;1
4001401;1;1010868    ONIX DISTRIBUIDORA DE PRODUTOS ELET;4600003074;40;WK;K;A01;;17/03/2025;400140;ISOLADOR RODL PORC 15KV 81X47MM 1350DAN;18/03/2025;01/10/2026;MC10902;;;;CDFL;INVT;0;UN;0;UN;7,59;BRL;1;234.345,98;29.770;11.540;1
8006301;1;1010868    ONIX DISTRIBUIDORA DE PRODUTOS ELET;4600003074;10;WK;K;A01;;17/03/2025;800630;ISOLADOR CAST PORC 13,8KV 90MM 3400DAN;18/03/2025;01/10/2026;MC10902;;;;CDFL;CUST;0;UN;0;UN;11,92;BRL;1;234.345,98;570;0;1
8009441;1;1010868    ONIX DISTRIBUIDORA DE PRODUTOS ELET;4600003074;20;WK;K;A01;;17/03/2025;800944;ISOLADOR RODL PORC 15KV 81X47MM 1350DAN;18/03/2025;01/10/2026;MC10902;;;;CDFL;CUST;0;UN;0;UN;7,59;BRL;1;234.345,98;27.750;16.050;1
8004541;1;1023763    WHITE MARTINS GASES INDUSTRIAIS DO;4600003533;10;WK;K;A12;;16/03/2026;800454;GAS HEXAFLUORETO ENXOFRE SF6;16/03/2026;22/10/2026;MC03001;;;;CDFL;CUST;0;KG;0;KG;454,26;BRL;1;181.704,00;150;0;1
8004542;2;1023763    WHITE MARTINS GASES INDUSTRIAIS DO;4600003533;20;WK;K;A12;;16/03/2026;800454;GAS HEXAFLUORETO ENXOFRE SF6;16/03/2026;22/10/2026;MC03001;;;;CDFL;CUST;0;KG;0;KG;454,26;BRL;1;181.704,00;100;0;1
8004543;3;1023763    WHITE MARTINS GASES INDUSTRIAIS DO;4600003533;30;WK;K;A12;;16/03/2026;800454;GAS HEXAFLUORETO ENXOFRE SF6;16/03/2026;22/10/2026;MC03001;;;;CDFL;CUST;0;KG;0;KG;454,26;BRL;1;181.704,00;150;0;1
4089941;1;1004591    REAL ENERGIA EIRELI;4600003073;20;WK;K;A01;;17/03/2025;408994;ISOLADOR PINO, POLIMERICO COM TRAVAS;18/03/2025;30/10/2026;MC12002;;;;CDFL;INVT;0;UN;0;UN;22,00;BRL;1;419.980,00;4.790;0;1
4089942;2;1004591    REAL ENERGIA EIRELI;4600003073;40;WK;K;A01;;17/03/2025;408994;ISOLADOR PINO, POLIMERICO COM TRAVAS;18/03/2025;30/10/2026;MC12002;;;;CDFL;INVT;0;UN;0;UN;22,00;BRL;1;419.980,00;3.610;3.610;1
4089943;3;1004591    REAL ENERGIA EIRELI;4600003073;50;WK;K;A01;;17/03/2025;408994;ISOLADOR PINO, POLIMERICO COM TRAVAS;18/03/2025;30/10/2026;MC12002;;;;CDFL;INVT;0;UN;0;UN;22,00;BRL;1;419.980,00;3.610;0;1
8044211;1;1004591    REAL ENERGIA EIRELI;4600003073;10;WK;K;A01;;17/03/2025;804421;ISOLADOR PINO, POLIMERICO COM TRAVAS;18/03/2025;30/10/2026;MC12002;;;;CDFL;CUST;0;UN;0;UN;22,00;BRL;1;419.980,00;4.247;0;1
4005061;1;1003780    INTELLI INDUSTRIA DE TERMINAIS ELET;4600003530;20;WK;K;A12;;11/03/2026;400506;CONECTOR DER CU 13-34MM2;11/03/2026;11/11/2026;MC12002;;;;CDFL;INVT;0;UN;0;UN;9,64;BRL;1;76.764,82;5.710;0;1
4021551;1;1003780    INTELLI INDUSTRIA DE TERMINAIS ELET;4600003530;10;WK;K;A12;;11/03/2026;402155;CONECTOR DER CUNHA AL 2AWG 336,4MCM;11/03/2026;11/11/2026;MC12002;;;;CDFL;INVT;0;UN;0;UN;12,06;BRL;1;76.764,82;271;0;1
8008861;1;1003780    INTELLI INDUSTRIA DE TERMINAIS ELET;4600003530;30;WK;K;A12;;11/03/2026;800886;CONECTOR DER CUNHA AL 2/0AWG 336,4MCM;11/03/2026;11/11/2026;MC12002;;;;CDFL;CUST;0;UN;0;UN;34,95;BRL;1;76.764,82;240;0;1
8012151;1;1003780    INTELLI INDUSTRIA DE TERMINAIS ELET;4600003530;40;WK;K;A12;;11/03/2026;801215;CONECTOR DER CU 13-34MM2;11/03/2026;11/11/2026;MC12002;;;;CDFL;CUST;0;UN;0;UN;9,64;BRL;1;76.764,82;1.044;0;1
4007901;1;1003799    CONIMEL EMPRESA DE MATERIAL ELETRIC;4600003204;10;WK;K;A12;;19/05/2025;400790;CONECTOR ATERRAMENTO HAST/CABO 3,5-9,4MM;21/05/2025;21/11/2026;MC10301;;;;CDFL;INVT;0;UN;0;UN;18,86;BRL;1;1.171.362,26;12.955;0;1
4015661;1;1003799    CONIMEL EMPRESA DE MATERIAL ELETRIC;4600003204;20;WK;K;A12;;19/05/2025;401566;CONECTOR PARAL AL 4/0AWG 1/0AWG;21/05/2025;21/11/2026;MC10301;;;;CDFL;INVT;0;UN;0;UN;18,69;BRL;1;1.171.362,26;16.790;0;1
8000541;1;1003799    CONIMEL EMPRESA DE MATERIAL ELETRIC;4600003204;30;WK;K;A12;;19/05/2025;800054;CONECTOR ATERRAMENTO HAST/CABO 3,5-9,4MM;21/05/2025;21/11/2026;MC10301;;;;CDFL;CUST;0;UN;0;UN;18,86;BRL;1;1.171.362,26;18.621;0;1
8008891;1;1003799    CONIMEL EMPRESA DE MATERIAL ELETRIC;4600003204;40;WK;K;A12;;19/05/2025;800889;CONECTOR PARAL AL 4/0AWG 1/0AWG;21/05/2025;21/11/2026;MC10301;;;;CDFL;CUST;0;UN;0;UN;18,69;BRL;1;1.171.362,26;14.020;0;1
4004591;1;1003949    FLEX INDUSTRIA DE FIOS E CABOS ELET;4600003584;120;MK;K;A13;;20/04/2026;400459;CABO ELETR 15KV AL PROT XLPE 35MM2 1F MT;20/04/2026;18/12/2026;MC10101;;;;CDFL;INVT;0;M;0;M;4,26;BRL;1;5.936.690,48;2.700;1.500;1
4007081;1;1003949    FLEX INDUSTRIA DE FIOS E CABOS ELET;4600003584;110;MK;K;A13;;20/04/2026;400708;CABO ELETR 15KV AL PROT XLPE 50MM2 1F MT;20/04/2026;18/12/2026;MC10101;;;;CDFL;INVT;0;M;0;M;5,64;BRL;1;5.936.690,48;103.685;60.685;1
4007301;1;1003949    FLEX INDUSTRIA DE FIOS E CABOS ELET;4600003584;90;MK;K;A13;;20/04/2026;400730;CABO ELET 15KV AL PROT XLPE 185MM2 1F MT;20/04/2026;18/12/2026;MC10101;;;;CDFL;INVT;0;M;0;M;17,92;BRL;1;5.936.690,48;193.419;113.419;1
4008211;1;1003949    FLEX INDUSTRIA DE FIOS E CABOS ELET;4600003584;140;MK;K;A13;;20/04/2026;400821;CABO ELET 15KV AL PROT XLPE 120MM2 1F MT;20/04/2026;18/12/2026;MC10101;;;;CDFL;INVT;0;M;0;M;12,49;BRL;1;5.936.690,48;9.000;5.000;1
4073361;1;1003949    FLEX INDUSTRIA DE FIOS E CABOS ELET;4600003584;150;MK;K;A13;;20/04/2026;407336;CABO ELETR 15KV AL PROT XLPE 70MM2 1F MT;20/04/2026;18/12/2026;MC10101;;;;CDFL;INVT;0;M;0;M;7,66;BRL;1;5.936.690,48;10.847;4.347;1
8000331;1;1003949    FLEX INDUSTRIA DE FIOS E CABOS ELET;4600003584;100;MK;K;A13;;20/04/2026;800033;CABO ELETR 15KV AL PROT XLPE 50MM2 1F MT;20/04/2026;18/12/2026;MC10101;;;;CDFL;CUST;0;M;0;M;5,64;BRL;1;5.936.690,48;3.238;1.738;1
8000601;1;1003949    FLEX INDUSTRIA DE FIOS E CABOS ELET;4600003584;80;MK;K;A13;;20/04/2026;800060;CABO ELET 15KV AL PROT XLPE 185MM2 1F MT;20/04/2026;18/12/2026;MC10101;;;;CDFL;CUST;0;M;0;M;17,92;BRL;1;5.936.690,48;2.070;0;1
8009811;1;1003949    FLEX INDUSTRIA DE FIOS E CABOS ELET;4600003584;130;MK;K;A13;;20/04/2026;800981;CABO ELETR 15KV AL PROT XLPE 35MM2 1F MT;20/04/2026;18/12/2026;MC10101;;;;CDFL;CUST;0;M;0;M;4,26;BRL;1;5.936.690,48;2.220;1.220;1
4100521;1;1003423    M2M TELEMETRIA LTDA;4600003461;10;WK;K;GAE;;19/12/2025;410052;MODULO DE COMUNIC REMOTA NB CAT-M SMA;19/12/2025;19/12/2026;MC12503;;;;CDFL;INVT;0;UN;0;UN;1.140,94;BRL;1;23.959,74;21;0;1
4048921;1;1007763    SIEMENS BRASIL LTDA;4600003563;10;WK;K;A12;;30/03/2026;404892;DISJ 3P 17,5KV 1.250A 25KA SION 3AE 1284;30/03/2026;13/02/2027;MC20502;;;;CDFL;INVT;0;UN;0;UN;213.546,36;BRL;1;809.340,64;2;0;1
4092321;1;1007763    SIEMENS BRASIL LTDA;4600003563;40;WK;K;A12;;30/03/2026;409232;CAMPANULAS DISJUNTOR SION;30/03/2026;13/02/2027;MC10902;;;;CDFL;INVT;0;UN;0;UN;1.067,73;BRL;1;809.340,64;60;30;1
4092331;1;1007763    SIEMENS BRASIL LTDA;4600003563;50;WK;K;A12;;30/03/2026;409233;BUCHA DE PASSAGEM GVL-2215E;30/03/2026;13/02/2027;MC10902;;;;CDFL;INVT;0;UN;0;UN;1.708,37;BRL;1;809.340,64;30;15;1
4098161;1;1007763    SIEMENS BRASIL LTDA;4600003563;20;WK;K;A12;;30/03/2026;409816;DISJ 3P 15KV 2000A 31,5KA 3AH3165-4;30/03/2026;13/02/2027;MC20501;;;;CDFL;INVT;0;UN;0;UN;164.430,70;BRL;1;809.340,64;1;0;1
4098171;1;1007763    SIEMENS BRASIL LTDA;4600003563;30;WK;K;A12;;30/03/2026;409817;DISJ 3P 17,5KV 1250A 25KA 3AH5214-2;30/03/2026;13/02/2027;MC20501;;;;CDFL;INVT;0;UN;0;UN;160.159,77;BRL;1;809.340,64;1;0;1
4101771;1;1012974    FRONTEC INDUSTRIA DE COMPONENTES DE;4600003494;10;WK;K;A14;;20/02/2026;410177;ABRACADEIRA AÇO INOX 304 – 362X7,90MM;20/02/2026;20/02/2027;MC02901;;;;CDFL;INVT;0;UN;0;UN;1,85;BRL;1;164.879,40;89.128;28;1
4038041;1;1013808    PREFORMAX DO BRASIL LTDA;4600003500;20;WK;K;A01;;23/02/2026;403804;ALCA PREFORM 6,4MM 1/4P AM 635MM;23/02/2026;23/02/2027;MC11001;;;;CDFL;INVT;0;UN;0;UN;5,90;BRL;1;250.555,30;8.994;0;1
4011271;1;1006698    AMAZONPOSTES INDUSTRIA DE ARTEFATOS;4600003506;10;WK;K;A01;;25/02/2026;401127;POSTE CONCRETO ARM DUPL T 11M 600KGF;25/02/2026;25/02/2027;MC13001;;;;CDFL;INVT;0;UN;0;UN;1.798,00;BRL;1;550.188,00;306;0;1
4011271;1;1003866    ARCOMA DA AMAZONIA IND E COM LTDA;4600003507;10;WK;K;A01;;25/02/2026;401127;POSTE CONCRETO ARM DUPL T 11M 600KGF;25/02/2026;25/02/2027;MC13001;;;;CDFL;INVT;0;UN;0;UN;1.798,00;BRL;1;550.188,00;306;306;1
4035131;1;1009099    SAFELOCK PRODUTOS DE SEGURANCA INDU;4600003505;10;WK;K;A01;;25/02/2026;403513;ENVELOPE DE PLAST COM FECHO DE SEG;25/02/2026;25/02/2027;MC12503;;;;CDFL;INVT;0;UN;0;UN;4,35;BRL;1;111.529,65;25.639;25.639;1
4003181;1;1020062    CROSSFOX COMERCIO;4600003515;70;WK;K;A01;;02/03/2026;400318;CONECTOR AUTO PERF 50-120/4-35MM2;02/03/2026;02/03/2027;MC12002;;;;CDFL;INVT;0;UN;0;UN;12,50;BRL;1;1.702.276,60;7.000;0;1
4003591;1;1013808    PREFORMAX DO BRASIL LTDA;4600003517;20;WK;K;A01;;02/03/2026;400359;ALCA PREFORM ESTAI 3/8P 9,5MM 889MM;02/03/2026;02/03/2027;MC11001;;;;CDFL;INVT;0;UN;0;UN;17,30;BRL;1;528.996,17;963;0;1
4005061;1;1020062    CROSSFOX COMERCIO;4600003515;20;WK;K;A01;;02/03/2026;400506;CONECTOR DER CU 13-34MM2;02/03/2026;02/03/2027;MC12002;;;;CDFL;INVT;0;UN;0;UN;9,50;BRL;1;1.702.276,60;5.680;2.350;1
4007901;1;1020062    CROSSFOX COMERCIO;4600003515;40;WK;K;A01;;02/03/2026;400790;CONECTOR ATERR REFORÇ HAST/CAB 5/8-35MM2;02/03/2026;02/03/2027;MC10301;;;;CDFL;INVT;0;UN;0;UN;13,20;BRL;1;1.702.276,60;13.720;13.720;1
4014651;1;1009904    TAF INDUSTRIA DE PLASTICOS LTDA;4600003514;10;WK;K;A01;;02/03/2026;401465;CONECTOR PERF AL 16-120MM2 / 16-120MM2;02/03/2026;02/03/2027;MC12002;;;;CDFL;INVT;0;UN;0;UN;10,51;BRL;1;345.821,04;32.904;28.824;1
4015001;1;1020062    CROSSFOX COMERCIO;4600003515;10;WK;K;A01;;02/03/2026;401500;CONECTOR DER CUNHA AL 2/0AWG 4/0AWG;02/03/2026;02/03/2027;MC12002;;;;CDFL;INVT;0;UN;0;UN;15,80;BRL;1;1.702.276,60;582;0;1
4035801;1;1013808    PREFORMAX DO BRASIL LTDA;4600003517;60;WK;K;A01;;02/03/2026;403580;ALCA PREFORM CABO CONC 3X35 + 35;02/03/2026;02/03/2027;MC11001;;;;CDFL;INVT;0;UN;0;UN;13,36;BRL;1;528.996,17;6.162;0;1
4035802;2;1013808    PREFORMAX DO BRASIL LTDA;4600003517;120;WK;K;A01;;02/03/2026;403580;ALCA PREFORM CABO CONC 3X35 + 35;02/03/2026;02/03/2027;MC11001;;;;CDFL;INVT;0;UN;0;UN;13,96;BRL;1;528.996,17;6.609;0;1
4036471;1;1013808    PREFORMAX DO BRASIL LTDA;4600003517;40;WK;K;A01;;02/03/2026;403647;ALCA PREFORM CABO CONC 3X95 +70;02/03/2026;02/03/2027;MC11001;;;;CDFL;INVT;0;UN;0;UN;34,29;BRL;1;528.996,17;6.930;0;1
4036472;2;1013808    PREFORMAX DO BRASIL LTDA;4600003517;100;WK;K;A01;;02/03/2026;403647;ALCA PREFORM CABO CONC 3X95 +70;02/03/2026;02/03/2027;MC11001;;;;CDFL;INVT;0;UN;0;UN;34,29;BRL;1;528.996,17;122;0;1
4036751;1;1013808    PREFORMAX DO BRASIL LTDA;4600003517;70;WK;K;A01;;02/03/2026;403675;ALCA PREFORM CABO CONC  3X25 + 25;02/03/2026;02/03/2027;MC11001;;;;CDFL;INVT;0;UN;0;UN;8,27;BRL;1;528.996,17;7.675;0;1
4038041;1;1013808    PREFORMAX DO BRASIL LTDA;4600003517;90;WK;K;A01;;02/03/2026;403804;ALCA PREFORM 6,4MM 1/4P AM 635MM;02/03/2026;02/03/2027;MC11001;;;;CDFL;INVT;0;UN;0;UN;5,90;BRL;1;528.996,17;2.029;0;1
4047321;1;1020062    CROSSFOX COMERCIO;4600003515;30;WK;K;A01;;02/03/2026;404732;CONECTOR PERFUR 50-185MM MED TENSAO 15KV;02/03/2026;02/03/2027;MC10301;;;;CDFL;INVT;0;UN;0;UN;86,00;BRL;1;1.702.276,60;14.984;8.984;1
4070941;1;1012258    G.O. CARDOSO INDUSTRIA E COMERCIO D;4600003502;20;WK;K;GAE;;24/02/2026;407094;SEALTUBO 1.1/2 FLEX ESP. AÇO CAPA PVC;02/03/2026;02/03/2027;MC03501;;;;CDFL;INVT;0;M;0;M;64,42;BRL;1;3.148.925,78;1;0;1
4070961;1;1012258    G.O. CARDOSO INDUSTRIA E COMERCIO D;4600003502;10;WK;K;GAE;;24/02/2026;407096;PROTETOR P/ CABO BT PVC COMP 2000MM;02/03/2026;02/03/2027;MC01204;;;;CDFL;INVT;0;PEÇ;0;PEÇ;197,61;BRL;1;3.148.925,78;1;0;1
4100471;1;1013808    PREFORMAX DO BRASIL LTDA;4600003517;50;WK;K;A01;;02/03/2026;410047;ALCA PREFORM CABO CONC  2X25 + 25;02/03/2026;02/03/2027;MC11001;;;;CDFL;INVT;0;UN;0;UN;7,88;BRL;1;528.996,17;6.234;0;1
4100472;2;1013808    PREFORMAX DO BRASIL LTDA;4600003517;110;WK;K;A01;;02/03/2026;410047;ALCA PREFORM CABO CONC  2X25 + 25;02/03/2026;02/03/2027;MC11001;;;;CDFL;INVT;0;UN;0;UN;1.856,00;BRL;1;528.996,17;1.856;0;1
8012151;1;1020062    CROSSFOX COMERCIO;4600003515;60;WK;K;A01;;02/03/2026;801215;CONECTOR DER CU 13-34MM2;02/03/2026;02/03/2027;MC12002;;;;CDFL;CUST;0;UN;0;UN;9,50;BRL;1;1.702.276,60;1.044;0;1
8024051;1;1013808    PREFORMAX DO BRASIL LTDA;4600003517;80;WK;K;A01;;02/03/2026;802405;ALCA PREFORM 6,4MM 1/4P AM 635MM;02/03/2026;02/03/2027;MC11001;;;;CDFL;CUST;0;UN;0;UN;6,20;BRL;1;528.996,17;85;0;1
4002281;1;1006698    AMAZONPOSTES INDUSTRIA DE ARTEFATOS;4600003522;10;WK;K;A01;;05/03/2026;400228;POSTE CONCRETO CIRC 9M 300DAN;05/03/2026;05/03/2027;MC13001;;;;CDFL;INVT;0;UN;0;UN;1.259,00;BRL;1;1.442.331,00;51;15;1
4012521;1;1006698    AMAZONPOSTES INDUSTRIA DE ARTEFATOS;4600003522;20;WK;K;A01;;05/03/2026;401252;POSTE CONCRETO TRON CON 13M 600DAN;05/03/2026;05/03/2027;MC13001;;;;CDFL;INVT;0;UN;0;UN;3.485,00;BRL;1;1.442.331,00;78;18;1
4021881;1;1006698    AMAZONPOSTES INDUSTRIA DE ARTEFATOS;4600003522;30;WK;K;A01;;05/03/2026;402188;POSTE CONCRETO TRON CON 11M 300KGF;05/03/2026;05/03/2027;MC13001;;;;CDFL;INVT;0;UN;0;UN;1.750,00;BRL;1;1.442.331,00;31;11;1
4023351;1;1006698    AMAZONPOSTES INDUSTRIA DE ARTEFATOS;4600003522;80;WK;K;A01;;05/03/2026;402335;POSTE CONCRETO TRON CON 13M 400KGF;05/03/2026;05/03/2027;MC13001;;;;CDFL;INVT;0;UN;0;UN;2.052,00;BRL;1;1.442.331,00;1;1;1
4023352;2;1006698    AMAZONPOSTES INDUSTRIA DE ARTEFATOS;4600003522;120;WK;K;A01;;05/03/2026;402335;POSTE CONCRETO TRON CON 13M 400KGF;05/03/2026;05/03/2027;MC13001;;;;CDFL;INVT;0;UN;0;UN;2.052,00;BRL;1;1.442.331,00;1;0;1
4025261;1;1006698    AMAZONPOSTES INDUSTRIA DE ARTEFATOS;4600003522;40;WK;K;A01;;05/03/2026;402526;POSTE CONC DUPL T 13/400;05/03/2026;05/03/2027;MC13001;;;;CDFL;INVT;0;UN;0;UN;2.052,00;BRL;1;1.442.331,00;10;0;1
4025262;2;1006698    AMAZONPOSTES INDUSTRIA DE ARTEFATOS;4600003522;110;WK;K;A01;;05/03/2026;402526;POSTE CONC DUPL T 13/400;05/03/2026;05/03/2027;MC13001;;;;CDFL;INVT;0;UN;0;UN;1.794,50;BRL;1;1.442.331,00;100;0;1
4025331;1;1006698    AMAZONPOSTES INDUSTRIA DE ARTEFATOS;4600003522;50;WK;K;A01;;05/03/2026;402533;POSTE CONC DUPL T 11/1000;05/03/2026;05/03/2027;MC13001;;;;CDFL;INVT;0;UN;0;UN;2.535,00;BRL;1;1.442.331,00;204;55;1
4026241;1;1006698    AMAZONPOSTES INDUSTRIA DE ARTEFATOS;4600003522;60;WK;K;A01;;05/03/2026;402624;POSTE CONC DUPL T 13/600;05/03/2026;05/03/2027;MC13001;;;;CDFL;INVT;0;UN;0;UN;2.310,00;BRL;1;1.442.331,00;213;58;1
4081591;1;1006698    AMAZONPOSTES INDUSTRIA DE ARTEFATOS;4600003522;70;WK;K;A01;;05/03/2026;408159;POSTE CONC ARM DUPL T 12M 300KGF;05/03/2026;05/03/2027;MC13001;;;;CDFL;INVT;0;UN;0;UN;1.715,00;BRL;1;1.442.331,00;5;0;1
4081611;1;1006698    AMAZONPOSTES INDUSTRIA DE ARTEFATOS;4600003522;90;WK;K;A01;;05/03/2026;408161;POSTE CONCRETO ARM TRON CON 12M 600KGF;05/03/2026;05/03/2027;MC13001;;;;CDFL;INVT;0;UN;0;UN;2.270,00;BRL;1;1.442.331,00;2;2;1
4081651;1;1006698    AMAZONPOSTES INDUSTRIA DE ARTEFATOS;4600003522;100;WK;K;A01;;05/03/2026;408165;POSTE CONCRETO ARM TRON CON 12M 300KGF;05/03/2026;05/03/2027;MC13001;;;;CDFL;INVT;0;UN;0;UN;1.850,00;BRL;1;1.442.331,00;2;2;1
4005941;1;1010257    MATCH SOLUTIONS FIOS E CABOS ELETRI;4600003519;10;MK;K;GAE;;03/03/2026;400594;CABO DE AÇO REVESTIDOS DE COBRE 35MM²;06/03/2026;06/03/2027;MC00201;;;;CDFL;INVT;0;KG;0;KG;76,00;BRL;1;1.238.800,00;1;1;1
4005942;2;1010257    MATCH SOLUTIONS FIOS E CABOS ELETRI;4600003519;20;MK;K;GAE;;03/03/2026;400594;CABO DE AÇO REVESTIDOS DE COBRE 35MM²;06/03/2026;06/03/2027;MC00201;;;;CDFL;INVT;0;KG;0;KG;76,00;BRL;1;1.238.800,00;15.000;7.000;1
8039071;1;1010257    MATCH SOLUTIONS FIOS E CABOS ELETRI;4600003519;30;MK;K;GAE;;03/03/2026;803907;CABO DE AÇO REVESTIDOS DE COBRE 35MM²;06/03/2026;06/03/2027;MC00201;;;;CDFL;CUST;0;KG;0;KG;76,00;BRL;1;1.238.800,00;2.000;0;1
4035791;1;1024079    KRAUSMULLER INDÚSTRIA E COMÉRCIO LT;4600003528;90;WK;K;A15;;10/03/2026;403579;CABO AL CONCENTRICO 3F 3X35+35MM2;10/03/2026;11/03/2027;MC10101;;;;CDFL;INVT;0;M;0;M;29,91;BRL;1;4.519.513,19;30.000;30.000;1
4035792;2;1024079    KRAUSMULLER INDÚSTRIA E COMÉRCIO LT;4600003528;100;WK;K;A15;;10/03/2026;403579;CABO AL CONCENTRICO 3F 3X35+35MM2;10/03/2026;11/03/2027;MC10101;;;;CDFL;INVT;0;M;0;M;29,91;BRL;1;4.519.513,19;30.000;30.000;1
4035793;3;1024079    KRAUSMULLER INDÚSTRIA E COMÉRCIO LT;4600003528;110;WK;K;A15;;10/03/2026;403579;CABO AL CONCENTRICO 3F 3X35+35MM2;10/03/2026;11/03/2027;MC10101;;;;CDFL;INVT;0;M;0;M;29,91;BRL;1;4.519.513,19;40.000;40.000;1
4035794;4;1024079    KRAUSMULLER INDÚSTRIA E COMÉRCIO LT;4600003528;120;WK;K;A15;;10/03/2026;403579;CABO AL CONCENTRICO 3F 3X35+35MM2;10/03/2026;11/03/2027;MC10101;;;;CDFL;INVT;0;M;0;M;29,91;BRL;1;4.519.513,19;45.409;45.409;1
8046321;1;1024079    KRAUSMULLER INDÚSTRIA E COMÉRCIO LT;4600003528;130;WK;K;A15;;10/03/2026;804632;CABO AL CONCENTRICO 2F 2X10+10MM2;10/03/2026;11/03/2027;MC10101;;;;CDFL;CUST;0;M;0;M;8,61;BRL;1;4.519.513,19;1.000;1.000;1
8046331;1;1024079    KRAUSMULLER INDÚSTRIA E COMÉRCIO LT;4600003528;140;WK;K;A15;;10/03/2026;804633;CABO AL CONCENTRICO 2F 2X16+16MM2;10/03/2026;11/03/2027;MC10101;;;;CDFL;CUST;0;M;0;M;12,17;BRL;1;4.519.513,19;1.000;1.000;1
8046421;1;1024079    KRAUSMULLER INDÚSTRIA E COMÉRCIO LT;4600003528;150;WK;K;A15;;10/03/2026;804642;CABO AL CONCENTRICO 3F 3X35+35MM2;10/03/2026;11/03/2027;MC10101;;;;CDFL;CUST;0;M;0;M;29,91;BRL;1;4.519.513,19;1.000;1.000;1
4007931;1;1003137    INCESA INDUSTRIA DE COMPONENTES ELE;4600003047;60;WK;K;A16;;07/03/2025;400793;CONECTOR PERF SIMP 6-35 / 6-35MM2;12/03/2025;12/03/2027;MC12002;;;;CDFL;INVT;0;UN;0;UN;9,48;BRL;1;10.498.238,60;27.700;17.700;1
4023071;1;1003137    INCESA INDUSTRIA DE COMPONENTES ELE;4600003047;20;WK;K;A16;;07/03/2025;402307;CONECTOR PERF AL 25-185MM2 / 1,5-35MM2;12/03/2025;12/03/2027;MC12002;;;;CDFL;INVT;0;UN;0;UN;64,60;BRL;1;10.498.238,60;92.000;0;1
4023072;2;1003137    INCESA INDUSTRIA DE COMPONENTES ELE;4600003047;70;WK;K;A16;;07/03/2025;402307;CONECTOR PERF 4 SAÍDAS 25-240MM2/1,5-35M;12/03/2025;12/03/2027;MC12002;;;;CDFL;INVT;0;UN;0;UN;60,64;BRL;1;10.498.238,60;56.643;41.643;1
8008801;1;1003137    INCESA INDUSTRIA DE COMPONENTES ELE;4600003047;40;WK;K;A16;;07/03/2025;800880;CONECTOR PERF SIMP 6-35 / 6-35MM2;12/03/2025;12/03/2027;MC12002;;;;CDFL;CUST;0;UN;0;UN;9,48;BRL;1;10.498.238,60;1.010;0;1
8012401;1;1003137    INCESA INDUSTRIA DE COMPONENTES ELE;4600003047;30;WK;K;A16;;07/03/2025;801240;CONECTOR PERF AL 25-185MM2 / 1,5-35MM2;12/03/2025;12/03/2027;MC12002;;;;CDFL;CUST;0;UN;0;UN;64,60;BRL;1;10.498.238,60;8.000;0;1
8038641;1;1003137    INCESA INDUSTRIA DE COMPONENTES ELE;4600003047;50;WK;K;A16;;07/03/2025;803864;CONECTOR PERF PRINC 16-120 DER 4-36 1AMP;12/03/2025;12/03/2027;MC10301;;;;CDFL;CUST;0;UN;0;UN;57,80;BRL;1;10.498.238,60;1.850;1.850;1
4013961;1;1003949    FLEX INDUSTRIA DE FIOS E CABOS ELET;4600003531;30;WK;K;A16;;13/03/2026;401396;CABO  MULT 3X25+1X25 MM² XLPE 0,6/1 KV;18/03/2026;18/03/2027;MC10101;;;;CDFL;INVT;0;M;0;M;11,09;BRL;1;121.102,80;5.700;0;1
8011891;1;1003949    FLEX INDUSTRIA DE FIOS E CABOS ELET;4600003531;40;WK;K;A16;;13/03/2026;801189;CABO  MULT 3X25+1X25 MM² XLPE 0,6/1 KV;18/03/2026;18/03/2027;MC10101;;;;CDFL;CUST;0;M;0;M;11,09;BRL;1;121.102,80;2.000;0;1
4054911;1;1003515    S V INSTALACOES LTDA;4600003555;10;WK;K;A14;;20/03/2026;405491;TERMINAL TUBULAR CU ESTANHADO 35MM2;20/03/2026;20/03/2027;MC10401;;;;CDFL;INVT;0;UN;0;UN;0,98;BRL;1;64.431,90;41.591;0;1
4018571;1;1003412    MAURIZIO  CIA LTDA;4600003554;20;WK;K;A01;;20/03/2026;401857;CHAVE FUSIVEL DIST 15KV 100A/10KA PORC;23/03/2026;23/03/2027;MC10801;;;;CDFL;INVT;0;UN;0;UN;258,00;BRL;1;3.501.240,00;1;1;1
4018572;2;1003412    MAURIZIO  CIA LTDA;4600003554;60;WK;K;A01;;20/03/2026;401857;CHAVE FUSIVEL DIST 15KV 100A/10KA PORC;23/03/2026;23/03/2027;MC10801;;;;CDFL;INVT;0;UN;0;UN;258,00;BRL;1;3.501.240,00;2.547;0;1
4022761;1;1003412    MAURIZIO  CIA LTDA;4600003554;30;WK;K;A01;;20/03/2026;402276;CHAVE FUSIVEL INDIC 15KV 200A/95KV BUC;23/03/2026;23/03/2027;MC10801;;;;CDFL;INVT;0;UN;0;UN;323,00;BRL;1;3.501.240,00;1;1;1
8002621;1;1003412    MAURIZIO  CIA LTDA;4600003554;50;WK;K;A01;;20/03/2026;800262;CHAVE FUSIVEL INDIC 15KV 200A/95KV BUC;23/03/2026;23/03/2027;MC10801;;;;CDFL;CUST;0;UN;0;UN;323,00;BRL;1;3.501.240,00;1;1;1
8008171;1;1003412    MAURIZIO  CIA LTDA;4600003554;40;WK;K;A01;;20/03/2026;800817;CHAVE FUSIVEL DIST 15KV 100A/10KA PORC;23/03/2026;23/03/2027;MC10801;;;;CDFL;CUST;0;UN;0;UN;258,00;BRL;1;3.501.240,00;1;1;1
8008172;2;1003412    MAURIZIO  CIA LTDA;4600003554;70;WK;K;A01;;20/03/2026;800817;CHAVE FUSIVEL DIST 15KV 100A/10KA PORC;23/03/2026;23/03/2027;MC10801;;;;CDFL;CUST;0;UN;0;UN;258,00;BRL;1;3.501.240,00;2.347;0;1
4003441;1;1003152    ROMAGNOLE PRODUTOS ELETRICOS S.A.;4600003549;440;WK;K;GAE;;19/03/2026;400344;CINTA POSTE ACO 290MM;24/03/2026;24/03/2027;MC12002;;;;CDFL;INVT;0;UN;0;UN;27,40;BRL;1;171.802,72;60;0;1
4004781;1;1003152    ROMAGNOLE PRODUTOS ELETRICOS S.A.;4600003549;60;WK;K;GAE;;19/03/2026;400478;CINTA POSTE CIRC ACO 190MM;24/03/2026;24/03/2027;MC12002;;;;CDFL;INVT;0;UN;0;UN;20,32;BRL;1;171.802,72;1;1;1
4004782;2;1003152    ROMAGNOLE PRODUTOS ELETRICOS S.A.;4600003549;270;WK;K;GAE;;19/03/2026;400478;CINTA POSTE CIRC ACO 190MM;24/03/2026;24/03/2027;MC12002;;;;CDFL;INVT;0;UN;0;UN;20,32;BRL;1;171.802,72;280;0;1
4004961;1;1003152    ROMAGNOLE PRODUTOS ELETRICOS S.A.;4600003549;130;WK;K;GAE;;19/03/2026;400496;CINTA POSTE CIRC ACO 240MM;24/03/2026;24/03/2027;MC12002;;;;CDFL;INVT;0;UN;0;UN;24,43;BRL;1;171.802,72;1;1;1
4004962;2;1003152    ROMAGNOLE PRODUTOS ELETRICOS S.A.;4600003549;310;WK;K;GAE;;19/03/2026;400496;CINTA POSTE CIRC ACO 240MM;24/03/2026;24/03/2027;MC12002;;;;CDFL;INVT;0;UN;0;UN;24,43;BRL;1;171.802,72;310;0;1
4007711;1;1003152    ROMAGNOLE PRODUTOS ELETRICOS S.A.;4600003549;420;WK;K;GAE;;19/03/2026;400771;CINTA POSTE ACO 260MM;24/03/2026;24/03/2027;MC12002;;;;CDFL;INVT;0;UN;0;UN;25,12;BRL;1;171.802,72;65;0;1
4011171;1;1003152    ROMAGNOLE PRODUTOS ELETRICOS S.A.;4600003552;120;WK;K;GAE;;19/03/2026;401117;MAO-FRANCESA NORMAL AC 710X32X6,5MM;24/03/2026;24/03/2027;MC10701;;;;CDFL;INVT;0;UN;0;UN;13,69;BRL;1;1.836.339,18;1;1;1
4011172;2;1003152    ROMAGNOLE PRODUTOS ELETRICOS S.A.;4600003552;260;WK;K;GAE;;19/03/2026;401117;MAO-FRANCESA NORMAL AC 710X32X6,5MM;24/03/2026;24/03/2027;MC10701;;;;CDFL;INVT;0;UN;0;UN;13,69;BRL;1;1.836.339,18;4.400;0;1
4011173;3;1003152    ROMAGNOLE PRODUTOS ELETRICOS S.A.;4600003552;340;WK;K;GAE;;19/03/2026;401117;MAO-FRANCESA NORMAL AC 710X32X6,5MM;24/03/2026;24/03/2027;MC10701;;;;CDFL;INVT;0;UN;0;UN;13,69;BRL;1;1.836.339,18;1.290;0;1
4011174;4;1003152    ROMAGNOLE PRODUTOS ELETRICOS S.A.;4600003552;410;WK;K;GAE;;19/03/2026;401117;MAO-FRANCESA NORMAL AC 710X32X6,5MM;24/03/2026;24/03/2027;MC10701;;;;CDFL;INVT;0;UN;0;UN;13,69;BRL;1;1.836.339,18;1.700;0;1
4012711;1;1003152    ROMAGNOLE PRODUTOS ELETRICOS S.A.;4600003552;150;WK;K;GAE;;19/03/2026;401271;SAPATILHA CORDOALHA ACO 9,5MM (DESATIVAD;24/03/2026;24/03/2027;MC12002;;;;CDFL;INVT;0;UN;0;UN;1,50;BRL;1;1.836.339,18;1;1;1
4012712;2;1003152    ROMAGNOLE PRODUTOS ELETRICOS S.A.;4600003552;440;WK;K;GAE;;19/03/2026;401271;SAPATILHA CORDOALHA ACO 9,5MM (DESATIVAD;24/03/2026;24/03/2027;MC12002;;;;CDFL;INVT;0;UN;0;UN;1,50;BRL;1;1.836.339,18;3.000;0;1
4013751;1;1003152    ROMAGNOLE PRODUTOS ELETRICOS S.A.;4600003552;20;WK;K;GAE;;19/03/2026;401375;AFASTADOR REDE SEC AC 700MM 500MM;24/03/2026;24/03/2027;MC12002;;;;CDFL;INVT;0;UN;0;UN;136,33;BRL;1;1.836.339,18;1;1;1
4013752;2;1003152    ROMAGNOLE PRODUTOS ELETRICOS S.A.;4600003552;290;WK;K;GAE;;19/03/2026;401375;AFASTADOR REDE SEC AC 700MM 500MM;24/03/2026;24/03/2027;MC12002;;;;CDFL;INVT;0;UN;0;UN;136,33;BRL;1;1.836.339,18;1.559;0;1
4013753;3;1003152    ROMAGNOLE PRODUTOS ELETRICOS S.A.;4600003552;300;WK;K;GAE;;19/03/2026;401375;AFASTADOR REDE SEC AC 700MM 500MM;24/03/2026;24/03/2027;MC12002;;;;CDFL;INVT;0;UN;0;UN;136,33;BRL;1;1.836.339,18;420;0;1
4013754;4;1003152    ROMAGNOLE PRODUTOS ELETRICOS S.A.;4600003552;360;WK;K;GAE;;19/03/2026;401375;AFASTADOR REDE SEC AC 700MM 500MM;24/03/2026;24/03/2027;MC12002;;;;CDFL;INVT;0;UN;0;UN;136,33;BRL;1;1.836.339,18;700;0;1
4014381;1;1003152    ROMAGNOLE PRODUTOS ELETRICOS S.A.;4600003549;180;WK;K;GAE;;19/03/2026;401438;CINTA POSTE CIRC ACO 270MM;24/03/2026;24/03/2027;MC12002;;;;CDFL;INVT;0;UN;0;UN;25,19;BRL;1;171.802,72;1;1;1
4014382;2;1003152    ROMAGNOLE PRODUTOS ELETRICOS S.A.;4600003549;360;WK;K;GAE;;19/03/2026;401438;CINTA POSTE CIRC ACO 270MM;24/03/2026;24/03/2027;MC12002;;;;CDFL;INVT;0;UN;0;UN;25,19;BRL;1;171.802,72;950;0;1
4014383;3;1003152    ROMAGNOLE PRODUTOS ELETRICOS S.A.;4600003549;500;WK;K;GAE;;19/03/2026;401438;CINTA POSTE CIRC ACO 270MM;24/03/2026;24/03/2027;MC12002;;;;CDFL;INVT;0;UN;0;UN;25,19;BRL;1;171.802,72;300;0;1
4014851;1;1003152    ROMAGNOLE PRODUTOS ELETRICOS S.A.;4600003552;40;WK;K;GAE;;19/03/2026;401485;BRACO SUPORTE TIPO C 580X365MM 851/6;24/03/2026;24/03/2027;MC12002;;;;CDFL;INVT;0;UN;0;UN;91,87;BRL;1;1.836.339,18;1;1;1
4014852;2;1003152    ROMAGNOLE PRODUTOS ELETRICOS S.A.;4600003552;190;WK;K;GAE;;19/03/2026;401485;BRACO SUPORTE TIPO C 580X365MM 851/6;24/03/2026;24/03/2027;MC12002;;;;CDFL;INVT;0;UN;0;UN;97,87;BRL;1;1.836.339,18;874;0;1
4014853;3;1003152    ROMAGNOLE PRODUTOS ELETRICOS S.A.;4600003552;370;WK;K;GAE;;19/03/2026;401485;BRACO SUPORTE TIPO C 580X365MM 851/6;24/03/2026;24/03/2027;MC12002;;;;CDFL;INVT;0;UN;0;UN;91,87;BRL;1;1.836.339,18;305;0;1
4015661;1;1003137    INCESA INDUSTRIA DE COMPONENTES ELE;4600003516;10;WK;K;A01;;02/03/2026;401566;CONECTOR PARAL AL 4/0AWG 1/0AWG;24/03/2026;24/03/2027;MC10301;;;;CDFL;INVT;0;UN;0;UN;9,89;BRL;1;247.720,18;6.382;0;1
4015761;1;1003152    ROMAGNOLE PRODUTOS ELETRICOS S.A.;4600003549;110;WK;K;GAE;;19/03/2026;401576;CINTA POSTE CIRC ACO 220MM;24/03/2026;24/03/2027;MC12002;;;;CDFL;INVT;0;UN;0;UN;22,30;BRL;1;171.802,72;1;1;1
4015762;2;1003152    ROMAGNOLE PRODUTOS ELETRICOS S.A.;4600003549;400;WK;K;GAE;;19/03/2026;401576;CINTA POSTE CIRC ACO 220MM;24/03/2026;24/03/2027;MC12002;;;;CDFL;INVT;0;UN;0;UN;22,30;BRL;1;171.802,72;400;0;1
4018031;1;1003152    ROMAGNOLE PRODUTOS ELETRICOS S.A.;4600003549;210;WK;K;GAE;;19/03/2026;401803;CINTA POSTE CIRC ACO 340MM;24/03/2026;24/03/2027;MC12002;;;;CDFL;INVT;0;UN;0;UN;31,63;BRL;1;171.802,72;1;1;1
4018032;2;1003152    ROMAGNOLE PRODUTOS ELETRICOS S.A.;4600003549;370;WK;K;GAE;;19/03/2026;401803;CINTA POSTE CIRC ACO 340MM;24/03/2026;24/03/2027;MC12002;;;;CDFL;INVT;0;UN;0;UN;31,63;BRL;1;171.802,72;247;0;1
4018033;3;1003152    ROMAGNOLE PRODUTOS ELETRICOS S.A.;4600003549;510;WK;K;GAE;;19/03/2026;401803;CINTA POSTE CIRC ACO 340MM;24/03/2026;24/03/2027;MC12002;;;;CDFL;INVT;0;UN;0;UN;31,63;BRL;1;171.802,72;20;0;1
4018441;1;1003152    ROMAGNOLE PRODUTOS ELETRICOS S.A.;4600003552;140;WK;K;GAE;;19/03/2026;401844;PERFIL U AC 76X900MM REDE COMPACTA;24/03/2026;24/03/2027;MC01206;;;;CDFL;INVT;0;UN;0;UN;83,13;BRL;1;1.836.339,18;1;1;1
4018442;2;1003152    ROMAGNOLE PRODUTOS ELETRICOS S.A.;4600003552;270;WK;K;GAE;;19/03/2026;401844;PERFIL U AC 76X900MM REDE COMPACTA;24/03/2026;24/03/2027;MC01206;;;;CDFL;INVT;0;UN;0;UN;83,13;BRL;1;1.836.339,18;2.361;0;1
4018443;3;1003152    ROMAGNOLE PRODUTOS ELETRICOS S.A.;4600003552;430;WK;K;GAE;;19/03/2026;401844;PERFIL U AC 76X900MM REDE COMPACTA;24/03/2026;24/03/2027;MC01206;;;;CDFL;INVT;0;UN;0;UN;83,13;BRL;1;1.836.339,18;1.200;0;1
4018921;1;1003152    ROMAGNOLE PRODUTOS ELETRICOS S.A.;4600003549;80;WK;K;GAE;;19/03/2026;401892;CINTA POSTE CIRC ACO 200MM;24/03/2026;24/03/2027;MC12002;;;;CDFL;INVT;0;UN;0;UN;20,89;BRL;1;171.802,72;1;1;1
4018922;2;1003152    ROMAGNOLE PRODUTOS ELETRICOS S.A.;4600003549;290;WK;K;GAE;;19/03/2026;401892;CINTA POSTE CIRC ACO 200MM;24/03/2026;24/03/2027;MC12002;;;;CDFL;INVT;0;UN;0;UN;20,89;BRL;1;171.802,72;450;0;1
4018923;3;1003152    ROMAGNOLE PRODUTOS ELETRICOS S.A.;4600003549;460;WK;K;GAE;;19/03/2026;401892;CINTA POSTE CIRC ACO 200MM;24/03/2026;24/03/2027;MC12002;;;;CDFL;INVT;0;UN;0;UN;20,89;BRL;1;171.802,72;300;0;1
4022021;1;1003152    ROMAGNOLE PRODUTOS ELETRICOS S.A.;4600003549;150;WK;K;GAE;;19/03/2026;402202;CINTA POSTE CIRC ACO 250MM;24/03/2026;24/03/2027;MC12002;;;;CDFL;INVT;0;UN;0;UN;24,56;BRL;1;171.802,72;1;1;1
4022022;2;1003152    ROMAGNOLE PRODUTOS ELETRICOS S.A.;4600003549;330;WK;K;GAE;;19/03/2026;402202;CINTA POSTE CIRC ACO 250MM;24/03/2026;24/03/2027;MC12002;;;;CDFL;INVT;0;UN;0;UN;24,56;BRL;1;171.802,72;810;0;1
4022023;3;1003152    ROMAGNOLE PRODUTOS ELETRICOS S.A.;4600003549;490;WK;K;GAE;;19/03/2026;402202;CINTA POSTE CIRC ACO 250MM;24/03/2026;24/03/2027;MC12002;;;;CDFL;INVT;0;UN;0;UN;27,61;BRL;1;171.802,72;300;0;1
4023241;1;1003152    ROMAGNOLE PRODUTOS ELETRICOS S.A.;4600003552;170;WK;K;GAE;;19/03/2026;402324;SELA CRUZETA POSTE AC 115MM 18MM;24/03/2026;24/03/2027;MC12002;;;;CDFL;INVT;0;UN;0;UN;9,02;BRL;1;1.836.339,18;1;1;1
4023242;2;1003152    ROMAGNOLE PRODUTOS ELETRICOS S.A.;4600003552;350;WK;K;GAE;;19/03/2026;402324;SELA CRUZETA POSTE AC 115MM 18MM;24/03/2026;24/03/2027;MC12002;;;;CDFL;INVT;0;UN;0;UN;9,02;BRL;1;1.836.339,18;580;0;1
4023321;1;1003152    ROMAGNOLE PRODUTOS ELETRICOS S.A.;4600003549;40;WK;K;GAE;;19/03/2026;402332;CINTA POSTE CIRC ACO 150MM;24/03/2026;24/03/2027;MC12002;;;;CDFL;INVT;0;UN;0;UN;18,90;BRL;1;171.802,72;1;1;1
4023322;2;1003152    ROMAGNOLE PRODUTOS ELETRICOS S.A.;4600003549;450;WK;K;GAE;;19/03/2026;402332;CINTA POSTE CIRC ACO 150MM;24/03/2026;24/03/2027;MC12002;;;;CDFL;INVT;0;UN;0;UN;18,90;BRL;1;171.802,72;33;0;1
4023731;1;1003152    ROMAGNOLE PRODUTOS ELETRICOS S.A.;4600003552;80;WK;K;GAE;;19/03/2026;402373;ESTRIBO BRACO L-EST-01 FOFO 200DAN;24/03/2026;24/03/2027;MC12002;;;;CDFL;INVT;0;UN;0;UN;11,91;BRL;1;1.836.339,18;1;1;1
4027121;1;1003152    ROMAGNOLE PRODUTOS ELETRICOS S.A.;4600003549;170;WK;K;GAE;;19/03/2026;402712;CINTA POSTE CIRC ACO 265MM;24/03/2026;24/03/2027;MC12002;;;;CDFL;INVT;0;UN;0;UN;25,12;BRL;1;171.802,72;1;1;1
4036661;1;1003152    ROMAGNOLE PRODUTOS ELETRICOS S.A.;4600003549;230;WK;K;GAE;;19/03/2026;403666;CINTA POSTE CIRC ACO 365MM;24/03/2026;24/03/2027;MC12002;;;;CDFL;INVT;0;UN;0;UN;34,15;BRL;1;171.802,72;1;1;1
4036662;2;1003152    ROMAGNOLE PRODUTOS ELETRICOS S.A.;4600003549;530;WK;K;GAE;;19/03/2026;403666;CINTA POSTE CIRC ACO 365MM;24/03/2026;24/03/2027;MC12002;;;;CDFL;INVT;0;UN;0;UN;34,15;BRL;1;171.802,72;30;0;1
4039311;1;1003152    ROMAGNOLE PRODUTOS ELETRICOS S.A.;4600003552;60;WK;K;GAE;;19/03/2026;403931;BRAÇO SUPORTE TIPO L HORIZONTAL  15 KV;24/03/2026;24/03/2027;MC12002;;;;CDFL;INVT;0;UN;0;UN;71,01;BRL;1;1.836.339,18;1;1;1
4039312;2;1003152    ROMAGNOLE PRODUTOS ELETRICOS S.A.;4600003552;210;WK;K;GAE;;19/03/2026;403931;BRAÇO SUPORTE TIPO L HORIZONTAL  15 KV;24/03/2026;24/03/2027;MC12002;;;;CDFL;INVT;0;UN;0;UN;71,01;BRL;1;1.836.339,18;4;0;1
4040541;1;1003152    ROMAGNOLE PRODUTOS ELETRICOS S.A.;4600003549;240;WK;K;GAE;;19/03/2026;404054;CINTA POSTE CIRC ACO 380MM;24/03/2026;24/03/2027;MC10701;;;;CDFL;INVT;0;UN;0;UN;33,98;BRL;1;171.802,72;1;1;1
4040542;2;1003152    ROMAGNOLE PRODUTOS ELETRICOS S.A.;4600003549;380;WK;K;GAE;;19/03/2026;404054;CINTA POSTE CIRC ACO 380MM;24/03/2026;24/03/2027;MC10701;;;;CDFL;INVT;0;UN;0;UN;33,98;BRL;1;171.802,72;280;0;1
4047191;1;1003152    ROMAGNOLE PRODUTOS ELETRICOS S.A.;4600003552;100;WK;K;GAE;;19/03/2026;404719;FIXADOR PERFIL U AC 150DAN 300DAN;24/03/2026;24/03/2027;MC10701;;;;CDFL;INVT;0;UN;0;UN;16,32;BRL;1;1.836.339,18;1;1;1
4047192;2;1003152    ROMAGNOLE PRODUTOS ELETRICOS S.A.;4600003552;250;WK;K;GAE;;19/03/2026;404719;FIXADOR PERFIL U AC 150DAN 300DAN;24/03/2026;24/03/2027;MC10701;;;;CDFL;INVT;0;UN;0;UN;16,32;BRL;1;1.836.339,18;2.219;0;1
4047193;3;1003152    ROMAGNOLE PRODUTOS ELETRICOS S.A.;4600003552;320;WK;K;GAE;;19/03/2026;404719;FIXADOR PERFIL U AC 150DAN 300DAN;24/03/2026;24/03/2027;MC10701;;;;CDFL;INVT;0;UN;0;UN;16,32;BRL;1;1.836.339,18;170;0;1
4047194;4;1003152    ROMAGNOLE PRODUTOS ELETRICOS S.A.;4600003552;390;WK;K;GAE;;19/03/2026;404719;FIXADOR PERFIL U AC 150DAN 300DAN;24/03/2026;24/03/2027;MC10701;;;;CDFL;INVT;0;UN;0;UN;16,32;BRL;1;1.836.339,18;800;0;1
4102001;1;1003137    INCESA INDUSTRIA DE COMPONENTES ELE;4600003516;30;WK;K;A01;;02/03/2026;410200; CONECTOR COMP TIPO H 95-95;24/03/2026;24/03/2027;MC12002;;;;CDFL;INVT;0;UN;0;UN;4,54;BRL;1;247.720,18;6.000;0;1
4102002;2;1003137    INCESA INDUSTRIA DE COMPONENTES ELE;4600003516;40;WK;K;A01;;02/03/2026;410200; CONECTOR COMP TIPO H 95-95;24/03/2026;24/03/2027;MC12002;;;;CDFL;INVT;0;UN;0;UN;4,54;BRL;1;247.720,18;25.647;10.647;1
8001921;1;1003152    ROMAGNOLE PRODUTOS ELETRICOS S.A.;4600003552;10;WK;K;GAE;;19/03/2026;800192;AFASTADOR REDE SEC AC 700MM 500MM;24/03/2026;24/03/2027;MC12002;;;;CDFL;CUST;0;UN;0;UN;136,33;BRL;1;1.836.339,18;1;1;1
8001922;2;1003152    ROMAGNOLE PRODUTOS ELETRICOS S.A.;4600003552;280;WK;K;GAE;;19/03/2026;800192;AFASTADOR REDE SEC AC 700MM 500MM;24/03/2026;24/03/2027;MC12002;;;;CDFL;CUST;0;UN;0;UN;136,33;BRL;1;1.836.339,18;12;0;1
8002561;1;1003152    ROMAGNOLE PRODUTOS ELETRICOS S.A.;4600003552;30;WK;K;GAE;;19/03/2026;800256;BRACO SUPORTE TIPO C 580X365MM 851/6;24/03/2026;24/03/2027;MC12002;;;;CDFL;INVT;0;UN;0;UN;91,87;BRL;1;1.836.339,18;1;1;1
8002562;2;1003152    ROMAGNOLE PRODUTOS ELETRICOS S.A.;4600003552;180;WK;K;GAE;;19/03/2026;800256;BRACO SUPORTE TIPO C 580X365MM 851/6;24/03/2026;24/03/2027;MC12002;;;;CDFL;CUST;0;UN;0;UN;91,87;BRL;1;1.836.339,18;87;0;1
8002563;3;1003152    ROMAGNOLE PRODUTOS ELETRICOS S.A.;4600003552;310;WK;K;GAE;;19/03/2026;800256;BRACO SUPORTE TIPO C 580X365MM 851/6;24/03/2026;24/03/2027;MC12002;;;;CDFL;CUST;0;UN;0;UN;97,87;BRL;1;1.836.339,18;10;0;1
8002601;1;1003152    ROMAGNOLE PRODUTOS ELETRICOS S.A.;4600003549;200;WK;K;GAE;;19/03/2026;800260;CINTA POSTE CIRC ACO 340MM;24/03/2026;24/03/2027;MC12002;;;;CDFL;INVT;0;UN;0;UN;31,63;BRL;1;171.802,72;1;1;1
8002602;2;1003152    ROMAGNOLE PRODUTOS ELETRICOS S.A.;4600003549;410;WK;K;GAE;;19/03/2026;800260;CINTA POSTE CIRC ACO 340MM;24/03/2026;24/03/2027;MC12002;;;;CDFL;CUST;0;UN;0;UN;31,63;BRL;1;171.802,72;174;0;1
8002631;1;1003152    ROMAGNOLE PRODUTOS ELETRICOS S.A.;4600003549;190;WK;K;GAE;;19/03/2026;800263;CINTA POSTE CIRC ACO 320MM;24/03/2026;24/03/2027;MC12002;;;;CDFL;INVT;0;UN;0;UN;31,03;BRL;1;171.802,72;1;1;1
8003521;1;1003152    ROMAGNOLE PRODUTOS ELETRICOS S.A.;4600003552;70;WK;K;GAE;;19/03/2026;800352;ESTRIBO BRACO L-EST-01 FOFO 200DAN;24/03/2026;24/03/2027;MC12002;;;;CDFL;INVT;0;UN;0;UN;11,91;BRL;1;1.836.339,18;1;1;1
8003691;1;1003152    ROMAGNOLE PRODUTOS ELETRICOS S.A.;4600003549;70;WK;K;GAE;;19/03/2026;800369;CINTA POSTE CIRC ACO 200MM;24/03/2026;24/03/2027;MC12002;;;;CDFL;INVT;0;UN;0;UN;20,89;BRL;1;171.802,72;1;1;1
8003692;2;1003152    ROMAGNOLE PRODUTOS ELETRICOS S.A.;4600003549;280;WK;K;GAE;;19/03/2026;800369;CINTA POSTE CIRC ACO 200MM;24/03/2026;24/03/2027;MC12002;;;;CDFL;CUST;0;UN;0;UN;20,89;BRL;1;171.802,72;100;0;1
8003711;1;1003152    ROMAGNOLE PRODUTOS ELETRICOS S.A.;4600003549;30;WK;K;GAE;;19/03/2026;800371;CINTA POSTE CIRC ACO 150MM;24/03/2026;24/03/2027;MC12002;;;;CDFL;INVT;0;UN;0;UN;18,90;BRL;1;171.802,72;1;1;1
8003901;1;1003152    ROMAGNOLE PRODUTOS ELETRICOS S.A.;4600003549;430;WK;K;GAE;;19/03/2026;800390;CINTA POSTE ACO 260MM;24/03/2026;24/03/2027;MC12002;;;;CDFL;CUST;0;UN;0;UN;25,12;BRL;1;171.802,72;70;0;1
8003921;1;1003152    ROMAGNOLE PRODUTOS ELETRICOS S.A.;4600003552;90;WK;K;GAE;;19/03/2026;800392;FIXADOR PERFIL U AC 150DAN 300DAN;24/03/2026;24/03/2027;MC10701;;;;CDFL;INVT;0;UN;0;UN;16,32;BRL;1;1.836.339,18;1;1;1
8003922;2;1003152    ROMAGNOLE PRODUTOS ELETRICOS S.A.;4600003552;220;WK;K;GAE;;19/03/2026;800392;FIXADOR PERFIL U AC 150DAN 300DAN;24/03/2026;24/03/2027;MC10701;;;;CDFL;CUST;0;UN;0;UN;16,32;BRL;1;1.836.339,18;42;0;1
8003923;3;1003152    ROMAGNOLE PRODUTOS ELETRICOS S.A.;4600003552;380;WK;K;GAE;;19/03/2026;800392;FIXADOR PERFIL U AC 150DAN 300DAN;24/03/2026;24/03/2027;MC10701;;;;CDFL;CUST;0;UN;0;UN;16,32;BRL;1;1.836.339,18;21;0;1
8004311;1;1003152    ROMAGNOLE PRODUTOS ELETRICOS S.A.;4600003549;140;WK;K;GAE;;19/03/2026;800431;CINTA POSTE CIRC ACO 250MM;24/03/2026;24/03/2027;MC12002;;;;CDFL;INVT;0;UN;0;UN;24,56;BRL;1;171.802,72;1;1;1
8004312;2;1003152    ROMAGNOLE PRODUTOS ELETRICOS S.A.;4600003549;320;WK;K;GAE;;19/03/2026;800431;CINTA POSTE CIRC ACO 250MM;24/03/2026;24/03/2027;MC12002;;;;CDFL;CUST;0;UN;0;UN;24,56;BRL;1;171.802,72;220;0;1
8004361;1;1003152    ROMAGNOLE PRODUTOS ELETRICOS S.A.;4600003549;120;WK;K;GAE;;19/03/2026;800436;CINTA POSTE CIRC ACO 240MM;24/03/2026;24/03/2027;MC12002;;;;CDFL;INVT;0;UN;0;UN;24,43;BRL;1;171.802,72;1;1;1
8004362;2;1003152    ROMAGNOLE PRODUTOS ELETRICOS S.A.;4600003549;300;WK;K;GAE;;19/03/2026;800436;CINTA POSTE CIRC ACO 240MM;24/03/2026;24/03/2027;MC12002;;;;CDFL;CUST;0;UN;0;UN;24,43;BRL;1;171.802,72;100;0;1
8004991;1;1003152    ROMAGNOLE PRODUTOS ELETRICOS S.A.;4600003552;110;WK;K;GAE;;19/03/2026;800499;MAO-FRANCESA NORMAL AC 710X32X6,5MM;24/03/2026;24/03/2027;MC10701;;;;CDFL;INVT;0;UN;0;UN;13,69;BRL;1;1.836.339,18;1;1;1
8004992;2;1003152    ROMAGNOLE PRODUTOS ELETRICOS S.A.;4600003552;230;WK;K;GAE;;19/03/2026;800499;MAO-FRANCESA NORMAL AC 710X32X6,5MM;24/03/2026;24/03/2027;MC10701;;;;CDFL;CUST;0;UN;0;UN;13,69;BRL;1;1.836.339,18;1.087;0;1
8004993;3;1003152    ROMAGNOLE PRODUTOS ELETRICOS S.A.;4600003552;330;WK;K;GAE;;19/03/2026;800499;MAO-FRANCESA NORMAL AC 710X32X6,5MM;24/03/2026;24/03/2027;MC10701;;;;CDFL;CUST;0;UN;0;UN;13,69;BRL;1;1.836.339,18;50;0;1
8004994;4;1003152    ROMAGNOLE PRODUTOS ELETRICOS S.A.;4600003552;400;WK;K;GAE;;19/03/2026;800499;MAO-FRANCESA NORMAL AC 710X32X6,5MM;24/03/2026;24/03/2027;MC10701;;;;CDFL;CUST;0;UN;0;UN;13,69;BRL;1;1.836.339,18;1.050;0;1
8008891;1;1003137    INCESA INDUSTRIA DE COMPONENTES ELE;4600003516;20;WK;K;A01;;02/03/2026;800889;CONECTOR PARAL AL 4/0AWG 1/0AWG;24/03/2026;24/03/2027;MC10301;;;;CDFL;CUST;0;UN;0;UN;9,89;BRL;1;247.720,18;4.138;0;1
8010441;1;1003152    ROMAGNOLE PRODUTOS ELETRICOS S.A.;4600003549;50;WK;K;GAE;;19/03/2026;801044;CINTA POSTE CIRC ACO 190MM;24/03/2026;24/03/2027;MC12002;;;;CDFL;INVT;0;UN;0;UN;20,32;BRL;1;171.802,72;1;1;1
8010442;2;1003152    ROMAGNOLE PRODUTOS ELETRICOS S.A.;4600003549;260;WK;K;GAE;;19/03/2026;801044;CINTA POSTE CIRC ACO 190MM;24/03/2026;24/03/2027;MC12002;;;;CDFL;CUST;0;UN;0;UN;20,32;BRL;1;171.802,72;130;0;1
8012371;1;1003152    ROMAGNOLE PRODUTOS ELETRICOS S.A.;4600003549;20;WK;K;GAE;;19/03/2026;801237;CINTA POSTE CIRC ACO 140MM;24/03/2026;24/03/2027;MC12002;;;;CDFL;INVT;0;UN;0;UN;18,38;BRL;1;171.802,72;1;1;1
8012561;1;1003152    ROMAGNOLE PRODUTOS ELETRICOS S.A.;4600003552;130;WK;K;GAE;;19/03/2026;801256;PERFIL U AC 76X900MM REDE COMPACTA;24/03/2026;24/03/2027;MC10701;;;;CDFL;INVT;0;UN;0;UN;83,13;BRL;1;1.836.339,18;1;1;1
8012562;2;1003152    ROMAGNOLE PRODUTOS ELETRICOS S.A.;4600003552;200;WK;K;GAE;;19/03/2026;801256;PERFIL U AC 76X900MM REDE COMPACTA;24/03/2026;24/03/2027;MC10701;;;;CDFL;CUST;0;UN;0;UN;83,13;BRL;1;1.836.339,18;19;0;1
8012563;3;1003152    ROMAGNOLE PRODUTOS ELETRICOS S.A.;4600003552;420;WK;K;GAE;;19/03/2026;801256;PERFIL U AC 76X900MM REDE COMPACTA;24/03/2026;24/03/2027;MC10701;;;;CDFL;CUST;0;UN;0;UN;83,13;BRL;1;1.836.339,18;70;0;1
8013461;1;1003152    ROMAGNOLE PRODUTOS ELETRICOS S.A.;4600003549;100;WK;K;GAE;;19/03/2026;801346;CINTA POSTE CIRC ACO 220MM;24/03/2026;24/03/2027;MC12002;;;;CDFL;INVT;0;UN;0;UN;22,30;BRL;1;171.802,72;1;1;1
8013462;2;1003152    ROMAGNOLE PRODUTOS ELETRICOS S.A.;4600003549;480;WK;K;GAE;;19/03/2026;801346;CINTA POSTE CIRC ACO 220MM;24/03/2026;24/03/2027;MC12002;;;;CDFL;CUST;0;UN;0;UN;22,30;BRL;1;171.802,72;20;0;1
8013791;1;1003152    ROMAGNOLE PRODUTOS ELETRICOS S.A.;4600003552;160;WK;K;GAE;;19/03/2026;801379;SELA CRUZETA POSTE AC 115MM 18MM;24/03/2026;24/03/2027;MC12002;;;;CDFL;INVT;0;UN;0;UN;9,02;BRL;1;1.836.339,18;1;1;1
8013792;2;1003152    ROMAGNOLE PRODUTOS ELETRICOS S.A.;4600003552;240;WK;K;GAE;;19/03/2026;801379;SELA CRUZETA POSTE AC 115MM 18MM;24/03/2026;24/03/2027;MC12002;;;;CDFL;CUST;0;UN;0;UN;9,02;BRL;1;1.836.339,18;67;0;1
8023031;1;1003152    ROMAGNOLE PRODUTOS ELETRICOS S.A.;4600003552;50;WK;K;GAE;;19/03/2026;802303;BRAÇO SUPORTE TIPO L HORIZONTAL  15 KV;24/03/2026;24/03/2027;MC25001;;;;CDFL;INVT;0;UN;0;UN;71,01;BRL;1;1.836.339,18;1;1;1
8029921;1;1003152    ROMAGNOLE PRODUTOS ELETRICOS S.A.;4600003549;220;WK;K;GAE;;19/03/2026;802992;CINTA POSTE CIRC ACO 365MM;24/03/2026;24/03/2027;MC10701;;;;CDFL;INVT;0;UN;0;UN;34,15;BRL;1;171.802,72;1;1;1
8029922;2;1003152    ROMAGNOLE PRODUTOS ELETRICOS S.A.;4600003549;520;WK;K;GAE;;19/03/2026;802992;CINTA POSTE CIRC ACO 365MM;24/03/2026;24/03/2027;MC10701;;;;CDFL;CUST;0;UN;0;UN;34,15;BRL;1;171.802,72;45;0;1
8032451;1;1003152    ROMAGNOLE PRODUTOS ELETRICOS S.A.;4600003549;250;WK;K;GAE;;19/03/2026;803245;CINTA POSTE DUPLO T ACO 230X125MM;24/03/2026;24/03/2027;MC12002;;;;CDFL;INVT;0;UN;0;UN;45,55;BRL;1;171.802,72;1;1;1
8032452;2;1003152    ROMAGNOLE PRODUTOS ELETRICOS S.A.;4600003549;390;WK;K;GAE;;19/03/2026;803245;CINTA POSTE DUPLO T ACO 230X125MM;24/03/2026;24/03/2027;MC12002;;;;CDFL;CUST;0;UN;0;UN;45,55;BRL;1;171.802,72;25;0;1
8033391;1;1003152    ROMAGNOLE PRODUTOS ELETRICOS S.A.;4600003549;90;WK;K;GAE;;19/03/2026;803339;CINTA POSTE CIRC ACO 210MM;24/03/2026;24/03/2027;MC12002;;;;CDFL;INVT;0;UN;0;UN;21,94;BRL;1;171.802,72;1;1;1
8033392;2;1003152    ROMAGNOLE PRODUTOS ELETRICOS S.A.;4600003549;470;WK;K;GAE;;19/03/2026;803339;CINTA POSTE CIRC ACO 210MM;24/03/2026;24/03/2027;MC12002;;;;CDFL;CUST;0;UN;0;UN;21,94;BRL;1;171.802,72;20;0;1
8033781;1;1003152    ROMAGNOLE PRODUTOS ELETRICOS S.A.;4600003549;160;WK;K;GAE;;19/03/2026;803378;CINTA POSTE CIRC ACO 265MM;24/03/2026;24/03/2027;MC12002;;;;CDFL;INVT;0;UN;0;UN;25,12;BRL;1;171.802,72;1;1;1
4019271;1;1003152    ROMAGNOLE PRODUTOS ELETRICOS S.A.;4600003553;20;WK;K;GAE;;19/03/2026;401927;MANILHA SAPATILHA 5000DAN;25/03/2026;26/03/2027;MC12002;;;;CDFL;CUST;0;UN;0;UN;10,64;BRL;1;57.434,72;1;1;1
4019272;2;1003152    ROMAGNOLE PRODUTOS ELETRICOS S.A.;4600003553;40;WK;K;GAE;;19/03/2026;401927;MANILHA SAPATILHA 5000DAN;25/03/2026;26/03/2027;MC12002;;;;CDFL;INVT;0;UN;0;UN;10,64;BRL;1;57.434,72;3.000;0;1
8004961;1;1003152    ROMAGNOLE PRODUTOS ELETRICOS S.A.;4600003553;10;WK;K;GAE;;19/03/2026;800496;MANILHA SAPATILHA 5000DAN;25/03/2026;26/03/2027;MC12002;;;;CDFL;CUST;0;UN;0;UN;10,64;BRL;1;57.434,72;1;1;1
8004962;2;1003152    ROMAGNOLE PRODUTOS ELETRICOS S.A.;4600003553;30;WK;K;GAE;;19/03/2026;800496;MANILHA SAPATILHA 5000DAN;25/03/2026;26/03/2027;MC12002;;;;CDFL;CUST;0;UN;0;UN;10,64;BRL;1;57.434,72;1.200;0;1
4009081;1;1007262    CENTROACO INDUSTRIA E COMERCIO DE A;4600003559;60;WK;K;GAE;;25/03/2026;400908;MAO FRANCESA BECO AC 1970MM 45X45X45MM;27/03/2026;27/03/2027;MC10701;;;;CDFL;CUST;0;UN;0;UN;82,75;BRL;1;129.893,90;1;1;1
4016571;1;1007262    CENTROACO INDUSTRIA E COMERCIO DE A;4600003559;80;WK;K;GAE;;25/03/2026;401657;MAO FRANCESA BECO AC 2135MM 35MMX5MM;27/03/2026;27/03/2027;MC10701;;;;CDFL;INVT;0;UN;0;UN;122,88;BRL;1;129.893,90;1;1;1
4021061;1;1007262    CENTROACO INDUSTRIA E COMERCIO DE A;4600003559;20;WK;K;GAE;;25/03/2026;402106;BRACO L A1010/1020 3/8P16P;27/03/2026;27/03/2027;MC12002;;;;CDFL;INVT;0;UN;0;UN;71,45;BRL;1;129.893,90;1;1;1
4021062;2;1007262    CENTROACO INDUSTRIA E COMERCIO DE A;4600003559;110;WK;K;GAE;;25/03/2026;402106;BRACO L A1010/1020 3/8P16P;27/03/2026;27/03/2027;MC12002;;;;CDFL;INVT;0;UN;0;UN;71,45;BRL;1;129.893,90;610;0;1
4033901;1;1024877    AEA DISTRIBUIDORA DE MATERIAIS ELET;4600003551;10;WK;K;GAE;;19/03/2026;403390;PRENSA CABO PVC 1P;27/03/2026;27/03/2027;MC10701;;;;CDFL;INVT;0;UN;0;UN;7,52;BRL;1;268.483,89;1;1;1
4035721;1;1024877    AEA DISTRIBUIDORA DE MATERIAIS ELET;4600003551;20;WK;K;GAE;;19/03/2026;403572;PRENSA CABO NYLON CURTO 1/2P;27/03/2026;27/03/2027;MC10401;;;;CDFL;INVT;0;UN;0;UN;3,33;BRL;1;268.483,89;1;1;1
4049721;1;1007262    CENTROACO INDUSTRIA E COMERCIO DE A;4600003559;40;WK;K;GAE;;25/03/2026;404972;BRACO TIPO J;27/03/2026;27/03/2027;MC12002;;;;CDFL;INVT;0;UN;0;UN;373,02;BRL;1;129.893,90;1;1;1
4049722;2;1007262    CENTROACO INDUSTRIA E COMERCIO DE A;4600003559;90;WK;K;GAE;;25/03/2026;404972;BRACO TIPO J;27/03/2026;27/03/2027;MC12002;;;;CDFL;INVT;0;UN;0;UN;373,02;BRL;1;129.893,90;110;0;1
8004731;1;1007262    CENTROACO INDUSTRIA E COMERCIO DE A;4600003559;10;WK;K;GAE;;25/03/2026;800473;BRACO L A1010/1020 3/8P16P;27/03/2026;27/03/2027;MC12002;;;;CDFL;CUST;0;UN;0;UN;71,45;BRL;1;129.893,90;1;1;1
8005221;1;1007262    CENTROACO INDUSTRIA E COMERCIO DE A;4600003559;50;WK;K;GAE;;25/03/2026;800522;MAO FRANCESA BECO AC 1970MM 45X45X45MM;27/03/2026;27/03/2027;MC10701;;;;CDFL;CUST;0;UN;0;UN;82,75;BRL;1;129.893,90;1;1;1
8009911;1;1007262    CENTROACO INDUSTRIA E COMERCIO DE A;4600003559;70;WK;K;GAE;;25/03/2026;800991;MAO FRANCESA BECO AC 2135MM 35MMX5MM;27/03/2026;27/03/2027;MC10701;;;;CDFL;CUST;0;UN;0;UN;122,88;BRL;1;129.893,90;1;1;1
8009912;2;1007262    CENTROACO INDUSTRIA E COMERCIO DE A;4600003559;100;WK;K;GAE;;25/03/2026;800991;MAO FRANCESA BECO AC 2135MM 35MMX5MM;27/03/2026;27/03/2027;MC10701;;;;CDFL;CUST;0;UN;0;UN;122,88;BRL;1;129.893,90;40;0;1
8020181;1;1024877    AEA DISTRIBUIDORA DE MATERIAIS ELET;4600003551;30;WK;K;GAE;;19/03/2026;802018;PRENSA-CABOS AL 1.3/4P;27/03/2026;27/03/2027;MC10401;;;;CDFL;CUST;0;UN;0;UN;58,27;BRL;1;268.483,89;1;1;1
8035691;1;1007262    CENTROACO INDUSTRIA E COMERCIO DE A;4600003559;30;WK;K;GAE;;25/03/2026;803569;BRACO TIPO J;27/03/2026;27/03/2027;MC12002;;;;CDFL;CUST;0;UN;0;UN;373,02;BRL;1;129.893,90;1;1;1
4003471;1;1008989    BOREAL INDUSTRIA DE FIOS E CABOS LT;4600003562;10;WK;K;GAE;;30/03/2026;400347;CABO COMANDO/CONTR 4X1,5MM2 0,6/1KV SBE;01/04/2026;01/04/2027;MC10101;;;;CDFL;INVT;0;M;0;M;13,58;BRL;1;67.129,46;1;1;1
4032041;1;1008989    BOREAL INDUSTRIA DE FIOS E CABOS LT;4600003562;30;WK;K;GAE;;30/03/2026;403204;CABO COMANDO/CONTR 7X2,5MM2 0,6/1KV SBE;01/04/2026;01/04/2027;MC00201;;;;CDFL;INVT;0;M;0;M;28,67;BRL;1;67.129,46;1;1;1
8054971;1;1008989    BOREAL INDUSTRIA DE FIOS E CABOS LT;4600003562;20;WK;K;GAE;;30/03/2026;805497;CABO COMANDO/CONTR 6X1,5MM2 0,6/1KV SBE;01/04/2026;01/04/2027;MC10101;;;;CDFL;CUST;0;UN;0;UN;18,91;BRL;1;67.129,46;1;1;1
4009511;1;1007262    CENTROACO INDUSTRIA E COMERCIO DE A;4600003572;110;WK;K;GAE;;09/04/2026;400951;PARAFUSO MAQ CAB QD AC 5/8X24P;10/04/2026;10/04/2027;MC01301;;;;CDFL;INVT;0;UN;0;UN;20,37;BRL;1;44.874,79;1;1;1
4010861;1;1007262    CENTROACO INDUSTRIA E COMERCIO DE A;4600003572;100;WK;K;GAE;;09/04/2026;401086;PARAFUSO CAB QD MAQ AC 5/8X6P;10/04/2026;10/04/2027;MC01301;;;;CDFL;INVT;0;UN;0;UN;5,80;BRL;1;44.874,79;1;1;1
4011551;1;1007262    CENTROACO INDUSTRIA E COMERCIO DE A;4600003572;70;WK;K;GAE;;09/04/2026;401155;PARAFUSO CAB QD AC 16MM 500MM;10/04/2026;10/04/2027;MC01301;;;;CDFL;INVT;0;UN;0;UN;17,34;BRL;1;44.874,79;1;1;1
4017061;1;1007262    CENTROACO INDUSTRIA E COMERCIO DE A;4600003572;50;WK;K;GAE;;09/04/2026;401706;PARAFUSO CAB QD AC 16MM 2P 350MM;10/04/2026;10/04/2027;MC01301;;;;CDFL;INVT;0;UN;0;UN;10,89;BRL;1;44.874,79;1;1;1
4017062;2;1007262    CENTROACO INDUSTRIA E COMERCIO DE A;4600003572;130;WK;K;GAE;;09/04/2026;401706;PARAFUSO CAB QD AC 16MM 2P 350MM;10/04/2026;10/04/2027;MC01301;;;;CDFL;INVT;0;UN;0;UN;10,89;BRL;1;44.874,79;240;0;1
4023591;1;1007262    CENTROACO INDUSTRIA E COMERCIO DE A;4600003572;10;WK;K;GAE;;09/04/2026;402359;PARAFUSO CAB ABA AC 16MM 125MM;10/04/2026;10/04/2027;MC01301;;;;CDFL;INVT;0;UN;0;UN;5,16;BRL;1;44.874,79;1;1;1
4100411;1;1027540    CLEICY DE L BATISTA E CIA LTDA;4600003571;10;WK;K;GAE;;09/04/2026;410041;PARAFUSO AUTO BROC CHAT phillips 4.2x25m;10/04/2026;10/04/2027;MC01301;;;;CDFL;INVT;0;UN;0;UN;0,43;BRL;1;145.465,13;1;1;1
8001081;1;1007262    CENTROACO INDUSTRIA E COMERCIO DE A;4600003572;20;WK;K;GAE;;09/04/2026;800108;PARAFUSO CAB ABA AC 16MM 45MM;10/04/2026;10/04/2027;MC01301;;;;CDFL;CUST;0;UN;0;UN;2,87;BRL;1;44.874,79;1;1;1
8001101;1;1007262    CENTROACO INDUSTRIA E COMERCIO DE A;4600003572;30;WK;K;GAE;;09/04/2026;800110;PARAFUSO CAB ABA PESC QD AC 3/8PX115MM;10/04/2026;10/04/2027;MC01301;;;;CDFL;CUST;0;UN;0;UN;1,74;BRL;1;44.874,79;1;1;1
8001102;2;1007262    CENTROACO INDUSTRIA E COMERCIO DE A;4600003572;140;WK;K;GAE;;09/04/2026;800110;PARAFUSO CAB ABA PESC QD AC 3/8PX115MM;10/04/2026;10/04/2027;MC01301;;;;CDFL;CUST;0;UN;0;UN;1,74;BRL;1;44.874,79;85;0;1
8001181;1;1007262    CENTROACO INDUSTRIA E COMERCIO DE A;4600003572;60;WK;K;GAE;;09/04/2026;800118;PARAFUSO CAB QD AC 16MM 500MM;10/04/2026;10/04/2027;MC01301;;;;CDFL;CUST;0;UN;0;UN;17,34;BRL;1;44.874,79;1;1;1
8005201;1;1007262    CENTROACO INDUSTRIA E COMERCIO DE A;4600003572;80;WK;K;GAE;;09/04/2026;800520;PARAFUSO CAB QD MAQ AC 5/8X16P;10/04/2026;10/04/2027;MC01301;;;;CDFL;CUST;0;UN;0;UN;14,31;BRL;1;44.874,79;1;1;1
8005202;2;1007262    CENTROACO INDUSTRIA E COMERCIO DE A;4600003572;120;WK;K;GAE;;09/04/2026;800520;PARAFUSO CAB QD MAQ AC 5/8X16P;10/04/2026;10/04/2027;MC01301;;;;CDFL;CUST;0;UN;0;UN;14,31;BRL;1;44.874,79;340;0;1
8011911;1;1007262    CENTROACO INDUSTRIA E COMERCIO DE A;4600003572;90;WK;K;GAE;;09/04/2026;801191;PARAFUSO CAB QD MAQ AC 5/8X6P;10/04/2026;10/04/2027;MC01301;;;;CDFL;CUST;0;UN;0;UN;5,80;BRL;1;44.874,79;1;1;1
8013911;1;1007262    CENTROACO INDUSTRIA E COMERCIO DE A;4600003572;40;WK;K;GAE;;09/04/2026;801391;PARAFUSO CAB QD AC 16MM 2P 350MM;10/04/2026;10/04/2027;MC01301;;;;CDFL;CUST;0;UN;0;UN;10,89;BRL;1;44.874,79;1;1;1
4001931;1;1003152    ROMAGNOLE PRODUTOS ELETRICOS S.A.;4600003570;160;WK;K;GAE;;09/04/2026;400193;PARAFUSO OLHAL AC 5/8P 20P;13/04/2026;13/04/2027;MC01301;;;;CDFL;INVT;0;UN;0;UN;24,01;BRL;1;1138585,48;1;1;1
4001932;2;1003152    ROMAGNOLE PRODUTOS ELETRICOS S.A.;4600003570;380;WK;K;GAE;;09/04/2026;400193;PARAFUSO OLHAL AC 5/8P 20P;13/04/2026;13/04/2027;MC01301;;;;CDFL;INVT;0;UN;0;UN;24,01;BRL;1;1138585,48;4135;0;1
4008271;1;1010868    ONIX DISTRIBUIDORA DE PRODUTOS ELET;4600003573;20;WK;K;GAE;;09/04/2026;400827;ARRUELA LIS QD AC 17MM 11/16 57X57MM 5MM;13/04/2026;13/04/2027;MC01301;;;;CDFL;INVT;0;UN;0;UN;2,62;BRL;1;381316,78;1;1;1
4009301;1;1003152    ROMAGNOLE PRODUTOS ELETRICOS S.A.;4600003570;90;WK;K;GAE;;09/04/2026;400930;PARAFUSO CAB ABA AC 10MM 115MM;13/04/2026;13/04/2027;MC01301;;;;CDFL;INVT;0;UN;0;UN;1,54;BRL;1;1138585,48;1;1;1
4009302;2;1003152    ROMAGNOLE PRODUTOS ELETRICOS S.A.;4600003570;230;WK;K;GAE;;09/04/2026;400930;PARAFUSO CAB ABA AC 10MM 115MM;13/04/2026;13/04/2027;MC01301;;;;CDFL;INVT;0;UN;0;UN;1,54;BRL;1;1138585,48;14824;0;1
4009303;3;1003152    ROMAGNOLE PRODUTOS ELETRICOS S.A.;4600003570;340;WK;K;GAE;;09/04/2026;400930;PARAFUSO CAB ABA AC 10MM 115MM;13/04/2026;13/04/2027;MC01301;;;;CDFL;INVT;0;UN;0;UN;1,54;BRL;1;1138585,48;942;0;1
4009741;1;1003152    ROMAGNOLE PRODUTOS ELETRICOS S.A.;4600003570;200;WK;K;GAE;;09/04/2026;400974;PORCA QUADRADA AC 16MM 2MM;13/04/2026;13/04/2027;MC01301;;;;CDFL;INVT;0;UN;0;UN;0,61;BRL;1;1138585,48;1;1;1
;;1003152    ROMAGNOLE PRODUTOS ELETRICOS S.A.;4600003570;280;WK;K;GAE;;09/04/2026;400974;PORCA QUADRADA AC 16MM 2MM;13/04/2026;13/04/2027;MC01301;;;;CDFL;INVT;0;UN;0;UN;0,61;BRL;1;1138585,48;14232;0;1
;;1003152    ROMAGNOLE PRODUTOS ELETRICOS S.A.;4600003570;110;WK;K;GAE;;09/04/2026;401131;PARAFUSO CAB QD AC 16MM 225MM 300MM;13/04/2026;13/04/2027;MC01301;;;;CDFL;INVT;0;UN;0;UN;6,93;BRL;1;1138585,48;1;1;1
;;1003152    ROMAGNOLE PRODUTOS ELETRICOS S.A.;4600003570;250;WK;K;GAE;;09/04/2026;401131;PARAFUSO CAB QD AC 16MM 225MM 300MM;13/04/2026;13/04/2027;MC01301;;;;CDFL;INVT;0;UN;0;UN;6,93;BRL;1;1138585,48;53967;0;1
;;1003152    ROMAGNOLE PRODUTOS ELETRICOS S.A.;4600003570;350;WK;K;GAE;;09/04/2026;401131;PARAFUSO CAB QD AC 16MM 225MM 300MM;13/04/2026;13/04/2027;MC01301;;;;CDFL;INVT;0;UN;0;UN;6,93;BRL;1;1138585,48;17050;0;1
;;1003152    ROMAGNOLE PRODUTOS ELETRICOS S.A.;4600003570;140;WK;K;GAE;;09/04/2026;401239;PARAFUSO CAB QD AC 16MM 450MM;13/04/2026;13/04/2027;MC01301;;;;CDFL;INVT;0;UN;0;UN;10,94;BRL;1;1138585,48;1;1;1
;;1003152    ROMAGNOLE PRODUTOS ELETRICOS S.A.;4600003570;370;WK;K;GAE;;09/04/2026;401239;PARAFUSO CAB QD AC 16MM 450MM;13/04/2026;13/04/2027;MC01301;;;;CDFL;INVT;0;UN;0;UN;10,94;BRL;1;1138585,48;5873;0;1
;;1010868    ONIX DISTRIBUIDORA DE PRODUTOS ELET;4600003573;70;WK;K;GAE;;09/04/2026;401264;PINO ISOLADOR AC 25X294X19MM;13/04/2026;13/04/2027;MC10902;;;;CDFL;INVT;0;UN;0;UN;23,6;BRL;1;381316,78;1;1;1
;;1003152    ROMAGNOLE PRODUTOS ELETRICOS S.A.;4600003570;20;WK;K;GAE;;09/04/2026;401495;EMENDA PREF COND 336MCM;13/04/2026;13/04/2027;MC11001;;;;CDFL;INVT;0;UN;0;UN;0,12;BRL;1;1138585,48;1;1;1
;;1010868    ONIX DISTRIBUIDORA DE PRODUTOS ELET;4600003573;50;WK;K;GAE;;09/04/2026;402160;PARAFUSO OLH AC 16MM 450MM;13/04/2026;13/04/2027;MC01301;;;;CDFL;INVT;0;UN;0;UN;31,38;BRL;1;381316,78;1;1;1
;;1003152    ROMAGNOLE PRODUTOS ELETRICOS S.A.;4600003570;40;WK;K;GAE;;09/04/2026;402296;GANCHO OLHAL AC 17MM 5000KGF;13/04/2026;13/04/2027;MC12002;;;;CDFL;INVT;0;UN;0;UN;8,21;BRL;1;1138585,48;1;1;1
;;1003152    ROMAGNOLE PRODUTOS ELETRICOS S.A.;4600003570;310;WK;K;GAE;;09/04/2026;402296;GANCHO OLHAL AC 17MM 5000KGF;13/04/2026;13/04/2027;MC12002;;;;CDFL;INVT;0;UN;0;UN;8,21;BRL;1;1138585,48;5223;0;1
;;1003152    ROMAGNOLE PRODUTOS ELETRICOS S.A.;4600003570;70;WK;K;GAE;;09/04/2026;402312;OLHAL PARAFUSO AC 16MM 5000DAN;13/04/2026;13/04/2027;MC10401;;;;CDFL;INVT;0;UN;0;UN;9,73;BRL;1;1138585,48;1;1;1
;;1003152    ROMAGNOLE PRODUTOS ELETRICOS S.A.;4600003570;210;WK;K;GAE;;09/04/2026;402312;OLHAL PARAFUSO AC 16MM 5000DAN;13/04/2026;13/04/2027;MC10401;;;;CDFL;INVT;0;UN;0;UN;9,73;BRL;1;1138585,48;33733;0;1
;;1003152    ROMAGNOLE PRODUTOS ELETRICOS S.A.;4600003570;320;WK;K;GAE;;09/04/2026;402312;OLHAL PARAFUSO AC 16MM 5000DAN;13/04/2026;13/04/2027;MC10401;;;;CDFL;INVT;0;UN;0;UN;9,73;BRL;1;1138585,48;2495;0;1
;;1003152    ROMAGNOLE PRODUTOS ELETRICOS S.A.;4600003570;180;WK;K;GAE;;09/04/2026;402401;PINO ISOLADOR POLIMERICO AC 15KV 200MM;13/04/2026;13/04/2027;MC10902;;;;CDFL;INVT;0;UN;0;UN;12,94;BRL;1;1138585,48;1;1;1
;;1003152    ROMAGNOLE PRODUTOS ELETRICOS S.A.;4600003570;100;WK;K;GAE;;09/04/2026;800119;PARAFUSO CAB QD AC 16MM 225MM 300MM;13/04/2026;13/04/2027;MC01301;;;;CDFL;CUST;0;UN;0;UN;6,93;BRL;1;1138585,48;1;1;1
;;1003152    ROMAGNOLE PRODUTOS ELETRICOS S.A.;4600003570;240;WK;K;GAE;;09/04/2026;800119;PARAFUSO CAB QD AC 16MM 225MM 300MM;13/04/2026;13/04/2027;MC01301;;;;CDFL;CUST;0;UN;0;UN;6,93;BRL;1;1138585,48;4672;0;1
;;1003152    ROMAGNOLE PRODUTOS ELETRICOS S.A.;4600003570;10;WK;K;GAE;;09/04/2026;800215;ARRUELA LIS 3/8P 1119;13/04/2026;13/04/2027;MC01301;;;;CDFL;CUST;0;UN;0;UN;0,28;BRL;1;1138585,48;1;1;1
;;1003152    ROMAGNOLE PRODUTOS ELETRICOS S.A.;4600003570;290;WK;K;GAE;;09/04/2026;800215;ARRUELA LIS 3/8P 1119;13/04/2026;13/04/2027;MC01301;;;;CDFL;CUST;0;UN;0;UN;0,28;BRL;1;1138585,48;704;0;1
;;1003152    ROMAGNOLE PRODUTOS ELETRICOS S.A.;4600003570;190;WK;K;GAE;;09/04/2026;800541;PORCA QUADRADA AC 16MM 2MM;13/04/2026;13/04/2027;MC01301;;;;CDFL;CUST;0;UN;0;UN;0,61;BRL;1;1138585,48;1;1;1
;;1003152    ROMAGNOLE PRODUTOS ELETRICOS S.A.;4600003570;270;WK;K;GAE;;09/04/2026;800541;PORCA QUADRADA AC 16MM 2MM;13/04/2026;13/04/2027;MC01301;;;;CDFL;CUST;0;UN;0;UN;0,61;BRL;1;1138585,48;1527;0;1
;;1003152    ROMAGNOLE PRODUTOS ELETRICOS S.A.;4600003570;130;WK;K;GAE;;09/04/2026;800922;PARAFUSO CAB QD AC 16MM 450MM;13/04/2026;13/04/2027;MC01301;;;;CDFL;CUST;0;UN;0;UN;10,94;BRL;1;1138585,48;1;1;1
;;1003152    ROMAGNOLE PRODUTOS ELETRICOS S.A.;4600003570;360;WK;K;GAE;;09/04/2026;800922;PARAFUSO CAB QD AC 16MM 450MM;13/04/2026;13/04/2027;MC01301;;;;CDFL;CUST;0;UN;0;UN;10,97;BRL;1;1138585,48;1979;0;1
;;1003152    ROMAGNOLE PRODUTOS ELETRICOS S.A.;4600003570;120;WK;K;GAE;;09/04/2026;800929;PARAFUSO CAB QD AC 16MM 250MM;13/04/2026;13/04/2027;MC01301;;;;CDFL;CUST;0;UN;0;UN;6,46;BRL;1;1138585,48;1;1;1
;;1010868    ONIX DISTRIBUIDORA DE PRODUTOS ELET;4600003573;40;WK;K;GAE;;09/04/2026;800966;PARAFUSO OLH AC 16MM 450MM;13/04/2026;13/04/2027;MC01301;;;;CDFL;CUST;0;UN;0;UN;31,38;BRL;1;381316,78;1;1;1
;;1003152    ROMAGNOLE PRODUTOS ELETRICOS S.A.;4600003570;150;WK;K;GAE;;09/04/2026;800982;PARAFUSO OLHAL AC 5/8P 20P;13/04/2026;13/04/2027;MC01301;;;;CDFL;CUST;0;UN;0;UN;24,01;BRL;1;1138585,48;1;1;1
;;1003152    ROMAGNOLE PRODUTOS ELETRICOS S.A.;4600003570;260;WK;K;GAE;;09/04/2026;800982;PARAFUSO OLHAL AC 5/8P 20P;13/04/2026;13/04/2027;MC01301;;;;CDFL;CUST;0;UN;0;UN;24,01;BRL;1;1138585,48;2202;0;1
;;1010868    ONIX DISTRIBUIDORA DE PRODUTOS ELET;4600003573;10;WK;K;GAE;;09/04/2026;801047;ARRUELA LIS QD AC 17MM 11/16 57X57MM 5MM;13/04/2026;13/04/2027;MC01301;;;;CDFL;CUST;0;UN;0;UN;2,62;BRL;1;381316,78;1;1;1
;;1003152    ROMAGNOLE PRODUTOS ELETRICOS S.A.;4600003570;80;WK;K;GAE;;09/04/2026;801064;PARAFUSO CAB ABA AC 10MM 115MM;13/04/2026;13/04/2027;MC01301;;;;CDFL;CUST;0;UN;0;UN;1,54;BRL;1;1138585,48;1;1;1
;;1003152    ROMAGNOLE PRODUTOS ELETRICOS S.A.;4600003570;220;WK;K;GAE;;09/04/2026;801064;PARAFUSO CAB ABA AC 10MM 115MM;13/04/2026;13/04/2027;MC01301;;;;CDFL;CUST;0;UN;0;UN;1,54;BRL;1;1138585,48;4674;0;1
;;1003152    ROMAGNOLE PRODUTOS ELETRICOS S.A.;4600003570;30;WK;K;GAE;;09/04/2026;801087;GANCHO OLHAL AC 17MM 5000KGF;13/04/2026;13/04/2027;MC12002;;;;CDFL;CUST;0;UN;0;UN;8,21;BRL;1;1138585,48;1;1;1
;;1003152    ROMAGNOLE PRODUTOS ELETRICOS S.A.;4600003570;300;WK;K;GAE;;09/04/2026;801087;GANCHO OLHAL AC 17MM 5000KGF;13/04/2026;13/04/2027;MC12002;;;;CDFL;CUST;0;UN;0;UN;8,21;BRL;1;1138585,48;1040;0;1
;;1003152    ROMAGNOLE PRODUTOS ELETRICOS S.A.;4600003570;170;WK;K;GAE;;09/04/2026;801164;PINO ISOLADOR POLIMERICO AC 15KV 200MM;13/04/2026;13/04/2027;MC10902;;;;CDFL;CUST;0;UN;0;UN;12,94;BRL;1;1138585,48;1;1;1
;;1003152    ROMAGNOLE PRODUTOS ELETRICOS S.A.;4600003570;60;WK;K;GAE;;09/04/2026;801186;OLHAL PARAFUSO AC 16MM 5000DAN;13/04/2026;13/04/2027;MC10401;;;;CDFL;CUST;0;UN;0;UN;9,73;BRL;1;1138585,48;1;1;1
;;1003152    ROMAGNOLE PRODUTOS ELETRICOS S.A.;4600003570;330;WK;K;GAE;;09/04/2026;801186;OLHAL PARAFUSO AC 16MM 5000DAN;13/04/2026;13/04/2027;MC10401;;;;CDFL;CUST;0;UN;0;UN;9,73;BRL;1;1138585,48;1690;0;1
;;1010868    ONIX DISTRIBUIDORA DE PRODUTOS ELET;4600003573;60;WK;K;GAE;;09/04/2026;801313;PINO ISOLADOR AC 25X294X19MM;13/04/2026;13/04/2027;MC10902;;;;CDFL;CUST;0;UN;0;UN;23,6;BRL;1;381316,78;1;1;1
;;1010868    ONIX DISTRIBUIDORA DE PRODUTOS ELET;4600003573;30;WK;K;GAE;;09/04/2026;804883;ARRUELA QD AC 17,00MM 50,00MM 3,00MM;13/04/2026;13/04/2027;MC01301;;;;CDFL;CUST;0;UN;0;UN;1,34;BRL;1;381316,78;1;1;1
;;1027479    ASW BRASIL TECNOLOGIA EM PLASTICOS;4600003577;50;MK;K;A13;;10/04/2026;401959;CRUZETA POL FBV/RES PES 2400X112,5X90MM;10/04/2026;14/04/2027;MC12001;;;;CDFL;INVT;0;UN;0;UN;148,99;BRL;1;1979630,13;5000;3500;1
;;1018867    JCARVALHO CABOS LTDA;4600003585;60;MK;K;A13;;20/04/2026;401036;CORDOALHA AC 9,5MM 3/8P 7F 4900DAN;20/04/2026;22/04/2027;MC10001;;;;CDFL;INVT;0;KG;0;KG;17,05;BRL;1;2177851,25;39559;19295;1
;;1018867    JCARVALHO CABOS LTDA;4600003585;80;MK;K;A13;;20/04/2026;401823;CORDOALHA AC 6,3MM 1/4P 7F;20/04/2026;22/04/2027;MC10001;;;;CDFL;INVT;0;KG;0;KG;19,35;BRL;1;2177851,25;74253;40521;1
;;1018867    JCARVALHO CABOS LTDA;4600003585;90;MK;K;A13;;20/04/2026;800327;CORDOALHA AC 6,3MM 1/4P 7F;20/04/2026;22/04/2027;MC10001;;;;CDFL;CUST;0;KG;0;KG;19,35;BRL;1;2177851,25;1336;636;1
;;1018867    JCARVALHO CABOS LTDA;4600003585;70;MK;K;A13;;20/04/2026;801316;CORDOALHA AC 9,5MM 3/8P 7F 4900DAN;20/04/2026;22/04/2027;MC10001;;;;CDFL;CUST;0;KG;0;KG;17,05;BRL;1;2177851,25;713;413;1
;;1018867    JCARVALHO CABOS LTDA;4600003585;100;MK;K;A13;;20/04/2026;803659;CORDOALHA AC 7,94MM 5/16P 7F (EHS);20/04/2026;22/04/2027;MC10701;;;;CDFL;CUST;0;KG;0;KG;18,43;BRL;1;2177851,25;1550;0;1
;;1009464    FISCHER INDUSTRIA MECANICA LTDA;4600003574;50;WK;K;GAE;;09/04/2026;400164;MANILHA SAPATILHA 6800KGF;23/04/2026;23/04/2027;MC12002;;;;CDFL;INVT;0;UN;0;UN;18,94;BRL;1;144525,17;1;1;1
;;1009464    FISCHER INDUSTRIA MECANICA LTDA;4600003574;70;WK;K;GAE;;09/04/2026;400164;MANILHA SAPATILHA 6800KGF;23/04/2026;23/04/2027;MC12002;;;;CDFL;INVT;0;UN;0;UN;18,94;BRL;1;144525,17;2982;0;1
;;1003333    METALACRE INDUSTRIA E COMERCIO DE L;4600002916;10;WK;K;A14;;23/10/2024;401632;LACRE SEG MET 11DIG BR;23/10/2024;23/04/2027;MC12505;;;;CDFL;INVT;0;UN;0;UN;1,92;BRL;1;2876497,92;726076;0;1
;;1003333    METALACRE INDUSTRIA E COMERCIO DE L;4600002916;20;WK;K;A14;;23/10/2024;401632;LACRE SEG MET 11DIG BR;23/10/2024;23/04/2027;MC12505;;;;CDFL;INVT;0;UN;0;UN;1,92;BRL;1;2876497,92;145100;145100;1
;;1003333    METALACRE INDUSTRIA E COMERCIO DE L;4600002916;30;WK;K;A14;;23/10/2024;401632;LACRE SEG MET 11DIG BR;23/10/2024;23/04/2027;MC12505;;;;CDFL;INVT;0;UN;0;UN;1,92;BRL;1;2876497,92;627000;404000;1
;;1009464    FISCHER INDUSTRIA MECANICA LTDA;4600003574;30;WK;K;GAE;;09/04/2026;402161;MANILHA AC 16MM 80MM 22MM 13500DAN;23/04/2026;23/04/2027;MC12002;;;;CDFL;INVT;0;UN;0;UN;69,75;BRL;1;144525,17;1;1;1
;;1009464    FISCHER INDUSTRIA MECANICA LTDA;4600003574;20;WK;K;GAE;;09/04/2026;800105;MANILHA AC 16MM 80MM 22MM 13500DAN;23/04/2026;23/04/2027;MC12002;;;;CDFL;CUST;0;UN;0;UN;69,75;BRL;1;144525,17;1;1;1
;;1009464    FISCHER INDUSTRIA MECANICA LTDA;4600003574;80;WK;K;GAE;;09/04/2026;800105;MANILHA AC 16MM 80MM 22MM 13500DAN;23/04/2026;23/04/2027;MC12002;;;;CDFL;CUST;0;UN;0;UN;69,75;BRL;1;144525,17;68;0;1
;;1009464    FISCHER INDUSTRIA MECANICA LTDA;4600003574;40;WK;K;GAE;;09/04/2026;801081;MANILHA SAPATILHA 6800KGF;23/04/2026;23/04/2027;MC12002;;;;CDFL;CUST;0;UN;0;UN;18,94;BRL;1;144525,17;1;1;1
;;1009464    FISCHER INDUSTRIA MECANICA LTDA;4600003574;90;WK;K;GAE;;09/04/2026;801081;MANILHA SAPATILHA 6800KGF;23/04/2026;23/04/2027;MC12002;;;;CDFL;CUST;0;UN;0;UN;18,94;BRL;1;144525,17;461;0;1
;;1009464    FISCHER INDUSTRIA MECANICA LTDA;4600003574;10;WK;K;GAE;;09/04/2026;805260;GRAMPO DE SUSPENSÃO PARA CABO 954 MCM MA;23/04/2026;23/04/2027;MC10001;;;;CDFL;CUST;0;UN;0;UN;1024,71;BRL;1;144525,17;1;1;1
;;1009464    FISCHER INDUSTRIA MECANICA LTDA;4600003574;60;WK;K;GAE;;09/04/2026;805260;GRAMPO DE SUSPENSÃO PARA CABO 954 MCM MA;23/04/2026;23/04/2027;MC10001;;;;CDFL;CUST;0;UN;0;UN;1024,71;BRL;1;144525,17;40;0;1
;;1003291    INDUSTRIA DE TRANSFORMADORES AMAZON;4600001961;90;MK;K;A01;;27/12/2022;400040;TRAFO AER 3F 15KV 75KVA 220/127V 7TP;24/02/2023;24/05/2027;MC22103;;;;CDFL;INVT;0;UN;0;UN;20986,27;BRL;1;412258686,4;1342;694;1
;;1003291    INDUSTRIA DE TRANSFORMADORES AMAZON;4600001961;190;MK;K;A01;;27/12/2022;400040;TRAFO AER 3F 15KV 75KVA 220/127V 7TP;24/02/2023;24/05/2027;MC22103;;;;CDFL;INVT;0;UN;0;UN;20986,27;BRL;1;412258686,4;1196;784;1
;;1003291    INDUSTRIA DE TRANSFORMADORES AMAZON;4600001961;320;MK;K;A01;;27/12/2022;400040;TRAFO AER 3F 15KV 75KVA 220/127V 7TP;24/02/2023;24/05/2027;MC22103;;;;CDFL;INVT;0;UN;0;UN;20986,27;BRL;1;412258686,4;1223;851;1
;;1003291    INDUSTRIA DE TRANSFORMADORES AMAZON;4600001961;430;MK;K;A01;;27/12/2022;400040;TRAFO AER 3F 15KV 75KVA 220/127V 7TP;24/02/2023;24/05/2027;MC22103;;;;CDFL;INVT;0;UN;0;UN;20986,27;BRL;1;412258686,4;214;168;1
;;1003291    INDUSTRIA DE TRANSFORMADORES AMAZON;4600001961;560;MK;K;A01;;27/12/2022;400040;TRAFO AER 3F 15KV 75KVA 220/127V 7TP;24/02/2023;24/05/2027;MC22103;;;;CDFL;INVT;0;UN;0;UN;20986,27;BRL;1;412258686,4;35;0;1
;;1003291    INDUSTRIA DE TRANSFORMADORES AMAZON;4600001961;650;MK;K;A01;;27/12/2022;400040;TRAFO AER 3F 15KV 75KVA 220/127V 7TP;24/02/2023;24/05/2027;MC22103;;;;CDFL;INVT;0;UN;0;UN;14456,8;BRL;1;412258686,4;48;0;1
;;1003291    INDUSTRIA DE TRANSFORMADORES AMAZON;4600001961;740;MK;K;A01;;27/12/2022;400040;TRAFO AER 3F 15KV 75KVA 220/127V 7TP;24/02/2023;24/05/2027;MC22103;;;;CDFL;INVT;0;UN;0;UN;20986,27;BRL;1;412258686,4;40;0;1
;;1003291    INDUSTRIA DE TRANSFORMADORES AMAZON;4600001961;60;MK;K;A01;;27/12/2022;400051;TRAFO AER 3F 15KV 225KVA 220/127V 7TP;24/02/2023;24/05/2027;MC22103;;;;CDFL;INVT;0;UN;0;UN;55600,8;BRL;1;412258686,4;67;35;1
;;1003291    INDUSTRIA DE TRANSFORMADORES AMAZON;4600001961;160;MK;K;A01;;27/12/2022;400051;TRAFO AER 3F 15KV 225KVA 220/127V 7TP;24/02/2023;24/05/2027;MC22103;;;;CDFL;INVT;0;UN;0;UN;55600,8;BRL;1;412258686,4;64;51;1
;;1003291    INDUSTRIA DE TRANSFORMADORES AMAZON;4600001961;290;MK;K;A01;;27/12/2022;400051;TRAFO AER 3F 15KV 225KVA 220/127V 7TP;24/02/2023;24/05/2027;MC22103;;;;CDFL;INVT;0;UN;0;UN;55600,8;BRL;1;412258686,4;63;19;1
;;1003291    INDUSTRIA DE TRANSFORMADORES AMAZON;4600001961;380;MK;K;A01;;27/12/2022;400051;TRAFO AER 3F 15KV 225KVA 220/127V 7TP;24/02/2023;24/05/2027;MC22103;;;;CDFL;INVT;0;UN;0;UN;55600,8;BRL;1;412258686,4;32;27;1
;;1003291    INDUSTRIA DE TRANSFORMADORES AMAZON;4600001961;460;MK;K;A01;;27/12/2022;400051;TRAFO AER 3F 15KV 225KVA 220/127V 7TP;24/02/2023;24/05/2027;MC22103;;;;CDFL;INVT;0;UN;0;UN;55600,8;BRL;1;412258686,4;27;0;1
;;1003291    INDUSTRIA DE TRANSFORMADORES AMAZON;4600001961;30;MK;K;A01;;27/12/2022;400072;TRAFO AER 1F 7,96KV 5KVA 240/120V 7TP;24/02/2023;24/05/2027;MC22103;;;;CDFL;INVT;0;UN;0;UN;4586,64;BRL;1;412258686,4;2053;1209;1
;;1003291    INDUSTRIA DE TRANSFORMADORES AMAZON;4600001961;130;MK;K;A01;;27/12/2022;400072;TRAFO AER 1F 7,96KV 5KVA 240/120V 7TP;24/02/2023;24/05/2027;MC22103;;;;CDFL;INVT;0;UN;0;UN;4586,64;BRL;1;412258686,4;1709;591;1
;;1003291    INDUSTRIA DE TRANSFORMADORES AMAZON;4600001961;260;MK;K;A01;;27/12/2022;400072;TRAFO AER 1F 7,96KV 5KVA 240/120V 7TP;24/02/2023;24/05/2027;MC22103;;;;CDFL;INVT;0;UN;0;UN;4586,64;BRL;1;412258686,4;1754;1654;1
;;1003291    INDUSTRIA DE TRANSFORMADORES AMAZON;4600001961;340;MK;K;A01;;27/12/2022;400072;TRAFO AER 1F 7,96KV 5KVA 240/120V 7TP;24/02/2023;24/05/2027;MC22103;;;;CDFL;INVT;0;UN;0;UN;4586,64;BRL;1;412258686,4;1185;428;1
;;1003291    INDUSTRIA DE TRANSFORMADORES AMAZON;4600001961;390;MK;K;A01;;27/12/2022;400072;TRAFO AER 1F 7,96KV 5KVA 240/120V 7TP;24/02/2023;24/05/2027;MC22103;;;;CDFL;INVT;0;UN;0;UN;4586,64;BRL;1;412258686,4;256;0;1
;;1003291    INDUSTRIA DE TRANSFORMADORES AMAZON;4600001961;480;MK;K;A01;;27/12/2022;400072;TRAFO AER 1F 7,96KV 5KVA 240/120V 7TP;24/02/2023;24/05/2027;MC22103;;;;CDFL;INVT;0;UN;0;UN;4586,64;BRL;1;412258686,4;19;0;1
;;1003291    INDUSTRIA DE TRANSFORMADORES AMAZON;4600001961;510;MK;K;A01;;27/12/2022;400072;TRAFO AER 1F 7,96KV 5KVA 240/120V 7TP;24/02/2023;24/05/2027;MC22103;;;;CDFL;INVT;0;UN;0;UN;4586,64;BRL;1;412258686,4;153;0;1
;;1003291    INDUSTRIA DE TRANSFORMADORES AMAZON;4600001961;570;MK;K;A01;;27/12/2022;400072;TRAFO AER 1F 7,96KV 5KVA 240/120V 7TP;24/02/2023;24/05/2027;MC22103;;;;CDFL;INVT;0;UN;0;UN;4586,64;BRL;1;412258686,4;105;0;1
;;1003291    INDUSTRIA DE TRANSFORMADORES AMAZON;4600001961;610;MK;K;A01;;27/12/2022;400072;TRAFO AER 1F 7,96KV 5KVA 240/120V 7TP;24/02/2023;24/05/2027;MC22103;;;;CDFL;INVT;0;UN;0;UN;4586,64;BRL;1;412258686,4;242;0;1
;;1003291    INDUSTRIA DE TRANSFORMADORES AMAZON;4600001961;620;MK;K;A01;;27/12/2022;400072;TRAFO AER 1F 7,96KV 5KVA 240/120V 7TP;24/02/2023;24/05/2027;MC22103;;;;CDFL;INVT;0;UN;0;UN;4485,87;BRL;1;412258686,4;130;0;1
;;1003291    INDUSTRIA DE TRANSFORMADORES AMAZON;4600001961;670;MK;K;A01;;27/12/2022;400072;TRAFO AER 1F 7,96KV 5KVA 240/120V 7TP;24/02/2023;24/05/2027;MC22103;;;;CDFL;INVT;0;UN;0;UN;4586,64;BRL;1;412258686,4;100;0;1
;;1003291    INDUSTRIA DE TRANSFORMADORES AMAZON;4600001961;680;MK;K;A01;;27/12/2022;400072;TRAFO AER 1F 7,96KV 5KVA 240/120V 7TP;24/02/2023;24/05/2027;MC22103;;;;CDFL;INVT;0;UN;0;UN;4586,64;BRL;1;412258686,4;338;0;1
;;1003291    INDUSTRIA DE TRANSFORMADORES AMAZON;4600001961;80;MK;K;A01;;27/12/2022;400073;TRAFO AER 3F 15KV 45KVA 220/127V 7TP;24/02/2023;24/05/2027;MC22103;;;;CDFL;INVT;0;UN;0;UN;15179,96;BRL;1;412258686,4;590;285;1
;;1003291    INDUSTRIA DE TRANSFORMADORES AMAZON;4600001961;180;MK;K;A01;;27/12/2022;400073;TRAFO AER 3F 15KV 45KVA 220/127V 7TP;24/02/2023;24/05/2027;MC22103;;;;CDFL;INVT;0;UN;0;UN;15179,96;BRL;1;412258686,4;447;248;1
;;1003291    INDUSTRIA DE TRANSFORMADORES AMAZON;4600001961;310;MK;K;A01;;27/12/2022;400073;TRAFO AER 3F 15KV 45KVA 220/127V 7TP;24/02/2023;24/05/2027;MC22103;;;;CDFL;INVT;0;UN;0;UN;15179,96;BRL;1;412258686,4;460;329;1
;;1003291    INDUSTRIA DE TRANSFORMADORES AMAZON;4600001961;420;MK;K;A01;;27/12/2022;400073;TRAFO AER 3F 15KV 45KVA 220/127V 7TP;24/02/2023;24/05/2027;MC22103;;;;CDFL;INVT;0;UN;0;UN;15179,96;BRL;1;412258686,4;62;43;1
;;1003291    INDUSTRIA DE TRANSFORMADORES AMAZON;4600001961;550;MK;K;A01;;27/12/2022;400073;TRAFO AER 3F 15KV 45KVA 220/127V 7TP;24/02/2023;24/05/2027;MC22103;;;;CDFL;INVT;0;UN;0;UN;15179,96;BRL;1;412258686,4;36;0;1
;;1003291    INDUSTRIA DE TRANSFORMADORES AMAZON;4600001961;640;MK;K;A01;;27/12/2022;400073;TRAFO AER 3F 15KV 45KVA 220/127V 7TP;24/02/2023;24/05/2027;MC22103;;;;CDFL;INVT;0;UN;0;UN;12748,51;BRL;1;412258686,4;35;0;1
;;1003291    INDUSTRIA DE TRANSFORMADORES AMAZON;4600001961;730;MK;K;A01;;27/12/2022;400073;TRAFO AER 3F 15KV 45KVA 220/127V 7TP;24/02/2023;24/05/2027;MC22103;;;;CDFL;INVT;0;UN;0;UN;15179,96;BRL;1;412258686,4;42;0;1
;;1003291    INDUSTRIA DE TRANSFORMADORES AMAZON;4600001961;50;MK;K;A01;;27/12/2022;400243;TRAFO AER 3F 15KV 150KVA 220/127V 7TP;24/02/2023;24/05/2027;MC22103;;;;CDFL;INVT;0;UN;0;UN;39775,5;BRL;1;412258686,4;497;274;1
;;1003291    INDUSTRIA DE TRANSFORMADORES AMAZON;4600001961;150;MK;K;A01;;27/12/2022;400243;TRAFO AER 3F 15KV 150KVA 220/127V 7TP;24/02/2023;24/05/2027;MC22103;;;;CDFL;INVT;0;UN;0;UN;39775,5;BRL;1;412258686,4;457;243;1
;;1003291    INDUSTRIA DE TRANSFORMADORES AMAZON;4600001961;280;MK;K;A01;;27/12/2022;400243;TRAFO AER 3F 15KV 150KVA 220/127V 7TP;24/02/2023;24/05/2027;MC22103;;;;CDFL;INVT;0;UN;0;UN;39775,5;BRL;1;412258686,4;459;450;1
;;1003291    INDUSTRIA DE TRANSFORMADORES AMAZON;4600001961;360;MK;K;A01;;27/12/2022;400243;TRAFO AER 3F 15KV 150KVA 220/127V 7TP;24/02/2023;24/05/2027;MC22103;;;;CDFL;INVT;0;UN;0;UN;39775,5;BRL;1;412258686,4;400;182;1
;;1003291    INDUSTRIA DE TRANSFORMADORES AMAZON;4600001961;450;MK;K;A01;;27/12/2022;400243;TRAFO AER 3F 15KV 150KVA 220/127V 7TP;24/02/2023;24/05/2027;MC22103;;;;CDFL;INVT;0;UN;0;UN;39775,5;BRL;1;412258686,4;182;122;1
;;1003291    INDUSTRIA DE TRANSFORMADORES AMAZON;4600001961;530;MK;K;A01;;27/12/2022;400243;TRAFO AER 3F 15KV 150KVA 220/127V 7TP;24/02/2023;24/05/2027;MC22103;;;;CDFL;INVT;0;UN;0;UN;39775,5;BRL;1;412258686,4;3;0;1
;;1003291    INDUSTRIA DE TRANSFORMADORES AMAZON;4600001961;660;MK;K;A01;;27/12/2022;400243;TRAFO AER 3F 15KV 150KVA 220/127V 7TP;24/02/2023;24/05/2027;MC22103;;;;CDFL;INVT;0;UN;0;UN;32680,76;BRL;1;412258686,4;37;0;1
;;1003291    INDUSTRIA DE TRANSFORMADORES AMAZON;4600001961;40;MK;K;A01;;27/12/2022;400288;TRAFO AER 3F 15KV 112,5KVA 220/127V 7TP;24/02/2023;24/05/2027;MC22103;;;;CDFL;INVT;0;UN;0;UN;28827,07;BRL;1;412258686,4;1143;734;1
;;1003291    INDUSTRIA DE TRANSFORMADORES AMAZON;4600001961;140;MK;K;A01;;27/12/2022;400288;TRAFO AER 3F 15KV 112,5KVA 220/127V 7TP;24/02/2023;24/05/2027;MC22103;;;;CDFL;INVT;0;UN;0;UN;28827,07;BRL;1;412258686,4;1088;652;1
;;1003291    INDUSTRIA DE TRANSFORMADORES AMAZON;4600001961;270;MK;K;A01;;27/12/2022;400288;TRAFO AER 3F 15KV 112,5KVA 220/127V 7TP;24/02/2023;24/05/2027;MC22103;;;;CDFL;INVT;0;UN;0;UN;28827,07;BRL;1;412258686,4;1095;1077;1
;;1003291    INDUSTRIA DE TRANSFORMADORES AMAZON;4600001961;350;MK;K;A01;;27/12/2022;400288;TRAFO AER 3F 15KV 112,5KVA 220/127V 7TP;24/02/2023;24/05/2027;MC22103;;;;CDFL;INVT;0;UN;0;UN;28827,07;BRL;1;412258686,4;795;412;1
;;1003291    INDUSTRIA DE TRANSFORMADORES AMAZON;4600001961;440;MK;K;A01;;27/12/2022;400288;TRAFO AER 3F 15KV 112,5KVA 220/127V 7TP;24/02/2023;24/05/2027;MC22103;;;;CDFL;INVT;0;UN;0;UN;28827,07;BRL;1;412258686,4;299;91;1
;;1003291    INDUSTRIA DE TRANSFORMADORES AMAZON;4600001961;520;MK;K;A01;;27/12/2022;400288;TRAFO AER 3F 15KV 112,5KVA 220/127V 7TP;24/02/2023;24/05/2027;MC22103;;;;CDFL;INVT;0;UN;0;UN;28827,07;BRL;1;412258686,4;18;0;1
;;1003291    INDUSTRIA DE TRANSFORMADORES AMAZON;4600001961;750;MK;K;A01;;27/12/2022;400288;TRAFO AER 3F 15KV 112,5KVA 220/127V 7TP;24/02/2023;24/05/2027;MC22103;;;;CDFL;INVT;0;UN;0;UN;28827,07;BRL;1;412258686,4;66;0;1
;;1003291    INDUSTRIA DE TRANSFORMADORES AMAZON;4600001961;20;MK;K;A01;;27/12/2022;401193;TRAFO AER 1F 7,96KV 15KVA 240/120V 7TP;24/02/2023;24/05/2027;MC22103;;;;CDFL;INVT;0;UN;0;UN;7279,45;BRL;1;412258686,4;292;195;1
;;1003291    INDUSTRIA DE TRANSFORMADORES AMAZON;4600001961;120;MK;K;A01;;27/12/2022;401193;TRAFO AER 1F 7,96KV 15KVA 240/120V 7TP;24/02/2023;24/05/2027;MC22103;;;;CDFL;INVT;0;UN;0;UN;7279,45;BRL;1;412258686,4;192;95;1
;;1003291    INDUSTRIA DE TRANSFORMADORES AMAZON;4600001961;250;MK;K;A01;;27/12/2022;401193;TRAFO AER 1F 7,96KV 15KVA 240/120V 7TP;24/02/2023;24/05/2027;MC22103;;;;CDFL;INVT;0;UN;0;UN;7279,45;BRL;1;412258686,4;206;57;1
;;1003291    INDUSTRIA DE TRANSFORMADORES AMAZON;4600001961;500;MK;K;A01;;27/12/2022;401193;TRAFO AER 1F 7,96KV 15KVA 240/120V 7TP;24/02/2023;24/05/2027;MC22103;;;;CDFL;INVT;0;UN;0;UN;7279,45;BRL;1;412258686,4;3;0;1
;;1003291    INDUSTRIA DE TRANSFORMADORES AMAZON;4600001961;590;MK;K;A01;;27/12/2022;401193;TRAFO AER 1F 7,96KV 15KVA 240/120V 7TP;24/02/2023;24/05/2027;MC22103;;;;CDFL;INVT;0;UN;0;UN;7279,45;BRL;1;412258686,4;13;0;1
;;1003291    INDUSTRIA DE TRANSFORMADORES AMAZON;4600001961;630;MK;K;A01;;27/12/2022;401193;TRAFO AER 1F 7,96KV 15KVA 240/120V 7TP;24/02/2023;24/05/2027;MC22103;;;;CDFL;INVT;0;UN;0;UN;5483,92;BRL;1;412258686,4;38;0;1
;;1003291    INDUSTRIA DE TRANSFORMADORES AMAZON;4600001961;700;MK;K;A01;;27/12/2022;401193;TRAFO AER 1F 7,96KV 15KVA 240/120V 7TP;24/02/2023;24/05/2027;MC22103;;;;CDFL;INVT;0;UN;0;UN;7279,45;BRL;1;412258686,4;14;0;1
;;1003291    INDUSTRIA DE TRANSFORMADORES AMAZON;4600001961;70;MK;K;A01;;27/12/2022;401324;TRAFO AER 3F 15KV 30KVA 220/127V 7TP;24/02/2023;24/05/2027;MC22103;;;;CDFL;INVT;0;UN;0;UN;12375,72;BRL;1;412258686,4;470;317;1
;;1003291    INDUSTRIA DE TRANSFORMADORES AMAZON;4600001961;170;MK;K;A01;;27/12/2022;401324;TRAFO AER 3F 15KV 30KVA 220/127V 7TP;24/02/2023;24/05/2027;MC22103;;;;CDFL;INVT;0;UN;0;UN;12375,72;BRL;1;412258686,4;499;323;1
;;1003291    INDUSTRIA DE TRANSFORMADORES AMAZON;4600001961;300;MK;K;A01;;27/12/2022;401324;TRAFO AER 3F 15KV 30KVA 220/127V 7TP;24/02/2023;24/05/2027;MC22103;;;;CDFL;INVT;0;UN;0;UN;12375,72;BRL;1;412258686,4;505;439;1
;;1003291    INDUSTRIA DE TRANSFORMADORES AMAZON;4600001961;410;MK;K;A01;;27/12/2022;401324;TRAFO AER 3F 15KV 30KVA 220/127V 7TP;24/02/2023;24/05/2027;MC22103;;;;CDFL;INVT;0;UN;0;UN;12375,72;BRL;1;412258686,4;39;16;1
;;1003291    INDUSTRIA DE TRANSFORMADORES AMAZON;4600001961;540;MK;K;A01;;27/12/2022;401324;TRAFO AER 3F 15KV 30KVA 220/127V 7TP;24/02/2023;24/05/2027;MC22103;;;;CDFL;INVT;0;UN;0;UN;12375,72;BRL;1;412258686,4;6;0;1
;;1003291    INDUSTRIA DE TRANSFORMADORES AMAZON;4600001961;720;MK;K;A01;;27/12/2022;401324;TRAFO AER 3F 15KV 30KVA 220/127V 7TP;24/02/2023;24/05/2027;MC22103;;;;CDFL;INVT;0;UN;0;UN;12375,72;BRL;1;412258686,4;10;0;1
;;1003291    INDUSTRIA DE TRANSFORMADORES AMAZON;4600001961;100;MK;K;A01;;27/12/2022;402132;TRAFO AER 1F 15KV 25KVA 240/120V 7TP;24/02/2023;24/05/2027;MC22103;;;;CDFL;INVT;0;UN;0;UN;10000;BRL;1;412258686,4;112;41;1
;;1003291    INDUSTRIA DE TRANSFORMADORES AMAZON;4600001961;200;MK;K;A01;;27/12/2022;402132;TRAFO AER 1F 15KV 25KVA 240/120V 7TP;24/02/2023;24/05/2027;MC22103;;;;CDFL;INVT;0;UN;0;UN;6414,12;BRL;1;412258686,4;62;22;1
;;1003291    INDUSTRIA DE TRANSFORMADORES AMAZON;4600001961;330;MK;K;A01;;27/12/2022;402132;TRAFO AER 1F 15KV 25KVA 240/120V 7TP;24/02/2023;24/05/2027;MC22103;;;;CDFL;INVT;0;UN;0;UN;10000;BRL;1;412258686,4;63;50;1
;;1003291    INDUSTRIA DE TRANSFORMADORES AMAZON;4600001961;370;MK;K;A01;;27/12/2022;402132;TRAFO AER 1F 15KV 25KVA 240/120V 7TP;24/02/2023;24/05/2027;MC22103;;;;CDFL;INVT;0;UN;0;UN;10154,77;BRL;1;412258686,4;3;1;1
;;1003291    INDUSTRIA DE TRANSFORMADORES AMAZON;4600001961;470;MK;K;A01;;27/12/2022;402132;TRAFO AER 1F 15KV 25KVA 240/120V 7TP;24/02/2023;24/05/2027;MC22103;;;;CDFL;INVT;0;UN;0;UN;10154,77;BRL;1;412258686,4;10;0;1
;;1003291    INDUSTRIA DE TRANSFORMADORES AMAZON;4600001961;600;MK;K;A01;;27/12/2022;402132;TRAFO AER 1F 15KV 25KVA 240/120V 7TP;24/02/2023;24/05/2027;MC22103;;;;CDFL;INVT;0;UN;0;UN;10154,77;BRL;1;412258686,4;10;0;1
;;1003291    INDUSTRIA DE TRANSFORMADORES AMAZON;4600001961;710;MK;K;A01;;27/12/2022;402132;TRAFO AER 1F 15KV 25KVA 240/120V 7TP;24/02/2023;24/05/2027;MC22103;;;;CDFL;INVT;0;UN;0;UN;10154,77;BRL;1;412258686,4;20;0;1
;;1003291    INDUSTRIA DE TRANSFORMADORES AMAZON;4600001961;10;MK;K;A01;;27/12/2022;402447;TRAFO AER 1F 7,96KV 10KVA 240/120V 7TP;24/02/2023;24/05/2027;MC22103;;;;CDFL;INVT;0;UN;0;UN;5491,95;BRL;1;412258686,4;418;295;1
;;1003291    INDUSTRIA DE TRANSFORMADORES AMAZON;4600001961;110;MK;K;A01;;27/12/2022;402447;TRAFO AER 1F 7,96KV 10KVA 240/120V 7TP;24/02/2023;24/05/2027;MC22103;;;;CDFL;INVT;0;UN;0;UN;5491,95;BRL;1;412258686,4;250;138;1
;;1003291    INDUSTRIA DE TRANSFORMADORES AMAZON;4600001961;240;MK;K;A01;;27/12/2022;402447;TRAFO AER 1F 7,96KV 10KVA 240/120V 7TP;24/02/2023;24/05/2027;MC22103;;;;CDFL;INVT;0;UN;0;UN;5491,95;BRL;1;412258686,4;255;147;1
;;1003291    INDUSTRIA DE TRANSFORMADORES AMAZON;4600001961;400;MK;K;A01;;27/12/2022;402447;TRAFO AER 1F 7,96KV 10KVA 240/120V 7TP;24/02/2023;24/05/2027;MC22103;;;;CDFL;INVT;0;UN;0;UN;5491,95;BRL;1;412258686,4;28;26;1
;;1003291    INDUSTRIA DE TRANSFORMADORES AMAZON;4600001961;490;MK;K;A01;;27/12/2022;402447;TRAFO AER 1F 7,96KV 10KVA 240/120V 7TP;24/02/2023;24/05/2027;MC22103;;;;CDFL;INVT;0;UN;0;UN;5440,37;BRL;1;412258686,4;19;0;1
;;1003291    INDUSTRIA DE TRANSFORMADORES AMAZON;4600001961;580;MK;K;A01;;27/12/2022;402447;TRAFO AER 1F 7,96KV 10KVA 240/120V 7TP;24/02/2023;24/05/2027;MC22103;;;;CDFL;INVT;0;UN;0;UN;5491,95;BRL;1;412258686,4;25;0;1
;;1003291    INDUSTRIA DE TRANSFORMADORES AMAZON;4600001961;690;MK;K;A01;;27/12/2022;402447;TRAFO AER 1F 7,96KV 10KVA 240/120V 7TP;24/02/2023;24/05/2027;MC22103;;;;CDFL;INVT;0;UN;0;UN;5491,95;BRL;1;412258686,4;15;0;1
;;1003291    INDUSTRIA DE TRANSFORMADORES AMAZON;4600001961;780;MK;K;A01;;27/12/2022;402447;TRAFO AER 1F 7,96KV 10KVA 240/120V 7TP;24/02/2023;24/05/2027;MC22103;;;;CDFL;INVT;0;UN;0;UN;5491,95;BRL;1;412258686,4;15;0;1
;;1003291    INDUSTRIA DE TRANSFORMADORES AMAZON;4600001961;790;MK;K;A01;;27/12/2022;410116;TRAFO AER 1F 7,96KV 5KVA 240/120V 7TP VG;24/02/2023;24/05/2027;MC22103;;;;CDFL;INVT;0;UN;0;UN;4105,23;BRL;1;412258686,4;256;0;1
;;1003291    INDUSTRIA DE TRANSFORMADORES AMAZON;4600001961;860;MK;K;A01;;27/12/2022;410116;TRAFO AER 1F 7,96KV 5KVA 240/120V 7TP VG;24/02/2023;24/05/2027;MC22103;;;;CDFL;INVT;0;UN;0;UN;4105,23;BRL;1;412258686,4;421;0;1
;;1003291    INDUSTRIA DE TRANSFORMADORES AMAZON;4600001961;800;MK;K;A01;;27/12/2022;410117;TRAFO AER 1F 7,9KV 10KVA 240/120V 7TP VG;24/02/2023;24/05/2027;MC22103;;;;CDFL;INVT;0;UN;0;UN;4522,5;BRL;1;412258686,4;45;0;1
;;1003291    INDUSTRIA DE TRANSFORMADORES AMAZON;4600001961;870;MK;K;A01;;27/12/2022;410117;TRAFO AER 1F 7,9KV 10KVA 240/120V 7TP VG;24/02/2023;24/05/2027;MC22103;;;;CDFL;INVT;0;UN;0;UN;4522,5;BRL;1;412258686,4;64;0;1
;;1003291    INDUSTRIA DE TRANSFORMADORES AMAZON;4600001961;810;MK;K;A01;;27/12/2022;410118;TRAFO AER 1F 7,9KV 15KVA 240/120V 7TP VG;24/02/2023;24/05/2027;MC22103;;;;CDFL;INVT;0;UN;0;UN;5744,44;BRL;1;412258686,4;36;0;1
;;1003291    INDUSTRIA DE TRANSFORMADORES AMAZON;4600001961;880;MK;K;A01;;27/12/2022;410118;TRAFO AER 1F 7,9KV 15KVA 240/120V 7TP VG;24/02/2023;24/05/2027;MC22103;;;;CDFL;INVT;0;UN;0;UN;5744,44;BRL;1;412258686,4;62;0;1
;;1003291    INDUSTRIA DE TRANSFORMADORES AMAZON;4600001961;820;MK;K;A01;;27/12/2022;410119;TRAFO AER 1F 15KV 25KVA 240/120V 7TP VG;24/02/2023;24/05/2027;MC22103;;;;CDFL;INVT;0;UN;0;UN;6606,43;BRL;1;412258686,4;15;0;1
;;1003291    INDUSTRIA DE TRANSFORMADORES AMAZON;4600001961;890;MK;K;A01;;27/12/2022;410119;TRAFO AER 1F 15KV 25KVA 240/120V 7TP VG;24/02/2023;24/05/2027;MC22103;;;;CDFL;INVT;0;UN;0;UN;6606,43;BRL;1;412258686,4;12;0;1
;;1003291    INDUSTRIA DE TRANSFORMADORES AMAZON;4600001961;830;MK;K;A01;;27/12/2022;410120;TRAFO AER 3F 15KV 30KVA 220/127V 7TP VG;24/02/2023;24/05/2027;MC22103;;;;CDFL;INVT;0;UN;0;UN;10071,54;BRL;1;412258686,4;25;0;1
;;1003291    INDUSTRIA DE TRANSFORMADORES AMAZON;4600001961;900;MK;K;A01;;27/12/2022;410120;TRAFO AER 3F 15KV 30KVA 220/127V 7TP VG;24/02/2023;24/05/2027;MC22103;;;;CDFL;INVT;0;UN;0;UN;10071,54;BRL;1;412258686,4;56;0;1
;;1003291    INDUSTRIA DE TRANSFORMADORES AMAZON;4600001961;850;MK;K;A01;;27/12/2022;410122;TRAFO AER 3F 15KV 75KVA 220/127V 7TP VG;24/02/2023;24/05/2027;MC22103;;;;CDFL;INVT;0;UN;0;UN;15540,52;BRL;1;412258686,4;361;0;1
;;1003291    INDUSTRIA DE TRANSFORMADORES AMAZON;4600001961;920;MK;K;A01;;27/12/2022;410122;TRAFO AER 3F 15KV 75KVA 220/127V 7TP VG;24/02/2023;24/05/2027;MC22103;;;;CDFL;INVT;0;UN;0;UN;15540,52;BRL;1;412258686,4;532;0;1
;;1003291    INDUSTRIA DE TRANSFORMADORES AMAZON;4600001961;930;MK;K;A01;;27/12/2022;410123;TRAFO AER 3F 15 112,5KVA 220/127V 7TP VG;24/02/2023;24/05/2027;MC22103;;;;CDFL;INVT;0;UN;0;UN;20659,85;BRL;1;412258686,4;180;0;1
;;1003291    INDUSTRIA DE TRANSFORMADORES AMAZON;4600001961;940;MK;K;A01;;27/12/2022;410124;TRAFO AER 3F 15KV 150KVA 220/127V 7TP VG;24/02/2023;24/05/2027;MC22103;;;;CDFL;INVT;0;UN;0;UN;23335,7;BRL;1;412258686,4;35;0;1
;;1003291    INDUSTRIA DE TRANSFORMADORES AMAZON;4600001961;840;MK;K;A01;;27/12/2022;410126;TRAFO AER 3F 15KV 45KVA 220/127V 7TP VG;24/02/2023;24/05/2027;MC22103;;;;CDFL;INVT;0;UN;0;UN;11747,59;BRL;1;412258686,4;88;0;1
;;1003291    INDUSTRIA DE TRANSFORMADORES AMAZON;4600001961;910;MK;K;A01;;27/12/2022;410126;TRAFO AER 3F 15KV 45KVA 220/127V 7TP VG;24/02/2023;24/05/2027;MC22103;;;;CDFL;INVT;0;UN;0;UN;11747,59;BRL;1;412258686,4;84;0;1
;;1003953    CONDUMAX - ELETRO METALURGICA CIAFU;4600003524;10;WK;K;A15;;09/03/2026;403574;CABO AL CONCENTRICO 3F 3X95+95MM2;09/03/2026;01/02/2029;MC10101;;;;CDFL;INVT;0;M;0;M;57,96;BRL;1;15922192,83;36000;36000;1
;;1003953    CONDUMAX - ELETRO METALURGICA CIAFU;4600003524;20;WK;K;A15;;09/03/2026;403574;CABO AL CONCENTRICO 3F 3X95+95MM2;09/03/2026;01/02/2029;MC10101;;;;CDFL;INVT;0;M;0;M;57,96;BRL;1;15922192,83;36000;36000;1
;;1003953    CONDUMAX - ELETRO METALURGICA CIAFU;4600003524;30;WK;K;A15;;09/03/2026;403574;CABO AL CONCENTRICO 3F 3X95+95MM2;09/03/2026;01/02/2029;MC10101;;;;CDFL;INVT;0;M;0;M;57,96;BRL;1;15922192,83;43000;43000;1
;;1003953    CONDUMAX - ELETRO METALURGICA CIAFU;4600003524;190;WK;K;A15;;09/03/2026;403574;CABO AL CONCENTRICO 3F 3X95+95MM2;09/03/2026;01/02/2029;MC10101;;;;CDFL;INVT;0;M;0;M;57,96;BRL;1;15922192,83;800;0;1
;;1003953    CONDUMAX - ELETRO METALURGICA CIAFU;4600003524;400;WK;K;A15;;09/03/2026;403579;CABO AL CONCENTRICO 3F 3X35+35MM2;09/03/2026;01/02/2029;MC10101;;;;CDFL;INVT;0;M;0;M;29,91;BRL;1;15922192,83;40000;40000;1
;;1003953    CONDUMAX - ELETRO METALURGICA CIAFU;4600003524;480;WK;K;A15;;09/03/2026;403579;CABO AL CONCENTRICO 3F 3X35+35MM2;09/03/2026;01/02/2029;MC10101;;;;CDFL;INVT;0;M;0;M;29,91;BRL;1;15922192,83;15000;15000;1
;;1003953    CONDUMAX - ELETRO METALURGICA CIAFU;4600003524;40;WK;K;A15;;09/03/2026;403656;CABO AL CONCENTRICO 3F 3X25+25MM2;09/03/2026;01/02/2029;MC10101;;;;CDFL;INVT;0;M;0;M;22,16;BRL;1;15922192,83;56000;56000;1
;;1003953    CONDUMAX - ELETRO METALURGICA CIAFU;4600003524;180;WK;K;A15;;09/03/2026;403656;CABO AL CONCENTRICO 3F 3X25+25MM2;09/03/2026;01/02/2029;MC10101;;;;CDFL;INVT;0;M;0;M;22,16;BRL;1;15922192,83;94200;0;1
;;1003953    CONDUMAX - ELETRO METALURGICA CIAFU;4600003524;90;WK;K;A15;;09/03/2026;403954;CABO AL CONCENTRICO 3F 3X50+50MM2;09/03/2026;01/02/2029;MC10101;;;;CDFL;INVT;0;M;0;M;6,82;BRL;1;15922192,83;3827;3827;1
;;1003953    CONDUMAX - ELETRO METALURGICA CIAFU;4600003524;200;WK;K;A15;;09/03/2026;403954;CABO AL CONCENTRICO 3F 3X50+50MM2;09/03/2026;01/02/2029;MC10101;;;;CDFL;INVT;0;M;0;M;6,82;BRL;1;15922192,83;15700;15700;1
;;1003953    CONDUMAX - ELETRO METALURGICA CIAFU;4600003524;50;WK;K;A15;;09/03/2026;404009;CABO AL CONCENTRICO 1F 1x16+16MM2;09/03/2026;01/02/2029;MC10101;;;;CDFL;INVT;0;M;0;M;5,13;BRL;1;15922192,83;58000;58000;1
;;1003953    CONDUMAX - ELETRO METALURGICA CIAFU;4600003524;160;WK;K;A15;;09/03/2026;404009;CABO AL CONCENTRICO 1F 1x16+16MM2;09/03/2026;01/02/2029;MC10101;;;;CDFL;INVT;0;M;0;M;5,13;BRL;1;15922192,83;118400;18400;1
;;1003953    CONDUMAX - ELETRO METALURGICA CIAFU;4600003524;60;WK;K;A15;;09/03/2026;408291;CABO AL CONCENTRICO 2F 2X25+25MM2;09/03/2026;01/02/2029;MC00201;;;;CDFL;INVT;0;M;0;M;16,06;BRL;1;15922192,83;25000;25000;1
;;1003953    CONDUMAX - ELETRO METALURGICA CIAFU;4600003524;70;WK;K;A15;;09/03/2026;408291;CABO AL CONCENTRICO 2F 2X25+25MM2;09/03/2026;01/02/2029;MC00201;;;;CDFL;INVT;0;M;0;M;16,06;BRL;1;15922192,83;30000;30000;1
;;1003953    CONDUMAX - ELETRO METALURGICA CIAFU;4600003524;80;WK;K;A15;;09/03/2026;408291;CABO AL CONCENTRICO 2F 2X25+25MM2;09/03/2026;01/02/2029;MC00201;;;;CDFL;INVT;0;M;0;M;16,06;BRL;1;15922192,83;117000;117000;1
;;1003953    CONDUMAX - ELETRO METALURGICA CIAFU;4600003524;170;WK;K;A15;;09/03/2026;408291;CABO AL CONCENTRICO 2F 2X25+25MM2;09/03/2026;01/02/2029;MC00201;;;;CDFL;INVT;0;M;0;M;16,06;BRL;1;15922192,83;15700;0;1
;;1003953    CONDUMAX - ELETRO METALURGICA CIAFU;4600003524;510;WK;K;A15;;09/03/2026;410046;CABO AL CONCENTRICO 1F 1x25+25MM2;09/03/2026;01/02/2029;MC10101;;;;CDFL;INVT;0;M;0;M;9,4;BRL;1;15922192,83;47000;27000;1
;;1003953    CONDUMAX - ELETRO METALURGICA CIAFU;4600003524;470;WK;K;A15;;09/03/2026;410050;CABO AL CONCENTRICO 2F 2X35+35MM2;09/03/2026;01/02/2029;MC10101;;;;CDFL;INVT;0;M;0;M;21,75;BRL;1;15922192,83;15000;15000;1
;;1003953    CONDUMAX - ELETRO METALURGICA CIAFU;4600003524;490;WK;K;A15;;09/03/2026;410050;CABO AL CONCENTRICO 2F 2X35+35MM2;09/03/2026;01/02/2029;MC10101;;;;CDFL;INVT;0;M;0;M;21,75;BRL;1;15922192,83;15000;0;1
;;1003953    CONDUMAX - ELETRO METALURGICA CIAFU;4600003524;500;WK;K;A15;;09/03/2026;410050;CABO AL CONCENTRICO 2F 2X35+35MM2;09/03/2026;01/02/2029;MC10101;;;;CDFL;INVT;0;M;0;M;21,75;BRL;1;15922192,83;40000;0;1
;;1003953    CONDUMAX - ELETRO METALURGICA CIAFU;4600003524;100;WK;K;A15;;09/03/2026;804637;CABO AL CONCENTRICO 3F 3X10+10MM2;09/03/2026;01/02/2029;MC10101;;;;CDFL;CUST;0;M;0;M;10,21;BRL;1;15922192,83;1000;1000;1
;;1003953    CONDUMAX - ELETRO METALURGICA CIAFU;4600003524;110;WK;K;A15;;09/03/2026;804638;CABO AL CONCENTRICO 2F 2X25+25MM2;09/03/2026;01/02/2029;MC10101;;;;CDFL;CUST;0;M;0;M;16,82;BRL;1;15922192,83;1000;1000;1
;;1003953    CONDUMAX - ELETRO METALURGICA CIAFU;4600003524;120;WK;K;A15;;09/03/2026;804639;CABO AL CONCENTRICO 3F 3X25+25MM2;09/03/2026;01/02/2029;MC10101;;;;CDFL;CUST;0;M;0;M;22,14;BRL;1;15922192,83;1000;1000;1
;;1003953    CONDUMAX - ELETRO METALURGICA CIAFU;4600003524;130;WK;K;A15;;09/03/2026;804640;CABO AL CONCENTRICO 3F 3X16+16MM2;09/03/2026;01/02/2029;MC10101;;;;CDFL;CUST;0;M;0;M;13,29;BRL;1;15922192,83;1000;1000;1
;;1003953    CONDUMAX - ELETRO METALURGICA CIAFU;4600003524;140;WK;K;A15;;09/03/2026;804663;CABO AL CONCENTRICO 3F 3X50+50MM2;09/03/2026;01/02/2029;MC10101;;;;CDFL;CUST;0;M;0;M;36,82;BRL;1;15922192,83;1000;1000;1
;;1003953    CONDUMAX - ELETRO METALURGICA CIAFU;4600003524;150;WK;K;A15;;09/03/2026;804666;CABO AL CONCENTRICO 1F 1x16+16MM2;09/03/2026;01/02/2029;MC10101;;;;CDFL;CUST;0;M;0;M;5,13;BRL;1;15922192,83;1000;1000;1
