Tipo de depósito;Posição no depósito;Qtd.disponível UMB;UM básica;Produto;Descrição breve do produto;Tipo de estoque;Denominação do tipo de estoque;Preço do material;Valor total;Nome do usuário;Dt.contg.inven.fís.;Qtd.na UM administrada em estoque;UM admin.estoque
9020;GI-ZONE;9;UN;400040;TRAFO AER 3F 15KV 75KVA 220/127V 7TP;L2;Utilização livre depósito INVT;12.185,82;109.672,38;;;0,00000000000000;
9020;GI-ZONE;2;UN;401321;RELIGADOR 3F AUTOMATICO 15,5KV 630A 16kA;L2;Utilização livre depósito INVT;148,50;297,00;;;0,00000000000000;
9020;GI-ZONE;1;UN;401324;TRAFO AER 3F 15KV 30KVA 220/127V 7TP;L2;Utilização livre depósito INVT;11.306,26;11.306,26;;;0,00000000000000;
9020;GI-ZONE;0;UN;402027;TERMINAL TUBULAR CU ESTANHADO 16MM2 AZ;L2;Utilização livre depósito INVT;1,29;0,00;;;0,00000000000000;
9020;GI-ZONE;0;UN;402307;CONECTOR PERF 4 SAÍDAS 25-240MM2/1,5-35M;L2;Utilização livre depósito INVT;71,72;0,00;;;0,00000000000000;
9020;GI-ZONE;0;UN;403499;ABRACADEIRA PLAS 300 X 4,80MM;L2;Utilização livre depósito INVT;0,18;0,00;;;0,00000000000000;
9020;GI-ZONE;0;UN;403594;ALCA PREFORM CABO CONC  2X16 + 16;L2;Utilização livre depósito INVT;10,04;0,00;;;0,00000000000000;
9020;GI-ZONE;0;UN;403602;ABRACADEIRA PLAS UV 525X8,90MM TRI;L2;Utilização livre depósito INVT;1,25;0,00;;;0,00000000000000;
9020;GI-ZONE;0;UN;403682;BUCHA LOK 01;L2;Utilização livre depósito INVT;0,85;0,00;;;0,00000000000000;
9020;GI-ZONE;0;UN;403838;ALCA PREFORM CABO CONC  1X16 + 16;L2;Utilização livre depósito INVT;3,07;0,00;;;0,00000000000000;
9020;GI-ZONE;59;UN;801352;ELO FUSIVEL BOTAO DISTRIB K 10A 500MM;F3;Utilização livre depósito CUST;5,85;345,15;;;0,00000000000000;
9020;GI-ZONE;30;UN;805400;PORCA SEXTAVADA, M8, ZINCADA;F3;Utilização livre depósito CUST;0,31;9,30;;;0,00000000000000;
BLIN;1G-01-05B BLIN;19.643;M;400813;CABO ELETRICO ISOLADO SINGELO 6MM2;L2;Utilização livre depósito INVT;1,75;34.375,25;;;0,00000000000000;
BLIN;1G-04-01A BLIN;1.864;M;402152;CABO ELET CU 95MM2 90°XLPE 0,6/1KV;L2;Utilização livre depósito INVT;64,20;119.668,80;;;0,00000000000000;
BLIN;1G-05-02A BLIN;8.103;M;403656;CABO AL CONCENTRICO 3F 3X25+25MM2;L2;Utilização livre depósito INVT;24,04;194.796,12;;;0,00000000000000;
BLIN;1G-05-03A BLIN;569;KG;401823;CORDOALHA AC 6,3MM 1/4P 7F;L2;Utilização livre depósito INVT;28,25;16.074,25;;;0,00000000000000;
BLIN;1G-05-04A BLIN;3.375;KG;400594;CABO DE AÇO REVESTIDOS DE COBRE 35MM²;L2;Utilização livre depósito INVT;95,18;321.232,50;;;0,00000000000000;
BLIN;1G-05-05A BLIN;985;M;402318;CABO  MULT 3X120+1X70MM² XLPE 0,6/1 KV;L2;Utilização livre depósito INVT;47,04;46.334,40;;;0,00000000000000;
BLIN;2G-01-02A BLIN;300;UN;403209;PRENSA CABO PVC 3/4P;L2;Utilização livre depósito INVT;5,77;1.731,00;;;0,00000000000000;
BLIN;2G-01-03A BLIN;4;UN;400375;ALCA PREFORM DIST CAA/CA 2/0AWG 70MM2;L2;Utilização livre depósito INVT;9,03;36,12;;;0,00000000000000;
BLIN;2G-01-04D BLIN;10.358;UN;403209;PRENSA CABO PVC 3/4P;L2;Utilização livre depósito INVT;5,77;59.765,66;;;0,00000000000000;
BLIN;2G-01-07A BLIN;294;UN;401927;MANILHA SAPATILHA 5000DAN;L2;Utilização livre depósito INVT;20,79;6.112,26;;;0,00000000000000;
BLIN;2G-02-03B BLIN;120;UN;400665;GRAMPO ANCOR CUNHA AL 50MM2 400DAN;L2;Utilização livre depósito INVT;23,68;2.841,60;;;0,00000000000000;
BLIN;2G-02-03E BLIN;480;M;407094;SEALTUBO 1.1/2 FLEX ESP. AÇO CAPA PVC;L2;Utilização livre depósito INVT;70,33;33.758,40;;;0,00000000000000;
BLIN;2G-02-08A BLIN;628;UN;400930;PARAFUSO CAB ABA AC 10MM 115MM;L2;Utilização livre depósito INVT;2,42;1.519,76;;;0,00000000000000;
BLIN;2G-02-09E BLIN;381;M;407094;SEALTUBO 1.1/2 FLEX ESP. AÇO CAPA PVC;L2;Utilização livre depósito INVT;70,33;26.795,73;;;0,00000000000000;
BLIN;2G-03-07A BLIN;4.532;UN;400790;CONECTOR ATERR REFORÇ HAST/CAB 5/8-35MM2;L2;Utilização livre depósito INVT;20,40;92.452,80;;;0,00000000000000;
BLIN;2G-03-12A BLIN;1.120;UN;401566;CONECTOR PARAL AL 4/0AWG 1/0AWG;L2;Utilização livre depósito INVT;22,93;25.681,60;;;0,00000000000000;
BLIN;2G-03-14B BLIN;188;UN;400665;GRAMPO ANCOR CUNHA AL 50MM2 400DAN;L2;Utilização livre depósito INVT;23,68;4.451,84;;;0,00000000000000;
BLIN;2G-03-18A BLIN;1.241;UN;401937;SAPATILHA CABO DE ACO 3/8P;L2;Utilização livre depósito INVT;4,09;5.075,69;;;0,00000000000000;
BLIN;2G-04-00A BLIN;1.385;UN;400906;HASTE ATERRAMENTO CI AC 14,3X2438MM;L2;Utilização livre depósito INVT;99,53;137.849,05;;;0,00000000000000;
BLIN;2G-04-01A BLIN;482;UN;401117;MAO-FRANCESA NORMAL AC 710X32X6,5MM;L2;Utilização livre depósito INVT;12,29;5.923,78;;;0,00000000000000;
BLIN;2G-04-01B - BLIN;263;UN;400805;ELO FUSIVEL BOTAO DISTRIB H 5A 500MM;L2;Utilização livre depósito INVT;5,50;1.446,50;;;0,00000000000000;
BLIN;2G-04-01E BLIN;768;UN;404084;ESPACADOR LOSANG CLASSE 15KV C/ GARRAS;L2;Utilização livre depósito INVT;22,91;17.594,88;;;0,00000000000000;
BLIN;2G-04-05A BLIN;765;UN;401568;CONECTOR COMP DER 4/0AWG 3/0-4/0AWG;L2;Utilização livre depósito INVT;1,24;948,60;;;0,00000000000000;
BLIN;2G-04-06C BLIN;2.397;UN;401568;CONECTOR COMP DER 4/0AWG 3/0-4/0AWG;L2;Utilização livre depósito INVT;1,24;2.972,28;;;0,00000000000000;
BLIN;2G-04-12B BLIN;374;UN;401870;CARTUCHO MET P/CUNHA AZ FEST CALIB 22;L2;Utilização livre depósito INVT;1,02;381,48;;;0,00000000000000;
BLIN;2G-04-13A - BLIN;342;UN;401834;CONECTOR PARAL AL 10AWG-1/0AWG;L2;Utilização livre depósito INVT;11,50;3.933,00;;;0,00000000000000;
BLIN;2G-04-13B BLIN;7.035;UN;402027;TERMINAL TUBULAR CU ESTANHADO 16MM2 AZ;L2;Utilização livre depósito INVT;1,29;9.075,15;;;0,00000000000000;
BLIN;2G-04-14A BLIN;778;UN;405537;CONEC PERF PRIN 16-120 DER 4-36 2AMP LIM;L2;Utilização livre depósito INVT;48,73;37.911,94;;;0,00000000000000;
BLIN;2G-04-14B BLIN;73.727;UN;403682;BUCHA LOK 01;L2;Utilização livre depósito INVT;0,85;62.667,95;;;0,00000000000000;
BLIN;2G-04-14E BLIN;47.204;UN;402027;TERMINAL TUBULAR CU ESTANHADO 16MM2 AZ;L2;Utilização livre depósito INVT;1,29;60.893,16;;;0,00000000000000;
BLIN;2G-04-16A BLIN;15;UN;404732;CONECTOR PERFUR 50-185MM MED TENSAO 15KV;L2;Utilização livre depósito INVT;89,81;1.347,15;;;0,00000000000000;
BLIN;2G-04-19A BLIN;77;UN;400655;GRAMPO ANCOR CUNHA AL 185MM2 400DAN;L2;Utilização livre depósito INVT;42,78;3.294,06;;;0,00000000000000;
BLIN;2G-04-20A BLIN;1.210;UN;402105;CONECTOR AUTO PERF DU 70-240 / 70-240MM2;L2;Utilização livre depósito INVT;46,45;56.204,50;;;0,00000000000000;
BLIN;2G-04-20C BLIN;0;UN;402307;CONECTOR PERF 4 SAÍDAS 25-240MM2/1,5-35M;L2;Utilização livre depósito INVT;71,72;0,00;;;0,00000000000000;
BLIN;2G-05-03A BLIN;1.092;UN;402312;OLHAL PARAFUSO AC 16MM 5000DAN;L2;Utilização livre depósito INVT;11,29;12.328,68;;;0,00000000000000;
BLIN;2G-05-04A BLIN;83;UN;401079;LACO PLAST TOP ISOL 57MM CAB 120 MM 15KV;L2;Utilização livre depósito INVT;19,74;1.638,42;;;0,00000000000000;
BLIN;2G-05-07A BLIN;499;UN;401574;BRACO ANTIBALANCO PA PT 15KV 320MM;L2;Utilização livre depósito INVT;16,06;8.013,94;;;0,00000000000000;
BLIN;2G-05-07B BLIN;5.092;UN;403572;PRENSA CABO NYLON CURTO 1/2P;L2;Utilização livre depósito INVT;3,75;19.095,00;;;0,00000000000000;
BLIN;2G-05-09A BLIN;914;UN;402401;PINO ISOLADOR POLIMERICO AC 15KV 200MM;L2;Utilização livre depósito INVT;26,12;23.873,68;;;0,00000000000000;
BLIN;2G-05-11A BLIN;667;UN;403594;ALCA PREFORM CABO CONC  2X16 + 16;L2;Utilização livre depósito INVT;10,04;6.696,68;;;0,00000000000000;
BLIN;2G-05-12A BLIN;581;UN;401131;PARAFUSO CAB QD AC 16MM 225MM 300MM;L2;Utilização livre depósito INVT;12,86;7.471,66;;;0,00000000000000;
BLIN;2G-05-12A BLIN;396;UN;401927;MANILHA SAPATILHA 5000DAN;L2;Utilização livre depósito INVT;20,79;8.232,84;;;0,00000000000000;
BLIN;2G-05-12C BLIN;1.139;UN;401608;PARA-RAIO DISTRIB POL 280V 10KA ISOL;L2;Utilização livre depósito INVT;50,42;57.428,38;;;0,00000000000000;
BLIN;2G-05-13A BLIN;1.129;UN;401239;PARAFUSO CAB QD AC 16MM 450MM;L2;Utilização livre depósito INVT;23,85;26.926,65;;;0,00000000000000;
BLIN;2G-05-15A BLIN;200;UN;400359;ALCA PREFORM ESTAI 3/8P 9,5MM 889MM;L2;Utilização livre depósito INVT;24,62;4.924,00;;;0,00000000000000;
BLIN;2G-05-16B BLIN;29;UN;402331;BRACO C/GRAMPO SUSPE SECU 500DAN;L2;Utilização livre depósito INVT;47,63;1.381,27;;;0,00000000000000;
BLIN;2G-05-16B BLIN;820;UN;403804;ALCA PREFORM 6,4MM 1/4P AM 635MM;L2;Utilização livre depósito INVT;8,12;6.658,40;;;0,00000000000000;
BLIN;2G-05-18C BLIN;103.425;UN;405487;TERMINAL TUBULAR CU ESTANHADO 25MM2 AZ;L2;Utilização livre depósito INVT;0,74;76.534,50;;;0,00000000000000;
BLIN;2G-05-21A BLIN;443;UN;400974;PORCA QUADRADA AC 16MM 2MM;L2;Utilização livre depósito INVT;1,39;615,77;;;0,00000000000000;
BLIN;2G-05-21A BLIN;600;UN;402296;GANCHO OLHAL AC 17MM 5000KGF;L2;Utilização livre depósito INVT;12,53;7.518,00;;;0,00000000000000;
BLIN;2G-05-22A BLIN;40;UN;401857;CHAVE FUSIVEL DIST 15KV 100A/10KA PORC;L2;Utilização livre depósito INVT;328,30;13.132,00;;;0,00000000000000;
BLIN;2G-05-22A BLIN;50;UN;408994;ISOLADOR PINO, POLIMERICO COM TRAVAS;L2;Utilização livre depósito INVT;25,50;1.275,00;;;0,00000000000000;
BLIN;2G-05-23B BLIN;132;UN;401857;CHAVE FUSIVEL DIST 15KV 100A/10KA PORC;L2;Utilização livre depósito INVT;328,30;43.335,60;;;0,00000000000000;
BLIN;2G-05-23D BLIN;132;UN;401857;CHAVE FUSIVEL DIST 15KV 100A/10KA PORC;L2;Utilização livre depósito INVT;328,30;43.335,60;;;0,00000000000000;
BLIN;2G-06-01A BLIN;13.233;UN;403602;ABRACADEIRA PLAS UV 525X8,90MM TRI;L2;Utilização livre depósito INVT;1,25;16.541,25;;;0,00000000000000;
BLIN;2G-06-01B BLIN;875;UN;400506;CONECTOR DER CU 13-34MM2;L2;Utilização livre depósito INVT;9,86;8.627,50;;;0,00000000000000;
BLIN;2G-06-01B BLIN;66;UN;401465;CONECTOR PERF AL 16-120MM2 / 16-120MM2;L2;Utilização livre depósito INVT;12,22;806,52;;;0,00000000000000;
BLIN;2G-06-01B BLIN;30.067;UN;410041;PARAFUSO AUTO BROC CHAT phillips 4.2x25m;L2;Utilização livre depósito INVT;0,43;12.928,81;;;0,00000000000000;
BLIN;2G-06-02B BLIN;10.201;UN;403499;ABRACADEIRA PLAS 300 X 4,80MM;L2;Utilização livre depósito INVT;0,18;1.836,18;;;0,00000000000000;
BLIN;2G-06-02B BLIN;50.000;UN;410041;PARAFUSO AUTO BROC CHAT phillips 4.2x25m;L2;Utilização livre depósito INVT;0,43;21.500,00;;;0,00000000000000;
BLIN;2G-06-02B BLIN;134;UN;410213;TINTA SPRAY;L2;Utilização livre depósito INVT;18,00;2.412,00;;;0,00000000000000;
BLIN;2G-06-02C BLIN;1.757;UN;402307;CONECTOR PERF 4 SAÍDAS 25-240MM2/1,5-35M;L2;Utilização livre depósito INVT;71,72;126.012,04;;;0,00000000000000;
BLIN;2G-06-02D BLIN;132;UN;401857;CHAVE FUSIVEL DIST 15KV 100A/10KA PORC;L2;Utilização livre depósito INVT;328,30;43.335,60;;;0,00000000000000;
BLIN;2G-06-02E BLIN;6.327;UN;403838;ALCA PREFORM CABO CONC  1X16 + 16;L2;Utilização livre depósito INVT;3,07;19.423,89;;;0,00000000000000;
BLIN;2G-06-03C BLIN;1.750;UN;402307;CONECTOR PERF 4 SAÍDAS 25-240MM2/1,5-35M;L2;Utilização livre depósito INVT;71,72;125.510,00;;;0,00000000000000;
BLIN;2G-06-03D BLIN;132;UN;401857;CHAVE FUSIVEL DIST 15KV 100A/10KA PORC;L2;Utilização livre depósito INVT;328,30;43.335,60;;;0,00000000000000;
BLIN;2G-06-03E BLIN;1.750;UN;402307;CONECTOR PERF 4 SAÍDAS 25-240MM2/1,5-35M;L2;Utilização livre depósito INVT;71,72;125.510,00;;;0,00000000000000;
BLIN;2G-06-04A BLIN;163;UN;400906;HASTE ATERRAMENTO CI AC 14,3X2438MM;L2;Utilização livre depósito INVT;99,53;16.223,39;;;0,00000000000000;
BLIN;2G-06-04C BLIN;66;UN;401857;CHAVE FUSIVEL DIST 15KV 100A/10KA PORC;L2;Utilização livre depósito INVT;328,30;21.667,80;;;0,00000000000000;
BLIN;2G-06-04D BLIN;63;UN;401857;CHAVE FUSIVEL DIST 15KV 100A/10KA PORC;L2;Utilização livre depósito INVT;328,30;20.682,90;;;0,00000000000000;
BLIN;2G-06-04D BLIN;225;UN;402433;PARA-RAIO DISTRIB POL 12KV 10KA S/CENT;L2;Utilização livre depósito INVT;153,53;34.544,25;;;0,00000000000000;
BLIN;2G-06-04E BLIN;1.750;UN;402307;CONECTOR PERF 4 SAÍDAS 25-240MM2/1,5-35M;L2;Utilização livre depósito INVT;71,72;125.510,00;;;0,00000000000000;
BLIN;2G-06-05A BLIN;591;UN;400142;GRAMPO LV OLHAL 18MM 10-120/10-70MM2;L2;Utilização livre depósito INVT;70,83;41.860,53;;;0,00000000000000;
BLIN;2G-06-05A BLIN;84;UN;400665;GRAMPO ANCOR CUNHA AL 50MM2 400DAN;L2;Utilização livre depósito INVT;23,68;1.989,12;;;0,00000000000000;
BLIN;2G-06-05A BLIN;262;UN;401117;MAO-FRANCESA NORMAL AC 710X32X6,5MM;L2;Utilização livre depósito INVT;12,29;3.219,98;;;0,00000000000000;
BLIN;2G-06-05A BLIN;73;UN;401608;PARA-RAIO DISTRIB POL 280V 10KA ISOL;L2;Utilização livre depósito INVT;50,42;3.680,66;;;0,00000000000000;
BLIN;2G-06-05A BLIN;210;UN;402296;GANCHO OLHAL AC 17MM 5000KGF;L2;Utilização livre depósito INVT;12,53;2.631,30;;;0,00000000000000;
BLIN;2G-06-05A BLIN;6;UN;410200; CONECTOR COMP TIPO H 95-95;L2;Utilização livre depósito INVT;12,10;72,60;;;0,00000000000000;
BLIN;2G-06-05B BLIN;394;UN;400805;ELO FUSIVEL BOTAO DISTRIB H 5A 500MM;L2;Utilização livre depósito INVT;5,50;2.167,00;;;0,00000000000000;
BLIN;2G-06-05B BLIN;47;UN;402373;ESTRIBO BRACO L-EST-01 FOFO 200DAN;L2;Utilização livre depósito INVT;12,46;585,62;;;0,00000000000000;
BLIN;2G-06-05B BLIN;155;UN;402587;FITA ISOL EPR 0,76X19MM 10M PT;L2;Utilização livre depósito INVT;29,70;4.603,50;;;0,00000000000000;
BLIN;2G-06-05B BLIN;53;UN;404071;CONECTOR PERF 50-185MM2 15KV COM ESTRIBO;L2;Utilização livre depósito INVT;164,62;8.724,86;;;0,00000000000000;
BLIN;2G-06-05B BLIN;700;UN;405537;CONEC PERF PRIN 16-120 DER 4-36 2AMP LIM;L2;Utilização livre depósito INVT;48,73;34.111,00;;;0,00000000000000;
BLIN;2G-06-05B BLIN;23.126;UN;410177;ABRACADEIRA AÇO INOX 304 – 362X7,90MM;L2;Utilização livre depósito INVT;2,13;49.258,38;;;0,00000000000000;
BLIN;2G-06-05C BLIN;12.434;UN;405491;TERMINAL TUBULAR CU ESTANHADO 35MM2;L2;Utilização livre depósito INVT;0,98;12.185,32;;;0,00000000000000;
BLIN;2G-06-05D BLIN;471;UN;402433;PARA-RAIO DISTRIB POL 12KV 10KA S/CENT;L2;Utilização livre depósito INVT;153,53;72.312,63;;;0,00000000000000;
BLIN;2G-06-05E BLIN;1.735;UN;402307;CONECTOR PERF 4 SAÍDAS 25-240MM2/1,5-35M;L2;Utilização livre depósito INVT;71,72;124.434,20;;;0,00000000000000;
BLIN;2G-06-06A BLIN;262;UN;400974;PORCA QUADRADA AC 16MM 2MM;L2;Utilização livre depósito INVT;1,39;364,18;;;0,00000000000000;
BLIN;2G-06-06A BLIN;186;UN;401239;PARAFUSO CAB QD AC 16MM 450MM;L2;Utilização livre depósito INVT;23,85;4.436,10;;;0,00000000000000;
BLIN;2G-06-06A BLIN;394;UN;401927;MANILHA SAPATILHA 5000DAN;L2;Utilização livre depósito INVT;20,79;8.191,26;;;0,00000000000000;
BLIN;2G-06-06A BLIN;1.073;UN;401937;SAPATILHA CABO DE ACO 3/8P;L2;Utilização livre depósito INVT;4,09;4.388,57;;;0,00000000000000;
BLIN;2G-06-06A BLIN;291;UN;402401;PINO ISOLADOR POLIMERICO AC 15KV 200MM;L2;Utilização livre depósito INVT;26,12;7.600,92;;;0,00000000000000;
BLIN;2G-06-06B BLIN;2.144;UN;401566;CONECTOR PARAL AL 4/0AWG 1/0AWG;L2;Utilização livre depósito INVT;22,93;49.161,92;;;0,00000000000000;
BLIN;2G-06-06B BLIN;2.397;UN;401568;CONECTOR COMP DER 4/0AWG 3/0-4/0AWG;L2;Utilização livre depósito INVT;1,24;2.972,28;;;0,00000000000000;
BLIN;2G-06-06B BLIN;46;UN;404719;FIXADOR PERFIL U AC 150DAN 300DAN;L2;Utilização livre depósito INVT;21,54;990,84;;;0,00000000000000;
BLIN;2G-06-06C BLIN;277;UN;402331;BRACO C/GRAMPO SUSPE SECU 500DAN;L2;Utilização livre depósito INVT;47,63;13.193,51;;;0,00000000000000;
BLIN;2G-06-06C BLIN;760;UN;404732;CONECTOR PERFUR 50-185MM MED TENSAO 15KV;L2;Utilização livre depósito INVT;89,81;68.255,60;;;0,00000000000000;
BLIN;2G-06-06D BLIN;500;UN;401116;ISOLADOR ANCOR POLIM 15KV 5000DAN;L2;Utilização livre depósito INVT;36,55;18.275,00;;;0,00000000000000;
BLIN;2G-06-06D BLIN;77.827;UN;403682;BUCHA LOK 01;L2;Utilização livre depósito INVT;0,85;66.152,95;;;0,00000000000000;
BLIN;2G-06-06E BLIN;2.700;UN;403594;ALCA PREFORM CABO CONC  2X16 + 16;L2;Utilização livre depósito INVT;10,04;27.108,00;;;0,00000000000000;
BLIN;2G-06-06E BLIN;420;UN;408994;ISOLADOR PINO, POLIMERICO COM TRAVAS;L2;Utilização livre depósito INVT;25,50;10.710,00;;;0,00000000000000;
BLIN;2G-06-07A BLIN;25;UN;401574;BRACO ANTIBALANCO PA PT 15KV 320MM;L2;Utilização livre depósito INVT;16,06;401,50;;;0,00000000000000;
BLIN;2G-06-07A BLIN;7.837;UN;402127;PARAFUSO CAB ABA AC 16MM 45MM;L2;Utilização livre depósito INVT;4,40;34.482,80;;;0,00000000000000;
BLIN;2G-06-07A BLIN;49;UN;404084;ESPACADOR LOSANG CLASSE 15KV C/ GARRAS;L2;Utilização livre depósito INVT;22,91;1.122,59;;;0,00000000000000;
BLIN;2G-06-07B BLIN;1.404;UN;400790;CONECTOR ATERR REFORÇ HAST/CAB 5/8-35MM2;L2;Utilização livre depósito INVT;20,40;28.641,60;;;0,00000000000000;
BLIN;2G-06-07B BLIN;294;UN;401500;CONECTOR DER CUNHA AL 2/0AWG 4/0AWG;L2;Utilização livre depósito INVT;11,35;3.336,90;;;0,00000000000000;
BLIN;2G-06-07B BLIN;110;UN;401753;ALCA PREFORM DIST CAA/CA 1/0AWG 50MM2;L2;Utilização livre depósito INVT;9,16;1.007,60;;;0,00000000000000;
BLIN;2G-06-07B BLIN;194;UN;401834;CONECTOR PARAL AL 10AWG-1/0AWG;L2;Utilização livre depósito INVT;11,50;2.231,00;;;0,00000000000000;
BLIN;2G-06-07B BLIN;264;UN;401870;CARTUCHO MET P/CUNHA AZ FEST CALIB 22;L2;Utilização livre depósito INVT;1,02;269,28;;;0,00000000000000;
BLIN;2G-06-07B BLIN;284;UN;403121;FITA ISOLANTE ELET PVC 19X0,19MM 20M PT;L2;Utilização livre depósito INVT;8,00;2.272,00;;;0,00000000000000;
BLIN;2G-06-07B BLIN;839;UN;403804;ALCA PREFORM 6,4MM 1/4P AM 635MM;L2;Utilização livre depósito INVT;8,12;6.812,68;;;0,00000000000000;
BLIN;2G-06-07C BLIN;409;UN;403647;ALCA PREFORM CABO CONC 3X95 +70;L2;Utilização livre depósito INVT;20,49;8.380,41;;;0,00000000000000;
BLIN;2G-06-07C BLIN;311;UN;408994;ISOLADOR PINO, POLIMERICO COM TRAVAS;L2;Utilização livre depósito INVT;25,50;7.930,50;;;0,00000000000000;
BLIN;2G-06-07D BLIN;875;UN;402307;CONECTOR PERF 4 SAÍDAS 25-240MM2/1,5-35M;L2;Utilização livre depósito INVT;71,72;62.755,00;;;0,00000000000000;
BLIN;2G-06-07D BLIN;657;UN;403675;ALCA PREFORM CABO CONC  3X25 + 25;L2;Utilização livre depósito INVT;11,85;7.785,45;;;0,00000000000000;
BLIN;2G-06-07E BLIN;5.400;UN;403594;ALCA PREFORM CABO CONC  2X16 + 16;L2;Utilização livre depósito INVT;10,04;54.216,00;;;0,00000000000000;
BLIN;2G-06-08A BLIN;41;UN;401375;AFASTADOR REDE SEC AC 700MM 500MM;L2;Utilização livre depósito INVT;185,95;7.623,95;;;0,00000000000000;
BLIN;2G-06-08C BLIN;3.599;UN;403390;PRENSA CABO PVC 1P;L2;Utilização livre depósito INVT;8,66;31.167,34;;;0,00000000000000;
BLIN;2G-06-08C BLIN;1.000;UN;404732;CONECTOR PERFUR 50-185MM MED TENSAO 15KV;L2;Utilização livre depósito INVT;89,81;89.810,00;;;0,00000000000000;
BLIN;2G-06-08D BLIN;1.750;UN;402307;CONECTOR PERF 4 SAÍDAS 25-240MM2/1,5-35M;L2;Utilização livre depósito INVT;71,72;125.510,00;;;0,00000000000000;
BLIN;2G-06-08E BLIN;952;M;407094;SEALTUBO 1.1/2 FLEX ESP. AÇO CAPA PVC;L2;Utilização livre depósito INVT;70,33;66.954,16;;;0,00000000000000;
BLIN;2G-06-09A BLIN;112;UN;400011;SUPORTE TRANSF POSTE DUP T AC 210X115MM;L2;Utilização livre depósito INVT;104,75;11.732,00;;;0,00000000000000;
BLIN;2G-06-09C BLIN;385;UN;401116;ISOLADOR ANCOR POLIM 15KV 5000DAN;L2;Utilização livre depósito INVT;36,55;14.071,75;;;0,00000000000000;
BLIN;2G-06-09C BLIN;2.700;UN;403390;PRENSA CABO PVC 1P;L2;Utilização livre depósito INVT;8,66;23.382,00;;;0,00000000000000;
BLIN;2G-06-09D BLIN;1.750;UN;402307;CONECTOR PERF 4 SAÍDAS 25-240MM2/1,5-35M;L2;Utilização livre depósito INVT;71,72;125.510,00;;;0,00000000000000;
BLIN;2G-06-09E BLIN;960;M;407094;SEALTUBO 1.1/2 FLEX ESP. AÇO CAPA PVC;L2;Utilização livre depósito INVT;70,33;67.516,80;;;0,00000000000000;
BLIN;2G-06-10A BLIN;840;UN;401711;ISOLADOR PINO PORC 15KV 102MM 1350KGF;L2;Utilização livre depósito INVT;23,97;20.134,80;;;0,00000000000000;
BLIN;2G-06-10B BLIN;1.711;UN;403390;PRENSA CABO PVC 1P;L2;Utilização livre depósito INVT;8,66;14.817,26;;;0,00000000000000;
BLIN;2G-06-10B BLIN;38;UN;404071;CONECTOR PERF 50-185MM2 15KV COM ESTRIBO;L2;Utilização livre depósito INVT;164,62;6.255,56;;;0,00000000000000;
BLIN;2G-06-10C BLIN;66;UN;401857;CHAVE FUSIVEL DIST 15KV 100A/10KA PORC;L2;Utilização livre depósito INVT;328,30;21.667,80;;;0,00000000000000;
BLIN;2G-06-10C BLIN;2.762;UN;410200; CONECTOR COMP TIPO H 95-95;L2;Utilização livre depósito INVT;12,10;33.420,20;;;0,00000000000000;
BLIN;2G-06-10D BLIN;1.825;UN;402307;CONECTOR PERF 4 SAÍDAS 25-240MM2/1,5-35M;L2;Utilização livre depósito INVT;71,72;130.889,00;;;0,00000000000000;
BLIN;2G-06-10E BLIN;960;M;407094;SEALTUBO 1.1/2 FLEX ESP. AÇO CAPA PVC;L2;Utilização livre depósito INVT;70,33;67.516,80;;;0,00000000000000;
BLIN;2G-06-11A BLIN;960;UN;401711;ISOLADOR PINO PORC 15KV 102MM 1350KGF;L2;Utilização livre depósito INVT;23,97;23.011,20;;;0,00000000000000;
BLIN;2G-06-11B BLIN;1.086;UN;401116;ISOLADOR ANCOR POLIM 15KV 5000DAN;L2;Utilização livre depósito INVT;36,55;39.693,30;;;0,00000000000000;
BLIN;2G-06-11C BLIN;123;UN;401857;CHAVE FUSIVEL DIST 15KV 100A/10KA PORC;L2;Utilização livre depósito INVT;328,30;40.380,90;;;0,00000000000000;
BLIN;2G-06-11D BLIN;1.725;UN;402307;CONECTOR PERF 4 SAÍDAS 25-240MM2/1,5-35M;L2;Utilização livre depósito INVT;71,72;123.717,00;;;0,00000000000000;
BLIN;2G-06-11E BLIN;960;M;407094;SEALTUBO 1.1/2 FLEX ESP. AÇO CAPA PVC;L2;Utilização livre depósito INVT;70,33;67.516,80;;;0,00000000000000;
BLIN;2G-06-12A BLIN;411;UN;401711;ISOLADOR PINO PORC 15KV 102MM 1350KGF;L2;Utilização livre depósito INVT;23,97;9.851,67;;;0,00000000000000;
BLIN;2G-06-12A BLIN;114;UN;404084;ESPACADOR LOSANG CLASSE 15KV C/ GARRAS;L2;Utilização livre depósito INVT;22,91;2.611,74;;;0,00000000000000;
BLIN;2G-06-12C BLIN;875;UN;402307;CONECTOR PERF 4 SAÍDAS 25-240MM2/1,5-35M;L2;Utilização livre depósito INVT;71,72;62.755,00;;;0,00000000000000;
BLIN;2G-06-12C BLIN;303;UN;402331;BRACO C/GRAMPO SUSPE SECU 500DAN;L2;Utilização livre depósito INVT;47,63;14.431,89;;;0,00000000000000;
BLIN;2G-06-12D BLIN;1.750;UN;402307;CONECTOR PERF 4 SAÍDAS 25-240MM2/1,5-35M;L2;Utilização livre depósito INVT;71,72;125.510,00;;;0,00000000000000;
BLIN;2G-06-12E BLIN;2.700;UN;403594;ALCA PREFORM CABO CONC  2X16 + 16;L2;Utilização livre depósito INVT;10,04;27.108,00;;;0,00000000000000;
BLIN;2G-06-13A BLIN;256;UN;404084;ESPACADOR LOSANG CLASSE 15KV C/ GARRAS;L2;Utilização livre depósito INVT;22,91;5.864,96;;;0,00000000000000;
BLIN;2G-06-13C BLIN;1.800;UN;402307;CONECTOR PERF 4 SAÍDAS 25-240MM2/1,5-35M;L2;Utilização livre depósito INVT;71,72;129.096,00;;;0,00000000000000;
BLIN;2G-06-13D BLIN;1.750;UN;402307;CONECTOR PERF 4 SAÍDAS 25-240MM2/1,5-35M;L2;Utilização livre depósito INVT;71,72;125.510,00;;;0,00000000000000;
BLIN;2G-06-13E BLIN;936;M;407094;SEALTUBO 1.1/2 FLEX ESP. AÇO CAPA PVC;L2;Utilização livre depósito INVT;70,33;65.828,88;;;0,00000000000000;
BLIN;2G-06-16B BLIN;4.000;UN;403838;ALCA PREFORM CABO CONC  1X16 + 16;L2;Utilização livre depósito INVT;3,07;12.280,00;;;0,00000000000000;
BLIN;2G-06-16D BLIN;1.891;UN;403675;ALCA PREFORM CABO CONC  3X25 + 25;L2;Utilização livre depósito INVT;11,85;22.408,35;;;0,00000000000000;
BLIN;2G-06-19A BLIN;11.391;UN;400942;PARAFUSO CAB ABA PESC QD AC 16MM 70MM;L2;Utilização livre depósito INVT;4,68;53.309,88;;;0,00000000000000;
BLIN;2G-06-20B BLIN;333;UN;402433;PARA-RAIO DISTRIB POL 12KV 10KA S/CENT;L2;Utilização livre depósito INVT;153,53;51.125,49;;;0,00000000000000;
BLIN;3G-05-13B BLIN;72;PEÇ;407096;PROTETOR P/ CABO BT PVC COMP 2000MM;L2;Utilização livre depósito INVT;215,73;15.532,56;;;0,00000000000000;
BLIN;3G-07-02A BLIN;238;UN;400011;SUPORTE TRANSF POSTE DUP T AC 210X115MM;L2;Utilização livre depósito INVT;104,75;24.930,50;;;0,00000000000000;
BLIN;3G-07-03A BLIN;240;UN;400011;SUPORTE TRANSF POSTE DUP T AC 210X115MM;L2;Utilização livre depósito INVT;104,75;25.140,00;;;0,00000000000000;
BLIN;3G-07-03B BLIN;1;UN;403804;ALCA PREFORM 6,4MM 1/4P AM 635MM;L2;Utilização livre depósito INVT;8,12;8,12;;;0,00000000000000;
BLIN;3G-07-04B BLIN;533;UN;402307;CONECTOR PERF 4 SAÍDAS 25-240MM2/1,5-35M;L2;Utilização livre depósito INVT;71,72;38.226,76;;;0,00000000000000;
BLIN;3G-07-05A BLIN;240;UN;400011;SUPORTE TRANSF POSTE DUP T AC 210X115MM;L2;Utilização livre depósito INVT;104,75;25.140,00;;;0,00000000000000;
BLIN;3G-08-11D BLIN;5.400;UN;403594;ALCA PREFORM CABO CONC  2X16 + 16;L2;Utilização livre depósito INVT;10,04;54.216,00;;;0,00000000000000;
BLIN;3G-09-12A BLIN;176;UN;401375;AFASTADOR REDE SEC AC 700MM 500MM;L2;Utilização livre depósito INVT;185,95;32.727,20;;;0,00000000000000;
BLIN;3G-09-13A BLIN;88;UN;401375;AFASTADOR REDE SEC AC 700MM 500MM;L2;Utilização livre depósito INVT;185,95;16.363,60;;;0,00000000000000;
BLIN;P2-01-13A BLIN;138;UN;401375;AFASTADOR REDE SEC AC 700MM 500MM;L2;Utilização livre depósito INVT;185,95;25.661,10;;;0,00000000000000;
BLIN;P2-02-06A BLIN;199;UN;401485;BRACO SUPORTE TIPO C 580X365MM 851/6;L2;Utilização livre depósito INVT;141,79;28.216,21;;;0,00000000000000;
BLIN;P2-02-06A BLIN;36;UN;402106;BRACO L A1010/1020 3/8P16P;L2;Utilização livre depósito INVT;78,89;2.840,04;;;0,00000000000000;
BLIN;P2-02-08A BLIN;325;UN;401375;AFASTADOR REDE SEC AC 700MM 500MM;L2;Utilização livre depósito INVT;185,95;60.433,75;;;0,00000000000000;
BLIN;PATIO01 - BLIN;36.831;M;400708;CABO ELETR 15KV AL PROT XLPE 50MM2 1F MT;L2;Utilização livre depósito INVT;6,34;233.508,54;;;0,00000000000000;
BLIN;PATIO01 - BLIN;29.643;M;402318;CABO  MULT 3X120+1X70MM² XLPE 0,6/1 KV;L2;Utilização livre depósito INVT;47,04;1.394.406,72;;;0,00000000000000;
BLIN;PATIO01 - BLIN;694;M;403579;CABO AL CONCENTRICO 3F 3X35+35MM2;L2;Utilização livre depósito INVT;38,60;26.788,40;;;0,00000000000000;
BLIN;PATIO01 - BLIN;228.868;M;403642;CABO AL CONCENTRICO 2F 2X16+16MM2;L2;Utilização livre depósito INVT;15,27;3.494.814,36;;;0,00000000000000;
BLIN;PATIO03 - BLIN;19;UN;400040;TRAFO AER 3F 15KV 75KVA 220/127V 7TP;L2;Utilização livre depósito INVT;12.185,82;231.530,58;;;0,00000000000000;
BLIN;PATIO03 - BLIN;64;UN;400224;POSTE CONC DUPL T 11 M 300 DAN;L2;Utilização livre depósito INVT;1.616,73;103.470,72;;;0,00000000000000;
BLIN;PATIO03 - BLIN;320;UN;401127;POSTE CONCRETO ARM DUPL T 11M 600KGF;L2;Utilização livre depósito INVT;2.060,68;659.417,60;;;0,00000000000000;
BLIN;PATIO03 - BLIN;750;UN;401959;CRUZETA POL FBV/RES PES 2400X112,5X90MM;L2;Utilização livre depósito INVT;185,37;139.027,50;;;0,00000000000000;
BLIN;PATIO04 - BLIN;111;UN;401127;POSTE CONCRETO ARM DUPL T 11M 600KGF;L2;Utilização livre depósito INVT;2.060,68;228.735,48;;;0,00000000000000;
GA01;1G-01-01A;65;KG;400744;CABO ELETRICO CU NU 25MM2;L2;Utilização livre depósito INVT;30,36;1.973,40;;;0,00000000000000;
GA01;1G-01-01A;735;KG;800027;CABO ELET NU CU 50MM2 19/1,889MM;F3;Utilização livre depósito CUST;34,39;25.276,65;;;0,00000000000000;
GA01;1G-01-01B;300;UN;110893;CABO FLEX 16MM 450/750V PT;F3;Utilização livre depósito CUST;0,01;3,00;;;0,00000000000000;
GA01;1G-01-01B;300;M;404621;CABO ELET SING FLEX 0,75/1KV 2,5MM2 VM;L2;Utilização livre depósito INVT;1,94;582,00;;;0,00000000000000;
GA01;1G-01-01B;800;M;800148;CABO ELET FLEX 1X1,5MM2 CU TEMP MOLE;F3;Utilização livre depósito CUST;0,84;672,00;;;0,00000000000000;
GA01;1G-01-01B;26;M;803159;CABO ELET ISOL 1X1,5MM2 CU VD 750V;F3;Utilização livre depósito CUST;0,56;14,56;;;0,00000000000000;
GA01;1G-01-01C;200;M;400712;CABO DE FORCA 1X25MM2 0,6/1KV SBE;L2;Utilização livre depósito INVT;16,27;3.254,00;;;0,00000000000000;
GA01;1G-01-01C;200;M;401428;CABO DE FORCA 1X10MM2 0,6/1KV SBE;L2;Utilização livre depósito INVT;6,99;1.398,00;;;0,00000000000000;
GA01;1G-01-01C;1.000;UN;404292;CABO OPTICO 62,5/125 MICRONS ANTI-ROEDOR;L2;Utilização livre depósito INVT;17,76;17.760,00;RCAVALCANTE;04/09/2025;1.000;UN
GA01;1G-01-01C;300;M;805374;CABO COAXIAL RGC213 RIGIDO;F3;Utilização livre depósito CUST;19,90;5.970,00;;;0,00000000000000;
GA01;1G-01-01D;30;M;400832;CABO ELET BT 3X10MM2 0,6/1 KV;L2;Utilização livre depósito INVT;25,80;774,00;;;0,00000000000000;
GA01;1G-01-01D;377;M;402395;CABO ELET CONT 12X1,5MM2 600/1000V;L2;Utilização livre depósito INVT;5,11;1.926,47;;;0,00000000000000;
GA01;1G-01-01D;236;UN;403592;CABO OPTICO AUTOSUST 12F MONOMODO;L2;Utilização livre depósito INVT;4,77;1.125,72;;;0,00000000000000;
GA01;1G-01-01D;344;UN;403840;CABO OPTICO AUTOSUST 24F MONOMODO;L2;Utilização livre depósito INVT;4,32;1.486,08;;;0,00000000000000;
GA01;1G-01-02A;512;KG;400822;CABO ELET NU 1X35MM21AWG CU;L2;Utilização livre depósito INVT;31,23;15.989,76;;;0,00000000000000;
GA01;1G-01-02A;3;KG;800141;CABO ELET NU 1X35MM21AWG CU;F3;Utilização livre depósito CUST;31,23;93,69;;;0,00000000000000;
GA01;1G-01-02B;600;M;402381;CABO ELET FLEX PVC 6MM AZ;L2;Utilização livre depósito INVT;4,43;2.658,00;;;0,00000000000000;
GA01;1G-01-02B;19;KG;402397;CABO ELET NU CA 1/0AWG 53,5 MM2 POPPY;L2;Utilização livre depósito INVT;28,73;545,87;;;0,00000000000000;
GA01;1G-01-02B;200;M;409002;CABO FLEXIVEL 0.75MM 750V VM;L2;Utilização livre depósito INVT;0,81;162,00;;;0,00000000000000;
GA01;1G-01-02B;200;M;409003;CABO FLEXIVEL 0.75MM 750V AZ;L2;Utilização livre depósito INVT;0,81;162,00;;;0,00000000000000;
GA01;1G-01-02B;100;M;801006;CABO ELET ISOL 4MM2 PVC 750V;F3;Utilização livre depósito CUST;1,48;148,00;;;0,00000000000000;
GA01;1G-01-02C;45;M;400433;CABO ELETR 750V CU PVC 35MM2 AZUL BT;L2;Utilização livre depósito INVT;30,50;1.372,50;;;0,00000000000000;
GA01;1G-01-02C;36;M;400723;CABO ELET CU 4X4MM2 0,6/1KV BT;L2;Utilização livre depósito INVT;29,35;1.056,60;;;0,00000000000000;
GA01;1G-01-02C;200;M;400760;CABO DE FORCA 1X16MM2 0,6/1KV SBE;L2;Utilização livre depósito INVT;13,81;2.762,00;;;0,00000000000000;
GA01;1G-01-02C;70;M;401806;CABO COMANDO/CONTR 6X2,5MM2 0,6/1KV SBE;L2;Utilização livre depósito INVT;32,23;2.256,10;;;0,00000000000000;
GA01;1G-01-02C;3.284;M;402352;CABO ELET CU 1X6MM2 0,6/1KV - SUBESTACAO;L2;Utilização livre depósito INVT;4,41;14.482,44;;;0,00000000000000;
GA01;1G-01-02D;79;M;400358;CABO COMANDO/CONTROLE 4X10MM2;L2;Utilização livre depósito INVT;18,87;1.490,73;;;0,00000000000000;
GA01;1G-01-02D;122;M;404832;CABO ELET 15KV AL PROT XLPE 150MM2 6F MT;L2;Utilização livre depósito INVT;6,54;797,88;;;0,00000000000000;
GA01;1G-01-02D;70;M;800985;CABO ELET FLEX 3X16MM2 CU TEMP MOLE;F3;Utilização livre depósito CUST;20,03;1.402,10;;;0,00000000000000;
GA01;1G-01-02E;235;M;401383;COBERTURA PROT PLASTI 2AWG PT;L2;Utilização livre depósito INVT;2,36;554,60;;;0,00000000000000;
GA01;1G-01-02E;838;UN;801653;METROS FIBRA MONOMODO SM;F3;Utilização livre depósito CUST;2,99;2.505,62;;;0,00000000000000;
GA01;1G-01-03A;619;KG;401505;FIO ELETRICO NU CU 16MM2 MEIO DURO;L2;Utilização livre depósito INVT;97,84;60.562,96;;;0,00000000000000;
GA01;1G-01-03B;380;M;800026;CABO ELET FLEXIVEL PVC 750V 2,5MM2 VM;F3;Utilização livre depósito CUST;1,20;456,00;;;0,00000000000000;
GA01;1G-01-03B;1.282;M;801157;CABO ELET FLEXIVEL PVC 750V 2,5MM2 PT;F3;Utilização livre depósito CUST;1,93;2.474,26;;;0,00000000000000;
GA01;1G-01-03B;388;M;801274;CABO ELET ISOL CU PT 8AWG PVC 750V;F3;Utilização livre depósito CUST;4,89;1.897,32;;;0,00000000000000;
GA01;1G-01-03D;188;M;400695;CABO ELETR 0,6/1KV CU FLEX 3X16MM2 BT;L2;Utilização livre depósito INVT;24,25;4.559,00;;;0,00000000000000;
GA01;1G-01-03D;16;M;404042;CABO ELETRICO BT 2X16MM2 0,6/1KV;L2;Utilização livre depósito INVT;23,76;380,16;;;0,00000000000000;
GA01;1G-01-03D;62;M;404043;CABO ELETRICO BT 4X10MM2 0,6/1KV;L2;Utilização livre depósito INVT;43,86;2.719,32;;;0,00000000000000;
GA01;1G-01-03E;16.832;M;400813;CABO ELETRICO ISOLADO SINGELO 6MM2;L2;Utilização livre depósito INVT;1,75;29.456,00;;;0,00000000000000;
GA01;1G-01-04A;189;KG;405000;FIO DE ACO RECOBERTO COBRE 4AWG;L2;Utilização livre depósito INVT;315,05;59.544,45;;;0,00000000000000;
GA01;1G-01-04B;29;M;401548;CABO ELET AL TRIP 2X35+1X35 MM2 0,6/1KV;L2;Utilização livre depósito INVT;7,20;208,80;;;0,00000000000000;
GA01;1G-01-04B;23;KG;403716;CORDOALHA AC 7,94MM 5/16P 7F (EHS);L2;Utilização livre depósito INVT;14,39;330,97;;;0,00000000000000;
GA01;1G-01-04B;2;KG;803160;CABO ELET NU CU 95MM2 MEIO DURO;F3;Utilização livre depósito CUST;162,09;324,18;;;0,00000000000000;
GA01;1G-01-04C;235;KG;400822;CABO ELET NU 1X35MM21AWG CU;L2;Utilização livre depósito INVT;31,23;7.339,05;;;0,00000000000000;
GA01;1G-01-04C;250;M;401501;CABO CU ISOL  2,5MM2 COR VD 1KV ENCORD 2;L2;Utilização livre depósito INVT;2,16;540,00;;;0,00000000000000;
GA01;1G-01-04D;21;M;400670;CABO ELET ISOL SING 1.5MM2 PT;L2;Utilização livre depósito INVT;0,56;11,76;;;0,00000000000000;
GA01;1G-01-04D;227;M;400718;CABO ELETR 750V CU SING PVC 1,5MM2 AZUL;L2;Utilização livre depósito INVT;0,56;127,12;;;0,00000000000000;
GA01;1G-01-04D;5;M;403194;CABO ELET SING FLEX 0,75/1KV 2,5MM2 AM;L2;Utilização livre depósito INVT;1,64;8,20;;;0,00000000000000;
GA01;1G-01-04D;230;M;800129;CABO ELETR 0,6/1KV CU PVC 25MM2 BT;F3;Utilização livre depósito CUST;3,78;869,40;;;0,00000000000000;
GA01;1G-01-04D;402;M;800429;CABO CU SING 2,5MM2 VD 0,6/1KV ANTI-CHAM;F3;Utilização livre depósito CUST;1,29;518,58;;;0,00000000000000;
GA01;1G-01-05A;39;M;407971;CABO DE COBRE NU 150MM² MEIO-DURO;L2;Utilização livre depósito INVT;127,08;4.956,12;;;0,00000000000000;
GA01;1G-01-05A;151;M;800810;CABO ELET 15KV AL PROT XLPE 120MM2 1F MT;F3;Utilização livre depósito CUST;12,42;1.875,42;;;0,00000000000000;
GA01;1G-01-05B;19.048;M;800158;CABO ELETRICO ISOLADO SINGELO 6MM2;F3;Utilização livre depósito CUST;1,74;33.143,52;;;0,00000000000000;
GA01;1G-01-05C;700;M;401806;CABO COMANDO/CONTR 6X2,5MM2 0,6/1KV SBE;L2;Utilização livre depósito INVT;32,23;22.561,00;;;0,00000000000000;
GA01;1G-01-05D;798;M;803152;CABO ELET FLEX 3X2,5MM2 CU TEMP MOLE;F3;Utilização livre depósito CUST;2,63;2.098,74;;;0,00000000000000;
GA01;1G-01-06A;28;M;401531;CABO ELET ISOL PVC PT 10MM2 0,6/1KV;L2;Utilização livre depósito INVT;8,70;243,60;;;0,00000000000000;
GA01;1G-01-06A;849;M;800763;CABO ELET ISOL PVC PT 10MM2 0,6/1KV;F3;Utilização livre depósito CUST;8,67;7.360,83;;;0,00000000000000;
GA01;1G-01-06B;4;M;402310;CABO ELET ISOL VM 2,5MM2;L2;Utilização livre depósito INVT;0,72;2,88;;;0,00000000000000;
GA01;1G-01-06B;6.414;M;404186;CABO ELET FLEX TEMP MOLE 1X4MM2 CU 750V;L2;Utilização livre depósito INVT;2,58;16.548,12;;;0,00000000000000;
GA01;1G-01-06C;453,500;KG;800141;CABO ELET NU 1X35MM21AWG CU;F3;Utilização livre depósito CUST;31,23;14.162,81;;;0,00000000000000;
GA01;1G-01-06C;2.164;M;801013;CABO ELET FLEX 4X1,5MM2 0,6/1KV;F3;Utilização livre depósito CUST;1,93;4.176,52;;;0,00000000000000;
GA01;1G-01-06D;92;M;404044;CABO ELET CU EPR 4X16MM2 0,6/1KV BT;L2;Utilização livre depósito INVT;62,78;5.775,76;;;0,00000000000000;
GA01;1G-01-06D;2.313;M;801829;FIO TELEFONICO FDG 2 COND CU EST 0,50MM2;F3;Utilização livre depósito CUST;0,49;1.133,37;;;0,00000000000000;
GA01;1G-01-06D;1.317;UN;802385;CABO TELEFONICO CCI 6P TERMOPLAS;F3;Utilização livre depósito CUST;1,19;1.567,23;;;0,00000000000000;
GA01;1G-01-06D;436;UN;802396;CABO TELEFONICO CCI 4P TERMOPLAS;F3;Utilização livre depósito CUST;0,79;344,44;;;0,00000000000000;
GA01;1G-02-01A;6.121;UN;403840;CABO OPTICO AUTOSUST 24F MONOMODO;L2;Utilização livre depósito INVT;4,32;26.442,72;;;0,00000000000000;
GA01;1G-02-01A;202;M;800810;CABO ELET 15KV AL PROT XLPE 120MM2 1F MT;F3;Utilização livre depósito CUST;12,42;2.508,84;;;0,00000000000000;
GA01;1G-02-01B;6.700;M;801263;CABO  MULT 1X10+1X10MM² XLPE 0,6/1 KV;F3;Utilização livre depósito CUST;1,74;11.658,00;;;0,00000000000000;
GA01;1G-02-01C;1.150;M;401981;CABO  MULT 1X10+1X10MM² XLPE 0,6/1 KV;L2;Utilização livre depósito INVT;1,79;2.058,50;;;0,00000000000000;
GA01;1G-02-01D;8.400;M;401981;CABO  MULT 1X10+1X10MM² XLPE 0,6/1 KV;L2;Utilização livre depósito INVT;1,79;15.036,00;;;0,00000000000000;
GA01;1G-02-02A;4.214;UN;403840;CABO OPTICO AUTOSUST 24F MONOMODO;L2;Utilização livre depósito INVT;4,32;18.204,48;;;0,00000000000000;
GA01;1G-02-02B;63;M;800174;CABO ELET CU PVC 1X10MM2 7FIOS 750V;F3;Utilização livre depósito CUST;8,67;546,21;;;0,00000000000000;
GA01;1G-02-02C;819;M;801341;CABO ELETR 0,6/1KV CU PVC 16MM2 BT;F3;Utilização livre depósito CUST;6,19;5.069,61;;;0,00000000000000;
GA01;1G-02-02D;1.890;M;404418;CABO MANGA 4V P/ REFLETOR LED 10M;L2;Utilização livre depósito INVT;3,15;5.953,50;;;0,00000000000000;
GA01;1G-02-03A;3.700;UN;403592;CABO OPTICO AUTOSUST 12F MONOMODO;L2;Utilização livre depósito INVT;4,77;17.649,00;;;0,00000000000000;
GA01;1G-02-03B;653;UN;403840;CABO OPTICO AUTOSUST 24F MONOMODO;L2;Utilização livre depósito INVT;4,32;2.820,96;;;0,00000000000000;
GA01;1G-02-03E;100;UN;410017;TERMINAL PRE ISOL TUB SIMPLES 2,5MM² AZ;L2;Utilização livre depósito INVT;0,59;59,00;;;0,00000000000000;
GA01;1G-02-04A;1.678;UN;802276;CABO OPTICO AUTOSUST 12F MONOMODO;F3;Utilização livre depósito CUST;4,77;8.004,06;;;0,00000000000000;
GA01;1G-02-04B;4.029;M;800803;CABO FIBRA OTIC MULTIM 4F 625;F3;Utilização livre depósito CUST;2,59;10.435,11;;;0,00000000000000;
GA01;1G-02-04D;1.616;UN;402757;FIBRA OPTICA MM 12F LAN OM4 10GB IN/OUT;L2;Utilização livre depósito INVT;45,73;73.899,68;;;0,00000000000000;
GA01;1G-02-04E;166;M;401826;CABO ELET MT 1X35MM2 EPR 8,7/15KV;L2;Utilização livre depósito INVT;98,58;16.364,28;;;0,00000000000000;
GA01;1G-02-05B;758;M;400316;CABO ELETR 0,6/1KV CU PVC 16MM2 BT;L2;Utilização livre depósito INVT;18,84;14.280,72;;;0,00000000000000;
GA01;1G-02-05B;734;M;402083;CABO ELET FLEX CU 1X2,5MM2;L2;Utilização livre depósito INVT;1,25;917,50;;;0,00000000000000;
GA01;1G-02-05B;13;M;407737;CABO ELET FLEXIVEL PVC 750V 2,5MM2 CZ;L2;Utilização livre depósito INVT;0,97;12,61;;;0,00000000000000;
GA01;1G-02-05C;10.183;M;405486;FIO AL COB XLPE 1X 10,00MM2 MOLE AMARRA;L2;Utilização livre depósito INVT;4,99;50.813,17;;;0,00000000000000;
GA01;1G-02-05D;237;M;401817;CABO COMANDO/CONTR 4X6MM2 0,6/1KV SBE;L2;Utilização livre depósito INVT;37,74;8.944,38;RCAVALCANTE;09/10/2024;277;M
GA01;1G-02-05D;4.000;M;405486;FIO AL COB XLPE 1X 10,00MM2 MOLE AMARRA;L2;Utilização livre depósito INVT;4,99;19.960,00;;;0,00000000000000;
GA01;1G-02-06B;164;M;400458;CABO ELETR 1KV CU PVC 20X1,5MM2 CONTROLE;L2;Utilização livre depósito INVT;21,09;3.458,76;;;0,00000000000000;
GA01;1G-02-06B;29;M;400709;CABO ELET CU 4X1,5MM2 0,6/1KV SBE;L2;Utilização livre depósito INVT;2,82;81,78;;;0,00000000000000;
GA01;1G-02-06B;33;M;401411;CABO ELET CU ISOL PVC 2X4MM2;L2;Utilização livre depósito INVT;6,02;198,66;;;0,00000000000000;
GA01;1G-02-06B;46;M;402226;CABO ELET MT 1X35MM2 8,7/15KV;L2;Utilização livre depósito INVT;4,66;214,36;;;0,00000000000000;
GA01;1G-02-06C;8.000;M;405486;FIO AL COB XLPE 1X 10,00MM2 MOLE AMARRA;L2;Utilização livre depósito INVT;4,99;39.920,00;;;0,00000000000000;
GA01;1G-02-06D;140;M;400325;CABO COMANDO/CONTR 2X6MM2 0,6/1KV SBE;L2;Utilização livre depósito INVT;15,95;2.233,00;RCAVALCANTE;09/10/2024;140;M
GA01;1G-02-06D;46;M;401543;CABO COMANDO/CONTR 20X1,5MM2 0,6/1KV SBE;L2;Utilização livre depósito INVT;28,51;1.311,46;;;0,00000000000000;
GA01;1G-02-06D;104;M;402350;CABO COMANDO/CONTR 4X4MM2 0,6/1KV SBE;L2;Utilização livre depósito INVT;14,26;1.483,04;RCAVALCANTE;09/10/2024;154;M
GA01;1G-02-06E;4.000;UN;403592;CABO OPTICO AUTOSUST 12F MONOMODO;L2;Utilização livre depósito INVT;4,77;19.080,00;;;0,00000000000000;
GA01;1G-02-06E;4.020;UN;403840;CABO OPTICO AUTOSUST 24F MONOMODO;L2;Utilização livre depósito INVT;4,32;17.366,40;;;0,00000000000000;
GA01;1G-03-01C;152;M;800048;CABO ELET ISOL SING 1.5MM2 VERMELHA;F3;Utilização livre depósito CUST;0,56;85,12;;;0,00000000000000;
GA01;1G-03-01E;43.200;M;402187;FIO ELETRICO CU ISOL 1,5MM2 750V;L2;Utilização livre depósito INVT;0,25;10.800,00;;;0,00000000000000;
GA01;1G-04-01A;2.642;M;404010;CABO AL CONCENTRICO 3F 3X95+50MM2;L2;Utilização livre depósito INVT;100,36;265.151,12;;;0,00000000000000;
GA01;1G-04-01A;3;M;800021;CABO ELET CU 95MM2 90°XLPE 0,6/1KV;F3;Utilização livre depósito CUST;67,31;201,93;;;0,00000000000000;
GA01;1G-04-02A;3.642;M;400443;CABO  MULT 2X25+1X25MM² XLPE 0,6/1 KV;L2;Utilização livre depósito INVT;6,86;24.984,12;;;0,00000000000000;
GA01;1G-04-02A;2.488;M;400694;CABO ELETR 0,6/1KV CU PVC 25MM2 BT;L2;Utilização livre depósito INVT;6,00;14.928,00;;;0,00000000000000;
GA01;1G-04-02A;295;M;401543;CABO COMANDO/CONTR 20X1,5MM2 0,6/1KV SBE;L2;Utilização livre depósito INVT;28,51;8.410,45;;;0,00000000000000;
GA01;1G-04-02A;302;M;401544;CABO ELET FLEX 2X6MM2 0,6/1KV;L2;Utilização livre depósito INVT;8,59;2.594,18;;;0,00000000000000;
GA01;1G-04-02A;1.760;M;401826;CABO ELET MT 1X35MM2 EPR 8,7/15KV;L2;Utilização livre depósito INVT;98,58;173.500,80;;;0,00000000000000;
GA01;1G-04-02A;92;KG;401908;CABO ELET NU CA 336,4MCM 170MM2 TULIP;L2;Utilização livre depósito INVT;18,37;1.690,04;;;0,00000000000000;
GA01;1G-04-02A;374;M;402070;CABO ELET CONT 15X1,5MM2 1KV 19F;L2;Utilização livre depósito INVT;4,85;1.813,90;;;0,00000000000000;
GA01;1G-04-02A;1.200;M;402072;CABO COMANDO/CONTR 8X1,5MM2 0,6/1KV SBE;L2;Utilização livre depósito INVT;20,72;24.864,00;;;0,00000000000000;
GA01;1G-04-02A;1.260;M;402081;CABO ELET CU 120MM2 90°XLPE 0,6/1KV;L2;Utilização livre depósito INVT;97,36;122.673,60;;;0,00000000000000;
GA01;1G-04-02A;190;M;402248;CABO ELET MULTIP AUTOS 3X240MM2+120MM2;L2;Utilização livre depósito INVT;53,26;10.119,40;;;0,00000000000000;
GA01;1G-04-02A;119;KG;402396;CABO AL NU C/ALMA ACO 4AWG;L2;Utilização livre depósito INVT;16,99;2.021,81;;;0,00000000000000;
GA01;1G-04-02A;1.264;KG;402654;CABO ACO ZINCADO 3X2,25MM 1430DAN;L2;Utilização livre depósito INVT;17,48;22.094,72;;;0,00000000000000;
GA01;1G-04-02A;1.662;M;403204;CABO COMANDO/CONTR 7X2,5MM2 0,6/1KV SBE;L2;Utilização livre depósito INVT;2,77;4.603,74;;;0,00000000000000;
GA01;1G-04-02A;456;M;403353;CABO ELET CU 150MM2 90°XLPE 0,6/1KV;L2;Utilização livre depósito INVT;120,17;54.797,52;;;0,00000000000000;
GA01;1G-04-02A;481;UN;403870;CABO EL 15KV AL PROT XLPE 170,5MM2 1F MT;L2;Utilização livre depósito INVT;6,93;3.333,33;;;0,00000000000000;
GA01;1G-04-02A;662;M;404832;CABO ELET 15KV AL PROT XLPE 150MM2 6F MT;L2;Utilização livre depósito INVT;6,54;4.329,48;;;0,00000000000000;
GA01;1G-04-02A;280;KG;800059;CABO ELET NU CA 336,4MCM 170MM2 TULIP;F3;Utilização livre depósito CUST;24,44;6.843,20;;;0,00000000000000;
GA01;1G-04-02A;3;M;800426;CABO ELET BT 70MM2 CU PVC PT 0,6/1KV;F3;Utilização livre depósito CUST;56,98;170,94;;;0,00000000000000;
GA01;1G-04-02A;3.950;M;800741;CABO ELET CU 120MM2 90°XLPE 0,6/1KV;F3;Utilização livre depósito CUST;96,14;379.753,00;;;0,00000000000000;
GA01;1G-04-02A;270;M;800804;CABO  MULT 1X16+1X16MM² XLPE 0,6/1 KV;F3;Utilização livre depósito CUST;3,23;872,10;;;0,00000000000000;
GA01;1G-04-02A;300;M;800985;CABO ELET FLEX 3X16MM2 CU TEMP MOLE;F3;Utilização livre depósito CUST;20,03;6.009,00;;;0,00000000000000;
GA01;1G-04-02A;164;M;801185;CABO  MULT 2X10+1X10 MM² XLPE 0,6/1 KV;F3;Utilização livre depósito CUST;3,11;510,04;;;0,00000000000000;
GA01;1G-04-02A;2.016;UN;802451;CABO TELEFONICO CTP APL 30P TERMOPLAS;F3;Utilização livre depósito CUST;4,32;8.709,12;;;0,00000000000000;
GA01;1G-04-02A;500;M;804633;CABO AL CONCENTRICO 2F 2X16+16MM2;F3;Utilização livre depósito CUST;12,63;6.315,00;;;0,00000000000000;
GA01;1G-04-02A;499;M;804637;CABO AL CONCENTRICO 3F 3X10+10MM2;F3;Utilização livre depósito CUST;12,10;6.037,90;;;0,00000000000000;
GA01;1G-04-02A;967;M;804639;CABO AL CONCENTRICO 3F 3X25+25MM2;F3;Utilização livre depósito CUST;22,88;22.124,96;;;0,00000000000000;
GA01;1G-04-02A;136;M;805324;CABO MULT 3X120+1X95MM² XLPE 0,6/1 KV;F3;Utilização livre depósito CUST;46,94;6.383,84;;;0,00000000000000;
GA01;1G-04-03A;150;M;400475;CABO PARA-RAIO 24FO;L2;Utilização livre depósito INVT;52,92;7.938,00;;;0,00000000000000;
GA01;1G-04-03A;1.918;M;401447;CABO CU PROTEGIDO EPR 500MM2 8,7/15KV;L2;Utilização livre depósito INVT;424,41;814.018,38;;;0,00000000000000;
GA01;1G-04-03A;584;M;403663;CABO CONCENTRICO CU 3X70+70MM;L2;Utilização livre depósito INVT;328,27;191.709,68;;;0,00000000000000;
GA01;1G-04-03A;8.153;M;403852;CABO AL CONCENTRICO 3F 3X70+70MM2;L2;Utilização livre depósito INVT;64,46;525.542,38;;;0,00000000000000;
GA01;1G-05-01A;1.183;KG;400301;CABO ELETR NU AL CAA 795MCM TERN - LDR;L2;Utilização livre depósito INVT;24,35;28.806,05;;;0,00000000000000;
GA01;1G-05-01A;15.621;KG;400713;CABO ELETR NU CAA AL 954MCM MAGNOLIA LDR;L2;Utilização livre depósito INVT;10,00;156.210,00;;;0,00000000000000;
GA01;1G-05-01A;2.739;KG;400719;CABO ELETR NU CAA AL 477MCM HAWK;L2;Utilização livre depósito INVT;22,55;61.764,45;;;0,00000000000000;
GA01;1G-05-02A;348;M;403487;CABO ELET MULTIP AUTOS 3X1X35+1X70MM2;L2;Utilização livre depósito INVT;5,92;2.060,16;;;0,00000000000000;
GA01;1G-05-02A;1.281;M;403693;CABO CONCENTRICO CU 3X35+35MM;L2;Utilização livre depósito INVT;184,23;235.998,63;;;0,00000000000000;
GA01;1G-05-02A;1.020;M;403823;CABO CONCENTRICO CU 3X25+25MM;L2;Utilização livre depósito INVT;106,06;108.181,20;;;0,00000000000000;
GA01;1G-05-02A;1.000;M;403826;CABO CU CONCENTRICO 1F 1X16+16MM2;L2;Utilização livre depósito INVT;31,98;31.980,00;;;0,00000000000000;
GA01;1G-05-02A;209;KG;800059;CABO ELET NU CA 336,4MCM 170MM2 TULIP;F3;Utilização livre depósito CUST;24,44;5.107,96;;;0,00000000000000;
GA01;1G-05-02A;1.017;M;803144;CABO ELET 15KV AL PROT XLPE 150MM2 1F MT;F3;Utilização livre depósito CUST;16,97;17.258,49;;;0,00000000000000;
GA01;1G-05-03A;125;M;400325;CABO COMANDO/CONTR 2X6MM2 0,6/1KV SBE;L2;Utilização livre depósito INVT;15,95;1.993,75;;;0,00000000000000;
GA01;1G-05-03A;35;M;400691;CABO COMANDO/CONTR 12X1,5MM2 0,6/1KV SBE;L2;Utilização livre depósito INVT;28,62;1.001,70;;;0,00000000000000;
GA01;1G-05-03A;1.595;M;400716;CABO COMANDO/CONTR 2X4MM2 0,6/1KV SBE;L2;Utilização livre depósito INVT;16,02;25.551,90;;;0,00000000000000;
GA01;1G-05-03A;45;M;401817;CABO COMANDO/CONTR 4X6MM2 0,6/1KV SBE;L2;Utilização livre depósito INVT;37,74;1.698,30;;;0,00000000000000;
GA01;1G-05-03A;4.525;KG;402269;CABO ELET NU CU 95MM2 MEIO DURO;L2;Utilização livre depósito INVT;162,73;736.353,25;;;0,00000000000000;
GA01;1G-05-03A;20;M;402350;CABO COMANDO/CONTR 4X4MM2 0,6/1KV SBE;L2;Utilização livre depósito INVT;14,26;285,20;;;0,00000000000000;
GA01;1G-05-03A;3.856;M;405473;CABO ELET CU 185MM2 90°XLPE 0,6/1KV;L2;Utilização livre depósito INVT;134,00;516.704,00;;;0,00000000000000;
GA01;1G-05-03A;574;KG;800327;CORDOALHA AC 6,3MM 1/4P 7F;F3;Utilização livre depósito CUST;28,37;16.284,38;;;0,00000000000000;
GA01;1G-05-03A;616;KG;803659;CORDOALHA AC 7,94MM 5/16P 7F (EHS);F3;Utilização livre depósito CUST;29,69;18.289,04;;;0,00000000000000;
GA01;1G-05-03A;3.471;M;804894;CABO ELET CU 185MM2 90°XLPE 0,6/1KV;F3;Utilização livre depósito CUST;149,23;517.977,33;;;0,00000000000000;
GA01;1G-05-04A;137.473;M;401981;CABO  MULT 1X10+1X10MM² XLPE 0,6/1 KV;L2;Utilização livre depósito INVT;1,79;246.076,67;;;0,00000000000000;
GA01;1G-05-04A;2.022;M;403353;CABO ELET CU 150MM2 90°XLPE 0,6/1KV;L2;Utilização livre depósito INVT;120,17;242.983,74;;;0,00000000000000;
GA01;1G-05-04A;655;M;800775;CABO  MULT 2X25+1X25MM² XLPE 0,6/1 KV;F3;Utilização livre depósito CUST;6,35;4.159,25;;;0,00000000000000;
GA01;1G-05-05A;15;M;400450;CABO  MULT 1X16+1X16MM² XLPE 0,6/1 KV;L2;Utilização livre depósito INVT;3,33;49,95;;;0,00000000000000;
GA01;1G-05-05A;333;M;400459;CABO ELETR 15KV AL PROT XLPE 35MM2 1F MT;L2;Utilização livre depósito INVT;5,03;1.674,99;;;0,00000000000000;
GA01;1G-05-05A;5;KG;400460;CABO ELET NU CA AL 2/0AWG 67,40MM2 ASTER;L2;Utilização livre depósito INVT;27,19;135,95;;;0,00000000000000;
GA01;1G-05-05A;135;M;400474;CABO  MULT 3X70+1X70 MM² XLPE 0,6/1 KV;L2;Utilização livre depósito INVT;27,83;3.757,05;;;0,00000000000000;
GA01;1G-05-05A;119;M;400487;CABO  MULT 3X120+1X120MM² XLPE 0,6/1 KV;L2;Utilização livre depósito INVT;54,78;6.518,82;;;0,00000000000000;
GA01;1G-05-05A;1.006;KG;400603;CABO NU CA AL 4/0 AWG 7X4,417MM OXLIP;L2;Utilização livre depósito INVT;28,32;28.489,92;;;0,00000000000000;
GA01;1G-05-05A;69;M;400708;CABO ELETR 15KV AL PROT XLPE 50MM2 1F MT;L2;Utilização livre depósito INVT;6,34;437,46;;;0,00000000000000;
GA01;1G-05-05A;122;M;400730;CABO ELET 15KV AL PROT XLPE 185MM2 1F MT;L2;Utilização livre depósito INVT;19,12;2.332,64;;;0,00000000000000;
GA01;1G-05-05A;198;M;400821;CABO ELET 15KV AL PROT XLPE 120MM2 1F MT;L2;Utilização livre depósito INVT;13,78;2.728,44;;;0,00000000000000;
GA01;1G-05-05A;462;KG;401505;FIO ELETRICO NU CU 16MM2 MEIO DURO;L2;Utilização livre depósito INVT;97,84;45.202,08;;;0,00000000000000;
GA01;1G-05-05A;600;M;401791;CABO AL CONCENTRICO 1F 1X10+10MM2;L2;Utilização livre depósito INVT;4,44;2.664,00;;;0,00000000000000;
GA01;1G-05-05A;8;KG;402269;CABO ELET NU CU 95MM2 MEIO DURO;L2;Utilização livre depósito INVT;162,73;1.301,84;;;0,00000000000000;
GA01;1G-05-05A;1;M;407336;CABO ELETR 15KV AL PROT XLPE 70MM2 1F MT;L2;Utilização livre depósito INVT;8,15;8,15;;;0,00000000000000;
GA01;1G-05-05A;56;M;407971;CABO DE COBRE NU 150MM² MEIO-DURO;L2;Utilização livre depósito INVT;127,08;7.116,48;;;0,00000000000000;
GA01;1G-05-05A;3;KG;800031;CABO ELET NU CA AL 2AWG 33,54MM2 IRIS;F3;Utilização livre depósito CUST;27,12;81,36;;;0,00000000000000;
GA01;1G-05-05A;14;KG;800682;CABO NU CA AL 4/0 AWG 7X4,417MM OXLIP;F3;Utilização livre depósito CUST;28,40;397,60;;;0,00000000000000;
GA01;1G-05-05A;40;M;800762;CABO  MULT 3X70+1X70 MM² XLPE 0,6/1 KV;F3;Utilização livre depósito CUST;26,01;1.040,40;;;0,00000000000000;
GA01;1G-05-05A;75;KG;801316;CORDOALHA AC 9,5MM 3/8P 7F 4900DAN;F3;Utilização livre depósito CUST;23,97;1.797,75;;;0,00000000000000;
GA02;2G-01-01A;168;UN;800651;PARAFUSO CAB ABA PESC QD EM AC 5/8PX45MM;F3;Utilização livre depósito CUST;4,85;814,80;;;0,00000000000000;
GA02;2G-01-01A;260;UN;800700;LUVA EMENDA COMPR 185MM2;F3;Utilização livre depósito CUST;4,99;1.297,40;;;0,00000000000000;
GA02;2G-01-01A;138;UN;800722;PARAFUSO CAB ABA AC 16MM 125MM;F3;Utilização livre depósito CUST;6,00;828,00;;;0,00000000000000;
GA02;2G-01-01A;5;UN;800746;PARAFUSO CAB QD AC 12MM 300MM;F3;Utilização livre depósito CUST;2,58;12,90;;;0,00000000000000;
GA02;2G-01-01A;843;UN;800749;PARAFUSO CAB ABA AC 5/8X6P;F3;Utilização livre depósito CUST;5,78;4.872,54;;;0,00000000000000;
GA02;2G-01-01A;853;UN;800924;PARAFUSO ANTIVANDALISMO 5/8X2P;F3;Utilização livre depósito CUST;22,58;19.260,74;;;0,00000000000000;
GA02;2G-01-01A;563;UN;800976;PARAFUSO SXT AC 11,11MM 7/16P 31,75MM;F3;Utilização livre depósito CUST;1,05;591,15;;;0,00000000000000;
GA02;2G-01-01A;148;UN;801191;PARAFUSO CAB QD MAQ AC 5/8X6P;F3;Utilização livre depósito CUST;6,48;959,04;;;0,00000000000000;
GA02;2G-01-01A;255;UN;801347;PARAFUSO CAB QD MAQ AC 5/8X8P;F3;Utilização livre depósito CUST;4,81;1.226,55;;;0,00000000000000;
GA02;2G-01-01A;11.600;UN;801745;BUCHA NYLON PARAFUSO S-8;F3;Utilização livre depósito CUST;0,14;1.624,00;;;0,00000000000000;
GA02;2G-01-01A;400;UN;803203;TERMINAL DE PRESSÃO 6MM2;F3;Utilização livre depósito CUST;0,96;384,00;;;0,00000000000000;
GA02;2G-01-01A;400;UN;804326;TERMINAL DE PRESSAO 16MM²;F3;Utilização livre depósito CUST;0,85;340,00;;;0,00000000000000;
GA02;2G-01-01A;1.520;UN;805548;"PARAFUSO AUTO BROCANTE 14 X 1"" CHAV. 3/8";F3;Utilização livre depósito CUST;0,29;440,80;;;0,00000000000000;
GA02;2G-01-01B;150;UN;800012;TERMINAL PRE ISOL PINO TUBULAR 95MM2 AZ;F3;Utilização livre depósito CUST;5,16;774,00;;;0,00000000000000;
GA02;2G-01-01B;115;UN;800014;TERMINAL COMPRESSAO OLHAL 120MM2 1F;F3;Utilização livre depósito CUST;6,31;725,65;;;0,00000000000000;
GA02;2G-01-01B;190;UN;800150;TERMINAL PRESSAO CU 50MM2;F3;Utilização livre depósito CUST;1,94;368,60;;;0,00000000000000;
GA02;2G-01-01B;8;UN;800486;LUVA EMENDA HASTE PROL 5/8PX70MM;F3;Utilização livre depósito CUST;9,12;72,96;;;0,00000000000000;
GA02;2G-01-01B;10;UN;800733;TERMINAL ELET CU ELET 240MM2 LING RET 2F;F3;Utilização livre depósito CUST;71,63;716,30;;;0,00000000000000;
GA02;2G-01-01B;28;UN;800769;PARA-RAIO FRANKLIN CU 300MM 4P 3/4PBSP;F3;Utilização livre depósito CUST;10,95;306,60;;;0,00000000000000;
GA02;2G-01-01B;100;UN;800774;TERMINAL PINO TUBULAR 2,5MM2;F3;Utilização livre depósito CUST;0,23;23,00;;;0,00000000000000;
GA02;2G-01-01B;4.675;UN;800939;PARAFUSO CAB CHATA 4,2X25 S6;F3;Utilização livre depósito CUST;0,09;420,75;;;0,00000000000000;
GA02;2G-01-01B;127;UN;800979;TERMINAL PRESSAO CU 120MM2;F3;Utilização livre depósito CUST;8,25;1.047,75;;;0,00000000000000;
GA02;2G-01-01B;2.000;UN;801195;TERMINAL P/ CABO 2,5MM2 OLHAL FURO 4,3MM;F3;Utilização livre depósito CUST;0,67;1.340,00;;;0,00000000000000;
GA02;2G-01-01B;180;UN;801374;TERMINAL COMPRESSAO 95MM;F3;Utilização livre depósito CUST;2,39;430,20;;;0,00000000000000;
GA02;2G-01-01B;200;UN;801708;TERMINAL ELET PINO 1,5-2,5MM2;F3;Utilização livre depósito CUST;0,50;100,00;;;0,00000000000000;
GA02;2G-01-01B;321;UN;802247;LUVA EMENDA CABO ALUM 35MM COMP 90 MM;F3;Utilização livre depósito CUST;6,99;2.243,79;;;0,00000000000000;
GA02;2G-01-01B;500;UN;802596;LUVA EMENDA COMPR CU 120MM2;F3;Utilização livre depósito CUST;17,13;8.565,00;;;0,00000000000000;
GA02;2G-01-01B;80;UN;803202;TERMINAL DE PRESSÃO 4MM2;F3;Utilização livre depósito CUST;0,85;68,00;;;0,00000000000000;
GA02;2G-01-01B;1.500;UN;803579;PARAFUSO AUTO BROC CHAT phillips 4.2x25m;F3;Utilização livre depósito CUST;0,13;195,00;;;0,00000000000000;
GA02;2G-01-01C;566;UN;800007;TERMINAL PRESSAO CU 70MM2;F3;Utilização livre depósito CUST;4,59;2.597,94;;;0,00000000000000;
GA02;2G-01-01C;892;UN;800243;ARRUELA PRES AC PARAF 3/8P 5/8P;F3;Utilização livre depósito CUST;0,54;481,68;;;0,00000000000000;
GA02;2G-01-01C;782;UN;800357;EMENDA PREF COND AL 2AWG 711MM;F3;Utilização livre depósito CUST;8,26;6.459,32;;;0,00000000000000;
GA02;2G-01-01C;470;UN;800526;PARAFUSO SXT 7/16 S/PORCA;F3;Utilização livre depósito CUST;2,14;1.005,80;;;0,00000000000000;
GA02;2G-01-01C;167;UN;800624;PARAFUSO CAB ABA AC PESC QD 5/8X2.1/2P;F3;Utilização livre depósito CUST;7,04;1.175,68;;;0,00000000000000;
GA02;2G-01-01C;738;UN;801083;PORCA SEXT AI304 3/8P UNC;F3;Utilização livre depósito CUST;0,43;317,34;;;0,00000000000000;
GA02;2G-01-01C;800;UN;803584;TERMINAL PRE ISOL TUB DUPLO 2,5MM² AZUL;F3;Utilização livre depósito CUST;0,60;480,00;;;0,00000000000000;
GA02;2G-01-01D;3.040;UN;800596;LACO DISTRIBUICAO PREF CAA 1/0AWG;F3;Utilização livre depósito CUST;2,13;6.475,20;;;0,00000000000000;
GA02;2G-01-01E;1.440;UN;800767;CAPA PROTETORA CONEC CUNHA 15KV AZ/BR;F3;Utilização livre depósito CUST;23,06;33.206,40;;;0,00000000000000;
GA02;2G-01-01E;2.654;UN;801146;LACO LATERAL PREF DUPLO 2/0AWG;F3;Utilização livre depósito CUST;3,10;8.227,40;;;0,00000000000000;
GA02;2G-01-02A;12.402;UN;403209;PRENSA CABO PVC 3/4P;L2;Utilização livre depósito INVT;5,77;71.559,54;;;0,00000000000000;
GA02;2G-01-02A;579;UN;801240;CONECTOR PERF 4 SAÍDAS 25-240MM2/1,5-35M;F3;Utilização livre depósito CUST;72,64;42.058,56;;;0,00000000000000;
GA02;2G-01-02B;100;UN;800794;ALCA PREFORM CA/CAA 2AWG 6/1P 2AWG 625MM;F3;Utilização livre depósito CUST;5,07;507,00;;;0,00000000000000;
GA02;2G-01-02B;3.848;UN;800952;LACO PREF ROLD CA 2/0AWG LJ;F3;Utilização livre depósito CUST;2,88;11.082,24;;;0,00000000000000;
GA02;2G-01-02C;950;UN;800779;ALCA PREFORM DIST CAA 336,4MCM VERDE;F3;Utilização livre depósito CUST;22,74;21.603,00;;;0,00000000000000;
GA02;2G-01-02D;1.920;UN;800500;LACO ROLD PREF 336,4MCM;F3;Utilização livre depósito CUST;1,61;3.091,20;;;0,00000000000000;
GA02;2G-01-02D;2.880;UN;800600;LACO DISTRIBUICAO PREF CAA 2/0AWG AC;F3;Utilização livre depósito CUST;1,43;4.118,40;;;0,00000000000000;
GA02;2G-01-03A;1.458;UN;800345;GANCHO OLHAL AC 17MM 7000KGF;F3;Utilização livre depósito CUST;18,71;27.279,18;;;0,00000000000000;
GA02;2G-01-03A;36;UN;800817;CHAVE FUSIVEL DIST 15KV 100A/10KA PORC;F3;Utilização livre depósito CUST;331,63;11.938,68;;;0,00000000000000;
GA02;2G-01-03B;22;UN;800623;LACO PLAST TOP ISOL 57MM CAB 120 MM 15KV;F3;Utilização livre depósito CUST;14,56;320,32;;;0,00000000000000;
GA02;2G-01-03C;46;M;800800;SEALTUBO ACO ZINC 1.1/2P 436X382MM;F3;Utilização livre depósito CUST;70,33;3.235,18;;;0,00000000000000;
GA02;2G-01-04A;1.467;UN;801186;OLHAL PARAFUSO AC 16MM 5000DAN;F3;Utilização livre depósito CUST;15,74;23.090,58;;;0,00000000000000;
GA02;2G-01-04A;192;UN;804421;ISOLADOR PINO, POLIMERICO COM TRAVAS;F3;Utilização livre depósito CUST;25,67;4.928,64;;;0,00000000000000;
GA02;2G-01-04B;317;UN;405483;LUVA DE EMENDA CABO ISOLADO 25MM²;L2;Utilização livre depósito INVT;3,38;1.071,46;;;0,00000000000000;
GA02;2G-01-04B;4.446;UN;800596;LACO DISTRIBUICAO PREF CAA 1/0AWG;F3;Utilização livre depósito CUST;2,13;9.469,98;;;0,00000000000000;
GA02;2G-01-04B;576;UN;800734;PARA-RAIO DISTRIB POL 280V 10KA ISOL;F3;Utilização livre depósito CUST;40,61;23.391,36;;;0,00000000000000;
GA02;2G-01-04C;4.900;UN;800596;LACO DISTRIBUICAO PREF CAA 1/0AWG;F3;Utilização livre depósito CUST;2,13;10.437,00;;;0,00000000000000;
GA02;2G-01-05A;249;UN;800417;ARMACAO SEC PRESB 4EST 4,5MM ACO;F3;Utilização livre depósito CUST;46,42;11.558,58;;;0,00000000000000;
GA02;2G-01-05A;655;UN;801081;MANILHA SAPATILHA 6800KGF;F3;Utilização livre depósito CUST;25,93;16.984,15;;;0,00000000000000;
GA02;2G-01-05B;448;UN;800341;GRAMPO ANCOR CUNHA AL 185MM2 400DAN;F3;Utilização livre depósito CUST;37,30;16.710,40;;;0,00000000000000;
GA02;2G-01-05B;1.669;UN;800709;LACO PREF ISOLADOR ROLD CA 2AWG LJ 33MM2;F3;Utilização livre depósito CUST;1,86;3.104,34;;;0,00000000000000;
GA02;2G-01-05C;1.557;UN;800500;LACO ROLD PREF 336,4MCM;F3;Utilização livre depósito CUST;1,61;2.506,77;;;0,00000000000000;
GA02;2G-01-06A;1.356;UN;401264;PINO ISOLADOR AC 25X294X19MM;L2;Utilização livre depósito INVT;26,56;36.015,36;;;0,00000000000000;
GA02;2G-01-06A;12.191;UN;800715;PARAFUSO CAB ABA PESC QD AC 16MM 70MM;F3;Utilização livre depósito CUST;1,49;18.164,59;;;0,00000000000000;
GA02;2G-01-06B;57;UN;802214;CHAVE SEC MONOP FACA 15KV 630A C/TER CUN;F3;Utilização livre depósito CUST;402,50;22.942,50;;;0,00000000000000;
GA02;2G-01-06C;17;UN;800064;CHAVE SEC 1P 36,2KV 400A 34,5KV;F3;Utilização livre depósito CUST;238,24;4.050,08;;;0,00000000000000;
GA02;2G-01-06C;1.200;UN;800595;LACO LATERAL DUPLO 4/0AWG;F3;Utilização livre depósito CUST;3,22;3.864,00;;;0,00000000000000;
GA02;2G-01-07A;2.021;UN;401264;PINO ISOLADOR AC 25X294X19MM;L2;Utilização livre depósito INVT;26,56;53.677,76;;;0,00000000000000;
GA02;2G-01-07B;443;UN;800515;ISOLADOR ANCOR POLIM 15KV 5000DAN;F3;Utilização livre depósito CUST;37,50;16.612,50;;;0,00000000000000;
GA02;2G-01-07B;783;UN;803367;EMENDA PREF COND AL 2/0 AWG 1016MM;F3;Utilização livre depósito CUST;31,41;24.594,03;;;0,00000000000000;
GA02;2G-01-07C;1.000;UN;800515;ISOLADOR ANCOR POLIM 15KV 5000DAN;F3;Utilização livre depósito CUST;37,50;37.500,00;;;0,00000000000000;
GA02;2G-01-07D;1.000;UN;800515;ISOLADOR ANCOR POLIM 15KV 5000DAN;F3;Utilização livre depósito CUST;37,50;37.500,00;;;0,00000000000000;
GA02;2G-01-08A;243;UN;800959;PORTA-FUSIVEL 15KV 100A;F3;Utilização livre depósito CUST;109,23;26.542,89;;;0,00000000000000;
GA02;2G-01-08A;940;UN;801178;ARMACAO SEC PRESB 1EST 4,2MM ACO;F3;Utilização livre depósito CUST;13,75;12.925,00;;;0,00000000000000;
GA02;2G-01-08B;800;UN;800959;PORTA-FUSIVEL 15KV 100A;F3;Utilização livre depósito CUST;109,23;87.384,00;;;0,00000000000000;
GA02;2G-01-08C;896;UN;800959;PORTA-FUSIVEL 15KV 100A;F3;Utilização livre depósito CUST;109,23;97.870,08;;;0,00000000000000;
GA02;2G-01-09A;4.724;UN;800944;ISOLADOR RODL PORC 15KV 81X47MM 1350DAN;F3;Utilização livre depósito CUST;9,13;43.130,12;;;0,00000000000000;
GA02;2G-01-09B;1.725;UN;801240;CONECTOR PERF 4 SAÍDAS 25-240MM2/1,5-35M;F3;Utilização livre depósito CUST;72,64;125.304,00;;;0,00000000000000;
GA02;2G-01-09C;875;UN;801240;CONECTOR PERF 4 SAÍDAS 25-240MM2/1,5-35M;F3;Utilização livre depósito CUST;72,64;63.560,00;;;0,00000000000000;
GA02;2G-01-09D;1.875;UN;801240;CONECTOR PERF 4 SAÍDAS 25-240MM2/1,5-35M;F3;Utilização livre depósito CUST;72,64;136.200,00;;;0,00000000000000;
GA02;2G-01-10A;51;UN;800262;CHAVE FUSIVEL INDIC 15KV 200A/95KV BUC;F3;Utilização livre depósito CUST;404,88;20.648,88;;;0,00000000000000;
GA02;2G-01-10A;3;UN;800654;PARA-RAIO DISTRIB POL 12KV 10KA S/CENT;F3;Utilização livre depósito CUST;151,65;454,95;;;0,00000000000000;
GA02;2G-01-10B;74;UN;800337;EMENDA PREF COND AL 4/0AWG AM 1295MM;F3;Utilização livre depósito CUST;66,93;4.952,82;;;0,00000000000000;
GA02;2G-01-11A;69;UN;404114;MED IN 2E 3F 120 240V 120A TB QE GD B;L2;Utilização livre depósito INVT;587,02;40.504,38;;;0,00000000000000;
GA02;2G-01-11A;69;UN;404115;MED IN 3E 4F 120 240V 120A TB QE GD B;L2;Utilização livre depósito INVT;714,85;49.324,65;;;0,00000000000000;
GA02;2G-01-11A;15;UN;404617;MEDIDOR INTEL  3EL 4F 120V/220V 30/200A;L2;Utilização livre depósito INVT;1.247,99;18.719,85;;;0,00000000000000;
GA02;2G-01-11A;29;UN;405382;MED IN 3E 4F 120 240V 10A TB GD DF C;L2;Utilização livre depósito INVT;1.903,46;55.200,34;;;0,00000000000000;
GA02;2G-01-11B;160;UN;405382;MED IN 3E 4F 120 240V 10A TB GD DF C;L2;Utilização livre depósito INVT;1.903,46;304.553,60;;;0,00000000000000;
GA02;2G-01-11B;572;UN;801164;PINO ISOLADOR POLIMERICO AC 15KV 200MM;F3;Utilização livre depósito CUST;25,70;14.700,40;;;0,00000000000000;
GA02;2G-01-11C;320;UN;405382;MED IN 3E 4F 120 240V 10A TB GD DF C;L2;Utilização livre depósito INVT;1.903,46;609.107,20;;;0,00000000000000;
GA02;2G-01-12A;536;UN;402824;MED EL 1E 2F 120V 100A GD B;L2;Utilização livre depósito INVT;58,07;31.125,52;;;0,00000000000000;
GA02;2G-01-12B;35;UN;400909;MED EL 1E 3F 240V 100A TB GD B;L2;Utilização livre depósito INVT;82,25;2.878,75;;;0,00000000000000;
GA02;2G-01-12B;282;UN;404112;MED IN 1E 2F 120 240V 120A TB QE GD B;L2;Utilização livre depósito INVT;350,08;98.722,56;;;0,00000000000000;
GA02;2G-01-12B;26;UN;404115;MED IN 3E 4F 120 240V 120A TB QE GD B;L2;Utilização livre depósito INVT;714,85;18.586,10;;;0,00000000000000;
GA02;2G-01-13A;8;UN;402407;"TRAFO CRTE 0,6KV;200-5A 0,3C12,5 JANELA";L2;Utilização livre depósito INVT;575,55;4.604,40;;;0,00000000000000;
GA02;2G-01-13A;10;UN;409793;TRAFO POTENCIAL 13,8KV/RAIZ3-115V/0,3P75;L2;Utilização livre depósito INVT;4.316,63;43.166,30;;;0,00000000000000;
GA02;2G-01-13B;63;UN;404114;MED IN 2E 3F 120 240V 120A TB QE GD B;L2;Utilização livre depósito INVT;587,02;36.982,26;;;0,00000000000000;
GA02;2G-01-13B;130;UN;407439;MED IN 1E 2F 120 240V 100A TB GD B;L2;Utilização livre depósito INVT;658,29;85.577,70;;;0,00000000000000;
GA02;2G-01-13B;10;UN;408749;MEDIDOR INT 3F 3EL 4FIO 120-220V 15/120A;L2;Utilização livre depósito INVT;752,47;7.524,70;;;0,00000000000000;
GA02;2G-01-14A;112;UN;400292;"TRAFO CRTE 0,6KV;300-5A 0,3C12,5 JANELA";L2;Utilização livre depósito INVT;408,64;45.767,68;;;0,00000000000000;
GA02;2G-01-14A;142;UN;401685;"TRAFO CRTE 0,6KV;600-5A 0,3C12,5 JANELA";L2;Utilização livre depósito INVT;410,87;58.343,54;;;0,00000000000000;
GA02;2G-01-14B;122;UN;400183;MED EL 2E 3F 120V 120A TB GD B;L2;Utilização livre depósito INVT;502,06;61.251,32;;;0,00000000000000;
GA02;2G-01-14B;155;UN;407443;MOSTRADOR REMOTO MEDIDORES 1003 AC/BAT;L2;Utilização livre depósito INVT;795,59;123.316,45;;;0,00000000000000;
GA02;2G-01-14C;3;UN;804287;DISJUNTOR ELETROMAG 380VCA 1F 32A 10KA;F3;Utilização livre depósito CUST;6,60;19,80;;;0,00000000000000;
GA02;2G-01-14C;148;UN;805413;DISJUNTOR TERM 3P 40A 240/380VCA;F3;Utilização livre depósito CUST;31,06;4.596,88;;;0,00000000000000;
GA02;2G-01-14C;131;UN;805414;DISJUNTOR TERM 3P 50A 127/220VCA;F3;Utilização livre depósito CUST;33,52;4.391,12;;;0,00000000000000;
GA02;2G-01-14D;1.706;UN;402824;MED EL 1E 2F 120V 100A GD B;L2;Utilização livre depósito INVT;58,07;99.067,42;;;0,00000000000000;
GA02;2G-01-15A;43;UN;400041;TRAFO CRTE 0,6KV100-5A;L2;Utilização livre depósito INVT;173,28;7.451,04;;;0,00000000000000;
GA02;2G-01-15A;12;UN;402322;MED EL 3E 4F 120V 120A TB GD B;L2;Utilização livre depósito INVT;752,47;9.029,64;;;0,00000000000000;
GA02;2G-01-15A;69;UN;404113;MED IN 1E 3F 240V 120A TB QE GD B;L2;Utilização livre depósito INVT;436,80;30.139,20;;;0,00000000000000;
GA02;2G-01-15B;3;UN;110130;DISJUNTOR TERM 2P 400V 25A;F3;Utilização livre depósito CUST;33,33;99,99;;;0,00000000000000;
GA02;2G-01-15B;1;UN;110164;DISJUNTOR TERM 2P 380V 10A 60HZ;F3;Utilização livre depósito CUST;0,01;0,01;;;0,00000000000000;
GA02;2G-01-15B;20;UN;110253;DISJUNTOR NEMA BIPOLAR 20A;F3;Utilização livre depósito CUST;16,02;320,40;;;0,00000000000000;
GA02;2G-01-15B;81;UN;110401;DISJUNTOR 1P 380VCA 40A;F3;Utilização livre depósito CUST;5,24;424,44;;;0,00000000000000;
GA02;2G-01-15B;2;UN;110494;DISJUNTOR 1P 16A 230/400VCA CURVA C;F3;Utilização livre depósito CUST;30,16;60,32;;;0,00000000000000;
GA02;2G-01-15B;3;UN;110595;DISJUNTOR 2P 380VCA 50A;F3;Utilização livre depósito CUST;20,02;60,06;;;0,00000000000000;
GA02;2G-01-15B;33;UN;110630;DISJUNTOR 1P 380VCA 10A;F3;Utilização livre depósito CUST;4,45;146,85;;;0,00000000000000;
GA02;2G-01-15B;8;UN;805413;DISJUNTOR TERM 3P 40A 240/380VCA;F3;Utilização livre depósito CUST;31,06;248,48;;;0,00000000000000;
GA02;2G-01-15C;330;UN;402675;CHAVE AFERICAO SOBREPOR 6P CORR/4P TENS;L2;Utilização livre depósito INVT;342,19;112.922,70;;;0,00000000000000;
GA02;2G-01-15C;244;UN;801786;CHAVE AFERICAO SOBREPOR 6P CORR/4P TENS;F3;Utilização livre depósito CUST;342,19;83.494,36;;;0,00000000000000;
GA02;2G-01-15E;1.712;UN;402824;MED EL 1E 2F 120V 100A GD B;L2;Utilização livre depósito INVT;58,07;99.415,84;;;0,00000000000000;
GA02;2G-01-16A;1;UN;400069;"TRAFO CRTE 15KV; 5-5A; 0,3C12,5 BARRA";L2;Utilização livre depósito INVT;1.494,54;1.494,54;;;0,00000000000000;
GA02;2G-01-16A;22;UN;401771;"TRAFO CRTE 15KV; 60-5A; 0,3C12,5 BARRA";L2;Utilização livre depósito INVT;1.353,32;29.773,04;;;0,00000000000000;
GA02;2G-01-16A;80;UN;803440;ENVELOPE DE PLAST COM FECHO DE SEG;F3;Utilização livre depósito CUST;4,79;383,20;;;0,00000000000000;
GA02;2G-01-16B;1;UN;401226;"TRAFO CRTE 0,6KV; 200-5A; 0,3C2,5 INT";L2;Utilização livre depósito INVT;425,45;425,45;;;0,00000000000000;
GA02;2G-01-16B;22;UN;401308;"TRAFO CRTE 15KV; 10-5A; 0,3C12,5 BARRA";L2;Utilização livre depósito INVT;1.440,74;31.696,28;;;0,00000000000000;
GA02;2G-01-16B;17;UN;404613;"TRAFO CRTE 15KV; 40-5A; 0,3C12,5 BARRA";L2;Utilização livre depósito INVT;1.184,19;20.131,23;;;0,00000000000000;
GA02;2G-01-16C;3.447;UN;403513;ENVELOPE DE PLAST COM FECHO DE SEG;L2;Utilização livre depósito INVT;4,99;17.200,53;;;0,00000000000000;
GA02;2G-02-01A;194;UN;800965;PARAFUSO OLH AC 5/8P 800MM;F3;Utilização livre depósito CUST;23,35;4.529,90;;;0,00000000000000;
GA02;2G-02-01A;841;UN;801206;GANCHO SUSP OLHAL AC 18MM 11000KGF;F3;Utilização livre depósito CUST;33,68;28.324,88;;;0,00000000000000;
GA02;2G-02-01B;170;UN;800596;LACO DISTRIBUICAO PREF CAA 1/0AWG;F3;Utilização livre depósito CUST;2,13;362,10;;;0,00000000000000;
GA02;2G-02-01B;14;UN;801857;CONTROLADOR REGULADOR TENSAO CTR 2 ITB;F3;Utilização livre depósito CUST;4.585,56;64.197,84;;;0,00000000000000;
GA02;2G-02-01B;274;UN;802164;BUCHA C/ARRUELA PVC 1.1/2P;F3;Utilização livre depósito CUST;0,00;0,00;;;0,00000000000000;
GA02;2G-02-01B;3.700;UN;803072;BUCHA PVC DIAMETRO  1 POL  COM ARRUELA;F3;Utilização livre depósito CUST;1,36;5.032,00;;;0,00000000000000;
GA02;2G-02-01B;271;UN;803177;ABRACADEIRA TIPO U  1 1/2P;F3;Utilização livre depósito CUST;0,01;2,71;;;0,00000000000000;
GA02;2G-02-01C;452;UN;800595;LACO LATERAL DUPLO 4/0AWG;F3;Utilização livre depósito CUST;3,22;1.455,44;;;0,00000000000000;
GA02;2G-02-01C;1.647;UN;801228;LACO PREF TOPO CAA/CA 4/0AWG VM;F3;Utilização livre depósito CUST;2,03;3.343,41;;;0,00000000000000;
GA02;2G-02-01D;1.998;UN;800616;LACO LATERAL PREF CAA E CA 1/0AWG DUPLO;F3;Utilização livre depósito CUST;4,86;9.710,28;;;0,00000000000000;
GA02;2G-02-01E;410;UN;800254;BRACO ANTIBALANCO PA PT 15KV 320MM;F3;Utilização livre depósito CUST;14,46;5.928,60;;;0,00000000000000;
GA02;2G-02-01E;1.200;UN;800595;LACO LATERAL DUPLO 4/0AWG;F3;Utilização livre depósito CUST;3,22;3.864,00;;;0,00000000000000;
GA02;2G-02-02A;385;UN;801225;PARAFUSO OLH AC 5/8P 24P;F3;Utilização livre depósito CUST;29,31;11.284,35;;;0,00000000000000;
GA02;2G-02-02A;335;UN;805173;PARAFUSO CAB QD AC 12MM 350MM;F3;Utilização livre depósito CUST;17,26;5.782,10;;;0,00000000000000;
GA02;2G-02-02B;65;UN;800226;ALCA PREFORM SERV CA 16MM2 305MM;F3;Utilização livre depósito CUST;2,80;182,00;;;0,00000000000000;
GA02;2G-02-02B;6;UN;800254;BRACO ANTIBALANCO PA PT 15KV 320MM;F3;Utilização livre depósito CUST;14,46;86,76;;;0,00000000000000;
GA02;2G-02-02B;247;UN;800494;LACO PREF ROLD CA 1/0AWG LJ;F3;Utilização livre depósito CUST;2,63;649,61;;;0,00000000000000;
GA02;2G-02-02B;225;UN;801203;ALCA PREFORM SERV 10MM2 3,7-4,1MM2;F3;Utilização livre depósito CUST;1,65;371,25;;;0,00000000000000;
GA02;2G-02-02B;81;UN;801849;ESTICADOR P/CABO ACO 5/16P;L2;Utilização livre depósito INVT;0,01;0,81;;;0,00000000000000;
GA02;2G-02-02C;215;UN;800779;ALCA PREFORM DIST CAA 336,4MCM VERDE;F3;Utilização livre depósito CUST;22,74;4.889,10;;;0,00000000000000;
GA02;2G-02-02C;310;UN;802180;EMENDA PREF CA 2/0AWG 7F AM;F3;Utilização livre depósito CUST;20,81;6.451,10;;;0,00000000000000;
GA02;2G-02-02D;1.350;UN;800494;LACO PREF ROLD CA 1/0AWG LJ;F3;Utilização livre depósito CUST;2,63;3.550,50;;;0,00000000000000;
GA02;2G-02-02D;3.052;UN;800614;LACO LATERAL DUPLO CA 2AWG;F3;Utilização livre depósito CUST;3,90;11.902,80;;;0,00000000000000;
GA02;2G-02-02E;900;UN;800614;LACO LATERAL DUPLO CA 2AWG;F3;Utilização livre depósito CUST;3,90;3.510,00;;;0,00000000000000;
GA02;2G-02-02E;500;UN;800779;ALCA PREFORM DIST CAA 336,4MCM VERDE;F3;Utilização livre depósito CUST;22,74;11.370,00;;;0,00000000000000;
GA02;2G-02-03A;1.088;UN;800922;PARAFUSO CAB QD AC 16MM 450MM;F3;Utilização livre depósito CUST;22,36;24.327,68;;;0,00000000000000;
GA02;2G-02-03B;124;UN;800614;LACO LATERAL DUPLO CA 2AWG;F3;Utilização livre depósito CUST;3,90;483,60;;;0,00000000000000;
GA02;2G-02-03B;40;UN;801039;ALCA PREFORM SERV 50MM2 45MM2;F3;Utilização livre depósito CUST;7,41;296,40;;;0,00000000000000;
GA02;2G-02-03C;62;UN;800262;CHAVE FUSIVEL INDIC 15KV 200A/95KV BUC;F3;Utilização livre depósito CUST;404,88;25.102,56;;;0,00000000000000;
GA02;2G-02-03D;9.919;UN;800077;CONECTOR COMP DER 1/0-4/0AWG 9,4-14,3;F3;Utilização livre depósito CUST;1,52;15.076,88;;;0,00000000000000;
GA02;2G-02-03E;3.292;UN;800505;LACO PREF TOPO DUPLO CA 336,4MCM VM;F3;Utilização livre depósito CUST;2,18;7.176,56;;;0,00000000000000;
GA02;2G-02-04A;489;UN;800528;PARAFUSO OLH AC 5/8P 650MM;F3;Utilização livre depósito CUST;28,31;13.843,59;;;0,00000000000000;
GA02;2G-02-04A;1.921;UN;800963;PARAFUSO CAB QD MAQ AC 5/8X20P;F3;Utilização livre depósito CUST;20,16;38.727,36;;;0,00000000000000;
GA02;2G-02-04B;90;UN;800427;BRACO C/GRAMPO SUSPE SECU 500DAN;F3;Utilização livre depósito CUST;41,44;3.729,60;;;0,00000000000000;
GA02;2G-02-04B;518;UN;800767;CAPA PROTETORA CONEC CUNHA 15KV AZ/BR;F3;Utilização livre depósito CUST;23,06;11.945,08;;;0,00000000000000;
GA02;2G-02-04B;248;UN;800917;LACO PREF CA 2AWG PESC 57MM PURPURA;F3;Utilização livre depósito CUST;3,50;868,00;;;0,00000000000000;
GA02;2G-02-04B;90;UN;802018;PRENSA-CABOS AL 1.3/4P;F3;Utilização livre depósito CUST;377,27;33.954,30;;;0,00000000000000;
GA02;2G-02-04C;134;UN;800061;CARTUCHO PLA P/CUNHA VM FEST CALIB 20;F3;Utilização livre depósito CUST;1,15;154,10;;;0,00000000000000;
GA02;2G-02-05A;1.217;UN;800118;PARAFUSO CAB QD AC 16MM 500MM;F3;Utilização livre depósito CUST;17,15;20.871,55;;;0,00000000000000;
GA02;2G-02-05A;990;UN;800536;PARAFUSO MAQ CAB QD AC 5/8X24P;F3;Utilização livre depósito CUST;23,13;22.898,70;;;0,00000000000000;
GA02;2G-02-05B;999;UN;800600;LACO DISTRIBUICAO PREF CAA 2/0AWG AC;F3;Utilização livre depósito CUST;1,43;1.428,57;;;0,00000000000000;
GA02;2G-02-05B;90;UN;800897;ALCA PREFORM 6,4MM 1/4P AM 1219MM;F3;Utilização livre depósito CUST;6,08;547,20;;;0,00000000000000;
GA02;2G-02-05B;362;UN;801170;CARTUCHO PLA P/CUNHA AM FEST CALIB 20;F3;Utilização livre depósito CUST;2,60;941,20;;;0,00000000000000;
GA02;2G-02-06A;759;UN;800116;PARAFUSO CAB ABA AC 16MM 150MM;F3;Utilização livre depósito CUST;5,84;4.432,56;;;0,00000000000000;
GA02;2G-02-06B;305;UN;801028;ALCA PREFORM SERV 16MM2 5,0-5,7MM2;F3;Utilização livre depósito CUST;1,95;594,75;;;0,00000000000000;
GA02;2G-02-06B;90;UN;802405;ALCA PREFORM 6,4MM 1/4P AM 635MM;F3;Utilização livre depósito CUST;8,35;751,50;;;0,00000000000000;
GA02;2G-02-06B;40;UN;803507;EMENDA PREF AC 5/16 1067MM;F3;Utilização livre depósito CUST;478,16;19.126,40;;;0,00000000000000;
GA02;2G-02-06C;252;UN;400422;CARTUCHO PLA P/CUNHA AM FEST CALIB 20;L2;Utilização livre depósito INVT;2,60;655,20;;;0,00000000000000;
GA02;2G-02-06C;4.484;UN;400815;CARTUCHO PLA P/CUNHA VM FEST CALIB 20;L2;Utilização livre depósito INVT;1,15;5.156,60;;;0,00000000000000;
GA02;2G-02-07A;298;UN;800521;PARAFUSO CAB QD 16X400MM AC;F3;Utilização livre depósito CUST;13,56;4.040,88;;;0,00000000000000;
GA02;2G-02-07A;792;UN;801087;GANCHO OLHAL AC 17MM 5000KGF;F3;Utilização livre depósito CUST;12,16;9.630,72;;;0,00000000000000;
GA02;2G-02-07B;217;UN;402348;MINI DISJUNTOR 1P 25A 230/127VCA C;L2;Utilização livre depósito INVT;7,18;1.558,06;;;0,00000000000000;
GA02;2G-02-07B;428;UN;403040;DISJUNTOR ELETROMAG 380VCA 1F 32A 10KA;L2;Utilização livre depósito INVT;5,78;2.473,84;;;0,00000000000000;
GA02;2G-02-07B;110;UN;404411;DISJUNTOR MONOFASICO DE 10A;L2;Utilização livre depósito INVT;8,00;880,00;;;0,00000000000000;
GA02;2G-02-07B;47;UN;801314;EMENDA PREF COND AL 4/0AWG PT;F3;Utilização livre depósito CUST;118,89;5.587,83;;;0,00000000000000;
GA02;2G-02-08A;132;UN;800108;PARAFUSO CAB ABA AC 16MM 45MM;F3;Utilização livre depósito CUST;4,39;579,48;;;0,00000000000000;
GA02;2G-02-08A;63;UN;800530;PARAFUSO OLH AC 16MM 5/8P 475MM;F3;Utilização livre depósito CUST;33,26;2.095,38;;;0,00000000000000;
GA02;2G-02-08A;303;UN;800536;PARAFUSO MAQ CAB QD AC 5/8X24P;F3;Utilização livre depósito CUST;23,13;7.008,39;;;0,00000000000000;
GA02;2G-02-08B;466;UN;403113;DISJUNTOR 1P 127/220V 400VCA 32A;L2;Utilização livre depósito INVT;7,80;3.634,80;;;0,00000000000000;
GA02;2G-02-08B;4;UN;407229;DISJUNTORES BIPOLAR 20A;L2;Utilização livre depósito INVT;23,05;92,20;;;0,00000000000000;
GA02;2G-02-08B;6;UN;408192;DISJUNTOR CAIXA MOLDADA 200A;L2;Utilização livre depósito INVT;166,98;1.001,88;;;0,00000000000000;
GA02;2G-02-08B;6;UN;409826;DISJUNTOR 3P 380VCA 100A;L2;Utilização livre depósito INVT;62,45;374,70;;;0,00000000000000;
GA02;2G-02-08B;2.022;UN;804881;DISJUNTOR 1P 127/220V 400VCA 32A;F3;Utilização livre depósito CUST;7,30;14.760,60;;;0,00000000000000;
GA02;2G-02-08B;550;UN;804882;DISJUNTOR 3P 127/220V 400VCA 40A;F3;Utilização livre depósito CUST;24,48;13.464,00;;;0,00000000000000;
GA02;2G-02-08E;66;UN;800817;CHAVE FUSIVEL DIST 15KV 100A/10KA PORC;F3;Utilização livre depósito CUST;331,63;21.887,58;;;0,00000000000000;
GA02;2G-02-09A;246;UN;800929;PARAFUSO CAB QD AC 16MM 250MM;F3;Utilização livre depósito CUST;12,11;2.979,06;;;0,00000000000000;
GA02;2G-02-09A;5;UN;801064;PARAFUSO CAB ABA AC 10MM 115MM;F3;Utilização livre depósito CUST;2,48;12,40;;;0,00000000000000;
GA02;2G-02-09A;7;UN;801256;PERFIL U AC 76X900MM REDE COMPACTA;F3;Utilização livre depósito CUST;90,96;636,72;;;0,00000000000000;
GA02;2G-02-09A;182;UN;801391;PARAFUSO CAB QD AC 16MM 2P 350MM;F3;Utilização livre depósito CUST;13,33;2.426,06;;;0,00000000000000;
GA02;2G-02-09B;845;UN;801154;LUVA EMENDA 185MM 251MM;F3;Utilização livre depósito CUST;38,26;32.329,70;;;0,00000000000000;
GA02;2G-02-10E;256;UN;403337;MED EL 3E 4F 120V 200A TB GD B;L2;Utilização livre depósito INVT;1.034,41;264.808,96;;;0,00000000000000;
GA02;2G-02-11A;90;UN;402423;MED IN 3E 4F 67 120 240V 10A ACL D;L2;Utilização livre depósito INVT;5.286,96;475.826,40;;;0,00000000000000;
GA02;2G-02-11A;88;UN;404112;MED IN 1E 2F 120 240V 120A TB QE GD B;L2;Utilização livre depósito INVT;350,08;30.807,04;;;0,00000000000000;
GA02;2G-02-11A;105;UN;408332;MED IN 3E 4F 67 120 240V 10A ACL DF D;L2;Utilização livre depósito INVT;5.709,39;599.485,95;;;0,00000000000000;
GA02;2G-02-11B;280;UN;403077;MED EL 3E 4F 120 240V 120A TB GD C;L2;Utilização livre depósito INVT;546,18;152.930,40;;;0,00000000000000;
GA02;2G-02-11C;255;UN;403337;MED EL 3E 4F 120V 200A TB GD B;L2;Utilização livre depósito INVT;1.034,41;263.774,55;;;0,00000000000000;
GA02;2G-02-11D;255;UN;403337;MED EL 3E 4F 120V 200A TB GD B;L2;Utilização livre depósito INVT;1.034,41;263.774,55;;;0,00000000000000;
GA02;2G-02-12A;70;UN;402592;MED EL 3E 4F 120V 120A GD B;L2;Utilização livre depósito INVT;121,99;8.539,30;;;0,00000000000000;
GA02;2G-02-12A;40;UN;403337;MED EL 3E 4F 120V 200A TB GD B;L2;Utilização livre depósito INVT;1.034,41;41.376,40;;;0,00000000000000;
GA02;2G-02-12A;23;UN;408332;MED IN 3E 4F 67 120 240V 10A ACL DF D;L2;Utilização livre depósito INVT;5.709,39;131.315,97;;;0,00000000000000;
GA02;2G-02-12B;137;UN;403077;MED EL 3E 4F 120 240V 120A TB GD C;L2;Utilização livre depósito INVT;546,18;74.826,66;;;0,00000000000000;
GA02;2G-02-12C;256;UN;403337;MED EL 3E 4F 120V 200A TB GD B;L2;Utilização livre depósito INVT;1.034,41;264.808,96;;;0,00000000000000;
GA02;2G-02-12D;256;UN;403337;MED EL 3E 4F 120V 200A TB GD B;L2;Utilização livre depósito INVT;1.034,41;264.808,96;;;0,00000000000000;
GA02;2G-02-13A;34;UN;401356;"TRAFO CRTE 15KV; 15-5A; 0,3C12,5 BARRA";L2;Utilização livre depósito INVT;1.448,53;49.250,02;;;0,00000000000000;
GA02;2G-02-13A;36;UN;401678;TRAFO POT 13,8 3KV 115 REL70 1 0,3P75;L2;Utilização livre depósito INVT;2.532,42;91.167,12;;;0,00000000000000;
GA02;2G-02-13C;128;UN;403337;MED EL 3E 4F 120V 200A TB GD B;L2;Utilização livre depósito INVT;1.034,41;132.404,48;;;0,00000000000000;
GA02;2G-02-13D;256;UN;403337;MED EL 3E 4F 120V 200A TB GD B;L2;Utilização livre depósito INVT;1.034,41;264.808,96;;;0,00000000000000;
GA02;2G-02-14A;42;UN;400069;"TRAFO CRTE 15KV; 5-5A; 0,3C12,5 BARRA";L2;Utilização livre depósito INVT;1.494,54;62.770,68;;;0,00000000000000;
GA02;2G-02-14A;36;UN;401678;TRAFO POT 13,8 3KV 115 REL70 1 0,3P75;L2;Utilização livre depósito INVT;2.532,42;91.167,12;;;0,00000000000000;
GA02;2G-02-14D;400;UN;402592;MED EL 3E 4F 120V 120A GD B;L2;Utilização livre depósito INVT;121,99;48.796,00;;;0,00000000000000;
GA02;2G-02-15A;77;UN;401678;TRAFO POT 13,8 3KV 115 REL70 1 0,3P75;L2;Utilização livre depósito INVT;2.532,42;194.996,34;;;0,00000000000000;
GA02;2G-02-15B;83.900;UN;401632;LACRE SEG MET 11DIG BR;L2;Utilização livre depósito INVT;2,21;185.419,00;;;0,00000000000000;
GA02;2G-02-15C;900;UN;402824;MED EL 1E 2F 120V 100A GD B;L2;Utilização livre depósito INVT;58,07;52.263,00;;;0,00000000000000;
GA02;2G-02-15D;1.800;UN;402824;MED EL 1E 2F 120V 100A GD B;L2;Utilização livre depósito INVT;58,07;104.526,00;;;0,00000000000000;
GA02;2G-02-16A;51;UN;401308;"TRAFO CRTE 15KV; 10-5A; 0,3C12,5 BARRA";L2;Utilização livre depósito INVT;1.440,74;73.477,74;;;0,00000000000000;
GA02;2G-02-16A;154;UN;401992;"TRAFO CRTE 0,6KV 400-5A; 0,3C12,5 BARRA";L2;Utilização livre depósito INVT;408,64;62.930,56;;;0,00000000000000;
GA02;2G-02-16B;1.712;UN;402824;MED EL 1E 2F 120V 100A GD B;L2;Utilização livre depósito INVT;58,07;99.415,84;;;0,00000000000000;
GA02;2G-02-16C;856;UN;402824;MED EL 1E 2F 120V 100A GD B;L2;Utilização livre depósito INVT;58,07;49.707,92;;;0,00000000000000;
GA02;2G-02-16D;1.000;UN;402824;MED EL 1E 2F 120V 100A GD B;L2;Utilização livre depósito INVT;58,07;58.070,00;;;0,00000000000000;
GA02;2G-03-02B;52;UN;403712;LUVA EMENDA CB AL COB 50MM2;L2;Utilização livre depósito INVT;6,71;348,92;;;0,00000000000000;
GA02;2G-03-06A;800;UN;402404;CONECTOR CUNHA LIGA AL AZ 120MM2 4/0AWG;L2;Utilização livre depósito INVT;9,08;7.264,00;;;0,00000000000000;
GA02;2G-03-06B;1.315;UN;801010;ELO FUSIVEL BOTAO DISTRIB H 3A 500MM;F3;Utilização livre depósito CUST;5,82;7.653,30;;;0,00000000000000;
GA02;2G-03-06B;2.645;UN;801834;ELO FUSIVEL H 1A 500MM;F3;Utilização livre depósito CUST;5,79;15.314,55;;;0,00000000000000;
GA02;2G-03-06B;1.388;UN;801955;ELO FUSIVEL DISTRIB H 2A 500MM;F3;Utilização livre depósito CUST;5,88;8.161,44;;;0,00000000000000;
GA02;2G-03-06C;5.374;UN;801635;ELO FUSIVEL BOTAO K 65A 500MM;F3;Utilização livre depósito CUST;13,83;74.322,42;;;0,00000000000000;
GA02;2G-03-06D;46;UN;401033;CONECTOR DER CUNHA ESTR AL 336,4MCM 2AWG;L2;Utilização livre depósito INVT;22,48;1.034,08;;;0,00000000000000;
GA02;2G-03-07A;3.629;UN;405539;CONECTOR PERF PRINC 16-120 DER 4-36 1AMP;L2;Utilização livre depósito INVT;18,97;68.842,13;;;0,00000000000000;
GA02;2G-03-07B;37;UN;800894;ELO FUSIVEL BOTAO DISTRIB UN K 8A 500MM;F3;Utilização livre depósito CUST;6,17;228,29;;;0,00000000000000;
GA02;2G-03-07B;231;UN;801216;ELO FUSIVEL BOTAO DISTRIB K 50A 500MM;F3;Utilização livre depósito CUST;7,45;1.720,95;;;0,00000000000000;
GA02;2G-03-07B;1.962;UN;801220;ELO FUSIVEL BOTAO DISTRIB K 25A 500MM;F3;Utilização livre depósito CUST;6,39;12.537,18;;;0,00000000000000;
GA02;2G-03-07B;123;UN;801826;ELO FUSIVEL BOTAO K 6A 500MM;F3;Utilização livre depósito CUST;5,71;702,33;;;0,00000000000000;
GA02;2G-03-07E;500;UN;800515;ISOLADOR ANCOR POLIM 15KV 5000DAN;F3;Utilização livre depósito CUST;37,50;18.750,00;;;0,00000000000000;
GA02;2G-03-07E;988;UN;800859;ESTRIBO C/CONEC CUNHA NORM 25~35MM2;F3;Utilização livre depósito CUST;20,15;19.908,20;;;0,00000000000000;
GA02;2G-03-08A;1.175;UN;802249;CONECTOR CHAVE SEC 1P FACA CU 10-300MM2;F3;Utilização livre depósito CUST;218,67;256.937,25;;;0,00000000000000;
GA02;2G-03-08B;67;UN;401071;CONECTOR DER CUNHA AL 10MM2-6AWG;L2;Utilização livre depósito INVT;7,94;531,98;;;0,00000000000000;
GA02;2G-03-08B;380;UN;800272;CONECTOR CUNHA AZ AL 336,4MCM 336,4MCM;F3;Utilização livre depósito CUST;11,90;4.522,00;;;0,00000000000000;
GA02;2G-03-08B;578;UN;801233;ELO FUSIVEL BOTAO DISTRIB K 15A 500MM;F3;Utilização livre depósito CUST;5,86;3.387,08;;;0,00000000000000;
GA02;2G-03-08B;329;UN;801303;ELO FUSIVEL BOTAO DISTRIB K 12A 500MM;F3;Utilização livre depósito CUST;5,88;1.934,52;;;0,00000000000000;
GA02;2G-03-08C;725;UN;801522;ELO FUSIVEL BOTAO K 80A 500MM;F3;Utilização livre depósito CUST;14,78;10.715,50;;;0,00000000000000;
GA02;2G-03-08C;630;UN;802213;ELO FUSIVEL K 30A 500MM;F3;Utilização livre depósito CUST;7,06;4.447,80;;;0,00000000000000;
GA02;2G-03-08D;517;UN;803365;CONECTOR CUNHA  ESTRIBO 50MM2  70 MM2;F3;Utilização livre depósito CUST;32,17;16.631,89;;;0,00000000000000;
GA02;2G-03-09A;5.302;UN;800054;CONECTOR ATERR REFORÇ HAST/CAB 5/8-35MM2;F3;Utilização livre depósito CUST;19,50;103.389,00;;;0,00000000000000;
GA02;2G-03-09A;402;UN;801135;PINO TOPO AC 25MM 389MM 2F 18X32MM;F3;Utilização livre depósito CUST;11,42;4.590,84;;;0,00000000000000;
GA02;2G-03-09B;941;UN;402087;ELO FUSIVEL BOTAO DISTRIB K 30A 500MM;L2;Utilização livre depósito INVT;6,82;6.417,62;;;0,00000000000000;
GA02;2G-03-09B;228;UN;800344;FITA ISOL EPR 0,76X19MM 10M PT;F3;Utilização livre depósito CUST;29,05;6.623,40;;;0,00000000000000;
GA02;2G-03-09B;1.362;UN;800362;ELO FUSIVEL BOTAO DISTRIB K 30A 500MM;F3;Utilização livre depósito CUST;6,82;9.288,84;;;0,00000000000000;
GA02;2G-03-09B;111;UN;800557;CONECTOR DER CUNHA ESTRIBO 336,4 MCM;F3;Utilização livre depósito CUST;24,91;2.765,01;;;0,00000000000000;
GA02;2G-03-09B;2.043;UN;800824;ELO FUSIVEL BOTAO DISTR K 40A 500MM;F3;Utilização livre depósito CUST;7,91;16.160,13;;;0,00000000000000;
GA02;2G-03-09B;18;UN;801215;CONECTOR DER CU 13-34MM2;F3;Utilização livre depósito CUST;10,48;188,64;;;0,00000000000000;
GA02;2G-03-09B;250;UN;804883;ARRUELA QD AC 17,00MM 50,00MM 3,00MM;F3;Utilização livre depósito CUST;1,78;445,00;;;0,00000000000000;
GA02;2G-03-09C;35;UN;800280;CONECTOR COMP DER 4/0AWG 3/0-4/0AWG;F3;Utilização livre depósito CUST;1,24;43,40;;;0,00000000000000;
GA02;2G-03-09C;207;UN;800445;CONECTOR DER CUNHA  2/0 1/0 2/0AWG;F3;Utilização livre depósito CUST;6,45;1.335,15;;;0,00000000000000;
GA02;2G-03-09C;1.010;UN;800880;CONECTOR PERF SIMP 6-35 / 6-35MM2;F3;Utilização livre depósito CUST;10,22;10.322,20;;;0,00000000000000;
GA02;2G-03-09C;1.090;UN;800892;CONECTOR PERF SIMP 10-25 / 16-25MM2;F3;Utilização livre depósito CUST;7,54;8.218,60;;;0,00000000000000;
GA02;2G-03-09C;348;UN;800906;CONECTOR DER CUNHA AL 2/0AWG 4/0AWG;F3;Utilização livre depósito CUST;10,09;3.511,32;;;0,00000000000000;
GA02;2G-03-09D;588;UN;400791;CONECTOR CUNHA AM AL 336,4MCM 336,4MCM;L2;Utilização livre depósito INVT;32,61;19.174,68;;;0,00000000000000;
GA02;2G-03-09D;258;UN;801213;"CONECTOR CUNHA AL 1/0;2 AWG 1/0;2/0AWG";F3;Utilização livre depósito CUST;12,51;3.227,58;;;0,00000000000000;
GA02;2G-03-09D;475;UN;801232;CONECTOR CUNHA AM AL 336,4MCM 336,4MCM;F3;Utilização livre depósito CUST;36,30;17.242,50;;;0,00000000000000;
GA02;2G-03-09D;1.350;UN;803387;CONECTOR DER CUNHA 3364 C/ 3364 AL AZUL;F3;Utilização livre depósito CUST;13,08;17.658,00;;;0,00000000000000;
GA02;2G-03-09E;60;UN;400758;CHAVE SECC 1P 15KV 630A 110KV 25KA;L2;Utilização livre depósito INVT;472,00;28.320,00;;;0,00000000000000;
GA02;2G-03-10A;817;UN;800630;ISOLADOR CAST PORC 13,8KV 90MM 3400DAN;F3;Utilização livre depósito CUST;3,50;2.859,50;;;0,00000000000000;
GA02;2G-03-10A;47;UN;800852;FITA ISOLANTE ELET PVC 19X0,19MM 20M PT;F3;Utilização livre depósito CUST;20,06;942,82;;;0,00000000000000;
GA02;2G-03-10A;2.547;UN;800884;CONECTOR CUNHA LIGA AL AZ 120MM2 4/0AWG;F3;Utilização livre depósito CUST;12,63;32.168,61;;;0,00000000000000;
GA02;2G-03-10B;410;UN;800291;CONECTOR DER CUNHA AL 1/0AWG 4/0AWG;F3;Utilização livre depósito CUST;10,96;4.493,60;;;0,00000000000000;
GA02;2G-03-10B;120;UN;800564;CONECTOR DER AL 1/0-4/0AWG 1/0-4/0AWG;F3;Utilização livre depósito CUST;8,27;992,40;;;0,00000000000000;
GA02;2G-03-10B;143;UN;800822;CONECTOR CUNHA ESTRIBO 1/0 2/0 4/0 AWG;F3;Utilização livre depósito CUST;22,94;3.280,42;;;0,00000000000000;
GA02;2G-03-10B;2.956;UN;800825;CONECTOR PARAL AL 1/0AWG;F3;Utilização livre depósito CUST;6,16;18.208,96;;;0,00000000000000;
GA02;2G-03-10B;48;UN;801125;CONECTOR CUN ESTRIBO 1/0 2/0AWG C/ CARTU;F3;Utilização livre depósito CUST;34,37;1.649,76;;;0,00000000000000;
GA02;2G-03-10B;131;UN;803156;CONECTOR DERIV CUNHA 336,4MCM 1/0AWGM;F3;Utilização livre depósito CUST;13,62;1.784,22;;;0,00000000000000;
GA02;2G-03-10D;1.231;UN;800905;CONECTOR DER CUNHA AL 4-2AWG 2AWG;F3;Utilização livre depósito CUST;8,72;10.734,32;;;0,00000000000000;
GA02;2G-03-10D;1.330;UN;802858;CONECTOR DER CUNHA AZ AL 336,4MCM 1/0AWG;F3;Utilização livre depósito CUST;12,41;16.505,30;;;0,00000000000000;
GA02;2G-03-10E;1.250;UN;800822;CONECTOR CUNHA ESTRIBO 1/0 2/0 4/0 AWG;F3;Utilização livre depósito CUST;22,94;28.675,00;;;0,00000000000000;
GA02;2G-03-11A;14;UN;800034;CONECTOR TORQ EMENDA TRIFASICA 35MM2;F3;Utilização livre depósito CUST;3,26;45,64;;;0,00000000000000;
GA02;2G-03-11A;3.360;UN;800944;ISOLADOR RODL PORC 15KV 81X47MM 1350DAN;F3;Utilização livre depósito CUST;9,13;30.676,80;;;0,00000000000000;
GA02;2G-03-11B;305;UN;800077;CONECTOR COMP DER 1/0-4/0AWG 9,4-14,3;F3;Utilização livre depósito CUST;1,52;463,60;;;0,00000000000000;
GA02;2G-03-11B;198;UN;801098;ESTRIBO C/CONEC CUNHA 120-185MM2;F3;Utilização livre depósito CUST;33,08;6.549,84;;;0,00000000000000;
GA02;2G-03-11B;1.418;UN;801182;CONECTOR CUNHA AL 2AWG;F3;Utilização livre depósito CUST;3,89;5.516,02;;;0,00000000000000;
GA02;2G-03-11B;123;UN;802138;FITA ISOL ELET 19MMX20M 0,19MM VM;F3;Utilização livre depósito CUST;53,44;6.573,12;;;0,00000000000000;
GA02;2G-03-11B;120;UN;802141;FITA ISOL ELET 19MMX20M 0,19MM AZ;F3;Utilização livre depósito CUST;53,44;6.412,80;;;0,00000000000000;
GA02;2G-03-11B;145;UN;802158;FITA ISOL ELET 19MMX20M 0,19MM BR;F3;Utilização livre depósito CUST;53,44;7.748,80;;;0,00000000000000;
GA02;2G-03-11B;20;UN;802203;FITA ISOL ELET 19MMX20M 0,19MM VD;F3;Utilização livre depósito CUST;53,59;1.071,80;;;0,00000000000000;
GA02;2G-03-11C;317;UN;800813;CONECTOR DER CUNH AZ AL 2/0 4/0 336,4MCM;F3;Utilização livre depósito CUST;13,22;4.190,74;;;0,00000000000000;
GA02;2G-03-11C;1.817;UN;800848;ELO FUSIVEL BOTAO DISTRIB K 100A 500MM;F3;Utilização livre depósito CUST;15,53;28.218,01;;;0,00000000000000;
GA02;2G-03-11C;2.193;UN;802703;ABRACADEIRA 1P;F3;Utilização livre depósito CUST;0,00;0,00;;;0,00000000000000;
GA02;2G-03-11C;279;UN;804573;LUVA DE EMENDA TORQUIMÉTRICO 185MM2;F3;Utilização livre depósito CUST;317,00;88.443,00;;;0,00000000000000;
GA02;2G-03-11D;3.155;UN;800852;FITA ISOLANTE ELET PVC 19X0,19MM 20M PT;F3;Utilização livre depósito CUST;20,06;63.289,30;;;0,00000000000000;
GA02;2G-03-11D;166;UN;800876;CONECTOR DER CUNHA ESTRIBO 4/0AWG;F3;Utilização livre depósito CUST;22,13;3.673,58;;;0,00000000000000;
GA02;2G-03-11D;494;UN;801011;CONECTOR CU PARAF FEND CAB ATERR 10-95MM;F3;Utilização livre depósito CUST;18,52;9.148,88;;;0,00000000000000;
GA02;2G-03-11D;40;UN;801109;ESTRIBO NORMAL CU EST 2 4AWG;F3;Utilização livre depósito CUST;5,81;232,40;;;0,00000000000000;
GA02;2G-03-11D;658;UN;803379;CONECTOR PERF SIMPLES 10-35/DR 25-35MM²;F3;Utilização livre depósito CUST;5,79;3.809,82;;;0,00000000000000;
GA02;2G-03-11E;192;UN;804115;CAIXA PARA MEDIDOR POLIFASICA VIS. VIDRO;F3;Utilização livre depósito CUST;63,31;12.155,52;;;0,00000000000000;
GA02;2G-03-12A;3.154;UN;800889;CONECTOR PARAL AL 4/0AWG 1/0AWG;F3;Utilização livre depósito CUST;19,66;62.007,64;;;0,00000000000000;
GA02;2G-03-12B;400;UN;800287;CONECTOR DER CUNHA AL 10MM2-6AWG;F3;Utilização livre depósito CUST;7,94;3.176,00;;;0,00000000000000;
GA02;2G-03-12B;529;UN;800364;CONECTOR PARAF FEND DER CU 2,5-70MM²;F3;Utilização livre depósito CUST;16,07;8.501,03;;;0,00000000000000;
GA02;2G-03-12B;1.710;UN;801182;CONECTOR CUNHA AL 2AWG;F3;Utilização livre depósito CUST;3,89;6.651,90;;;0,00000000000000;
GA02;2G-03-12B;73;UN;802260;CONECTOR DER CUNHA 336MCM 2/0AWG;F3;Utilização livre depósito CUST;8,74;638,02;;;0,00000000000000;
GA02;2G-03-12B;200;UN;802301;ABRACADEIRA NYLON 2,5MMX108MM;F3;Utilização livre depósito CUST;1,20;240,00;;;0,00000000000000;
GA02;2G-03-12B;23;UN;802860;CONECTOR DER CUNHA AZ AL 336,4MCM 2/0AWG;F3;Utilização livre depósito CUST;7,73;177,79;;;0,00000000000000;
GA02;2G-03-12B;150;UN;803225;ABRACADEIRA NYLON 2,8MMX240MM;F3;Utilização livre depósito CUST;0,06;9,00;;;0,00000000000000;
GA02;2G-03-12B;890;UN;803313;CONECTOR CUNHA AT 35MM2 E 25MM2 VM;F3;Utilização livre depósito CUST;0,01;8,90;;;0,00000000000000;
GA02;2G-03-12C;327;UN;800202;ELO FUSIVEL BOTAO K 80A 500MM;F3;Utilização livre depósito CUST;14,43;4.718,61;;;0,00000000000000;
GA02;2G-03-12C;2.296;UN;801216;ELO FUSIVEL BOTAO DISTRIB K 50A 500MM;F3;Utilização livre depósito CUST;7,45;17.105,20;;;0,00000000000000;
GA02;2G-03-12C;1.583;UN;801522;ELO FUSIVEL BOTAO K 80A 500MM;F3;Utilização livre depósito CUST;14,78;23.396,74;;;0,00000000000000;
GA02;2G-03-12D;21;UN;800277;CONECTOR DER CU 4-1/0AWG;F3;Utilização livre depósito CUST;1,22;25,62;;;0,00000000000000;
GA02;2G-03-12D;1.938;UN;800470;ABRACADEIRA PA 250X9,0X3,00MM;F3;Utilização livre depósito CUST;0,46;891,48;;;0,00000000000000;
GA02;2G-03-12D;2.163;UN;803864;CONECTOR PERF PRINC 16-120 DER 4-36 1AMP;F3;Utilização livre depósito CUST;31,44;68.004,72;;;0,00000000000000;
GA02;2G-03-12D;989;UN;804292;PLACA PVC 1MM  DIMENSÃO 250MMX180MM;F3;Utilização livre depósito CUST;23,17;22.915,13;;;0,00000000000000;
GA02;2G-03-12E;192;UN;804115;CAIXA PARA MEDIDOR POLIFASICA VIS. VIDRO;F3;Utilização livre depósito CUST;63,31;12.155,52;;;0,00000000000000;
GA02;2G-03-13A;1.200;UN;800344;FITA ISOL EPR 0,76X19MM 10M PT;F3;Utilização livre depósito CUST;29,05;34.860,00;;;0,00000000000000;
GA02;2G-03-13A;1.536;UN;801311;CONECTOR DER CUNHA AM AL 4/0AWG 336,4MCM;F3;Utilização livre depósito CUST;30,18;46.356,48;;;0,00000000000000;
GA02;2G-03-13B;6.126;UN;801166;CONECTOR CUNHA AL 4/0(2) AWG;F3;Utilização livre depósito CUST;4,34;26.586,84;;;0,00000000000000;
GA02;2G-03-13C;1.200;UN;800289;CONECTOR PARAL AL 10-2/0AWG (6-70MM2);F3;Utilização livre depósito CUST;7,38;8.856,00;;;0,00000000000000;
GA02;2G-03-13C;697;UN;800448;CONECTOR DER CUNHA ESTR AL 336,4MCM 2AWG;F3;Utilização livre depósito CUST;22,48;15.668,56;;;0,00000000000000;
GA02;2G-03-13D;2.000;UN;801125;CONECTOR CUN ESTRIBO 1/0 2/0AWG C/ CARTU;F3;Utilização livre depósito CUST;34,37;68.740,00;;;0,00000000000000;
GA02;2G-03-13D;806;UN;802215;ABRACADEIRA BAP 3 1200MMX381MM PARAF;F3;Utilização livre depósito CUST;14,09;11.356,54;;;0,00000000000000;
GA02;2G-03-14A;1.331;UN;800569;TERMINAL CU CHAVE SEC  70-120MM2;F3;Utilização livre depósito CUST;154,83;206.078,73;;;0,00000000000000;
GA02;2G-03-14B;8.769;UN;800070;CARTUCHO MET P/CUNHA AZ FEST CALIB 22;F3;Utilização livre depósito CUST;1,05;9.207,45;;;0,00000000000000;
GA02;2G-03-14B;2.439;UN;800294;CONECTOR PARAL AL 1/0-4/0AWG ET-ELB;F3;Utilização livre depósito CUST;8,41;20.511,99;;;0,00000000000000;
GA02;2G-03-14B;78;UN;800360;GRAMPO ANCOR CUNHA AL 50MM2 400DAN;F3;Utilização livre depósito CUST;32,56;2.539,68;;;0,00000000000000;
GA02;2G-03-14B;2.141;UN;800681;CARTUCHO MET P/CUNHA AM FEST CALIB 22;F3;Utilização livre depósito CUST;1,45;3.104,45;;;0,00000000000000;
GA02;2G-03-14B;19.500;UN;801020;CARTUCHO FP MET P/CUNHA VM FEST CALIB 22;F3;Utilização livre depósito CUST;1,63;31.785,00;;;0,00000000000000;
GA02;2G-03-14B;47;UN;801048;CONECTOR DER CUNHA AL 70MM2;F3;Utilização livre depósito CUST;4,23;198,81;;;0,00000000000000;
GA02;2G-03-14C;233;UN;400505;CONECTOR CUNHA DE AL 2/0 (1/0) AWG;L2;Utilização livre depósito INVT;11,85;2.761,05;;;0,00000000000000;
GA02;2G-03-14C;2.516;UN;800274;CONECTOR CUNHA DE AL 2/0 (1/0) AWG;F3;Utilização livre depósito CUST;11,85;29.814,60;;;0,00000000000000;
GA02;2G-03-14D;1.797;UN;800310;CONECTORES CUNHA 1/0AWG-50MM2 2AWG-25MM2;F3;Utilização livre depósito CUST;3,87;6.954,39;;;0,00000000000000;
GA02;2G-03-14D;419;UN;802804;CONECTOR DER CU 4/0AWG;F3;Utilização livre depósito CUST;15,60;6.536,40;;;0,00000000000000;
GA02;2G-03-14D;1.972;UN;802892;LUVA EMENDA CB AL COB 50MM2;F3;Utilização livre depósito CUST;8,58;16.919,76;;;0,00000000000000;
GA02;2G-03-14D;188;UN;803324;CONECTOR ATERR 35 A 95MM2;F3;Utilização livre depósito CUST;17,36;3.263,68;;;0,00000000000000;
GA02;2G-03-14D;73;UN;803865;CONECTOR PERF PRINC 16-120 DER 4-36 2AMP;F3;Utilização livre depósito CUST;48,78;3.560,94;;;0,00000000000000;
GA02;2G-03-16A;2.898;UN;400192;PARAFUSO CAB QD AC 16MM 250MM;L2;Utilização livre depósito INVT;14,51;42.049,98;;;0,00000000000000;
GA02;2G-03-16A;24;UN;400758;CHAVE SECC 1P 15KV 630A 110KV 25KA;L2;Utilização livre depósito INVT;472,00;11.328,00;;;0,00000000000000;
GA02;2G-03-16B;126;UN;800872;CONECTOR AUTO PERF DU 70-240 / 70-240MM2;F3;Utilização livre depósito CUST;50,05;6.306,30;;;0,00000000000000;
GA02;2G-03-16C;1.319;UN;803344;CONECTOR PERFUR 50-185MM MED TENSAO 15KV;F3;Utilização livre depósito CUST;92,14;121.532,66;;;0,00000000000000;
GA02;2G-03-17A;25.516;UN;800668;SAPATILHA CABO DE ACO 3/8P;F3;Utilização livre depósito CUST;2,84;72.465,44;;;0,00000000000000;
GA02;2G-03-17B;232;UN;408995;GRAMPO ANCOR UNIVERSAL 35MM2 A 185MM2;L2;Utilização livre depósito INVT;26,31;6.103,92;;;0,00000000000000;
GA02;2G-03-17B;184;UN;804337;CONECTOR PERF 15KV 35-70/6,1MM ESTRIBO;F3;Utilização livre depósito CUST;68,87;12.672,08;;;0,00000000000000;
GA02;2G-03-17B;206;UN;804422;GRAMPO ANCOR UNIVERSAL 35MM2 A 185MM2;F3;Utilização livre depósito CUST;26,31;5.419,86;;;0,00000000000000;
GA02;2G-03-18A;14.866;UN;401937;SAPATILHA CABO DE ACO 3/8P;L2;Utilização livre depósito INVT;4,09;60.801,94;;;0,00000000000000;
GA02;2G-03-18C;287;UN;800654;PARA-RAIO DISTRIB POL 12KV 10KA S/CENT;F3;Utilização livre depósito CUST;151,65;43.523,55;;;0,00000000000000;
GA02;2G-03-19A;30;UN;401678;TRAFO POT 13,8 3KV 115 REL70 1 0,3P75;L2;Utilização livre depósito INVT;2.532,42;75.972,60;;;0,00000000000000;
GA02;2G-03-19A;23;UN;401771;"TRAFO CRTE 15KV; 60-5A; 0,3C12,5 BARRA";L2;Utilização livre depósito INVT;1.353,32;31.126,36;;;0,00000000000000;
GA02;2G-03-19B;656;UN;800341;GRAMPO ANCOR CUNHA AL 185MM2 400DAN;F3;Utilização livre depósito CUST;37,30;24.468,80;;;0,00000000000000;
GA02;2G-03-19C;480;UN;800654;PARA-RAIO DISTRIB POL 12KV 10KA S/CENT;F3;Utilização livre depósito CUST;151,65;72.792,00;;;0,00000000000000;
GA02;2G-03-19D;60;UN;400758;CHAVE SECC 1P 15KV 630A 110KV 25KA;L2;Utilização livre depósito INVT;472,00;28.320,00;;;0,00000000000000;
GA02;2G-03-20A;32;UN;401309;"TRAFO CRTE 15KV; 20-5A; 0,3C12,5 BARRA";L2;Utilização livre depósito INVT;1.492,48;47.759,36;;;0,00000000000000;
GA02;2G-03-20A;5;UN;803510;GRAMPO ANCORAGEM  CORDOALHA  5/16;F3;Utilização livre depósito CUST;169,41;847,05;;;0,00000000000000;
GA02;2G-03-20A;5;UN;803558;GRAMPO TENSÃO 90° CORDOALHA  AÇO 5/16;F3;Utilização livre depósito CUST;283,80;1.419,00;;;0,00000000000000;
GA02;2G-03-20B;1.170;UN;800348;GRAMPO ANCOR CUNHA AL 35MM2 400DAN;F3;Utilização livre depósito CUST;18,18;21.270,60;;;0,00000000000000;
GA02;2G-03-20B;252;UN;800352;ESTRIBO BRACO L-EST-01 FOFO 200DAN;F3;Utilização livre depósito CUST;13,76;3.467,52;;;0,00000000000000;
GA02;2G-03-20C;480;UN;800654;PARA-RAIO DISTRIB POL 12KV 10KA S/CENT;F3;Utilização livre depósito CUST;151,65;72.792,00;;;0,00000000000000;
GA02;2G-03-21A;20;UN;401309;"TRAFO CRTE 15KV; 20-5A; 0,3C12,5 BARRA";L2;Utilização livre depósito INVT;1.492,48;29.849,60;;;0,00000000000000;
GA02;2G-03-21A;45;UN;401735;"TRAFO CRTE 0,6KV;800-5A 0,3C12,5 JANELA";L2;Utilização livre depósito INVT;408,64;18.388,80;;;0,00000000000000;
GA02;2G-03-21A;784;UN;800223;ARRUELA QD 50X50X3MM 18MM AC;F3;Utilização livre depósito CUST;1,31;1.027,04;;;0,00000000000000;
GA02;2G-03-21B;269;UN;407126;TERMINAL COMP OLHAL BIMETÁLICO 35MM2;L2;Utilização livre depósito INVT;22,79;6.130,51;;;0,00000000000000;
GA02;2G-03-21B;120;UN;409258;TERMINAL A COMP OLHAL BIMETALICO 150MM2;L2;Utilização livre depósito INVT;48,58;5.829,60;;;0,00000000000000;
GA02;2G-03-21B;120;UN;409259;TERMINAL A COMP OLHAL BIMETALICO 185MM2;L2;Utilização livre depósito INVT;86,10;10.332,00;;;0,00000000000000;
GA02;2G-03-21C;3;UN;400758;CHAVE SECC 1P 15KV 630A 110KV 25KA;L2;Utilização livre depósito INVT;472,00;1.416,00;;;0,00000000000000;
GA02;2G-03-21D;60;UN;400758;CHAVE SECC 1P 15KV 630A 110KV 25KA;L2;Utilização livre depósito INVT;472,00;28.320,00;;;0,00000000000000;
GA02;2G-04-00A;426;UN;801400;HASTE ATERRAMENTO CI AC 14,3X2438MM;F3;Utilização livre depósito CUST;99,66;42.455,16;;;0,00000000000000;
GA02;2G-04-01A;10;UN;400116;ISOLADOR PINO PORC VID 70KV 102X120MM;L2;Utilização livre depósito INVT;24,34;243,40;;;0,00000000000000;
GA02;2G-04-01A;1.680;UN;401117;MAO-FRANCESA NORMAL AC 710X32X6,5MM;L2;Utilização livre depósito INVT;12,29;20.647,20;;;0,00000000000000;
GA02;2G-04-01B;10;UN;401910;ELO FUSIVEL BOTAO DISTRIB K 15A 500MM;L2;Utilização livre depósito INVT;11,61;116,10;;;0,00000000000000;
GA02;2G-04-01B;1;UN;402111;ELO FUSIVEL BOTAO DISTRIB UN K 8A 500MM;L2;Utilização livre depósito INVT;5,40;5,40;;;0,00000000000000;
GA02;2G-04-01B;357;UN;402660;ELO FUSIVEL DISTRIB H 2A 500MM;L2;Utilização livre depósito INVT;5,84;2.084,88;;;0,00000000000000;
GA02;2G-04-01B;2.095;UN;402733;ELO FUSIVEL H 1A 500MM;L2;Utilização livre depósito INVT;5,85;12.255,75;;;0,00000000000000;
GA02;2G-04-01C;3.973;UN;402518;ELO FUSIVEL BOTAO K 80A 500MM;L2;Utilização livre depósito INVT;13,52;53.714,96;;;0,00000000000000;
GA02;2G-04-01C;2.160;UN;403559;CONECTOR TIPO CUNHA  35MM  1/0 AWG;L2;Utilização livre depósito INVT;10,85;23.436,00;;;0,00000000000000;
GA02;2G-04-01D;3.500;UN;800822;CONECTOR CUNHA ESTRIBO 1/0 2/0 4/0 AWG;F3;Utilização livre depósito CUST;22,94;80.290,00;;;0,00000000000000;
GA02;2G-04-02A;351;UN;400546;CONECTOR PARAF 10-120MM2;L2;Utilização livre depósito INVT;19,88;6.977,88;;;0,00000000000000;
GA02;2G-04-02A;206;UN;402143;CONECTOR DER CUNHA 336,4MCM AL;L2;Utilização livre depósito INVT;9,57;1.971,42;;;0,00000000000000;
GA02;2G-04-02A;11;UN;402729;CONECTOR DERIV CUNHA AL 2/0AWG 4/0AWG;L2;Utilização livre depósito INVT;11,90;130,90;;;0,00000000000000;
GA02;2G-04-02B;11;UN;400661;ELO FUSIVEL BOTAO DISTR K 40A 500MM;L2;Utilização livre depósito INVT;7,69;84,59;;;0,00000000000000;
GA02;2G-04-02B;20;UN;400806;ELO FUSIVEL DISTRIB 30K 15KV 500MM;L2;Utilização livre depósito INVT;6,65;133,00;;;0,00000000000000;
GA02;2G-04-02B;476;UN;402138;ELO FUSIVEL BOTAO DISTRIB K 100A 500MM;L2;Utilização livre depósito INVT;15,28;7.273,28;;;0,00000000000000;
GA02;2G-04-02B;389;UN;402686;ELO FUSIVEL BOTAO K 65A 500MM;L2;Utilização livre depósito INVT;13,73;5.340,97;;;0,00000000000000;
GA02;2G-04-02B;415;UN;402741;ELO FUSIVEL BOTAO K 6A 500MM;L2;Utilização livre depósito INVT;8,64;3.585,60;;;0,00000000000000;
GA02;2G-04-02C;3.200;UN;400527;CONECTOR DER CUNHA AL 4-2AWG 2AWG;L2;Utilização livre depósito INVT;8,29;26.528,00;;;0,00000000000000;
GA02;2G-04-02C;1.950;UN;401834;CONECTOR PARAL AL 10AWG-1/0AWG;L2;Utilização livre depósito INVT;11,50;22.425,00;;;0,00000000000000;
GA02;2G-04-02D;2.100;UN;401451;CONECTOR CUNHA ESTRIBO 1/0 2/0 4/0 AWG;L2;Utilização livre depósito INVT;23,65;49.665,00;;;0,00000000000000;
GA02;2G-04-02E;768;UN;404084;ESPACADOR LOSANG CLASSE 15KV C/ GARRAS;L2;Utilização livre depósito INVT;22,91;17.594,88;;;0,00000000000000;
GA02;2G-04-03A;1.102;UN;403182;CONECTOR CHAVE SEC 1P FACA CU 10-300MM2;L2;Utilização livre depósito INVT;212,69;234.384,38;;;0,00000000000000;
GA02;2G-04-03B;50;UN;402123;ELO FUSIVEL BOTAO DISTRIB K 12A 500MM;L2;Utilização livre depósito INVT;5,86;293,00;;;0,00000000000000;
GA02;2G-04-03B;34;UN;403120;FITA ISOL ELET 19MMX20M 0,19MM BR;L2;Utilização livre depósito INVT;53,44;1.816,96;;;0,00000000000000;
GA02;2G-04-03B;59;UN;403275;FITA ISOL ELET 19MMX20M 0,19MM AZ;L2;Utilização livre depósito INVT;53,44;3.152,96;;;0,00000000000000;
GA02;2G-04-03B;9;UN;403407;FITA ISOL ELET 19MMX20M 0,19MM VM;L2;Utilização livre depósito INVT;53,44;480,96;;;0,00000000000000;
GA02;2G-04-03C;251;UN;408344;ESPAÇADOR  POLIMÉRICO MONOFÁSICO 15KV;L2;Utilização livre depósito INVT;73,18;18.368,18;;;0,00000000000000;
GA02;2G-04-03D;3.500;UN;401451;CONECTOR CUNHA ESTRIBO 1/0 2/0 4/0 AWG;L2;Utilização livre depósito INVT;23,65;82.775,00;;;0,00000000000000;
GA02;2G-04-03E;768;UN;404084;ESPACADOR LOSANG CLASSE 15KV C/ GARRAS;L2;Utilização livre depósito INVT;22,91;17.594,88;;;0,00000000000000;
GA02;2G-04-04A;3.077;UN;400828;CONECTOR DER CUNHA AM AL 4/0AWG 336,4MCM;L2;Utilização livre depósito INVT;34,79;107.048,83;;;0,00000000000000;
GA02;2G-04-04B;139;UN;400283;TERMINAL PRESSAO CU 240MM2 C/SAPATA;L2;Utilização livre depósito INVT;5,76;800,64;;;0,00000000000000;
GA02;2G-04-04B;5;UN;400953;PARAFUSO CAB QD AC 12MM 300MM;L2;Utilização livre depósito INVT;2,59;12,95;;;0,00000000000000;
GA02;2G-04-04B;32;UN;401086;PARAFUSO CAB QD MAQ AC 5/8X6P;L2;Utilização livre depósito INVT;8,70;278,40;;;0,00000000000000;
GA02;2G-04-04B;11;UN;401259;PARAFUSO CAB QD 16X150MM AC;L2;Utilização livre depósito INVT;10,23;112,53;;;0,00000000000000;
GA02;2G-04-04B;372;UN;401738;TERMINAL PRESSAO 185MM2;L2;Utilização livre depósito INVT;6,84;2.544,48;;;0,00000000000000;
GA02;2G-04-04B;20;UN;402250;CONECTOR DER AL 3/0-4/0AWG 2/0-4/0AWG;L2;Utilização livre depósito INVT;1,11;22,20;;;0,00000000000000;
GA02;2G-04-04B;270;UN;402252;PARAFUSO MAD CAB QD AC 12,7MM 4P 33/16P;L2;Utilização livre depósito INVT;2,55;688,50;;;0,00000000000000;
GA02;2G-04-04B;1.760;UN;405063;PARAFUSO M8X50MM CAB CHATA FEND PHILLIPS;L2;Utilização livre depósito INVT;0,16;281,60;;;0,00000000000000;
GA02;2G-04-04B;489;UN;405481;TERMINAL COMPRESSAO OLHAL ESTANHAD 70MM2;L2;Utilização livre depósito INVT;3,18;1.555,02;;;0,00000000000000;
GA02;2G-04-04C;1.900;UN;400518;"CONECTOR  CUNHA AL 1/0;2 AWG 1/0;2/0AWG";L2;Utilização livre depósito INVT;9,43;17.917,00;;;0,00000000000000;
GA02;2G-04-04D;3.840;UN;401451;CONECTOR CUNHA ESTRIBO 1/0 2/0 4/0 AWG;L2;Utilização livre depósito INVT;23,65;90.816,00;;;0,00000000000000;
GA02;2G-04-04E;768;UN;404084;ESPACADOR LOSANG CLASSE 15KV C/ GARRAS;L2;Utilização livre depósito INVT;22,91;17.594,88;;;0,00000000000000;
GA02;2G-04-05A;2.631;UN;401568;CONECTOR COMP DER 4/0AWG 3/0-4/0AWG;L2;Utilização livre depósito INVT;1,24;3.262,44;;;0,00000000000000;
GA02;2G-04-05A;85;UN;402716;CONECTOR DERIV CUNHA 336,4MCM 1/0AWGM;L2;Utilização livre depósito INVT;13,61;1.156,85;;;0,00000000000000;
GA02;2G-04-05B;28;UN;400512;CONECTOR DER CUNHA AL 1/0AWG 336,4MCM;L2;Utilização livre depósito INVT;14,87;416,36;;;0,00000000000000;
GA02;2G-04-05B;1.072;UN;400545;CONECTOR PARAF FEND DER CU 2,5-70MM²;L2;Utilização livre depósito INVT;16,20;17.366,40;;;0,00000000000000;
GA02;2G-04-05B;42;UN;402025;ELO FUSIVEL BOTAO DISTRIB K 25A 500MM;L2;Utilização livre depósito INVT;6,69;280,98;;;0,00000000000000;
GA02;2G-04-05B;4.460;UN;407125;TERMINAL COMP OLHAL BIMETÁLICO 70MM2;L2;Utilização livre depósito INVT;25,90;115.514,00;;;0,00000000000000;
GA02;2G-04-05C;3.921;UN;402934;CONECTOR PERF 4-70 MM2 PADRAO ENTRADA;L2;Utilização livre depósito INVT;7,41;29.054,61;;;0,00000000000000;
GA02;2G-04-05D;3.840;UN;401451;CONECTOR CUNHA ESTRIBO 1/0 2/0 4/0 AWG;L2;Utilização livre depósito INVT;23,65;90.816,00;;;0,00000000000000;
GA02;2G-04-05E;768;UN;404084;ESPACADOR LOSANG CLASSE 15KV C/ GARRAS;L2;Utilização livre depósito INVT;22,91;17.594,88;;;0,00000000000000;
GA02;2G-04-06A;855;UN;400518;"CONECTOR  CUNHA AL 1/0;2 AWG 1/0;2/0AWG";L2;Utilização livre depósito INVT;9,43;8.062,65;;;0,00000000000000;
GA02;2G-04-06A;1.726;UN;400543;CONECTOR CUNHA AZ AL 336,4MCM 336,4MCM;L2;Utilização livre depósito INVT;11,90;20.539,40;;;0,00000000000000;
GA02;2G-04-06A;191;UN;402149;TERMINAL CU CHAVE SEC  70-120MM2;L2;Utilização livre depósito INVT;144,71;27.639,61;;;0,00000000000000;
GA02;2G-04-06B;158;UN;400867;LUVA EMENDA HASTE PROL 5/8PX70MM;L2;Utilização livre depósito INVT;21,55;3.404,90;;;0,00000000000000;
GA02;2G-04-06B;788;UN;401888;CONECTOR DER CUNHA ESTRIBO 4/0AWG;L2;Utilização livre depósito INVT;30,35;23.915,80;;;0,00000000000000;
GA02;2G-04-06D;3.200;UN;401451;CONECTOR CUNHA ESTRIBO 1/0 2/0 4/0 AWG;L2;Utilização livre depósito INVT;23,65;75.680,00;;;0,00000000000000;
GA02;2G-04-06E;768;UN;404084;ESPACADOR LOSANG CLASSE 15KV C/ GARRAS;L2;Utilização livre depósito INVT;22,91;17.594,88;;;0,00000000000000;
GA02;2G-04-07A;934;UN;401856;CONECTOR PARAL AL 1/0-4/0AWG ET-ELB;L2;Utilização livre depósito INVT;28,29;26.422,86;;;0,00000000000000;
GA02;2G-04-07A;170;UN;403860;CONECTOR DER CUNHA AZ AL 336,4MCM 1/0AWG;L2;Utilização livre depósito INVT;9,27;1.575,90;;;0,00000000000000;
GA02;2G-04-07B;30;UN;400008;TERMINAL COMPRESSAO CU 95MM;L2;Utilização livre depósito INVT;140,25;4.207,50;;;0,00000000000000;
GA02;2G-04-07B;1.460;UN;401489;ESTRIBO NORMAL CU EST 2 4AWG;L2;Utilização livre depósito INVT;5,81;8.482,60;;;0,00000000000000;
GA02;2G-04-07B;53;UN;401755;ARRUELA RED ELET RIG AL 1P;L2;Utilização livre depósito INVT;0,54;28,62;;;0,00000000000000;
GA02;2G-04-07B;3.440;UN;404157;PLACA PVC 1MM  DIMENSÃO 250MMX180MM;L2;Utilização livre depósito INVT;23,16;79.670,40;;;0,00000000000000;
GA02;2G-04-07B;89;UN;404539;CONECTOR CU PARAF FEND CAB ATERR 35-95MM;L2;Utilização livre depósito INVT;16,19;1.440,91;;;0,00000000000000;
GA02;2G-04-07B;56;UN;404808;CONECTOR GRAMPO DUPLO ATERRA 5/8;L2;Utilização livre depósito INVT;27,04;1.514,24;;;0,00000000000000;
GA02;2G-04-07B;5;UN;404822;CONECTOR PARAFUSO FENDIDO KS 150MM;L2;Utilização livre depósito INVT;20,51;102,55;;;0,00000000000000;
GA02;2G-04-07C;9.940;UN;404157;PLACA PVC 1MM  DIMENSÃO 250MMX180MM;L2;Utilização livre depósito INVT;23,16;230.210,40;;;0,00000000000000;
GA02;2G-04-07D;3.642;UN;401451;CONECTOR CUNHA ESTRIBO 1/0 2/0 4/0 AWG;L2;Utilização livre depósito INVT;23,65;86.133,30;;;0,00000000000000;
GA02;2G-04-07E;768;UN;404084;ESPACADOR LOSANG CLASSE 15KV C/ GARRAS;L2;Utilização livre depósito INVT;22,91;17.594,88;;;0,00000000000000;
GA02;2G-04-08A;259;UN;400527;CONECTOR DER CUNHA AL 4-2AWG 2AWG;L2;Utilização livre depósito INVT;8,29;2.147,11;;;0,00000000000000;
GA02;2G-04-08A;63;UN;403377;FITA ISOL ELET 19MMX20M 0,19MM VD;L2;Utilização livre depósito INVT;53,59;3.376,17;;;0,00000000000000;
GA02;2G-04-08A;643;UN;407127;TERMINAL COMP OLHAL BIMETÁLICO 50MM2;L2;Utilização livre depósito INVT;25,31;16.274,33;;;0,00000000000000;
GA02;2G-04-08A;5.223;UN;407129;CONECTOR PARAF FENDIDO BIMETAL PFB-25;L2;Utilização livre depósito INVT;8,28;43.246,44;;;0,00000000000000;
GA02;2G-04-08B;160;UN;402155;CONECTOR DER CUNHA AL 2AWG 336,4MCM;L2;Utilização livre depósito INVT;10,10;1.616,00;;;0,00000000000000;
GA02;2G-04-08B;194;UN;402185;CONECTOR DER CUNHA ESTRIBO 336,4 MCM;L2;Utilização livre depósito INVT;41,07;7.967,58;;;0,00000000000000;
GA02;2G-04-08B;80;UN;404805;CONECTOR ESTRIBO CUNHA 1/0-2/0AWG;L2;Utilização livre depósito INVT;13,60;1.088,00;;;0,00000000000000;
GA02;2G-04-08B;853;UN;801114;ELO FUSIVEL BOTAO DISTRIB K 20A 500MM;F3;Utilização livre depósito CUST;5,83;4.972,99;;;0,00000000000000;
GA02;2G-04-08C;6.750;UN;402934;CONECTOR PERF 4-70 MM2 PADRAO ENTRADA;L2;Utilização livre depósito INVT;7,41;50.017,50;;;0,00000000000000;
GA02;2G-04-08C;7.300;UN;407127;TERMINAL COMP OLHAL BIMETÁLICO 50MM2;L2;Utilização livre depósito INVT;25,31;184.763,00;;;0,00000000000000;
GA02;2G-04-08D;16.000;UN;407127;TERMINAL COMP OLHAL BIMETÁLICO 50MM2;L2;Utilização livre depósito INVT;25,31;404.960,00;;;0,00000000000000;
GA02;2G-04-09A;553;UN;400111;ISOLADOR CAST PORC 13,8KV 90MM 3400DAN;L2;Utilização livre depósito INVT;5,57;3.080,21;;;0,00000000000000;
GA02;2G-04-09A;1.086;UN;401323;TERMINAL PINO TUBULAR 120MM2;L2;Utilização livre depósito INVT;11,65;12.651,90;;;0,00000000000000;
GA02;2G-04-09A;929;UN;405482;TERMINAL COMPRESSAO OLHAL ESTANHAD 95MM2;L2;Utilização livre depósito INVT;11,74;10.906,46;;;0,00000000000000;
GA02;2G-04-09A;2.208;UN;405493;TERMINAL TUBULAR CU ESTANHADO 70MM3;L2;Utilização livre depósito INVT;6,39;14.109,12;;;0,00000000000000;
GA02;2G-04-09A;190;UN;409257;TERMINAL A COMP OLHAL BIMETALICO 120MM2;L2;Utilização livre depósito INVT;46,79;8.890,10;;;0,00000000000000;
GA02;2G-04-09B;1.397;UN;400507;CONECTOR PARAL AL 10-2/0AWG (6-70MM2);L2;Utilização livre depósito INVT;7,03;9.820,91;;;0,00000000000000;
GA02;2G-04-09B;14;UN;401034;CONECTOR DER CUNH AZ AL 4/0 2/0 336,4MCM;L2;Utilização livre depósito INVT;12,77;178,78;;;0,00000000000000;
GA02;2G-04-09B;156;UN;403559;CONECTOR TIPO CUNHA  35MM  1/0 AWG;L2;Utilização livre depósito INVT;10,85;1.692,60;;;0,00000000000000;
GA02;2G-04-09B;82;UN;403710;CONECTOR DER CUNHA 336MCM 2/0AWG;L2;Utilização livre depósito INVT;8,74;716,68;;;0,00000000000000;
GA02;2G-04-09B;1.100;UN;404222;TERMINAL PRE ISOL PIN TUB  6MM-10AWG AM;L2;Utilização livre depósito INVT;0,73;803,00;;;0,00000000000000;
GA02;2G-04-09B;18;UN;405984;CONECTOR PARAFUSO FENDIDO 50MM;L2;Utilização livre depósito INVT;0,01;0,18;;;0,00000000000000;
GA02;2G-04-09D;5.000;UN;405539;CONECTOR PERF PRINC 16-120 DER 4-36 1AMP;L2;Utilização livre depósito INVT;18,97;94.850,00;;;0,00000000000000;
GA02;2G-04-10A;167;UN;400534;CONECTOR CU PARAF FEND CAB ATERR 10-95MM;L2;Utilização livre depósito INVT;19,57;3.268,19;;;0,00000000000000;
GA02;2G-04-10A;15;UN;400797;CONECTOR DER CUNHA AL 2/0AWG 336,4MCM;L2;Utilização livre depósito INVT;22,44;336,60;;;0,00000000000000;
GA02;2G-04-10A;311;UN;401500;CONECTOR DER CUNHA AL 2/0AWG 4/0AWG;L2;Utilização livre depósito INVT;11,35;3.529,85;;;0,00000000000000;
GA02;2G-04-10A;75;UN;402085;CONECTOR DER CUNHA  2/0 1/0 2/0AWG;L2;Utilização livre depósito INVT;6,45;483,75;;;0,00000000000000;
GA02;2G-04-10A;75;UN;402230;CONECTOR DER CUNHA AL 1/0AWG 4/0AWG;L2;Utilização livre depósito INVT;10,87;815,25;;;0,00000000000000;
GA02;2G-04-10A;316;UN;402365;CONECTOR DER AL 1/0-4/0AWG 1/0-4/0AWG;L2;Utilização livre depósito INVT;20,00;6.320,00;;;0,00000000000000;
GA02;2G-04-10A;8.538;UN;403696;CONECTOR CB-BAR 35MM2;L2;Utilização livre depósito INVT;9,27;79.147,26;;;0,00000000000000;
GA02;2G-04-10A;112;UN;403807;TERMINAL PRESSAO CU 95MM2 C/SAPATA;L2;Utilização livre depósito INVT;64,13;7.182,56;;;0,00000000000000;
GA02;2G-04-10A;288;UN;407128;TERMINAL COMP OLHAL BIMETÁLICO 95MM2;L2;Utilização livre depósito INVT;24,47;7.047,36;;;0,00000000000000;
GA02;2G-04-10B;2.250;UN;400793;CONECTOR PERF SIMP 6-35 / 6-35MM2;L2;Utilização livre depósito INVT;10,89;24.502,50;;;0,00000000000000;
GA02;2G-04-10B;68.066;UN;401773;TERMINAL TUBULAR CU ESTANHADO 10MM2;L2;Utilização livre depósito INVT;1,08;73.511,28;;;0,00000000000000;
GA02;2G-04-10B;50.000;UN;404040;ABRACADEIRA PLAS UV 150X3,50MM;L2;Utilização livre depósito INVT;0,14;7.000,00;;;0,00000000000000;
GA02;2G-04-10D;14.400;UN;407127;TERMINAL COMP OLHAL BIMETÁLICO 50MM2;L2;Utilização livre depósito INVT;25,31;364.464,00;;;0,00000000000000;
GA02;2G-04-10E;1.000;UN;401116;ISOLADOR ANCOR POLIM 15KV 5000DAN;L2;Utilização livre depósito INVT;36,55;36.550,00;;;0,00000000000000;
GA02;2G-04-11A;237;UN;401050;CONECTORES CUNHA 1/0AWG-50MM2 2AWG-25MM2;L2;Utilização livre depósito INVT;3,87;917,19;;;0,00000000000000;
GA02;2G-04-11A;9.600;UN;401285;TERMINAL TUBULAR COMPRESSAO 70MM2;L2;Utilização livre depósito INVT;6,15;59.040,00;;;0,00000000000000;
GA02;2G-04-11A;1.453;UN;402646;ABRACADEIRA PA 250X9,0X3,00MM;L2;Utilização livre depósito INVT;0,46;668,38;;;0,00000000000000;
GA02;2G-04-11A;8.581;UN;403961;ABRACADEIRA PA 200X2,5MM;L2;Utilização livre depósito INVT;0,04;343,24;;;0,00000000000000;
GA02;2G-04-11A;52.098;UN;404040;ABRACADEIRA PLAS UV 150X3,50MM;L2;Utilização livre depósito INVT;0,14;7.293,72;;;0,00000000000000;
GA02;2G-04-11A;97;UN;409203;LUVA DE EMENDA TORQUIMÉTRICO 185MM2;L2;Utilização livre depósito INVT;317,00;30.749,00;;;0,00000000000000;
GA02;2G-04-11B;779;UN;400778;CONECTOR DER AL 2(7) 1(7) 2AWG;L2;Utilização livre depósito INVT;5,26;4.097,54;;;0,00000000000000;
GA02;2G-04-11B;344;UN;401451;CONECTOR CUNHA ESTRIBO 1/0 2/0 4/0 AWG;L2;Utilização livre depósito INVT;23,65;8.135,60;;;0,00000000000000;
GA02;2G-04-11C;291;UN;404733;CONECTOR CUNHA  ESTRIBO 50MM2 70MM2;L2;Utilização livre depósito INVT;38,60;11.232,60;;;0,00000000000000;
GA02;2G-04-11D;3.560;UN;400778;CONECTOR DER AL 2(7) 1(7) 2AWG;L2;Utilização livre depósito INVT;5,26;18.725,60;;;0,00000000000000;
GA02;2G-04-11E;1.000;UN;401116;ISOLADOR ANCOR POLIM 15KV 5000DAN;L2;Utilização livre depósito INVT;36,55;36.550,00;;;0,00000000000000;
GA02;2G-04-12A;23;UN;400133;LUVA EMENDA COMPR CB MAGNOLIA 954MCM;L2;Utilização livre depósito INVT;538,90;12.394,70;;;0,00000000000000;
GA02;2G-04-12A;900;UN;401471;CONECTOR CUN ESTRIBO 1/0 2/0AWG C/ CARTU;L2;Utilização livre depósito INVT;31,73;28.557,00;;;0,00000000000000;
GA02;2G-04-12A;719;UN;403558;CONECTOR TIPO CUNHA  50MM  1/0 AWG;L2;Utilização livre depósito INVT;10,83;7.786,77;;;0,00000000000000;
GA02;2G-04-12A;18.483;UN;405488;TERMINAL COMPRESSAO OLHAL ESTAN 10MM2 M6;L2;Utilização livre depósito INVT;0,94;17.374,02;;;0,00000000000000;
GA02;2G-04-12A;11.401;UN;405489;TERMINAL COMPRESSAO OLHAL ESTAN 16MM2 M6;L2;Utilização livre depósito INVT;1,51;17.215,51;;;0,00000000000000;
GA02;2G-04-12A;525;UN;405495;TERMINAL COMPRESSAO OLHAL ESTANHAD 35MM2;L2;Utilização livre depósito INVT;2,99;1.569,75;;;0,00000000000000;
GA02;2G-04-12B;616;UN;400531;CONECTOR DER CUNHA AL VER 2AWG;L2;Utilização livre depósito INVT;2,63;1.620,08;;;0,00000000000000;
GA02;2G-04-12B;3.733;UN;400809;CARTUCHO FP MET P/CUNHA VM FEST CALIB 22;L2;Utilização livre depósito INVT;1,63;6.084,79;;;0,00000000000000;
GA02;2G-04-12B;549;UN;401449;CONECTOR CUNHA AL 4/0(2) AWG;L2;Utilização livre depósito INVT;4,34;2.382,66;;;0,00000000000000;
GA02;2G-04-12B;46;UN;401463;CONECTOR DER CUNHA AL 2/0-3/0 1/0-2AWG;L2;Utilização livre depósito INVT;6,27;288,42;;;0,00000000000000;
GA02;2G-04-12B;10.024;UN;401870;CARTUCHO MET P/CUNHA AZ FEST CALIB 22;L2;Utilização livre depósito INVT;1,02;10.224,48;;;0,00000000000000;
GA02;2G-04-12B;1.045;UN;401874;CARTUCHO MET P/CUNHA AM FEST CALIB 22;L2;Utilização livre depósito INVT;1,27;1.327,15;;;0,00000000000000;
GA02;2G-04-12B;548;UN;401895;CONECTOR DER CUNHA AL 70MM2;L2;Utilização livre depósito INVT;4,23;2.318,04;;;0,00000000000000;
GA02;2G-04-12B;653;UN;403683;CONECTOR DER CUNHA AZ AL 336,4MCM 2/0AWG;L2;Utilização livre depósito INVT;7,73;5.047,69;;;0,00000000000000;
GA02;2G-04-12D;4.800;UN;400778;CONECTOR DER AL 2(7) 1(7) 2AWG;L2;Utilização livre depósito INVT;5,26;25.248,00;;;0,00000000000000;
GA02;2G-04-13A;831;UN;400532;CONECTOR DER CUNHA AL 2AWG 1/0AWG;L2;Utilização livre depósito INVT;2,65;2.202,15;;;0,00000000000000;
GA02;2G-04-13A;1.660;UN;401694;TERMINAL COMPRESSAO OLHAL CU 95MM2;L2;Utilização livre depósito INVT;8,89;14.757,40;;;0,00000000000000;
GA02;2G-04-13A;1.321;UN;402059;CONECTOR PARAL AL 1/0AWG;L2;Utilização livre depósito INVT;31,31;41.360,51;;;0,00000000000000;
GA02;2G-04-13B;2.174;UN;402260;CONECTOR CUNHA CU 5/8P 25-35MM;L2;Utilização livre depósito INVT;4,94;10.739,56;;;0,00000000000000;
GA02;2G-04-13B;5.328;UN;402268;CONECTOR CUNHA S/CART 25X25-0MM2 CCR III;L2;Utilização livre depósito INVT;0,86;4.582,08;;;0,00000000000000;
GA02;2G-04-13B;1.631;UN;402354;CONECTOR CUNHA AT AL VM 25-50MM2;L2;Utilização livre depósito INVT;5,25;8.562,75;;;0,00000000000000;
GA02;2G-04-14A;1.412;UN;402587;FITA ISOL EPR 0,76X19MM 10M PT;L2;Utilização livre depósito INVT;29,70;41.936,40;;;0,00000000000000;
GA02;2G-04-14A;597;UN;801311;CONECTOR DER CUNHA AM AL 4/0AWG 336,4MCM;F3;Utilização livre depósito CUST;30,18;18.017,46;;;0,00000000000000;
GA02;2G-04-14B;92;UN;401116;ISOLADOR ANCOR POLIM 15KV 5000DAN;L2;Utilização livre depósito INVT;36,55;3.362,60;;;0,00000000000000;
GA02;2G-04-14D;9.900;UN;401449;CONECTOR CUNHA AL 4/0(2) AWG;L2;Utilização livre depósito INVT;4,34;42.966,00;;;0,00000000000000;
GA02;2G-04-14E;1.000;UN;401105;LACO LATERAL DUPLO 4/0AWG;L2;Utilização livre depósito INVT;3,21;3.210,00;;;0,00000000000000;
GA02;2G-04-14E;202.496;UN;402027;TERMINAL TUBULAR CU ESTANHADO 16MM2 AZ;L2;Utilização livre depósito INVT;1,29;261.219,84;;;0,00000000000000;
GA02;2G-04-15E;628;UN;408172;ALCA PREFORM CABO CONC 3X95 +50;L2;Utilização livre depósito INVT;20,21;12.691,88;;;0,00000000000000;
GA02;2G-04-16A;12;UN;802246;CONECTOR PERF 50-185MM2 15KV COM ESTRIBO;F3;Utilização livre depósito CUST;165,38;1.984,56;;;0,00000000000000;
GA02;2G-04-16A;292;UN;805459;CONECTOR PERF 50-185MM2 15KV COM ESTRIBO;F3;Utilização livre depósito CUST;164,72;48.098,24;;;0,00000000000000;
GA02;2G-04-16B;7.500;UN;400793;CONECTOR PERF SIMP 6-35 / 6-35MM2;L2;Utilização livre depósito INVT;10,89;81.675,00;;;0,00000000000000;
GA02;2G-04-17A;1.167;UN;401155;PARAFUSO CAB QD AC 16MM 500MM;L2;Utilização livre depósito INVT;14,63;17.073,21;;;0,00000000000000;
GA02;2G-04-17B;1.600;UN;404741;CONECTOR PERF 15KV 35-70/6,1MM ESTRIBO;L2;Utilização livre depósito INVT;68,87;110.192,00;;;0,00000000000000;
GA02;2G-04-17C;1.600;UN;404741;CONECTOR PERF 15KV 35-70/6,1MM ESTRIBO;L2;Utilização livre depósito INVT;68,87;110.192,00;;;0,00000000000000;
GA02;2G-04-17D;1.600;UN;404741;CONECTOR PERF 15KV 35-70/6,1MM ESTRIBO;L2;Utilização livre depósito INVT;68,87;110.192,00;;;0,00000000000000;
GA02;2G-04-18A;1.040;UN;400954;PARAFUSO CAB QD MAQ AC 5/8X20P;L2;Utilização livre depósito INVT;18,95;19.708,00;;;0,00000000000000;
GA02;2G-04-18A;362;UN;404740;CONECTOR PERF 15KV 35-70 / 35-70MM2;L2;Utilização livre depósito INVT;77,04;27.888,48;;;0,00000000000000;
GA02;2G-04-18A;494;UN;805459;CONECTOR PERF 50-185MM2 15KV COM ESTRIBO;F3;Utilização livre depósito CUST;164,72;81.371,68;;;0,00000000000000;
GA02;2G-04-18D;1.600;UN;404741;CONECTOR PERF 15KV 35-70/6,1MM ESTRIBO;L2;Utilização livre depósito INVT;68,87;110.192,00;;;0,00000000000000;
GA02;2G-04-19A;139;UN;400655;GRAMPO ANCOR CUNHA AL 185MM2 400DAN;L2;Utilização livre depósito INVT;42,78;5.946,42;;;0,00000000000000;
GA02;2G-04-19A;191;UN;404741;CONECTOR PERF 15KV 35-70/6,1MM ESTRIBO;L2;Utilização livre depósito INVT;68,87;13.154,17;;;0,00000000000000;
GA02;2G-04-19A;874;UN;800215;ARRUELA LIS 3/8P 1119;F3;Utilização livre depósito CUST;0,44;384,56;;;0,00000000000000;
GA02;2G-04-19A;83;UN;801331;ESTRIBO BRACO L AC 200DAN;F3;Utilização livre depósito CUST;23,18;1.923,94;;;0,00000000000000;
GA02;2G-04-19D;1.000;UN;401116;ISOLADOR ANCOR POLIM 15KV 5000DAN;L2;Utilização livre depósito INVT;36,55;36.550,00;;;0,00000000000000;
GA02;2G-04-20A;17;UN;401116;ISOLADOR ANCOR POLIM 15KV 5000DAN;L2;Utilização livre depósito INVT;36,55;621,35;;;0,00000000000000;
GA02;2G-04-20A;105;UN;800239;ALCA PREFORM SERV CA 25MM2 330MM;F3;Utilização livre depósito CUST;2,07;217,35;;;0,00000000000000;
GA02;2G-04-20A;86;UN;804115;CAIXA PARA MEDIDOR POLIFASICA VIS. VIDRO;F3;Utilização livre depósito CUST;63,31;5.444,66;;;0,00000000000000;
GA02;2G-04-20D;495;UN;402672;ARAME GALV 14AWG;L2;Utilização livre depósito INVT;23,11;11.439,45;;;0,00000000000000;
GA02;2G-05-03A;28;UN;401864;GANCHO OLHAL AC 17MM 7000KGF;L2;Utilização livre depósito INVT;3,49;97,72;;;0,00000000000000;
GA02;2G-05-03A;963;UN;800499;MAO-FRANCESA NORMAL AC 710X32X6,5MM;F3;Utilização livre depósito CUST;9,42;9.071,46;;;0,00000000000000;
GA02;2G-05-03B;151;UN;401096;PARAFUSO CAB ABA AC PESC QD 5/8X2.1/2P;L2;Utilização livre depósito INVT;8,04;1.214,04;;;0,00000000000000;
GA02;2G-05-03B;32;UN;401455;CONECTOR PARALELO AL 1/0-336,4CA/CAA;L2;Utilização livre depósito INVT;0,01;0,32;;;0,00000000000000;
GA02;2G-05-03B;356;UN;401933;PARAFUSO SXT 7/16 S/PORCA;L2;Utilização livre depósito INVT;0,97;345,32;;;0,00000000000000;
GA02;2G-05-03B;1.559;UN;402128;PARAFUSO CAB SXT LIGA AC 1/2X1.1/2P;L2;Utilização livre depósito INVT;9,29;14.483,11;;;0,00000000000000;
GA02;2G-05-03B;116;UN;403709;LUVA EMENDA COMPR CU 120MM2;L2;Utilização livre depósito INVT;3,92;454,72;;;0,00000000000000;
GA02;2G-05-03B;6;CJ;404737;TERMINAL CHAVE SEC 1F 15KV 35-120MM2;L2;Utilização livre depósito INVT;112,00;672,00;;;0,00000000000000;
GA02;2G-05-03B;186;UN;405482;TERMINAL COMPRESSAO OLHAL ESTANHAD 95MM2;L2;Utilização livre depósito INVT;11,74;2.183,64;;;0,00000000000000;
GA02;2G-05-03C;25;UN;120052;CAPA CHUVA IMPERMEAVEL M;F3;Utilização livre depósito CUST;65,00;1.625,00;;;0,00000000000000;
GA02;2G-05-03C;7;UN;120140;CAPA CHUVA IMPERMEAVEL G;F3;Utilização livre depósito CUST;65,00;455,00;;;0,00000000000000;
GA02;2G-05-03C;3;UN;120259;CALCA RESIST ARCO ELET/CHAMA 38;F3;Utilização livre depósito CUST;158,87;476,61;;;0,00000000000000;
GA02;2G-05-03C;4;UN;120260;CALCA RESIST ARCO ELET/CHAMA 40;F3;Utilização livre depósito CUST;158,87;635,48;;;0,00000000000000;
GA02;2G-05-03C;8;UN;120276;CAPA CHUVA IMPERMEAVEL GG;F3;Utilização livre depósito CUST;65,00;520,00;;;0,00000000000000;
GA02;2G-05-03C;8;UN;120335;CAMISA GG RESIST ARCO ELE/CHAMA ATPV 9.0;F3;Utilização livre depósito CUST;159,09;1.272,72;;;0,00000000000000;
GA02;2G-05-03C;17;UN;120336;CAMISA EG RESIST ARCO ELE/CHAMA ATPV 9.0;F3;Utilização livre depósito CUST;155,59;2.645,03;;;0,00000000000000;
GA02;2G-05-03C;10;UN;120343;CALCA RESIST ARCO ELET/CHAMA 46 ATPV 9.0;F3;Utilização livre depósito CUST;158,87;1.588,70;;;0,00000000000000;
GA02;2G-05-03C;4;UN;120349;CALCA RESIST ARCO ELET/CHAMA 58 ATPV 9.0;F3;Utilização livre depósito CUST;109,34;437,36;;;0,00000000000000;
GA02;2G-05-03D;98;UN;400635;CONECTOR CUNHA 6,20-11,32MMX1, 36-5,10MM;L2;Utilização livre depósito INVT;1,74;170,52;;;0,00000000000000;
GA02;2G-05-03D;443;UN;402672;ARAME GALV 14AWG;L2;Utilização livre depósito INVT;23,11;10.237,73;;;0,00000000000000;
GA02;2G-05-03D;5.552;UN;404011;BUCHA PVC DIAMETRO  1 POL  COM ARRUELA;L2;Utilização livre depósito INVT;1,73;9.604,96;;;0,00000000000000;
GA02;2G-05-03E;192;UN;409376;CAIXA PARA MEDIDOR POLIFASICA VIS. VIDRO;L2;Utilização livre depósito INVT;63,31;12.155,52;;;0,00000000000000;
GA02;2G-05-04A;963;UN;400130;LACO PREF ROLD CA 4/0AWG LJ;L2;Utilização livre depósito INVT;2,98;2.869,74;;;0,00000000000000;
GA02;2G-05-04A;24;UN;400588;EMENDA PREF COND AL 4/0AWG AM 1295MM;L2;Utilização livre depósito INVT;57,14;1.371,36;;;0,00000000000000;
GA02;2G-05-04A;67;UN;400989;PORCA OLHAL AC 16MM BSW;L2;Utilização livre depósito INVT;7,81;523,27;;;0,00000000000000;
GA02;2G-05-04A;122;UN;402127;PARAFUSO CAB ABA AC 16MM 45MM;L2;Utilização livre depósito INVT;4,40;536,80;;;0,00000000000000;
GA02;2G-05-04A;48;UN;800337;EMENDA PREF COND AL 4/0AWG AM 1295MM;F3;Utilização livre depósito CUST;66,93;3.212,64;;;0,00000000000000;
GA02;2G-05-04B;2.935;UN;400669;ARRUELA LIS AC PARAF 1/4P;L2;Utilização livre depósito INVT;0,04;117,40;;;0,00000000000000;
GA02;2G-05-04B;129;UN;401191;TERMINAL COMPRESSAO OLHAL CU 240MM2;L2;Utilização livre depósito INVT;11,80;1.522,20;;;0,00000000000000;
GA02;2G-05-04B;193;UN;401218;LUVA EMENDA COMPR 185MM2;L2;Utilização livre depósito INVT;6,16;1.188,88;;;0,00000000000000;
GA02;2G-05-04B;2.361;UN;401371;ARRUELA PRES AC PARAF 3/8P 5/8P;L2;Utilização livre depósito INVT;0,54;1.274,94;;;0,00000000000000;
GA02;2G-05-04B;12;UN;401372;TERMINAL PRESSAO CU 120MM2 C/SAPATA;L2;Utilização livre depósito INVT;11,31;135,72;;;0,00000000000000;
GA02;2G-05-04B;736;UN;401907;PORCA SEXT AC 1/2P WW;L2;Utilização livre depósito INVT;0,71;522,56;;;0,00000000000000;
GA02;2G-05-04B;8;UN;402036;TERMINAL PRESSAO CU 150MM2 C/SAPATA;L2;Utilização livre depósito INVT;0,36;2,88;;;0,00000000000000;
GA02;2G-05-04B;4.062;UN;402172;PORCA SEXT AI304 3/8P UNC;L2;Utilização livre depósito INVT;0,43;1.746,66;;;0,00000000000000;
GA02;2G-05-04B;156;UN;402774;LUVA EMENDA CABO AL 35 MM2;L2;Utilização livre depósito INVT;3,63;566,28;;;0,00000000000000;
GA02;2G-05-04B;6.418;UN;404220;TERMINAL DE PRESSÃO 4MM2;L2;Utilização livre depósito INVT;5,33;34.207,94;;;0,00000000000000;
GA02;2G-05-04B;10.660;UN;404221;TERMINAL DE PRESSÃO 6MM2;L2;Utilização livre depósito INVT;5,18;55.218,80;;;0,00000000000000;
GA02;2G-05-04B;80;UN;405480;TERMINAL COMPRESSAO OLHAL ESTANHAD 50MM2;L2;Utilização livre depósito INVT;0,67;53,60;;;0,00000000000000;
GA02;2G-05-04B;1.800;UN;406535;TERMINAL PINO PRÉ-ISOL. 2,5MM AZ;L2;Utilização livre depósito INVT;0,30;540,00;;;0,00000000000000;
GA02;2G-05-04C;20;UN;120141;CALCA RESIST ARCO ELET/CHAMA 44;F3;Utilização livre depósito CUST;158,87;3.177,40;;;0,00000000000000;
GA02;2G-05-04C;8;UN;120332;CAMISA P RESIST ARCO ELET/CHAMA ATPV 9.0;F3;Utilização livre depósito CUST;159,09;1.272,72;;;0,00000000000000;
GA02;2G-05-04C;11;UN;120334;CAMISA G RESIST ARCO ELET/CHAMA ATPV 9.0;F3;Utilização livre depósito CUST;159,09;1.749,99;;;0,00000000000000;
GA02;2G-05-04C;6;UN;120344;CALCA RESIST ARCO ELET/CHAMA 48 ATPV 9.0;F3;Utilização livre depósito CUST;158,87;953,22;;;0,00000000000000;
GA02;2G-05-04C;7;UN;120347;CALCA RESIST ARCO ELET/CHAMA 54 ATPV 9.0;F3;Utilização livre depósito CUST;126,60;886,20;;;0,00000000000000;
GA02;2G-05-04D;2.138;UN;401620;LACO PREF ROLD CA 2/0AWG LJ;L2;Utilização livre depósito INVT;2,91;6.221,58;;;0,00000000000000;
GA02;2G-05-04D;1;PEÇ;407130;RELIGADOR 1F AUTOMATICO 15KV 200A 6,3kA;L2;Utilização livre depósito INVT;14.945,42;14.945,42;;;0,00000000000000;
GA02;2G-05-04E;192;UN;409376;CAIXA PARA MEDIDOR POLIFASICA VIS. VIDRO;L2;Utilização livre depósito INVT;63,31;12.155,52;;;0,00000000000000;
GA02;2G-05-05A;128;UN;401620;LACO PREF ROLD CA 2/0AWG LJ;L2;Utilização livre depósito INVT;2,91;372,48;;;0,00000000000000;
GA02;2G-05-05A;207;UN;402373;ESTRIBO BRACO L-EST-01 FOFO 200DAN;L2;Utilização livre depósito INVT;12,46;2.579,22;;;0,00000000000000;
GA02;2G-05-05A;560;UN;403515;ABRACADEIRA BAP 3 1200MMX381MM PARAF;L2;Utilização livre depósito INVT;13,85;7.756,00;;;0,00000000000000;
GA02;2G-05-05B;257;UN;400137;LACO PREF CA 2AWG PESC 57MM PURPURA;L2;Utilização livre depósito INVT;3,15;809,55;;;0,00000000000000;
GA02;2G-05-05B;16;UN;401120;LUVA EMENDA COMPR AL 240MM2;L2;Utilização livre depósito INVT;11,69;187,04;;;0,00000000000000;
GA02;2G-05-05B;89;UN;403849;PRENSA CABO 3/4P AL C/BUCHA NEOP;L2;Utilização livre depósito INVT;5,68;505,52;;;0,00000000000000;
GA02;2G-05-05B;1.144;UN;403945;LUVA PRE-ISOLADA EMEND CABO 2,5MM2 COMPR;L2;Utilização livre depósito INVT;25,26;28.897,44;;;0,00000000000000;
GA02;2G-05-05B;110;UN;404743;LUVA EMENDA CABO ISOLADO 10MM;L2;Utilização livre depósito INVT;1,64;180,40;;;0,00000000000000;
GA02;2G-05-05B;273;UN;404744;LUVA EMENDA CABO ISOLADO 16MM;L2;Utilização livre depósito INVT;2,21;603,33;;;0,00000000000000;
GA02;2G-05-05B;237;UN;405484;LUVA EMENDA CABO AL COB 70MM2;L2;Utilização livre depósito INVT;12,16;2.881,92;;;0,00000000000000;
GA02;2G-05-05C;16;UN;120042;CINTO SEG PARA-QUEDISTA TAM 2;F3;Utilização livre depósito CUST;876,09;14.017,44;;;0,00000000000000;
GA02;2G-05-05C;6;PAR;120128;PERNEIRA SEG COU SINT 15MM;F3;Utilização livre depósito CUST;44,87;269,22;;;0,00000000000000;
GA02;2G-05-05C;1;UN;120170;CAPACETE SEG ABA FRONT B BR PEAD;F3;Utilização livre depósito CUST;51,40;51,40;;;0,00000000000000;
GA02;2G-05-05C;2;UN;120182;CAMISA M RESIST ARCO ELET/CHAMA ATPV 9.0;F3;Utilização livre depósito CUST;158,21;316,42;;;0,00000000000000;
GA02;2G-05-05C;7;UN;120348;CALCA RESIST ARCO ELET/CHAMA 56 ATPV 9.0;F3;Utilização livre depósito CUST;113,65;795,55;;;0,00000000000000;
GA02;2G-05-05D;1.210;UN;401952;LACO PREF TOPO DUPLO CA 336,4MCM VM;L2;Utilização livre depósito INVT;2,18;2.637,80;;;0,00000000000000;
GA02;2G-05-05E;192;UN;409376;CAIXA PARA MEDIDOR POLIFASICA VIS. VIDRO;L2;Utilização livre depósito INVT;63,31;12.155,52;;;0,00000000000000;
GA02;2G-05-06A;1.164;UN;400855;EMENDA PREF COND AL 1/0 AWG 965MM;L2;Utilização livre depósito INVT;19,14;22.278,96;;;0,00000000000000;
GA02;2G-05-06B;684;UN;400683;ALCA PREFORM SERV 16MM2 5,0-5,7MM2;L2;Utilização livre depósito INVT;1,94;1.326,96;;;0,00000000000000;
GA02;2G-05-06B;423;UN;401090;LACO LATERAL DUPLO CA 2AWG;L2;Utilização livre depósito INVT;3,14;1.328,22;;;0,00000000000000;
GA02;2G-05-06B;96;PEÇ;406859;ALCA PREFORM 70MM2;L2;Utilização livre depósito INVT;6,79;651,84;;;0,00000000000000;
GA02;2G-05-06C;17;UN;120114;CARNEIRA AJUST PEBD CZ;F3;Utilização livre depósito CUST;26,98;458,66;;;0,00000000000000;
GA02;2G-05-06C;463;UN;120452;LUVA ALGODAO M;F3;Utilização livre depósito CUST;2,55;1.180,65;;;0,00000000000000;
GA02;2G-05-06C;12;UN;802944;LUVA ALGODAO M;F3;Utilização livre depósito CUST;2,52;30,24;;;0,00000000000000;
GA02;2G-05-06C;3;UN;803818;BOLSA P/FERRAMENTAS EM LONA (REFORÇADA);F3;Utilização livre depósito CUST;141,01;423,03;;;0,00000000000000;
GA02;2G-05-06D;1.151;UN;400651;GRAMPO ANCOR CABO 477MCM 8000KGF;L2;Utilização livre depósito INVT;6,84;7.872,84;;;0,00000000000000;
GA02;2G-05-06D;594;UN;400667;ALCA PREFORM COND CONC 10MM2;L2;Utilização livre depósito INVT;2,36;1.401,84;;;0,00000000000000;
GA02;2G-05-06E;192;UN;409376;CAIXA PARA MEDIDOR POLIFASICA VIS. VIDRO;L2;Utilização livre depósito INVT;63,31;12.155,52;;;0,00000000000000;
GA02;2G-05-07A;1.486;UN;402327;ESTRIBO BRACO L AC 200DAN;L2;Utilização livre depósito INVT;21,73;32.290,78;;;0,00000000000000;
GA02;2G-05-07B;50;UN;400017;TERMINAL PRE ISOL PINO TUBULAR 95MM2 AZ;L2;Utilização livre depósito INVT;2,03;101,50;;;0,00000000000000;
GA02;2G-05-07B;2.036;UN;402005;TERMINAL COMPRESSAO OLHAL 120MM2 1F;L2;Utilização livre depósito INVT;5,84;11.890,24;;;0,00000000000000;
GA02;2G-05-07B;1.249;UN;402783;LUVA PRE-ISOLADA EMENDA CABO CU 6,0MM2;L2;Utilização livre depósito INVT;0,18;224,82;;;0,00000000000000;
GA02;2G-05-07B;1.148;UN;402888;TERMINAL PRE-ISOLADO ENC AM 4-6MM2;L2;Utilização livre depósito INVT;0,20;229,60;;;0,00000000000000;
GA02;2G-05-07B;2.453;UN;403572;PRENSA CABO NYLON CURTO 1/2P;L2;Utilização livre depósito INVT;3,75;9.198,75;;;0,00000000000000;
GA02;2G-05-07B;900;UN;404224;TERMINAL ISOL TIPO PINO 2,5MM AZ;L2;Utilização livre depósito INVT;0,12;108,00;;;0,00000000000000;
GA02;2G-05-07B;3.297;UN;404250;TERMINAL PINO TUBULAR 4,0MM2;L2;Utilização livre depósito INVT;0,36;1.186,92;;;0,00000000000000;
GA02;2G-05-07B;659;UN;404441;TERMINAL PRE-ISOL PINO 6MM2 LING OLHAL;L2;Utilização livre depósito INVT;0,75;494,25;;;0,00000000000000;
GA02;2G-05-07B;3.718;UN;405490;TERMINAL COMPRESSAO OLHAL ESTAN 25MM2 M6;L2;Utilização livre depósito INVT;2,61;9.703,98;;;0,00000000000000;
GA02;2G-05-07B;67;UN;406533;TERMINAL TIPO OLHAL PRÉ-ISOL. 4MMx6MM AM;L2;Utilização livre depósito INVT;0,01;0,67;;;0,00000000000000;
GA02;2G-05-07C;27;PAR;120007;LUVA COBERTURA VAQ 345MM;F3;Utilização livre depósito CUST;32,08;866,16;;;0,00000000000000;
GA02;2G-05-07C;37;PAR;120065;LUVA VAQUETA G;F3;Utilização livre depósito CUST;19,57;724,09;;;0,00000000000000;
GA02;2G-05-07C;8;UN;120068;OCULOS SEG VISOR 100 PC S/ARM ANT INC;F3;Utilização livre depósito CUST;8,41;67,28;;;0,00000000000000;
GA02;2G-05-07C;2;PAR;120092;LUVA VAQUETA M;F3;Utilização livre depósito CUST;18,19;36,38;;;0,00000000000000;
GA02;2G-05-07C;93;UN;120100;OCULOS SEG VISOR 100 PC S/ARM ANT CZ;F3;Utilização livre depósito CUST;14,90;1.385,70;;;0,00000000000000;
GA02;2G-05-07C;3;UN;120188;OCULOS SEG PC CZ LENTE OPTIC;F3;Utilização livre depósito CUST;8,59;25,77;;;0,00000000000000;
GA02;2G-05-07C;5;UN;120297;OCULOS SEG SOBREPOR;F3;Utilização livre depósito CUST;8,59;42,95;;;0,00000000000000;
GA02;2G-05-07D;2.200;UN;401105;LACO LATERAL DUPLO 4/0AWG;L2;Utilização livre depósito INVT;3,21;7.062,00;;;0,00000000000000;
GA02;2G-05-07E;192;UN;409376;CAIXA PARA MEDIDOR POLIFASICA VIS. VIDRO;L2;Utilização livre depósito INVT;63,31;12.155,52;;;0,00000000000000;
GA02;2G-05-08A;1.027;UN;403803;ALCA PREFORM CABO CONC  3X10 + 10;L2;Utilização livre depósito INVT;8,70;8.934,90;;;0,00000000000000;
GA02;2G-05-08B;24;UN;400782;COBERTURA PROT CONEC ESTRIB/GRAMP LV;L2;Utilização livre depósito INVT;61,51;1.476,24;;;0,00000000000000;
GA02;2G-05-08B;44;UN;401435;ALCA PREFORM CA/CAA 2AWG 6/1P 2AWG 625MM;L2;Utilização livre depósito INVT;5,74;252,56;;;0,00000000000000;
GA02;2G-05-08B;3.463;UN;401827;ALCA PREFORM SERV 10MM2 3,7-4,1MM2;L2;Utilização livre depósito INVT;1,65;5.713,95;;;0,00000000000000;
GA02;2G-05-08C;7.682;UN;400678;ALCA PREFORM SERV 35MM2 45MM2;L2;Utilização livre depósito INVT;1,09;8.373,38;;;0,00000000000000;
GA02;2G-05-08C;6.200;UN;403045;BUCHA C/ARRUELA PVC 1.1/2P;L2;Utilização livre depósito INVT;3,59;22.258,00;;;0,00000000000000;
GA02;2G-05-08E;192;UN;409376;CAIXA PARA MEDIDOR POLIFASICA VIS. VIDRO;L2;Utilização livre depósito INVT;63,31;12.155,52;;;0,00000000000000;
GA02;2G-05-09A;199;UN;401840;LACO PREF ROLD CA 336,4 MCM LARANJA;L2;Utilização livre depósito INVT;2,35;467,65;;;0,00000000000000;
GA02;2G-05-09B;212;UN;400851;EMENDA PREF COND AL 2/0 AWG 1016MM;L2;Utilização livre depósito INVT;22,43;4.755,16;;;0,00000000000000;
GA02;2G-05-09B;1.327;UN;402706;CONECTOR CUNHA 8,12-3,17MM 5,21-3,17MM;L2;Utilização livre depósito INVT;2,20;2.919,40;;;0,00000000000000;
GA02;2G-05-09C;500;UN;400848;LACO PREF DUPLO LATERAL 1/0AWG;L2;Utilização livre depósito INVT;6,50;3.250,00;;;0,00000000000000;
GA02;2G-05-09C;488;UN;800093;LACO PREF LATERAL DUPLO CA/CAA 336,4MCM;F3;Utilização livre depósito CUST;3,42;1.668,96;;;0,00000000000000;
GA02;2G-05-09D;2.018;UN;400860;LUVA EMENDA PREFORMADA LS -0118;L2;Utilização livre depósito INVT;9,45;19.070,10;;;0,00000000000000;
GA02;2G-05-09D;1.797;UN;401546;EMENDA PREF COND AL 2AWG 711MM;L2;Utilização livre depósito INVT;7,10;12.758,70;;;0,00000000000000;
GA02;2G-05-09E;192;UN;409376;CAIXA PARA MEDIDOR POLIFASICA VIS. VIDRO;L2;Utilização livre depósito INVT;63,31;12.155,52;;;0,00000000000000;
GA02;2G-05-10A;36.019;UN;400673;ARRUELA QD 50X50X3MM 18MM AC;L2;Utilização livre depósito INVT;1,39;50.066,41;;;0,00000000000000;
GA02;2G-05-10A;393;UN;400951;PARAFUSO MAQ CAB QD AC 5/8X24P;L2;Utilização livre depósito INVT;25,76;10.123,68;;;0,00000000000000;
GA02;2G-05-10B;58;UN;400122;LACO PREF TOPO CAA/CA 4/0AWG VM;L2;Utilização livre depósito INVT;2,03;117,74;;;0,00000000000000;
GA02;2G-05-10B;14;UN;401520;ALCA PREFORM DIST CA 477MCM CAA 336,4MCM;L2;Utilização livre depósito INVT;32,03;448,42;;;0,00000000000000;
GA02;2G-05-10B;76;UN;401916;LACO LATERAL PREF DUPLO 2/0AWG;L2;Utilização livre depósito INVT;3,08;234,08;;;0,00000000000000;
GA02;2G-05-10B;41;UN;402768;LACO ROLD PREF CA-CAA 3,09-4/0AWG;L2;Utilização livre depósito INVT;3,15;129,15;;;0,00000000000000;
GA02;2G-05-10C;4.607;UN;400351;ALCA PREFORM SERV 1X16+16MM2;L2;Utilização livre depósito INVT;0,94;4.330,58;;;0,00000000000000;
GA02;2G-05-10C;2.000;UN;403515;ABRACADEIRA BAP 3 1200MMX381MM PARAF;L2;Utilização livre depósito INVT;13,85;27.700,00;;;0,00000000000000;
GA02;2G-05-10D;1.280;UN;401840;LACO PREF ROLD CA 336,4 MCM LARANJA;L2;Utilização livre depósito INVT;2,35;3.008,00;;;0,00000000000000;
GA02;2G-05-10E;153;UN;409376;CAIXA PARA MEDIDOR POLIFASICA VIS. VIDRO;L2;Utilização livre depósito INVT;63,31;9.686,43;;;0,00000000000000;
GA02;2G-05-11B;1.672;UN;403739;PRENSA CABO 1.1/4P AL C/BUCHA NEOP;L2;Utilização livre depósito INVT;21,90;36.616,80;;;0,00000000000000;
GA02;2G-05-11B;600;UN;403770;PRENSA CABO 1.1/2P AL C/BUCHA NEOP NPT;L2;Utilização livre depósito INVT;30,70;18.420,00;;;0,00000000000000;
GA02;2G-05-11C;8.729;UN;404289;ABRACADEIRA U FE GALV 1 P;L2;Utilização livre depósito INVT;0,01;87,29;;;0,00000000000000;
GA02;2G-05-12A;17.690;UN;402353;ARRUELA LIS 3/8P 1119;L2;Utilização livre depósito INVT;0,44;7.783,60;;;0,00000000000000;
GA02;2G-05-12A;1.473;UN;800108;PARAFUSO CAB ABA AC 16MM 45MM;F3;Utilização livre depósito CUST;4,39;6.466,47;;;0,00000000000000;
GA02;2G-05-12B;809;UN;402120;ALCA PREFORM DIST CAA 336,4MCM VERDE;L2;Utilização livre depósito INVT;20,09;16.252,81;;;0,00000000000000;
GA02;2G-05-12C;39;UN;401358;TERMINAL OLHAL COMP P/ CABO COBRE 95MM;L2;Utilização livre depósito INVT;2,39;93,21;;;0,00000000000000;
GA02;2G-05-12C;228;UN;401608;PARA-RAIO DISTRIB POL 280V 10KA ISOL;L2;Utilização livre depósito INVT;50,42;11.495,76;;;0,00000000000000;
GA02;2G-05-12E;13.710;UN;400022;TERMINAL P/ CABO 2,5MM2 OLHAL FURO 4,3MM;L2;Utilização livre depósito INVT;0,67;9.185,70;;;0,00000000000000;
GA02;2G-05-12E;23.635;UN;401827;ALCA PREFORM SERV 10MM2 3,7-4,1MM2;L2;Utilização livre depósito INVT;1,65;38.997,75;;;0,00000000000000;
GA02;2G-05-12E;400;UN;402165;ARRUELA RED ELET RIG AL 1/2P ROS NPT;L2;Utilização livre depósito INVT;1,11;444,00;;;0,00000000000000;
GA02;2G-05-12E;1.281;UN;402456;TERMINAL OLHAL 4MM2 AM;L2;Utilização livre depósito INVT;0,78;999,18;;;0,00000000000000;
GA02;2G-05-12E;1.248;UN;402902;TERMINAL PRE-ISOL ENC MACH 1,5-2,5MM2 AZ;L2;Utilização livre depósito INVT;0,19;237,12;;;0,00000000000000;
GA02;2G-05-12E;1.480;UN;403641;ALCA PREFORM CABO CONC  3X16 + 16;L2;Utilização livre depósito INVT;10,32;15.273,60;;;0,00000000000000;
GA02;2G-05-12E;1.633;UN;408877;TERMINAL COBRE FEMEA 1.5-2.5MM;L2;Utilização livre depósito INVT;0,46;751,18;;;0,00000000000000;
GA02;2G-05-13A;916;UN;400193;PARAFUSO OLHAL AC 5/8P 20P;L2;Utilização livre depósito INVT;29,45;26.976,20;;;0,00000000000000;
GA02;2G-05-13B;818;UN;401088;LACO LATERAL PREF CAA E CA 1/0AWG DUPLO;L2;Utilização livre depósito INVT;2,18;1.783,24;;;0,00000000000000;
GA02;2G-05-13B;1.687;UN;401234;LACO PREF ROLD CA 1/0AWG LJ;L2;Utilização livre depósito INVT;6,47;10.914,89;;;0,00000000000000;
GA02;2G-05-13C;143;UN;400945;PARAFUSO CAB ABA PESC QD EM AC 5/8PX45MM;L2;Utilização livre depósito INVT;4,51;644,93;;;0,00000000000000;
GA02;2G-05-13C;1.942;UN;401132;PARAFUSO CAB SXT AC 3/8X1.1/2P UNC;L2;Utilização livre depósito INVT;0,44;854,48;;;0,00000000000000;
GA02;2G-05-13C;6.848;UN;402067;ARRUELA PARAF SXT 3/8P;L2;Utilização livre depósito INVT;0,10;684,80;;;0,00000000000000;
GA02;2G-05-13C;1.820;UN;402431;PARAFUSO CAB SXT AC 7/16X1.1/4P;L2;Utilização livre depósito INVT;1,20;2.184,00;;;0,00000000000000;
GA02;2G-05-13C;247;UN;404287;PARAFUSO CAB SXT COBRE ESTANHADO 12X45MM;L2;Utilização livre depósito INVT;13,86;3.423,42;;;0,00000000000000;
GA02;2G-05-13E;1.566;UN;400736;CAPA PROTETORA CONEC CUNHA 15KV AZ/BR;L2;Utilização livre depósito INVT;28,53;44.677,98;;;0,00000000000000;
GA02;2G-05-13E;2.250;UN;403594;ALCA PREFORM CABO CONC  2X16 + 16;L2;Utilização livre depósito INVT;10,04;22.590,00;;;0,00000000000000;
GA02;2G-05-14A;4.085;UN;401239;PARAFUSO CAB QD AC 16MM 450MM;L2;Utilização livre depósito INVT;23,85;97.427,25;;;0,00000000000000;
GA02;2G-05-14B;1.340;UN;401102;LACO DISTRIBUICAO PREF CAA 2/0AWG AC;L2;Utilização livre depósito INVT;1,33;1.782,20;;;0,00000000000000;
GA02;2G-05-14B;405;UN;401546;EMENDA PREF COND AL 2AWG 711MM;L2;Utilização livre depósito INVT;7,10;2.875,50;;;0,00000000000000;
GA02;2G-05-14B;118;UN;401922;LACO ROLD PREF 336,4MCM;L2;Utilização livre depósito INVT;1,61;189,98;;;0,00000000000000;
GA02;2G-05-14C;23;UN;400378;ALCA PREFORM SERV 10MM2, 3,7-4,1 MM;L2;Utilização livre depósito INVT;1,22;28,06;;;0,00000000000000;
GA02;2G-05-14C;184;UN;400699;ALCA PREFORM SERV CA 25MM2 330MM;L2;Utilização livre depósito INVT;2,00;368,00;;;0,00000000000000;
GA02;2G-05-14C;5;UN;400848;LACO PREF DUPLO LATERAL 1/0AWG;L2;Utilização livre depósito INVT;6,50;32,50;;;0,00000000000000;
GA02;2G-05-14C;5;UN;403593;ALCA PREFORM CABO CONC 3X70 + 50;L2;Utilização livre depósito INVT;9,85;49,25;;;0,00000000000000;
GA02;2G-05-14C;59;UN;405260;EMENDA PREF CA 2/0AWG 7F AM;L2;Utilização livre depósito INVT;24,00;1.416,00;;;0,00000000000000;
GA02;2G-05-14E;500;UN;402120;ALCA PREFORM DIST CAA 336,4MCM VERDE;L2;Utilização livre depósito INVT;20,09;10.045,00;;;0,00000000000000;
GA02;2G-05-14E;4.500;UN;403594;ALCA PREFORM CABO CONC  2X16 + 16;L2;Utilização livre depósito INVT;10,04;45.180,00;;;0,00000000000000;
GA02;2G-05-15A;8;UN;400359;ALCA PREFORM ESTAI 3/8P 9,5MM 889MM;L2;Utilização livre depósito INVT;24,62;196,96;;;0,00000000000000;
GA02;2G-05-15A;6.822;UN;402163;PARAFUSO 4,8X35MM AC;L2;Utilização livre depósito INVT;0,80;5.457,60;;;0,00000000000000;
GA02;2G-05-15A;3.464;UN;402296;GANCHO OLHAL AC 17MM 5000KGF;L2;Utilização livre depósito INVT;12,53;43.403,92;;;0,00000000000000;
GA02;2G-05-15A;2.162;UN;402353;ARRUELA LIS 3/8P 1119;L2;Utilização livre depósito INVT;0,44;951,28;;;0,00000000000000;
GA02;2G-05-15A;9.346;UN;403366;CONECTOR DER BARRAMENTO 10MM;L2;Utilização livre depósito INVT;2,57;24.019,22;;;0,00000000000000;
GA02;2G-05-15A;65.642;UN;404985;PARAFUSO AUTO BROC FLANG PHILIPS 4.2X25M;L2;Utilização livre depósito INVT;0,13;8.533,46;;;0,00000000000000;
GA02;2G-05-15A;938;UN;405494;TERMINAL TUBULAR CU ESTANHADO 95MM3;L2;Utilização livre depósito INVT;6,44;6.040,72;;;0,00000000000000;
GA02;2G-05-15A;40;UN;805478;SEPARADOR FASE BT  4/0 AWG 700 MM;F3;Utilização livre depósito CUST;15,59;623,60;;;0,00000000000000;
GA02;2G-05-15B;48;UN;400106;LUVA EMENDA 185MM 251MM;L2;Utilização livre depósito INVT;38,54;1.849,92;;;0,00000000000000;
GA02;2G-05-15B;217;UN;400366;ALCA PREFORM DIST 4/0 AWG 120MM2;L2;Utilização livre depósito INVT;5,77;1.252,09;;;0,00000000000000;
GA02;2G-05-15B;90;UN;401616;LACO PREF LATERAL DUPLO CA/CAA 336,4MCM;L2;Utilização livre depósito INVT;3,42;307,80;;;0,00000000000000;
GA02;2G-05-15B;45;UN;402161;MANILHA AC 16MM 80MM 22MM 13500DAN;L2;Utilização livre depósito INVT;35,17;1.582,65;;;0,00000000000000;
GA02;2G-05-15C;1.462;UN;400665;GRAMPO ANCOR CUNHA AL 50MM2 400DAN;L2;Utilização livre depósito INVT;23,68;34.620,16;;;0,00000000000000;
GA02;2G-05-15C;327;UN;400880;LACO PREF ISOLADOR ROLD CA 2AWG LJ 33MM2;L2;Utilização livre depósito INVT;1,91;624,57;;;0,00000000000000;
GA02;2G-05-15E;4.950;UN;403594;ALCA PREFORM CABO CONC  2X16 + 16;L2;Utilização livre depósito INVT;10,04;49.698,00;;;0,00000000000000;
GA02;2G-05-16A;6.425;UN;400307;FIXADOR PREFORMADO 6,4MM 1/4P AM 1219MM;L2;Utilização livre depósito INVT;6,36;40.863,00;;;0,00000000000000;
GA02;2G-05-16E;5.400;UN;403594;ALCA PREFORM CABO CONC  2X16 + 16;L2;Utilização livre depósito INVT;10,04;54.216,00;;;0,00000000000000;
GA02;2G-05-17D;2.854;UN;401089;LACO DISTRIBUICAO P/CABO 2/0AWG;L2;Utilização livre depósito INVT;2,01;5.736,54;;;0,00000000000000;
GA02;2G-05-17E;148;UN;403594;ALCA PREFORM CABO CONC  2X16 + 16;L2;Utilização livre depósito INVT;10,04;1.485,92;;;0,00000000000000;
GA02;2G-05-17E;132.164;UN;403682;BUCHA LOK 01;L2;Utilização livre depósito INVT;0,85;112.339,40;;;0,00000000000000;
GA02;2G-05-18A;215;UN;401842;HASTE ATERRAMENTO PROLONGAVEL 5/8PX2,40M;L2;Utilização livre depósito INVT;126,47;27.191,05;;;0,00000000000000;
GA02;2G-05-18B;4.561;UN;400373;ALCA PREFORM SERV 25MM2 45MM2;L2;Utilização livre depósito INVT;0,78;3.557,58;;;0,00000000000000;
GA02;2G-05-18B;2.400;UN;407596;TERMINAL OLHAL COMPRESSAO 120MM²;L2;Utilização livre depósito INVT;13,43;32.232,00;;;0,00000000000000;
GA02;2G-05-18C;69.249;UN;405487;TERMINAL TUBULAR CU ESTANHADO 25MM2 AZ;L2;Utilização livre depósito INVT;0,74;51.244,26;;;0,00000000000000;
GA02;2G-05-18E;5.400;UN;403594;ALCA PREFORM CABO CONC  2X16 + 16;L2;Utilização livre depósito INVT;10,04;54.216,00;;;0,00000000000000;
GA02;2G-05-19A;12;UN;400157;MANILHA SAPATILHA 5000DAN;L2;Utilização livre depósito INVT;0,01;0,12;;;0,00000000000000;
GA02;2G-05-19A;15;UN;402701;CHAVE SEC 1P 15KV 630A CONEXÃO TER CUNHA;L2;Utilização livre depósito INVT;350,19;5.252,85;;;0,00000000000000;
GA02;2G-05-19B;6;UN;402276;CHAVE FUSIVEL INDIC 15KV 200A/95KV BUC;L2;Utilização livre depósito INVT;418,86;2.513,16;;;0,00000000000000;
GA02;2G-05-19B;100;UN;402359;PARAFUSO CAB ABA AC 16MM 125MM;L2;Utilização livre depósito INVT;6,21;621,00;;;0,00000000000000;
GA02;2G-05-19B;1;UN;402627;RELIGADOR 1F AUTOMATICO 15KV 200A 4,2kA;L2;Utilização livre depósito INVT;24.057,99;24.057,99;;;0,00000000000000;
GA02;2G-05-19B;1.750;UN;404032;"ANILHA NUMERO ""2"" 4-16MM";L2;Utilização livre depósito INVT;0,08;140,00;;;0,00000000000000;
GA02;2G-05-19B;1.900;PEÇ;407098;PRENSA-CABO ROSCA BSP 1.1/4 LP+P/ 40 DAN;L2;Utilização livre depósito INVT;45,46;86.374,00;;;0,00000000000000;
GA02;2G-05-19C;46;UN;402276;CHAVE FUSIVEL INDIC 15KV 200A/95KV BUC;L2;Utilização livre depósito INVT;418,86;19.267,56;;;0,00000000000000;
GA02;2G-05-19E;5.400;UN;403594;ALCA PREFORM CABO CONC  2X16 + 16;L2;Utilização livre depósito INVT;10,04;54.216,00;;;0,00000000000000;
GA02;2G-05-20B;3.374;UN;404030;"ANILHA NUMERO ""0"" 4-16MM";L2;Utilização livre depósito INVT;0,08;269,92;;;0,00000000000000;
GA02;2G-05-20B;1.850;UN;404033;"ANILHA NUMERO ""3"" 4-16MM";L2;Utilização livre depósito INVT;0,08;148,00;;;0,00000000000000;
GA02;2G-05-20B;3.236;UN;404034;"ANILHA NUMERO ""4"" 4-16MM";L2;Utilização livre depósito INVT;0,08;258,88;;;0,00000000000000;
GA02;2G-05-20B;1.590;UN;404035;"ANILHA NUMERO ""5"" 4-16MM";L2;Utilização livre depósito INVT;0,08;127,20;;;0,00000000000000;
GA02;2G-05-20B;2.270;UN;404036;"ANILHA NUMERO ""6"" 4-16MM";L2;Utilização livre depósito INVT;0,08;181,60;;;0,00000000000000;
GA02;2G-05-20B;2.586;UN;404037;"ANILHA NUMERO ""7"" 4-16MM";L2;Utilização livre depósito INVT;0,08;206,88;;;0,00000000000000;
GA02;2G-05-20B;2.000;UN;404038;"ANILHA NUMERO ""8"" 4-16MM";L2;Utilização livre depósito INVT;0,08;160,00;;;0,00000000000000;
GA02;2G-05-20B;2.003;UN;404039;"ANILHA NUMERO ""9"" 4-16MM";L2;Utilização livre depósito INVT;0,08;160,24;;;0,00000000000000;
GA02;2G-05-20B;18.072;UN;404057;ANILHA IDENT PVC COND 1,5-4,0MM2 AM C;L2;Utilização livre depósito INVT;0,77;13.915,44;;;0,00000000000000;
GA02;2G-05-20B;4.054;UN;404058;ANILHA IDENT PVC COND 1,5-4,0MM2 AM N0;L2;Utilização livre depósito INVT;0,10;405,40;;;0,00000000000000;
GA02;2G-05-20B;4.101;UN;404059;ANILHA IDENT PVC COND 1,5-4,0MM2 AM N1;L2;Utilização livre depósito INVT;0,06;246,06;;;0,00000000000000;
GA02;2G-05-20B;2.428;UN;404060;ANILHA IDENT PVC COND 1,5-4,0MM2 AM N2;L2;Utilização livre depósito INVT;0,05;121,40;;;0,00000000000000;
GA02;2G-05-20B;2.124;UN;404061;ANILHA IDENT PVC COND 1,5-4,0MM2 AM N3;L2;Utilização livre depósito INVT;0,05;106,20;;;0,00000000000000;
GA02;2G-05-20B;2.993;UN;404062;ANILHA IDENT PVC COND 1,5-4,0MM2 AM N4;L2;Utilização livre depósito INVT;0,18;538,74;;;0,00000000000000;
GA02;2G-05-20B;3.830;UN;404063;ANILHA IDENT PVC COND 1,5-4,0MM2 AM N5;L2;Utilização livre depósito INVT;0,27;1.034,10;;;0,00000000000000;
GA02;2G-05-20B;1.903;UN;404064;ANILHA IDENT PVC COND 1,5-4,0MM2 AM N6;L2;Utilização livre depósito INVT;0,06;114,18;;;0,00000000000000;
GA02;2G-05-20B;6.092;UN;404069;ANILHA IDENT PVC COND 1,5-4,0MM2 AM P;L2;Utilização livre depósito INVT;1,01;6.152,92;;;0,00000000000000;
GA02;2G-05-20B;3.098;UN;404070;ANILHA IDENT PVC COND 1,5-4,0MM2 AM S;L2;Utilização livre depósito INVT;0,06;185,88;;;0,00000000000000;
GA02;2G-05-20B;10.500;UN;405095;ANILHA MARC LETRA C CABO 4-16MM2;L2;Utilização livre depósito INVT;0,77;8.085,00;;;0,00000000000000;
GA02;2G-05-20B;13.100;UN;405098;ANILHA MARC LETRA S CABO 4-16MM2;L2;Utilização livre depósito INVT;0,06;786,00;;;0,00000000000000;
GA02;2G-05-20E;2.470;UN;403594;ALCA PREFORM CABO CONC  2X16 + 16;L2;Utilização livre depósito INVT;10,04;24.798,80;;;0,00000000000000;
GA02;2G-05-21A;407;UN;400974;PORCA QUADRADA AC 16MM 2MM;L2;Utilização livre depósito INVT;1,39;565,73;;;0,00000000000000;
GA02;2G-05-21A;4.925;UN;402041;ARRUELA QD 5/8P;L2;Utilização livre depósito INVT;0,98;4.826,50;;;0,00000000000000;
GA02;2G-05-21E;2.340;UN;401952;LACO PREF TOPO DUPLO CA 336,4MCM VM;L2;Utilização livre depósito INVT;2,18;5.101,20;;;0,00000000000000;
GA02;2G-05-23A;2.555;UN;404072;CANTONEIRA C AC ABA IG 65X900MM 600DAN;L2;Utilização livre depósito INVT;53,53;136.769,15;;;0,00000000000000;
GA02;2G-05-23A;176;UN;800434;CANTONEIRA C AC ABA IG 65X900MM 600DAN;F3;Utilização livre depósito CUST;88,66;15.604,16;;;0,00000000000000;
GA02;2G-06-01A;353;UN;403667;ALCA PREFORM CABO CONC  2X10 + 10;L2;Utilização livre depósito INVT;7,46;2.633,38;;;0,00000000000000;
GA02;2G-06-01D;50;UN;404030;"ANILHA NUMERO ""0"" 4-16MM";L2;Utilização livre depósito INVT;0,08;4,00;;;0,00000000000000;
GA02;2G-06-01D;320;UN;404031;"ANILHA NUMERO ""1"" 4-16MM";L2;Utilização livre depósito INVT;0,08;25,60;;;0,00000000000000;
GA02;2G-06-01D;34;UN;404034;"ANILHA NUMERO ""4"" 4-16MM";L2;Utilização livre depósito INVT;0,08;2,72;;;0,00000000000000;
GA02;2G-06-01D;248;UN;405095;ANILHA MARC LETRA C CABO 4-16MM2;L2;Utilização livre depósito INVT;0,77;190,96;;;0,00000000000000;
GA02;2G-06-01D;7.465;UN;405097;ANILHA MARC LETRA P CABO 4-16MM2;L2;Utilização livre depósito INVT;1,01;7.539,65;;;0,00000000000000;
GA02;2G-06-01D;1.018;UN;405098;ANILHA MARC LETRA S CABO 4-16MM2;L2;Utilização livre depósito INVT;0,06;61,08;;;0,00000000000000;
GA02;2G-06-02A;3.887;UN;400034;TERMINAL PINO TUBULAR 70MM2;L2;Utilização livre depósito INVT;6,26;24.332,62;;;0,00000000000000;
GA02;2G-06-03A;4.248;UN;400202;PARAFUSO CAB PAN AUTO ATARR 4,2X16MM;L2;Utilização livre depósito INVT;0,88;3.738,24;;;0,00000000000000;
GA02;2G-06-03A;143;UN;400925;PARAFUSO CAB ABA AC 5/8X6P;L2;Utilização livre depósito INVT;5,59;799,37;;;0,00000000000000;
GA02;2G-06-03A;236;UN;401232;TERMINAL PRESSAO CU 50MM2;L2;Utilização livre depósito INVT;1,94;457,84;;;0,00000000000000;
GA02;2G-06-03A;2.702;UN;402191;PARAFUSO SXT AC 11,11MM 7/16P 31,75MM;L2;Utilização livre depósito INVT;1,33;3.593,66;;;0,00000000000000;
GA02;2G-06-03A;690;UN;403763;PRENSA CABO 1P AL C/BUCHA NEOP;L2;Utilização livre depósito INVT;11,78;8.128,20;;;0,00000000000000;
GA02;2G-06-04A;46;UN;401706;PARAFUSO CAB QD AC 16MM 2P 350MM;L2;Utilização livre depósito INVT;15,07;693,22;;;0,00000000000000;
GA02;2G-06-04B;49;UN;400022;TERMINAL P/ CABO 2,5MM2 OLHAL FURO 4,3MM;L2;Utilização livre depósito INVT;0,67;32,83;;;0,00000000000000;
GA02;2G-06-04B;2.721;UN;404031;"ANILHA NUMERO ""1"" 4-16MM";L2;Utilização livre depósito INVT;0,08;217,68;;;0,00000000000000;
GA02;2G-06-08A;285;UN;401853;HASTE ANCORA AC 600MM 16MM 5000DAN;L2;Utilização livre depósito INVT;27,72;7.900,20;;;0,00000000000000;
GA02;2G-06-09B;2.240;UN;403515;ABRACADEIRA BAP 3 1200MMX381MM PARAF;L2;Utilização livre depósito INVT;13,85;31.024,00;;;0,00000000000000;
GA02;2G-06-11A;117;UN;400972;PARAFUSO OLH AC 5/8P 800MM;L2;Utilização livre depósito INVT;25,36;2.967,12;;;0,00000000000000;
GA02;2G-06-12C;3.224;UN;401916;LACO LATERAL PREF DUPLO 2/0AWG;L2;Utilização livre depósito INVT;3,08;9.929,92;;;0,00000000000000;
GA02;2G-06-14A;3.103;UN;400181;PARAFUSO CAB QD 16X500MM EM AC;L2;Utilização livre depósito INVT;7,62;23.644,86;;;0,00000000000000;
GA02;2G-06-14A;833;UN;801313;PINO ISOLADOR AC 25X294X19MM;F3;Utilização livre depósito CUST;27,12;22.590,96;;;0,00000000000000;
GA02;2G-06-14D;365;UN;404084;ESPACADOR LOSANG CLASSE 15KV C/ GARRAS;L2;Utilização livre depósito INVT;22,91;8.362,15;;;0,00000000000000;
GA02;2G-06-15A;5.051;UN;401655;PARAFUSO CAB QD 16X400MM AC;L2;Utilização livre depósito INVT;12,34;62.329,34;;;0,00000000000000;
GA02;2G-06-15B;538;UN;402374;GRAMPO ANCOR CUNHA AL 35MM2 400DAN;L2;Utilização livre depósito INVT;20,54;11.050,52;;;0,00000000000000;
GA02;2G-06-15C;7.313;UN;402365;CONECTOR DER AL 1/0-4/0AWG 1/0-4/0AWG;L2;Utilização livre depósito INVT;20,00;146.260,00;;;0,00000000000000;
GA02;2G-06-15D;4.000;UN;401088;LACO LATERAL PREF CAA E CA 1/0AWG DUPLO;L2;Utilização livre depósito INVT;2,18;8.720,00;;;0,00000000000000;
GA02;2G-06-16A;1.476;UN;400955;PARAFUSO CAB ABA AC 16MM 150MM;L2;Utilização livre depósito INVT;4,21;6.213,96;;;0,00000000000000;
GA02;2G-06-16A;333;UN;401763;PARAFUSO OLH AC 5/8P 650MM;L2;Utilização livre depósito INVT;37,57;12.510,81;;;0,00000000000000;
GA02;2G-06-16A;4;UN;800528;PARAFUSO OLH AC 5/8P 650MM;F3;Utilização livre depósito CUST;28,31;113,24;;;0,00000000000000;
GA02;2G-06-16B;10.084;UN;403838;ALCA PREFORM CABO CONC  1X16 + 16;L2;Utilização livre depósito INVT;3,07;30.957,88;;;0,00000000000000;
GA02;2G-06-16C;2.200;UN;401105;LACO LATERAL DUPLO 4/0AWG;L2;Utilização livre depósito INVT;3,21;7.062,00;;;0,00000000000000;
GA02;2G-06-16C;1.480;UN;403641;ALCA PREFORM CABO CONC  3X16 + 16;L2;Utilização livre depósito INVT;10,32;15.273,60;;;0,00000000000000;
GA02;2G-06-17A;201;UN;400140;ISOLADOR RODL PORC 15KV 81X47MM 1350DAN;L2;Utilização livre depósito INVT;8,10;1.628,10;;;0,00000000000000;
GA02;2G-06-17A;115;UN;401692;PARAFUSO OLH AC 16MM 5/8P 475MM;L2;Utilização livre depósito INVT;32,20;3.703,00;;;0,00000000000000;
GA02;2G-06-17A;251;UN;401711;ISOLADOR PINO PORC 15KV 102MM 1350KGF;L2;Utilização livre depósito INVT;23,97;6.016,47;;;0,00000000000000;
GA02;2G-06-17B;4.144;PEÇ;409296;PRENSA-CABO ROSCA BSP 1.1/2 LP+P/ 40 DAN;L2;Utilização livre depósito INVT;45,46;188.386,24;;;0,00000000000000;
GA02;2G-06-17D;13.350;UN;400373;ALCA PREFORM SERV 25MM2 45MM2;L2;Utilização livre depósito INVT;0,78;10.413,00;;;0,00000000000000;
GA02;2G-06-17D;5.000;UN;400880;LACO PREF ISOLADOR ROLD CA 2AWG LJ 33MM2;L2;Utilização livre depósito INVT;1,91;9.550,00;;;0,00000000000000;
GA02;2G-06-18A;1.213;UN;401108;LACO DISTRIBUICAO PREF CAA 1/0AWG;L2;Utilização livre depósito INVT;3,03;3.675,39;;;0,00000000000000;
GA02;2G-06-18B;2.094;UN;401105;LACO LATERAL DUPLO 4/0AWG;L2;Utilização livre depósito INVT;3,21;6.721,74;;;0,00000000000000;
GA02;2G-06-18B;11.180;UN;401385;ALCA PREFORM SERV 1X1010MM2 200DAN;L2;Utilização livre depósito INVT;0,94;10.509,20;;;0,00000000000000;
GA02;2G-06-18C;480;UN;800337;EMENDA PREF COND AL 4/0AWG AM 1295MM;F3;Utilização livre depósito CUST;66,93;32.126,40;;;0,00000000000000;
GA02;2G-06-18D;3.515;UN;400122;LACO PREF TOPO CAA/CA 4/0AWG VM;L2;Utilização livre depósito INVT;2,03;7.135,45;;;0,00000000000000;
GA02;2G-06-19A;1.680;UN;400140;ISOLADOR RODL PORC 15KV 81X47MM 1350DAN;L2;Utilização livre depósito INVT;8,10;13.608,00;;;0,00000000000000;
GA02;2G-06-19A;2;UN;402433;PARA-RAIO DISTRIB POL 12KV 10KA S/CENT;L2;Utilização livre depósito INVT;153,53;307,06;;;0,00000000000000;
GA02;2G-06-19B;555;UN;400130;LACO PREF ROLD CA 4/0AWG LJ;L2;Utilização livre depósito INVT;2,98;1.653,90;;;0,00000000000000;
GA02;2G-06-19B;998;UN;801062;LACO PREF ROLD CA 4/0AWG LJ;F3;Utilização livre depósito CUST;2,60;2.594,80;;;0,00000000000000;
GA02;2G-06-19C;6.750;UN;403739;PRENSA CABO 1.1/4P AL C/BUCHA NEOP;L2;Utilização livre depósito INVT;21,90;147.825,00;;;0,00000000000000;
GA02;2G-06-20A;4.417;UN;400140;ISOLADOR RODL PORC 15KV 81X47MM 1350DAN;L2;Utilização livre depósito INVT;8,10;35.777,70;;;0,00000000000000;
GA02;2G-06-20B;1.320;UN;402374;GRAMPO ANCOR CUNHA AL 35MM2 400DAN;L2;Utilização livre depósito INVT;20,54;27.112,80;;;0,00000000000000;
GA02;2G-06-20B;55;UN;403641;ALCA PREFORM CABO CONC  3X16 + 16;L2;Utilização livre depósito INVT;10,32;567,60;;;0,00000000000000;
GA02;2G-06-20C;2.570;UN;401105;LACO LATERAL DUPLO 4/0AWG;L2;Utilização livre depósito INVT;3,21;8.249,70;;;0,00000000000000;
GA02;2G-06-21A;534;UN;401686;PINO TOPO AC 25MM 389MM 2F 18X32MM;L2;Utilização livre depósito INVT;11,90;6.354,60;;;0,00000000000000;
GA02;2G-06-21B;1.480;UN;403641;ALCA PREFORM CABO CONC  3X16 + 16;L2;Utilização livre depósito INVT;10,32;15.273,60;;;0,00000000000000;
GA02;2G-06-21C;4.280;UN;401616;LACO PREF LATERAL DUPLO CA/CAA 336,4MCM;L2;Utilização livre depósito INVT;3,42;14.637,60;;;0,00000000000000;
GA02;2G-06-22A;4;UN;402221;ARMACAO SEC PRESB 4EST 4,5MM ACO;L2;Utilização livre depósito INVT;40,18;160,72;;;0,00000000000000;
GA02;2G-06-22A;855;UN;402287;ARMACAO SEC PRESB 1EST 4,2MM ACO;L2;Utilização livre depósito INVT;10,88;9.302,40;;;0,00000000000000;
GA02;2G-06-22C;1.480;UN;403641;ALCA PREFORM CABO CONC  3X16 + 16;L2;Utilização livre depósito INVT;10,32;15.273,60;;;0,00000000000000;
GA02;2G-06-23C;4.880;UN;401088;LACO LATERAL PREF CAA E CA 1/0AWG DUPLO;L2;Utilização livre depósito INVT;2,18;10.638,40;;;0,00000000000000;
GA02;2G-06-23D;1.138;UN;403641;ALCA PREFORM CABO CONC  3X16 + 16;L2;Utilização livre depósito INVT;10,32;11.744,16;;;0,00000000000000;
GA03;3G-01-11A;100;UN;403168;SUPORTE PARA CAIXA SMC;L2;Utilização livre depósito INVT;187,83;18.783,00;;;0,00000000000000;
GA03;3G-01-11A;1;UN;403409;RELIGADOR 3F AUTOMATICO 15KV 630A 12,5kA;L2;Utilização livre depósito INVT;57.312,45;57.312,45;;;0,00000000000000;
GA03;3G-01-11B;192;UN;402527;MED IN 1E 2F 120V 100A SMC DR B;L2;Utilização livre depósito INVT;213,78;41.045,76;;;0,00000000000000;
GA03;3G-01-11B;192;UN;402570;UNIDADE DE LEITURA INDIVIDUAL TLI - SMC;L2;Utilização livre depósito INVT;125,79;24.151,68;;;0,00000000000000;
GA03;3G-01-11B;1;UN;402625;GABINETE CONCENTR 12MOD 120V C/RADIO SMC;L2;Utilização livre depósito INVT;2.878,54;2.878,54;;;0,00000000000000;
GA03;3G-01-11C;192;UN;402527;MED IN 1E 2F 120V 100A SMC DR B;L2;Utilização livre depósito INVT;213,78;41.045,76;;;0,00000000000000;
GA03;3G-01-11C;192;UN;402570;UNIDADE DE LEITURA INDIVIDUAL TLI - SMC;L2;Utilização livre depósito INVT;125,79;24.151,68;;;0,00000000000000;
GA03;3G-01-11C;16;UN;402625;GABINETE CONCENTR 12MOD 120V C/RADIO SMC;L2;Utilização livre depósito INVT;2.878,54;46.056,64;;;0,00000000000000;
GA03;3G-01-11D;144;UN;402527;MED IN 1E 2F 120V 100A SMC DR B;L2;Utilização livre depósito INVT;213,78;30.784,32;;;0,00000000000000;
GA03;3G-01-11D;144;UN;402570;UNIDADE DE LEITURA INDIVIDUAL TLI - SMC;L2;Utilização livre depósito INVT;125,79;18.113,76;;;0,00000000000000;
GA03;3G-01-11D;12;UN;402625;GABINETE CONCENTR 12MOD 120V C/RADIO SMC;L2;Utilização livre depósito INVT;2.878,54;34.542,48;;;0,00000000000000;
GA03;3G-01-12A;100;UN;403168;SUPORTE PARA CAIXA SMC;L2;Utilização livre depósito INVT;187,83;18.783,00;;;0,00000000000000;
GA03;3G-01-12A;1;UN;403409;RELIGADOR 3F AUTOMATICO 15KV 630A 12,5kA;L2;Utilização livre depósito INVT;57.312,45;57.312,45;;;0,00000000000000;
GA03;3G-01-12B;192;UN;402527;MED IN 1E 2F 120V 100A SMC DR B;L2;Utilização livre depósito INVT;213,78;41.045,76;;;0,00000000000000;
GA03;3G-01-12B;192;UN;402570;UNIDADE DE LEITURA INDIVIDUAL TLI - SMC;L2;Utilização livre depósito INVT;125,79;24.151,68;;;0,00000000000000;
GA03;3G-01-12B;16;UN;402625;GABINETE CONCENTR 12MOD 120V C/RADIO SMC;L2;Utilização livre depósito INVT;2.878,54;46.056,64;;;0,00000000000000;
GA03;3G-01-12C;192;UN;402527;MED IN 1E 2F 120V 100A SMC DR B;L2;Utilização livre depósito INVT;213,78;41.045,76;;;0,00000000000000;
GA03;3G-01-12C;192;UN;402570;UNIDADE DE LEITURA INDIVIDUAL TLI - SMC;L2;Utilização livre depósito INVT;125,79;24.151,68;;;0,00000000000000;
GA03;3G-01-12C;16;UN;402625;GABINETE CONCENTR 12MOD 120V C/RADIO SMC;L2;Utilização livre depósito INVT;2.878,54;46.056,64;;;0,00000000000000;
GA03;3G-01-12D;144;UN;402527;MED IN 1E 2F 120V 100A SMC DR B;L2;Utilização livre depósito INVT;213,78;30.784,32;;;0,00000000000000;
GA03;3G-01-12D;144;UN;402570;UNIDADE DE LEITURA INDIVIDUAL TLI - SMC;L2;Utilização livre depósito INVT;125,79;18.113,76;;;0,00000000000000;
GA03;3G-01-12D;12;UN;402625;GABINETE CONCENTR 12MOD 120V C/RADIO SMC;L2;Utilização livre depósito INVT;2.878,54;34.542,48;;;0,00000000000000;
GA03;3G-01-13A;100;UN;403168;SUPORTE PARA CAIXA SMC;L2;Utilização livre depósito INVT;187,83;18.783,00;;;0,00000000000000;
GA03;3G-01-13A;1;UN;403409;RELIGADOR 3F AUTOMATICO 15KV 630A 12,5kA;L2;Utilização livre depósito INVT;57.312,45;57.312,45;;;0,00000000000000;
GA03;3G-01-13B;192;UN;402527;MED IN 1E 2F 120V 100A SMC DR B;L2;Utilização livre depósito INVT;213,78;41.045,76;;;0,00000000000000;
GA03;3G-01-13B;192;UN;402570;UNIDADE DE LEITURA INDIVIDUAL TLI - SMC;L2;Utilização livre depósito INVT;125,79;24.151,68;;;0,00000000000000;
GA03;3G-01-13B;16;UN;402625;GABINETE CONCENTR 12MOD 120V C/RADIO SMC;L2;Utilização livre depósito INVT;2.878,54;46.056,64;;;0,00000000000000;
GA03;3G-01-13C;192;UN;402527;MED IN 1E 2F 120V 100A SMC DR B;L2;Utilização livre depósito INVT;213,78;41.045,76;;;0,00000000000000;
GA03;3G-01-13C;192;UN;402570;UNIDADE DE LEITURA INDIVIDUAL TLI - SMC;L2;Utilização livre depósito INVT;125,79;24.151,68;;;0,00000000000000;
GA03;3G-01-13C;16;UN;402625;GABINETE CONCENTR 12MOD 120V C/RADIO SMC;L2;Utilização livre depósito INVT;2.878,54;46.056,64;;;0,00000000000000;
GA03;3G-01-13D;144;UN;402527;MED IN 1E 2F 120V 100A SMC DR B;L2;Utilização livre depósito INVT;213,78;30.784,32;;;0,00000000000000;
GA03;3G-01-13D;144;UN;402570;UNIDADE DE LEITURA INDIVIDUAL TLI - SMC;L2;Utilização livre depósito INVT;125,79;18.113,76;;;0,00000000000000;
GA03;3G-01-13D;12;UN;402625;GABINETE CONCENTR 12MOD 120V C/RADIO SMC;L2;Utilização livre depósito INVT;2.878,54;34.542,48;;;0,00000000000000;
GA03;3G-01-14A;100;UN;403168;SUPORTE PARA CAIXA SMC;L2;Utilização livre depósito INVT;187,83;18.783,00;;;0,00000000000000;
GA03;3G-01-14A;1;UN;403409;RELIGADOR 3F AUTOMATICO 15KV 630A 12,5kA;L2;Utilização livre depósito INVT;57.312,45;57.312,45;;;0,00000000000000;
GA03;3G-01-14B;192;UN;402527;MED IN 1E 2F 120V 100A SMC DR B;L2;Utilização livre depósito INVT;213,78;41.045,76;;;0,00000000000000;
GA03;3G-01-14B;192;UN;402570;UNIDADE DE LEITURA INDIVIDUAL TLI - SMC;L2;Utilização livre depósito INVT;125,79;24.151,68;;;0,00000000000000;
GA03;3G-01-14B;16;UN;402625;GABINETE CONCENTR 12MOD 120V C/RADIO SMC;L2;Utilização livre depósito INVT;2.878,54;46.056,64;;;0,00000000000000;
GA03;3G-01-14C;192;UN;402527;MED IN 1E 2F 120V 100A SMC DR B;L2;Utilização livre depósito INVT;213,78;41.045,76;;;0,00000000000000;
GA03;3G-01-14C;192;UN;402570;UNIDADE DE LEITURA INDIVIDUAL TLI - SMC;L2;Utilização livre depósito INVT;125,79;24.151,68;;;0,00000000000000;
GA03;3G-01-14C;16;UN;402625;GABINETE CONCENTR 12MOD 120V C/RADIO SMC;L2;Utilização livre depósito INVT;2.878,54;46.056,64;;;0,00000000000000;
GA03;3G-01-14D;72;UN;402527;MED IN 1E 2F 120V 100A SMC DR B;L2;Utilização livre depósito INVT;213,78;15.392,16;;;0,00000000000000;
GA03;3G-01-14D;72;UN;402570;UNIDADE DE LEITURA INDIVIDUAL TLI - SMC;L2;Utilização livre depósito INVT;125,79;9.056,88;;;0,00000000000000;
GA03;3G-01-14D;6;UN;402625;GABINETE CONCENTR 12MOD 120V C/RADIO SMC;L2;Utilização livre depósito INVT;2.878,54;17.271,24;;;0,00000000000000;
GA03;3G-01-15A;100;UN;403168;SUPORTE PARA CAIXA SMC;L2;Utilização livre depósito INVT;187,83;18.783,00;;;0,00000000000000;
GA03;3G-01-15B;192;UN;402527;MED IN 1E 2F 120V 100A SMC DR B;L2;Utilização livre depósito INVT;213,78;41.045,76;;;0,00000000000000;
GA03;3G-01-15B;192;UN;402570;UNIDADE DE LEITURA INDIVIDUAL TLI - SMC;L2;Utilização livre depósito INVT;125,79;24.151,68;;;0,00000000000000;
GA03;3G-01-15B;16;UN;402625;GABINETE CONCENTR 12MOD 120V C/RADIO SMC;L2;Utilização livre depósito INVT;2.878,54;46.056,64;;;0,00000000000000;
GA03;3G-01-15C;192;UN;402527;MED IN 1E 2F 120V 100A SMC DR B;L2;Utilização livre depósito INVT;213,78;41.045,76;;;0,00000000000000;
GA03;3G-01-15C;192;UN;402570;UNIDADE DE LEITURA INDIVIDUAL TLI - SMC;L2;Utilização livre depósito INVT;125,79;24.151,68;;;0,00000000000000;
GA03;3G-01-15C;16;UN;402625;GABINETE CONCENTR 12MOD 120V C/RADIO SMC;L2;Utilização livre depósito INVT;2.878,54;46.056,64;;;0,00000000000000;
GA03;3G-01-15D;144;UN;402527;MED IN 1E 2F 120V 100A SMC DR B;L2;Utilização livre depósito INVT;213,78;30.784,32;;;0,00000000000000;
GA03;3G-01-15D;144;UN;402570;UNIDADE DE LEITURA INDIVIDUAL TLI - SMC;L2;Utilização livre depósito INVT;125,79;18.113,76;;;0,00000000000000;
GA03;3G-01-15D;12;UN;402625;GABINETE CONCENTR 12MOD 120V C/RADIO SMC;L2;Utilização livre depósito INVT;2.878,54;34.542,48;;;0,00000000000000;
GA03;3G-02-07B;40.000;UN;405095;ANILHA MARC LETRA C CABO 4-16MM2;L2;Utilização livre depósito INVT;0,77;30.800,00;;;0,00000000000000;
GA03;3G-02-07B;50.000;UN;405097;ANILHA MARC LETRA P CABO 4-16MM2;L2;Utilização livre depósito INVT;1,01;50.500,00;;;0,00000000000000;
GA03;3G-02-07B;45.000;UN;405098;ANILHA MARC LETRA S CABO 4-16MM2;L2;Utilização livre depósito INVT;0,06;2.700,00;;;0,00000000000000;
GA03;3G-02-11B;3;UN;402625;GABINETE CONCENTR 12MOD 120V C/RADIO SMC;L2;Utilização livre depósito INVT;2.878,54;8.635,62;;;0,00000000000000;
GA03;3G-02-12B;4;UN;402625;GABINETE CONCENTR 12MOD 120V C/RADIO SMC;L2;Utilização livre depósito INVT;2.878,54;11.514,16;;;0,00000000000000;
GA03;3G-02-13B;4;UN;402625;GABINETE CONCENTR 12MOD 120V C/RADIO SMC;L2;Utilização livre depósito INVT;2.878,54;11.514,16;;;0,00000000000000;
GA03;3G-02-14B;4;UN;402625;GABINETE CONCENTR 12MOD 120V C/RADIO SMC;L2;Utilização livre depósito INVT;2.878,54;11.514,16;;;0,00000000000000;
GA03;3G-03-01A;33;UN;110559;TALABARTE DE POSICIONAMENTO EM CORDA;F3;Utilização livre depósito CUST;216,66;7.149,78;;;0,00000000000000;
GA03;3G-03-01A;223;PAR;120083;PROTETOR TALABARTE 700X150X2,5MM 230G;F3;Utilização livre depósito CUST;32,40;7.225,20;;;0,00000000000000;
GA03;3G-03-01A;180;UN;120154;TRAVA-QUEDAS AI 12MM 2200KGF;F3;Utilização livre depósito CUST;286,38;51.548,40;;;0,00000000000000;
GA03;3G-03-01A;26;UN;801615;CABECOTE MANOBRA C/ENCAIXE UNIV ME-U;F3;Utilização livre depósito CUST;33,00;858,00;;;0,00000000000000;
GA03;3G-03-01A;29;UN;803744;CABECOTE MANOBRA CHAVES TRABALHO  ALTURA;F3;Utilização livre depósito CUST;3,55;102,95;;;0,00000000000000;
GA03;3G-03-01A;30;UN;803747;CABECOTE PARA MANOBRA DE CHAVES;F3;Utilização livre depósito CUST;24,22;726,60;;;0,00000000000000;
GA03;3G-03-01A;6;UN;803908;MOITAO TRIPLO PLAST C/CORDA 5/8P 750KG;F3;Utilização livre depósito CUST;158,00;948,00;;;0,00000000000000;
GA03;3G-03-01B;1;UN;120000;VARA MANOBRA TELESC TUB VID TRIAN 6420MM;F3;Utilização livre depósito CUST;1.190,82;1.190,82;;;0,00000000000000;
GA03;3G-03-01B;206;UN;409659;CANALETA PVC BR 30X30X2,20MM;L2;Utilização livre depósito INVT;9,59;1.975,54;;;0,00000000000000;
GA03;3G-03-01C;69;UN;120296;BOLSA/MOCHILA KIT DE TRABALHO EM ALTURA;F3;Utilização livre depósito CUST;241,87;16.689,03;;;0,00000000000000;
GA03;3G-03-01C;51;UN;400685;ATERRAMENTO TEMP CJ SERV LINHA MT 15KV;L2;Utilização livre depósito INVT;1.692,90;86.337,90;;;0,00000000000000;
GA03;3G-03-01D;20;UN;120013;MACACAO PROF MASC 46 CAQUI PANT;F3;Utilização livre depósito CUST;85,00;1.700,00;;;0,00000000000000;
GA03;3G-03-01D;42;UN;120038;GANCHO ANCORAGEM AC;F3;Utilização livre depósito CUST;138,75;5.827,50;;;0,00000000000000;
GA03;3G-03-01D;35;UN;120060;MACACAO DESC MANGA CP TYVEK BR 50;F3;Utilização livre depósito CUST;27,91;976,85;;;0,00000000000000;
GA03;3G-03-01D;9;UN;120089;MOSQUETAO P/CORDA FLV 3506 150G;F3;Utilização livre depósito CUST;65,56;590,04;;;0,00000000000000;
GA03;3G-03-01D;42;UN;120195;FREIO ABS AL 99X48X30MM;F3;Utilização livre depósito CUST;404,70;16.997,40;;;0,00000000000000;
GA03;3G-03-01D;88;UN;120227;FITA ANCORAGEM LV PES 25MM 2,5MM 1500KGF;F3;Utilização livre depósito CUST;116,55;10.256,40;;;0,00000000000000;
GA03;3G-03-01D;21;UN;402917;ROLDANA FERGON FG232R;L2;Utilização livre depósito INVT;0,01;0,21;;;0,00000000000000;
GA03;3G-03-01D;118;UN;403627;MOITAO TRIPLO PLAST C/CORDA 5/8P 750KG;L2;Utilização livre depósito INVT;158,00;18.644,00;;;0,00000000000000;
GA03;3G-03-01E;40;UN;402625;GABINETE CONCENTR 12MOD 120V C/RADIO SMC;L2;Utilização livre depósito INVT;2.878,54;115.141,60;;;0,00000000000000;
GA03;3G-03-02A;1.614;PAR;120010;LUVA NITRÍLICA;F3;Utilização livre depósito CUST;4,59;7.408,26;;;0,00000000000000;
GA03;3G-03-02A;1.830;UN;120295;MÁSCARA DESCARTÁVEL CONTRA POEIRAS PFF1;F3;Utilização livre depósito CUST;3,33;6.093,90;;;0,00000000000000;
GA03;3G-03-02B;11;UN;110109;CAVADEIRA BOCA LOBO AC 165X1880MM C/CAB;F3;Utilização livre depósito CUST;6,51;71,61;;;0,00000000000000;
GA03;3G-03-02C;20;UN;110502;AUTO TRAFO BIV CANE MET 1500VA;F3;Utilização livre depósito CUST;108,49;2.169,80;;;0,00000000000000;
GA03;3G-03-02C;9;UN;110614;AUTO TRAFO BIV CANE MET 2000VA;F3;Utilização livre depósito CUST;124,60;1.121,40;;;0,00000000000000;
GA03;3G-03-02C;29;UN;110615;AUTO TRAFO BIV CANE MET 1010VA;F3;Utilização livre depósito CUST;95,00;2.755,00;;;0,00000000000000;
GA03;3G-03-02C;24;UN;801534;QUADRO DISTRIB EMB 12/16 DISJ;F3;Utilização livre depósito CUST;159,02;3.816,48;;;0,00000000000000;
GA03;3G-03-02C;12;UN;802926;LANTERNA 3 ELEM 3 PILHAS GRD;F3;Utilização livre depósito CUST;7,46;89,52;;;0,00000000000000;
GA03;3G-03-02D;5;UN;120164;TALABARTE SEG Y CAD 35M 1600MM;F3;Utilização livre depósito CUST;293,66;1.468,30;;;0,00000000000000;
GA03;3G-03-02D;25;UN;120181;DISPOSITIVO ANCORAGEM AGULHAO C/OLHAL;F3;Utilização livre depósito CUST;96,68;2.417,00;;;0,00000000000000;
GA03;3G-03-02D;8;UN;402648;QUADRO DISTRIB EMB 180MM 3 DISJ MON;L2;Utilização livre depósito INVT;1,16;9,28;;;0,00000000000000;
GA03;3G-03-02D;20;UN;403662;COMPOSTO ANTI-OXIDO CONEXAO COND AL 1KG;L2;Utilização livre depósito INVT;19,47;389,40;;;0,00000000000000;
GA03;3G-03-02D;4;UN;403888;CONTATOR MAGNETICO 2NF+2NA 220VCA;L2;Utilização livre depósito INVT;44,90;179,60;;;0,00000000000000;
GA03;3G-03-02D;146;UN;800463;FITA ANCORAGEM PES 25MM 1500KGF;F3;Utilização livre depósito CUST;104,76;15.294,96;;;0,00000000000000;
GA03;3G-03-02D;219;UN;800904;FITA ANCORAGEM PES 1200MM;F3;Utilização livre depósito CUST;69,93;15.314,67;;;0,00000000000000;
GA03;3G-03-02D;50;UN;801461;QUADRO DISTRIB SOB 27/36 DISJ;F3;Utilização livre depósito CUST;216,82;10.841,00;;;0,00000000000000;
GA03;3G-03-02E;20;UN;402625;GABINETE CONCENTR 12MOD 120V C/RADIO SMC;L2;Utilização livre depósito INVT;2.878,54;57.570,80;;;0,00000000000000;
GA03;3G-03-02E;39.458;UN;403357;BUCHA FIXACAO NYLON S6 CZ;L2;Utilização livre depósito INVT;0,05;1.972,90;;;0,00000000000000;
GA03;3G-03-02E;14.880;UN;802285;BUCHA NYLON S-10;F3;Utilização livre depósito CUST;0,23;3.422,40;;;0,00000000000000;
GA03;3G-03-03A;66;UN;120016;PLACA SINAL SEG PVC 67X47CM UOPO;F3;Utilização livre depósito CUST;68,99;4.553,34;;;0,00000000000000;
GA03;3G-03-03A;23;UN;120074;PLACA SINAL DOB PE 30X50CM 3MM;F3;Utilização livre depósito CUST;28,00;644,00;;;0,00000000000000;
GA03;3G-03-03A;47;UN;120094;PLACA SINAL SEG 67X47CM PERI RISCO MORTE;F3;Utilização livre depósito CUST;72,00;3.384,00;;;0,00000000000000;
GA03;3G-03-03A;44;UN;120101;PLACA SINAL REGUL PLAS 25X18CM LUZ;F3;Utilização livre depósito CUST;12,79;562,76;;;0,00000000000000;
GA03;3G-03-03A;22;UN;120117;CONE SINALIZACAO PVC LJ 75CM;F3;Utilização livre depósito CUST;197,65;4.348,30;;;0,00000000000000;
GA03;3G-03-03A;4;UN;120131;PLACA SINAL REGUL PLAS 25X18CM OC SEG;F3;Utilização livre depósito CUST;12,79;51,16;;;0,00000000000000;
GA03;3G-03-03A;132;UN;120150;PLACA SINAL SEG PVC 67X47CM PER AT;F3;Utilização livre depósito CUST;72,00;9.504,00;;;0,00000000000000;
GA03;3G-03-03A;46;UN;120166;PLACA SINAL SEG PVC 67X47CM PNF;F3;Utilização livre depósito CUST;66,43;3.055,78;;;0,00000000000000;
GA03;3G-03-03A;9;UN;120175;CINTO SEG PARA-QUEDISTA TAM 1;F3;Utilização livre depósito CUST;1.035,99;9.323,91;;;0,00000000000000;
GA03;3G-03-03A;150;UN;120298;PLACA PERIGO SOMENTE PESSOAL AUTORIZADO;F3;Utilização livre depósito CUST;72,00;10.800,00;;;0,00000000000000;
GA03;3G-03-03B;24;UN;402625;GABINETE CONCENTR 12MOD 120V C/RADIO SMC;L2;Utilização livre depósito INVT;2.878,54;69.084,96;;;0,00000000000000;
GA03;3G-03-03C;40;UN;110020;LUMINARIA PERFIL TRAPEZ SOB/BEM 1X20W;F3;Utilização livre depósito CUST;3,70;148,00;;;0,00000000000000;
GA03;3G-03-03C;68;UN;110106;BANDEJAS PARA RACK;F3;Utilização livre depósito CUST;43,53;2.960,04;;;0,00000000000000;
GA03;3G-03-03C;5;UN;110337;LUMINARIA PERFIL TRAPEZ SOB/BEM 40W;F3;Utilização livre depósito CUST;6,82;34,10;;;0,00000000000000;
GA03;3G-03-03C;15;UN;110578;LUMINARIA PERFIL TRAPEZ SOB/BEM 2X20W;F3;Utilização livre depósito CUST;4,66;69,90;;;0,00000000000000;
GA03;3G-03-03C;25;UN;400132;LUMINARIA INDUSTRIAL AC 32W;L2;Utilização livre depósito INVT;126,00;3.150,00;;;0,00000000000000;
GA03;3G-03-03C;24;UN;400147;LUMINARIA PLAFONIER 150W;L2;Utilização livre depósito INVT;72,00;1.728,00;;;0,00000000000000;
GA03;3G-03-03C;8;UN;401999;LUMINARIA ARANDELA 45G ALF 20W;L2;Utilização livre depósito INVT;50,00;400,00;;;0,00000000000000;
GA03;3G-03-03D;20;UN;402625;GABINETE CONCENTR 12MOD 120V C/RADIO SMC;L2;Utilização livre depósito INVT;2.878,54;57.570,80;;;0,00000000000000;
GA03;3G-03-04A;243;UN;110186;CANALETA PLAST CZ 50X50X2000MM;F3;Utilização livre depósito CUST;9,87;2.398,41;;;0,00000000000000;
GA03;3G-03-04A;14;UN;120099;VARA MANOBRA SECC TUB VID 6,45M;F3;Utilização livre depósito CUST;630,37;8.825,18;;;0,00000000000000;
GA03;3G-03-04B;39;UN;120285;FITA ZEBRADA AM/PT 70MMX200M;F3;Utilização livre depósito CUST;13,55;528,45;;;0,00000000000000;
GA03;3G-03-04B;175;M;407044;ESPIRAL DE 1/2 BRANCO;L2;Utilização livre depósito INVT;4,90;857,50;;;0,00000000000000;
GA03;3G-03-04B;175;UN;802839;PREGO CABECA CHATA 2.1/2X10POL;F3;Utilização livre depósito CUST;17,77;3.109,75;;;0,00000000000000;
GA03;3G-03-04B;2;UN;803080;TINTA ESM SINTE AMARELO SEC RAP 3,6L;F3;Utilização livre depósito CUST;123,92;247,84;;;0,00000000000000;
GA03;3G-03-04B;189;UN;803123;LAMINA SERRA ACO RAP 300X13MM 0,65MM 24D;F3;Utilização livre depósito CUST;8,86;1.674,54;;;0,00000000000000;
GA03;3G-03-04B;4;UN;803965;PISTOLA  CORPO METÁ GRAVIDADE COM CANECA;F3;Utilização livre depósito CUST;775,99;3.103,96;;;0,00000000000000;
GA03;3G-03-04B;2;UN;804256;TINTA ACRILICA COR CONCRETO  PISO 18L;F3;Utilização livre depósito CUST;241,94;483,88;;;0,00000000000000;
GA03;3G-03-04B;7;UN;805254;JOGO SACA PINO PARALELO;F3;Utilização livre depósito CUST;206,42;1.444,94;;;0,00000000000000;
GA03;3G-03-04C;109;UN;110276;DOBRADICA DIVISORIA MET FRIS 1701;F3;Utilização livre depósito CUST;9,40;1.024,60;;;0,00000000000000;
GA03;3G-03-04C;24;UN;400330;CHAVE ESTRIA ACV N14 ISOL 1000V NBR9699;L2;Utilização livre depósito INVT;75,43;1.810,32;;;0,00000000000000;
GA03;3G-03-04C;21;UN;400337;CHAVE FENDA CRUZ ACV RED 3/16X6P;L2;Utilização livre depósito INVT;8,30;174,30;;;0,00000000000000;
GA03;3G-03-04C;5;UN;400342;CHAVE ESTRIA ACV N19 ISOL 1000V NBR9699;L2;Utilização livre depósito INVT;78,72;393,60;;;0,00000000000000;
GA03;3G-03-04C;10;UN;400437;CHAVE BOCA ESTR ACV 17MM TOT 175,5MM;L2;Utilização livre depósito INVT;25,77;257,70;;;0,00000000000000;
GA03;3G-03-04C;41;UN;400643;CHAVE ESTRIA ACV N09 ISOL 1000V NBR9699;L2;Utilização livre depósito INVT;67,03;2.748,23;;;0,00000000000000;
GA03;3G-03-04C;45;UN;400659;CHAVE ESTRIA ACV N10 ISOL 1000V NBR9699;L2;Utilização livre depósito INVT;68,18;3.068,10;;;0,00000000000000;
GA03;3G-03-04C;80;UN;400703;ARRUELA AL SILICIO ELET 3P;L2;Utilização livre depósito INVT;1,42;113,60;;;0,00000000000000;
GA03;3G-03-04C;25;UN;400747;CHAVE FIX ACV N11 ISOL 1000V NBR9699;L2;Utilização livre depósito INVT;46,98;1.174,50;;;0,00000000000000;
GA03;3G-03-04C;12;UN;401533;CHAVE BOCA ESTR ACV 14MM TOT 150,5MM;L2;Utilização livre depósito INVT;21,22;254,64;;;0,00000000000000;
GA03;3G-03-04C;24;UN;401550;CHAVE ESTRIA ACV N11 ISOL 1000V NBR9699;L2;Utilização livre depósito INVT;68,31;1.639,44;;;0,00000000000000;
GA03;3G-03-04C;1;UN;401675;LUMINARIA PLAFONIER AC 20W;L2;Utilização livre depósito INVT;54,00;54,00;;;0,00000000000000;
GA03;3G-03-04C;29;UN;401810;CHAVE ESTRIA ACV N17 ISOL 1000V NBR9699;L2;Utilização livre depósito INVT;79,92;2.317,68;;;0,00000000000000;
GA03;3G-03-04C;24;UN;401896;CHAVE FIX ACV N17 ISOL 1000V NBR9699;L2;Utilização livre depósito INVT;56,09;1.346,16;;;0,00000000000000;
GA03;3G-03-04C;48;UN;402110;CHAVE ESTRIA ACV N12 ISOL 1000V NBR9699;L2;Utilização livre depósito INVT;70,50;3.384,00;;;0,00000000000000;
GA03;3G-03-04C;25;UN;403644;CAIXA PASSAG AL FUND 3/4P FORMA LB;L2;Utilização livre depósito INVT;5,81;145,25;;;0,00000000000000;
GA03;3G-03-04C;25;UN;403655;CAIXA PASSAG AL FUND 1P FORMA LR;L2;Utilização livre depósito INVT;7,17;179,25;;;0,00000000000000;
GA03;3G-03-04C;92;UN;403657;BUCHA FERRO 20MM NPT;L2;Utilização livre depósito INVT;1,06;97,52;;;0,00000000000000;
GA03;3G-03-04C;2;UN;403665;CAIXA PASSAG AL FUND 1P FORMA LB;L2;Utilização livre depósito INVT;8,87;17,74;;;0,00000000000000;
GA03;3G-03-04C;4;UN;403695;CAIXA PASSAG AL FUND 1P FORMA C;L2;Utilização livre depósito INVT;5,70;22,80;;;0,00000000000000;
GA03;3G-03-04C;2;UN;403786;CAIXA PASSAG AL FUND 1P FORMA TB;L2;Utilização livre depósito INVT;9,97;19,94;;;0,00000000000000;
GA03;3G-03-04C;2;UN;404505;LIMA CHATA MURCA DE 4P COM CABO;L2;Utilização livre depósito INVT;36,99;73,98;;;0,00000000000000;
GA03;3G-03-05A;200;UN;407356;SUPORTE TIPO L AÇO PERFILADO ZINCADO DAT;L2;Utilização livre depósito INVT;191,39;38.278,00;;;0,00000000000000;
GA03;3G-03-05B;5;UN;110325;LUMINARIA EMERGENCIA 19 LED LANTERNA;F3;Utilização livre depósito CUST;33,70;168,50;;;0,00000000000000;
GA03;3G-03-05B;25;UN;113996;PLACA FOTOLUMINESCENTE SAÍDA EMERGÊNCIA;F3;Utilização livre depósito CUST;10,00;250,00;;;0,00000000000000;
GA03;3G-03-05B;1;UN;113997;PLACA FOTOLUMINE ROTA FUGA SETA DIREITA;F3;Utilização livre depósito CUST;10,00;10,00;;;0,00000000000000;
GA03;3G-03-05B;11;UN;113998;PLACA FOTOLUMINE ROTA FUGA SETA ESQUERDA;F3;Utilização livre depósito CUST;10,00;110,00;;;0,00000000000000;
GA03;3G-03-05B;30;UN;120242;SUPORTE DE PISO TIPO TRIPE PARA EXTINTOR;F3;Utilização livre depósito CUST;33,72;1.011,60;;;0,00000000000000;
GA03;3G-03-05B;39;UN;120440;PLACA EXTINTOR GAS CARBONICO CO2;F3;Utilização livre depósito CUST;10,00;390,00;;;0,00000000000000;
GA03;3G-03-05B;11;UN;120441;PLACA EXTINTOR AGUA H2O;F3;Utilização livre depósito CUST;10,00;110,00;;;0,00000000000000;
GA03;3G-03-05B;114;UN;408896;MED IN 3E 4F 120 240V 200A TB QE GD DR C;L2;Utilização livre depósito INVT;1.968,93;224.458,02;;;0,00000000000000;
GA03;3G-03-05B;117;UN;408951;MOSTRADOR REMOTO RF MED STAR MEASURE;L2;Utilização livre depósito INVT;142,67;16.692,39;;;0,00000000000000;
GA03;3G-03-05C;135;UN;110410;CAIXA TOMADA TPLA SOB 2MOD RJ45 CAT5E FM;F3;Utilização livre depósito CUST;2,85;384,75;;;0,00000000000000;
GA03;3G-03-05C;55;UN;110560;CAIXA ALLBOX COMPLETA CONECTOR RJ 45 FM;F3;Utilização livre depósito CUST;11,06;608,30;;;0,00000000000000;
GA03;3G-03-05C;21;UN;801698;QUADRO DISTRIB SOB 18/24 DISJ;F3;Utilização livre depósito CUST;219,51;4.609,71;;;0,00000000000000;
GA03;3G-03-05C;28;UN;801712;QUADRO DISTRIB SOB 6/8 DISJ;F3;Utilização livre depósito CUST;25,82;722,96;;;0,00000000000000;
GA03;3G-03-05C;16;UN;801718;QUADRO DISTRIB SOB 12/16 DISJ;F3;Utilização livre depósito CUST;146,93;2.350,88;;;0,00000000000000;
GA03;3G-03-05D;56;UN;402625;GABINETE CONCENTR 12MOD 120V C/RADIO SMC;L2;Utilização livre depósito INVT;2.878,54;161.198,24;;;0,00000000000000;
GA03;3G-03-06A;200;UN;407356;SUPORTE TIPO L AÇO PERFILADO ZINCADO DAT;L2;Utilização livre depósito INVT;191,39;38.278,00;;;0,00000000000000;
GA03;3G-03-06B;2;UN;110011;CHAVE FIX UMA BOCA 1000 V ACV NIQ 12 MM;F3;Utilização livre depósito CUST;69,38;138,76;;;0,00000000000000;
GA03;3G-03-06B;77;UN;110052;MACHADINHA P/CORTE MADEIRA;F3;Utilização livre depósito CUST;58,00;4.466,00;;;0,00000000000000;
GA03;3G-03-06B;38;UN;110442;MACHADO P/CORTE 4P;F3;Utilização livre depósito CUST;54,00;2.052,00;;;0,00000000000000;
GA03;3G-03-06B;15;UN;114230;TERCADO COM CABO DE MADEIRA 28 (70CM);F3;Utilização livre depósito CUST;67,31;1.009,65;;;0,00000000000000;
GA03;3G-03-06B;10;UN;400349;CHAVE FIX UMA BOCA 1000 V ACV NIQ 12 MM;L2;Utilização livre depósito INVT;69,38;693,80;;;0,00000000000000;
GA03;3G-03-06B;50;UN;401727;CHAVE FIX ACV N09 ISOL 1000V NBR9699;L2;Utilização livre depósito INVT;41,07;2.053,50;;;0,00000000000000;
GA03;3G-03-06B;22;UN;402305;CHAVE FIX ACV N10 ISOL 1000V NBR9699;L2;Utilização livre depósito INVT;43,06;947,32;;;0,00000000000000;
GA03;3G-03-06B;2;UN;403915;MEDIDOR CORRENTE REDE PRIMARIA;L2;Utilização livre depósito INVT;19.310,40;38.620,80;;;0,00000000000000;
GA03;3G-03-06B;13;UN;405153;ARCO SERRA ISOL 1000V;L2;Utilização livre depósito INVT;1,00;13,00;;;0,00000000000000;
GA03;3G-03-06B;178;UN;802248;LUVA EMENDA CABO ALUM 50MM COMP 210 MM;F3;Utilização livre depósito CUST;12,79;2.276,62;;;0,00000000000000;
GA03;3G-03-06B;36;UN;803126;ROLAMENTO ESFERA INT 17X40X12MM;F3;Utilização livre depósito CUST;23,83;857,88;;;0,00000000000000;
GA03;3G-03-06B;31;UN;803127;ROLAMENTO ESFERA INT 20X47X14MM;F3;Utilização livre depósito CUST;32,20;998,20;;;0,00000000000000;
GA03;3G-03-06B;2;UN;804109;SERRA COPO P/ METAL 3/4 (19MM);F3;Utilização livre depósito CUST;22,77;45,54;;;0,00000000000000;
GA03;3G-03-06B;2;UN;804279;CHAVE FIX ACV N13 ISOL 1000V NBR9699;F3;Utilização livre depósito CUST;58,45;116,90;;;0,00000000000000;
GA03;3G-03-06B;1;UN;804319;SUPORTE GUIA SERRACOPO  1.3/8´´ 35MM;F3;Utilização livre depósito CUST;128,86;128,86;;;0,00000000000000;
GA03;3G-03-06B;32;UN;804605;SERRA COPO ACO BIMETAL 1.1/4 A 8.9/32MM;F3;Utilização livre depósito CUST;61,47;1.967,04;;;0,00000000000000;
GA03;3G-03-06C;24;UN;402625;GABINETE CONCENTR 12MOD 120V C/RADIO SMC;L2;Utilização livre depósito INVT;2.878,54;69.084,96;;;0,00000000000000;
GA03;3G-03-06D;20;UN;402625;GABINETE CONCENTR 12MOD 120V C/RADIO SMC;L2;Utilização livre depósito INVT;2.878,54;57.570,80;;;0,00000000000000;
GA03;3G-03-07A;100;UN;407356;SUPORTE TIPO L AÇO PERFILADO ZINCADO DAT;L2;Utilização livre depósito INVT;191,39;19.139,00;;;0,00000000000000;
GA03;3G-03-07A;1.440;UN;801135;PINO TOPO AC 25MM 389MM 2F 18X32MM;F3;Utilização livre depósito CUST;11,42;16.444,80;;;0,00000000000000;
GA03;3G-03-07B;24;UN;110026;INTERRUPTOR 03TECL SIMP 250V 10A;F3;Utilização livre depósito CUST;13,62;326,88;;;0,00000000000000;
GA03;3G-03-07B;2;UN;110036;INTERRUPTOR SOBREPOR 02 TECLAS;F3;Utilização livre depósito CUST;3,09;6,18;;;0,00000000000000;
GA03;3G-03-07B;5;UN;110235;INTERRUPTOR 02TECL 250V 10A;F3;Utilização livre depósito CUST;5,29;26,45;;;0,00000000000000;
GA03;3G-03-07B;30.067;UN;110244;REBITE REPUXO AL 4,8MM BROCA 4,9MM;F3;Utilização livre depósito CUST;0,11;3.307,37;;;0,00000000000000;
GA03;3G-03-07B;297;UN;110352;INTERRUPTOR SOBREPOR 1 TECLA;F3;Utilização livre depósito CUST;0,76;225,72;;;0,00000000000000;
GA03;3G-03-07B;147;UN;404219;PREGO COMUM 2.1/2 X 12BWG;L2;Utilização livre depósito INVT;18,90;2.778,30;;;0,00000000000000;
GA03;3G-03-07C;21;UN;110303;LAMPADA VAP MET 150W 220V OV E27;F3;Utilização livre depósito CUST;25,66;538,86;;;0,00000000000000;
GA03;3G-03-07C;3;UN;110370;TE ESGOTO PVC RIG 100X75MM;F3;Utilização livre depósito CUST;5,02;15,06;;;0,00000000000000;
GA03;3G-03-07C;2;UN;110460;TE ESGOTO PVC RIG 100X50MM;F3;Utilização livre depósito CUST;4,78;9,56;;;0,00000000000000;
GA03;3G-03-07C;11;UN;110466;TE ESGOTO PVC RIG 50X50MM;F3;Utilização livre depósito CUST;2,47;27,17;;;0,00000000000000;
GA03;3G-03-07C;4;UN;110467;TE ESGOTO PVC RIG 100X100MM;F3;Utilização livre depósito CUST;4,91;19,64;;;0,00000000000000;
GA03;3G-03-07C;20;UN;403820;BUCHA ELETRODUTO RIG OIT FOFO 50MM;L2;Utilização livre depósito INVT;7,88;157,60;;;0,00000000000000;
GA03;3G-03-07C;6;UN;801925;LUVA CORRER AGUA FRIA PVC RIG 40MM;F3;Utilização livre depósito CUST;13,24;79,44;;;0,00000000000000;
GA03;3G-03-07C;10;UN;802503;LUVA TUBO COND AGUA FRIA PVC RIG 60MM;F3;Utilização livre depósito CUST;10,75;107,50;;;0,00000000000000;
GA03;3G-03-07C;12;UN;802605;LUVA TUBO COND AGUA FRIA PVC RIG 40MM;F3;Utilização livre depósito CUST;2,66;31,92;;;0,00000000000000;
GA03;3G-03-07C;8;UN;802618;LUVA TUBO COND AGUA FRIA PVC RIG 32MM;F3;Utilização livre depósito CUST;1,61;12,88;;;0,00000000000000;
GA03;3G-03-07C;3;UN;802690;TE TUBO COND AGUA FRIA PVC RIG 3/4P;F3;Utilização livre depósito CUST;1,43;4,29;;;0,00000000000000;
GA03;3G-03-07C;2;UN;802760;TE TUBO COND AGUA FRIA PVC RIG 20MMX1/2P;F3;Utilização livre depósito CUST;3,65;7,30;;;0,00000000000000;
GA03;3G-03-07C;8;UN;802891;LUVA CORRER AGUA FRIA PVC RIG 50MM;F3;Utilização livre depósito CUST;16,45;131,60;;;0,00000000000000;
GA03;3G-03-07C;5;UN;802903;LUVA RED AGUA FRIA PVC RIG 50MMX1.1/2P;F3;Utilização livre depósito CUST;2,79;13,95;;;0,00000000000000;
GA03;3G-03-07C;13;UN;802923;LUVA RED AGUA FRIA PVC RIG 50X25MM;F3;Utilização livre depósito CUST;2,21;28,73;;;0,00000000000000;
GA03;3G-03-07C;12;UN;802942;LUVA RED AGUA FRIA PVC RIG 60X50MM;F3;Utilização livre depósito CUST;5,09;61,08;;;0,00000000000000;
GA03;3G-03-07C;11;UN;802963;LUVA RED AGUA FRIA PVC RIG 1X3/4P;F3;Utilização livre depósito CUST;1,52;16,72;;;0,00000000000000;
GA03;3G-03-07C;8;UN;803019;LUVA CORRER AGUA FRIA PVC RIG 60MM;F3;Utilização livre depósito CUST;21,79;174,32;;;0,00000000000000;
GA03;3G-03-07C;9;UN;803023;LUVA RED AGUA FRIA PVC RIG 40X32MM;F3;Utilização livre depósito CUST;2,58;23,22;;;0,00000000000000;
GA03;3G-03-07D;40;UN;402625;GABINETE CONCENTR 12MOD 120V C/RADIO SMC;L2;Utilização livre depósito INVT;2.878,54;115.141,60;;;0,00000000000000;
GA03;3G-03-08A;2.240;UN;402287;ARMACAO SEC PRESB 1EST 4,2MM ACO;L2;Utilização livre depósito INVT;10,88;24.371,20;;;0,00000000000000;
GA03;3G-03-08A;100;UN;407356;SUPORTE TIPO L AÇO PERFILADO ZINCADO DAT;L2;Utilização livre depósito INVT;191,39;19.139,00;;;0,00000000000000;
GA03;3G-03-08B;2;UN;110021;TE ESGOTO PVC RIG 75X50MM;F3;Utilização livre depósito CUST;4,63;9,26;;;0,00000000000000;
GA03;3G-03-08B;12;UN;402625;GABINETE CONCENTR 12MOD 120V C/RADIO SMC;L2;Utilização livre depósito INVT;2.878,54;34.542,48;;;0,00000000000000;
GA03;3G-03-08B;17;UN;800873;JOELHO 90G AG FR PVC RIG 60MM;F3;Utilização livre depósito CUST;23,40;397,80;;;0,00000000000000;
GA03;3G-03-08B;13;UN;802347;TE TUBO COND AGUA FRIA PVC RIG 1P;F3;Utilização livre depósito CUST;5,05;65,65;;;0,00000000000000;
GA03;3G-03-08B;13;UN;802354;TE TUBO COND AGUA FRIA PVC RIG 32MM;F3;Utilização livre depósito CUST;2,14;27,82;;;0,00000000000000;
GA03;3G-03-08B;10;UN;802675;TE TUBO COND PVC SOLD TUBO PVC 50MM;F3;Utilização livre depósito CUST;5,93;59,30;;;0,00000000000000;
GA03;3G-03-08B;6;UN;802740;TE TUBO COND AGUA FRIA PVC RIG 32MMX3/4P;F3;Utilização livre depósito CUST;8,81;52,86;;;0,00000000000000;
GA03;3G-03-08C;12;UN;110520;JOELHO 90G ESGOTO PVC RIG 75MM;F3;Utilização livre depósito CUST;2,63;31,56;;;0,00000000000000;
GA03;3G-03-08C;1;UN;110633;JOELHO 90G ESGOTO PVC RIG 150MM;F3;Utilização livre depósito CUST;23,75;23,75;;;0,00000000000000;
GA03;3G-03-08C;2;UN;800620;JOELHO 90G RED AG FR PVC RIG 32MMX3/4P;F3;Utilização livre depósito CUST;4,84;9,68;;;0,00000000000000;
GA03;3G-03-08C;21;UN;800626;JOELHO 90G AG FR PVC RIG 50MM;F3;Utilização livre depósito CUST;6,07;127,47;;;0,00000000000000;
GA03;3G-03-08C;11;UN;800629;JOELHO 90G AG FR PVC RIG 1.1/4P;F3;Utilização livre depósito CUST;6,22;68,42;;;0,00000000000000;
GA03;3G-03-08C;28;UN;800927;JOELHO 90G AG FR PVC RIG 2P;F3;Utilização livre depósito CUST;10,27;287,56;;;0,00000000000000;
GA03;3G-03-08C;12;UN;800936;JOELHO 90G AG FR PVC RIG 1P;F3;Utilização livre depósito CUST;2,32;27,84;;;0,00000000000000;
GA03;3G-03-08C;11;UN;802280;BUCHA RED CT PVC RIG 60X50MM;F3;Utilização livre depósito CUST;2,71;29,81;;;0,00000000000000;
GA03;3G-03-08C;8;UN;802307;BUCHA RED PVC RIG 1.1/2X1.1/4P;F3;Utilização livre depósito CUST;2,72;21,76;;;0,00000000000000;
GA03;3G-03-08C;16;UN;802368;BUCHA RED CT PVC RIG 1.1/4X1P;F3;Utilização livre depósito CUST;1,41;22,56;;;0,00000000000000;
GA03;3G-03-08C;6;UN;802373;BUCHA RED CT PVC RIG 50X40MM;F3;Utilização livre depósito CUST;1,80;10,80;;;0,00000000000000;
GA03;3G-03-08C;12;UN;802382;BUCHA RED CT PVC RIG 1.1/4X3/4P;F3;Utilização livre depósito CUST;1,88;22,56;;;0,00000000000000;
GA03;3G-03-08C;14;UN;802414;BUCHA RED CT PVC RIG 1.1/2X1P;F3;Utilização livre depósito CUST;2,15;30,10;;;0,00000000000000;
GA03;3G-03-08C;6;UN;802436;BUCHA RED CT PVC RIG 2X1P;F3;Utilização livre depósito CUST;5,04;30,24;;;0,00000000000000;
GA03;3G-03-08C;3;UN;802719;BUCHA RED CT PVC RIG 40X32MM;F3;Utilização livre depósito CUST;0,87;2,61;;;0,00000000000000;
GA03;3G-03-08C;8;UN;802739;BUCHA RED CT PVC RIG 1X3/4P;F3;Utilização livre depósito CUST;1,26;10,08;;;0,00000000000000;
GA03;3G-03-08C;8;UN;802768;BUCHA RED CT PVC RIG 1X1/2P;F3;Utilização livre depósito CUST;1,33;10,64;;;0,00000000000000;
GA03;3G-03-08C;3;UN;802779;BUCHA RED CT PVC RIG 1.1/2X3/4P;F3;Utilização livre depósito CUST;2,71;8,13;;;0,00000000000000;
GA03;3G-03-08D;36;UN;405293;CAIXA DE CABO UTP CAT 6;L2;Utilização livre depósito INVT;968,00;34.848,00;;;0,00000000000000;
GA03;3G-03-09A;4.160;UN;402287;ARMACAO SEC PRESB 1EST 4,2MM ACO;L2;Utilização livre depósito INVT;10,88;45.260,80;;;0,00000000000000;
GA03;3G-03-09B;3;UN;110665;UNIAO ELET RIG MC-FM AL 65MM (2.1/2P);F3;Utilização livre depósito CUST;18,07;54,21;;;0,00000000000000;
GA03;3G-03-09B;4;UN;403706;LUVA TUBO COND AGUA FRIA PVC RIG 2P;L2;Utilização livre depósito INVT;4,73;18,92;;;0,00000000000000;
GA03;3G-03-09B;9;UN;403980;LUVA TUBO COND AGUA FRIA PVC RIG 1.1/2P;L2;Utilização livre depósito INVT;0,80;7,20;;;0,00000000000000;
GA03;3G-03-09B;20;UN;404869;TE SOLDAVEL 60MM PVC AGUA FRIA;L2;Utilização livre depósito INVT;0,01;0,20;;;0,00000000000000;
GA03;3G-03-09B;9;UN;802286;ADAPTADOR CAIXA DAGUA PVC 1P;F3;Utilização livre depósito CUST;9,50;85,50;;;0,00000000000000;
GA03;3G-03-09B;7;UN;802355;UNIAO TUBO COND AGUA FRIA PVC RIG 40MM;F3;Utilização livre depósito CUST;14,72;103,04;;;0,00000000000000;
GA03;3G-03-09B;9;UN;802369;ADAPTADOR CAIXA DAGUA PVC 50MM;F3;Utilização livre depósito CUST;22,53;202,77;;;0,00000000000000;
GA03;3G-03-09B;30;UN;802372;ADAPTADOR CAIXA DAGUA PVC 25MM;F3;Utilização livre depósito CUST;8,53;255,90;;;0,00000000000000;
GA03;3G-03-09B;6;UN;802412;ADAPTADOR CAIXA DAGUA PVC 1.1/4P;F3;Utilização livre depósito CUST;14,25;85,50;;;0,00000000000000;
GA03;3G-03-09B;6;UN;802431;ADAPTADOR CAIXA DAGUA PVC 32MM;F3;Utilização livre depósito CUST;11,10;66,60;;;0,00000000000000;
GA03;3G-03-09B;10;UN;802439;ADAPTADOR CAIXA DAGUA PVC 40MM;F3;Utilização livre depósito CUST;19,75;197,50;;;0,00000000000000;
GA03;3G-03-09B;6;UN;802502;LUVA CORRER AGUA FRIA PVC RIG 1/1.4P;F3;Utilização livre depósito CUST;8,24;49,44;;;0,00000000000000;
GA03;3G-03-09B;6;UN;802548;LUVA CORRER AGUA FRIA PVC RIG 75MM;F3;Utilização livre depósito CUST;14,18;85,08;;;0,00000000000000;
GA03;3G-03-09B;4;UN;802567;LUVA TUBO COND AGUA FRIA PVC RIG 2P;F3;Utilização livre depósito CUST;4,73;18,92;;;0,00000000000000;
GA03;3G-03-09B;10;UN;802590;NIPLE TUBO COND AGUA FRIA PVC RIG 1.1/4P;F3;Utilização livre depósito CUST;2,80;28,00;;;0,00000000000000;
GA03;3G-03-09B;11;UN;802710;ADAPTADOR CAIXA DAGUA PVC 60MM;F3;Utilização livre depósito CUST;29,37;323,07;;;0,00000000000000;
GA03;3G-03-09B;30;UN;802738;ADAPTADOR CAIXA DAGUA PVC 20MM;F3;Utilização livre depósito CUST;6,19;185,70;;;0,00000000000000;
GA03;3G-03-09B;13;UN;802782;ADAPTADOR CAIXA DAGUA PVC 1/2P C/ANEL;F3;Utilização livre depósito CUST;5,22;67,86;;;0,00000000000000;
GA03;3G-03-09B;6;UN;802957;LUVA TUBO COND AGUA FRIA PVC RIG 50MM;F3;Utilização livre depósito CUST;3,34;20,04;;;0,00000000000000;
GA03;3G-03-09B;11;UN;802960;LUVA CORRER AGUA FRIA PVC RIG 2P;F3;Utilização livre depósito CUST;16,09;176,99;;;0,00000000000000;
GA03;3G-03-09B;2;UN;802976;NIPLE TUBO COND AGUA FRIA PVC RIG 1P;F3;Utilização livre depósito CUST;1,40;2,80;;;0,00000000000000;
GA03;3G-03-09B;6;UN;803010;ADAPTADOR CAIXA DAGUA PVC 2P;F3;Utilização livre depósito CUST;28,50;171,00;;;0,00000000000000;
GA03;3G-03-09C;20;UN;110336;TE TUBO COND AGUA FRIA PVC RIG 1.1/4P;F3;Utilização livre depósito CUST;9,86;197,20;;;0,00000000000000;
GA03;3G-03-09C;14;UN;110657;TE ESGOTO PVC RIG 40X40MM;F3;Utilização livre depósito CUST;0,88;12,32;;;0,00000000000000;
GA03;3G-03-09C;3;UN;110662;TE ESGOTO PVC RIG 75X75MM;F3;Utilização livre depósito CUST;4,98;14,94;;;0,00000000000000;
GA03;3G-03-09C;10;UN;111225;ENGATE FLEX PLAS 50CMX1/2P;F3;Utilização livre depósito CUST;2,84;28,40;;;0,00000000000000;
GA03;3G-03-09C;20;UN;802262;TE TUBO COND AGUA FRIA PVC RIG 2P;F3;Utilização livre depósito CUST;15,78;315,60;;;0,00000000000000;
GA03;3G-03-09C;26;UN;802294;PLUG AGUA FRIA PVC RIG 2P;F3;Utilização livre depósito CUST;4,75;123,50;;;0,00000000000000;
GA03;3G-03-09C;9;UN;802308;ENGATE FLEXIVEL PVC 1/2P 40CM;F3;Utilização livre depósito CUST;2,45;22,05;;;0,00000000000000;
GA03;3G-03-09C;8;UN;802328;UNIAO TUBO COND AGUA FRIA PVC RIG 60MM;F3;Utilização livre depósito CUST;39,91;319,28;;;0,00000000000000;
GA03;3G-03-09C;12;UN;802331;UNIAO TUBO COND AGUA FRIA PVC RIG 1.1/4P;F3;Utilização livre depósito CUST;11,40;136,80;;;0,00000000000000;
GA03;3G-03-09C;13;UN;802343;UNIAO TUBO COND AGUA FRIA PVC RIG 1.1/2P;F3;Utilização livre depósito CUST;11,40;148,20;;;0,00000000000000;
GA03;3G-03-09C;11;UN;802350;TE TUBO COND AGUA FRIA PVC RIG 25MM;F3;Utilização livre depósito CUST;0,69;7,59;;;0,00000000000000;
GA03;3G-03-09C;30;UN;802376;CAP TUBO COND AGUA FRIA PVC RIG 1.1/4P;F3;Utilização livre depósito CUST;5,70;171,00;;;0,00000000000000;
GA03;3G-03-09C;13;UN;802432;CAP TUBO COND AGUA FRIA PVC RIG 40MM;F3;Utilização livre depósito CUST;2,16;28,08;;;0,00000000000000;
GA03;3G-03-09C;14;UN;802453;CAP TUBO COND AGUA FRIA PVC RIG 50MM;F3;Utilização livre depósito CUST;3,38;47,32;;;0,00000000000000;
GA03;3G-03-09C;7;UN;802613;NIPLE TUBO COND AGUA FRIA PVC RIG 1.1/2P;F3;Utilização livre depósito CUST;2,81;19,67;;;0,00000000000000;
GA03;3G-03-09C;14;UN;802625;PLUG AGUA FRIA PVC RIG 1.1/2P;F3;Utilização livre depósito CUST;2,58;36,12;;;0,00000000000000;
GA03;3G-03-09C;5;UN;802659;PLUG AGUA FRIA PVC RIG 1P;F3;Utilização livre depósito CUST;1,28;6,40;;;0,00000000000000;
GA03;3G-03-09C;9;UN;802712;CAP TUBO COND AGUA FRIA PVC RIG 60MM;F3;Utilização livre depósito CUST;6,14;55,26;;;0,00000000000000;
GA03;3G-03-09C;20;UN;802732;UNIAO TUBO COND AGUA FRIA PVC RIG 25MM;F3;Utilização livre depósito CUST;4,29;85,80;;;0,00000000000000;
GA03;3G-03-09C;9;UN;802753;UNIAO TUBO COND AGUA FRIA PVC RIG 2P;F3;Utilização livre depósito CUST;14,25;128,25;;;0,00000000000000;
GA03;3G-03-09C;5;UN;802886;UNIAO TUBO COND AGUA FRIA PVC RIG 50MM;F3;Utilização livre depósito CUST;13,79;68,95;;;0,00000000000000;
GA03;3G-03-09C;16;UN;802913;TE TUBO COND AGUA FRIA PVC RIG 40MM;F3;Utilização livre depósito CUST;5,34;85,44;;;0,00000000000000;
GA03;3G-03-09C;4;UN;802931;NIPLE TUBO COND AGUA FRIA PVC RIG 2P;F3;Utilização livre depósito CUST;5,22;20,88;;;0,00000000000000;
GA03;3G-03-09C;46;UN;802949;TE TUBO COND AGUA FRIA PVC RIG 25MMX1/2P;F3;Utilização livre depósito CUST;11,61;534,06;;;0,00000000000000;
GA03;3G-03-09C;13;UN;803005;CAP TUBO COND AGUA FRIA PVC RIG 1.1/2P;F3;Utilização livre depósito CUST;4,74;61,62;;;0,00000000000000;
GA03;3G-03-09D;24;UN;400361;ANTENA PLANO TERRA OD 9DBI 50OHMS 200W;L2;Utilização livre depósito INVT;400,00;9.600,00;;;0,00000000000000;
GA03;3G-03-09D;20;UN;402215;LUMINARIA INDUSTRIAL AC 16W;L2;Utilização livre depósito INVT;67,70;1.354,00;;;0,00000000000000;
GA03;3G-03-10A;62;UN;403168;SUPORTE PARA CAIXA SMC;L2;Utilização livre depósito INVT;187,83;11.645,46;;;0,00000000000000;
GA03;3G-03-10A;100;UN;407356;SUPORTE TIPO L AÇO PERFILADO ZINCADO DAT;L2;Utilização livre depósito INVT;191,39;19.139,00;;;0,00000000000000;
GA03;3G-03-10B;1;UN;111772;ALICATE PRENSA TERMINAIS AP-056;F3;Utilização livre depósito CUST;256,05;256,05;;;0,00000000000000;
GA03;3G-03-10B;35;UN;120366;CAPUZ DE SEGURANCA TIPO BALACLAVA;F3;Utilização livre depósito CUST;115,11;4.028,85;;;0,00000000000000;
GA03;3G-03-10B;12;UN;402625;GABINETE CONCENTR 12MOD 120V C/RADIO SMC;L2;Utilização livre depósito INVT;2.878,54;34.542,48;;;0,00000000000000;
GA03;3G-03-10B;3;UN;404156;ALICATE PRENSA TERMINAIS AP-056;L2;Utilização livre depósito INVT;256,05;768,15;;;0,00000000000000;
GA03;3G-03-10B;4;UN;404508;FERRO SOLDA  220 V PONTA TRATADA 60W;L2;Utilização livre depósito INVT;57,80;231,20;;;0,00000000000000;
GA03;3G-03-10B;369;UN;803631;LAMINA SERRA ACO RAP 300X13MM 0,65MM 18D;F3;Utilização livre depósito CUST;0,05;18,45;;;0,00000000000000;
GA03;3G-03-10B;7;UN;804027;LIMA CHATA BASTARDA DE 6;F3;Utilização livre depósito CUST;29,01;203,07;;;0,00000000000000;
GA03;3G-03-10B;7;UN;804028;LIMA REDONDA MURÇA DE 6;F3;Utilização livre depósito CUST;36,53;255,71;;;0,00000000000000;
GA03;3G-03-10B;8;UN;804556;JOGO CHAVES  ALLEN TIPO CANIVETE 09 PCS;F3;Utilização livre depósito CUST;57,64;461,12;;;0,00000000000000;
GA03;3G-03-10C;110;UN;110071;REATOR ELETRONICO DUP 2X30/32W 127/220V;F3;Utilização livre depósito CUST;14,54;1.599,40;;;0,00000000000000;
GA03;3G-03-10C;3;UN;110341;TE ESGOTO PVC RIG 150X100MM;F3;Utilização livre depósito CUST;23,75;71,25;;;0,00000000000000;
GA03;3G-03-10C;97;UN;110567;REATOR ELETRONICO DUP 2X22W 127/220V;F3;Utilização livre depósito CUST;14,50;1.406,50;;;0,00000000000000;
GA03;3G-03-10C;14;UN;401571;ARQUIVO AC 133X49X72CM 4GAV CZ;L2;Utilização livre depósito INVT;441,99;6.187,86;;;0,00000000000000;
GA03;3G-03-10D;31;UN;110029;MALETA FERRAM AC 5GAV RODA 605X200X390MM;F3;Utilização livre depósito CUST;42,04;1.303,24;;;0,00000000000000;
GA03;3G-03-10D;147;UN;403324;CAIXA DERIVACAO 4F;L2;Utilização livre depósito INVT;42,58;6.259,26;;;0,00000000000000;
GA03;3G-03-11A;2.240;UN;402287;ARMACAO SEC PRESB 1EST 4,2MM ACO;L2;Utilização livre depósito INVT;10,88;24.371,20;;;0,00000000000000;
GA03;3G-03-11A;2.240;UN;801178;ARMACAO SEC PRESB 1EST 4,2MM ACO;F3;Utilização livre depósito CUST;13,75;30.800,00;;;0,00000000000000;
GA03;3G-03-11B;24;UN;402625;GABINETE CONCENTR 12MOD 120V C/RADIO SMC;L2;Utilização livre depósito INVT;2.878,54;69.084,96;;;0,00000000000000;
GA03;3G-03-11C;24;UN;402625;GABINETE CONCENTR 12MOD 120V C/RADIO SMC;L2;Utilização livre depósito INVT;2.878,54;69.084,96;;;0,00000000000000;
GA03;3G-03-11D;467;UN;802173;CAIXA DERIVACAO 4F;F3;Utilização livre depósito CUST;15,10;7.051,70;;;0,00000000000000;
GA03;3G-03-12A;4.476;UN;801178;ARMACAO SEC PRESB 1EST 4,2MM ACO;F3;Utilização livre depósito CUST;13,75;61.545,00;;;0,00000000000000;
GA03;3G-03-12B;24;UN;402625;GABINETE CONCENTR 12MOD 120V C/RADIO SMC;L2;Utilização livre depósito INVT;2.878,54;69.084,96;;;0,00000000000000;
GA03;3G-03-12C;24;UN;402625;GABINETE CONCENTR 12MOD 120V C/RADIO SMC;L2;Utilização livre depósito INVT;2.878,54;69.084,96;;;0,00000000000000;
GA03;3G-03-12D;96;UN;402527;MED IN 1E 2F 120V 100A SMC DR B;L2;Utilização livre depósito INVT;213,78;20.522,88;;;0,00000000000000;
GA03;3G-03-12D;96;UN;402570;UNIDADE DE LEITURA INDIVIDUAL TLI - SMC;L2;Utilização livre depósito INVT;125,79;12.075,84;;;0,00000000000000;
GA03;3G-03-12D;8;UN;402625;GABINETE CONCENTR 12MOD 120V C/RADIO SMC;L2;Utilização livre depósito INVT;2.878,54;23.028,32;;;0,00000000000000;
GA03;3G-03-12D;330;UN;802173;CAIXA DERIVACAO 4F;F3;Utilização livre depósito CUST;15,10;4.983,00;;;0,00000000000000;
GA03;3G-03-13A;4.456;UN;402287;ARMACAO SEC PRESB 1EST 4,2MM ACO;L2;Utilização livre depósito INVT;10,88;48.481,28;;;0,00000000000000;
GA03;3G-03-13B;19;UN;120456;EXTINTOR PORTATIL AGUA PRESSURIZADA 10 L;F3;Utilização livre depósito CUST;230,00;4.370,00;;;0,00000000000000;
GA03;3G-03-13B;5;UN;407014;CAIXA DE COMUNICACAO RELIGADOR MONOFAS;L2;Utilização livre depósito INVT;24.253,50;121.267,50;;;0,00000000000000;
GA03;3G-03-13C;24;UN;402625;GABINETE CONCENTR 12MOD 120V C/RADIO SMC;L2;Utilização livre depósito INVT;2.878,54;69.084,96;;;0,00000000000000;
GA03;3G-03-14A;2.240;UN;402287;ARMACAO SEC PRESB 1EST 4,2MM ACO;L2;Utilização livre depósito INVT;10,88;24.371,20;;;0,00000000000000;
GA03;3G-03-14A;2.240;UN;801178;ARMACAO SEC PRESB 1EST 4,2MM ACO;F3;Utilização livre depósito CUST;13,75;30.800,00;;;0,00000000000000;
GA03;3G-03-14B;8;UN;120454;EXTINTOR PORTATIL PO QUIMICO ABC 6KG;F3;Utilização livre depósito CUST;200,00;1.600,00;;;0,00000000000000;
GA03;3G-03-14B;2;UN;120455;EXTINTOR PORTATIL PO QUIMICO BC 6KG;F3;Utilização livre depósito CUST;199,75;399,50;;;0,00000000000000;
GA03;3G-03-14C;24;UN;402625;GABINETE CONCENTR 12MOD 120V C/RADIO SMC;L2;Utilização livre depósito INVT;2.878,54;69.084,96;;;0,00000000000000;
GA03;3G-03-15A;2.240;UN;402287;ARMACAO SEC PRESB 1EST 4,2MM ACO;L2;Utilização livre depósito INVT;10,88;24.371,20;;;0,00000000000000;
GA03;3G-03-15A;2.240;UN;801178;ARMACAO SEC PRESB 1EST 4,2MM ACO;F3;Utilização livre depósito CUST;13,75;30.800,00;;;0,00000000000000;
GA03;3G-03-15B;24;UN;402625;GABINETE CONCENTR 12MOD 120V C/RADIO SMC;L2;Utilização livre depósito INVT;2.878,54;69.084,96;;;0,00000000000000;
GA03;3G-03-15C;24;UN;402625;GABINETE CONCENTR 12MOD 120V C/RADIO SMC;L2;Utilização livre depósito INVT;2.878,54;69.084,96;;;0,00000000000000;
GA03;3G-03-15D;96;UN;402527;MED IN 1E 2F 120V 100A SMC DR B;L2;Utilização livre depósito INVT;213,78;20.522,88;;;0,00000000000000;
GA03;3G-03-15D;96;UN;402570;UNIDADE DE LEITURA INDIVIDUAL TLI - SMC;L2;Utilização livre depósito INVT;125,79;12.075,84;;;0,00000000000000;
GA03;3G-03-15D;8;UN;402625;GABINETE CONCENTR 12MOD 120V C/RADIO SMC;L2;Utilização livre depósito INVT;2.878,54;23.028,32;;;0,00000000000000;
GA03;3G-03-16A;4.480;UN;402287;ARMACAO SEC PRESB 1EST 4,2MM ACO;L2;Utilização livre depósito INVT;10,88;48.742,40;;;0,00000000000000;
GA03;3G-03-16C;24;UN;402625;GABINETE CONCENTR 12MOD 120V C/RADIO SMC;L2;Utilização livre depósito INVT;2.878,54;69.084,96;;;0,00000000000000;
GA03;3G-03-16D;192;UN;402527;MED IN 1E 2F 120V 100A SMC DR B;L2;Utilização livre depósito INVT;213,78;41.045,76;;;0,00000000000000;
GA03;3G-03-16D;192;UN;402570;UNIDADE DE LEITURA INDIVIDUAL TLI - SMC;L2;Utilização livre depósito INVT;125,79;24.151,68;;;0,00000000000000;
GA03;3G-03-16D;16;UN;402625;GABINETE CONCENTR 12MOD 120V C/RADIO SMC;L2;Utilização livre depósito INVT;2.878,54;46.056,64;;;0,00000000000000;
GA03;3G-04-01A;144;UN;404818;SUPORTE TRAFO CIRCULAR 285MM;L2;Utilização livre depósito INVT;68,60;9.878,40;;;0,00000000000000;
GA03;3G-04-01A;100;UN;407356;SUPORTE TIPO L AÇO PERFILADO ZINCADO DAT;L2;Utilização livre depósito INVT;191,39;19.139,00;;;0,00000000000000;
GA03;3G-04-01B;24;UN;402625;GABINETE CONCENTR 12MOD 120V C/RADIO SMC;L2;Utilização livre depósito INVT;2.878,54;69.084,96;;;0,00000000000000;
GA03;3G-04-01C;24;UN;402625;GABINETE CONCENTR 12MOD 120V C/RADIO SMC;L2;Utilização livre depósito INVT;2.878,54;69.084,96;;;0,00000000000000;
GA03;3G-04-01D;32;UN;402625;GABINETE CONCENTR 12MOD 120V C/RADIO SMC;L2;Utilização livre depósito INVT;2.878,54;92.113,28;;;0,00000000000000;
GA03;3G-04-02A;2.104;UN;403686;BARRA P/2 CAIXAS;L2;Utilização livre depósito INVT;56,70;119.296,80;;;0,00000000000000;
GA03;3G-04-02B;24;UN;402625;GABINETE CONCENTR 12MOD 120V C/RADIO SMC;L2;Utilização livre depósito INVT;2.878,54;69.084,96;;;0,00000000000000;
GA03;3G-04-02C;24;UN;402625;GABINETE CONCENTR 12MOD 120V C/RADIO SMC;L2;Utilização livre depósito INVT;2.878,54;69.084,96;;;0,00000000000000;
GA03;3G-04-02D;32;UN;402625;GABINETE CONCENTR 12MOD 120V C/RADIO SMC;L2;Utilização livre depósito INVT;2.878,54;92.113,28;;;0,00000000000000;
GA03;3G-04-03A;100;UN;407356;SUPORTE TIPO L AÇO PERFILADO ZINCADO DAT;L2;Utilização livre depósito INVT;191,39;19.139,00;;;0,00000000000000;
GA03;3G-04-03A;50;UN;805471;ELETRODUTO CORRUG KANAFLEX 6P;F3;Utilização livre depósito CUST;46,71;2.335,50;;;0,00000000000000;
GA03;3G-04-03B;24;UN;402625;GABINETE CONCENTR 12MOD 120V C/RADIO SMC;L2;Utilização livre depósito INVT;2.878,54;69.084,96;;;0,00000000000000;
GA03;3G-04-03C;24;UN;402625;GABINETE CONCENTR 12MOD 120V C/RADIO SMC;L2;Utilização livre depósito INVT;2.878,54;69.084,96;;;0,00000000000000;
GA03;3G-04-03D;32;UN;402625;GABINETE CONCENTR 12MOD 120V C/RADIO SMC;L2;Utilização livre depósito INVT;2.878,54;92.113,28;;;0,00000000000000;
GA03;3G-04-04A;100;UN;403168;SUPORTE PARA CAIXA SMC;L2;Utilização livre depósito INVT;187,83;18.783,00;;;0,00000000000000;
GA03;3G-04-04A;1.200;UN;403686;BARRA P/2 CAIXAS;L2;Utilização livre depósito INVT;56,70;68.040,00;;;0,00000000000000;
GA03;3G-04-04A;100;UN;407356;SUPORTE TIPO L AÇO PERFILADO ZINCADO DAT;L2;Utilização livre depósito INVT;191,39;19.139,00;;;0,00000000000000;
GA03;3G-04-04B;24;UN;402625;GABINETE CONCENTR 12MOD 120V C/RADIO SMC;L2;Utilização livre depósito INVT;2.878,54;69.084,96;;;0,00000000000000;
GA03;3G-04-04C;24;UN;402625;GABINETE CONCENTR 12MOD 120V C/RADIO SMC;L2;Utilização livre depósito INVT;2.878,54;69.084,96;;;0,00000000000000;
GA03;3G-04-04D;32;UN;402625;GABINETE CONCENTR 12MOD 120V C/RADIO SMC;L2;Utilização livre depósito INVT;2.878,54;92.113,28;;;0,00000000000000;
GA03;3G-04-05A;200;UN;403168;SUPORTE PARA CAIXA SMC;L2;Utilização livre depósito INVT;187,83;37.566,00;;;0,00000000000000;
GA03;3G-04-05B;24;UN;402625;GABINETE CONCENTR 12MOD 120V C/RADIO SMC;L2;Utilização livre depósito INVT;2.878,54;69.084,96;;;0,00000000000000;
GA03;3G-04-05C;24;UN;402625;GABINETE CONCENTR 12MOD 120V C/RADIO SMC;L2;Utilização livre depósito INVT;2.878,54;69.084,96;;;0,00000000000000;
GA03;3G-04-05D;32;UN;402625;GABINETE CONCENTR 12MOD 120V C/RADIO SMC;L2;Utilização livre depósito INVT;2.878,54;92.113,28;;;0,00000000000000;
GA03;3G-04-06A;100;UN;403168;SUPORTE PARA CAIXA SMC;L2;Utilização livre depósito INVT;187,83;18.783,00;;;0,00000000000000;
GA03;3G-04-06A;100;UN;407356;SUPORTE TIPO L AÇO PERFILADO ZINCADO DAT;L2;Utilização livre depósito INVT;191,39;19.139,00;;;0,00000000000000;
GA03;3G-04-06B;24;UN;402625;GABINETE CONCENTR 12MOD 120V C/RADIO SMC;L2;Utilização livre depósito INVT;2.878,54;69.084,96;;;0,00000000000000;
GA03;3G-04-06C;24;UN;402625;GABINETE CONCENTR 12MOD 120V C/RADIO SMC;L2;Utilização livre depósito INVT;2.878,54;69.084,96;;;0,00000000000000;
GA03;3G-04-06D;28;UN;402625;GABINETE CONCENTR 12MOD 120V C/RADIO SMC;L2;Utilização livre depósito INVT;2.878,54;80.599,12;;;0,00000000000000;
GA03;3G-04-07A;200;UN;407356;SUPORTE TIPO L AÇO PERFILADO ZINCADO DAT;L2;Utilização livre depósito INVT;191,39;38.278,00;;;0,00000000000000;
GA03;3G-04-07B;24;UN;402625;GABINETE CONCENTR 12MOD 120V C/RADIO SMC;L2;Utilização livre depósito INVT;2.878,54;69.084,96;;;0,00000000000000;
GA03;3G-04-07C;24;UN;402625;GABINETE CONCENTR 12MOD 120V C/RADIO SMC;L2;Utilização livre depósito INVT;2.878,54;69.084,96;;;0,00000000000000;
GA03;3G-04-07D;32;UN;402625;GABINETE CONCENTR 12MOD 120V C/RADIO SMC;L2;Utilização livre depósito INVT;2.878,54;92.113,28;;;0,00000000000000;
GA03;3G-04-08A;200;UN;407356;SUPORTE TIPO L AÇO PERFILADO ZINCADO DAT;L2;Utilização livre depósito INVT;191,39;38.278,00;;;0,00000000000000;
GA03;3G-04-08B;24;UN;402625;GABINETE CONCENTR 12MOD 120V C/RADIO SMC;L2;Utilização livre depósito INVT;2.878,54;69.084,96;;;0,00000000000000;
GA03;3G-04-08C;24;UN;402625;GABINETE CONCENTR 12MOD 120V C/RADIO SMC;L2;Utilização livre depósito INVT;2.878,54;69.084,96;;;0,00000000000000;
GA03;3G-04-08D;32;UN;402625;GABINETE CONCENTR 12MOD 120V C/RADIO SMC;L2;Utilização livre depósito INVT;2.878,54;92.113,28;;;0,00000000000000;
GA03;3G-04-09A;100;UN;403168;SUPORTE PARA CAIXA SMC;L2;Utilização livre depósito INVT;187,83;18.783,00;;;0,00000000000000;
GA03;3G-04-09A;100;UN;407356;SUPORTE TIPO L AÇO PERFILADO ZINCADO DAT;L2;Utilização livre depósito INVT;191,39;19.139,00;;;0,00000000000000;
GA03;3G-04-09B;24;UN;402625;GABINETE CONCENTR 12MOD 120V C/RADIO SMC;L2;Utilização livre depósito INVT;2.878,54;69.084,96;;;0,00000000000000;
GA03;3G-04-09C;24;UN;402625;GABINETE CONCENTR 12MOD 120V C/RADIO SMC;L2;Utilização livre depósito INVT;2.878,54;69.084,96;;;0,00000000000000;
GA03;3G-04-09D;32;UN;402625;GABINETE CONCENTR 12MOD 120V C/RADIO SMC;L2;Utilização livre depósito INVT;2.878,54;92.113,28;;;0,00000000000000;
GA03;3G-04-10A;200;UN;403168;SUPORTE PARA CAIXA SMC;L2;Utilização livre depósito INVT;187,83;37.566,00;;;0,00000000000000;
GA03;3G-04-10B;24;UN;402625;GABINETE CONCENTR 12MOD 120V C/RADIO SMC;L2;Utilização livre depósito INVT;2.878,54;69.084,96;;;0,00000000000000;
GA03;3G-04-10C;24;UN;402625;GABINETE CONCENTR 12MOD 120V C/RADIO SMC;L2;Utilização livre depósito INVT;2.878,54;69.084,96;;;0,00000000000000;
GA03;3G-04-10D;32;UN;402625;GABINETE CONCENTR 12MOD 120V C/RADIO SMC;L2;Utilização livre depósito INVT;2.878,54;92.113,28;;;0,00000000000000;
GA03;3G-04-11A;200;UN;403168;SUPORTE PARA CAIXA SMC;L2;Utilização livre depósito INVT;187,83;37.566,00;;;0,00000000000000;
GA03;3G-04-11B;24;UN;402625;GABINETE CONCENTR 12MOD 120V C/RADIO SMC;L2;Utilização livre depósito INVT;2.878,54;69.084,96;;;0,00000000000000;
GA03;3G-04-11C;24;UN;402625;GABINETE CONCENTR 12MOD 120V C/RADIO SMC;L2;Utilização livre depósito INVT;2.878,54;69.084,96;;;0,00000000000000;
GA03;3G-04-11D;32;UN;402625;GABINETE CONCENTR 12MOD 120V C/RADIO SMC;L2;Utilização livre depósito INVT;2.878,54;92.113,28;;;0,00000000000000;
GA03;3G-04-12A;200;UN;403168;SUPORTE PARA CAIXA SMC;L2;Utilização livre depósito INVT;187,83;37.566,00;;;0,00000000000000;
GA03;3G-04-12B;24;UN;402625;GABINETE CONCENTR 12MOD 120V C/RADIO SMC;L2;Utilização livre depósito INVT;2.878,54;69.084,96;;;0,00000000000000;
GA03;3G-04-12C;24;UN;402625;GABINETE CONCENTR 12MOD 120V C/RADIO SMC;L2;Utilização livre depósito INVT;2.878,54;69.084,96;;;0,00000000000000;
GA03;3G-04-12D;32;UN;402625;GABINETE CONCENTR 12MOD 120V C/RADIO SMC;L2;Utilização livre depósito INVT;2.878,54;92.113,28;;;0,00000000000000;
GA03;3G-04-13A;200;UN;403168;SUPORTE PARA CAIXA SMC;L2;Utilização livre depósito INVT;187,83;37.566,00;;;0,00000000000000;
GA03;3G-04-13B;24;UN;402625;GABINETE CONCENTR 12MOD 120V C/RADIO SMC;L2;Utilização livre depósito INVT;2.878,54;69.084,96;;;0,00000000000000;
GA03;3G-04-13C;24;UN;402625;GABINETE CONCENTR 12MOD 120V C/RADIO SMC;L2;Utilização livre depósito INVT;2.878,54;69.084,96;;;0,00000000000000;
GA03;3G-04-13D;32;UN;402625;GABINETE CONCENTR 12MOD 120V C/RADIO SMC;L2;Utilização livre depósito INVT;2.878,54;92.113,28;;;0,00000000000000;
GA03;3G-04-14A;200;UN;407356;SUPORTE TIPO L AÇO PERFILADO ZINCADO DAT;L2;Utilização livre depósito INVT;191,39;38.278,00;;;0,00000000000000;
GA03;3G-04-14B;24;UN;402625;GABINETE CONCENTR 12MOD 120V C/RADIO SMC;L2;Utilização livre depósito INVT;2.878,54;69.084,96;;;0,00000000000000;
GA03;3G-04-14C;24;UN;402625;GABINETE CONCENTR 12MOD 120V C/RADIO SMC;L2;Utilização livre depósito INVT;2.878,54;69.084,96;;;0,00000000000000;
GA03;3G-04-14D;32;UN;402625;GABINETE CONCENTR 12MOD 120V C/RADIO SMC;L2;Utilização livre depósito INVT;2.878,54;92.113,28;;;0,00000000000000;
GA03;3G-04-15A;200;UN;403168;SUPORTE PARA CAIXA SMC;L2;Utilização livre depósito INVT;187,83;37.566,00;;;0,00000000000000;
GA03;3G-04-15B;24;UN;402625;GABINETE CONCENTR 12MOD 120V C/RADIO SMC;L2;Utilização livre depósito INVT;2.878,54;69.084,96;;;0,00000000000000;
GA03;3G-04-15C;24;UN;402625;GABINETE CONCENTR 12MOD 120V C/RADIO SMC;L2;Utilização livre depósito INVT;2.878,54;69.084,96;;;0,00000000000000;
GA03;3G-04-15D;28;UN;402625;GABINETE CONCENTR 12MOD 120V C/RADIO SMC;L2;Utilização livre depósito INVT;2.878,54;80.599,12;;;0,00000000000000;
GA03;3G-04-16A;200;UN;407356;SUPORTE TIPO L AÇO PERFILADO ZINCADO DAT;L2;Utilização livre depósito INVT;191,39;38.278,00;;;0,00000000000000;
GA03;3G-04-16B;24;UN;402625;GABINETE CONCENTR 12MOD 120V C/RADIO SMC;L2;Utilização livre depósito INVT;2.878,54;69.084,96;;;0,00000000000000;
GA03;3G-04-16C;24;UN;402625;GABINETE CONCENTR 12MOD 120V C/RADIO SMC;L2;Utilização livre depósito INVT;2.878,54;69.084,96;;;0,00000000000000;
GA03;3G-04-16D;32;UN;402625;GABINETE CONCENTR 12MOD 120V C/RADIO SMC;L2;Utilização livre depósito INVT;2.878,54;92.113,28;;;0,00000000000000;
GA03;3G-05-01A;1.500;UN;400484;CINTA POSTE CIRC ACO 280MM;L2;Utilização livre depósito INVT;15,98;23.970,00;;;0,00000000000000;
GA03;3G-05-01A;100;UN;403168;SUPORTE PARA CAIXA SMC;L2;Utilização livre depósito INVT;187,83;18.783,00;;;0,00000000000000;
GA03;3G-05-01B;2;UN;400751;CANCELA ACIONAMENTO AUT 6M AC;L2;Utilização livre depósito INVT;4.010,71;8.021,42;;;0,00000000000000;
GA03;3G-05-01B;1;UN;403248;TRAFO CRTE SIST DIST 15KV INT BAR 40-5A;L2;Utilização livre depósito INVT;739,40;739,40;;;0,00000000000000;
GA03;3G-05-01B;42;UN;404229;"TRAFO CRTE 15KV; 30-5A; 0,3C12,5 BARRA";L2;Utilização livre depósito INVT;853,26;35.836,92;;;0,00000000000000;
GA03;3G-05-01B;3;UN;804130;JUMPER DE LINHA VIVA;F3;Utilização livre depósito CUST;48,00;144,00;;;0,00000000000000;
GA03;3G-05-01B;6;UN;805226;INVERSOR AMBIENTE SEMI-INT 15~45GC 100%;F3;Utilização livre depósito CUST;263,72;1.582,32;;;0,00000000000000;
GA03;3G-05-01C;480;UN;404720;CAIXA POLIMERICA P/ DISJUN 195X290X140MM;L2;Utilização livre depósito INVT;35,64;17.107,20;;;0,00000000000000;
GA03;3G-05-02A;100;UN;403168;SUPORTE PARA CAIXA SMC;L2;Utilização livre depósito INVT;187,83;18.783,00;;;0,00000000000000;
GA03;3G-05-02B;84;UN;402195;"TRAFO CRTE 15KV; 75-5A; 0,3C12,5 BARRA";L2;Utilização livre depósito INVT;324,68;27.273,12;;;0,00000000000000;
GA03;3G-05-02C;240;UN;404720;CAIXA POLIMERICA P/ DISJUN 195X290X140MM;L2;Utilização livre depósito INVT;35,64;8.553,60;;;0,00000000000000;
GA03;3G-05-03A;200;UN;407356;SUPORTE TIPO L AÇO PERFILADO ZINCADO DAT;L2;Utilização livre depósito INVT;191,39;38.278,00;;;0,00000000000000;
GA03;3G-05-03B;84;UN;401389;TRAFO CRTE 15KV 100-5A 0,3C 1,5X;L2;Utilização livre depósito INVT;233,73;19.633,32;;;0,00000000000000;
GA03;3G-05-03B;84;UN;402195;"TRAFO CRTE 15KV; 75-5A; 0,3C12,5 BARRA";L2;Utilização livre depósito INVT;324,68;27.273,12;;;0,00000000000000;
GA03;3G-05-03C;480;UN;404720;CAIXA POLIMERICA P/ DISJUN 195X290X140MM;L2;Utilização livre depósito INVT;35,64;17.107,20;;;0,00000000000000;
GA03;3G-05-04A;34;UN;404228;TRAFO CRTE 15KV 50-5A 13,8KV 0,3C12,5;L2;Utilização livre depósito INVT;322,05;10.949,70;;;0,00000000000000;
GA03;3G-05-04B;70;UN;401389;TRAFO CRTE 15KV 100-5A 0,3C 1,5X;L2;Utilização livre depósito INVT;233,73;16.361,10;;;0,00000000000000;
GA03;3G-05-04C;233;UN;404720;CAIXA POLIMERICA P/ DISJUN 195X290X140MM;L2;Utilização livre depósito INVT;35,64;8.304,12;;;0,00000000000000;
GA03;3G-05-05A;1.048;UN;402026;CINTA POSTE CIRC ACO 230MM;L2;Utilização livre depósito INVT;24,51;25.686,48;;;0,00000000000000;
GA03;3G-05-05A;14;UN;403812;TRAFO CRTE 600V 150-5A;L2;Utilização livre depósito INVT;326,57;4.571,98;;;0,00000000000000;
GA03;3G-05-05A;19;UN;409301;UNID REMOTA ESENSOR-RL IP67 UL94HB;L2;Utilização livre depósito INVT;2.659,50;50.530,50;;;0,00000000000000;
GA03;3G-05-05B;57;UN;401743;"TRAFO CRTE 15KV; 100-5A; 0,3C12,5 BARRA";L2;Utilização livre depósito INVT;714,33;40.716,81;;;0,00000000000000;
GA03;3G-05-05B;84;UN;402400;"TRAFO CRTE 15KV; 50-5A; 0,3C12,5 BARRA";L2;Utilização livre depósito INVT;322,05;27.052,20;;;0,00000000000000;
GA03;3G-05-05C;480;UN;404720;CAIXA POLIMERICA P/ DISJUN 195X290X140MM;L2;Utilização livre depósito INVT;35,64;17.107,20;;;0,00000000000000;
GA03;3G-05-06A;2;UN;402796;CONJUNTO MEDIÇÃO INTEG 03 TP'S/03 TC'S;L2;Utilização livre depósito INVT;22.158,45;44.316,90;;;0,00000000000000;
GA03;3G-05-06B;84;UN;402400;"TRAFO CRTE 15KV; 50-5A; 0,3C12,5 BARRA";L2;Utilização livre depósito INVT;322,05;27.052,20;;;0,00000000000000;
GA03;3G-05-06C;240;UN;404720;CAIXA POLIMERICA P/ DISJUN 195X290X140MM;L2;Utilização livre depósito INVT;35,64;8.553,60;;;0,00000000000000;
GA03;3G-05-07A;6;UN;402796;CONJUNTO MEDIÇÃO INTEG 03 TP'S/03 TC'S;L2;Utilização livre depósito INVT;22.158,45;132.950,70;;;0,00000000000000;
GA03;3G-05-07A;4;PEÇ;803917;PROTETOR P/ CABO BT PVC COMP 2000MM;F3;Utilização livre depósito CUST;215,73;862,92;;;0,00000000000000;
GA03;3G-05-07B;27;UN;400275;TRAFO CRTE 15KV 400-5A 0,3C;L2;Utilização livre depósito INVT;735,33;19.853,91;;;0,00000000000000;
GA03;3G-05-07B;84;UN;402400;"TRAFO CRTE 15KV; 50-5A; 0,3C12,5 BARRA";L2;Utilização livre depósito INVT;322,05;27.052,20;;;0,00000000000000;
GA03;3G-05-07B;34;UN;404614;"TRAFO CRTE 15KV; 80-5A; 0,3C12,5 BARRA";L2;Utilização livre depósito INVT;1.584,83;53.884,22;;;0,00000000000000;
GA03;3G-05-07C;987;UN;404451;CAIXA POLIMERICA PARA DISPLAY;L2;Utilização livre depósito INVT;17,46;17.233,02;;;0,00000000000000;
GA03;3G-05-07C;249;UN;404720;CAIXA POLIMERICA P/ DISJUN 195X290X140MM;L2;Utilização livre depósito INVT;35,64;8.874,36;;;0,00000000000000;
GA03;3G-05-08A;2;UN;402796;CONJUNTO MEDIÇÃO INTEG 03 TP'S/03 TC'S;L2;Utilização livre depósito INVT;22.158,45;44.316,90;;;0,00000000000000;
GA03;3G-05-08B;65;UN;403477;TRAFO CRTE SIST DIST 15KV INT BAR 80-5A;L2;Utilização livre depósito INVT;783,64;50.936,60;;;0,00000000000000;
GA03;3G-05-08C;1.568;UN;404451;CAIXA POLIMERICA PARA DISPLAY;L2;Utilização livre depósito INVT;17,46;27.377,28;;;0,00000000000000;
GA03;3G-05-09A;8;UN;401356;"TRAFO CRTE 15KV; 15-5A; 0,3C12,5 BARRA";L2;Utilização livre depósito INVT;1.448,53;11.588,24;;;0,00000000000000;
GA03;3G-05-09A;19;UN;401781;TRAFO CRTE 15KV 95KV;L2;Utilização livre depósito INVT;330,99;6.288,81;;;0,00000000000000;
GA03;3G-05-09A;2;UN;401996;TRAFO CRTE 15KV 10-5A 12,5VA;L2;Utilização livre depósito INVT;764,95;1.529,90;;;0,00000000000000;
GA03;3G-05-09A;32;UN;404612;"TRAFO CRTE 15KV; 5:1; 25-5A; 0,3C12,5 BA";L2;Utilização livre depósito INVT;882,45;28.238,40;;;0,00000000000000;
GA03;3G-05-09B;8;UN;403251;"TRAFO CRTE 15KV; 200-5A; 0,3C12,5 BARRA";L2;Utilização livre depósito INVT;1.364,34;10.914,72;;;0,00000000000000;
GA03;3G-05-09B;65;UN;404229;"TRAFO CRTE 15KV; 30-5A; 0,3C12,5 BARRA";L2;Utilização livre depósito INVT;853,26;55.461,90;;;0,00000000000000;
GA03;3G-05-09B;9;UN;404613;"TRAFO CRTE 15KV; 40-5A; 0,3C12,5 BARRA";L2;Utilização livre depósito INVT;1.184,19;10.657,71;;;0,00000000000000;
GA03;3G-05-09C;3.136;UN;404451;CAIXA POLIMERICA PARA DISPLAY;L2;Utilização livre depósito INVT;17,46;54.754,56;;;0,00000000000000;
GA03;3G-05-10A;57;UN;403480;"TRAFO CRTE 15KV; 25-5A; 0,3C12,5 BARRA";L2;Utilização livre depósito INVT;618,28;35.241,96;;;0,00000000000000;
GA03;3G-05-10B;12;UN;402625;GABINETE CONCENTR 12MOD 120V C/RADIO SMC;L2;Utilização livre depósito INVT;2.878,54;34.542,48;;;0,00000000000000;
GA03;3G-05-10C;1.568;UN;404451;CAIXA POLIMERICA PARA DISPLAY;L2;Utilização livre depósito INVT;17,46;27.377,28;;;0,00000000000000;
GA03;3G-05-11A;1;UN;400091;TRAFO CRTE 15KV 20-5A 13,8KV 0,3C12,5;L2;Utilização livre depósito INVT;571,90;571,90;;;0,00000000000000;
GA03;3G-05-11A;41;UN;402195;"TRAFO CRTE 15KV; 75-5A; 0,3C12,5 BARRA";L2;Utilização livre depósito INVT;324,68;13.311,88;;;0,00000000000000;
GA03;3G-05-11B;49;UN;404232;CAIXA QUADRO COMANDO C/F 60X50X20 IP65;L2;Utilização livre depósito INVT;462,69;22.671,81;;;0,00000000000000;
GA03;3G-05-11C;3.136;UN;404451;CAIXA POLIMERICA PARA DISPLAY;L2;Utilização livre depósito INVT;17,46;54.754,56;;;0,00000000000000;
GA03;3G-05-12A;26;UN;400092;"TRAFO CRTE 15KV 30-5A 6:1; 0,3C12,5";L2;Utilização livre depósito INVT;322,35;8.381,10;;;0,00000000000000;
GA03;3G-05-12B;12;UN;402625;GABINETE CONCENTR 12MOD 120V C/RADIO SMC;L2;Utilização livre depósito INVT;2.878,54;34.542,48;;;0,00000000000000;
GA03;3G-05-12C;1.568;UN;404451;CAIXA POLIMERICA PARA DISPLAY;L2;Utilização livre depósito INVT;17,46;27.377,28;;;0,00000000000000;
GA03;3G-05-13C;40;UN;402625;GABINETE CONCENTR 12MOD 120V C/RADIO SMC;L2;Utilização livre depósito INVT;2.878,54;115.141,60;;;0,00000000000000;
GA03;3G-05-14B;28;UN;404232;CAIXA QUADRO COMANDO C/F 60X50X20 IP65;L2;Utilização livre depósito INVT;462,69;12.955,32;;;0,00000000000000;
GA03;3G-05-14C;1.568;UN;404451;CAIXA POLIMERICA PARA DISPLAY;L2;Utilização livre depósito INVT;17,46;27.377,28;;;0,00000000000000;
GA03;3G-05-15A;23;UN;402400;"TRAFO CRTE 15KV; 50-5A; 0,3C12,5 BARRA";L2;Utilização livre depósito INVT;322,05;7.407,15;;;0,00000000000000;
GA03;3G-05-15B;56;UN;404232;CAIXA QUADRO COMANDO C/F 60X50X20 IP65;L2;Utilização livre depósito INVT;462,69;25.910,64;;;0,00000000000000;
GA03;3G-05-15C;36;UN;402625;GABINETE CONCENTR 12MOD 120V C/RADIO SMC;L2;Utilização livre depósito INVT;2.878,54;103.627,44;;;0,00000000000000;
GA03;3G-05-16B;22;UN;404232;CAIXA QUADRO COMANDO C/F 60X50X20 IP65;L2;Utilização livre depósito INVT;462,69;10.179,18;;;0,00000000000000;
GA03;3G-05-16C;23;UN;404232;CAIXA QUADRO COMANDO C/F 60X50X20 IP65;L2;Utilização livre depósito INVT;462,69;10.641,87;;;0,00000000000000;
GA03;3G-06-01A;200;UN;403168;SUPORTE PARA CAIXA SMC;L2;Utilização livre depósito INVT;187,83;37.566,00;;;0,00000000000000;
GA03;3G-06-01B;96;UN;402570;UNIDADE DE LEITURA INDIVIDUAL TLI - SMC;L2;Utilização livre depósito INVT;125,79;12.075,84;;;0,00000000000000;
GA03;3G-06-01B;16;UN;402625;GABINETE CONCENTR 12MOD 120V C/RADIO SMC;L2;Utilização livre depósito INVT;2.878,54;46.056,64;;;0,00000000000000;
GA03;3G-06-01B;96;UN;402767;MED IN 2E 3F 120V 100A SMC DR B;L2;Utilização livre depósito INVT;426,01;40.896,96;;;0,00000000000000;
GA03;3G-06-01C;96;UN;402570;UNIDADE DE LEITURA INDIVIDUAL TLI - SMC;L2;Utilização livre depósito INVT;125,79;12.075,84;;;0,00000000000000;
GA03;3G-06-01C;16;UN;402625;GABINETE CONCENTR 12MOD 120V C/RADIO SMC;L2;Utilização livre depósito INVT;2.878,54;46.056,64;;;0,00000000000000;
GA03;3G-06-01C;96;UN;402767;MED IN 2E 3F 120V 100A SMC DR B;L2;Utilização livre depósito INVT;426,01;40.896,96;;;0,00000000000000;
GA03;3G-06-01D;96;UN;402570;UNIDADE DE LEITURA INDIVIDUAL TLI - SMC;L2;Utilização livre depósito INVT;125,79;12.075,84;;;0,00000000000000;
GA03;3G-06-01D;16;UN;402625;GABINETE CONCENTR 12MOD 120V C/RADIO SMC;L2;Utilização livre depósito INVT;2.878,54;46.056,64;;;0,00000000000000;
GA03;3G-06-01D;96;UN;402767;MED IN 2E 3F 120V 100A SMC DR B;L2;Utilização livre depósito INVT;426,01;40.896,96;;;0,00000000000000;
GA03;3G-06-02A;200;UN;403168;SUPORTE PARA CAIXA SMC;L2;Utilização livre depósito INVT;187,83;37.566,00;;;0,00000000000000;
GA03;3G-06-02B;96;UN;402570;UNIDADE DE LEITURA INDIVIDUAL TLI - SMC;L2;Utilização livre depósito INVT;125,79;12.075,84;;;0,00000000000000;
GA03;3G-06-02B;16;UN;402625;GABINETE CONCENTR 12MOD 120V C/RADIO SMC;L2;Utilização livre depósito INVT;2.878,54;46.056,64;;;0,00000000000000;
GA03;3G-06-02B;96;UN;402767;MED IN 2E 3F 120V 100A SMC DR B;L2;Utilização livre depósito INVT;426,01;40.896,96;;;0,00000000000000;
GA03;3G-06-02C;96;UN;402570;UNIDADE DE LEITURA INDIVIDUAL TLI - SMC;L2;Utilização livre depósito INVT;125,79;12.075,84;;;0,00000000000000;
GA03;3G-06-02C;16;UN;402625;GABINETE CONCENTR 12MOD 120V C/RADIO SMC;L2;Utilização livre depósito INVT;2.878,54;46.056,64;;;0,00000000000000;
GA03;3G-06-02C;96;UN;402767;MED IN 2E 3F 120V 100A SMC DR B;L2;Utilização livre depósito INVT;426,01;40.896,96;;;0,00000000000000;
GA03;3G-06-02D;48;UN;402570;UNIDADE DE LEITURA INDIVIDUAL TLI - SMC;L2;Utilização livre depósito INVT;125,79;6.037,92;;;0,00000000000000;
GA03;3G-06-02D;8;UN;402625;GABINETE CONCENTR 12MOD 120V C/RADIO SMC;L2;Utilização livre depósito INVT;2.878,54;23.028,32;;;0,00000000000000;
GA03;3G-06-02D;48;UN;402767;MED IN 2E 3F 120V 100A SMC DR B;L2;Utilização livre depósito INVT;426,01;20.448,48;;;0,00000000000000;
GA03;3G-06-03A;200;UN;403168;SUPORTE PARA CAIXA SMC;L2;Utilização livre depósito INVT;187,83;37.566,00;;;0,00000000000000;
GA03;3G-06-03B;96;UN;402570;UNIDADE DE LEITURA INDIVIDUAL TLI - SMC;L2;Utilização livre depósito INVT;125,79;12.075,84;;;0,00000000000000;
GA03;3G-06-03B;16;UN;402625;GABINETE CONCENTR 12MOD 120V C/RADIO SMC;L2;Utilização livre depósito INVT;2.878,54;46.056,64;;;0,00000000000000;
GA03;3G-06-03B;96;UN;402767;MED IN 2E 3F 120V 100A SMC DR B;L2;Utilização livre depósito INVT;426,01;40.896,96;;;0,00000000000000;
GA03;3G-06-03C;96;UN;402570;UNIDADE DE LEITURA INDIVIDUAL TLI - SMC;L2;Utilização livre depósito INVT;125,79;12.075,84;;;0,00000000000000;
GA03;3G-06-03C;16;UN;402625;GABINETE CONCENTR 12MOD 120V C/RADIO SMC;L2;Utilização livre depósito INVT;2.878,54;46.056,64;;;0,00000000000000;
GA03;3G-06-03C;96;UN;402767;MED IN 2E 3F 120V 100A SMC DR B;L2;Utilização livre depósito INVT;426,01;40.896,96;;;0,00000000000000;
GA03;3G-06-03D;96;UN;402570;UNIDADE DE LEITURA INDIVIDUAL TLI - SMC;L2;Utilização livre depósito INVT;125,79;12.075,84;;;0,00000000000000;
GA03;3G-06-03D;16;UN;402625;GABINETE CONCENTR 12MOD 120V C/RADIO SMC;L2;Utilização livre depósito INVT;2.878,54;46.056,64;;;0,00000000000000;
GA03;3G-06-03D;96;UN;402767;MED IN 2E 3F 120V 100A SMC DR B;L2;Utilização livre depósito INVT;426,01;40.896,96;;;0,00000000000000;
GA03;3G-06-04A;96;UN;402570;UNIDADE DE LEITURA INDIVIDUAL TLI - SMC;L2;Utilização livre depósito INVT;125,79;12.075,84;;;0,00000000000000;
GA03;3G-06-04A;16;UN;402625;GABINETE CONCENTR 12MOD 120V C/RADIO SMC;L2;Utilização livre depósito INVT;2.878,54;46.056,64;;;0,00000000000000;
GA03;3G-06-04A;96;UN;402767;MED IN 2E 3F 120V 100A SMC DR B;L2;Utilização livre depósito INVT;426,01;40.896,96;;;0,00000000000000;
GA03;3G-06-04B;96;UN;402570;UNIDADE DE LEITURA INDIVIDUAL TLI - SMC;L2;Utilização livre depósito INVT;125,79;12.075,84;;;0,00000000000000;
GA03;3G-06-04B;16;UN;402625;GABINETE CONCENTR 12MOD 120V C/RADIO SMC;L2;Utilização livre depósito INVT;2.878,54;46.056,64;;;0,00000000000000;
GA03;3G-06-04B;96;UN;402767;MED IN 2E 3F 120V 100A SMC DR B;L2;Utilização livre depósito INVT;426,01;40.896,96;;;0,00000000000000;
GA03;3G-06-04C;96;UN;402570;UNIDADE DE LEITURA INDIVIDUAL TLI - SMC;L2;Utilização livre depósito INVT;125,79;12.075,84;;;0,00000000000000;
GA03;3G-06-04C;16;UN;402625;GABINETE CONCENTR 12MOD 120V C/RADIO SMC;L2;Utilização livre depósito INVT;2.878,54;46.056,64;;;0,00000000000000;
GA03;3G-06-04C;96;UN;402767;MED IN 2E 3F 120V 100A SMC DR B;L2;Utilização livre depósito INVT;426,01;40.896,96;;;0,00000000000000;
GA03;3G-06-04D;48;UN;402570;UNIDADE DE LEITURA INDIVIDUAL TLI - SMC;L2;Utilização livre depósito INVT;125,79;6.037,92;;;0,00000000000000;
GA03;3G-06-04D;8;UN;402625;GABINETE CONCENTR 12MOD 120V C/RADIO SMC;L2;Utilização livre depósito INVT;2.878,54;23.028,32;;;0,00000000000000;
GA03;3G-06-04D;48;UN;402767;MED IN 2E 3F 120V 100A SMC DR B;L2;Utilização livre depósito INVT;426,01;20.448,48;;;0,00000000000000;
GA03;3G-06-05A;96;UN;402570;UNIDADE DE LEITURA INDIVIDUAL TLI - SMC;L2;Utilização livre depósito INVT;125,79;12.075,84;;;0,00000000000000;
GA03;3G-06-05A;16;UN;402625;GABINETE CONCENTR 12MOD 120V C/RADIO SMC;L2;Utilização livre depósito INVT;2.878,54;46.056,64;;;0,00000000000000;
GA03;3G-06-05A;96;UN;402767;MED IN 2E 3F 120V 100A SMC DR B;L2;Utilização livre depósito INVT;426,01;40.896,96;;;0,00000000000000;
GA03;3G-06-05B;96;UN;402570;UNIDADE DE LEITURA INDIVIDUAL TLI - SMC;L2;Utilização livre depósito INVT;125,79;12.075,84;;;0,00000000000000;
GA03;3G-06-05B;16;UN;402625;GABINETE CONCENTR 12MOD 120V C/RADIO SMC;L2;Utilização livre depósito INVT;2.878,54;46.056,64;;;0,00000000000000;
GA03;3G-06-05B;96;UN;402767;MED IN 2E 3F 120V 100A SMC DR B;L2;Utilização livre depósito INVT;426,01;40.896,96;;;0,00000000000000;
GA03;3G-06-05C;96;UN;402570;UNIDADE DE LEITURA INDIVIDUAL TLI - SMC;L2;Utilização livre depósito INVT;125,79;12.075,84;;;0,00000000000000;
GA03;3G-06-05C;16;UN;402625;GABINETE CONCENTR 12MOD 120V C/RADIO SMC;L2;Utilização livre depósito INVT;2.878,54;46.056,64;;;0,00000000000000;
GA03;3G-06-05C;96;UN;402767;MED IN 2E 3F 120V 100A SMC DR B;L2;Utilização livre depósito INVT;426,01;40.896,96;;;0,00000000000000;
GA03;3G-06-05D;96;UN;402570;UNIDADE DE LEITURA INDIVIDUAL TLI - SMC;L2;Utilização livre depósito INVT;125,79;12.075,84;;;0,00000000000000;
GA03;3G-06-05D;16;UN;402625;GABINETE CONCENTR 12MOD 120V C/RADIO SMC;L2;Utilização livre depósito INVT;2.878,54;46.056,64;;;0,00000000000000;
GA03;3G-06-05D;96;UN;402767;MED IN 2E 3F 120V 100A SMC DR B;L2;Utilização livre depósito INVT;426,01;40.896,96;;;0,00000000000000;
GA03;3G-06-06A;96;UN;402570;UNIDADE DE LEITURA INDIVIDUAL TLI - SMC;L2;Utilização livre depósito INVT;125,79;12.075,84;;;0,00000000000000;
GA03;3G-06-06A;16;UN;402625;GABINETE CONCENTR 12MOD 120V C/RADIO SMC;L2;Utilização livre depósito INVT;2.878,54;46.056,64;;;0,00000000000000;
GA03;3G-06-06A;96;UN;402767;MED IN 2E 3F 120V 100A SMC DR B;L2;Utilização livre depósito INVT;426,01;40.896,96;;;0,00000000000000;
GA03;3G-06-06B;96;UN;402570;UNIDADE DE LEITURA INDIVIDUAL TLI - SMC;L2;Utilização livre depósito INVT;125,79;12.075,84;;;0,00000000000000;
GA03;3G-06-06B;16;UN;402625;GABINETE CONCENTR 12MOD 120V C/RADIO SMC;L2;Utilização livre depósito INVT;2.878,54;46.056,64;;;0,00000000000000;
GA03;3G-06-06B;96;UN;402767;MED IN 2E 3F 120V 100A SMC DR B;L2;Utilização livre depósito INVT;426,01;40.896,96;;;0,00000000000000;
GA03;3G-06-06C;96;UN;402570;UNIDADE DE LEITURA INDIVIDUAL TLI - SMC;L2;Utilização livre depósito INVT;125,79;12.075,84;;;0,00000000000000;
GA03;3G-06-06C;16;UN;402625;GABINETE CONCENTR 12MOD 120V C/RADIO SMC;L2;Utilização livre depósito INVT;2.878,54;46.056,64;;;0,00000000000000;
GA03;3G-06-06C;96;UN;402767;MED IN 2E 3F 120V 100A SMC DR B;L2;Utilização livre depósito INVT;426,01;40.896,96;;;0,00000000000000;
GA03;3G-06-06D;96;UN;402570;UNIDADE DE LEITURA INDIVIDUAL TLI - SMC;L2;Utilização livre depósito INVT;125,79;12.075,84;;;0,00000000000000;
GA03;3G-06-06D;16;UN;402625;GABINETE CONCENTR 12MOD 120V C/RADIO SMC;L2;Utilização livre depósito INVT;2.878,54;46.056,64;;;0,00000000000000;
GA03;3G-06-06D;96;UN;402767;MED IN 2E 3F 120V 100A SMC DR B;L2;Utilização livre depósito INVT;426,01;40.896,96;;;0,00000000000000;
GA03;3G-06-07A;96;UN;402570;UNIDADE DE LEITURA INDIVIDUAL TLI - SMC;L2;Utilização livre depósito INVT;125,79;12.075,84;;;0,00000000000000;
GA03;3G-06-07A;16;UN;402625;GABINETE CONCENTR 12MOD 120V C/RADIO SMC;L2;Utilização livre depósito INVT;2.878,54;46.056,64;;;0,00000000000000;
GA03;3G-06-07A;96;UN;402767;MED IN 2E 3F 120V 100A SMC DR B;L2;Utilização livre depósito INVT;426,01;40.896,96;;;0,00000000000000;
GA03;3G-06-07B;96;UN;402570;UNIDADE DE LEITURA INDIVIDUAL TLI - SMC;L2;Utilização livre depósito INVT;125,79;12.075,84;;;0,00000000000000;
GA03;3G-06-07B;16;UN;402625;GABINETE CONCENTR 12MOD 120V C/RADIO SMC;L2;Utilização livre depósito INVT;2.878,54;46.056,64;;;0,00000000000000;
GA03;3G-06-07B;96;UN;402767;MED IN 2E 3F 120V 100A SMC DR B;L2;Utilização livre depósito INVT;426,01;40.896,96;;;0,00000000000000;
GA03;3G-06-07C;96;UN;402570;UNIDADE DE LEITURA INDIVIDUAL TLI - SMC;L2;Utilização livre depósito INVT;125,79;12.075,84;;;0,00000000000000;
GA03;3G-06-07C;16;UN;402625;GABINETE CONCENTR 12MOD 120V C/RADIO SMC;L2;Utilização livre depósito INVT;2.878,54;46.056,64;;;0,00000000000000;
GA03;3G-06-07C;96;UN;402767;MED IN 2E 3F 120V 100A SMC DR B;L2;Utilização livre depósito INVT;426,01;40.896,96;;;0,00000000000000;
GA03;3G-06-07D;96;UN;402570;UNIDADE DE LEITURA INDIVIDUAL TLI - SMC;L2;Utilização livre depósito INVT;125,79;12.075,84;;;0,00000000000000;
GA03;3G-06-07D;16;UN;402625;GABINETE CONCENTR 12MOD 120V C/RADIO SMC;L2;Utilização livre depósito INVT;2.878,54;46.056,64;;;0,00000000000000;
GA03;3G-06-07D;96;UN;402767;MED IN 2E 3F 120V 100A SMC DR B;L2;Utilização livre depósito INVT;426,01;40.896,96;;;0,00000000000000;
GA03;3G-06-08A;96;UN;402570;UNIDADE DE LEITURA INDIVIDUAL TLI - SMC;L2;Utilização livre depósito INVT;125,79;12.075,84;;;0,00000000000000;
GA03;3G-06-08A;16;UN;402625;GABINETE CONCENTR 12MOD 120V C/RADIO SMC;L2;Utilização livre depósito INVT;2.878,54;46.056,64;;;0,00000000000000;
GA03;3G-06-08A;96;UN;402767;MED IN 2E 3F 120V 100A SMC DR B;L2;Utilização livre depósito INVT;426,01;40.896,96;;;0,00000000000000;
GA03;3G-06-08B;96;UN;402570;UNIDADE DE LEITURA INDIVIDUAL TLI - SMC;L2;Utilização livre depósito INVT;125,79;12.075,84;;;0,00000000000000;
GA03;3G-06-08B;16;UN;402625;GABINETE CONCENTR 12MOD 120V C/RADIO SMC;L2;Utilização livre depósito INVT;2.878,54;46.056,64;;;0,00000000000000;
GA03;3G-06-08B;96;UN;402767;MED IN 2E 3F 120V 100A SMC DR B;L2;Utilização livre depósito INVT;426,01;40.896,96;;;0,00000000000000;
GA03;3G-06-08C;96;UN;402570;UNIDADE DE LEITURA INDIVIDUAL TLI - SMC;L2;Utilização livre depósito INVT;125,79;12.075,84;;;0,00000000000000;
GA03;3G-06-08C;16;UN;402625;GABINETE CONCENTR 12MOD 120V C/RADIO SMC;L2;Utilização livre depósito INVT;2.878,54;46.056,64;;;0,00000000000000;
GA03;3G-06-08C;96;UN;402767;MED IN 2E 3F 120V 100A SMC DR B;L2;Utilização livre depósito INVT;426,01;40.896,96;;;0,00000000000000;
GA03;3G-06-08D;96;UN;402570;UNIDADE DE LEITURA INDIVIDUAL TLI - SMC;L2;Utilização livre depósito INVT;125,79;12.075,84;;;0,00000000000000;
GA03;3G-06-08D;16;UN;402625;GABINETE CONCENTR 12MOD 120V C/RADIO SMC;L2;Utilização livre depósito INVT;2.878,54;46.056,64;;;0,00000000000000;
GA03;3G-06-08D;96;UN;402767;MED IN 2E 3F 120V 100A SMC DR B;L2;Utilização livre depósito INVT;426,01;40.896,96;;;0,00000000000000;
GA03;3G-06-09A;96;UN;402570;UNIDADE DE LEITURA INDIVIDUAL TLI - SMC;L2;Utilização livre depósito INVT;125,79;12.075,84;;;0,00000000000000;
GA03;3G-06-09A;16;UN;402625;GABINETE CONCENTR 12MOD 120V C/RADIO SMC;L2;Utilização livre depósito INVT;2.878,54;46.056,64;;;0,00000000000000;
GA03;3G-06-09A;96;UN;402767;MED IN 2E 3F 120V 100A SMC DR B;L2;Utilização livre depósito INVT;426,01;40.896,96;;;0,00000000000000;
GA03;3G-06-09B;96;UN;402570;UNIDADE DE LEITURA INDIVIDUAL TLI - SMC;L2;Utilização livre depósito INVT;125,79;12.075,84;;;0,00000000000000;
GA03;3G-06-09B;16;UN;402625;GABINETE CONCENTR 12MOD 120V C/RADIO SMC;L2;Utilização livre depósito INVT;2.878,54;46.056,64;;;0,00000000000000;
GA03;3G-06-09B;96;UN;402767;MED IN 2E 3F 120V 100A SMC DR B;L2;Utilização livre depósito INVT;426,01;40.896,96;;;0,00000000000000;
GA03;3G-06-09C;96;UN;402570;UNIDADE DE LEITURA INDIVIDUAL TLI - SMC;L2;Utilização livre depósito INVT;125,79;12.075,84;;;0,00000000000000;
GA03;3G-06-09C;16;UN;402625;GABINETE CONCENTR 12MOD 120V C/RADIO SMC;L2;Utilização livre depósito INVT;2.878,54;46.056,64;;;0,00000000000000;
GA03;3G-06-09C;96;UN;402767;MED IN 2E 3F 120V 100A SMC DR B;L2;Utilização livre depósito INVT;426,01;40.896,96;;;0,00000000000000;
GA03;3G-06-09D;96;UN;402570;UNIDADE DE LEITURA INDIVIDUAL TLI - SMC;L2;Utilização livre depósito INVT;125,79;12.075,84;;;0,00000000000000;
GA03;3G-06-09D;16;UN;402625;GABINETE CONCENTR 12MOD 120V C/RADIO SMC;L2;Utilização livre depósito INVT;2.878,54;46.056,64;;;0,00000000000000;
GA03;3G-06-09D;96;UN;402767;MED IN 2E 3F 120V 100A SMC DR B;L2;Utilização livre depósito INVT;426,01;40.896,96;;;0,00000000000000;
GA03;3G-06-10A;96;UN;402570;UNIDADE DE LEITURA INDIVIDUAL TLI - SMC;L2;Utilização livre depósito INVT;125,79;12.075,84;;;0,00000000000000;
GA03;3G-06-10A;16;UN;402625;GABINETE CONCENTR 12MOD 120V C/RADIO SMC;L2;Utilização livre depósito INVT;2.878,54;46.056,64;;;0,00000000000000;
GA03;3G-06-10A;96;UN;402767;MED IN 2E 3F 120V 100A SMC DR B;L2;Utilização livre depósito INVT;426,01;40.896,96;;;0,00000000000000;
GA03;3G-06-10B;96;UN;402570;UNIDADE DE LEITURA INDIVIDUAL TLI - SMC;L2;Utilização livre depósito INVT;125,79;12.075,84;;;0,00000000000000;
GA03;3G-06-10B;16;UN;402625;GABINETE CONCENTR 12MOD 120V C/RADIO SMC;L2;Utilização livre depósito INVT;2.878,54;46.056,64;;;0,00000000000000;
GA03;3G-06-10B;96;UN;402767;MED IN 2E 3F 120V 100A SMC DR B;L2;Utilização livre depósito INVT;426,01;40.896,96;;;0,00000000000000;
GA03;3G-06-10C;96;UN;402570;UNIDADE DE LEITURA INDIVIDUAL TLI - SMC;L2;Utilização livre depósito INVT;125,79;12.075,84;;;0,00000000000000;
GA03;3G-06-10C;16;UN;402625;GABINETE CONCENTR 12MOD 120V C/RADIO SMC;L2;Utilização livre depósito INVT;2.878,54;46.056,64;;;0,00000000000000;
GA03;3G-06-10C;96;UN;402767;MED IN 2E 3F 120V 100A SMC DR B;L2;Utilização livre depósito INVT;426,01;40.896,96;;;0,00000000000000;
GA03;3G-06-10D;96;UN;402570;UNIDADE DE LEITURA INDIVIDUAL TLI - SMC;L2;Utilização livre depósito INVT;125,79;12.075,84;;;0,00000000000000;
GA03;3G-06-10D;16;UN;402625;GABINETE CONCENTR 12MOD 120V C/RADIO SMC;L2;Utilização livre depósito INVT;2.878,54;46.056,64;;;0,00000000000000;
GA03;3G-06-10D;96;UN;402767;MED IN 2E 3F 120V 100A SMC DR B;L2;Utilização livre depósito INVT;426,01;40.896,96;;;0,00000000000000;
GA03;3G-06-11A;96;UN;402570;UNIDADE DE LEITURA INDIVIDUAL TLI - SMC;L2;Utilização livre depósito INVT;125,79;12.075,84;;;0,00000000000000;
GA03;3G-06-11A;16;UN;402625;GABINETE CONCENTR 12MOD 120V C/RADIO SMC;L2;Utilização livre depósito INVT;2.878,54;46.056,64;;;0,00000000000000;
GA03;3G-06-11A;96;UN;402767;MED IN 2E 3F 120V 100A SMC DR B;L2;Utilização livre depósito INVT;426,01;40.896,96;;;0,00000000000000;
GA03;3G-06-11B;96;UN;402570;UNIDADE DE LEITURA INDIVIDUAL TLI - SMC;L2;Utilização livre depósito INVT;125,79;12.075,84;;;0,00000000000000;
GA03;3G-06-11B;16;UN;402625;GABINETE CONCENTR 12MOD 120V C/RADIO SMC;L2;Utilização livre depósito INVT;2.878,54;46.056,64;;;0,00000000000000;
GA03;3G-06-11B;96;UN;402767;MED IN 2E 3F 120V 100A SMC DR B;L2;Utilização livre depósito INVT;426,01;40.896,96;;;0,00000000000000;
GA03;3G-06-11C;96;UN;402570;UNIDADE DE LEITURA INDIVIDUAL TLI - SMC;L2;Utilização livre depósito INVT;125,79;12.075,84;;;0,00000000000000;
GA03;3G-06-11C;16;UN;402625;GABINETE CONCENTR 12MOD 120V C/RADIO SMC;L2;Utilização livre depósito INVT;2.878,54;46.056,64;;;0,00000000000000;
GA03;3G-06-11C;96;UN;402767;MED IN 2E 3F 120V 100A SMC DR B;L2;Utilização livre depósito INVT;426,01;40.896,96;;;0,00000000000000;
GA03;3G-06-11D;96;UN;402570;UNIDADE DE LEITURA INDIVIDUAL TLI - SMC;L2;Utilização livre depósito INVT;125,79;12.075,84;;;0,00000000000000;
GA03;3G-06-11D;16;UN;402625;GABINETE CONCENTR 12MOD 120V C/RADIO SMC;L2;Utilização livre depósito INVT;2.878,54;46.056,64;;;0,00000000000000;
GA03;3G-06-11D;96;UN;402767;MED IN 2E 3F 120V 100A SMC DR B;L2;Utilização livre depósito INVT;426,01;40.896,96;;;0,00000000000000;
GA03;3G-06-12A;96;UN;402570;UNIDADE DE LEITURA INDIVIDUAL TLI - SMC;L2;Utilização livre depósito INVT;125,79;12.075,84;;;0,00000000000000;
GA03;3G-06-12A;16;UN;402625;GABINETE CONCENTR 12MOD 120V C/RADIO SMC;L2;Utilização livre depósito INVT;2.878,54;46.056,64;;;0,00000000000000;
GA03;3G-06-12A;96;UN;402767;MED IN 2E 3F 120V 100A SMC DR B;L2;Utilização livre depósito INVT;426,01;40.896,96;;;0,00000000000000;
GA03;3G-06-12B;96;UN;402570;UNIDADE DE LEITURA INDIVIDUAL TLI - SMC;L2;Utilização livre depósito INVT;125,79;12.075,84;;;0,00000000000000;
GA03;3G-06-12B;16;UN;402625;GABINETE CONCENTR 12MOD 120V C/RADIO SMC;L2;Utilização livre depósito INVT;2.878,54;46.056,64;;;0,00000000000000;
GA03;3G-06-12B;96;UN;402767;MED IN 2E 3F 120V 100A SMC DR B;L2;Utilização livre depósito INVT;426,01;40.896,96;;;0,00000000000000;
GA03;3G-06-12C;96;UN;402570;UNIDADE DE LEITURA INDIVIDUAL TLI - SMC;L2;Utilização livre depósito INVT;125,79;12.075,84;;;0,00000000000000;
GA03;3G-06-12C;16;UN;402625;GABINETE CONCENTR 12MOD 120V C/RADIO SMC;L2;Utilização livre depósito INVT;2.878,54;46.056,64;;;0,00000000000000;
GA03;3G-06-12C;96;UN;402767;MED IN 2E 3F 120V 100A SMC DR B;L2;Utilização livre depósito INVT;426,01;40.896,96;;;0,00000000000000;
GA03;3G-06-12D;96;UN;402570;UNIDADE DE LEITURA INDIVIDUAL TLI - SMC;L2;Utilização livre depósito INVT;125,79;12.075,84;;;0,00000000000000;
GA03;3G-06-12D;16;UN;402625;GABINETE CONCENTR 12MOD 120V C/RADIO SMC;L2;Utilização livre depósito INVT;2.878,54;46.056,64;;;0,00000000000000;
GA03;3G-06-12D;96;UN;402767;MED IN 2E 3F 120V 100A SMC DR B;L2;Utilização livre depósito INVT;426,01;40.896,96;;;0,00000000000000;
GA03;3G-06-13A;96;UN;402570;UNIDADE DE LEITURA INDIVIDUAL TLI - SMC;L2;Utilização livre depósito INVT;125,79;12.075,84;;;0,00000000000000;
GA03;3G-06-13A;16;UN;402625;GABINETE CONCENTR 12MOD 120V C/RADIO SMC;L2;Utilização livre depósito INVT;2.878,54;46.056,64;;;0,00000000000000;
GA03;3G-06-13A;96;UN;402767;MED IN 2E 3F 120V 100A SMC DR B;L2;Utilização livre depósito INVT;426,01;40.896,96;;;0,00000000000000;
GA03;3G-06-13B;96;UN;402570;UNIDADE DE LEITURA INDIVIDUAL TLI - SMC;L2;Utilização livre depósito INVT;125,79;12.075,84;;;0,00000000000000;
GA03;3G-06-13B;16;UN;402625;GABINETE CONCENTR 12MOD 120V C/RADIO SMC;L2;Utilização livre depósito INVT;2.878,54;46.056,64;;;0,00000000000000;
GA03;3G-06-13B;96;UN;402767;MED IN 2E 3F 120V 100A SMC DR B;L2;Utilização livre depósito INVT;426,01;40.896,96;;;0,00000000000000;
GA03;3G-06-13C;96;UN;402570;UNIDADE DE LEITURA INDIVIDUAL TLI - SMC;L2;Utilização livre depósito INVT;125,79;12.075,84;;;0,00000000000000;
GA03;3G-06-13C;16;UN;402625;GABINETE CONCENTR 12MOD 120V C/RADIO SMC;L2;Utilização livre depósito INVT;2.878,54;46.056,64;;;0,00000000000000;
GA03;3G-06-13C;96;UN;402767;MED IN 2E 3F 120V 100A SMC DR B;L2;Utilização livre depósito INVT;426,01;40.896,96;;;0,00000000000000;
GA03;3G-06-13D;96;UN;402570;UNIDADE DE LEITURA INDIVIDUAL TLI - SMC;L2;Utilização livre depósito INVT;125,79;12.075,84;;;0,00000000000000;
GA03;3G-06-13D;16;UN;402625;GABINETE CONCENTR 12MOD 120V C/RADIO SMC;L2;Utilização livre depósito INVT;2.878,54;46.056,64;;;0,00000000000000;
GA03;3G-06-13D;96;UN;402767;MED IN 2E 3F 120V 100A SMC DR B;L2;Utilização livre depósito INVT;426,01;40.896,96;;;0,00000000000000;
GA03;3G-06-14A;96;UN;402570;UNIDADE DE LEITURA INDIVIDUAL TLI - SMC;L2;Utilização livre depósito INVT;125,79;12.075,84;;;0,00000000000000;
GA03;3G-06-14A;16;UN;402625;GABINETE CONCENTR 12MOD 120V C/RADIO SMC;L2;Utilização livre depósito INVT;2.878,54;46.056,64;;;0,00000000000000;
GA03;3G-06-14A;96;UN;402767;MED IN 2E 3F 120V 100A SMC DR B;L2;Utilização livre depósito INVT;426,01;40.896,96;;;0,00000000000000;
GA03;3G-06-14B;96;UN;402570;UNIDADE DE LEITURA INDIVIDUAL TLI - SMC;L2;Utilização livre depósito INVT;125,79;12.075,84;;;0,00000000000000;
GA03;3G-06-14B;16;UN;402625;GABINETE CONCENTR 12MOD 120V C/RADIO SMC;L2;Utilização livre depósito INVT;2.878,54;46.056,64;;;0,00000000000000;
GA03;3G-06-14B;96;UN;402767;MED IN 2E 3F 120V 100A SMC DR B;L2;Utilização livre depósito INVT;426,01;40.896,96;;;0,00000000000000;
GA03;3G-06-14C;96;UN;402570;UNIDADE DE LEITURA INDIVIDUAL TLI - SMC;L2;Utilização livre depósito INVT;125,79;12.075,84;;;0,00000000000000;
GA03;3G-06-14C;16;UN;402625;GABINETE CONCENTR 12MOD 120V C/RADIO SMC;L2;Utilização livre depósito INVT;2.878,54;46.056,64;;;0,00000000000000;
GA03;3G-06-14C;96;UN;402767;MED IN 2E 3F 120V 100A SMC DR B;L2;Utilização livre depósito INVT;426,01;40.896,96;;;0,00000000000000;
GA03;3G-06-14D;96;UN;402570;UNIDADE DE LEITURA INDIVIDUAL TLI - SMC;L2;Utilização livre depósito INVT;125,79;12.075,84;;;0,00000000000000;
GA03;3G-06-14D;16;UN;402625;GABINETE CONCENTR 12MOD 120V C/RADIO SMC;L2;Utilização livre depósito INVT;2.878,54;46.056,64;;;0,00000000000000;
GA03;3G-06-14D;96;UN;402767;MED IN 2E 3F 120V 100A SMC DR B;L2;Utilização livre depósito INVT;426,01;40.896,96;;;0,00000000000000;
GA03;3G-06-15A;96;UN;402570;UNIDADE DE LEITURA INDIVIDUAL TLI - SMC;L2;Utilização livre depósito INVT;125,79;12.075,84;;;0,00000000000000;
GA03;3G-06-15A;16;UN;402625;GABINETE CONCENTR 12MOD 120V C/RADIO SMC;L2;Utilização livre depósito INVT;2.878,54;46.056,64;;;0,00000000000000;
GA03;3G-06-15A;96;UN;402767;MED IN 2E 3F 120V 100A SMC DR B;L2;Utilização livre depósito INVT;426,01;40.896,96;;;0,00000000000000;
GA03;3G-06-15B;96;UN;402570;UNIDADE DE LEITURA INDIVIDUAL TLI - SMC;L2;Utilização livre depósito INVT;125,79;12.075,84;;;0,00000000000000;
GA03;3G-06-15B;16;UN;402625;GABINETE CONCENTR 12MOD 120V C/RADIO SMC;L2;Utilização livre depósito INVT;2.878,54;46.056,64;;;0,00000000000000;
GA03;3G-06-15B;96;UN;402767;MED IN 2E 3F 120V 100A SMC DR B;L2;Utilização livre depósito INVT;426,01;40.896,96;;;0,00000000000000;
GA03;3G-06-15C;96;UN;402570;UNIDADE DE LEITURA INDIVIDUAL TLI - SMC;L2;Utilização livre depósito INVT;125,79;12.075,84;;;0,00000000000000;
GA03;3G-06-15C;16;UN;402625;GABINETE CONCENTR 12MOD 120V C/RADIO SMC;L2;Utilização livre depósito INVT;2.878,54;46.056,64;;;0,00000000000000;
GA03;3G-06-15C;96;UN;402767;MED IN 2E 3F 120V 100A SMC DR B;L2;Utilização livre depósito INVT;426,01;40.896,96;;;0,00000000000000;
GA03;3G-06-15D;96;UN;402570;UNIDADE DE LEITURA INDIVIDUAL TLI - SMC;L2;Utilização livre depósito INVT;125,79;12.075,84;;;0,00000000000000;
GA03;3G-06-15D;16;UN;402625;GABINETE CONCENTR 12MOD 120V C/RADIO SMC;L2;Utilização livre depósito INVT;2.878,54;46.056,64;;;0,00000000000000;
GA03;3G-06-15D;96;UN;402767;MED IN 2E 3F 120V 100A SMC DR B;L2;Utilização livre depósito INVT;426,01;40.896,96;;;0,00000000000000;
GA03;3G-06-16A;96;UN;402570;UNIDADE DE LEITURA INDIVIDUAL TLI - SMC;L2;Utilização livre depósito INVT;125,79;12.075,84;;;0,00000000000000;
GA03;3G-06-16A;16;UN;402625;GABINETE CONCENTR 12MOD 120V C/RADIO SMC;L2;Utilização livre depósito INVT;2.878,54;46.056,64;;;0,00000000000000;
GA03;3G-06-16A;96;UN;402767;MED IN 2E 3F 120V 100A SMC DR B;L2;Utilização livre depósito INVT;426,01;40.896,96;;;0,00000000000000;
GA03;3G-06-16B;96;UN;402570;UNIDADE DE LEITURA INDIVIDUAL TLI - SMC;L2;Utilização livre depósito INVT;125,79;12.075,84;;;0,00000000000000;
GA03;3G-06-16B;16;UN;402625;GABINETE CONCENTR 12MOD 120V C/RADIO SMC;L2;Utilização livre depósito INVT;2.878,54;46.056,64;;;0,00000000000000;
GA03;3G-06-16B;96;UN;402767;MED IN 2E 3F 120V 100A SMC DR B;L2;Utilização livre depósito INVT;426,01;40.896,96;;;0,00000000000000;
GA03;3G-06-16C;96;UN;402570;UNIDADE DE LEITURA INDIVIDUAL TLI - SMC;L2;Utilização livre depósito INVT;125,79;12.075,84;;;0,00000000000000;
GA03;3G-06-16C;16;UN;402625;GABINETE CONCENTR 12MOD 120V C/RADIO SMC;L2;Utilização livre depósito INVT;2.878,54;46.056,64;;;0,00000000000000;
GA03;3G-06-16C;96;UN;402767;MED IN 2E 3F 120V 100A SMC DR B;L2;Utilização livre depósito INVT;426,01;40.896,96;;;0,00000000000000;
GA03;3G-06-16D;96;UN;402570;UNIDADE DE LEITURA INDIVIDUAL TLI - SMC;L2;Utilização livre depósito INVT;125,79;12.075,84;;;0,00000000000000;
GA03;3G-06-16D;16;UN;402625;GABINETE CONCENTR 12MOD 120V C/RADIO SMC;L2;Utilização livre depósito INVT;2.878,54;46.056,64;;;0,00000000000000;
GA03;3G-06-16D;96;UN;402767;MED IN 2E 3F 120V 100A SMC DR B;L2;Utilização livre depósito INVT;426,01;40.896,96;;;0,00000000000000;
GA03;3G-06-17A;96;UN;402570;UNIDADE DE LEITURA INDIVIDUAL TLI - SMC;L2;Utilização livre depósito INVT;125,79;12.075,84;;;0,00000000000000;
GA03;3G-06-17A;16;UN;402625;GABINETE CONCENTR 12MOD 120V C/RADIO SMC;L2;Utilização livre depósito INVT;2.878,54;46.056,64;;;0,00000000000000;
GA03;3G-06-17A;96;UN;402767;MED IN 2E 3F 120V 100A SMC DR B;L2;Utilização livre depósito INVT;426,01;40.896,96;;;0,00000000000000;
GA03;3G-06-17B;96;UN;402570;UNIDADE DE LEITURA INDIVIDUAL TLI - SMC;L2;Utilização livre depósito INVT;125,79;12.075,84;;;0,00000000000000;
GA03;3G-06-17B;16;UN;402625;GABINETE CONCENTR 12MOD 120V C/RADIO SMC;L2;Utilização livre depósito INVT;2.878,54;46.056,64;;;0,00000000000000;
GA03;3G-06-17B;96;UN;402767;MED IN 2E 3F 120V 100A SMC DR B;L2;Utilização livre depósito INVT;426,01;40.896,96;;;0,00000000000000;
GA03;3G-06-17C;96;UN;402570;UNIDADE DE LEITURA INDIVIDUAL TLI - SMC;L2;Utilização livre depósito INVT;125,79;12.075,84;;;0,00000000000000;
GA03;3G-06-17C;16;UN;402625;GABINETE CONCENTR 12MOD 120V C/RADIO SMC;L2;Utilização livre depósito INVT;2.878,54;46.056,64;;;0,00000000000000;
GA03;3G-06-17C;96;UN;402767;MED IN 2E 3F 120V 100A SMC DR B;L2;Utilização livre depósito INVT;426,01;40.896,96;;;0,00000000000000;
GA03;3G-06-17D;48;UN;402570;UNIDADE DE LEITURA INDIVIDUAL TLI - SMC;L2;Utilização livre depósito INVT;125,79;6.037,92;;;0,00000000000000;
GA03;3G-06-17D;8;UN;402625;GABINETE CONCENTR 12MOD 120V C/RADIO SMC;L2;Utilização livre depósito INVT;2.878,54;23.028,32;;;0,00000000000000;
GA03;3G-06-17D;48;UN;402767;MED IN 2E 3F 120V 100A SMC DR B;L2;Utilização livre depósito INVT;426,01;20.448,48;;;0,00000000000000;
GA03;3G-06-18A;96;UN;402570;UNIDADE DE LEITURA INDIVIDUAL TLI - SMC;L2;Utilização livre depósito INVT;125,79;12.075,84;;;0,00000000000000;
GA03;3G-06-18A;16;UN;402625;GABINETE CONCENTR 12MOD 120V C/RADIO SMC;L2;Utilização livre depósito INVT;2.878,54;46.056,64;;;0,00000000000000;
GA03;3G-06-18A;96;UN;402767;MED IN 2E 3F 120V 100A SMC DR B;L2;Utilização livre depósito INVT;426,01;40.896,96;;;0,00000000000000;
GA03;3G-06-18B;96;UN;402570;UNIDADE DE LEITURA INDIVIDUAL TLI - SMC;L2;Utilização livre depósito INVT;125,79;12.075,84;;;0,00000000000000;
GA03;3G-06-18B;16;UN;402625;GABINETE CONCENTR 12MOD 120V C/RADIO SMC;L2;Utilização livre depósito INVT;2.878,54;46.056,64;;;0,00000000000000;
GA03;3G-06-18B;96;UN;402767;MED IN 2E 3F 120V 100A SMC DR B;L2;Utilização livre depósito INVT;426,01;40.896,96;;;0,00000000000000;
GA03;3G-06-18C;96;UN;402570;UNIDADE DE LEITURA INDIVIDUAL TLI - SMC;L2;Utilização livre depósito INVT;125,79;12.075,84;;;0,00000000000000;
GA03;3G-06-18C;16;UN;402625;GABINETE CONCENTR 12MOD 120V C/RADIO SMC;L2;Utilização livre depósito INVT;2.878,54;46.056,64;;;0,00000000000000;
GA03;3G-06-18C;96;UN;402767;MED IN 2E 3F 120V 100A SMC DR B;L2;Utilização livre depósito INVT;426,01;40.896,96;;;0,00000000000000;
GA03;3G-06-18D;96;UN;402570;UNIDADE DE LEITURA INDIVIDUAL TLI - SMC;L2;Utilização livre depósito INVT;125,79;12.075,84;;;0,00000000000000;
GA03;3G-06-18D;16;UN;402625;GABINETE CONCENTR 12MOD 120V C/RADIO SMC;L2;Utilização livre depósito INVT;2.878,54;46.056,64;;;0,00000000000000;
GA03;3G-06-18D;96;UN;402767;MED IN 2E 3F 120V 100A SMC DR B;L2;Utilização livre depósito INVT;426,01;40.896,96;;;0,00000000000000;
GA03;3G-07-01D;202;PEÇ;407097;PROT. EMENDA ANTIFURTO 400X208X131,8MM;L2;Utilização livre depósito INVT;206,79;41.771,58;;;0,00000000000000;
GA03;3G-07-02B;6.000;UN;404031;"ANILHA NUMERO ""1"" 4-16MM";L2;Utilização livre depósito INVT;0,08;480,00;;;0,00000000000000;
GA03;3G-07-02B;5.000;UN;404032;"ANILHA NUMERO ""2"" 4-16MM";L2;Utilização livre depósito INVT;0,08;400,00;;;0,00000000000000;
GA03;3G-07-02B;5.000;UN;404033;"ANILHA NUMERO ""3"" 4-16MM";L2;Utilização livre depósito INVT;0,08;400,00;;;0,00000000000000;
GA03;3G-07-02B;4.000;UN;404034;"ANILHA NUMERO ""4"" 4-16MM";L2;Utilização livre depósito INVT;0,08;320,00;;;0,00000000000000;
GA03;3G-07-02B;5.800;UN;404035;"ANILHA NUMERO ""5"" 4-16MM";L2;Utilização livre depósito INVT;0,08;464,00;;;0,00000000000000;
GA03;3G-07-02B;5.400;UN;404036;"ANILHA NUMERO ""6"" 4-16MM";L2;Utilização livre depósito INVT;0,08;432,00;;;0,00000000000000;
GA03;3G-07-02B;6.000;UN;404037;"ANILHA NUMERO ""7"" 4-16MM";L2;Utilização livre depósito INVT;0,08;480,00;;;0,00000000000000;
GA03;3G-07-02B;5.000;UN;404038;"ANILHA NUMERO ""8"" 4-16MM";L2;Utilização livre depósito INVT;0,08;400,00;;;0,00000000000000;
GA03;3G-07-02B;6.000;UN;404039;"ANILHA NUMERO ""9"" 4-16MM";L2;Utilização livre depósito INVT;0,08;480,00;;;0,00000000000000;
GA03;3G-07-02B;60.000;UN;404057;ANILHA IDENT PVC COND 1,5-4,0MM2 AM C;L2;Utilização livre depósito INVT;0,77;46.200,00;;;0,00000000000000;
GA03;3G-07-02B;106.000;UN;404058;ANILHA IDENT PVC COND 1,5-4,0MM2 AM N0;L2;Utilização livre depósito INVT;0,10;10.600,00;;;0,00000000000000;
GA03;3G-07-02B;5.000;UN;404059;ANILHA IDENT PVC COND 1,5-4,0MM2 AM N1;L2;Utilização livre depósito INVT;0,06;300,00;;;0,00000000000000;
GA03;3G-07-02B;3.900;UN;404060;ANILHA IDENT PVC COND 1,5-4,0MM2 AM N2;L2;Utilização livre depósito INVT;0,05;195,00;;;0,00000000000000;
GA03;3G-07-02B;2.900;UN;404061;ANILHA IDENT PVC COND 1,5-4,0MM2 AM N3;L2;Utilização livre depósito INVT;0,05;145,00;;;0,00000000000000;
GA03;3G-07-02B;3.000;UN;404062;ANILHA IDENT PVC COND 1,5-4,0MM2 AM N4;L2;Utilização livre depósito INVT;0,18;540,00;;;0,00000000000000;
GA03;3G-07-02B;75.000;UN;404069;ANILHA IDENT PVC COND 1,5-4,0MM2 AM P;L2;Utilização livre depósito INVT;1,01;75.750,00;;;0,00000000000000;
GA03;3G-07-02B;76.000;UN;404070;ANILHA IDENT PVC COND 1,5-4,0MM2 AM S;L2;Utilização livre depósito INVT;0,06;4.560,00;;;0,00000000000000;
GA03;3G-07-02D;120;PEÇ;407097;PROT. EMENDA ANTIFURTO 400X208X131,8MM;L2;Utilização livre depósito INVT;206,79;24.814,80;;;0,00000000000000;
GA03;3G-07-03B;180;UN;400122;LACO PREF TOPO CAA/CA 4/0AWG VM;L2;Utilização livre depósito INVT;2,03;365,40;;;0,00000000000000;
GA03;3G-07-03B;218;UN;400137;LACO PREF CA 2AWG PESC 57MM PURPURA;L2;Utilização livre depósito INVT;3,15;686,70;;;0,00000000000000;
GA03;3G-07-03B;90;UN;400880;LACO PREF ISOLADOR ROLD CA 2AWG LJ 33MM2;L2;Utilização livre depósito INVT;1,91;171,90;;;0,00000000000000;
GA03;3G-07-03B;10;UN;401088;LACO LATERAL PREF CAA E CA 1/0AWG DUPLO;L2;Utilização livre depósito INVT;2,18;21,80;;;0,00000000000000;
GA03;3G-07-03B;146;UN;401090;LACO LATERAL DUPLO CA 2AWG;L2;Utilização livre depósito INVT;3,14;458,44;;;0,00000000000000;
GA03;3G-07-03B;259;UN;401108;LACO DISTRIBUICAO PREF CAA 1/0AWG;L2;Utilização livre depósito INVT;3,03;784,77;;;0,00000000000000;
GA03;3G-07-03B;335;UN;401234;LACO PREF ROLD CA 1/0AWG LJ;L2;Utilização livre depósito INVT;6,47;2.167,45;;;0,00000000000000;
GA03;3G-07-03B;60;UN;401385;ALCA PREFORM SERV 1X1010MM2 200DAN;L2;Utilização livre depósito INVT;0,94;56,40;;;0,00000000000000;
GA03;3G-07-03B;300;UN;800357;EMENDA PREF COND AL 2AWG 711MM;F3;Utilização livre depósito CUST;8,26;2.478,00;;;0,00000000000000;
GA03;3G-07-03B;398;UN;801146;LACO LATERAL PREF DUPLO 2/0AWG;F3;Utilização livre depósito CUST;3,10;1.233,80;;;0,00000000000000;
GA03;3G-07-03C;36;UN;402527;MED IN 1E 2F 120V 100A SMC DR B;L2;Utilização livre depósito INVT;213,78;7.696,08;;;0,00000000000000;
GA03;3G-07-03C;36;UN;402570;UNIDADE DE LEITURA INDIVIDUAL TLI - SMC;L2;Utilização livre depósito INVT;125,79;4.528,44;;;0,00000000000000;
GA03;3G-07-03C;6;UN;402625;GABINETE CONCENTR 12MOD 120V C/RADIO SMC;L2;Utilização livre depósito INVT;2.878,54;17.271,24;;;0,00000000000000;
GA03;3G-07-03D;240;PEÇ;407097;PROT. EMENDA ANTIFURTO 400X208X131,8MM;L2;Utilização livre depósito INVT;206,79;49.629,60;;;0,00000000000000;
GA03;3G-07-04A;240;UN;400011;SUPORTE TRANSF POSTE DUP T AC 210X115MM;L2;Utilização livre depósito INVT;104,75;25.140,00;;;0,00000000000000;
GA03;3G-07-04B;126;UN;803368;EMENDA PREF COND AL 1/0 AWG 965MM;F3;Utilização livre depósito CUST;29,49;3.715,74;;;0,00000000000000;
GA03;3G-07-04C;90;UN;402527;MED IN 1E 2F 120V 100A SMC DR B;L2;Utilização livre depósito INVT;213,78;19.240,20;;;0,00000000000000;
GA03;3G-07-04C;90;UN;402570;UNIDADE DE LEITURA INDIVIDUAL TLI - SMC;L2;Utilização livre depósito INVT;125,79;11.321,10;;;0,00000000000000;
GA03;3G-07-04C;12;UN;402625;GABINETE CONCENTR 12MOD 120V C/RADIO SMC;L2;Utilização livre depósito INVT;2.878,54;34.542,48;;;0,00000000000000;
GA03;3G-07-04D;120;PEÇ;407097;PROT. EMENDA ANTIFURTO 400X208X131,8MM;L2;Utilização livre depósito INVT;206,79;24.814,80;;;0,00000000000000;
GA03;3G-07-05B;450;UN;401105;LACO LATERAL DUPLO 4/0AWG;L2;Utilização livre depósito INVT;3,21;1.444,50;;;0,00000000000000;
GA03;3G-07-05C;144;UN;402527;MED IN 1E 2F 120V 100A SMC DR B;L2;Utilização livre depósito INVT;213,78;30.784,32;;;0,00000000000000;
GA03;3G-07-05C;144;UN;402570;UNIDADE DE LEITURA INDIVIDUAL TLI - SMC;L2;Utilização livre depósito INVT;125,79;18.113,76;;;0,00000000000000;
GA03;3G-07-05C;12;UN;402625;GABINETE CONCENTR 12MOD 120V C/RADIO SMC;L2;Utilização livre depósito INVT;2.878,54;34.542,48;;;0,00000000000000;
GA03;3G-07-05D;240;PEÇ;407097;PROT. EMENDA ANTIFURTO 400X208X131,8MM;L2;Utilização livre depósito INVT;206,79;49.629,60;;;0,00000000000000;
GA03;3G-07-06A;1.093;UN;402658;TENSOR GANCHO-OLHA AC 360MM 260MM;L2;Utilização livre depósito INVT;6,15;6.721,95;;;0,00000000000000;
GA03;3G-07-06A;604;UN;402892;TENSOR GANCHO-OLHAL AC 240MM 160MM;L2;Utilização livre depósito INVT;6,07;3.666,28;;;0,00000000000000;
GA03;3G-07-06A;100;UN;407356;SUPORTE TIPO L AÇO PERFILADO ZINCADO DAT;L2;Utilização livre depósito INVT;191,39;19.139,00;;;0,00000000000000;
GA03;3G-07-06B;5.280;UN;800600;LACO DISTRIBUICAO PREF CAA 2/0AWG AC;F3;Utilização livre depósito CUST;1,43;7.550,40;;;0,00000000000000;
GA03;3G-07-06C;144;UN;402527;MED IN 1E 2F 120V 100A SMC DR B;L2;Utilização livre depósito INVT;213,78;30.784,32;;;0,00000000000000;
GA03;3G-07-06C;144;UN;402570;UNIDADE DE LEITURA INDIVIDUAL TLI - SMC;L2;Utilização livre depósito INVT;125,79;18.113,76;;;0,00000000000000;
GA03;3G-07-06C;12;UN;402625;GABINETE CONCENTR 12MOD 120V C/RADIO SMC;L2;Utilização livre depósito INVT;2.878,54;34.542,48;;;0,00000000000000;
GA03;3G-07-06D;240;PEÇ;407097;PROT. EMENDA ANTIFURTO 400X208X131,8MM;L2;Utilização livre depósito INVT;206,79;49.629,60;;;0,00000000000000;
GA03;3G-07-07A;100;UN;407356;SUPORTE TIPO L AÇO PERFILADO ZINCADO DAT;L2;Utilização livre depósito INVT;191,39;19.139,00;;;0,00000000000000;
GA03;3G-07-07A;120;UN;801398;SUPORTE TRANSF POSTE DUP T AC 230X125MM;F3;Utilização livre depósito CUST;161,67;19.400,40;;;0,00000000000000;
GA03;3G-07-07B;5.440;UN;800600;LACO DISTRIBUICAO PREF CAA 2/0AWG AC;F3;Utilização livre depósito CUST;1,43;7.779,20;;;0,00000000000000;
GA03;3G-07-07C;144;UN;402527;MED IN 1E 2F 120V 100A SMC DR B;L2;Utilização livre depósito INVT;213,78;30.784,32;;;0,00000000000000;
GA03;3G-07-07C;144;UN;402570;UNIDADE DE LEITURA INDIVIDUAL TLI - SMC;L2;Utilização livre depósito INVT;125,79;18.113,76;;;0,00000000000000;
GA03;3G-07-07C;12;UN;402625;GABINETE CONCENTR 12MOD 120V C/RADIO SMC;L2;Utilização livre depósito INVT;2.878,54;34.542,48;;;0,00000000000000;
GA03;3G-07-07D;240;PEÇ;407097;PROT. EMENDA ANTIFURTO 400X208X131,8MM;L2;Utilização livre depósito INVT;206,79;49.629,60;;;0,00000000000000;
GA03;3G-07-08A;160;UN;402452;SUPORTE TRANSF POSTE CIRC AC 200MM;L2;Utilização livre depósito INVT;98,14;15.702,40;;;0,00000000000000;
GA03;3G-07-08A;144;UN;404818;SUPORTE TRAFO CIRCULAR 285MM;L2;Utilização livre depósito INVT;68,60;9.878,40;;;0,00000000000000;
GA03;3G-07-08B;5.430;UN;800600;LACO DISTRIBUICAO PREF CAA 2/0AWG AC;F3;Utilização livre depósito CUST;1,43;7.764,90;;;0,00000000000000;
GA03;3G-07-08C;144;UN;402527;MED IN 1E 2F 120V 100A SMC DR B;L2;Utilização livre depósito INVT;213,78;30.784,32;;;0,00000000000000;
GA03;3G-07-08C;144;UN;402570;UNIDADE DE LEITURA INDIVIDUAL TLI - SMC;L2;Utilização livre depósito INVT;125,79;18.113,76;;;0,00000000000000;
GA03;3G-07-08C;12;UN;402625;GABINETE CONCENTR 12MOD 120V C/RADIO SMC;L2;Utilização livre depósito INVT;2.878,54;34.542,48;;;0,00000000000000;
GA03;3G-07-08D;120;PEÇ;407097;PROT. EMENDA ANTIFURTO 400X208X131,8MM;L2;Utilização livre depósito INVT;206,79;24.814,80;;;0,00000000000000;
GA03;3G-07-09A;240;UN;801398;SUPORTE TRANSF POSTE DUP T AC 230X125MM;F3;Utilização livre depósito CUST;161,67;38.800,80;;;0,00000000000000;
GA03;3G-07-09B;7.700;UN;401234;LACO PREF ROLD CA 1/0AWG LJ;L2;Utilização livre depósito INVT;6,47;49.819,00;;;0,00000000000000;
GA03;3G-07-09C;144;UN;402527;MED IN 1E 2F 120V 100A SMC DR B;L2;Utilização livre depósito INVT;213,78;30.784,32;;;0,00000000000000;
GA03;3G-07-09C;144;UN;402570;UNIDADE DE LEITURA INDIVIDUAL TLI - SMC;L2;Utilização livre depósito INVT;125,79;18.113,76;;;0,00000000000000;
GA03;3G-07-09C;12;UN;402625;GABINETE CONCENTR 12MOD 120V C/RADIO SMC;L2;Utilização livre depósito INVT;2.878,54;34.542,48;;;0,00000000000000;
GA03;3G-07-09D;17.600;UN;401385;ALCA PREFORM SERV 1X1010MM2 200DAN;L2;Utilização livre depósito INVT;0,94;16.544,00;;;0,00000000000000;
GA03;3G-07-10A;120;UN;401683;SUPORTE TRANSF POSTE DUP T AC 230X125MM;L2;Utilização livre depósito INVT;187,82;22.538,40;;;0,00000000000000;
GA03;3G-07-10A;144;UN;805184;SUPORTE TRANSF POSTE CIRC AC 250MM;F3;Utilização livre depósito CUST;75,67;10.896,48;;;0,00000000000000;
GA03;3G-07-10B;1.304;UN;401385;ALCA PREFORM SERV 1X1010MM2 200DAN;L2;Utilização livre depósito INVT;0,94;1.225,76;;;0,00000000000000;
GA03;3G-07-10B;1.361;UN;401866;ALCA PREFORM SERV 16MM2, 5,5-5,7MM;L2;Utilização livre depósito INVT;3,04;4.137,44;;;0,00000000000000;
GA03;3G-07-10C;144;UN;402527;MED IN 1E 2F 120V 100A SMC DR B;L2;Utilização livre depósito INVT;213,78;30.784,32;;;0,00000000000000;
GA03;3G-07-10C;144;UN;402570;UNIDADE DE LEITURA INDIVIDUAL TLI - SMC;L2;Utilização livre depósito INVT;125,79;18.113,76;;;0,00000000000000;
GA03;3G-07-10C;12;UN;402625;GABINETE CONCENTR 12MOD 120V C/RADIO SMC;L2;Utilização livre depósito INVT;2.878,54;34.542,48;;;0,00000000000000;
GA03;3G-07-10D;120;PEÇ;407097;PROT. EMENDA ANTIFURTO 400X208X131,8MM;L2;Utilização livre depósito INVT;206,79;24.814,80;;;0,00000000000000;
GA03;3G-07-11A;240;UN;401683;SUPORTE TRANSF POSTE DUP T AC 230X125MM;L2;Utilização livre depósito INVT;187,82;45.076,80;;;0,00000000000000;
GA03;3G-07-11B;1.797;UN;401102;LACO DISTRIBUICAO PREF CAA 2/0AWG AC;L2;Utilização livre depósito INVT;1,33;2.390,01;;;0,00000000000000;
GA03;3G-07-11C;144;UN;402527;MED IN 1E 2F 120V 100A SMC DR B;L2;Utilização livre depósito INVT;213,78;30.784,32;;;0,00000000000000;
GA03;3G-07-11C;144;UN;402570;UNIDADE DE LEITURA INDIVIDUAL TLI - SMC;L2;Utilização livre depósito INVT;125,79;18.113,76;;;0,00000000000000;
GA03;3G-07-11C;12;UN;402625;GABINETE CONCENTR 12MOD 120V C/RADIO SMC;L2;Utilização livre depósito INVT;2.878,54;34.542,48;;;0,00000000000000;
GA03;3G-07-11D;240;PEÇ;407097;PROT. EMENDA ANTIFURTO 400X208X131,8MM;L2;Utilização livre depósito INVT;206,79;49.629,60;;;0,00000000000000;
GA03;3G-07-12A;240;UN;401683;SUPORTE TRANSF POSTE DUP T AC 230X125MM;L2;Utilização livre depósito INVT;187,82;45.076,80;;;0,00000000000000;
GA03;3G-07-12C;144;UN;402527;MED IN 1E 2F 120V 100A SMC DR B;L2;Utilização livre depósito INVT;213,78;30.784,32;;;0,00000000000000;
GA03;3G-07-12C;144;UN;402570;UNIDADE DE LEITURA INDIVIDUAL TLI - SMC;L2;Utilização livre depósito INVT;125,79;18.113,76;;;0,00000000000000;
GA03;3G-07-12C;12;UN;402625;GABINETE CONCENTR 12MOD 120V C/RADIO SMC;L2;Utilização livre depósito INVT;2.878,54;34.542,48;;;0,00000000000000;
GA03;3G-07-12D;11.550;UN;400380;ALCA PREFORM SERV 50MM2 45MM2;L2;Utilização livre depósito INVT;2,92;33.726,00;;;0,00000000000000;
GA03;3G-07-13A;240;UN;401683;SUPORTE TRANSF POSTE DUP T AC 230X125MM;L2;Utilização livre depósito INVT;187,82;45.076,80;;;0,00000000000000;
GA03;3G-07-13C;144;UN;402527;MED IN 1E 2F 120V 100A SMC DR B;L2;Utilização livre depósito INVT;213,78;30.784,32;;;0,00000000000000;
GA03;3G-07-13C;144;UN;402570;UNIDADE DE LEITURA INDIVIDUAL TLI - SMC;L2;Utilização livre depósito INVT;125,79;18.113,76;;;0,00000000000000;
GA03;3G-07-13C;12;UN;402625;GABINETE CONCENTR 12MOD 120V C/RADIO SMC;L2;Utilização livre depósito INVT;2.878,54;34.542,48;;;0,00000000000000;
GA03;3G-07-13D;240;PEÇ;407097;PROT. EMENDA ANTIFURTO 400X208X131,8MM;L2;Utilização livre depósito INVT;206,79;49.629,60;;;0,00000000000000;
GA03;3G-07-14A;120;UN;401683;SUPORTE TRANSF POSTE DUP T AC 230X125MM;L2;Utilização livre depósito INVT;187,82;22.538,40;;;0,00000000000000;
GA03;3G-07-14A;192;UN;409641;SUPORTE TRANSF POSTE CIRC AC 210MM;L2;Utilização livre depósito INVT;61,42;11.792,64;;;0,00000000000000;
GA03;3G-07-14C;144;UN;402527;MED IN 1E 2F 120V 100A SMC DR B;L2;Utilização livre depósito INVT;213,78;30.784,32;;;0,00000000000000;
GA03;3G-07-14C;144;UN;402570;UNIDADE DE LEITURA INDIVIDUAL TLI - SMC;L2;Utilização livre depósito INVT;125,79;18.113,76;;;0,00000000000000;
GA03;3G-07-14C;12;UN;402625;GABINETE CONCENTR 12MOD 120V C/RADIO SMC;L2;Utilização livre depósito INVT;2.878,54;34.542,48;;;0,00000000000000;
GA03;3G-07-14D;240;PEÇ;407097;PROT. EMENDA ANTIFURTO 400X208X131,8MM;L2;Utilização livre depósito INVT;206,79;49.629,60;;;0,00000000000000;
GA03;3G-07-15A;384;UN;409641;SUPORTE TRANSF POSTE CIRC AC 210MM;L2;Utilização livre depósito INVT;61,42;23.585,28;;;0,00000000000000;
GA03;3G-07-15B;2.400;UN;800600;LACO DISTRIBUICAO PREF CAA 2/0AWG AC;F3;Utilização livre depósito CUST;1,43;3.432,00;;;0,00000000000000;
GA03;3G-07-15C;144;UN;402527;MED IN 1E 2F 120V 100A SMC DR B;L2;Utilização livre depósito INVT;213,78;30.784,32;;;0,00000000000000;
GA03;3G-07-15C;144;UN;402570;UNIDADE DE LEITURA INDIVIDUAL TLI - SMC;L2;Utilização livre depósito INVT;125,79;18.113,76;;;0,00000000000000;
GA03;3G-07-15C;12;UN;402625;GABINETE CONCENTR 12MOD 120V C/RADIO SMC;L2;Utilização livre depósito INVT;2.878,54;34.542,48;;;0,00000000000000;
GA03;3G-07-15D;5.550;UN;400380;ALCA PREFORM SERV 50MM2 45MM2;L2;Utilização livre depósito INVT;2,92;16.206,00;;;0,00000000000000;
GA03;3G-07-16A;384;UN;409641;SUPORTE TRANSF POSTE CIRC AC 210MM;L2;Utilização livre depósito INVT;61,42;23.585,28;;;0,00000000000000;
GA03;3G-07-16B;10.000;UN;401385;ALCA PREFORM SERV 1X1010MM2 200DAN;L2;Utilização livre depósito INVT;0,94;9.400,00;;;0,00000000000000;
GA03;3G-07-16C;144;UN;402527;MED IN 1E 2F 120V 100A SMC DR B;L2;Utilização livre depósito INVT;213,78;30.784,32;;;0,00000000000000;
GA03;3G-07-16C;144;UN;402570;UNIDADE DE LEITURA INDIVIDUAL TLI - SMC;L2;Utilização livre depósito INVT;125,79;18.113,76;;;0,00000000000000;
GA03;3G-07-16C;12;UN;402625;GABINETE CONCENTR 12MOD 120V C/RADIO SMC;L2;Utilização livre depósito INVT;2.878,54;34.542,48;;;0,00000000000000;
GA03;3G-07-16D;5.360;UN;400380;ALCA PREFORM SERV 50MM2 45MM2;L2;Utilização livre depósito INVT;2,92;15.651,20;;;0,00000000000000;
GA03;3G-07-16D;120;PEÇ;407097;PROT. EMENDA ANTIFURTO 400X208X131,8MM;L2;Utilização livre depósito INVT;206,79;24.814,80;;;0,00000000000000;
GA03;3G-07-17A;384;UN;409641;SUPORTE TRANSF POSTE CIRC AC 210MM;L2;Utilização livre depósito INVT;61,42;23.585,28;;;0,00000000000000;
GA03;3G-07-17B;10.772;UN;401385;ALCA PREFORM SERV 1X1010MM2 200DAN;L2;Utilização livre depósito INVT;0,94;10.125,68;;;0,00000000000000;
GA03;3G-07-17C;144;UN;402527;MED IN 1E 2F 120V 100A SMC DR B;L2;Utilização livre depósito INVT;213,78;30.784,32;;;0,00000000000000;
GA03;3G-07-17C;144;UN;402570;UNIDADE DE LEITURA INDIVIDUAL TLI - SMC;L2;Utilização livre depósito INVT;125,79;18.113,76;;;0,00000000000000;
GA03;3G-07-17C;12;UN;402625;GABINETE CONCENTR 12MOD 120V C/RADIO SMC;L2;Utilização livre depósito INVT;2.878,54;34.542,48;;;0,00000000000000;
GA03;3G-07-18A;384;UN;409641;SUPORTE TRANSF POSTE CIRC AC 210MM;L2;Utilização livre depósito INVT;61,42;23.585,28;;;0,00000000000000;
GA03;3G-07-18B;12.360;UN;400683;ALCA PREFORM SERV 16MM2 5,0-5,7MM2;L2;Utilização livre depósito INVT;1,94;23.978,40;;;0,00000000000000;
GA03;3G-07-18B;5.450;UN;801039;ALCA PREFORM SERV 50MM2 45MM2;F3;Utilização livre depósito CUST;7,41;40.384,50;;;0,00000000000000;
GA03;3G-07-18C;144;UN;402527;MED IN 1E 2F 120V 100A SMC DR B;L2;Utilização livre depósito INVT;213,78;30.784,32;;;0,00000000000000;
GA03;3G-07-18C;144;UN;402570;UNIDADE DE LEITURA INDIVIDUAL TLI - SMC;L2;Utilização livre depósito INVT;125,79;18.113,76;;;0,00000000000000;
GA03;3G-07-18C;12;UN;402625;GABINETE CONCENTR 12MOD 120V C/RADIO SMC;L2;Utilização livre depósito INVT;2.878,54;34.542,48;;;0,00000000000000;
GA03;3G-07-18D;240;PEÇ;407097;PROT. EMENDA ANTIFURTO 400X208X131,8MM;L2;Utilização livre depósito INVT;206,79;49.629,60;;;0,00000000000000;
GA03;3G-08-01A;15.000;UN;400955;PARAFUSO CAB ABA AC 16MM 150MM;L2;Utilização livre depósito INVT;4,21;63.150,00;;;0,00000000000000;
GA03;3G-08-01B;2;UN;110452;LUXIMETRO DIG LCD 4DIG 0,01~999900LUX;F3;Utilização livre depósito CUST;672,04;1.344,08;;;0,00000000000000;
GA03;3G-08-01B;99;UN;401317;MED EL 1E 2F 120V 100A TB GD B;L2;Utilização livre depósito INVT;148,63;14.714,37;;;0,00000000000000;
GA03;3G-08-01B;2.000;UN;800055;LACRE SEG PP 6DIG AM;F3;Utilização livre depósito CUST;0,13;260,00;;;0,00000000000000;
GA03;3G-08-01B;1.702;UN;800170;LACRE SEG MET 7DIG AM;F3;Utilização livre depósito CUST;1,66;2.825,32;;;0,00000000000000;
GA03;3G-08-01B;11;UN;802540;FUSIVEL NH ULTRA-RAPIDO TAM 1 100A 500V;F3;Utilização livre depósito CUST;6,20;68,20;;;0,00000000000000;
GA03;3G-08-01C;96;UN;402570;UNIDADE DE LEITURA INDIVIDUAL TLI - SMC;L2;Utilização livre depósito INVT;125,79;12.075,84;;;0,00000000000000;
GA03;3G-08-01C;16;UN;402625;GABINETE CONCENTR 12MOD 120V C/RADIO SMC;L2;Utilização livre depósito INVT;2.878,54;46.056,64;;;0,00000000000000;
GA03;3G-08-01C;96;UN;402767;MED IN 2E 3F 120V 100A SMC DR B;L2;Utilização livre depósito INVT;426,01;40.896,96;;;0,00000000000000;
GA03;3G-08-02A;15.000;UN;400955;PARAFUSO CAB ABA AC 16MM 150MM;L2;Utilização livre depósito INVT;4,21;63.150,00;;;0,00000000000000;
GA03;3G-08-02B;338;UN;408804;MED IN 1E 2F 120V 100A TB GD SMC DR B;L2;Utilização livre depósito INVT;165,96;56.094,48;;;0,00000000000000;
GA03;3G-08-02B;126;UN;408806;MED IN 3E 4F 120V 100A TB GD SMC DR B;L2;Utilização livre depósito INVT;497,91;62.736,66;;;0,00000000000000;
GA03;3G-08-02B;464;UN;408809;MOSTRADOR REMOTO P100;L2;Utilização livre depósito INVT;97,75;45.356,00;;;0,00000000000000;
GA03;3G-08-02C;96;UN;402570;UNIDADE DE LEITURA INDIVIDUAL TLI - SMC;L2;Utilização livre depósito INVT;125,79;12.075,84;;;0,00000000000000;
GA03;3G-08-02C;16;UN;402625;GABINETE CONCENTR 12MOD 120V C/RADIO SMC;L2;Utilização livre depósito INVT;2.878,54;46.056,64;;;0,00000000000000;
GA03;3G-08-02C;96;UN;402767;MED IN 2E 3F 120V 100A SMC DR B;L2;Utilização livre depósito INVT;426,01;40.896,96;;;0,00000000000000;
GA03;3G-08-02D;2.700;UN;403594;ALCA PREFORM CABO CONC  2X16 + 16;L2;Utilização livre depósito INVT;10,04;27.108,00;;;0,00000000000000;
GA03;3G-08-03A;5.000;UN;400955;PARAFUSO CAB ABA AC 16MM 150MM;L2;Utilização livre depósito INVT;4,21;21.050,00;;;0,00000000000000;
GA03;3G-08-03A;32.000;UN;402353;ARRUELA LIS 3/8P 1119;L2;Utilização livre depósito INVT;0,44;14.080,00;;;0,00000000000000;
GA03;3G-08-03A;7.500;UN;800116;PARAFUSO CAB ABA AC 16MM 150MM;F3;Utilização livre depósito CUST;5,84;43.800,00;;;0,00000000000000;
GA03;3G-08-03B;684;UN;408805;MED IN 2E 3F 120V 100A TB GD SMC DR B;L2;Utilização livre depósito INVT;331,94;227.046,96;;;0,00000000000000;
GA03;3G-08-03B;684;UN;408809;MOSTRADOR REMOTO P100;L2;Utilização livre depósito INVT;97,75;66.861,00;;;0,00000000000000;
GA03;3G-08-03C;96;UN;402570;UNIDADE DE LEITURA INDIVIDUAL TLI - SMC;L2;Utilização livre depósito INVT;125,79;12.075,84;;;0,00000000000000;
GA03;3G-08-03C;16;UN;402625;GABINETE CONCENTR 12MOD 120V C/RADIO SMC;L2;Utilização livre depósito INVT;2.878,54;46.056,64;;;0,00000000000000;
GA03;3G-08-03C;96;UN;402767;MED IN 2E 3F 120V 100A SMC DR B;L2;Utilização livre depósito INVT;426,01;40.896,96;;;0,00000000000000;
GA03;3G-08-04A;7.500;UN;800116;PARAFUSO CAB ABA AC 16MM 150MM;F3;Utilização livre depósito CUST;5,84;43.800,00;;;0,00000000000000;
GA03;3G-08-04A;2.880;UN;800521;PARAFUSO CAB QD 16X400MM AC;F3;Utilização livre depósito CUST;13,56;39.052,80;;;0,00000000000000;
GA03;3G-08-04B;96;UN;402527;MED IN 1E 2F 120V 100A SMC DR B;L2;Utilização livre depósito INVT;213,78;20.522,88;;;0,00000000000000;
GA03;3G-08-04B;171;UN;402570;UNIDADE DE LEITURA INDIVIDUAL TLI - SMC;L2;Utilização livre depósito INVT;125,79;21.510,09;;;0,00000000000000;
GA03;3G-08-04B;58;UN;402767;MED IN 2E 3F 120V 100A SMC DR B;L2;Utilização livre depósito INVT;426,01;24.708,58;;;0,00000000000000;
GA03;3G-08-04C;96;UN;402570;UNIDADE DE LEITURA INDIVIDUAL TLI - SMC;L2;Utilização livre depósito INVT;125,79;12.075,84;;;0,00000000000000;
GA03;3G-08-04C;16;UN;402625;GABINETE CONCENTR 12MOD 120V C/RADIO SMC;L2;Utilização livre depósito INVT;2.878,54;46.056,64;;;0,00000000000000;
GA03;3G-08-04C;96;UN;402767;MED IN 2E 3F 120V 100A SMC DR B;L2;Utilização livre depósito INVT;426,01;40.896,96;;;0,00000000000000;
GA03;3G-08-05A;8.640;UN;800521;PARAFUSO CAB QD 16X400MM AC;F3;Utilização livre depósito CUST;13,56;117.158,40;;;0,00000000000000;
GA03;3G-08-05B;50;UN;408811;MUX48;L2;Utilização livre depósito INVT;1.014,51;50.725,50;;;0,00000000000000;
GA03;3G-08-05C;96;UN;402570;UNIDADE DE LEITURA INDIVIDUAL TLI - SMC;L2;Utilização livre depósito INVT;125,79;12.075,84;;;0,00000000000000;
GA03;3G-08-05C;16;UN;402625;GABINETE CONCENTR 12MOD 120V C/RADIO SMC;L2;Utilização livre depósito INVT;2.878,54;46.056,64;;;0,00000000000000;
GA03;3G-08-05C;96;UN;402767;MED IN 2E 3F 120V 100A SMC DR B;L2;Utilização livre depósito INVT;426,01;40.896,96;;;0,00000000000000;
GA03;3G-08-06A;100;UN;403168;SUPORTE PARA CAIXA SMC;L2;Utilização livre depósito INVT;187,83;18.783,00;;;0,00000000000000;
GA03;3G-08-06A;4.320;UN;800521;PARAFUSO CAB QD 16X400MM AC;F3;Utilização livre depósito CUST;13,56;58.579,20;;;0,00000000000000;
GA03;3G-08-06B;23;UN;400183;MED EL 2E 3F 120V 120A TB GD B;L2;Utilização livre depósito INVT;502,06;11.547,38;;;0,00000000000000;
GA03;3G-08-06B;12;UN;402570;UNIDADE DE LEITURA INDIVIDUAL TLI - SMC;L2;Utilização livre depósito INVT;125,79;1.509,48;;;0,00000000000000;
GA03;3G-08-06B;2;UN;402625;GABINETE CONCENTR 12MOD 120V C/RADIO SMC;L2;Utilização livre depósito INVT;2.878,54;5.757,08;;;0,00000000000000;
GA03;3G-08-06B;12;UN;402767;MED IN 2E 3F 120V 100A SMC DR B;L2;Utilização livre depósito INVT;426,01;5.112,12;;;0,00000000000000;
GA03;3G-08-06C;96;UN;402570;UNIDADE DE LEITURA INDIVIDUAL TLI - SMC;L2;Utilização livre depósito INVT;125,79;12.075,84;;;0,00000000000000;
GA03;3G-08-06C;16;UN;402625;GABINETE CONCENTR 12MOD 120V C/RADIO SMC;L2;Utilização livre depósito INVT;2.878,54;46.056,64;;;0,00000000000000;
GA03;3G-08-06C;96;UN;402767;MED IN 2E 3F 120V 100A SMC DR B;L2;Utilização livre depósito INVT;426,01;40.896,96;;;0,00000000000000;
GA03;3G-08-06D;5.400;UN;403594;ALCA PREFORM CABO CONC  2X16 + 16;L2;Utilização livre depósito INVT;10,04;54.216,00;;;0,00000000000000;
GA03;3G-08-07A;288;UN;401213;SUPORTE TRANSF POSTE CIRC AC 255MM;L2;Utilização livre depósito INVT;69,55;20.030,40;;;0,00000000000000;
GA03;3G-08-07B;2.000;UN;403667;ALCA PREFORM CABO CONC  2X10 + 10;L2;Utilização livre depósito INVT;7,46;14.920,00;;;0,00000000000000;
GA03;3G-08-07B;2.000;UN;403803;ALCA PREFORM CABO CONC  3X10 + 10;L2;Utilização livre depósito INVT;8,70;17.400,00;;;0,00000000000000;
GA03;3G-08-07C;96;UN;402570;UNIDADE DE LEITURA INDIVIDUAL TLI - SMC;L2;Utilização livre depósito INVT;125,79;12.075,84;;;0,00000000000000;
GA03;3G-08-07C;16;UN;402625;GABINETE CONCENTR 12MOD 120V C/RADIO SMC;L2;Utilização livre depósito INVT;2.878,54;46.056,64;;;0,00000000000000;
GA03;3G-08-07C;96;UN;402767;MED IN 2E 3F 120V 100A SMC DR B;L2;Utilização livre depósito INVT;426,01;40.896,96;;;0,00000000000000;
GA03;3G-08-07D;2.700;UN;403594;ALCA PREFORM CABO CONC  2X16 + 16;L2;Utilização livre depósito INVT;10,04;27.108,00;;;0,00000000000000;
GA03;3G-08-07D;120;PEÇ;407097;PROT. EMENDA ANTIFURTO 400X208X131,8MM;L2;Utilização livre depósito INVT;206,79;24.814,80;;;0,00000000000000;
GA03;3G-08-08A;192;UN;401165;SUPORTE TRANSF POSTE CIRC AC 240MM;L2;Utilização livre depósito INVT;37,44;7.188,48;;;0,00000000000000;
GA03;3G-08-08A;192;UN;402689;SUPORTE TRANSF POSTE CIRC AC 230MM;L2;Utilização livre depósito INVT;63,32;12.157,44;;;0,00000000000000;
GA03;3G-08-08B;4.000;UN;403803;ALCA PREFORM CABO CONC  3X10 + 10;L2;Utilização livre depósito INVT;8,70;34.800,00;;;0,00000000000000;
GA03;3G-08-08C;96;UN;402570;UNIDADE DE LEITURA INDIVIDUAL TLI - SMC;L2;Utilização livre depósito INVT;125,79;12.075,84;;;0,00000000000000;
GA03;3G-08-08C;16;UN;402625;GABINETE CONCENTR 12MOD 120V C/RADIO SMC;L2;Utilização livre depósito INVT;2.878,54;46.056,64;;;0,00000000000000;
GA03;3G-08-08C;96;UN;402767;MED IN 2E 3F 120V 100A SMC DR B;L2;Utilização livre depósito INVT;426,01;40.896,96;;;0,00000000000000;
GA03;3G-08-08D;360;PEÇ;407097;PROT. EMENDA ANTIFURTO 400X208X131,8MM;L2;Utilização livre depósito INVT;206,79;74.444,40;;;0,00000000000000;
GA03;3G-08-09A;192;UN;402292;SUPORTE TRANSF POSTE CIRC AC 220MM;L2;Utilização livre depósito INVT;49,12;9.431,04;;;0,00000000000000;
GA03;3G-08-09A;192;UN;803158;SUPORTE TRANSF POSTE CIRC AC 230MM;F3;Utilização livre depósito CUST;66,28;12.725,76;;;0,00000000000000;
GA03;3G-08-09B;2.000;UN;403667;ALCA PREFORM CABO CONC  2X10 + 10;L2;Utilização livre depósito INVT;7,46;14.920,00;;;0,00000000000000;
GA03;3G-08-09B;2.000;UN;403803;ALCA PREFORM CABO CONC  3X10 + 10;L2;Utilização livre depósito INVT;8,70;17.400,00;;;0,00000000000000;
GA03;3G-08-09C;96;UN;402570;UNIDADE DE LEITURA INDIVIDUAL TLI - SMC;L2;Utilização livre depósito INVT;125,79;12.075,84;;;0,00000000000000;
GA03;3G-08-09C;16;UN;402625;GABINETE CONCENTR 12MOD 120V C/RADIO SMC;L2;Utilização livre depósito INVT;2.878,54;46.056,64;;;0,00000000000000;
GA03;3G-08-09C;96;UN;402767;MED IN 2E 3F 120V 100A SMC DR B;L2;Utilização livre depósito INVT;426,01;40.896,96;;;0,00000000000000;
GA03;3G-08-09D;240;PEÇ;407097;PROT. EMENDA ANTIFURTO 400X208X131,8MM;L2;Utilização livre depósito INVT;206,79;49.629,60;;;0,00000000000000;
GA03;3G-08-10A;144;UN;404818;SUPORTE TRAFO CIRCULAR 285MM;L2;Utilização livre depósito INVT;68,60;9.878,40;;;0,00000000000000;
GA03;3G-08-10A;192;UN;409641;SUPORTE TRANSF POSTE CIRC AC 210MM;L2;Utilização livre depósito INVT;61,42;11.792,64;;;0,00000000000000;
GA03;3G-08-10B;4.000;UN;403667;ALCA PREFORM CABO CONC  2X10 + 10;L2;Utilização livre depósito INVT;7,46;29.840,00;;;0,00000000000000;
GA03;3G-08-10C;96;UN;402570;UNIDADE DE LEITURA INDIVIDUAL TLI - SMC;L2;Utilização livre depósito INVT;125,79;12.075,84;;;0,00000000000000;
GA03;3G-08-10C;16;UN;402625;GABINETE CONCENTR 12MOD 120V C/RADIO SMC;L2;Utilização livre depósito INVT;2.878,54;46.056,64;;;0,00000000000000;
GA03;3G-08-10C;96;UN;402767;MED IN 2E 3F 120V 100A SMC DR B;L2;Utilização livre depósito INVT;426,01;40.896,96;;;0,00000000000000;
GA03;3G-08-10D;198;PEÇ;407097;PROT. EMENDA ANTIFURTO 400X208X131,8MM;L2;Utilização livre depósito INVT;206,79;40.944,42;;;0,00000000000000;
GA03;3G-08-11A;144;UN;404818;SUPORTE TRAFO CIRCULAR 285MM;L2;Utilização livre depósito INVT;68,60;9.878,40;;;0,00000000000000;
GA03;3G-08-11A;192;UN;409641;SUPORTE TRANSF POSTE CIRC AC 210MM;L2;Utilização livre depósito INVT;61,42;11.792,64;;;0,00000000000000;
GA03;3G-08-11B;2.000;UN;403667;ALCA PREFORM CABO CONC  2X10 + 10;L2;Utilização livre depósito INVT;7,46;14.920,00;;;0,00000000000000;
GA03;3G-08-11B;2.000;UN;403803;ALCA PREFORM CABO CONC  3X10 + 10;L2;Utilização livre depósito INVT;8,70;17.400,00;;;0,00000000000000;
GA03;3G-08-11C;96;UN;402570;UNIDADE DE LEITURA INDIVIDUAL TLI - SMC;L2;Utilização livre depósito INVT;125,79;12.075,84;;;0,00000000000000;
GA03;3G-08-11C;16;UN;402625;GABINETE CONCENTR 12MOD 120V C/RADIO SMC;L2;Utilização livre depósito INVT;2.878,54;46.056,64;;;0,00000000000000;
GA03;3G-08-11C;96;UN;402767;MED IN 2E 3F 120V 100A SMC DR B;L2;Utilização livre depósito INVT;426,01;40.896,96;;;0,00000000000000;
GA03;3G-08-12A;288;UN;402443;SUPORTE TRANSF POSTE CIRC AC 270MM;L2;Utilização livre depósito INVT;105,18;30.291,84;;;0,00000000000000;
GA03;3G-08-12B;2.000;UN;403667;ALCA PREFORM CABO CONC  2X10 + 10;L2;Utilização livre depósito INVT;7,46;14.920,00;;;0,00000000000000;
GA03;3G-08-12B;2.000;UN;403803;ALCA PREFORM CABO CONC  3X10 + 10;L2;Utilização livre depósito INVT;8,70;17.400,00;;;0,00000000000000;
GA03;3G-08-12C;299;UN;402570;UNIDADE DE LEITURA INDIVIDUAL TLI - SMC;L2;Utilização livre depósito INVT;125,79;37.611,21;;;0,00000000000000;
GA03;3G-08-12C;180;UN;402767;MED IN 2E 3F 120V 100A SMC DR B;L2;Utilização livre depósito INVT;426,01;76.681,80;;;0,00000000000000;
GA03;3G-08-12C;119;UN;402807;MED IN 3E 4F 120V 100A SMC DR B;L2;Utilização livre depósito INVT;649,99;77.348,81;;;0,00000000000000;
GA03;3G-08-12D;240;PEÇ;407097;PROT. EMENDA ANTIFURTO 400X208X131,8MM;L2;Utilização livre depósito INVT;206,79;49.629,60;;;0,00000000000000;
GA03;3G-08-13A;288;UN;402443;SUPORTE TRANSF POSTE CIRC AC 270MM;L2;Utilização livre depósito INVT;105,18;30.291,84;;;0,00000000000000;
GA03;3G-08-13B;2.000;UN;403667;ALCA PREFORM CABO CONC  2X10 + 10;L2;Utilização livre depósito INVT;7,46;14.920,00;;;0,00000000000000;
GA03;3G-08-13B;2.000;UN;403803;ALCA PREFORM CABO CONC  3X10 + 10;L2;Utilização livre depósito INVT;8,70;17.400,00;;;0,00000000000000;
GA03;3G-08-13C;560;UN;402570;UNIDADE DE LEITURA INDIVIDUAL TLI - SMC;L2;Utilização livre depósito INVT;125,79;70.442,40;;;0,00000000000000;
GA03;3G-08-13C;560;UN;402807;MED IN 3E 4F 120V 100A SMC DR B;L2;Utilização livre depósito INVT;649,99;363.994,40;;;0,00000000000000;
GA03;3G-08-13D;240;PEÇ;407097;PROT. EMENDA ANTIFURTO 400X208X131,8MM;L2;Utilização livre depósito INVT;206,79;49.629,60;;;0,00000000000000;
GA03;3G-08-14A;288;UN;402443;SUPORTE TRANSF POSTE CIRC AC 270MM;L2;Utilização livre depósito INVT;105,18;30.291,84;;;0,00000000000000;
GA03;3G-08-14B;4.000;UN;403667;ALCA PREFORM CABO CONC  2X10 + 10;L2;Utilização livre depósito INVT;7,46;29.840,00;;;0,00000000000000;
GA03;3G-08-14C;560;UN;402570;UNIDADE DE LEITURA INDIVIDUAL TLI - SMC;L2;Utilização livre depósito INVT;125,79;70.442,40;;;0,00000000000000;
GA03;3G-08-14C;560;UN;402807;MED IN 3E 4F 120V 100A SMC DR B;L2;Utilização livre depósito INVT;649,99;363.994,40;;;0,00000000000000;
GA03;3G-08-14D;240;PEÇ;407097;PROT. EMENDA ANTIFURTO 400X208X131,8MM;L2;Utilização livre depósito INVT;206,79;49.629,60;;;0,00000000000000;
GA03;3G-08-15A;288;UN;402443;SUPORTE TRANSF POSTE CIRC AC 270MM;L2;Utilização livre depósito INVT;105,18;30.291,84;;;0,00000000000000;
GA03;3G-08-15B;4.000;UN;403667;ALCA PREFORM CABO CONC  2X10 + 10;L2;Utilização livre depósito INVT;7,46;29.840,00;;;0,00000000000000;
GA03;3G-08-15C;560;UN;402570;UNIDADE DE LEITURA INDIVIDUAL TLI - SMC;L2;Utilização livre depósito INVT;125,79;70.442,40;;;0,00000000000000;
GA03;3G-08-15C;560;UN;402807;MED IN 3E 4F 120V 100A SMC DR B;L2;Utilização livre depósito INVT;649,99;363.994,40;;;0,00000000000000;
GA03;3G-08-15D;240;PEÇ;407097;PROT. EMENDA ANTIFURTO 400X208X131,8MM;L2;Utilização livre depósito INVT;206,79;49.629,60;;;0,00000000000000;
GA03;3G-08-16A;144;UN;404818;SUPORTE TRAFO CIRCULAR 285MM;L2;Utilização livre depósito INVT;68,60;9.878,40;;;0,00000000000000;
GA03;3G-08-16A;192;UN;409641;SUPORTE TRANSF POSTE CIRC AC 210MM;L2;Utilização livre depósito INVT;61,42;11.792,64;;;0,00000000000000;
GA03;3G-08-16B;4.000;UN;403667;ALCA PREFORM CABO CONC  2X10 + 10;L2;Utilização livre depósito INVT;7,46;29.840,00;;;0,00000000000000;
GA03;3G-08-16C;560;UN;402570;UNIDADE DE LEITURA INDIVIDUAL TLI - SMC;L2;Utilização livre depósito INVT;125,79;70.442,40;;;0,00000000000000;
GA03;3G-08-16C;560;UN;402807;MED IN 3E 4F 120V 100A SMC DR B;L2;Utilização livre depósito INVT;649,99;363.994,40;;;0,00000000000000;
GA03;3G-08-16D;240;PEÇ;407097;PROT. EMENDA ANTIFURTO 400X208X131,8MM;L2;Utilização livre depósito INVT;206,79;49.629,60;;;0,00000000000000;
GA03;3G-08-17A;144;UN;404818;SUPORTE TRAFO CIRCULAR 285MM;L2;Utilização livre depósito INVT;68,60;9.878,40;;;0,00000000000000;
GA03;3G-08-17A;192;UN;409641;SUPORTE TRANSF POSTE CIRC AC 210MM;L2;Utilização livre depósito INVT;61,42;11.792,64;;;0,00000000000000;
GA03;3G-08-17B;2.000;UN;403803;ALCA PREFORM CABO CONC  3X10 + 10;L2;Utilização livre depósito INVT;8,70;17.400,00;;;0,00000000000000;
GA03;3G-08-17C;560;UN;402570;UNIDADE DE LEITURA INDIVIDUAL TLI - SMC;L2;Utilização livre depósito INVT;125,79;70.442,40;;;0,00000000000000;
GA03;3G-08-17C;560;UN;402807;MED IN 3E 4F 120V 100A SMC DR B;L2;Utilização livre depósito INVT;649,99;363.994,40;;;0,00000000000000;
GA03;3G-08-17D;2.700;UN;403594;ALCA PREFORM CABO CONC  2X16 + 16;L2;Utilização livre depósito INVT;10,04;27.108,00;;;0,00000000000000;
GA03;3G-08-17D;120;PEÇ;407097;PROT. EMENDA ANTIFURTO 400X208X131,8MM;L2;Utilização livre depósito INVT;206,79;24.814,80;;;0,00000000000000;
GA03;3G-08-18A;384;UN;409641;SUPORTE TRANSF POSTE CIRC AC 210MM;L2;Utilização livre depósito INVT;61,42;23.585,28;;;0,00000000000000;
GA03;3G-08-18C;7;UN;401351;MEDIDOR GRAND ELETR MODBUSGATEWAY 150MB;L2;Utilização livre depósito INVT;15.279,33;106.955,31;;;0,00000000000000;
GA03;3G-08-18C;23;UN;402766;MEDIDOR DIGITAL ESTATÍSTICO DE ENERGIA;L2;Utilização livre depósito INVT;12.752,64;293.310,72;;;0,00000000000000;
GA03;3G-08-18D;240;PEÇ;407097;PROT. EMENDA ANTIFURTO 400X208X131,8MM;L2;Utilização livre depósito INVT;206,79;49.629,60;;;0,00000000000000;
GA03;3G-09-01A;117;UN;407356;SUPORTE TIPO L AÇO PERFILADO ZINCADO DAT;L2;Utilização livre depósito INVT;191,39;22.392,63;;;0,00000000000000;
GA03;3G-09-02A;600;UN;402247;CINTA POSTE CIRC ACO 320MM;L2;Utilização livre depósito INVT;19,05;11.430,00;;;0,00000000000000;
GA03;3G-09-02A;100;UN;407356;SUPORTE TIPO L AÇO PERFILADO ZINCADO DAT;L2;Utilização livre depósito INVT;191,39;19.139,00;;;0,00000000000000;
GA03;3G-09-02B;72;UN;402570;UNIDADE DE LEITURA INDIVIDUAL TLI - SMC;L2;Utilização livre depósito INVT;125,79;9.056,88;;;0,00000000000000;
GA03;3G-09-02B;12;UN;402625;GABINETE CONCENTR 12MOD 120V C/RADIO SMC;L2;Utilização livre depósito INVT;2.878,54;34.542,48;;;0,00000000000000;
GA03;3G-09-02B;72;UN;402767;MED IN 2E 3F 120V 100A SMC DR B;L2;Utilização livre depósito INVT;426,01;30.672,72;;;0,00000000000000;
GA03;3G-09-02C;72;UN;402570;UNIDADE DE LEITURA INDIVIDUAL TLI - SMC;L2;Utilização livre depósito INVT;125,79;9.056,88;;;0,00000000000000;
GA03;3G-09-02C;12;UN;402625;GABINETE CONCENTR 12MOD 120V C/RADIO SMC;L2;Utilização livre depósito INVT;2.878,54;34.542,48;;;0,00000000000000;
GA03;3G-09-02C;72;UN;402767;MED IN 2E 3F 120V 100A SMC DR B;L2;Utilização livre depósito INVT;426,01;30.672,72;;;0,00000000000000;
GA03;3G-09-03A;400;UN;400344;CINTA POSTE ACO 290MM;L2;Utilização livre depósito INVT;37,67;15.068,00;;;0,00000000000000;
GA03;3G-09-03A;400;UN;400484;CINTA POSTE CIRC ACO 280MM;L2;Utilização livre depósito INVT;15,98;6.392,00;;;0,00000000000000;
GA03;3G-09-03B;72;UN;402570;UNIDADE DE LEITURA INDIVIDUAL TLI - SMC;L2;Utilização livre depósito INVT;125,79;9.056,88;;;0,00000000000000;
GA03;3G-09-03B;12;UN;402625;GABINETE CONCENTR 12MOD 120V C/RADIO SMC;L2;Utilização livre depósito INVT;2.878,54;34.542,48;;;0,00000000000000;
GA03;3G-09-03B;72;UN;402767;MED IN 2E 3F 120V 100A SMC DR B;L2;Utilização livre depósito INVT;426,01;30.672,72;;;0,00000000000000;
GA03;3G-09-03C;72;UN;402570;UNIDADE DE LEITURA INDIVIDUAL TLI - SMC;L2;Utilização livre depósito INVT;125,79;9.056,88;;;0,00000000000000;
GA03;3G-09-03C;12;UN;402625;GABINETE CONCENTR 12MOD 120V C/RADIO SMC;L2;Utilização livre depósito INVT;2.878,54;34.542,48;;;0,00000000000000;
GA03;3G-09-03C;72;UN;402767;MED IN 2E 3F 120V 100A SMC DR B;L2;Utilização livre depósito INVT;426,01;30.672,72;;;0,00000000000000;
GA03;3G-09-03D;32;UN;402625;GABINETE CONCENTR 12MOD 120V C/RADIO SMC;L2;Utilização livre depósito INVT;2.878,54;92.113,28;;;0,00000000000000;
GA03;3G-09-04A;1.574;UN;400446;CINTA POSTE CIRC ACO 300MM;L2;Utilização livre depósito INVT;39,62;62.361,88;;;0,00000000000000;
GA03;3G-09-04B;72;UN;402570;UNIDADE DE LEITURA INDIVIDUAL TLI - SMC;L2;Utilização livre depósito INVT;125,79;9.056,88;;;0,00000000000000;
GA03;3G-09-04B;12;UN;402625;GABINETE CONCENTR 12MOD 120V C/RADIO SMC;L2;Utilização livre depósito INVT;2.878,54;34.542,48;;;0,00000000000000;
GA03;3G-09-04B;72;UN;402767;MED IN 2E 3F 120V 100A SMC DR B;L2;Utilização livre depósito INVT;426,01;30.672,72;;;0,00000000000000;
GA03;3G-09-04C;72;UN;402570;UNIDADE DE LEITURA INDIVIDUAL TLI - SMC;L2;Utilização livre depósito INVT;125,79;9.056,88;;;0,00000000000000;
GA03;3G-09-04C;12;UN;402625;GABINETE CONCENTR 12MOD 120V C/RADIO SMC;L2;Utilização livre depósito INVT;2.878,54;34.542,48;;;0,00000000000000;
GA03;3G-09-04C;72;UN;402767;MED IN 2E 3F 120V 100A SMC DR B;L2;Utilização livre depósito INVT;426,01;30.672,72;;;0,00000000000000;
GA03;3G-09-04D;26;UN;402625;GABINETE CONCENTR 12MOD 120V C/RADIO SMC;L2;Utilização livre depósito INVT;2.878,54;74.842,04;;;0,00000000000000;
GA03;3G-09-05A;999;UN;400446;CINTA POSTE CIRC ACO 300MM;L2;Utilização livre depósito INVT;39,62;39.580,38;;;0,00000000000000;
GA03;3G-09-05A;100;UN;407356;SUPORTE TIPO L AÇO PERFILADO ZINCADO DAT;L2;Utilização livre depósito INVT;191,39;19.139,00;;;0,00000000000000;
GA03;3G-09-05B;72;UN;402570;UNIDADE DE LEITURA INDIVIDUAL TLI - SMC;L2;Utilização livre depósito INVT;125,79;9.056,88;;;0,00000000000000;
GA03;3G-09-05B;12;UN;402625;GABINETE CONCENTR 12MOD 120V C/RADIO SMC;L2;Utilização livre depósito INVT;2.878,54;34.542,48;;;0,00000000000000;
GA03;3G-09-05B;72;UN;402767;MED IN 2E 3F 120V 100A SMC DR B;L2;Utilização livre depósito INVT;426,01;30.672,72;;;0,00000000000000;
GA03;3G-09-05C;72;UN;402570;UNIDADE DE LEITURA INDIVIDUAL TLI - SMC;L2;Utilização livre depósito INVT;125,79;9.056,88;;;0,00000000000000;
GA03;3G-09-05C;12;UN;402625;GABINETE CONCENTR 12MOD 120V C/RADIO SMC;L2;Utilização livre depósito INVT;2.878,54;34.542,48;;;0,00000000000000;
GA03;3G-09-05C;72;UN;402767;MED IN 2E 3F 120V 100A SMC DR B;L2;Utilização livre depósito INVT;426,01;30.672,72;;;0,00000000000000;
GA03;3G-09-05D;26;UN;402625;GABINETE CONCENTR 12MOD 120V C/RADIO SMC;L2;Utilização livre depósito INVT;2.878,54;74.842,04;;;0,00000000000000;
GA03;3G-09-06A;900;UN;400484;CINTA POSTE CIRC ACO 280MM;L2;Utilização livre depósito INVT;15,98;14.382,00;;;0,00000000000000;
GA03;3G-09-06A;7.978;UN;402127;PARAFUSO CAB ABA AC 16MM 45MM;L2;Utilização livre depósito INVT;4,40;35.103,20;;;0,00000000000000;
GA03;3G-09-06B;72;UN;402570;UNIDADE DE LEITURA INDIVIDUAL TLI - SMC;L2;Utilização livre depósito INVT;125,79;9.056,88;;;0,00000000000000;
GA03;3G-09-06B;12;UN;402625;GABINETE CONCENTR 12MOD 120V C/RADIO SMC;L2;Utilização livre depósito INVT;2.878,54;34.542,48;;;0,00000000000000;
GA03;3G-09-06B;72;UN;402767;MED IN 2E 3F 120V 100A SMC DR B;L2;Utilização livre depósito INVT;426,01;30.672,72;;;0,00000000000000;
GA03;3G-09-06C;72;UN;402570;UNIDADE DE LEITURA INDIVIDUAL TLI - SMC;L2;Utilização livre depósito INVT;125,79;9.056,88;;;0,00000000000000;
GA03;3G-09-06C;12;UN;402625;GABINETE CONCENTR 12MOD 120V C/RADIO SMC;L2;Utilização livre depósito INVT;2.878,54;34.542,48;;;0,00000000000000;
GA03;3G-09-06C;72;UN;402767;MED IN 2E 3F 120V 100A SMC DR B;L2;Utilização livre depósito INVT;426,01;30.672,72;;;0,00000000000000;
GA03;3G-09-06D;32;UN;402625;GABINETE CONCENTR 12MOD 120V C/RADIO SMC;L2;Utilização livre depósito INVT;2.878,54;92.113,28;;;0,00000000000000;
GA03;3G-09-07A;24.550;UN;402127;PARAFUSO CAB ABA AC 16MM 45MM;L2;Utilização livre depósito INVT;4,40;108.020,00;;;0,00000000000000;
GA03;3G-09-07B;72;UN;402570;UNIDADE DE LEITURA INDIVIDUAL TLI - SMC;L2;Utilização livre depósito INVT;125,79;9.056,88;;;0,00000000000000;
GA03;3G-09-07B;12;UN;402625;GABINETE CONCENTR 12MOD 120V C/RADIO SMC;L2;Utilização livre depósito INVT;2.878,54;34.542,48;;;0,00000000000000;
GA03;3G-09-07B;72;UN;402767;MED IN 2E 3F 120V 100A SMC DR B;L2;Utilização livre depósito INVT;426,01;30.672,72;;;0,00000000000000;
GA03;3G-09-07C;72;UN;402570;UNIDADE DE LEITURA INDIVIDUAL TLI - SMC;L2;Utilização livre depósito INVT;125,79;9.056,88;;;0,00000000000000;
GA03;3G-09-07C;12;UN;402625;GABINETE CONCENTR 12MOD 120V C/RADIO SMC;L2;Utilização livre depósito INVT;2.878,54;34.542,48;;;0,00000000000000;
GA03;3G-09-07C;72;UN;402767;MED IN 2E 3F 120V 100A SMC DR B;L2;Utilização livre depósito INVT;426,01;30.672,72;;;0,00000000000000;
GA03;3G-09-07D;32;UN;402625;GABINETE CONCENTR 12MOD 120V C/RADIO SMC;L2;Utilização livre depósito INVT;2.878,54;92.113,28;;;0,00000000000000;
GA03;3G-09-08A;1.367;UN;401403;CINTA POSTE CIRC ACO 160MM;L2;Utilização livre depósito INVT;10,02;13.697,34;;;0,00000000000000;
GA03;3G-09-08A;2.009;UN;401559;CINTA POSTE CIRC ACO 140MM;L2;Utilização livre depósito INVT;24,03;48.276,27;;;0,00000000000000;
GA03;3G-09-08B;72;UN;402570;UNIDADE DE LEITURA INDIVIDUAL TLI - SMC;L2;Utilização livre depósito INVT;125,79;9.056,88;;;0,00000000000000;
GA03;3G-09-08B;12;UN;402625;GABINETE CONCENTR 12MOD 120V C/RADIO SMC;L2;Utilização livre depósito INVT;2.878,54;34.542,48;;;0,00000000000000;
GA03;3G-09-08B;72;UN;402767;MED IN 2E 3F 120V 100A SMC DR B;L2;Utilização livre depósito INVT;426,01;30.672,72;;;0,00000000000000;
GA03;3G-09-08C;72;UN;402570;UNIDADE DE LEITURA INDIVIDUAL TLI - SMC;L2;Utilização livre depósito INVT;125,79;9.056,88;;;0,00000000000000;
GA03;3G-09-08C;12;UN;402625;GABINETE CONCENTR 12MOD 120V C/RADIO SMC;L2;Utilização livre depósito INVT;2.878,54;34.542,48;;;0,00000000000000;
GA03;3G-09-08C;72;UN;402767;MED IN 2E 3F 120V 100A SMC DR B;L2;Utilização livre depósito INVT;426,01;30.672,72;;;0,00000000000000;
GA03;3G-09-08D;48;UN;402625;GABINETE CONCENTR 12MOD 120V C/RADIO SMC;L2;Utilização livre depósito INVT;2.878,54;138.169,92;;;0,00000000000000;
GA03;3G-09-09A;1.445;UN;402065;CINTA POSTE CIRC ACO 180MM;L2;Utilização livre depósito INVT;15,75;22.758,75;;;0,00000000000000;
GA03;3G-09-09A;520;UN;801304;CINTA POSTE CIRC ACO 160MM;F3;Utilização livre depósito CUST;16,23;8.439,60;;;0,00000000000000;
GA03;3G-09-09B;72;UN;402570;UNIDADE DE LEITURA INDIVIDUAL TLI - SMC;L2;Utilização livre depósito INVT;125,79;9.056,88;;;0,00000000000000;
GA03;3G-09-09B;12;UN;402625;GABINETE CONCENTR 12MOD 120V C/RADIO SMC;L2;Utilização livre depósito INVT;2.878,54;34.542,48;;;0,00000000000000;
GA03;3G-09-09B;72;UN;402767;MED IN 2E 3F 120V 100A SMC DR B;L2;Utilização livre depósito INVT;426,01;30.672,72;;;0,00000000000000;
GA03;3G-09-09C;72;UN;402570;UNIDADE DE LEITURA INDIVIDUAL TLI - SMC;L2;Utilização livre depósito INVT;125,79;9.056,88;;;0,00000000000000;
GA03;3G-09-09C;12;UN;402625;GABINETE CONCENTR 12MOD 120V C/RADIO SMC;L2;Utilização livre depósito INVT;2.878,54;34.542,48;;;0,00000000000000;
GA03;3G-09-09C;72;UN;402767;MED IN 2E 3F 120V 100A SMC DR B;L2;Utilização livre depósito INVT;426,01;30.672,72;;;0,00000000000000;
GA03;3G-09-09D;32;UN;402625;GABINETE CONCENTR 12MOD 120V C/RADIO SMC;L2;Utilização livre depósito INVT;2.878,54;92.113,28;;;0,00000000000000;
GA03;3G-09-10A;935;UN;402065;CINTA POSTE CIRC ACO 180MM;L2;Utilização livre depósito INVT;15,75;14.726,25;;;0,00000000000000;
GA03;3G-09-10A;1.388;UN;800435;CINTA POSTE CIRC ACO 180MM;F3;Utilização livre depósito CUST;14,82;20.570,16;;;0,00000000000000;
GA03;3G-09-10B;72;UN;402570;UNIDADE DE LEITURA INDIVIDUAL TLI - SMC;L2;Utilização livre depósito INVT;125,79;9.056,88;;;0,00000000000000;
GA03;3G-09-10B;12;UN;402625;GABINETE CONCENTR 12MOD 120V C/RADIO SMC;L2;Utilização livre depósito INVT;2.878,54;34.542,48;;;0,00000000000000;
GA03;3G-09-10B;72;UN;402767;MED IN 2E 3F 120V 100A SMC DR B;L2;Utilização livre depósito INVT;426,01;30.672,72;;;0,00000000000000;
GA03;3G-09-10C;72;UN;402570;UNIDADE DE LEITURA INDIVIDUAL TLI - SMC;L2;Utilização livre depósito INVT;125,79;9.056,88;;;0,00000000000000;
GA03;3G-09-10C;12;UN;402625;GABINETE CONCENTR 12MOD 120V C/RADIO SMC;L2;Utilização livre depósito INVT;2.878,54;34.542,48;;;0,00000000000000;
GA03;3G-09-10C;72;UN;402767;MED IN 2E 3F 120V 100A SMC DR B;L2;Utilização livre depósito INVT;426,01;30.672,72;;;0,00000000000000;
GA03;3G-09-10D;32;UN;402625;GABINETE CONCENTR 12MOD 120V C/RADIO SMC;L2;Utilização livre depósito INVT;2.878,54;92.113,28;;;0,00000000000000;
GA03;3G-09-11A;745;UN;800266;CINTA POSTE CIRC ACO 230MM;F3;Utilização livre depósito CUST;15,80;11.771,00;;;0,00000000000000;
GA03;3G-09-11A;1.050;UN;801077;CINTA POSTE CIRC ACO 270MM;F3;Utilização livre depósito CUST;11,75;12.337,50;;;0,00000000000000;
GA03;3G-09-11B;72;UN;402570;UNIDADE DE LEITURA INDIVIDUAL TLI - SMC;L2;Utilização livre depósito INVT;125,79;9.056,88;;;0,00000000000000;
GA03;3G-09-11B;12;UN;402625;GABINETE CONCENTR 12MOD 120V C/RADIO SMC;L2;Utilização livre depósito INVT;2.878,54;34.542,48;;;0,00000000000000;
GA03;3G-09-11B;72;UN;402767;MED IN 2E 3F 120V 100A SMC DR B;L2;Utilização livre depósito INVT;426,01;30.672,72;;;0,00000000000000;
GA03;3G-09-11C;72;UN;402570;UNIDADE DE LEITURA INDIVIDUAL TLI - SMC;L2;Utilização livre depósito INVT;125,79;9.056,88;;;0,00000000000000;
GA03;3G-09-11C;12;UN;402625;GABINETE CONCENTR 12MOD 120V C/RADIO SMC;L2;Utilização livre depósito INVT;2.878,54;34.542,48;;;0,00000000000000;
GA03;3G-09-11C;72;UN;402767;MED IN 2E 3F 120V 100A SMC DR B;L2;Utilização livre depósito INVT;426,01;30.672,72;;;0,00000000000000;
GA03;3G-09-11D;48;UN;402625;GABINETE CONCENTR 12MOD 120V C/RADIO SMC;L2;Utilização livre depósito INVT;2.878,54;138.169,92;;;0,00000000000000;
GA03;3G-09-12B;72;UN;402570;UNIDADE DE LEITURA INDIVIDUAL TLI - SMC;L2;Utilização livre depósito INVT;125,79;9.056,88;;;0,00000000000000;
GA03;3G-09-12B;12;UN;402625;GABINETE CONCENTR 12MOD 120V C/RADIO SMC;L2;Utilização livre depósito INVT;2.878,54;34.542,48;;;0,00000000000000;
GA03;3G-09-12B;72;UN;402767;MED IN 2E 3F 120V 100A SMC DR B;L2;Utilização livre depósito INVT;426,01;30.672,72;;;0,00000000000000;
GA03;3G-09-12C;72;UN;402570;UNIDADE DE LEITURA INDIVIDUAL TLI - SMC;L2;Utilização livre depósito INVT;125,79;9.056,88;;;0,00000000000000;
GA03;3G-09-12C;12;UN;402625;GABINETE CONCENTR 12MOD 120V C/RADIO SMC;L2;Utilização livre depósito INVT;2.878,54;34.542,48;;;0,00000000000000;
GA03;3G-09-12C;72;UN;402767;MED IN 2E 3F 120V 100A SMC DR B;L2;Utilização livre depósito INVT;426,01;30.672,72;;;0,00000000000000;
GA03;3G-09-12D;72;UN;402570;UNIDADE DE LEITURA INDIVIDUAL TLI - SMC;L2;Utilização livre depósito INVT;125,79;9.056,88;;;0,00000000000000;
GA03;3G-09-12D;12;UN;402625;GABINETE CONCENTR 12MOD 120V C/RADIO SMC;L2;Utilização livre depósito INVT;2.878,54;34.542,48;;;0,00000000000000;
GA03;3G-09-12D;72;UN;402767;MED IN 2E 3F 120V 100A SMC DR B;L2;Utilização livre depósito INVT;426,01;30.672,72;;;0,00000000000000;
GA03;3G-09-13B;72;UN;402570;UNIDADE DE LEITURA INDIVIDUAL TLI - SMC;L2;Utilização livre depósito INVT;125,79;9.056,88;;;0,00000000000000;
GA03;3G-09-13B;12;UN;402625;GABINETE CONCENTR 12MOD 120V C/RADIO SMC;L2;Utilização livre depósito INVT;2.878,54;34.542,48;;;0,00000000000000;
GA03;3G-09-13B;72;UN;402767;MED IN 2E 3F 120V 100A SMC DR B;L2;Utilização livre depósito INVT;426,01;30.672,72;;;0,00000000000000;
GA03;3G-09-13C;72;UN;402570;UNIDADE DE LEITURA INDIVIDUAL TLI - SMC;L2;Utilização livre depósito INVT;125,79;9.056,88;;;0,00000000000000;
GA03;3G-09-13C;12;UN;402625;GABINETE CONCENTR 12MOD 120V C/RADIO SMC;L2;Utilização livre depósito INVT;2.878,54;34.542,48;;;0,00000000000000;
GA03;3G-09-13C;72;UN;402767;MED IN 2E 3F 120V 100A SMC DR B;L2;Utilização livre depósito INVT;426,01;30.672,72;;;0,00000000000000;
GA03;3G-09-13D;72;UN;402570;UNIDADE DE LEITURA INDIVIDUAL TLI - SMC;L2;Utilização livre depósito INVT;125,79;9.056,88;;;0,00000000000000;
GA03;3G-09-13D;12;UN;402625;GABINETE CONCENTR 12MOD 120V C/RADIO SMC;L2;Utilização livre depósito INVT;2.878,54;34.542,48;;;0,00000000000000;
GA03;3G-09-13D;72;UN;402767;MED IN 2E 3F 120V 100A SMC DR B;L2;Utilização livre depósito INVT;426,01;30.672,72;;;0,00000000000000;
GA03;3G-09-14B;72;UN;402570;UNIDADE DE LEITURA INDIVIDUAL TLI - SMC;L2;Utilização livre depósito INVT;125,79;9.056,88;;;0,00000000000000;
GA03;3G-09-14B;12;UN;402625;GABINETE CONCENTR 12MOD 120V C/RADIO SMC;L2;Utilização livre depósito INVT;2.878,54;34.542,48;;;0,00000000000000;
GA03;3G-09-14B;72;UN;402767;MED IN 2E 3F 120V 100A SMC DR B;L2;Utilização livre depósito INVT;426,01;30.672,72;;;0,00000000000000;
GA03;3G-09-14C;72;UN;402570;UNIDADE DE LEITURA INDIVIDUAL TLI - SMC;L2;Utilização livre depósito INVT;125,79;9.056,88;;;0,00000000000000;
GA03;3G-09-14C;12;UN;402625;GABINETE CONCENTR 12MOD 120V C/RADIO SMC;L2;Utilização livre depósito INVT;2.878,54;34.542,48;;;0,00000000000000;
GA03;3G-09-14C;72;UN;402767;MED IN 2E 3F 120V 100A SMC DR B;L2;Utilização livre depósito INVT;426,01;30.672,72;;;0,00000000000000;
GA03;3G-09-14D;108;UN;402570;UNIDADE DE LEITURA INDIVIDUAL TLI - SMC;L2;Utilização livre depósito INVT;125,79;13.585,32;;;0,00000000000000;
GA03;3G-09-14D;18;UN;402625;GABINETE CONCENTR 12MOD 120V C/RADIO SMC;L2;Utilização livre depósito INVT;2.878,54;51.813,72;;;0,00000000000000;
GA03;3G-09-14D;108;UN;402767;MED IN 2E 3F 120V 100A SMC DR B;L2;Utilização livre depósito INVT;426,01;46.009,08;;;0,00000000000000;
GA03;3G-09-15A;100;UN;407356;SUPORTE TIPO L AÇO PERFILADO ZINCADO DAT;L2;Utilização livre depósito INVT;191,39;19.139,00;;;0,00000000000000;
GA03;3G-09-15B;72;UN;402570;UNIDADE DE LEITURA INDIVIDUAL TLI - SMC;L2;Utilização livre depósito INVT;125,79;9.056,88;;;0,00000000000000;
GA03;3G-09-15B;12;UN;402625;GABINETE CONCENTR 12MOD 120V C/RADIO SMC;L2;Utilização livre depósito INVT;2.878,54;34.542,48;;;0,00000000000000;
GA03;3G-09-15B;72;UN;402767;MED IN 2E 3F 120V 100A SMC DR B;L2;Utilização livre depósito INVT;426,01;30.672,72;;;0,00000000000000;
GA03;3G-09-15C;192;UN;402570;UNIDADE DE LEITURA INDIVIDUAL TLI - SMC;L2;Utilização livre depósito INVT;125,79;24.151,68;;;0,00000000000000;
GA03;3G-09-15C;32;UN;402625;GABINETE CONCENTR 12MOD 120V C/RADIO SMC;L2;Utilização livre depósito INVT;2.878,54;92.113,28;;;0,00000000000000;
GA03;3G-09-15C;192;UN;402767;MED IN 2E 3F 120V 100A SMC DR B;L2;Utilização livre depósito INVT;426,01;81.793,92;;;0,00000000000000;
GA03;3G-09-16A;2.400;UN;403686;BARRA P/2 CAIXAS;L2;Utilização livre depósito INVT;56,70;136.080,00;;;0,00000000000000;
GA03;3G-09-16B;72;UN;402570;UNIDADE DE LEITURA INDIVIDUAL TLI - SMC;L2;Utilização livre depósito INVT;125,79;9.056,88;;;0,00000000000000;
GA03;3G-09-16B;12;UN;402625;GABINETE CONCENTR 12MOD 120V C/RADIO SMC;L2;Utilização livre depósito INVT;2.878,54;34.542,48;;;0,00000000000000;
GA03;3G-09-16B;72;UN;402767;MED IN 2E 3F 120V 100A SMC DR B;L2;Utilização livre depósito INVT;426,01;30.672,72;;;0,00000000000000;
GA03;3G-09-16C;144;UN;402570;UNIDADE DE LEITURA INDIVIDUAL TLI - SMC;L2;Utilização livre depósito INVT;125,79;18.113,76;;;0,00000000000000;
GA03;3G-09-16C;24;UN;402625;GABINETE CONCENTR 12MOD 120V C/RADIO SMC;L2;Utilização livre depósito INVT;2.878,54;69.084,96;;;0,00000000000000;
GA03;3G-09-16C;144;UN;402767;MED IN 2E 3F 120V 100A SMC DR B;L2;Utilização livre depósito INVT;426,01;61.345,44;;;0,00000000000000;
GA03;3G-09-17A;2.400;UN;403686;BARRA P/2 CAIXAS;L2;Utilização livre depósito INVT;56,70;136.080,00;;;0,00000000000000;
GA03;3G-09-17B;72;UN;402570;UNIDADE DE LEITURA INDIVIDUAL TLI - SMC;L2;Utilização livre depósito INVT;125,79;9.056,88;;;0,00000000000000;
GA03;3G-09-17B;12;UN;402625;GABINETE CONCENTR 12MOD 120V C/RADIO SMC;L2;Utilização livre depósito INVT;2.878,54;34.542,48;;;0,00000000000000;
GA03;3G-09-17B;72;UN;402767;MED IN 2E 3F 120V 100A SMC DR B;L2;Utilização livre depósito INVT;426,01;30.672,72;;;0,00000000000000;
GA03;3G-09-17C;144;UN;402570;UNIDADE DE LEITURA INDIVIDUAL TLI - SMC;L2;Utilização livre depósito INVT;125,79;18.113,76;;;0,00000000000000;
GA03;3G-09-17C;24;UN;402625;GABINETE CONCENTR 12MOD 120V C/RADIO SMC;L2;Utilização livre depósito INVT;2.878,54;69.084,96;;;0,00000000000000;
GA03;3G-09-17C;144;UN;402767;MED IN 2E 3F 120V 100A SMC DR B;L2;Utilização livre depósito INVT;426,01;61.345,44;;;0,00000000000000;
GA03;3G-09-18A;2.400;UN;403686;BARRA P/2 CAIXAS;L2;Utilização livre depósito INVT;56,70;136.080,00;;;0,00000000000000;
GA03;3G-09-18B;72;UN;402570;UNIDADE DE LEITURA INDIVIDUAL TLI - SMC;L2;Utilização livre depósito INVT;125,79;9.056,88;;;0,00000000000000;
GA03;3G-09-18B;12;UN;402625;GABINETE CONCENTR 12MOD 120V C/RADIO SMC;L2;Utilização livre depósito INVT;2.878,54;34.542,48;;;0,00000000000000;
GA03;3G-09-18B;72;UN;402767;MED IN 2E 3F 120V 100A SMC DR B;L2;Utilização livre depósito INVT;426,01;30.672,72;;;0,00000000000000;
GA03;3G-09-18C;192;UN;402570;UNIDADE DE LEITURA INDIVIDUAL TLI - SMC;L2;Utilização livre depósito INVT;125,79;24.151,68;;;0,00000000000000;
GA03;3G-09-18C;32;UN;402625;GABINETE CONCENTR 12MOD 120V C/RADIO SMC;L2;Utilização livre depósito INVT;2.878,54;92.113,28;;;0,00000000000000;
GA03;3G-09-18C;192;UN;402767;MED IN 2E 3F 120V 100A SMC DR B;L2;Utilização livre depósito INVT;426,01;81.793,92;;;0,00000000000000;
GA03;3M-01-01A;180;PEÇ;120224;CORDA LINHA VIVA PA 12MM 2200KGF;F3;Utilização livre depósito CUST;5,00;900,00;;;0,00000000000000;
GA03;3M-01-02G;300;UN;120095;PROTETOR AUDITIVO PLUG SIL 17DB;F3;Utilização livre depósito CUST;3,80;1.140,00;;;0,00000000000000;
GA03;3M-01-02H;300;UN;120095;PROTETOR AUDITIVO PLUG SIL 17DB;F3;Utilização livre depósito CUST;3,80;1.140,00;;;0,00000000000000;
GA03;3M-01-02I;300;UN;120095;PROTETOR AUDITIVO PLUG SIL 17DB;F3;Utilização livre depósito CUST;3,80;1.140,00;;;0,00000000000000;
GA03;3M-01-02J;941;UN;120095;PROTETOR AUDITIVO PLUG SIL 17DB;F3;Utilização livre depósito CUST;3,80;3.575,80;;;0,00000000000000;
GA03;3M-01-03H;8;PAR;120123;LUVA ISOLANTE CLASSE 2 TAM 10 17KV;F3;Utilização livre depósito CUST;537,38;4.299,04;;;0,00000000000000;
GA03;3M-01-03I;2;PAR;120123;LUVA ISOLANTE CLASSE 2 TAM 10 17KV;F3;Utilização livre depósito CUST;537,38;1.074,76;;;0,00000000000000;
GA03;3M-01-03J;13;PAR;120147;LUVA ISOLANTE CL 00 TAM 10 1/2 500V;F3;Utilização livre depósito CUST;86,42;1.123,46;;;0,00000000000000;
GA03;3M-01-04C;5;UN;120461;TOUCA BRANCA DESCARTAVEL;F3;Utilização livre depósito CUST;10,60;53,00;;;0,00000000000000;
GA03;3M-01-04E;3;UN;120459;LUVAS LATEX DESCARTAVEL TAMANHO M;F3;Utilização livre depósito CUST;56,00;168,00;;;0,00000000000000;
GA03;3M-01-04E;1;UN;120460;LUVAS LATEX DESCARTAVEL TAMANHO G;F3;Utilização livre depósito CUST;56,00;56,00;;;0,00000000000000;
GA03;3M-01-04F;4;UN;120392;LUVA ISOLANTE CLASSE 2 TAM 10 1/2 17KV;F3;Utilização livre depósito CUST;519,84;2.079,36;;;0,00000000000000;
GA03;3M-01-04H;2;PAR;120005;LUVA ISOLANTE CLASSE 00 TAM 9 1/2 500V;F3;Utilização livre depósito CUST;241,74;483,48;;;0,00000000000000;
GA03;3M-01-04J;7;PAR;120062;LUVA ISOLANTE CLASSE 00 TAM 10 500V;F3;Utilização livre depósito CUST;363,36;2.543,52;;;0,00000000000000;
GA03;3M-01-05A;40;UN;120184;PROTETOR AUDITIVO CONCHA PLAST 19DB;F3;Utilização livre depósito CUST;253,30;10.132,00;;;0,00000000000000;
GA03;3M-01-05B;20;UN;120184;PROTETOR AUDITIVO CONCHA PLAST 19DB;F3;Utilização livre depósito CUST;253,30;5.066,00;;;0,00000000000000;
GA03;3M-01-05C;20;UN;120184;PROTETOR AUDITIVO CONCHA PLAST 19DB;F3;Utilização livre depósito CUST;253,30;5.066,00;;;0,00000000000000;
GA03;3M-01-05D;6;UN;120184;PROTETOR AUDITIVO CONCHA PLAST 19DB;F3;Utilização livre depósito CUST;253,30;1.519,80;;;0,00000000000000;
GA03;3M-01-05F;2;UN;120212;CABECOTE UNIVERSAL PARA VARA MANOBRA;F3;Utilização livre depósito CUST;199,14;398,28;;;0,00000000000000;
GA03;3M-01-05F;10;UN;803747;CABECOTE PARA MANOBRA DE CHAVES;F3;Utilização livre depósito CUST;24,22;242,20;;;0,00000000000000;
GA03;3M-01-05G;1;UN;120410;RESPIRADOR  SEMIFACIAL PFF2 N95 TAM M;F3;Utilização livre depósito CUST;181,00;181,00;;;0,00000000000000;
GA03;3M-01-05G;5;UN;805532;CARTUCHO QUIM 6003 VAPORES ORG E GASES A;F3;Utilização livre depósito CUST;90,00;450,00;;;0,00000000000000;
GA03;3M-01-05H;2;PAR;120066;LUVA ISOLANTE CLASSE 4 TAM 10;F3;Utilização livre depósito CUST;1.396,29;2.792,58;;;0,00000000000000;
GA03;3M-01-05J;21;PAR;120062;LUVA ISOLANTE CLASSE 00 TAM 10 500V;F3;Utilização livre depósito CUST;363,36;7.630,56;;;0,00000000000000;
GA03;3M-02-01A;3;UN;402867;RELE BLOQUEIO 86NUM 10NA+10NF SUP;L2;Utilização livre depósito INVT;6.603,00;19.809,00;;;0,00000000000000;
GA03;3M-02-01A;1;UN;801556;RELE SOBRECARGA 125V 5A;F3;Utilização livre depósito CUST;26,00;26,00;;;0,00000000000000;
GA03;3M-02-01B;1;UN;801468;RELE SUBTENSAO 30-120VCA 2NAF;F3;Utilização livre depósito CUST;1,00;1,00;;;0,00000000000000;
GA03;3M-02-01B;2;UN;801682;CENTELHADOR SECCION 69KV SE/SJ;F3;Utilização livre depósito CUST;50,00;100,00;;;0,00000000000000;
GA03;3M-02-01B;1;UN;801704;BUCHA AT 15KV 160A TRAFO;F3;Utilização livre depósito CUST;100,00;100,00;;;0,00000000000000;
GA03;3M-02-01C;1;UN;801526;RELE SUBTENSAO 30-120VCA 6NAF;F3;Utilização livre depósito CUST;1,00;1,00;;;0,00000000000000;
GA03;3M-02-01C;3;UN;803014;INDICADOR POT REATIVA 4-20A;F3;Utilização livre depósito CUST;293,40;880,20;;;0,00000000000000;
GA03;3M-02-01D;16;UN;800549;RESISTOR C/SOQ 2K2OHMS 220VCA;F3;Utilização livre depósito CUST;1,00;16,00;;;0,00000000000000;
GA03;3M-02-01D;2;UN;801692;RELE SOBRECOR 5A 125VCC;F3;Utilização livre depósito CUST;1,00;2,00;;;0,00000000000000;
GA03;3M-02-01E;3;UN;801502;RELE SOBRECOR 125VCC 1/2A;F3;Utilização livre depósito CUST;1,00;3,00;;;0,00000000000000;
GA03;3M-02-01F;1;UN;800990;UNIDADE PROT DIG 5A 50/60HZ;F3;Utilização livre depósito CUST;4.000,00;4.000,00;;;0,00000000000000;
GA03;3M-02-01F;1;UN;801526;RELE SUBTENSAO 30-120VCA 6NAF;F3;Utilização livre depósito CUST;1,00;1,00;;;0,00000000000000;
GA03;3M-02-01G;1;UN;403768;RELE PROT 7SA6125-5BB92-2PD4+LOS SIEMENS;L2;Utilização livre depósito INVT;0,01;0,01;;;0,00000000000000;
GA03;3M-02-01G;1;UN;405170;RELE PROTECAO TRANSFORMADOR MICOM P642;L2;Utilização livre depósito INVT;12.717,92;12.717,92;;;0,00000000000000;
GA03;3M-02-02A;3;UN;802038;RELE DIF ALTA IMPED 70/100V 67/97V;F3;Utilização livre depósito CUST;200,00;600,00;;;0,00000000000000;
GA03;3M-02-02B;5;UN;801599;RELE TEMPO WARD TXD 250V/60HZ 0,5-10S;F3;Utilização livre depósito CUST;25,00;125,00;;;0,00000000000000;
GA03;3M-02-02B;6;UN;801614;RELE AUXILIAR 125VCC RK221825AN;F3;Utilização livre depósito CUST;49,54;297,24;;;0,00000000000000;
GA03;3M-02-02C;14;UN;801501;RELE TEMPO 125VDC 20-100SEG;F3;Utilização livre depósito CUST;1,00;14,00;;;0,00000000000000;
GA03;3M-02-02C;8;UN;802037;RELE AUXILIAR 125V 4NA+2NF 5A;F3;Utilização livre depósito CUST;1,00;8,00;;;0,00000000000000;
GA03;3M-02-02D;6;UN;801673;RELE SUB-TENSAO MONOF 60-108VCA 2NA+NF;F3;Utilização livre depósito CUST;24,26;145,56;;;0,00000000000000;
GA03;3M-02-02F;10;UN;801007;BASE JN-DE RELE 125VDC IP-10;F3;Utilização livre depósito CUST;243,64;2.436,40;;;0,00000000000000;
GA03;3M-02-02F;1;UN;801662;RELE RELIG AUTOM 125VCC;F3;Utilização livre depósito CUST;200,00;200,00;;;0,00000000000000;
GA03;3M-02-02G;1;UN;403768;RELE PROT 7SA6125-5BB92-2PD4+LOS SIEMENS;L2;Utilização livre depósito INVT;0,01;0,01;;;0,00000000000000;
GA03;3M-02-03A;1;UN;801473;RELE SOBRECOR 110-125VCC 5A;F3;Utilização livre depósito CUST;100,00;100,00;;;0,00000000000000;
GA03;3M-02-03A;3;UN;801710;DISPOSITIVO INTER WESTINGHOUSE 150DHP500;F3;Utilização livre depósito CUST;10,00;30,00;;;0,00000000000000;
GA03;3M-02-03A;4;UN;802467;INDICADOR FASE ASEA RK276001-AA;F3;Utilização livre depósito CUST;0,23;0,92;;;0,00000000000000;
GA03;3M-02-03B;3;UN;110194;CONECTOR OPTICO RS 951 021;F3;Utilização livre depósito CUST;100,00;300,00;;;0,00000000000000;
GA03;3M-02-03B;113;UN;110518;LAMPADA INC 48V 20MA TS40 4MM 15MM;F3;Utilização livre depósito CUST;0,77;87,01;;;0,00000000000000;
GA03;3M-02-03B;150;UN;110624;LAMPADA INC 6,3V 15MA B101 T3 1/4P 10MM;F3;Utilização livre depósito CUST;0,08;12,00;;;0,00000000000000;
GA03;3M-02-03B;1;UN;110659;MODEM OPT ASSINC 192BPS RS232C 3KM;F3;Utilização livre depósito CUST;1.500,00;1.500,00;;;0,00000000000000;
GA03;3M-02-03C;2;UN;800442;CONECTOR BORNE BG 380VCA 12~22AWG;F3;Utilização livre depósito CUST;0,04;0,08;;;0,00000000000000;
GA03;3M-02-03C;7;UN;801639;TRANSDUTOR POT ATIVA 0-1494W;F3;Utilização livre depósito CUST;40,00;280,00;;;0,00000000000000;
GA03;3M-02-03C;2;UN;802269;CONTATO WENCO 310C665G01;F3;Utilização livre depósito CUST;21,82;43,64;;;0,00000000000000;
GA03;3M-02-03C;6;UN;802536;INDICADOR CORR CONTINUA 4-20MA;F3;Utilização livre depósito CUST;139,30;835,80;;;0,00000000000000;
GA03;3M-02-03D;5;UN;402861;RELE DIGITAL PROT DIST 21+21N;L2;Utilização livre depósito INVT;15.400,65;77.003,25;;;0,00000000000000;
GA03;3M-02-03E;8;UN;402861;RELE DIGITAL PROT DIST 21+21N;L2;Utilização livre depósito INVT;15.400,65;123.205,20;;;0,00000000000000;
GA03;3M-02-03F;6;UN;402861;RELE DIGITAL PROT DIST 21+21N;L2;Utilização livre depósito INVT;15.400,65;92.403,90;;;0,00000000000000;
GA03;3M-02-03G;89;UN;120284;CREME PROTETOR SOLAR FPS 30 120G;F3;Utilização livre depósito CUST;18,92;1.683,88;;;0,00000000000000;
GA03;3M-02-04A;40;UN;110536;CHAVE ELETRICA SELETORA 2P 4NAF 20A;F3;Utilização livre depósito CUST;0,98;39,20;;;0,00000000000000;
GA03;3M-02-04B;1;UN;110415;CONTATOR MAGNETICO 2NA+2NF 220VCA;F3;Utilização livre depósito CUST;0,04;0,04;;;0,00000000000000;
GA03;3M-02-04B;1;UN;802050;TERMOMETRO P/OLEO MESSKO TRAFO;F3;Utilização livre depósito CUST;100,00;100,00;;;0,00000000000000;
GA03;3M-02-04B;1;UN;802061;TERMOMETRO ENROL MESSKO TRAFO;F3;Utilização livre depósito CUST;100,00;100,00;;;0,00000000000000;
GA03;3M-02-04C;1;UN;110526;CHAVE ELETRICA ROTATIVA 2P 6NA+3NF 20A;F3;Utilização livre depósito CUST;0,04;0,04;;;0,00000000000000;
GA03;3M-02-04C;3;UN;403689;BOMBA MANUAL ZELOSO D1;L2;Utilização livre depósito INVT;2.260,06;6.780,18;;;0,00000000000000;
GA03;3M-02-04C;4;UN;802034;RELE AUXILIAR 125VCC 4NA+2NF 5/20A;F3;Utilização livre depósito CUST;40,00;160,00;;;0,00000000000000;
GA03;3M-02-04C;1;UN;802898;SENSOR TEMPERATURA MESSKO ZT-F2;F3;Utilização livre depósito CUST;100,00;100,00;;;0,00000000000000;
GA03;3M-02-04D;1;UN;801428;UNIDADE TRANSFORMACAO;F3;Utilização livre depósito CUST;200,00;200,00;;;0,00000000000000;
GA03;3M-02-04D;7;UN;801490;RELE AUXILIAR 125VCC 6NA RK216263AP ABB;F3;Utilização livre depósito CUST;15,14;105,98;;;0,00000000000000;
GA03;3M-02-04D;2;UN;801592;TRAFO CRTE AUX V5TRAFO;F3;Utilização livre depósito CUST;50,00;100,00;;;0,00000000000000;
GA03;3M-02-04D;1;UN;801602;CAMARA AEG 64720;F3;Utilização livre depósito CUST;25,00;25,00;;;0,00000000000000;
GA03;3M-02-04E;10;UN;402852;RELE AUXILIAR BIEST 8NAF BJ8-RP 125VDC;L2;Utilização livre depósito INVT;1.484,36;14.843,60;;;0,00000000000000;
GA03;3M-02-04E;10;UN;801458;RELE ASEA RXMS1 RK216263AP;F3;Utilização livre depósito CUST;23,18;231,80;;;0,00000000000000;
GA03;3M-02-04E;3;UN;801542;RELE FREQ 60VCA 60HZ 53-60HZ 2NA NAF;F3;Utilização livre depósito CUST;43,33;129,99;;;0,00000000000000;
GA03;3M-02-04E;1;UN;802802;INDICADOR POT ATIVA 0-10MW;F3;Utilização livre depósito CUST;247,48;247,48;;;0,00000000000000;
GA03;3M-02-05E;11;UN;804554;ALICATE AMPERIM 750/1000V 1000A ET-3200A;F3;Utilização livre depósito CUST;315,38;3.469,18;;;0,00000000000000;
GA03;3M-03-01B;9;UN;404176;ALICATE UNIV 8P ACR FORJ;L2;Utilização livre depósito INVT;35,87;322,83;;;0,00000000000000;
GA03;3M-03-01C;7;UN;805429;BLOCO DE CONTATO FRONTAL 1 NA BCXMF10;F3;Utilização livre depósito CUST;17,47;122,29;;;0,00000000000000;
GA03;3M-03-01C;20;UN;805431;BLOCO DE CONTATO 2NA+2NF AZ BFC0-22;F3;Utilização livre depósito CUST;70,78;1.415,60;;;0,00000000000000;
GA03;3M-03-01D;4;UN;402030;CONJUNTO CONTATO PRINC P/SEC 145KV C/LT;L2;Utilização livre depósito INVT;6.997,74;27.990,96;;;0,00000000000000;
GA03;3M-03-01E;5;UN;803975;BLOCO ALARME MDWH AL-1;F3;Utilização livre depósito CUST;54,46;272,30;;;0,00000000000000;
GA03;3M-03-01E;12;UN;803996;CADEADO 30MMx33MMx15MM;F3;Utilização livre depósito CUST;17,85;214,20;;;0,00000000000000;
GA03;3M-03-01E;5;UN;805246;MINIDISJUNTOR TERMOMAGN 32A MDWH;F3;Utilização livre depósito CUST;202,10;1.010,50;;;0,00000000000000;
GA03;3M-03-01E;15;UN;805448;CONTATOR 12CWB12-11-30C13 12A;F3;Utilização livre depósito CUST;294,22;4.413,30;;;0,00000000000000;
GA03;3M-03-01E;18;UN;805484;RELE FALTA/INVER FAS 1NA/NF 220-440VCA;F3;Utilização livre depósito CUST;200,00;3.600,00;;;0,00000000000000;
GA03;3M-03-01F;20;UN;803682;MINICONTACTOR TRIF 3 CONT 2NA+2NF 125VCC;F3;Utilização livre depósito CUST;197,50;3.950,00;;;0,00000000000000;
GA03;3M-03-01F;10;UN;805239;DISJUNTOR MOTOR TRIFASICO 0.63 A 1 A;F3;Utilização livre depósito CUST;393,74;3.937,40;;;0,00000000000000;
GA03;3M-03-01F;5;UN;805448;CONTATOR 12CWB12-11-30C13 12A;F3;Utilização livre depósito CUST;294,22;1.471,10;;;0,00000000000000;
GA03;3M-03-02B;2;UN;404152;FERRAMENTA  ABER T 25/27KV INT 600/900A;L2;Utilização livre depósito INVT;5.505,60;11.011,20;;;0,00000000000000;
GA03;3M-03-02C;30;UN;404187;CONECTOR EMENDA FIBRA OPTICA POF 2,2MM;L2;Utilização livre depósito INVT;28,74;862,20;;;0,00000000000000;
GA03;3M-03-02C;806;UN;404212;CONECTOR FIBRA OPTICA CLICK  POF 2,2MM;L2;Utilização livre depósito INVT;20,13;16.224,78;;;0,00000000000000;
GA03;3M-03-02C;14;UN;404246;CABO SERIAL DB9F/DBOM  50CM;L2;Utilização livre depósito INVT;93,00;1.302,00;;;0,00000000000000;
GA03;3M-03-02C;1.156;UN;404442;TERMINAL PRE-ISOL FORQ ISOL 6MM2;L2;Utilização livre depósito INVT;0,84;971,04;;;0,00000000000000;
GA03;3M-03-02C;69;UN;404465;CONECTORES RJ-45 MACHO CAT5E;L2;Utilização livre depósito INVT;0,80;55,20;;;0,00000000000000;
GA03;3M-03-02D;1;UN;403618;SOBRESSALENTE 15KV LAMPADA SINALIZACAO;L2;Utilização livre depósito INVT;31,83;31,83;;;0,00000000000000;
GA03;3M-03-02D;60;UN;803125;ROLAMENTO ESFERA INT 15X35X11MM;F3;Utilização livre depósito CUST;22,30;1.338,00;;;0,00000000000000;
GA03;3M-03-02D;5;UN;803820;CHAVE CANHÃO 6X245 MM ISOLADA;F3;Utilização livre depósito CUST;57,53;287,65;;;0,00000000000000;
GA03;3M-03-02D;5;UN;804117;COMUTADORES KVM 4 PORTAS USB TECL ACESSO;F3;Utilização livre depósito CUST;290,00;1.450,00;;;0,00000000000000;
GA03;3M-03-02E;235;UN;803102;BATERIA 9V;F3;Utilização livre depósito CUST;11,00;2.585,00;;;0,00000000000000;
GA03;3M-03-02F;5;UN;804425;MODULO RETIFICADOR 125VCC;F3;Utilização livre depósito CUST;6.971,26;34.856,30;;;0,00000000000000;
GA03;3M-03-02G;200;M;805326;CABO RG58 KMP 95% MALHA FLEXIVEL;F3;Utilização livre depósito CUST;8,90;1.780,00;;;0,00000000000000;
GA03;3M-03-03A;11;UN;802602;PERFURADOR PAP MT PT 2F 80MM 100FL;F3;Utilização livre depósito CUST;117,68;1.294,48;;;0,00000000000000;
GA03;3M-03-03B;2;UN;110009;CHAVE BOCA ESTR ACV 11MM TOT 130MM;F3;Utilização livre depósito CUST;22,05;44,10;;;0,00000000000000;
GA03;3M-03-03B;2;UN;110010;CHAVE BOCA ESTR ACV 12MM TOT 135,5MM;F3;Utilização livre depósito CUST;22,84;45,68;;;0,00000000000000;
GA03;3M-03-03C;8;UN;400476;CHAVE BOCA ESTR ACV 12MM TOT 135,5MM;L2;Utilização livre depósito INVT;22,83;182,64;;;0,00000000000000;
GA03;3M-03-03C;8;UN;401814;CHAVE BOCA ESTR ACV 11MM TOT 130MM;L2;Utilização livre depósito INVT;22,05;176,40;;;0,00000000000000;
GA03;3M-03-03C;8;UN;401947;CHAVE BOCA ESTR ACV 10MM TOT 125MM;L2;Utilização livre depósito INVT;21,51;172,08;;;0,00000000000000;
GA03;3M-03-03C;100;UN;801141;PORCA SXT 1/4;F3;Utilização livre depósito CUST;0,15;15,00;;;0,00000000000000;
GA03;3M-03-03C;1;UN;805495;CHAVE FIX ACV N09 ISOL 1000V NBR9699;F3;Utilização livre depósito CUST;41,07;41,07;;;0,00000000000000;
GA03;3M-03-03D;27;UN;403668;ALICATE CRIMPADOR P/ TERMINAL ISOLADO;L2;Utilização livre depósito INVT;1.283,66;34.658,82;;;0,00000000000000;
GA03;3M-03-03D;2;UN;805494;ALICATE CRIMPADOR P/ TERMINAL ISOLADO;F3;Utilização livre depósito CUST;1.283,66;2.567,32;;;0,00000000000000;
GA03;3M-03-03E;43;UN;404824;BROCA ACO PARA METAL  6MM2;L2;Utilização livre depósito INVT;4,55;195,65;;;0,00000000000000;
GA03;3M-03-03E;33;UN;404826;BROCA ACO PARA METAL 10MM2;L2;Utilização livre depósito INVT;14,70;485,10;;;0,00000000000000;
GA03;3M-03-03F;6;UN;110661;CHAVE CANH 1000V AC 6MM ACV CAB 6MM;F3;Utilização livre depósito CUST;31,00;186,00;;;0,00000000000000;
GA03;3M-03-03F;12;UN;404511;CHAVE PHILIPS 3/16 X 4  POLEGADAS;L2;Utilização livre depósito INVT;8,00;96,00;;;0,00000000000000;
GA03;3M-03-03G;5;UN;114221;APAGADOR PLASTICO 15X6X4CM;F3;Utilização livre depósito CUST;5,60;28,00;;;0,00000000000000;
GA03;3M-03-04A;1;UN;801471;MUFLA TERMO-CONTRATIL 5/35KV 225/500MM2;F3;Utilização livre depósito CUST;1,00;1,00;;;0,00000000000000;
GA03;3M-03-04B;146;UN;110062;PILHA ALCALINA GRANDE D2 1,5V;F3;Utilização livre depósito CUST;6,33;924,18;;;0,00000000000000;
GA03;3M-03-04B;90;UN;802766;VISOR PASTA SUSPENSA PP 80X30MM CX 50UN;F3;Utilização livre depósito CUST;6,02;541,80;;;0,00000000000000;
GA03;3M-03-04C;1;UN;404516;CHAVE FENDA PONTA CHATA ACO 3X75MM;L2;Utilização livre depósito INVT;28,73;28,73;;;0,00000000000000;
GA03;3M-03-04C;16;UN;803542;BATERIA KTS ER14250 3,6V 1200MAH;F3;Utilização livre depósito CUST;130,00;2.080,00;;;0,00000000000000;
GA03;3M-03-04C;4;UN;804026;LANTERNA DE LED COM BASE MAGNÉTICA;F3;Utilização livre depósito CUST;28,97;115,88;;;0,00000000000000;
GA03;3M-03-04D;9;UN;804257;SOLDA ESTANHO CARRETEL;F3;Utilização livre depósito CUST;14,05;126,45;;;0,00000000000000;
GA03;3M-03-04D;3;UN;804362;KIT SOLDA MARCARICO + GAS MAP;F3;Utilização livre depósito CUST;154,96;464,88;;;0,00000000000000;
GA03;3M-03-04E;2;UN;401103;KIT VIVA VOZ QUALCOMM GLOBALSTAR GCK1410;L2;Utilização livre depósito INVT;3.710,71;7.421,42;;;0,00000000000000;
GA03;3M-03-04F;2;UN;804017;ESTAÇÃO DE SOLDA POTÊNCIA DE 80 W;F3;Utilização livre depósito CUST;676,13;1.352,26;;;0,00000000000000;
GA03;3M-03-05A;9;UN;110678;PERFURADOR PAPE 2F 80MM 40FL;F3;Utilização livre depósito CUST;33,26;299,34;;;0,00000000000000;
GA03;3M-03-05B;10;UN;402893;TERMINAL POLIM 3,6/6-20/35KV;L2;Utilização livre depósito INVT;196,00;1.960,00;;;0,00000000000000;
GA03;3M-03-05D;5;UN;409290;RADIO MOVEL BIDIRECIONAL MOTOROLA;L2;Utilização livre depósito INVT;7.125,00;35.625,00;;;0,00000000000000;
GA03;3M-03-05D;1;UN;801995;MODULO SIEMENS 6MA5510-2EE15GG;F3;Utilização livre depósito CUST;2,00;2,00;;;0,00000000000000;
GA03;3M-03-05E;1;UN;402718;HIPSOMETRO DIGITAL LASER 10-350M;L2;Utilização livre depósito INVT;8.699,40;8.699,40;;;0,00000000000000;
GA03;3M-03-05E;8;UN;804426;CONTROLADOR IHM 125VCC;F3;Utilização livre depósito CUST;4.015,61;32.124,88;;;0,00000000000000;
GA03;3M-03-05F;100;UN;110348;LIVRO PROTOCOLO CAPA DURA PAP 104FL;F3;Utilização livre depósito CUST;3,13;313,00;;;0,00000000000000;
GA03;3M-04-01A;14;PAR;120110;BOTINA SEG ELET C/CAD N40;F3;Utilização livre depósito CUST;106,47;1.490,58;;;0,00000000000000;
GA03;3M-04-01A;1;UN;401524;CONSOLE COMPLETO C/ COMUTADOR KVM;L2;Utilização livre depósito INVT;6.336,53;6.336,53;;;0,00000000000000;
GA03;3M-04-01B;3;PAR;120026;BOTINA SEG ELET C/CAD N45;F3;Utilização livre depósito CUST;114,25;342,75;;;0,00000000000000;
GA03;3M-04-01B;2;PAR;120173;CALCADO BOTINA CANO CT C/CAD 45 PT;F3;Utilização livre depósito CUST;106,48;212,96;;;0,00000000000000;
GA03;3M-04-01C;14;PAR;120050;CALCADO BOTINA CANO CT C/CAD 42 PT;F3;Utilização livre depósito CUST;106,48;1.490,72;;;0,00000000000000;
GA03;3M-04-01C;4;PAR;120118;BOTINA SEG ELET C/CAD N44;F3;Utilização livre depósito CUST;108,24;432,96;;;0,00000000000000;
GA03;3M-04-01C;3;PAR;120163;BOTINA SEG ELET C/CAD N46;F3;Utilização livre depósito CUST;121,74;365,22;;;0,00000000000000;
GA03;3M-04-02A;7;PAR;120136;BOTINA SEG ELET C/CAD N41;F3;Utilização livre depósito CUST;106,93;748,51;;;0,00000000000000;
GA03;3M-04-02B;12;PAR;120107;BOTINA SEG ELET C/CAD N39;F3;Utilização livre depósito CUST;106,48;1.277,76;;;0,00000000000000;
GA03;3M-04-02C;17;PAR;120255;BOTINA SEG ELET C/CAD N38;F3;Utilização livre depósito CUST;106,48;1.810,16;;;0,00000000000000;
GA03;3M-05-01A;18;PAR;120044;BOTA SEGURANCA IMPERMEÁVEL PVC TAM 42;F3;Utilização livre depósito CUST;42,87;771,66;;;0,00000000000000;
GA03;3M-05-01A;6;PAR;120048;BOTA SEGURANCA IMPERMEÁVEL PVC TAM 39;F3;Utilização livre depósito CUST;47,00;282,00;;;0,00000000000000;
GA03;3M-05-01A;10;PAR;120112;BOTA SEGURANCA IMPERMEÁVEL PVC TAM 43;F3;Utilização livre depósito CUST;47,00;470,00;;;0,00000000000000;
GA03;3M-05-01A;20;UN;401511;DISTRIBUIDOR INT OPT DIO INST PAR 48 EM;L2;Utilização livre depósito INVT;499,25;9.985,00;;;0,00000000000000;
GA03;3M-05-01A;2;UN;402460;UNIDADE COMPUTACIONAL FANLESS P/ PAINEL;L2;Utilização livre depósito INVT;24.398,70;48.797,40;;;0,00000000000000;
GA03;3M-05-01B;12;PAR;120051;BOTINA SEG ELET C/CAD N36;F3;Utilização livre depósito CUST;108,28;1.299,36;;;0,00000000000000;
GA03;3M-05-01B;4;PAR;120158;BOTINA SEG ELET C/CAD N35;F3;Utilização livre depósito CUST;137,00;548,00;;;0,00000000000000;
GA03;3M-05-01B;4;PAR;120253;BOTINA SEG ELET C/CAD N35;F3;Utilização livre depósito CUST;106,48;425,92;;;0,00000000000000;
GA03;3M-05-01B;1;PAR;120421;CALCADO DE SEGUR ISOL TIPO TENIS TAM 37;F3;Utilização livre depósito CUST;173,66;173,66;;;0,00000000000000;
GA03;3M-05-01C;1;PAR;120251;BOTINA SEG ELET C/CAD N34;F3;Utilização livre depósito CUST;106,48;106,48;;;0,00000000000000;
GA03;3M-05-01C;6;UN;407738;EXTENSOR KVM MULTIMODO P/ FIBRA;L2;Utilização livre depósito INVT;21.788,18;130.729,08;;;0,00000000000000;
GA03;3M-05-02A;6;PAR;120045;BOTA SEGURANCA IMPERMEÁVEL PVC TAM 44;F3;Utilização livre depósito CUST;37,37;224,22;;;0,00000000000000;
GA03;3M-05-02A;16;PAR;120139;BOTA SEGURANCA IMPERMEÁVEL PVC TAM 41;F3;Utilização livre depósito CUST;53,01;848,16;;;0,00000000000000;
GA03;3M-05-02A;7;PAR;120303;BOTA SEGURANCA IMPERMEÁVEL PVC TAM 38;F3;Utilização livre depósito CUST;53,73;376,11;;;0,00000000000000;
GA03;3M-05-02A;11;PAR;120304;BOTA SEGURANCA IMPERMEÁVEL PVC TAM 40;F3;Utilização livre depósito CUST;47,00;517,00;;;0,00000000000000;
GA03;3M-05-02B;7;PAR;120254;BOTINA SEG ELET C/CAD N37;F3;Utilização livre depósito CUST;106,47;745,29;;;0,00000000000000;
GA03;3M-05-02C;48;UN;803815;ARCO DE SERRA ISOLADO P/ 1000V  5.13/16;F3;Utilização livre depósito CUST;733,31;35.198,88;;;0,00000000000000;
GA03;3M-06-01A;2;UN;404153;TERROMETRO DIGITAL;L2;Utilização livre depósito INVT;5.364,00;10.728,00;;;0,00000000000000;
GA03;3M-06-01A;1;UN;409746;RETIFICADOR PORTATIL 220VCA/1F/125VCC/12;L2;Utilização livre depósito INVT;44.986,83;44.986,83;;;0,00000000000000;
GA03;3M-06-01A;1;UN;409747;RETIFICADOR PORTATIL 220VCA/1F/48VCC/100;L2;Utilização livre depósito INVT;28.219,55;28.219,55;;;0,00000000000000;
GA03;3M-06-01B;4;UN;404897;SWITCH VOIP TELEFONIA OS6450-P10L;L2;Utilização livre depósito INVT;8.100,00;32.400,00;;;0,00000000000000;
GA03;3M-06-01B;2;UN;409268;UNID REMOTA ESENSOR-BT C/TC IP67 UL94HB;L2;Utilização livre depósito INVT;1.970,00;3.940,00;;;0,00000000000000;
GA03;3M-06-01B;6;UN;409302;SENSOR DE CRTE TIPO ABRT 400A-5 P/ URBT;L2;Utilização livre depósito INVT;340,00;2.040,00;;;0,00000000000000;
GA03;3M-06-01B;1;UN;409656;DISPOSITIVO DE SEGURANÇA FORTIWIFI 60F;L2;Utilização livre depósito INVT;8.103,19;8.103,19;;;0,00000000000000;
GA03;3M-06-01B;1;UN;803537;ALICATE PRENSA TERM AP256 0,25MM À 6,0MM;F3;Utilização livre depósito CUST;253,82;253,82;;;0,00000000000000;
GA03;3M-06-01B;1;UN;803812;ALICATE DE PRESSÃO 10 250MM;F3;Utilização livre depósito CUST;53,02;53,02;;;0,00000000000000;
GA03;3M-06-01B;1;UN;803813;ALICATE DESENCAPADOR DE FIO;F3;Utilização livre depósito CUST;118,45;118,45;;;0,00000000000000;
GA03;3M-06-01B;5;UN;803826;DETECTOR TENSÃO SEM CONT 90VCA A 1000VCA;F3;Utilização livre depósito CUST;78,26;391,30;;;0,00000000000000;
GA03;3M-06-01B;7;UN;804159;"ALICATE CORTA CABOS 7.1/2 POL; ACO FORJA";F3;Utilização livre depósito CUST;219,98;1.539,86;;;0,00000000000000;
GA03;3M-06-01B;2;UN;804425;MODULO RETIFICADOR 125VCC;F3;Utilização livre depósito CUST;6.971,26;13.942,52;;;0,00000000000000;
GA03;3M-06-01B;2;UN;804426;CONTROLADOR IHM 125VCC;F3;Utilização livre depósito CUST;4.015,61;8.031,22;;;0,00000000000000;
GA03;3M-06-01C;3;UN;400028;SWITCH OPTICO RUGGEDCOM 19P RSG2100;L2;Utilização livre depósito INVT;12.968,52;38.905,56;;;0,00000000000000;
GA03;3M-06-01C;1;UN;403837;RELE DE PROTECAO SPCS SEL 451;L2;Utilização livre depósito INVT;0,01;0,01;;;0,00000000000000;
GA03;3M-06-01C;3;UN;405125;MEDIDOR ELETRÔNICO 8600C ION POWER ETH;L2;Utilização livre depósito INVT;13.200,00;39.600,00;;;0,00000000000000;
GA03;3M-06-01C;2;UN;405639;CONVERSOR ENERGIA 125 P/ 48VCC ALIM ENER;L2;Utilização livre depósito INVT;17.500,83;35.001,66;;;0,00000000000000;
GA03;3M-06-02A;7;UN;404205;SWITCH DE FIBRAS 24 PORTAS 10/100 MBPS;L2;Utilização livre depósito INVT;31.462,44;220.237,08;;;0,00000000000000;
GA03;3M-06-02A;5;UN;804554;ALICATE AMPERIM 750/1000V 1000A ET-3200A;F3;Utilização livre depósito CUST;315,38;1.576,90;;;0,00000000000000;
GA03;3M-06-02B;390;KG;404282;CABO OPTICO CALIBRAVEL RS232 ABNT;L2;Utilização livre depósito INVT;224,88;87.703,20;;;0,00000000000000;
GA03;3M-06-02C;11;UN;403929;RELOGIO SINCRONIZACAO SATELITE GPS RT430;L2;Utilização livre depósito INVT;18.599,80;204.597,80;;;0,00000000000000;
GA03;3M-06-02C;3;UN;409751;MAQUINA ENGENHARIA ECU-4784-E56SAE;L2;Utilização livre depósito INVT;30.687,93;92.063,79;;;0,00000000000000;
GA03;3M-07-01A;1;UN;409974;UNIDADE PROT DIFERENC LINHA RED 670;L2;Utilização livre depósito INVT;96.888,32;96.888,32;;;0,00000000000000;
GA03;3M-07-01B;24;UN;120361;DETECTOR DE TENSAO 100V A 15 KV;F3;Utilização livre depósito CUST;469,38;11.265,12;;;0,00000000000000;
GA03;3M-07-01B;1;UN;400276;UNIDADE PROTEÇÃO DIGITAL 1A/5A 60HZ T60;L2;Utilização livre depósito INVT;42.199,91;42.199,91;;;0,00000000000000;
GA03;3M-07-01B;1;UN;402868;MODULO AQUIS DE DADOS RA-332 GE/REASON;L2;Utilização livre depósito INVT;19.402,96;19.402,96;;;0,00000000000000;
GA03;3M-07-01B;5;UN;404154;DETECTOR DE TENSAO POR APROXIMACAO 15KV;L2;Utilização livre depósito INVT;461,58;2.307,90;;;0,00000000000000;
GA03;3M-07-01B;25;UN;404971;KIT ACIONAMENTO DISJUNTOR MOTORIZADO;L2;Utilização livre depósito INVT;143,22;3.580,50;;;0,00000000000000;
GA03;3M-07-01B;6;UN;801454;PASTA KETIL A POTE C/100G;F3;Utilização livre depósito CUST;180,00;1.080,00;;;0,00000000000000;
GA03;3M-07-01B;6;UN;803880;PASTA KETIL P POTE C/100G;F3;Utilização livre depósito CUST;180,00;1.080,00;;;0,00000000000000;
GA03;3M-07-01C;28;UN;402463;TRANSCEPTOR MOVEL DIGITAL DE 45W;L2;Utilização livre depósito INVT;3.687,69;103.255,32;;;0,00000000000000;
GA03;3M-07-01C;5;UN;404835;RELE DIGITAL PROTECAO 50/51 E 50BF;L2;Utilização livre depósito INVT;52.376,65;261.883,25;;;0,00000000000000;
GA03;3M-07-02B;1;UN;404155;PARAFUSADEIRA FURADEIRA 18V PROFISSIONAL;L2;Utilização livre depósito INVT;1.806,27;1.806,27;;;0,00000000000000;
GA03;3M-07-02B;1;UN;404202;MONITOR LED 17P;L2;Utilização livre depósito INVT;2.490,00;2.490,00;;;0,00000000000000;
GA03;3M-07-02B;4;UN;404554;SWITCH ETHERNET;L2;Utilização livre depósito INVT;31.270,48;125.081,92;;;0,00000000000000;
GA03;3M-07-02B;6;UN;804079;ALICATE AMPERIMETRO DIGITAL CAT III 600V;F3;Utilização livre depósito CUST;987,02;5.922,12;;;0,00000000000000;
GA03;3M-07-02C;14;UN;400941;MUFLA TERMINAL 8,7/15KV 25-95MM2;L2;Utilização livre depósito INVT;261,30;3.658,20;;;0,00000000000000;
GA03;3M-07-02C;14;UN;804562;EMENDA MUFLA ENFITADA 25-70MM 3,6/35KV;F3;Utilização livre depósito CUST;387,26;5.421,64;;;0,00000000000000;
GA03;3M-08-01B;48;UN;402618;TRAFO CRTE EXT CR3110 P/TERM DIG;L2;Utilização livre depósito INVT;690,45;33.141,60;;;0,00000000000000;
GA03;3M-08-01B;3;UN;406383;MONITOR DE TEMPERATURA MFC-300/T2 ;L2;Utilização livre depósito INVT;9.560,00;28.680,00;;;0,00000000000000;
GA03;3M-08-01B;8;UN;406384;TC EXT P/ TERM MFC-300/T/2;L2;Utilização livre depósito INVT;465,00;3.720,00;;;0,00000000000000;
GA03;3M-08-01B;15;UN;803250;CONVERSOR DE FIBRA MONOMODO SM;F3;Utilização livre depósito CUST;389,00;5.835,00;;;0,00000000000000;
GA03;3M-08-01C;15;UN;111808;CONVERSOR DE FIBRA MULTIMODO;F3;Utilização livre depósito CUST;395,00;5.925,00;;;0,00000000000000;
GA03;3M-08-01C;1;UN;801976;MODULO PROCESSAMENTO RA331;F3;Utilização livre depósito CUST;75.083,09;75.083,09;;;0,00000000000000;
GA03;3M-08-01C;20;UN;804070;FONTE DE ALIMENT CHAV DC/DC 48VCC 12VCC;F3;Utilização livre depósito CUST;1.850,00;37.000,00;;;0,00000000000000;
GA03;3M-08-02A;2;UN;409885;RELÉ DE PROTEÇAO DIFERENCIAL;L2;Utilização livre depósito INVT;68.675,29;137.350,58;;;0,00000000000000;
GA03;3M-08-02B;8;UN;110411;ACESSORIO CGR-N-CONN WIMAX-IT;L2;Utilização livre depósito INVT;448,85;3.590,80;;;0,00000000000000;
GA03;3M-08-02B;4;UN;401293;ROTEADOR DIGITAL CGR1240 K9 IT;L2;Utilização livre depósito INVT;10.627,29;42.509,16;;;0,00000000000000;
GA03;3M-08-02B;4;UN;402806;MODULO ANT-MP-I OUTT-SS-M;L2;Utilização livre depósito INVT;256,47;1.025,88;;;0,00000000000000;
GA03;3M-08-02B;4;UN;402825;MODULO ANT-MP-INT OUT-M;L2;Utilização livre depósito INVT;128,24;512,96;;;0,00000000000000;
GA03;3M-08-02B;4;UN;402829;MODULO CGM 3G-HSPA-G;L2;Utilização livre depósito INVT;1.538,83;6.155,32;;;0,00000000000000;
GA03;3M-08-02B;4;UN;402835;MODULO CGR-PMK1000;L2;Utilização livre depósito INVT;352,68;1.410,72;;;0,00000000000000;
GA03;3M-08-02B;4;UN;402837;MODULO CGR-PWRCORD-NA;L2;Utilização livre depósito INVT;384,73;1.538,92;;;0,00000000000000;
GA03;3M-08-02C;1;UN;402568;MODULO DE PROCESSAMENTO P/ RDP;L2;Utilização livre depósito INVT;14.002,83;14.002,83;;;0,00000000000000;
GA03;3M-08-02C;4;UN;402866;REGISTRADOR DIG PERT RPV-311 GE/REASON;L2;Utilização livre depósito INVT;75.083,07;300.332,28;;;0,00000000000000;
GA03;3M-08-02C;2;UN;803190;MODULO PSM - FONTE RC10 - NOJA POWER;F3;Utilização livre depósito CUST;4.818,20;9.636,40;;;0,00000000000000;
GA03;3M-08-02C;47;UN;805207;FONTE ALIM CHAVEADA AC/DC 127/220VCA;F3;Utilização livre depósito CUST;300,00;14.100,00;;;0,00000000000000;
GA03;GA03 LATERAL 01;46;UN;407206;CAIXA BLINDADA MOD C48T;L2;Utilização livre depósito INVT;28.213,69;1.297.829,74;;;0,00000000000000;
GA03;GA03 LATERAL 01;199;UN;408810;CHASSI DE MEDICAO B110-CH;L2;Utilização livre depósito INVT;1.977,30;393.482,70;;;0,00000000000000;
GA03;LEILÃO;13.844;UN;400504;CONECTOR CUNHA 8,20-12,74X1,74-5,10MM;L2;Utilização livre depósito INVT;1,82;25.196,08;;;0,00000000000000;
GA03;LEILÃO;294;UN;400526;CONECTOR COMPR CAA 77A66 AL CABO 1/0-4/0;L2;Utilização livre depósito INVT;1,81;532,14;;;0,00000000000000;
GA03;LEILÃO;597;UN;400544;CONECTOR CUNHA CU 6,55-2,54/4,65-1,27MM;L2;Utilização livre depósito INVT;0,70;417,90;;;0,00000000000000;
GA03;LEILÃO;1.804;UN;400565;CONECTOR TERMINAL ESTRANG 266,8MCM;L2;Utilização livre depósito INVT;78,14;140.964,56;;;0,00000000000000;
GA03;LEILÃO;1.288;UN;400584;ELETRODUTO RIG AC 4P NPT;L2;Utilização livre depósito INVT;145,75;187.726,00;;;0,00000000000000;
GA03;LEILÃO;16.751;UN;400668;ALCA PREFORM SERV 1X66MM2 120DAN;L2;Utilização livre depósito INVT;0,29;4.857,79;;;0,00000000000000;
GA03;LEILÃO;8.166;UN;401020;CONECTOR DER AL 2(7) 1(7) A 2AWG;L2;Utilização livre depósito INVT;3,57;29.152,62;;;0,00000000000000;
GA03;LEILÃO;7;UN;401032;CONECTOR TERMINAL ESTRANG 1/0-2/0AWG;L2;Utilização livre depósito INVT;36,36;254,52;;;0,00000000000000;
GA03;LEILÃO;1.043;UN;401037;CONECTOR PERF 15KV COND PRINC-DER-50MM2;L2;Utilização livre depósito INVT;90,84;94.746,12;;;0,00000000000000;
GA03;LEILÃO;14.127;UN;401070;CONECTOR CUNHA S/ CARTUCHO VII;L2;Utilização livre depósito INVT;2,10;29.666,70;;;0,00000000000000;
GA03;LEILÃO;15.199;UN;401073;CONECTOR CUNHA S/CART 35X10-25MM2 CCR I;L2;Utilização livre depósito INVT;2,11;32.069,89;;;0,00000000000000;
GA03;LEILÃO;9.639;UN;401415;CONECTOR A COMPR TIPO CAA 44AL CABO 2AWG;L2;Utilização livre depósito INVT;1,53;14.747,67;;;0,00000000000000;
GA03;LEILÃO;1.929;UN;401462;CONECTOR CUNHA CU 5/8P 10-16MM;L2;Utilização livre depósito INVT;4,64;8.950,56;;;0,00000000000000;
GA03;LEILÃO;6.832;UN;401517;ARRUELA ELET RIG RED AL 3/4P;L2;Utilização livre depósito INVT;0,36;2.459,52;;;0,00000000000000;
GA03;LEILÃO;1.307;UN;401526;CONECTOR CUNHA S/CART 50X50MM2 VI;L2;Utilização livre depósito INVT;2,52;3.293,64;;;0,00000000000000;
GA03;LEILÃO;1.310;UN;401569;CONECTOR TERMINAL ESTRANG 336,4-397,5MCM;L2;Utilização livre depósito INVT;25,92;33.955,20;;;0,00000000000000;
GA03;LEILÃO;81;UN;401591;LUVA PVC 2P ELET;L2;Utilização livre depósito INVT;5,50;445,50;;;0,00000000000000;
GA03;LEILÃO;40.458;UN;401838;CONECTOR CUNHA S/CART 25X10MM2 CCR II;L2;Utilização livre depósito INVT;1,35;54.618,30;;;0,00000000000000;
GA03;LEILÃO;4.393;UN;401846;CARTUCHO PLA P/CUNHA AZ FEST CALIB 20;L2;Utilização livre depósito INVT;1,35;5.930,55;;;0,00000000000000;
GA03;LEILÃO;577;UN;402073;CONECTOR DER CUNHA AL 95MM2;L2;Utilização livre depósito INVT;11,91;6.872,07;;;0,00000000000000;
GA03;LEILÃO;396;UN;402227;CONECTOR CUNHA CA 2AWG CA 4AWG-16 MM2 AL;L2;Utilização livre depósito INVT;3,78;1.496,88;;;0,00000000000000;
GA03;LEILÃO;13.972;UN;402250;CONECTOR DER AL 3/0-4/0AWG 2/0-4/0AWG;L2;Utilização livre depósito INVT;1,11;15.508,92;;;0,00000000000000;
GA03;LEILÃO;269;UN;402251;EMENDA PREF COND AL 300MCM 336,4MCM;L2;Utilização livre depósito INVT;60,99;16.406,31;;;0,00000000000000;
GA03;LEILÃO;18.564;UN;402263;CONECTOR COMP 3/0-4/0AWG/16-50MM2;L2;Utilização livre depósito INVT;2,33;43.254,12;;;0,00000000000000;
GA03;LEILÃO;2.210;UN;402283;ESTRIBO C/CONEC CUNHA NORM 25~35MM2;L2;Utilização livre depósito INVT;20,15;44.531,50;;;0,00000000000000;
GA03;LEILÃO;604;UN;402714;CONECTOR CUNHA C/ESTRIBO 95-120MM2 2 AWG;L2;Utilização livre depósito INVT;34,13;20.614,52;;;0,00000000000000;
GA03;LEILÃO;481;UN;402764;LUVA ELET PVC RIG 3/4P;L2;Utilização livre depósito INVT;0,23;110,63;;;0,00000000000000;
GA03;LEILÃO;149;UN;403034;BUCHA ELET RIG AL 50MM;L2;Utilização livre depósito INVT;58,89;8.774,61;;;0,00000000000000;
GA03;LEILÃO;2.206;UN;403172;LUVA ELETRODUTO PVC 1/2P;L2;Utilização livre depósito INVT;0,43;948,58;;;0,00000000000000;
GA03;LEILÃO;1.640;UN;403290;CURVA PVC RIGIDO 90G 1.1/2P ANTICHAMA;L2;Utilização livre depósito INVT;4,00;6.560,00;;;0,00000000000000;
GA03;LEILÃO;3.455;UN;403320;CONECTOR DER BARRAMENTO 16MM;L2;Utilização livre depósito INVT;2,57;8.879,35;;;0,00000000000000;
GA03;LEILÃO;83;UN;403601;UNIAO ELETR RIG MAC-FEM AL 2P BSP;L2;Utilização livre depósito INVT;9,68;803,44;;;0,00000000000000;
GA03;LEILÃO;31;UN;403646;BUCHA ELETRODUTO RIG AL 80MM BSP;L2;Utilização livre depósito INVT;3,92;121,52;;;0,00000000000000;
GA03;LEILÃO;2;UN;403660;BUCHA ELETRODUTO RED RIG AL 4P NPT;L2;Utilização livre depósito INVT;2,76;5,52;;;0,00000000000000;
GA03;LEILÃO;293;UN;403701;LUVA ELET PVC RIG PT 4;L2;Utilização livre depósito INVT;20,90;6.123,70;;;0,00000000000000;
GA03;LEILÃO;108;UN;403704;CURVA 90G ELET PVC RIG PT 2P;L2;Utilização livre depósito INVT;3,29;355,32;;;0,00000000000000;
GA03;LEILÃO;59;UN;403729;CURVA 90G ELET PVC RIG PT 4P;L2;Utilização livre depósito INVT;25,61;1.510,99;;;0,00000000000000;
GA03;LEILÃO;180;UN;403794;UNIAO ELETR FLEX MAC-FEM AL 50MM BSP;L2;Utilização livre depósito INVT;8,96;1.612,80;;;0,00000000000000;
GA03;LEILÃO;3.367;UN;403802;TUBO ELETRODUTO PVC RIG 1PX3M;L2;Utilização livre depósito INVT;17,54;59.057,18;;;0,00000000000000;
GA03;LEILÃO;5;UN;403813;BUCHA ELETRODUTO RIG FOFO 1P BSP;L2;Utilização livre depósito INVT;5,38;26,90;;;0,00000000000000;
GA03;LEILÃO;16;UN;403839;BUCHA ELETRODUTO RIG RED AL 3/4P BSP;L2;Utilização livre depósito INVT;0,54;8,64;;;0,00000000000000;
GA03;LEILÃO;40;UN;403842;BUCHA ELETRODUTO RIG AL 37,5MM;L2;Utilização livre depósito INVT;9,04;361,60;;;0,00000000000000;
GA03;LEILÃO;15.844;UN;403907;LUVA ELETRODUTO PVC RIG PT 1;L2;Utilização livre depósito INVT;1,26;19.963,44;;;0,00000000000000;
GA03;LEILÃO;38;UN;403950;UNIAO ELETR RIG MAC-FEM AL 3/4P BSP;L2;Utilização livre depósito INVT;2,07;78,66;;;0,00000000000000;
GA03;LEILÃO;101.874;UN;403952;CONECTOR CB-BAR 10-25MM2;L2;Utilização livre depósito INVT;6,96;709.043,04;;;0,00000000000000;
GA03;LEILÃO;2.848;UN;404178;CURVA ELET PVC 90G 1P;L2;Utilização livre depósito INVT;2,89;8.230,72;;;0,00000000000000;
GA03;LEILÃO;48.687;UN;404184;ABRACADEIRA TIPO U  1 1/2P;L2;Utilização livre depósito INVT;0,88;42.844,56;;;0,00000000000000;
GA03;LEILÃO;9.000;UN;404322;BUCHA ACABAMENTO AL 3/4  ELETRODUTO;L2;Utilização livre depósito INVT;0,74;6.660,00;;;0,00000000000000;
GA03;LEILÃO;5.516;UN;404417;TUBO PVC 3/4P;L2;Utilização livre depósito INVT;2,15;11.859,40;;;0,00000000000000;
GA03;LEILÃO;77;UN;404732;CONECTOR PERFUR 50-185MM MED TENSAO 15KV;L2;Utilização livre depósito INVT;89,81;6.915,37;;;0,00000000000000;
GA03;LEILÃO;139;UN;405062;ABRACADEIRA TIPO U  4P;L2;Utilização livre depósito INVT;2,00;278,00;;;0,00000000000000;
GA03;LEILÃO;30;UN;408360;CONECTOR PARAL CU ESTANHADO 35-185 MM²;L2;Utilização livre depósito INVT;82,90;2.487,00;;;0,00000000000000;
GA03;LEILÃO;70;UN;800164;CARTUCHO PLA P/CUNHA AZ FEST CALIB 20;F3;Utilização livre depósito CUST;1,35;94,50;;;0,00000000000000;
GA03;LEILÃO;65;UN;800224;ARRUELA RED ELET RIG AL 2P;F3;Utilização livre depósito CUST;2,44;158,60;;;0,00000000000000;
GA03;LEILÃO;1.914;UN;800322;CONECTOR TERMINAL ESTRANG 266,8MCM;F3;Utilização livre depósito CUST;24,94;47.735,16;;;0,00000000000000;
GA03;LEILÃO;334;UN;800325;CONECTOR TERMINAL ESTRANG 1/0-2/0AWG;F3;Utilização livre depósito CUST;36,36;12.144,24;;;0,00000000000000;
GA03;LEILÃO;236;UN;800439;CONECTOR CUNHA CU 5/8P 10-16MM;F3;Utilização livre depósito CUST;4,86;1.146,96;;;0,00000000000000;
GA03;LEILÃO;27.072;UN;801062;LACO PREF ROLD CA 4/0AWG LJ;F3;Utilização livre depósito CUST;2,60;70.387,20;;;0,00000000000000;
GA03;LEILÃO;1.600;UN;801198;CONECTOR DER AL 3/0-4/0AWG 2/0-4/0AWG;F3;Utilização livre depósito CUST;1,11;1.776,00;;;0,00000000000000;
GA03;LEILÃO;2.268;UN;801305;EMENDA PREF COND AL 300MCM 336,4MCM;F3;Utilização livre depósito CUST;60,99;138.325,32;;;0,00000000000000;
GA03;LEILÃO;65.857;UN;802119;CURVA ELET PVC 90G 1P;F3;Utilização livre depósito CUST;2,92;192.302,44;;;0,00000000000000;
GA03;LEILÃO;276;UN;802197;CURVA PVC RIGIDO 90G 1.1/2P ANTICHAMA;F3;Utilização livre depósito CUST;0,01;2,76;;;0,00000000000000;
GA03;LEILÃO;6;UN;802391;ABRACADEIRA REG PARAF AC 57-76MM 43828-D;F3;Utilização livre depósito CUST;2,93;17,58;;;0,00000000000000;
GA03;LEILÃO;53;UN;802434;BUCHA ELETRODUTO RED RIG AL 2P NPT;F3;Utilização livre depósito CUST;1,48;78,44;;;0,00000000000000;
GA03;LEILÃO;10.188;UN;802479;LUVA ELET PVC RIG PT 1;F3;Utilização livre depósito CUST;1,48;15.078,24;;;0,00000000000000;
GA03;LEILÃO;20;UN;802704;BUCHA ELETRODUTO RED RIG AL 4P NPT;F3;Utilização livre depósito CUST;2,76;55,20;;;0,00000000000000;
GA03;LEILÃO;1.883;UN;802934;TUBO ELETRODUTO PVC RIG 1PX3M;F3;Utilização livre depósito CUST;0,00;0,00;;;0,00000000000000;
GA03;LEILÃO;2.956;UN;803148;CONECTOR CUNHA C/ESTRIBO 95-120MM2 2 AWG;F3;Utilização livre depósito CUST;34,22;101.154,32;;;0,00000000000000;
GA03;LEILÃO;35.255;UN;803243;LUVA PVC ELETRODUTO 1.1/2P ROSC;F3;Utilização livre depósito CUST;0,01;352,55;;;0,00000000000000;
GA04;4G-01-01C;2;UN;409810;DISJ 3P 17,5KV 1250A EXE172512E-BB125M;L2;Utilização livre depósito INVT;123.969,33;247.938,66;;;0,00000000000000;
GA04;4G-01-03B;2;UN;409814;DISJ 3P 17,5KV 1250A 25KA HVF 3152D;L2;Utilização livre depósito INVT;62.244,81;124.489,62;;;0,00000000000000;
GA04;4G-01-03C;1;UN;409809;DISJ 3P 17,5KV 2500A EXE172525E-BB125M;L2;Utilização livre depósito INVT;135.598,26;135.598,26;;;0,00000000000000;
GA04;4G-01-03C;32;UN;802480;CONJUNTO ATER REDE DIST 22KV CAR/ST-02;F3;Utilização livre depósito CUST;852,87;27.291,84;;;0,00000000000000;
GA04;4G-01-04B;24;UN;400114;ISOLADOR PEDESTAL 15KV PORC MR 2S;L2;Utilização livre depósito INVT;38,62;926,88;;;0,00000000000000;
GA04;4G-01-04B;30;UN;402184;CONECTOR EMENDA AL 45G 1.1/2P IPS;L2;Utilização livre depósito INVT;120,65;3.619,50;;;0,00000000000000;
GA04;4G-01-04B;30;UN;800943;LUVA EMENDA COMPR CABO 477KCMIL HAWK;F3;Utilização livre depósito CUST;390,00;11.700,00;;;0,00000000000000;
GA04;4G-01-04B;20;UN;800956;LUVA EMENDA 795MCM;F3;Utilização livre depósito CUST;863,00;17.260,00;;;0,00000000000000;
GA04;4G-01-04B;200;UN;803511;CONECTOR HASTE ATERR 7 FIOS 5/16 2.438MM;F3;Utilização livre depósito CUST;80,00;16.000,00;;;0,00000000000000;
GA04;4G-01-04C;2;UN;409242;DISJUNTOR 3P VACUO INT 17,5KV 1600A;L2;Utilização livre depósito INVT;87.995,17;175.990,34;;;0,00000000000000;
GA04;4G-01-05B;100;UN;800269;CONECTOR EMENDA RETA 477MCM;F3;Utilização livre depósito CUST;48,12;4.812,00;;;0,00000000000000;
GA04;4G-01-05B;50;UN;800836;CONECTOR T AL 954 MCM;F3;Utilização livre depósito CUST;71,28;3.564,00;;;0,00000000000000;
GA04;4G-01-05B;50;UN;801287;GRAMPO ANCOR PAS AL 477MCM 4264KGF;F3;Utilização livre depósito CUST;115,70;5.785,00;;;0,00000000000000;
GA04;4G-01-05B;48;UN;802364;CORDAO VEDACAO BORRACHA 14X24580MM;F3;Utilização livre depósito CUST;2,00;96,00;;;0,00000000000000;
GA04;4G-01-05C;1;UN;403272;DISJ 3P 17,5KV 2500A 25KA DIVAC 1725G;L2;Utilização livre depósito INVT;156.861,18;156.861,18;;;0,00000000000000;
GA04;4G-01-05C;1;UN;404892;DISJ 3P 17,5KV 1.250A 25KA SION 3AE 1284;L2;Utilização livre depósito INVT;43.125,87;43.125,87;;;0,00000000000000;
GA04;4G-01-06A;6;UN;401304;PARA-RAIO POLIM EST ZNO 120KV 10KA;L2;Utilização livre depósito INVT;12.846,96;77.081,76;;;0,00000000000000;
GA04;4G-01-06B;1;UN;400690;BOBINA ABERT DISJ P/CUB 15KV;L2;Utilização livre depósito INVT;1.289,49;1.289,49;;;0,00000000000000;
GA04;4G-01-06B;3;UN;401163;PARA-RAIO PORCELANA EST ZNO 36KV 10KA;L2;Utilização livre depósito INVT;481,41;1.444,23;;;0,00000000000000;
GA04;4G-01-06B;10;UN;401221;LUVA EMENDA COMPR CABO 477KCMIL HAWK;L2;Utilização livre depósito INVT;510,00;5.100,00;;;0,00000000000000;
GA04;4G-01-06B;2;UN;401586;PARA-RAIO ZNO 15KV P/CUBICULO;L2;Utilização livre depósito INVT;4.436,00;8.872,00;;;0,00000000000000;
GA04;4G-01-06B;13;UN;401768;MUFLA TERM 8,7/15kV-12/20kV 240-500MM2;L2;Utilização livre depósito INVT;92,52;1.202,76;;;0,00000000000000;
GA04;4G-01-06B;3;UN;402325;ISOLADOR SUP BAR P/CUBICULO 15KV;L2;Utilização livre depósito INVT;170,23;510,69;;;0,00000000000000;
GA04;4G-01-06B;1;UN;402421;BOBINA FECHAM DISJ P/CUB 15KV;L2;Utilização livre depósito INVT;1.289,49;1.289,49;;;0,00000000000000;
GA04;4G-01-06B;4;UN;403587;SOBRESSALENTE DE TRAFO CORRENTE 15KV;L2;Utilização livre depósito INVT;5.404,40;21.617,60;;;0,00000000000000;
GA04;4G-01-06B;1;UN;403622;MOTOR CARREGAM MOLA DISJ CUBICULO 15KV;L2;Utilização livre depósito INVT;1.991,97;1.991,97;;;0,00000000000000;
GA04;4G-01-06B;1;UN;406821;FUSÍVEL - F15-0,5MS;L2;Utilização livre depósito INVT;512,36;512,36;;;0,00000000000000;
GA04;4G-01-06B;1;UN;406823;BASE FUSÍVEL - B15MS;L2;Utilização livre depósito INVT;592,98;592,98;;;0,00000000000000;
GA04;4G-01-06B;6;UN;804670;FUSIVEL HH 1A 358C 52L MM;F3;Utilização livre depósito CUST;377,41;2.264,46;;;0,00000000000000;
GA04;4G-01-06B;6;UN;804671;FUSIVEL HH 10A 358C 52L MM;F3;Utilização livre depósito CUST;377,31;2.263,86;;;0,00000000000000;
GA04;4G-01-06C;12;UN;110528;REGUA ELETRICA C/ 20TOMADAS 220V;F3;Utilização livre depósito CUST;440,40;5.284,80;;;0,00000000000000;
GA04;4G-01-06C;3;UN;110620;BANDEJA PARA VENTILADOR DE TETO;F3;Utilização livre depósito CUST;665,52;1.996,56;;;0,00000000000000;
GA04;4G-01-06C;1;UN;801495;ISOLADOR PEDESTAL 50KV 254X254MM;F3;Utilização livre depósito CUST;29,09;29,09;;;0,00000000000000;
GA04;4G-01-06C;14;UN;801763;CAMARA INTERRUPCAO S.ENERGIE 4111110304;F3;Utilização livre depósito CUST;694,11;9.717,54;;;0,00000000000000;
GA04;4G-01-06C;2;UN;802273;COMUTADOR IRTA 6215262;F3;Utilização livre depósito CUST;0,01;0,02;;;0,00000000000000;
GA04;4G-01-07A;20;UN;804492;EMENDA TOTAL PREFORMADA CABO 4.0 PENGUIN;F3;Utilização livre depósito CUST;66,76;1.335,20;;;0,00000000000000;
GA04;4G-01-07B;19;UN;400269;TRAFO CRTE 10/5A 15KV;L2;Utilização livre depósito INVT;539,49;10.250,31;;;0,00000000000000;
GA04;4G-01-07B;3;UN;401199;TRAFO POT 15KV 0,3P75/0,6P75;L2;Utilização livre depósito INVT;3.022,52;9.067,56;;;0,00000000000000;
GA04;4G-01-07B;1;UN;401970;TRAFO CRTE 15KV 240:1 1600X1200-5A 0,3C4;L2;Utilização livre depósito INVT;0,31;0,31;;;0,00000000000000;
GA04;4G-01-07B;14;UN;403429;ISOLADOR SUP CONT FIXO DISJ INT EFACEC;L2;Utilização livre depósito INVT;2.073,92;29.034,88;;;0,00000000000000;
GA04;4G-01-07B;1;UN;403783;TRAFO DE POTENCIAL 15KV P/CUBICULO;L2;Utilização livre depósito INVT;4.371,40;4.371,40;;;0,00000000000000;
GA04;4G-01-07C;6;UN;800127;RESISTENCIA ASEA 5492-13EIT103;F3;Utilização livre depósito CUST;0,04;0,24;;;0,00000000000000;
GA04;4G-01-07C;2;UN;801422;VOLANTE SPRECHER 4811746301;F3;Utilização livre depósito CUST;109,09;218,18;;;0,00000000000000;
GA04;4G-01-07C;4;UN;801618;BUCHA NEUTRO TRAFO SIEMENS;F3;Utilização livre depósito CUST;75,00;300,00;;;0,00000000000000;
GA04;4G-01-07C;2;UN;801758;BUCHA ISOLADORA 15KV;F3;Utilização livre depósito CUST;100,00;200,00;;;0,00000000000000;
GA04;4G-01-07C;2;UN;801824;EIXO SPRECHER 48117206-01;F3;Utilização livre depósito CUST;50,91;101,82;;;0,00000000000000;
GA04;4G-01-07C;6;UN;801848;DUPLICADOR ACO FORJ ZINC F1590 135KNF;F3;Utilização livre depósito CUST;0,33;1,98;;;0,00000000000000;
GA04;4G-01-07C;2;UN;802379;BUCHA CERM SANTANA D15;F3;Utilização livre depósito CUST;1,00;2,00;;;0,00000000000000;
GA04;4G-01-07C;11;UN;802593;PINO SPRECHER 4161067303;F3;Utilização livre depósito CUST;4,25;46,75;;;0,00000000000000;
GA04;4G-01-07C;6;UN;802722;TUBO SPRECHER 41613105101;F3;Utilização livre depósito CUST;0,04;0,24;;;0,00000000000000;
GA04;4G-01-08A;16;UN;804128;EMENDA PREF COND 266MCM PARTRIDGE;F3;Utilização livre depósito CUST;59,63;954,08;;;0,00000000000000;
GA04;4G-01-08B;2;UN;400357;AMORTECEDOR VIBR SVD OPGW 24F;L2;Utilização livre depósito INVT;67,42;134,84;;;0,00000000000000;
GA04;4G-01-08B;58;UN;400792;CONECTOR PARAL AL RETA CB 954MCM;L2;Utilização livre depósito INVT;500,55;29.031,90;;;0,00000000000000;
GA04;4G-01-08B;3;UN;400921;ISOLADOR POLIMERICO 120KN;L2;Utilização livre depósito INVT;903,15;2.709,45;;;0,00000000000000;
GA04;4G-01-08B;6;UN;402159;CONECTOR PARALELO AC COB 4AWG;L2;Utilização livre depósito INVT;32,97;197,82;;;0,00000000000000;
GA04;4G-01-08B;3;UN;402200;CADEIA DE ANCORAGEM POLIM SIMPLES;L2;Utilização livre depósito INVT;2.376,51;7.129,53;;;0,00000000000000;
GA04;4G-01-08B;6;UN;403778;PRESILHA BIFILAR CIRC PARA FIO 4AWG;L2;Utilização livre depósito INVT;108,56;651,36;;;0,00000000000000;
GA04;4G-01-08B;1;UN;405710;CRUZETA PARA CABO OPGW C/ SUPORTE P/ MET;L2;Utilização livre depósito INVT;828,93;828,93;;;0,00000000000000;
GA04;4G-01-08B;52;UN;405712;GRAMPO GUIA METAL DESCIDA P/CB OPGW MET;L2;Utilização livre depósito INVT;215,52;11.207,04;;;0,00000000000000;
GA04;4G-01-08C;1;UN;403115;DISJ 3P 17,5KV 1250A 25KA VD4/W 17.12.25;L2;Utilização livre depósito INVT;31.590,16;31.590,16;;;0,00000000000000;
GA04;4G-01-08C;15;UN;800332;FUSIVEL LIMIT 15~17,5KV 2A 3,4,5KA;F3;Utilização livre depósito CUST;3,00;45,00;;;0,00000000000000;
GA04;4G-01-08C;1;UN;801578;BUCHA PORCELANA 24KV 2000A;F3;Utilização livre depósito CUST;0,52;0,52;;;0,00000000000000;
GA04;4G-01-08C;3;UN;802048;TERMOMETRO EXP GAS 0-150°C 130MM;F3;Utilização livre depósito CUST;100,00;300,00;;;0,00000000000000;
GA04;4G-01-08C;3;UN;802417;BUCHA GE 0278B966G1;F3;Utilização livre depósito CUST;0,67;2,01;;;0,00000000000000;
GA04;4G-01-08C;1;UN;802534;CONJUNTO S.SCHUH 48125101-01;F3;Utilização livre depósito CUST;163,64;163,64;;;0,00000000000000;
GA04;4G-01-08C;3;UN;802985;CARCACA S.SCHUH 48117746-01;F3;Utilização livre depósito CUST;45,46;136,38;;;0,00000000000000;
GA04;4G-01-09A;6;UN;400899;HASTE ATERRAM 3/4PX3M;L2;Utilização livre depósito INVT;545,26;3.271,56;;;0,00000000000000;
GA04;4G-01-09A;1;UN;401877;BUCHA PORCELANA MICAFIL 36KV 170/630A;L2;Utilização livre depósito INVT;200,00;200,00;;;0,00000000000000;
GA04;4G-01-09A;1;UN;800144;BUCHA PORCELANA MICAFIL 36KV 170/630A;F3;Utilização livre depósito CUST;200,00;200,00;;;0,00000000000000;
GA04;4G-01-09B;20;UN;803514;PARAFUSO Æ 3/4X16 PORCA CONTRAPORCA;F3;Utilização livre depósito CUST;68,71;1.374,20;;;0,00000000000000;
GA04;4G-01-09B;30;UN;803515;PARAFUSO Æ 3/4X18 PORCA CONTRAPORCA;F3;Utilização livre depósito CUST;74,95;2.248,50;;;0,00000000000000;
GA04;4G-01-09B;10;UN;803523;PARAFUSO Æ 3/4WX550MM 2 1/4X 1/4;F3;Utilização livre depósito CUST;99,92;999,20;;;0,00000000000000;
GA04;4G-01-09B;5;UN;803524;PARAFUSO Æ 3/4WX600MM 2 1/4 X 1/4;F3;Utilização livre depósito CUST;99,92;499,60;;;0,00000000000000;
GA04;4G-01-09B;4;UN;803525;PARAFUSO Æ 3/4WX650MM 2 1/4 X 1/4;F3;Utilização livre depósito CUST;114,50;458,00;;;0,00000000000000;
GA04;4G-01-09B;5;UN;803526;PARAFUSO Æ 3/4WX700MM 2 1/4 X 1/4;F3;Utilização livre depósito CUST;114,50;572,50;;;0,00000000000000;
GA04;4G-01-09B;10;UN;803528;PARAFUSO Æ 3/4W X 750MM 2 1/4X 1/4;F3;Utilização livre depósito CUST;120,75;1.207,50;;;0,00000000000000;
GA04;4G-01-09B;10;UN;803529;PARAFUSO Æ 3/4WX750MM 44MM X 4MM;F3;Utilização livre depósito CUST;124,91;1.249,10;;;0,00000000000000;
GA04;4G-01-09B;20;UN;803530;PARAFUSO Æ 3/4WX800MM  44MM X 4MM;F3;Utilização livre depósito CUST;129,88;2.597,60;;;0,00000000000000;
GA04;4G-01-09B;5;UN;803531;PARAFUSO Æ 3/4WX850MM 44MM X 4MM;F3;Utilização livre depósito CUST;139,48;697,40;;;0,00000000000000;
GA04;4G-01-09B;5;UN;803532;PARAFUSO Æ 3/4WX900MM 44MMX4MM;F3;Utilização livre depósito CUST;139,48;697,40;;;0,00000000000000;
GA04;4G-01-09C;21;UN;801372;CANTONEIRA ANG AC 90G ABA IG 90X90MM 2F;F3;Utilização livre depósito CUST;0,10;2,10;;;0,00000000000000;
GA04;4G-01-09C;420;UN;801608;PARAFUSO SXT 1/2X1.1/2P GAL FOG ROS PARC;F3;Utilização livre depósito CUST;4,72;1.982,40;;;0,00000000000000;
GA04;4G-01-09C;450;UN;803512;ARRUELA QUAD 55X5MM FURO 21MM.;F3;Utilização livre depósito CUST;4,83;2.173,50;;;0,00000000000000;
GA04;4G-01-09C;40;UN;803517;PARAFUSO Æ 3/4X9 PORCA CONTRAPORCA;F3;Utilização livre depósito CUST;33,87;1.354,80;;;0,00000000000000;
GA04;4G-01-09C;75;UN;803519;PARAFUSO Æ 3/4WX300MM 2 1/4X1/4;F3;Utilização livre depósito CUST;68,69;5.151,75;;;0,00000000000000;
GA04;4G-01-09C;35;UN;803521;PARAFUSO Æ 3/4WX450MM 2 1/4 X 1/4;F3;Utilização livre depósito CUST;84,68;2.963,80;;;0,00000000000000;
GA04;4G-01-09C;20;UN;803534;PARAFUSO OLHAL Æ 19X250MM PORCAS ARRUELA;F3;Utilização livre depósito CUST;62,46;1.249,20;;;0,00000000000000;
GA04;4G-01-09C;40;UN;803559;GRAMPO SUSP MONOART 5 A 11 CORDOALHA5/16;F3;Utilização livre depósito CUST;290,74;11.629,60;;;0,00000000000000;
GA04;4G-01-09D;30;UN;800122;PRENSA CABO 1.1/2P AL C/BUCHA NEOP NPT;F3;Utilização livre depósito CUST;26,61;798,30;;;0,00000000000000;
GA04;4G-01-09D;200;UN;803513;PARAFUSO Æ 3/4X13 PORCA CONTRAPORCA;F3;Utilização livre depósito CUST;54,15;10.830,00;;;0,00000000000000;
GA04;4G-01-09D;75;UN;803518;PARAFUSO Æ 3/4WX250MM  2 1/4 X 1/4;F3;Utilização livre depósito CUST;58,35;4.376,25;;;0,00000000000000;
GA04;4G-01-09D;20;UN;803520;PARAFUSO Æ 3/4WX400MM 2 1/4 X 1/4;F3;Utilização livre depósito CUST;77,93;1.558,60;;;0,00000000000000;
GA04;4G-01-09D;10;UN;803522;PARAFUSO Æ 3/4WX500MM 2 1/4X 1/4;F3;Utilização livre depósito CUST;95,76;957,60;;;0,00000000000000;
GA04;4G-01-09D;1;UN;803533;PARAFUSO OLHAL Æ 19X200MM PORCAS ARRUELA;F3;Utilização livre depósito CUST;58,67;58,67;;;0,00000000000000;
GA04;4G-01-09D;40;UN;803560;GRAMPO SUSP MONOART 8 A 19 CORDOALHA5/16;F3;Utilização livre depósito CUST;327,38;13.095,20;;;0,00000000000000;
GA04;4G-01-09E;1;UN;403115;DISJ 3P 17,5KV 1250A 25KA VD4/W 17.12.25;L2;Utilização livre depósito INVT;31.590,16;31.590,16;;;0,00000000000000;
GA04;4G-01-09E;1;UN;409810;DISJ 3P 17,5KV 1250A EXE172512E-BB125M;L2;Utilização livre depósito INVT;123.969,33;123.969,33;;;0,00000000000000;
GA04;4G-01-10B;320;UN;402869;SUPORTE SUSP BAND AC 102X51X38MM 100MM;L2;Utilização livre depósito INVT;1,48;473,60;;;0,00000000000000;
GA04;4G-01-10B;200;UN;803505;PRESILHA BIFILAR GALV 55MM  6 A 9,5MM 35;F3;Utilização livre depósito CUST;61,84;12.368,00;;;0,00000000000000;
GA04;4G-01-10D;2;UN;409207;DISJ 3P VAC 17,5KV 3150A 40KA HVF-3167F;L2;Utilização livre depósito INVT;108.919,59;217.839,18;;;0,00000000000000;
GA04;4G-01-11A;19;UN;403908;DISPOSITIVO DE OSCILOGRAFIA RDP RA331;L2;Utilização livre depósito INVT;0,01;0,19;;;0,00000000000000;
GA04;4G-01-11B;18;UN;400652;CONECTOR SUPORTE CU 6-4/0AWG;L2;Utilização livre depósito INVT;11,23;202,14;;;0,00000000000000;
GA04;4G-01-11B;998;UN;400688;ARRUELA PRES AC PARAF 5/16P;L2;Utilização livre depósito INVT;0,03;29,94;;;0,00000000000000;
GA04;4G-01-11B;1;UN;400841;BOBINA FECHAM DISJUN MOTOR QUADRO QSACC;L2;Utilização livre depósito INVT;1.830,19;1.830,19;;;0,00000000000000;
GA04;4G-01-11B;12;UN;401284;ISOLADOR SUP BAR 24KV;L2;Utilização livre depósito INVT;120,06;1.440,72;;;0,00000000000000;
GA04;4G-01-11B;1.730;UN;401516;ARRUELA LIS AC PARAF 1/2P 28MM;L2;Utilização livre depósito INVT;0,49;847,70;;;0,00000000000000;
GA04;4G-01-11B;1;UN;401831;CONECTOR T CU 203MM2 (400MCM);L2;Utilização livre depósito INVT;30,00;30,00;;;0,00000000000000;
GA04;4G-01-11B;500;UN;402209;PARAFUSO CAB SXT AC 1/2X3/4P WW;L2;Utilização livre depósito INVT;1,20;600,00;;;0,00000000000000;
GA04;4G-01-11B;10;UN;402304;CONECTOR ATERRAMENTO CU 2COND 67-127MM2;L2;Utilização livre depósito INVT;30,95;309,50;;;0,00000000000000;
GA04;4G-01-11B;8;UN;403912;UNIAO ELETR FLEX MAC-FEM AL 4P BSP;L2;Utilização livre depósito INVT;17,00;136,00;;;0,00000000000000;
GA04;4G-01-11C;4;UN;400499;CONECTOR BZ 50-95MM2;L2;Utilização livre depósito INVT;16,94;67,76;;;0,00000000000000;
GA04;4G-01-11C;2;UN;400523;CONECTOR EMENDA ALFC 550KV 3P IPS;L2;Utilização livre depósito INVT;300,00;600,00;;;0,00000000000000;
GA04;4G-01-11C;2;UN;401039;CONECTOR TERMINAL AL 3P IPS;L2;Utilização livre depósito INVT;0,01;0,02;;;0,00000000000000;
GA04;4G-01-11C;18;UN;401490;GRAMPO ANCOR PAS AL 350~500MCM;L2;Utilização livre depósito INVT;1,50;27,00;;;0,00000000000000;
GA04;4G-01-11C;66;UN;402420;OLHAL-BOLA AC 20MM 15000KGF;L2;Utilização livre depósito INVT;1,00;66,00;;;0,00000000000000;
GA04;4G-01-11C;85;UN;402643;ELO ACO FORJ UNIVERSAL GALV;L2;Utilização livre depósito INVT;32,00;2.720,00;;;0,00000000000000;
GA04;4G-01-11C;196;UN;402657;ELO-BOLA ACO 105MM 13500KGF;L2;Utilização livre depósito INVT;1,00;196,00;;;0,00000000000000;
GA04;4G-01-11D;1;UN;400161;LUVA EMENDA COMPR CU 500MM2;L2;Utilização livre depósito INVT;95,45;95,45;;;0,00000000000000;
GA04;4G-01-11D;2;UN;400623;CONECTOR PINO 90G CU;L2;Utilização livre depósito INVT;395,90;791,80;;;0,00000000000000;
GA04;4G-01-11D;56;UN;401401;ARRUELA PRES AC CARBONO DO PARAF 1/4P;L2;Utilização livre depósito INVT;0,03;1,68;;;0,00000000000000;
GA04;4G-01-11D;9;UN;402386;CONECTOR TERMINAL BZ 3/4P;L2;Utilização livre depósito INVT;86,40;777,60;;;0,00000000000000;
GA04;4G-01-11D;11;UN;402470;TRANSDUTOR TENSAO 0-60MV 4-20MA ETI50;L2;Utilização livre depósito INVT;0,01;0,11;;;0,00000000000000;
GA04;4G-01-11D;10;UN;402857;RELE INTERFACE MODULAR 220VCA 30,31;L2;Utilização livre depósito INVT;177,21;1.772,10;;;0,00000000000000;
GA04;4G-01-11D;96;UN;403735;PORCA LOSANG C/PINO AC 3/8P WW;L2;Utilização livre depósito INVT;1,73;166,08;;;0,00000000000000;
GA04;4G-01-11D;15;UN;403987;TIRANTE AC ROSCA WW 3/8PX300MM;L2;Utilização livre depósito INVT;2,51;37,65;;;0,00000000000000;
GA04;4G-01-11E;11;UN;401769;PARA-RAIO POLIM EST ZNO 72,5KV 10KA;L2;Utilização livre depósito INVT;7.546,86;83.015,46;;;0,00000000000000;
GA04;4G-01-12B;6;UN;400153;MOTOR CARREG MOLA DISJ HAF 220VCA;L2;Utilização livre depósito INVT;675,33;4.051,98;;;0,00000000000000;
GA04;4G-01-12B;100;UN;401133;PARAFUSO CAB SXT AC 5/16X1P WW;L2;Utilização livre depósito INVT;0,36;36,00;;;0,00000000000000;
GA04;4G-01-12B;1;UN;402341;PORCA SEXT AC 1/4P;L2;Utilização livre depósito INVT;0,09;0,09;;;0,00000000000000;
GA04;4G-01-12B;140;UN;402555;PROLONGADOR GARFO-OLH AC 200MM 12000KGF;L2;Utilização livre depósito INVT;20,00;2.800,00;;;0,00000000000000;
GA04;4G-01-12C;3;UN;402154;CONECTOR TERMINAL 90G BZ 750-1000MCM;L2;Utilização livre depósito INVT;107,00;321,00;;;0,00000000000000;
GA04;4G-01-12C;103;UN;402524;PORCA LOSANG AC GF 3/8P ROSCA NC;L2;Utilização livre depósito INVT;1,32;135,96;;;0,00000000000000;
GA04;4G-01-12C;19;UN;402856;PROLONGADOR SUSP AC TIRANTE 3/8PX50MM WW;L2;Utilização livre depósito INVT;3,12;59,28;;;0,00000000000000;
GA04;4G-01-12C;400;UN;403586;PORCA LOSANG C/MOLA AC 3/8X3/16P WW;L2;Utilização livre depósito INVT;1,84;736,00;;;0,00000000000000;
GA04;4G-01-12D;25;UN;400524;CONECTOR PINO 90G CU 50-127MM2 M30;L2;Utilização livre depósito INVT;133,97;3.349,25;;;0,00000000000000;
GA04;4G-01-12D;24;UN;401419;ARRUELA QD 100X100 22MM;L2;Utilização livre depósito INVT;11,94;286,56;;;0,00000000000000;
GA04;4G-01-12D;29;UN;402219;ARRUELA QD 100X100X100MM 6MM;L2;Utilização livre depósito INVT;12,25;355,25;;;0,00000000000000;
GA04;4G-01-12D;200;UN;403846;GRAPA BANDEJA AC 63X38MM FURO 10MM;L2;Utilização livre depósito INVT;1,42;284,00;;;0,00000000000000;
GA04;4G-01-12E;3;UN;802773;FILTRO P/COMUTADOR 68L/H;F3;Utilização livre depósito CUST;15.919,83;47.759,49;;;0,00000000000000;
GA04;4G-01-13A;65;UN;408991;PRENSA CABO 2P;L2;Utilização livre depósito INVT;0,05;3,25;;;0,00000000000000;
GA04;4G-01-13A;10;UN;804485;GRAMPO DE SUSPENSÃO CABO 266,8 PARTRIDGE;F3;Utilização livre depósito CUST;119,65;1.196,50;;;0,00000000000000;
GA04;4G-01-13A;10;UN;804486;GRAMPO DE SUSPENSÃO CABO 795 TERN;F3;Utilização livre depósito CUST;181,66;1.816,60;;;0,00000000000000;
GA04;4G-01-13B;437;UN;401124;PARAFUSO CAB SXT AC 1/4X3/4P WW;L2;Utilização livre depósito INVT;0,23;100,51;;;0,00000000000000;
GA04;4G-01-13B;115;UN;401668;PARAFUSO CAB SXT AC 3/8X1.1/2P WW;L2;Utilização livre depósito INVT;0,43;49,45;;;0,00000000000000;
GA04;4G-01-13B;444;UN;402435;PARAFUSO CAB SXT AC 1/4X1.1/2P WW;L2;Utilização livre depósito INVT;0,31;137,64;;;0,00000000000000;
GA04;4G-01-13B;150;UN;403874;PORCA LOSANG C/MOLA AC 3/8X5/16P WW;L2;Utilização livre depósito INVT;1,84;276,00;;;0,00000000000000;
GA04;4G-01-13C;11;UN;400556;CONECTOR TERMINAL RETO CU 750-1000MCM;L2;Utilização livre depósito INVT;300,00;3.300,00;;;0,00000000000000;
GA04;4G-01-13C;2.400;UN;400680;ARRUELA LIS AC PARAF 5/16P 18MM;L2;Utilização livre depósito INVT;0,17;408,00;;;0,00000000000000;
GA04;4G-01-13C;31;UN;401220;GRAMPO SUSPENSAO BIARTIC AL 16MM 450KG;L2;Utilização livre depósito INVT;5,00;155,00;;;0,00000000000000;
GA04;4G-01-13C;6;UN;402895;TENSOR GARFO-OLHAL AC 650MM 40MM 22MM;L2;Utilização livre depósito INVT;121,00;726,00;;;0,00000000000000;
GA04;4G-01-13D;6;UN;400050;TERMINAL SAIDA 15P AL LING 4F 954MCM;L2;Utilização livre depósito INVT;100,00;600,00;;;0,00000000000000;
GA04;4G-01-13D;4;UN;400554;CONECTOR TERMINAL 90G AL 1.1/2P 266,8MCM;L2;Utilização livre depósito INVT;76,80;307,20;;;0,00000000000000;
GA04;4G-01-13D;3;UN;400574;CONECTOR TERMINAL RETO AL 1.1/2P;L2;Utilização livre depósito INVT;58,00;174,00;;;0,00000000000000;
GA04;4G-01-13D;5;UN;401440;CONECTOR SUPORTE CU 2.1/2P;L2;Utilização livre depósito INVT;13,00;65,00;;;0,00000000000000;
GA04;4G-01-14A;320;L;804133;OLEO HIDRAULICO;F3;Utilização livre depósito CUST;50,00;16.000,00;;;0,00000000000000;
GA04;4G-01-14B;5;UN;401030;CONECTOR SUPORTE CU 2/0AWG-500MCM;L2;Utilização livre depósito INVT;10,82;54,10;;;0,00000000000000;
GA04;4G-01-14B;15;UN;401072;CONECTOR TERMINAL AL 2.1/2P IPS;L2;Utilização livre depósito INVT;4,00;60,00;;;0,00000000000000;
GA04;4G-01-14B;3;UN;401450;CONECTOR T AL CAA 954MCM;L2;Utilização livre depósito INVT;78,00;234,00;;;0,00000000000000;
GA04;4G-01-14B;3;UN;402384;CONECTOR TERMINAL RETO 954MCM;L2;Utilização livre depósito INVT;52,78;158,34;;;0,00000000000000;
GA04;4G-01-14C;6;UN;400628;CONECTOR TERMINAL RETA AL 2/0 AWG;L2;Utilização livre depósito INVT;42,00;252,00;;;0,00000000000000;
GA04;4G-01-14C;10;UN;401470;CONECTOR SUPORTE CU 1.1/2P IPS;L2;Utilização livre depósito INVT;13,00;130,00;;;0,00000000000000;
GA04;4G-01-14C;6;UN;401680;PARA-RAIO POL 15KV PM DEZ - 15 - IL;L2;Utilização livre depósito INVT;4.310,12;25.860,72;;;0,00000000000000;
GA04;4G-01-14C;4;UN;403707;CONDULETE T AL 2P;L2;Utilização livre depósito INVT;8,50;34,00;;;0,00000000000000;
GA04;4G-01-14D;8;UN;401066;CONECTOR TERMINAL 90G 954MCM;L2;Utilização livre depósito INVT;59,21;473,68;;;0,00000000000000;
GA04;4G-01-14D;5;UN;401453;CONECTOR SUPORTE AL 954MCM;L2;Utilização livre depósito INVT;49,88;249,40;;;0,00000000000000;
GA04;4G-01-14D;2;UN;402315;CONECTOR DER T AL CAA 636MCM;L2;Utilização livre depósito INVT;103,09;206,18;;;0,00000000000000;
GA04;4G-01-14D;22;UN;402891;TAMPAO ANTICOR AL PRES TUBO 1.1/2P SCH40;L2;Utilização livre depósito INVT;14,44;317,68;;;0,00000000000000;
GA04;4G-01-14E;9;UN;402488;DISPOSITIVO DE OSCILOGRAFIA RDP RA332;L2;Utilização livre depósito INVT;14.854,01;133.686,09;;;0,00000000000000;
GA04;4G-01-14E;5;UN;804136;EMENDA CABO SUBAQ 1F 20~95MM² 8,7/15kV;F3;Utilização livre depósito CUST;2.284,98;11.424,90;;;0,00000000000000;
GA04;4G-01-15A;18;UN;403263;ISOLADOR SUP BARRAM TRIF 13,8KV EFACEC;L2;Utilização livre depósito INVT;1.757,45;31.634,10;;;0,00000000000000;
GA04;4G-01-15B;2;UN;801506;TRAFO DEFAS 120V 50-400HZ 3PH 3W;F3;Utilização livre depósito CUST;32,50;65,00;;;0,00000000000000;
GA04;4G-01-15B;51;UN;801572;MOLA DISPARO P/BANCO CAPACITOR;F3;Utilização livre depósito CUST;2,63;134,13;;;0,00000000000000;
GA04;4G-01-15B;15;UN;801744;BLOCO TERMINAL GE 990406710;F3;Utilização livre depósito CUST;0,01;0,15;;;0,00000000000000;
GA04;4G-01-15B;15;UN;801773;BLOCO TERMINAL GE 990406712;F3;Utilização livre depósito CUST;0,01;0,15;;;0,00000000000000;
GA04;4G-01-15B;3;UN;801933;LATERAL WEICO 2260435G01;F3;Utilização livre depósito CUST;0,18;0,54;;;0,00000000000000;
GA04;4G-01-15C;1;UN;800068;MOTOR ELET 220V 360RPM;F3;Utilização livre depósito CUST;100,00;100,00;;;0,00000000000000;
GA04;4G-01-15C;1;UN;801497;DENSOSTATO ABB 1HSB425663;F3;Utilização livre depósito CUST;100,00;100,00;;;0,00000000000000;
GA04;4G-01-15C;10;UN;801518;EIXO WEICO 4259977H01;F3;Utilização livre depósito CUST;65,46;654,60;;;0,00000000000000;
GA04;4G-01-15C;1;UN;801733;RELE SINCRONISMO 115/220VAC;F3;Utilização livre depósito CUST;36,00;36,00;;;0,00000000000000;
GA04;4G-01-15C;10;UN;801865;DISPARADOR LIGA AEG BR464098;F3;Utilização livre depósito CUST;156,84;1.568,40;;;0,00000000000000;
GA04;4G-01-15C;3;UN;802788;CENTELHADOR WENCO 437D493H0101;F3;Utilização livre depósito CUST;7,27;21,81;;;0,00000000000000;
GA04;4G-01-15D;18;UN;110305;MASSA ISOLANTE ELET BOR 3MM 38MM 1,5M;F3;Utilização livre depósito CUST;4,60;82,80;;;0,00000000000000;
GA04;4G-01-15D;1;UN;800078;MOTOR S.ENERGIE 665C107026;F3;Utilização livre depósito CUST;0,36;0,36;;;0,00000000000000;
GA04;4G-01-15D;3;UN;800161;MOTOR ACION 125VCC 0,10CV 250W 600RPM;F3;Utilização livre depósito CUST;83,33;249,99;;;0,00000000000000;
GA04;4G-01-15D;2;UN;801715;CAIXA SPRECHER 4811744001;F3;Utilização livre depósito CUST;0,01;0,02;;;0,00000000000000;
GA04;4G-01-15D;2;UN;801719;LATERAL WEICO 2260436G01;F3;Utilização livre depósito CUST;0,18;0,36;;;0,00000000000000;
GA04;4G-01-15E;9;UN;800336;EMENDA CABO SUBAQ 3F 20-95MM2 8,7/15kV;F3;Utilização livre depósito CUST;1.261,28;11.351,52;;;0,00000000000000;
GA04;4G-01-16A;1;UN;400214;PARA-RAIO ESTACAO 60KV 10KA 65KA;L2;Utilização livre depósito INVT;2.688,63;2.688,63;;;0,00000000000000;
GA04;4G-01-16A;1;UN;402148;MOTOR ELET TRIF 0,5CV 440V;L2;Utilização livre depósito INVT;0,04;0,04;;;0,00000000000000;
GA04;4G-01-16A;1;UN;402406;TRAFO CRTE 15KV 110KV;L2;Utilização livre depósito INVT;1,00;1,00;;;0,00000000000000;
GA04;4G-01-16A;16;UN;800159;CAPACITOR FIXO 1F 4490V 243KVAR 34/95KV;F3;Utilização livre depósito CUST;1.660,00;26.560,00;;;0,00000000000000;
GA04;4G-01-16A;1;UN;800171;MOTOR ELET TRIF 0,5CV 440V;F3;Utilização livre depósito CUST;0,04;0,04;;;0,00000000000000;
GA04;4G-01-16A;5;UN;800839;GRAMPO ANCOR PAS AL 4/0AWG~636MCM;F3;Utilização livre depósito CUST;65,70;328,50;;;0,00000000000000;
GA04;4G-01-16A;2;UN;801413;TRAFO DEFASADOR 2E/3F 120V 115MA;F3;Utilização livre depósito CUST;1,00;2,00;;;0,00000000000000;
GA04;4G-01-16A;1;UN;801516;POLO WESTINGHOUSE 543F398G01;F3;Utilização livre depósito CUST;0,04;0,04;;;0,00000000000000;
GA04;4G-01-16A;3;UN;801737;BUCHA PORCELANA ABB GPA 150/1000 24,2KV;F3;Utilização livre depósito CUST;66,67;200,01;;;0,00000000000000;
GA04;4G-01-16A;3;UN;801917;LATERAL WEICO 2259879;F3;Utilização livre depósito CUST;0,12;0,36;;;0,00000000000000;
GA04;4G-01-16A;2;UN;801924;LAMINA SECCION SPIG 69KV;F3;Utilização livre depósito CUST;16,00;32,00;;;0,00000000000000;
GA04;4G-01-16A;1;UN;801967;CHAVE AFERICAO C/BASC 407168/160 78P;F3;Utilização livre depósito CUST;15,00;15,00;;;0,00000000000000;
GA04;4G-01-16A;4;UN;802289;INDICADOR MAGNET NIVEL OLEO TRANSF;F3;Utilização livre depósito CUST;25,02;100,08;;;0,00000000000000;
GA04;4G-01-16B;109;UN;800176;CONCHA-OLHAL AC 60MM 13500KGF;F3;Utilização livre depósito CUST;0,94;102,46;;;0,00000000000000;
GA04;4G-01-16B;7;UN;800301;CONECTOR T AL 75G 2.1/2P 1.1/2P;F3;Utilização livre depósito CUST;1,00;7,00;;;0,00000000000000;
GA04;4G-01-16B;17;UN;800502;GRAMPO PARALELO 954MCM;F3;Utilização livre depósito CUST;53,01;901,17;;;0,00000000000000;
GA04;4G-01-16B;1;UN;800570;CONECTOR ELETRICO RETO AL 3500MCM;F3;Utilização livre depósito CUST;60,12;60,12;;;0,00000000000000;
GA04;4G-01-16B;1;UN;801679;LAMINA SECCION ATERRAMENTO LORENZETTI;F3;Utilização livre depósito CUST;32,00;32,00;;;0,00000000000000;
GA04;4G-01-16B;14;UN;801696;DESENGATE WEICO 4260001G01;F3;Utilização livre depósito CUST;0,91;12,74;;;0,00000000000000;
GA04;4G-01-16B;1;UN;802052;TARUGO COBRE P/BUCHA 13.8KV;F3;Utilização livre depósito CUST;1,00;1,00;;;0,00000000000000;
GA04;4G-01-16B;60;UN;802647;ROLAMENTO ESFERA INT 45X8X19MM;F3;Utilização livre depósito CUST;8,00;480,00;;;0,00000000000000;
GA04;4G-01-16B;3;UN;803725;CONJUNTO MOTOR 3AE5 100-125VCC 3AY14111E;F3;Utilização livre depósito CUST;6.488,85;19.466,55;;;0,00000000000000;
GA04;4G-01-16B;3;UN;803726;2ª BOBINA DE ABERTURA 125VCC 3AX1101-2E;F3;Utilização livre depósito CUST;3.587,18;10.761,54;;;0,00000000000000;
GA04;4G-01-16C;53;UN;800399;FUSIVEL NH RET 10A 500V TAM 00 FACA;F3;Utilização livre depósito CUST;0,06;3,18;;;0,00000000000000;
GA04;4G-01-16C;33;UN;801279;PORTA-FUSIVEL BANCO CAPACITOR;F3;Utilização livre depósito CUST;2,04;67,32;;;0,00000000000000;
GA04;4G-01-16C;5;UN;801909;ISOLADOR SUPORTE PORC 15KV;F3;Utilização livre depósito CUST;29,09;145,45;;;0,00000000000000;
GA04;4G-01-16C;3;UN;802274;NUCLEO WENCO 310C718G02;F3;Utilização livre depósito CUST;33,94;101,82;;;0,00000000000000;
GA04;4G-01-16C;8;UN;802549;CONTATO WENCO 423D153G04;F3;Utilização livre depósito CUST;8,10;64,80;;;0,00000000000000;
GA04;4G-01-16C;6;UN;802682;ROLAMENTO ESFERA INT 40X80X18MM;F3;Utilização livre depósito CUST;26,00;156,00;;;0,00000000000000;
GA04;4G-01-16C;35;UN;802826;CONTATO WENCO TC264508G01;F3;Utilização livre depósito CUST;5,60;196,00;;;0,00000000000000;
GA04;4G-01-16C;4;UN;802873;VALVULA ESF BR-2541-462-A;F3;Utilização livre depósito CUST;0,09;0,36;;;0,00000000000000;
GA04;4G-01-16D;16;UN;800300;CONECTOR SUPORTE AL 350-600MCM;F3;Utilização livre depósito CUST;0,04;0,64;;;0,00000000000000;
GA04;4G-01-16D;2;UN;801370;TRAFO CRTE 600VAC 50/5A;F3;Utilização livre depósito CUST;0,04;0,08;;;0,00000000000000;
GA04;4G-01-16D;1;UN;801416;TRAFO POT 115-67V;F3;Utilização livre depósito CUST;43,00;43,00;;;0,00000000000000;
GA04;4G-01-16D;14;UN;801730;BLOCO SCHULUMB 316754;F3;Utilização livre depósito CUST;0,01;0,14;;;0,00000000000000;
GA04;4G-01-16D;1;UN;802056;TERMOMETRO OLEO TRAFO COEMSA SN37964040;F3;Utilização livre depósito CUST;0,18;0,18;;;0,00000000000000;
GA04;4G-01-16D;2;UN;802335;VALVULA BORBOLETA 10KG/CM2;F3;Utilização livre depósito CUST;0,08;0,16;;;0,00000000000000;
GA04;4G-01-16D;2;UN;802583;POLIA S.ENERGIE 4811746601;F3;Utilização livre depósito CUST;8,19;16,38;;;0,00000000000000;
GA04;4G-01-16D;1;UN;802689;SOLENOIDE INTERTRAVAMENTO 125V;F3;Utilização livre depósito CUST;2,00;2,00;;;0,00000000000000;
GA04;4G-01-16E;3;UN;800807;CHIFRE CURVO CHAVE SECCION RDC-01-08;F3;Utilização livre depósito CUST;0,01;0,03;;;0,00000000000000;
GA04;4G-01-16E;1;UN;801058;CONECTOR SUPORTE AL 558-1033MCM;F3;Utilização livre depósito CUST;3,00;3,00;;;0,00000000000000;
GA04;4G-01-16E;7;UN;801113;CONTATO ASEA 549213EIT115;F3;Utilização livre depósito CUST;0,02;0,14;;;0,00000000000000;
GA04;4G-01-16E;10;UN;801582;DISPARADOR DESL AEG SW667445BR463849;F3;Utilização livre depósito CUST;184,57;1.845,70;;;0,00000000000000;
GA04;4G-01-16E;4;UN;801899;ISOLADOR S.ENERGIE 6125020401;F3;Utilização livre depósito CUST;0,03;0,12;;;0,00000000000000;
GA04;4G-01-16E;5;UN;801930;LAMINA CONT FIXO 15KV 13,8KV 3,8MVAR;F3;Utilização livre depósito CUST;27,64;138,20;;;0,00000000000000;
GA04;4G-01-16E;10;UN;802551;DISTANCIADOR WENCO 262458;F3;Utilização livre depósito CUST;21,82;218,20;;;0,00000000000000;
GA04;4G-01-16E;48;UN;802633;ROLAMENTO ESFERA INT 25X47X12MM;F3;Utilização livre depósito CUST;16,50;792,00;;;0,00000000000000;
GA04;4G-01-16E;8;UN;802945;LAMINA WENCO 591C344H01;F3;Utilização livre depósito CUST;6,82;54,56;;;0,00000000000000;
GA04;4G-01-16F;10;UN;800336;EMENDA CABO SUBAQ 3F 20-95MM2 8,7/15kV;F3;Utilização livre depósito CUST;1.261,28;12.612,80;;;0,00000000000000;
GA04;4G-01-16F;4;UN;801609;VOLTIMETRO CA FM 0-90KV;F3;Utilização livre depósito CUST;13,64;54,56;;;0,00000000000000;
GA04;4G-01-16F;3;UN;801650;VARIMETRO 115V 5A 60-0-60MVAR 96X96MM;F3;Utilização livre depósito CUST;0,63;1,89;;;0,00000000000000;
GA04;4G-01-16F;10;UN;802852;HASTE WENCO 3261650G01;F3;Utilização livre depósito CUST;14,00;140,00;;;0,00000000000000;
GA04;4G-01-16F;7;UN;802868;COMUTADOR WENCO 2260745G02;F3;Utilização livre depósito CUST;0,05;0,35;;;0,00000000000000;
GA04;4G-01-17A;226;UN;401621;GRAMPO SUSPENSAO ARM AL 15,74X16,4MM;L2;Utilização livre depósito INVT;126,17;28.514,42;;;0,00000000000000;
GA04;4G-01-17A;136;UN;402323;GRAMPO SUSPENSAO AL MONOARTIC CAA 477MCM;L2;Utilização livre depósito INVT;44,60;6.065,60;;;0,00000000000000;
GA04;4G-01-17A;35;UN;402377;CONECTOR EMENDA RETA 1.1/2P IPS;L2;Utilização livre depósito INVT;202,67;7.093,45;;;0,00000000000000;
GA04;4G-01-17B;2;UN;403456;DISJ 3P EXT 17,5KV 630A 25KA DIVAC 1725B;L2;Utilização livre depósito INVT;89.663,92;179.327,84;;;0,00000000000000;
GA04;4G-01-17C;1;UN;403272;DISJ 3P 17,5KV 2500A 25KA DIVAC 1725G;L2;Utilização livre depósito INVT;156.861,18;156.861,18;;;0,00000000000000;
GA04;4G-01-17C;2;UN;403456;DISJ 3P EXT 17,5KV 630A 25KA DIVAC 1725B;L2;Utilização livre depósito INVT;89.663,92;179.327,84;;;0,00000000000000;
GA04;4G-01-18A;206;UN;402046;GRAMPO ANCOR PAS AL 16,3~25,5MM;L2;Utilização livre depósito INVT;80,00;16.480,00;;;0,00000000000000;
GA04;4G-01-19A;317;UN;400107;GRAMPO SUSPENSAO AL 15,74X16,4MM;L2;Utilização livre depósito INVT;118,00;37.406,00;;;0,00000000000000;
GA04;4G-01-19A;525;UN;400750;CONCHA OLHAL AC 60MMX16MM 120KN;L2;Utilização livre depósito INVT;50,18;26.344,50;;;0,00000000000000;
GA04;4G-01-19A;30;UN;401623;GRAMPO SUSPENSAO AL MONOART 28-38MM;L2;Utilização livre depósito INVT;1,00;30,00;;;0,00000000000000;
GA04;4G-01-19A;18;UN;401921;CONECTOR ESPAC AL 700-750MCM/605-636MCM;L2;Utilização livre depósito INVT;227,66;4.097,88;;;0,00000000000000;
GA04;4G-02-01A;5;UN;400385;BANCO DE CAPACITOR 3F 15KV 150KVAR FIXO;L2;Utilização livre depósito INVT;16.703,62;83.518,10;;;0,00000000000000;
GA04;4G-02-01A;1;UN;401402;RETIFIC CHAVEAD 380VCA/3F/125VCC/100A;L2;Utilização livre depósito INVT;73.757,13;73.757,13;;;0,00000000000000;
GA04;4G-02-01A;7;UN;402092;BANCO DE CAPACITOR 3F 15KV 75KVAR FIXO;L2;Utilização livre depósito INVT;15.762,63;110.338,41;;;0,00000000000000;
GA04;4G-02-01A;4;UN;403425;RELIGADOR 1F AUTOMATICO 7,96 KV 100A 4kA;L2;Utilização livre depósito INVT;27.446,03;109.784,12;;;0,00000000000000;
GA04;4G-02-01A;2;UN;403714;EMENDA PREF CABO 795KCMIL;L2;Utilização livre depósito INVT;63,48;126,96;;;0,00000000000000;
GA04;4G-02-01A;1;UN;404123;RETIFICADOR CHAVEADO380VCA/3F/125VCC/140;L2;Utilização livre depósito INVT;91.112,32;91.112,32;;;0,00000000000000;
GA04;4G-02-01A;3;UN;404124;RETIFICAD CHAVEADO 220VCA/3F/125VCC/100A;L2;Utilização livre depósito INVT;73.757,13;221.271,39;;;0,00000000000000;
GA04;4G-02-01A;1;UN;404149;RETIFIC CHAVEAD 380VCA/3F/125VCC/160A;L2;Utilização livre depósito INVT;100.149,93;100.149,93;;;0,00000000000000;
GA04;4G-02-01A;7;UN;406189;RETIFICADOR CHAVEADO 220VCA/1F/48VCC/100;L2;Utilização livre depósito INVT;33.661,51;235.630,57;;;0,00000000000000;
GA04;4G-02-01A;2;UN;409200;CONVERSOR CC/CC 125/48VCC - 50A;L2;Utilização livre depósito INVT;14.853,97;29.707,94;;;0,00000000000000;
GA04;4G-02-01A;23;UN;805193;EMENDA PREF CABO 795KCMIL;F3;Utilização livre depósito CUST;851,37;19.581,51;;;0,00000000000000;
GA04;4G-02-02A;6;UN;400084;"TRAFO CRTE 72,5KV 1000x2000-5; 0,3C50";L2;Utilização livre depósito INVT;17.267,32;103.603,92;;;0,00000000000000;
GA04;4G-02-02A;1;UN;400247;TRAFO POT 72,5KV 140/350KV;L2;Utilização livre depósito INVT;10.702,85;10.702,85;;;0,00000000000000;
GA04;4G-02-02A;1;UN;402581;"TRAFO POT IND 72,5 KV 600:1; 69/√3/115";L2;Utilização livre depósito INVT;7.784,15;7.784,15;;;0,00000000000000;
GA04;4G-02-02A;1;UN;403856;CHAVE SECC 3P VACUO 15KV 400A;L2;Utilização livre depósito INVT;0,01;0,01;;;0,00000000000000;
GA04;4G-02-02A;1;UN;409809;DISJ 3P 17,5KV 2500A EXE172525E-BB125M;L2;Utilização livre depósito INVT;135.598,26;135.598,26;;;0,00000000000000;
GA04;4G-02-02A;4;UN;409812;DISJ 3P 24KV 1250A 25KA HAF 6142-4;L2;Utilização livre depósito INVT;62.199,72;248.798,88;;;0,00000000000000;
GA04;4G-02-02A;97;UN;800105;MANILHA AC 16MM 80MM 22MM 13500DAN;F3;Utilização livre depósito CUST;36,87;3.576,39;;;0,00000000000000;
GA04;4G-02-02A;4;UN;801755;BUCHA PORCELANA ASEA GOB 380 84KV 1250A;F3;Utilização livre depósito CUST;50,00;200,00;;;0,00000000000000;
GA04;4G-02-03A;35;UN;400084;"TRAFO CRTE 72,5KV 1000x2000-5; 0,3C50";L2;Utilização livre depósito INVT;17.267,32;604.356,20;;;0,00000000000000;
GA04;4G-02-03A;16;UN;803508;EMENDA PRE-FORMADA AL 477MCM HAWK;F3;Utilização livre depósito CUST;184,18;2.946,88;;;0,00000000000000;
GA04;4G-02-03A;12;UN;804266;EMENDA TOTAL PREFORMADA CABO 795MCM TERN;F3;Utilização livre depósito CUST;477,71;5.732,52;;;0,00000000000000;
GA04;4G-02-04A;3;UN;404143;TRAFO CRTE 72,5KV 400/800 600/1200 1A;L2;Utilização livre depósito INVT;47.833,45;143.500,35;;;0,00000000000000;
GA04;4G-02-04A;3;UN;409811;DISJ 3P 24KV 2000A 25KA HAF 6144-4;L2;Utilização livre depósito INVT;73.535,34;220.606,02;;;0,00000000000000;
GA04;4G-02-04A;16;UN;804493;EMENDA TOTAL PREFORMADA CABO 477 HAWK;F3;Utilização livre depósito CUST;253,24;4.051,84;;;0,00000000000000;
GA04;4G-02-04A;16;UN;804494;EMENDA TOTAL PREFORMADA CABO 266,8 PARTR;F3;Utilização livre depósito CUST;109,35;1.749,60;;;0,00000000000000;
GA04;4G-02-04A;12;UN;805265;EMENDA PREFORMADA CONDUTORA PARA CABO 79;F3;Utilização livre depósito CUST;250,94;3.011,28;;;0,00000000000000;
GA04;4G-02-05A;1;UN;402394;"DISJUNTOR 3P 72,5KV; 2000A; 31,5kA; GAS";L2;Utilização livre depósito INVT;52.506,81;52.506,81;;;0,00000000000000;
GA04;4G-02-05A;6;CJ;402623;CONJUNTO CUBICULOS 15KV;L2;Utilização livre depósito INVT;881.158,03;5.286.948,18;;;0,00000000000000;
GA04;4G-02-05A;9;UN;800175;"DISJUNTOR 3P 72,5KV; 2000A; 31,5KA; GAS";F3;Utilização livre depósito CUST;52.506,81;472.561,29;;;0,00000000000000;
GA04;4G-02-06A;6;UN;402277;BANCO DE CAPACITOR 3F 15KV 300KVAR FIXO;L2;Utilização livre depósito INVT;17.562,99;105.377,94;;;0,00000000000000;
GA04;4G-02-06A;28;UN;402834;CHAVE SECC 3P 72,5KV S/LT 2000A VERT;L2;Utilização livre depósito INVT;18.523,09;518.646,52;;;0,00000000000000;
GA04;4G-02-06A;1;UN;403793;TRAFO POT IND 145KV 650KV 2X0,6P75;L2;Utilização livre depósito INVT;25.372,38;25.372,38;;;0,00000000000000;
GA04;4G-02-06A;10;UN;404468;CAPACITOR MONOPOLAR 700KVAR 8,66KV;L2;Utilização livre depósito INVT;11.825,05;118.250,50;;;0,00000000000000;
GA04;4G-02-07A;18;UN;402047;TRAFO CRTE TPY 145 KV NB 650KV 40KA;L2;Utilização livre depósito INVT;32.958,12;593.246,16;;;0,00000000000000;
GA04;4G-02-07A;14;UN;403793;TRAFO POT IND 145KV 650KV 2X0,6P75;L2;Utilização livre depósito INVT;25.372,38;355.213,32;;;0,00000000000000;
GA04;LATERAL 01;6;UN;403103;BUCHA CONDENSIVA POLIMERICA 138KV 1250A;L2;Utilização livre depósito INVT;234.188,21;1.405.129,26;;;0,00000000000000;
GA04;LATERAL 01;18;KG;800384;GAS ACETILENO 92,3X7,7%;F3;Utilização livre depósito CUST;122,13;2.198,34;;;0,00000000000000;
GA04;LATERAL 01;90;M3;800584;GAS OXIGENIO 99,95%;F3;Utilização livre depósito CUST;18,64;1.677,60;;;0,00000000000000;
GA05;5G-01-01A;9;UN;400042;TRAFO CRTE 15KV 1200A 0,3C50;L2;Utilização livre depósito INVT;14.997,20;134.974,80;;;0,00000000000000;
GA05;5G-01-01A;10;UN;401389;TRAFO CRTE 15KV 100-5A 0,3C 1,5X;L2;Utilização livre depósito INVT;233,73;2.337,30;;;0,00000000000000;
GA05;5G-01-01A;4;UN;805469;CURVA 90G LONGA 150MM ESGOTO;F3;Utilização livre depósito CUST;112,22;448,88;;;0,00000000000000;
GA05;5G-01-01B;2;UN;409010;BUCHA CONDENSIVA 24,2KV 1000A - MONTADA;L2;Utilização livre depósito INVT;3.552,00;7.104,00;;;0,00000000000000;
GA05;5G-01-01B;2;UN;409011;BUCHA CONDENSIVA 24KV 2000A PORCELANA;L2;Utilização livre depósito INVT;5.328,00;10.656,00;;;0,00000000000000;
GA05;5G-01-01C;2;UN;409014;GRADE DE PROTECAO VENTILADOR;L2;Utilização livre depósito INVT;288,60;577,20;;;0,00000000000000;
GA05;5G-01-01C;2;UN;409020;VENTIL 0,75CV 2,85M/S WT-05;L2;Utilização livre depósito INVT;5.439,00;10.878,00;;;0,00000000000000;
GA05;5G-01-01C;2;UN;409021;RELE DETECTOR GAS 50MM 4NA/NF;L2;Utilização livre depósito INVT;2.553,00;5.106,00;;;0,00000000000000;
GA05;5G-01-01D;2;UN;401541;ESFERA SINALIZACAO DIU CABO OPGW FBV LJ;L2;Utilização livre depósito INVT;1.005,02;2.010,04;;;0,00000000000000;
GA05;5G-01-02A;9;UN;400427;CAPACITOR 1F 350KVAR 8,66KV AUTOM;L2;Utilização livre depósito INVT;4.016,33;36.146,97;;;0,00000000000000;
GA05;5M-01-01A;4;UN;401656;INVERSOR 125 VCC/220VCA FN 60HZ 5KVA;L2;Utilização livre depósito INVT;23.843,13;95.372,52;;;0,00000000000000;
GA05;5M-01-01B;1;UN;401229;UNIDADE PROTEÇÃO DIGITAL 1A 60HZ B90;L2;Utilização livre depósito INVT;36.163,54;36.163,54;;;0,00000000000000;
GA05;5M-01-01B;1;UN;401420;UNIDADE PROTEÇÃO DIG 1A/5A 60HZ B90;L2;Utilização livre depósito INVT;36.071,43;36.071,43;;;0,00000000000000;
GA05;5M-01-01B;1;UN;402474;UNIDADE PROTEÇÃO DIG 1A/5A 125VCC T60 GE;L2;Utilização livre depósito INVT;42.199,91;42.199,91;;;0,00000000000000;
GA05;5M-01-01B;1;UN;402487;RELE PROTECAO/CONTROLE TIPO EF MD;L2;Utilização livre depósito INVT;13.200,00;13.200,00;;;0,00000000000000;
GA05;5M-01-01B;2;UN;402520;RELE PROTECAO/CONTROLE TIPO EF MD;L2;Utilização livre depósito INVT;13.200,00;26.400,00;;;0,00000000000000;
GA05;5M-01-01B;2;UN;402602;RELE PROTECAO ALIMENTADORES MICOM P141;L2;Utilização livre depósito INVT;12.717,92;25.435,84;;;0,00000000000000;
GA05;5M-01-01B;2;UN;402621;RELE PROTECAO/CONTROLE TIPO DA PT;L2;Utilização livre depósito INVT;13.200,00;26.400,00;;;0,00000000000000;
GA05;5M-01-01B;1;UN;402850;RELE PROTECAO/CONTROLE TIPO EF TD;L2;Utilização livre depósito INVT;13.200,00;13.200,00;;;0,00000000000000;
GA05;5M-01-01C;1;UN;403946;MODULO MICROP 2P COM3/COM4 128E/30S DIG;L2;Utilização livre depósito INVT;39.356,28;39.356,28;;;0,00000000000000;
GA05;5M-01-01C;3;UN;407215;KIT SOBRESSALENTE PARA INVERSOR CC-CA;L2;Utilização livre depósito INVT;18.090,64;54.271,92;;;0,00000000000000;
GA05;5M-01-01D;1;UN;400100;UNIDADE PROTEÇÃO DIGITAL 1A/5A 60HZ P143;L2;Utilização livre depósito INVT;21.304,71;21.304,71;;;0,00000000000000;
GA05;5M-01-01D;9;UN;401496;BLOCO TESTE RELE P991;L2;Utilização livre depósito INVT;1.524,59;13.721,31;;;0,00000000000000;
GA05;5M-01-01D;1;UN;402000;UNIDADE PROTEÇÃO DIGITAL TCP-C + PL-300;L2;Utilização livre depósito INVT;11.097,00;11.097,00;;;0,00000000000000;
GA05;5M-01-01D;1;UN;402496;SOBRESSALENTE MOD AQ REM 3323111X22CC GE;L2;Utilização livre depósito INVT;29.689,55;29.689,55;;;0,00000000000000;
GA05;5M-01-02B;1;UN;400023;BLOCO DE TESTES P/ PAINEIS E SPCS;L2;Utilização livre depósito INVT;11.553,54;11.553,54;;;0,00000000000000;
GA05;5M-01-02B;6;UN;401754;UNIDADE PROTEÇÃO DIG 1A/5A 60HZ F650;L2;Utilização livre depósito INVT;12.318,05;73.908,30;;;0,00000000000000;
GA05;5M-01-02B;1;UN;402508;MEDIDOR ION8650;L2;Utilização livre depósito INVT;13.200,00;13.200,00;;;0,00000000000000;
GA05;5M-01-02B;1;UN;402809;MULTIMEDIDOR GRAND ELETR CC/AC 24-250VCC;L2;Utilização livre depósito INVT;10.200,00;10.200,00;;;0,00000000000000;
GA05;5M-01-02B;1;UN;405265;MEDIDOR DE ENERGIA ION 7400;L2;Utilização livre depósito INVT;65.912,23;65.912,23;;;0,00000000000000;
GA05;5M-01-02C;4;UN;110277;CONVERSOR INTERNET RMC40-48-ML00-XX;F3;Utilização livre depósito CUST;2.557,50;10.230,00;;;0,00000000000000;
GA05;5M-01-02C;1;UN;401343;MEDIDOR ENERGIA MULTIPROCES NEXUS 1262;L2;Utilização livre depósito INVT;10.994,86;10.994,86;;;0,00000000000000;
GA05;5M-01-02C;1;UN;402851;RELE CONTROLE BAY COM PROT MICOM C264P;L2;Utilização livre depósito INVT;33.814,05;33.814,05;;;0,00000000000000;
GA05;5M-01-02C;57;UN;403674;ABRACADEIRA PA 765X8,8MM;L2;Utilização livre depósito INVT;1,86;106,02;;;0,00000000000000;
GA05;5M-01-02D;1;UN;402482;RELE MICROP 110/220V IMRK002800 AC 0448;L2;Utilização livre depósito INVT;42.736,66;42.736,66;;;0,00000000000000;
GA05;5M-01-02D;3;UN;402486;RELE PROT E COMANDO DE LINHA  SEL311L;L2;Utilização livre depósito INVT;71.434,79;214.304,37;;;0,00000000000000;
GA05;5M-01-02D;1;UN;402531;RELE MICROP 110/220V IMRK002800 AC 0446;L2;Utilização livre depósito INVT;40.841,01;40.841,01;;;0,00000000000000;
GA05;5M-01-03B;1;UN;110463;TECLADO ABNT2 MOUSE OPTICO USB GEN;F3;Utilização livre depósito CUST;675,90;675,90;;;0,00000000000000;
GA05;5M-01-03B;1;UN;401177;SWITCH GER GRS11308T8ZTM9V9HHSE2SXXXXX;L2;Utilização livre depósito INVT;13.200,00;13.200,00;;;0,00000000000000;
GA05;5M-01-03B;1;UN;401705;SWITCH COMUM 100P 10/100/1000BPS;L2;Utilização livre depósito INVT;26.206,81;26.206,81;;;0,00000000000000;
GA05;5M-01-03B;4;UN;402180;SWITCH GER 19P 88 300VDC 85~264 VAC;L2;Utilização livre depósito INVT;5.615,06;22.460,24;;;0,00000000000000;
GA05;5M-01-03B;21;UN;402603;RELE AUXILIAR DISJ RF-4125VCC ARTECHE;L2;Utilização livre depósito INVT;3.924,60;82.416,60;;;0,00000000000000;
GA05;5M-01-03B;1;UN;402613;SOBRESSALENTE RELE PROT DIF TRAFO;L2;Utilização livre depósito INVT;25.924,55;25.924,55;;;0,00000000000000;
GA05;5M-01-03B;1;UN;402899;SWITCH ETHERN GER 110-250VDC/100-240VAC;L2;Utilização livre depósito INVT;23.235,20;23.235,20;;;0,00000000000000;
GA05;5M-01-03B;2;UN;404549;RELE DE PROTECAO DE TRANSFORMADOR;L2;Utilização livre depósito INVT;65.912,23;131.824,46;;;0,00000000000000;
GA05;5M-01-03C;10;UN;400674;BLOCO TESTE C/4 CONT SECC P991;L2;Utilização livre depósito INVT;2.186,06;21.860,60;;;0,00000000000000;
GA05;5M-01-03C;1;UN;401261;ROTEADOR 2P+8P 125VCC/ 100-240VCA;L2;Utilização livre depósito INVT;26.477,82;26.477,82;;;0,00000000000000;
GA05;5M-01-03C;2;UN;402369;ROTEADOR 1P 10MBPS 110/220V;L2;Utilização livre depósito INVT;2.565,25;5.130,50;;;0,00000000000000;
GA05;5M-01-03D;9;UN;408338;RELE SOBRECOR SIPROTEC 7SJ82-P1J40424;L2;Utilização livre depósito INVT;23.011,84;207.106,56;;;0,00000000000000;
GA05;5M-01-03D;2;UN;408339;RELE SOBRECOR SIPROTEC 7SJ85-P1J1271843;L2;Utilização livre depósito INVT;38.707,96;77.415,92;;;0,00000000000000;
GA05;5M-01-03D;1;UN;408340;RELE DIFERENC SIPROTEC 7UT85-P1F407090;L2;Utilização livre depósito INVT;41.134,92;41.134,92;;;0,00000000000000;
GA05;5M-01-04B;2;UN;400297;SOBRESSAL VENTILADOR CARREGADOR-RETIF;L2;Utilização livre depósito INVT;56,21;112,42;;;0,00000000000000;
GA05;5M-01-04B;1;UN;401301;SWITCH ETH GER 110/250VDC 100/240VAC 8P;L2;Utilização livre depósito INVT;19.526,08;19.526,08;;;0,00000000000000;
GA05;5M-01-04B;1;UN;402439;SWITCH ETH GER 110/250VDC 100/240VAC 16P;L2;Utilização livre depósito INVT;21.225,21;21.225,21;;;0,00000000000000;
GA05;5M-01-04B;1;UN;403902;RELOGIO SINC SATEL RT43033NNC08A231;L2;Utilização livre depósito INVT;11.307,36;11.307,36;;;0,00000000000000;
GA05;5M-01-04B;99;UN;404745;CHAVE FIM DE  CURSO METALTEX FM 1307;L2;Utilização livre depósito INVT;50,16;4.965,84;;;0,00000000000000;
GA05;5M-01-04B;6;UN;405258;SOBRESS. PORTA-FUSIVEL C/ ELO DO BANCO;L2;Utilização livre depósito INVT;244,68;1.468,08;;;0,00000000000000;
GA05;5M-01-04B;1;UN;406417;CARTAO ELET IHM GRAFICA CPU;L2;Utilização livre depósito INVT;856,08;856,08;;;0,00000000000000;
GA05;5M-01-04B;1;UN;406418;CARTAO ELET IHM GRAFICA FONTE;L2;Utilização livre depósito INVT;729,46;729,46;;;0,00000000000000;
GA05;5M-01-04B;1;UN;406419;TERMOSTATO TLZ 520 / TRS-A NF / TRS1-A;L2;Utilização livre depósito INVT;126,51;126,51;;;0,00000000000000;
GA05;5M-01-04B;1;UN;406420;CALEFATOR 50W 220V;L2;Utilização livre depósito INVT;155,17;155,17;;;0,00000000000000;
GA05;5M-01-04B;1;UN;406421;DISJUNTOR BIPOLAR 25A C 3KA 220V;L2;Utilização livre depósito INVT;70,88;70,88;;;0,00000000000000;
GA05;5M-01-04B;1;UN;406422;DISJUNTOR MONOPOLAR 20A;L2;Utilização livre depósito INVT;13,93;13,93;;;0,00000000000000;
GA05;5M-01-04B;1;UN;406423;DISJUNTOR MONOPOLAR 16A C;L2;Utilização livre depósito INVT;34,24;34,24;;;0,00000000000000;
GA05;5M-01-04B;1;UN;406424;DISJUNTOR MONOPOLAR 10A;L2;Utilização livre depósito INVT;13,93;13,93;;;0,00000000000000;
GA05;5M-01-04B;5;UN;406425;FUSIVEL DE VIDRO 5X20MM 6A;L2;Utilização livre depósito INVT;2,12;10,60;;;0,00000000000000;
GA05;5M-01-04B;5;UN;406426;FUSIVEL DE VIDRO 5X20MM 2A;L2;Utilização livre depósito INVT;2,12;10,60;;;0,00000000000000;
GA05;5M-01-04B;1;UN;406427;FUSIVEL DE VIDRO 5X20MM 150MA;L2;Utilização livre depósito INVT;2,12;2,12;;;0,00000000000000;
GA05;5M-01-04B;1;UN;406428;UR PARALELO CHAVEADO 125VCC 22A;L2;Utilização livre depósito INVT;4.625,32;4.625,32;;;0,00000000000000;
GA05;5M-01-04B;3;UN;801455;RELE AUXILIAR 110-125VCC 1NA+4REVER;F3;Utilização livre depósito CUST;327,92;983,76;;;0,00000000000000;
GA05;5M-01-04B;4;UN;801645;RELE DIG SUPERVISOR 85-265V 4-20MA;F3;Utilização livre depósito CUST;0,50;2,00;;;0,00000000000000;
GA05;5M-01-04B;25;UN;802032;RELE AUXILIAR 12VCC 1A SCHRACK;F3;Utilização livre depósito CUST;21,96;549,00;;;0,00000000000000;
GA05;5M-01-04B;1;UN;803169;RELE SINCRONISMO SPAU140C ABB;F3;Utilização livre depósito CUST;2.620,00;2.620,00;;;0,00000000000000;
GA05;5M-01-04B;1;UN;803170;RELE SIEMENS 7SJ60054EA000DAO/BB;F3;Utilização livre depósito CUST;1.500,00;1.500,00;;;0,00000000000000;
GA05;5M-01-04C;2;UN;405358;RELE DE PROTECAO E CONTROLE DE LINHA;L2;Utilização livre depósito INVT;87.394,91;174.789,82;;;0,00000000000000;
GA05;5M-01-04C;2;UN;409253;RELE PROTECAO RETAGUARDA;L2;Utilização livre depósito INVT;41.317,43;82.634,86;;;0,00000000000000;
GA05;5M-01-04C;1;UN;409581;RELE INGETEAM BANCO DE CAPACITORES;L2;Utilização livre depósito INVT;42.091,13;42.091,13;;;0,00000000000000;
GA05;5M-01-04D;2;UN;409250;RELE DE PROTECAO PRINCIPAL;L2;Utilização livre depósito INVT;39.189,74;78.379,48;;;0,00000000000000;
GA05;5M-01-04D;2;UN;409251;RELE PROTECAO RETAGUARDA;L2;Utilização livre depósito INVT;48.474,18;96.948,36;;;0,00000000000000;
GA05;5M-01-04D;2;UN;409252;RELE PROTECAO PRINCIPAL DE DISTANCIA;L2;Utilização livre depósito INVT;60.466,59;120.933,18;;;0,00000000000000;
GA05;5M-02-01B;4;UN;403605;RESISTOR AQUEC 3000OHM 30W;L2;Utilização livre depósito INVT;423,12;1.692,48;;;0,00000000000000;
GA05;5M-02-01B;503;UN;403677;BORNE UDK 4 MTK-P/P;L2;Utilização livre depósito INVT;17,60;8.852,80;;;0,00000000000000;
GA05;5M-02-01B;2;UN;805465;SOBRESSALENTE KIT COMP ENCHIM SF6 220V;F3;Utilização livre depósito CUST;2.231,81;4.463,62;;;0,00000000000000;
GA05;5M-02-01C;2;UN;400397;BOBINA ABERT DISJ 145KV;L2;Utilização livre depósito INVT;1.871,60;3.743,20;;;0,00000000000000;
GA05;5M-02-01C;1;UN;401016;RESISTENCIA AQUEC P/CHAVE SEC 145KV S/LT;L2;Utilização livre depósito INVT;585,07;585,07;;;0,00000000000000;
GA05;5M-02-01C;1;UN;401700;RELE SUBTENSAO QUADRO QSACA 380VCA;L2;Utilização livre depósito INVT;17.992,47;17.992,47;;;0,00000000000000;
GA05;5M-02-01C;8;UN;402541;RELE DISPARO RXR4 ULT RAP 4NAF 125VDC 8A;L2;Utilização livre depósito INVT;680,48;5.443,84;;;0,00000000000000;
GA05;5M-02-01C;2;UN;402859;SOBRESSALENTE RELE SUP TRIF 3UG45121BR20;L2;Utilização livre depósito INVT;609,00;1.218,00;;;0,00000000000000;
GA05;5M-02-01C;3;UN;403742;RELE AUXILIAR BJ-8;L2;Utilização livre depósito INVT;730,33;2.190,99;;;0,00000000000000;
GA05;5M-02-01D;5;UN;402477;RELE CONTATOR CF4 4NAF 125VDC 10A;L2;Utilização livre depósito INVT;1.012,59;5.062,95;;;0,00000000000000;
GA05;5M-02-01D;1;UN;402481;RELE REGULADOR TENSAO AVR;L2;Utilização livre depósito INVT;1.389,58;1.389,58;;;0,00000000000000;
GA05;5M-02-01D;2;UN;404181;RELE ACOPLAMENTO 250V 125VCC;L2;Utilização livre depósito INVT;75,04;150,08;;;0,00000000000000;
GA05;5M-02-02A;4;UN;402836;SOBRESSALENTE CJ COMP ANEL VED;L2;Utilização livre depósito INVT;2.115,12;8.460,48;;;0,00000000000000;
GA05;5M-02-02A;2;UN;403599;CORREIA VENTILADOR RESFRIAMENTO380/220V;L2;Utilização livre depósito INVT;496,98;993,96;;;0,00000000000000;
GA05;5M-02-02A;1;UN;403623;MANGUEIRA BLOCO RADIADOR;L2;Utilização livre depósito INVT;59,64;59,64;;;0,00000000000000;
GA05;5M-02-02A;10;UN;403708;JOGO JUNTAS R363/M139;L2;Utilização livre depósito INVT;496,98;4.969,80;;;0,00000000000000;
GA05;5M-02-02A;10;UN;403795;ANEL O 25X3MM;L2;Utilização livre depósito INVT;496,98;4.969,80;;;0,00000000000000;
GA05;5M-02-02A;2.200;UN;403825;ANILHA CONDUTOR 1,5-4,0MM2 LETRA A;L2;Utilização livre depósito INVT;0,02;44,00;;;0,00000000000000;
GA05;5M-02-02B;3;UN;401276;PENTE TESTE CORRENTE 20A 300VAC;L2;Utilização livre depósito INVT;2.411,19;7.233,57;;;0,00000000000000;
GA05;5M-02-02B;1;UN;402261;BLOCO AFERICAO RTXP18;L2;Utilização livre depósito INVT;1.356,46;1.356,46;;;0,00000000000000;
GA05;5M-02-02B;1;UN;402780;MEDIDOR DIGITAL MOD MICR 2P SER M232 GE;L2;Utilização livre depósito INVT;3.292,46;3.292,46;;;0,00000000000000;
GA05;5M-02-02B;50;UN;403575;BORNE P/ CONEXAO OLHAL 800V 41A;L2;Utilização livre depósito INVT;9,79;489,50;;;0,00000000000000;
GA05;5M-02-02B;150;UN;403636;BORNE PASSAGEM 800V 41A;L2;Utilização livre depósito INVT;3,79;568,50;;;0,00000000000000;
GA05;5M-02-02B;25;UN;403669;BORNE SECC 1000V 41A;L2;Utilização livre depósito INVT;35,62;890,50;;;0,00000000000000;
GA05;5M-02-02B;50;UN;403796;BORNE PASSAGEM 500V 32A;L2;Utilização livre depósito INVT;20,35;1.017,50;;;0,00000000000000;
GA05;5M-02-02C;5;UN;400389;BASE FN-DE RELE 4NAF FRONT IP-10;L2;Utilização livre depósito INVT;229,06;1.145,30;;;0,00000000000000;
GA05;5M-02-02C;1;UN;402539;RELE CONTATOR BF4 4NAF 125VDC 10A;L2;Utilização livre depósito INVT;1.750,44;1.750,44;;;0,00000000000000;
GA05;5M-02-02C;2;UN;402858;RELE SUBTENSAO 125VCC 2NAF 10A;L2;Utilização livre depósito INVT;561,90;1.123,80;;;0,00000000000000;
GA05;5M-02-02C;1;UN;402864;RELE AUXILIAR 110-125VCC 1NA+4REVER;L2;Utilização livre depósito INVT;327,92;327,92;;;0,00000000000000;
GA05;5M-02-02C;12;UN;403759;SOBRESSAL DISJUNTOR 145KV RELE AUX 125VC;L2;Utilização livre depósito INVT;1.984,34;23.812,08;;;0,00000000000000;
GA05;5M-02-02C;6;UN;403760;RELE AUXILIAR RF-4XR;L2;Utilização livre depósito INVT;730,33;4.381,98;;;0,00000000000000;
GA05;5M-02-02C;1;UN;403850;RELE MINIMA TENSAO INSTANT 3F 2NA+NF;L2;Utilização livre depósito INVT;1.321,99;1.321,99;;;0,00000000000000;
GA05;5M-02-02C;1;UN;403866;RELE MINIMA 1F 40-250V;L2;Utilização livre depósito INVT;876,87;876,87;;;0,00000000000000;
GA05;5M-02-02D;1;UN;401114;HIGROSTATO CONTROL TEMP P/CUBICULO 15KV;L2;Utilização livre depósito INVT;651,01;651,01;;;0,00000000000000;
GA05;5M-02-02D;1;UN;402281;MINI DISJUNTOR 3P 6A 230/400VCA C;L2;Utilização livre depósito INVT;424,80;424,80;;;0,00000000000000;
GA05;5M-02-02D;2;UN;805466;RESISTOR AQUECIMENTO P/CUBICULO 15KV;F3;Utilização livre depósito CUST;125,06;250,12;;;0,00000000000000;
GA05;5M-02-02E;1;UN;401012;RELE TEMPO P/CUBICULO 15KV;L2;Utilização livre depósito INVT;455,50;455,50;;;0,00000000000000;
GA05;5M-02-02E;2;UN;401583;LAMPADA SINALIZACAO P/CUBICULO 15KV;L2;Utilização livre depósito INVT;37,60;75,20;;;0,00000000000000;
GA05;5M-02-02E;1;UN;402857;RELE INTERFACE MODULAR 220VCA 30,31;L2;Utilização livre depósito INVT;177,21;177,21;;;0,00000000000000;
GA05;5M-02-02E;1;UN;403746;RELE INTERFACE MODULAR 10A 1NAF 220VCA;L2;Utilização livre depósito INVT;1.893,72;1.893,72;;;0,00000000000000;
GA05;5M-02-02E;1;UN;403757;MANGUEIRA RADIADOR AGUA VALVULA TERMO;L2;Utilização livre depósito INVT;79,52;79,52;;;0,00000000000000;
GA05;5M-02-02E;1;UN;403758;RELE DE SUBTENSAO P/CUBICULO 15KV;L2;Utilização livre depósito INVT;417,94;417,94;;;0,00000000000000;
GA05;5M-02-02E;2;UN;403937;TERMOSTATO P/CUBICULOS 15KV;L2;Utilização livre depósito INVT;140,53;281,06;;;0,00000000000000;
GA05;5M-02-03A;6;UN;110261;DISJUNTOR 1F 10A 5SX21107 230/400V;F3;Utilização livre depósito CUST;95,32;571,92;;;0,00000000000000;
GA05;5M-02-03A;13;UN;401054;CONTATO AUXIL S2C-H11L MINIDISJUNTOR ABB;L2;Utilização livre depósito INVT;730,33;9.494,29;;;0,00000000000000;
GA05;5M-02-03A;40;UN;401488;CONTATO AUXILIAR 5A 100KA 240V IP20;L2;Utilização livre depósito INVT;61,58;2.463,20;;;0,00000000000000;
GA05;5M-02-03A;20;UN;402418;CONTATO AUXILIAR DO MINIDISJUNTOR 1NAF;L2;Utilização livre depósito INVT;91,71;1.834,20;;;0,00000000000000;
GA05;5M-02-03A;18;UN;805218;CONTATO AUXILIAR DO MINIDISJUNTOR 1NAF;F3;Utilização livre depósito CUST;91,71;1.650,78;;;0,00000000000000;
GA05;5M-02-03B;5;UN;110383;SINALEIRO LED AM 220V 22MM;F3;Utilização livre depósito CUST;59,64;298,20;;;0,00000000000000;
GA05;5M-02-03B;1;UN;110441;SINALEIRO VM 125VCC 22,5MM;L2;Utilização livre depósito INVT;37,17;37,17;;;0,00000000000000;
GA05;5M-02-03B;4;UN;403065;LEDS SINALIZACAO;L2;Utilização livre depósito INVT;865,61;3.462,44;;;0,00000000000000;
GA05;5M-02-03B;1;UN;403624;SINALEIRO VERDE 125VCC;L2;Utilização livre depósito INVT;26,62;26,62;;;0,00000000000000;
GA05;5M-02-03B;1;UN;403734;MOTOR- TERMOSTATO;L2;Utilização livre depósito INVT;198,79;198,79;;;0,00000000000000;
GA05;5M-02-03B;1;UN;403787;SINALEIRO AM BLOCO LAMP 125VCC 22,5MM;L2;Utilização livre depósito INVT;26,62;26,62;;;0,00000000000000;
GA05;5M-02-03B;3;UN;403810;SINALEIRO AMARELO 125VCC 22,5MM;L2;Utilização livre depósito INVT;1.018,08;3.054,24;;;0,00000000000000;
GA05;5M-02-03B;2;UN;403815;SINALEIRO C/LED 125VCC VD 22MM;L2;Utilização livre depósito INVT;1.508,54;3.017,08;;;0,00000000000000;
GA05;5M-02-03B;1;UN;801144;SINALEIRO VM 125VCC;F3;Utilização livre depósito CUST;26,62;26,62;;;0,00000000000000;
GA05;5M-02-03C;5;UN;110233;SINALEIRO LED VM 12V 22MM;F3;Utilização livre depósito CUST;59,64;298,20;;;0,00000000000000;
GA05;5M-02-03C;5;UN;110239;SINALEIRO LED VD 12V 22MM;F3;Utilização livre depósito CUST;59,64;298,20;;;0,00000000000000;
GA05;5M-02-03C;5;UN;110345;SINALEIRO LED AM 12V 22MM;F3;Utilização livre depósito CUST;59,64;298,20;;;0,00000000000000;
GA05;5M-02-03C;1;UN;401960;TRAFO CRTE 400-5A 0,6C;L2;Utilização livre depósito INVT;3.602,07;3.602,07;;;0,00000000000000;
GA05;5M-02-03C;1;UN;403690;ALTERNADOR REGUL MOTOR DIES GER 380/220V;L2;Utilização livre depósito INVT;993,96;993,96;;;0,00000000000000;
GA05;5M-02-03C;2;UN;403745;SINALEIRO C/LED 125VCC VM 22MM;L2;Utilização livre depósito INVT;1.508,54;3.017,08;;;0,00000000000000;
GA05;5M-02-03C;1;UN;403753;MODULO ACION MOTOR 110-130V P/NSX 630A;L2;Utilização livre depósito INVT;2.407,22;2.407,22;;;0,00000000000000;
GA05;5M-02-03C;1;UN;403932;TRANSDUTOR TENSAO 150V 4-20MA 125VCC;L2;Utilização livre depósito INVT;723,59;723,59;;;0,00000000000000;
GA05;5M-02-03C;1;UN;403941;RESISTOR AQUEC 150W 220VCA;L2;Utilização livre depósito INVT;124,29;124,29;;;0,00000000000000;
GA05;5M-02-03D;1;UN;402661;CHAVE AFERICAO KEY-S 050.;L2;Utilização livre depósito INVT;0,01;0,01;;;0,00000000000000;
GA05;5M-02-03D;1;UN;403748;RESISTOR AQUEC 150W 110/220V;L2;Utilização livre depósito INVT;83,28;83,28;;;0,00000000000000;
GA05;5M-02-03D;1;UN;403922;RESISTENCIA AQUECIMENTO 380/220V;L2;Utilização livre depósito INVT;496,98;496,98;;;0,00000000000000;
GA05;5M-02-03D;14;UN;805467;CHAVE ELETRICA SELETORA ROTATIVA 3P 12A;F3;Utilização livre depósito CUST;51,22;717,08;;;0,00000000000000;
GA05;5M-02-03E;1;UN;400429;BLOCO TESTE P991;L2;Utilização livre depósito INVT;730,33;730,33;;;0,00000000000000;
GA05;5M-02-03E;42;UN;403680;BLOCO AUX 1NA+1NF 5SX9100;L2;Utilização livre depósito INVT;1.042,06;43.766,52;;;0,00000000000000;
GA05;5M-02-03E;16;UN;403762;RESISTENCIA AQUECIMENTO 150W 220V;L2;Utilização livre depósito INVT;301,77;4.828,32;;;0,00000000000000;
GA05;5M-02-03E;6;UN;403835;FILTRO BLINDADO OLEO LUBRIFICANTE;L2;Utilização livre depósito INVT;119,27;715,62;;;0,00000000000000;
GA05;5M-02-03F;7;UN;400391;BLOCO TESTE 14 CONT TENSAO/TENSAO P991;L2;Utilização livre depósito INVT;2.186,06;15.302,42;;;0,00000000000000;
GA05;5M-02-03F;3;UN;400698;BLOCO TESTE P991 89 89 89 22 22 11 11;L2;Utilização livre depósito INVT;730,33;2.190,99;;;0,00000000000000;
GA05;5M-02-03F;2;UN;401458;BLOCO TESTE P991 89 89 89 89 22 22 11;L2;Utilização livre depósito INVT;730,33;1.460,66;;;0,00000000000000;
GA05;5M-02-04A;13;UN;400926;MINI DISJUNTOR TERM 2P 16A 220/600VCA;L2;Utilização livre depósito INVT;68,75;893,75;;;0,00000000000000;
GA05;5M-02-04A;1;UN;401112;MINI DISJUNTOR 2P 25A 125VCC/8KA;L2;Utilização livre depósito INVT;372,40;372,40;;;0,00000000000000;
GA05;5M-02-04A;1;UN;401225;MINIDISJUNTOR TERMOMAG P/SECC 145KV S/LT;L2;Utilização livre depósito INVT;3.510,48;3.510,48;;;0,00000000000000;
GA05;5M-02-04A;1;UN;401534;MINI DISJUNTOR 1P 32A 230/127VCA C;L2;Utilização livre depósito INVT;744,26;744,26;;;0,00000000000000;
GA05;5M-02-04A;1;UN;402379;MINI DISJUNTOR 2P 20A 125VCC/8KA;L2;Utilização livre depósito INVT;372,40;372,40;;;0,00000000000000;
GA05;5M-02-04B;2;UN;110086;DISJUNTOR 1P 10A 230/400VCA CURVA C;F3;Utilização livre depósito CUST;28,92;57,84;;;0,00000000000000;
GA05;5M-02-04B;6;UN;110258;DISJUNTOR 2P 10A 400VCA CURVA C;L2;Utilização livre depósito INVT;48,71;292,26;;;0,00000000000000;
GA05;5M-02-04B;3;UN;110494;DISJUNTOR 1P 16A 230/400VCA CURVA C;F3;Utilização livre depósito CUST;30,16;90,48;;;0,00000000000000;
GA05;5M-02-04B;2;UN;400939;MINI DISJUNTOR 2P 10A 380/220VCA 12KA;L2;Utilização livre depósito INVT;138,44;276,88;;;0,00000000000000;
GA05;5M-02-04B;1;UN;401109;MINI DISJUNTOR 2P 6A 125VCC/8KA;L2;Utilização livre depósito INVT;372,40;372,40;;;0,00000000000000;
GA05;5M-02-04B;2;UN;401207;MINIDISJUNTOR TERMOMAG P/DISJ 145KV;L2;Utilização livre depósito INVT;10.750,88;21.501,76;;;0,00000000000000;
GA05;5M-02-04B;1;UN;401348;MINI DISJUNTOR 1P 10A 230/127VCA C;L2;Utilização livre depósito INVT;744,26;744,26;;;0,00000000000000;
GA05;5M-02-04B;1;UN;401565;MINI DISJUNTOR 2P 10A 125VCC/8KA;L2;Utilização livre depósito INVT;372,40;372,40;;;0,00000000000000;
GA05;5M-02-04B;1;UN;401567;MINI DISJUNTOR 3P 25A 230/400VCA C;L2;Utilização livre depósito INVT;744,26;744,26;;;0,00000000000000;
GA05;5M-02-04B;1;UN;402430;MINI DISJUNTOR 3P 50A 230/400VCA C;L2;Utilização livre depósito INVT;744,26;744,26;;;0,00000000000000;
GA05;5M-02-04B;2;PEÇ;407046;CONTACTOR AUXILIAR 2NA/2NF 220V;L2;Utilização livre depósito INVT;9.589,68;19.179,36;;;0,00000000000000;
GA05;5M-02-04C;1;UN;401367;TERMOSTATO CON TEMP P/GRUPO MOT DIES GER;L2;Utilização livre depósito INVT;795,17;795,17;;;0,00000000000000;
GA05;5M-02-04C;2;UN;402130;HIGROSTATO - SOBRESSALENTE;L2;Utilização livre depósito INVT;135,04;270,08;;;0,00000000000000;
GA05;5M-02-04C;22;UN;402889;TERMOSTATO COMPACTO TIPO KTO 011;L2;Utilização livre depósito INVT;36,02;792,44;;;0,00000000000000;
GA05;5M-02-04C;1;UN;403920;TERMOSTATO 0-60G 230VAC;L2;Utilização livre depósito INVT;110,87;110,87;;;0,00000000000000;
GA05;5M-02-04C;6;UN;403936;TERMOSTATO P/ DISJ DO QSACA/CC 250VCA;L2;Utilização livre depósito INVT;361,95;2.171,70;;;0,00000000000000;
GA05;5M-02-04C;1;UN;403969;TERMOSTATO PARA CALEFATOR 0-60GC 1NF;L2;Utilização livre depósito INVT;191,83;191,83;;;0,00000000000000;
GA05;5M-02-04D;1;UN;401720;PENTE TESTE PARA BLOCO TESTE 6422120G4;L2;Utilização livre depósito INVT;2.219,81;2.219,81;;;0,00000000000000;
GA05;5M-02-04D;4;UN;402544;RELE AUXILIAR 125VCC 20A RK223067AP ABB;L2;Utilização livre depósito INVT;2.307,61;9.230,44;;;0,00000000000000;
GA05;5M-02-04D;9;UN;403953;RELE RAP 14.9.125.0000NDIG 125VDC FINDER;L2;Utilização livre depósito INVT;64,36;579,24;;;0,00000000000000;
GA05;5M-02-04D;1;UN;404577;PENTE DE TESTES P/ PAINEIS E SPCS;L2;Utilização livre depósito INVT;2.835,23;2.835,23;;;0,00000000000000;
GA05;5M-02-04E;13;UN;401745;MINI DISJUNTOR TERM 2P 16A 125/600VCA;L2;Utilização livre depósito INVT;63,00;819,00;;;0,00000000000000;
GA05;5M-02-04E;21;UN;402008;MINI DISJUNTOR TERM 1P 16A 220/600VCA;L2;Utilização livre depósito INVT;22,70;476,70;;;0,00000000000000;
GA05;5M-02-04E;11;UN;402270;MINI DISJUNTOR TERMOM 3P 10A 380V 15KA;L2;Utilização livre depósito INVT;96,05;1.056,55;;;0,00000000000000;
GA05;5M-02-04F;2;UN;110476;CONVERSOR ELETRO OPT RT412 REASON;F3;Utilização livre depósito CUST;1.992,38;3.984,76;;;0,00000000000000;
GA05;5M-02-04F;1;UN;400403;BLOCO TESTE 10P COR 2P RK926315;L2;Utilização livre depósito INVT;1.933,47;1.933,47;;;0,00000000000000;
GA05;5M-02-04F;9;UN;401222;MINIDISJUNTOR TERMOMAG P/QD SERV AUX CA;L2;Utilização livre depósito INVT;1.225,50;11.029,50;;;0,00000000000000;
GA05;5M-02-04F;1;UN;403664;CABO OPTICO 62,5/125 MICRONS MULTIMODO;L2;Utilização livre depósito INVT;73,03;73,03;;;0,00000000000000;
GA05;5M-02-05A;1;UN;401862;MOTOR DISJUNTOR P/GRUPO MOTOR DIES GER;L2;Utilização livre depósito INVT;1.987,92;1.987,92;;;0,00000000000000;
GA05;5M-02-05B;2;UN;110140;DISJUNTOR MOT MPW253DO25 1,62, 5A;F3;Utilização livre depósito CUST;0,94;1,88;;;0,00000000000000;
GA05;5M-02-05B;2;UN;401924;MINI DISJUNTOR 2P 6A;L2;Utilização livre depósito INVT;77,70;155,40;;;0,00000000000000;
GA05;5M-02-05B;2;UN;402270;MINI DISJUNTOR TERMOM 3P 10A 380V 15KA;L2;Utilização livre depósito INVT;96,05;192,10;;;0,00000000000000;
GA05;5M-02-05B;2;UN;403132;MINIDISJUNTOR 1P 10A;L2;Utilização livre depósito INVT;44,40;88,80;;;0,00000000000000;
GA05;5M-02-05B;2;UN;406423;DISJUNTOR MONOPOLAR 16A C;L2;Utilização livre depósito INVT;34,24;68,48;;;0,00000000000000;
GA05;5M-02-05B;2;UN;409007;BLOCO CONTATO AZ ACBS-11;L2;Utilização livre depósito INVT;31,08;62,16;;;0,00000000000000;
GA05;5M-02-05B;2;UN;409008;BLOCO CONTATO MDWH BC1-1;L2;Utilização livre depósito INVT;44,40;88,80;;;0,00000000000000;
GA05;5M-02-05B;1;UN;409013;DISJUNTOR MOTOR P/ TRAFO DE FORÇA;L2;Utilização livre depósito INVT;166,50;166,50;;;0,00000000000000;
GA05;5M-02-05B;2;UN;409016;MINICONTADOR AZ 10A;L2;Utilização livre depósito INVT;77,70;155,40;;;0,00000000000000;
GA05;5M-02-05B;2;UN;409017;RELE SUB/SOBRETENSAO 15-500VCA/CC;L2;Utilização livre depósito INVT;888,00;1.776,00;;;0,00000000000000;
GA05;5M-02-05B;1;UN;409018;RELE SUB/SOBRETENSAO 304-576VCA;L2;Utilização livre depósito INVT;832,50;832,50;;;0,00000000000000;
GA05;5M-02-05C;1;UN;403692;BORNE SEPARACAO 630V 16A;L2;Utilização livre depósito INVT;11,17;11,17;;;0,00000000000000;
GA05;5M-02-05C;2;UN;409015;MINICONTADOR AZ 9A;L2;Utilização livre depósito INVT;77,70;155,40;;;0,00000000000000;
GA05;5M-02-05C;6;UN;409019;RESISTOR POT 100W 6,45 KOHM;L2;Utilização livre depósito INVT;832,50;4.995,00;;;0,00000000000000;
GA05;5M-02-05C;1;UN;805468;MOTORIZACAO DISJUNTOR 110/125VCC;F3;Utilização livre depósito CUST;1.186,89;1.186,89;;;0,00000000000000;
GA05;5M-02-05E;2;UN;402574;RELE AUXILIAR 125VCC 4NA RK216063AP/ABB;L2;Utilização livre depósito INVT;1.842,39;3.684,78;;;0,00000000000000;
GA05;5M-02-06A;2;UN;403631;SOBRESSALENTE DISJ 145KV RESIS AQUEC;L2;Utilização livre depósito INVT;609,89;1.219,78;;;0,00000000000000;
GA05;5M-02-06A;1;UN;403632;SOBRESSALENTE DISJ 145KV RESISTOR AQUEC;L2;Utilização livre depósito INVT;302,23;302,23;;;0,00000000000000;
GA05;5M-02-06A;2;UN;403776;SOBRESSAL DISJUNTOR 145KV TERMOSTATO;L2;Utilização livre depósito INVT;434,62;869,24;;;0,00000000000000;
GA05;5M-02-06A;3;UN;403805;SOBRESSALENTE CUBIC 15KV RELE AUX;L2;Utilização livre depósito INVT;289,57;868,71;;;0,00000000000000;
GA05;5M-02-06A;3;UN;805464;SOBRESSALENTE CUBIC 15KV BOB ABERT DISJ;F3;Utilização livre depósito CUST;443,01;1.329,03;;;0,00000000000000;
GA05;5M-02-06B;3;UN;403766;SOBRESSALENTE CUBIC 15KV PARA-R ZNO 12KV;L2;Utilização livre depósito INVT;1.845,83;5.537,49;;;0,00000000000000;
GA05;5M-02-06B;12;UN;403798;SOBRESSALENTE 15KV SINALEIRO VERMELHO;L2;Utilização livre depósito INVT;34,06;408,72;;;0,00000000000000;
GA05;5M-02-06B;3;UN;403799;SOBRESSALENTE DISJ 145KV DENSIMETRO;L2;Utilização livre depósito INVT;2.231,74;6.695,22;;;0,00000000000000;
GA05;5M-02-06C;1;UN;403608;SOBRESSALENTE DISJ 145KV TERMOSTATO;L2;Utilização livre depósito INVT;589,55;589,55;;;0,00000000000000;
GA05;5M-02-06C;8;UN;403619;SOBRESSALENTE MINIDISJ BIPOLAR S202-C10;L2;Utilização livre depósito INVT;931,88;7.455,04;;;0,00000000000000;
GA05;5M-02-06C;1;UN;403764;SOBRESSALENTE DISJ MINIDISJ MONOP;L2;Utilização livre depósito INVT;572,84;572,84;;;0,00000000000000;
GA05;5M-02-06C;3;UN;403806;SOBRESSALENTE DISJ MINIDISJ BIPOLAR;L2;Utilização livre depósito INVT;991,77;2.975,31;;;0,00000000000000;
GA05;5M-02-06C;4;UN;403811;SOBRESSALENTE MINIDISJ MONOP S201-K4;L2;Utilização livre depósito INVT;1.084,81;4.339,24;;;0,00000000000000;
GA05;5M-02-06C;1;UN;403898;SOBRESSALENTE DISJ 145KV KIT SF6;L2;Utilização livre depósito INVT;3.458,01;3.458,01;;;0,00000000000000;
GA05;5M-02-06C;3;UN;403930;SOBRESSALENTE CUBIC 15KV BOBINA FECHAM;L2;Utilização livre depósito INVT;661,59;1.984,77;;;0,00000000000000;
GA05;5M-02-06C;2;UN;403949;SOBRESSALENTE DISJ 145KV BOBINA FECHAM;L2;Utilização livre depósito INVT;1.598,27;3.196,54;;;0,00000000000000;
GA05;5M-02-06C;1;UN;403986;SOBRESSAL DISJUNTOR 145KV BOBINA FECHAM;L2;Utilização livre depósito INVT;1.229,45;1.229,45;;;0,00000000000000;
GA05;5M-02-06D;64;UN;405424;CARGA SILICA-GEL;L2;Utilização livre depósito INVT;88,80;5.683,20;;;0,00000000000000;
GA05;PATIO INTERNO;5;UN;400045;TRAFO CRTE 15KV 1200-1600A 10B400;L2;Utilização livre depósito INVT;14.997,20;74.986,00;;;0,00000000000000;
GA05;PATIO INTERNO;1;UN;400083;TRAFO CRTE 15KV 600/1200-5-5A 110KV;L2;Utilização livre depósito INVT;8.000,00;8.000,00;;;0,00000000000000;
GA05;PATIO INTERNO;19;UN;400258;TRAFO CRTE 72,5KV 2000-5A 2X0,3C50;L2;Utilização livre depósito INVT;12.553,07;238.508,33;;;0,00000000000000;
GA05;PATIO INTERNO;1;UN;401281;TRAFO CRTE 15KV 40-60A;L2;Utilização livre depósito INVT;14.997,20;14.997,20;;;0,00000000000000;
GA05;PATIO INTERNO;3;UN;401373;TRAFO CRTE 0,6KV 1200-5A;L2;Utilização livre depósito INVT;10.000,00;30.000,00;;;0,00000000000000;
GA05;PATIO INTERNO;1;UN;401688;TRAFO POT 115/RZ3-115V;L2;Utilização livre depósito INVT;20.309,70;20.309,70;;;0,00000000000000;
GA05;PATIO INTERNO;3;UN;401898;DISJUNTOR 3P 72,5KV, 2000A, 31,5KA, GAS;L2;Utilização livre depósito INVT;45.998,77;137.996,31;;;0,00000000000000;
GA05;PATIO INTERNO;3;UN;402018;CHAVE SEC 3P 15KV 600A 25KA;L2;Utilização livre depósito INVT;20.399,02;61.197,06;;;0,00000000000000;
GA05;PATIO INTERNO;1;UN;402465;TRAFO DE POTENCIAL 0,6KV;L2;Utilização livre depósito INVT;1.935,00;1.935,00;;;0,00000000000000;
GA05;PATIO INTERNO;100;UN;402560;ISOLADOR DISCO ANTICORONA 80KV 12000KG;L2;Utilização livre depósito INVT;101,29;10.129,00;;;0,00000000000000;
GA05;PATIO INTERNO;13;UN;402581;"TRAFO POT IND 72,5 KV 600:1; 69/√3/115";L2;Utilização livre depósito INVT;7.784,15;101.193,95;;;0,00000000000000;
GA05;PATIO INTERNO;27;UN;405261;CAPACITOR 1F 350KVAR 8,66KV MANUAL;L2;Utilização livre depósito INVT;5.143,46;138.873,42;;;0,00000000000000;
GA05;PATIO INTERNO;1;UN;409009;BUCHA CONDENSIVA 650 KV 1.600A POLIMER;L2;Utilização livre depósito INVT;50.172,00;50.172,00;;;0,00000000000000;
GA05;SALA  FRIA;1;UN;400175;PAINEL QUADRO PROT CONT- QPC-4LT2;L2;Utilização livre depósito INVT;76.441,11;76.441,11;;;0,00000000000000;
GA05;SALA  FRIA;1;UN;400868;PAINEL QUADRO PROT CONT- QPC1-4TR1;L2;Utilização livre depósito INVT;76.411,11;76.411,11;;;0,00000000000000;
GA05;SALA  FRIA;1;UN;401204;PAINEL QUADRO PROT CONT- QPC-4LT5;L2;Utilização livre depósito INVT;76.441,11;76.441,11;;;0,00000000000000;
GA05;SALA  FRIA;1;UN;401766;PAINEL QUADRO PROT CONT- QPC-4LT3;L2;Utilização livre depósito INVT;76.441,11;76.441,11;;;0,00000000000000;
GA05;SALA  FRIA;1;UN;402349;PAINEL QUADRO PROT CONT- QPC-4LT1;L2;Utilização livre depósito INVT;76.441,11;76.441,11;;;0,00000000000000;
GA05;SALA  FRIA;1;UN;402523;PAINEL COMPOSTO 2 7SJ6475-5EB92-1FE4+L0S;L2;Utilização livre depósito INVT;56.914,24;56.914,24;;;0,00000000000000;
GA05;SALA  FRIA;1;UN;402838;PAINEL COMPOSTO 1 7SJ6475-5EB92-1FE4+L0S;L2;Utilização livre depósito INVT;61.648,10;61.648,10;;;0,00000000000000;
GA06;LONADO;1;UN;110147;ESCADA FBV EXT 6,10X10,80M 35DEG 26KG;F3;Utilização livre depósito CUST;1.406,48;1.406,48;;;0,00000000000000;
GA06;LONADO;27;UN;110195;ESCADA FBV EXT 5,10X9,00M 29DEG 30KG;F3;Utilização livre depósito CUST;1.125,11;30.377,97;;;0,00000000000000;
GA06;LONADO;1;UN;400304;CUBICULO 15KV SERV AUX TSA1/TSA2 400A EX;L2;Utilização livre depósito INVT;54.365,00;54.365,00;RCAVALCANTE;05/08/2024;1;UN
GA06;LONADO;64;UN;400427;CAPACITOR 1F 350KVAR 8,66KV AUTOM;L2;Utilização livre depósito INVT;4.016,33;257.045,12;;;0,00000000000000;
GA06;LONADO;2;UN;401076;CUBICULO EXT 15KV 110KV 20kA 700A 1600A;L2;Utilização livre depósito INVT;298.550,99;597.101,98;;;0,00000000000000;
GA06;LONADO;6;UN;401304;PARA-RAIO POLIM EST ZNO 120KV 10KA;L2;Utilização livre depósito INVT;12.846,96;77.081,76;;;0,00000000000000;
GA06;LONADO;1;CJ;402623;CONJUNTO CUBICULOS 15KV;L2;Utilização livre depósito INVT;881.158,03;881.158,03;;;0,00000000000000;
GA06;LONADO;1;UN;403103;BUCHA CONDENSIVA POLIMERICA 138KV 1250A;L2;Utilização livre depósito INVT;234.188,21;234.188,21;;;0,00000000000000;
GA06;LONADO;7;UN;403797;BANCO DE CAPACITOR 3F 15KV 3,6MVAR FIXO;L2;Utilização livre depósito INVT;160.365,16;1.122.556,12;;;0,00000000000000;
GA06;LONADO;10;UN;405258;SOBRESS. PORTA-FUSIVEL C/ ELO DO BANCO;L2;Utilização livre depósito INVT;244,68;2.446,80;;;0,00000000000000;
GA06;LONADO;8;UN;405261;CAPACITOR 1F 350KVAR 8,66KV MANUAL;L2;Utilização livre depósito INVT;5.143,46;41.147,68;;;0,00000000000000;
GA06;LONADO;9;UN;409797;REATOR P/ BANCO CAP. 15KV 4,2MVAR 400A;L2;Utilização livre depósito INVT;3.669,91;33.029,19;;;0,00000000000000;
GA06;LONADO;2;UN;409798;CAIXA DE COMANDO ELN MOD 4,2 MVAR;L2;Utilização livre depósito INVT;5.715,40;11.430,80;;;0,00000000000000;
GA06;LONADO;1;UN;409799;MAT P/MONT BANCO CAPACITOR 15KV 4,2MVAR;L2;Utilização livre depósito INVT;38.849,29;38.849,29;;;0,00000000000000;
GA06;LONADO;8;UN;804736;ESCADAS SINGELA ATE 4,0M, 12 DEGRAUS;F3;Utilização livre depósito CUST;469,32;3.754,56;;;0,00000000000000;
PA01;PATIO01;1;UN;400256;TRAFO DE FORCA 26,6MVA 3F 72,5-15KV;L2;Utilização livre depósito INVT;956.959,00;956.959,00;;;0,00000000000000;
PA01;PATIO01;1;UN;400282;TRAFO DE FORCA 15MVA 3F 69-13,8KV;L2;Utilização livre depósito INVT;180.566,58;180.566,58;;;0,00000000000000;
PA01;PATIO01;5.867;KG;400434;CABO ELET NU CA AL 2AWG 33,54MM2 IRIS;L2;Utilização livre depósito INVT;28,20;165.449,40;;;0,00000000000000;
PA01;PATIO01;1.291;M;400459;CABO ELETR 15KV AL PROT XLPE 35MM2 1F MT;L2;Utilização livre depósito INVT;5,03;6.493,73;;;0,00000000000000;
PA01;PATIO01;12.966;KG;400460;CABO ELET NU CA AL 2/0AWG 67,40MM2 ASTER;L2;Utilização livre depósito INVT;27,19;352.545,54;;;0,00000000000000;
PA01;PATIO01;12.063;M;400474;CABO  MULT 3X70+1X70 MM² XLPE 0,6/1 KV;L2;Utilização livre depósito INVT;27,83;335.713,29;;;0,00000000000000;
PA01;PATIO01;9.240;M;400487;CABO  MULT 3X120+1X120MM² XLPE 0,6/1 KV;L2;Utilização livre depósito INVT;54,78;506.167,20;;;0,00000000000000;
PA01;PATIO01;5.206,500;KG;400603;CABO NU CA AL 4/0 AWG 7X4,417MM OXLIP;L2;Utilização livre depósito INVT;28,32;147.448,08;;;0,00000000000000;
PA01;PATIO01;550;M;400708;CABO ELETR 15KV AL PROT XLPE 50MM2 1F MT;L2;Utilização livre depósito INVT;6,34;3.487,00;;;0,00000000000000;
PA01;PATIO01;4.921;M;400730;CABO ELET 15KV AL PROT XLPE 185MM2 1F MT;L2;Utilização livre depósito INVT;19,12;94.089,52;;;0,00000000000000;
PA01;PATIO01;3.197;M;400821;CABO ELET 15KV AL PROT XLPE 120MM2 1F MT;L2;Utilização livre depósito INVT;13,78;44.054,66;;;0,00000000000000;
PA01;PATIO01;1.890;UN;400908;MAO FRANCESA BECO AC 1970MM 45X45X45MM;L2;Utilização livre depósito INVT;88,98;168.172,20;;;0,00000000000000;
PA01;PATIO01;1.341;M;401556;CABO ELET SUBAQ EPR 3F 3X50MM2 8,7/15KV;L2;Utilização livre depósito INVT;678,40;909.734,40;;;0,00000000000000;
PA01;PATIO01;197.118;M;401791;CABO AL CONCENTRICO 1F 1X10+10MM2;L2;Utilização livre depósito INVT;4,44;875.203,92;;;0,00000000000000;
PA01;PATIO01;4;UN;402044;TRAFO DE FORCA 40MVA 3F 145-15KV;L2;Utilização livre depósito INVT;1.567.870,00;6.271.480,00;;;0,00000000000000;
PA01;PATIO01;7.527;KG;402397;CABO ELET NU CA 1/0AWG 53,5 MM2 POPPY;L2;Utilização livre depósito INVT;28,73;216.250,71;;;0,00000000000000;
PA01;PATIO01;1;UN;404162;"CONJ MEDICAO 15KV; 70:1; 20-5A; USO EXT";L2;Utilização livre depósito INVT;35.108,55;35.108,55;;;0,00000000000000;
PA01;PATIO01;1;UN;404170;"CONJ MEDICAO 15KV; 70:1; 200-5A; USO EXT";L2;Utilização livre depósito INVT;35.108,55;35.108,55;;;0,00000000000000;
PA01;PATIO01;13;UN;404972;BRACO TIPO J;L2;Utilização livre depósito INVT;486,44;6.323,72;;;0,00000000000000;
PA01;PATIO01;1;UN;406694;TRAFO DE FORCA 40MVA 3F 69-13,8KV;L2;Utilização livre depósito INVT;250.000,00;250.000,00;;;0,00000000000000;
PA01;PATIO01;870;M;407336;CABO ELETR 15KV AL PROT XLPE 70MM2 1F MT;L2;Utilização livre depósito INVT;8,15;7.090,50;;;0,00000000000000;
PA01;PATIO01;1;UN;409688;TRAFO SERV AUX 112,5KVA 13,8KV 380/220V;L2;Utilização livre depósito INVT;23.289,09;23.289,09;;;0,00000000000000;
PA01;PATIO01;955,500;M;409696;CABO MULT 3X120+1X95MM² XLPE 0,6/1 KV;L2;Utilização livre depósito INVT;49,49;47.287,70;;;0,00000000000000;
PA01;PATIO01;2;UN;409737;"CONJ MEDICAO 15KV; 70:1; 400-5A; USO EXT";L2;Utilização livre depósito INVT;37.295,64;74.591,28;;;0,00000000000000;
PA01;PATIO01;1.867;KG;800682;CABO NU CA AL 4/0 AWG 7X4,417MM OXLIP;F3;Utilização livre depósito CUST;28,40;53.022,80;;;0,00000000000000;
PA01;PATIO01;383;M;800981;CABO ELETR 15KV AL PROT XLPE 35MM2 1F MT;F3;Utilização livre depósito CUST;4,88;1.869,04;;;0,00000000000000;
PA01;PATIO01;100;M;801185;CABO  MULT 2X10+1X10 MM² XLPE 0,6/1 KV;F3;Utilização livre depósito CUST;3,11;311,00;;;0,00000000000000;
PA01;PATIO01 CUSTEIO;1.225;M;800058;CABO  MULT 3X120+1X70MM² XLPE 0,6/1 KV;F3;Utilização livre depósito CUST;45,99;56.337,75;;;0,00000000000000;
PA01;PATIO01 CUSTEIO;53;KG;800163;CABO ELET NU CA AL 2/0AWG 67,40MM2;F3;Utilização livre depósito CUST;27,74;1.470,22;;;0,00000000000000;
PA01;PATIO01 CUSTEIO;356;M;800676;CABO  MULT 3X95+1X70MM² XLPE 0,6/1 KV;F3;Utilização livre depósito CUST;33,21;11.822,76;;;0,00000000000000;
PA01;PATIO01 CUSTEIO;37;KG;800682;CABO NU CA AL 4/0 AWG 7X4,417MM OXLIP;F3;Utilização livre depósito CUST;28,40;1.050,80;;;0,00000000000000;
PA01;PATIO01 CUSTEIO;31;M;800762;CABO  MULT 3X70+1X70 MM² XLPE 0,6/1 KV;F3;Utilização livre depósito CUST;26,01;806,31;;;0,00000000000000;
PA01;PATIO01 CUSTEIO;644;M;800810;CABO ELET 15KV AL PROT XLPE 120MM2 1F MT;F3;Utilização livre depósito CUST;12,42;7.998,48;;;0,00000000000000;
PA01;PATIO01 CUSTEIO;3.311;KG;801079;CABO ELET NU CA 1/0AWG 53,5 MM2 POPPY;F3;Utilização livre depósito CUST;28,93;95.787,23;;;0,00000000000000;
PA01;PATIO01 CUSTEIO;1.600;M;801189;CABO  MULT 3X25+1X25 MM² XLPE 0,6/1 KV;F3;Utilização livre depósito CUST;8,52;13.632,00;;;0,00000000000000;
PA01;PATIO01 CUSTEIO;1.830;M;802238;CABO  MULT 3X120+1X120MM² XLPE 0,6/1 KV;F3;Utilização livre depósito CUST;52,23;95.580,90;;;0,00000000000000;
PA01;PATIO01 CUSTEIO;2.360;M;805324;CABO MULT 3X120+1X95MM² XLPE 0,6/1 KV;F3;Utilização livre depósito CUST;46,94;110.778,40;;;0,00000000000000;
PA02;P2-01-01A;187;UN;800371;CINTA POSTE CIRC ACO 150MM;F3;Utilização livre depósito CUST;13,72;2.565,64;;;0,00000000000000;
PA02;P2-01-01A;10;UN;800435;CINTA POSTE CIRC ACO 180MM;F3;Utilização livre depósito CUST;14,82;148,20;;;0,00000000000000;
PA02;P2-01-01A;210;UN;800861;CINTA POSTE CIRC ACO 170MM;F3;Utilização livre depósito CUST;7,51;1.577,10;;;0,00000000000000;
PA02;P2-01-01A;10;UN;801049;CINTA POSTE CIRC ACO 125MM;F3;Utilização livre depósito CUST;32,13;321,30;;;0,00000000000000;
PA02;P2-01-01A;131;UN;801237;CINTA POSTE CIRC ACO 140MM;F3;Utilização livre depósito CUST;24,06;3.151,86;;;0,00000000000000;
PA02;P2-01-01A;188;UN;801304;CINTA POSTE CIRC ACO 160MM;F3;Utilização livre depósito CUST;16,23;3.051,24;;;0,00000000000000;
PA02;P2-01-02A;125;UN;800266;CINTA POSTE CIRC ACO 230MM;F3;Utilização livre depósito CUST;15,80;1.975,00;;;0,00000000000000;
PA02;P2-01-02A;119;UN;801346;CINTA POSTE CIRC ACO 220MM;F3;Utilização livre depósito CUST;16,24;1.932,56;;;0,00000000000000;
PA02;P2-01-02A;99;UN;803339;CINTA POSTE CIRC ACO 210MM;F3;Utilização livre depósito CUST;37,51;3.713,49;;;0,00000000000000;
PA02;P2-01-03A;82;UN;800263;CINTA POSTE CIRC ACO 320MM;F3;Utilização livre depósito CUST;26,24;2.151,68;;;0,00000000000000;
PA02;P2-01-03A;148;UN;800372;CINTA POSTE CIRC ACO 280MM;F3;Utilização livre depósito CUST;9,02;1.334,96;;;0,00000000000000;
PA02;P2-01-03A;475;UN;801077;CINTA POSTE CIRC ACO 270MM;F3;Utilização livre depósito CUST;11,75;5.581,25;;;0,00000000000000;
PA02;P2-01-03A;135;UN;801202;CINTA POSTE ACO 290MM;F3;Utilização livre depósito CUST;37,70;5.089,50;;;0,00000000000000;
PA02;P2-01-03A;203;UN;801210;CINTA POSTE CIRC ACO 300MM;F3;Utilização livre depósito CUST;29,67;6.023,01;;;0,00000000000000;
PA02;P2-01-04A;10;UN;800260;CINTA POSTE CIRC ACO 340MM;F3;Utilização livre depósito CUST;16,85;168,50;;;0,00000000000000;
PA02;P2-01-04A;70;UN;800760;SUPORTE TRANSF POSTE DUP T AC 210X115MM;F3;Utilização livre depósito CUST;129,59;9.071,30;;;0,00000000000000;
PA02;P2-01-04A;5;UN;801386;SUPORTE TRANSF POSTE DUP T AC 210X125MM;F3;Utilização livre depósito CUST;149,09;745,45;;;0,00000000000000;
PA02;P2-01-04A;28;UN;801398;SUPORTE TRANSF POSTE DUP T AC 230X125MM;F3;Utilização livre depósito CUST;161,67;4.526,76;;;0,00000000000000;
PA02;P2-01-05A;84;UN;800671;SUPORTE TRANSF POSTE CIRC AC 220MM;F3;Utilização livre depósito CUST;49,34;4.144,56;;;0,00000000000000;
PA02;P2-01-05A;36;UN;800712;SUPORTE TRANSF POSTE CIRC AC 200MM;F3;Utilização livre depósito CUST;96,33;3.467,88;;;0,00000000000000;
PA02;P2-01-05A;19;UN;801267;SUPORTE TRANSF POSTE CIRC AC 240MM;F3;Utilização livre depósito CUST;43,93;834,67;;;0,00000000000000;
PA02;P2-01-05A;10;UN;803158;SUPORTE TRANSF POSTE CIRC AC 230MM;F3;Utilização livre depósito CUST;66,28;662,80;;;0,00000000000000;
PA02;P2-01-06A;72;UN;800013;SUPORTE TRANSF POSTE CIRC AC 270MM;F3;Utilização livre depósito CUST;109,73;7.900,56;;;0,00000000000000;
PA02;P2-01-06A;42;UN;800727;SUPORTE TRANSF POSTE CIRC AC 280MM;F3;Utilização livre depósito CUST;42,34;1.778,28;;;0,00000000000000;
PA02;P2-01-06A;9;UN;800928;SUPORTE TRANSF POSTE CIRC AC 255MM;F3;Utilização livre depósito CUST;33,85;304,65;;;0,00000000000000;
PA02;P2-01-06A;114;UN;805184;SUPORTE TRANSF POSTE CIRC AC 250MM;F3;Utilização livre depósito CUST;75,67;8.626,38;;;0,00000000000000;
PA02;P2-01-07A;6;UN;800006;SUPORTE TRANSF POSTE CIRC AC 290MM;F3;Utilização livre depósito CUST;187,03;1.122,18;;;0,00000000000000;
PA02;P2-01-08A;9;UN;403676;AFASTADOR 500X900MM;L2;Utilização livre depósito INVT;159,03;1.431,27;;;0,00000000000000;
PA02;P2-01-08A;116;UN;800473;BRACO L A1010/1020 3/8P16P;F3;Utilização livre depósito CUST;65,05;7.545,80;;;0,00000000000000;
PA02;P2-01-08A;55;UN;800522;MAO FRANCESA BECO AC 1970MM 45X45X45MM;F3;Utilização livre depósito CUST;108,35;5.959,25;;;0,00000000000000;
PA02;P2-01-09A;10;UN;800991;MAO FRANCESA BECO AC 2135MM 35MMX5MM;F3;Utilização livre depósito CUST;163,54;1.635,40;;;0,00000000000000;
PA02;P2-01-09A;15;UN;803100;SUPORTE AFAST HORIZ C/PRENSA REDE 15KV;F3;Utilização livre depósito CUST;342,79;5.141,85;;;0,00000000000000;
PA02;P2-01-10A;320;UN;401017;SUPORTE Z AC REDE COMPACTA 400 DAN;L2;Utilização livre depósito INVT;16,75;5.360,00;;;0,00000000000000;
PA02;P2-01-10A;29;UN;402875;SUPORTE TIPO T PARA CHAVE/PARA-RAIO;L2;Utilização livre depósito INVT;94,38;2.737,02;;;0,00000000000000;
PA02;P2-01-10A;31;UN;802303;BRAÇO SUPORTE TIPO L HORIZONTAL  15 KV;F3;Utilização livre depósito CUST;110,67;3.430,77;;;0,00000000000000;
PA02;P2-01-11A;40;UN;401783;ARMACAO SEC PRESB 2EST 4,5MM ACO;L2;Utilização livre depósito INVT;12,13;485,20;;;0,00000000000000;
PA02;P2-01-11A;3;UN;403931;BRAÇO SUPORTE TIPO L HORIZONTAL  15 KV;L2;Utilização livre depósito INVT;104,30;312,90;;;0,00000000000000;
PA02;P2-01-11A;15;UN;800192;AFASTADOR REDE SEC AC 700MM 500MM;F3;Utilização livre depósito CUST;165,02;2.475,30;;;0,00000000000000;
PA02;P2-01-11A;96;UN;801161;SUPORTE Z AC REDE COMPACTA 400 DAN;F3;Utilização livre depósito CUST;16,75;1.608,00;;;0,00000000000000;
PA02;P2-02-01A;975;UN;400492;CINTA POSTE CIRC ACO 170MM;L2;Utilização livre depósito INVT;7,94;7.741,50;;;0,00000000000000;
PA02;P2-02-01A;181;UN;401403;CINTA POSTE CIRC ACO 160MM;L2;Utilização livre depósito INVT;10,02;1.813,62;;;0,00000000000000;
PA02;P2-02-01A;164;UN;401559;CINTA POSTE CIRC ACO 140MM;L2;Utilização livre depósito INVT;24,03;3.940,92;;;0,00000000000000;
PA02;P2-02-01A;94;UN;401576;CINTA POSTE CIRC ACO 220MM;L2;Utilização livre depósito INVT;23,23;2.183,62;;;0,00000000000000;
PA02;P2-02-01A;213;UN;402065;CINTA POSTE CIRC ACO 180MM;L2;Utilização livre depósito INVT;15,75;3.354,75;;;0,00000000000000;
PA02;P2-02-01A;39;UN;402332;CINTA POSTE CIRC ACO 150MM;L2;Utilização livre depósito INVT;10,60;413,40;;;0,00000000000000;
PA02;P2-02-01A;472;UN;402955;CINTA POSTE CIRC ACO 210MM;L2;Utilização livre depósito INVT;32,34;15.264,48;;;0,00000000000000;
PA02;P2-02-02A;80;UN;400344;CINTA POSTE ACO 290MM;L2;Utilização livre depósito INVT;37,67;3.013,60;;;0,00000000000000;
PA02;P2-02-02A;27;UN;400446;CINTA POSTE CIRC ACO 300MM;L2;Utilização livre depósito INVT;39,62;1.069,74;;;0,00000000000000;
PA02;P2-02-02A;59;UN;400484;CINTA POSTE CIRC ACO 280MM;L2;Utilização livre depósito INVT;15,98;942,82;;;0,00000000000000;
PA02;P2-02-02A;173;UN;400771;CINTA POSTE ACO 260MM;L2;Utilização livre depósito INVT;23,22;4.017,06;;;0,00000000000000;
PA02;P2-02-02A;84;UN;401438;CINTA POSTE CIRC ACO 270MM;L2;Utilização livre depósito INVT;11,43;960,12;;;0,00000000000000;
PA02;P2-02-02A;204;UN;402026;CINTA POSTE CIRC ACO 230MM;L2;Utilização livre depósito INVT;24,51;5.000,04;;;0,00000000000000;
PA02;P2-02-02A;118;UN;402247;CINTA POSTE CIRC ACO 320MM;L2;Utilização livre depósito INVT;19,05;2.247,90;;;0,00000000000000;
PA02;P2-02-03A;8;UN;401803;CINTA POSTE CIRC ACO 340MM;L2;Utilização livre depósito INVT;15,41;123,28;;;0,00000000000000;
PA02;P2-02-03A;13;UN;402878;SUPORTE TRAFO POSTE CONC DUP T 185X95MM;L2;Utilização livre depósito INVT;61,71;802,23;;;0,00000000000000;
PA02;P2-02-03A;31;UN;403666;CINTA POSTE CIRC ACO 365MM;L2;Utilização livre depósito INVT;83,23;2.580,13;;;0,00000000000000;
PA02;P2-02-03A;337;UN;404052;CINTA POSTE CIRC ACO 360MM;L2;Utilização livre depósito INVT;14,84;5.001,08;;;0,00000000000000;
PA02;P2-02-03A;7;UN;408349;CINTA POSTE CIRC ACO 370MM;L2;Utilização livre depósito INVT;87,26;610,82;;;0,00000000000000;
PA02;P2-02-03A;31;UN;409650;SUPORTE TRAFO POSTE CONC DUP T 185X80MM;L2;Utilização livre depósito INVT;27,23;844,13;;;0,00000000000000;
PA02;P2-02-03A;10;UN;800260;CINTA POSTE CIRC ACO 340MM;F3;Utilização livre depósito CUST;16,85;168,50;;;0,00000000000000;
PA02;P2-02-03A;18;UN;802992;CINTA POSTE CIRC ACO 365MM;F3;Utilização livre depósito CUST;83,23;1.498,14;;;0,00000000000000;
PA02;P2-02-04A;34;UN;400011;SUPORTE TRANSF POSTE DUP T AC 210X115MM;L2;Utilização livre depósito INVT;104,75;3.561,50;;;0,00000000000000;
PA02;P2-02-04A;11;UN;401683;SUPORTE TRANSF POSTE DUP T AC 230X125MM;L2;Utilização livre depósito INVT;187,82;2.066,02;;;0,00000000000000;
PA02;P2-02-04A;113;UN;402452;SUPORTE TRANSF POSTE CIRC AC 200MM;L2;Utilização livre depósito INVT;98,14;11.089,82;;;0,00000000000000;
PA02;P2-02-04A;45;UN;403527;SUPORTE TRANSF POSTE DUP T AC 185X125MM;L2;Utilização livre depósito INVT;45,68;2.055,60;;;0,00000000000000;
PA02;P2-02-04A;173;UN;409641;SUPORTE TRANSF POSTE CIRC AC 210MM;L2;Utilização livre depósito INVT;61,42;10.625,66;;;0,00000000000000;
PA02;P2-02-05A;154;UN;401165;SUPORTE TRANSF POSTE CIRC AC 240MM;L2;Utilização livre depósito INVT;37,44;5.765,76;;;0,00000000000000;
PA02;P2-02-05A;15;UN;401213;SUPORTE TRANSF POSTE CIRC AC 255MM;L2;Utilização livre depósito INVT;69,55;1.043,25;;;0,00000000000000;
PA02;P2-02-05A;50;UN;402292;SUPORTE TRANSF POSTE CIRC AC 220MM;L2;Utilização livre depósito INVT;49,12;2.456,00;;;0,00000000000000;
PA02;P2-02-05A;149;UN;402689;SUPORTE TRANSF POSTE CIRC AC 230MM;L2;Utilização livre depósito INVT;63,32;9.434,68;;;0,00000000000000;
PA02;P2-02-05A;53;UN;402720;SUPORTE TRANSF POSTE CIRC AC 225MM;L2;Utilização livre depósito INVT;11,26;596,78;;;0,00000000000000;
PA02;P2-02-06A;79;UN;401014;SUPORTE TRANSF POSTE CIRC AC 280MM;L2;Utilização livre depósito INVT;71,20;5.624,80;;;0,00000000000000;
PA02;P2-02-06A;91;UN;401709;SUPORTE TRANSF POSTE CIRC AC 290MM;L2;Utilização livre depósito INVT;175,03;15.927,73;;;0,00000000000000;
PA02;P2-02-06A;20;UN;402106;BRACO L A1010/1020 3/8P16P;L2;Utilização livre depósito INVT;78,89;1.577,80;;;0,00000000000000;
PA02;P2-02-06A;39;UN;402443;SUPORTE TRANSF POSTE CIRC AC 270MM;L2;Utilização livre depósito INVT;105,18;4.102,02;;;0,00000000000000;
PA02;P2-02-06A;117;UN;404818;SUPORTE TRAFO CIRCULAR 285MM;L2;Utilização livre depósito INVT;68,60;8.026,20;;;0,00000000000000;
PA02;P2-02-07A;47;UN;400889;HASTE ANCORA AC 2400MM 16MM;L2;Utilização livre depósito INVT;65,92;3.098,24;;;0,00000000000000;
PA02;P2-02-07A;31;UN;401657;MAO FRANCESA BECO AC 2135MM 35MMX5MM;L2;Utilização livre depósito INVT;153,28;4.751,68;;;0,00000000000000;
PA02;P2-02-07A;29;UN;402490;SUPORTE AFAST HORIZ C/PRENSA REDE 15KV;L2;Utilização livre depósito INVT;330,86;9.594,94;;;0,00000000000000;
PA02;PATIO02 DTM;2;UN;402504;CHAVE SECC 3P C/LT 72,5KV 2000A 31,5KA;L2;Utilização livre depósito INVT;24.326,65;48.653,30;;;0,00000000000000;
PA02;PATIO02 DTM;102;UN;402834;CHAVE SECC 3P 72,5KV S/LT 2000A VERT;L2;Utilização livre depósito INVT;18.523,09;1.889.355,18;;;0,00000000000000;
PA03;PATIO03;21;UN;400051;TRAFO AER 3F 15KV 225KVA 220/127V 7TP;L2;Utilização livre depósito INVT;44.482,96;934.142,16;;;0,00000000000000;
PA03;PATIO03;20;UN;400072;TRAFO AER 1F 7,96KV 5KVA 240/120V 7TP;L2;Utilização livre depósito INVT;4.453,89;89.077,80;;;0,00000000000000;
PA03;PATIO03;9;UN;400073;TRAFO AER 3F 15KV 45KVA 220/127V 7TP;L2;Utilização livre depósito INVT;13.830,57;124.475,13;;;0,00000000000000;
PA03;PATIO03;3;UN;400216;POSTE FIBRA VIDRO 9M 200DAN;L2;Utilização livre depósito INVT;1.454,81;4.364,43;;;0,00000000000000;
PA03;PATIO03;270;UN;400224;POSTE CONC DUPL T 11 M 300 DAN;L2;Utilização livre depósito INVT;1.616,73;436.517,10;;;0,00000000000000;
PA03;PATIO03;5;UN;400226;REGULADOR TENSÃO 1F 276KVA 13,8KV 200A;L2;Utilização livre depósito INVT;44.619,41;223.097,05;;;0,00000000000000;
PA03;PATIO03;15;UN;400243;TRAFO AER 3F 15KV 150KVA 220/127V 7TP;L2;Utilização livre depósito INVT;26.513,49;397.702,35;;;0,00000000000000;
PA03;PATIO03;14;UN;400288;TRAFO AER 3F 15KV 112,5KVA 220/127V 7TP;L2;Utilização livre depósito INVT;13.952,59;195.336,26;;;0,00000000000000;
PA03;PATIO03;24;UN;401193;TRAFO AER 1F 7,96KV 15KVA 240/120V 7TP;L2;Utilização livre depósito INVT;7.079,88;169.917,12;;;0,00000000000000;
PA03;PATIO03;23;UN;401260;POSTE CONCRETO TRON CON 9M 1000KGF;L2;Utilização livre depósito INVT;2.818,21;64.818,83;;;0,00000000000000;
PA03;PATIO03;51;UN;401296;POSTE CONCRETO TRON CON 11M 600KGF;L2;Utilização livre depósito INVT;2.214,93;112.961,43;;;0,00000000000000;
PA03;PATIO03;18;UN;401324;TRAFO AER 3F 15KV 30KVA 220/127V 7TP;L2;Utilização livre depósito INVT;11.306,26;203.512,68;;;0,00000000000000;
PA03;PATIO03;88;UN;401360;POSTE FIBRA VIDRO E-CR 9M 300DAN;L2;Utilização livre depósito INVT;1.655,95;145.723,60;;;0,00000000000000;
PA03;PATIO03;1.135;UN;401959;CRUZETA POL FBV/RES PES 2400X112,5X90MM;L2;Utilização livre depósito INVT;185,37;210.394,95;;;0,00000000000000;
PA03;PATIO03;83;UN;402242;POSTE FIBRA VIDRO E-CR 11M 600DAN;L2;Utilização livre depósito INVT;2.717,12;225.520,96;;;0,00000000000000;
PA03;PATIO03;24;UN;402447;TRAFO AER 1F 7,96KV 10KVA 240/120V 7TP;L2;Utilização livre depósito INVT;5.467,07;131.209,68;;;0,00000000000000;
PA03;PATIO03;42;UN;402525;CRUZETA POLIMERICA 5000X112,5X90MM;L2;Utilização livre depósito INVT;500,43;21.018,06;;;0,00000000000000;
PA03;PATIO03;3;UN;402617;REGULADOR TENSAO 1F 167 KVA 7,96KV 219A;L2;Utilização livre depósito INVT;104.318,44;312.955,32;;;0,00000000000000;
PA03;PATIO03;97;UN;402650;POSTE CONCRETO DUPLO T 9 M 600 DAN;L2;Utilização livre depósito INVT;1.448,47;140.501,59;;;0,00000000000000;
PA03;PATIO03;147;UN;402847;POSTE CONC DUPL T 9 M 300 DAN;L2;Utilização livre depósito INVT;1.089,32;160.130,04;;;0,00000000000000;
PA03;PATIO03;15;UN;402860;REGULADOR TENSAO 1F 250 KVA 7,62KV 328A;L2;Utilização livre depósito INVT;85.249,80;1.278.747,00;;;0,00000000000000;
PA03;PATIO03;1.122;UN;403161;PONTALETE FBV 100MM 6M;L2;Utilização livre depósito INVT;342,31;384.071,82;;;0,00000000000000;
PA03;PATIO03;420;UN;407355;CRUZETA POL FBV/RES 2400X112,5X90MM DAT;L2;Utilização livre depósito INVT;187,46;78.733,20;;;0,00000000000000;
PA03;PATIO03;15;UN;409620;REGULADOR TENSAO 1F 333KVA 7,96KV 438A;L2;Utilização livre depósito INVT;139.736,63;2.096.049,45;;;0,00000000000000;
PA03;PATIO03;235;UN;800847;CRUZETA POL PE/FBN 90X112,5X2400MM;F3;Utilização livre depósito CUST;278,09;65.351,15;;;0,00000000000000;
PA03;PATIO03;219;UN;800901;CRUZETA POL PE/FBN 90X112,5X1200MM;F3;Utilização livre depósito CUST;127,72;27.970,68;;;0,00000000000000;
PA03;PATIO03;170;UN;801112;CRUZETA POL FBV/RES PES 2400X112,5X90MM;F3;Utilização livre depósito CUST;182,15;30.965,50;;;0,00000000000000;
PA03;PATIO03;45;UN;801833;CRUZETA POLIM 5000X112,5X90MM;F3;Utilização livre depósito CUST;500,43;22.519,35;;;0,00000000000000;
PA03;PATIO03;1.210;UN;803470;PONTALETE FBV 100MM 6M;F3;Utilização livre depósito CUST;345,00;417.450,00;;;0,00000000000000;
PA03;PATIO03;83;UN;804565;CRUZETA POL FBV/RES 2400X112,5X90MM DAT;F3;Utilização livre depósito CUST;188,31;15.629,73;;;0,00000000000000;
PA04;PATIO04;5;UN;400210;POSTE CONCRETO TRON CON 13M 1000KGF;L2;Utilização livre depósito INVT;3.725,59;18.627,95;;;0,00000000000000;
PA04;PATIO04;41;UN;400224;POSTE CONC DUPL T 11 M 300 DAN;L2;Utilização livre depósito INVT;1.616,73;66.285,93;;;0,00000000000000;
PA04;PATIO04;1;UN;400228;POSTE CONCRETO CIRC 9M 300DAN;L2;Utilização livre depósito INVT;794,52;794,52;;;0,00000000000000;
PA04;PATIO04;27;UN;400978;POSTE CONC ARM VIB CIRC TRON 15M 200KG;L2;Utilização livre depósito INVT;2.539,35;68.562,45;;;0,00000000000000;
PA04;PATIO04;21;UN;400985;POSTE FIBRA VIDRO E-CR 13M 1000DAN;L2;Utilização livre depósito INVT;5.219,76;109.614,96;;;0,00000000000000;
PA04;PATIO04;13;UN;400988;POSTE CONCRETO TRON CON 9M 600KGF;L2;Utilização livre depósito INVT;1.876,49;24.394,37;;;0,00000000000000;
PA04;PATIO04;11;UN;400992;POSTE CONCRETO TRON CON 9M 200KGF;L2;Utilização livre depósito INVT;1.203,75;13.241,25;;;0,00000000000000;
PA04;PATIO04;29;UN;400995;POSTE CONCRETO DUPLO T 9M 1000DAN;L2;Utilização livre depósito INVT;1.931,54;56.014,66;;;0,00000000000000;
PA04;PATIO04;78;UN;401127;POSTE CONCRETO ARM DUPL T 11M 600KGF;L2;Utilização livre depósito INVT;2.060,68;160.733,04;;;0,00000000000000;
PA04;PATIO04;26;UN;401260;POSTE CONCRETO TRON CON 9M 1000KGF;L2;Utilização livre depósito INVT;2.818,21;73.273,46;;;0,00000000000000;
PA04;PATIO04;5;UN;401296;POSTE CONCRETO TRON CON 11M 600KGF;L2;Utilização livre depósito INVT;2.214,93;11.074,65;;;0,00000000000000;
PA04;PATIO04;5;UN;401334;POSTE CONC ARM DUPL T 15M 600DAN;L2;Utilização livre depósito INVT;335,96;1.679,80;;;0,00000000000000;
PA04;PATIO04;7;UN;401349;POSTE CONCRETO CIRC 11M 1000DAN;L2;Utilização livre depósito INVT;3.613,66;25.295,62;;;0,00000000000000;
PA04;PATIO04;49;UN;401360;POSTE FIBRA VIDRO E-CR 9M 300DAN;L2;Utilização livre depósito INVT;1.655,95;81.141,55;;;0,00000000000000;
PA04;PATIO04;20;UN;401365;POSTE CONCRETO DUPLO T B-2 22M 1000KGF;L2;Utilização livre depósito INVT;7.327,33;146.546,60;;;0,00000000000000;
PA04;PATIO04;1;UN;401629;POSTE FIBRA VIDRO 33M 1000KGF;L2;Utilização livre depósito INVT;30.800,54;30.800,54;;;0,00000000000000;
PA04;PATIO04;3;UN;401749;POSTE CONCRETO CIRC 18M 1500DAN;L2;Utilização livre depósito INVT;7.495,00;22.485,00;;;0,00000000000000;
PA04;PATIO04;22;UN;401752;POSTE CONCRETO CIRC TRON 13M 1500KG;L2;Utilização livre depósito INVT;5.420,80;119.257,60;;;0,00000000000000;
PA04;PATIO04;6;UN;401931;POSTE FIBRA VIDRO E-CR 13M 600DAN;L2;Utilização livre depósito INVT;4.290,13;25.740,78;;;0,00000000000000;
PA04;PATIO04;7;UN;401964;POSTE CONCRETO DUPLO T 13M 1500DAN;L2;Utilização livre depósito INVT;4.534,00;31.738,00;;;0,00000000000000;
PA04;PATIO04;8;UN;401969;POSTE CONCRETO DUPLO T 15M 1000DAN;L2;Utilização livre depósito INVT;3.968,42;31.747,36;;;0,00000000000000;
PA04;PATIO04;15;UN;402013;POSTE CONCRETO CIRC 15M 600DAN;L2;Utilização livre depósito INVT;5.188,23;77.823,45;;;0,00000000000000;
PA04;PATIO04;15;UN;402098;POSTE CONCRETO DUPLO T 13M 1000DAN;L2;Utilização livre depósito INVT;2.996,51;44.947,65;;;0,00000000000000;
PA04;PATIO04;1;UN;402188;POSTE CONCRETO TRON CON 11M 300KGF;L2;Utilização livre depósito INVT;1.447,97;1.447,97;;;0,00000000000000;
PA04;PATIO04;5;UN;402515;POSTE CONC CIRCULAR 12/1000;L2;Utilização livre depósito INVT;4.315,50;21.577,50;;;0,00000000000000;
PA04;PATIO04;11;UN;402624;POSTE CONC DUPL T 13/600;L2;Utilização livre depósito INVT;2.626,22;28.888,42;;;0,00000000000000;
PA04;PATIO04;6;UN;402632;POSTE COMPLETO SD1P 14M;L2;Utilização livre depósito INVT;3,33;19,98;;;0,00000000000000;
PA04;PATIO04;129;UN;402650;POSTE CONCRETO DUPLO T 9 M 600 DAN;L2;Utilização livre depósito INVT;1.448,47;186.852,63;;;0,00000000000000;
PA04;PATIO04;37;UN;402802;POSTE CONC DUPL T 9M 200DAN;L2;Utilização livre depósito INVT;851,35;31.499,95;;;0,00000000000000;
PA04;PATIO04;155;UN;402847;POSTE CONC DUPL T 9 M 300 DAN;L2;Utilização livre depósito INVT;1.089,32;168.844,60;;;0,00000000000000;
PA04;PATIO04;5;UN;403344;POSTE CONCRETO CIRC 18M 1000DAN;L2;Utilização livre depósito INVT;7.579,99;37.899,95;;;0,00000000000000;
PA04;PATIO04;22;UN;403365;POSTE CONCRETO CIRC 15M 1500DAN;L2;Utilização livre depósito INVT;7.000,26;154.005,72;;;0,00000000000000;
PA04;PATIO04;10;UN;403374;POSTE CONCRETO CIRC 15M 1000DAN;L2;Utilização livre depósito INVT;6.228,55;62.285,50;;;0,00000000000000;
PA04;PATIO04;2;UN;403376;POSTE CONCRETO CIRC 15M 400DAN;L2;Utilização livre depósito INVT;2.441,92;4.883,84;;;0,00000000000000;
PA04;PATIO04;420;UN;403829;POSTE FERRO GALV 80MM 6M;L2;Utilização livre depósito INVT;305,57;128.339,40;;;0,00000000000000;
PA04;PATIO04;1;UN;408161;POSTE CONCRETO ARM TRON CON 12M 600KGF;L2;Utilização livre depósito INVT;2.847,50;2.847,50;;;0,00000000000000;
PA04;PATIO04;1;UN;408165;POSTE CONCRETO ARM TRON CON 12M 300KGF;L2;Utilização livre depósito INVT;2.280,84;2.280,84;;;0,00000000000000;
PA05;PATIO05;1.229;M;400468;CABO ELET SUBAQ EPR 1X50MM2 8,7/15KV 1F;L2;Utilização livre depósito INVT;399,96;491.550,84;;;0,00000000000000;
PA05;PATIO05;3.369;M;401556;CABO ELET SUBAQ EPR 3F 3X50MM2 8,7/15KV;L2;Utilização livre depósito INVT;678,40;2.285.529,60;;;0,00000000000000;
PA05;PATIO05;1.470;M;401942;CABO ELET CU EPR 3X35MM2 8,7/15KV MT;L2;Utilização livre depósito INVT;222,71;327.383,70;;;0,00000000000000;
SEDE;SALA DTM;1;UN;403129;KIT TECLADO/MOUSE S/FIO/C/USB;L2;Utilização livre depósito INVT;81,86;81,86;;;0,00000000000000;
SEDE;SALA DTM;1;UN;404241;MONITOR LED 18.5P V19B VGA;L2;Utilização livre depósito INVT;454,98;454,98;;;0,00000000000000;
SEDE;SALA DTM;5;UN;407739;TRANSCEPTOR OPTICO MODULAR SFP;L2;Utilização livre depósito INVT;1.372,60;6.863,00;;;0,00000000000000;
SEDE;SALA DTM;1;UN;409336;CPU PROCESSADOR 1200 CORE17;L2;Utilização livre depósito INVT;2.366,03;2.366,03;;;0,00000000000000;
SEDE;SALA DTM;1;UN;409337;PLACA MAE 11/10G;L2;Utilização livre depósito INVT;600,58;600,58;;;0,00000000000000;
SEDE;SALA DTM;1;UN;409338;MEMORIA 8GB DDR4 3200 ELITE;L2;Utilização livre depósito INVT;145,56;145,56;;;0,00000000000000;
SEDE;SALA DTM;1;UN;409339;PLACA DE VIDEO 1GB DDR3;L2;Utilização livre depósito INVT;254,76;254,76;;;0,00000000000000;
SEDE;SALA DTM;1;UN;409340;SSD INT;L2;Utilização livre depósito INVT;245,66;245,66;;;0,00000000000000;
SEDE;SALA DTM;1;UN;409342;GABINETE MID-TOWER ATX RGB VC08-A07 PR;L2;Utilização livre depósito INVT;282,06;282,06;;;0,00000000000000;
SEDE;SALA DTM;1;UN;409683;FONTE ATX  550W 80 PLUS BRONZE;L2;Utilização livre depósito INVT;309,36;309,36;;;0,00000000000000;
