Tipo de depósito;Posição no depósito;Produto;Descrição breve do produto;UM básica;Qtd.disponível UMB;Tipo de estoque;Denominação do tipo de estoque;Preço do material;Valor total;Nome do usuário;Dt.contg.inven.fís.;Qtd.na UM administrada em estoque;UM admin.estoque
BLIN;1G-01-05B BLIN;400813;CABO ELETRICO ISOLADO SINGELO 6MM2;M;18.816;L2;Utilização livre depósito INVT;1,75;32.928,00;;;0,00000000000000;
BLIN;1G-04-01A BLIN;402152;CABO ELET CU 95MM2 90°XLPE 0,6/1KV;M;4.702;L2;Utilização livre depósito INVT;82,93;389.936,86;;;0,00000000000000;
BLIN;1G-05-02A BLIN;403656;CABO AL CONCENTRICO 3F 3X25+25MM2;M;132;L2;Utilização livre depósito INVT;25,38;3.350,16;;;0,00000000000000;
BLIN;1G-05-04A BLIN;400594;CABO DE AÇO REVESTIDOS DE COBRE 35MM²;KG;7.582,568;L2;Utilização livre depósito INVT;95,38;723.225,34;;;0,00000000000000;
BLIN;2G-01-07A BLIN;401264;PINO ISOLADOR AC 25X294X19MM;UN;446;L2;Utilização livre depósito INVT;26,56;11.845,76;;;0,00000000000000;
BLIN;2G-02-03A BLIN;403209;PRENSA CABO PVC 3/4P;UN;10.232;L2;Utilização livre depósito INVT;5,77;59.038,64;;;0,00000000000000;
BLIN;2G-02-04E BLIN;402307;CONECTOR PERF 4 SAÍDAS 25-240MM2/1,5-35M;UN;1.750;L2;Utilização livre depósito INVT;73,82;129.185,00;;;0,00000000000000;
BLIN;2G-02-05E BLIN;402307;CONECTOR PERF 4 SAÍDAS 25-240MM2/1,5-35M;UN;1.750;L2;Utilização livre depósito INVT;73,82;129.185,00;;;0,00000000000000;
BLIN;2G-02-06E BLIN;402307;CONECTOR PERF 4 SAÍDAS 25-240MM2/1,5-35M;UN;1.750;L2;Utilização livre depósito INVT;73,82;129.185,00;;;0,00000000000000;
BLIN;2G-02-07E BLIN;402307;CONECTOR PERF 4 SAÍDAS 25-240MM2/1,5-35M;UN;1.750;L2;Utilização livre depósito INVT;73,82;129.185,00;;;0,00000000000000;
BLIN;2G-02-08E BLIN;402307;CONECTOR PERF 4 SAÍDAS 25-240MM2/1,5-35M;UN;1.750;L2;Utilização livre depósito INVT;73,82;129.185,00;;;0,00000000000000;
BLIN;2G-02-09E BLIN;402307;CONECTOR PERF 4 SAÍDAS 25-240MM2/1,5-35M;UN;875;L2;Utilização livre depósito INVT;73,82;64.592,50;;;0,00000000000000;
BLIN;2G-03-07A BLIN;400790;CONECTOR ATERR REFORÇ HAST/CAB 5/8-35MM2;UN;8.077;L2;Utilização livre depósito INVT;21,04;169.940,08;;;0,00000000000000;
BLIN;2G-03-13E BLIN;402307;CONECTOR PERF 4 SAÍDAS 25-240MM2/1,5-35M;UN;1.750;L2;Utilização livre depósito INVT;73,82;129.185,00;;;0,00000000000000;
BLIN;2G-03-14E BLIN;402307;CONECTOR PERF 4 SAÍDAS 25-240MM2/1,5-35M;UN;1.750;L2;Utilização livre depósito INVT;73,82;129.185,00;;;0,00000000000000;
BLIN;2G-03-15E BLIN;402307;CONECTOR PERF 4 SAÍDAS 25-240MM2/1,5-35M;UN;875;L2;Utilização livre depósito INVT;73,82;64.592,50;;;0,00000000000000;
BLIN;2G-03-18A BLIN;401937;SAPATILHA CABO DE ACO 3/8P;UN;13.124;L2;Utilização livre depósito INVT;3,25;42.653,00;;;0,00000000000000;
BLIN;2G-04-00A BLIN;400906;HASTE ATERRAMENTO CI AC 14,3X2438MM;UN;4.404;L2;Utilização livre depósito INVT;99,09;436.392,36;;;0,00000000000000;
BLIN;2G-04-01E BLIN;404084;ESPACADOR LOSANG CLASSE 15KV C/ GARRAS;UN;384;L2;Utilização livre depósito INVT;22,29;8.559,36;;;0,00000000000000;
BLIN;2G-04-06B BLIN;400506;CONECTOR DER CU 13-34MM2;UN;1.573;L2;Utilização livre depósito INVT;9,80;15.415,40;;;0,00000000000000;
BLIN;2G-04-06C BLIN;401568;CONECTOR COMP DER 4/0AWG 3/0-4/0AWG;UN;2.387;L2;Utilização livre depósito INVT;1,24;2.959,88;;;0,00000000000000;
BLIN;2G-04-12B BLIN;401870;CARTUCHO MET P/CUNHA AZ FEST CALIB 22;UN;9.542;L2;Utilização livre depósito INVT;1,02;9.732,84;;;0,00000000000000;
BLIN;2G-04-13A - BLIN;401834;CONECTOR PARAL AL 10AWG-1/0AWG;UN;342;L2;Utilização livre depósito INVT;11,69;3.997,98;;;0,00000000000000;
BLIN;2G-04-14A BLIN;403682;BUCHA LOK 01;UN;48.727;L2;Utilização livre depósito INVT;0,85;41.417,95;;;0,00000000000000;
BLIN;2G-04-14A BLIN;405537;CONEC PERF PRIN 16-120 DER 4-36 2AMP LIM;UN;776;L2;Utilização livre depósito INVT;48,73;37.814,48;;;0,00000000000000;
BLIN;2G-04-14B BLIN;402433;PARA-RAIO DISTRIB POL 12KV 10KA S/CENT;UN;50;L2;Utilização livre depósito INVT;156,07;7.803,50;;;0,00000000000000;
BLIN;2G-05-07B BLIN;403572;PRENSA CABO NYLON CURTO 1/2P;UN;5.075;L2;Utilização livre depósito INVT;3,75;19.031,25;;;0,00000000000000;
BLIN;2G-05-09A BLIN;402401;PINO ISOLADOR POLIMERICO AC 15KV 200MM;UN;827;L2;Utilização livre depósito INVT;27,83;23.015,41;;;0,00000000000000;
BLIN;2G-05-12A BLIN;401131;PARAFUSO CAB QD AC 16MM 225MM 300MM;UN;6.445;L2;Utilização livre depósito INVT;10,91;70.314,95;;;0,00000000000000;
BLIN;2G-05-12A BLIN;800119;PARAFUSO CAB QD AC 16MM 225MM 300MM;UN;258;F3;Utilização livre depósito CUST;12,82;3.307,56;;;0,00000000000000;
BLIN;2G-05-14A BLIN;401239;PARAFUSO CAB QD AC 16MM 450MM;UN;3.929;L2;Utilização livre depósito INVT;23,02;90.445,58;;;0,00000000000000;
BLIN;2G-05-18B BLIN;405487;TERMINAL TUBULAR CU ESTANHADO 25MM2 AZ;UN;69.249;L2;Utilização livre depósito INVT;0,74;51.244,26;;;0,00000000000000;
BLIN;2G-05-19A BLIN;400942;PARAFUSO CAB ABA PESC QD AC 16MM 70MM;UN;11.154;L2;Utilização livre depósito INVT;4,68;52.200,72;;;0,00000000000000;
BLIN;2G-05-21A BLIN;400974;PORCA QUADRADA AC 16MM 2MM;UN;88;L2;Utilização livre depósito INVT;2,00;176,00;;;0,00000000000000;
BLIN;2G-05-21A BLIN;402296;GANCHO OLHAL AC 17MM 5000KGF;UN;574;L2;Utilização livre depósito INVT;12,52;7.186,48;;;0,00000000000000;
BLIN;2G-06-01B BLIN;400506;CONECTOR DER CU 13-34MM2;UN;159;L2;Utilização livre depósito INVT;9,80;1.558,20;;;0,00000000000000;
BLIN;2G-06-01B BLIN;410041;PARAFUSO AUTO BROC CHAT phillips 4.2x25m;UN;36.427;L2;Utilização livre depósito INVT;0,43;15.663,61;;;0,00000000000000;
BLIN;2G-06-01C BLIN;803977;ABRACADEIRA PLAS 300 X 4,80MM;UN;500;F3;Utilização livre depósito CUST;0,18;90,00;;;0,00000000000000;
BLIN;2G-06-01E BLIN;403499;ABRACADEIRA PLAS 300 X 4,80MM;UN;109.483;L2;Utilização livre depósito INVT;0,18;19.706,94;;;0,00000000000000;
BLIN;2G-06-02B BLIN;410041;PARAFUSO AUTO BROC CHAT phillips 4.2x25m;UN;46.400;L2;Utilização livre depósito INVT;0,43;19.952,00;;;0,00000000000000;
BLIN;2G-06-02B BLIN;410213;TINTA SPRAY;UN;86;L2;Utilização livre depósito INVT;18,00;1.548,00;;;0,00000000000000;
BLIN;2G-06-02C BLIN;402307;CONECTOR PERF 4 SAÍDAS 25-240MM2/1,5-35M;UN;1.369;L2;Utilização livre depósito INVT;73,82;101.059,58;;;0,00000000000000;
BLIN;2G-06-02E BLIN;403838;ALCA PREFORM CABO CONC  1X16 + 16;UN;4.207;L2;Utilização livre depósito INVT;3,07;12.915,49;;;0,00000000000000;
BLIN;2G-06-03B BLIN;410212;FITA AUTOADESIVA BLINDAGEM 10cmX10m;UN;46;L2;Utilização livre depósito INVT;20,82;957,72;;;0,00000000000000;
BLIN;2G-06-03C BLIN;405491;TERMINAL TUBULAR CU ESTANHADO 35MM2;UN;15.746;L2;Utilização livre depósito INVT;0,97;15.273,62;;;0,00000000000000;
BLIN;2G-06-04B BLIN;405487;TERMINAL TUBULAR CU ESTANHADO 25MM2 AZ;UN;53.305;L2;Utilização livre depósito INVT;0,74;39.445,70;;;0,00000000000000;
BLIN;2G-06-04C BLIN;405487;TERMINAL TUBULAR CU ESTANHADO 25MM2 AZ;UN;39.900;L2;Utilização livre depósito INVT;0,74;29.526,00;;;0,00000000000000;
BLIN;2G-06-04D BLIN;402433;PARA-RAIO DISTRIB POL 12KV 10KA S/CENT;UN;60;L2;Utilização livre depósito INVT;156,07;9.364,20;;;0,00000000000000;
BLIN;2G-06-05A BLIN;402296;GANCHO OLHAL AC 17MM 5000KGF;UN;1;L2;Utilização livre depósito INVT;12,52;12,52;;;0,00000000000000;
BLIN;2G-06-05B BLIN;402587;FITA ISOL EPR 0,76X19MM 10M PT;UN;54;L2;Utilização livre depósito INVT;29,69;1.603,26;;;0,00000000000000;
BLIN;2G-06-05B BLIN;405537;CONEC PERF PRIN 16-120 DER 4-36 2AMP LIM;UN;492;L2;Utilização livre depósito INVT;48,73;23.975,16;;;0,00000000000000;
BLIN;2G-06-05B BLIN;410177;ABRACADEIRA AÇO INOX 304 – 362X7,90MM;UN;34.241;L2;Utilização livre depósito INVT;2,13;72.933,33;;;0,00000000000000;
BLIN;2G-06-05C BLIN;405491;TERMINAL TUBULAR CU ESTANHADO 35MM2;UN;7.414;L2;Utilização livre depósito INVT;0,97;7.191,58;;;0,00000000000000;
BLIN;2G-06-05D BLIN;402433;PARA-RAIO DISTRIB POL 12KV 10KA S/CENT;UN;459;L2;Utilização livre depósito INVT;156,07;71.636,13;;;0,00000000000000;
BLIN;2G-06-05E BLIN;402307;CONECTOR PERF 4 SAÍDAS 25-240MM2/1,5-35M;UN;1.750;L2;Utilização livre depósito INVT;73,82;129.185,00;;;0,00000000000000;
BLIN;2G-06-06A BLIN;401927;MANILHA SAPATILHA 5000DAN;UN;214;L2;Utilização livre depósito INVT;18,63;3.986,82;;;0,00000000000000;
BLIN;2G-06-06A BLIN;402401;PINO ISOLADOR POLIMERICO AC 15KV 200MM;UN;37;L2;Utilização livre depósito INVT;27,83;1.029,71;;;0,00000000000000;
BLIN;2G-06-06B BLIN;401566;CONECTOR PARAL AL 4/0AWG 1/0AWG;UN;780;L2;Utilização livre depósito INVT;18,63;14.531,40;;;0,00000000000000;
BLIN;2G-06-06B BLIN;401568;CONECTOR COMP DER 4/0AWG 3/0-4/0AWG;UN;2.370;L2;Utilização livre depósito INVT;1,24;2.938,80;;;0,00000000000000;
BLIN;2G-06-06C BLIN;402331;BRACO C/GRAMPO SUSPE SECU 500DAN;UN;192;L2;Utilização livre depósito INVT;47,63;9.144,96;;;0,00000000000000;
BLIN;2G-06-06C BLIN;404732;CONECTOR PERFUR 50-185MM MED TENSAO 15KV;UN;602;L2;Utilização livre depósito INVT;92,12;55.456,24;;;0,00000000000000;
BLIN;2G-06-06D BLIN;401116;ISOLADOR ANCOR POLIM 15KV 5000DAN;UN;500;L2;Utilização livre depósito INVT;36,55;18.275,00;;;0,00000000000000;
BLIN;2G-06-06D BLIN;403682;BUCHA LOK 01;UN;77.827;L2;Utilização livre depósito INVT;0,85;66.152,95;;;0,00000000000000;
BLIN;2G-06-07A BLIN;402127;PARAFUSO CAB ABA AC 16MM 45MM;UN;6.238;L2;Utilização livre depósito INVT;4,37;27.260,06;;;0,00000000000000;
BLIN;2G-06-07A BLIN;403121;FITA ISOLANTE ELET PVC 19X0,19MM 20M PT;UN;1.389;L2;Utilização livre depósito INVT;10,70;14.862,30;;;0,00000000000000;
BLIN;2G-06-07B BLIN;400790;CONECTOR ATERR REFORÇ HAST/CAB 5/8-35MM2;UN;508;L2;Utilização livre depósito INVT;21,04;10.688,32;;;0,00000000000000;
BLIN;2G-06-07B BLIN;401500;CONECTOR DER CUNHA AL 2/0AWG 4/0AWG;UN;190;L2;Utilização livre depósito INVT;13,37;2.540,30;;;0,00000000000000;
BLIN;2G-06-07B BLIN;401834;CONECTOR PARAL AL 10AWG-1/0AWG;UN;93;L2;Utilização livre depósito INVT;11,69;1.087,17;;;0,00000000000000;
BLIN;2G-06-07B BLIN;403594;ALCA PREFORM CABO CONC  2X16 + 16;UN;667;L2;Utilização livre depósito INVT;10,04;6.696,68;;;0,00000000000000;
BLIN;2G-06-07C BLIN;403209;PRENSA CABO PVC 3/4P;UN;8.606;L2;Utilização livre depósito INVT;5,77;49.656,62;;;0,00000000000000;
BLIN;2G-06-07D BLIN;402307;CONECTOR PERF 4 SAÍDAS 25-240MM2/1,5-35M;UN;875;L2;Utilização livre depósito INVT;73,82;64.592,50;;;0,00000000000000;
BLIN;2G-06-07D BLIN;403675;ALCA PREFORM CABO CONC  3X25 + 25;UN;657;L2;Utilização livre depósito INVT;10,42;6.845,94;;;0,00000000000000;
BLIN;2G-06-07E BLIN;403594;ALCA PREFORM CABO CONC  2X16 + 16;UN;5.400;L2;Utilização livre depósito INVT;10,04;54.216,00;;;0,00000000000000;
BLIN;2G-06-08B BLIN;400359;ALCA PREFORM ESTAI 3/8P 9,5MM 889MM;UN;14;L2;Utilização livre depósito INVT;20,28;283,92;;;0,00000000000000;
BLIN;2G-06-08B BLIN;401574;BRACO ANTIBALANCO PA PT 15KV 320MM;UN;498;L2;Utilização livre depósito INVT;19,01;9.466,98;;;0,00000000000000;
BLIN;2G-06-08D BLIN;402307;CONECTOR PERF 4 SAÍDAS 25-240MM2/1,5-35M;UN;1.623;L2;Utilização livre depósito INVT;73,82;119.809,86;;;0,00000000000000;
BLIN;2G-06-09A BLIN;400011;SUPORTE TRANSF POSTE DUP T AC 210X115MM;UN;99;L2;Utilização livre depósito INVT;104,75;10.370,25;;;0,00000000000000;
BLIN;2G-06-09B BLIN;400655;GRAMPO ANCOR CUNHA AL 185MM2 400DAN;UN;26;L2;Utilização livre depósito INVT;42,11;1.094,86;;;0,00000000000000;
BLIN;2G-06-09B BLIN;408995;GRAMPO ANCOR UNIVERSAL 35MM2 A 185MM2;UN;34;L2;Utilização livre depósito INVT;26,31;894,54;;;0,00000000000000;
BLIN;2G-06-09C BLIN;401116;ISOLADOR ANCOR POLIM 15KV 5000DAN;UN;400;L2;Utilização livre depósito INVT;36,55;14.620,00;;;0,00000000000000;
BLIN;2G-06-09D BLIN;402307;CONECTOR PERF 4 SAÍDAS 25-240MM2/1,5-35M;UN;1.750;L2;Utilização livre depósito INVT;73,82;129.185,00;;;0,00000000000000;
BLIN;2G-06-09E BLIN;407094;SEALTUBO 1.1/2 FLEX ESP. AÇO CAPA PVC;M;320;L2;Utilização livre depósito INVT;70,33;22.505,60;;;0,00000000000000;
BLIN;2G-06-10B BLIN;401116;ISOLADOR ANCOR POLIM 15KV 5000DAN;UN;129;L2;Utilização livre depósito INVT;36,55;4.714,95;;;0,00000000000000;
BLIN;2G-06-10B BLIN;402324;SELA CRUZETA POSTE AC 115MM 18MM;UN;90;L2;Utilização livre depósito INVT;5,09;458,10;;;0,00000000000000;
BLIN;2G-06-10C BLIN;404084;ESPACADOR LOSANG CLASSE 15KV C/ GARRAS;UN;164;L2;Utilização livre depósito INVT;22,29;3.655,56;;;0,00000000000000;
BLIN;2G-06-10D BLIN;402307;CONECTOR PERF 4 SAÍDAS 25-240MM2/1,5-35M;UN;1.825;L2;Utilização livre depósito INVT;73,82;134.721,50;;;0,00000000000000;
BLIN;2G-06-10E BLIN;401857;CHAVE FUSIVEL DIST 15KV 100A/10KA PORC;UN;66;L2;Utilização livre depósito INVT;315,60;20.829,60;;;0,00000000000000;
BLIN;2G-06-10E BLIN;407094;SEALTUBO 1.1/2 FLEX ESP. AÇO CAPA PVC;M;480;L2;Utilização livre depósito INVT;70,33;33.758,40;;;0,00000000000000;
BLIN;2G-06-11B BLIN;401116;ISOLADOR ANCOR POLIM 15KV 5000DAN;UN;300;L2;Utilização livre depósito INVT;36,55;10.965,00;;;0,00000000000000;
BLIN;2G-06-11C BLIN;407094;SEALTUBO 1.1/2 FLEX ESP. AÇO CAPA PVC;M;233;L2;Utilização livre depósito INVT;70,33;16.386,89;;;0,00000000000000;
BLIN;2G-06-11C BLIN;410200; CONECTOR COMP TIPO H 95-95;UN;3.480;L2;Utilização livre depósito INVT;5,29;18.409,20;;;0,00000000000000;
BLIN;2G-06-11D BLIN;402307;CONECTOR PERF 4 SAÍDAS 25-240MM2/1,5-35M;UN;1.725;L2;Utilização livre depósito INVT;73,82;127.339,50;;;0,00000000000000;
BLIN;2G-06-11E BLIN;407094;SEALTUBO 1.1/2 FLEX ESP. AÇO CAPA PVC;M;960;L2;Utilização livre depósito INVT;70,33;67.516,80;;;0,00000000000000;
BLIN;2G-06-12A BLIN;404084;ESPACADOR LOSANG CLASSE 15KV C/ GARRAS;UN;113;L2;Utilização livre depósito INVT;22,29;2.518,77;;;0,00000000000000;
BLIN;2G-06-12C BLIN;402331;BRACO C/GRAMPO SUSPE SECU 500DAN;UN;274;L2;Utilização livre depósito INVT;47,63;13.050,62;;;0,00000000000000;
BLIN;2G-06-12D BLIN;402307;CONECTOR PERF 4 SAÍDAS 25-240MM2/1,5-35M;UN;1.750;L2;Utilização livre depósito INVT;73,82;129.185,00;;;0,00000000000000;
BLIN;2G-06-12E BLIN;403594;ALCA PREFORM CABO CONC  2X16 + 16;UN;2.700;L2;Utilização livre depósito INVT;10,04;27.108,00;;;0,00000000000000;
BLIN;2G-06-13A BLIN;404084;ESPACADOR LOSANG CLASSE 15KV C/ GARRAS;UN;249;L2;Utilização livre depósito INVT;22,29;5.550,21;;;0,00000000000000;
BLIN;2G-06-13B BLIN;800541;PORCA QUADRADA AC 16MM 2MM;UN;1.211;F3;Utilização livre depósito CUST;1,93;2.337,23;;;0,00000000000000;
BLIN;2G-06-13E BLIN;407094;SEALTUBO 1.1/2 FLEX ESP. AÇO CAPA PVC;M;960;L2;Utilização livre depósito INVT;70,33;67.516,80;;;0,00000000000000;
BLIN;2G-06-14B BLIN;404732;CONECTOR PERFUR 50-185MM MED TENSAO 15KV;UN;842;L2;Utilização livre depósito INVT;92,12;77.565,04;;;0,00000000000000;
BLIN;2G-06-14D BLIN;403602;ABRACADEIRA PLAS UV 525X8,90MM TRI;UN;14.926;L2;Utilização livre depósito INVT;0,69;10.298,94;;;0,00000000000000;
BLIN;2G-06-16B BLIN;403838;ALCA PREFORM CABO CONC  1X16 + 16;UN;12.584;L2;Utilização livre depósito INVT;3,07;38.632,88;;;0,00000000000000;
BLIN;2G-06-16D BLIN;403675;ALCA PREFORM CABO CONC  3X25 + 25;UN;1.891;L2;Utilização livre depósito INVT;10,42;19.704,22;;;0,00000000000000;
BLIN;3G-07-02A BLIN;400011;SUPORTE TRANSF POSTE DUP T AC 210X115MM;UN;238;L2;Utilização livre depósito INVT;104,75;24.930,50;;;0,00000000000000;
BLIN;3G-07-03A BLIN;400011;SUPORTE TRANSF POSTE DUP T AC 210X115MM;UN;240;L2;Utilização livre depósito INVT;104,75;25.140,00;;;0,00000000000000;
BLIN;3G-07-05A BLIN;400011;SUPORTE TRANSF POSTE DUP T AC 210X115MM;UN;240;L2;Utilização livre depósito INVT;104,75;25.140,00;;;0,00000000000000;
BLIN;3G-08-11D BLIN;403594;ALCA PREFORM CABO CONC  2X16 + 16;UN;5.400;L2;Utilização livre depósito INVT;10,04;54.216,00;;;0,00000000000000;
BLIN;P2-01-13A BLIN;401375;AFASTADOR REDE SEC AC 700MM 500MM;UN;40;L2;Utilização livre depósito INVT;157,78;6.311,20;;;0,00000000000000;
BLIN;PATIO01 - BLIN;400708;CABO ELETR 15KV AL PROT XLPE 50MM2 1F MT;M;49.511;L2;Utilização livre depósito INVT;5,90;292.114,90;;;0,00000000000000;
BLIN;PATIO01 - BLIN;403579;CABO AL CONCENTRICO 3F 3X35+35MM2;M;8.649;L2;Utilização livre depósito INVT;34,70;300.120,30;;;0,00000000000000;
BLIN;PATIO01 - BLIN;403642;CABO AL CONCENTRICO 2F 2X16+16MM2;M;13.427;L2;Utilização livre depósito INVT;15,27;205.030,29;;;0,00000000000000;
BLIN;PATIO01 - BLIN;403656;CABO AL CONCENTRICO 3F 3X25+25MM2;M;17.766;L2;Utilização livre depósito INVT;25,38;450.901,08;;;0,00000000000000;
BLIN;PATIO01 - BLIN;800033;CABO ELETR 15KV AL PROT XLPE 50MM2 1F MT;M;1.290;F3;Utilização livre depósito CUST;5,88;7.585,20;;;0,00000000000000;
BLIN;PATIO03 - BLIN;400224;POSTE CONC DUPL T 11 M 300 DAN;UN;197;L2;Utilização livre depósito INVT;1.617,88;318.722,36;;;0,00000000000000;
BLIN;PATIO03 - BLIN;401127;POSTE CONCRETO ARM DUPL T 11M 600KGF;UN;327;L2;Utilização livre depósito INVT;1.957,13;639.981,51;;;0,00000000000000;
BLIN;PATIO03 - BLIN;410122;TRAFO AER 3F 15KV 75KVA 220/127V 7TP VG;UN;116;L2;Utilização livre depósito INVT;15.160,55;1.758.623,80;;;0,00000000000000;
BLIN;PATIO04 - BLIN;401127;POSTE CONCRETO ARM DUPL T 11M 600KGF;UN;63;L2;Utilização livre depósito INVT;1.957,13;123.299,19;;;0,00000000000000;
GA01;1G-01-01A;400744;CABO ELETRICO CU NU 25MM2;KG;65;L2;Utilização livre depósito INVT;30,36;1.973,40;;;0,00000000000000;
GA01;1G-01-01A;800027;CABO ELET NU CU 50MM2 19/1,889MM;KG;735;F3;Utilização livre depósito CUST;34,39;25.276,65;;;0,00000000000000;
GA01;1G-01-01B;110893;CABO FLEX 16MM 450/750V PT;UN;300;F3;Utilização livre depósito CUST;0,01;3,00;;;0,00000000000000;
GA01;1G-01-01B;400734;CABO ELET FLEXIVEL PVC 750V 2,5MM2 PT;M;800;L2;Utilização livre depósito INVT;2,33;1.864,00;;;0,00000000000000;
GA01;1G-01-01B;402136;CABO ELET FLEXIVEL PVC 750V 2,5MM2 VD;M;1.720;L2;Utilização livre depósito INVT;2,41;4.145,20;;;0,00000000000000;
GA01;1G-01-01B;402229;CABO ELET FLEXIVEL PVC 750V 2,5MM2 VM;M;300;L2;Utilização livre depósito INVT;2,45;735,00;;;0,00000000000000;
GA01;1G-01-01B;402235;CABO ELET ISOL AZ 2,5MM2;M;585;L2;Utilização livre depósito INVT;2,45;1.433,25;;;0,00000000000000;
GA01;1G-01-01B;404621;CABO ELET SING FLEX 0,75/1KV 2,5MM2 VM;M;290;L2;Utilização livre depósito INVT;1,94;562,60;;;0,00000000000000;
GA01;1G-01-01B;409002;CABO FLEXIVEL 0.75MM 750V VM;M;200;L2;Utilização livre depósito INVT;0,81;162,00;;;0,00000000000000;
GA01;1G-01-01B;409003;CABO FLEXIVEL 0.75MM 750V AZ;M;200;L2;Utilização livre depósito INVT;0,81;162,00;;;0,00000000000000;
GA01;1G-01-01B;800048;CABO ELET ISOL SING 1.5MM2 VERMELHA;M;200;F3;Utilização livre depósito CUST;1,66;332,00;;;0,00000000000000;
GA01;1G-01-01B;800051;CABO ELET ISOL SING 1.5MM2 BR;M;200;F3;Utilização livre depósito CUST;1,66;332,00;;;0,00000000000000;
GA01;1G-01-01B;800133;CABO ELET ISOL, 1,5MM2 PT;M;200;F3;Utilização livre depósito CUST;1,66;332,00;;;0,00000000000000;
GA01;1G-01-01B;800157;CABO ELET ISOL BR 2,5MM2;M;200;F3;Utilização livre depósito CUST;2,45;490,00;;;0,00000000000000;
GA01;1G-01-01B;800177;CABO ELET FLEXIVEL PVC 750V 2,5MM2 CZ;M;500;F3;Utilização livre depósito CUST;2,45;1.225,00;;;0,00000000000000;
GA01;1G-01-01B;800768;CABO ELET ISOL AZ 2,5MM2;M;200;F3;Utilização livre depósito CUST;2,45;490,00;;;0,00000000000000;
GA01;1G-01-01B;800798;CABO ELET FLEX 2,5MM VM;M;500;F3;Utilização livre depósito CUST;2,45;1.225,00;;;0,00000000000000;
GA01;1G-01-01B;801017;CABO ELETR 750V CU SING PVC 1,5MM2 AZUL;M;500;F3;Utilização livre depósito CUST;1,66;830,00;;;0,00000000000000;
GA01;1G-01-01B;803770;CABO ELET ISOL 1,5MM2 CINZA;M;200;F3;Utilização livre depósito CUST;1,66;332,00;;;0,00000000000000;
GA01;1G-01-01C;400712;CABO DE FORCA 1X25MM2 0,6/1KV SBE;M;200;L2;Utilização livre depósito INVT;16,27;3.254,00;;;0,00000000000000;
GA01;1G-01-01C;401428;CABO DE FORCA 1X10MM2 0,6/1KV SBE;M;200;L2;Utilização livre depósito INVT;6,99;1.398,00;;;0,00000000000000;
GA01;1G-01-01C;404292;CABO OPTICO 62,5/125 MICRONS ANTI-ROEDOR;UN;1.000;L2;Utilização livre depósito INVT;17,76;17.760,00;RCAVALCANTE;04/09/2025;1.000;UN
GA01;1G-01-01D;400832;CABO ELET BT 3X10MM2 0,6/1 KV;M;30;L2;Utilização livre depósito INVT;25,80;774,00;;;0,00000000000000;
GA01;1G-01-01D;402395;CABO ELET CONT 12X1,5MM2 600/1000V;M;377;L2;Utilização livre depósito INVT;5,11;1.926,47;;;0,00000000000000;
GA01;1G-01-01D;403592;CABO OPTICO AUTOSUST 12F MONOMODO;UN;236;L2;Utilização livre depósito INVT;4,77;1.125,72;;;0,00000000000000;
GA01;1G-01-01D;403840;CABO OPTICO AUTOSUST 24F MONOMODO;UN;344;L2;Utilização livre depósito INVT;4,32;1.486,08;;;0,00000000000000;
GA01;1G-01-01E;402187;FIO ELETRICO CU ISOL 1,5MM2 750V;M;21.600;L2;Utilização livre depósito INVT;0,25;5.400,00;;;0,00000000000000;
GA01;1G-01-02A;400822;CABO ELET NU 1X35MM21AWG CU;KG;512;L2;Utilização livre depósito INVT;31,23;15.989,76;;;0,00000000000000;
GA01;1G-01-02A;800141;CABO ELET NU 1X35MM21AWG CU;KG;3;F3;Utilização livre depósito CUST;31,23;93,69;;;0,00000000000000;
GA01;1G-01-02B;400728;CABO 750V SING CU ISOL PVC 2,5MM2 CZ;M;50;L2;Utilização livre depósito INVT;1,40;70,00;;;0,00000000000000;
GA01;1G-01-02B;402187;FIO ELETRICO CU ISOL 1,5MM2 750V;M;19.240;L2;Utilização livre depósito INVT;0,25;4.810,00;;;0,00000000000000;
GA01;1G-01-02B;402381;CABO ELET FLEX PVC 6MM AZ;M;590;L2;Utilização livre depósito INVT;4,43;2.613,70;;;0,00000000000000;
GA01;1G-01-02B;407737;CABO ELET FLEXIVEL PVC 750V 2,5MM2 CZ;M;600;L2;Utilização livre depósito INVT;2,42;1.452,00;;;0,00000000000000;
GA01;1G-01-02B;801274;CABO ELET ISOL CU PT 8AWG PVC 750V;M;1.170;F3;Utilização livre depósito CUST;5,76;6.739,20;;;0,00000000000000;
GA01;1G-01-02C;400433;CABO ELETR 750V CU PVC 35MM2 AZUL BT;M;45;L2;Utilização livre depósito INVT;30,50;1.372,50;;;0,00000000000000;
GA01;1G-01-02C;400723;CABO ELET CU 4X4MM2 0,6/1KV BT;M;36;L2;Utilização livre depósito INVT;29,35;1.056,60;;;0,00000000000000;
GA01;1G-01-02C;400760;CABO DE FORCA 1X16MM2 0,6/1KV SBE;M;200;L2;Utilização livre depósito INVT;13,81;2.762,00;;;0,00000000000000;
GA01;1G-01-02C;401806;CABO COMANDO/CONTR 6X2,5MM2 0,6/1KV SBE;M;70;L2;Utilização livre depósito INVT;32,23;2.256,10;;;0,00000000000000;
GA01;1G-01-02C;402352;CABO ELET CU 1X6MM2 0,6/1KV - SUBESTACAO;M;3.284;L2;Utilização livre depósito INVT;4,41;14.482,44;;;0,00000000000000;
GA01;1G-01-02D;400358;CABO COMANDO/CONTROLE 4X10MM2;M;79;L2;Utilização livre depósito INVT;18,87;1.490,73;;;0,00000000000000;
GA01;1G-01-02D;404832;CABO ELET 15KV AL PROT XLPE 150MM2 6F MT;M;122;L2;Utilização livre depósito INVT;6,54;797,88;;;0,00000000000000;
GA01;1G-01-02D;800985;CABO ELET FLEX 3X16MM2 CU TEMP MOLE;M;70;F3;Utilização livre depósito CUST;20,03;1.402,10;;;0,00000000000000;
GA01;1G-01-02E;401383;COBERTURA PROT PLASTI 2AWG PT;M;235;L2;Utilização livre depósito INVT;2,36;554,60;;;0,00000000000000;
GA01;1G-01-02E;801653;METROS FIBRA MONOMODO SM;UN;838;F3;Utilização livre depósito CUST;2,99;2.505,62;;;0,00000000000000;
GA01;1G-01-03A;400733;CABO ELET BT 70MM2 CU PVC PT 0,6/1KV;M;135;L2;Utilização livre depósito INVT;68,87;9.297,45;;;0,00000000000000;
GA01;1G-01-03A;800426;CABO ELET BT 70MM2 CU PVC PT 0,6/1KV;M;250;F3;Utilização livre depósito CUST;68,87;17.217,50;;;0,00000000000000;
GA01;1G-01-03B;800026;CABO ELET FLEXIVEL PVC 750V 2,5MM2 VM;M;10;F3;Utilização livre depósito CUST;1,20;12,00;;;0,00000000000000;
GA01;1G-01-03B;801157;CABO ELET FLEXIVEL PVC 750V 2,5MM2 PT;M;382;F3;Utilização livre depósito CUST;1,93;737,26;;;0,00000000000000;
GA01;1G-01-03B;801274;CABO ELET ISOL CU PT 8AWG PVC 750V;M;311;F3;Utilização livre depósito CUST;5,76;1.791,36;;;0,00000000000000;
GA01;1G-01-03D;400695;CABO ELETR 0,6/1KV CU FLEX 3X16MM2 BT;M;188;L2;Utilização livre depósito INVT;24,25;4.559,00;;;0,00000000000000;
GA01;1G-01-03D;404042;CABO ELETRICO BT 2X16MM2 0,6/1KV;M;16;L2;Utilização livre depósito INVT;23,76;380,16;;;0,00000000000000;
GA01;1G-01-03D;404043;CABO ELETRICO BT 4X10MM2 0,6/1KV;M;62;L2;Utilização livre depósito INVT;43,86;2.719,32;;;0,00000000000000;
GA01;1G-01-04A;405000;FIO DE ACO RECOBERTO COBRE 4AWG;KG;189;L2;Utilização livre depósito INVT;315,05;59.544,45;;;0,00000000000000;
GA01;1G-01-04B;401548;CABO ELET AL TRIP 2X35+1X35 MM2 0,6/1KV;M;29;L2;Utilização livre depósito INVT;7,20;208,80;;;0,00000000000000;
GA01;1G-01-04B;403716;CORDOALHA AC 7,94MM 5/16P 7F (EHS);KG;23;L2;Utilização livre depósito INVT;14,39;330,97;;;0,00000000000000;
GA01;1G-01-04B;803160;CABO ELET NU CU 95MM2 MEIO DURO;KG;2;F3;Utilização livre depósito CUST;162,73;325,46;;;0,00000000000000;
GA01;1G-01-04C;400822;CABO ELET NU 1X35MM21AWG CU;KG;235;L2;Utilização livre depósito INVT;31,23;7.339,05;;;0,00000000000000;
GA01;1G-01-04C;401501;CABO CU ISOL  2,5MM2 COR VD 1KV ENCORD 2;M;250;L2;Utilização livre depósito INVT;2,16;540,00;;;0,00000000000000;
GA01;1G-01-04D;400670;CABO ELET ISOL SING 1.5MM2 PT;M;21;L2;Utilização livre depósito INVT;0,56;11,76;;;0,00000000000000;
GA01;1G-01-04D;400718;CABO ELETR 750V CU SING PVC 1,5MM2 AZUL;M;227;L2;Utilização livre depósito INVT;0,56;127,12;;;0,00000000000000;
GA01;1G-01-04D;403194;CABO ELET SING FLEX 0,75/1KV 2,5MM2 AM;M;5;L2;Utilização livre depósito INVT;1,64;8,20;;;0,00000000000000;
GA01;1G-01-04D;800129;CABO ELETR 0,6/1KV CU PVC 25MM2 BT;M;230;F3;Utilização livre depósito CUST;3,78;869,40;;;0,00000000000000;
GA01;1G-01-05A;401531;CABO ELET ISOL PVC PT 10MM2 0,6/1KV;M;258;L2;Utilização livre depósito INVT;10,96;2.827,68;;;0,00000000000000;
GA01;1G-01-05A;407971;CABO DE COBRE NU 150MM² MEIO-DURO;M;39;L2;Utilização livre depósito INVT;127,08;4.956,12;;;0,00000000000000;
GA01;1G-01-05A;800810;CABO ELET 15KV AL PROT XLPE 120MM2 1F MT;M;55;F3;Utilização livre depósito CUST;12,42;683,10;;;0,00000000000000;
GA01;1G-01-05A;800999;CABO ELET BT 3X10MM2 0,6/1 KV;M;206;F3;Utilização livre depósito CUST;28,69;5.910,14;;;0,00000000000000;
GA01;1G-01-05A;805344;CABO ELET CU 25MM2 VERM FLEXIVEL 750V;M;500;F3;Utilização livre depósito CUST;20,30;10.150,00;;;0,00000000000000;
GA01;1G-01-05B;800158;CABO ELETRICO ISOLADO SINGELO 6MM2;M;17.895;F3;Utilização livre depósito CUST;1,74;31.137,30;;;0,00000000000000;
GA01;1G-01-05C;401806;CABO COMANDO/CONTR 6X2,5MM2 0,6/1KV SBE;M;700;L2;Utilização livre depósito INVT;32,23;22.561,00;;;0,00000000000000;
GA01;1G-01-05D;803152;CABO ELET FLEX 3X2,5MM2 CU TEMP MOLE;M;798;F3;Utilização livre depósito CUST;2,63;2.098,74;;;0,00000000000000;
GA01;1G-01-06A;410030;CABO ELET CU VD 25MM FLEX 750V;M;200;L2;Utilização livre depósito INVT;20,30;4.060,00;;;0,00000000000000;
GA01;1G-01-06A;800763;CABO ELET ISOL PVC PT 10MM2 0,6/1KV;M;615;F3;Utilização livre depósito CUST;8,67;5.332,05;;;0,00000000000000;
GA01;1G-01-06A;805345;CABO ELET CU 25MM2 AZUL FLEXIVEL 750V;M;500;F3;Utilização livre depósito CUST;20,30;10.150,00;;;0,00000000000000;
GA01;1G-01-06A;805346;CABO ELETR CU 25MM2 PR FLEXIVEL 750V;M;200;F3;Utilização livre depósito CUST;20,30;4.060,00;;;0,00000000000000;
GA01;1G-01-06A;805501;CABO ELET FLEXIVEL 3X6MM2 PRETO 0,6/1KV;UN;200;F3;Utilização livre depósito CUST;18,44;3.688,00;;;0,00000000000000;
GA01;1G-01-06B;400813;CABO ELETRICO ISOLADO SINGELO 6MM2;M;8.519;L2;Utilização livre depósito INVT;1,75;14.908,25;;;0,00000000000000;
GA01;1G-01-06B;402310;CABO ELET ISOL VM 2,5MM2;M;4;L2;Utilização livre depósito INVT;0,72;2,88;;;0,00000000000000;
GA01;1G-01-06B;404186;CABO ELET FLEX TEMP MOLE 1X4MM2 CU 750V;M;6.014;L2;Utilização livre depósito INVT;2,58;15.516,12;;;0,00000000000000;
GA01;1G-01-06C;800141;CABO ELET NU 1X35MM21AWG CU;KG;453,500;F3;Utilização livre depósito CUST;31,23;14.162,81;;;0,00000000000000;
GA01;1G-01-06C;801013;CABO ELET FLEX 4X1,5MM2 0,6/1KV;M;2.164;F3;Utilização livre depósito CUST;1,93;4.176,52;;;0,00000000000000;
GA01;1G-01-06D;404044;CABO ELET CU EPR 4X16MM2 0,6/1KV BT;M;92;L2;Utilização livre depósito INVT;62,78;5.775,76;;;0,00000000000000;
GA01;1G-01-06D;801829;FIO TELEFONICO FDG 2 COND CU EST 0,50MM2;M;2.313;F3;Utilização livre depósito CUST;0,49;1.133,37;;;0,00000000000000;
GA01;1G-01-06D;802385;CABO TELEFONICO CCI 6P TERMOPLAS;UN;1.317;F3;Utilização livre depósito CUST;1,19;1.567,23;;;0,00000000000000;
GA01;1G-01-06D;802396;CABO TELEFONICO CCI 4P TERMOPLAS;UN;436;F3;Utilização livre depósito CUST;0,79;344,44;;;0,00000000000000;
GA01;1G-02-01A;403840;CABO OPTICO AUTOSUST 24F MONOMODO;UN;6.121;L2;Utilização livre depósito INVT;4,32;26.442,72;;;0,00000000000000;
GA01;1G-02-01B;801263;CABO  MULT 1X10+1X10MM² XLPE 0,6/1 KV;M;5.800;F3;Utilização livre depósito CUST;1,74;10.092,00;;;0,00000000000000;
GA01;1G-02-01C;401981;CABO  MULT 1X10+1X10MM² XLPE 0,6/1 KV;M;100;L2;Utilização livre depósito INVT;1,79;179,00;;;0,00000000000000;
GA01;1G-02-01D;401981;CABO  MULT 1X10+1X10MM² XLPE 0,6/1 KV;M;8.400;L2;Utilização livre depósito INVT;1,79;15.036,00;;;0,00000000000000;
GA01;1G-02-02A;403840;CABO OPTICO AUTOSUST 24F MONOMODO;UN;4.214;L2;Utilização livre depósito INVT;4,32;18.204,48;;;0,00000000000000;
GA01;1G-02-02B;800174;CABO ELET CU PVC 1X10MM2 7FIOS 750V;M;63;F3;Utilização livre depósito CUST;8,67;546,21;;;0,00000000000000;
GA01;1G-02-02C;801341;CABO ELETR 0,6/1KV CU PVC 16MM2 BT;M;819;F3;Utilização livre depósito CUST;6,19;5.069,61;;;0,00000000000000;
GA01;1G-02-02D;404418;CABO MANGA 4V P/ REFLETOR LED 10M;M;1.890;L2;Utilização livre depósito INVT;3,15;5.953,50;;;0,00000000000000;
GA01;1G-02-03A;800145;CABO ELÉTRICO CU 35MM AZUL FLEXIVEL 750V;M;500;F3;Utilização livre depósito CUST;30,94;15.470,00;;;0,00000000000000;
GA01;1G-02-03A;805341;CABO ELET CU 35MM2 VERM FLEXIVEL 750V;M;500;F3;Utilização livre depósito CUST;30,94;15.470,00;;;0,00000000000000;
GA01;1G-02-03A;805342;CABO ELET CU 35MM2 PR FLEXIVEL 750V;M;500;F3;Utilização livre depósito CUST;30,94;15.470,00;;;0,00000000000000;
GA01;1G-02-03A;805343;CABO ELET CU 35MM2 VD FLEXIVEL 750V;M;200;F3;Utilização livre depósito CUST;30,94;6.188,00;;;0,00000000000000;
GA01;1G-02-03A;805401;CABO ELET BT 2X10MM2 0,6/1kV;M;200;F3;Utilização livre depósito CUST;19,74;3.948,00;;;0,00000000000000;
GA01;1G-02-03B;403840;CABO OPTICO AUTOSUST 24F MONOMODO;UN;653;L2;Utilização livre depósito INVT;4,32;2.820,96;;;0,00000000000000;
GA01;1G-02-04A;802276;CABO OPTICO AUTOSUST 12F MONOMODO;UN;1.678;F3;Utilização livre depósito CUST;4,77;8.004,06;;;0,00000000000000;
GA01;1G-02-04B;800803;CABO FIBRA OTIC MULTIM 4F 625;M;4.029;F3;Utilização livre depósito CUST;2,59;10.435,11;;;0,00000000000000;
GA01;1G-02-04D;402757;FIBRA OPTICA MM 12F LAN OM4 10GB IN/OUT;UN;1.616;L2;Utilização livre depósito INVT;45,73;73.899,68;;;0,00000000000000;
GA01;1G-02-04E;401826;CABO ELET MT 1X35MM2 EPR 8,7/15KV;M;166;L2;Utilização livre depósito INVT;98,58;16.364,28;;;0,00000000000000;
GA01;1G-02-05B;400316;CABO ELETR 0,6/1KV CU PVC 16MM2 BT;M;758;L2;Utilização livre depósito INVT;18,84;14.280,72;;;0,00000000000000;
GA01;1G-02-05B;402083;CABO ELET FLEX CU 1X2,5MM2;M;734;L2;Utilização livre depósito INVT;1,25;917,50;;;0,00000000000000;
GA01;1G-02-05B;407737;CABO ELET FLEXIVEL PVC 750V 2,5MM2 CZ;M;13;L2;Utilização livre depósito INVT;2,42;31,46;;;0,00000000000000;
GA01;1G-02-05C;405486;FIO AL COB XLPE 1X 10,00MM2 MOLE AMARRA;M;10.183;L2;Utilização livre depósito INVT;4,99;50.813,17;;;0,00000000000000;
GA01;1G-02-05D;401817;CABO COMANDO/CONTR 4X6MM2 0,6/1KV SBE;M;237;L2;Utilização livre depósito INVT;37,74;8.944,38;RCAVALCANTE;09/10/2024;277;M
GA01;1G-02-05D;405486;FIO AL COB XLPE 1X 10,00MM2 MOLE AMARRA;M;4.000;L2;Utilização livre depósito INVT;4,99;19.960,00;;;0,00000000000000;
GA01;1G-02-06B;400458;CABO ELETR 1KV CU PVC 20X1,5MM2 CONTROLE;M;164;L2;Utilização livre depósito INVT;21,09;3.458,76;;;0,00000000000000;
GA01;1G-02-06B;400709;CABO ELET CU 4X1,5MM2 0,6/1KV SBE;M;29;L2;Utilização livre depósito INVT;2,82;81,78;;;0,00000000000000;
GA01;1G-02-06B;401411;CABO ELET CU ISOL PVC 2X4MM2;M;33;L2;Utilização livre depósito INVT;6,02;198,66;;;0,00000000000000;
GA01;1G-02-06B;402226;CABO ELET MT 1X35MM2 8,7/15KV;M;46;L2;Utilização livre depósito INVT;4,66;214,36;;;0,00000000000000;
GA01;1G-02-06C;405486;FIO AL COB XLPE 1X 10,00MM2 MOLE AMARRA;M;8.000;L2;Utilização livre depósito INVT;4,99;39.920,00;;;0,00000000000000;
GA01;1G-02-06D;400325;CABO COMANDO/CONTR 2X6MM2 0,6/1KV SBE;M;140;L2;Utilização livre depósito INVT;15,95;2.233,00;RCAVALCANTE;09/10/2024;140;M
GA01;1G-02-06D;401543;CABO COMANDO/CONTR 20X1,5MM2 0,6/1KV SBE;M;46;L2;Utilização livre depósito INVT;28,51;1.311,46;;;0,00000000000000;
GA01;1G-02-06D;402350;CABO COMANDO/CONTR 4X4MM2 0,6/1KV SBE;M;104;L2;Utilização livre depósito INVT;14,26;1.483,04;RCAVALCANTE;09/10/2024;154;M
GA01;1G-02-06E;403592;CABO OPTICO AUTOSUST 12F MONOMODO;UN;4.000;L2;Utilização livre depósito INVT;4,77;19.080,00;;;0,00000000000000;
GA01;1G-02-06E;403840;CABO OPTICO AUTOSUST 24F MONOMODO;UN;3.320;L2;Utilização livre depósito INVT;4,32;14.342,40;;;0,00000000000000;
GA01;1G-04-01A;401823;CORDOALHA AC 6,3MM 1/4P 7F;KG;2.449;L2;Utilização livre depósito INVT;28,37;69.478,13;;;0,00000000000000;
GA01;1G-04-01A;404010;CABO AL CONCENTRICO 3F 3X95+50MM2;M;96;L2;Utilização livre depósito INVT;100,36;9.634,56;;;0,00000000000000;
GA01;1G-04-02A;400443;CABO  MULT 2X25+1X25MM² XLPE 0,6/1 KV;M;115;L2;Utilização livre depósito INVT;6,97;801,55;;;0,00000000000000;
GA01;1G-04-02A;400694;CABO ELETR 0,6/1KV CU PVC 25MM2 BT;M;2.488;L2;Utilização livre depósito INVT;6,00;14.928,00;;;0,00000000000000;
GA01;1G-04-02A;401543;CABO COMANDO/CONTR 20X1,5MM2 0,6/1KV SBE;M;295;L2;Utilização livre depósito INVT;28,51;8.410,45;;;0,00000000000000;
GA01;1G-04-02A;401544;CABO ELET FLEX 2X6MM2 0,6/1KV;M;189;L2;Utilização livre depósito INVT;8,59;1.623,51;;;0,00000000000000;
GA01;1G-04-02A;401826;CABO ELET MT 1X35MM2 EPR 8,7/15KV;M;1.760;L2;Utilização livre depósito INVT;98,58;173.500,80;;;0,00000000000000;
GA01;1G-04-02A;401908;CABO ELET NU CA 336,4MCM 170MM2 TULIP;KG;92;L2;Utilização livre depósito INVT;18,37;1.690,04;;;0,00000000000000;
GA01;1G-04-02A;402070;CABO ELET CONT 15X1,5MM2 1KV 19F;M;374;L2;Utilização livre depósito INVT;4,85;1.813,90;;;0,00000000000000;
GA01;1G-04-02A;402072;CABO COMANDO/CONTR 8X1,5MM2 0,6/1KV SBE;M;1.200;L2;Utilização livre depósito INVT;20,72;24.864,00;;;0,00000000000000;
GA01;1G-04-02A;402081;CABO ELET CU 120MM2 90°XLPE 0,6/1KV;M;707;L2;Utilização livre depósito INVT;97,36;68.833,52;;;0,00000000000000;
GA01;1G-04-02A;402248;CABO ELET MULTIP AUTOS 3X240MM2+120MM2;M;190;L2;Utilização livre depósito INVT;53,26;10.119,40;;;0,00000000000000;
GA01;1G-04-02A;402396;CABO AL NU C/ALMA ACO 4AWG;KG;119;L2;Utilização livre depósito INVT;16,99;2.021,81;;;0,00000000000000;
GA01;1G-04-02A;402654;CABO ACO ZINCADO 3X2,25MM 1430DAN;KG;1.264;L2;Utilização livre depósito INVT;17,48;22.094,72;;;0,00000000000000;
GA01;1G-04-02A;403204;CABO COMANDO/CONTR 7X2,5MM2 0,6/1KV SBE;M;1.512;L2;Utilização livre depósito INVT;2,77;4.188,24;;;0,00000000000000;
GA01;1G-04-02A;403870;CABO EL 15KV AL PROT XLPE 170,5MM2 1F MT;UN;481;L2;Utilização livre depósito INVT;6,93;3.333,33;;;0,00000000000000;
GA01;1G-04-02A;800059;CABO ELET NU CA 336,4MCM 170MM2 TULIP;KG;185;F3;Utilização livre depósito CUST;24,44;4.521,40;;;0,00000000000000;
GA01;1G-04-02A;800741;CABO ELET CU 120MM2 90°XLPE 0,6/1KV;M;3.187;F3;Utilização livre depósito CUST;96,14;306.398,18;;;0,00000000000000;
GA01;1G-04-02A;802451;CABO TELEFONICO CTP APL 30P TERMOPLAS;UN;2.016;F3;Utilização livre depósito CUST;4,32;8.709,12;;;0,00000000000000;
GA01;1G-04-02A;804639;CABO AL CONCENTRICO 3F 3X25+25MM2;M;217;F3;Utilização livre depósito CUST;22,88;4.964,96;;;0,00000000000000;
GA01;1G-04-02A;805324;CABO MULT 3X120+1X95MM² XLPE 0,6/1 KV;M;136;F3;Utilização livre depósito CUST;46,94;6.383,84;;;0,00000000000000;
GA01;1G-04-03A;400475;CABO PARA-RAIO 24FO;M;150;L2;Utilização livre depósito INVT;52,92;7.938,00;;;0,00000000000000;
GA01;1G-04-03A;401447;CABO CU PROTEGIDO EPR 500MM2 8,7/15KV;M;1.918;L2;Utilização livre depósito INVT;424,41;814.018,38;;;0,00000000000000;
GA01;1G-04-03A;403663;CABO CONCENTRICO CU 3X70+70MM;M;534;L2;Utilização livre depósito INVT;328,27;175.296,18;;;0,00000000000000;
GA01;1G-04-03A;403852;CABO AL CONCENTRICO 3F 3X70+70MM2;M;4.638;L2;Utilização livre depósito INVT;64,46;298.965,48;;;0,00000000000000;
GA01;1G-05-01A;400301;CABO ELETR NU AL CAA 795MCM TERN - LDR;KG;1.183;L2;Utilização livre depósito INVT;24,35;28.806,05;;;0,00000000000000;
GA01;1G-05-01A;400713;CABO ELETR NU CAA AL 954MCM MAGNOLIA LDR;KG;15.621;L2;Utilização livre depósito INVT;10,00;156.210,00;;;0,00000000000000;
GA01;1G-05-01A;804124;CABO ELETR NU CAA AL 477MCM HAWK;KG;2.739;F3;Utilização livre depósito CUST;22,55;61.764,45;;;0,00000000000000;
GA01;1G-05-02A;403487;CABO ELET MULTIP AUTOS 3X1X35+1X70MM2;M;348;L2;Utilização livre depósito INVT;5,92;2.060,16;;;0,00000000000000;
GA01;1G-05-02A;403693;CABO CONCENTRICO CU 3X35+35MM;M;1.281;L2;Utilização livre depósito INVT;184,23;235.998,63;;;0,00000000000000;
GA01;1G-05-02A;403823;CABO CONCENTRICO CU 3X25+25MM;M;1.020;L2;Utilização livre depósito INVT;106,06;108.181,20;;;0,00000000000000;
GA01;1G-05-02A;403826;CABO CU CONCENTRICO 1F 1X16+16MM2;M;1.000;L2;Utilização livre depósito INVT;31,98;31.980,00;;;0,00000000000000;
GA01;1G-05-02A;800021;CABO ELET CU 95MM2 90°XLPE 0,6/1KV;M;3.539;F3;Utilização livre depósito CUST;82,67;292.569,13;;;0,00000000000000;
GA01;1G-05-02A;800059;CABO ELET NU CA 336,4MCM 170MM2 TULIP;KG;209;F3;Utilização livre depósito CUST;24,44;5.107,96;;;0,00000000000000;
GA01;1G-05-02A;803144;CABO ELET 15KV AL PROT XLPE 150MM2 1F MT;M;1.017;F3;Utilização livre depósito CUST;16,97;17.258,49;;;0,00000000000000;
GA01;1G-05-02A;804639;CABO AL CONCENTRICO 3F 3X25+25MM2;M;750;F3;Utilização livre depósito CUST;22,88;17.160,00;;;0,00000000000000;
GA01;1G-05-03A;400325;CABO COMANDO/CONTR 2X6MM2 0,6/1KV SBE;M;125;L2;Utilização livre depósito INVT;15,95;1.993,75;;;0,00000000000000;
GA01;1G-05-03A;400691;CABO COMANDO/CONTR 12X1,5MM2 0,6/1KV SBE;M;35;L2;Utilização livre depósito INVT;28,62;1.001,70;;;0,00000000000000;
GA01;1G-05-03A;400716;CABO COMANDO/CONTR 2X4MM2 0,6/1KV SBE;M;1.595;L2;Utilização livre depósito INVT;16,02;25.551,90;;;0,00000000000000;
GA01;1G-05-03A;401817;CABO COMANDO/CONTR 4X6MM2 0,6/1KV SBE;M;45;L2;Utilização livre depósito INVT;37,74;1.698,30;;;0,00000000000000;
GA01;1G-05-03A;401886;CABO AL NU C/ALMA ACO CAA-2AWG SPAROW;KG;613;L2;Utilização livre depósito INVT;30,00;18.390,00;;;0,00000000000000;
GA01;1G-05-03A;402269;CABO ELET NU CU 95MM2 MEIO DURO;KG;2.525;L2;Utilização livre depósito INVT;162,73;410.893,25;;;0,00000000000000;
GA01;1G-05-03A;402350;CABO COMANDO/CONTR 4X4MM2 0,6/1KV SBE;M;20;L2;Utilização livre depósito INVT;14,26;285,20;;;0,00000000000000;
GA01;1G-05-03A;403323;CABO ELET FLEX 2X1,5MM2 0,6/1KV;M;8.977;L2;Utilização livre depósito INVT;4,00;35.908,00;;;0,00000000000000;
GA01;1G-05-03A;405473;CABO ELET CU 185MM2 90°XLPE 0,6/1KV;M;3.646;L2;Utilização livre depósito INVT;134,00;488.564,00;;;0,00000000000000;
GA01;1G-05-03A;803659;CORDOALHA AC 7,94MM 5/16P 7F (EHS);KG;616;F3;Utilização livre depósito CUST;29,69;18.289,04;;;0,00000000000000;
GA01;1G-05-03A;804894;CABO ELET CU 185MM2 90°XLPE 0,6/1KV;M;3.262;F3;Utilização livre depósito CUST;149,23;486.788,26;;;0,00000000000000;
GA01;1G-05-04A;401981;CABO  MULT 1X10+1X10MM² XLPE 0,6/1 KV;M;137.323;L2;Utilização livre depósito INVT;1,79;245.808,17;;;0,00000000000000;
GA01;1G-05-04A;403353;CABO ELET CU 150MM2 90°XLPE 0,6/1KV;M;1.822;L2;Utilização livre depósito INVT;120,17;218.949,74;;;0,00000000000000;
GA01;1G-05-04A;800775;CABO  MULT 2X25+1X25MM² XLPE 0,6/1 KV;M;255;F3;Utilização livre depósito CUST;6,48;1.652,40;;;0,00000000000000;
GA01;1G-05-04A;801263;CABO  MULT 1X10+1X10MM² XLPE 0,6/1 KV;M;150;F3;Utilização livre depósito CUST;1,74;261,00;;;0,00000000000000;
GA01;1G-05-04A;803907;CABO DE AÇO REVESTIDOS DE COBRE 35MM²;KG;1.935;F3;Utilização livre depósito CUST;95,55;184.889,25;;;0,00000000000000;
GA01;1G-05-05A;400450;CABO  MULT 1X16+1X16MM² XLPE 0,6/1 KV;M;15;L2;Utilização livre depósito INVT;3,33;49,95;;;0,00000000000000;
GA01;1G-05-05A;400459;CABO ELETR 15KV AL PROT XLPE 35MM2 1F MT;M;220;L2;Utilização livre depósito INVT;4,92;1.082,40;;;0,00000000000000;
GA01;1G-05-05A;401505;FIO ELETRICO CU NU 16MM2 MEIO DURO;KG;454;L2;Utilização livre depósito INVT;97,84;44.419,36;;;0,00000000000000;
GA01;1G-05-05A;402269;CABO ELET NU CU 95MM2 MEIO DURO;KG;8;L2;Utilização livre depósito INVT;162,73;1.301,84;;;0,00000000000000;
GA01;1G-05-05A;407971;CABO DE COBRE NU 150MM² MEIO-DURO;M;56;L2;Utilização livre depósito INVT;127,08;7.116,48;;;0,00000000000000;
GA01;1G-05-05A;800031;CABO ELET NU CA AL 2AWG 33,54MM2 IRIS;KG;1;F3;Utilização livre depósito CUST;27,12;27,12;;;0,00000000000000;
GA01;1G-05-05A;800327;CORDOALHA AC 6,3MM 1/4P 7F;KG;3;F3;Utilização livre depósito CUST;28,37;85,11;;;0,00000000000000;
GA01;1G-05-05A;800762;CABO  MULT 3X70+1X70 MM² XLPE 0,6/1 KV;M;39;F3;Utilização livre depósito CUST;27,11;1.057,29;;;0,00000000000000;
GA01;1G-05-05A;801316;CORDOALHA AC 9,5MM 3/8P 7F 4900DAN;KG;8;F3;Utilização livre depósito CUST;23,97;191,76;;;0,00000000000000;
GA02;2G-01-01A;800651;PARAFUSO CAB ABA PESC QD EM AC 5/8PX45MM;UN;6;F3;Utilização livre depósito CUST;4,85;29,10;;;0,00000000000000;
GA02;2G-01-01A;800700;LUVA EMENDA COMPR 185MM2;UN;260;F3;Utilização livre depósito CUST;4,99;1.297,40;;;0,00000000000000;
GA02;2G-01-01A;800722;PARAFUSO CAB ABA AC 16MM 125MM;UN;136;F3;Utilização livre depósito CUST;6,00;816,00;;;0,00000000000000;
GA02;2G-01-01A;800749;PARAFUSO CAB ABA AC 5/8X6P;UN;843;F3;Utilização livre depósito CUST;5,78;4.872,54;;;0,00000000000000;
GA02;2G-01-01A;800924;PARAFUSO ANTIVANDALISMO 5/8X2P;UN;853;F3;Utilização livre depósito CUST;22,58;19.260,74;;;0,00000000000000;
GA02;2G-01-01A;800976;PARAFUSO SXT AC 11,11MM 7/16P 31,75MM;UN;563;F3;Utilização livre depósito CUST;1,05;591,15;;;0,00000000000000;
GA02;2G-01-01A;801191;PARAFUSO CAB QD MAQ AC 5/8X6P;UN;143;F3;Utilização livre depósito CUST;6,54;935,22;;;0,00000000000000;
GA02;2G-01-01A;801347;PARAFUSO CAB QD MAQ AC 5/8X8P;UN;245;F3;Utilização livre depósito CUST;4,81;1.178,45;;;0,00000000000000;
GA02;2G-01-01A;801745;BUCHA NYLON PARAFUSO S-8;UN;11.600;F3;Utilização livre depósito CUST;0,14;1.624,00;;;0,00000000000000;
GA02;2G-01-01A;803203;TERMINAL DE PRESSÃO 6MM2;UN;400;F3;Utilização livre depósito CUST;0,96;384,00;;;0,00000000000000;
GA02;2G-01-01A;804326;TERMINAL DE PRESSAO 16MM²;UN;400;F3;Utilização livre depósito CUST;0,85;340,00;;;0,00000000000000;
GA02;2G-01-01A;805548;"PARAFUSO AUTO BROCANTE 14 X 1"" CHAV. 3/8";UN;1.520;F3;Utilização livre depósito CUST;0,29;440,80;;;0,00000000000000;
GA02;2G-01-01B;800012;TERMINAL PRE ISOL PINO TUBULAR 95MM2 AZ;UN;150;F3;Utilização livre depósito CUST;5,16;774,00;;;0,00000000000000;
GA02;2G-01-01B;800014;TERMINAL COMPRESSAO OLHAL 120MM2 1F;UN;115;F3;Utilização livre depósito CUST;6,09;700,35;;;0,00000000000000;
GA02;2G-01-01B;800150;TERMINAL PRESSAO CU 50MM2;UN;190;F3;Utilização livre depósito CUST;1,94;368,60;;;0,00000000000000;
GA02;2G-01-01B;800486;LUVA EMENDA HASTE PROL 5/8PX70MM;UN;8;F3;Utilização livre depósito CUST;9,12;72,96;;;0,00000000000000;
GA02;2G-01-01B;800733;TERMINAL ELET CU ELET 240MM2 LING RET 2F;UN;10;F3;Utilização livre depósito CUST;71,63;716,30;;;0,00000000000000;
GA02;2G-01-01B;800769;PARA-RAIO FRANKLIN CU 300MM 4P 3/4PBSP;UN;28;F3;Utilização livre depósito CUST;10,95;306,60;;;0,00000000000000;
GA02;2G-01-01B;800939;PARAFUSO CAB CHATA 4,2X25 S6;UN;4.675;F3;Utilização livre depósito CUST;0,09;420,75;;;0,00000000000000;
GA02;2G-01-01B;800979;TERMINAL PRESSAO CU 120MM2;UN;127;F3;Utilização livre depósito CUST;8,25;1.047,75;;;0,00000000000000;
GA02;2G-01-01B;801195;TERMINAL P/ CABO 2,5MM2 OLHAL FURO 4,3MM;UN;2.000;F3;Utilização livre depósito CUST;0,67;1.340,00;;;0,00000000000000;
GA02;2G-01-01B;801374;TERMINAL COMPRESSAO 95MM;UN;166;F3;Utilização livre depósito CUST;2,39;396,74;;;0,00000000000000;
GA02;2G-01-01B;802247;LUVA EMENDA CABO ALUM 35MM COMP 90 MM;UN;321;F3;Utilização livre depósito CUST;6,99;2.243,79;;;0,00000000000000;
GA02;2G-01-01B;802596;LUVA EMENDA COMPR CU 120MM2;UN;500;F3;Utilização livre depósito CUST;17,13;8.565,00;;;0,00000000000000;
GA02;2G-01-01B;803202;TERMINAL DE PRESSÃO 4MM2;UN;80;F3;Utilização livre depósito CUST;0,85;68,00;;;0,00000000000000;
GA02;2G-01-01B;803579;PARAFUSO AUTO BROC CHAT phillips 4.2x25m;UN;1.500;F3;Utilização livre depósito CUST;0,13;195,00;;;0,00000000000000;
GA02;2G-01-01C;800007;TERMINAL PRESSAO CU 70MM2;UN;560;F3;Utilização livre depósito CUST;4,59;2.570,40;;;0,00000000000000;
GA02;2G-01-01C;800243;ARRUELA PRES AC PARAF 3/8P 5/8P;UN;892;F3;Utilização livre depósito CUST;0,54;481,68;;;0,00000000000000;
GA02;2G-01-01C;800357;EMENDA PREF COND AL 2AWG 711MM;UN;936;F3;Utilização livre depósito CUST;8,26;7.731,36;;;0,00000000000000;
GA02;2G-01-01C;800526;PARAFUSO SXT 7/16 S/PORCA;UN;470;F3;Utilização livre depósito CUST;2,14;1.005,80;;;0,00000000000000;
GA02;2G-01-01C;800624;PARAFUSO CAB ABA AC PESC QD 5/8X2.1/2P;UN;167;F3;Utilização livre depósito CUST;7,04;1.175,68;;;0,00000000000000;
GA02;2G-01-01C;801083;PORCA SEXT AI304 3/8P UNC;UN;738;F3;Utilização livre depósito CUST;0,43;317,34;;;0,00000000000000;
GA02;2G-01-01D;403803;ALCA PREFORM CABO CONC  3X10 + 10;UN;1.900;L2;Utilização livre depósito INVT;8,63;16.397,00;;;0,00000000000000;
GA02;2G-01-01D;800596;LACO DISTRIBUICAO PREF CAA 1/0AWG;UN;3.040;F3;Utilização livre depósito CUST;2,13;6.475,20;;;0,00000000000000;
GA02;2G-01-01E;800767;CAPA PROTETORA CONEC CUNHA 15KV AZ/BR;UN;1.440;F3;Utilização livre depósito CUST;23,06;33.206,40;;;0,00000000000000;
GA02;2G-01-01E;801146;LACO LATERAL PREF DUPLO 2/0AWG;UN;2.654;F3;Utilização livre depósito CUST;3,10;8.227,40;;;0,00000000000000;
GA02;2G-01-02A;801240;CONECTOR PERF 4 SAÍDAS 25-240MM2/1,5-35M;UN;203;F3;Utilização livre depósito CUST;74,03;15.028,09;;;0,00000000000000;
GA02;2G-01-02B;800952;LACO PREF ROLD CA 2/0AWG LJ;UN;3.846;F3;Utilização livre depósito CUST;2,88;11.076,48;;;0,00000000000000;
GA02;2G-01-02C;800779;ALCA PREFORM DIST CAA 336,4MCM VERDE;UN;950;F3;Utilização livre depósito CUST;22,74;21.603,00;;;0,00000000000000;
GA02;2G-01-02D;800500;LACO ROLD PREF 336,4MCM;UN;1.920;F3;Utilização livre depósito CUST;1,61;3.091,20;;;0,00000000000000;
GA02;2G-01-02D;800600;LACO DISTRIBUICAO PREF CAA 2/0AWG AC;UN;2.880;F3;Utilização livre depósito CUST;1,43;4.118,40;;;0,00000000000000;
GA02;2G-01-03A;800345;GANCHO OLHAL AC 17MM 7000KGF;UN;847;F3;Utilização livre depósito CUST;18,71;15.847,37;;;0,00000000000000;
GA02;2G-01-03A;800528;PARAFUSO OLH AC 5/8P 650MM;UN;474;F3;Utilização livre depósito CUST;32,87;15.580,38;;;0,00000000000000;
GA02;2G-01-03B;800392;FIXADOR PERFIL U AC 150DAN 300DAN;UN;42;F3;Utilização livre depósito CUST;20,24;850,08;;;0,00000000000000;
GA02;2G-01-03B;801240;CONECTOR PERF 4 SAÍDAS 25-240MM2/1,5-35M;UN;625;F3;Utilização livre depósito CUST;74,03;46.268,75;;;0,00000000000000;
GA02;2G-01-03C;800800;SEALTUBO ACO ZINC 1.1/2P 436X382MM;M;46;F3;Utilização livre depósito CUST;70,33;3.235,18;;;0,00000000000000;
GA02;2G-01-03C;801240;CONECTOR PERF 4 SAÍDAS 25-240MM2/1,5-35M;UN;625;F3;Utilização livre depósito CUST;74,03;46.268,75;;;0,00000000000000;
GA02;2G-01-03D;410147;CX BLIND P/ MED MONO C/ ABERT INTEL;UN;27;L2;Utilização livre depósito INVT;297,57;8.034,39;;;0,00000000000000;
GA02;2G-01-04A;800717;GRAMPO LV OLHAL 18MM 10-120/10-70MM2;UN;442;F3;Utilização livre depósito CUST;67,93;30.025,06;;;0,00000000000000;
GA02;2G-01-04A;801186;OLHAL PARAFUSO AC 16MM 5000DAN;UN;562;F3;Utilização livre depósito CUST;15,74;8.845,88;;;0,00000000000000;
GA02;2G-01-04A;803452;ESPACADOR LOSANG CLASSE 15KV C/ GARRAS;UN;104;F3;Utilização livre depósito CUST;22,31;2.320,24;;;0,00000000000000;
GA02;2G-01-04A;804421;ISOLADOR PINO, POLIMERICO COM TRAVAS;UN;227;F3;Utilização livre depósito CUST;25,41;5.768,07;;;0,00000000000000;
GA02;2G-01-04B;401108;LACO DISTRIBUICAO PREF CAA 1/0AWG;UN;4.428;L2;Utilização livre depósito INVT;2,34;10.361,52;;;0,00000000000000;
GA02;2G-01-04B;800623;LACO PLAST TOP ISOL 57MM CAB 120 MM 15KV;UN;22;F3;Utilização livre depósito CUST;14,56;320,32;;;0,00000000000000;
GA02;2G-01-04B;800734;PARA-RAIO DISTRIB POL 280V 10KA ISOL;UN;576;F3;Utilização livre depósito CUST;40,61;23.391,36;;;0,00000000000000;
GA02;2G-01-04C;800596;LACO DISTRIBUICAO PREF CAA 1/0AWG;UN;4.900;F3;Utilização livre depósito CUST;2,13;10.437,00;;;0,00000000000000;
GA02;2G-01-04D;410147;CX BLIND P/ MED MONO C/ ABERT INTEL;UN;100;L2;Utilização livre depósito INVT;297,57;29.757,00;;;0,00000000000000;
GA02;2G-01-04D;804421;ISOLADOR PINO, POLIMERICO COM TRAVAS;UN;280;F3;Utilização livre depósito CUST;25,41;7.114,80;;;0,00000000000000;
GA02;2G-01-05A;403804;ALCA PREFORM 6,4MM 1/4P AM 635MM;UN;2.358;L2;Utilização livre depósito INVT;6,83;16.105,14;;;0,00000000000000;
GA02;2G-01-05A;800262;CHAVE FUSIVEL INDIC 15KV 200A/95KV BUC;UN;62;F3;Utilização livre depósito CUST;404,88;25.102,56;;;0,00000000000000;
GA02;2G-01-05B;400655;GRAMPO ANCOR CUNHA AL 185MM2 400DAN;UN;9;L2;Utilização livre depósito INVT;42,11;378,99;;;0,00000000000000;
GA02;2G-01-05B;800341;GRAMPO ANCOR CUNHA AL 185MM2 400DAN;UN;342;F3;Utilização livre depósito CUST;37,30;12.756,60;;;0,00000000000000;
GA02;2G-01-05B;800709;LACO PREF ISOLADOR ROLD CA 2AWG LJ 33MM2;UN;1.664;F3;Utilização livre depósito CUST;1,86;3.095,04;;;0,00000000000000;
GA02;2G-01-05C;800500;LACO ROLD PREF 336,4MCM;UN;1.557;F3;Utilização livre depósito CUST;1,61;2.506,77;;;0,00000000000000;
GA02;2G-01-05D;804421;ISOLADOR PINO, POLIMERICO COM TRAVAS;UN;840;F3;Utilização livre depósito CUST;25,41;21.344,40;;;0,00000000000000;
GA02;2G-01-06A;403804;ALCA PREFORM 6,4MM 1/4P AM 635MM;UN;3.499;L2;Utilização livre depósito INVT;6,83;23.898,17;;;0,00000000000000;
GA02;2G-01-06A;800715;PARAFUSO CAB ABA PESC QD AC 16MM 70MM;UN;12.187;F3;Utilização livre depósito CUST;1,49;18.158,63;;;0,00000000000000;
GA02;2G-01-06B;802214;CHAVE SEC MONOP FACA 15KV 630A C/TER CUN;UN;57;F3;Utilização livre depósito CUST;402,50;22.942,50;;;0,00000000000000;
GA02;2G-01-06C;800064;CHAVE SEC 1P 36,2KV 400A 34,5KV;UN;7;F3;Utilização livre depósito CUST;238,24;1.667,68;;;0,00000000000000;
GA02;2G-01-06C;800595;LACO LATERAL DUPLO 4/0AWG;UN;1.191;F3;Utilização livre depósito CUST;3,22;3.835,02;;;0,00000000000000;
GA02;2G-01-06D;401857;CHAVE FUSIVEL DIST 15KV 100A/10KA PORC;UN;66;L2;Utilização livre depósito INVT;315,60;20.829,60;;;0,00000000000000;
GA02;2G-01-07A;400930;PARAFUSO CAB ABA AC 10MM 115MM;UN;6.052;L2;Utilização livre depósito INVT;2,73;16.521,96;;;0,00000000000000;
GA02;2G-01-07B;803367;EMENDA PREF COND AL 2/0 AWG 1016MM;UN;663;F3;Utilização livre depósito CUST;31,41;20.824,83;;;0,00000000000000;
GA02;2G-01-07C;800515;ISOLADOR ANCOR POLIM 15KV 5000DAN;UN;1.000;F3;Utilização livre depósito CUST;37,50;37.500,00;;;0,00000000000000;
GA02;2G-01-07D;800515;ISOLADOR ANCOR POLIM 15KV 5000DAN;UN;1.000;F3;Utilização livre depósito CUST;37,50;37.500,00;;;0,00000000000000;
GA02;2G-01-08A;800108;PARAFUSO CAB ABA AC 16MM 45MM;UN;1.474;F3;Utilização livre depósito CUST;4,39;6.470,86;;;0,00000000000000;
GA02;2G-01-08A;800352;ESTRIBO BRACO L-EST-01 FOFO 200DAN;UN;94;F3;Utilização livre depósito CUST;12,79;1.202,26;;;0,00000000000000;
GA02;2G-01-08A;801178;ARMACAO SEC PRESB 1EST 4,2MM ACO;UN;1.608;F3;Utilização livre depósito CUST;13,75;22.110,00;;;0,00000000000000;
GA02;2G-01-08B;800228;ALCA PREFORM DIST CAA/CA 1/0AWG 50MM2;UN;992;F3;Utilização livre depósito CUST;8,02;7.955,84;;;0,00000000000000;
GA02;2G-01-08B;800959;PORTA-FUSIVEL 15KV 100A;UN;842;F3;Utilização livre depósito CUST;109,23;91.971,66;;;0,00000000000000;
GA02;2G-01-08C;801199;ALCA PREFORM DIST 4/0 AWG 120MM2;UN;415;F3;Utilização livre depósito CUST;9,06;3.759,90;;;0,00000000000000;
GA02;2G-01-08D;408994;ISOLADOR PINO, POLIMERICO COM TRAVAS;UN;725;L2;Utilização livre depósito INVT;25,34;18.371,50;;;0,00000000000000;
GA02;2G-01-09A;800944;ISOLADOR RODL PORC 15KV 81X47MM 1350DAN;UN;4.692;F3;Utilização livre depósito CUST;9,13;42.837,96;;;0,00000000000000;
GA02;2G-01-09B;801240;CONECTOR PERF 4 SAÍDAS 25-240MM2/1,5-35M;UN;1.725;F3;Utilização livre depósito CUST;74,03;127.701,75;;;0,00000000000000;
GA02;2G-01-09C;800842;ALCA PREFORM ESTAI 3/8P 9,5MM 889MM;UN;587;F3;Utilização livre depósito CUST;11,36;6.668,32;;;0,00000000000000;
GA02;2G-01-09C;801240;CONECTOR PERF 4 SAÍDAS 25-240MM2/1,5-35M;UN;875;F3;Utilização livre depósito CUST;74,03;64.776,25;;;0,00000000000000;
GA02;2G-01-09D;801240;CONECTOR PERF 4 SAÍDAS 25-240MM2/1,5-35M;UN;1.875;F3;Utilização livre depósito CUST;74,03;138.806,25;;;0,00000000000000;
GA02;2G-01-10B;401857;CHAVE FUSIVEL DIST 15KV 100A/10KA PORC;UN;126;L2;Utilização livre depósito INVT;315,60;39.765,60;;;0,00000000000000;
GA02;2G-01-10C;401857;CHAVE FUSIVEL DIST 15KV 100A/10KA PORC;UN;66;L2;Utilização livre depósito INVT;315,60;20.829,60;;;0,00000000000000;
GA02;2G-01-10D;801240;CONECTOR PERF 4 SAÍDAS 25-240MM2/1,5-35M;UN;1.750;F3;Utilização livre depósito CUST;74,03;129.552,50;;;0,00000000000000;
GA02;2G-01-11A;404114;MED IN 2E 3F 120 240V 120A TB QE GD B;UN;68;L2;Utilização livre depósito INVT;587,02;39.917,36;;;0,00000000000000;
GA02;2G-01-11A;404115;MED IN 3E 4F 120 240V 120A TB QE GD B;UN;69;L2;Utilização livre depósito INVT;663,88;45.807,72;;;0,00000000000000;
GA02;2G-01-11A;404617;MEDIDOR INTEL  3EL 4F 120V/220V 30/200A;UN;15;L2;Utilização livre depósito INVT;1.247,99;18.719,85;;;0,00000000000000;
GA02;2G-01-11B;405382;MED IN 3E 4F 120 240V 10A TB GD DF C;UN;112;L2;Utilização livre depósito INVT;1.903,46;213.187,52;;;0,00000000000000;
GA02;2G-01-11B;801164;PINO ISOLADOR POLIMERICO AC 15KV 200MM;UN;358;F3;Utilização livre depósito CUST;27,34;9.787,72;;;0,00000000000000;
GA02;2G-01-11C;405382;MED IN 3E 4F 120 240V 10A TB GD DF C;UN;320;L2;Utilização livre depósito INVT;1.903,46;609.107,20;;;0,00000000000000;
GA02;2G-01-12A;402824;MED EL 1E 2F 120V 100A GD B;UN;290;L2;Utilização livre depósito INVT;59,24;17.179,60;;;0,00000000000000;
GA02;2G-01-12A;801256;PERFIL U AC 76X900MM REDE COMPACTA;UN;18;F3;Utilização livre depósito CUST;111,13;2.000,34;;;0,00000000000000;
GA02;2G-01-12B;400909;MED EL 1E 3F 240V 100A TB GD B;UN;35;L2;Utilização livre depósito INVT;82,25;2.878,75;;;0,00000000000000;
GA02;2G-01-12B;404112;MED IN 1E 2F 120 240V 120A TB QE GD B;UN;282;L2;Utilização livre depósito INVT;350,08;98.722,56;;;0,00000000000000;
GA02;2G-01-12B;404115;MED IN 3E 4F 120 240V 120A TB QE GD B;UN;26;L2;Utilização livre depósito INVT;663,88;17.260,88;;;0,00000000000000;
GA02;2G-01-12C;402816;MED IN 3E 4F 120 240V 10A TB GD C;UN;192;L2;Utilização livre depósito INVT;689,35;132.355,20;;;0,00000000000000;
GA02;2G-01-12C;404115;MED IN 3E 4F 120 240V 120A TB QE GD B;UN;117;L2;Utilização livre depósito INVT;663,88;77.673,96;;;0,00000000000000;
GA02;2G-01-12D;410147;CX BLIND P/ MED MONO C/ ABERT INTEL;UN;66;L2;Utilização livre depósito INVT;297,57;19.639,62;;;0,00000000000000;
GA02;2G-01-13A;409793;TRAFO POTENCIAL 13,8KV/RAIZ3-115V/0,3P75;UN;10;L2;Utilização livre depósito INVT;4.316,63;43.166,30;;;0,00000000000000;
GA02;2G-01-13B;404114;MED IN 2E 3F 120 240V 120A TB QE GD B;UN;53;L2;Utilização livre depósito INVT;587,02;31.112,06;;;0,00000000000000;
GA02;2G-01-13B;407439;MED IN 1E 2F 120 240V 100A TB GD B;UN;130;L2;Utilização livre depósito INVT;658,29;85.577,70;;;0,00000000000000;
GA02;2G-01-13B;408749;MEDIDOR INT 3F 3EL 4FIO 120-220V 15/120A;UN;10;L2;Utilização livre depósito INVT;752,47;7.524,70;;;0,00000000000000;
GA02;2G-01-14A;401632;LACRE SEG MET 11DIG BR;UN;34.700;L2;Utilização livre depósito INVT;2,21;76.687,00;;;0,00000000000000;
GA02;2G-01-14B;400183;MED EL 2E 3F 120V 120A TB GD B;UN;118;L2;Utilização livre depósito INVT;502,06;59.243,08;;;0,00000000000000;
GA02;2G-01-14B;407443;MOSTRADOR REMOTO MEDIDORES 1003 AC/BAT;UN;155;L2;Utilização livre depósito INVT;795,59;123.316,45;;;0,00000000000000;
GA02;2G-01-14C;804287;DISJUNTOR ELETROMAG 380VCA 1F 32A 10KA;UN;3;F3;Utilização livre depósito CUST;6,60;19,80;;;0,00000000000000;
GA02;2G-01-14C;805413;DISJUNTOR TERM 3P 40A 240/380VCA;UN;148;F3;Utilização livre depósito CUST;31,06;4.596,88;;;0,00000000000000;
GA02;2G-01-14C;805414;DISJUNTOR TERM 3P 50A 127/220VCA;UN;131;F3;Utilização livre depósito CUST;33,52;4.391,12;;;0,00000000000000;
GA02;2G-01-15A;400041;TRAFO CRTE 0,6KV100-5A;UN;43;L2;Utilização livre depósito INVT;173,28;7.451,04;;;0,00000000000000;
GA02;2G-01-15A;401685;"TRAFO CRTE 0,6KV;600-5A 0,3C12,5 JANELA";UN;103;L2;Utilização livre depósito INVT;410,87;42.319,61;;;0,00000000000000;
GA02;2G-01-15A;402322;MED EL 3E 4F 120V 120A TB GD B;UN;12;L2;Utilização livre depósito INVT;752,47;9.029,64;;;0,00000000000000;
GA02;2G-01-15A;404113;MED IN 1E 3F 240V 120A TB QE GD B;UN;67;L2;Utilização livre depósito INVT;436,80;29.265,60;;;0,00000000000000;
GA02;2G-01-15B;110130;DISJUNTOR TERM 2P 400V 25A;UN;1;F3;Utilização livre depósito CUST;33,33;33,33;;;0,00000000000000;
GA02;2G-01-15B;110164;DISJUNTOR TERM 2P 380V 10A 60HZ;UN;1;F3;Utilização livre depósito CUST;0,01;0,01;;;0,00000000000000;
GA02;2G-01-15B;110253;DISJUNTOR NEMA BIPOLAR 20A;UN;20;F3;Utilização livre depósito CUST;16,02;320,40;;;0,00000000000000;
GA02;2G-01-15B;110401;DISJUNTOR 1P 380VCA 40A;UN;81;F3;Utilização livre depósito CUST;5,24;424,44;;;0,00000000000000;
GA02;2G-01-15B;110494;DISJUNTOR 1P 16A 230/400VCA CURVA C;UN;2;F3;Utilização livre depósito CUST;30,16;60,32;;;0,00000000000000;
GA02;2G-01-15B;110595;DISJUNTOR 2P 380VCA 50A;UN;3;F3;Utilização livre depósito CUST;20,02;60,06;;;0,00000000000000;
GA02;2G-01-15B;110630;DISJUNTOR 1P 380VCA 10A;UN;30;F3;Utilização livre depósito CUST;4,45;133,50;;;0,00000000000000;
GA02;2G-01-15B;400292;"TRAFO CRTE 0,6KV;300-5A 0,3C12,5 JANELA";UN;10;L2;Utilização livre depósito INVT;408,64;4.086,40;;;0,00000000000000;
GA02;2G-01-15B;804050;DISJUNTOR 2P 127/220V 400VCA 32A;UN;270;F3;Utilização livre depósito CUST;16,20;4.374,00;;;0,00000000000000;
GA02;2G-01-15B;805413;DISJUNTOR TERM 3P 40A 240/380VCA;UN;8;F3;Utilização livre depósito CUST;31,06;248,48;;;0,00000000000000;
GA02;2G-01-15C;402675;CHAVE AFERICAO SOBREPOR 6P CORR/4P TENS;UN;250;L2;Utilização livre depósito INVT;342,19;85.547,50;;;0,00000000000000;
GA02;2G-01-15C;801786;CHAVE AFERICAO SOBREPOR 6P CORR/4P TENS;UN;244;F3;Utilização livre depósito CUST;342,19;83.494,36;;;0,00000000000000;
GA02;2G-01-15E;402824;MED EL 1E 2F 120V 100A GD B;UN;856;L2;Utilização livre depósito INVT;59,24;50.709,44;;;0,00000000000000;
GA02;2G-01-16A;401771;"TRAFO CRTE 15KV; 60-5A; 0,3C12,5 BARRA";UN;22;L2;Utilização livre depósito INVT;1.353,32;29.773,04;;;0,00000000000000;
GA02;2G-01-16A;803440;ENVELOPE DE PLAST COM FECHO DE SEG;UN;80;F3;Utilização livre depósito CUST;4,79;383,20;;;0,00000000000000;
GA02;2G-01-16B;401226;"TRAFO CRTE 0,6KV; 200-5A; 0,3C2,5 INT";UN;1;L2;Utilização livre depósito INVT;425,45;425,45;;;0,00000000000000;
GA02;2G-01-16B;401308;"TRAFO CRTE 15KV; 10-5A; 0,3C12,5 BARRA";UN;22;L2;Utilização livre depósito INVT;1.440,74;31.696,28;;;0,00000000000000;
GA02;2G-01-16B;404613;"TRAFO CRTE 15KV; 40-5A; 0,3C12,5 BARRA";UN;17;L2;Utilização livre depósito INVT;1.184,19;20.131,23;;;0,00000000000000;
GA02;2G-01-16C;403513;ENVELOPE DE PLAST COM FECHO DE SEG;UN;3.187;L2;Utilização livre depósito INVT;4,99;15.903,13;;;0,00000000000000;
GA02;2G-02-01A;800965;PARAFUSO OLH AC 5/8P 800MM;UN;189;F3;Utilização livre depósito CUST;23,35;4.413,15;;;0,00000000000000;
GA02;2G-02-01A;801206;GANCHO SUSP OLHAL AC 18MM 11000KGF;UN;836;F3;Utilização livre depósito CUST;33,68;28.156,48;;;0,00000000000000;
GA02;2G-02-01B;800254;BRACO ANTIBALANCO PA PT 15KV 320MM;UN;6;F3;Utilização livre depósito CUST;14,46;86,76;;;0,00000000000000;
GA02;2G-02-01B;800596;LACO DISTRIBUICAO PREF CAA 1/0AWG;UN;168;F3;Utilização livre depósito CUST;2,13;357,84;;;0,00000000000000;
GA02;2G-02-01B;801857;CONTROLADOR REGULADOR TENSAO CTR 2 ITB;UN;14;F3;Utilização livre depósito CUST;4.585,56;64.197,84;;;0,00000000000000;
GA02;2G-02-01B;802164;BUCHA C/ARRUELA PVC 1.1/2P;UN;274;F3;Utilização livre depósito CUST;0,00;0,00;;;0,00000000000000;
GA02;2G-02-01B;802180;EMENDA PREF CA 2/0AWG 7F AM;UN;39;F3;Utilização livre depósito CUST;20,81;811,59;;;0,00000000000000;
GA02;2G-02-01B;803072;BUCHA PVC DIAMETRO  1 POL  COM ARRUELA;UN;3.700;F3;Utilização livre depósito CUST;1,36;5.032,00;;;0,00000000000000;
GA02;2G-02-01B;803177;ABRACADEIRA TIPO U  1 1/2P;UN;271;F3;Utilização livre depósito CUST;0,01;2,71;;;0,00000000000000;
GA02;2G-02-01C;800595;LACO LATERAL DUPLO 4/0AWG;UN;450;F3;Utilização livre depósito CUST;3,22;1.449,00;;;0,00000000000000;
GA02;2G-02-01C;801228;LACO PREF TOPO CAA/CA 4/0AWG VM;UN;1.639;F3;Utilização livre depósito CUST;2,03;3.327,17;;;0,00000000000000;
GA02;2G-02-01D;403667;ALCA PREFORM CABO CONC  2X10 + 10;UN;1.450;L2;Utilização livre depósito INVT;7,55;10.947,50;;;0,00000000000000;
GA02;2G-02-01D;800616;LACO LATERAL PREF CAA E CA 1/0AWG DUPLO;UN;1.996;F3;Utilização livre depósito CUST;4,86;9.700,56;;;0,00000000000000;
GA02;2G-02-01E;800254;BRACO ANTIBALANCO PA PT 15KV 320MM;UN;400;F3;Utilização livre depósito CUST;14,46;5.784,00;;;0,00000000000000;
GA02;2G-02-01E;800595;LACO LATERAL DUPLO 4/0AWG;UN;1.200;F3;Utilização livre depósito CUST;3,22;3.864,00;;;0,00000000000000;
GA02;2G-02-02A;400972;PARAFUSO OLH AC 5/8P 800MM;UN;117;L2;Utilização livre depósito INVT;25,36;2.967,12;;;0,00000000000000;
GA02;2G-02-02A;801225;PARAFUSO OLH AC 5/8P 24P;UN;201;F3;Utilização livre depósito CUST;29,61;5.951,61;;;0,00000000000000;
GA02;2G-02-02A;805173;PARAFUSO CAB QD AC 12MM 350MM;UN;335;F3;Utilização livre depósito CUST;17,26;5.782,10;;;0,00000000000000;
GA02;2G-02-02B;800226;ALCA PREFORM SERV CA 16MM2 305MM;UN;60;F3;Utilização livre depósito CUST;2,80;168,00;;;0,00000000000000;
GA02;2G-02-02B;800494;LACO PREF ROLD CA 1/0AWG LJ;UN;245;F3;Utilização livre depósito CUST;2,63;644,35;;;0,00000000000000;
GA02;2G-02-02B;800779;ALCA PREFORM DIST CAA 336,4MCM VERDE;UN;25;F3;Utilização livre depósito CUST;22,74;568,50;;;0,00000000000000;
GA02;2G-02-02B;801203;ALCA PREFORM SERV 10MM2 3,7-4,1MM2;UN;120;F3;Utilização livre depósito CUST;1,65;198,00;;;0,00000000000000;
GA02;2G-02-02B;801849;ESTICADOR P/CABO ACO 5/16P;UN;81;L2;Utilização livre depósito INVT;0,01;0,81;;;0,00000000000000;
GA02;2G-02-02C;800779;ALCA PREFORM DIST CAA 336,4MCM VERDE;UN;190;F3;Utilização livre depósito CUST;22,74;4.320,60;;;0,00000000000000;
GA02;2G-02-02C;802180;EMENDA PREF CA 2/0AWG 7F AM;UN;260;F3;Utilização livre depósito CUST;20,81;5.410,60;;;0,00000000000000;
GA02;2G-02-02D;800494;LACO PREF ROLD CA 1/0AWG LJ;UN;1.350;F3;Utilização livre depósito CUST;2,63;3.550,50;;;0,00000000000000;
GA02;2G-02-02D;800614;LACO LATERAL DUPLO CA 2AWG;UN;3.052;F3;Utilização livre depósito CUST;3,90;11.902,80;;;0,00000000000000;
GA02;2G-02-02E;800614;LACO LATERAL DUPLO CA 2AWG;UN;900;F3;Utilização livre depósito CUST;3,90;3.510,00;;;0,00000000000000;
GA02;2G-02-02E;800779;ALCA PREFORM DIST CAA 336,4MCM VERDE;UN;495;F3;Utilização livre depósito CUST;22,74;11.256,30;;;0,00000000000000;
GA02;2G-02-03A;800922;PARAFUSO CAB QD AC 16MM 450MM;UN;330;F3;Utilização livre depósito CUST;23,51;7.758,30;;;0,00000000000000;
GA02;2G-02-03B;401834;CONECTOR PARAL AL 10AWG-1/0AWG;UN;2.230;L2;Utilização livre depósito INVT;11,69;26.068,70;;;0,00000000000000;
GA02;2G-02-03B;800614;LACO LATERAL DUPLO CA 2AWG;UN;122;F3;Utilização livre depósito CUST;3,90;475,80;;;0,00000000000000;
GA02;2G-02-03B;801039;ALCA PREFORM SERV 50MM2 45MM2;UN;40;F3;Utilização livre depósito CUST;7,41;296,40;;;0,00000000000000;
GA02;2G-02-03C;401857;CHAVE FUSIVEL DIST 15KV 100A/10KA PORC;UN;7;L2;Utilização livre depósito INVT;315,60;2.209,20;;;0,00000000000000;
GA02;2G-02-03D;800077;CONECTOR COMP DER 1/0-4/0AWG 9,4-14,3;UN;9.919;F3;Utilização livre depósito CUST;1,52;15.076,88;;;0,00000000000000;
GA02;2G-02-03E;800505;LACO PREF TOPO DUPLO CA 336,4MCM VM;UN;3.290;F3;Utilização livre depósito CUST;2,18;7.172,20;;;0,00000000000000;
GA02;2G-02-03E;800817;CHAVE FUSIVEL DIST 15KV 100A/10KA PORC;UN;26;F3;Utilização livre depósito CUST;317,77;8.262,02;;;0,00000000000000;
GA02;2G-02-04A;401763;PARAFUSO OLH AC 5/8P 650MM;UN;224;L2;Utilização livre depósito INVT;35,10;7.862,40;;;0,00000000000000;
GA02;2G-02-04A;800528;PARAFUSO OLH AC 5/8P 650MM;UN;269;F3;Utilização livre depósito CUST;32,87;8.842,03;;;0,00000000000000;
GA02;2G-02-04A;800963;PARAFUSO CAB QD MAQ AC 5/8X20P;UN;1.911;F3;Utilização livre depósito CUST;20,16;38.525,76;;;0,00000000000000;
GA02;2G-02-04B;800427;BRACO C/GRAMPO SUSPE SECU 500DAN;UN;90;F3;Utilização livre depósito CUST;41,44;3.729,60;;;0,00000000000000;
GA02;2G-02-04B;800767;CAPA PROTETORA CONEC CUNHA 15KV AZ/BR;UN;518;F3;Utilização livre depósito CUST;23,06;11.945,08;;;0,00000000000000;
GA02;2G-02-04B;800917;LACO PREF CA 2AWG PESC 57MM PURPURA;UN;148;F3;Utilização livre depósito CUST;3,21;475,08;;;0,00000000000000;
GA02;2G-02-04B;802018;PRENSA-CABOS AL 1.3/4P;UN;90;F3;Utilização livre depósito CUST;377,27;33.954,30;;;0,00000000000000;
GA02;2G-02-04C;401857;CHAVE FUSIVEL DIST 15KV 100A/10KA PORC;UN;132;L2;Utilização livre depósito INVT;315,60;41.659,20;;;0,00000000000000;
GA02;2G-02-04D;401857;CHAVE FUSIVEL DIST 15KV 100A/10KA PORC;UN;132;L2;Utilização livre depósito INVT;315,60;41.659,20;;;0,00000000000000;
GA02;2G-02-05A;800118;PARAFUSO CAB QD AC 16MM 500MM;UN;1.287;F3;Utilização livre depósito CUST;17,74;22.831,38;;;0,00000000000000;
GA02;2G-02-05A;800536;PARAFUSO MAQ CAB QD AC 5/8X24P;UN;990;F3;Utilização livre depósito CUST;23,13;22.898,70;;;0,00000000000000;
GA02;2G-02-05B;800600;LACO DISTRIBUICAO PREF CAA 2/0AWG AC;UN;997;F3;Utilização livre depósito CUST;1,43;1.425,71;;;0,00000000000000;
GA02;2G-02-05B;800897;ALCA PREFORM 6,4MM 1/4P AM 1219MM;UN;85;F3;Utilização livre depósito CUST;6,08;516,80;;;0,00000000000000;
GA02;2G-02-05B;801028;ALCA PREFORM SERV 16MM2 5,0-5,7MM2;UN;305;F3;Utilização livre depósito CUST;1,95;594,75;;;0,00000000000000;
GA02;2G-02-05C;401857;CHAVE FUSIVEL DIST 15KV 100A/10KA PORC;UN;132;L2;Utilização livre depósito INVT;315,60;41.659,20;;;0,00000000000000;
GA02;2G-02-05D;401857;CHAVE FUSIVEL DIST 15KV 100A/10KA PORC;UN;132;L2;Utilização livre depósito INVT;315,60;41.659,20;;;0,00000000000000;
GA02;2G-02-06A;800116;PARAFUSO CAB ABA AC 16MM 150MM;UN;621;F3;Utilização livre depósito CUST;5,84;3.626,64;;;0,00000000000000;
GA02;2G-02-06B;800872;CONECTOR AUTO PERF DU 70-240 / 70-240MM2;UN;300;F3;Utilização livre depósito CUST;51,24;15.372,00;;;0,00000000000000;
GA02;2G-02-06B;802405;ALCA PREFORM 6,4MM 1/4P AM 635MM;UN;160;F3;Utilização livre depósito CUST;5,28;844,80;;;0,00000000000000;
GA02;2G-02-06B;803507;EMENDA PREF AC 5/16 1067MM;UN;40;F3;Utilização livre depósito CUST;478,16;19.126,40;;;0,00000000000000;
GA02;2G-02-06C;401857;CHAVE FUSIVEL DIST 15KV 100A/10KA PORC;UN;132;L2;Utilização livre depósito INVT;315,60;41.659,20;;;0,00000000000000;
GA02;2G-02-06D;401857;CHAVE FUSIVEL DIST 15KV 100A/10KA PORC;UN;132;L2;Utilização livre depósito INVT;315,60;41.659,20;;;0,00000000000000;
GA02;2G-02-07A;800520;PARAFUSO CAB QD MAQ AC 5/8X16P;UN;122;F3;Utilização livre depósito CUST;16,55;2.019,10;;;0,00000000000000;
GA02;2G-02-07A;800521;PARAFUSO CAB QD 16X400MM AC;UN;198;F3;Utilização livre depósito CUST;13,56;2.684,88;;;0,00000000000000;
GA02;2G-02-07A;801047;ARRUELA LIS QD AC 17MM 11/16 57X57MM 5MM;UN;6.761;F3;Utilização livre depósito CUST;2,93;19.809,73;;;0,00000000000000;
GA02;2G-02-07A;801087;GANCHO OLHAL AC 17MM 5000KGF;UN;496;F3;Utilização livre depósito CUST;12,16;6.031,36;;;0,00000000000000;
GA02;2G-02-07B;402348;MINI DISJUNTOR 1P 25A 230/127VCA C;UN;167;L2;Utilização livre depósito INVT;7,18;1.199,06;;;0,00000000000000;
GA02;2G-02-07B;403040;DISJUNTOR ELETROMAG 380VCA 1F 32A 10KA;UN;428;L2;Utilização livre depósito INVT;5,78;2.473,84;;;0,00000000000000;
GA02;2G-02-07B;404411;DISJUNTOR MONOFASICO DE 10A;UN;110;L2;Utilização livre depósito INVT;8,00;880,00;;;0,00000000000000;
GA02;2G-02-07B;410155;CX BLIND P/ CONEXAO C/ ABERT INTEL;UN;2;L2;Utilização livre depósito INVT;1.811,52;3.623,04;;;0,00000000000000;
GA02;2G-02-07B;800105;MANILHA AC 16MM 80MM 22MM 13500DAN;UN;57;F3;Utilização livre depósito CUST;36,87;2.101,59;;;0,00000000000000;
GA02;2G-02-07B;801314;EMENDA PREF COND AL 4/0AWG PT;UN;47;F3;Utilização livre depósito CUST;118,89;5.587,83;;;0,00000000000000;
GA02;2G-02-07C;401857;CHAVE FUSIVEL DIST 15KV 100A/10KA PORC;UN;132;L2;Utilização livre depósito INVT;315,60;41.659,20;;;0,00000000000000;
GA02;2G-02-07D;401857;CHAVE FUSIVEL DIST 15KV 100A/10KA PORC;UN;132;L2;Utilização livre depósito INVT;315,60;41.659,20;;;0,00000000000000;
GA02;2G-02-08A;800530;PARAFUSO OLH AC 16MM 5/8P 475MM;UN;63;F3;Utilização livre depósito CUST;33,26;2.095,38;;;0,00000000000000;
GA02;2G-02-08A;800536;PARAFUSO MAQ CAB QD AC 5/8X24P;UN;298;F3;Utilização livre depósito CUST;23,13;6.892,74;;;0,00000000000000;
GA02;2G-02-08A;801232;CONECTOR CUNHA AM AL 336,4MCM 336,4MCM;UN;1.835;F3;Utilização livre depósito CUST;38,98;71.528,30;;;0,00000000000000;
GA02;2G-02-08B;407229;DISJUNTORES BIPOLAR 20A;UN;5;L2;Utilização livre depósito INVT;23,05;115,25;;;0,00000000000000;
GA02;2G-02-08B;408192;DISJUNTOR CAIXA MOLDADA 200A;UN;6;L2;Utilização livre depósito INVT;166,98;1.001,88;;;0,00000000000000;
GA02;2G-02-08B;409826;DISJUNTOR 3P 380VCA 100A;UN;6;L2;Utilização livre depósito INVT;62,45;374,70;;;0,00000000000000;
GA02;2G-02-08B;804881;DISJUNTOR 1P 127/220V 400VCA 32A;UN;2.276;F3;Utilização livre depósito CUST;7,33;16.683,08;;;0,00000000000000;
GA02;2G-02-08B;804882;DISJUNTOR 3P 127/220V 400VCA 40A;UN;652;F3;Utilização livre depósito CUST;24,72;16.117,44;;;0,00000000000000;
GA02;2G-02-08C;401857;CHAVE FUSIVEL DIST 15KV 100A/10KA PORC;UN;66;L2;Utilização livre depósito INVT;315,60;20.829,60;;;0,00000000000000;
GA02;2G-02-08D;401857;CHAVE FUSIVEL DIST 15KV 100A/10KA PORC;UN;132;L2;Utilização livre depósito INVT;315,60;41.659,20;;;0,00000000000000;
GA02;2G-02-09A;800929;PARAFUSO CAB QD AC 16MM 250MM;UN;240;F3;Utilização livre depósito CUST;12,11;2.906,40;;;0,00000000000000;
GA02;2G-02-09A;801064;PARAFUSO CAB ABA AC 10MM 115MM;UN;1.624;F3;Utilização livre depósito CUST;2,68;4.352,32;;;0,00000000000000;
GA02;2G-02-09A;801391;PARAFUSO CAB QD AC 16MM 2P 350MM;UN;440;F3;Utilização livre depósito CUST;14,45;6.358,00;;;0,00000000000000;
GA02;2G-02-09B;801154;LUVA EMENDA 185MM 251MM;UN;840;F3;Utilização livre depósito CUST;38,26;32.138,40;;;0,00000000000000;
GA02;2G-02-09B;801373;CONECTOR PARAL AL 10AWG-1/0AWG;UN;2.530;F3;Utilização livre depósito CUST;9,88;24.996,40;;;0,00000000000000;
GA02;2G-02-09C;401857;CHAVE FUSIVEL DIST 15KV 100A/10KA PORC;UN;171;L2;Utilização livre depósito INVT;315,60;53.967,60;;;0,00000000000000;
GA02;2G-02-09C;403803;ALCA PREFORM CABO CONC  3X10 + 10;UN;500;L2;Utilização livre depósito INVT;8,63;4.315,00;;;0,00000000000000;
GA02;2G-02-09D;401857;CHAVE FUSIVEL DIST 15KV 100A/10KA PORC;UN;132;L2;Utilização livre depósito INVT;315,60;41.659,20;;;0,00000000000000;
GA02;2G-02-09E;408994;ISOLADOR PINO, POLIMERICO COM TRAVAS;UN;400;L2;Utilização livre depósito INVT;25,34;10.136,00;;;0,00000000000000;
GA02;2G-02-10E;403337;MED EL 3E 4F 120V 200A TB GD B;UN;128;L2;Utilização livre depósito INVT;1.034,28;132.387,84;;;0,00000000000000;
GA02;2G-02-11A;402423;MED IN 3E 4F 67 120 240V 10A ACL D;UN;90;L2;Utilização livre depósito INVT;5.286,96;475.826,40;;;0,00000000000000;
GA02;2G-02-11A;404112;MED IN 1E 2F 120 240V 120A TB QE GD B;UN;85;L2;Utilização livre depósito INVT;350,08;29.756,80;;;0,00000000000000;
GA02;2G-02-11A;408332;MED IN 3E 4F 67 120 240V 10A ACL DF D;UN;105;L2;Utilização livre depósito INVT;5.709,39;599.485,95;;;0,00000000000000;
GA02;2G-02-11B;403077;MED EL 3E 4F 120 240V 120A TB GD C;UN;280;L2;Utilização livre depósito INVT;546,18;152.930,40;;;0,00000000000000;
GA02;2G-02-11C;403337;MED EL 3E 4F 120V 200A TB GD B;UN;255;L2;Utilização livre depósito INVT;1.034,28;263.741,40;;;0,00000000000000;
GA02;2G-02-11D;403337;MED EL 3E 4F 120V 200A TB GD B;UN;255;L2;Utilização livre depósito INVT;1.034,28;263.741,40;;;0,00000000000000;
GA02;2G-02-12A;403337;MED EL 3E 4F 120V 200A TB GD B;UN;70;L2;Utilização livre depósito INVT;1.034,28;72.399,60;;;0,00000000000000;
GA02;2G-02-12A;403390;PRENSA CABO PVC 1P;UN;1.846;L2;Utilização livre depósito INVT;8,66;15.986,36;;;0,00000000000000;
GA02;2G-02-12A;408332;MED IN 3E 4F 67 120 240V 10A ACL DF D;UN;23;L2;Utilização livre depósito INVT;5.709,39;131.315,97;;;0,00000000000000;
GA02;2G-02-12B;402816;MED IN 3E 4F 120 240V 10A TB GD C;UN;46;L2;Utilização livre depósito INVT;689,35;31.710,10;;;0,00000000000000;
GA02;2G-02-12B;403077;MED EL 3E 4F 120 240V 120A TB GD C;UN;137;L2;Utilização livre depósito INVT;546,18;74.826,66;;;0,00000000000000;
GA02;2G-02-12C;403337;MED EL 3E 4F 120V 200A TB GD B;UN;256;L2;Utilização livre depósito INVT;1.034,28;264.775,68;;;0,00000000000000;
GA02;2G-02-12D;403337;MED EL 3E 4F 120V 200A TB GD B;UN;256;L2;Utilização livre depósito INVT;1.034,28;264.775,68;;;0,00000000000000;
GA02;2G-02-13A;401356;"TRAFO CRTE 15KV; 15-5A; 0,3C12,5 BARRA";UN;34;L2;Utilização livre depósito INVT;1.448,53;49.250,02;;;0,00000000000000;
GA02;2G-02-13A;401678;TRAFO POT 13,8 3KV 115 REL70 1 0,3P75;UN;36;L2;Utilização livre depósito INVT;2.532,42;91.167,12;;;0,00000000000000;
GA02;2G-02-13B;402824;MED EL 1E 2F 120V 100A GD B;UN;1.440;L2;Utilização livre depósito INVT;59,24;85.305,60;;;0,00000000000000;
GA02;2G-02-13C;402824;MED EL 1E 2F 120V 100A GD B;UN;720;L2;Utilização livre depósito INVT;59,24;42.652,80;;;0,00000000000000;
GA02;2G-02-13C;403337;MED EL 3E 4F 120V 200A TB GD B;UN;128;L2;Utilização livre depósito INVT;1.034,28;132.387,84;;;0,00000000000000;
GA02;2G-02-13D;403337;MED EL 3E 4F 120V 200A TB GD B;UN;256;L2;Utilização livre depósito INVT;1.034,28;264.775,68;;;0,00000000000000;
GA02;2G-02-14A;400069;"TRAFO CRTE 15KV; 5-5A; 0,3C12,5 BARRA";UN;43;L2;Utilização livre depósito INVT;1.494,54;64.265,22;;;0,00000000000000;
GA02;2G-02-14A;401678;TRAFO POT 13,8 3KV 115 REL70 1 0,3P75;UN;36;L2;Utilização livre depósito INVT;2.532,42;91.167,12;;;0,00000000000000;
GA02;2G-02-14B;402824;MED EL 1E 2F 120V 100A GD B;UN;720;L2;Utilização livre depósito INVT;59,24;42.652,80;;;0,00000000000000;
GA02;2G-02-14C;402824;MED EL 1E 2F 120V 100A GD B;UN;1.440;L2;Utilização livre depósito INVT;59,24;85.305,60;;;0,00000000000000;
GA02;2G-02-14D;402824;MED EL 1E 2F 120V 100A GD B;UN;1.440;L2;Utilização livre depósito INVT;59,24;85.305,60;;;0,00000000000000;
GA02;2G-02-15A;400609;GANCHO OLHAL AC 18MM 5000DAN;UN;2.550;L2;Utilização livre depósito INVT;3,16;8.058,00;;;0,00000000000000;
GA02;2G-02-15A;401678;TRAFO POT 13,8 3KV 115 REL70 1 0,3P75;UN;71;L2;Utilização livre depósito INVT;2.532,42;179.801,82;;;0,00000000000000;
GA02;2G-02-15B;402824;MED EL 1E 2F 120V 100A GD B;UN;1.440;L2;Utilização livre depósito INVT;59,24;85.305,60;;;0,00000000000000;
GA02;2G-02-15C;402824;MED EL 1E 2F 120V 100A GD B;UN;1.440;L2;Utilização livre depósito INVT;59,24;85.305,60;;;0,00000000000000;
GA02;2G-02-15D;402824;MED EL 1E 2F 120V 100A GD B;UN;1.800;L2;Utilização livre depósito INVT;59,24;106.632,00;;;0,00000000000000;
GA02;2G-02-16A;401308;"TRAFO CRTE 15KV; 10-5A; 0,3C12,5 BARRA";UN;42;L2;Utilização livre depósito INVT;1.440,74;60.511,08;;;0,00000000000000;
GA02;2G-02-16A;401992;"TRAFO CRTE 0,6KV 400-5A; 0,3C12,5 BARRA";UN;143;L2;Utilização livre depósito INVT;408,64;58.435,52;;;0,00000000000000;
GA02;2G-02-16B;402824;MED EL 1E 2F 120V 100A GD B;UN;1.712;L2;Utilização livre depósito INVT;59,24;101.418,88;;;0,00000000000000;
GA02;2G-02-16C;402824;MED EL 1E 2F 120V 100A GD B;UN;856;L2;Utilização livre depósito INVT;59,24;50.709,44;;;0,00000000000000;
GA02;2G-02-16D;402824;MED EL 1E 2F 120V 100A GD B;UN;1.720;L2;Utilização livre depósito INVT;59,24;101.892,80;;;0,00000000000000;
GA02;2G-02-20C;403667;ALCA PREFORM CABO CONC  2X10 + 10;UN;1.600;L2;Utilização livre depósito INVT;7,55;12.080,00;;;0,00000000000000;
GA02;2G-03-06B;801220;ELO FUSIVEL BOTAO DISTRIB K 25A 500MM;UN;20;F3;Utilização livre depósito CUST;6,39;127,80;;;0,00000000000000;
GA02;2G-03-06B;801834;ELO FUSIVEL H 1A 500MM;UN;2.192;F3;Utilização livre depósito CUST;5,83;12.779,36;;;0,00000000000000;
GA02;2G-03-06B;801955;ELO FUSIVEL DISTRIB H 2A 500MM;UN;916;F3;Utilização livre depósito CUST;5,89;5.395,24;;;0,00000000000000;
GA02;2G-03-06C;801635;ELO FUSIVEL BOTAO K 65A 500MM;UN;5.124;F3;Utilização livre depósito CUST;13,83;70.864,92;;;0,00000000000000;
GA02;2G-03-06D;800817;CHAVE FUSIVEL DIST 15KV 100A/10KA PORC;UN;66;F3;Utilização livre depósito CUST;317,77;20.972,82;;;0,00000000000000;
GA02;2G-03-06E;403647;ALCA PREFORM CABO CONC 3X95 +70;UN;525;L2;Utilização livre depósito INVT;39,45;20.711,25;;;0,00000000000000;
GA02;2G-03-06E;403675;ALCA PREFORM CABO CONC  3X25 + 25;UN;325;L2;Utilização livre depósito INVT;10,42;3.386,50;;;0,00000000000000;
GA02;2G-03-07B;401056;ELO FUSIVEL BOTAO DISTRIB K 10A 500MM;UN;262;L2;Utilização livre depósito INVT;5,80;1.519,60;;;0,00000000000000;
GA02;2G-03-07B;801215;CONECTOR DER CU 13-34MM2;UN;890;F3;Utilização livre depósito CUST;10,03;8.926,70;;;0,00000000000000;
GA02;2G-03-07B;801303;ELO FUSIVEL BOTAO DISTRIB K 12A 500MM;UN;1.747;F3;Utilização livre depósito CUST;5,91;10.324,77;;;0,00000000000000;
GA02;2G-03-07B;801352;ELO FUSIVEL BOTAO DISTRIB K 10A 500MM;UN;2.033;F3;Utilização livre depósito CUST;5,88;11.954,04;;;0,00000000000000;
GA02;2G-03-07C;402111;ELO FUSIVEL BOTAO DISTRIB UN K 8A 500MM;UN;1.000;L2;Utilização livre depósito INVT;5,83;5.830,00;;;0,00000000000000;
GA02;2G-03-07C;800894;ELO FUSIVEL BOTAO DISTRIB UN K 8A 500MM;UN;1.176;F3;Utilização livre depósito CUST;6,13;7.208,88;;;0,00000000000000;
GA02;2G-03-07C;801834;ELO FUSIVEL H 1A 500MM;UN;4.000;F3;Utilização livre depósito CUST;5,83;23.320,00;;;0,00000000000000;
GA02;2G-03-07D;400805;ELO FUSIVEL BOTAO DISTRIB H 5A 500MM;UN;1.000;L2;Utilização livre depósito INVT;5,62;5.620,00;;;0,00000000000000;
GA02;2G-03-07D;403804;ALCA PREFORM 6,4MM 1/4P AM 635MM;UN;288;L2;Utilização livre depósito INVT;6,83;1.967,04;;;0,00000000000000;
GA02;2G-03-07D;801272;ALCA PREFORM DIST 2AWG 33,63MM2 660MM;UN;390;F3;Utilização livre depósito CUST;4,07;1.587,30;;;0,00000000000000;
GA02;2G-03-07D;801303;ELO FUSIVEL BOTAO DISTRIB K 12A 500MM;UN;1.187;F3;Utilização livre depósito CUST;5,91;7.015,17;;;0,00000000000000;
GA02;2G-03-07D;801375;ELO FUSIVEL BOTAO DISTRIB H 5A 500MM;UN;1.700;F3;Utilização livre depósito CUST;5,75;9.775,00;;;0,00000000000000;
GA02;2G-03-07E;403580;ALCA PREFORM CABO CONC 3X35 + 35;UN;2.000;L2;Utilização livre depósito INVT;15,45;30.900,00;;;0,00000000000000;
GA02;2G-03-07E;800515;ISOLADOR ANCOR POLIM 15KV 5000DAN;UN;226;F3;Utilização livre depósito CUST;37,50;8.475,00;;;0,00000000000000;
GA02;2G-03-07E;800859;ESTRIBO C/CONEC CUNHA NORM 25~35MM2;UN;988;F3;Utilização livre depósito CUST;20,15;19.908,20;;;0,00000000000000;
GA02;2G-03-08A;802249;CONECTOR CHAVE SEC 1P FACA CU 10-300MM2;UN;1.847;F3;Utilização livre depósito CUST;218,19;402.996,93;;;0,00000000000000;
GA02;2G-03-08B;401071;CONECTOR DER CUNHA AL 10MM2-6AWG;UN;67;L2;Utilização livre depósito INVT;7,94;531,98;;;0,00000000000000;
GA02;2G-03-08B;401910;ELO FUSIVEL BOTAO DISTRIB K 15A 500MM;UN;497;L2;Utilização livre depósito INVT;9,26;4.602,22;;;0,00000000000000;
GA02;2G-03-08B;402741;ELO FUSIVEL BOTAO K 6A 500MM;UN;748;L2;Utilização livre depósito INVT;7,59;5.677,32;;;0,00000000000000;
GA02;2G-03-08B;800272;CONECTOR CUNHA AZ AL 336,4MCM 336,4MCM;UN;320;F3;Utilização livre depósito CUST;11,90;3.808,00;;;0,00000000000000;
GA02;2G-03-08B;801233;ELO FUSIVEL BOTAO DISTRIB K 15A 500MM;UN;598;F3;Utilização livre depósito CUST;5,89;3.522,22;;;0,00000000000000;
GA02;2G-03-08B;801826;ELO FUSIVEL BOTAO K 6A 500MM;UN;2.425;F3;Utilização livre depósito CUST;5,76;13.968,00;;;0,00000000000000;
GA02;2G-03-08C;801010;ELO FUSIVEL BOTAO DISTRIB H 3A 500MM;UN;1.569;F3;Utilização livre depósito CUST;5,85;9.178,65;;;0,00000000000000;
GA02;2G-03-08C;801522;ELO FUSIVEL BOTAO K 80A 500MM;UN;725;F3;Utilização livre depósito CUST;14,78;10.715,50;;;0,00000000000000;
GA02;2G-03-08C;801955;ELO FUSIVEL DISTRIB H 2A 500MM;UN;1.600;F3;Utilização livre depósito CUST;5,89;9.424,00;;;0,00000000000000;
GA02;2G-03-08C;802213;ELO FUSIVEL K 30A 500MM;UN;630;F3;Utilização livre depósito CUST;7,06;4.447,80;;;0,00000000000000;
GA02;2G-03-08D;800817;CHAVE FUSIVEL DIST 15KV 100A/10KA PORC;UN;66;F3;Utilização livre depósito CUST;317,77;20.972,82;;;0,00000000000000;
GA02;2G-03-08D;803365;CONECTOR CUNHA  ESTRIBO 50MM2  70 MM2;UN;517;F3;Utilização livre depósito CUST;32,17;16.631,89;;;0,00000000000000;
GA02;2G-03-08E;408994;ISOLADOR PINO, POLIMERICO COM TRAVAS;UN;400;L2;Utilização livre depósito INVT;25,34;10.136,00;;;0,00000000000000;
GA02;2G-03-09A;800054;CONECTOR ATERR REFORÇ HAST/CAB 5/8-35MM2;UN;4.594;F3;Utilização livre depósito CUST;19,03;87.423,82;;;0,00000000000000;
GA02;2G-03-09A;801135;PINO TOPO AC 25MM 389MM 2F 18X32MM;UN;357;F3;Utilização livre depósito CUST;11,42;4.076,94;;;0,00000000000000;
GA02;2G-03-09B;402087;ELO FUSIVEL BOTAO DISTRIB K 30A 500MM;UN;741;L2;Utilização livre depósito INVT;6,82;5.053,62;;;0,00000000000000;
GA02;2G-03-09B;800362;ELO FUSIVEL BOTAO DISTRIB K 30A 500MM;UN;709;F3;Utilização livre depósito CUST;6,82;4.835,38;;;0,00000000000000;
GA02;2G-03-09B;800557;CONECTOR DER CUNHA ESTRIBO 336,4 MCM;UN;111;F3;Utilização livre depósito CUST;24,97;2.771,67;;;0,00000000000000;
GA02;2G-03-09B;800824;ELO FUSIVEL BOTAO DISTR K 40A 500MM;UN;1.104;F3;Utilização livre depósito CUST;7,91;8.732,64;;;0,00000000000000;
GA02;2G-03-09B;801215;CONECTOR DER CU 13-34MM2;UN;523;F3;Utilização livre depósito CUST;10,03;5.245,69;;;0,00000000000000;
GA02;2G-03-09C;800280;CONECTOR COMP DER 4/0AWG 3/0-4/0AWG;UN;35;F3;Utilização livre depósito CUST;1,24;43,40;;;0,00000000000000;
GA02;2G-03-09C;800445;CONECTOR DER CUNHA  2/0 1/0 2/0AWG;UN;195;F3;Utilização livre depósito CUST;6,45;1.257,75;;;0,00000000000000;
GA02;2G-03-09C;800880;CONECTOR PERF SIMP 6-35 / 6-35MM2;UN;1.010;F3;Utilização livre depósito CUST;10,22;10.322,20;;;0,00000000000000;
GA02;2G-03-09C;800892;CONECTOR PERF SIMP 10-25 / 16-25MM2;UN;990;F3;Utilização livre depósito CUST;7,54;7.464,60;;;0,00000000000000;
GA02;2G-03-09C;800906;CONECTOR DER CUNHA AL 2/0AWG 4/0AWG;UN;312;F3;Utilização livre depósito CUST;10,09;3.148,08;;;0,00000000000000;
GA02;2G-03-09D;800817;CHAVE FUSIVEL DIST 15KV 100A/10KA PORC;UN;66;F3;Utilização livre depósito CUST;317,77;20.972,82;;;0,00000000000000;
GA02;2G-03-09D;801232;CONECTOR CUNHA AM AL 336,4MCM 336,4MCM;UN;127;F3;Utilização livre depósito CUST;38,98;4.950,46;;;0,00000000000000;
GA02;2G-03-09D;803387;CONECTOR DER CUNHA 3364 C/ 3364 AL AZUL;UN;1.350;F3;Utilização livre depósito CUST;13,08;17.658,00;;;0,00000000000000;
GA02;2G-03-09E;403675;ALCA PREFORM CABO CONC  3X25 + 25;UN;1.050;L2;Utilização livre depósito INVT;10,42;10.941,00;;;0,00000000000000;
GA02;2G-03-10A;400111;ISOLADOR CAST PORC 13,8KV 90MM 3400DAN;UN;234;L2;Utilização livre depósito INVT;4,36;1.020,24;;;0,00000000000000;
GA02;2G-03-10A;400318;CONECTOR AUTO PERF 50-120/4-35MM2;UN;377;L2;Utilização livre depósito INVT;13,60;5.127,20;;;0,00000000000000;
GA02;2G-03-10A;800014;TERMINAL COMPRESSAO OLHAL 120MM2 1F;UN;100;F3;Utilização livre depósito CUST;6,09;609,00;;;0,00000000000000;
GA02;2G-03-10A;800630;ISOLADOR CAST PORC 13,8KV 90MM 3400DAN;UN;325;F3;Utilização livre depósito CUST;3,50;1.137,50;;;0,00000000000000;
GA02;2G-03-10A;800884;CONECTOR CUNHA LIGA AL AZ 120MM2 4/0AWG;UN;2.745;F3;Utilização livre depósito CUST;12,82;35.190,90;;;0,00000000000000;
GA02;2G-03-10B;402230;CONECTOR DER CUNHA AL 1/0AWG 4/0AWG;UN;117;L2;Utilização livre depósito INVT;10,96;1.282,32;;;0,00000000000000;
GA02;2G-03-10B;800291;CONECTOR DER CUNHA AL 1/0AWG 4/0AWG;UN;243;F3;Utilização livre depósito CUST;10,96;2.663,28;;;0,00000000000000;
GA02;2G-03-10B;800564;CONECTOR DER AL 1/0-4/0AWG 1/0-4/0AWG;UN;120;F3;Utilização livre depósito CUST;8,27;992,40;;;0,00000000000000;
GA02;2G-03-10B;800825;CONECTOR PARAL AL 1/0AWG;UN;2.914;F3;Utilização livre depósito CUST;6,16;17.950,24;;;0,00000000000000;
GA02;2G-03-10B;801125;CONECTOR CUN ESTRIBO 1/0 2/0AWG C/ CARTU;UN;4;F3;Utilização livre depósito CUST;34,37;137,48;;;0,00000000000000;
GA02;2G-03-10B;803156;CONECTOR DERIV CUNHA 336,4MCM 1/0AWGM;UN;131;F3;Utilização livre depósito CUST;13,62;1.784,22;;;0,00000000000000;
GA02;2G-03-10C;800817;CHAVE FUSIVEL DIST 15KV 100A/10KA PORC;UN;132;F3;Utilização livre depósito CUST;317,77;41.945,64;;;0,00000000000000;
GA02;2G-03-10D;800905;CONECTOR DER CUNHA AL 4-2AWG 2AWG;UN;1.174;F3;Utilização livre depósito CUST;8,72;10.237,28;;;0,00000000000000;
GA02;2G-03-10D;802858;CONECTOR DER CUNHA AZ AL 336,4MCM 1/0AWG;UN;1.325;F3;Utilização livre depósito CUST;12,41;16.443,25;;;0,00000000000000;
GA02;2G-03-10E;403675;ALCA PREFORM CABO CONC  3X25 + 25;UN;1.050;L2;Utilização livre depósito INVT;10,42;10.941,00;;;0,00000000000000;
GA02;2G-03-10E;800822;CONECTOR CUNHA ESTRIBO 1/0 2/0 4/0 AWG;UN;1.250;F3;Utilização livre depósito CUST;22,94;28.675,00;;;0,00000000000000;
GA02;2G-03-11A;800944;ISOLADOR RODL PORC 15KV 81X47MM 1350DAN;UN;3.360;F3;Utilização livre depósito CUST;9,13;30.676,80;;;0,00000000000000;
GA02;2G-03-11B;400791;CONECTOR CUNHA AM AL 336,4MCM 336,4MCM;UN;588;L2;Utilização livre depósito INVT;32,61;19.174,68;;;0,00000000000000;
GA02;2G-03-11B;800077;CONECTOR COMP DER 1/0-4/0AWG 9,4-14,3;UN;305;F3;Utilização livre depósito CUST;1,52;463,60;;;0,00000000000000;
GA02;2G-03-11B;800277;CONECTOR DER CU 4-1/0AWG;UN;21;F3;Utilização livre depósito CUST;1,22;25,62;;;0,00000000000000;
GA02;2G-03-11B;801098;ESTRIBO C/CONEC CUNHA 120-185MM2;UN;197;F3;Utilização livre depósito CUST;33,08;6.516,76;;;0,00000000000000;
GA02;2G-03-11B;801182;CONECTOR CUNHA AL 2AWG;UN;1.408;F3;Utilização livre depósito CUST;3,89;5.477,12;;;0,00000000000000;
GA02;2G-03-11B;802138;FITA ISOL ELET 19MMX20M 0,19MM VM;UN;93;F3;Utilização livre depósito CUST;53,44;4.969,92;;;0,00000000000000;
GA02;2G-03-11B;802141;FITA ISOL ELET 19MMX20M 0,19MM AZ;UN;120;F3;Utilização livre depósito CUST;53,44;6.412,80;;;0,00000000000000;
GA02;2G-03-11B;802158;FITA ISOL ELET 19MMX20M 0,19MM BR;UN;145;F3;Utilização livre depósito CUST;53,44;7.748,80;;;0,00000000000000;
GA02;2G-03-11B;802203;FITA ISOL ELET 19MMX20M 0,19MM VD;UN;20;F3;Utilização livre depósito CUST;53,59;1.071,80;;;0,00000000000000;
GA02;2G-03-11C;401034;CONECTOR DER CUNH AZ AL 4/0 2/0 336,4MCM;UN;158;L2;Utilização livre depósito INVT;13,03;2.058,74;;;0,00000000000000;
GA02;2G-03-11C;800848;ELO FUSIVEL BOTAO DISTRIB K 100A 500MM;UN;1.467;F3;Utilização livre depósito CUST;15,53;22.782,51;;;0,00000000000000;
GA02;2G-03-11C;802703;ABRACADEIRA 1P;UN;2.193;F3;Utilização livre depósito CUST;0,00;0,00;;;0,00000000000000;
GA02;2G-03-11C;804573;LUVA DE EMENDA TORQUIMÉTRICO 185MM2;UN;249;F3;Utilização livre depósito CUST;317,00;78.933,00;;;0,00000000000000;
GA02;2G-03-11D;800817;CHAVE FUSIVEL DIST 15KV 100A/10KA PORC;UN;66;F3;Utilização livre depósito CUST;317,77;20.972,82;;;0,00000000000000;
GA02;2G-03-11D;800876;CONECTOR DER CUNHA ESTRIBO 4/0AWG;UN;86;F3;Utilização livre depósito CUST;22,14;1.904,04;;;0,00000000000000;
GA02;2G-03-11D;801011;CONECTOR CU PARAF FEND CAB ATERR 10-95MM;UN;334;F3;Utilização livre depósito CUST;18,52;6.185,68;;;0,00000000000000;
GA02;2G-03-11D;801109;ESTRIBO NORMAL CU EST 2 4AWG;UN;40;F3;Utilização livre depósito CUST;5,81;232,40;;;0,00000000000000;
GA02;2G-03-11D;803379;CONECTOR PERF SIMPLES 10-35/DR 25-35MM²;UN;658;F3;Utilização livre depósito CUST;5,79;3.809,82;;;0,00000000000000;
GA02;2G-03-11E;804115;CAIXA PARA MEDIDOR POLIFASICA VIS. VIDRO;UN;155;F3;Utilização livre depósito CUST;63,31;9.813,05;;;0,00000000000000;
GA02;2G-03-12A;800889;CONECTOR PARAL AL 4/0AWG 1/0AWG;UN;2.055;F3;Utilização livre depósito CUST;18,81;38.654,55;;;0,00000000000000;
GA02;2G-03-12B;800287;CONECTOR DER CUNHA AL 10MM2-6AWG;UN;400;F3;Utilização livre depósito CUST;7,94;3.176,00;;;0,00000000000000;
GA02;2G-03-12B;800364;CONECTOR PARAF FEND DER CU 2,5-70MM²;UN;501;F3;Utilização livre depósito CUST;16,07;8.051,07;;;0,00000000000000;
GA02;2G-03-12B;801182;CONECTOR CUNHA AL 2AWG;UN;1.704;F3;Utilização livre depósito CUST;3,89;6.628,56;;;0,00000000000000;
GA02;2G-03-12B;802260;CONECTOR DER CUNHA 336MCM 2/0AWG;UN;70;F3;Utilização livre depósito CUST;8,74;611,80;;;0,00000000000000;
GA02;2G-03-12B;802860;CONECTOR DER CUNHA AZ AL 336,4MCM 2/0AWG;UN;23;F3;Utilização livre depósito CUST;7,73;177,79;;;0,00000000000000;
GA02;2G-03-12B;803313;CONECTOR CUNHA AT 35MM2 E 25MM2 VM;UN;890;F3;Utilização livre depósito CUST;0,01;8,90;;;0,00000000000000;
GA02;2G-03-12C;800202;ELO FUSIVEL BOTAO K 80A 500MM;UN;224;F3;Utilização livre depósito CUST;14,43;3.232,32;;;0,00000000000000;
GA02;2G-03-12C;801216;ELO FUSIVEL BOTAO DISTRIB K 50A 500MM;UN;2.277;F3;Utilização livre depósito CUST;7,45;16.963,65;;;0,00000000000000;
GA02;2G-03-12C;801522;ELO FUSIVEL BOTAO K 80A 500MM;UN;1.583;F3;Utilização livre depósito CUST;14,78;23.396,74;;;0,00000000000000;
GA02;2G-03-12D;800470;ABRACADEIRA PA 250X9,0X3,00MM;UN;1.938;F3;Utilização livre depósito CUST;0,46;891,48;;;0,00000000000000;
GA02;2G-03-12D;800817;CHAVE FUSIVEL DIST 15KV 100A/10KA PORC;UN;66;F3;Utilização livre depósito CUST;317,77;20.972,82;;;0,00000000000000;
GA02;2G-03-12D;804292;PLACA PVC 1MM  DIMENSÃO 250MMX180MM;UN;989;F3;Utilização livre depósito CUST;23,17;22.915,13;;;0,00000000000000;
GA02;2G-03-12E;401857;CHAVE FUSIVEL DIST 15KV 100A/10KA PORC;UN;132;L2;Utilização livre depósito INVT;315,60;41.659,20;;;0,00000000000000;
GA02;2G-03-13A;800344;FITA ISOL EPR 0,76X19MM 10M PT;UN;1.179;F3;Utilização livre depósito CUST;29,05;34.249,95;;;0,00000000000000;
GA02;2G-03-13A;800852;FITA ISOLANTE ELET PVC 19X0,19MM 20M PT;UN;1.347;F3;Utilização livre depósito CUST;20,06;27.020,82;;;0,00000000000000;
GA02;2G-03-13A;801311;CONECTOR DER CUNHA AM AL 4/0AWG 336,4MCM;UN;1.536;F3;Utilização livre depósito CUST;30,18;46.356,48;;;0,00000000000000;
GA02;2G-03-13B;801125;CONECTOR CUN ESTRIBO 1/0 2/0AWG C/ CARTU;UN;100;F3;Utilização livre depósito CUST;34,37;3.437,00;;;0,00000000000000;
GA02;2G-03-13B;801166;CONECTOR CUNHA AL 4/0(2) AWG;UN;6.107;F3;Utilização livre depósito CUST;4,34;26.504,38;;;0,00000000000000;
GA02;2G-03-13C;800289;CONECTOR PARAL AL 10-2/0AWG (6-70MM2);UN;1.100;F3;Utilização livre depósito CUST;7,38;8.118,00;;;0,00000000000000;
GA02;2G-03-13C;800448;CONECTOR DER CUNHA ESTR AL 336,4MCM 2AWG;UN;691;F3;Utilização livre depósito CUST;22,48;15.533,68;;;0,00000000000000;
GA02;2G-03-13C;800817;CHAVE FUSIVEL DIST 15KV 100A/10KA PORC;UN;66;F3;Utilização livre depósito CUST;317,77;20.972,82;;;0,00000000000000;
GA02;2G-03-13D;800817;CHAVE FUSIVEL DIST 15KV 100A/10KA PORC;UN;66;F3;Utilização livre depósito CUST;317,77;20.972,82;;;0,00000000000000;
GA02;2G-03-13D;802215;ABRACADEIRA BAP 3 1200MMX381MM PARAF;UN;806;F3;Utilização livre depósito CUST;14,09;11.356,54;;;0,00000000000000;
GA02;2G-03-14A;800569;TERMINAL CU CHAVE SEC  70-120MM2;UN;1.131;F3;Utilização livre depósito CUST;154,83;175.112,73;;;0,00000000000000;
GA02;2G-03-14A;801225;PARAFUSO OLH AC 5/8P 24P;UN;342;F3;Utilização livre depósito CUST;29,61;10.126,62;;;0,00000000000000;
GA02;2G-03-14B;400505;CONECTOR CUNHA DE AL 2/0 (1/0) AWG;UN;220;L2;Utilização livre depósito INVT;11,85;2.607,00;;;0,00000000000000;
GA02;2G-03-14B;800070;CARTUCHO MET P/CUNHA AZ FEST CALIB 22;UN;8.719;F3;Utilização livre depósito CUST;1,05;9.154,95;;;0,00000000000000;
GA02;2G-03-14B;800294;CONECTOR PARAL AL 1/0-4/0AWG ET-ELB;UN;2.430;F3;Utilização livre depósito CUST;8,41;20.436,30;;;0,00000000000000;
GA02;2G-03-14B;800681;CARTUCHO MET P/CUNHA AM FEST CALIB 22;UN;2.091;F3;Utilização livre depósito CUST;1,45;3.031,95;;;0,00000000000000;
GA02;2G-03-14B;801020;CARTUCHO FP MET P/CUNHA VM FEST CALIB 22;UN;19.450;F3;Utilização livre depósito CUST;1,63;31.703,50;;;0,00000000000000;
GA02;2G-03-14B;801048;CONECTOR DER CUNHA AL 70MM2;UN;47;F3;Utilização livre depósito CUST;4,23;198,81;;;0,00000000000000;
GA02;2G-03-14B;801195;TERMINAL P/ CABO 2,5MM2 OLHAL FURO 4,3MM;UN;500;F3;Utilização livre depósito CUST;0,67;335,00;;;0,00000000000000;
GA02;2G-03-14C;800274;CONECTOR CUNHA DE AL 2/0 (1/0) AWG;UN;2.485;F3;Utilização livre depósito CUST;11,85;29.447,25;;;0,00000000000000;
GA02;2G-03-14C;800817;CHAVE FUSIVEL DIST 15KV 100A/10KA PORC;UN;66;F3;Utilização livre depósito CUST;317,77;20.972,82;;;0,00000000000000;
GA02;2G-03-14D;800310;CONECTORES CUNHA 1/0AWG-50MM2 2AWG-25MM2;UN;1.797;F3;Utilização livre depósito CUST;3,87;6.954,39;;;0,00000000000000;
GA02;2G-03-14D;800817;CHAVE FUSIVEL DIST 15KV 100A/10KA PORC;UN;66;F3;Utilização livre depósito CUST;317,77;20.972,82;;;0,00000000000000;
GA02;2G-03-14D;802804;CONECTOR DER CU 4/0AWG;UN;419;F3;Utilização livre depósito CUST;15,60;6.536,40;;;0,00000000000000;
GA02;2G-03-14D;802892;LUVA EMENDA CB AL COB 50MM2;UN;1.967;F3;Utilização livre depósito CUST;8,58;16.876,86;;;0,00000000000000;
GA02;2G-03-14D;803324;CONECTOR ATERR 35 A 95MM2;UN;188;F3;Utilização livre depósito CUST;17,36;3.263,68;;;0,00000000000000;
GA02;2G-03-14D;803865;CONECTOR PERF PRINC 16-120 DER 4-36 2AMP;UN;73;F3;Utilização livre depósito CUST;48,78;3.560,94;;;0,00000000000000;
GA02;2G-03-15D;407096;PROTETOR P/ CABO BT PVC COMP 2000MM;PEÇ;342;L2;Utilização livre depósito INVT;227,47;77.794,74;;;0,00000000000000;
GA02;2G-03-15E;400851;EMENDA PREF COND AL 2/0 AWG 1016MM;UN;1.202;L2;Utilização livre depósito INVT;22,54;27.093,08;;;0,00000000000000;
GA02;2G-03-16A;400192;PARAFUSO CAB QD AC 16MM 250MM;UN;4.078;L2;Utilização livre depósito INVT;14,50;59.131,00;;;0,00000000000000;
GA02;2G-03-16B;404071;CONECTOR PERF 50-185MM2 15KV COM ESTRIBO;UN;351;L2;Utilização livre depósito INVT;164,21;57.637,71;;;0,00000000000000;
GA02;2G-03-16B;404732;CONECTOR PERFUR 50-185MM MED TENSAO 15KV;UN;342;L2;Utilização livre depósito INVT;92,12;31.505,04;;;0,00000000000000;
GA02;2G-03-16C;803344;CONECTOR PERFUR 50-185MM MED TENSAO 15KV;UN;1.440;F3;Utilização livre depósito CUST;92,61;133.358,40;;;0,00000000000000;
GA02;2G-03-16D;404071;CONECTOR PERF 50-185MM2 15KV COM ESTRIBO;UN;1.060;L2;Utilização livre depósito INVT;164,21;174.062,60;;;0,00000000000000;
GA02;2G-03-17A;401937;SAPATILHA CABO DE ACO 3/8P;UN;12.977;L2;Utilização livre depósito INVT;3,25;42.175,25;;;0,00000000000000;
GA02;2G-03-17A;800668;SAPATILHA CABO DE ACO 3/8P;UN;8.002;F3;Utilização livre depósito CUST;2,84;22.725,68;;;0,00000000000000;
GA02;2G-03-17B;404732;CONECTOR PERFUR 50-185MM MED TENSAO 15KV;UN;720;L2;Utilização livre depósito INVT;92,12;66.326,40;;;0,00000000000000;
GA02;2G-03-17B;804337;CONECTOR PERF 15KV 35-70/6,1MM ESTRIBO;UN;172;F3;Utilização livre depósito CUST;68,87;11.845,64;;;0,00000000000000;
GA02;2G-03-17B;804422;GRAMPO ANCOR UNIVERSAL 35MM2 A 185MM2;UN;76;F3;Utilização livre depósito CUST;26,31;1.999,56;;;0,00000000000000;
GA02;2G-03-17C;803344;CONECTOR PERFUR 50-185MM MED TENSAO 15KV;UN;1.440;F3;Utilização livre depósito CUST;92,61;133.358,40;;;0,00000000000000;
GA02;2G-03-17D;403804;ALCA PREFORM 6,4MM 1/4P AM 635MM;UN;3.500;L2;Utilização livre depósito INVT;6,83;23.905,00;;;0,00000000000000;
GA02;2G-03-18B;403675;ALCA PREFORM CABO CONC  3X25 + 25;UN;620;L2;Utilização livre depósito INVT;10,42;6.460,40;;;0,00000000000000;
GA02;2G-03-18B;404732;CONECTOR PERFUR 50-185MM MED TENSAO 15KV;UN;678;L2;Utilização livre depósito INVT;92,12;62.457,36;;;0,00000000000000;
GA02;2G-03-18B;803344;CONECTOR PERFUR 50-185MM MED TENSAO 15KV;UN;541;F3;Utilização livre depósito CUST;92,61;50.102,01;;;0,00000000000000;
GA02;2G-03-18C;401857;CHAVE FUSIVEL DIST 15KV 100A/10KA PORC;UN;66;L2;Utilização livre depósito INVT;315,60;20.829,60;;;0,00000000000000;
GA02;2G-03-18D;401857;CHAVE FUSIVEL DIST 15KV 100A/10KA PORC;UN;66;L2;Utilização livre depósito INVT;315,60;20.829,60;;;0,00000000000000;
GA02;2G-03-18D;403647;ALCA PREFORM CABO CONC 3X95 +70;UN;128;L2;Utilização livre depósito INVT;39,45;5.049,60;;;0,00000000000000;
GA02;2G-03-19A;401678;TRAFO POT 13,8 3KV 115 REL70 1 0,3P75;UN;36;L2;Utilização livre depósito INVT;2.532,42;91.167,12;;;0,00000000000000;
GA02;2G-03-19A;401771;"TRAFO CRTE 15KV; 60-5A; 0,3C12,5 BARRA";UN;23;L2;Utilização livre depósito INVT;1.353,32;31.126,36;;;0,00000000000000;
GA02;2G-03-19B;410047;ALCA PREFORM CABO CONC  2X25 + 25;UN;244;L2;Utilização livre depósito INVT;9,07;2.213,08;;;0,00000000000000;
GA02;2G-03-19B;800341;GRAMPO ANCOR CUNHA AL 185MM2 400DAN;UN;656;F3;Utilização livre depósito CUST;37,30;24.468,80;;;0,00000000000000;
GA02;2G-03-19C;401857;CHAVE FUSIVEL DIST 15KV 100A/10KA PORC;UN;66;L2;Utilização livre depósito INVT;315,60;20.829,60;;;0,00000000000000;
GA02;2G-03-19C;410047;ALCA PREFORM CABO CONC  2X25 + 25;UN;1.050;L2;Utilização livre depósito INVT;9,07;9.523,50;;;0,00000000000000;
GA02;2G-03-19D;403580;ALCA PREFORM CABO CONC 3X35 + 35;UN;575;L2;Utilização livre depósito INVT;15,45;8.883,75;;;0,00000000000000;
GA02;2G-03-19D;408994;ISOLADOR PINO, POLIMERICO COM TRAVAS;UN;400;L2;Utilização livre depósito INVT;25,34;10.136,00;;;0,00000000000000;
GA02;2G-03-20A;401309;"TRAFO CRTE 15KV; 20-5A; 0,3C12,5 BARRA";UN;20;L2;Utilização livre depósito INVT;1.492,48;29.849,60;;;0,00000000000000;
GA02;2G-03-20B;800348;GRAMPO ANCOR CUNHA AL 35MM2 400DAN;UN;1.167;F3;Utilização livre depósito CUST;18,18;21.216,06;;;0,00000000000000;
GA02;2G-03-20B;800352;ESTRIBO BRACO L-EST-01 FOFO 200DAN;UN;252;F3;Utilização livre depósito CUST;12,79;3.223,08;;;0,00000000000000;
GA02;2G-03-20C;402672;ARAME GALV 14AWG;UN;494;L2;Utilização livre depósito INVT;23,11;11.416,34;;;0,00000000000000;
GA02;2G-03-20C;800654;PARA-RAIO DISTRIB POL 12KV 10KA S/CENT;UN;316;F3;Utilização livre depósito CUST;151,65;47.921,40;;;0,00000000000000;
GA02;2G-03-20D;403580;ALCA PREFORM CABO CONC 3X35 + 35;UN;2.062;L2;Utilização livre depósito INVT;15,45;31.857,90;;;0,00000000000000;
GA02;2G-03-21A;401309;"TRAFO CRTE 15KV; 20-5A; 0,3C12,5 BARRA";UN;23;L2;Utilização livre depósito INVT;1.492,48;34.327,04;;;0,00000000000000;
GA02;2G-03-21A;401735;"TRAFO CRTE 0,6KV;800-5A 0,3C12,5 JANELA";UN;12;L2;Utilização livre depósito INVT;408,64;4.903,68;;;0,00000000000000;
GA02;2G-03-21B;407126;TERMINAL COMP OLHAL BIMETÁLICO 35MM2;UN;269;L2;Utilização livre depósito INVT;22,79;6.130,51;;;0,00000000000000;
GA02;2G-03-21B;409258;TERMINAL A COMP OLHAL BIMETALICO 150MM2;UN;120;L2;Utilização livre depósito INVT;50,62;6.074,40;;;0,00000000000000;
GA02;2G-03-21B;409259;TERMINAL A COMP OLHAL BIMETALICO 185MM2;UN;120;L2;Utilização livre depósito INVT;83,75;10.050,00;;;0,00000000000000;
GA02;2G-03-21C;402105;CONECTOR AUTO PERF DU 70-240 / 70-240MM2;UN;1.283;L2;Utilização livre depósito INVT;55,76;71.540,08;;;0,00000000000000;
GA02;2G-03-21D;403580;ALCA PREFORM CABO CONC 3X35 + 35;UN;1.175;L2;Utilização livre depósito INVT;15,45;18.153,75;;;0,00000000000000;
GA02;2G-03-21D;410047;ALCA PREFORM CABO CONC  2X25 + 25;UN;1.050;L2;Utilização livre depósito INVT;9,07;9.523,50;;;0,00000000000000;
GA02;2G-04-01A;401117;MAO-FRANCESA PLANA AC 726X32X6MM;UN;6.034;L2;Utilização livre depósito INVT;18,71;112.896,14;;;0,00000000000000;
GA02;2G-04-01A;402401;PINO ISOLADOR POLIMERICO AC 15KV 200MM;UN;571;L2;Utilização livre depósito INVT;27,83;15.890,93;;;0,00000000000000;
GA02;2G-04-01B;402733;ELO FUSIVEL H 1A 500MM;UN;1.836;L2;Utilização livre depósito INVT;5,86;10.758,96;;;0,00000000000000;
GA02;2G-04-01B;802405;ALCA PREFORM 6,4MM 1/4P AM 635MM;UN;969;F3;Utilização livre depósito CUST;5,28;5.116,32;;;0,00000000000000;
GA02;2G-04-01C;402518;ELO FUSIVEL BOTAO K 80A 500MM;UN;3.973;L2;Utilização livre depósito INVT;13,52;53.714,96;;;0,00000000000000;
GA02;2G-04-01C;403559;CONECTOR TIPO CUNHA  35MM  1/0 AWG;UN;2.160;L2;Utilização livre depósito INVT;10,85;23.436,00;;;0,00000000000000;
GA02;2G-04-01D;800822;CONECTOR CUNHA ESTRIBO 1/0 2/0 4/0 AWG;UN;3.429;F3;Utilização livre depósito CUST;22,94;78.661,26;;;0,00000000000000;
GA02;2G-04-01E;404084;ESPACADOR LOSANG CLASSE 15KV C/ GARRAS;UN;85;L2;Utilização livre depósito INVT;22,29;1.894,65;;;0,00000000000000;
GA02;2G-04-02A;801400;HASTE ATERRAMENTO CI AC 14,3X2438MM;UN;378;F3;Utilização livre depósito CUST;96,26;36.386,28;;;0,00000000000000;
GA02;2G-04-02B;401753;ALCA PREFORM DIST CAA/CA 1/0AWG 50MM2;UN;1.137;L2;Utilização livre depósito INVT;7,16;8.140,92;;;0,00000000000000;
GA02;2G-04-02B;402138;ELO FUSIVEL BOTAO DISTRIB K 100A 500MM;UN;476;L2;Utilização livre depósito INVT;15,28;7.273,28;;;0,00000000000000;
GA02;2G-04-02B;402686;ELO FUSIVEL BOTAO K 65A 500MM;UN;389;L2;Utilização livre depósito INVT;13,73;5.340,97;;;0,00000000000000;
GA02;2G-04-02C;400527;CONECTOR DER CUNHA AL 4-2AWG 2AWG;UN;3.200;L2;Utilização livre depósito INVT;8,29;26.528,00;;;0,00000000000000;
GA02;2G-04-02C;800808;ALCA PREFORM DIST CAA/CA 2/0AWG 70MM2;UN;987;F3;Utilização livre depósito CUST;8,77;8.655,99;;;0,00000000000000;
GA02;2G-04-02D;401451;CONECTOR CUNHA ESTRIBO 1/0 2/0 4/0 AWG;UN;2.100;L2;Utilização livre depósito INVT;23,65;49.665,00;;;0,00000000000000;
GA02;2G-04-02D;801199;ALCA PREFORM DIST 4/0 AWG 120MM2;UN;493;F3;Utilização livre depósito CUST;9,06;4.466,58;;;0,00000000000000;
GA02;2G-04-02E;404084;ESPACADOR LOSANG CLASSE 15KV C/ GARRAS;UN;768;L2;Utilização livre depósito INVT;22,29;17.118,72;;;0,00000000000000;
GA02;2G-04-03A;403182;CONECTOR CHAVE SEC 1P FACA CU 10-300MM2;UN;1.182;L2;Utilização livre depósito INVT;213,22;252.026,04;;;0,00000000000000;
GA02;2G-04-03B;401834;CONECTOR PARAL AL 10AWG-1/0AWG;UN;479;L2;Utilização livre depósito INVT;11,69;5.599,51;;;0,00000000000000;
GA02;2G-04-03B;402404;CONECTOR CUNHA LIGA AL AZ 120MM2 4/0AWG;UN;616;L2;Utilização livre depósito INVT;9,08;5.593,28;;;0,00000000000000;
GA02;2G-04-03B;403120;FITA ISOL ELET 19MMX20M 0,19MM BR;UN;81;L2;Utilização livre depósito INVT;53,44;4.328,64;;;0,00000000000000;
GA02;2G-04-03B;403275;FITA ISOL ELET 19MMX20M 0,19MM AZ;UN;29;L2;Utilização livre depósito INVT;53,44;1.549,76;;;0,00000000000000;
GA02;2G-04-03B;403407;FITA ISOL ELET 19MMX20M 0,19MM VM;UN;40;L2;Utilização livre depósito INVT;53,44;2.137,60;;;0,00000000000000;
GA02;2G-04-03C;400366;ALCA PREFORM DIST 4/0 AWG 120MM2;UN;505;L2;Utilização livre depósito INVT;11,62;5.868,10;;;0,00000000000000;
GA02;2G-04-03C;408344;ESPAÇADOR  POLIMÉRICO MONOFÁSICO 15KV;UN;251;L2;Utilização livre depósito INVT;73,18;18.368,18;;;0,00000000000000;
GA02;2G-04-03D;401451;CONECTOR CUNHA ESTRIBO 1/0 2/0 4/0 AWG;UN;3.500;L2;Utilização livre depósito INVT;23,65;82.775,00;;;0,00000000000000;
GA02;2G-04-03E;404084;ESPACADOR LOSANG CLASSE 15KV C/ GARRAS;UN;768;L2;Utilização livre depósito INVT;22,29;17.118,72;;;0,00000000000000;
GA02;2G-04-04A;400828;CONECTOR DER CUNHA AM AL 4/0AWG 336,4MCM;UN;2.864;L2;Utilização livre depósito INVT;34,79;99.638,56;;;0,00000000000000;
GA02;2G-04-04B;400202;PARAFUSO CAB PAN AUTO ATARR 4,2X16MM;UN;4.248;L2;Utilização livre depósito INVT;0,88;3.738,24;;;0,00000000000000;
GA02;2G-04-04B;400283;TERMINAL PRESSAO CU 240MM2 C/SAPATA;UN;139;L2;Utilização livre depósito INVT;5,76;800,64;;;0,00000000000000;
GA02;2G-04-04B;401738;TERMINAL PRESSAO 185MM2;UN;350;L2;Utilização livre depósito INVT;6,84;2.394,00;;;0,00000000000000;
GA02;2G-04-04B;401856;CONECTOR PARAL AL 1/0-4/0AWG ET-ELB;UN;934;L2;Utilização livre depósito INVT;28,29;26.422,86;;;0,00000000000000;
GA02;2G-04-04B;402250;CONECTOR DER AL 3/0-4/0AWG 2/0-4/0AWG;UN;20;L2;Utilização livre depósito INVT;1,07;21,40;;;0,00000000000000;
GA02;2G-04-04B;403860;CONECTOR DER CUNHA AZ AL 336,4MCM 1/0AWG;UN;170;L2;Utilização livre depósito INVT;9,27;1.575,90;;;0,00000000000000;
GA02;2G-04-04C;400518;"CONECTOR  CUNHA AL 1/0;2 AWG 1/0;2/0AWG";UN;1.900;L2;Utilização livre depósito INVT;9,43;17.917,00;;;0,00000000000000;
GA02;2G-04-04C;400925;PARAFUSO CAB ABA AC 5/8X6P;UN;143;L2;Utilização livre depósito INVT;5,59;799,37;;;0,00000000000000;
GA02;2G-04-04C;400953;PARAFUSO CAB QD AC 12MM 300MM;UN;5;L2;Utilização livre depósito INVT;2,59;12,95;;;0,00000000000000;
GA02;2G-04-04C;401086;PARAFUSO CAB QD MAQ AC 5/8X6P;UN;45;L2;Utilização livre depósito INVT;8,62;387,90;;;0,00000000000000;
GA02;2G-04-04C;401259;PARAFUSO CAB QD 16X150MM AC;UN;5;L2;Utilização livre depósito INVT;10,23;51,15;;;0,00000000000000;
GA02;2G-04-04C;402191;PARAFUSO SXT AC 11,11MM 7/16P 31,75MM;UN;2.592;L2;Utilização livre depósito INVT;1,33;3.447,36;;;0,00000000000000;
GA02;2G-04-04C;402252;PARAFUSO MAD CAB QD AC 12,7MM 4P 33/16P;UN;270;L2;Utilização livre depósito INVT;2,55;688,50;;;0,00000000000000;
GA02;2G-04-04C;403763;PRENSA CABO 1P AL C/BUCHA NEOP;UN;690;L2;Utilização livre depósito INVT;11,78;8.128,20;;;0,00000000000000;
GA02;2G-04-04C;405063;PARAFUSO M8X50MM CAB CHATA FEND PHILLIPS;UN;1.760;L2;Utilização livre depósito INVT;0,16;281,60;;;0,00000000000000;
GA02;2G-04-04C;405481;TERMINAL COMPRESSAO OLHAL ESTANHAD 70MM2;UN;489;L2;Utilização livre depósito INVT;3,18;1.555,02;;;0,00000000000000;
GA02;2G-04-04D;401451;CONECTOR CUNHA ESTRIBO 1/0 2/0 4/0 AWG;UN;3.840;L2;Utilização livre depósito INVT;23,65;90.816,00;;;0,00000000000000;
GA02;2G-04-04E;404084;ESPACADOR LOSANG CLASSE 15KV C/ GARRAS;UN;768;L2;Utilização livre depósito INVT;22,29;17.118,72;;;0,00000000000000;
GA02;2G-04-05A;401568;CONECTOR COMP DER 4/0AWG 3/0-4/0AWG;UN;2.958;L2;Utilização livre depósito INVT;1,24;3.667,92;;;0,00000000000000;
GA02;2G-04-05A;402716;CONECTOR DERIV CUNHA 336,4MCM 1/0AWGM;UN;85;L2;Utilização livre depósito INVT;13,61;1.156,85;;;0,00000000000000;
GA02;2G-04-05B;400512;CONECTOR DER CUNHA AL 1/0AWG 336,4MCM;UN;45;L2;Utilização livre depósito INVT;37,18;1.673,10;;;0,00000000000000;
GA02;2G-04-05B;400545;CONECTOR PARAF FEND DER CU 2,5-70MM²;UN;996;L2;Utilização livre depósito INVT;16,20;16.135,20;;;0,00000000000000;
GA02;2G-04-05B;401033;CONECTOR DER CUNHA ESTR AL 336,4MCM 2AWG;UN;80;L2;Utilização livre depósito INVT;15,60;1.248,00;;;0,00000000000000;
GA02;2G-04-05B;402123;ELO FUSIVEL BOTAO DISTRIB K 12A 500MM;UN;48;L2;Utilização livre depósito INVT;5,96;286,08;;;0,00000000000000;
GA02;2G-04-05B;402265;ELO FUSIVEL BOTAO DISTRIB H 3A 500MM;UN;16;L2;Utilização livre depósito INVT;5,80;92,80;;;0,00000000000000;
GA02;2G-04-05B;402733;ELO FUSIVEL H 1A 500MM;UN;204;L2;Utilização livre depósito INVT;5,86;1.195,44;;;0,00000000000000;
GA02;2G-04-05C;402934;CONECTOR PERF 4-70 MM2 PADRAO ENTRADA;UN;3.821;L2;Utilização livre depósito INVT;7,41;28.313,61;;;0,00000000000000;
GA02;2G-04-05C;407125;TERMINAL COMP OLHAL BIMETÁLICO 70MM2;UN;4.460;L2;Utilização livre depósito INVT;25,90;115.514,00;;;0,00000000000000;
GA02;2G-04-05D;401451;CONECTOR CUNHA ESTRIBO 1/0 2/0 4/0 AWG;UN;3.840;L2;Utilização livre depósito INVT;23,65;90.816,00;;;0,00000000000000;
GA02;2G-04-05E;404084;ESPACADOR LOSANG CLASSE 15KV C/ GARRAS;UN;768;L2;Utilização livre depósito INVT;22,29;17.118,72;;;0,00000000000000;
GA02;2G-04-06A;400193;PARAFUSO OLHAL AC 5/8P 20P;UN;250;L2;Utilização livre depósito INVT;29,65;7.412,50;;;0,00000000000000;
GA02;2G-04-06A;800982;PARAFUSO OLHAL AC 5/8P 20P;UN;1.065;F3;Utilização livre depósito CUST;29,26;31.161,90;;;0,00000000000000;
GA02;2G-04-06B;400543;CONECTOR CUNHA AZ AL 336,4MCM 336,4MCM;UN;1.629;L2;Utilização livre depósito INVT;11,90;19.385,10;;;0,00000000000000;
GA02;2G-04-06B;400867;LUVA EMENDA HASTE PROL 5/8PX70MM;UN;158;L2;Utilização livre depósito INVT;21,55;3.404,90;;;0,00000000000000;
GA02;2G-04-06B;401888;CONECTOR DER CUNHA ESTRIBO 4/0AWG;UN;660;L2;Utilização livre depósito INVT;30,35;20.031,00;;;0,00000000000000;
GA02;2G-04-06C;402185;CONECTOR DER CUNHA ESTRIBO 336,4 MCM;UN;685;L2;Utilização livre depósito INVT;42,75;29.283,75;;;0,00000000000000;
GA02;2G-04-06D;401451;CONECTOR CUNHA ESTRIBO 1/0 2/0 4/0 AWG;UN;3.200;L2;Utilização livre depósito INVT;23,65;75.680,00;;;0,00000000000000;
GA02;2G-04-06E;403580;ALCA PREFORM CABO CONC 3X35 + 35;UN;700;L2;Utilização livre depósito INVT;15,45;10.815,00;;;0,00000000000000;
GA02;2G-04-06E;403804;ALCA PREFORM 6,4MM 1/4P AM 635MM;UN;2.029;L2;Utilização livre depósito INVT;6,83;13.858,07;;;0,00000000000000;
GA02;2G-04-06E;404084;ESPACADOR LOSANG CLASSE 15KV C/ GARRAS;UN;384;L2;Utilização livre depósito INVT;22,29;8.559,36;;;0,00000000000000;
GA02;2G-04-07A;402401;PINO ISOLADOR POLIMERICO AC 15KV 200MM;UN;3.152;L2;Utilização livre depósito INVT;27,83;87.720,16;;;0,00000000000000;
GA02;2G-04-07B;400008;TERMINAL COMPRESSAO CU 95MM;UN;30;L2;Utilização livre depósito INVT;140,25;4.207,50;;;0,00000000000000;
GA02;2G-04-07B;401489;ESTRIBO NORMAL CU EST 2 4AWG;UN;1.395;L2;Utilização livre depósito INVT;5,81;8.104,95;;;0,00000000000000;
GA02;2G-04-07B;401755;ARRUELA RED ELET RIG AL 1P;UN;53;L2;Utilização livre depósito INVT;0,54;28,62;;;0,00000000000000;
GA02;2G-04-07B;404157;PLACA PVC 1MM  DIMENSÃO 250MMX180MM;UN;3.331;L2;Utilização livre depósito INVT;23,16;77.145,96;;;0,00000000000000;
GA02;2G-04-07B;404539;CONECTOR CU PARAF FEND CAB ATERR 35-95MM;UN;39;L2;Utilização livre depósito INVT;16,19;631,41;;;0,00000000000000;
GA02;2G-04-07B;404822;CONECTOR PARAFUSO FENDIDO KS 150MM;UN;5;L2;Utilização livre depósito INVT;20,51;102,55;;;0,00000000000000;
GA02;2G-04-07C;403580;ALCA PREFORM CABO CONC 3X35 + 35;UN;609;L2;Utilização livre depósito INVT;15,45;9.409,05;;;0,00000000000000;
GA02;2G-04-07C;404157;PLACA PVC 1MM  DIMENSÃO 250MMX180MM;UN;9.940;L2;Utilização livre depósito INVT;23,16;230.210,40;;;0,00000000000000;
GA02;2G-04-07D;401451;CONECTOR CUNHA ESTRIBO 1/0 2/0 4/0 AWG;UN;3.364;L2;Utilização livre depósito INVT;23,65;79.558,60;;;0,00000000000000;
GA02;2G-04-07E;403580;ALCA PREFORM CABO CONC 3X35 + 35;UN;2.000;L2;Utilização livre depósito INVT;15,45;30.900,00;;;0,00000000000000;
GA02;2G-04-08A;400527;CONECTOR DER CUNHA AL 4-2AWG 2AWG;UN;248;L2;Utilização livre depósito INVT;8,29;2.055,92;;;0,00000000000000;
GA02;2G-04-08A;401937;SAPATILHA CABO DE ACO 3/8P;UN;4.364;L2;Utilização livre depósito INVT;3,25;14.183,00;;;0,00000000000000;
GA02;2G-04-08A;403377;FITA ISOL ELET 19MMX20M 0,19MM VD;UN;179;L2;Utilização livre depósito INVT;53,47;9.571,13;;;0,00000000000000;
GA02;2G-04-08A;407127;TERMINAL COMP OLHAL BIMETÁLICO 50MM2;UN;643;L2;Utilização livre depósito INVT;25,31;16.274,33;;;0,00000000000000;
GA02;2G-04-08B;402155;CONECTOR DER CUNHA AL 2AWG 336,4MCM;UN;130;L2;Utilização livre depósito INVT;10,10;1.313,00;;;0,00000000000000;
GA02;2G-04-08B;402185;CONECTOR DER CUNHA ESTRIBO 336,4 MCM;UN;146;L2;Utilização livre depósito INVT;42,75;6.241,50;;;0,00000000000000;
GA02;2G-04-08B;404805;CONECTOR ESTRIBO CUNHA 1/0-2/0AWG;UN;80;L2;Utilização livre depósito INVT;13,60;1.088,00;;;0,00000000000000;
GA02;2G-04-08B;801213;"CONECTOR CUNHA AL 1/0;2 AWG 1/0;2/0AWG";UN;241;F3;Utilização livre depósito CUST;12,51;3.014,91;;;0,00000000000000;
GA02;2G-04-08C;402934;CONECTOR PERF 4-70 MM2 PADRAO ENTRADA;UN;6.750;L2;Utilização livre depósito INVT;7,41;50.017,50;;;0,00000000000000;
GA02;2G-04-08C;407127;TERMINAL COMP OLHAL BIMETÁLICO 50MM2;UN;7.300;L2;Utilização livre depósito INVT;25,31;184.763,00;;;0,00000000000000;
GA02;2G-04-08D;407127;TERMINAL COMP OLHAL BIMETÁLICO 50MM2;UN;16.000;L2;Utilização livre depósito INVT;25,31;404.960,00;;;0,00000000000000;
GA02;2G-04-08E;404084;ESPACADOR LOSANG CLASSE 15KV C/ GARRAS;UN;288;L2;Utilização livre depósito INVT;22,29;6.419,52;;;0,00000000000000;
GA02;2G-04-08E;410047;ALCA PREFORM CABO CONC  2X25 + 25;UN;1.856;L2;Utilização livre depósito INVT;9,07;16.833,92;;;0,00000000000000;
GA02;2G-04-09A;400111;ISOLADOR CAST PORC 13,8KV 90MM 3400DAN;UN;853;L2;Utilização livre depósito INVT;4,36;3.719,08;;;0,00000000000000;
GA02;2G-04-09A;401323;TERMINAL PINO TUBULAR 120MM2;UN;1.086;L2;Utilização livre depósito INVT;11,65;12.651,90;;;0,00000000000000;
GA02;2G-04-09A;405482;TERMINAL COMPRESSAO OLHAL ESTANHAD 95MM2;UN;929;L2;Utilização livre depósito INVT;11,74;10.906,46;;;0,00000000000000;
GA02;2G-04-09A;405493;TERMINAL TUBULAR CU ESTANHADO 70MM3;UN;2.208;L2;Utilização livre depósito INVT;6,39;14.109,12;;;0,00000000000000;
GA02;2G-04-09A;409257;TERMINAL A COMP OLHAL BIMETALICO 120MM2;UN;190;L2;Utilização livre depósito INVT;46,79;8.890,10;;;0,00000000000000;
GA02;2G-04-09B;400507;CONECTOR PARAL AL 10-2/0AWG (6-70MM2);UN;1.357;L2;Utilização livre depósito INVT;7,04;9.553,28;;;0,00000000000000;
GA02;2G-04-09B;400534;CONECTOR CU PARAF FEND CAB ATERR 10-95MM;UN;167;L2;Utilização livre depósito INVT;19,57;3.268,19;;;0,00000000000000;
GA02;2G-04-09B;402085;CONECTOR DER CUNHA  2/0 1/0 2/0AWG;UN;72;L2;Utilização livre depósito INVT;6,45;464,40;;;0,00000000000000;
GA02;2G-04-09B;403559;CONECTOR TIPO CUNHA  35MM  1/0 AWG;UN;156;L2;Utilização livre depósito INVT;10,85;1.692,60;;;0,00000000000000;
GA02;2G-04-09B;403710;CONECTOR DER CUNHA 336MCM 2/0AWG;UN;82;L2;Utilização livre depósito INVT;8,74;716,68;;;0,00000000000000;
GA02;2G-04-09B;404222;TERMINAL PRE ISOL PIN TUB  6MM-10AWG AM;UN;1.100;L2;Utilização livre depósito INVT;0,73;803,00;;;0,00000000000000;
GA02;2G-04-09B;405984;CONECTOR PARAFUSO FENDIDO 50MM;UN;18;L2;Utilização livre depósito INVT;0,01;0,18;;;0,00000000000000;
GA02;2G-04-09C;403647;ALCA PREFORM CABO CONC 3X95 +70;UN;118;L2;Utilização livre depósito INVT;39,45;4.655,10;;;0,00000000000000;
GA02;2G-04-09D;401857;CHAVE FUSIVEL DIST 15KV 100A/10KA PORC;UN;66;L2;Utilização livre depósito INVT;315,60;20.829,60;;;0,00000000000000;
GA02;2G-04-09D;405539;CONECTOR PERF PRINC 16-120 DER 4-36 1AMP;UN;4.333;L2;Utilização livre depósito INVT;22,12;95.845,96;;;0,00000000000000;
GA02;2G-04-10A;401117;MAO-FRANCESA PLANA AC 726X32X6MM;UN;3.000;L2;Utilização livre depósito INVT;18,71;56.130,00;;;0,00000000000000;
GA02;2G-04-10B;400133;LUVA EMENDA COMPR CB MAGNOLIA 954MCM;UN;23;L2;Utilização livre depósito INVT;538,90;12.394,70;;;0,00000000000000;
GA02;2G-04-10B;400793;CONECTOR PERF SIMP 6-35 / 6-35MM2;UN;2.241;L2;Utilização livre depósito INVT;10,89;24.404,49;;;0,00000000000000;
GA02;2G-04-10B;401773;TERMINAL TUBULAR CU ESTANHADO 10MM2;UN;66.736;L2;Utilização livre depósito INVT;1,08;72.074,88;;;0,00000000000000;
GA02;2G-04-10B;403558;CONECTOR TIPO CUNHA  50MM  1/0 AWG;UN;719;L2;Utilização livre depósito INVT;10,83;7.786,77;;;0,00000000000000;
GA02;2G-04-10B;405488;TERMINAL COMPRESSAO OLHAL ESTAN 10MM2 M6;UN;18.483;L2;Utilização livre depósito INVT;0,94;17.374,02;;;0,00000000000000;
GA02;2G-04-10B;405489;TERMINAL COMPRESSAO OLHAL ESTAN 16MM2 M6;UN;11.401;L2;Utilização livre depósito INVT;1,51;17.215,51;;;0,00000000000000;
GA02;2G-04-10B;405495;TERMINAL COMPRESSAO OLHAL ESTANHAD 35MM2;UN;525;L2;Utilização livre depósito INVT;2,99;1.569,75;;;0,00000000000000;
GA02;2G-04-10C;401500;CONECTOR DER CUNHA AL 2/0AWG 4/0AWG;UN;285;L2;Utilização livre depósito INVT;13,37;3.810,45;;;0,00000000000000;
GA02;2G-04-10C;402365;CONECTOR DER AL 1/0-4/0AWG 1/0-4/0AWG;UN;675;L2;Utilização livre depósito INVT;18,96;12.798,00;;;0,00000000000000;
GA02;2G-04-10C;403675;ALCA PREFORM CABO CONC  3X25 + 25;UN;600;L2;Utilização livre depósito INVT;10,42;6.252,00;;;0,00000000000000;
GA02;2G-04-10C;403696;CONECTOR CB-BAR 35MM2;UN;9.330;L2;Utilização livre depósito INVT;9,29;86.675,70;;;0,00000000000000;
GA02;2G-04-10C;403807;TERMINAL PRESSAO CU 95MM2 C/SAPATA;UN;88;L2;Utilização livre depósito INVT;64,13;5.643,44;;;0,00000000000000;
GA02;2G-04-10D;407127;TERMINAL COMP OLHAL BIMETÁLICO 50MM2;UN;14.400;L2;Utilização livre depósito INVT;25,31;364.464,00;;;0,00000000000000;
GA02;2G-04-10E;403580;ALCA PREFORM CABO CONC 3X35 + 35;UN;2.000;L2;Utilização livre depósito INVT;15,45;30.900,00;;;0,00000000000000;
GA02;2G-04-11A;400827;ARRUELA LIS QD AC 17MM 11/16 57X57MM 5MM;UN;28.016;L2;Utilização livre depósito INVT;2,90;81.246,40;;;0,00000000000000;
GA02;2G-04-11B;400797;CONECTOR DER CUNHA AL 2/0AWG 336,4MCM;UN;15;L2;Utilização livre depósito INVT;22,44;336,60;;;0,00000000000000;
GA02;2G-04-11B;401050;CONECTORES CUNHA 1/0AWG-50MM2 2AWG-25MM2;UN;237;L2;Utilização livre depósito INVT;3,87;917,19;;;0,00000000000000;
GA02;2G-04-11B;401285;TERMINAL TUBULAR COMPRESSAO 70MM2;UN;9.600;L2;Utilização livre depósito INVT;6,15;59.040,00;;;0,00000000000000;
GA02;2G-04-11B;402646;ABRACADEIRA PA 250X9,0X3,00MM;UN;1.453;L2;Utilização livre depósito INVT;0,46;668,38;;;0,00000000000000;
GA02;2G-04-11B;403961;ABRACADEIRA PA 200X2,5MM;UN;7.581;L2;Utilização livre depósito INVT;0,04;303,24;;;0,00000000000000;
GA02;2G-04-11B;404040;ABRACADEIRA PLAS UV 150X3,50MM;UN;90.898;L2;Utilização livre depósito INVT;0,14;12.725,72;;;0,00000000000000;
GA02;2G-04-11B;407128;TERMINAL COMP OLHAL BIMETÁLICO 95MM2;UN;288;L2;Utilização livre depósito INVT;24,47;7.047,36;;;0,00000000000000;
GA02;2G-04-11B;409203;LUVA DE EMENDA TORQUIMÉTRICO 185MM2;UN;97;L2;Utilização livre depósito INVT;317,00;30.749,00;;;0,00000000000000;
GA02;2G-04-11C;400506;CONECTOR DER CU 13-34MM2;UN;3.858;L2;Utilização livre depósito INVT;9,80;37.808,40;;;0,00000000000000;
GA02;2G-04-11C;401033;CONECTOR DER CUNHA ESTR AL 336,4MCM 2AWG;UN;300;L2;Utilização livre depósito INVT;15,60;4.680,00;;;0,00000000000000;
GA02;2G-04-11C;401500;CONECTOR DER CUNHA AL 2/0AWG 4/0AWG;UN;582;L2;Utilização livre depósito INVT;13,37;7.781,34;;;0,00000000000000;
GA02;2G-04-11C;404733;CONECTOR CUNHA  ESTRIBO 50MM2 70MM2;UN;291;L2;Utilização livre depósito INVT;38,60;11.232,60;;;0,00000000000000;
GA02;2G-04-11D;400778;CONECTOR DER AL 2(7) 1(7) 2AWG;UN;3.560;L2;Utilização livre depósito INVT;5,26;18.725,60;;;0,00000000000000;
GA02;2G-04-11E;401116;ISOLADOR ANCOR POLIM 15KV 5000DAN;UN;1.000;L2;Utilização livre depósito INVT;36,55;36.550,00;;;0,00000000000000;
GA02;2G-04-12A;400827;ARRUELA LIS QD AC 17MM 11/16 57X57MM 5MM;UN;14.000;L2;Utilização livre depósito INVT;2,90;40.600,00;;;0,00000000000000;
GA02;2G-04-12B;400531;CONECTOR DER CUNHA AL VER 2AWG;UN;616;L2;Utilização livre depósito INVT;2,63;1.620,08;;;0,00000000000000;
GA02;2G-04-12B;400809;CARTUCHO FP MET P/CUNHA VM FEST CALIB 22;UN;3.581;L2;Utilização livre depósito INVT;1,63;5.837,03;;;0,00000000000000;
GA02;2G-04-12B;401449;CONECTOR CUNHA AL 4/0(2) AWG;UN;493;L2;Utilização livre depósito INVT;4,34;2.139,62;;;0,00000000000000;
GA02;2G-04-12B;401463;CONECTOR DER CUNHA AL 2/0-3/0 1/0-2AWG;UN;40;L2;Utilização livre depósito INVT;6,27;250,80;;;0,00000000000000;
GA02;2G-04-12B;401874;CARTUCHO MET P/CUNHA AM FEST CALIB 22;UN;1.045;L2;Utilização livre depósito INVT;1,27;1.327,15;;;0,00000000000000;
GA02;2G-04-12B;401895;CONECTOR DER CUNHA AL 70MM2;UN;548;L2;Utilização livre depósito INVT;4,23;2.318,04;;;0,00000000000000;
GA02;2G-04-12B;403683;CONECTOR DER CUNHA AZ AL 336,4MCM 2/0AWG;UN;653;L2;Utilização livre depósito INVT;7,73;5.047,69;;;0,00000000000000;
GA02;2G-04-12D;400778;CONECTOR DER AL 2(7) 1(7) 2AWG;UN;4.800;L2;Utilização livre depósito INVT;5,26;25.248,00;;;0,00000000000000;
GA02;2G-04-12E;403647;ALCA PREFORM CABO CONC 3X95 +70;UN;525;L2;Utilização livre depósito INVT;39,45;20.711,25;;;0,00000000000000;
GA02;2G-04-12E;403675;ALCA PREFORM CABO CONC  3X25 + 25;UN;1.050;L2;Utilização livre depósito INVT;10,42;10.941,00;;;0,00000000000000;
GA02;2G-04-13B;402260;CONECTOR CUNHA CU 5/8P 25-35MM;UN;2.169;L2;Utilização livre depósito INVT;4,94;10.714,86;;;0,00000000000000;
GA02;2G-04-13B;402268;CONECTOR CUNHA S/CART 25X25-0MM2 CCR III;UN;5.328;L2;Utilização livre depósito INVT;0,86;4.582,08;;;0,00000000000000;
GA02;2G-04-13B;402354;CONECTOR CUNHA AT AL VM 25-50MM2;UN;1.627;L2;Utilização livre depósito INVT;5,25;8.541,75;;;0,00000000000000;
GA02;2G-04-13B;801311;CONECTOR DER CUNHA AM AL 4/0AWG 336,4MCM;UN;447;F3;Utilização livre depósito CUST;30,18;13.490,46;;;0,00000000000000;
GA02;2G-04-13C;800889;CONECTOR PARAL AL 4/0AWG 1/0AWG;UN;1.300;F3;Utilização livre depósito CUST;18,81;24.453,00;;;0,00000000000000;
GA02;2G-04-13D;401857;CHAVE FUSIVEL DIST 15KV 100A/10KA PORC;UN;132;L2;Utilização livre depósito INVT;315,60;41.659,20;;;0,00000000000000;
GA02;2G-04-13E;400318;CONECTOR AUTO PERF 50-120/4-35MM2;UN;6.458;L2;Utilização livre depósito INVT;13,60;87.828,80;;;0,00000000000000;
GA02;2G-04-14A;400518;"CONECTOR  CUNHA AL 1/0;2 AWG 1/0;2/0AWG";UN;756;L2;Utilização livre depósito INVT;9,43;7.129,08;;;0,00000000000000;
GA02;2G-04-14A;400532;CONECTOR DER CUNHA AL 2AWG 1/0AWG;UN;712;L2;Utilização livre depósito INVT;2,65;1.886,80;;;0,00000000000000;
GA02;2G-04-14A;400778;CONECTOR DER AL 2(7) 1(7) 2AWG;UN;779;L2;Utilização livre depósito INVT;5,26;4.097,54;;;0,00000000000000;
GA02;2G-04-14A;401694;TERMINAL COMPRESSAO OLHAL CU 95MM2;UN;1.660;L2;Utilização livre depósito INVT;8,89;14.757,40;;;0,00000000000000;
GA02;2G-04-14A;402059;CONECTOR PARAL AL 1/0AWG;UN;1.315;L2;Utilização livre depósito INVT;31,31;41.172,65;;;0,00000000000000;
GA02;2G-04-14A;402149;TERMINAL CU CHAVE SEC  70-120MM2;UN;17;L2;Utilização livre depósito INVT;144,71;2.460,07;;;0,00000000000000;
GA02;2G-04-14B;401471;CONECTOR CUN ESTRIBO 1/0 2/0AWG C/ CARTU;UN;2.434;L2;Utilização livre depósito INVT;33,43;81.368,62;;;0,00000000000000;
GA02;2G-04-14B;402587;FITA ISOL EPR 0,76X19MM 10M PT;UN;1.293;L2;Utilização livre depósito INVT;29,69;38.389,17;;;0,00000000000000;
GA02;2G-04-14C;800817;CHAVE FUSIVEL DIST 15KV 100A/10KA PORC;UN;132;F3;Utilização livre depósito CUST;317,77;41.945,64;;;0,00000000000000;
GA02;2G-04-14D;401449;CONECTOR CUNHA AL 4/0(2) AWG;UN;9.900;L2;Utilização livre depósito INVT;4,34;42.966,00;;;0,00000000000000;
GA02;2G-04-14E;403580;ALCA PREFORM CABO CONC 3X35 + 35;UN;875;L2;Utilização livre depósito INVT;15,45;13.518,75;;;0,00000000000000;
GA02;2G-04-15D;401857;CHAVE FUSIVEL DIST 15KV 100A/10KA PORC;UN;132;L2;Utilização livre depósito INVT;315,60;41.659,20;;;0,00000000000000;
GA02;2G-04-15E;401105;LACO LATERAL DUPLO 4/0AWG;UN;955;L2;Utilização livre depósito INVT;3,21;3.065,55;;;0,00000000000000;
GA02;2G-04-15E;408172;ALCA PREFORM CABO CONC 3X95 +50;UN;204;L2;Utilização livre depósito INVT;20,21;4.122,84;;;0,00000000000000;
GA02;2G-04-16B;400793;CONECTOR PERF SIMP 6-35 / 6-35MM2;UN;7.500;L2;Utilização livre depósito INVT;10,89;81.675,00;;;0,00000000000000;
GA02;2G-04-16B;401574;BRACO ANTIBALANCO PA PT 15KV 320MM;UN;426;L2;Utilização livre depósito INVT;19,01;8.098,26;;;0,00000000000000;
GA02;2G-04-16C;403647;ALCA PREFORM CABO CONC 3X95 +70;UN;525;L2;Utilização livre depósito INVT;39,45;20.711,25;;;0,00000000000000;
GA02;2G-04-16C;800717;GRAMPO LV OLHAL 18MM 10-120/10-70MM2;UN;1.214;F3;Utilização livre depósito CUST;67,93;82.467,02;;;0,00000000000000;
GA02;2G-04-16D;401857;CHAVE FUSIVEL DIST 15KV 100A/10KA PORC;UN;66;L2;Utilização livre depósito INVT;315,60;20.829,60;;;0,00000000000000;
GA02;2G-04-17A;400910;ISOLADOR DISCO 152X140MM 60KV 4500KGF;UN;49;L2;Utilização livre depósito INVT;31,80;1.558,20;;;0,00000000000000;
GA02;2G-04-17A;401155;PARAFUSO CAB QD AC 16MM 500MM;UN;1.117;L2;Utilização livre depósito INVT;18,17;20.295,89;;;0,00000000000000;
GA02;2G-04-17B;404741;CONECTOR PERF 15KV 35-70/6,1MM ESTRIBO;UN;1.600;L2;Utilização livre depósito INVT;68,87;110.192,00;;;0,00000000000000;
GA02;2G-04-17C;404741;CONECTOR PERF 15KV 35-70/6,1MM ESTRIBO;UN;1.600;L2;Utilização livre depósito INVT;68,87;110.192,00;;;0,00000000000000;
GA02;2G-04-17D;403647;ALCA PREFORM CABO CONC 3X95 +70;UN;525;L2;Utilização livre depósito INVT;39,45;20.711,25;;;0,00000000000000;
GA02;2G-04-17D;404741;CONECTOR PERF 15KV 35-70/6,1MM ESTRIBO;UN;1.600;L2;Utilização livre depósito INVT;68,87;110.192,00;;;0,00000000000000;
GA02;2G-04-18A;400142;GRAMPO LV OLHAL 18MM 10-120/10-70MM2;UN;1.300;L2;Utilização livre depósito INVT;58,31;75.803,00;;;0,00000000000000;
GA02;2G-04-18A;400366;ALCA PREFORM DIST 4/0 AWG 120MM2;UN;351;L2;Utilização livre depósito INVT;11,62;4.078,62;;;0,00000000000000;
GA02;2G-04-18A;401753;ALCA PREFORM DIST CAA/CA 1/0AWG 50MM2;UN;261;L2;Utilização livre depósito INVT;7,16;1.868,76;;;0,00000000000000;
GA02;2G-04-18A;404740;CONECTOR PERF 15KV 35-70 / 35-70MM2;UN;290;L2;Utilização livre depósito INVT;77,04;22.341,60;;;0,00000000000000;
GA02;2G-04-18A;805459;CONECTOR PERF 50-185MM2 15KV COM ESTRIBO;UN;97;F3;Utilização livre depósito CUST;163,95;15.903,15;;;0,00000000000000;
GA02;2G-04-18B;400192;PARAFUSO CAB QD AC 16MM 250MM;UN;500;L2;Utilização livre depósito INVT;14,50;7.250,00;;;0,00000000000000;
GA02;2G-04-18B;401857;CHAVE FUSIVEL DIST 15KV 100A/10KA PORC;UN;53;L2;Utilização livre depósito INVT;315,60;16.726,80;;;0,00000000000000;
GA02;2G-04-18B;402001;PINO ISOLADOR POLIMERICO 15KV 140MM;UN;150;L2;Utilização livre depósito INVT;16,56;2.484,00;;;0,00000000000000;
GA02;2G-04-18C;401857;CHAVE FUSIVEL DIST 15KV 100A/10KA PORC;UN;66;L2;Utilização livre depósito INVT;315,60;20.829,60;;;0,00000000000000;
GA02;2G-04-18C;403647;ALCA PREFORM CABO CONC 3X95 +70;UN;480;L2;Utilização livre depósito INVT;39,45;18.936,00;;;0,00000000000000;
GA02;2G-04-18D;404741;CONECTOR PERF 15KV 35-70/6,1MM ESTRIBO;UN;1.600;L2;Utilização livre depósito INVT;68,87;110.192,00;;;0,00000000000000;
GA02;2G-04-19A;404741;CONECTOR PERF 15KV 35-70/6,1MM ESTRIBO;UN;17;L2;Utilização livre depósito INVT;68,87;1.170,79;;;0,00000000000000;
GA02;2G-04-19A;800215;ARRUELA LIS 3/8P 1119;UN;874;F3;Utilização livre depósito CUST;0,44;384,56;;;0,00000000000000;
GA02;2G-04-19A;800223;ARRUELA QD 50X50X3MM 18MM AC;UN;16;F3;Utilização livre depósito CUST;1,30;20,80;;;0,00000000000000;
GA02;2G-04-19A;801331;ESTRIBO BRACO L AC 200DAN;UN;83;F3;Utilização livre depósito CUST;23,18;1.923,94;;;0,00000000000000;
GA02;2G-04-19B;402027;TERMINAL TUBULAR CU ESTANHADO 16MM2 AZ;UN;222.735;L2;Utilização livre depósito INVT;1,29;287.328,15;;;0,00000000000000;
GA02;2G-04-19C;401857;CHAVE FUSIVEL DIST 15KV 100A/10KA PORC;UN;66;L2;Utilização livre depósito INVT;315,60;20.829,60;;;0,00000000000000;
GA02;2G-04-19C;403580;ALCA PREFORM CABO CONC 3X35 + 35;UN;875;L2;Utilização livre depósito INVT;15,45;13.518,75;;;0,00000000000000;
GA02;2G-04-19D;401116;ISOLADOR ANCOR POLIM 15KV 5000DAN;UN;298;L2;Utilização livre depósito INVT;36,55;10.891,90;;;0,00000000000000;
GA02;2G-04-19D;401857;CHAVE FUSIVEL DIST 15KV 100A/10KA PORC;UN;66;L2;Utilização livre depósito INVT;315,60;20.829,60;;;0,00000000000000;
GA02;2G-04-19D;403667;ALCA PREFORM CABO CONC  2X10 + 10;UN;2.082;L2;Utilização livre depósito INVT;7,55;15.719,10;;;0,00000000000000;
GA02;2G-04-20A;402161;MANILHA AC 16MM 80MM 22MM 13500DAN;UN;29;L2;Utilização livre depósito INVT;4,15;120,35;;;0,00000000000000;
GA02;2G-04-20A;800239;ALCA PREFORM SERV CA 25MM2 330MM;UN;100;F3;Utilização livre depósito CUST;2,07;207,00;;;0,00000000000000;
GA02;2G-04-20A;800872;CONECTOR AUTO PERF DU 70-240 / 70-240MM2;UN;1.084;F3;Utilização livre depósito CUST;51,24;55.544,16;;;0,00000000000000;
GA02;2G-04-20A;803510;GRAMPO ANCORAGEM  CORDOALHA  5/16;UN;5;F3;Utilização livre depósito CUST;169,41;847,05;;;0,00000000000000;
GA02;2G-04-20C;401857;CHAVE FUSIVEL DIST 15KV 100A/10KA PORC;UN;66;L2;Utilização livre depósito INVT;315,60;20.829,60;;;0,00000000000000;
GA02;2G-04-20D;403675;ALCA PREFORM CABO CONC  3X25 + 25;UN;1.050;L2;Utilização livre depósito INVT;10,42;10.941,00;;;0,00000000000000;
GA02;2G-04-20D;410047;ALCA PREFORM CABO CONC  2X25 + 25;UN;1.050;L2;Utilização livre depósito INVT;9,07;9.523,50;;;0,00000000000000;
GA02;2G-05-03A;800499;MAO-FRANCESA PLANA AC 726X32X6MM;UN;1.677;F3;Utilização livre depósito CUST;17,31;29.028,87;;;0,00000000000000;
GA02;2G-05-03B;401096;PARAFUSO CAB ABA AC PESC QD 5/8X2.1/2P;UN;151;L2;Utilização livre depósito INVT;8,04;1.214,04;;;0,00000000000000;
GA02;2G-05-03B;401455;CONECTOR PARALELO AL 1/0-336,4CA/CAA;UN;32;L2;Utilização livre depósito INVT;0,01;0,32;;;0,00000000000000;
GA02;2G-05-03B;401933;PARAFUSO SXT 7/16 S/PORCA;UN;356;L2;Utilização livre depósito INVT;0,97;345,32;;;0,00000000000000;
GA02;2G-05-03B;402128;PARAFUSO CAB SXT LIGA AC 1/2X1.1/2P;UN;1.499;L2;Utilização livre depósito INVT;9,29;13.925,71;;;0,00000000000000;
GA02;2G-05-03B;403709;LUVA EMENDA COMPR CU 120MM2;UN;116;L2;Utilização livre depósito INVT;3,92;454,72;;;0,00000000000000;
GA02;2G-05-03B;404737;TERMINAL CHAVE SEC 1F 15KV 35-120MM2;CJ;6;L2;Utilização livre depósito INVT;112,00;672,00;;;0,00000000000000;
GA02;2G-05-03B;405482;TERMINAL COMPRESSAO OLHAL ESTANHAD 95MM2;UN;186;L2;Utilização livre depósito INVT;11,74;2.183,64;;;0,00000000000000;
GA02;2G-05-03C;120052;CAPA CHUVA IMPERMEAVEL M;UN;23;F3;Utilização livre depósito CUST;65,00;1.495,00;;;0,00000000000000;
GA02;2G-05-03C;120140;CAPA CHUVA IMPERMEAVEL G;UN;6;F3;Utilização livre depósito CUST;65,00;390,00;;;0,00000000000000;
GA02;2G-05-03C;120259;CALCA RESIST ARCO ELET/CHAMA 38;UN;3;F3;Utilização livre depósito CUST;158,87;476,61;;;0,00000000000000;
GA02;2G-05-03C;120260;CALCA RESIST ARCO ELET/CHAMA 40;UN;4;F3;Utilização livre depósito CUST;158,87;635,48;;;0,00000000000000;
GA02;2G-05-03C;120276;CAPA CHUVA IMPERMEAVEL GG;UN;7;F3;Utilização livre depósito CUST;65,00;455,00;;;0,00000000000000;
GA02;2G-05-03C;120335;CAMISA GG RESIST ARCO ELE/CHAMA ATPV 9.0;UN;3;F3;Utilização livre depósito CUST;159,08;477,24;;;0,00000000000000;
GA02;2G-05-03C;120336;CAMISA EG RESIST ARCO ELE/CHAMA ATPV 9.0;UN;13;F3;Utilização livre depósito CUST;155,59;2.022,67;;;0,00000000000000;
GA02;2G-05-03C;120343;CALCA RESIST ARCO ELET/CHAMA 46 ATPV 9.0;UN;3;F3;Utilização livre depósito CUST;158,87;476,61;;;0,00000000000000;
GA02;2G-05-03C;120349;CALCA RESIST ARCO ELET/CHAMA 58 ATPV 9.0;UN;4;F3;Utilização livre depósito CUST;109,34;437,36;;;0,00000000000000;
GA02;2G-05-03D;400635;CONECTOR CUNHA 6,20-11,32MMX1, 36-5,10MM;UN;98;L2;Utilização livre depósito INVT;1,74;170,52;;;0,00000000000000;
GA02;2G-05-03D;402672;ARAME GALV 14AWG;UN;431;L2;Utilização livre depósito INVT;23,11;9.960,41;;;0,00000000000000;
GA02;2G-05-03D;404011;BUCHA PVC DIAMETRO  1 POL  COM ARRUELA;UN;5.552;L2;Utilização livre depósito INVT;1,73;9.604,96;;;0,00000000000000;
GA02;2G-05-03E;409376;CAIXA PARA MEDIDOR POLIFASICA VIS. VIDRO;UN;57;L2;Utilização livre depósito INVT;63,31;3.608,67;;;0,00000000000000;
GA02;2G-05-04A;400130;LACO PREF ROLD CA 4/0AWG LJ;UN;887;L2;Utilização livre depósito INVT;2,98;2.643,26;;;0,00000000000000;
GA02;2G-05-04A;400989;PORCA OLHAL AC 16MM BSW;UN;42;L2;Utilização livre depósito INVT;7,81;328,02;;;0,00000000000000;
GA02;2G-05-04A;402127;PARAFUSO CAB ABA AC 16MM 45MM;UN;6.379;L2;Utilização livre depósito INVT;4,37;27.876,23;;;0,00000000000000;
GA02;2G-05-04B;400669;ARRUELA LIS AC PARAF 1/4P;UN;2.935;L2;Utilização livre depósito INVT;0,04;117,40;;;0,00000000000000;
GA02;2G-05-04B;401191;TERMINAL COMPRESSAO OLHAL CU 240MM2;UN;129;L2;Utilização livre depósito INVT;11,80;1.522,20;;;0,00000000000000;
GA02;2G-05-04B;401218;LUVA EMENDA COMPR 185MM2;UN;193;L2;Utilização livre depósito INVT;6,16;1.188,88;;;0,00000000000000;
GA02;2G-05-04B;401371;ARRUELA PRES AC PARAF 3/8P 5/8P;UN;1.361;L2;Utilização livre depósito INVT;0,54;734,94;;;0,00000000000000;
GA02;2G-05-04B;401372;TERMINAL PRESSAO CU 120MM2 C/SAPATA;UN;1;L2;Utilização livre depósito INVT;11,31;11,31;;;0,00000000000000;
GA02;2G-05-04B;401907;PORCA SEXT AC 1/2P WW;UN;736;L2;Utilização livre depósito INVT;0,71;522,56;;;0,00000000000000;
GA02;2G-05-04B;402172;PORCA SEXT AI304 3/8P UNC;UN;4.062;L2;Utilização livre depósito INVT;0,43;1.746,66;;;0,00000000000000;
GA02;2G-05-04B;402774;LUVA EMENDA CABO AL 35 MM2;UN;137;L2;Utilização livre depósito INVT;3,63;497,31;;;0,00000000000000;
GA02;2G-05-04B;404220;TERMINAL DE PRESSÃO 4MM2;UN;6.418;L2;Utilização livre depósito INVT;5,33;34.207,94;;;0,00000000000000;
GA02;2G-05-04B;404221;TERMINAL DE PRESSÃO 6MM2;UN;10.660;L2;Utilização livre depósito INVT;5,18;55.218,80;;;0,00000000000000;
GA02;2G-05-04B;405480;TERMINAL COMPRESSAO OLHAL ESTANHAD 50MM2;UN;80;L2;Utilização livre depósito INVT;0,67;53,60;;;0,00000000000000;
GA02;2G-05-04B;406535;TERMINAL PINO PRÉ-ISOL. 2,5MM AZ;UN;1.800;L2;Utilização livre depósito INVT;0,30;540,00;;;0,00000000000000;
GA02;2G-05-04C;120141;CALCA RESIST ARCO ELET/CHAMA 44;UN;5;F3;Utilização livre depósito CUST;158,87;794,35;;;0,00000000000000;
GA02;2G-05-04C;120332;CAMISA P RESIST ARCO ELET/CHAMA ATPV 9.0;UN;7;F3;Utilização livre depósito CUST;159,09;1.113,63;;;0,00000000000000;
GA02;2G-05-04D;401857;CHAVE FUSIVEL DIST 15KV 100A/10KA PORC;UN;66;L2;Utilização livre depósito INVT;315,60;20.829,60;;;0,00000000000000;
GA02;2G-05-04D;407130;RELIGADOR 1F AUTOMATICO 15KV 200A 6,3kA;PEÇ;1;L2;Utilização livre depósito INVT;14.945,42;14.945,42;;;0,00000000000000;
GA02;2G-05-04E;409376;CAIXA PARA MEDIDOR POLIFASICA VIS. VIDRO;UN;192;L2;Utilização livre depósito INVT;63,31;12.155,52;;;0,00000000000000;
GA02;2G-05-05A;402373;ESTRIBO BRACO L-EST-01 FOFO 200DAN;UN;165;L2;Utilização livre depósito INVT;10,80;1.782,00;;;0,00000000000000;
GA02;2G-05-05A;403515;ABRACADEIRA BAP 3 1200MMX381MM PARAF;UN;560;L2;Utilização livre depósito INVT;13,85;7.756,00;;;0,00000000000000;
GA02;2G-05-05B;400137;LACO PREF CA 2AWG PESC 57MM PURPURA;UN;141;L2;Utilização livre depósito INVT;3,15;444,15;;;0,00000000000000;
GA02;2G-05-05B;401120;LUVA EMENDA COMPR AL 240MM2;UN;16;L2;Utilização livre depósito INVT;11,69;187,04;;;0,00000000000000;
GA02;2G-05-05B;401708;TERMINAL PRESSAO CU 185MM2;UN;1;L2;Utilização livre depósito INVT;0,35;0,35;;;0,00000000000000;
GA02;2G-05-05B;403849;PRENSA CABO 3/4P AL C/BUCHA NEOP;UN;89;L2;Utilização livre depósito INVT;5,68;505,52;;;0,00000000000000;
GA02;2G-05-05B;403945;LUVA PRE-ISOLADA EMEND CABO 2,5MM2 COMPR;UN;1.144;L2;Utilização livre depósito INVT;25,26;28.897,44;;;0,00000000000000;
GA02;2G-05-05B;404743;LUVA EMENDA CABO ISOLADO 10MM;UN;110;L2;Utilização livre depósito INVT;1,64;180,40;;;0,00000000000000;
GA02;2G-05-05B;404744;LUVA EMENDA CABO ISOLADO 16MM;UN;273;L2;Utilização livre depósito INVT;2,21;603,33;;;0,00000000000000;
GA02;2G-05-05B;405484;LUVA EMENDA CABO AL COB 70MM2;UN;237;L2;Utilização livre depósito INVT;12,16;2.881,92;;;0,00000000000000;
GA02;2G-05-05C;120042;CINTO SEG PARA-QUEDISTA TAM 2;UN;16;F3;Utilização livre depósito CUST;876,09;14.017,44;;;0,00000000000000;
GA02;2G-05-05C;120128;PERNEIRA SEG COU SINT 15MM;PAR;5;F3;Utilização livre depósito CUST;44,87;224,35;;;0,00000000000000;
GA02;2G-05-05C;120170;CAPACETE SEG ABA FRONT B BR PEAD;UN;45;F3;Utilização livre depósito CUST;52,30;2.353,50;;;0,00000000000000;
GA02;2G-05-05C;120348;CALCA RESIST ARCO ELET/CHAMA 56 ATPV 9.0;UN;7;F3;Utilização livre depósito CUST;113,65;795,55;;;0,00000000000000;
GA02;2G-05-05D;401952;LACO PREF TOPO DUPLO CA 336,4MCM VM;UN;1.210;L2;Utilização livre depósito INVT;2,18;2.637,80;;;0,00000000000000;
GA02;2G-05-05E;409376;CAIXA PARA MEDIDOR POLIFASICA VIS. VIDRO;UN;192;L2;Utilização livre depósito INVT;63,31;12.155,52;;;0,00000000000000;
GA02;2G-05-06A;400855;EMENDA PREF COND AL 1/0 AWG 965MM;UN;1.151;L2;Utilização livre depósito INVT;19,14;22.030,14;;;0,00000000000000;
GA02;2G-05-06A;401131;PARAFUSO CAB QD AC 16MM 225MM 300MM;UN;2.991;L2;Utilização livre depósito INVT;10,91;32.631,81;;;0,00000000000000;
GA02;2G-05-06B;400683;ALCA PREFORM SERV 16MM2 5,0-5,7MM2;UN;215;L2;Utilização livre depósito INVT;1,94;417,10;;;0,00000000000000;
GA02;2G-05-06B;401090;LACO LATERAL DUPLO CA 2AWG;UN;393;L2;Utilização livre depósito INVT;3,14;1.234,02;;;0,00000000000000;
GA02;2G-05-06B;406859;ALCA PREFORM 70MM2;PEÇ;96;L2;Utilização livre depósito INVT;6,79;651,84;;;0,00000000000000;
GA02;2G-05-06C;120114;CARNEIRA AJUST PEBD CZ;UN;46;F3;Utilização livre depósito CUST;27,38;1.259,48;;;0,00000000000000;
GA02;2G-05-06C;120452;LUVA ALGODAO M;UN;210;F3;Utilização livre depósito CUST;2,55;535,50;;;0,00000000000000;
GA02;2G-05-06C;802944;LUVA ALGODAO M;UN;12;F3;Utilização livre depósito CUST;2,52;30,24;;;0,00000000000000;
GA02;2G-05-06C;803818;BOLSA P/FERRAM EM LONA REFOR 500X200X380;UN;3;F3;Utilização livre depósito CUST;141,01;423,03;;;0,00000000000000;
GA02;2G-05-06D;400651;GRAMPO ANCOR CABO 477MCM 8000KGF;UN;1.061;L2;Utilização livre depósito INVT;6,84;7.257,24;;;0,00000000000000;
GA02;2G-05-06D;400667;ALCA PREFORM COND CONC 10MM2;UN;594;L2;Utilização livre depósito INVT;2,36;1.401,84;;;0,00000000000000;
GA02;2G-05-06D;801128;GRAMPO ANCOR CABO 477MCM 8000KGF;UN;90;F3;Utilização livre depósito CUST;6,84;615,60;;;0,00000000000000;
GA02;2G-05-06E;409376;CAIXA PARA MEDIDOR POLIFASICA VIS. VIDRO;UN;192;L2;Utilização livre depósito INVT;63,31;12.155,52;;;0,00000000000000;
GA02;2G-05-07A;402327;ESTRIBO BRACO L AC 200DAN;UN;1.481;L2;Utilização livre depósito INVT;21,73;32.182,13;;;0,00000000000000;
GA02;2G-05-07B;402005;TERMINAL COMPRESSAO OLHAL 120MM2 1F;UN;1.936;L2;Utilização livre depósito INVT;5,84;11.306,24;;;0,00000000000000;
GA02;2G-05-07B;402783;LUVA PRE-ISOLADA EMENDA CABO CU 6,0MM2;UN;1.249;L2;Utilização livre depósito INVT;0,18;224,82;;;0,00000000000000;
GA02;2G-05-07B;402888;TERMINAL PRE-ISOLADO ENC AM 4-6MM2;UN;1.148;L2;Utilização livre depósito INVT;0,20;229,60;;;0,00000000000000;
GA02;2G-05-07B;404224;TERMINAL ISOL TIPO PINO 2,5MM AZ;UN;900;L2;Utilização livre depósito INVT;0,12;108,00;;;0,00000000000000;
GA02;2G-05-07B;404250;TERMINAL PINO TUBULAR 4,0MM2;UN;3.297;L2;Utilização livre depósito INVT;0,36;1.186,92;;;0,00000000000000;
GA02;2G-05-07B;404441;TERMINAL PRE-ISOL PINO 6MM2 LING OLHAL;UN;659;L2;Utilização livre depósito INVT;0,75;494,25;;;0,00000000000000;
GA02;2G-05-07B;405490;TERMINAL COMPRESSAO OLHAL ESTAN 25MM2 M6;UN;3.718;L2;Utilização livre depósito INVT;2,61;9.703,98;;;0,00000000000000;
GA02;2G-05-07B;406533;TERMINAL TIPO OLHAL PRÉ-ISOL. 4MMx6MM AM;UN;67;L2;Utilização livre depósito INVT;0,01;0,67;;;0,00000000000000;
GA02;2G-05-07C;120007;LUVA COBERTURA VAQ 345MM;PAR;22;F3;Utilização livre depósito CUST;32,08;705,76;;;0,00000000000000;
GA02;2G-05-07C;120068;OCULOS SEG VISOR 100 PC S/ARM ANT INC;UN;7;F3;Utilização livre depósito CUST;8,41;58,87;;;0,00000000000000;
GA02;2G-05-07C;120100;OCULOS SEG VISOR 100 PC S/ARM ANT CZ;UN;66;F3;Utilização livre depósito CUST;14,90;983,40;;;0,00000000000000;
GA02;2G-05-07C;120188;OCULOS SEG PC CZ LENTE OPTIC;UN;1;F3;Utilização livre depósito CUST;8,59;8,59;;;0,00000000000000;
GA02;2G-05-07C;120297;OCULOS SEG SOBREPOR;UN;4;F3;Utilização livre depósito CUST;8,59;34,36;;;0,00000000000000;
GA02;2G-05-07D;401105;LACO LATERAL DUPLO 4/0AWG;UN;2.200;L2;Utilização livre depósito INVT;3,21;7.062,00;;;0,00000000000000;
GA02;2G-05-07E;409376;CAIXA PARA MEDIDOR POLIFASICA VIS. VIDRO;UN;192;L2;Utilização livre depósito INVT;63,31;12.155,52;;;0,00000000000000;
GA02;2G-05-08A;403803;ALCA PREFORM CABO CONC  3X10 + 10;UN;1.027;L2;Utilização livre depósito INVT;8,63;8.863,01;;;0,00000000000000;
GA02;2G-05-08B;400782;COBERTURA PROT CONEC ESTRIB/GRAMP LV;UN;24;L2;Utilização livre depósito INVT;61,51;1.476,24;;;0,00000000000000;
GA02;2G-05-08B;401827;ALCA PREFORM SERV 10MM2 3,7-4,1MM2;UN;3.413;L2;Utilização livre depósito INVT;1,65;5.631,45;;;0,00000000000000;
GA02;2G-05-08C;400678;ALCA PREFORM SERV 35MM2 45MM2;UN;7.682;L2;Utilização livre depósito INVT;1,09;8.373,38;;;0,00000000000000;
GA02;2G-05-08C;403045;BUCHA C/ARRUELA PVC 1.1/2P;UN;6.200;L2;Utilização livre depósito INVT;3,59;22.258,00;;;0,00000000000000;
GA02;2G-05-08D;401840;LACO PREF ROLD CA 336,4 MCM LARANJA;UN;1.280;L2;Utilização livre depósito INVT;2,35;3.008,00;;;0,00000000000000;
GA02;2G-05-08D;401857;CHAVE FUSIVEL DIST 15KV 100A/10KA PORC;UN;66;L2;Utilização livre depósito INVT;315,60;20.829,60;;;0,00000000000000;
GA02;2G-05-08E;409376;CAIXA PARA MEDIDOR POLIFASICA VIS. VIDRO;UN;192;L2;Utilização livre depósito INVT;63,31;12.155,52;;;0,00000000000000;
GA02;2G-05-09A;402324;SELA CRUZETA POSTE AC 115MM 18MM;UN;2;L2;Utilização livre depósito INVT;5,09;10,18;;;0,00000000000000;
GA02;2G-05-09B;400851;EMENDA PREF COND AL 2/0 AWG 1016MM;UN;197;L2;Utilização livre depósito INVT;22,54;4.440,38;;;0,00000000000000;
GA02;2G-05-09B;402706;CONECTOR CUNHA 8,12-3,17MM 5,21-3,17MM;UN;1.327;L2;Utilização livre depósito INVT;2,20;2.919,40;;;0,00000000000000;
GA02;2G-05-09C;400848;LACO PREF DUPLO LATERAL 1/0AWG;UN;476;L2;Utilização livre depósito INVT;6,50;3.094,00;;;0,00000000000000;
GA02;2G-05-09C;800093;LACO PREF LATERAL DUPLO CA/CAA 336,4MCM;UN;486;F3;Utilização livre depósito CUST;3,42;1.662,12;;;0,00000000000000;
GA02;2G-05-09D;400860;LUVA EMENDA PREFORMADA LS -0118;UN;2.018;L2;Utilização livre depósito INVT;9,45;19.070,10;;;0,00000000000000;
GA02;2G-05-09D;401546;EMENDA PREF COND AL 2AWG 711MM;UN;1.797;L2;Utilização livre depósito INVT;7,10;12.758,70;;;0,00000000000000;
GA02;2G-05-09E;401857;CHAVE FUSIVEL DIST 15KV 100A/10KA PORC;UN;132;L2;Utilização livre depósito INVT;315,60;41.659,20;;;0,00000000000000;
GA02;2G-05-10A;400673;ARRUELA QD 50X50X3MM 18MM AC;UN;34.242;L2;Utilização livre depósito INVT;1,49;51.020,58;;;0,00000000000000;
GA02;2G-05-10A;400951;PARAFUSO MAQ CAB QD AC 5/8X24P;UN;467;L2;Utilização livre depósito INVT;26,77;12.501,59;;;0,00000000000000;
GA02;2G-05-10B;401520;ALCA PREFORM DIST CA 477MCM CAA 336,4MCM;UN;14;L2;Utilização livre depósito INVT;32,03;448,42;;;0,00000000000000;
GA02;2G-05-10B;401916;LACO LATERAL PREF DUPLO 2/0AWG;UN;46;L2;Utilização livre depósito INVT;3,08;141,68;;;0,00000000000000;
GA02;2G-05-10B;402768;LACO ROLD PREF CA-CAA 3,09-4/0AWG;UN;41;L2;Utilização livre depósito INVT;3,15;129,15;;;0,00000000000000;
GA02;2G-05-10C;400351;ALCA PREFORM SERV 1X16+16MM2;UN;4.187;L2;Utilização livre depósito INVT;0,94;3.935,78;;;0,00000000000000;
GA02;2G-05-10C;403515;ABRACADEIRA BAP 3 1200MMX381MM PARAF;UN;2.000;L2;Utilização livre depósito INVT;13,85;27.700,00;;;0,00000000000000;
GA02;2G-05-10D;401857;CHAVE FUSIVEL DIST 15KV 100A/10KA PORC;UN;132;L2;Utilização livre depósito INVT;315,60;41.659,20;;;0,00000000000000;
GA02;2G-05-10E;407096;PROTETOR P/ CABO BT PVC COMP 2000MM;PEÇ;560;L2;Utilização livre depósito INVT;227,47;127.383,20;;;0,00000000000000;
GA02;2G-05-11B;400513;CONECTOR PARAFUSO FEND CU EST 35MM2;UN;12;L2;Utilização livre depósito INVT;9,37;112,44;;;0,00000000000000;
GA02;2G-05-11B;403739;PRENSA CABO 1.1/4P AL C/BUCHA NEOP;UN;1.676;L2;Utilização livre depósito INVT;21,89;36.687,64;;;0,00000000000000;
GA02;2G-05-11B;403770;PRENSA CABO 1.1/2P AL C/BUCHA NEOP NPT;UN;600;L2;Utilização livre depósito INVT;30,70;18.420,00;;;0,00000000000000;
GA02;2G-05-11C;404289;ABRACADEIRA U FE GALV 1 P;UN;8.729;L2;Utilização livre depósito INVT;0,01;87,29;;;0,00000000000000;
GA02;2G-05-11E;800917;LACO PREF CA 2AWG PESC 57MM PURPURA;UN;1.402;F3;Utilização livre depósito CUST;3,21;4.500,42;;;0,00000000000000;
GA02;2G-05-11E;802405;ALCA PREFORM 6,4MM 1/4P AM 635MM;UN;3.240;F3;Utilização livre depósito CUST;5,28;17.107,20;;;0,00000000000000;
GA02;2G-05-12B;402120;ALCA PREFORM DIST CAA 336,4MCM VERDE;UN;873;L2;Utilização livre depósito INVT;20,18;17.617,14;;;0,00000000000000;
GA02;2G-05-12C;800817;CHAVE FUSIVEL DIST 15KV 100A/10KA PORC;UN;132;F3;Utilização livre depósito CUST;317,77;41.945,64;;;0,00000000000000;
GA02;2G-05-12E;401827;ALCA PREFORM SERV 10MM2 3,7-4,1MM2;UN;23.635;L2;Utilização livre depósito INVT;1,65;38.997,75;;;0,00000000000000;
GA02;2G-05-12E;403641;ALCA PREFORM CABO CONC  3X16 + 16;UN;1.480;L2;Utilização livre depósito INVT;10,32;15.273,60;;;0,00000000000000;
GA02;2G-05-13B;401088;LACO LATERAL PREF CAA E CA 1/0AWG DUPLO;UN;599;L2;Utilização livre depósito INVT;2,18;1.305,82;;;0,00000000000000;
GA02;2G-05-13B;401234;LACO PREF ROLD CA 1/0AWG LJ;UN;1.508;L2;Utilização livre depósito INVT;6,47;9.756,76;;;0,00000000000000;
GA02;2G-05-13C;400945;PARAFUSO CAB ABA PESC QD EM AC 5/8PX45MM;UN;40;L2;Utilização livre depósito INVT;4,51;180,40;;;0,00000000000000;
GA02;2G-05-13C;401132;PARAFUSO CAB SXT AC 3/8X1.1/2P UNC;UN;1.942;L2;Utilização livre depósito INVT;0,44;854,48;;;0,00000000000000;
GA02;2G-05-13C;402067;ARRUELA PARAF SXT 3/8P;UN;6.848;L2;Utilização livre depósito INVT;0,10;684,80;;;0,00000000000000;
GA02;2G-05-13C;402431;PARAFUSO CAB SXT AC 7/16X1.1/4P;UN;1.140;L2;Utilização livre depósito INVT;1,20;1.368,00;;;0,00000000000000;
GA02;2G-05-13C;404287;PARAFUSO CAB SXT COBRE ESTANHADO 12X45MM;UN;247;L2;Utilização livre depósito INVT;13,86;3.423,42;;;0,00000000000000;
GA02;2G-05-13D;401857;CHAVE FUSIVEL DIST 15KV 100A/10KA PORC;UN;132;L2;Utilização livre depósito INVT;315,60;41.659,20;;;0,00000000000000;
GA02;2G-05-13E;400736;CAPA PROTETORA CONEC CUNHA 15KV AZ/BR;UN;1.566;L2;Utilização livre depósito INVT;28,53;44.677,98;;;0,00000000000000;
GA02;2G-05-13E;403594;ALCA PREFORM CABO CONC  2X16 + 16;UN;1.650;L2;Utilização livre depósito INVT;10,04;16.566,00;;;0,00000000000000;
GA02;2G-05-14B;401102;LACO DISTRIBUICAO PREF CAA 2/0AWG AC;UN;1.131;L2;Utilização livre depósito INVT;1,33;1.504,23;;;0,00000000000000;
GA02;2G-05-14B;401546;EMENDA PREF COND AL 2AWG 711MM;UN;255;L2;Utilização livre depósito INVT;7,10;1.810,50;;;0,00000000000000;
GA02;2G-05-14B;401922;LACO ROLD PREF 336,4MCM;UN;118;L2;Utilização livre depósito INVT;1,61;189,98;;;0,00000000000000;
GA02;2G-05-14C;400378;ALCA PREFORM SERV 10MM2, 3,7-4,1 MM;UN;13;L2;Utilização livre depósito INVT;1,22;15,86;;;0,00000000000000;
GA02;2G-05-14C;400699;ALCA PREFORM SERV CA 25MM2 330MM;UN;184;L2;Utilização livre depósito INVT;2,00;368,00;;;0,00000000000000;
GA02;2G-05-14C;400848;LACO PREF DUPLO LATERAL 1/0AWG;UN;5;L2;Utilização livre depósito INVT;6,50;32,50;;;0,00000000000000;
GA02;2G-05-14C;405260;EMENDA PREF CA 2/0AWG 7F AM;UN;59;L2;Utilização livre depósito INVT;24,00;1.416,00;;;0,00000000000000;
GA02;2G-05-14D;800817;CHAVE FUSIVEL DIST 15KV 100A/10KA PORC;UN;132;F3;Utilização livre depósito CUST;317,77;41.945,64;;;0,00000000000000;
GA02;2G-05-14E;402120;ALCA PREFORM DIST CAA 336,4MCM VERDE;UN;500;L2;Utilização livre depósito INVT;20,18;10.090,00;;;0,00000000000000;
GA02;2G-05-14E;403594;ALCA PREFORM CABO CONC  2X16 + 16;UN;4.500;L2;Utilização livre depósito INVT;10,04;45.180,00;;;0,00000000000000;
GA02;2G-05-15A;402296;GANCHO OLHAL AC 17MM 5000KGF;UN;1.745;L2;Utilização livre depósito INVT;12,52;21.847,40;;;0,00000000000000;
GA02;2G-05-15A;404985;PARAFUSO AUTO BROC FLANG PHILIPS 4.2X25M;UN;64.542;L2;Utilização livre depósito INVT;0,13;8.390,46;;;0,00000000000000;
GA02;2G-05-15A;405494;TERMINAL TUBULAR CU ESTANHADO 95MM3;UN;938;L2;Utilização livre depósito INVT;6,44;6.040,72;;;0,00000000000000;
GA02;2G-05-15B;400106;LUVA EMENDA 185MM 251MM;UN;48;L2;Utilização livre depósito INVT;38,54;1.849,92;;;0,00000000000000;
GA02;2G-05-15B;401616;LACO PREF LATERAL DUPLO CA/CAA 336,4MCM;UN;10;L2;Utilização livre depósito INVT;3,42;34,20;;;0,00000000000000;
GA02;2G-05-15B;402163;PARAFUSO 4,8X35MM AC;UN;6.822;L2;Utilização livre depósito INVT;0,80;5.457,60;;;0,00000000000000;
GA02;2G-05-15B;402353;ARRUELA LIS 3/8P 1119;UN;19.152;L2;Utilização livre depósito INVT;0,44;8.426,88;;;0,00000000000000;
GA02;2G-05-15B;403366;CONECTOR DER BARRAMENTO 10MM;UN;9.346;L2;Utilização livre depósito INVT;2,57;24.019,22;;;0,00000000000000;
GA02;2G-05-15C;400022;TERMINAL P/ CABO 2,5MM2 OLHAL FURO 4,3MM;UN;13.210;L2;Utilização livre depósito INVT;0,67;8.850,70;;;0,00000000000000;
GA02;2G-05-15C;400880;LACO PREF ISOLADOR ROLD CA 2AWG LJ 33MM2;UN;97;L2;Utilização livre depósito INVT;1,91;185,27;;;0,00000000000000;
GA02;2G-05-15C;402165;ARRUELA RED ELET RIG AL 1/2P ROS NPT;UN;400;L2;Utilização livre depósito INVT;1,11;444,00;;;0,00000000000000;
GA02;2G-05-15C;402456;TERMINAL OLHAL 4MM2 AM;UN;1.281;L2;Utilização livre depósito INVT;0,78;999,18;;;0,00000000000000;
GA02;2G-05-15C;402902;TERMINAL PRE-ISOL ENC MACH 1,5-2,5MM2 AZ;UN;1.248;L2;Utilização livre depósito INVT;0,19;237,12;;;0,00000000000000;
GA02;2G-05-15C;408877;TERMINAL COBRE FEMEA 1.5-2.5MM;UN;1.633;L2;Utilização livre depósito INVT;0,46;751,18;;;0,00000000000000;
GA02;2G-05-15D;800817;CHAVE FUSIVEL DIST 15KV 100A/10KA PORC;UN;132;F3;Utilização livre depósito CUST;317,77;41.945,64;;;0,00000000000000;
GA02;2G-05-15E;403594;ALCA PREFORM CABO CONC  2X16 + 16;UN;4.950;L2;Utilização livre depósito INVT;10,04;49.698,00;;;0,00000000000000;
GA02;2G-05-16A;401239;PARAFUSO CAB QD AC 16MM 450MM;UN;3.528;L2;Utilização livre depósito INVT;23,02;81.214,56;;;0,00000000000000;
GA02;2G-05-16B;400665;GRAMPO ANCOR CUNHA AL 50MM2 400DAN;UN;215;L2;Utilização livre depósito INVT;23,64;5.082,60;;;0,00000000000000;
GA02;2G-05-16B;406859;ALCA PREFORM 70MM2;PEÇ;60;L2;Utilização livre depósito INVT;6,79;407,40;;;0,00000000000000;
GA02;2G-05-16C;800917;LACO PREF CA 2AWG PESC 57MM PURPURA;UN;210;F3;Utilização livre depósito CUST;3,21;674,10;;;0,00000000000000;
GA02;2G-05-16D;800817;CHAVE FUSIVEL DIST 15KV 100A/10KA PORC;UN;132;F3;Utilização livre depósito CUST;317,77;41.945,64;;;0,00000000000000;
GA02;2G-05-16E;403594;ALCA PREFORM CABO CONC  2X16 + 16;UN;5.400;L2;Utilização livre depósito INVT;10,04;54.216,00;;;0,00000000000000;
GA02;2G-05-17D;401089;LACO DISTRIBUICAO P/CABO 2/0AWG;UN;2.854;L2;Utilização livre depósito INVT;2,01;5.736,54;;;0,00000000000000;
GA02;2G-05-17D;800817;CHAVE FUSIVEL DIST 15KV 100A/10KA PORC;UN;66;F3;Utilização livre depósito CUST;317,77;20.972,82;;;0,00000000000000;
GA02;2G-05-17E;401857;CHAVE FUSIVEL DIST 15KV 100A/10KA PORC;UN;66;L2;Utilização livre depósito INVT;315,60;20.829,60;;;0,00000000000000;
GA02;2G-05-17E;403682;BUCHA LOK 01;UN;123.364;L2;Utilização livre depósito INVT;0,85;104.859,40;;;0,00000000000000;
GA02;2G-05-18A;401842;HASTE ATERRAMENTO PROLONGAVEL 5/8PX2,40M;UN;215;L2;Utilização livre depósito INVT;126,47;27.191,05;;;0,00000000000000;
GA02;2G-05-18B;400373;ALCA PREFORM SERV 25MM2 45MM2;UN;4.249;L2;Utilização livre depósito INVT;0,78;3.314,22;;;0,00000000000000;
GA02;2G-05-18B;407596;TERMINAL OLHAL COMPRESSAO 120MM²;UN;2.400;L2;Utilização livre depósito INVT;13,43;32.232,00;;;0,00000000000000;
GA02;2G-05-18C;800817;CHAVE FUSIVEL DIST 15KV 100A/10KA PORC;UN;132;F3;Utilização livre depósito CUST;317,77;41.945,64;;;0,00000000000000;
GA02;2G-05-18D;800817;CHAVE FUSIVEL DIST 15KV 100A/10KA PORC;UN;132;F3;Utilização livre depósito CUST;317,77;41.945,64;;;0,00000000000000;
GA02;2G-05-18E;403594;ALCA PREFORM CABO CONC  2X16 + 16;UN;5.400;L2;Utilização livre depósito INVT;10,04;54.216,00;;;0,00000000000000;
GA02;2G-05-19B;402276;CHAVE FUSIVEL INDIC 15KV 200A/95KV BUC;UN;6;L2;Utilização livre depósito INVT;418,86;2.513,16;;;0,00000000000000;
GA02;2G-05-19B;402359;PARAFUSO CAB ABA AC 16MM 125MM;UN;42;L2;Utilização livre depósito INVT;6,21;260,82;;;0,00000000000000;
GA02;2G-05-19B;407098;PRENSA-CABO ROSCA BSP 1.1/4 LP+P/ 40 DAN;PEÇ;1.900;L2;Utilização livre depósito INVT;45,46;86.374,00;;;0,00000000000000;
GA02;2G-05-19C;402276;CHAVE FUSIVEL INDIC 15KV 200A/95KV BUC;UN;46;L2;Utilização livre depósito INVT;418,86;19.267,56;;;0,00000000000000;
GA02;2G-05-19D;800817;CHAVE FUSIVEL DIST 15KV 100A/10KA PORC;UN;132;F3;Utilização livre depósito CUST;317,77;41.945,64;;;0,00000000000000;
GA02;2G-05-19E;403594;ALCA PREFORM CABO CONC  2X16 + 16;UN;5.400;L2;Utilização livre depósito INVT;10,04;54.216,00;;;0,00000000000000;
GA02;2G-05-20B;404030;"ANILHA NUMERO ""0"" 4-16MM";UN;3.374;L2;Utilização livre depósito INVT;0,08;269,92;;;0,00000000000000;
GA02;2G-05-20B;404032;"ANILHA NUMERO ""2"" 4-16MM";UN;1.750;L2;Utilização livre depósito INVT;0,08;140,00;;;0,00000000000000;
GA02;2G-05-20B;404034;"ANILHA NUMERO ""4"" 4-16MM";UN;3.236;L2;Utilização livre depósito INVT;0,08;258,88;;;0,00000000000000;
GA02;2G-05-20B;404035;"ANILHA NUMERO ""5"" 4-16MM";UN;1.590;L2;Utilização livre depósito INVT;0,08;127,20;;;0,00000000000000;
GA02;2G-05-20B;404036;"ANILHA NUMERO ""6"" 4-16MM";UN;2.270;L2;Utilização livre depósito INVT;0,08;181,60;;;0,00000000000000;
GA02;2G-05-20B;404037;"ANILHA NUMERO ""7"" 4-16MM";UN;2.586;L2;Utilização livre depósito INVT;0,08;206,88;;;0,00000000000000;
GA02;2G-05-20B;404038;"ANILHA NUMERO ""8"" 4-16MM";UN;2.000;L2;Utilização livre depósito INVT;0,08;160,00;;;0,00000000000000;
GA02;2G-05-20B;404039;"ANILHA NUMERO ""9"" 4-16MM";UN;2.003;L2;Utilização livre depósito INVT;0,08;160,24;;;0,00000000000000;
GA02;2G-05-20B;404057;ANILHA IDENT PVC COND 1,5-4,0MM2 AM C;UN;18.072;L2;Utilização livre depósito INVT;0,77;13.915,44;;;0,00000000000000;
GA02;2G-05-20B;404058;ANILHA IDENT PVC COND 1,5-4,0MM2 AM N0;UN;4.054;L2;Utilização livre depósito INVT;0,10;405,40;;;0,00000000000000;
GA02;2G-05-20B;404059;ANILHA IDENT PVC COND 1,5-4,0MM2 AM N1;UN;1.101;L2;Utilização livre depósito INVT;0,06;66,06;;;0,00000000000000;
GA02;2G-05-20B;404061;ANILHA IDENT PVC COND 1,5-4,0MM2 AM N3;UN;2.124;L2;Utilização livre depósito INVT;0,05;106,20;;;0,00000000000000;
GA02;2G-05-20B;404063;ANILHA IDENT PVC COND 1,5-4,0MM2 AM N5;UN;830;L2;Utilização livre depósito INVT;0,27;224,10;;;0,00000000000000;
GA02;2G-05-20B;404069;ANILHA IDENT PVC COND 1,5-4,0MM2 AM P;UN;6.092;L2;Utilização livre depósito INVT;1,01;6.152,92;;;0,00000000000000;
GA02;2G-05-20B;404070;ANILHA IDENT PVC COND 1,5-4,0MM2 AM S;UN;3.098;L2;Utilização livre depósito INVT;0,06;185,88;;;0,00000000000000;
GA02;2G-05-20B;405095;ANILHA MARC LETRA C CABO 4-16MM2;UN;10.500;L2;Utilização livre depósito INVT;0,77;8.085,00;;;0,00000000000000;
GA02;2G-05-20B;405098;ANILHA MARC LETRA S CABO 4-16MM2;UN;13.100;L2;Utilização livre depósito INVT;0,06;786,00;;;0,00000000000000;
GA02;2G-05-20C;401857;CHAVE FUSIVEL DIST 15KV 100A/10KA PORC;UN;132;L2;Utilização livre depósito INVT;315,60;41.659,20;;;0,00000000000000;
GA02;2G-05-20C;800817;CHAVE FUSIVEL DIST 15KV 100A/10KA PORC;UN;102;F3;Utilização livre depósito CUST;317,77;32.412,54;;;0,00000000000000;
GA02;2G-05-20D;401857;CHAVE FUSIVEL DIST 15KV 100A/10KA PORC;UN;132;L2;Utilização livre depósito INVT;315,60;41.659,20;;;0,00000000000000;
GA02;2G-05-20D;800817;CHAVE FUSIVEL DIST 15KV 100A/10KA PORC;UN;132;F3;Utilização livre depósito CUST;317,77;41.945,64;;;0,00000000000000;
GA02;2G-05-20E;400758;CHAVE SECC 1P 15KV 630A 110KV 25KA;UN;21;L2;Utilização livre depósito INVT;497,75;10.452,75;;;0,00000000000000;
GA02;2G-05-21A;400974;PORCA QUADRADA AC 16MM 2MM;UN;4.398;L2;Utilização livre depósito INVT;2,00;8.796,00;;;0,00000000000000;
GA02;2G-05-21A;401358;TERMINAL OLHAL COMP P/ CABO COBRE 95MM;UN;100;L2;Utilização livre depósito INVT;2,39;239,00;;;0,00000000000000;
GA02;2G-05-21A;402041;ARRUELA QD 5/8P;UN;5;L2;Utilização livre depósito INVT;0,98;4,90;;;0,00000000000000;
GA02;2G-05-21B;402373;ESTRIBO BRACO L-EST-01 FOFO 200DAN;UN;590;L2;Utilização livre depósito INVT;10,80;6.372,00;;;0,00000000000000;
GA02;2G-05-21C;800817;CHAVE FUSIVEL DIST 15KV 100A/10KA PORC;UN;132;F3;Utilização livre depósito CUST;317,77;41.945,64;;;0,00000000000000;
GA02;2G-05-21D;800817;CHAVE FUSIVEL DIST 15KV 100A/10KA PORC;UN;132;F3;Utilização livre depósito CUST;317,77;41.945,64;;;0,00000000000000;
GA02;2G-05-21E;401952;LACO PREF TOPO DUPLO CA 336,4MCM VM;UN;2.340;L2;Utilização livre depósito INVT;2,18;5.101,20;;;0,00000000000000;
GA02;2G-05-22B;800817;CHAVE FUSIVEL DIST 15KV 100A/10KA PORC;UN;132;F3;Utilização livre depósito CUST;317,77;41.945,64;;;0,00000000000000;
GA02;2G-05-22C;800817;CHAVE FUSIVEL DIST 15KV 100A/10KA PORC;UN;132;F3;Utilização livre depósito CUST;317,77;41.945,64;;;0,00000000000000;
GA02;2G-05-22D;800817;CHAVE FUSIVEL DIST 15KV 100A/10KA PORC;UN;132;F3;Utilização livre depósito CUST;317,77;41.945,64;;;0,00000000000000;
GA02;2G-05-22E;407096;PROTETOR P/ CABO BT PVC COMP 2000MM;PEÇ;560;L2;Utilização livre depósito INVT;227,47;127.383,20;;;0,00000000000000;
GA02;2G-05-23A;404072;CANTONEIRA C AC ABA IG 65X900MM 600DAN;UN;2.555;L2;Utilização livre depósito INVT;53,53;136.769,15;;;0,00000000000000;
GA02;2G-05-23A;404719;FIXADOR PERFIL U AC 150DAN 300DAN;UN;1.126;L2;Utilização livre depósito INVT;18,80;21.168,80;;;0,00000000000000;
GA02;2G-05-23A;800434;CANTONEIRA C AC ABA IG 65X900MM 600DAN;UN;174;F3;Utilização livre depósito CUST;88,66;15.426,84;;;0,00000000000000;
GA02;2G-05-23B;800817;CHAVE FUSIVEL DIST 15KV 100A/10KA PORC;UN;66;F3;Utilização livre depósito CUST;317,77;20.972,82;;;0,00000000000000;
GA02;2G-05-23C;800817;CHAVE FUSIVEL DIST 15KV 100A/10KA PORC;UN;132;F3;Utilização livre depósito CUST;317,77;41.945,64;;;0,00000000000000;
GA02;2G-05-23D;401857;CHAVE FUSIVEL DIST 15KV 100A/10KA PORC;UN;132;L2;Utilização livre depósito INVT;315,60;41.659,20;;;0,00000000000000;
GA02;2G-05-23E;407096;PROTETOR P/ CABO BT PVC COMP 2000MM;PEÇ;560;L2;Utilização livre depósito INVT;227,47;127.383,20;;;0,00000000000000;
GA02;2G-06-01A;403667;ALCA PREFORM CABO CONC  2X10 + 10;UN;353;L2;Utilização livre depósito INVT;7,55;2.665,15;;;0,00000000000000;
GA02;2G-06-01D;404030;"ANILHA NUMERO ""0"" 4-16MM";UN;50;L2;Utilização livre depósito INVT;0,08;4,00;;;0,00000000000000;
GA02;2G-06-01D;404031;"ANILHA NUMERO ""1"" 4-16MM";UN;320;L2;Utilização livre depósito INVT;0,08;25,60;;;0,00000000000000;
GA02;2G-06-01D;404034;"ANILHA NUMERO ""4"" 4-16MM";UN;34;L2;Utilização livre depósito INVT;0,08;2,72;;;0,00000000000000;
GA02;2G-06-01D;405095;ANILHA MARC LETRA C CABO 4-16MM2;UN;248;L2;Utilização livre depósito INVT;0,77;190,96;;;0,00000000000000;
GA02;2G-06-01D;405097;ANILHA MARC LETRA P CABO 4-16MM2;UN;7.465;L2;Utilização livre depósito INVT;1,01;7.539,65;;;0,00000000000000;
GA02;2G-06-01D;405098;ANILHA MARC LETRA S CABO 4-16MM2;UN;1.018;L2;Utilização livre depósito INVT;0,06;61,08;;;0,00000000000000;
GA02;2G-06-02A;400034;TERMINAL PINO TUBULAR 70MM2;UN;3.887;L2;Utilização livre depósito INVT;6,26;24.332,62;;;0,00000000000000;
GA02;2G-06-02A;801164;PINO ISOLADOR POLIMERICO AC 15KV 200MM;UN;517;F3;Utilização livre depósito CUST;27,34;14.134,78;;;0,00000000000000;
GA02;2G-06-03A;401131;PARAFUSO CAB QD AC 16MM 225MM 300MM;UN;99;L2;Utilização livre depósito INVT;10,91;1.080,09;;;0,00000000000000;
GA02;2G-06-03A;401232;TERMINAL PRESSAO CU 50MM2;UN;236;L2;Utilização livre depósito INVT;1,94;457,84;;;0,00000000000000;
GA02;2G-06-03A;401706;PARAFUSO CAB QD AC 16MM 2P 350MM;UN;199;L2;Utilização livre depósito INVT;15,20;3.024,80;;;0,00000000000000;
GA02;2G-06-03C;409258;TERMINAL A COMP OLHAL BIMETALICO 150MM2;UN;100;L2;Utilização livre depósito INVT;50,62;5.062,00;;;0,00000000000000;
GA02;2G-06-03C;409259;TERMINAL A COMP OLHAL BIMETALICO 185MM2;UN;100;L2;Utilização livre depósito INVT;83,75;8.375,00;;;0,00000000000000;
GA02;2G-06-04A;401706;PARAFUSO CAB QD AC 16MM 2P 350MM;UN;9;L2;Utilização livre depósito INVT;15,20;136,80;;;0,00000000000000;
GA02;2G-06-04B;400022;TERMINAL P/ CABO 2,5MM2 OLHAL FURO 4,3MM;UN;49;L2;Utilização livre depósito INVT;0,67;32,83;;;0,00000000000000;
GA02;2G-06-04B;404031;"ANILHA NUMERO ""1"" 4-16MM";UN;2.721;L2;Utilização livre depósito INVT;0,08;217,68;;;0,00000000000000;
GA02;2G-06-04C;401857;CHAVE FUSIVEL DIST 15KV 100A/10KA PORC;UN;66;L2;Utilização livre depósito INVT;315,60;20.829,60;;;0,00000000000000;
GA02;2G-06-05A;401620;LACO PREF ROLD CA 2/0AWG LJ;UN;1.931;L2;Utilização livre depósito INVT;2,91;5.619,21;;;0,00000000000000;
GA02;2G-06-05C;401857;CHAVE FUSIVEL DIST 15KV 100A/10KA PORC;UN;66;L2;Utilização livre depósito INVT;315,60;20.829,60;;;0,00000000000000;
GA02;2G-06-06A;400827;ARRUELA LIS QD AC 17MM 11/16 57X57MM 5MM;UN;10.200;L2;Utilização livre depósito INVT;2,90;29.580,00;;;0,00000000000000;
GA02;2G-06-06E;408994;ISOLADOR PINO, POLIMERICO COM TRAVAS;UN;320;L2;Utilização livre depósito INVT;25,34;8.108,80;;;0,00000000000000;
GA02;2G-06-07C;401857;CHAVE FUSIVEL DIST 15KV 100A/10KA PORC;UN;66;L2;Utilização livre depósito INVT;315,60;20.829,60;;;0,00000000000000;
GA02;2G-06-08A;401763;PARAFUSO OLH AC 5/8P 650MM;UN;202;L2;Utilização livre depósito INVT;35,10;7.090,20;;;0,00000000000000;
GA02;2G-06-08A;401853;HASTE ANCORA AC 600MM 16MM 5000DAN;UN;285;L2;Utilização livre depósito INVT;27,72;7.900,20;;;0,00000000000000;
GA02;2G-06-09B;400827;ARRUELA LIS QD AC 17MM 11/16 57X57MM 5MM;UN;4.750;L2;Utilização livre depósito INVT;2,90;13.775,00;;;0,00000000000000;
GA02;2G-06-09B;403515;ABRACADEIRA BAP 3 1200MMX381MM PARAF;UN;2.240;L2;Utilização livre depósito INVT;13,85;31.024,00;;;0,00000000000000;
GA02;2G-06-10A;402448;PARAFUSO OLH AC 5/8P 24P;UN;120;L2;Utilização livre depósito INVT;29,88;3.585,60;;;0,00000000000000;
GA02;2G-06-10C;401857;CHAVE FUSIVEL DIST 15KV 100A/10KA PORC;UN;66;L2;Utilização livre depósito INVT;315,60;20.829,60;;;0,00000000000000;
GA02;2G-06-11A;401131;PARAFUSO CAB QD AC 16MM 225MM 300MM;UN;507;L2;Utilização livre depósito INVT;10,91;5.531,37;;;0,00000000000000;
GA02;2G-06-11B;402161;MANILHA AC 16MM 80MM 22MM 13500DAN;UN;768;L2;Utilização livre depósito INVT;4,15;3.187,20;;;0,00000000000000;
GA02;2G-06-12B;401608;PARA-RAIO DISTRIB POL 280V 10KA ISOL;UN;505;L2;Utilização livre depósito INVT;50,42;25.462,10;;;0,00000000000000;
GA02;2G-06-12B;402448;PARAFUSO OLH AC 5/8P 24P;UN;224;L2;Utilização livre depósito INVT;29,88;6.693,12;;;0,00000000000000;
GA02;2G-06-12C;401916;LACO LATERAL PREF DUPLO 2/0AWG;UN;3.224;L2;Utilização livre depósito INVT;3,08;9.929,92;;;0,00000000000000;
GA02;2G-06-13B;400974;PORCA QUADRADA AC 16MM 2MM;UN;5.603;L2;Utilização livre depósito INVT;2,00;11.206,00;;;0,00000000000000;
GA02;2G-06-14A;400181;PARAFUSO CAB QD 16X500MM EM AC;UN;3.103;L2;Utilização livre depósito INVT;7,62;23.644,86;;;0,00000000000000;
GA02;2G-06-14B;400758;CHAVE SECC 1P 15KV 630A 110KV 25KA;UN;24;L2;Utilização livre depósito INVT;497,75;11.946,00;;;0,00000000000000;
GA02;2G-06-14C;401857;CHAVE FUSIVEL DIST 15KV 100A/10KA PORC;UN;66;L2;Utilização livre depósito INVT;315,60;20.829,60;;;0,00000000000000;
GA02;2G-06-14D;401857;CHAVE FUSIVEL DIST 15KV 100A/10KA PORC;UN;66;L2;Utilização livre depósito INVT;315,60;20.829,60;;;0,00000000000000;
GA02;2G-06-15A;401655;PARAFUSO CAB QD 16X400MM AC;UN;4.199;L2;Utilização livre depósito INVT;12,34;51.815,66;;;0,00000000000000;
GA02;2G-06-15B;400758;CHAVE SECC 1P 15KV 630A 110KV 25KA;UN;30;L2;Utilização livre depósito INVT;497,75;14.932,50;;;0,00000000000000;
GA02;2G-06-15B;402374;GRAMPO ANCOR CUNHA AL 35MM2 400DAN;UN;479;L2;Utilização livre depósito INVT;20,54;9.838,66;;;0,00000000000000;
GA02;2G-06-15C;402365;CONECTOR DER AL 1/0-4/0AWG 1/0-4/0AWG;UN;7.313;L2;Utilização livre depósito INVT;18,96;138.654,48;;;0,00000000000000;
GA02;2G-06-15D;401088;LACO LATERAL PREF CAA E CA 1/0AWG DUPLO;UN;4.000;L2;Utilização livre depósito INVT;2,18;8.720,00;;;0,00000000000000;
GA02;2G-06-16A;400955;PARAFUSO CAB ABA AC 16MM 150MM;UN;2.372;L2;Utilização livre depósito INVT;4,23;10.033,56;;;0,00000000000000;
GA02;2G-06-16A;401239;PARAFUSO CAB QD AC 16MM 450MM;UN;2.505;L2;Utilização livre depósito INVT;23,02;57.665,10;;;0,00000000000000;
GA02;2G-06-16C;401105;LACO LATERAL DUPLO 4/0AWG;UN;2.200;L2;Utilização livre depósito INVT;3,21;7.062,00;;;0,00000000000000;
GA02;2G-06-16C;403641;ALCA PREFORM CABO CONC  3X16 + 16;UN;1.480;L2;Utilização livre depósito INVT;10,32;15.273,60;;;0,00000000000000;
GA02;2G-06-17A;401692;PARAFUSO OLH AC 16MM 5/8P 475MM;UN;110;L2;Utilização livre depósito INVT;32,20;3.542,00;;;0,00000000000000;
GA02;2G-06-17B;409296;PRENSA-CABO ROSCA BSP 1.1/2 LP+P/ 40 DAN;PEÇ;4.144;L2;Utilização livre depósito INVT;45,46;188.386,24;;;0,00000000000000;
GA02;2G-06-17D;400373;ALCA PREFORM SERV 25MM2 45MM2;UN;13.350;L2;Utilização livre depósito INVT;0,78;10.413,00;;;0,00000000000000;
GA02;2G-06-17D;400880;LACO PREF ISOLADOR ROLD CA 2AWG LJ 33MM2;UN;5.000;L2;Utilização livre depósito INVT;1,91;9.550,00;;;0,00000000000000;
GA02;2G-06-18A;400954;PARAFUSO CAB QD MAQ AC 5/8X20P;UN;1.040;L2;Utilização livre depósito INVT;18,95;19.708,00;;;0,00000000000000;
GA02;2G-06-18A;401108;LACO DISTRIBUICAO PREF CAA 1/0AWG;UN;926;L2;Utilização livre depósito INVT;2,34;2.166,84;;;0,00000000000000;
GA02;2G-06-18B;401105;LACO LATERAL DUPLO 4/0AWG;UN;1.851;L2;Utilização livre depósito INVT;3,21;5.941,71;;;0,00000000000000;
GA02;2G-06-18B;401385;ALCA PREFORM SERV 1X1010MM2 200DAN;UN;11.215;L2;Utilização livre depósito INVT;0,94;10.542,10;;;0,00000000000000;
GA02;2G-06-18C;401857;CHAVE FUSIVEL DIST 15KV 100A/10KA PORC;UN;66;L2;Utilização livre depósito INVT;315,60;20.829,60;;;0,00000000000000;
GA02;2G-06-18C;800337;EMENDA PREF COND AL 4/0AWG AM 1295MM;UN;324;F3;Utilização livre depósito CUST;66,93;21.685,32;;;0,00000000000000;
GA02;2G-06-18D;400122;LACO PREF TOPO CAA/CA 4/0AWG VM;UN;2.883;L2;Utilização livre depósito INVT;2,03;5.852,49;;;0,00000000000000;
GA02;2G-06-18D;401857;CHAVE FUSIVEL DIST 15KV 100A/10KA PORC;UN;66;L2;Utilização livre depósito INVT;315,60;20.829,60;;;0,00000000000000;
GA02;2G-06-19A;400140;ISOLADOR RODL PORC 15KV 81X47MM 1350DAN;UN;804;L2;Utilização livre depósito INVT;6,15;4.944,60;;;0,00000000000000;
GA02;2G-06-19A;400359;ALCA PREFORM ESTAI 3/8P 9,5MM 889MM;UN;871;L2;Utilização livre depósito INVT;20,28;17.663,88;;;0,00000000000000;
GA02;2G-06-19B;400130;LACO PREF ROLD CA 4/0AWG LJ;UN;461;L2;Utilização livre depósito INVT;2,98;1.373,78;;;0,00000000000000;
GA02;2G-06-19B;801062;LACO PREF ROLD CA 4/0AWG LJ;UN;996;F3;Utilização livre depósito CUST;2,60;2.589,60;;;0,00000000000000;
GA02;2G-06-19C;403739;PRENSA CABO 1.1/4P AL C/BUCHA NEOP;UN;6.750;L2;Utilização livre depósito INVT;21,89;147.757,50;;;0,00000000000000;
GA02;2G-06-19D;403641;ALCA PREFORM CABO CONC  3X16 + 16;UN;1.138;L2;Utilização livre depósito INVT;10,32;11.744,16;;;0,00000000000000;
GA02;2G-06-20A;400140;ISOLADOR RODL PORC 15KV 81X47MM 1350DAN;UN;2.498;L2;Utilização livre depósito INVT;6,15;15.362,70;;;0,00000000000000;
GA02;2G-06-20A;400758;CHAVE SECC 1P 15KV 630A 110KV 25KA;UN;25;L2;Utilização livre depósito INVT;497,75;12.443,75;;;0,00000000000000;
GA02;2G-06-20B;402374;GRAMPO ANCOR CUNHA AL 35MM2 400DAN;UN;1.320;L2;Utilização livre depósito INVT;20,54;27.112,80;;;0,00000000000000;
GA02;2G-06-20C;401105;LACO LATERAL DUPLO 4/0AWG;UN;2.570;L2;Utilização livre depósito INVT;3,21;8.249,70;;;0,00000000000000;
GA02;2G-06-20D;402307;CONECTOR PERF 4 SAÍDAS 25-240MM2/1,5-35M;UN;1.750;L2;Utilização livre depósito INVT;73,82;129.185,00;;;0,00000000000000;
GA02;2G-06-21A;400422;CARTUCHO PLA P/CUNHA AM FEST CALIB 20;UN;251;L2;Utilização livre depósito INVT;2,60;652,60;;;0,00000000000000;
GA02;2G-06-21A;401686;PINO TOPO AC 25MM 389MM 2F 18X32MM;UN;350;L2;Utilização livre depósito INVT;11,90;4.165,00;;;0,00000000000000;
GA02;2G-06-21A;800061;CARTUCHO PLA P/CUNHA VM FEST CALIB 20;UN;134;F3;Utilização livre depósito CUST;1,15;154,10;;;0,00000000000000;
GA02;2G-06-21A;801170;CARTUCHO PLA P/CUNHA AM FEST CALIB 20;UN;356;F3;Utilização livre depósito CUST;2,60;925,60;;;0,00000000000000;
GA02;2G-06-21B;403641;ALCA PREFORM CABO CONC  3X16 + 16;UN;935;L2;Utilização livre depósito INVT;10,32;9.649,20;;;0,00000000000000;
GA02;2G-06-21C;401616;LACO PREF LATERAL DUPLO CA/CAA 336,4MCM;UN;4.280;L2;Utilização livre depósito INVT;3,42;14.637,60;;;0,00000000000000;
GA02;2G-06-21D;402307;CONECTOR PERF 4 SAÍDAS 25-240MM2/1,5-35M;UN;1.750;L2;Utilização livre depósito INVT;73,82;129.185,00;;;0,00000000000000;
GA02;2G-06-22A;400375;ALCA PREFORM DIST CAA/CA 2/0AWG 70MM2;UN;919;L2;Utilização livre depósito INVT;7,21;6.625,99;;;0,00000000000000;
GA02;2G-06-22A;402287;ARMACAO SEC PRESB 1EST 4,2MM ACO;UN;1.030;L2;Utilização livre depósito INVT;10,89;11.216,70;;;0,00000000000000;
GA02;2G-06-22C;402307;CONECTOR PERF 4 SAÍDAS 25-240MM2/1,5-35M;UN;29;L2;Utilização livre depósito INVT;73,82;2.140,78;;;0,00000000000000;
GA02;2G-06-22C;403641;ALCA PREFORM CABO CONC  3X16 + 16;UN;1.480;L2;Utilização livre depósito INVT;10,32;15.273,60;;;0,00000000000000;
GA02;2G-06-22D;402307;CONECTOR PERF 4 SAÍDAS 25-240MM2/1,5-35M;UN;1.750;L2;Utilização livre depósito INVT;73,82;129.185,00;;;0,00000000000000;
GA02;2G-06-23A;401435;ALCA PREFORM CA/CAA 2AWG 6/1P 2AWG 625MM;UN;2.444;L2;Utilização livre depósito INVT;4,32;10.558,08;;;0,00000000000000;
GA02;2G-06-23C;401088;LACO LATERAL PREF CAA E CA 1/0AWG DUPLO;UN;4.880;L2;Utilização livre depósito INVT;2,18;10.638,40;;;0,00000000000000;
GA02;2G-06-23D;407096;PROTETOR P/ CABO BT PVC COMP 2000MM;PEÇ;528;L2;Utilização livre depósito INVT;227,47;120.104,16;;;0,00000000000000;
GA03;3G-01-01A;110195;ESCADA FBV EXT 5,10X9,00M 29DEG 30KG;UN;15;F3;Utilização livre depósito CUST;1.083,53;16.252,95;;;0,00000000000000;
GA03;3G-01-01A;110493;ESCADA FBV EXT 4,20X7,20M 23DEG 27KG;UN;13;F3;Utilização livre depósito CUST;1.011,45;13.148,85;;;0,00000000000000;
GA03;3G-01-11A;403168;SUPORTE PARA CAIXA SMC;UN;100;L2;Utilização livre depósito INVT;188,06;18.806,00;;;0,00000000000000;
GA03;3G-01-11A;403409;RELIGADOR 3F AUTOMATICO 15KV 630A 12,5kA;UN;1;L2;Utilização livre depósito INVT;56.273,36;56.273,36;;;0,00000000000000;
GA03;3G-01-11B;402527;MED IN 1E 2F 120V 100A SMC DR B;UN;192;L2;Utilização livre depósito INVT;213,78;41.045,76;;;0,00000000000000;
GA03;3G-01-11B;402570;UNIDADE DE LEITURA INDIVIDUAL TLI - SMC;UN;192;L2;Utilização livre depósito INVT;125,79;24.151,68;;;0,00000000000000;
GA03;3G-01-11B;402625;GABINETE CONCENTR 12MOD 120V C/RADIO SMC;UN;16;L2;Utilização livre depósito INVT;2.878,54;46.056,64;;;0,00000000000000;
GA03;3G-01-11C;402527;MED IN 1E 2F 120V 100A SMC DR B;UN;192;L2;Utilização livre depósito INVT;213,78;41.045,76;;;0,00000000000000;
GA03;3G-01-11C;402570;UNIDADE DE LEITURA INDIVIDUAL TLI - SMC;UN;192;L2;Utilização livre depósito INVT;125,79;24.151,68;;;0,00000000000000;
GA03;3G-01-11C;402625;GABINETE CONCENTR 12MOD 120V C/RADIO SMC;UN;16;L2;Utilização livre depósito INVT;2.878,54;46.056,64;;;0,00000000000000;
GA03;3G-01-11D;402527;MED IN 1E 2F 120V 100A SMC DR B;UN;144;L2;Utilização livre depósito INVT;213,78;30.784,32;;;0,00000000000000;
GA03;3G-01-11D;402570;UNIDADE DE LEITURA INDIVIDUAL TLI - SMC;UN;144;L2;Utilização livre depósito INVT;125,79;18.113,76;;;0,00000000000000;
GA03;3G-01-11D;402625;GABINETE CONCENTR 12MOD 120V C/RADIO SMC;UN;12;L2;Utilização livre depósito INVT;2.878,54;34.542,48;;;0,00000000000000;
GA03;3G-01-12A;403168;SUPORTE PARA CAIXA SMC;UN;100;L2;Utilização livre depósito INVT;188,06;18.806,00;;;0,00000000000000;
GA03;3G-01-12A;403409;RELIGADOR 3F AUTOMATICO 15KV 630A 12,5kA;UN;1;L2;Utilização livre depósito INVT;56.273,36;56.273,36;;;0,00000000000000;
GA03;3G-01-12B;402527;MED IN 1E 2F 120V 100A SMC DR B;UN;192;L2;Utilização livre depósito INVT;213,78;41.045,76;;;0,00000000000000;
GA03;3G-01-12B;402570;UNIDADE DE LEITURA INDIVIDUAL TLI - SMC;UN;192;L2;Utilização livre depósito INVT;125,79;24.151,68;;;0,00000000000000;
GA03;3G-01-12B;402625;GABINETE CONCENTR 12MOD 120V C/RADIO SMC;UN;16;L2;Utilização livre depósito INVT;2.878,54;46.056,64;;;0,00000000000000;
GA03;3G-01-12C;402527;MED IN 1E 2F 120V 100A SMC DR B;UN;192;L2;Utilização livre depósito INVT;213,78;41.045,76;;;0,00000000000000;
GA03;3G-01-12C;402570;UNIDADE DE LEITURA INDIVIDUAL TLI - SMC;UN;192;L2;Utilização livre depósito INVT;125,79;24.151,68;;;0,00000000000000;
GA03;3G-01-12C;402625;GABINETE CONCENTR 12MOD 120V C/RADIO SMC;UN;16;L2;Utilização livre depósito INVT;2.878,54;46.056,64;;;0,00000000000000;
GA03;3G-01-12D;402527;MED IN 1E 2F 120V 100A SMC DR B;UN;144;L2;Utilização livre depósito INVT;213,78;30.784,32;;;0,00000000000000;
GA03;3G-01-12D;402570;UNIDADE DE LEITURA INDIVIDUAL TLI - SMC;UN;144;L2;Utilização livre depósito INVT;125,79;18.113,76;;;0,00000000000000;
GA03;3G-01-12D;402625;GABINETE CONCENTR 12MOD 120V C/RADIO SMC;UN;12;L2;Utilização livre depósito INVT;2.878,54;34.542,48;;;0,00000000000000;
GA03;3G-01-13A;403168;SUPORTE PARA CAIXA SMC;UN;100;L2;Utilização livre depósito INVT;188,06;18.806,00;;;0,00000000000000;
GA03;3G-01-13A;403409;RELIGADOR 3F AUTOMATICO 15KV 630A 12,5kA;UN;1;L2;Utilização livre depósito INVT;56.273,36;56.273,36;;;0,00000000000000;
GA03;3G-01-13B;402527;MED IN 1E 2F 120V 100A SMC DR B;UN;192;L2;Utilização livre depósito INVT;213,78;41.045,76;;;0,00000000000000;
GA03;3G-01-13B;402570;UNIDADE DE LEITURA INDIVIDUAL TLI - SMC;UN;192;L2;Utilização livre depósito INVT;125,79;24.151,68;;;0,00000000000000;
GA03;3G-01-13B;402625;GABINETE CONCENTR 12MOD 120V C/RADIO SMC;UN;16;L2;Utilização livre depósito INVT;2.878,54;46.056,64;;;0,00000000000000;
GA03;3G-01-13C;402527;MED IN 1E 2F 120V 100A SMC DR B;UN;192;L2;Utilização livre depósito INVT;213,78;41.045,76;;;0,00000000000000;
GA03;3G-01-13C;402570;UNIDADE DE LEITURA INDIVIDUAL TLI - SMC;UN;192;L2;Utilização livre depósito INVT;125,79;24.151,68;;;0,00000000000000;
GA03;3G-01-13C;402625;GABINETE CONCENTR 12MOD 120V C/RADIO SMC;UN;16;L2;Utilização livre depósito INVT;2.878,54;46.056,64;;;0,00000000000000;
GA03;3G-01-13D;402527;MED IN 1E 2F 120V 100A SMC DR B;UN;144;L2;Utilização livre depósito INVT;213,78;30.784,32;;;0,00000000000000;
GA03;3G-01-13D;402570;UNIDADE DE LEITURA INDIVIDUAL TLI - SMC;UN;144;L2;Utilização livre depósito INVT;125,79;18.113,76;;;0,00000000000000;
GA03;3G-01-13D;402625;GABINETE CONCENTR 12MOD 120V C/RADIO SMC;UN;12;L2;Utilização livre depósito INVT;2.878,54;34.542,48;;;0,00000000000000;
GA03;3G-01-14A;403168;SUPORTE PARA CAIXA SMC;UN;100;L2;Utilização livre depósito INVT;188,06;18.806,00;;;0,00000000000000;
GA03;3G-01-14A;403409;RELIGADOR 3F AUTOMATICO 15KV 630A 12,5kA;UN;1;L2;Utilização livre depósito INVT;56.273,36;56.273,36;;;0,00000000000000;
GA03;3G-01-14B;402527;MED IN 1E 2F 120V 100A SMC DR B;UN;192;L2;Utilização livre depósito INVT;213,78;41.045,76;;;0,00000000000000;
GA03;3G-01-14B;402570;UNIDADE DE LEITURA INDIVIDUAL TLI - SMC;UN;192;L2;Utilização livre depósito INVT;125,79;24.151,68;;;0,00000000000000;
GA03;3G-01-14B;402625;GABINETE CONCENTR 12MOD 120V C/RADIO SMC;UN;16;L2;Utilização livre depósito INVT;2.878,54;46.056,64;;;0,00000000000000;
GA03;3G-01-14C;402527;MED IN 1E 2F 120V 100A SMC DR B;UN;192;L2;Utilização livre depósito INVT;213,78;41.045,76;;;0,00000000000000;
GA03;3G-01-14C;402570;UNIDADE DE LEITURA INDIVIDUAL TLI - SMC;UN;192;L2;Utilização livre depósito INVT;125,79;24.151,68;;;0,00000000000000;
GA03;3G-01-14C;402625;GABINETE CONCENTR 12MOD 120V C/RADIO SMC;UN;16;L2;Utilização livre depósito INVT;2.878,54;46.056,64;;;0,00000000000000;
GA03;3G-01-14D;402527;MED IN 1E 2F 120V 100A SMC DR B;UN;72;L2;Utilização livre depósito INVT;213,78;15.392,16;;;0,00000000000000;
GA03;3G-01-14D;402570;UNIDADE DE LEITURA INDIVIDUAL TLI - SMC;UN;72;L2;Utilização livre depósito INVT;125,79;9.056,88;;;0,00000000000000;
GA03;3G-01-14D;402625;GABINETE CONCENTR 12MOD 120V C/RADIO SMC;UN;6;L2;Utilização livre depósito INVT;2.878,54;17.271,24;;;0,00000000000000;
GA03;3G-01-15A;403168;SUPORTE PARA CAIXA SMC;UN;100;L2;Utilização livre depósito INVT;188,06;18.806,00;;;0,00000000000000;
GA03;3G-01-15B;402527;MED IN 1E 2F 120V 100A SMC DR B;UN;192;L2;Utilização livre depósito INVT;213,78;41.045,76;;;0,00000000000000;
GA03;3G-01-15B;402570;UNIDADE DE LEITURA INDIVIDUAL TLI - SMC;UN;192;L2;Utilização livre depósito INVT;125,79;24.151,68;;;0,00000000000000;
GA03;3G-01-15B;402625;GABINETE CONCENTR 12MOD 120V C/RADIO SMC;UN;16;L2;Utilização livre depósito INVT;2.878,54;46.056,64;;;0,00000000000000;
GA03;3G-01-15C;402527;MED IN 1E 2F 120V 100A SMC DR B;UN;192;L2;Utilização livre depósito INVT;213,78;41.045,76;;;0,00000000000000;
GA03;3G-01-15C;402570;UNIDADE DE LEITURA INDIVIDUAL TLI - SMC;UN;192;L2;Utilização livre depósito INVT;125,79;24.151,68;;;0,00000000000000;
GA03;3G-01-15C;402625;GABINETE CONCENTR 12MOD 120V C/RADIO SMC;UN;16;L2;Utilização livre depósito INVT;2.878,54;46.056,64;;;0,00000000000000;
GA03;3G-01-15D;402527;MED IN 1E 2F 120V 100A SMC DR B;UN;144;L2;Utilização livre depósito INVT;213,78;30.784,32;;;0,00000000000000;
GA03;3G-01-15D;402570;UNIDADE DE LEITURA INDIVIDUAL TLI - SMC;UN;144;L2;Utilização livre depósito INVT;125,79;18.113,76;;;0,00000000000000;
GA03;3G-01-15D;402625;GABINETE CONCENTR 12MOD 120V C/RADIO SMC;UN;12;L2;Utilização livre depósito INVT;2.878,54;34.542,48;;;0,00000000000000;
GA03;3G-02-07B;405097;ANILHA MARC LETRA P CABO 4-16MM2;UN;50.000;L2;Utilização livre depósito INVT;1,01;50.500,00;;;0,00000000000000;
GA03;3G-03-01A;110559;TALABARTE DE POSICIONAMENTO EM CORDA;UN;33;F3;Utilização livre depósito CUST;216,66;7.149,78;;;0,00000000000000;
GA03;3G-03-01A;120083;PROTETOR TALABARTE 700X150X2,5MM 230G;PAR;223;F3;Utilização livre depósito CUST;32,40;7.225,20;;;0,00000000000000;
GA03;3G-03-01A;120154;TRAVA-QUEDAS AI 12MM 2200KGF;UN;180;F3;Utilização livre depósito CUST;286,38;51.548,40;;;0,00000000000000;
GA03;3G-03-01A;801615;CABECOTE MANOBRA C/ENCAIXE UNIV ME-U;UN;26;F3;Utilização livre depósito CUST;33,00;858,00;;;0,00000000000000;
GA03;3G-03-01A;803744;CABECOTE MANOBRA CHAVES TRABALHO  ALTURA;UN;29;F3;Utilização livre depósito CUST;3,55;102,95;;;0,00000000000000;
GA03;3G-03-01A;803747;CABECOTE PARA MANOBRA DE CHAVES;UN;30;F3;Utilização livre depósito CUST;24,22;726,60;;;0,00000000000000;
GA03;3G-03-01A;803908;MOITAO TRIPLO PLAST C/CORDA 5/8P 750KG;UN;6;F3;Utilização livre depósito CUST;158,00;948,00;;;0,00000000000000;
GA03;3G-03-01B;120000;VARA MANOBRA TELESC TUB VID TRIAN 6420MM;UN;1;F3;Utilização livre depósito CUST;1.190,82;1.190,82;;;0,00000000000000;
GA03;3G-03-01B;409659;CANALETA PVC BR 30X30X2,20MM;UN;183;L2;Utilização livre depósito INVT;9,59;1.754,97;;;0,00000000000000;
GA03;3G-03-01C;120296;BOLSA/MOCHILA KIT DE TRABALHO EM ALTURA;UN;69;F3;Utilização livre depósito CUST;241,87;16.689,03;;;0,00000000000000;
GA03;3G-03-01C;400685;ATERRAMENTO TEMP CJ SERV LINHA MT 15KV;UN;51;L2;Utilização livre depósito INVT;1.692,90;86.337,90;;;0,00000000000000;
GA03;3G-03-01D;120013;MACACAO PROF MASC 46 CAQUI PANT;UN;20;F3;Utilização livre depósito CUST;85,00;1.700,00;;;0,00000000000000;
GA03;3G-03-01D;120038;GANCHO ANCORAGEM AC;UN;42;F3;Utilização livre depósito CUST;138,75;5.827,50;;;0,00000000000000;
GA03;3G-03-01D;120060;MACACAO DESC MANGA CP TYVEK BR 50;UN;25;F3;Utilização livre depósito CUST;27,91;697,75;;;0,00000000000000;
GA03;3G-03-01D;120089;MOSQUETAO P/CORDA FLV 3506 150G;UN;9;F3;Utilização livre depósito CUST;65,56;590,04;;;0,00000000000000;
GA03;3G-03-01D;120195;FREIO ABS AL 99X48X30MM;UN;42;F3;Utilização livre depósito CUST;404,70;16.997,40;;;0,00000000000000;
GA03;3G-03-01D;120227;FITA ANCORAGEM LV PES 25MM 2,5MM 1500KGF;UN;88;F3;Utilização livre depósito CUST;116,55;10.256,40;;;0,00000000000000;
GA03;3G-03-01D;402917;ROLDANA FERGON FG232R;UN;21;L2;Utilização livre depósito INVT;0,01;0,21;;;0,00000000000000;
GA03;3G-03-01D;403627;MOITAO TRIPLO PLAST C/CORDA 5/8P 750KG;UN;118;L2;Utilização livre depósito INVT;158,00;18.644,00;;;0,00000000000000;
GA03;3G-03-01E;402625;GABINETE CONCENTR 12MOD 120V C/RADIO SMC;UN;40;L2;Utilização livre depósito INVT;2.878,54;115.141,60;;;0,00000000000000;
GA03;3G-03-02A;120010;LUVA NITRÍLICA;PAR;1.614;F3;Utilização livre depósito CUST;4,59;7.408,26;;;0,00000000000000;
GA03;3G-03-02A;120295;MÁSCARA DESCARTÁVEL CONTRA POEIRAS PFF1;UN;1.830;F3;Utilização livre depósito CUST;3,33;6.093,90;;;0,00000000000000;
GA03;3G-03-02A;409010;BUCHA CONDENSIVA 24,2KV 1000A - MONTADA;UN;2;L2;Utilização livre depósito INVT;3.552,00;7.104,00;;;0,00000000000000;
GA03;3G-03-02A;409011;BUCHA CONDENSIVA 24KV 2000A PORCELANA;UN;2;L2;Utilização livre depósito INVT;5.328,00;10.656,00;;;0,00000000000000;
GA03;3G-03-02B;110109;CAVADEIRA BOCA LOBO AC 165X1880MM C/CAB;UN;11;F3;Utilização livre depósito CUST;6,51;71,61;;;0,00000000000000;
GA03;3G-03-02C;110502;AUTO TRAFO BIV CANE MET 1500VA;UN;20;F3;Utilização livre depósito CUST;108,49;2.169,80;;;0,00000000000000;
GA03;3G-03-02C;110614;AUTO TRAFO BIV CANE MET 2000VA;UN;9;F3;Utilização livre depósito CUST;124,60;1.121,40;;;0,00000000000000;
GA03;3G-03-02C;110615;AUTO TRAFO BIV CANE MET 1010VA;UN;29;F3;Utilização livre depósito CUST;95,00;2.755,00;;;0,00000000000000;
GA03;3G-03-02C;801534;QUADRO DISTRIB EMB 12/16 DISJ;UN;24;F3;Utilização livre depósito CUST;159,02;3.816,48;;;0,00000000000000;
GA03;3G-03-02C;802926;LANTERNA 3 ELEM 3 PILHAS GRD;UN;12;F3;Utilização livre depósito CUST;7,46;89,52;;;0,00000000000000;
GA03;3G-03-02D;120164;TALABARTE SEG Y CAD 35M 1600MM;UN;5;F3;Utilização livre depósito CUST;293,66;1.468,30;;;0,00000000000000;
GA03;3G-03-02D;120181;DISPOSITIVO ANCORAGEM AGULHAO C/OLHAL;UN;25;F3;Utilização livre depósito CUST;96,68;2.417,00;;;0,00000000000000;
GA03;3G-03-02D;402648;QUADRO DISTRIB EMB 180MM 3 DISJ MON;UN;8;L2;Utilização livre depósito INVT;1,16;9,28;;;0,00000000000000;
GA03;3G-03-02D;403662;COMPOSTO ANTI-OXIDO CONEXAO COND AL 1KG;UN;20;L2;Utilização livre depósito INVT;19,47;389,40;;;0,00000000000000;
GA03;3G-03-02D;403888;CONTATOR MAGNETICO 2NF+2NA 220VCA;UN;4;L2;Utilização livre depósito INVT;44,90;179,60;;;0,00000000000000;
GA03;3G-03-02D;800463;FITA ANCORAGEM PES 25MM 1500KGF;UN;146;F3;Utilização livre depósito CUST;104,76;15.294,96;;;0,00000000000000;
GA03;3G-03-02D;800904;FITA ANCORAGEM PES 1200MM;UN;219;F3;Utilização livre depósito CUST;69,93;15.314,67;;;0,00000000000000;
GA03;3G-03-02D;801461;QUADRO DISTRIB SOB 27/36 DISJ;UN;50;F3;Utilização livre depósito CUST;216,82;10.841,00;;;0,00000000000000;
GA03;3G-03-02E;402625;GABINETE CONCENTR 12MOD 120V C/RADIO SMC;UN;20;L2;Utilização livre depósito INVT;2.878,54;57.570,80;;;0,00000000000000;
GA03;3G-03-02E;403357;BUCHA FIXACAO NYLON S6 CZ;UN;39.458;L2;Utilização livre depósito INVT;0,05;1.972,90;;;0,00000000000000;
GA03;3G-03-02E;802285;BUCHA NYLON S-10;UN;14.880;F3;Utilização livre depósito CUST;0,23;3.422,40;;;0,00000000000000;
GA03;3G-03-03A;120016;PLACA SINAL SEG PVC 67X47CM UOPO;UN;45;F3;Utilização livre depósito CUST;68,99;3.104,55;;;0,00000000000000;
GA03;3G-03-03A;120074;PLACA SINAL DOB PE 30X50CM 3MM;UN;23;F3;Utilização livre depósito CUST;28,00;644,00;;;0,00000000000000;
GA03;3G-03-03A;120094;PLACA SINAL SEG 67X47CM PERI RISCO MORTE;UN;22;F3;Utilização livre depósito CUST;72,00;1.584,00;;;0,00000000000000;
GA03;3G-03-03A;120101;PLACA SINAL REGUL PLAS 25X18CM LUZ;UN;44;F3;Utilização livre depósito CUST;12,79;562,76;;;0,00000000000000;
GA03;3G-03-03A;120131;PLACA SINAL REGUL PLAS 25X18CM OC SEG;UN;4;F3;Utilização livre depósito CUST;12,79;51,16;;;0,00000000000000;
GA03;3G-03-03A;120150;PLACA SINAL SEG PVC 67X47CM PER AT;UN;92;F3;Utilização livre depósito CUST;72,00;6.624,00;;;0,00000000000000;
GA03;3G-03-03A;120166;PLACA SINAL SEG PVC 67X47CM PNF;UN;46;F3;Utilização livre depósito CUST;66,43;3.055,78;;;0,00000000000000;
GA03;3G-03-03A;120175;CINTO SEG PARA-QUEDISTA TAM 1;UN;9;F3;Utilização livre depósito CUST;1.035,99;9.323,91;;;0,00000000000000;
GA03;3G-03-03A;120298;PLACA PERIGO SOMENTE PESSOAL AUTORIZADO;UN;150;F3;Utilização livre depósito CUST;72,00;10.800,00;;;0,00000000000000;
GA03;3G-03-03B;402625;GABINETE CONCENTR 12MOD 120V C/RADIO SMC;UN;24;L2;Utilização livre depósito INVT;2.878,54;69.084,96;;;0,00000000000000;
GA03;3G-03-03C;110020;LUMINARIA PERFIL TRAPEZ SOB/BEM 1X20W;UN;40;F3;Utilização livre depósito CUST;3,70;148,00;;;0,00000000000000;
GA03;3G-03-03C;110106;BANDEJAS PARA RACK;UN;68;F3;Utilização livre depósito CUST;43,53;2.960,04;;;0,00000000000000;
GA03;3G-03-03C;110337;LUMINARIA PERFIL TRAPEZ SOB/BEM 40W;UN;5;F3;Utilização livre depósito CUST;6,82;34,10;;;0,00000000000000;
GA03;3G-03-03C;110578;LUMINARIA PERFIL TRAPEZ SOB/BEM 2X20W;UN;15;F3;Utilização livre depósito CUST;4,66;69,90;;;0,00000000000000;
GA03;3G-03-03C;400132;LUMINARIA INDUSTRIAL AC 32W;UN;25;L2;Utilização livre depósito INVT;126,00;3.150,00;;;0,00000000000000;
GA03;3G-03-03C;400147;LUMINARIA PLAFONIER 150W;UN;24;L2;Utilização livre depósito INVT;72,00;1.728,00;;;0,00000000000000;
GA03;3G-03-03C;401999;LUMINARIA ARANDELA 45G ALF 20W;UN;8;L2;Utilização livre depósito INVT;50,00;400,00;;;0,00000000000000;
GA03;3G-03-03D;402625;GABINETE CONCENTR 12MOD 120V C/RADIO SMC;UN;40;L2;Utilização livre depósito INVT;2.878,54;115.141,60;;;0,00000000000000;
GA03;3G-03-04A;110186;CANALETA PLAST CZ 50X50X2000MM;UN;242;F3;Utilização livre depósito CUST;9,87;2.388,54;;;0,00000000000000;
GA03;3G-03-04A;120099;VARA MANOBRA SECC TUB VID 6,45M;UN;14;F3;Utilização livre depósito CUST;630,37;8.825,18;;;0,00000000000000;
GA03;3G-03-04B;120285;FITA ZEBRADA AM/PT 70MMX200M;UN;34;F3;Utilização livre depósito CUST;13,55;460,70;;;0,00000000000000;
GA03;3G-03-04B;407044;ESPIRAL DE 1/2 BRANCO;M;175;L2;Utilização livre depósito INVT;4,90;857,50;;;0,00000000000000;
GA03;3G-03-04B;802839;PREGO CABECA CHATA 2.1/2X10POL;UN;175;F3;Utilização livre depósito CUST;17,77;3.109,75;;;0,00000000000000;
GA03;3G-03-04B;803080;TINTA ESM SINTE AMARELO SEC RAP 3,6L;UN;2;F3;Utilização livre depósito CUST;123,92;247,84;;;0,00000000000000;
GA03;3G-03-04B;803123;LAMINA SERRA ACO RAP 300X13MM 0,65MM 24D;UN;89;F3;Utilização livre depósito CUST;8,86;788,54;;;0,00000000000000;
GA03;3G-03-04B;803965;PISTOLA  CORPO METÁ GRAVIDADE COM CANECA;UN;4;F3;Utilização livre depósito CUST;775,99;3.103,96;;;0,00000000000000;
GA03;3G-03-04C;110276;DOBRADICA DIVISORIA MET FRIS 1701;UN;109;F3;Utilização livre depósito CUST;9,40;1.024,60;;;0,00000000000000;
GA03;3G-03-04C;400330;CHAVE ESTRIA ACV N14 ISOL 1000V NBR9699;UN;24;L2;Utilização livre depósito INVT;75,43;1.810,32;;;0,00000000000000;
GA03;3G-03-04C;400337;CHAVE FENDA CRUZ ACV RED 3/16X6P;UN;21;L2;Utilização livre depósito INVT;8,30;174,30;;;0,00000000000000;
GA03;3G-03-04C;400342;CHAVE ESTRIA ACV N19 ISOL 1000V NBR9699;UN;5;L2;Utilização livre depósito INVT;78,72;393,60;;;0,00000000000000;
GA03;3G-03-04C;400437;CHAVE BOCA ESTR ACV 17MM TOT 175,5MM;UN;10;L2;Utilização livre depósito INVT;25,77;257,70;;;0,00000000000000;
GA03;3G-03-04C;400643;CHAVE ESTRIA ACV N09 ISOL 1000V NBR9699;UN;41;L2;Utilização livre depósito INVT;67,03;2.748,23;;;0,00000000000000;
GA03;3G-03-04C;400659;CHAVE ESTRIA ACV N10 ISOL 1000V NBR9699;UN;45;L2;Utilização livre depósito INVT;68,18;3.068,10;;;0,00000000000000;
GA03;3G-03-04C;400703;ARRUELA AL SILICIO ELET 3P;UN;80;L2;Utilização livre depósito INVT;1,42;113,60;;;0,00000000000000;
GA03;3G-03-04C;400747;CHAVE FIX ACV N11 ISOL 1000V NBR9699;UN;25;L2;Utilização livre depósito INVT;46,98;1.174,50;;;0,00000000000000;
GA03;3G-03-04C;401533;CHAVE BOCA ESTR ACV 14MM TOT 150,5MM;UN;12;L2;Utilização livre depósito INVT;21,22;254,64;;;0,00000000000000;
GA03;3G-03-04C;401550;CHAVE ESTRIA ACV N11 ISOL 1000V NBR9699;UN;24;L2;Utilização livre depósito INVT;68,31;1.639,44;;;0,00000000000000;
GA03;3G-03-04C;401675;LUMINARIA PLAFONIER AC 20W;UN;1;L2;Utilização livre depósito INVT;54,00;54,00;;;0,00000000000000;
GA03;3G-03-04C;401810;CHAVE ESTRIA ACV N17 ISOL 1000V NBR9699;UN;29;L2;Utilização livre depósito INVT;79,92;2.317,68;;;0,00000000000000;
GA03;3G-03-04C;401896;CHAVE FIX ACV N17 ISOL 1000V NBR9699;UN;24;L2;Utilização livre depósito INVT;56,09;1.346,16;;;0,00000000000000;
GA03;3G-03-04C;402110;CHAVE ESTRIA ACV N12 ISOL 1000V NBR9699;UN;48;L2;Utilização livre depósito INVT;70,50;3.384,00;;;0,00000000000000;
GA03;3G-03-04C;403644;CAIXA PASSAG AL FUND 3/4P FORMA LB;UN;25;L2;Utilização livre depósito INVT;5,81;145,25;;;0,00000000000000;
GA03;3G-03-04C;403655;CAIXA PASSAG AL FUND 1P FORMA LR;UN;25;L2;Utilização livre depósito INVT;7,17;179,25;;;0,00000000000000;
GA03;3G-03-04C;403657;BUCHA FERRO 20MM NPT;UN;92;L2;Utilização livre depósito INVT;1,06;97,52;;;0,00000000000000;
GA03;3G-03-04C;403665;CAIXA PASSAG AL FUND 1P FORMA LB;UN;2;L2;Utilização livre depósito INVT;8,87;17,74;;;0,00000000000000;
GA03;3G-03-04C;403695;CAIXA PASSAG AL FUND 1P FORMA C;UN;4;L2;Utilização livre depósito INVT;5,70;22,80;;;0,00000000000000;
GA03;3G-03-04C;403786;CAIXA PASSAG AL FUND 1P FORMA TB;UN;2;L2;Utilização livre depósito INVT;9,97;19,94;;;0,00000000000000;
GA03;3G-03-04C;404505;LIMA CHATA MURCA DE 4P COM CABO;UN;2;L2;Utilização livre depósito INVT;36,99;73,98;;;0,00000000000000;
GA03;3G-03-05A;407356;SUPORTE TIPO L AÇO PERFILADO ZINCADO DAT;UN;200;L2;Utilização livre depósito INVT;191,39;38.278,00;;;0,00000000000000;
GA03;3G-03-05B;110325;LUMINARIA EMERGENCIA 19 LED LANTERNA;UN;5;F3;Utilização livre depósito CUST;33,70;168,50;;;0,00000000000000;
GA03;3G-03-05B;113996;PLACA FOTOLUMINESCENTE SAÍDA EMERGÊNCIA;UN;25;F3;Utilização livre depósito CUST;10,00;250,00;;;0,00000000000000;
GA03;3G-03-05B;113997;PLACA FOTOLUMINE ROTA FUGA SETA DIREITA;UN;1;F3;Utilização livre depósito CUST;10,00;10,00;;;0,00000000000000;
GA03;3G-03-05B;113998;PLACA FOTOLUMINE ROTA FUGA SETA ESQUERDA;UN;11;F3;Utilização livre depósito CUST;10,00;110,00;;;0,00000000000000;
GA03;3G-03-05B;120242;SUPORTE DE PISO TIPO TRIPE PARA EXTINTOR;UN;30;F3;Utilização livre depósito CUST;33,72;1.011,60;;;0,00000000000000;
GA03;3G-03-05B;120440;PLACA EXTINTOR GAS CARBONICO CO2;UN;39;F3;Utilização livre depósito CUST;10,00;390,00;;;0,00000000000000;
GA03;3G-03-05B;120441;PLACA EXTINTOR AGUA H2O;UN;11;F3;Utilização livre depósito CUST;10,00;110,00;;;0,00000000000000;
GA03;3G-03-05B;408896;MED IN 3E 4F 120 240V 200A TB QE GD DR C;UN;24;L2;Utilização livre depósito INVT;1.968,93;47.254,32;;;0,00000000000000;
GA03;3G-03-05B;408951;MOSTRADOR REMOTO RF MED STAR MEASURE;UN;44;L2;Utilização livre depósito INVT;142,67;6.277,48;;;0,00000000000000;
GA03;3G-03-05C;110410;CAIXA TOMADA TPLA SOB 2MOD RJ45 CAT5E FM;UN;135;F3;Utilização livre depósito CUST;2,85;384,75;;;0,00000000000000;
GA03;3G-03-05C;110560;CAIXA ALLBOX COMPLETA CONECTOR RJ 45 FM;UN;55;F3;Utilização livre depósito CUST;11,06;608,30;;;0,00000000000000;
GA03;3G-03-05C;801698;QUADRO DISTRIB SOB 18/24 DISJ;UN;21;F3;Utilização livre depósito CUST;219,51;4.609,71;;;0,00000000000000;
GA03;3G-03-05C;801712;QUADRO DISTRIB SOB 6/8 DISJ;UN;27;F3;Utilização livre depósito CUST;25,82;697,14;;;0,00000000000000;
GA03;3G-03-05C;801718;QUADRO DISTRIB SOB 12/16 DISJ;UN;16;F3;Utilização livre depósito CUST;146,93;2.350,88;;;0,00000000000000;
GA03;3G-03-05D;402625;GABINETE CONCENTR 12MOD 120V C/RADIO SMC;UN;36;L2;Utilização livre depósito INVT;2.878,54;103.627,44;;;0,00000000000000;
GA03;3G-03-06A;407356;SUPORTE TIPO L AÇO PERFILADO ZINCADO DAT;UN;200;L2;Utilização livre depósito INVT;191,39;38.278,00;;;0,00000000000000;
GA03;3G-03-06B;110011;CHAVE FIX UMA BOCA 1000 V ACV NIQ 12 MM;UN;2;F3;Utilização livre depósito CUST;69,38;138,76;;;0,00000000000000;
GA03;3G-03-06B;110052;MACHADINHA P/CORTE MADEIRA;UN;77;F3;Utilização livre depósito CUST;58,00;4.466,00;;;0,00000000000000;
GA03;3G-03-06B;110442;MACHADO P/CORTE 4P;UN;38;F3;Utilização livre depósito CUST;54,00;2.052,00;;;0,00000000000000;
GA03;3G-03-06B;114230;TERCADO COM CABO DE MADEIRA 28 (70CM);UN;3;F3;Utilização livre depósito CUST;67,31;201,93;;;0,00000000000000;
GA03;3G-03-06B;400349;CHAVE FIX UMA BOCA 1000 V ACV NIQ 12 MM;UN;10;L2;Utilização livre depósito INVT;69,38;693,80;;;0,00000000000000;
GA03;3G-03-06B;401727;CHAVE FIX ACV N09 ISOL 1000V NBR9699;UN;50;L2;Utilização livre depósito INVT;41,07;2.053,50;;;0,00000000000000;
GA03;3G-03-06B;402305;CHAVE FIX ACV N10 ISOL 1000V NBR9699;UN;22;L2;Utilização livre depósito INVT;43,06;947,32;;;0,00000000000000;
GA03;3G-03-06B;405153;ARCO SERRA ISOL 1000V;UN;13;L2;Utilização livre depósito INVT;1,00;13,00;;;0,00000000000000;
GA03;3G-03-06B;802248;LUVA EMENDA CABO ALUM 50MM COMP 210 MM;UN;178;F3;Utilização livre depósito CUST;12,79;2.276,62;;;0,00000000000000;
GA03;3G-03-06B;803126;ROLAMENTO ESFERA INT 17X40X12MM;UN;36;F3;Utilização livre depósito CUST;23,83;857,88;;;0,00000000000000;
GA03;3G-03-06B;803127;ROLAMENTO ESFERA INT 20X47X14MM;UN;31;F3;Utilização livre depósito CUST;32,20;998,20;;;0,00000000000000;
GA03;3G-03-06B;803142;TERCADO COM CABO DE MADEIRA 28 (70CM);UN;12;F3;Utilização livre depósito CUST;67,31;807,72;;;0,00000000000000;
GA03;3G-03-06B;804109;SERRA COPO P/ METAL 3/4 (19MM);UN;2;F3;Utilização livre depósito CUST;22,77;45,54;;;0,00000000000000;
GA03;3G-03-06B;804279;CHAVE FIX ACV N13 ISOL 1000V NBR9699;UN;2;F3;Utilização livre depósito CUST;58,45;116,90;;;0,00000000000000;
GA03;3G-03-06B;804319;SUPORTE GUIA SERRACOPO  1.3/8´´ 35MM;UN;1;F3;Utilização livre depósito CUST;128,86;128,86;;;0,00000000000000;
GA03;3G-03-06B;804605;SERRA COPO ACO BIMETAL 1.1/4 A 8.9/32MM;UN;32;F3;Utilização livre depósito CUST;61,47;1.967,04;;;0,00000000000000;
GA03;3G-03-06C;402625;GABINETE CONCENTR 12MOD 120V C/RADIO SMC;UN;24;L2;Utilização livre depósito INVT;2.878,54;69.084,96;;;0,00000000000000;
GA03;3G-03-06D;402625;GABINETE CONCENTR 12MOD 120V C/RADIO SMC;UN;20;L2;Utilização livre depósito INVT;2.878,54;57.570,80;;;0,00000000000000;
GA03;3G-03-07A;407356;SUPORTE TIPO L AÇO PERFILADO ZINCADO DAT;UN;100;L2;Utilização livre depósito INVT;191,39;19.139,00;;;0,00000000000000;
GA03;3G-03-07A;801135;PINO TOPO AC 25MM 389MM 2F 18X32MM;UN;1.440;F3;Utilização livre depósito CUST;11,42;16.444,80;;;0,00000000000000;
GA03;3G-03-07B;110026;INTERRUPTOR 03TECL SIMP 250V 10A;UN;24;F3;Utilização livre depósito CUST;13,62;326,88;;;0,00000000000000;
GA03;3G-03-07B;110036;INTERRUPTOR SOBREPOR 02 TECLAS;UN;2;F3;Utilização livre depósito CUST;3,09;6,18;;;0,00000000000000;
GA03;3G-03-07B;110235;INTERRUPTOR 02TECL 250V 10A;UN;5;F3;Utilização livre depósito CUST;5,29;26,45;;;0,00000000000000;
GA03;3G-03-07B;110244;REBITE REPUXO AL 4,8MM BROCA 4,9MM;UN;30.067;F3;Utilização livre depósito CUST;0,11;3.307,37;;;0,00000000000000;
GA03;3G-03-07B;110352;INTERRUPTOR SOBREPOR 1 TECLA;UN;297;F3;Utilização livre depósito CUST;0,76;225,72;;;0,00000000000000;
GA03;3G-03-07B;404219;PREGO COMUM 2.1/2 X 12BWG;UN;147;L2;Utilização livre depósito INVT;18,90;2.778,30;;;0,00000000000000;
GA03;3G-03-07C;110303;LAMPADA VAP MET 150W 220V OV E27;UN;21;F3;Utilização livre depósito CUST;25,66;538,86;;;0,00000000000000;
GA03;3G-03-07C;110370;TE ESGOTO PVC RIG 100X75MM;UN;3;F3;Utilização livre depósito CUST;5,02;15,06;;;0,00000000000000;
GA03;3G-03-07C;110460;TE ESGOTO PVC RIG 100X50MM;UN;2;F3;Utilização livre depósito CUST;4,78;9,56;;;0,00000000000000;
GA03;3G-03-07C;110466;TE ESGOTO PVC RIG 50X50MM;UN;11;F3;Utilização livre depósito CUST;2,47;27,17;;;0,00000000000000;
GA03;3G-03-07C;110467;TE ESGOTO PVC RIG 100X100MM;UN;4;F3;Utilização livre depósito CUST;4,91;19,64;;;0,00000000000000;
GA03;3G-03-07C;403820;BUCHA ELETRODUTO RIG OIT FOFO 50MM;UN;20;L2;Utilização livre depósito INVT;7,88;157,60;;;0,00000000000000;
GA03;3G-03-07C;801925;LUVA CORRER AGUA FRIA PVC RIG 40MM;UN;6;F3;Utilização livre depósito CUST;13,24;79,44;;;0,00000000000000;
GA03;3G-03-07C;802503;LUVA TUBO COND AGUA FRIA PVC RIG 60MM;UN;10;F3;Utilização livre depósito CUST;10,75;107,50;;;0,00000000000000;
GA03;3G-03-07C;802605;LUVA TUBO COND AGUA FRIA PVC RIG 40MM;UN;12;F3;Utilização livre depósito CUST;2,66;31,92;;;0,00000000000000;
GA03;3G-03-07C;802618;LUVA TUBO COND AGUA FRIA PVC RIG 32MM;UN;8;F3;Utilização livre depósito CUST;1,61;12,88;;;0,00000000000000;
GA03;3G-03-07C;802690;TE TUBO COND AGUA FRIA PVC RIG 3/4P;UN;3;F3;Utilização livre depósito CUST;1,43;4,29;;;0,00000000000000;
GA03;3G-03-07C;802760;TE TUBO COND AGUA FRIA PVC RIG 20MMX1/2P;UN;2;F3;Utilização livre depósito CUST;3,65;7,30;;;0,00000000000000;
GA03;3G-03-07C;802891;LUVA CORRER AGUA FRIA PVC RIG 50MM;UN;8;F3;Utilização livre depósito CUST;16,45;131,60;;;0,00000000000000;
GA03;3G-03-07C;802903;LUVA RED AGUA FRIA PVC RIG 50MMX1.1/2P;UN;5;F3;Utilização livre depósito CUST;2,79;13,95;;;0,00000000000000;
GA03;3G-03-07C;802923;LUVA RED AGUA FRIA PVC RIG 50X25MM;UN;13;F3;Utilização livre depósito CUST;2,21;28,73;;;0,00000000000000;
GA03;3G-03-07C;802942;LUVA RED AGUA FRIA PVC RIG 60X50MM;UN;12;F3;Utilização livre depósito CUST;5,09;61,08;;;0,00000000000000;
GA03;3G-03-07C;802963;LUVA RED AGUA FRIA PVC RIG 1X3/4P;UN;11;F3;Utilização livre depósito CUST;1,52;16,72;;;0,00000000000000;
GA03;3G-03-07C;803019;LUVA CORRER AGUA FRIA PVC RIG 60MM;UN;8;F3;Utilização livre depósito CUST;21,79;174,32;;;0,00000000000000;
GA03;3G-03-07C;803023;LUVA RED AGUA FRIA PVC RIG 40X32MM;UN;9;F3;Utilização livre depósito CUST;2,58;23,22;;;0,00000000000000;
GA03;3G-03-07D;402625;GABINETE CONCENTR 12MOD 120V C/RADIO SMC;UN;40;L2;Utilização livre depósito INVT;2.878,54;115.141,60;;;0,00000000000000;
GA03;3G-03-08A;407356;SUPORTE TIPO L AÇO PERFILADO ZINCADO DAT;UN;100;L2;Utilização livre depósito INVT;191,39;19.139,00;;;0,00000000000000;
GA03;3G-03-08B;110021;TE ESGOTO PVC RIG 75X50MM;UN;2;F3;Utilização livre depósito CUST;4,63;9,26;;;0,00000000000000;
GA03;3G-03-08B;402625;GABINETE CONCENTR 12MOD 120V C/RADIO SMC;UN;12;L2;Utilização livre depósito INVT;2.878,54;34.542,48;;;0,00000000000000;
GA03;3G-03-08B;800873;JOELHO 90G AG FR PVC RIG 60MM;UN;17;F3;Utilização livre depósito CUST;23,40;397,80;;;0,00000000000000;
GA03;3G-03-08B;802347;TE TUBO COND AGUA FRIA PVC RIG 1P;UN;13;F3;Utilização livre depósito CUST;5,05;65,65;;;0,00000000000000;
GA03;3G-03-08B;802354;TE TUBO COND AGUA FRIA PVC RIG 32MM;UN;13;F3;Utilização livre depósito CUST;2,14;27,82;;;0,00000000000000;
GA03;3G-03-08B;802675;TE TUBO COND PVC SOLD TUBO PVC 50MM;UN;10;F3;Utilização livre depósito CUST;5,93;59,30;;;0,00000000000000;
GA03;3G-03-08B;802740;TE TUBO COND AGUA FRIA PVC RIG 32MMX3/4P;UN;6;F3;Utilização livre depósito CUST;8,81;52,86;;;0,00000000000000;
GA03;3G-03-08C;110520;JOELHO 90G ESGOTO PVC RIG 75MM;UN;12;F3;Utilização livre depósito CUST;2,63;31,56;;;0,00000000000000;
GA03;3G-03-08C;110633;JOELHO 90G ESGOTO PVC RIG 150MM;UN;1;F3;Utilização livre depósito CUST;23,75;23,75;;;0,00000000000000;
GA03;3G-03-08C;800620;JOELHO 90G RED AG FR PVC RIG 32MMX3/4P;UN;2;F3;Utilização livre depósito CUST;4,84;9,68;;;0,00000000000000;
GA03;3G-03-08C;800626;JOELHO 90G AG FR PVC RIG 50MM;UN;21;F3;Utilização livre depósito CUST;6,07;127,47;;;0,00000000000000;
GA03;3G-03-08C;800629;JOELHO 90G AG FR PVC RIG 1.1/4P;UN;11;F3;Utilização livre depósito CUST;6,22;68,42;;;0,00000000000000;
GA03;3G-03-08C;800927;JOELHO 90G AG FR PVC RIG 2P;UN;28;F3;Utilização livre depósito CUST;10,27;287,56;;;0,00000000000000;
GA03;3G-03-08C;800936;JOELHO 90G AG FR PVC RIG 1P;UN;12;F3;Utilização livre depósito CUST;2,32;27,84;;;0,00000000000000;
GA03;3G-03-08C;802280;BUCHA RED CT PVC RIG 60X50MM;UN;11;F3;Utilização livre depósito CUST;2,71;29,81;;;0,00000000000000;
GA03;3G-03-08C;802307;BUCHA RED PVC RIG 1.1/2X1.1/4P;UN;8;F3;Utilização livre depósito CUST;2,72;21,76;;;0,00000000000000;
GA03;3G-03-08C;802368;BUCHA RED CT PVC RIG 1.1/4X1P;UN;16;F3;Utilização livre depósito CUST;1,41;22,56;;;0,00000000000000;
GA03;3G-03-08C;802373;BUCHA RED CT PVC RIG 50X40MM;UN;6;F3;Utilização livre depósito CUST;1,80;10,80;;;0,00000000000000;
GA03;3G-03-08C;802382;BUCHA RED CT PVC RIG 1.1/4X3/4P;UN;12;F3;Utilização livre depósito CUST;1,88;22,56;;;0,00000000000000;
GA03;3G-03-08C;802414;BUCHA RED CT PVC RIG 1.1/2X1P;UN;14;F3;Utilização livre depósito CUST;2,15;30,10;;;0,00000000000000;
GA03;3G-03-08C;802436;BUCHA RED CT PVC RIG 2X1P;UN;6;F3;Utilização livre depósito CUST;5,04;30,24;;;0,00000000000000;
GA03;3G-03-08C;802719;BUCHA RED CT PVC RIG 40X32MM;UN;3;F3;Utilização livre depósito CUST;0,87;2,61;;;0,00000000000000;
GA03;3G-03-08C;802739;BUCHA RED CT PVC RIG 1X3/4P;UN;8;F3;Utilização livre depósito CUST;1,26;10,08;;;0,00000000000000;
GA03;3G-03-08C;802768;BUCHA RED CT PVC RIG 1X1/2P;UN;8;F3;Utilização livre depósito CUST;1,33;10,64;;;0,00000000000000;
GA03;3G-03-08C;802779;BUCHA RED CT PVC RIG 1.1/2X3/4P;UN;3;F3;Utilização livre depósito CUST;2,71;8,13;;;0,00000000000000;
GA03;3G-03-08D;805076;CAIXA DE CABO UTP CAT 6;UN;34;F3;Utilização livre depósito CUST;968,00;32.912,00;;;0,00000000000000;
GA03;3G-03-09A;402287;ARMACAO SEC PRESB 1EST 4,2MM ACO;UN;4.160;L2;Utilização livre depósito INVT;10,89;45.302,40;;;0,00000000000000;
GA03;3G-03-09B;110665;UNIAO ELET RIG MC-FM AL 65MM (2.1/2P);UN;3;F3;Utilização livre depósito CUST;18,07;54,21;;;0,00000000000000;
GA03;3G-03-09B;403706;LUVA TUBO COND AGUA FRIA PVC RIG 2P;UN;4;L2;Utilização livre depósito INVT;4,73;18,92;;;0,00000000000000;
GA03;3G-03-09B;403980;LUVA TUBO COND AGUA FRIA PVC RIG 1.1/2P;UN;9;L2;Utilização livre depósito INVT;0,80;7,20;;;0,00000000000000;
GA03;3G-03-09B;404869;TE SOLDAVEL 60MM PVC AGUA FRIA;UN;20;L2;Utilização livre depósito INVT;0,01;0,20;;;0,00000000000000;
GA03;3G-03-09B;802286;ADAPTADOR CAIXA DAGUA PVC 1P;UN;9;F3;Utilização livre depósito CUST;9,50;85,50;;;0,00000000000000;
GA03;3G-03-09B;802355;UNIAO TUBO COND AGUA FRIA PVC RIG 40MM;UN;7;F3;Utilização livre depósito CUST;14,72;103,04;;;0,00000000000000;
GA03;3G-03-09B;802369;ADAPTADOR CAIXA DAGUA PVC 50MM;UN;9;F3;Utilização livre depósito CUST;22,53;202,77;;;0,00000000000000;
GA03;3G-03-09B;802372;ADAPTADOR CAIXA DAGUA PVC 25MM;UN;30;F3;Utilização livre depósito CUST;8,53;255,90;;;0,00000000000000;
GA03;3G-03-09B;802412;ADAPTADOR CAIXA DAGUA PVC 1.1/4P;UN;6;F3;Utilização livre depósito CUST;14,25;85,50;;;0,00000000000000;
GA03;3G-03-09B;802431;ADAPTADOR CAIXA DAGUA PVC 32MM;UN;6;F3;Utilização livre depósito CUST;11,10;66,60;;;0,00000000000000;
GA03;3G-03-09B;802439;ADAPTADOR CAIXA DAGUA PVC 40MM;UN;10;F3;Utilização livre depósito CUST;19,75;197,50;;;0,00000000000000;
GA03;3G-03-09B;802502;LUVA CORRER AGUA FRIA PVC RIG 1/1.4P;UN;6;F3;Utilização livre depósito CUST;8,24;49,44;;;0,00000000000000;
GA03;3G-03-09B;802548;LUVA CORRER AGUA FRIA PVC RIG 75MM;UN;6;F3;Utilização livre depósito CUST;14,18;85,08;;;0,00000000000000;
GA03;3G-03-09B;802567;LUVA TUBO COND AGUA FRIA PVC RIG 2P;UN;4;F3;Utilização livre depósito CUST;4,73;18,92;;;0,00000000000000;
GA03;3G-03-09B;802590;NIPLE TUBO COND AGUA FRIA PVC RIG 1.1/4P;UN;10;F3;Utilização livre depósito CUST;2,80;28,00;;;0,00000000000000;
GA03;3G-03-09B;802710;ADAPTADOR CAIXA DAGUA PVC 60MM;UN;11;F3;Utilização livre depósito CUST;29,37;323,07;;;0,00000000000000;
GA03;3G-03-09B;802738;ADAPTADOR CAIXA DAGUA PVC 20MM;UN;30;F3;Utilização livre depósito CUST;6,19;185,70;;;0,00000000000000;
GA03;3G-03-09B;802782;ADAPTADOR CAIXA DAGUA PVC 1/2P C/ANEL;UN;13;F3;Utilização livre depósito CUST;5,22;67,86;;;0,00000000000000;
GA03;3G-03-09B;802957;LUVA TUBO COND AGUA FRIA PVC RIG 50MM;UN;6;F3;Utilização livre depósito CUST;3,34;20,04;;;0,00000000000000;
GA03;3G-03-09B;802960;LUVA CORRER AGUA FRIA PVC RIG 2P;UN;11;F3;Utilização livre depósito CUST;16,09;176,99;;;0,00000000000000;
GA03;3G-03-09B;802976;NIPLE TUBO COND AGUA FRIA PVC RIG 1P;UN;2;F3;Utilização livre depósito CUST;1,40;2,80;;;0,00000000000000;
GA03;3G-03-09B;803010;ADAPTADOR CAIXA DAGUA PVC 2P;UN;6;F3;Utilização livre depósito CUST;28,50;171,00;;;0,00000000000000;
GA03;3G-03-09C;110336;TE TUBO COND AGUA FRIA PVC RIG 1.1/4P;UN;20;F3;Utilização livre depósito CUST;9,86;197,20;;;0,00000000000000;
GA03;3G-03-09C;110657;TE ESGOTO PVC RIG 40X40MM;UN;14;F3;Utilização livre depósito CUST;0,88;12,32;;;0,00000000000000;
GA03;3G-03-09C;110662;TE ESGOTO PVC RIG 75X75MM;UN;3;F3;Utilização livre depósito CUST;4,98;14,94;;;0,00000000000000;
GA03;3G-03-09C;111225;ENGATE FLEX PLAS 50CMX1/2P;UN;10;F3;Utilização livre depósito CUST;2,84;28,40;;;0,00000000000000;
GA03;3G-03-09C;802262;TE TUBO COND AGUA FRIA PVC RIG 2P;UN;20;F3;Utilização livre depósito CUST;15,78;315,60;;;0,00000000000000;
GA03;3G-03-09C;802294;PLUG AGUA FRIA PVC RIG 2P;UN;26;F3;Utilização livre depósito CUST;4,75;123,50;;;0,00000000000000;
GA03;3G-03-09C;802308;ENGATE FLEXIVEL PVC 1/2P 40CM;UN;9;F3;Utilização livre depósito CUST;2,45;22,05;;;0,00000000000000;
GA03;3G-03-09C;802328;UNIAO TUBO COND AGUA FRIA PVC RIG 60MM;UN;8;F3;Utilização livre depósito CUST;39,91;319,28;;;0,00000000000000;
GA03;3G-03-09C;802331;UNIAO TUBO COND AGUA FRIA PVC RIG 1.1/4P;UN;12;F3;Utilização livre depósito CUST;11,40;136,80;;;0,00000000000000;
GA03;3G-03-09C;802343;UNIAO TUBO COND AGUA FRIA PVC RIG 1.1/2P;UN;13;F3;Utilização livre depósito CUST;11,40;148,20;;;0,00000000000000;
GA03;3G-03-09C;802350;TE TUBO COND AGUA FRIA PVC RIG 25MM;UN;11;F3;Utilização livre depósito CUST;0,69;7,59;;;0,00000000000000;
GA03;3G-03-09C;802376;CAP TUBO COND AGUA FRIA PVC RIG 1.1/4P;UN;30;F3;Utilização livre depósito CUST;5,70;171,00;;;0,00000000000000;
GA03;3G-03-09C;802432;CAP TUBO COND AGUA FRIA PVC RIG 40MM;UN;13;F3;Utilização livre depósito CUST;2,16;28,08;;;0,00000000000000;
GA03;3G-03-09C;802453;CAP TUBO COND AGUA FRIA PVC RIG 50MM;UN;14;F3;Utilização livre depósito CUST;3,38;47,32;;;0,00000000000000;
GA03;3G-03-09C;802613;NIPLE TUBO COND AGUA FRIA PVC RIG 1.1/2P;UN;7;F3;Utilização livre depósito CUST;2,81;19,67;;;0,00000000000000;
GA03;3G-03-09C;802625;PLUG AGUA FRIA PVC RIG 1.1/2P;UN;14;F3;Utilização livre depósito CUST;2,58;36,12;;;0,00000000000000;
GA03;3G-03-09C;802659;PLUG AGUA FRIA PVC RIG 1P;UN;5;F3;Utilização livre depósito CUST;1,28;6,40;;;0,00000000000000;
GA03;3G-03-09C;802712;CAP TUBO COND AGUA FRIA PVC RIG 60MM;UN;9;F3;Utilização livre depósito CUST;6,14;55,26;;;0,00000000000000;
GA03;3G-03-09C;802732;UNIAO TUBO COND AGUA FRIA PVC RIG 25MM;UN;20;F3;Utilização livre depósito CUST;4,29;85,80;;;0,00000000000000;
GA03;3G-03-09C;802753;UNIAO TUBO COND AGUA FRIA PVC RIG 2P;UN;9;F3;Utilização livre depósito CUST;14,25;128,25;;;0,00000000000000;
GA03;3G-03-09C;802886;UNIAO TUBO COND AGUA FRIA PVC RIG 50MM;UN;5;F3;Utilização livre depósito CUST;13,79;68,95;;;0,00000000000000;
GA03;3G-03-09C;802913;TE TUBO COND AGUA FRIA PVC RIG 40MM;UN;16;F3;Utilização livre depósito CUST;5,34;85,44;;;0,00000000000000;
GA03;3G-03-09C;802931;NIPLE TUBO COND AGUA FRIA PVC RIG 2P;UN;4;F3;Utilização livre depósito CUST;5,22;20,88;;;0,00000000000000;
GA03;3G-03-09C;802949;TE TUBO COND AGUA FRIA PVC RIG 25MMX1/2P;UN;46;F3;Utilização livre depósito CUST;11,61;534,06;;;0,00000000000000;
GA03;3G-03-09C;803005;CAP TUBO COND AGUA FRIA PVC RIG 1.1/2P;UN;13;F3;Utilização livre depósito CUST;4,74;61,62;;;0,00000000000000;
GA03;3G-03-09D;400361;ANTENA PLANO TERRA OD 9DBI 50OHMS 200W;UN;24;L2;Utilização livre depósito INVT;400,00;9.600,00;;;0,00000000000000;
GA03;3G-03-09D;402215;LUMINARIA INDUSTRIAL AC 16W;UN;20;L2;Utilização livre depósito INVT;67,70;1.354,00;;;0,00000000000000;
GA03;3G-03-10A;403168;SUPORTE PARA CAIXA SMC;UN;62;L2;Utilização livre depósito INVT;188,06;11.659,72;;;0,00000000000000;
GA03;3G-03-10A;407356;SUPORTE TIPO L AÇO PERFILADO ZINCADO DAT;UN;100;L2;Utilização livre depósito INVT;191,39;19.139,00;;;0,00000000000000;
GA03;3G-03-10B;111772;ALICATE PRENSA TERMINAIS AP-056;UN;1;F3;Utilização livre depósito CUST;256,05;256,05;;;0,00000000000000;
GA03;3G-03-10B;120366;CAPUZ DE SEGURANCA TIPO BALACLAVA;UN;34;F3;Utilização livre depósito CUST;115,11;3.913,74;;;0,00000000000000;
GA03;3G-03-10B;402625;GABINETE CONCENTR 12MOD 120V C/RADIO SMC;UN;12;L2;Utilização livre depósito INVT;2.878,54;34.542,48;;;0,00000000000000;
GA03;3G-03-10B;404156;ALICATE PRENSA TERMINAIS AP-056;UN;3;L2;Utilização livre depósito INVT;256,05;768,15;;;0,00000000000000;
GA03;3G-03-10B;803631;LAMINA SERRA ACO RAP 300X13MM 0,65MM 18D;UN;369;F3;Utilização livre depósito CUST;0,05;18,45;;;0,00000000000000;
GA03;3G-03-10B;804027;LIMA CHATA BASTARDA DE 6;UN;7;F3;Utilização livre depósito CUST;29,01;203,07;;;0,00000000000000;
GA03;3G-03-10B;804028;LIMA REDONDA MURÇA DE 6;UN;7;F3;Utilização livre depósito CUST;36,53;255,71;;;0,00000000000000;
GA03;3G-03-10B;804556;JOGO CHAVES  ALLEN TIPO CANIVETE 09 PCS;UN;8;F3;Utilização livre depósito CUST;57,64;461,12;;;0,00000000000000;
GA03;3G-03-10B;805496;FERRO SOLDA  220 V PONTA TRATADA 60W;UN;3;F3;Utilização livre depósito CUST;57,80;173,40;;;0,00000000000000;
GA03;3G-03-10C;110071;REATOR ELETRONICO DUP 2X30/32W 127/220V;UN;110;F3;Utilização livre depósito CUST;14,54;1.599,40;;;0,00000000000000;
GA03;3G-03-10C;110341;TE ESGOTO PVC RIG 150X100MM;UN;3;F3;Utilização livre depósito CUST;23,75;71,25;;;0,00000000000000;
GA03;3G-03-10C;110567;REATOR ELETRONICO DUP 2X22W 127/220V;UN;97;F3;Utilização livre depósito CUST;14,50;1.406,50;;;0,00000000000000;
GA03;3G-03-10C;401571;ARQUIVO AC 133X49X72CM 4GAV CZ;UN;14;L2;Utilização livre depósito INVT;441,99;6.187,86;;;0,00000000000000;
GA03;3G-03-10D;110029;MALETA FERRAM AC 5GAV RODA 605X200X390MM;UN;31;F3;Utilização livre depósito CUST;42,04;1.303,24;;;0,00000000000000;
GA03;3G-03-10D;403324;CAIXA DERIVACAO 4F;UN;97;L2;Utilização livre depósito INVT;42,58;4.130,26;;;0,00000000000000;
GA03;3G-03-11A;402287;ARMACAO SEC PRESB 1EST 4,2MM ACO;UN;2.240;L2;Utilização livre depósito INVT;10,89;24.393,60;;;0,00000000000000;
GA03;3G-03-11A;801178;ARMACAO SEC PRESB 1EST 4,2MM ACO;UN;2.240;F3;Utilização livre depósito CUST;13,75;30.800,00;;;0,00000000000000;
GA03;3G-03-11B;402625;GABINETE CONCENTR 12MOD 120V C/RADIO SMC;UN;24;L2;Utilização livre depósito INVT;2.878,54;69.084,96;;;0,00000000000000;
GA03;3G-03-11C;402625;GABINETE CONCENTR 12MOD 120V C/RADIO SMC;UN;24;L2;Utilização livre depósito INVT;2.878,54;69.084,96;;;0,00000000000000;
GA03;3G-03-11D;802173;CAIXA DERIVACAO 4F;UN;467;F3;Utilização livre depósito CUST;15,10;7.051,70;;;0,00000000000000;
GA03;3G-03-12A;801178;ARMACAO SEC PRESB 1EST 4,2MM ACO;UN;4.480;F3;Utilização livre depósito CUST;13,75;61.600,00;;;0,00000000000000;
GA03;3G-03-12B;402625;GABINETE CONCENTR 12MOD 120V C/RADIO SMC;UN;24;L2;Utilização livre depósito INVT;2.878,54;69.084,96;;;0,00000000000000;
GA03;3G-03-12C;402625;GABINETE CONCENTR 12MOD 120V C/RADIO SMC;UN;24;L2;Utilização livre depósito INVT;2.878,54;69.084,96;;;0,00000000000000;
GA03;3G-03-12D;402527;MED IN 1E 2F 120V 100A SMC DR B;UN;96;L2;Utilização livre depósito INVT;213,78;20.522,88;;;0,00000000000000;
GA03;3G-03-12D;402570;UNIDADE DE LEITURA INDIVIDUAL TLI - SMC;UN;36;L2;Utilização livre depósito INVT;125,79;4.528,44;;;0,00000000000000;
GA03;3G-03-12D;402625;GABINETE CONCENTR 12MOD 120V C/RADIO SMC;UN;8;L2;Utilização livre depósito INVT;2.878,54;23.028,32;;;0,00000000000000;
GA03;3G-03-12D;802173;CAIXA DERIVACAO 4F;UN;330;F3;Utilização livre depósito CUST;15,10;4.983,00;;;0,00000000000000;
GA03;3G-03-13A;402287;ARMACAO SEC PRESB 1EST 4,2MM ACO;UN;4.476;L2;Utilização livre depósito INVT;10,89;48.743,64;;;0,00000000000000;
GA03;3G-03-13B;120456;EXTINTOR PORTATIL AGUA PRESSURIZADA 10 L;UN;19;F3;Utilização livre depósito CUST;230,00;4.370,00;;;0,00000000000000;
GA03;3G-03-13B;407014;CAIXA DE COMUNICACAO RELIGADOR MONOFAS;UN;5;L2;Utilização livre depósito INVT;24.253,50;121.267,50;;;0,00000000000000;
GA03;3G-03-13C;402625;GABINETE CONCENTR 12MOD 120V C/RADIO SMC;UN;24;L2;Utilização livre depósito INVT;2.878,54;69.084,96;;;0,00000000000000;
GA03;3G-03-14A;402287;ARMACAO SEC PRESB 1EST 4,2MM ACO;UN;2.240;L2;Utilização livre depósito INVT;10,89;24.393,60;;;0,00000000000000;
GA03;3G-03-14A;801178;ARMACAO SEC PRESB 1EST 4,2MM ACO;UN;2.240;F3;Utilização livre depósito CUST;13,75;30.800,00;;;0,00000000000000;
GA03;3G-03-14B;120454;EXTINTOR PORTATIL PO QUIMICO ABC 6KG;UN;8;F3;Utilização livre depósito CUST;200,00;1.600,00;;;0,00000000000000;
GA03;3G-03-14B;120455;EXTINTOR PORTATIL PO QUIMICO BC 6KG;UN;2;F3;Utilização livre depósito CUST;199,75;399,50;;;0,00000000000000;
GA03;3G-03-14C;402625;GABINETE CONCENTR 12MOD 120V C/RADIO SMC;UN;24;L2;Utilização livre depósito INVT;2.878,54;69.084,96;;;0,00000000000000;
GA03;3G-03-15A;402287;ARMACAO SEC PRESB 1EST 4,2MM ACO;UN;2.240;L2;Utilização livre depósito INVT;10,89;24.393,60;;;0,00000000000000;
GA03;3G-03-15A;801178;ARMACAO SEC PRESB 1EST 4,2MM ACO;UN;2.240;F3;Utilização livre depósito CUST;13,75;30.800,00;;;0,00000000000000;
GA03;3G-03-15B;402625;GABINETE CONCENTR 12MOD 120V C/RADIO SMC;UN;24;L2;Utilização livre depósito INVT;2.878,54;69.084,96;;;0,00000000000000;
GA03;3G-03-15C;402625;GABINETE CONCENTR 12MOD 120V C/RADIO SMC;UN;24;L2;Utilização livre depósito INVT;2.878,54;69.084,96;;;0,00000000000000;
GA03;3G-03-15D;402527;MED IN 1E 2F 120V 100A SMC DR B;UN;96;L2;Utilização livre depósito INVT;213,78;20.522,88;;;0,00000000000000;
GA03;3G-03-15D;402570;UNIDADE DE LEITURA INDIVIDUAL TLI - SMC;UN;96;L2;Utilização livre depósito INVT;125,79;12.075,84;;;0,00000000000000;
GA03;3G-03-15D;402625;GABINETE CONCENTR 12MOD 120V C/RADIO SMC;UN;8;L2;Utilização livre depósito INVT;2.878,54;23.028,32;;;0,00000000000000;
GA03;3G-03-16A;402287;ARMACAO SEC PRESB 1EST 4,2MM ACO;UN;4.480;L2;Utilização livre depósito INVT;10,89;48.787,20;;;0,00000000000000;
GA03;3G-03-16C;402625;GABINETE CONCENTR 12MOD 120V C/RADIO SMC;UN;24;L2;Utilização livre depósito INVT;2.878,54;69.084,96;;;0,00000000000000;
GA03;3G-03-16D;402527;MED IN 1E 2F 120V 100A SMC DR B;UN;192;L2;Utilização livre depósito INVT;213,78;41.045,76;;;0,00000000000000;
GA03;3G-03-16D;402570;UNIDADE DE LEITURA INDIVIDUAL TLI - SMC;UN;192;L2;Utilização livre depósito INVT;125,79;24.151,68;;;0,00000000000000;
GA03;3G-03-16D;402625;GABINETE CONCENTR 12MOD 120V C/RADIO SMC;UN;16;L2;Utilização livre depósito INVT;2.878,54;46.056,64;;;0,00000000000000;
GA03;3G-04-01A;404818;SUPORTE TRAFO CIRCULAR 285MM;UN;144;L2;Utilização livre depósito INVT;68,60;9.878,40;;;0,00000000000000;
GA03;3G-04-01A;407356;SUPORTE TIPO L AÇO PERFILADO ZINCADO DAT;UN;100;L2;Utilização livre depósito INVT;191,39;19.139,00;;;0,00000000000000;
GA03;3G-04-01B;402625;GABINETE CONCENTR 12MOD 120V C/RADIO SMC;UN;24;L2;Utilização livre depósito INVT;2.878,54;69.084,96;;;0,00000000000000;
GA03;3G-04-01C;402625;GABINETE CONCENTR 12MOD 120V C/RADIO SMC;UN;24;L2;Utilização livre depósito INVT;2.878,54;69.084,96;;;0,00000000000000;
GA03;3G-04-01D;402625;GABINETE CONCENTR 12MOD 120V C/RADIO SMC;UN;32;L2;Utilização livre depósito INVT;2.878,54;92.113,28;;;0,00000000000000;
GA03;3G-04-02A;403686;BARRA P/2 CAIXAS;UN;2.104;L2;Utilização livre depósito INVT;56,70;119.296,80;;;0,00000000000000;
GA03;3G-04-02B;402625;GABINETE CONCENTR 12MOD 120V C/RADIO SMC;UN;24;L2;Utilização livre depósito INVT;2.878,54;69.084,96;;;0,00000000000000;
GA03;3G-04-02C;402625;GABINETE CONCENTR 12MOD 120V C/RADIO SMC;UN;24;L2;Utilização livre depósito INVT;2.878,54;69.084,96;;;0,00000000000000;
GA03;3G-04-02D;402625;GABINETE CONCENTR 12MOD 120V C/RADIO SMC;UN;32;L2;Utilização livre depósito INVT;2.878,54;92.113,28;;;0,00000000000000;
GA03;3G-04-03A;407356;SUPORTE TIPO L AÇO PERFILADO ZINCADO DAT;UN;100;L2;Utilização livre depósito INVT;191,39;19.139,00;;;0,00000000000000;
GA03;3G-04-03A;805471;ELETRODUTO CORRUG KANAFLEX 6P;UN;50;F3;Utilização livre depósito CUST;46,71;2.335,50;;;0,00000000000000;
GA03;3G-04-03B;402625;GABINETE CONCENTR 12MOD 120V C/RADIO SMC;UN;24;L2;Utilização livre depósito INVT;2.878,54;69.084,96;;;0,00000000000000;
GA03;3G-04-03C;402625;GABINETE CONCENTR 12MOD 120V C/RADIO SMC;UN;24;L2;Utilização livre depósito INVT;2.878,54;69.084,96;;;0,00000000000000;
GA03;3G-04-03D;402625;GABINETE CONCENTR 12MOD 120V C/RADIO SMC;UN;32;L2;Utilização livre depósito INVT;2.878,54;92.113,28;;;0,00000000000000;
GA03;3G-04-04A;403168;SUPORTE PARA CAIXA SMC;UN;100;L2;Utilização livre depósito INVT;188,06;18.806,00;;;0,00000000000000;
GA03;3G-04-04A;403686;BARRA P/2 CAIXAS;UN;1.200;L2;Utilização livre depósito INVT;56,70;68.040,00;;;0,00000000000000;
GA03;3G-04-04B;402625;GABINETE CONCENTR 12MOD 120V C/RADIO SMC;UN;24;L2;Utilização livre depósito INVT;2.878,54;69.084,96;;;0,00000000000000;
GA03;3G-04-04C;402625;GABINETE CONCENTR 12MOD 120V C/RADIO SMC;UN;24;L2;Utilização livre depósito INVT;2.878,54;69.084,96;;;0,00000000000000;
GA03;3G-04-04D;402625;GABINETE CONCENTR 12MOD 120V C/RADIO SMC;UN;32;L2;Utilização livre depósito INVT;2.878,54;92.113,28;;;0,00000000000000;
GA03;3G-04-05A;403168;SUPORTE PARA CAIXA SMC;UN;200;L2;Utilização livre depósito INVT;188,06;37.612,00;;;0,00000000000000;
GA03;3G-04-05B;402625;GABINETE CONCENTR 12MOD 120V C/RADIO SMC;UN;24;L2;Utilização livre depósito INVT;2.878,54;69.084,96;;;0,00000000000000;
GA03;3G-04-05C;402625;GABINETE CONCENTR 12MOD 120V C/RADIO SMC;UN;24;L2;Utilização livre depósito INVT;2.878,54;69.084,96;;;0,00000000000000;
GA03;3G-04-05D;402625;GABINETE CONCENTR 12MOD 120V C/RADIO SMC;UN;32;L2;Utilização livre depósito INVT;2.878,54;92.113,28;;;0,00000000000000;
GA03;3G-04-06A;403168;SUPORTE PARA CAIXA SMC;UN;100;L2;Utilização livre depósito INVT;188,06;18.806,00;;;0,00000000000000;
GA03;3G-04-06A;407356;SUPORTE TIPO L AÇO PERFILADO ZINCADO DAT;UN;100;L2;Utilização livre depósito INVT;191,39;19.139,00;;;0,00000000000000;
GA03;3G-04-06B;402625;GABINETE CONCENTR 12MOD 120V C/RADIO SMC;UN;24;L2;Utilização livre depósito INVT;2.878,54;69.084,96;;;0,00000000000000;
GA03;3G-04-06C;402625;GABINETE CONCENTR 12MOD 120V C/RADIO SMC;UN;24;L2;Utilização livre depósito INVT;2.878,54;69.084,96;;;0,00000000000000;
GA03;3G-04-06D;402625;GABINETE CONCENTR 12MOD 120V C/RADIO SMC;UN;28;L2;Utilização livre depósito INVT;2.878,54;80.599,12;;;0,00000000000000;
GA03;3G-04-07A;407356;SUPORTE TIPO L AÇO PERFILADO ZINCADO DAT;UN;200;L2;Utilização livre depósito INVT;191,39;38.278,00;;;0,00000000000000;
GA03;3G-04-07B;402625;GABINETE CONCENTR 12MOD 120V C/RADIO SMC;UN;24;L2;Utilização livre depósito INVT;2.878,54;69.084,96;;;0,00000000000000;
GA03;3G-04-07C;402625;GABINETE CONCENTR 12MOD 120V C/RADIO SMC;UN;24;L2;Utilização livre depósito INVT;2.878,54;69.084,96;;;0,00000000000000;
GA03;3G-04-07D;402625;GABINETE CONCENTR 12MOD 120V C/RADIO SMC;UN;32;L2;Utilização livre depósito INVT;2.878,54;92.113,28;;;0,00000000000000;
GA03;3G-04-08A;407356;SUPORTE TIPO L AÇO PERFILADO ZINCADO DAT;UN;200;L2;Utilização livre depósito INVT;191,39;38.278,00;;;0,00000000000000;
GA03;3G-04-08B;402625;GABINETE CONCENTR 12MOD 120V C/RADIO SMC;UN;24;L2;Utilização livre depósito INVT;2.878,54;69.084,96;;;0,00000000000000;
GA03;3G-04-08C;402625;GABINETE CONCENTR 12MOD 120V C/RADIO SMC;UN;24;L2;Utilização livre depósito INVT;2.878,54;69.084,96;;;0,00000000000000;
GA03;3G-04-08D;402625;GABINETE CONCENTR 12MOD 120V C/RADIO SMC;UN;32;L2;Utilização livre depósito INVT;2.878,54;92.113,28;;;0,00000000000000;
GA03;3G-04-09A;403168;SUPORTE PARA CAIXA SMC;UN;100;L2;Utilização livre depósito INVT;188,06;18.806,00;;;0,00000000000000;
GA03;3G-04-09A;407356;SUPORTE TIPO L AÇO PERFILADO ZINCADO DAT;UN;100;L2;Utilização livre depósito INVT;191,39;19.139,00;;;0,00000000000000;
GA03;3G-04-09B;402625;GABINETE CONCENTR 12MOD 120V C/RADIO SMC;UN;24;L2;Utilização livre depósito INVT;2.878,54;69.084,96;;;0,00000000000000;
GA03;3G-04-09C;402625;GABINETE CONCENTR 12MOD 120V C/RADIO SMC;UN;24;L2;Utilização livre depósito INVT;2.878,54;69.084,96;;;0,00000000000000;
GA03;3G-04-09D;402625;GABINETE CONCENTR 12MOD 120V C/RADIO SMC;UN;32;L2;Utilização livre depósito INVT;2.878,54;92.113,28;;;0,00000000000000;
GA03;3G-04-10A;403168;SUPORTE PARA CAIXA SMC;UN;200;L2;Utilização livre depósito INVT;188,06;37.612,00;;;0,00000000000000;
GA03;3G-04-10B;402625;GABINETE CONCENTR 12MOD 120V C/RADIO SMC;UN;24;L2;Utilização livre depósito INVT;2.878,54;69.084,96;;;0,00000000000000;
GA03;3G-04-10C;402625;GABINETE CONCENTR 12MOD 120V C/RADIO SMC;UN;24;L2;Utilização livre depósito INVT;2.878,54;69.084,96;;;0,00000000000000;
GA03;3G-04-10D;402625;GABINETE CONCENTR 12MOD 120V C/RADIO SMC;UN;32;L2;Utilização livre depósito INVT;2.878,54;92.113,28;;;0,00000000000000;
GA03;3G-04-11A;403168;SUPORTE PARA CAIXA SMC;UN;200;L2;Utilização livre depósito INVT;188,06;37.612,00;;;0,00000000000000;
GA03;3G-04-11B;402625;GABINETE CONCENTR 12MOD 120V C/RADIO SMC;UN;24;L2;Utilização livre depósito INVT;2.878,54;69.084,96;;;0,00000000000000;
GA03;3G-04-11C;402625;GABINETE CONCENTR 12MOD 120V C/RADIO SMC;UN;24;L2;Utilização livre depósito INVT;2.878,54;69.084,96;;;0,00000000000000;
GA03;3G-04-11D;402625;GABINETE CONCENTR 12MOD 120V C/RADIO SMC;UN;32;L2;Utilização livre depósito INVT;2.878,54;92.113,28;;;0,00000000000000;
GA03;3G-04-12A;403168;SUPORTE PARA CAIXA SMC;UN;200;L2;Utilização livre depósito INVT;188,06;37.612,00;;;0,00000000000000;
GA03;3G-04-12B;402625;GABINETE CONCENTR 12MOD 120V C/RADIO SMC;UN;24;L2;Utilização livre depósito INVT;2.878,54;69.084,96;;;0,00000000000000;
GA03;3G-04-12C;402625;GABINETE CONCENTR 12MOD 120V C/RADIO SMC;UN;24;L2;Utilização livre depósito INVT;2.878,54;69.084,96;;;0,00000000000000;
GA03;3G-04-12D;402625;GABINETE CONCENTR 12MOD 120V C/RADIO SMC;UN;32;L2;Utilização livre depósito INVT;2.878,54;92.113,28;;;0,00000000000000;
GA03;3G-04-13A;403168;SUPORTE PARA CAIXA SMC;UN;200;L2;Utilização livre depósito INVT;188,06;37.612,00;;;0,00000000000000;
GA03;3G-04-13B;402625;GABINETE CONCENTR 12MOD 120V C/RADIO SMC;UN;24;L2;Utilização livre depósito INVT;2.878,54;69.084,96;;;0,00000000000000;
GA03;3G-04-13C;402625;GABINETE CONCENTR 12MOD 120V C/RADIO SMC;UN;24;L2;Utilização livre depósito INVT;2.878,54;69.084,96;;;0,00000000000000;
GA03;3G-04-13D;402625;GABINETE CONCENTR 12MOD 120V C/RADIO SMC;UN;32;L2;Utilização livre depósito INVT;2.878,54;92.113,28;;;0,00000000000000;
GA03;3G-04-14A;407356;SUPORTE TIPO L AÇO PERFILADO ZINCADO DAT;UN;200;L2;Utilização livre depósito INVT;191,39;38.278,00;;;0,00000000000000;
GA03;3G-04-14B;402625;GABINETE CONCENTR 12MOD 120V C/RADIO SMC;UN;24;L2;Utilização livre depósito INVT;2.878,54;69.084,96;;;0,00000000000000;
GA03;3G-04-14C;402625;GABINETE CONCENTR 12MOD 120V C/RADIO SMC;UN;24;L2;Utilização livre depósito INVT;2.878,54;69.084,96;;;0,00000000000000;
GA03;3G-04-14D;402625;GABINETE CONCENTR 12MOD 120V C/RADIO SMC;UN;32;L2;Utilização livre depósito INVT;2.878,54;92.113,28;;;0,00000000000000;
GA03;3G-04-15A;403168;SUPORTE PARA CAIXA SMC;UN;200;L2;Utilização livre depósito INVT;188,06;37.612,00;;;0,00000000000000;
GA03;3G-04-15B;402625;GABINETE CONCENTR 12MOD 120V C/RADIO SMC;UN;24;L2;Utilização livre depósito INVT;2.878,54;69.084,96;;;0,00000000000000;
GA03;3G-04-15C;402625;GABINETE CONCENTR 12MOD 120V C/RADIO SMC;UN;24;L2;Utilização livre depósito INVT;2.878,54;69.084,96;;;0,00000000000000;
GA03;3G-04-15D;402625;GABINETE CONCENTR 12MOD 120V C/RADIO SMC;UN;28;L2;Utilização livre depósito INVT;2.878,54;80.599,12;;;0,00000000000000;
GA03;3G-04-16A;407356;SUPORTE TIPO L AÇO PERFILADO ZINCADO DAT;UN;200;L2;Utilização livre depósito INVT;191,39;38.278,00;;;0,00000000000000;
GA03;3G-04-16B;402625;GABINETE CONCENTR 12MOD 120V C/RADIO SMC;UN;24;L2;Utilização livre depósito INVT;2.878,54;69.084,96;;;0,00000000000000;
GA03;3G-04-16C;402625;GABINETE CONCENTR 12MOD 120V C/RADIO SMC;UN;24;L2;Utilização livre depósito INVT;2.878,54;69.084,96;;;0,00000000000000;
GA03;3G-04-16D;402625;GABINETE CONCENTR 12MOD 120V C/RADIO SMC;UN;32;L2;Utilização livre depósito INVT;2.878,54;92.113,28;;;0,00000000000000;
GA03;3G-05-01A;400484;CINTA POSTE CIRC ACO 280MM;UN;1.400;L2;Utilização livre depósito INVT;15,83;22.162,00;;;0,00000000000000;
GA03;3G-05-01A;403168;SUPORTE PARA CAIXA SMC;UN;100;L2;Utilização livre depósito INVT;188,06;18.806,00;;;0,00000000000000;
GA03;3G-05-01B;400751;CANCELA ACIONAMENTO AUT 6M AC;UN;2;L2;Utilização livre depósito INVT;4.010,71;8.021,42;;;0,00000000000000;
GA03;3G-05-01B;403248;TRAFO CRTE SIST DIST 15KV INT BAR 40-5A;UN;1;L2;Utilização livre depósito INVT;739,40;739,40;;;0,00000000000000;
GA03;3G-05-01B;404229;"TRAFO CRTE 15KV; 30-5A; 0,3C12,5 BARRA";UN;42;L2;Utilização livre depósito INVT;853,26;35.836,92;;;0,00000000000000;
GA03;3G-05-01B;804130;JUMPER DE LINHA VIVA;UN;3;F3;Utilização livre depósito CUST;48,00;144,00;;;0,00000000000000;
GA03;3G-05-01B;805226;INVERSOR AMBIENTE SEMI-INT 15~45GC 100%;UN;5;F3;Utilização livre depósito CUST;263,72;1.318,60;;;0,00000000000000;
GA03;3G-05-01C;404720;CAIXA POLIMERICA P/ DISJUN 195X290X140MM;UN;480;L2;Utilização livre depósito INVT;35,64;17.107,20;;;0,00000000000000;
GA03;3G-05-02A;403168;SUPORTE PARA CAIXA SMC;UN;100;L2;Utilização livre depósito INVT;188,06;18.806,00;;;0,00000000000000;
GA03;3G-05-02B;402195;"TRAFO CRTE 15KV; 75-5A; 0,3C12,5 BARRA";UN;84;L2;Utilização livre depósito INVT;324,68;27.273,12;;;0,00000000000000;
GA03;3G-05-02C;404720;CAIXA POLIMERICA P/ DISJUN 195X290X140MM;UN;240;L2;Utilização livre depósito INVT;35,64;8.553,60;;;0,00000000000000;
GA03;3G-05-03A;407356;SUPORTE TIPO L AÇO PERFILADO ZINCADO DAT;UN;200;L2;Utilização livre depósito INVT;191,39;38.278,00;;;0,00000000000000;
GA03;3G-05-03B;401389;TRAFO CRTE 15KV 100-5A 0,3C 1,5X;UN;84;L2;Utilização livre depósito INVT;233,73;19.633,32;;;0,00000000000000;
GA03;3G-05-03B;402195;"TRAFO CRTE 15KV; 75-5A; 0,3C12,5 BARRA";UN;84;L2;Utilização livre depósito INVT;324,68;27.273,12;;;0,00000000000000;
GA03;3G-05-03C;404720;CAIXA POLIMERICA P/ DISJUN 195X290X140MM;UN;480;L2;Utilização livre depósito INVT;35,64;17.107,20;;;0,00000000000000;
GA03;3G-05-04A;404228;TRAFO CRTE 15KV 50-5A 13,8KV 0,3C12,5;UN;34;L2;Utilização livre depósito INVT;322,05;10.949,70;;;0,00000000000000;
GA03;3G-05-04B;401389;TRAFO CRTE 15KV 100-5A 0,3C 1,5X;UN;70;L2;Utilização livre depósito INVT;233,73;16.361,10;;;0,00000000000000;
GA03;3G-05-04C;404720;CAIXA POLIMERICA P/ DISJUN 195X290X140MM;UN;239;L2;Utilização livre depósito INVT;35,64;8.517,96;;;0,00000000000000;
GA03;3G-05-05A;402026;CINTA POSTE CIRC ACO 230MM;UN;1.039;L2;Utilização livre depósito INVT;23,96;24.894,44;;;0,00000000000000;
GA03;3G-05-05A;403812;TRAFO CRTE 600V 150-5A;UN;14;L2;Utilização livre depósito INVT;326,57;4.571,98;;;0,00000000000000;
GA03;3G-05-05A;409301;UNID REMOTA ESENSOR-RL IP67 UL94HB;UN;19;L2;Utilização livre depósito INVT;2.659,50;50.530,50;;;0,00000000000000;
GA03;3G-05-05B;401743;"TRAFO CRTE 15KV; 100-5A; 0,3C12,5 BARRA";UN;57;L2;Utilização livre depósito INVT;714,33;40.716,81;;;0,00000000000000;
GA03;3G-05-05B;402400;"TRAFO CRTE 15KV; 50-5A; 0,3C12,5 BARRA";UN;84;L2;Utilização livre depósito INVT;322,05;27.052,20;;;0,00000000000000;
GA03;3G-05-05C;404720;CAIXA POLIMERICA P/ DISJUN 195X290X140MM;UN;480;L2;Utilização livre depósito INVT;35,64;17.107,20;;;0,00000000000000;
GA03;3G-05-06A;402796;CONJUNTO MEDIÇÃO INTEG 03 TP'S/03 TC'S;UN;2;L2;Utilização livre depósito INVT;22.158,45;44.316,90;;;0,00000000000000;
GA03;3G-05-06B;402400;"TRAFO CRTE 15KV; 50-5A; 0,3C12,5 BARRA";UN;84;L2;Utilização livre depósito INVT;322,05;27.052,20;;;0,00000000000000;
GA03;3G-05-06C;404720;CAIXA POLIMERICA P/ DISJUN 195X290X140MM;UN;240;L2;Utilização livre depósito INVT;35,64;8.553,60;;;0,00000000000000;
GA03;3G-05-07A;402796;CONJUNTO MEDIÇÃO INTEG 03 TP'S/03 TC'S;UN;6;L2;Utilização livre depósito INVT;22.158,45;132.950,70;;;0,00000000000000;
GA03;3G-05-07A;803917;PROTETOR P/ CABO BT PVC COMP 2000MM;PEÇ;4;F3;Utilização livre depósito CUST;215,73;862,92;;;0,00000000000000;
GA03;3G-05-07B;400275;TRAFO CRTE 15KV 400-5A 0,3C;UN;27;L2;Utilização livre depósito INVT;735,33;19.853,91;;;0,00000000000000;
GA03;3G-05-07B;402400;"TRAFO CRTE 15KV; 50-5A; 0,3C12,5 BARRA";UN;84;L2;Utilização livre depósito INVT;322,05;27.052,20;;;0,00000000000000;
GA03;3G-05-07B;404614;"TRAFO CRTE 15KV; 80-5A; 0,3C12,5 BARRA";UN;34;L2;Utilização livre depósito INVT;1.584,83;53.884,22;;;0,00000000000000;
GA03;3G-05-07C;404451;CAIXA POLIMERICA PARA DISPLAY;UN;987;L2;Utilização livre depósito INVT;17,46;17.233,02;;;0,00000000000000;
GA03;3G-05-07C;404720;CAIXA POLIMERICA P/ DISJUN 195X290X140MM;UN;243;L2;Utilização livre depósito INVT;35,64;8.660,52;;;0,00000000000000;
GA03;3G-05-08A;402796;CONJUNTO MEDIÇÃO INTEG 03 TP'S/03 TC'S;UN;2;L2;Utilização livre depósito INVT;22.158,45;44.316,90;;;0,00000000000000;
GA03;3G-05-08B;403477;TRAFO CRTE SIST DIST 15KV INT BAR 80-5A;UN;65;L2;Utilização livre depósito INVT;783,64;50.936,60;;;0,00000000000000;
GA03;3G-05-08C;404451;CAIXA POLIMERICA PARA DISPLAY;UN;1.568;L2;Utilização livre depósito INVT;17,46;27.377,28;;;0,00000000000000;
GA03;3G-05-09A;401356;"TRAFO CRTE 15KV; 15-5A; 0,3C12,5 BARRA";UN;8;L2;Utilização livre depósito INVT;1.448,53;11.588,24;;;0,00000000000000;
GA03;3G-05-09A;401781;TRAFO CRTE 15KV 95KV;UN;19;L2;Utilização livre depósito INVT;330,99;6.288,81;;;0,00000000000000;
GA03;3G-05-09A;401996;TRAFO CRTE 15KV 10-5A 12,5VA;UN;2;L2;Utilização livre depósito INVT;764,95;1.529,90;;;0,00000000000000;
GA03;3G-05-09A;404612;"TRAFO CRTE 15KV; 5:1; 25-5A; 0,3C12,5 BA";UN;32;L2;Utilização livre depósito INVT;882,45;28.238,40;;;0,00000000000000;
GA03;3G-05-09B;403251;"TRAFO CRTE 15KV; 200-5A; 0,3C12,5 BARRA";UN;8;L2;Utilização livre depósito INVT;1.364,34;10.914,72;;;0,00000000000000;
GA03;3G-05-09B;404229;"TRAFO CRTE 15KV; 30-5A; 0,3C12,5 BARRA";UN;65;L2;Utilização livre depósito INVT;853,26;55.461,90;;;0,00000000000000;
GA03;3G-05-09B;404613;"TRAFO CRTE 15KV; 40-5A; 0,3C12,5 BARRA";UN;9;L2;Utilização livre depósito INVT;1.184,19;10.657,71;;;0,00000000000000;
GA03;3G-05-09C;404451;CAIXA POLIMERICA PARA DISPLAY;UN;3.136;L2;Utilização livre depósito INVT;17,46;54.754,56;;;0,00000000000000;
GA03;3G-05-10A;403480;"TRAFO CRTE 15KV; 25-5A; 0,3C12,5 BARRA";UN;57;L2;Utilização livre depósito INVT;618,28;35.241,96;;;0,00000000000000;
GA03;3G-05-10B;402625;GABINETE CONCENTR 12MOD 120V C/RADIO SMC;UN;12;L2;Utilização livre depósito INVT;2.878,54;34.542,48;;;0,00000000000000;
GA03;3G-05-10C;404451;CAIXA POLIMERICA PARA DISPLAY;UN;1.568;L2;Utilização livre depósito INVT;17,46;27.377,28;;;0,00000000000000;
GA03;3G-05-11A;400091;TRAFO CRTE 15KV 20-5A 13,8KV 0,3C12,5;UN;1;L2;Utilização livre depósito INVT;571,90;571,90;;;0,00000000000000;
GA03;3G-05-11A;402195;"TRAFO CRTE 15KV; 75-5A; 0,3C12,5 BARRA";UN;41;L2;Utilização livre depósito INVT;324,68;13.311,88;;;0,00000000000000;
GA03;3G-05-11B;404232;CAIXA QUADRO COMANDO C/F 60X50X20 IP65;UN;41;L2;Utilização livre depósito INVT;462,69;18.970,29;;;0,00000000000000;
GA03;3G-05-11C;404451;CAIXA POLIMERICA PARA DISPLAY;UN;3.136;L2;Utilização livre depósito INVT;17,46;54.754,56;;;0,00000000000000;
GA03;3G-05-12A;400092;"TRAFO CRTE 15KV 30-5A 6:1; 0,3C12,5";UN;26;L2;Utilização livre depósito INVT;322,35;8.381,10;;;0,00000000000000;
GA03;3G-05-12B;402625;GABINETE CONCENTR 12MOD 120V C/RADIO SMC;UN;12;L2;Utilização livre depósito INVT;2.878,54;34.542,48;;;0,00000000000000;
GA03;3G-05-12C;404451;CAIXA POLIMERICA PARA DISPLAY;UN;1.568;L2;Utilização livre depósito INVT;17,46;27.377,28;;;0,00000000000000;
GA03;3G-05-13A;800304;CONECTOR T AL 477MCM;UN;60;F3;Utilização livre depósito CUST;128,54;7.712,40;;;0,00000000000000;
GA03;3G-05-13A;800839;GRAMPO ANCOR PAS AL 4/0AWG~636MCM;UN;40;F3;Utilização livre depósito CUST;245,35;9.814,00;;;0,00000000000000;
GA03;3G-05-13A;803509;CONECTOR PARALELO CABO CAA 477 MCM;UN;80;F3;Utilização livre depósito CUST;89,27;7.141,60;;;0,00000000000000;
GA03;3G-05-13A;804484;GRAMPO ANCOR CABO 795 TERN;UN;30;F3;Utilização livre depósito CUST;767,70;23.031,00;;;0,00000000000000;
GA03;3G-05-13B;410212;FITA AUTOADESIVA BLINDAGEM 10cmX10m;UN;1.075;L2;Utilização livre depósito INVT;20,82;22.381,50;;;0,00000000000000;
GA03;3G-05-13C;402625;GABINETE CONCENTR 12MOD 120V C/RADIO SMC;UN;40;L2;Utilização livre depósito INVT;2.878,54;115.141,60;;;0,00000000000000;
GA03;3G-05-14B;404232;CAIXA QUADRO COMANDO C/F 60X50X20 IP65;UN;28;L2;Utilização livre depósito INVT;462,69;12.955,32;;;0,00000000000000;
GA03;3G-05-14C;404451;CAIXA POLIMERICA PARA DISPLAY;UN;1.568;L2;Utilização livre depósito INVT;17,46;27.377,28;;;0,00000000000000;
GA03;3G-05-15A;402400;"TRAFO CRTE 15KV; 50-5A; 0,3C12,5 BARRA";UN;20;L2;Utilização livre depósito INVT;322,05;6.441,00;;;0,00000000000000;
GA03;3G-05-15B;404232;CAIXA QUADRO COMANDO C/F 60X50X20 IP65;UN;56;L2;Utilização livre depósito INVT;462,69;25.910,64;;;0,00000000000000;
GA03;3G-05-15C;402625;GABINETE CONCENTR 12MOD 120V C/RADIO SMC;UN;36;L2;Utilização livre depósito INVT;2.878,54;103.627,44;;;0,00000000000000;
GA03;3G-05-16C;404232;CAIXA QUADRO COMANDO C/F 60X50X20 IP65;UN;23;L2;Utilização livre depósito INVT;462,69;10.641,87;;;0,00000000000000;
GA03;3G-06-01A;403168;SUPORTE PARA CAIXA SMC;UN;200;L2;Utilização livre depósito INVT;188,06;37.612,00;;;0,00000000000000;
GA03;3G-06-01B;402570;UNIDADE DE LEITURA INDIVIDUAL TLI - SMC;UN;96;L2;Utilização livre depósito INVT;125,79;12.075,84;;;0,00000000000000;
GA03;3G-06-01B;402625;GABINETE CONCENTR 12MOD 120V C/RADIO SMC;UN;16;L2;Utilização livre depósito INVT;2.878,54;46.056,64;;;0,00000000000000;
GA03;3G-06-01B;402767;MED IN 2E 3F 120V 100A SMC DR B;UN;96;L2;Utilização livre depósito INVT;426,01;40.896,96;;;0,00000000000000;
GA03;3G-06-01C;402570;UNIDADE DE LEITURA INDIVIDUAL TLI - SMC;UN;96;L2;Utilização livre depósito INVT;125,79;12.075,84;;;0,00000000000000;
GA03;3G-06-01C;402625;GABINETE CONCENTR 12MOD 120V C/RADIO SMC;UN;16;L2;Utilização livre depósito INVT;2.878,54;46.056,64;;;0,00000000000000;
GA03;3G-06-01C;402767;MED IN 2E 3F 120V 100A SMC DR B;UN;96;L2;Utilização livre depósito INVT;426,01;40.896,96;;;0,00000000000000;
GA03;3G-06-01D;402570;UNIDADE DE LEITURA INDIVIDUAL TLI - SMC;UN;96;L2;Utilização livre depósito INVT;125,79;12.075,84;;;0,00000000000000;
GA03;3G-06-01D;402625;GABINETE CONCENTR 12MOD 120V C/RADIO SMC;UN;16;L2;Utilização livre depósito INVT;2.878,54;46.056,64;;;0,00000000000000;
GA03;3G-06-01D;402767;MED IN 2E 3F 120V 100A SMC DR B;UN;96;L2;Utilização livre depósito INVT;426,01;40.896,96;;;0,00000000000000;
GA03;3G-06-02A;403168;SUPORTE PARA CAIXA SMC;UN;200;L2;Utilização livre depósito INVT;188,06;37.612,00;;;0,00000000000000;
GA03;3G-06-02B;402570;UNIDADE DE LEITURA INDIVIDUAL TLI - SMC;UN;96;L2;Utilização livre depósito INVT;125,79;12.075,84;;;0,00000000000000;
GA03;3G-06-02B;402625;GABINETE CONCENTR 12MOD 120V C/RADIO SMC;UN;16;L2;Utilização livre depósito INVT;2.878,54;46.056,64;;;0,00000000000000;
GA03;3G-06-02B;402767;MED IN 2E 3F 120V 100A SMC DR B;UN;96;L2;Utilização livre depósito INVT;426,01;40.896,96;;;0,00000000000000;
GA03;3G-06-02C;402570;UNIDADE DE LEITURA INDIVIDUAL TLI - SMC;UN;96;L2;Utilização livre depósito INVT;125,79;12.075,84;;;0,00000000000000;
GA03;3G-06-02C;402625;GABINETE CONCENTR 12MOD 120V C/RADIO SMC;UN;16;L2;Utilização livre depósito INVT;2.878,54;46.056,64;;;0,00000000000000;
GA03;3G-06-02C;402767;MED IN 2E 3F 120V 100A SMC DR B;UN;96;L2;Utilização livre depósito INVT;426,01;40.896,96;;;0,00000000000000;
GA03;3G-06-02D;402570;UNIDADE DE LEITURA INDIVIDUAL TLI - SMC;UN;48;L2;Utilização livre depósito INVT;125,79;6.037,92;;;0,00000000000000;
GA03;3G-06-02D;402625;GABINETE CONCENTR 12MOD 120V C/RADIO SMC;UN;8;L2;Utilização livre depósito INVT;2.878,54;23.028,32;;;0,00000000000000;
GA03;3G-06-02D;402767;MED IN 2E 3F 120V 100A SMC DR B;UN;48;L2;Utilização livre depósito INVT;426,01;20.448,48;;;0,00000000000000;
GA03;3G-06-03A;403168;SUPORTE PARA CAIXA SMC;UN;200;L2;Utilização livre depósito INVT;188,06;37.612,00;;;0,00000000000000;
GA03;3G-06-03B;402570;UNIDADE DE LEITURA INDIVIDUAL TLI - SMC;UN;96;L2;Utilização livre depósito INVT;125,79;12.075,84;;;0,00000000000000;
GA03;3G-06-03B;402625;GABINETE CONCENTR 12MOD 120V C/RADIO SMC;UN;16;L2;Utilização livre depósito INVT;2.878,54;46.056,64;;;0,00000000000000;
GA03;3G-06-03B;402767;MED IN 2E 3F 120V 100A SMC DR B;UN;96;L2;Utilização livre depósito INVT;426,01;40.896,96;;;0,00000000000000;
GA03;3G-06-03C;402570;UNIDADE DE LEITURA INDIVIDUAL TLI - SMC;UN;96;L2;Utilização livre depósito INVT;125,79;12.075,84;;;0,00000000000000;
GA03;3G-06-03C;402625;GABINETE CONCENTR 12MOD 120V C/RADIO SMC;UN;16;L2;Utilização livre depósito INVT;2.878,54;46.056,64;;;0,00000000000000;
GA03;3G-06-03C;402767;MED IN 2E 3F 120V 100A SMC DR B;UN;96;L2;Utilização livre depósito INVT;426,01;40.896,96;;;0,00000000000000;
GA03;3G-06-03D;402570;UNIDADE DE LEITURA INDIVIDUAL TLI - SMC;UN;96;L2;Utilização livre depósito INVT;125,79;12.075,84;;;0,00000000000000;
GA03;3G-06-03D;402625;GABINETE CONCENTR 12MOD 120V C/RADIO SMC;UN;16;L2;Utilização livre depósito INVT;2.878,54;46.056,64;;;0,00000000000000;
GA03;3G-06-03D;402767;MED IN 2E 3F 120V 100A SMC DR B;UN;96;L2;Utilização livre depósito INVT;426,01;40.896,96;;;0,00000000000000;
GA03;3G-06-04A;402570;UNIDADE DE LEITURA INDIVIDUAL TLI - SMC;UN;96;L2;Utilização livre depósito INVT;125,79;12.075,84;;;0,00000000000000;
GA03;3G-06-04A;402625;GABINETE CONCENTR 12MOD 120V C/RADIO SMC;UN;16;L2;Utilização livre depósito INVT;2.878,54;46.056,64;;;0,00000000000000;
GA03;3G-06-04A;402767;MED IN 2E 3F 120V 100A SMC DR B;UN;96;L2;Utilização livre depósito INVT;426,01;40.896,96;;;0,00000000000000;
GA03;3G-06-04B;402570;UNIDADE DE LEITURA INDIVIDUAL TLI - SMC;UN;96;L2;Utilização livre depósito INVT;125,79;12.075,84;;;0,00000000000000;
GA03;3G-06-04B;402625;GABINETE CONCENTR 12MOD 120V C/RADIO SMC;UN;16;L2;Utilização livre depósito INVT;2.878,54;46.056,64;;;0,00000000000000;
GA03;3G-06-04B;402767;MED IN 2E 3F 120V 100A SMC DR B;UN;96;L2;Utilização livre depósito INVT;426,01;40.896,96;;;0,00000000000000;
GA03;3G-06-04C;402570;UNIDADE DE LEITURA INDIVIDUAL TLI - SMC;UN;96;L2;Utilização livre depósito INVT;125,79;12.075,84;;;0,00000000000000;
GA03;3G-06-04C;402625;GABINETE CONCENTR 12MOD 120V C/RADIO SMC;UN;16;L2;Utilização livre depósito INVT;2.878,54;46.056,64;;;0,00000000000000;
GA03;3G-06-04C;402767;MED IN 2E 3F 120V 100A SMC DR B;UN;96;L2;Utilização livre depósito INVT;426,01;40.896,96;;;0,00000000000000;
GA03;3G-06-04D;402570;UNIDADE DE LEITURA INDIVIDUAL TLI - SMC;UN;48;L2;Utilização livre depósito INVT;125,79;6.037,92;;;0,00000000000000;
GA03;3G-06-04D;402625;GABINETE CONCENTR 12MOD 120V C/RADIO SMC;UN;8;L2;Utilização livre depósito INVT;2.878,54;23.028,32;;;0,00000000000000;
GA03;3G-06-04D;402767;MED IN 2E 3F 120V 100A SMC DR B;UN;48;L2;Utilização livre depósito INVT;426,01;20.448,48;;;0,00000000000000;
GA03;3G-06-05A;402570;UNIDADE DE LEITURA INDIVIDUAL TLI - SMC;UN;96;L2;Utilização livre depósito INVT;125,79;12.075,84;;;0,00000000000000;
GA03;3G-06-05A;402625;GABINETE CONCENTR 12MOD 120V C/RADIO SMC;UN;16;L2;Utilização livre depósito INVT;2.878,54;46.056,64;;;0,00000000000000;
GA03;3G-06-05A;402767;MED IN 2E 3F 120V 100A SMC DR B;UN;96;L2;Utilização livre depósito INVT;426,01;40.896,96;;;0,00000000000000;
GA03;3G-06-05B;402570;UNIDADE DE LEITURA INDIVIDUAL TLI - SMC;UN;96;L2;Utilização livre depósito INVT;125,79;12.075,84;;;0,00000000000000;
GA03;3G-06-05B;402625;GABINETE CONCENTR 12MOD 120V C/RADIO SMC;UN;16;L2;Utilização livre depósito INVT;2.878,54;46.056,64;;;0,00000000000000;
GA03;3G-06-05B;402767;MED IN 2E 3F 120V 100A SMC DR B;UN;96;L2;Utilização livre depósito INVT;426,01;40.896,96;;;0,00000000000000;
GA03;3G-06-05C;402570;UNIDADE DE LEITURA INDIVIDUAL TLI - SMC;UN;96;L2;Utilização livre depósito INVT;125,79;12.075,84;;;0,00000000000000;
GA03;3G-06-05C;402625;GABINETE CONCENTR 12MOD 120V C/RADIO SMC;UN;16;L2;Utilização livre depósito INVT;2.878,54;46.056,64;;;0,00000000000000;
GA03;3G-06-05C;402767;MED IN 2E 3F 120V 100A SMC DR B;UN;96;L2;Utilização livre depósito INVT;426,01;40.896,96;;;0,00000000000000;
GA03;3G-06-05D;402570;UNIDADE DE LEITURA INDIVIDUAL TLI - SMC;UN;96;L2;Utilização livre depósito INVT;125,79;12.075,84;;;0,00000000000000;
GA03;3G-06-05D;402625;GABINETE CONCENTR 12MOD 120V C/RADIO SMC;UN;16;L2;Utilização livre depósito INVT;2.878,54;46.056,64;;;0,00000000000000;
GA03;3G-06-05D;402767;MED IN 2E 3F 120V 100A SMC DR B;UN;96;L2;Utilização livre depósito INVT;426,01;40.896,96;;;0,00000000000000;
GA03;3G-06-06A;402570;UNIDADE DE LEITURA INDIVIDUAL TLI - SMC;UN;96;L2;Utilização livre depósito INVT;125,79;12.075,84;;;0,00000000000000;
GA03;3G-06-06A;402625;GABINETE CONCENTR 12MOD 120V C/RADIO SMC;UN;16;L2;Utilização livre depósito INVT;2.878,54;46.056,64;;;0,00000000000000;
GA03;3G-06-06A;402767;MED IN 2E 3F 120V 100A SMC DR B;UN;96;L2;Utilização livre depósito INVT;426,01;40.896,96;;;0,00000000000000;
GA03;3G-06-06B;402570;UNIDADE DE LEITURA INDIVIDUAL TLI - SMC;UN;96;L2;Utilização livre depósito INVT;125,79;12.075,84;;;0,00000000000000;
GA03;3G-06-06B;402625;GABINETE CONCENTR 12MOD 120V C/RADIO SMC;UN;16;L2;Utilização livre depósito INVT;2.878,54;46.056,64;;;0,00000000000000;
GA03;3G-06-06B;402767;MED IN 2E 3F 120V 100A SMC DR B;UN;96;L2;Utilização livre depósito INVT;426,01;40.896,96;;;0,00000000000000;
GA03;3G-06-06C;402570;UNIDADE DE LEITURA INDIVIDUAL TLI - SMC;UN;96;L2;Utilização livre depósito INVT;125,79;12.075,84;;;0,00000000000000;
GA03;3G-06-06C;402625;GABINETE CONCENTR 12MOD 120V C/RADIO SMC;UN;16;L2;Utilização livre depósito INVT;2.878,54;46.056,64;;;0,00000000000000;
GA03;3G-06-06C;402767;MED IN 2E 3F 120V 100A SMC DR B;UN;96;L2;Utilização livre depósito INVT;426,01;40.896,96;;;0,00000000000000;
GA03;3G-06-06D;402570;UNIDADE DE LEITURA INDIVIDUAL TLI - SMC;UN;96;L2;Utilização livre depósito INVT;125,79;12.075,84;;;0,00000000000000;
GA03;3G-06-06D;402625;GABINETE CONCENTR 12MOD 120V C/RADIO SMC;UN;16;L2;Utilização livre depósito INVT;2.878,54;46.056,64;;;0,00000000000000;
GA03;3G-06-06D;402767;MED IN 2E 3F 120V 100A SMC DR B;UN;96;L2;Utilização livre depósito INVT;426,01;40.896,96;;;0,00000000000000;
GA03;3G-06-07A;402570;UNIDADE DE LEITURA INDIVIDUAL TLI - SMC;UN;96;L2;Utilização livre depósito INVT;125,79;12.075,84;;;0,00000000000000;
GA03;3G-06-07A;402625;GABINETE CONCENTR 12MOD 120V C/RADIO SMC;UN;16;L2;Utilização livre depósito INVT;2.878,54;46.056,64;;;0,00000000000000;
GA03;3G-06-07A;402767;MED IN 2E 3F 120V 100A SMC DR B;UN;96;L2;Utilização livre depósito INVT;426,01;40.896,96;;;0,00000000000000;
GA03;3G-06-07B;402570;UNIDADE DE LEITURA INDIVIDUAL TLI - SMC;UN;96;L2;Utilização livre depósito INVT;125,79;12.075,84;;;0,00000000000000;
GA03;3G-06-07B;402625;GABINETE CONCENTR 12MOD 120V C/RADIO SMC;UN;16;L2;Utilização livre depósito INVT;2.878,54;46.056,64;;;0,00000000000000;
GA03;3G-06-07B;402767;MED IN 2E 3F 120V 100A SMC DR B;UN;96;L2;Utilização livre depósito INVT;426,01;40.896,96;;;0,00000000000000;
GA03;3G-06-07C;402570;UNIDADE DE LEITURA INDIVIDUAL TLI - SMC;UN;96;L2;Utilização livre depósito INVT;125,79;12.075,84;;;0,00000000000000;
GA03;3G-06-07C;402625;GABINETE CONCENTR 12MOD 120V C/RADIO SMC;UN;16;L2;Utilização livre depósito INVT;2.878,54;46.056,64;;;0,00000000000000;
GA03;3G-06-07C;402767;MED IN 2E 3F 120V 100A SMC DR B;UN;96;L2;Utilização livre depósito INVT;426,01;40.896,96;;;0,00000000000000;
GA03;3G-06-07D;402570;UNIDADE DE LEITURA INDIVIDUAL TLI - SMC;UN;96;L2;Utilização livre depósito INVT;125,79;12.075,84;;;0,00000000000000;
GA03;3G-06-07D;402625;GABINETE CONCENTR 12MOD 120V C/RADIO SMC;UN;16;L2;Utilização livre depósito INVT;2.878,54;46.056,64;;;0,00000000000000;
GA03;3G-06-07D;402767;MED IN 2E 3F 120V 100A SMC DR B;UN;96;L2;Utilização livre depósito INVT;426,01;40.896,96;;;0,00000000000000;
GA03;3G-06-08A;402570;UNIDADE DE LEITURA INDIVIDUAL TLI - SMC;UN;96;L2;Utilização livre depósito INVT;125,79;12.075,84;;;0,00000000000000;
GA03;3G-06-08A;402625;GABINETE CONCENTR 12MOD 120V C/RADIO SMC;UN;16;L2;Utilização livre depósito INVT;2.878,54;46.056,64;;;0,00000000000000;
GA03;3G-06-08A;402767;MED IN 2E 3F 120V 100A SMC DR B;UN;96;L2;Utilização livre depósito INVT;426,01;40.896,96;;;0,00000000000000;
GA03;3G-06-08B;402570;UNIDADE DE LEITURA INDIVIDUAL TLI - SMC;UN;96;L2;Utilização livre depósito INVT;125,79;12.075,84;;;0,00000000000000;
GA03;3G-06-08B;402625;GABINETE CONCENTR 12MOD 120V C/RADIO SMC;UN;16;L2;Utilização livre depósito INVT;2.878,54;46.056,64;;;0,00000000000000;
GA03;3G-06-08B;402767;MED IN 2E 3F 120V 100A SMC DR B;UN;96;L2;Utilização livre depósito INVT;426,01;40.896,96;;;0,00000000000000;
GA03;3G-06-08C;402570;UNIDADE DE LEITURA INDIVIDUAL TLI - SMC;UN;96;L2;Utilização livre depósito INVT;125,79;12.075,84;;;0,00000000000000;
GA03;3G-06-08C;402625;GABINETE CONCENTR 12MOD 120V C/RADIO SMC;UN;16;L2;Utilização livre depósito INVT;2.878,54;46.056,64;;;0,00000000000000;
GA03;3G-06-08C;402767;MED IN 2E 3F 120V 100A SMC DR B;UN;96;L2;Utilização livre depósito INVT;426,01;40.896,96;;;0,00000000000000;
GA03;3G-06-08D;402570;UNIDADE DE LEITURA INDIVIDUAL TLI - SMC;UN;96;L2;Utilização livre depósito INVT;125,79;12.075,84;;;0,00000000000000;
GA03;3G-06-08D;402625;GABINETE CONCENTR 12MOD 120V C/RADIO SMC;UN;16;L2;Utilização livre depósito INVT;2.878,54;46.056,64;;;0,00000000000000;
GA03;3G-06-08D;402767;MED IN 2E 3F 120V 100A SMC DR B;UN;96;L2;Utilização livre depósito INVT;426,01;40.896,96;;;0,00000000000000;
GA03;3G-06-09A;402570;UNIDADE DE LEITURA INDIVIDUAL TLI - SMC;UN;96;L2;Utilização livre depósito INVT;125,79;12.075,84;;;0,00000000000000;
GA03;3G-06-09A;402625;GABINETE CONCENTR 12MOD 120V C/RADIO SMC;UN;16;L2;Utilização livre depósito INVT;2.878,54;46.056,64;;;0,00000000000000;
GA03;3G-06-09A;402767;MED IN 2E 3F 120V 100A SMC DR B;UN;96;L2;Utilização livre depósito INVT;426,01;40.896,96;;;0,00000000000000;
GA03;3G-06-09B;402570;UNIDADE DE LEITURA INDIVIDUAL TLI - SMC;UN;96;L2;Utilização livre depósito INVT;125,79;12.075,84;;;0,00000000000000;
GA03;3G-06-09B;402625;GABINETE CONCENTR 12MOD 120V C/RADIO SMC;UN;16;L2;Utilização livre depósito INVT;2.878,54;46.056,64;;;0,00000000000000;
GA03;3G-06-09B;402767;MED IN 2E 3F 120V 100A SMC DR B;UN;96;L2;Utilização livre depósito INVT;426,01;40.896,96;;;0,00000000000000;
GA03;3G-06-09C;402570;UNIDADE DE LEITURA INDIVIDUAL TLI - SMC;UN;96;L2;Utilização livre depósito INVT;125,79;12.075,84;;;0,00000000000000;
GA03;3G-06-09C;402625;GABINETE CONCENTR 12MOD 120V C/RADIO SMC;UN;16;L2;Utilização livre depósito INVT;2.878,54;46.056,64;;;0,00000000000000;
GA03;3G-06-09C;402767;MED IN 2E 3F 120V 100A SMC DR B;UN;96;L2;Utilização livre depósito INVT;426,01;40.896,96;;;0,00000000000000;
GA03;3G-06-09D;402570;UNIDADE DE LEITURA INDIVIDUAL TLI - SMC;UN;96;L2;Utilização livre depósito INVT;125,79;12.075,84;;;0,00000000000000;
GA03;3G-06-09D;402625;GABINETE CONCENTR 12MOD 120V C/RADIO SMC;UN;16;L2;Utilização livre depósito INVT;2.878,54;46.056,64;;;0,00000000000000;
GA03;3G-06-09D;402767;MED IN 2E 3F 120V 100A SMC DR B;UN;96;L2;Utilização livre depósito INVT;426,01;40.896,96;;;0,00000000000000;
GA03;3G-06-10A;402570;UNIDADE DE LEITURA INDIVIDUAL TLI - SMC;UN;96;L2;Utilização livre depósito INVT;125,79;12.075,84;;;0,00000000000000;
GA03;3G-06-10A;402625;GABINETE CONCENTR 12MOD 120V C/RADIO SMC;UN;16;L2;Utilização livre depósito INVT;2.878,54;46.056,64;;;0,00000000000000;
GA03;3G-06-10A;402767;MED IN 2E 3F 120V 100A SMC DR B;UN;96;L2;Utilização livre depósito INVT;426,01;40.896,96;;;0,00000000000000;
GA03;3G-06-10B;402570;UNIDADE DE LEITURA INDIVIDUAL TLI - SMC;UN;96;L2;Utilização livre depósito INVT;125,79;12.075,84;;;0,00000000000000;
GA03;3G-06-10B;402625;GABINETE CONCENTR 12MOD 120V C/RADIO SMC;UN;16;L2;Utilização livre depósito INVT;2.878,54;46.056,64;;;0,00000000000000;
GA03;3G-06-10B;402767;MED IN 2E 3F 120V 100A SMC DR B;UN;96;L2;Utilização livre depósito INVT;426,01;40.896,96;;;0,00000000000000;
GA03;3G-06-10C;402570;UNIDADE DE LEITURA INDIVIDUAL TLI - SMC;UN;96;L2;Utilização livre depósito INVT;125,79;12.075,84;;;0,00000000000000;
GA03;3G-06-10C;402625;GABINETE CONCENTR 12MOD 120V C/RADIO SMC;UN;16;L2;Utilização livre depósito INVT;2.878,54;46.056,64;;;0,00000000000000;
GA03;3G-06-10C;402767;MED IN 2E 3F 120V 100A SMC DR B;UN;96;L2;Utilização livre depósito INVT;426,01;40.896,96;;;0,00000000000000;
GA03;3G-06-10D;402570;UNIDADE DE LEITURA INDIVIDUAL TLI - SMC;UN;96;L2;Utilização livre depósito INVT;125,79;12.075,84;;;0,00000000000000;
GA03;3G-06-10D;402625;GABINETE CONCENTR 12MOD 120V C/RADIO SMC;UN;16;L2;Utilização livre depósito INVT;2.878,54;46.056,64;;;0,00000000000000;
GA03;3G-06-10D;402767;MED IN 2E 3F 120V 100A SMC DR B;UN;96;L2;Utilização livre depósito INVT;426,01;40.896,96;;;0,00000000000000;
GA03;3G-06-11A;402570;UNIDADE DE LEITURA INDIVIDUAL TLI - SMC;UN;96;L2;Utilização livre depósito INVT;125,79;12.075,84;;;0,00000000000000;
GA03;3G-06-11A;402625;GABINETE CONCENTR 12MOD 120V C/RADIO SMC;UN;16;L2;Utilização livre depósito INVT;2.878,54;46.056,64;;;0,00000000000000;
GA03;3G-06-11A;402767;MED IN 2E 3F 120V 100A SMC DR B;UN;96;L2;Utilização livre depósito INVT;426,01;40.896,96;;;0,00000000000000;
GA03;3G-06-11B;402570;UNIDADE DE LEITURA INDIVIDUAL TLI - SMC;UN;96;L2;Utilização livre depósito INVT;125,79;12.075,84;;;0,00000000000000;
GA03;3G-06-11B;402625;GABINETE CONCENTR 12MOD 120V C/RADIO SMC;UN;16;L2;Utilização livre depósito INVT;2.878,54;46.056,64;;;0,00000000000000;
GA03;3G-06-11C;402570;UNIDADE DE LEITURA INDIVIDUAL TLI - SMC;UN;96;L2;Utilização livre depósito INVT;125,79;12.075,84;;;0,00000000000000;
GA03;3G-06-11C;402625;GABINETE CONCENTR 12MOD 120V C/RADIO SMC;UN;16;L2;Utilização livre depósito INVT;2.878,54;46.056,64;;;0,00000000000000;
GA03;3G-06-11C;402767;MED IN 2E 3F 120V 100A SMC DR B;UN;96;L2;Utilização livre depósito INVT;426,01;40.896,96;;;0,00000000000000;
GA03;3G-06-11D;402570;UNIDADE DE LEITURA INDIVIDUAL TLI - SMC;UN;96;L2;Utilização livre depósito INVT;125,79;12.075,84;;;0,00000000000000;
GA03;3G-06-11D;402625;GABINETE CONCENTR 12MOD 120V C/RADIO SMC;UN;16;L2;Utilização livre depósito INVT;2.878,54;46.056,64;;;0,00000000000000;
GA03;3G-06-11D;402767;MED IN 2E 3F 120V 100A SMC DR B;UN;96;L2;Utilização livre depósito INVT;426,01;40.896,96;;;0,00000000000000;
GA03;3G-06-12A;402570;UNIDADE DE LEITURA INDIVIDUAL TLI - SMC;UN;96;L2;Utilização livre depósito INVT;125,79;12.075,84;;;0,00000000000000;
GA03;3G-06-12A;402625;GABINETE CONCENTR 12MOD 120V C/RADIO SMC;UN;16;L2;Utilização livre depósito INVT;2.878,54;46.056,64;;;0,00000000000000;
GA03;3G-06-12A;402767;MED IN 2E 3F 120V 100A SMC DR B;UN;96;L2;Utilização livre depósito INVT;426,01;40.896,96;;;0,00000000000000;
GA03;3G-06-12B;402570;UNIDADE DE LEITURA INDIVIDUAL TLI - SMC;UN;96;L2;Utilização livre depósito INVT;125,79;12.075,84;;;0,00000000000000;
GA03;3G-06-12B;402625;GABINETE CONCENTR 12MOD 120V C/RADIO SMC;UN;16;L2;Utilização livre depósito INVT;2.878,54;46.056,64;;;0,00000000000000;
GA03;3G-06-12B;402767;MED IN 2E 3F 120V 100A SMC DR B;UN;96;L2;Utilização livre depósito INVT;426,01;40.896,96;;;0,00000000000000;
GA03;3G-06-12C;402570;UNIDADE DE LEITURA INDIVIDUAL TLI - SMC;UN;96;L2;Utilização livre depósito INVT;125,79;12.075,84;;;0,00000000000000;
GA03;3G-06-12C;402625;GABINETE CONCENTR 12MOD 120V C/RADIO SMC;UN;16;L2;Utilização livre depósito INVT;2.878,54;46.056,64;;;0,00000000000000;
GA03;3G-06-12C;402767;MED IN 2E 3F 120V 100A SMC DR B;UN;96;L2;Utilização livre depósito INVT;426,01;40.896,96;;;0,00000000000000;
GA03;3G-06-12D;402570;UNIDADE DE LEITURA INDIVIDUAL TLI - SMC;UN;96;L2;Utilização livre depósito INVT;125,79;12.075,84;;;0,00000000000000;
GA03;3G-06-12D;402625;GABINETE CONCENTR 12MOD 120V C/RADIO SMC;UN;16;L2;Utilização livre depósito INVT;2.878,54;46.056,64;;;0,00000000000000;
GA03;3G-06-12D;402767;MED IN 2E 3F 120V 100A SMC DR B;UN;92;L2;Utilização livre depósito INVT;426,01;39.192,92;;;0,00000000000000;
GA03;3G-06-13A;402570;UNIDADE DE LEITURA INDIVIDUAL TLI - SMC;UN;96;L2;Utilização livre depósito INVT;125,79;12.075,84;;;0,00000000000000;
GA03;3G-06-13A;402625;GABINETE CONCENTR 12MOD 120V C/RADIO SMC;UN;16;L2;Utilização livre depósito INVT;2.878,54;46.056,64;;;0,00000000000000;
GA03;3G-06-13A;402767;MED IN 2E 3F 120V 100A SMC DR B;UN;96;L2;Utilização livre depósito INVT;426,01;40.896,96;;;0,00000000000000;
GA03;3G-06-13B;402570;UNIDADE DE LEITURA INDIVIDUAL TLI - SMC;UN;96;L2;Utilização livre depósito INVT;125,79;12.075,84;;;0,00000000000000;
GA03;3G-06-13B;402625;GABINETE CONCENTR 12MOD 120V C/RADIO SMC;UN;16;L2;Utilização livre depósito INVT;2.878,54;46.056,64;;;0,00000000000000;
GA03;3G-06-13B;402767;MED IN 2E 3F 120V 100A SMC DR B;UN;96;L2;Utilização livre depósito INVT;426,01;40.896,96;;;0,00000000000000;
GA03;3G-06-13C;402570;UNIDADE DE LEITURA INDIVIDUAL TLI - SMC;UN;96;L2;Utilização livre depósito INVT;125,79;12.075,84;;;0,00000000000000;
GA03;3G-06-13C;402625;GABINETE CONCENTR 12MOD 120V C/RADIO SMC;UN;16;L2;Utilização livre depósito INVT;2.878,54;46.056,64;;;0,00000000000000;
GA03;3G-06-13C;402767;MED IN 2E 3F 120V 100A SMC DR B;UN;96;L2;Utilização livre depósito INVT;426,01;40.896,96;;;0,00000000000000;
GA03;3G-06-13D;402570;UNIDADE DE LEITURA INDIVIDUAL TLI - SMC;UN;96;L2;Utilização livre depósito INVT;125,79;12.075,84;;;0,00000000000000;
GA03;3G-06-13D;402625;GABINETE CONCENTR 12MOD 120V C/RADIO SMC;UN;16;L2;Utilização livre depósito INVT;2.878,54;46.056,64;;;0,00000000000000;
GA03;3G-06-13D;402767;MED IN 2E 3F 120V 100A SMC DR B;UN;96;L2;Utilização livre depósito INVT;426,01;40.896,96;;;0,00000000000000;
GA03;3G-06-14A;402570;UNIDADE DE LEITURA INDIVIDUAL TLI - SMC;UN;96;L2;Utilização livre depósito INVT;125,79;12.075,84;;;0,00000000000000;
GA03;3G-06-14A;402625;GABINETE CONCENTR 12MOD 120V C/RADIO SMC;UN;16;L2;Utilização livre depósito INVT;2.878,54;46.056,64;;;0,00000000000000;
GA03;3G-06-14A;402767;MED IN 2E 3F 120V 100A SMC DR B;UN;96;L2;Utilização livre depósito INVT;426,01;40.896,96;;;0,00000000000000;
GA03;3G-06-14B;402570;UNIDADE DE LEITURA INDIVIDUAL TLI - SMC;UN;96;L2;Utilização livre depósito INVT;125,79;12.075,84;;;0,00000000000000;
GA03;3G-06-14B;402625;GABINETE CONCENTR 12MOD 120V C/RADIO SMC;UN;16;L2;Utilização livre depósito INVT;2.878,54;46.056,64;;;0,00000000000000;
GA03;3G-06-14B;402767;MED IN 2E 3F 120V 100A SMC DR B;UN;96;L2;Utilização livre depósito INVT;426,01;40.896,96;;;0,00000000000000;
GA03;3G-06-14C;402570;UNIDADE DE LEITURA INDIVIDUAL TLI - SMC;UN;96;L2;Utilização livre depósito INVT;125,79;12.075,84;;;0,00000000000000;
GA03;3G-06-14C;402625;GABINETE CONCENTR 12MOD 120V C/RADIO SMC;UN;16;L2;Utilização livre depósito INVT;2.878,54;46.056,64;;;0,00000000000000;
GA03;3G-06-14C;402767;MED IN 2E 3F 120V 100A SMC DR B;UN;96;L2;Utilização livre depósito INVT;426,01;40.896,96;;;0,00000000000000;
GA03;3G-06-14D;402570;UNIDADE DE LEITURA INDIVIDUAL TLI - SMC;UN;96;L2;Utilização livre depósito INVT;125,79;12.075,84;;;0,00000000000000;
GA03;3G-06-14D;402625;GABINETE CONCENTR 12MOD 120V C/RADIO SMC;UN;16;L2;Utilização livre depósito INVT;2.878,54;46.056,64;;;0,00000000000000;
GA03;3G-06-14D;402767;MED IN 2E 3F 120V 100A SMC DR B;UN;96;L2;Utilização livre depósito INVT;426,01;40.896,96;;;0,00000000000000;
GA03;3G-06-15A;402570;UNIDADE DE LEITURA INDIVIDUAL TLI - SMC;UN;96;L2;Utilização livre depósito INVT;125,79;12.075,84;;;0,00000000000000;
GA03;3G-06-15A;402625;GABINETE CONCENTR 12MOD 120V C/RADIO SMC;UN;16;L2;Utilização livre depósito INVT;2.878,54;46.056,64;;;0,00000000000000;
GA03;3G-06-15A;402767;MED IN 2E 3F 120V 100A SMC DR B;UN;96;L2;Utilização livre depósito INVT;426,01;40.896,96;;;0,00000000000000;
GA03;3G-06-15B;402570;UNIDADE DE LEITURA INDIVIDUAL TLI - SMC;UN;96;L2;Utilização livre depósito INVT;125,79;12.075,84;;;0,00000000000000;
GA03;3G-06-15B;402625;GABINETE CONCENTR 12MOD 120V C/RADIO SMC;UN;16;L2;Utilização livre depósito INVT;2.878,54;46.056,64;;;0,00000000000000;
GA03;3G-06-15B;402767;MED IN 2E 3F 120V 100A SMC DR B;UN;96;L2;Utilização livre depósito INVT;426,01;40.896,96;;;0,00000000000000;
GA03;3G-06-15C;402570;UNIDADE DE LEITURA INDIVIDUAL TLI - SMC;UN;96;L2;Utilização livre depósito INVT;125,79;12.075,84;;;0,00000000000000;
GA03;3G-06-15C;402625;GABINETE CONCENTR 12MOD 120V C/RADIO SMC;UN;16;L2;Utilização livre depósito INVT;2.878,54;46.056,64;;;0,00000000000000;
GA03;3G-06-15C;402767;MED IN 2E 3F 120V 100A SMC DR B;UN;96;L2;Utilização livre depósito INVT;426,01;40.896,96;;;0,00000000000000;
GA03;3G-06-15D;402570;UNIDADE DE LEITURA INDIVIDUAL TLI - SMC;UN;96;L2;Utilização livre depósito INVT;125,79;12.075,84;;;0,00000000000000;
GA03;3G-06-15D;402625;GABINETE CONCENTR 12MOD 120V C/RADIO SMC;UN;16;L2;Utilização livre depósito INVT;2.878,54;46.056,64;;;0,00000000000000;
GA03;3G-06-15D;402767;MED IN 2E 3F 120V 100A SMC DR B;UN;96;L2;Utilização livre depósito INVT;426,01;40.896,96;;;0,00000000000000;
GA03;3G-06-16A;402570;UNIDADE DE LEITURA INDIVIDUAL TLI - SMC;UN;96;L2;Utilização livre depósito INVT;125,79;12.075,84;;;0,00000000000000;
GA03;3G-06-16A;402625;GABINETE CONCENTR 12MOD 120V C/RADIO SMC;UN;16;L2;Utilização livre depósito INVT;2.878,54;46.056,64;;;0,00000000000000;
GA03;3G-06-16A;402767;MED IN 2E 3F 120V 100A SMC DR B;UN;96;L2;Utilização livre depósito INVT;426,01;40.896,96;;;0,00000000000000;
GA03;3G-06-16B;402570;UNIDADE DE LEITURA INDIVIDUAL TLI - SMC;UN;96;L2;Utilização livre depósito INVT;125,79;12.075,84;;;0,00000000000000;
GA03;3G-06-16B;402625;GABINETE CONCENTR 12MOD 120V C/RADIO SMC;UN;16;L2;Utilização livre depósito INVT;2.878,54;46.056,64;;;0,00000000000000;
GA03;3G-06-16B;402767;MED IN 2E 3F 120V 100A SMC DR B;UN;96;L2;Utilização livre depósito INVT;426,01;40.896,96;;;0,00000000000000;
GA03;3G-06-16C;402570;UNIDADE DE LEITURA INDIVIDUAL TLI - SMC;UN;96;L2;Utilização livre depósito INVT;125,79;12.075,84;;;0,00000000000000;
GA03;3G-06-16C;402625;GABINETE CONCENTR 12MOD 120V C/RADIO SMC;UN;16;L2;Utilização livre depósito INVT;2.878,54;46.056,64;;;0,00000000000000;
GA03;3G-06-16C;402767;MED IN 2E 3F 120V 100A SMC DR B;UN;96;L2;Utilização livre depósito INVT;426,01;40.896,96;;;0,00000000000000;
GA03;3G-06-16D;402570;UNIDADE DE LEITURA INDIVIDUAL TLI - SMC;UN;96;L2;Utilização livre depósito INVT;125,79;12.075,84;;;0,00000000000000;
GA03;3G-06-16D;402625;GABINETE CONCENTR 12MOD 120V C/RADIO SMC;UN;16;L2;Utilização livre depósito INVT;2.878,54;46.056,64;;;0,00000000000000;
GA03;3G-06-16D;402767;MED IN 2E 3F 120V 100A SMC DR B;UN;96;L2;Utilização livre depósito INVT;426,01;40.896,96;;;0,00000000000000;
GA03;3G-06-17A;402570;UNIDADE DE LEITURA INDIVIDUAL TLI - SMC;UN;96;L2;Utilização livre depósito INVT;125,79;12.075,84;;;0,00000000000000;
GA03;3G-06-17A;402625;GABINETE CONCENTR 12MOD 120V C/RADIO SMC;UN;16;L2;Utilização livre depósito INVT;2.878,54;46.056,64;;;0,00000000000000;
GA03;3G-06-17A;402767;MED IN 2E 3F 120V 100A SMC DR B;UN;96;L2;Utilização livre depósito INVT;426,01;40.896,96;;;0,00000000000000;
GA03;3G-06-17B;402570;UNIDADE DE LEITURA INDIVIDUAL TLI - SMC;UN;96;L2;Utilização livre depósito INVT;125,79;12.075,84;;;0,00000000000000;
GA03;3G-06-17B;402625;GABINETE CONCENTR 12MOD 120V C/RADIO SMC;UN;16;L2;Utilização livre depósito INVT;2.878,54;46.056,64;;;0,00000000000000;
GA03;3G-06-17B;402767;MED IN 2E 3F 120V 100A SMC DR B;UN;96;L2;Utilização livre depósito INVT;426,01;40.896,96;;;0,00000000000000;
GA03;3G-06-17C;402570;UNIDADE DE LEITURA INDIVIDUAL TLI - SMC;UN;96;L2;Utilização livre depósito INVT;125,79;12.075,84;;;0,00000000000000;
GA03;3G-06-17C;402625;GABINETE CONCENTR 12MOD 120V C/RADIO SMC;UN;16;L2;Utilização livre depósito INVT;2.878,54;46.056,64;;;0,00000000000000;
GA03;3G-06-17C;402767;MED IN 2E 3F 120V 100A SMC DR B;UN;96;L2;Utilização livre depósito INVT;426,01;40.896,96;;;0,00000000000000;
GA03;3G-06-17D;402570;UNIDADE DE LEITURA INDIVIDUAL TLI - SMC;UN;48;L2;Utilização livre depósito INVT;125,79;6.037,92;;;0,00000000000000;
GA03;3G-06-17D;402625;GABINETE CONCENTR 12MOD 120V C/RADIO SMC;UN;8;L2;Utilização livre depósito INVT;2.878,54;23.028,32;;;0,00000000000000;
GA03;3G-06-17D;402767;MED IN 2E 3F 120V 100A SMC DR B;UN;48;L2;Utilização livre depósito INVT;426,01;20.448,48;;;0,00000000000000;
GA03;3G-06-18A;402570;UNIDADE DE LEITURA INDIVIDUAL TLI - SMC;UN;96;L2;Utilização livre depósito INVT;125,79;12.075,84;;;0,00000000000000;
GA03;3G-06-18A;402625;GABINETE CONCENTR 12MOD 120V C/RADIO SMC;UN;16;L2;Utilização livre depósito INVT;2.878,54;46.056,64;;;0,00000000000000;
GA03;3G-06-18A;402767;MED IN 2E 3F 120V 100A SMC DR B;UN;96;L2;Utilização livre depósito INVT;426,01;40.896,96;;;0,00000000000000;
GA03;3G-06-18B;402570;UNIDADE DE LEITURA INDIVIDUAL TLI - SMC;UN;96;L2;Utilização livre depósito INVT;125,79;12.075,84;;;0,00000000000000;
GA03;3G-06-18B;402625;GABINETE CONCENTR 12MOD 120V C/RADIO SMC;UN;16;L2;Utilização livre depósito INVT;2.878,54;46.056,64;;;0,00000000000000;
GA03;3G-06-18B;402767;MED IN 2E 3F 120V 100A SMC DR B;UN;96;L2;Utilização livre depósito INVT;426,01;40.896,96;;;0,00000000000000;
GA03;3G-06-18C;402570;UNIDADE DE LEITURA INDIVIDUAL TLI - SMC;UN;96;L2;Utilização livre depósito INVT;125,79;12.075,84;;;0,00000000000000;
GA03;3G-06-18C;402625;GABINETE CONCENTR 12MOD 120V C/RADIO SMC;UN;16;L2;Utilização livre depósito INVT;2.878,54;46.056,64;;;0,00000000000000;
GA03;3G-06-18C;402767;MED IN 2E 3F 120V 100A SMC DR B;UN;96;L2;Utilização livre depósito INVT;426,01;40.896,96;;;0,00000000000000;
GA03;3G-06-18D;402570;UNIDADE DE LEITURA INDIVIDUAL TLI - SMC;UN;96;L2;Utilização livre depósito INVT;125,79;12.075,84;;;0,00000000000000;
GA03;3G-06-18D;402625;GABINETE CONCENTR 12MOD 120V C/RADIO SMC;UN;16;L2;Utilização livre depósito INVT;2.878,54;46.056,64;;;0,00000000000000;
GA03;3G-06-18D;402767;MED IN 2E 3F 120V 100A SMC DR B;UN;96;L2;Utilização livre depósito INVT;426,01;40.896,96;;;0,00000000000000;
GA03;3G-07-01A;400042;TRAFO CRTE 15KV 1200A 0,3C50;UN;9;L2;Utilização livre depósito INVT;14.997,20;134.974,80;;;0,00000000000000;
GA03;3G-07-01A;401389;TRAFO CRTE 15KV 100-5A 0,3C 1,5X;UN;10;L2;Utilização livre depósito INVT;233,73;2.337,30;;;0,00000000000000;
GA03;3G-07-01A;805469;CURVA 90G LONGA 150MM ESGOTO;UN;4;F3;Utilização livre depósito CUST;112,22;448,88;;;0,00000000000000;
GA03;3G-07-01B;407356;SUPORTE TIPO L AÇO PERFILADO ZINCADO DAT;UN;100;L2;Utilização livre depósito INVT;191,39;19.139,00;;;0,00000000000000;
GA03;3G-07-01D;407097;PROT. EMENDA ANTIFURTO 400X208X131,8MM;PEÇ;192;L2;Utilização livre depósito INVT;206,79;39.703,68;;;0,00000000000000;
GA03;3G-07-02B;404031;"ANILHA NUMERO ""1"" 4-16MM";UN;6.000;L2;Utilização livre depósito INVT;0,08;480,00;;;0,00000000000000;
GA03;3G-07-02B;404032;"ANILHA NUMERO ""2"" 4-16MM";UN;5.000;L2;Utilização livre depósito INVT;0,08;400,00;;;0,00000000000000;
GA03;3G-07-02B;404033;"ANILHA NUMERO ""3"" 4-16MM";UN;1.850;L2;Utilização livre depósito INVT;0,08;148,00;;;0,00000000000000;
GA03;3G-07-02B;404034;"ANILHA NUMERO ""4"" 4-16MM";UN;4.000;L2;Utilização livre depósito INVT;0,08;320,00;;;0,00000000000000;
GA03;3G-07-02B;404035;"ANILHA NUMERO ""5"" 4-16MM";UN;5.800;L2;Utilização livre depósito INVT;0,08;464,00;;;0,00000000000000;
GA03;3G-07-02B;404036;"ANILHA NUMERO ""6"" 4-16MM";UN;5.400;L2;Utilização livre depósito INVT;0,08;432,00;;;0,00000000000000;
GA03;3G-07-02B;404037;"ANILHA NUMERO ""7"" 4-16MM";UN;6.000;L2;Utilização livre depósito INVT;0,08;480,00;;;0,00000000000000;
GA03;3G-07-02B;404038;"ANILHA NUMERO ""8"" 4-16MM";UN;5.000;L2;Utilização livre depósito INVT;0,08;400,00;;;0,00000000000000;
GA03;3G-07-02B;404039;"ANILHA NUMERO ""9"" 4-16MM";UN;6.000;L2;Utilização livre depósito INVT;0,08;480,00;;;0,00000000000000;
GA03;3G-07-02B;404057;ANILHA IDENT PVC COND 1,5-4,0MM2 AM C;UN;60.000;L2;Utilização livre depósito INVT;0,77;46.200,00;;;0,00000000000000;
GA03;3G-07-02B;404058;ANILHA IDENT PVC COND 1,5-4,0MM2 AM N0;UN;106.000;L2;Utilização livre depósito INVT;0,10;10.600,00;;;0,00000000000000;
GA03;3G-07-02B;404059;ANILHA IDENT PVC COND 1,5-4,0MM2 AM N1;UN;5.000;L2;Utilização livre depósito INVT;0,06;300,00;;;0,00000000000000;
GA03;3G-07-02B;404060;ANILHA IDENT PVC COND 1,5-4,0MM2 AM N2;UN;1.328;L2;Utilização livre depósito INVT;0,05;66,40;;;0,00000000000000;
GA03;3G-07-02B;404061;ANILHA IDENT PVC COND 1,5-4,0MM2 AM N3;UN;2.900;L2;Utilização livre depósito INVT;0,05;145,00;;;0,00000000000000;
GA03;3G-07-02B;404062;ANILHA IDENT PVC COND 1,5-4,0MM2 AM N4;UN;2.993;L2;Utilização livre depósito INVT;0,18;538,74;;;0,00000000000000;
GA03;3G-07-02B;404069;ANILHA IDENT PVC COND 1,5-4,0MM2 AM P;UN;75.000;L2;Utilização livre depósito INVT;1,01;75.750,00;;;0,00000000000000;
GA03;3G-07-02B;404070;ANILHA IDENT PVC COND 1,5-4,0MM2 AM S;UN;76.000;L2;Utilização livre depósito INVT;0,06;4.560,00;;;0,00000000000000;
GA03;3G-07-02B;405095;ANILHA MARC LETRA C CABO 4-16MM2;UN;40.000;L2;Utilização livre depósito INVT;0,77;30.800,00;;;0,00000000000000;
GA03;3G-07-02B;405098;ANILHA MARC LETRA S CABO 4-16MM2;UN;45.000;L2;Utilização livre depósito INVT;0,06;2.700,00;;;0,00000000000000;
GA03;3G-07-02D;407097;PROT. EMENDA ANTIFURTO 400X208X131,8MM;PEÇ;120;L2;Utilização livre depósito INVT;206,79;24.814,80;;;0,00000000000000;
GA03;3G-07-03B;400137;LACO PREF CA 2AWG PESC 57MM PURPURA;UN;41;L2;Utilização livre depósito INVT;3,15;129,15;;;0,00000000000000;
GA03;3G-07-03B;400880;LACO PREF ISOLADOR ROLD CA 2AWG LJ 33MM2;UN;85;L2;Utilização livre depósito INVT;1,91;162,35;;;0,00000000000000;
GA03;3G-07-03B;401090;LACO LATERAL DUPLO CA 2AWG;UN;146;L2;Utilização livre depósito INVT;3,14;458,44;;;0,00000000000000;
GA03;3G-07-03B;401108;LACO DISTRIBUICAO PREF CAA 1/0AWG;UN;259;L2;Utilização livre depósito INVT;2,34;606,06;;;0,00000000000000;
GA03;3G-07-03B;401234;LACO PREF ROLD CA 1/0AWG LJ;UN;335;L2;Utilização livre depósito INVT;6,47;2.167,45;;;0,00000000000000;
GA03;3G-07-03B;801146;LACO LATERAL PREF DUPLO 2/0AWG;UN;396;F3;Utilização livre depósito CUST;3,10;1.227,60;;;0,00000000000000;
GA03;3G-07-03C;402527;MED IN 1E 2F 120V 100A SMC DR B;UN;36;L2;Utilização livre depósito INVT;213,78;7.696,08;;;0,00000000000000;
GA03;3G-07-03C;402570;UNIDADE DE LEITURA INDIVIDUAL TLI - SMC;UN;36;L2;Utilização livre depósito INVT;125,79;4.528,44;;;0,00000000000000;
GA03;3G-07-03C;402625;GABINETE CONCENTR 12MOD 120V C/RADIO SMC;UN;6;L2;Utilização livre depósito INVT;2.878,54;17.271,24;;;0,00000000000000;
GA03;3G-07-03D;407097;PROT. EMENDA ANTIFURTO 400X208X131,8MM;PEÇ;240;L2;Utilização livre depósito INVT;206,79;49.629,60;;;0,00000000000000;
GA03;3G-07-04B;803368;EMENDA PREF COND AL 1/0 AWG 965MM;UN;51;F3;Utilização livre depósito CUST;29,49;1.503,99;;;0,00000000000000;
GA03;3G-07-04C;402527;MED IN 1E 2F 120V 100A SMC DR B;UN;90;L2;Utilização livre depósito INVT;213,78;19.240,20;;;0,00000000000000;
GA03;3G-07-04C;402570;UNIDADE DE LEITURA INDIVIDUAL TLI - SMC;UN;90;L2;Utilização livre depósito INVT;125,79;11.321,10;;;0,00000000000000;
GA03;3G-07-04C;402625;GABINETE CONCENTR 12MOD 120V C/RADIO SMC;UN;12;L2;Utilização livre depósito INVT;2.878,54;34.542,48;;;0,00000000000000;
GA03;3G-07-04D;407097;PROT. EMENDA ANTIFURTO 400X208X131,8MM;PEÇ;120;L2;Utilização livre depósito INVT;206,79;24.814,80;;;0,00000000000000;
GA03;3G-07-05B;401105;LACO LATERAL DUPLO 4/0AWG;UN;441;L2;Utilização livre depósito INVT;3,21;1.415,61;;;0,00000000000000;
GA03;3G-07-05C;402527;MED IN 1E 2F 120V 100A SMC DR B;UN;144;L2;Utilização livre depósito INVT;213,78;30.784,32;;;0,00000000000000;
GA03;3G-07-05C;402570;UNIDADE DE LEITURA INDIVIDUAL TLI - SMC;UN;144;L2;Utilização livre depósito INVT;125,79;18.113,76;;;0,00000000000000;
GA03;3G-07-05C;402625;GABINETE CONCENTR 12MOD 120V C/RADIO SMC;UN;12;L2;Utilização livre depósito INVT;2.878,54;34.542,48;;;0,00000000000000;
GA03;3G-07-05D;407097;PROT. EMENDA ANTIFURTO 400X208X131,8MM;PEÇ;240;L2;Utilização livre depósito INVT;206,79;49.629,60;;;0,00000000000000;
GA03;3G-07-06A;402658;TENSOR GANCHO-OLHA AC 360MM 260MM;UN;1.093;L2;Utilização livre depósito INVT;6,15;6.721,95;;;0,00000000000000;
GA03;3G-07-06A;402892;TENSOR GANCHO-OLHAL AC 240MM 160MM;UN;604;L2;Utilização livre depósito INVT;6,07;3.666,28;;;0,00000000000000;
GA03;3G-07-06A;407356;SUPORTE TIPO L AÇO PERFILADO ZINCADO DAT;UN;100;L2;Utilização livre depósito INVT;191,39;19.139,00;;;0,00000000000000;
GA03;3G-07-06B;800600;LACO DISTRIBUICAO PREF CAA 2/0AWG AC;UN;5.280;F3;Utilização livre depósito CUST;1,43;7.550,40;;;0,00000000000000;
GA03;3G-07-06C;402527;MED IN 1E 2F 120V 100A SMC DR B;UN;144;L2;Utilização livre depósito INVT;213,78;30.784,32;;;0,00000000000000;
GA03;3G-07-06C;402570;UNIDADE DE LEITURA INDIVIDUAL TLI - SMC;UN;144;L2;Utilização livre depósito INVT;125,79;18.113,76;;;0,00000000000000;
GA03;3G-07-06C;402625;GABINETE CONCENTR 12MOD 120V C/RADIO SMC;UN;12;L2;Utilização livre depósito INVT;2.878,54;34.542,48;;;0,00000000000000;
GA03;3G-07-06D;407097;PROT. EMENDA ANTIFURTO 400X208X131,8MM;PEÇ;240;L2;Utilização livre depósito INVT;206,79;49.629,60;;;0,00000000000000;
GA03;3G-07-07A;407356;SUPORTE TIPO L AÇO PERFILADO ZINCADO DAT;UN;100;L2;Utilização livre depósito INVT;191,39;19.139,00;;;0,00000000000000;
GA03;3G-07-07A;801398;SUPORTE TRANSF POSTE DUP T AC 230X125MM;UN;120;F3;Utilização livre depósito CUST;161,67;19.400,40;;;0,00000000000000;
GA03;3G-07-07B;800600;LACO DISTRIBUICAO PREF CAA 2/0AWG AC;UN;5.440;F3;Utilização livre depósito CUST;1,43;7.779,20;;;0,00000000000000;
GA03;3G-07-07C;402527;MED IN 1E 2F 120V 100A SMC DR B;UN;144;L2;Utilização livre depósito INVT;213,78;30.784,32;;;0,00000000000000;
GA03;3G-07-07C;402570;UNIDADE DE LEITURA INDIVIDUAL TLI - SMC;UN;144;L2;Utilização livre depósito INVT;125,79;18.113,76;;;0,00000000000000;
GA03;3G-07-07C;402625;GABINETE CONCENTR 12MOD 120V C/RADIO SMC;UN;12;L2;Utilização livre depósito INVT;2.878,54;34.542,48;;;0,00000000000000;
GA03;3G-07-07D;407097;PROT. EMENDA ANTIFURTO 400X208X131,8MM;PEÇ;240;L2;Utilização livre depósito INVT;206,79;49.629,60;;;0,00000000000000;
GA03;3G-07-08A;402452;SUPORTE TRANSF POSTE CIRC AC 200MM;UN;160;L2;Utilização livre depósito INVT;98,14;15.702,40;;;0,00000000000000;
GA03;3G-07-08A;404818;SUPORTE TRAFO CIRCULAR 285MM;UN;144;L2;Utilização livre depósito INVT;68,60;9.878,40;;;0,00000000000000;
GA03;3G-07-08B;800600;LACO DISTRIBUICAO PREF CAA 2/0AWG AC;UN;5.430;F3;Utilização livre depósito CUST;1,43;7.764,90;;;0,00000000000000;
GA03;3G-07-08C;402527;MED IN 1E 2F 120V 100A SMC DR B;UN;144;L2;Utilização livre depósito INVT;213,78;30.784,32;;;0,00000000000000;
GA03;3G-07-08C;402570;UNIDADE DE LEITURA INDIVIDUAL TLI - SMC;UN;144;L2;Utilização livre depósito INVT;125,79;18.113,76;;;0,00000000000000;
GA03;3G-07-08C;402625;GABINETE CONCENTR 12MOD 120V C/RADIO SMC;UN;12;L2;Utilização livre depósito INVT;2.878,54;34.542,48;;;0,00000000000000;
GA03;3G-07-08D;407097;PROT. EMENDA ANTIFURTO 400X208X131,8MM;PEÇ;120;L2;Utilização livre depósito INVT;206,79;24.814,80;;;0,00000000000000;
GA03;3G-07-09A;801398;SUPORTE TRANSF POSTE DUP T AC 230X125MM;UN;240;F3;Utilização livre depósito CUST;161,67;38.800,80;;;0,00000000000000;
GA03;3G-07-09B;401234;LACO PREF ROLD CA 1/0AWG LJ;UN;7.700;L2;Utilização livre depósito INVT;6,47;49.819,00;;;0,00000000000000;
GA03;3G-07-09C;402527;MED IN 1E 2F 120V 100A SMC DR B;UN;144;L2;Utilização livre depósito INVT;213,78;30.784,32;;;0,00000000000000;
GA03;3G-07-09C;402570;UNIDADE DE LEITURA INDIVIDUAL TLI - SMC;UN;144;L2;Utilização livre depósito INVT;125,79;18.113,76;;;0,00000000000000;
GA03;3G-07-09C;402625;GABINETE CONCENTR 12MOD 120V C/RADIO SMC;UN;12;L2;Utilização livre depósito INVT;2.878,54;34.542,48;;;0,00000000000000;
GA03;3G-07-09D;401385;ALCA PREFORM SERV 1X1010MM2 200DAN;UN;17.600;L2;Utilização livre depósito INVT;0,94;16.544,00;;;0,00000000000000;
GA03;3G-07-10A;401683;SUPORTE TRANSF POSTE DUP T AC 230X125MM;UN;119;L2;Utilização livre depósito INVT;187,82;22.350,58;;;0,00000000000000;
GA03;3G-07-10A;805184;SUPORTE TRANSF POSTE CIRC AC 250MM;UN;144;F3;Utilização livre depósito CUST;75,67;10.896,48;;;0,00000000000000;
GA03;3G-07-10B;401385;ALCA PREFORM SERV 1X1010MM2 200DAN;UN;1.304;L2;Utilização livre depósito INVT;0,94;1.225,76;;;0,00000000000000;
GA03;3G-07-10B;401866;ALCA PREFORM SERV 16MM2, 5,5-5,7MM;UN;1.361;L2;Utilização livre depósito INVT;3,04;4.137,44;;;0,00000000000000;
GA03;3G-07-10C;402527;MED IN 1E 2F 120V 100A SMC DR B;UN;144;L2;Utilização livre depósito INVT;213,78;30.784,32;;;0,00000000000000;
GA03;3G-07-10C;402570;UNIDADE DE LEITURA INDIVIDUAL TLI - SMC;UN;144;L2;Utilização livre depósito INVT;125,79;18.113,76;;;0,00000000000000;
GA03;3G-07-10C;402625;GABINETE CONCENTR 12MOD 120V C/RADIO SMC;UN;12;L2;Utilização livre depósito INVT;2.878,54;34.542,48;;;0,00000000000000;
GA03;3G-07-10D;407097;PROT. EMENDA ANTIFURTO 400X208X131,8MM;PEÇ;120;L2;Utilização livre depósito INVT;206,79;24.814,80;;;0,00000000000000;
GA03;3G-07-11A;401683;SUPORTE TRANSF POSTE DUP T AC 230X125MM;UN;240;L2;Utilização livre depósito INVT;187,82;45.076,80;;;0,00000000000000;
GA03;3G-07-11B;401102;LACO DISTRIBUICAO PREF CAA 2/0AWG AC;UN;1.797;L2;Utilização livre depósito INVT;1,33;2.390,01;;;0,00000000000000;
GA03;3G-07-11C;402527;MED IN 1E 2F 120V 100A SMC DR B;UN;144;L2;Utilização livre depósito INVT;213,78;30.784,32;;;0,00000000000000;
GA03;3G-07-11C;402570;UNIDADE DE LEITURA INDIVIDUAL TLI - SMC;UN;144;L2;Utilização livre depósito INVT;125,79;18.113,76;;;0,00000000000000;
GA03;3G-07-11C;402625;GABINETE CONCENTR 12MOD 120V C/RADIO SMC;UN;12;L2;Utilização livre depósito INVT;2.878,54;34.542,48;;;0,00000000000000;
GA03;3G-07-11D;407097;PROT. EMENDA ANTIFURTO 400X208X131,8MM;PEÇ;240;L2;Utilização livre depósito INVT;206,79;49.629,60;;;0,00000000000000;
GA03;3G-07-12A;401683;SUPORTE TRANSF POSTE DUP T AC 230X125MM;UN;240;L2;Utilização livre depósito INVT;187,82;45.076,80;;;0,00000000000000;
GA03;3G-07-12C;402527;MED IN 1E 2F 120V 100A SMC DR B;UN;144;L2;Utilização livre depósito INVT;213,78;30.784,32;;;0,00000000000000;
GA03;3G-07-12C;402570;UNIDADE DE LEITURA INDIVIDUAL TLI - SMC;UN;144;L2;Utilização livre depósito INVT;125,79;18.113,76;;;0,00000000000000;
GA03;3G-07-12C;402625;GABINETE CONCENTR 12MOD 120V C/RADIO SMC;UN;12;L2;Utilização livre depósito INVT;2.878,54;34.542,48;;;0,00000000000000;
GA03;3G-07-12D;400380;ALCA PREFORM SERV 50MM2 45MM2;UN;11.550;L2;Utilização livre depósito INVT;2,92;33.726,00;;;0,00000000000000;
GA03;3G-07-13A;401683;SUPORTE TRANSF POSTE DUP T AC 230X125MM;UN;240;L2;Utilização livre depósito INVT;187,82;45.076,80;;;0,00000000000000;
GA03;3G-07-13C;402527;MED IN 1E 2F 120V 100A SMC DR B;UN;144;L2;Utilização livre depósito INVT;213,78;30.784,32;;;0,00000000000000;
GA03;3G-07-13C;402570;UNIDADE DE LEITURA INDIVIDUAL TLI - SMC;UN;144;L2;Utilização livre depósito INVT;125,79;18.113,76;;;0,00000000000000;
GA03;3G-07-13C;402625;GABINETE CONCENTR 12MOD 120V C/RADIO SMC;UN;12;L2;Utilização livre depósito INVT;2.878,54;34.542,48;;;0,00000000000000;
GA03;3G-07-13D;407097;PROT. EMENDA ANTIFURTO 400X208X131,8MM;PEÇ;240;L2;Utilização livre depósito INVT;206,79;49.629,60;;;0,00000000000000;
GA03;3G-07-14A;401683;SUPORTE TRANSF POSTE DUP T AC 230X125MM;UN;120;L2;Utilização livre depósito INVT;187,82;22.538,40;;;0,00000000000000;
GA03;3G-07-14A;409641;SUPORTE TRANSF POSTE CIRC AC 210MM;UN;192;L2;Utilização livre depósito INVT;61,42;11.792,64;;;0,00000000000000;
GA03;3G-07-14C;402527;MED IN 1E 2F 120V 100A SMC DR B;UN;144;L2;Utilização livre depósito INVT;213,78;30.784,32;;;0,00000000000000;
GA03;3G-07-14C;402570;UNIDADE DE LEITURA INDIVIDUAL TLI - SMC;UN;144;L2;Utilização livre depósito INVT;125,79;18.113,76;;;0,00000000000000;
GA03;3G-07-14C;402625;GABINETE CONCENTR 12MOD 120V C/RADIO SMC;UN;12;L2;Utilização livre depósito INVT;2.878,54;34.542,48;;;0,00000000000000;
GA03;3G-07-14D;407097;PROT. EMENDA ANTIFURTO 400X208X131,8MM;PEÇ;240;L2;Utilização livre depósito INVT;206,79;49.629,60;;;0,00000000000000;
GA03;3G-07-15A;409641;SUPORTE TRANSF POSTE CIRC AC 210MM;UN;384;L2;Utilização livre depósito INVT;61,42;23.585,28;;;0,00000000000000;
GA03;3G-07-15B;800600;LACO DISTRIBUICAO PREF CAA 2/0AWG AC;UN;2.400;F3;Utilização livre depósito CUST;1,43;3.432,00;;;0,00000000000000;
GA03;3G-07-15C;402527;MED IN 1E 2F 120V 100A SMC DR B;UN;144;L2;Utilização livre depósito INVT;213,78;30.784,32;;;0,00000000000000;
GA03;3G-07-15C;402570;UNIDADE DE LEITURA INDIVIDUAL TLI - SMC;UN;144;L2;Utilização livre depósito INVT;125,79;18.113,76;;;0,00000000000000;
GA03;3G-07-15C;402625;GABINETE CONCENTR 12MOD 120V C/RADIO SMC;UN;12;L2;Utilização livre depósito INVT;2.878,54;34.542,48;;;0,00000000000000;
GA03;3G-07-15D;400380;ALCA PREFORM SERV 50MM2 45MM2;UN;5.550;L2;Utilização livre depósito INVT;2,92;16.206,00;;;0,00000000000000;
GA03;3G-07-16A;409641;SUPORTE TRANSF POSTE CIRC AC 210MM;UN;384;L2;Utilização livre depósito INVT;61,42;23.585,28;;;0,00000000000000;
GA03;3G-07-16B;401385;ALCA PREFORM SERV 1X1010MM2 200DAN;UN;10.000;L2;Utilização livre depósito INVT;0,94;9.400,00;;;0,00000000000000;
GA03;3G-07-16C;402527;MED IN 1E 2F 120V 100A SMC DR B;UN;144;L2;Utilização livre depósito INVT;213,78;30.784,32;;;0,00000000000000;
GA03;3G-07-16C;402570;UNIDADE DE LEITURA INDIVIDUAL TLI - SMC;UN;144;L2;Utilização livre depósito INVT;125,79;18.113,76;;;0,00000000000000;
GA03;3G-07-16C;402625;GABINETE CONCENTR 12MOD 120V C/RADIO SMC;UN;12;L2;Utilização livre depósito INVT;2.878,54;34.542,48;;;0,00000000000000;
GA03;3G-07-16D;400380;ALCA PREFORM SERV 50MM2 45MM2;UN;5.360;L2;Utilização livre depósito INVT;2,92;15.651,20;;;0,00000000000000;
GA03;3G-07-16D;407097;PROT. EMENDA ANTIFURTO 400X208X131,8MM;PEÇ;120;L2;Utilização livre depósito INVT;206,79;24.814,80;;;0,00000000000000;
GA03;3G-07-17A;409641;SUPORTE TRANSF POSTE CIRC AC 210MM;UN;384;L2;Utilização livre depósito INVT;61,42;23.585,28;;;0,00000000000000;
GA03;3G-07-17B;401385;ALCA PREFORM SERV 1X1010MM2 200DAN;UN;10.772;L2;Utilização livre depósito INVT;0,94;10.125,68;;;0,00000000000000;
GA03;3G-07-17C;402527;MED IN 1E 2F 120V 100A SMC DR B;UN;144;L2;Utilização livre depósito INVT;213,78;30.784,32;;;0,00000000000000;
GA03;3G-07-17C;402570;UNIDADE DE LEITURA INDIVIDUAL TLI - SMC;UN;144;L2;Utilização livre depósito INVT;125,79;18.113,76;;;0,00000000000000;
GA03;3G-07-17C;402625;GABINETE CONCENTR 12MOD 120V C/RADIO SMC;UN;12;L2;Utilização livre depósito INVT;2.878,54;34.542,48;;;0,00000000000000;
GA03;3G-07-18A;409641;SUPORTE TRANSF POSTE CIRC AC 210MM;UN;384;L2;Utilização livre depósito INVT;61,42;23.585,28;;;0,00000000000000;
GA03;3G-07-18B;400683;ALCA PREFORM SERV 16MM2 5,0-5,7MM2;UN;12.360;L2;Utilização livre depósito INVT;1,94;23.978,40;;;0,00000000000000;
GA03;3G-07-18B;801039;ALCA PREFORM SERV 50MM2 45MM2;UN;5.450;F3;Utilização livre depósito CUST;7,41;40.384,50;;;0,00000000000000;
GA03;3G-07-18C;402527;MED IN 1E 2F 120V 100A SMC DR B;UN;144;L2;Utilização livre depósito INVT;213,78;30.784,32;;;0,00000000000000;
GA03;3G-07-18C;402570;UNIDADE DE LEITURA INDIVIDUAL TLI - SMC;UN;144;L2;Utilização livre depósito INVT;125,79;18.113,76;;;0,00000000000000;
GA03;3G-07-18C;402625;GABINETE CONCENTR 12MOD 120V C/RADIO SMC;UN;12;L2;Utilização livre depósito INVT;2.878,54;34.542,48;;;0,00000000000000;
GA03;3G-07-18D;407097;PROT. EMENDA ANTIFURTO 400X208X131,8MM;PEÇ;240;L2;Utilização livre depósito INVT;206,79;49.629,60;;;0,00000000000000;
GA03;3G-08-01A;400955;PARAFUSO CAB ABA AC 16MM 150MM;UN;14.996;L2;Utilização livre depósito INVT;4,23;63.433,08;;;0,00000000000000;
GA03;3G-08-01B;110452;LUXIMETRO DIG LCD 4DIG 0,01~999900LUX;UN;2;F3;Utilização livre depósito CUST;672,04;1.344,08;;;0,00000000000000;
GA03;3G-08-01B;401317;MED EL 1E 2F 120V 100A TB GD B;UN;99;L2;Utilização livre depósito INVT;148,63;14.714,37;;;0,00000000000000;
GA03;3G-08-01B;800055;LACRE SEG PP 6DIG AM;UN;2.000;F3;Utilização livre depósito CUST;0,13;260,00;;;0,00000000000000;
GA03;3G-08-01B;800170;LACRE SEG MET 7DIG AM;UN;1.702;F3;Utilização livre depósito CUST;1,66;2.825,32;;;0,00000000000000;
GA03;3G-08-01B;802540;FUSIVEL NH ULTRA-RAPIDO TAM 1 100A 500V;UN;11;F3;Utilização livre depósito CUST;6,20;68,20;;;0,00000000000000;
GA03;3G-08-01C;402570;UNIDADE DE LEITURA INDIVIDUAL TLI - SMC;UN;96;L2;Utilização livre depósito INVT;125,79;12.075,84;;;0,00000000000000;
GA03;3G-08-01C;402625;GABINETE CONCENTR 12MOD 120V C/RADIO SMC;UN;16;L2;Utilização livre depósito INVT;2.878,54;46.056,64;;;0,00000000000000;
GA03;3G-08-01C;402767;MED IN 2E 3F 120V 100A SMC DR B;UN;96;L2;Utilização livre depósito INVT;426,01;40.896,96;;;0,00000000000000;
GA03;3G-08-02A;400955;PARAFUSO CAB ABA AC 16MM 150MM;UN;15.000;L2;Utilização livre depósito INVT;4,23;63.450,00;;;0,00000000000000;
GA03;3G-08-02B;408804;MED IN 1E 2F 120V 100A TB GD SMC DR B;UN;338;L2;Utilização livre depósito INVT;165,96;56.094,48;;;0,00000000000000;
GA03;3G-08-02B;408806;MED IN 3E 4F 120V 100A TB GD SMC DR B;UN;126;L2;Utilização livre depósito INVT;497,91;62.736,66;;;0,00000000000000;
GA03;3G-08-02B;408809;MOSTRADOR REMOTO P100;UN;464;L2;Utilização livre depósito INVT;97,75;45.356,00;;;0,00000000000000;
GA03;3G-08-02C;402570;UNIDADE DE LEITURA INDIVIDUAL TLI - SMC;UN;96;L2;Utilização livre depósito INVT;125,79;12.075,84;;;0,00000000000000;
GA03;3G-08-02C;402625;GABINETE CONCENTR 12MOD 120V C/RADIO SMC;UN;16;L2;Utilização livre depósito INVT;2.878,54;46.056,64;;;0,00000000000000;
GA03;3G-08-02C;402767;MED IN 2E 3F 120V 100A SMC DR B;UN;96;L2;Utilização livre depósito INVT;426,01;40.896,96;;;0,00000000000000;
GA03;3G-08-02D;403594;ALCA PREFORM CABO CONC  2X16 + 16;UN;2.700;L2;Utilização livre depósito INVT;10,04;27.108,00;;;0,00000000000000;
GA03;3G-08-03A;400955;PARAFUSO CAB ABA AC 16MM 150MM;UN;5.000;L2;Utilização livre depósito INVT;4,23;21.150,00;;;0,00000000000000;
GA03;3G-08-03A;402353;ARRUELA LIS 3/8P 1119;UN;32.000;L2;Utilização livre depósito INVT;0,44;14.080,00;;;0,00000000000000;
GA03;3G-08-03A;800116;PARAFUSO CAB ABA AC 16MM 150MM;UN;7.500;F3;Utilização livre depósito CUST;5,84;43.800,00;;;0,00000000000000;
GA03;3G-08-03B;408805;MED IN 2E 3F 120V 100A TB GD SMC DR B;UN;684;L2;Utilização livre depósito INVT;331,94;227.046,96;;;0,00000000000000;
GA03;3G-08-03B;408809;MOSTRADOR REMOTO P100;UN;684;L2;Utilização livre depósito INVT;97,75;66.861,00;;;0,00000000000000;
GA03;3G-08-03C;402570;UNIDADE DE LEITURA INDIVIDUAL TLI - SMC;UN;96;L2;Utilização livre depósito INVT;125,79;12.075,84;;;0,00000000000000;
GA03;3G-08-03C;402625;GABINETE CONCENTR 12MOD 120V C/RADIO SMC;UN;16;L2;Utilização livre depósito INVT;2.878,54;46.056,64;;;0,00000000000000;
GA03;3G-08-03C;402767;MED IN 2E 3F 120V 100A SMC DR B;UN;96;L2;Utilização livre depósito INVT;426,01;40.896,96;;;0,00000000000000;
GA03;3G-08-04A;800116;PARAFUSO CAB ABA AC 16MM 150MM;UN;7.500;F3;Utilização livre depósito CUST;5,84;43.800,00;;;0,00000000000000;
GA03;3G-08-04A;800521;PARAFUSO CAB QD 16X400MM AC;UN;2.880;F3;Utilização livre depósito CUST;13,56;39.052,80;;;0,00000000000000;
GA03;3G-08-04B;402527;MED IN 1E 2F 120V 100A SMC DR B;UN;96;L2;Utilização livre depósito INVT;213,78;20.522,88;;;0,00000000000000;
GA03;3G-08-04B;402570;UNIDADE DE LEITURA INDIVIDUAL TLI - SMC;UN;171;L2;Utilização livre depósito INVT;125,79;21.510,09;;;0,00000000000000;
GA03;3G-08-04B;402767;MED IN 2E 3F 120V 100A SMC DR B;UN;58;L2;Utilização livre depósito INVT;426,01;24.708,58;;;0,00000000000000;
GA03;3G-08-04C;402570;UNIDADE DE LEITURA INDIVIDUAL TLI - SMC;UN;96;L2;Utilização livre depósito INVT;125,79;12.075,84;;;0,00000000000000;
GA03;3G-08-04C;402625;GABINETE CONCENTR 12MOD 120V C/RADIO SMC;UN;16;L2;Utilização livre depósito INVT;2.878,54;46.056,64;;;0,00000000000000;
GA03;3G-08-04C;402767;MED IN 2E 3F 120V 100A SMC DR B;UN;96;L2;Utilização livre depósito INVT;426,01;40.896,96;;;0,00000000000000;
GA03;3G-08-05A;800521;PARAFUSO CAB QD 16X400MM AC;UN;8.640;F3;Utilização livre depósito CUST;13,56;117.158,40;;;0,00000000000000;
GA03;3G-08-05B;408811;MUX48;UN;50;L2;Utilização livre depósito INVT;1.014,51;50.725,50;;;0,00000000000000;
GA03;3G-08-05C;402570;UNIDADE DE LEITURA INDIVIDUAL TLI - SMC;UN;96;L2;Utilização livre depósito INVT;125,79;12.075,84;;;0,00000000000000;
GA03;3G-08-05C;402625;GABINETE CONCENTR 12MOD 120V C/RADIO SMC;UN;16;L2;Utilização livre depósito INVT;2.878,54;46.056,64;;;0,00000000000000;
GA03;3G-08-05C;402767;MED IN 2E 3F 120V 100A SMC DR B;UN;96;L2;Utilização livre depósito INVT;426,01;40.896,96;;;0,00000000000000;
GA03;3G-08-06A;403168;SUPORTE PARA CAIXA SMC;UN;100;L2;Utilização livre depósito INVT;188,06;18.806,00;;;0,00000000000000;
GA03;3G-08-06A;800521;PARAFUSO CAB QD 16X400MM AC;UN;4.320;F3;Utilização livre depósito CUST;13,56;58.579,20;;;0,00000000000000;
GA03;3G-08-06B;400183;MED EL 2E 3F 120V 120A TB GD B;UN;23;L2;Utilização livre depósito INVT;502,06;11.547,38;;;0,00000000000000;
GA03;3G-08-06B;402570;UNIDADE DE LEITURA INDIVIDUAL TLI - SMC;UN;12;L2;Utilização livre depósito INVT;125,79;1.509,48;;;0,00000000000000;
GA03;3G-08-06B;402625;GABINETE CONCENTR 12MOD 120V C/RADIO SMC;UN;2;L2;Utilização livre depósito INVT;2.878,54;5.757,08;;;0,00000000000000;
GA03;3G-08-06B;402767;MED IN 2E 3F 120V 100A SMC DR B;UN;12;L2;Utilização livre depósito INVT;426,01;5.112,12;;;0,00000000000000;
GA03;3G-08-06C;402570;UNIDADE DE LEITURA INDIVIDUAL TLI - SMC;UN;96;L2;Utilização livre depósito INVT;125,79;12.075,84;;;0,00000000000000;
GA03;3G-08-06C;402625;GABINETE CONCENTR 12MOD 120V C/RADIO SMC;UN;16;L2;Utilização livre depósito INVT;2.878,54;46.056,64;;;0,00000000000000;
GA03;3G-08-06C;402767;MED IN 2E 3F 120V 100A SMC DR B;UN;96;L2;Utilização livre depósito INVT;426,01;40.896,96;;;0,00000000000000;
GA03;3G-08-06D;403594;ALCA PREFORM CABO CONC  2X16 + 16;UN;5.388;L2;Utilização livre depósito INVT;10,04;54.095,52;;;0,00000000000000;
GA03;3G-08-07A;401213;SUPORTE TRANSF POSTE CIRC AC 255MM;UN;288;L2;Utilização livre depósito INVT;69,55;20.030,40;;;0,00000000000000;
GA03;3G-08-07B;403667;ALCA PREFORM CABO CONC  2X10 + 10;UN;2.000;L2;Utilização livre depósito INVT;7,55;15.100,00;;;0,00000000000000;
GA03;3G-08-07B;403803;ALCA PREFORM CABO CONC  3X10 + 10;UN;2.000;L2;Utilização livre depósito INVT;8,63;17.260,00;;;0,00000000000000;
GA03;3G-08-07C;402570;UNIDADE DE LEITURA INDIVIDUAL TLI - SMC;UN;96;L2;Utilização livre depósito INVT;125,79;12.075,84;;;0,00000000000000;
GA03;3G-08-07C;402625;GABINETE CONCENTR 12MOD 120V C/RADIO SMC;UN;16;L2;Utilização livre depósito INVT;2.878,54;46.056,64;;;0,00000000000000;
GA03;3G-08-07C;402767;MED IN 2E 3F 120V 100A SMC DR B;UN;96;L2;Utilização livre depósito INVT;426,01;40.896,96;;;0,00000000000000;
GA03;3G-08-07D;403594;ALCA PREFORM CABO CONC  2X16 + 16;UN;2.700;L2;Utilização livre depósito INVT;10,04;27.108,00;;;0,00000000000000;
GA03;3G-08-07D;407097;PROT. EMENDA ANTIFURTO 400X208X131,8MM;PEÇ;120;L2;Utilização livre depósito INVT;206,79;24.814,80;;;0,00000000000000;
GA03;3G-08-08A;401165;SUPORTE TRANSF POSTE CIRC AC 240MM;UN;192;L2;Utilização livre depósito INVT;37,44;7.188,48;;;0,00000000000000;
GA03;3G-08-08A;402689;SUPORTE TRANSF POSTE CIRC AC 230MM;UN;192;L2;Utilização livre depósito INVT;63,32;12.157,44;;;0,00000000000000;
GA03;3G-08-08B;403803;ALCA PREFORM CABO CONC  3X10 + 10;UN;4.000;L2;Utilização livre depósito INVT;8,63;34.520,00;;;0,00000000000000;
GA03;3G-08-08C;402570;UNIDADE DE LEITURA INDIVIDUAL TLI - SMC;UN;96;L2;Utilização livre depósito INVT;125,79;12.075,84;;;0,00000000000000;
GA03;3G-08-08C;402625;GABINETE CONCENTR 12MOD 120V C/RADIO SMC;UN;16;L2;Utilização livre depósito INVT;2.878,54;46.056,64;;;0,00000000000000;
GA03;3G-08-08C;402767;MED IN 2E 3F 120V 100A SMC DR B;UN;96;L2;Utilização livre depósito INVT;426,01;40.896,96;;;0,00000000000000;
GA03;3G-08-08D;407097;PROT. EMENDA ANTIFURTO 400X208X131,8MM;PEÇ;360;L2;Utilização livre depósito INVT;206,79;74.444,40;;;0,00000000000000;
GA03;3G-08-09A;402292;SUPORTE TRANSF POSTE CIRC AC 220MM;UN;192;L2;Utilização livre depósito INVT;49,12;9.431,04;;;0,00000000000000;
GA03;3G-08-09A;803158;SUPORTE TRANSF POSTE CIRC AC 230MM;UN;192;F3;Utilização livre depósito CUST;66,28;12.725,76;;;0,00000000000000;
GA03;3G-08-09B;403667;ALCA PREFORM CABO CONC  2X10 + 10;UN;2.000;L2;Utilização livre depósito INVT;7,55;15.100,00;;;0,00000000000000;
GA03;3G-08-09B;403803;ALCA PREFORM CABO CONC  3X10 + 10;UN;2.000;L2;Utilização livre depósito INVT;8,63;17.260,00;;;0,00000000000000;
GA03;3G-08-09C;402570;UNIDADE DE LEITURA INDIVIDUAL TLI - SMC;UN;96;L2;Utilização livre depósito INVT;125,79;12.075,84;;;0,00000000000000;
GA03;3G-08-09C;402625;GABINETE CONCENTR 12MOD 120V C/RADIO SMC;UN;16;L2;Utilização livre depósito INVT;2.878,54;46.056,64;;;0,00000000000000;
GA03;3G-08-09C;402767;MED IN 2E 3F 120V 100A SMC DR B;UN;96;L2;Utilização livre depósito INVT;426,01;40.896,96;;;0,00000000000000;
GA03;3G-08-09D;407097;PROT. EMENDA ANTIFURTO 400X208X131,8MM;PEÇ;240;L2;Utilização livre depósito INVT;206,79;49.629,60;;;0,00000000000000;
GA03;3G-08-10A;404818;SUPORTE TRAFO CIRCULAR 285MM;UN;144;L2;Utilização livre depósito INVT;68,60;9.878,40;;;0,00000000000000;
GA03;3G-08-10A;409641;SUPORTE TRANSF POSTE CIRC AC 210MM;UN;192;L2;Utilização livre depósito INVT;61,42;11.792,64;;;0,00000000000000;
GA03;3G-08-10B;403667;ALCA PREFORM CABO CONC  2X10 + 10;UN;4.000;L2;Utilização livre depósito INVT;7,55;30.200,00;;;0,00000000000000;
GA03;3G-08-10C;402570;UNIDADE DE LEITURA INDIVIDUAL TLI - SMC;UN;96;L2;Utilização livre depósito INVT;125,79;12.075,84;;;0,00000000000000;
GA03;3G-08-10C;402625;GABINETE CONCENTR 12MOD 120V C/RADIO SMC;UN;16;L2;Utilização livre depósito INVT;2.878,54;46.056,64;;;0,00000000000000;
GA03;3G-08-10C;402767;MED IN 2E 3F 120V 100A SMC DR B;UN;96;L2;Utilização livre depósito INVT;426,01;40.896,96;;;0,00000000000000;
GA03;3G-08-10D;407097;PROT. EMENDA ANTIFURTO 400X208X131,8MM;PEÇ;198;L2;Utilização livre depósito INVT;206,79;40.944,42;;;0,00000000000000;
GA03;3G-08-11A;404818;SUPORTE TRAFO CIRCULAR 285MM;UN;144;L2;Utilização livre depósito INVT;68,60;9.878,40;;;0,00000000000000;
GA03;3G-08-11A;409641;SUPORTE TRANSF POSTE CIRC AC 210MM;UN;192;L2;Utilização livre depósito INVT;61,42;11.792,64;;;0,00000000000000;
GA03;3G-08-11B;403667;ALCA PREFORM CABO CONC  2X10 + 10;UN;2.000;L2;Utilização livre depósito INVT;7,55;15.100,00;;;0,00000000000000;
GA03;3G-08-11B;403803;ALCA PREFORM CABO CONC  3X10 + 10;UN;2.000;L2;Utilização livre depósito INVT;8,63;17.260,00;;;0,00000000000000;
GA03;3G-08-11C;402570;UNIDADE DE LEITURA INDIVIDUAL TLI - SMC;UN;96;L2;Utilização livre depósito INVT;125,79;12.075,84;;;0,00000000000000;
GA03;3G-08-11C;402625;GABINETE CONCENTR 12MOD 120V C/RADIO SMC;UN;16;L2;Utilização livre depósito INVT;2.878,54;46.056,64;;;0,00000000000000;
GA03;3G-08-11C;402767;MED IN 2E 3F 120V 100A SMC DR B;UN;96;L2;Utilização livre depósito INVT;426,01;40.896,96;;;0,00000000000000;
GA03;3G-08-12A;402443;SUPORTE TRANSF POSTE CIRC AC 270MM;UN;288;L2;Utilização livre depósito INVT;105,18;30.291,84;;;0,00000000000000;
GA03;3G-08-12B;403667;ALCA PREFORM CABO CONC  2X10 + 10;UN;2.000;L2;Utilização livre depósito INVT;7,55;15.100,00;;;0,00000000000000;
GA03;3G-08-12B;403803;ALCA PREFORM CABO CONC  3X10 + 10;UN;2.000;L2;Utilização livre depósito INVT;8,63;17.260,00;;;0,00000000000000;
GA03;3G-08-12C;402570;UNIDADE DE LEITURA INDIVIDUAL TLI - SMC;UN;299;L2;Utilização livre depósito INVT;125,79;37.611,21;;;0,00000000000000;
GA03;3G-08-12C;402767;MED IN 2E 3F 120V 100A SMC DR B;UN;180;L2;Utilização livre depósito INVT;426,01;76.681,80;;;0,00000000000000;
GA03;3G-08-12C;402807;MED IN 3E 4F 120V 100A SMC DR B;UN;59;L2;Utilização livre depósito INVT;649,99;38.349,41;;;0,00000000000000;
GA03;3G-08-12D;407097;PROT. EMENDA ANTIFURTO 400X208X131,8MM;PEÇ;240;L2;Utilização livre depósito INVT;206,79;49.629,60;;;0,00000000000000;
GA03;3G-08-13A;402443;SUPORTE TRANSF POSTE CIRC AC 270MM;UN;288;L2;Utilização livre depósito INVT;105,18;30.291,84;;;0,00000000000000;
GA03;3G-08-13B;403667;ALCA PREFORM CABO CONC  2X10 + 10;UN;2.000;L2;Utilização livre depósito INVT;7,55;15.100,00;;;0,00000000000000;
GA03;3G-08-13B;403803;ALCA PREFORM CABO CONC  3X10 + 10;UN;2.000;L2;Utilização livre depósito INVT;8,63;17.260,00;;;0,00000000000000;
GA03;3G-08-13C;402570;UNIDADE DE LEITURA INDIVIDUAL TLI - SMC;UN;560;L2;Utilização livre depósito INVT;125,79;70.442,40;;;0,00000000000000;
GA03;3G-08-13C;402807;MED IN 3E 4F 120V 100A SMC DR B;UN;560;L2;Utilização livre depósito INVT;649,99;363.994,40;;;0,00000000000000;
GA03;3G-08-13D;407097;PROT. EMENDA ANTIFURTO 400X208X131,8MM;PEÇ;240;L2;Utilização livre depósito INVT;206,79;49.629,60;;;0,00000000000000;
GA03;3G-08-14A;402443;SUPORTE TRANSF POSTE CIRC AC 270MM;UN;288;L2;Utilização livre depósito INVT;105,18;30.291,84;;;0,00000000000000;
GA03;3G-08-14B;403667;ALCA PREFORM CABO CONC  2X10 + 10;UN;4.000;L2;Utilização livre depósito INVT;7,55;30.200,00;;;0,00000000000000;
GA03;3G-08-14C;402570;UNIDADE DE LEITURA INDIVIDUAL TLI - SMC;UN;560;L2;Utilização livre depósito INVT;125,79;70.442,40;;;0,00000000000000;
GA03;3G-08-14C;402807;MED IN 3E 4F 120V 100A SMC DR B;UN;560;L2;Utilização livre depósito INVT;649,99;363.994,40;;;0,00000000000000;
GA03;3G-08-14D;407097;PROT. EMENDA ANTIFURTO 400X208X131,8MM;PEÇ;240;L2;Utilização livre depósito INVT;206,79;49.629,60;;;0,00000000000000;
GA03;3G-08-15A;402443;SUPORTE TRANSF POSTE CIRC AC 270MM;UN;288;L2;Utilização livre depósito INVT;105,18;30.291,84;;;0,00000000000000;
GA03;3G-08-15B;403667;ALCA PREFORM CABO CONC  2X10 + 10;UN;4.000;L2;Utilização livre depósito INVT;7,55;30.200,00;;;0,00000000000000;
GA03;3G-08-15C;402570;UNIDADE DE LEITURA INDIVIDUAL TLI - SMC;UN;560;L2;Utilização livre depósito INVT;125,79;70.442,40;;;0,00000000000000;
GA03;3G-08-15C;402807;MED IN 3E 4F 120V 100A SMC DR B;UN;560;L2;Utilização livre depósito INVT;649,99;363.994,40;;;0,00000000000000;
GA03;3G-08-15D;407097;PROT. EMENDA ANTIFURTO 400X208X131,8MM;PEÇ;240;L2;Utilização livre depósito INVT;206,79;49.629,60;;;0,00000000000000;
GA03;3G-08-16A;404818;SUPORTE TRAFO CIRCULAR 285MM;UN;144;L2;Utilização livre depósito INVT;68,60;9.878,40;;;0,00000000000000;
GA03;3G-08-16A;409641;SUPORTE TRANSF POSTE CIRC AC 210MM;UN;192;L2;Utilização livre depósito INVT;61,42;11.792,64;;;0,00000000000000;
GA03;3G-08-16B;403667;ALCA PREFORM CABO CONC  2X10 + 10;UN;4.000;L2;Utilização livre depósito INVT;7,55;30.200,00;;;0,00000000000000;
GA03;3G-08-16C;402570;UNIDADE DE LEITURA INDIVIDUAL TLI - SMC;UN;560;L2;Utilização livre depósito INVT;125,79;70.442,40;;;0,00000000000000;
GA03;3G-08-16C;402807;MED IN 3E 4F 120V 100A SMC DR B;UN;560;L2;Utilização livre depósito INVT;649,99;363.994,40;;;0,00000000000000;
GA03;3G-08-16D;407097;PROT. EMENDA ANTIFURTO 400X208X131,8MM;PEÇ;240;L2;Utilização livre depósito INVT;206,79;49.629,60;;;0,00000000000000;
GA03;3G-08-17A;404818;SUPORTE TRAFO CIRCULAR 285MM;UN;144;L2;Utilização livre depósito INVT;68,60;9.878,40;;;0,00000000000000;
GA03;3G-08-17A;409641;SUPORTE TRANSF POSTE CIRC AC 210MM;UN;192;L2;Utilização livre depósito INVT;61,42;11.792,64;;;0,00000000000000;
GA03;3G-08-17B;403803;ALCA PREFORM CABO CONC  3X10 + 10;UN;2.000;L2;Utilização livre depósito INVT;8,63;17.260,00;;;0,00000000000000;
GA03;3G-08-17C;402570;UNIDADE DE LEITURA INDIVIDUAL TLI - SMC;UN;560;L2;Utilização livre depósito INVT;125,79;70.442,40;;;0,00000000000000;
GA03;3G-08-17C;402807;MED IN 3E 4F 120V 100A SMC DR B;UN;560;L2;Utilização livre depósito INVT;649,99;363.994,40;;;0,00000000000000;
GA03;3G-08-17D;403594;ALCA PREFORM CABO CONC  2X16 + 16;UN;2.700;L2;Utilização livre depósito INVT;10,04;27.108,00;;;0,00000000000000;
GA03;3G-08-17D;407097;PROT. EMENDA ANTIFURTO 400X208X131,8MM;PEÇ;120;L2;Utilização livre depósito INVT;206,79;24.814,80;;;0,00000000000000;
GA03;3G-08-18A;409641;SUPORTE TRANSF POSTE CIRC AC 210MM;UN;384;L2;Utilização livre depósito INVT;61,42;23.585,28;;;0,00000000000000;
GA03;3G-08-18C;401351;MEDIDOR GRAND ELETR MODBUSGATEWAY 150MB;UN;7;L2;Utilização livre depósito INVT;15.279,33;106.955,31;;;0,00000000000000;
GA03;3G-08-18C;402766;MEDIDOR DIGITAL ESTATÍSTICO DE ENERGIA;UN;23;L2;Utilização livre depósito INVT;12.752,64;293.310,72;;;0,00000000000000;
GA03;3G-08-18D;407097;PROT. EMENDA ANTIFURTO 400X208X131,8MM;PEÇ;240;L2;Utilização livre depósito INVT;206,79;49.629,60;;;0,00000000000000;
GA03;3G-09-01A;407356;SUPORTE TIPO L AÇO PERFILADO ZINCADO DAT;UN;117;L2;Utilização livre depósito INVT;191,39;22.392,63;;;0,00000000000000;
GA03;3G-09-02A;400427;CAPACITOR 1F 350KVAR 8,66KV AUTOM;UN;6;L2;Utilização livre depósito INVT;4.016,33;24.097,98;;;0,00000000000000;
GA03;3G-09-02A;402247;CINTA POSTE CIRC ACO 320MM;UN;600;L2;Utilização livre depósito INVT;19,05;11.430,00;;;0,00000000000000;
GA03;3G-09-02A;407356;SUPORTE TIPO L AÇO PERFILADO ZINCADO DAT;UN;100;L2;Utilização livre depósito INVT;191,39;19.139,00;;;0,00000000000000;
GA03;3G-09-02B;402570;UNIDADE DE LEITURA INDIVIDUAL TLI - SMC;UN;72;L2;Utilização livre depósito INVT;125,79;9.056,88;;;0,00000000000000;
GA03;3G-09-02B;402625;GABINETE CONCENTR 12MOD 120V C/RADIO SMC;UN;12;L2;Utilização livre depósito INVT;2.878,54;34.542,48;;;0,00000000000000;
GA03;3G-09-02B;402767;MED IN 2E 3F 120V 100A SMC DR B;UN;72;L2;Utilização livre depósito INVT;426,01;30.672,72;;;0,00000000000000;
GA03;3G-09-02C;402570;UNIDADE DE LEITURA INDIVIDUAL TLI - SMC;UN;72;L2;Utilização livre depósito INVT;125,79;9.056,88;;;0,00000000000000;
GA03;3G-09-02C;402625;GABINETE CONCENTR 12MOD 120V C/RADIO SMC;UN;12;L2;Utilização livre depósito INVT;2.878,54;34.542,48;;;0,00000000000000;
GA03;3G-09-02C;402767;MED IN 2E 3F 120V 100A SMC DR B;UN;72;L2;Utilização livre depósito INVT;426,01;30.672,72;;;0,00000000000000;
GA03;3G-09-03A;400344;CINTA POSTE ACO 290MM;UN;400;L2;Utilização livre depósito INVT;37,65;15.060,00;;;0,00000000000000;
GA03;3G-09-03A;400484;CINTA POSTE CIRC ACO 280MM;UN;400;L2;Utilização livre depósito INVT;15,83;6.332,00;;;0,00000000000000;
GA03;3G-09-03B;402570;UNIDADE DE LEITURA INDIVIDUAL TLI - SMC;UN;72;L2;Utilização livre depósito INVT;125,79;9.056,88;;;0,00000000000000;
GA03;3G-09-03B;402625;GABINETE CONCENTR 12MOD 120V C/RADIO SMC;UN;12;L2;Utilização livre depósito INVT;2.878,54;34.542,48;;;0,00000000000000;
GA03;3G-09-03B;402767;MED IN 2E 3F 120V 100A SMC DR B;UN;72;L2;Utilização livre depósito INVT;426,01;30.672,72;;;0,00000000000000;
GA03;3G-09-03C;402570;UNIDADE DE LEITURA INDIVIDUAL TLI - SMC;UN;72;L2;Utilização livre depósito INVT;125,79;9.056,88;;;0,00000000000000;
GA03;3G-09-03C;402625;GABINETE CONCENTR 12MOD 120V C/RADIO SMC;UN;12;L2;Utilização livre depósito INVT;2.878,54;34.542,48;;;0,00000000000000;
GA03;3G-09-03C;402767;MED IN 2E 3F 120V 100A SMC DR B;UN;72;L2;Utilização livre depósito INVT;426,01;30.672,72;;;0,00000000000000;
GA03;3G-09-03D;402625;GABINETE CONCENTR 12MOD 120V C/RADIO SMC;UN;32;L2;Utilização livre depósito INVT;2.878,54;92.113,28;;;0,00000000000000;
GA03;3G-09-04A;400446;CINTA POSTE CIRC ACO 300MM;UN;1.574;L2;Utilização livre depósito INVT;39,62;62.361,88;;;0,00000000000000;
GA03;3G-09-04B;402570;UNIDADE DE LEITURA INDIVIDUAL TLI - SMC;UN;72;L2;Utilização livre depósito INVT;125,79;9.056,88;;;0,00000000000000;
GA03;3G-09-04B;402625;GABINETE CONCENTR 12MOD 120V C/RADIO SMC;UN;12;L2;Utilização livre depósito INVT;2.878,54;34.542,48;;;0,00000000000000;
GA03;3G-09-04B;402767;MED IN 2E 3F 120V 100A SMC DR B;UN;72;L2;Utilização livre depósito INVT;426,01;30.672,72;;;0,00000000000000;
GA03;3G-09-04C;402570;UNIDADE DE LEITURA INDIVIDUAL TLI - SMC;UN;72;L2;Utilização livre depósito INVT;125,79;9.056,88;;;0,00000000000000;
GA03;3G-09-04C;402625;GABINETE CONCENTR 12MOD 120V C/RADIO SMC;UN;12;L2;Utilização livre depósito INVT;2.878,54;34.542,48;;;0,00000000000000;
GA03;3G-09-04C;402767;MED IN 2E 3F 120V 100A SMC DR B;UN;72;L2;Utilização livre depósito INVT;426,01;30.672,72;;;0,00000000000000;
GA03;3G-09-04D;402625;GABINETE CONCENTR 12MOD 120V C/RADIO SMC;UN;26;L2;Utilização livre depósito INVT;2.878,54;74.842,04;;;0,00000000000000;
GA03;3G-09-05A;400446;CINTA POSTE CIRC ACO 300MM;UN;999;L2;Utilização livre depósito INVT;39,62;39.580,38;;;0,00000000000000;
GA03;3G-09-05A;407356;SUPORTE TIPO L AÇO PERFILADO ZINCADO DAT;UN;100;L2;Utilização livre depósito INVT;191,39;19.139,00;;;0,00000000000000;
GA03;3G-09-05B;402570;UNIDADE DE LEITURA INDIVIDUAL TLI - SMC;UN;72;L2;Utilização livre depósito INVT;125,79;9.056,88;;;0,00000000000000;
GA03;3G-09-05B;402625;GABINETE CONCENTR 12MOD 120V C/RADIO SMC;UN;12;L2;Utilização livre depósito INVT;2.878,54;34.542,48;;;0,00000000000000;
GA03;3G-09-05B;402767;MED IN 2E 3F 120V 100A SMC DR B;UN;72;L2;Utilização livre depósito INVT;426,01;30.672,72;;;0,00000000000000;
GA03;3G-09-05C;402570;UNIDADE DE LEITURA INDIVIDUAL TLI - SMC;UN;72;L2;Utilização livre depósito INVT;125,79;9.056,88;;;0,00000000000000;
GA03;3G-09-05C;402625;GABINETE CONCENTR 12MOD 120V C/RADIO SMC;UN;12;L2;Utilização livre depósito INVT;2.878,54;34.542,48;;;0,00000000000000;
GA03;3G-09-05C;402767;MED IN 2E 3F 120V 100A SMC DR B;UN;72;L2;Utilização livre depósito INVT;426,01;30.672,72;;;0,00000000000000;
GA03;3G-09-05D;402625;GABINETE CONCENTR 12MOD 120V C/RADIO SMC;UN;26;L2;Utilização livre depósito INVT;2.878,54;74.842,04;;;0,00000000000000;
GA03;3G-09-06A;400484;CINTA POSTE CIRC ACO 280MM;UN;896;L2;Utilização livre depósito INVT;15,83;14.183,68;;;0,00000000000000;
GA03;3G-09-06A;402106;BRACO L A1010/1020 3/8P16P;UN;286;L2;Utilização livre depósito INVT;73,58;21.043,88;;;0,00000000000000;
GA03;3G-09-06B;402570;UNIDADE DE LEITURA INDIVIDUAL TLI - SMC;UN;72;L2;Utilização livre depósito INVT;125,79;9.056,88;;;0,00000000000000;
GA03;3G-09-06B;402625;GABINETE CONCENTR 12MOD 120V C/RADIO SMC;UN;12;L2;Utilização livre depósito INVT;2.878,54;34.542,48;;;0,00000000000000;
GA03;3G-09-06B;402767;MED IN 2E 3F 120V 100A SMC DR B;UN;72;L2;Utilização livre depósito INVT;426,01;30.672,72;;;0,00000000000000;
GA03;3G-09-06C;402570;UNIDADE DE LEITURA INDIVIDUAL TLI - SMC;UN;72;L2;Utilização livre depósito INVT;125,79;9.056,88;;;0,00000000000000;
GA03;3G-09-06C;402625;GABINETE CONCENTR 12MOD 120V C/RADIO SMC;UN;12;L2;Utilização livre depósito INVT;2.878,54;34.542,48;;;0,00000000000000;
GA03;3G-09-06C;402767;MED IN 2E 3F 120V 100A SMC DR B;UN;72;L2;Utilização livre depósito INVT;426,01;30.672,72;;;0,00000000000000;
GA03;3G-09-06D;402625;GABINETE CONCENTR 12MOD 120V C/RADIO SMC;UN;32;L2;Utilização livre depósito INVT;2.878,54;92.113,28;;;0,00000000000000;
GA03;3G-09-07A;402127;PARAFUSO CAB ABA AC 16MM 45MM;UN;24.550;L2;Utilização livre depósito INVT;4,37;107.283,50;;;0,00000000000000;
GA03;3G-09-07B;402570;UNIDADE DE LEITURA INDIVIDUAL TLI - SMC;UN;72;L2;Utilização livre depósito INVT;125,79;9.056,88;;;0,00000000000000;
GA03;3G-09-07B;402625;GABINETE CONCENTR 12MOD 120V C/RADIO SMC;UN;12;L2;Utilização livre depósito INVT;2.878,54;34.542,48;;;0,00000000000000;
GA03;3G-09-07B;402767;MED IN 2E 3F 120V 100A SMC DR B;UN;72;L2;Utilização livre depósito INVT;426,01;30.672,72;;;0,00000000000000;
GA03;3G-09-07C;402570;UNIDADE DE LEITURA INDIVIDUAL TLI - SMC;UN;72;L2;Utilização livre depósito INVT;125,79;9.056,88;;;0,00000000000000;
GA03;3G-09-07C;402625;GABINETE CONCENTR 12MOD 120V C/RADIO SMC;UN;12;L2;Utilização livre depósito INVT;2.878,54;34.542,48;;;0,00000000000000;
GA03;3G-09-07C;402767;MED IN 2E 3F 120V 100A SMC DR B;UN;72;L2;Utilização livre depósito INVT;426,01;30.672,72;;;0,00000000000000;
GA03;3G-09-07D;402625;GABINETE CONCENTR 12MOD 120V C/RADIO SMC;UN;32;L2;Utilização livre depósito INVT;2.878,54;92.113,28;;;0,00000000000000;
GA03;3G-09-08A;401403;CINTA POSTE CIRC ACO 160MM;UN;1.367;L2;Utilização livre depósito INVT;9,97;13.628,99;;;0,00000000000000;
GA03;3G-09-08A;401559;CINTA POSTE CIRC ACO 140MM;UN;2.009;L2;Utilização livre depósito INVT;24,03;48.276,27;;;0,00000000000000;
GA03;3G-09-08B;402570;UNIDADE DE LEITURA INDIVIDUAL TLI - SMC;UN;72;L2;Utilização livre depósito INVT;125,79;9.056,88;;;0,00000000000000;
GA03;3G-09-08B;402625;GABINETE CONCENTR 12MOD 120V C/RADIO SMC;UN;12;L2;Utilização livre depósito INVT;2.878,54;34.542,48;;;0,00000000000000;
GA03;3G-09-08B;402767;MED IN 2E 3F 120V 100A SMC DR B;UN;72;L2;Utilização livre depósito INVT;426,01;30.672,72;;;0,00000000000000;
GA03;3G-09-08C;402570;UNIDADE DE LEITURA INDIVIDUAL TLI - SMC;UN;72;L2;Utilização livre depósito INVT;125,79;9.056,88;;;0,00000000000000;
GA03;3G-09-08C;402625;GABINETE CONCENTR 12MOD 120V C/RADIO SMC;UN;12;L2;Utilização livre depósito INVT;2.878,54;34.542,48;;;0,00000000000000;
GA03;3G-09-08C;402767;MED IN 2E 3F 120V 100A SMC DR B;UN;72;L2;Utilização livre depósito INVT;426,01;30.672,72;;;0,00000000000000;
GA03;3G-09-08D;402625;GABINETE CONCENTR 12MOD 120V C/RADIO SMC;UN;48;L2;Utilização livre depósito INVT;2.878,54;138.169,92;;;0,00000000000000;
GA03;3G-09-09A;402065;CINTA POSTE CIRC ACO 180MM;UN;1.445;L2;Utilização livre depósito INVT;15,75;22.758,75;;;0,00000000000000;
GA03;3G-09-09A;801304;CINTA POSTE CIRC ACO 160MM;UN;520;F3;Utilização livre depósito CUST;16,23;8.439,60;;;0,00000000000000;
GA03;3G-09-09B;402570;UNIDADE DE LEITURA INDIVIDUAL TLI - SMC;UN;72;L2;Utilização livre depósito INVT;125,79;9.056,88;;;0,00000000000000;
GA03;3G-09-09B;402625;GABINETE CONCENTR 12MOD 120V C/RADIO SMC;UN;12;L2;Utilização livre depósito INVT;2.878,54;34.542,48;;;0,00000000000000;
GA03;3G-09-09B;402767;MED IN 2E 3F 120V 100A SMC DR B;UN;72;L2;Utilização livre depósito INVT;426,01;30.672,72;;;0,00000000000000;
GA03;3G-09-09C;402570;UNIDADE DE LEITURA INDIVIDUAL TLI - SMC;UN;72;L2;Utilização livre depósito INVT;125,79;9.056,88;;;0,00000000000000;
GA03;3G-09-09C;402625;GABINETE CONCENTR 12MOD 120V C/RADIO SMC;UN;12;L2;Utilização livre depósito INVT;2.878,54;34.542,48;;;0,00000000000000;
GA03;3G-09-09C;402767;MED IN 2E 3F 120V 100A SMC DR B;UN;72;L2;Utilização livre depósito INVT;426,01;30.672,72;;;0,00000000000000;
GA03;3G-09-09D;402625;GABINETE CONCENTR 12MOD 120V C/RADIO SMC;UN;32;L2;Utilização livre depósito INVT;2.878,54;92.113,28;;;0,00000000000000;
GA03;3G-09-10A;402065;CINTA POSTE CIRC ACO 180MM;UN;929;L2;Utilização livre depósito INVT;15,75;14.631,75;;;0,00000000000000;
GA03;3G-09-10A;800435;CINTA POSTE CIRC ACO 180MM;UN;1.355;F3;Utilização livre depósito CUST;14,82;20.081,10;;;0,00000000000000;
GA03;3G-09-10B;402570;UNIDADE DE LEITURA INDIVIDUAL TLI - SMC;UN;72;L2;Utilização livre depósito INVT;125,79;9.056,88;;;0,00000000000000;
GA03;3G-09-10B;402625;GABINETE CONCENTR 12MOD 120V C/RADIO SMC;UN;12;L2;Utilização livre depósito INVT;2.878,54;34.542,48;;;0,00000000000000;
GA03;3G-09-10B;402767;MED IN 2E 3F 120V 100A SMC DR B;UN;72;L2;Utilização livre depósito INVT;426,01;30.672,72;;;0,00000000000000;
GA03;3G-09-10C;402570;UNIDADE DE LEITURA INDIVIDUAL TLI - SMC;UN;72;L2;Utilização livre depósito INVT;125,79;9.056,88;;;0,00000000000000;
GA03;3G-09-10C;402625;GABINETE CONCENTR 12MOD 120V C/RADIO SMC;UN;12;L2;Utilização livre depósito INVT;2.878,54;34.542,48;;;0,00000000000000;
GA03;3G-09-10C;402767;MED IN 2E 3F 120V 100A SMC DR B;UN;72;L2;Utilização livre depósito INVT;426,01;30.672,72;;;0,00000000000000;
GA03;3G-09-10D;402625;GABINETE CONCENTR 12MOD 120V C/RADIO SMC;UN;32;L2;Utilização livre depósito INVT;2.878,54;92.113,28;;;0,00000000000000;
GA03;3G-09-11A;800266;CINTA POSTE CIRC ACO 230MM;UN;745;F3;Utilização livre depósito CUST;15,80;11.771,00;;;0,00000000000000;
GA03;3G-09-11A;801077;CINTA POSTE CIRC ACO 270MM;UN;1.050;F3;Utilização livre depósito CUST;11,75;12.337,50;;;0,00000000000000;
GA03;3G-09-11B;402570;UNIDADE DE LEITURA INDIVIDUAL TLI - SMC;UN;72;L2;Utilização livre depósito INVT;125,79;9.056,88;;;0,00000000000000;
GA03;3G-09-11B;402625;GABINETE CONCENTR 12MOD 120V C/RADIO SMC;UN;12;L2;Utilização livre depósito INVT;2.878,54;34.542,48;;;0,00000000000000;
GA03;3G-09-11B;402767;MED IN 2E 3F 120V 100A SMC DR B;UN;72;L2;Utilização livre depósito INVT;426,01;30.672,72;;;0,00000000000000;
GA03;3G-09-11C;402570;UNIDADE DE LEITURA INDIVIDUAL TLI - SMC;UN;72;L2;Utilização livre depósito INVT;125,79;9.056,88;;;0,00000000000000;
GA03;3G-09-11C;402625;GABINETE CONCENTR 12MOD 120V C/RADIO SMC;UN;12;L2;Utilização livre depósito INVT;2.878,54;34.542,48;;;0,00000000000000;
GA03;3G-09-11C;402767;MED IN 2E 3F 120V 100A SMC DR B;UN;72;L2;Utilização livre depósito INVT;426,01;30.672,72;;;0,00000000000000;
GA03;3G-09-11D;402625;GABINETE CONCENTR 12MOD 120V C/RADIO SMC;UN;48;L2;Utilização livre depósito INVT;2.878,54;138.169,92;;;0,00000000000000;
GA03;3G-09-12B;402570;UNIDADE DE LEITURA INDIVIDUAL TLI - SMC;UN;72;L2;Utilização livre depósito INVT;125,79;9.056,88;;;0,00000000000000;
GA03;3G-09-12B;402625;GABINETE CONCENTR 12MOD 120V C/RADIO SMC;UN;12;L2;Utilização livre depósito INVT;2.878,54;34.542,48;;;0,00000000000000;
GA03;3G-09-12B;402767;MED IN 2E 3F 120V 100A SMC DR B;UN;72;L2;Utilização livre depósito INVT;426,01;30.672,72;;;0,00000000000000;
GA03;3G-09-12C;402570;UNIDADE DE LEITURA INDIVIDUAL TLI - SMC;UN;72;L2;Utilização livre depósito INVT;125,79;9.056,88;;;0,00000000000000;
GA03;3G-09-12C;402625;GABINETE CONCENTR 12MOD 120V C/RADIO SMC;UN;12;L2;Utilização livre depósito INVT;2.878,54;34.542,48;;;0,00000000000000;
GA03;3G-09-12C;402767;MED IN 2E 3F 120V 100A SMC DR B;UN;72;L2;Utilização livre depósito INVT;426,01;30.672,72;;;0,00000000000000;
GA03;3G-09-12D;402570;UNIDADE DE LEITURA INDIVIDUAL TLI - SMC;UN;72;L2;Utilização livre depósito INVT;125,79;9.056,88;;;0,00000000000000;
GA03;3G-09-12D;402625;GABINETE CONCENTR 12MOD 120V C/RADIO SMC;UN;12;L2;Utilização livre depósito INVT;2.878,54;34.542,48;;;0,00000000000000;
GA03;3G-09-12D;402767;MED IN 2E 3F 120V 100A SMC DR B;UN;72;L2;Utilização livre depósito INVT;426,01;30.672,72;;;0,00000000000000;
GA03;3G-09-13B;402570;UNIDADE DE LEITURA INDIVIDUAL TLI - SMC;UN;72;L2;Utilização livre depósito INVT;125,79;9.056,88;;;0,00000000000000;
GA03;3G-09-13B;402625;GABINETE CONCENTR 12MOD 120V C/RADIO SMC;UN;12;L2;Utilização livre depósito INVT;2.878,54;34.542,48;;;0,00000000000000;
GA03;3G-09-13B;402767;MED IN 2E 3F 120V 100A SMC DR B;UN;72;L2;Utilização livre depósito INVT;426,01;30.672,72;;;0,00000000000000;
GA03;3G-09-13C;402570;UNIDADE DE LEITURA INDIVIDUAL TLI - SMC;UN;72;L2;Utilização livre depósito INVT;125,79;9.056,88;;;0,00000000000000;
GA03;3G-09-13C;402625;GABINETE CONCENTR 12MOD 120V C/RADIO SMC;UN;12;L2;Utilização livre depósito INVT;2.878,54;34.542,48;;;0,00000000000000;
GA03;3G-09-13C;402767;MED IN 2E 3F 120V 100A SMC DR B;UN;72;L2;Utilização livre depósito INVT;426,01;30.672,72;;;0,00000000000000;
GA03;3G-09-13D;402570;UNIDADE DE LEITURA INDIVIDUAL TLI - SMC;UN;72;L2;Utilização livre depósito INVT;125,79;9.056,88;;;0,00000000000000;
GA03;3G-09-13D;402625;GABINETE CONCENTR 12MOD 120V C/RADIO SMC;UN;12;L2;Utilização livre depósito INVT;2.878,54;34.542,48;;;0,00000000000000;
GA03;3G-09-13D;402767;MED IN 2E 3F 120V 100A SMC DR B;UN;72;L2;Utilização livre depósito INVT;426,01;30.672,72;;;0,00000000000000;
GA03;3G-09-14B;402570;UNIDADE DE LEITURA INDIVIDUAL TLI - SMC;UN;72;L2;Utilização livre depósito INVT;125,79;9.056,88;;;0,00000000000000;
GA03;3G-09-14B;402625;GABINETE CONCENTR 12MOD 120V C/RADIO SMC;UN;12;L2;Utilização livre depósito INVT;2.878,54;34.542,48;;;0,00000000000000;
GA03;3G-09-14B;402767;MED IN 2E 3F 120V 100A SMC DR B;UN;72;L2;Utilização livre depósito INVT;426,01;30.672,72;;;0,00000000000000;
GA03;3G-09-14C;402570;UNIDADE DE LEITURA INDIVIDUAL TLI - SMC;UN;72;L2;Utilização livre depósito INVT;125,79;9.056,88;;;0,00000000000000;
GA03;3G-09-14C;402625;GABINETE CONCENTR 12MOD 120V C/RADIO SMC;UN;12;L2;Utilização livre depósito INVT;2.878,54;34.542,48;;;0,00000000000000;
GA03;3G-09-14C;402767;MED IN 2E 3F 120V 100A SMC DR B;UN;72;L2;Utilização livre depósito INVT;426,01;30.672,72;;;0,00000000000000;
GA03;3G-09-14D;402570;UNIDADE DE LEITURA INDIVIDUAL TLI - SMC;UN;108;L2;Utilização livre depósito INVT;125,79;13.585,32;;;0,00000000000000;
GA03;3G-09-14D;402625;GABINETE CONCENTR 12MOD 120V C/RADIO SMC;UN;18;L2;Utilização livre depósito INVT;2.878,54;51.813,72;;;0,00000000000000;
GA03;3G-09-14D;402767;MED IN 2E 3F 120V 100A SMC DR B;UN;108;L2;Utilização livre depósito INVT;426,01;46.009,08;;;0,00000000000000;
GA03;3G-09-15A;401541;ESFERA SINALIZACAO DIU CABO OPGW FBV LJ;UN;2;L2;Utilização livre depósito INVT;1.005,02;2.010,04;;;0,00000000000000;
GA03;3G-09-15A;407356;SUPORTE TIPO L AÇO PERFILADO ZINCADO DAT;UN;100;L2;Utilização livre depósito INVT;191,39;19.139,00;;;0,00000000000000;
GA03;3G-09-15A;409014;GRADE DE PROTECAO VENTILADOR;UN;2;L2;Utilização livre depósito INVT;288,60;577,20;;;0,00000000000000;
GA03;3G-09-15A;409020;VENTIL 0,75CV 2,85M/S WT-05;UN;2;L2;Utilização livre depósito INVT;5.439,00;10.878,00;;;0,00000000000000;
GA03;3G-09-15A;409021;RELE DETECTOR GAS 50MM 4NA/NF;UN;2;L2;Utilização livre depósito INVT;2.553,00;5.106,00;;;0,00000000000000;
GA03;3G-09-15B;402570;UNIDADE DE LEITURA INDIVIDUAL TLI - SMC;UN;72;L2;Utilização livre depósito INVT;125,79;9.056,88;;;0,00000000000000;
GA03;3G-09-15B;402625;GABINETE CONCENTR 12MOD 120V C/RADIO SMC;UN;12;L2;Utilização livre depósito INVT;2.878,54;34.542,48;;;0,00000000000000;
GA03;3G-09-15B;402767;MED IN 2E 3F 120V 100A SMC DR B;UN;72;L2;Utilização livre depósito INVT;426,01;30.672,72;;;0,00000000000000;
GA03;3G-09-15C;402570;UNIDADE DE LEITURA INDIVIDUAL TLI - SMC;UN;192;L2;Utilização livre depósito INVT;125,79;24.151,68;;;0,00000000000000;
GA03;3G-09-15C;402625;GABINETE CONCENTR 12MOD 120V C/RADIO SMC;UN;32;L2;Utilização livre depósito INVT;2.878,54;92.113,28;;;0,00000000000000;
GA03;3G-09-15C;402767;MED IN 2E 3F 120V 100A SMC DR B;UN;192;L2;Utilização livre depósito INVT;426,01;81.793,92;;;0,00000000000000;
GA03;3G-09-16A;403686;BARRA P/2 CAIXAS;UN;2.400;L2;Utilização livre depósito INVT;56,70;136.080,00;;;0,00000000000000;
GA03;3G-09-16B;402570;UNIDADE DE LEITURA INDIVIDUAL TLI - SMC;UN;72;L2;Utilização livre depósito INVT;125,79;9.056,88;;;0,00000000000000;
GA03;3G-09-16B;402625;GABINETE CONCENTR 12MOD 120V C/RADIO SMC;UN;12;L2;Utilização livre depósito INVT;2.878,54;34.542,48;;;0,00000000000000;
GA03;3G-09-16B;402767;MED IN 2E 3F 120V 100A SMC DR B;UN;72;L2;Utilização livre depósito INVT;426,01;30.672,72;;;0,00000000000000;
GA03;3G-09-16C;402570;UNIDADE DE LEITURA INDIVIDUAL TLI - SMC;UN;144;L2;Utilização livre depósito INVT;125,79;18.113,76;;;0,00000000000000;
GA03;3G-09-16C;402625;GABINETE CONCENTR 12MOD 120V C/RADIO SMC;UN;24;L2;Utilização livre depósito INVT;2.878,54;69.084,96;;;0,00000000000000;
GA03;3G-09-16C;402767;MED IN 2E 3F 120V 100A SMC DR B;UN;144;L2;Utilização livre depósito INVT;426,01;61.345,44;;;0,00000000000000;
GA03;3G-09-17A;403686;BARRA P/2 CAIXAS;UN;2.400;L2;Utilização livre depósito INVT;56,70;136.080,00;;;0,00000000000000;
GA03;3G-09-17B;402570;UNIDADE DE LEITURA INDIVIDUAL TLI - SMC;UN;72;L2;Utilização livre depósito INVT;125,79;9.056,88;;;0,00000000000000;
GA03;3G-09-17B;402625;GABINETE CONCENTR 12MOD 120V C/RADIO SMC;UN;12;L2;Utilização livre depósito INVT;2.878,54;34.542,48;;;0,00000000000000;
GA03;3G-09-17B;402767;MED IN 2E 3F 120V 100A SMC DR B;UN;72;L2;Utilização livre depósito INVT;426,01;30.672,72;;;0,00000000000000;
GA03;3G-09-17C;402570;UNIDADE DE LEITURA INDIVIDUAL TLI - SMC;UN;144;L2;Utilização livre depósito INVT;125,79;18.113,76;;;0,00000000000000;
GA03;3G-09-17C;402625;GABINETE CONCENTR 12MOD 120V C/RADIO SMC;UN;24;L2;Utilização livre depósito INVT;2.878,54;69.084,96;;;0,00000000000000;
GA03;3G-09-17C;402767;MED IN 2E 3F 120V 100A SMC DR B;UN;144;L2;Utilização livre depósito INVT;426,01;61.345,44;;;0,00000000000000;
GA03;3G-09-18A;403686;BARRA P/2 CAIXAS;UN;2.400;L2;Utilização livre depósito INVT;56,70;136.080,00;;;0,00000000000000;
GA03;3G-09-18B;402570;UNIDADE DE LEITURA INDIVIDUAL TLI - SMC;UN;72;L2;Utilização livre depósito INVT;125,79;9.056,88;;;0,00000000000000;
GA03;3G-09-18B;402625;GABINETE CONCENTR 12MOD 120V C/RADIO SMC;UN;12;L2;Utilização livre depósito INVT;2.878,54;34.542,48;;;0,00000000000000;
GA03;3G-09-18B;402767;MED IN 2E 3F 120V 100A SMC DR B;UN;72;L2;Utilização livre depósito INVT;426,01;30.672,72;;;0,00000000000000;
GA03;3G-09-18C;402570;UNIDADE DE LEITURA INDIVIDUAL TLI - SMC;UN;192;L2;Utilização livre depósito INVT;125,79;24.151,68;;;0,00000000000000;
GA03;3G-09-18C;402625;GABINETE CONCENTR 12MOD 120V C/RADIO SMC;UN;32;L2;Utilização livre depósito INVT;2.878,54;92.113,28;;;0,00000000000000;
GA03;3G-09-18C;402767;MED IN 2E 3F 120V 100A SMC DR B;UN;192;L2;Utilização livre depósito INVT;426,01;81.793,92;;;0,00000000000000;
GA03;3M-01-01A;120224;CORDA LINHA VIVA PA 12MM 2200KGF;PEÇ;180;F3;Utilização livre depósito CUST;5,00;900,00;;;0,00000000000000;
GA03;3M-01-02G;120095;PROTETOR AUDITIVO PLUG SIL 17DB;UN;300;F3;Utilização livre depósito CUST;3,80;1.140,00;;;0,00000000000000;
GA03;3M-01-02H;120095;PROTETOR AUDITIVO PLUG SIL 17DB;UN;300;F3;Utilização livre depósito CUST;3,80;1.140,00;;;0,00000000000000;
GA03;3M-01-02I;120095;PROTETOR AUDITIVO PLUG SIL 17DB;UN;300;F3;Utilização livre depósito CUST;3,80;1.140,00;;;0,00000000000000;
GA03;3M-01-02J;120095;PROTETOR AUDITIVO PLUG SIL 17DB;UN;940;F3;Utilização livre depósito CUST;3,80;3.572,00;;;0,00000000000000;
GA03;3M-01-03H;120123;LUVA ISOLANTE CLASSE 2 TAM 10 17KV;PAR;8;F3;Utilização livre depósito CUST;537,38;4.299,04;;;0,00000000000000;
GA03;3M-01-03I;120123;LUVA ISOLANTE CLASSE 2 TAM 10 17KV;PAR;2;F3;Utilização livre depósito CUST;537,38;1.074,76;;;0,00000000000000;
GA03;3M-01-03J;120147;LUVA ISOLANTE CL 00 TAM 10 1/2 500V;PAR;12;F3;Utilização livre depósito CUST;86,42;1.037,04;;;0,00000000000000;
GA03;3M-01-04C;120461;TOUCA BRANCA DESCARTAVEL;UN;5;F3;Utilização livre depósito CUST;10,60;53,00;;;0,00000000000000;
GA03;3M-01-04E;120459;LUVAS LATEX DESCARTAVEL TAMANHO M;UN;3;F3;Utilização livre depósito CUST;56,00;168,00;;;0,00000000000000;
GA03;3M-01-04E;120460;LUVAS LATEX DESCARTAVEL TAMANHO G;UN;1;F3;Utilização livre depósito CUST;56,00;56,00;;;0,00000000000000;
GA03;3M-01-04F;120392;LUVA ISOLANTE CLASSE 2 TAM 10 1/2 17KV;UN;1;F3;Utilização livre depósito CUST;519,83;519,83;;;0,00000000000000;
GA03;3M-01-04H;120005;LUVA ISOLANTE CLASSE 00 TAM 9 1/2 500V;PAR;1;F3;Utilização livre depósito CUST;241,73;241,73;;;0,00000000000000;
GA03;3M-01-04J;120062;LUVA ISOLANTE CLASSE 00 TAM 10 500V;PAR;6;F3;Utilização livre depósito CUST;363,36;2.180,16;;;0,00000000000000;
GA03;3M-01-05A;120184;PROTETOR AUDITIVO CONCHA PLAST 19DB;UN;40;F3;Utilização livre depósito CUST;253,30;10.132,00;;;0,00000000000000;
GA03;3M-01-05B;120184;PROTETOR AUDITIVO CONCHA PLAST 19DB;UN;20;F3;Utilização livre depósito CUST;253,30;5.066,00;;;0,00000000000000;
GA03;3M-01-05C;120184;PROTETOR AUDITIVO CONCHA PLAST 19DB;UN;20;F3;Utilização livre depósito CUST;253,30;5.066,00;;;0,00000000000000;
GA03;3M-01-05D;120184;PROTETOR AUDITIVO CONCHA PLAST 19DB;UN;4;F3;Utilização livre depósito CUST;253,30;1.013,20;;;0,00000000000000;
GA03;3M-01-05F;120212;CABECOTE UNIVERSAL PARA VARA MANOBRA;UN;2;F3;Utilização livre depósito CUST;199,14;398,28;;;0,00000000000000;
GA03;3M-01-05F;803747;CABECOTE PARA MANOBRA DE CHAVES;UN;10;F3;Utilização livre depósito CUST;24,22;242,20;;;0,00000000000000;
GA03;3M-01-05G;120410;RESPIRADOR  SEMIFACIAL PFF2 N95 TAM M;UN;1;F3;Utilização livre depósito CUST;181,00;181,00;;;0,00000000000000;
GA03;3M-01-05G;805532;CARTUCHO QUIM 6003 VAPORES ORG E GASES A;UN;5;F3;Utilização livre depósito CUST;90,00;450,00;;;0,00000000000000;
GA03;3M-01-05H;120066;LUVA ISOLANTE CLASSE 4 TAM 10;PAR;2;F3;Utilização livre depósito CUST;1.396,29;2.792,58;;;0,00000000000000;
GA03;3M-01-05J;120062;LUVA ISOLANTE CLASSE 00 TAM 10 500V;PAR;21;F3;Utilização livre depósito CUST;363,36;7.630,56;;;0,00000000000000;
GA03;3M-02-01A;402867;RELE BLOQUEIO 86NUM 10NA+10NF SUP;UN;3;L2;Utilização livre depósito INVT;6.603,00;19.809,00;;;0,00000000000000;
GA03;3M-02-01A;801556;RELE SOBRECARGA 125V 5A;UN;1;F3;Utilização livre depósito CUST;26,00;26,00;;;0,00000000000000;
GA03;3M-02-01B;801468;RELE SUBTENSAO 30-120VCA 2NAF;UN;1;F3;Utilização livre depósito CUST;1,00;1,00;;;0,00000000000000;
GA03;3M-02-01B;801682;CENTELHADOR SECCION 69KV SE/SJ;UN;2;F3;Utilização livre depósito CUST;50,00;100,00;;;0,00000000000000;
GA03;3M-02-01B;801704;BUCHA AT 15KV 160A TRAFO;UN;1;F3;Utilização livre depósito CUST;100,00;100,00;;;0,00000000000000;
GA03;3M-02-01C;801526;RELE SUBTENSAO 30-120VCA 6NAF;UN;1;F3;Utilização livre depósito CUST;1,00;1,00;;;0,00000000000000;
GA03;3M-02-01C;803014;INDICADOR POT REATIVA 4-20A;UN;3;F3;Utilização livre depósito CUST;293,40;880,20;;;0,00000000000000;
GA03;3M-02-01D;800549;RESISTOR C/SOQ 2K2OHMS 220VCA;UN;16;F3;Utilização livre depósito CUST;1,00;16,00;;;0,00000000000000;
GA03;3M-02-01D;801692;RELE SOBRECOR 5A 125VCC;UN;2;F3;Utilização livre depósito CUST;1,00;2,00;;;0,00000000000000;
GA03;3M-02-01E;801502;RELE SOBRECOR 125VCC 1/2A;UN;3;F3;Utilização livre depósito CUST;1,00;3,00;;;0,00000000000000;
GA03;3M-02-01F;800990;UNIDADE PROT DIG 5A 50/60HZ;UN;1;F3;Utilização livre depósito CUST;4.000,00;4.000,00;;;0,00000000000000;
GA03;3M-02-01F;801526;RELE SUBTENSAO 30-120VCA 6NAF;UN;1;F3;Utilização livre depósito CUST;1,00;1,00;;;0,00000000000000;
GA03;3M-02-01G;403768;RELE PROT 7SA6125-5BB92-2PD4+LOS SIEMENS;UN;1;L2;Utilização livre depósito INVT;0,01;0,01;;;0,00000000000000;
GA03;3M-02-01G;405170;RELE PROTECAO TRANSFORMADOR MICOM P642;UN;1;L2;Utilização livre depósito INVT;12.717,92;12.717,92;;;0,00000000000000;
GA03;3M-02-02A;802038;RELE DIF ALTA IMPED 70/100V 67/97V;UN;3;F3;Utilização livre depósito CUST;200,00;600,00;;;0,00000000000000;
GA03;3M-02-02B;801599;RELE TEMPO WARD TXD 250V/60HZ 0,5-10S;UN;5;F3;Utilização livre depósito CUST;25,00;125,00;;;0,00000000000000;
GA03;3M-02-02B;801614;RELE AUXILIAR 125VCC RK221825AN;UN;6;F3;Utilização livre depósito CUST;49,54;297,24;;;0,00000000000000;
GA03;3M-02-02C;801501;RELE TEMPO 125VDC 20-100SEG;UN;14;F3;Utilização livre depósito CUST;1,00;14,00;;;0,00000000000000;
GA03;3M-02-02C;802037;RELE AUXILIAR 125V 4NA+2NF 5A;UN;8;F3;Utilização livre depósito CUST;1,00;8,00;;;0,00000000000000;
GA03;3M-02-02D;801673;RELE SUB-TENSAO MONOF 60-108VCA 2NA+NF;UN;6;F3;Utilização livre depósito CUST;24,26;145,56;;;0,00000000000000;
GA03;3M-02-02F;801007;BASE JN-DE RELE 125VDC IP-10;UN;10;F3;Utilização livre depósito CUST;243,64;2.436,40;;;0,00000000000000;
GA03;3M-02-02F;801662;RELE RELIG AUTOM 125VCC;UN;1;F3;Utilização livre depósito CUST;200,00;200,00;;;0,00000000000000;
GA03;3M-02-02G;403768;RELE PROT 7SA6125-5BB92-2PD4+LOS SIEMENS;UN;1;L2;Utilização livre depósito INVT;0,01;0,01;;;0,00000000000000;
GA03;3M-02-03A;801473;RELE SOBRECOR 110-125VCC 5A;UN;1;F3;Utilização livre depósito CUST;100,00;100,00;;;0,00000000000000;
GA03;3M-02-03A;801710;DISPOSITIVO INTER WESTINGHOUSE 150DHP500;UN;3;F3;Utilização livre depósito CUST;10,00;30,00;;;0,00000000000000;
GA03;3M-02-03A;802467;INDICADOR FASE ASEA RK276001-AA;UN;4;F3;Utilização livre depósito CUST;0,23;0,92;;;0,00000000000000;
GA03;3M-02-03B;110194;CONECTOR OPTICO RS 951 021;UN;3;F3;Utilização livre depósito CUST;100,00;300,00;;;0,00000000000000;
GA03;3M-02-03B;110518;LAMPADA INC 48V 20MA TS40 4MM 15MM;UN;113;F3;Utilização livre depósito CUST;0,77;87,01;;;0,00000000000000;
GA03;3M-02-03B;110624;LAMPADA INC 6,3V 15MA B101 T3 1/4P 10MM;UN;150;F3;Utilização livre depósito CUST;0,08;12,00;;;0,00000000000000;
GA03;3M-02-03B;110659;MODEM OPT ASSINC 192BPS RS232C 3KM;UN;1;F3;Utilização livre depósito CUST;1.500,00;1.500,00;;;0,00000000000000;
GA03;3M-02-03C;800442;CONECTOR BORNE BG 380VCA 12~22AWG;UN;2;F3;Utilização livre depósito CUST;0,04;0,08;;;0,00000000000000;
GA03;3M-02-03C;801639;TRANSDUTOR POT ATIVA 0-1494W;UN;7;F3;Utilização livre depósito CUST;40,00;280,00;;;0,00000000000000;
GA03;3M-02-03C;802269;CONTATO WENCO 310C665G01;UN;2;F3;Utilização livre depósito CUST;21,82;43,64;;;0,00000000000000;
GA03;3M-02-03C;802536;INDICADOR CORR CONTINUA 4-20MA;UN;6;F3;Utilização livre depósito CUST;139,30;835,80;;;0,00000000000000;
GA03;3M-02-03D;402861;RELE DIGITAL PROT DIST 21+21N;UN;5;L2;Utilização livre depósito INVT;15.400,65;77.003,25;;;0,00000000000000;
GA03;3M-02-03E;402861;RELE DIGITAL PROT DIST 21+21N;UN;8;L2;Utilização livre depósito INVT;15.400,65;123.205,20;;;0,00000000000000;
GA03;3M-02-03F;402861;RELE DIGITAL PROT DIST 21+21N;UN;6;L2;Utilização livre depósito INVT;15.400,65;92.403,90;;;0,00000000000000;
GA03;3M-02-03G;120284;CREME PROTETOR SOLAR FPS 30 120G;UN;84;F3;Utilização livre depósito CUST;18,92;1.589,28;;;0,00000000000000;
GA03;3M-02-04A;110536;CHAVE ELETRICA SELETORA 2P 4NAF 20A;UN;40;F3;Utilização livre depósito CUST;0,98;39,20;;;0,00000000000000;
GA03;3M-02-04B;110415;CONTATOR MAGNETICO 2NA+2NF 220VCA;UN;1;F3;Utilização livre depósito CUST;0,04;0,04;;;0,00000000000000;
GA03;3M-02-04B;802050;TERMOMETRO P/OLEO MESSKO TRAFO;UN;1;F3;Utilização livre depósito CUST;100,00;100,00;;;0,00000000000000;
GA03;3M-02-04B;802061;TERMOMETRO ENROL MESSKO TRAFO;UN;1;F3;Utilização livre depósito CUST;100,00;100,00;;;0,00000000000000;
GA03;3M-02-04C;110526;CHAVE ELETRICA ROTATIVA 2P 6NA+3NF 20A;UN;1;F3;Utilização livre depósito CUST;0,04;0,04;;;0,00000000000000;
GA03;3M-02-04C;403689;BOMBA MANUAL ZELOSO D1;UN;3;L2;Utilização livre depósito INVT;2.260,06;6.780,18;;;0,00000000000000;
GA03;3M-02-04C;802034;RELE AUXILIAR 125VCC 4NA+2NF 5/20A;UN;4;F3;Utilização livre depósito CUST;40,00;160,00;;;0,00000000000000;
GA03;3M-02-04C;802898;SENSOR TEMPERATURA MESSKO ZT-F2;UN;1;F3;Utilização livre depósito CUST;100,00;100,00;;;0,00000000000000;
GA03;3M-02-04D;801428;UNIDADE TRANSFORMACAO;UN;1;F3;Utilização livre depósito CUST;200,00;200,00;;;0,00000000000000;
GA03;3M-02-04D;801490;RELE AUXILIAR 125VCC 6NA RK216263AP ABB;UN;7;F3;Utilização livre depósito CUST;15,14;105,98;;;0,00000000000000;
GA03;3M-02-04D;801592;TRAFO CRTE AUX V5TRAFO;UN;2;F3;Utilização livre depósito CUST;50,00;100,00;;;0,00000000000000;
GA03;3M-02-04D;801602;CAMARA AEG 64720;UN;1;F3;Utilização livre depósito CUST;25,00;25,00;;;0,00000000000000;
GA03;3M-02-04E;402852;RELE AUXILIAR BIEST 8NAF BJ8-RP 125VDC;UN;10;L2;Utilização livre depósito INVT;1.484,36;14.843,60;;;0,00000000000000;
GA03;3M-02-04E;801458;RELE ASEA RXMS1 RK216263AP;UN;10;F3;Utilização livre depósito CUST;23,18;231,80;;;0,00000000000000;
GA03;3M-02-04E;801542;RELE FREQ 60VCA 60HZ 53-60HZ 2NA NAF;UN;3;F3;Utilização livre depósito CUST;43,33;129,99;;;0,00000000000000;
GA03;3M-02-04E;802802;INDICADOR POT ATIVA 0-10MW;UN;1;F3;Utilização livre depósito CUST;247,48;247,48;;;0,00000000000000;
GA03;3M-02-05D;802178;MARCADOR IND PLAS 60ML MET ESF 3MM AM;UN;100;F3;Utilização livre depósito CUST;18,17;1.817,00;;;0,00000000000000;
GA03;3M-02-05E;804554;ALICATE AMPERIM 750/1000V 1000A ET-3200A;UN;9;F3;Utilização livre depósito CUST;315,33;2.837,97;;;0,00000000000000;
GA03;3M-03-01B;404176;ALICATE UNIV 8P ACR FORJ;UN;9;L2;Utilização livre depósito INVT;35,87;322,83;;;0,00000000000000;
GA03;3M-03-01C;805429;BLOCO DE CONTATO FRONTAL 1 NA BCXMF10;UN;7;F3;Utilização livre depósito CUST;17,47;122,29;;;0,00000000000000;
GA03;3M-03-01C;805431;BLOCO DE CONTATO 2NA+2NF AZ BFC0-22;UN;20;F3;Utilização livre depósito CUST;70,78;1.415,60;;;0,00000000000000;
GA03;3M-03-01D;402030;CONJUNTO CONTATO PRINC P/SEC 145KV C/LT;UN;4;L2;Utilização livre depósito INVT;6.997,74;27.990,96;;;0,00000000000000;
GA03;3M-03-01E;803975;BLOCO ALARME MDWH AL-1;UN;5;F3;Utilização livre depósito CUST;54,46;272,30;;;0,00000000000000;
GA03;3M-03-01E;803996;CADEADO 30MMx33MMx15MM;UN;12;F3;Utilização livre depósito CUST;17,85;214,20;;;0,00000000000000;
GA03;3M-03-01E;805246;MINIDISJUNTOR TERMOMAGN 32A MDWH;UN;5;F3;Utilização livre depósito CUST;202,10;1.010,50;;;0,00000000000000;
GA03;3M-03-01E;805448;CONTATOR 12CWB12-11-30C13 12A;UN;15;F3;Utilização livre depósito CUST;294,22;4.413,30;;;0,00000000000000;
GA03;3M-03-01E;805484;RELE FALTA/INVER FAS 1NA/NF 220-440VCA;UN;18;F3;Utilização livre depósito CUST;200,00;3.600,00;;;0,00000000000000;
GA03;3M-03-01F;803682;MINICONTACTOR TRIF 3 CONT 2NA+2NF 125VCC;UN;20;F3;Utilização livre depósito CUST;197,50;3.950,00;;;0,00000000000000;
GA03;3M-03-01F;805448;CONTATOR 12CWB12-11-30C13 12A;UN;5;F3;Utilização livre depósito CUST;294,22;1.471,10;;;0,00000000000000;
GA03;3M-03-02B;404152;FERRAMENTA  ABER T 25/27KV INT 600/900A;UN;2;L2;Utilização livre depósito INVT;5.505,60;11.011,20;;;0,00000000000000;
GA03;3M-03-02C;404187;CONECTOR EMENDA FIBRA OPTICA POF 2,2MM;UN;30;L2;Utilização livre depósito INVT;28,74;862,20;;;0,00000000000000;
GA03;3M-03-02C;404246;CABO SERIAL DB9F/DBOM  50CM;UN;14;L2;Utilização livre depósito INVT;93,00;1.302,00;;;0,00000000000000;
GA03;3M-03-02C;404442;TERMINAL PRE-ISOL FORQ ISOL 6MM2;UN;1.156;L2;Utilização livre depósito INVT;0,84;971,04;;;0,00000000000000;
GA03;3M-03-02C;404465;CONECTORES RJ-45 MACHO CAT5E;UN;69;L2;Utilização livre depósito INVT;0,80;55,20;;;0,00000000000000;
GA03;3M-03-02C;803196;CONECTOR FIBRA OPTICA CLICK  POF 2,2MM;UN;806;F3;Utilização livre depósito CUST;20,13;16.224,78;;;0,00000000000000;
GA03;3M-03-02D;403618;SOBRESSALENTE 15KV LAMPADA SINALIZACAO;UN;1;L2;Utilização livre depósito INVT;31,83;31,83;;;0,00000000000000;
GA03;3M-03-02D;803125;ROLAMENTO ESFERA INT 15X35X11MM;UN;60;F3;Utilização livre depósito CUST;22,30;1.338,00;;;0,00000000000000;
GA03;3M-03-02D;803820;CHAVE CANHÃO 6X245 MM ISOLADA;UN;5;F3;Utilização livre depósito CUST;57,53;287,65;;;0,00000000000000;
GA03;3M-03-02D;804117;COMUTADORES KVM 4 PORTAS USB TECL ACESSO;UN;5;F3;Utilização livre depósito CUST;290,00;1.450,00;;;0,00000000000000;
GA03;3M-03-02E;803102;BATERIA 9V;UN;235;F3;Utilização livre depósito CUST;11,00;2.585,00;;;0,00000000000000;
GA03;3M-03-02G;805326;CABO RG58 KMP 95% MALHA FLEXIVEL;M;200;F3;Utilização livre depósito CUST;8,90;1.780,00;;;0,00000000000000;
GA03;3M-03-03A;802602;PERFURADOR PAP MT PT 2F 80MM 100FL;UN;11;F3;Utilização livre depósito CUST;117,68;1.294,48;;;0,00000000000000;
GA03;3M-03-03B;110009;CHAVE BOCA ESTR ACV 11MM TOT 130MM;UN;2;F3;Utilização livre depósito CUST;22,05;44,10;;;0,00000000000000;
GA03;3M-03-03B;110010;CHAVE BOCA ESTR ACV 12MM TOT 135,5MM;UN;2;F3;Utilização livre depósito CUST;22,84;45,68;;;0,00000000000000;
GA03;3M-03-03C;400476;CHAVE BOCA ESTR ACV 12MM TOT 135,5MM;UN;8;L2;Utilização livre depósito INVT;22,83;182,64;;;0,00000000000000;
GA03;3M-03-03C;401814;CHAVE BOCA ESTR ACV 11MM TOT 130MM;UN;8;L2;Utilização livre depósito INVT;22,05;176,40;;;0,00000000000000;
GA03;3M-03-03C;401947;CHAVE BOCA ESTR ACV 10MM TOT 125MM;UN;8;L2;Utilização livre depósito INVT;21,51;172,08;;;0,00000000000000;
GA03;3M-03-03C;801141;PORCA SXT 1/4;UN;100;F3;Utilização livre depósito CUST;0,15;15,00;;;0,00000000000000;
GA03;3M-03-03C;805495;CHAVE FIX ACV N09 ISOL 1000V NBR9699;UN;1;F3;Utilização livre depósito CUST;41,07;41,07;;;0,00000000000000;
GA03;3M-03-03D;403668;ALICATE CRIMPADOR P/ TERMINAL ISOLADO;UN;27;L2;Utilização livre depósito INVT;1.283,66;34.658,82;;;0,00000000000000;
GA03;3M-03-03D;805494;ALICATE CRIMPADOR P/ TERMINAL ISOLADO;UN;2;F3;Utilização livre depósito CUST;1.283,66;2.567,32;;;0,00000000000000;
GA03;3M-03-03E;404824;BROCA ACO PARA METAL  6MM2;UN;43;L2;Utilização livre depósito INVT;4,55;195,65;;;0,00000000000000;
GA03;3M-03-03E;803499;BROCA ACO PARA METAL  10MM2;UN;23;F3;Utilização livre depósito CUST;14,70;338,10;;;0,00000000000000;
GA03;3M-03-03F;110661;CHAVE CANH 1000V AC 6MM ACV CAB 6MM;UN;6;F3;Utilização livre depósito CUST;31,00;186,00;;;0,00000000000000;
GA03;3M-03-03F;404511;CHAVE PHILIPS 3/16 X 4  POLEGADAS;UN;12;L2;Utilização livre depósito INVT;8,00;96,00;;;0,00000000000000;
GA03;3M-03-03G;114221;APAGADOR PLASTICO 15X6X4CM;UN;5;F3;Utilização livre depósito CUST;5,60;28,00;;;0,00000000000000;
GA03;3M-03-04A;801471;MUFLA TERMO-CONTRATIL 5/35KV 225/500MM2;UN;1;F3;Utilização livre depósito CUST;1,00;1,00;;;0,00000000000000;
GA03;3M-03-04B;110062;PILHA ALCALINA GRANDE D2 1,5V;UN;146;F3;Utilização livre depósito CUST;6,33;924,18;;;0,00000000000000;
GA03;3M-03-04B;802766;VISOR PASTA SUSPENSA PP 80X30MM CX 50UN;UN;90;F3;Utilização livre depósito CUST;6,02;541,80;;;0,00000000000000;
GA03;3M-03-04C;404516;CHAVE FENDA PONTA CHATA ACO 3X75MM;UN;1;L2;Utilização livre depósito INVT;28,73;28,73;;;0,00000000000000;
GA03;3M-03-04C;803542;BATERIA KTS ER14250 3,6V 1200MAH;UN;16;F3;Utilização livre depósito CUST;130,00;2.080,00;;;0,00000000000000;
GA03;3M-03-04C;804026;LANTERNA DE LED COM BASE MAGNÉTICA;UN;4;F3;Utilização livre depósito CUST;28,97;115,88;;;0,00000000000000;
GA03;3M-03-04D;804257;SOLDA ESTANHO CARRETEL;UN;6;F3;Utilização livre depósito CUST;14,06;84,36;;;0,00000000000000;
GA03;3M-03-04D;804362;KIT SOLDA MARCARICO + GAS MAP;UN;3;F3;Utilização livre depósito CUST;154,96;464,88;;;0,00000000000000;
GA03;3M-03-04E;401103;KIT VIVA VOZ QUALCOMM GLOBALSTAR GCK1410;UN;2;L2;Utilização livre depósito INVT;3.710,71;7.421,42;;;0,00000000000000;
GA03;3M-03-04F;804017;ESTAÇÃO DE SOLDA POTÊNCIA DE 80 W;UN;1;F3;Utilização livre depósito CUST;676,12;676,12;;;0,00000000000000;
GA03;3M-03-05A;110678;PERFURADOR PAPE 2F 80MM 40FL;UN;9;F3;Utilização livre depósito CUST;33,26;299,34;;;0,00000000000000;
GA03;3M-03-05B;402893;TERMINAL POLIM 3,6/6-20/35KV;UN;10;L2;Utilização livre depósito INVT;196,00;1.960,00;;;0,00000000000000;
GA03;3M-03-05D;409290;RADIO MOVEL BIDIRECIONAL MOTOROLA;UN;5;L2;Utilização livre depósito INVT;7.125,00;35.625,00;;;0,00000000000000;
GA03;3M-03-05D;801995;MODULO SIEMENS 6MA5510-2EE15GG;UN;1;F3;Utilização livre depósito CUST;2,00;2,00;;;0,00000000000000;
GA03;3M-03-05E;402718;HIPSOMETRO DIGITAL LASER 10-350M;UN;1;L2;Utilização livre depósito INVT;8.699,40;8.699,40;;;0,00000000000000;
GA03;3M-03-05F;110348;LIVRO PROTOCOLO CAPA DURA PAP 104FL;UN;100;F3;Utilização livre depósito CUST;3,13;313,00;;;0,00000000000000;
GA03;3M-04-01A;120110;BOTINA SEG ELET C/CAD N40;PAR;8;F3;Utilização livre depósito CUST;113,78;910,24;;;0,00000000000000;
GA03;3M-04-01A;120118;BOTINA SEG ELET C/CAD N44;PAR;5;F3;Utilização livre depósito CUST;112,89;564,45;;;0,00000000000000;
GA03;3M-04-01A;401524;CONSOLE COMPLETO C/ COMUTADOR KVM;UN;1;L2;Utilização livre depósito INVT;6.336,53;6.336,53;;;0,00000000000000;
GA03;3M-04-01B;120026;BOTINA SEG ELET C/CAD N45;PAR;3;F3;Utilização livre depósito CUST;114,25;342,75;;;0,00000000000000;
GA03;3M-04-01B;120173;CALCADO BOTINA CANO CT C/CAD 45 PT;PAR;2;F3;Utilização livre depósito CUST;106,48;212,96;;;0,00000000000000;
GA03;3M-04-01C;120118;BOTINA SEG ELET C/CAD N44;PAR;2;F3;Utilização livre depósito CUST;112,89;225,78;;;0,00000000000000;
GA03;3M-04-01C;120136;BOTINA SEG ELET C/CAD N41;PAR;75;F3;Utilização livre depósito CUST;114,35;8.576,25;;;0,00000000000000;
GA03;3M-04-01C;120163;BOTINA SEG ELET C/CAD N46;PAR;3;F3;Utilização livre depósito CUST;121,74;365,22;;;0,00000000000000;
GA03;3M-04-02A;120107;BOTINA SEG ELET C/CAD N39;PAR;8;F3;Utilização livre depósito CUST;113,37;906,96;;;0,00000000000000;
GA03;3M-04-02A;120136;BOTINA SEG ELET C/CAD N41;PAR;4;F3;Utilização livre depósito CUST;114,35;457,40;;;0,00000000000000;
GA03;3M-04-02B;120107;BOTINA SEG ELET C/CAD N39;PAR;35;F3;Utilização livre depósito CUST;113,37;3.967,95;;;0,00000000000000;
GA03;3M-04-02C;120050;CALCADO BOTINA CANO CT C/CAD 42 PT;PAR;9;F3;Utilização livre depósito CUST;113,81;1.024,29;;;0,00000000000000;
GA03;3M-04-02C;120255;BOTINA SEG ELET C/CAD N38;PAR;16;F3;Utilização livre depósito CUST;110,48;1.767,68;;;0,00000000000000;
GA03;3M-05-01A;120044;BOTA SEGURANCA IMPERMEÁVEL PVC TAM 42;PAR;18;F3;Utilização livre depósito CUST;42,87;771,66;;;0,00000000000000;
GA03;3M-05-01A;120048;BOTA SEGURANCA IMPERMEÁVEL PVC TAM 39;PAR;6;F3;Utilização livre depósito CUST;47,00;282,00;;;0,00000000000000;
GA03;3M-05-01A;120112;BOTA SEGURANCA IMPERMEÁVEL PVC TAM 43;PAR;9;F3;Utilização livre depósito CUST;47,00;423,00;;;0,00000000000000;
GA03;3M-05-01A;401511;DISTRIBUIDOR INT OPT DIO INST PAR 48 EM;UN;20;L2;Utilização livre depósito INVT;499,25;9.985,00;;;0,00000000000000;
GA03;3M-05-01A;402460;UNIDADE COMPUTACIONAL FANLESS P/ PAINEL;UN;2;L2;Utilização livre depósito INVT;24.398,70;48.797,40;;;0,00000000000000;
GA03;3M-05-01B;120051;BOTINA SEG ELET C/CAD N36;PAR;12;F3;Utilização livre depósito CUST;108,28;1.299,36;;;0,00000000000000;
GA03;3M-05-01B;120110;BOTINA SEG ELET C/CAD N40;PAR;60;F3;Utilização livre depósito CUST;113,78;6.826,80;;;0,00000000000000;
GA03;3M-05-01B;120158;BOTINA SEG ELET C/CAD N35;PAR;4;F3;Utilização livre depósito CUST;137,00;548,00;;;0,00000000000000;
GA03;3M-05-01B;120253;BOTINA SEG ELET C/CAD N35;PAR;4;F3;Utilização livre depósito CUST;106,48;425,92;;;0,00000000000000;
GA03;3M-05-01B;120421;CALCADO DE SEGUR ISOL TIPO TENIS TAM 37;PAR;1;F3;Utilização livre depósito CUST;173,66;173,66;;;0,00000000000000;
GA03;3M-05-01C;407738;EXTENSOR KVM MULTIMODO P/ FIBRA;UN;6;L2;Utilização livre depósito INVT;21.788,18;130.729,08;;;0,00000000000000;
GA03;3M-05-02A;120045;BOTA SEGURANCA IMPERMEÁVEL PVC TAM 44;PAR;6;F3;Utilização livre depósito CUST;37,37;224,22;;;0,00000000000000;
GA03;3M-05-02A;120139;BOTA SEGURANCA IMPERMEÁVEL PVC TAM 41;PAR;16;F3;Utilização livre depósito CUST;53,01;848,16;;;0,00000000000000;
GA03;3M-05-02A;120303;BOTA SEGURANCA IMPERMEÁVEL PVC TAM 38;PAR;7;F3;Utilização livre depósito CUST;53,73;376,11;;;0,00000000000000;
GA03;3M-05-02A;120304;BOTA SEGURANCA IMPERMEÁVEL PVC TAM 40;PAR;11;F3;Utilização livre depósito CUST;47,00;517,00;;;0,00000000000000;
GA03;3M-05-02B;120254;BOTINA SEG ELET C/CAD N37;PAR;15;F3;Utilização livre depósito CUST;111,99;1.679,85;;;0,00000000000000;
GA03;3M-05-02B;120255;BOTINA SEG ELET C/CAD N38;PAR;15;F3;Utilização livre depósito CUST;110,48;1.657,20;;;0,00000000000000;
GA03;3M-05-02C;803815;ARCO DE SERRA ISOLADO P/ 1000V  5.13/16;UN;48;F3;Utilização livre depósito CUST;733,31;35.198,88;;;0,00000000000000;
GA03;3M-06-01A;120167;BOTINA SEG ELET C/CAD N43;PAR;28;F3;Utilização livre depósito CUST;114,75;3.213,00;;;0,00000000000000;
GA03;3M-06-01A;404153;TERROMETRO DIGITAL;UN;2;L2;Utilização livre depósito INVT;5.364,00;10.728,00;;;0,00000000000000;
GA03;3M-06-01A;409746;RETIFICADOR PORTATIL 220VCA/1F/125VCC/12;UN;1;L2;Utilização livre depósito INVT;44.986,83;44.986,83;;;0,00000000000000;
GA03;3M-06-01A;409747;RETIFICADOR PORTATIL 220VCA/1F/48VCC/100;UN;1;L2;Utilização livre depósito INVT;28.219,55;28.219,55;;;0,00000000000000;
GA03;3M-06-01B;120050;CALCADO BOTINA CANO CT C/CAD 42 PT;PAR;70;F3;Utilização livre depósito CUST;113,81;7.966,70;;;0,00000000000000;
GA03;3M-06-01B;404897;SWITCH VOIP TELEFONIA OS6450-P10L;UN;4;L2;Utilização livre depósito INVT;8.100,00;32.400,00;;;0,00000000000000;
GA03;3M-06-01B;409268;UNID REMOTA ESENSOR-BT C/TC IP67 UL94HB;UN;2;L2;Utilização livre depósito INVT;1.970,00;3.940,00;;;0,00000000000000;
GA03;3M-06-01B;409302;SENSOR DE CRTE TIPO ABRT 400A-5 P/ URBT;UN;6;L2;Utilização livre depósito INVT;340,00;2.040,00;;;0,00000000000000;
GA03;3M-06-01B;409656;DISPOSITIVO DE SEGURANÇA FORTIWIFI 60F;UN;1;L2;Utilização livre depósito INVT;8.103,19;8.103,19;;;0,00000000000000;
GA03;3M-06-01B;803537;ALICATE PRENSA TERM AP256 0,25MM À 6,0MM;UN;1;F3;Utilização livre depósito CUST;253,82;253,82;;;0,00000000000000;
GA03;3M-06-01B;803812;ALICATE DE PRESSÃO 10 250MM;UN;1;F3;Utilização livre depósito CUST;53,02;53,02;;;0,00000000000000;
GA03;3M-06-01B;803813;ALICATE DESENCAPADOR DE FIO;UN;1;F3;Utilização livre depósito CUST;118,45;118,45;;;0,00000000000000;
GA03;3M-06-01B;803826;DETECTOR TENSÃO SEM CONT 90VCA A 1000VCA;UN;5;F3;Utilização livre depósito CUST;78,26;391,30;;;0,00000000000000;
GA03;3M-06-01B;804159;"ALICATE CORTA CABOS 7.1/2 POL; ACO FORJA";UN;7;F3;Utilização livre depósito CUST;219,98;1.539,86;;;0,00000000000000;
GA03;3M-06-01C;400028;SWITCH OPTICO RUGGEDCOM 19P RSG2100;UN;3;L2;Utilização livre depósito INVT;12.968,52;38.905,56;;;0,00000000000000;
GA03;3M-06-01C;403837;RELE DE PROTECAO SPCS SEL 451;UN;1;L2;Utilização livre depósito INVT;0,01;0,01;;;0,00000000000000;
GA03;3M-06-01C;405125;MEDIDOR ELETRÔNICO 8600C ION POWER ETH;UN;3;L2;Utilização livre depósito INVT;13.200,00;39.600,00;;;0,00000000000000;
GA03;3M-06-01C;405639;CONVERSOR ENERGIA 125 P/ 48VCC ALIM ENER;UN;2;L2;Utilização livre depósito INVT;17.500,83;35.001,66;;;0,00000000000000;
GA03;3M-06-02A;404205;SWITCH DE FIBRAS 24 PORTAS 10/100 MBPS;UN;7;L2;Utilização livre depósito INVT;31.462,44;220.237,08;;;0,00000000000000;
GA03;3M-06-02A;804554;ALICATE AMPERIM 750/1000V 1000A ET-3200A;UN;5;F3;Utilização livre depósito CUST;315,33;1.576,65;;;0,00000000000000;
GA03;3M-06-02B;410213;TINTA SPRAY;UN;300;L2;Utilização livre depósito INVT;18,00;5.400,00;;;0,00000000000000;
GA03;3M-06-02C;403929;RELOGIO SINCRONIZACAO SATELITE GPS RT430;UN;11;L2;Utilização livre depósito INVT;18.599,80;204.597,80;;;0,00000000000000;
GA03;3M-06-02C;409751;MAQUINA ENGENHARIA ECU-4784-E56SAE;UN;3;L2;Utilização livre depósito INVT;30.687,93;92.063,79;;;0,00000000000000;
GA03;3M-07-01A;409974;UNIDADE PROT DIFERENC LINHA RED 670;UN;1;L2;Utilização livre depósito INVT;96.888,32;96.888,32;;;0,00000000000000;
GA03;3M-07-01B;120361;DETECTOR DE TENSAO 100V A 15 KV;UN;24;F3;Utilização livre depósito CUST;469,38;11.265,12;;;0,00000000000000;
GA03;3M-07-01B;400276;UNIDADE PROTEÇÃO DIGITAL 1A/5A 60HZ T60;UN;1;L2;Utilização livre depósito INVT;42.199,91;42.199,91;;;0,00000000000000;
GA03;3M-07-01B;402868;MODULO AQUIS DE DADOS RA-332 GE/REASON;UN;1;L2;Utilização livre depósito INVT;19.402,96;19.402,96;;;0,00000000000000;
GA03;3M-07-01B;404154;DETECTOR DE TENSAO POR APROXIMACAO 15KV;UN;5;L2;Utilização livre depósito INVT;461,58;2.307,90;;;0,00000000000000;
GA03;3M-07-01B;404971;KIT ACIONAMENTO DISJUNTOR MOTORIZADO;UN;25;L2;Utilização livre depósito INVT;143,22;3.580,50;;;0,00000000000000;
GA03;3M-07-01B;801454;PASTA KETIL A POTE C/100G;UN;6;F3;Utilização livre depósito CUST;180,00;1.080,00;;;0,00000000000000;
GA03;3M-07-01B;803880;PASTA KETIL P POTE C/100G;UN;6;F3;Utilização livre depósito CUST;180,00;1.080,00;;;0,00000000000000;
GA03;3M-07-01C;402463;TRANSCEPTOR MOVEL DIGITAL DE 45W;UN;28;L2;Utilização livre depósito INVT;3.687,69;103.255,32;;;0,00000000000000;
GA03;3M-07-01C;404835;RELE DIGITAL PROTECAO 50/51 E 50BF;UN;5;L2;Utilização livre depósito INVT;52.376,65;261.883,25;;;0,00000000000000;
GA03;3M-07-02B;404155;PARAFUSADEIRA FURADEIRA 18V PROFISSIONAL;UN;1;L2;Utilização livre depósito INVT;1.806,27;1.806,27;;;0,00000000000000;
GA03;3M-07-02B;404202;MONITOR LED 17P;UN;1;L2;Utilização livre depósito INVT;2.490,00;2.490,00;;;0,00000000000000;
GA03;3M-07-02B;404554;SWITCH ETHERNET;UN;4;L2;Utilização livre depósito INVT;31.270,48;125.081,92;;;0,00000000000000;
GA03;3M-07-02C;400941;MUFLA TERMINAL 8,7/15KV 25-95MM2;UN;14;L2;Utilização livre depósito INVT;261,30;3.658,20;;;0,00000000000000;
GA03;3M-07-02C;804562;EMENDA MUFLA ENFITADA 25-70MM 3,6/35KV;UN;14;F3;Utilização livre depósito CUST;387,26;5.421,64;;;0,00000000000000;
GA03;3M-08-01B;402618;TRAFO CRTE EXT CR3110 P/TERM DIG;UN;48;L2;Utilização livre depósito INVT;690,45;33.141,60;;;0,00000000000000;
GA03;3M-08-01B;406383;MONITOR DE TEMPERATURA MFC-300/T2 ;UN;3;L2;Utilização livre depósito INVT;9.560,00;28.680,00;;;0,00000000000000;
GA03;3M-08-01B;406384;TC EXT P/ TERM MFC-300/T/2;UN;8;L2;Utilização livre depósito INVT;465,00;3.720,00;;;0,00000000000000;
GA03;3M-08-01B;803250;CONVERSOR DE FIBRA MONOMODO SM;UN;15;F3;Utilização livre depósito CUST;389,00;5.835,00;;;0,00000000000000;
GA03;3M-08-01C;111808;CONVERSOR DE FIBRA MULTIMODO;UN;15;F3;Utilização livre depósito CUST;395,00;5.925,00;;;0,00000000000000;
GA03;3M-08-01C;801976;MODULO PROCESSAMENTO RA331;UN;1;F3;Utilização livre depósito CUST;75.083,09;75.083,09;;;0,00000000000000;
GA03;3M-08-01C;804070;FONTE DE ALIMENT CHAV DC/DC 48VCC 12VCC;UN;20;F3;Utilização livre depósito CUST;1.850,00;37.000,00;;;0,00000000000000;
GA03;3M-08-02A;409885;RELÉ DE PROTEÇAO DIFERENCIAL;UN;2;L2;Utilização livre depósito INVT;68.675,29;137.350,58;;;0,00000000000000;
GA03;3M-08-02B;110411;ACESSORIO CGR-N-CONN WIMAX-IT;UN;8;L2;Utilização livre depósito INVT;448,85;3.590,80;;;0,00000000000000;
GA03;3M-08-02B;401293;ROTEADOR DIGITAL CGR1240 K9 IT;UN;4;L2;Utilização livre depósito INVT;10.627,29;42.509,16;;;0,00000000000000;
GA03;3M-08-02B;402806;MODULO ANT-MP-I OUTT-SS-M;UN;4;L2;Utilização livre depósito INVT;256,47;1.025,88;;;0,00000000000000;
GA03;3M-08-02B;402825;MODULO ANT-MP-INT OUT-M;UN;4;L2;Utilização livre depósito INVT;128,24;512,96;;;0,00000000000000;
GA03;3M-08-02B;402829;MODULO CGM 3G-HSPA-G;UN;4;L2;Utilização livre depósito INVT;1.538,83;6.155,32;;;0,00000000000000;
GA03;3M-08-02B;402835;MODULO CGR-PMK1000;UN;4;L2;Utilização livre depósito INVT;352,68;1.410,72;;;0,00000000000000;
GA03;3M-08-02B;402837;MODULO CGR-PWRCORD-NA;UN;4;L2;Utilização livre depósito INVT;384,73;1.538,92;;;0,00000000000000;
GA03;3M-08-02C;402568;MODULO DE PROCESSAMENTO P/ RDP;UN;1;L2;Utilização livre depósito INVT;14.002,83;14.002,83;;;0,00000000000000;
GA03;3M-08-02C;402866;REGISTRADOR DIG PERT RPV-311 GE/REASON;UN;3;L2;Utilização livre depósito INVT;75.083,08;225.249,24;;;0,00000000000000;
GA03;3M-08-02C;803190;MODULO PSM - FONTE RC10 - NOJA POWER;UN;2;F3;Utilização livre depósito CUST;4.818,21;9.636,42;;;0,00000000000000;
GA03;3M-08-02C;805207;FONTE ALIM CHAVEADA AC/DC 127/220VCA;UN;47;F3;Utilização livre depósito CUST;300,00;14.100,00;;;0,00000000000000;
GA03;GA03 LATERAL 01;407206;CAIXA BLINDADA MOD C48T;UN;46;L2;Utilização livre depósito INVT;28.213,69;1.297.829,74;;;0,00000000000000;
GA03;GA03 LATERAL 01;408810;CHASSI DE MEDICAO B110-CH;UN;199;L2;Utilização livre depósito INVT;1.977,30;393.482,70;;;0,00000000000000;
GA04;4G-01-01C;409810;DISJ 3P 17,5KV 1250A EXE172512E-BB125M;UN;2;L2;Utilização livre depósito INVT;123.969,33;247.938,66;;;0,00000000000000;
GA04;4G-01-02B;409813;DISJ 3P 17,5KV 2500A 25KA HGV 3156;UN;2;L2;Utilização livre depósito INVT;126.269,33;252.538,66;;;0,00000000000000;
GA04;4G-01-03B;409814;DISJ 3P 17,5KV 1250A 25KA HVF 3152D;UN;2;L2;Utilização livre depósito INVT;62.244,81;124.489,62;;;0,00000000000000;
GA04;4G-01-03C;409809;DISJ 3P 17,5KV 2500A EXE172525E-BB125M;UN;1;L2;Utilização livre depósito INVT;135.598,26;135.598,26;;;0,00000000000000;
GA04;4G-01-03C;802480;CONJUNTO ATER REDE DIST 22KV CAR/ST-02;UN;32;F3;Utilização livre depósito CUST;852,87;27.291,84;;;0,00000000000000;
GA04;4G-01-04B;400114;ISOLADOR PEDESTAL 15KV PORC MR 2S;UN;24;L2;Utilização livre depósito INVT;38,62;926,88;;;0,00000000000000;
GA04;4G-01-04B;402184;CONECTOR EMENDA AL 45G 1.1/2P IPS;UN;30;L2;Utilização livre depósito INVT;120,65;3.619,50;;;0,00000000000000;
GA04;4G-01-04B;800943;LUVA EMENDA COMPR CABO 477KCMIL HAWK;UN;30;F3;Utilização livre depósito CUST;420,00;12.600,00;;;0,00000000000000;
GA04;4G-01-04B;800956;LUVA EMENDA 795MCM;UN;20;F3;Utilização livre depósito CUST;863,00;17.260,00;;;0,00000000000000;
GA04;4G-01-04B;803511;CONECTOR HASTE ATERR 7 FIOS 5/16 2.438MM;UN;200;F3;Utilização livre depósito CUST;80,00;16.000,00;;;0,00000000000000;
GA04;4G-01-04C;409242;DISJUNTOR 3P VACUO INT 17,5KV 1600A;UN;2;L2;Utilização livre depósito INVT;87.995,17;175.990,34;;;0,00000000000000;
GA04;4G-01-05B;800269;CONECTOR EMENDA RETA 477MCM;UN;100;F3;Utilização livre depósito CUST;48,12;4.812,00;;;0,00000000000000;
GA04;4G-01-05B;800836;CONECTOR T AL 954 MCM;UN;50;F3;Utilização livre depósito CUST;71,28;3.564,00;;;0,00000000000000;
GA04;4G-01-05B;801287;GRAMPO ANCOR PAS AL 477MCM 4264KGF;UN;50;F3;Utilização livre depósito CUST;115,70;5.785,00;;;0,00000000000000;
GA04;4G-01-05B;802364;CORDAO VEDACAO BORRACHA 14X24580MM;UN;48;F3;Utilização livre depósito CUST;2,00;96,00;;;0,00000000000000;
GA04;4G-01-05C;403272;DISJ 3P 17,5KV 2500A 25KA DIVAC 1725G;UN;1;L2;Utilização livre depósito INVT;156.861,18;156.861,18;;;0,00000000000000;
GA04;4G-01-05C;404892;DISJ 3P 17,5KV 1.250A 25KA SION 3AE 1284;UN;1;L2;Utilização livre depósito INVT;43.125,87;43.125,87;;;0,00000000000000;
GA04;4G-01-06A;401304;PARA-RAIO POLIM EST ZNO 120KV 10KA;UN;6;L2;Utilização livre depósito INVT;12.846,96;77.081,76;;;0,00000000000000;
GA04;4G-01-06B;400690;BOBINA ABERT DISJ P/CUB 15KV;UN;1;L2;Utilização livre depósito INVT;1.289,49;1.289,49;;;0,00000000000000;
GA04;4G-01-06B;401163;PARA-RAIO PORCELANA EST ZNO 36KV 10KA;UN;3;L2;Utilização livre depósito INVT;481,41;1.444,23;;;0,00000000000000;
GA04;4G-01-06B;401586;PARA-RAIO ZNO 15KV P/CUBICULO;UN;2;L2;Utilização livre depósito INVT;4.436,00;8.872,00;;;0,00000000000000;
GA04;4G-01-06B;401768;MUFLA TERM 8,7/15kV-12/20kV 240-500MM2;UN;4;L2;Utilização livre depósito INVT;92,52;370,08;;;0,00000000000000;
GA04;4G-01-06B;402325;ISOLADOR SUP BAR P/CUBICULO 15KV;UN;3;L2;Utilização livre depósito INVT;170,23;510,69;;;0,00000000000000;
GA04;4G-01-06B;402421;BOBINA FECHAM DISJ P/CUB 15KV;UN;1;L2;Utilização livre depósito INVT;1.289,49;1.289,49;;;0,00000000000000;
GA04;4G-01-06B;403587;SOBRESSALENTE DE TRAFO CORRENTE 15KV;UN;3;L2;Utilização livre depósito INVT;5.404,40;16.213,20;;;0,00000000000000;
GA04;4G-01-06B;403622;MOTOR CARREGAM MOLA DISJ CUBICULO 15KV;UN;1;L2;Utilização livre depósito INVT;1.991,97;1.991,97;;;0,00000000000000;
GA04;4G-01-06B;406821;FUSÍVEL - F15-0,5MS;UN;1;L2;Utilização livre depósito INVT;512,36;512,36;;;0,00000000000000;
GA04;4G-01-06B;406823;BASE FUSÍVEL - B15MS;UN;1;L2;Utilização livre depósito INVT;592,98;592,98;;;0,00000000000000;
GA04;4G-01-06B;800943;LUVA EMENDA COMPR CABO 477KCMIL HAWK;UN;10;F3;Utilização livre depósito CUST;420,00;4.200,00;;;0,00000000000000;
GA04;4G-01-06B;805647;MUFLA TERM 87/15k V1220kV 240-500MM2;UN;9;F3;Utilização livre depósito CUST;92,52;832,68;;;0,00000000000000;
GA04;4G-01-06C;110528;REGUA ELETRICA C/ 20TOMADAS 220V;UN;12;F3;Utilização livre depósito CUST;440,40;5.284,80;;;0,00000000000000;
GA04;4G-01-06C;110620;BANDEJA PARA VENTILADOR DE TETO;UN;3;F3;Utilização livre depósito CUST;665,52;1.996,56;;;0,00000000000000;
GA04;4G-01-06C;801495;ISOLADOR PEDESTAL 50KV 254X254MM;UN;1;F3;Utilização livre depósito CUST;29,09;29,09;;;0,00000000000000;
GA04;4G-01-06C;801763;CAMARA INTERRUPCAO S.ENERGIE 4111110304;UN;14;F3;Utilização livre depósito CUST;694,11;9.717,54;;;0,00000000000000;
GA04;4G-01-06C;802273;COMUTADOR IRTA 6215262;UN;2;F3;Utilização livre depósito CUST;0,01;0,02;;;0,00000000000000;
GA04;4G-01-07A;804492;EMENDA TOTAL PREFORMADA CABO 4.0 PENGUIN;UN;20;F3;Utilização livre depósito CUST;66,76;1.335,20;;;0,00000000000000;
GA04;4G-01-07B;400269;TRAFO CRTE 10/5A 15KV;UN;19;L2;Utilização livre depósito INVT;539,49;10.250,31;;;0,00000000000000;
GA04;4G-01-07B;401199;TRAFO POT 15KV 0,3P75/0,6P75;UN;3;L2;Utilização livre depósito INVT;3.022,52;9.067,56;;;0,00000000000000;
GA04;4G-01-07B;401970;TRAFO CRTE 15KV 240:1 1600X1200-5A 0,3C4;UN;1;L2;Utilização livre depósito INVT;0,31;0,31;;;0,00000000000000;
GA04;4G-01-07B;403429;ISOLADOR SUP CONT FIXO DISJ INT EFACEC;UN;14;L2;Utilização livre depósito INVT;2.073,92;29.034,88;;;0,00000000000000;
GA04;4G-01-07B;403783;TRAFO DE POTENCIAL 15KV P/CUBICULO;UN;1;L2;Utilização livre depósito INVT;4.371,40;4.371,40;;;0,00000000000000;
GA04;4G-01-07C;800127;RESISTENCIA ASEA 5492-13EIT103;UN;6;F3;Utilização livre depósito CUST;0,04;0,24;;;0,00000000000000;
GA04;4G-01-07C;801422;VOLANTE SPRECHER 4811746301;UN;2;F3;Utilização livre depósito CUST;109,09;218,18;;;0,00000000000000;
GA04;4G-01-07C;801618;BUCHA NEUTRO TRAFO SIEMENS;UN;4;F3;Utilização livre depósito CUST;75,00;300,00;;;0,00000000000000;
GA04;4G-01-07C;801758;BUCHA ISOLADORA 15KV;UN;2;F3;Utilização livre depósito CUST;100,00;200,00;;;0,00000000000000;
GA04;4G-01-07C;801824;EIXO SPRECHER 48117206-01;UN;2;F3;Utilização livre depósito CUST;50,91;101,82;;;0,00000000000000;
GA04;4G-01-07C;801848;DUPLICADOR ACO FORJ ZINC F1590 135KNF;UN;6;F3;Utilização livre depósito CUST;0,33;1,98;;;0,00000000000000;
GA04;4G-01-07C;802379;BUCHA CERM SANTANA D15;UN;2;F3;Utilização livre depósito CUST;1,00;2,00;;;0,00000000000000;
GA04;4G-01-07C;802593;PINO SPRECHER 4161067303;UN;11;F3;Utilização livre depósito CUST;4,25;46,75;;;0,00000000000000;
GA04;4G-01-07C;802722;TUBO SPRECHER 41613105101;UN;6;F3;Utilização livre depósito CUST;0,04;0,24;;;0,00000000000000;
GA04;4G-01-08A;804128;EMENDA PREF COND 266MCM PARTRIDGE;UN;16;F3;Utilização livre depósito CUST;59,63;954,08;;;0,00000000000000;
GA04;4G-01-08B;400357;AMORTECEDOR VIBR SVD OPGW 24F;UN;2;L2;Utilização livre depósito INVT;67,42;134,84;;;0,00000000000000;
GA04;4G-01-08B;400792;CONECTOR PARAL AL RETA CB 954MCM;UN;58;L2;Utilização livre depósito INVT;500,55;29.031,90;;;0,00000000000000;
GA04;4G-01-08B;400921;ISOLADOR POLIMERICO 120KN;UN;3;L2;Utilização livre depósito INVT;903,15;2.709,45;;;0,00000000000000;
GA04;4G-01-08B;402159;CONECTOR PARALELO AC COB 4AWG;UN;6;L2;Utilização livre depósito INVT;32,97;197,82;;;0,00000000000000;
GA04;4G-01-08B;402200;CADEIA DE ANCORAGEM POLIM SIMPLES;UN;3;L2;Utilização livre depósito INVT;2.376,51;7.129,53;;;0,00000000000000;
GA04;4G-01-08B;403778;PRESILHA BIFILAR CIRC PARA FIO 4AWG;UN;6;L2;Utilização livre depósito INVT;108,56;651,36;;;0,00000000000000;
GA04;4G-01-08B;405710;CRUZETA PARA CABO OPGW C/ SUPORTE P/ MET;UN;1;L2;Utilização livre depósito INVT;828,93;828,93;;;0,00000000000000;
GA04;4G-01-08B;405712;GRAMPO GUIA METAL DESCIDA P/CB OPGW MET;UN;52;L2;Utilização livre depósito INVT;215,52;11.207,04;;;0,00000000000000;
GA04;4G-01-08C;403115;DISJ 3P 17,5KV 1250A 25KA VD4/W 17.12.25;UN;1;L2;Utilização livre depósito INVT;31.590,16;31.590,16;;;0,00000000000000;
GA04;4G-01-08C;800332;FUSIVEL LIMIT 15~17,5KV 2A 3,4,5KA;UN;15;F3;Utilização livre depósito CUST;3,00;45,00;;;0,00000000000000;
GA04;4G-01-08C;801578;BUCHA PORCELANA 24KV 2000A;UN;1;F3;Utilização livre depósito CUST;0,52;0,52;;;0,00000000000000;
GA04;4G-01-08C;802048;TERMOMETRO EXP GAS 0-150°C 130MM;UN;3;F3;Utilização livre depósito CUST;100,00;300,00;;;0,00000000000000;
GA04;4G-01-08C;802417;BUCHA GE 0278B966G1;UN;3;F3;Utilização livre depósito CUST;0,67;2,01;;;0,00000000000000;
GA04;4G-01-08C;802534;CONJUNTO S.SCHUH 48125101-01;UN;1;F3;Utilização livre depósito CUST;163,64;163,64;;;0,00000000000000;
GA04;4G-01-08C;802985;CARCACA S.SCHUH 48117746-01;UN;3;F3;Utilização livre depósito CUST;45,46;136,38;;;0,00000000000000;
GA04;4G-01-09A;400899;HASTE ATERRAM 3/4PX3M;UN;6;L2;Utilização livre depósito INVT;545,26;3.271,56;;;0,00000000000000;
GA04;4G-01-09A;401877;BUCHA PORCELANA MICAFIL 36KV 170/630A;UN;1;L2;Utilização livre depósito INVT;200,00;200,00;;;0,00000000000000;
GA04;4G-01-09A;800144;BUCHA PORCELANA MICAFIL 36KV 170/630A;UN;1;F3;Utilização livre depósito CUST;200,00;200,00;;;0,00000000000000;
GA04;4G-01-09B;803514;PARAFUSO Æ 3/4X16 PORCA CONTRAPORCA;UN;20;F3;Utilização livre depósito CUST;68,71;1.374,20;;;0,00000000000000;
GA04;4G-01-09B;803515;PARAFUSO Æ 3/4X18 PORCA CONTRAPORCA;UN;30;F3;Utilização livre depósito CUST;74,95;2.248,50;;;0,00000000000000;
GA04;4G-01-09B;803523;PARAFUSO Æ 3/4WX550MM 2 1/4X 1/4;UN;10;F3;Utilização livre depósito CUST;99,92;999,20;;;0,00000000000000;
GA04;4G-01-09B;803524;PARAFUSO Æ 3/4WX600MM 2 1/4 X 1/4;UN;5;F3;Utilização livre depósito CUST;99,92;499,60;;;0,00000000000000;
GA04;4G-01-09B;803525;PARAFUSO Æ 3/4WX650MM 2 1/4 X 1/4;UN;4;F3;Utilização livre depósito CUST;114,50;458,00;;;0,00000000000000;
GA04;4G-01-09B;803526;PARAFUSO Æ 3/4WX700MM 2 1/4 X 1/4;UN;5;F3;Utilização livre depósito CUST;114,50;572,50;;;0,00000000000000;
GA04;4G-01-09B;803528;PARAFUSO Æ 3/4W X 750MM 2 1/4X 1/4;UN;10;F3;Utilização livre depósito CUST;120,75;1.207,50;;;0,00000000000000;
GA04;4G-01-09B;803529;PARAFUSO Æ 3/4WX750MM 44MM X 4MM;UN;10;F3;Utilização livre depósito CUST;124,91;1.249,10;;;0,00000000000000;
GA04;4G-01-09B;803530;PARAFUSO Æ 3/4WX800MM  44MM X 4MM;UN;20;F3;Utilização livre depósito CUST;129,88;2.597,60;;;0,00000000000000;
GA04;4G-01-09B;803531;PARAFUSO Æ 3/4WX850MM 44MM X 4MM;UN;5;F3;Utilização livre depósito CUST;139,48;697,40;;;0,00000000000000;
GA04;4G-01-09B;803532;PARAFUSO Æ 3/4WX900MM 44MMX4MM;UN;5;F3;Utilização livre depósito CUST;139,48;697,40;;;0,00000000000000;
GA04;4G-01-09C;801372;CANTONEIRA ANG AC 90G ABA IG 90X90MM 2F;UN;21;F3;Utilização livre depósito CUST;0,10;2,10;;;0,00000000000000;
GA04;4G-01-09C;801608;PARAFUSO SXT 1/2X1.1/2P GAL FOG ROS PARC;UN;420;F3;Utilização livre depósito CUST;4,72;1.982,40;;;0,00000000000000;
GA04;4G-01-09C;803512;ARRUELA QUAD 55X5MM FURO 21MM.;UN;450;F3;Utilização livre depósito CUST;4,83;2.173,50;;;0,00000000000000;
GA04;4G-01-09C;803517;PARAFUSO Æ 3/4X9 PORCA CONTRAPORCA;UN;40;F3;Utilização livre depósito CUST;33,87;1.354,80;;;0,00000000000000;
GA04;4G-01-09C;803519;PARAFUSO Æ 3/4WX300MM 2 1/4X1/4;UN;75;F3;Utilização livre depósito CUST;68,69;5.151,75;;;0,00000000000000;
GA04;4G-01-09C;803521;PARAFUSO Æ 3/4WX450MM 2 1/4 X 1/4;UN;35;F3;Utilização livre depósito CUST;84,68;2.963,80;;;0,00000000000000;
GA04;4G-01-09C;803534;PARAFUSO OLHAL Æ 19X250MM PORCAS ARRUELA;UN;20;F3;Utilização livre depósito CUST;62,46;1.249,20;;;0,00000000000000;
GA04;4G-01-09C;803559;GRAMPO SUSP MONOART 5 A 11 CORDOALHA5/16;UN;40;F3;Utilização livre depósito CUST;290,74;11.629,60;;;0,00000000000000;
GA04;4G-01-09D;800122;PRENSA CABO 1.1/2P AL C/BUCHA NEOP NPT;UN;30;F3;Utilização livre depósito CUST;26,61;798,30;;;0,00000000000000;
GA04;4G-01-09D;803513;PARAFUSO Æ 3/4X13 PORCA CONTRAPORCA;UN;200;F3;Utilização livre depósito CUST;54,15;10.830,00;;;0,00000000000000;
GA04;4G-01-09D;803518;PARAFUSO Æ 3/4WX250MM  2 1/4 X 1/4;UN;75;F3;Utilização livre depósito CUST;58,35;4.376,25;;;0,00000000000000;
GA04;4G-01-09D;803520;PARAFUSO Æ 3/4WX400MM 2 1/4 X 1/4;UN;20;F3;Utilização livre depósito CUST;77,93;1.558,60;;;0,00000000000000;
GA04;4G-01-09D;803522;PARAFUSO Æ 3/4WX500MM 2 1/4X 1/4;UN;10;F3;Utilização livre depósito CUST;95,76;957,60;;;0,00000000000000;
GA04;4G-01-09D;803533;PARAFUSO OLHAL Æ 19X200MM PORCAS ARRUELA;UN;1;F3;Utilização livre depósito CUST;58,67;58,67;;;0,00000000000000;
GA04;4G-01-09D;803560;GRAMPO SUSP MONOART 8 A 19 CORDOALHA5/16;UN;40;F3;Utilização livre depósito CUST;327,38;13.095,20;;;0,00000000000000;
GA04;4G-01-09E;403115;DISJ 3P 17,5KV 1250A 25KA VD4/W 17.12.25;UN;1;L2;Utilização livre depósito INVT;31.590,16;31.590,16;;;0,00000000000000;
GA04;4G-01-09E;409810;DISJ 3P 17,5KV 1250A EXE172512E-BB125M;UN;1;L2;Utilização livre depósito INVT;123.969,33;123.969,33;;;0,00000000000000;
GA04;4G-01-10B;402869;SUPORTE SUSP BAND AC 102X51X38MM 100MM;UN;320;L2;Utilização livre depósito INVT;1,48;473,60;;;0,00000000000000;
GA04;4G-01-10B;803505;PRESILHA BIFILAR GALV 55MM  6 A 9,5MM 35;UN;200;F3;Utilização livre depósito CUST;61,84;12.368,00;;;0,00000000000000;
GA04;4G-01-10C;401321;RELIGADOR 3F AUTOMATICO 15,5KV 630A 16kA;UN;4;L2;Utilização livre depósito INVT;18.453,91;73.815,64;;;0,00000000000000;
GA04;4G-01-10D;409207;DISJ 3P VAC 17,5KV 3150A 40KA HVF-3167F;UN;2;L2;Utilização livre depósito INVT;108.919,59;217.839,18;;;0,00000000000000;
GA04;4G-01-11A;403908;DISPOSITIVO DE OSCILOGRAFIA RDP RA331;UN;19;L2;Utilização livre depósito INVT;0,01;0,19;;;0,00000000000000;
GA04;4G-01-11B;400652;CONECTOR SUPORTE CU 6-4/0AWG;UN;18;L2;Utilização livre depósito INVT;11,23;202,14;;;0,00000000000000;
GA04;4G-01-11B;400688;ARRUELA PRES AC PARAF 5/16P;UN;998;L2;Utilização livre depósito INVT;0,03;29,94;;;0,00000000000000;
GA04;4G-01-11B;400841;BOBINA FECHAM DISJUN MOTOR QUADRO QSACC;UN;1;L2;Utilização livre depósito INVT;1.830,19;1.830,19;;;0,00000000000000;
GA04;4G-01-11B;401284;ISOLADOR SUP BAR 24KV;UN;12;L2;Utilização livre depósito INVT;120,06;1.440,72;;;0,00000000000000;
GA04;4G-01-11B;401516;ARRUELA LIS AC PARAF 1/2P 28MM;UN;1.730;L2;Utilização livre depósito INVT;0,49;847,70;;;0,00000000000000;
GA04;4G-01-11B;401831;CONECTOR T CU 203MM2 (400MCM);UN;1;L2;Utilização livre depósito INVT;30,00;30,00;;;0,00000000000000;
GA04;4G-01-11B;402209;PARAFUSO CAB SXT AC 1/2X3/4P WW;UN;500;L2;Utilização livre depósito INVT;1,20;600,00;;;0,00000000000000;
GA04;4G-01-11B;402304;CONECTOR ATERRAMENTO CU 2COND 67-127MM2;UN;10;L2;Utilização livre depósito INVT;30,95;309,50;;;0,00000000000000;
GA04;4G-01-11B;403912;UNIAO ELETR FLEX MAC-FEM AL 4P BSP;UN;8;L2;Utilização livre depósito INVT;17,00;136,00;;;0,00000000000000;
GA04;4G-01-11C;400499;CONECTOR BZ 50-95MM2;UN;4;L2;Utilização livre depósito INVT;16,94;67,76;;;0,00000000000000;
GA04;4G-01-11C;400523;CONECTOR EMENDA ALFC 550KV 3P IPS;UN;2;L2;Utilização livre depósito INVT;300,00;600,00;;;0,00000000000000;
GA04;4G-01-11C;401039;CONECTOR TERMINAL AL 3P IPS;UN;2;L2;Utilização livre depósito INVT;0,01;0,02;;;0,00000000000000;
GA04;4G-01-11C;401490;GRAMPO ANCOR PAS AL 350~500MCM;UN;18;L2;Utilização livre depósito INVT;1,50;27,00;;;0,00000000000000;
GA04;4G-01-11C;402420;OLHAL-BOLA AC 20MM 15000KGF;UN;66;L2;Utilização livre depósito INVT;1,00;66,00;;;0,00000000000000;
GA04;4G-01-11C;402643;ELO ACO FORJ UNIVERSAL GALV;UN;85;L2;Utilização livre depósito INVT;32,00;2.720,00;;;0,00000000000000;
GA04;4G-01-11C;402657;ELO-BOLA ACO 105MM 13500KGF;UN;196;L2;Utilização livre depósito INVT;1,00;196,00;;;0,00000000000000;
GA04;4G-01-11D;400161;LUVA EMENDA COMPR CU 500MM2;UN;1;L2;Utilização livre depósito INVT;95,45;95,45;;;0,00000000000000;
GA04;4G-01-11D;400623;CONECTOR PINO 90G CU;UN;2;L2;Utilização livre depósito INVT;395,90;791,80;;;0,00000000000000;
GA04;4G-01-11D;401401;ARRUELA PRES AC CARBONO DO PARAF 1/4P;UN;56;L2;Utilização livre depósito INVT;0,03;1,68;;;0,00000000000000;
GA04;4G-01-11D;402386;CONECTOR TERMINAL BZ 3/4P;UN;9;L2;Utilização livre depósito INVT;86,40;777,60;;;0,00000000000000;
GA04;4G-01-11D;402470;TRANSDUTOR TENSAO 0-60MV 4-20MA ETI50;UN;11;L2;Utilização livre depósito INVT;0,01;0,11;;;0,00000000000000;
GA04;4G-01-11D;402857;RELE INTERFACE MODULAR 220VCA 30,31;UN;10;L2;Utilização livre depósito INVT;177,21;1.772,10;;;0,00000000000000;
GA04;4G-01-11D;403735;PORCA LOSANG C/PINO AC 3/8P WW;UN;96;L2;Utilização livre depósito INVT;1,73;166,08;;;0,00000000000000;
GA04;4G-01-11D;403987;TIRANTE AC ROSCA WW 3/8PX300MM;UN;15;L2;Utilização livre depósito INVT;2,51;37,65;;;0,00000000000000;
GA04;4G-01-11E;401769;PARA-RAIO POLIM EST ZNO 72,5KV 10KA;UN;11;L2;Utilização livre depósito INVT;7.546,86;83.015,46;;;0,00000000000000;
GA04;4G-01-12B;400153;MOTOR CARREG MOLA DISJ HAF 220VCA;UN;6;L2;Utilização livre depósito INVT;675,33;4.051,98;;;0,00000000000000;
GA04;4G-01-12B;401133;PARAFUSO CAB SXT AC 5/16X1P WW;UN;100;L2;Utilização livre depósito INVT;0,36;36,00;;;0,00000000000000;
GA04;4G-01-12B;402341;PORCA SEXT AC 1/4P;UN;1;L2;Utilização livre depósito INVT;0,09;0,09;;;0,00000000000000;
GA04;4G-01-12B;402555;PROLONGADOR GARFO-OLH AC 200MM 12000KGF;UN;140;L2;Utilização livre depósito INVT;20,00;2.800,00;;;0,00000000000000;
GA04;4G-01-12C;402154;CONECTOR TERMINAL 90G BZ 750-1000MCM;UN;3;L2;Utilização livre depósito INVT;107,00;321,00;;;0,00000000000000;
GA04;4G-01-12C;402524;PORCA LOSANG AC GF 3/8P ROSCA NC;UN;103;L2;Utilização livre depósito INVT;1,32;135,96;;;0,00000000000000;
GA04;4G-01-12C;402856;PROLONGADOR SUSP AC TIRANTE 3/8PX50MM WW;UN;19;L2;Utilização livre depósito INVT;3,12;59,28;;;0,00000000000000;
GA04;4G-01-12C;403586;PORCA LOSANG C/MOLA AC 3/8X3/16P WW;UN;400;L2;Utilização livre depósito INVT;1,84;736,00;;;0,00000000000000;
GA04;4G-01-12D;400524;CONECTOR PINO 90G CU 50-127MM2 M30;UN;25;L2;Utilização livre depósito INVT;133,97;3.349,25;;;0,00000000000000;
GA04;4G-01-12D;401419;ARRUELA QD 100X100 22MM;UN;24;L2;Utilização livre depósito INVT;11,94;286,56;;;0,00000000000000;
GA04;4G-01-12D;402219;ARRUELA QD 100X100X100MM 6MM;UN;29;L2;Utilização livre depósito INVT;12,25;355,25;;;0,00000000000000;
GA04;4G-01-12D;403846;GRAPA BANDEJA AC 63X38MM FURO 10MM;UN;200;L2;Utilização livre depósito INVT;1,42;284,00;;;0,00000000000000;
GA04;4G-01-12E;802773;FILTRO P/COMUTADOR 68L/H;UN;3;F3;Utilização livre depósito CUST;15.919,83;47.759,49;;;0,00000000000000;
GA04;4G-01-13A;408991;PRENSA CABO 2P;UN;65;L2;Utilização livre depósito INVT;0,05;3,25;;;0,00000000000000;
GA04;4G-01-13A;804485;GRAMPO DE SUSPENSÃO CABO 266,8 PARTRIDGE;UN;10;F3;Utilização livre depósito CUST;119,65;1.196,50;;;0,00000000000000;
GA04;4G-01-13A;804486;GRAMPO DE SUSPENSÃO CABO 795 TERN;UN;10;F3;Utilização livre depósito CUST;181,66;1.816,60;;;0,00000000000000;
GA04;4G-01-13B;401124;PARAFUSO CAB SXT AC 1/4X3/4P WW;UN;437;L2;Utilização livre depósito INVT;0,23;100,51;;;0,00000000000000;
GA04;4G-01-13B;401668;PARAFUSO CAB SXT AC 3/8X1.1/2P WW;UN;115;L2;Utilização livre depósito INVT;0,43;49,45;;;0,00000000000000;
GA04;4G-01-13B;402435;PARAFUSO CAB SXT AC 1/4X1.1/2P WW;UN;444;L2;Utilização livre depósito INVT;0,31;137,64;;;0,00000000000000;
GA04;4G-01-13B;403874;PORCA LOSANG C/MOLA AC 3/8X5/16P WW;UN;150;L2;Utilização livre depósito INVT;1,84;276,00;;;0,00000000000000;
GA04;4G-01-13C;400556;CONECTOR TERMINAL RETO CU 750-1000MCM;UN;11;L2;Utilização livre depósito INVT;300,00;3.300,00;;;0,00000000000000;
GA04;4G-01-13C;400680;ARRUELA LIS AC PARAF 5/16P 18MM;UN;2.400;L2;Utilização livre depósito INVT;0,17;408,00;;;0,00000000000000;
GA04;4G-01-13C;401220;GRAMPO SUSPENSAO BIARTIC AL 16MM 450KG;UN;31;L2;Utilização livre depósito INVT;5,00;155,00;;;0,00000000000000;
GA04;4G-01-13C;402895;TENSOR GARFO-OLHAL AC 650MM 40MM 22MM;UN;6;L2;Utilização livre depósito INVT;121,00;726,00;;;0,00000000000000;
GA04;4G-01-13D;400050;TERMINAL SAIDA 15P AL LING 4F 954MCM;UN;6;L2;Utilização livre depósito INVT;100,00;600,00;;;0,00000000000000;
GA04;4G-01-13D;400554;CONECTOR TERMINAL 90G AL 1.1/2P 266,8MCM;UN;4;L2;Utilização livre depósito INVT;76,80;307,20;;;0,00000000000000;
GA04;4G-01-13D;400574;CONECTOR TERMINAL RETO AL 1.1/2P;UN;3;L2;Utilização livre depósito INVT;58,00;174,00;;;0,00000000000000;
GA04;4G-01-13D;401440;CONECTOR SUPORTE CU 2.1/2P;UN;5;L2;Utilização livre depósito INVT;13,00;65,00;;;0,00000000000000;
GA04;4G-01-13E;401321;RELIGADOR 3F AUTOMATICO 15,5KV 630A 16kA;UN;2;L2;Utilização livre depósito INVT;18.453,91;36.907,82;;;0,00000000000000;
GA04;4G-01-14A;804133;OLEO HIDRAULICO;L;320;F3;Utilização livre depósito CUST;50,00;16.000,00;;;0,00000000000000;
GA04;4G-01-14B;401030;CONECTOR SUPORTE CU 2/0AWG-500MCM;UN;5;L2;Utilização livre depósito INVT;10,82;54,10;;;0,00000000000000;
GA04;4G-01-14B;401072;CONECTOR TERMINAL AL 2.1/2P IPS;UN;15;L2;Utilização livre depósito INVT;4,00;60,00;;;0,00000000000000;
GA04;4G-01-14B;401450;CONECTOR T AL CAA 954MCM;UN;3;L2;Utilização livre depósito INVT;78,00;234,00;;;0,00000000000000;
GA04;4G-01-14B;402384;CONECTOR TERMINAL RETO 954MCM;UN;3;L2;Utilização livre depósito INVT;52,78;158,34;;;0,00000000000000;
GA04;4G-01-14C;400628;CONECTOR TERMINAL RETA AL 2/0 AWG;UN;6;L2;Utilização livre depósito INVT;42,00;252,00;;;0,00000000000000;
GA04;4G-01-14C;401470;CONECTOR SUPORTE CU 1.1/2P IPS;UN;10;L2;Utilização livre depósito INVT;13,00;130,00;;;0,00000000000000;
GA04;4G-01-14C;401680;PARA-RAIO POL 15KV PM DEZ - 15 - IL;UN;6;L2;Utilização livre depósito INVT;4.310,12;25.860,72;;;0,00000000000000;
GA04;4G-01-14C;403707;CONDULETE T AL 2P;UN;4;L2;Utilização livre depósito INVT;8,50;34,00;;;0,00000000000000;
GA04;4G-01-14D;401066;CONECTOR TERMINAL 90G 954MCM;UN;8;L2;Utilização livre depósito INVT;59,21;473,68;;;0,00000000000000;
GA04;4G-01-14D;401453;CONECTOR SUPORTE AL 954MCM;UN;5;L2;Utilização livre depósito INVT;49,88;249,40;;;0,00000000000000;
GA04;4G-01-14D;402315;CONECTOR DER T AL CAA 636MCM;UN;2;L2;Utilização livre depósito INVT;103,09;206,18;;;0,00000000000000;
GA04;4G-01-14D;402891;TAMPAO ANTICOR AL PRES TUBO 1.1/2P SCH40;UN;22;L2;Utilização livre depósito INVT;14,44;317,68;;;0,00000000000000;
GA04;4G-01-14E;402488;DISPOSITIVO DE OSCILOGRAFIA RDP RA332;UN;9;L2;Utilização livre depósito INVT;14.854,01;133.686,09;;;0,00000000000000;
GA04;4G-01-14E;804136;EMENDA CABO SUBAQ 1F 20~95MM² 8,7/15kV;UN;5;F3;Utilização livre depósito CUST;2.284,98;11.424,90;;;0,00000000000000;
GA04;4G-01-15A;403263;ISOLADOR SUP BARRAM TRIF 13,8KV EFACEC;UN;18;L2;Utilização livre depósito INVT;1.757,45;31.634,10;;;0,00000000000000;
GA04;4G-01-15B;801506;TRAFO DEFAS 120V 50-400HZ 3PH 3W;UN;2;F3;Utilização livre depósito CUST;32,50;65,00;;;0,00000000000000;
GA04;4G-01-15B;801572;MOLA DISPARO P/BANCO CAPACITOR;UN;51;F3;Utilização livre depósito CUST;2,63;134,13;;;0,00000000000000;
GA04;4G-01-15B;801744;BLOCO TERMINAL GE 990406710;UN;15;F3;Utilização livre depósito CUST;0,01;0,15;;;0,00000000000000;
GA04;4G-01-15B;801773;BLOCO TERMINAL GE 990406712;UN;15;F3;Utilização livre depósito CUST;0,01;0,15;;;0,00000000000000;
GA04;4G-01-15B;801933;LATERAL WEICO 2260435G01;UN;3;F3;Utilização livre depósito CUST;0,18;0,54;;;0,00000000000000;
GA04;4G-01-15C;800068;MOTOR ELET 220V 360RPM;UN;1;F3;Utilização livre depósito CUST;100,00;100,00;;;0,00000000000000;
GA04;4G-01-15C;801497;DENSOSTATO ABB 1HSB425663;UN;1;F3;Utilização livre depósito CUST;100,00;100,00;;;0,00000000000000;
GA04;4G-01-15C;801518;EIXO WEICO 4259977H01;UN;10;F3;Utilização livre depósito CUST;65,46;654,60;;;0,00000000000000;
GA04;4G-01-15C;801733;RELE SINCRONISMO 115/220VAC;UN;1;F3;Utilização livre depósito CUST;36,00;36,00;;;0,00000000000000;
GA04;4G-01-15C;801865;DISPARADOR LIGA AEG BR464098;UN;10;F3;Utilização livre depósito CUST;156,84;1.568,40;;;0,00000000000000;
GA04;4G-01-15C;802788;CENTELHADOR WENCO 437D493H0101;UN;3;F3;Utilização livre depósito CUST;7,27;21,81;;;0,00000000000000;
GA04;4G-01-15D;110305;MASSA ISOLANTE ELET BOR 3MM 38MM 1,5M;UN;18;F3;Utilização livre depósito CUST;4,60;82,80;;;0,00000000000000;
GA04;4G-01-15D;800078;MOTOR S.ENERGIE 665C107026;UN;1;F3;Utilização livre depósito CUST;0,36;0,36;;;0,00000000000000;
GA04;4G-01-15D;800161;MOTOR ACION 125VCC 0,10CV 250W 600RPM;UN;3;F3;Utilização livre depósito CUST;83,33;249,99;;;0,00000000000000;
GA04;4G-01-15D;801715;CAIXA SPRECHER 4811744001;UN;2;F3;Utilização livre depósito CUST;0,01;0,02;;;0,00000000000000;
GA04;4G-01-15D;801719;LATERAL WEICO 2260436G01;UN;2;F3;Utilização livre depósito CUST;0,18;0,36;;;0,00000000000000;
GA04;4G-01-15E;800336;EMENDA CABO SUBAQ 3F 20-95MM2 8,7/15kV;UN;9;F3;Utilização livre depósito CUST;1.261,28;11.351,52;;;0,00000000000000;
GA04;4G-01-16A;400214;PARA-RAIO ESTACAO 60KV 10KA 65KA;UN;1;L2;Utilização livre depósito INVT;2.688,63;2.688,63;;;0,00000000000000;
GA04;4G-01-16A;402148;MOTOR ELET TRIF 0,5CV 440V;UN;1;L2;Utilização livre depósito INVT;0,04;0,04;;;0,00000000000000;
GA04;4G-01-16A;402406;TRAFO CRTE 15KV 110KV;UN;1;L2;Utilização livre depósito INVT;1,00;1,00;;;0,00000000000000;
GA04;4G-01-16A;800159;CAPACITOR FIXO 1F 4490V 243KVAR 34/95KV;UN;16;F3;Utilização livre depósito CUST;1.660,00;26.560,00;;;0,00000000000000;
GA04;4G-01-16A;800171;MOTOR ELET TRIF 0,5CV 440V;UN;1;F3;Utilização livre depósito CUST;0,04;0,04;;;0,00000000000000;
GA04;4G-01-16A;800839;GRAMPO ANCOR PAS AL 4/0AWG~636MCM;UN;5;F3;Utilização livre depósito CUST;245,35;1.226,75;;;0,00000000000000;
GA04;4G-01-16A;801413;TRAFO DEFASADOR 2E/3F 120V 115MA;UN;2;F3;Utilização livre depósito CUST;1,00;2,00;;;0,00000000000000;
GA04;4G-01-16A;801516;POLO WESTINGHOUSE 543F398G01;UN;1;F3;Utilização livre depósito CUST;0,04;0,04;;;0,00000000000000;
GA04;4G-01-16A;801737;BUCHA PORCELANA ABB GPA 150/1000 24,2KV;UN;3;F3;Utilização livre depósito CUST;66,67;200,01;;;0,00000000000000;
GA04;4G-01-16A;801917;LATERAL WEICO 2259879;UN;3;F3;Utilização livre depósito CUST;0,12;0,36;;;0,00000000000000;
GA04;4G-01-16A;801924;LAMINA SECCION SPIG 69KV;UN;2;F3;Utilização livre depósito CUST;16,00;32,00;;;0,00000000000000;
GA04;4G-01-16A;801967;CHAVE AFERICAO C/BASC 407168/160 78P;UN;1;F3;Utilização livre depósito CUST;15,00;15,00;;;0,00000000000000;
GA04;4G-01-16A;802289;INDICADOR MAGNET NIVEL OLEO TRANSF;UN;4;F3;Utilização livre depósito CUST;25,02;100,08;;;0,00000000000000;
GA04;4G-01-16B;800176;CONCHA-OLHAL AC 60MM 13500KGF;UN;109;F3;Utilização livre depósito CUST;0,94;102,46;;;0,00000000000000;
GA04;4G-01-16B;800301;CONECTOR T AL 75G 2.1/2P 1.1/2P;UN;7;F3;Utilização livre depósito CUST;1,00;7,00;;;0,00000000000000;
GA04;4G-01-16B;800502;GRAMPO PARALELO 954MCM;UN;17;F3;Utilização livre depósito CUST;53,01;901,17;;;0,00000000000000;
GA04;4G-01-16B;800570;CONECTOR ELETRICO RETO AL 3500MCM;UN;1;F3;Utilização livre depósito CUST;60,12;60,12;;;0,00000000000000;
GA04;4G-01-16B;801679;LAMINA SECCION ATERRAMENTO LORENZETTI;UN;1;F3;Utilização livre depósito CUST;32,00;32,00;;;0,00000000000000;
GA04;4G-01-16B;801696;DESENGATE WEICO 4260001G01;UN;14;F3;Utilização livre depósito CUST;0,91;12,74;;;0,00000000000000;
GA04;4G-01-16B;802052;TARUGO COBRE P/BUCHA 13.8KV;UN;1;F3;Utilização livre depósito CUST;1,00;1,00;;;0,00000000000000;
GA04;4G-01-16B;802647;ROLAMENTO ESFERA INT 45X8X19MM;UN;60;F3;Utilização livre depósito CUST;8,00;480,00;;;0,00000000000000;
GA04;4G-01-16B;803725;CONJUNTO MOTOR 3AE5 100-125VCC 3AY14111E;UN;3;F3;Utilização livre depósito CUST;6.488,85;19.466,55;;;0,00000000000000;
GA04;4G-01-16B;803726;2ª BOBINA DE ABERTURA 125VCC 3AX1101-2E;UN;3;F3;Utilização livre depósito CUST;3.587,18;10.761,54;;;0,00000000000000;
GA04;4G-01-16C;800399;FUSIVEL NH RET 10A 500V TAM 00 FACA;UN;53;F3;Utilização livre depósito CUST;0,06;3,18;;;0,00000000000000;
GA04;4G-01-16C;801279;PORTA-FUSIVEL BANCO CAPACITOR;UN;33;F3;Utilização livre depósito CUST;2,04;67,32;;;0,00000000000000;
GA04;4G-01-16C;801909;ISOLADOR SUPORTE PORC 15KV;UN;5;F3;Utilização livre depósito CUST;29,09;145,45;;;0,00000000000000;
GA04;4G-01-16C;802274;NUCLEO WENCO 310C718G02;UN;3;F3;Utilização livre depósito CUST;33,94;101,82;;;0,00000000000000;
GA04;4G-01-16C;802549;CONTATO WENCO 423D153G04;UN;8;F3;Utilização livre depósito CUST;8,10;64,80;;;0,00000000000000;
GA04;4G-01-16C;802682;ROLAMENTO ESFERA INT 40X80X18MM;UN;6;F3;Utilização livre depósito CUST;26,00;156,00;;;0,00000000000000;
GA04;4G-01-16C;802826;CONTATO WENCO TC264508G01;UN;35;F3;Utilização livre depósito CUST;5,60;196,00;;;0,00000000000000;
GA04;4G-01-16C;802873;VALVULA ESF BR-2541-462-A;UN;4;F3;Utilização livre depósito CUST;0,09;0,36;;;0,00000000000000;
GA04;4G-01-16D;800300;CONECTOR SUPORTE AL 350-600MCM;UN;16;F3;Utilização livre depósito CUST;0,04;0,64;;;0,00000000000000;
GA04;4G-01-16D;801370;TRAFO CRTE 600VAC 50/5A;UN;2;F3;Utilização livre depósito CUST;0,04;0,08;;;0,00000000000000;
GA04;4G-01-16D;801416;TRAFO POT 115-67V;UN;1;F3;Utilização livre depósito CUST;43,00;43,00;;;0,00000000000000;
GA04;4G-01-16D;801730;BLOCO SCHULUMB 316754;UN;14;F3;Utilização livre depósito CUST;0,01;0,14;;;0,00000000000000;
GA04;4G-01-16D;802056;TERMOMETRO OLEO TRAFO COEMSA SN37964040;UN;1;F3;Utilização livre depósito CUST;0,18;0,18;;;0,00000000000000;
GA04;4G-01-16D;802335;VALVULA BORBOLETA 10KG/CM2;UN;2;F3;Utilização livre depósito CUST;0,08;0,16;;;0,00000000000000;
GA04;4G-01-16D;802583;POLIA S.ENERGIE 4811746601;UN;2;F3;Utilização livre depósito CUST;8,19;16,38;;;0,00000000000000;
GA04;4G-01-16D;802689;SOLENOIDE INTERTRAVAMENTO 125V;UN;1;F3;Utilização livre depósito CUST;2,00;2,00;;;0,00000000000000;
GA04;4G-01-16E;800807;CHIFRE CURVO CHAVE SECCION RDC-01-08;UN;3;F3;Utilização livre depósito CUST;0,01;0,03;;;0,00000000000000;
GA04;4G-01-16E;801058;CONECTOR SUPORTE AL 558-1033MCM;UN;1;F3;Utilização livre depósito CUST;3,00;3,00;;;0,00000000000000;
GA04;4G-01-16E;801113;CONTATO ASEA 549213EIT115;UN;7;F3;Utilização livre depósito CUST;0,02;0,14;;;0,00000000000000;
GA04;4G-01-16E;801582;DISPARADOR DESL AEG SW667445BR463849;UN;10;F3;Utilização livre depósito CUST;184,57;1.845,70;;;0,00000000000000;
GA04;4G-01-16E;801899;ISOLADOR S.ENERGIE 6125020401;UN;4;F3;Utilização livre depósito CUST;0,03;0,12;;;0,00000000000000;
GA04;4G-01-16E;801930;LAMINA CONT FIXO 15KV 13,8KV 3,8MVAR;UN;5;F3;Utilização livre depósito CUST;27,64;138,20;;;0,00000000000000;
GA04;4G-01-16E;802551;DISTANCIADOR WENCO 262458;UN;10;F3;Utilização livre depósito CUST;21,82;218,20;;;0,00000000000000;
GA04;4G-01-16E;802633;ROLAMENTO ESFERA INT 25X47X12MM;UN;48;F3;Utilização livre depósito CUST;16,50;792,00;;;0,00000000000000;
GA04;4G-01-16E;802945;LAMINA WENCO 591C344H01;UN;8;F3;Utilização livre depósito CUST;6,82;54,56;;;0,00000000000000;
GA04;4G-01-16F;800336;EMENDA CABO SUBAQ 3F 20-95MM2 8,7/15kV;UN;10;F3;Utilização livre depósito CUST;1.261,28;12.612,80;;;0,00000000000000;
GA04;4G-01-16F;801609;VOLTIMETRO CA FM 0-90KV;UN;4;F3;Utilização livre depósito CUST;13,64;54,56;;;0,00000000000000;
GA04;4G-01-16F;801650;VARIMETRO 115V 5A 60-0-60MVAR 96X96MM;UN;3;F3;Utilização livre depósito CUST;0,63;1,89;;;0,00000000000000;
GA04;4G-01-16F;802852;HASTE WENCO 3261650G01;UN;10;F3;Utilização livre depósito CUST;14,00;140,00;;;0,00000000000000;
GA04;4G-01-16F;802868;COMUTADOR WENCO 2260745G02;UN;7;F3;Utilização livre depósito CUST;0,05;0,35;;;0,00000000000000;
GA04;4G-01-17A;401621;GRAMPO SUSPENSAO ARM AL 15,74X16,4MM;UN;226;L2;Utilização livre depósito INVT;126,17;28.514,42;;;0,00000000000000;
GA04;4G-01-17A;402377;CONECTOR EMENDA RETA 1.1/2P IPS;UN;35;L2;Utilização livre depósito INVT;202,67;7.093,45;;;0,00000000000000;
GA04;4G-01-17A;800503;GRAMPO SUSPENSAO AL MONOARTIC CAA 477MCM;UN;136;L2;Utilização livre depósito INVT;44,60;6.065,60;;;0,00000000000000;
GA04;4G-01-17B;403456;DISJ 3P EXT 17,5KV 630A 25KA DIVAC 1725B;UN;2;L2;Utilização livre depósito INVT;89.663,92;179.327,84;;;0,00000000000000;
GA04;4G-01-17C;403272;DISJ 3P 17,5KV 2500A 25KA DIVAC 1725G;UN;1;L2;Utilização livre depósito INVT;156.861,18;156.861,18;;;0,00000000000000;
GA04;4G-01-17C;403456;DISJ 3P EXT 17,5KV 630A 25KA DIVAC 1725B;UN;1;L2;Utilização livre depósito INVT;89.663,92;89.663,92;;;0,00000000000000;
GA04;4G-01-18A;402046;GRAMPO ANCOR PAS AL 16,3~25,5MM;UN;206;L2;Utilização livre depósito INVT;80,00;16.480,00;;;0,00000000000000;
GA04;4G-01-19A;400107;GRAMPO SUSPENSAO AL 15,74X16,4MM;UN;317;L2;Utilização livre depósito INVT;118,00;37.406,00;;;0,00000000000000;
GA04;4G-01-19A;400750;CONCHA OLHAL AC 60MMX16MM 120KN;UN;525;L2;Utilização livre depósito INVT;50,18;26.344,50;;;0,00000000000000;
GA04;4G-01-19A;401623;GRAMPO SUSPENSAO AL MONOART 28-38MM;UN;30;L2;Utilização livre depósito INVT;1,00;30,00;;;0,00000000000000;
GA04;4G-01-19A;401921;CONECTOR ESPAC AL 700-750MCM/605-636MCM;UN;18;L2;Utilização livre depósito INVT;227,66;4.097,88;;;0,00000000000000;
GA04;4G-02-01A;400045;TRAFO CRTE 15KV 1200-1600A 10B400;UN;5;L2;Utilização livre depósito INVT;14.997,20;74.986,00;;;0,00000000000000;
GA04;4G-02-01A;400083;TRAFO CRTE 15KV 600/1200-5-5A 110KV;UN;1;L2;Utilização livre depósito INVT;8.000,00;8.000,00;;;0,00000000000000;
GA04;4G-02-01A;400385;BANCO DE CAPACITOR 3F 15KV 150KVAR FIXO;UN;5;L2;Utilização livre depósito INVT;16.703,62;83.518,10;;;0,00000000000000;
GA04;4G-02-01A;400427;CAPACITOR 1F 350KVAR 8,66KV AUTOM;UN;3;L2;Utilização livre depósito INVT;4.016,33;12.048,99;;;0,00000000000000;
GA04;4G-02-01A;401281;TRAFO CRTE 15KV 40-60A;UN;1;L2;Utilização livre depósito INVT;14.997,20;14.997,20;;;0,00000000000000;
GA04;4G-02-01A;401373;TRAFO CRTE 0,6KV 1200-5A;UN;3;L2;Utilização livre depósito INVT;10.000,00;30.000,00;;;0,00000000000000;
GA04;4G-02-01A;401688;TRAFO POT 115/RZ3-115V;UN;1;L2;Utilização livre depósito INVT;20.309,70;20.309,70;;;0,00000000000000;
GA04;4G-02-01A;402018;CHAVE SEC 3P 15KV 600A 25KA;UN;3;L2;Utilização livre depósito INVT;20.399,02;61.197,06;;;0,00000000000000;
GA04;4G-02-01A;402092;BANCO DE CAPACITOR 3F 15KV 75KVAR FIXO;UN;7;L2;Utilização livre depósito INVT;15.762,63;110.338,41;;;0,00000000000000;
GA04;4G-02-01A;402465;TRAFO DE POTENCIAL 0,6KV;UN;1;L2;Utilização livre depósito INVT;1.935,00;1.935,00;;;0,00000000000000;
GA04;4G-02-01A;402560;ISOLADOR DISCO ANTICORONA 80KV 12000KG;UN;100;L2;Utilização livre depósito INVT;101,29;10.129,00;;;0,00000000000000;
GA04;4G-02-01A;402581;"TRAFO POT IND 72,5 KV 600:1; 69/√3/115";UN;13;L2;Utilização livre depósito INVT;7.784,15;101.193,95;;;0,00000000000000;
GA04;4G-02-01A;403714;EMENDA PREF CABO 795KCMIL;UN;2;L2;Utilização livre depósito INVT;63,48;126,96;;;0,00000000000000;
GA04;4G-02-01A;404123;RETIFICADOR CHAVEADO380VCA/3F/125VCC/140;UN;1;L2;Utilização livre depósito INVT;91.112,32;91.112,32;;;0,00000000000000;
GA04;4G-02-01A;404124;RETIFICAD CHAVEADO 220VCA/3F/125VCC/100A;UN;3;L2;Utilização livre depósito INVT;73.757,13;221.271,39;;;0,00000000000000;
GA04;4G-02-01A;404149;RETIFIC CHAVEAD 380VCA/3F/125VCC/160A;UN;1;L2;Utilização livre depósito INVT;100.149,93;100.149,93;;;0,00000000000000;
GA04;4G-02-01A;405261;CAPACITOR 1F 350KVAR 8,66KV MANUAL;UN;27;L2;Utilização livre depósito INVT;5.143,46;138.873,42;;;0,00000000000000;
GA04;4G-02-01A;406189;RETIFICADOR CHAVEADO 220VCA/1F/48VCC/100;UN;7;L2;Utilização livre depósito INVT;33.661,51;235.630,57;;;0,00000000000000;
GA04;4G-02-01A;409200;CONVERSOR CC/CC 125/48VCC - 50A;UN;2;L2;Utilização livre depósito INVT;14.853,97;29.707,94;;;0,00000000000000;
GA04;4G-02-01A;805193;EMENDA PREF CABO 795KCMIL;UN;23;F3;Utilização livre depósito CUST;851,37;19.581,51;;;0,00000000000000;
GA04;4G-02-02A;400084;"TRAFO CRTE 72,5KV 1000x2000-5; 0,3C50";UN;6;L2;Utilização livre depósito INVT;17.267,32;103.603,92;;;0,00000000000000;
GA04;4G-02-02A;400247;TRAFO POT 72,5KV 140/350KV;UN;1;L2;Utilização livre depósito INVT;10.702,85;10.702,85;;;0,00000000000000;
GA04;4G-02-02A;402581;"TRAFO POT IND 72,5 KV 600:1; 69/√3/115";UN;1;L2;Utilização livre depósito INVT;7.784,15;7.784,15;;;0,00000000000000;
GA04;4G-02-02A;403856;CHAVE SECC 3P VACUO 15KV 400A;UN;1;L2;Utilização livre depósito INVT;0,01;0,01;;;0,00000000000000;
GA04;4G-02-02A;409809;DISJ 3P 17,5KV 2500A EXE172525E-BB125M;UN;1;L2;Utilização livre depósito INVT;135.598,26;135.598,26;;;0,00000000000000;
GA04;4G-02-02A;409812;DISJ 3P 24KV 1250A 25KA HAF 6142-4;UN;4;L2;Utilização livre depósito INVT;62.199,72;248.798,88;;;0,00000000000000;
GA04;4G-02-02A;801755;BUCHA PORCELANA ASEA GOB 380 84KV 1250A;UN;4;F3;Utilização livre depósito CUST;50,00;200,00;;;0,00000000000000;
GA04;4G-02-03A;400084;"TRAFO CRTE 72,5KV 1000x2000-5; 0,3C50";UN;34;L2;Utilização livre depósito INVT;17.267,32;587.088,88;;;0,00000000000000;
GA04;4G-02-03A;401321;RELIGADOR 3F AUTOMATICO 15,5KV 630A 16kA;UN;1;L2;Utilização livre depósito INVT;18.453,91;18.453,91;;;0,00000000000000;
GA04;4G-02-03A;803508;EMENDA PRE-FORMADA AL 477MCM HAWK;UN;16;F3;Utilização livre depósito CUST;184,18;2.946,88;;;0,00000000000000;
GA04;4G-02-03A;804266;EMENDA TOTAL PREFORMADA CABO 795MCM TERN;UN;12;F3;Utilização livre depósito CUST;477,71;5.732,52;;;0,00000000000000;
GA04;4G-02-04A;402394;"DISJUNTOR 3P 72,5KV; 2000A; 31,5kA; GAS";UN;1;L2;Utilização livre depósito INVT;52.506,81;52.506,81;;;0,00000000000000;
GA04;4G-02-04A;404143;TRAFO CRTE 72,5KV 400/800 600/1200 1A;UN;3;L2;Utilização livre depósito INVT;47.833,45;143.500,35;;;0,00000000000000;
GA04;4G-02-04A;409811;DISJ 3P 24KV 2000A 25KA HAF 6144-4;UN;3;L2;Utilização livre depósito INVT;73.535,34;220.606,02;;;0,00000000000000;
GA04;4G-02-04A;804493;EMENDA TOTAL PREFORMADA CABO 477 HAWK;UN;16;F3;Utilização livre depósito CUST;253,24;4.051,84;;;0,00000000000000;
GA04;4G-02-04A;804494;EMENDA TOTAL PREFORMADA CABO 266,8 PARTR;UN;16;F3;Utilização livre depósito CUST;109,35;1.749,60;;;0,00000000000000;
GA04;4G-02-04A;805265;EMENDA PREFORMADA CONDUTORA PARA CABO 79;UN;12;F3;Utilização livre depósito CUST;250,94;3.011,28;;;0,00000000000000;
GA04;4G-02-05A;402623;CONJUNTO CUBICULOS 15KV;CJ;6;L2;Utilização livre depósito INVT;881.158,03;5.286.948,18;;;0,00000000000000;
GA04;4G-02-05A;800175;"DISJUNTOR 3P 72,5KV; 2000A; 31,5KA; GAS";UN;9;F3;Utilização livre depósito CUST;52.506,81;472.561,29;;;0,00000000000000;
GA04;4G-02-06A;402277;BANCO DE CAPACITOR 3F 15KV 300KVAR FIXO;UN;6;L2;Utilização livre depósito INVT;17.562,99;105.377,94;;;0,00000000000000;
GA04;4G-02-06A;402834;CHAVE SECC 3P 72,5KV S/LT 2000A VERT;UN;28;L2;Utilização livre depósito INVT;18.523,09;518.646,52;;;0,00000000000000;
GA04;4G-02-06A;403793;TRAFO POT IND 145KV 650KV 2X0,6P75;UN;1;L2;Utilização livre depósito INVT;25.372,38;25.372,38;;;0,00000000000000;
GA04;4G-02-06A;404468;CAPACITOR MONOPOLAR 700KVAR 8,66KV;UN;10;L2;Utilização livre depósito INVT;11.825,05;118.250,50;;;0,00000000000000;
GA04;4G-02-07A;402047;TRAFO CRTE TPY 145 KV NB 650KV 40KA;UN;18;L2;Utilização livre depósito INVT;32.958,12;593.246,16;;;0,00000000000000;
GA04;4G-02-07A;403793;TRAFO POT IND 145KV 650KV 2X0,6P75;UN;14;L2;Utilização livre depósito INVT;25.372,38;355.213,32;;;0,00000000000000;
GA04;LATERAL 01;403103;BUCHA CONDENSIVA POLIMERICA 138KV 1250A;UN;6;L2;Utilização livre depósito INVT;234.188,21;1.405.129,26;;;0,00000000000000;
GA04;LATERAL 01;800384;GAS ACETILENO 92,3X7,7%;KG;18;F3;Utilização livre depósito CUST;122,13;2.198,34;;;0,00000000000000;
GA04;LATERAL 01;800454;GAS HEXAFLUORETO ENXOFRE SF6;KG;100;F3;Utilização livre depósito CUST;454,26;45.426,00;;;0,00000000000000;
GA04;LATERAL 01;800584;GAS OXIGENIO 99,95%;M3;60;F3;Utilização livre depósito CUST;18,64;1.118,40;;;0,00000000000000;
GA05;5M-01-01A;401656;INVERSOR 125 VCC/220VCA FN 60HZ 5KVA;UN;4;L2;Utilização livre depósito INVT;23.843,13;95.372,52;;;0,00000000000000;
GA05;5M-01-01B;401229;UNIDADE PROTEÇÃO DIGITAL 1A 60HZ B90;UN;1;L2;Utilização livre depósito INVT;36.163,54;36.163,54;;;0,00000000000000;
GA05;5M-01-01B;401420;UNIDADE PROTEÇÃO DIG 1A/5A 60HZ B90;UN;1;L2;Utilização livre depósito INVT;36.071,43;36.071,43;;;0,00000000000000;
GA05;5M-01-01B;402474;UNIDADE PROTEÇÃO DIG 1A/5A 125VCC T60 GE;UN;1;L2;Utilização livre depósito INVT;42.199,91;42.199,91;;;0,00000000000000;
GA05;5M-01-01B;402487;RELE PROTECAO/CONTROLE TIPO EF MD;UN;1;L2;Utilização livre depósito INVT;13.200,00;13.200,00;;;0,00000000000000;
GA05;5M-01-01B;402520;RELE PROTECAO/CONTROLE TIPO EF MD;UN;2;L2;Utilização livre depósito INVT;13.200,00;26.400,00;;;0,00000000000000;
GA05;5M-01-01B;402621;RELE PROTECAO/CONTROLE TIPO DA PT;UN;2;L2;Utilização livre depósito INVT;13.200,00;26.400,00;;;0,00000000000000;
GA05;5M-01-01B;402850;RELE PROTECAO/CONTROLE TIPO EF TD;UN;1;L2;Utilização livre depósito INVT;13.200,00;13.200,00;;;0,00000000000000;
GA05;5M-01-01C;403946;MODULO MICROP 2P COM3/COM4 128E/30S DIG;UN;1;L2;Utilização livre depósito INVT;39.356,28;39.356,28;;;0,00000000000000;
GA05;5M-01-01C;407215;KIT SOBRESSALENTE PARA INVERSOR CC-CA;UN;3;L2;Utilização livre depósito INVT;18.090,64;54.271,92;;;0,00000000000000;
GA05;5M-01-01D;400100;UNIDADE PROTEÇÃO DIGITAL 1A/5A 60HZ P143;UN;1;L2;Utilização livre depósito INVT;21.304,71;21.304,71;;;0,00000000000000;
GA05;5M-01-01D;401496;BLOCO TESTE RELE P991;UN;9;L2;Utilização livre depósito INVT;1.524,59;13.721,31;;;0,00000000000000;
GA05;5M-01-01D;402000;UNIDADE PROTEÇÃO DIGITAL TCP-C + PL-300;UN;1;L2;Utilização livre depósito INVT;11.097,00;11.097,00;;;0,00000000000000;
GA05;5M-01-01D;402496;SOBRESSALENTE MOD AQ REM 3323111X22CC GE;UN;1;L2;Utilização livre depósito INVT;29.689,55;29.689,55;;;0,00000000000000;
GA05;5M-01-02B;400023;BLOCO DE TESTES P/ PAINEIS E SPCS;UN;1;L2;Utilização livre depósito INVT;11.553,54;11.553,54;;;0,00000000000000;
GA05;5M-01-02B;401754;UNIDADE PROTEÇÃO DIG 1A/5A 60HZ F650;UN;6;L2;Utilização livre depósito INVT;12.318,05;73.908,30;;;0,00000000000000;
GA05;5M-01-02B;402508;MEDIDOR ION8650;UN;1;L2;Utilização livre depósito INVT;13.200,00;13.200,00;;;0,00000000000000;
GA05;5M-01-02B;402809;MULTIMEDIDOR GRAND ELETR CC/AC 24-250VCC;UN;1;L2;Utilização livre depósito INVT;10.200,00;10.200,00;;;0,00000000000000;
GA05;5M-01-02B;405265;MEDIDOR DE ENERGIA ION 7400;UN;1;L2;Utilização livre depósito INVT;65.912,23;65.912,23;;;0,00000000000000;
GA05;5M-01-02C;110277;CONVERSOR INTERNET RMC40-48-ML00-XX;UN;4;F3;Utilização livre depósito CUST;2.557,50;10.230,00;;;0,00000000000000;
GA05;5M-01-02C;401343;MEDIDOR ENERGIA MULTIPROCES NEXUS 1262;UN;1;L2;Utilização livre depósito INVT;10.994,86;10.994,86;;;0,00000000000000;
GA05;5M-01-02C;402851;RELE CONTROLE BAY COM PROT MICOM C264P;UN;1;L2;Utilização livre depósito INVT;33.814,05;33.814,05;;;0,00000000000000;
GA05;5M-01-02C;403674;ABRACADEIRA PA 765X8,8MM;UN;57;L2;Utilização livre depósito INVT;1,86;106,02;;;0,00000000000000;
GA05;5M-01-02D;402482;RELE MICROP 110/220V IMRK002800 AC 0448;UN;1;L2;Utilização livre depósito INVT;42.736,66;42.736,66;;;0,00000000000000;
GA05;5M-01-02D;402486;RELE PROT E COMANDO DE LINHA  SEL311L;UN;3;L2;Utilização livre depósito INVT;71.434,79;214.304,37;;;0,00000000000000;
GA05;5M-01-02D;402531;RELE MICROP 110/220V IMRK002800 AC 0446;UN;1;L2;Utilização livre depósito INVT;40.841,01;40.841,01;;;0,00000000000000;
GA05;5M-01-03B;110463;TECLADO ABNT2 MOUSE OPTICO USB GEN;UN;1;F3;Utilização livre depósito CUST;675,90;675,90;;;0,00000000000000;
GA05;5M-01-03B;401177;SWITCH GER GRS11308T8ZTM9V9HHSE2SXXXXX;UN;1;L2;Utilização livre depósito INVT;13.200,00;13.200,00;;;0,00000000000000;
GA05;5M-01-03B;401705;SWITCH COMUM 100P 10/100/1000BPS;UN;1;L2;Utilização livre depósito INVT;26.206,81;26.206,81;;;0,00000000000000;
GA05;5M-01-03B;402180;SWITCH GER 19P 88 300VDC 85~264 VAC;UN;4;L2;Utilização livre depósito INVT;5.615,06;22.460,24;;;0,00000000000000;
GA05;5M-01-03B;402603;RELE AUXILIAR DISJ RF-4125VCC ARTECHE;UN;21;L2;Utilização livre depósito INVT;3.924,60;82.416,60;;;0,00000000000000;
GA05;5M-01-03B;402613;SOBRESSALENTE RELE PROT DIF TRAFO;UN;1;L2;Utilização livre depósito INVT;25.924,55;25.924,55;;;0,00000000000000;
GA05;5M-01-03B;402899;SWITCH ETHERN GER 110-250VDC/100-240VAC;UN;1;L2;Utilização livre depósito INVT;23.235,20;23.235,20;;;0,00000000000000;
GA05;5M-01-03B;404549;RELE DE PROTECAO DE TRANSFORMADOR;UN;2;L2;Utilização livre depósito INVT;65.912,23;131.824,46;;;0,00000000000000;
GA05;5M-01-03C;400674;BLOCO TESTE C/4 CONT SECC P991;UN;10;L2;Utilização livre depósito INVT;2.186,06;21.860,60;;;0,00000000000000;
GA05;5M-01-03C;401261;ROTEADOR 2P+8P 125VCC/ 100-240VCA;UN;1;L2;Utilização livre depósito INVT;26.477,82;26.477,82;;;0,00000000000000;
GA05;5M-01-03C;402369;ROTEADOR 1P 10MBPS 110/220V;UN;2;L2;Utilização livre depósito INVT;2.565,25;5.130,50;;;0,00000000000000;
GA05;5M-01-03D;408338;RELE SOBRECOR SIPROTEC 7SJ82-P1J40424;UN;9;L2;Utilização livre depósito INVT;23.011,84;207.106,56;;;0,00000000000000;
GA05;5M-01-03D;408339;RELE SOBRECOR SIPROTEC 7SJ85-P1J1271843;UN;2;L2;Utilização livre depósito INVT;38.707,96;77.415,92;;;0,00000000000000;
GA05;5M-01-03D;408340;RELE DIFERENC SIPROTEC 7UT85-P1F407090;UN;1;L2;Utilização livre depósito INVT;41.134,92;41.134,92;;;0,00000000000000;
GA05;5M-01-04B;400297;SOBRESSAL VENTILADOR CARREGADOR-RETIF;UN;2;L2;Utilização livre depósito INVT;56,21;112,42;;;0,00000000000000;
GA05;5M-01-04B;401301;SWITCH ETH GER 110/250VDC 100/240VAC 8P;UN;1;L2;Utilização livre depósito INVT;19.526,08;19.526,08;;;0,00000000000000;
GA05;5M-01-04B;402439;SWITCH ETH GER 110/250VDC 100/240VAC 16P;UN;1;L2;Utilização livre depósito INVT;21.225,21;21.225,21;;;0,00000000000000;
GA05;5M-01-04B;403902;RELOGIO SINC SATEL RT43033NNC08A231;UN;1;L2;Utilização livre depósito INVT;11.307,36;11.307,36;;;0,00000000000000;
GA05;5M-01-04B;404745;CHAVE FIM DE  CURSO METALTEX FM 1307;UN;19;L2;Utilização livre depósito INVT;50,16;953,04;;;0,00000000000000;
GA05;5M-01-04B;405258;SOBRESS. PORTA-FUSIVEL C/ ELO DO BANCO;UN;6;L2;Utilização livre depósito INVT;244,68;1.468,08;;;0,00000000000000;
GA05;5M-01-04B;406417;CARTAO ELET IHM GRAFICA CPU;UN;1;L2;Utilização livre depósito INVT;856,08;856,08;;;0,00000000000000;
GA05;5M-01-04B;406418;CARTAO ELET IHM GRAFICA FONTE;UN;1;L2;Utilização livre depósito INVT;729,46;729,46;;;0,00000000000000;
GA05;5M-01-04B;406419;TERMOSTATO TLZ 520 / TRS-A NF / TRS1-A;UN;1;L2;Utilização livre depósito INVT;126,51;126,51;;;0,00000000000000;
GA05;5M-01-04B;406420;CALEFATOR 50W 220V;UN;1;L2;Utilização livre depósito INVT;155,17;155,17;;;0,00000000000000;
GA05;5M-01-04B;406421;DISJUNTOR BIPOLAR 25A C 3KA 220V;UN;1;L2;Utilização livre depósito INVT;70,88;70,88;;;0,00000000000000;
GA05;5M-01-04B;406422;DISJUNTOR MONOPOLAR 20A;UN;1;L2;Utilização livre depósito INVT;13,93;13,93;;;0,00000000000000;
GA05;5M-01-04B;406423;DISJUNTOR MONOPOLAR 16A C;UN;1;L2;Utilização livre depósito INVT;34,24;34,24;;;0,00000000000000;
GA05;5M-01-04B;406424;DISJUNTOR MONOPOLAR 10A;UN;1;L2;Utilização livre depósito INVT;13,93;13,93;;;0,00000000000000;
GA05;5M-01-04B;406425;FUSIVEL DE VIDRO 5X20MM 6A;UN;5;L2;Utilização livre depósito INVT;2,12;10,60;;;0,00000000000000;
GA05;5M-01-04B;406426;FUSIVEL DE VIDRO 5X20MM 2A;UN;5;L2;Utilização livre depósito INVT;2,12;10,60;;;0,00000000000000;
GA05;5M-01-04B;406427;FUSIVEL DE VIDRO 5X20MM 150MA;UN;1;L2;Utilização livre depósito INVT;2,12;2,12;;;0,00000000000000;
GA05;5M-01-04B;406428;UR PARALELO CHAVEADO 125VCC 22A;UN;1;L2;Utilização livre depósito INVT;4.625,32;4.625,32;;;0,00000000000000;
GA05;5M-01-04B;801455;RELE AUXILIAR 110-125VCC 1NA+4REVER;UN;3;F3;Utilização livre depósito CUST;327,92;983,76;;;0,00000000000000;
GA05;5M-01-04B;801645;RELE DIG SUPERVISOR 85-265V 4-20MA;UN;4;F3;Utilização livre depósito CUST;0,50;2,00;;;0,00000000000000;
GA05;5M-01-04B;802032;RELE AUXILIAR 12VCC 1A SCHRACK;UN;25;F3;Utilização livre depósito CUST;21,96;549,00;;;0,00000000000000;
GA05;5M-01-04B;803169;RELE SINCRONISMO SPAU140C ABB;UN;1;F3;Utilização livre depósito CUST;2.620,00;2.620,00;;;0,00000000000000;
GA05;5M-01-04B;803170;RELE SIEMENS 7SJ60054EA000DAO/BB;UN;1;F3;Utilização livre depósito CUST;1.500,00;1.500,00;;;0,00000000000000;
GA05;5M-01-04C;405358;RELE DE PROTECAO E CONTROLE DE LINHA;UN;2;L2;Utilização livre depósito INVT;87.394,91;174.789,82;;;0,00000000000000;
GA05;5M-01-04C;409253;RELE PROTECAO RETAGUARDA;UN;2;L2;Utilização livre depósito INVT;41.317,43;82.634,86;;;0,00000000000000;
GA05;5M-01-04C;409581;RELE INGETEAM BANCO DE CAPACITORES;UN;1;L2;Utilização livre depósito INVT;42.091,13;42.091,13;;;0,00000000000000;
GA05;5M-01-04D;409250;RELE DE PROTECAO PRINCIPAL;UN;2;L2;Utilização livre depósito INVT;39.189,74;78.379,48;;;0,00000000000000;
GA05;5M-01-04D;409251;RELE PROTECAO RETAGUARDA;UN;2;L2;Utilização livre depósito INVT;48.474,18;96.948,36;;;0,00000000000000;
GA05;5M-01-04D;409252;RELE PROTECAO PRINCIPAL DE DISTANCIA;UN;2;L2;Utilização livre depósito INVT;60.466,59;120.933,18;;;0,00000000000000;
GA05;5M-02-01B;403605;RESISTOR AQUEC 3000OHM 30W;UN;4;L2;Utilização livre depósito INVT;423,12;1.692,48;;;0,00000000000000;
GA05;5M-02-01B;403677;BORNE UDK 4 MTK-P/P;UN;503;L2;Utilização livre depósito INVT;17,60;8.852,80;;;0,00000000000000;
GA05;5M-02-01B;805465;SOBRESSALENTE KIT COMP ENCHIM SF6 220V;UN;2;F3;Utilização livre depósito CUST;2.231,81;4.463,62;;;0,00000000000000;
GA05;5M-02-01C;400397;BOBINA ABERT DISJ 145KV;UN;2;L2;Utilização livre depósito INVT;1.871,60;3.743,20;;;0,00000000000000;
GA05;5M-02-01C;401016;RESISTENCIA AQUEC P/CHAVE SEC 145KV S/LT;UN;1;L2;Utilização livre depósito INVT;585,07;585,07;;;0,00000000000000;
GA05;5M-02-01C;401700;RELE SUBTENSAO QUADRO QSACA 380VCA;UN;1;L2;Utilização livre depósito INVT;17.992,47;17.992,47;;;0,00000000000000;
GA05;5M-02-01C;402541;RELE DISPARO RXR4 ULT RAP 4NAF 125VDC 8A;UN;8;L2;Utilização livre depósito INVT;680,48;5.443,84;;;0,00000000000000;
GA05;5M-02-01C;402859;SOBRESSALENTE RELE SUP TRIF 3UG45121BR20;UN;2;L2;Utilização livre depósito INVT;609,00;1.218,00;;;0,00000000000000;
GA05;5M-02-01C;403742;RELE AUXILIAR BJ-8;UN;3;L2;Utilização livre depósito INVT;730,33;2.190,99;;;0,00000000000000;
GA05;5M-02-01D;402477;RELE CONTATOR CF4 4NAF 125VDC 10A;UN;5;L2;Utilização livre depósito INVT;1.012,59;5.062,95;;;0,00000000000000;
GA05;5M-02-01D;402481;RELE REGULADOR TENSAO AVR;UN;1;L2;Utilização livre depósito INVT;1.389,58;1.389,58;;;0,00000000000000;
GA05;5M-02-01D;404181;RELE ACOPLAMENTO 250V 125VCC;UN;2;L2;Utilização livre depósito INVT;75,04;150,08;;;0,00000000000000;
GA05;5M-02-02A;402836;SOBRESSALENTE CJ COMP ANEL VED;UN;4;L2;Utilização livre depósito INVT;2.115,12;8.460,48;;;0,00000000000000;
GA05;5M-02-02A;403599;CORREIA VENTILADOR RESFRIAMENTO380/220V;UN;2;L2;Utilização livre depósito INVT;496,98;993,96;;;0,00000000000000;
GA05;5M-02-02A;403623;MANGUEIRA BLOCO RADIADOR;UN;1;L2;Utilização livre depósito INVT;59,64;59,64;;;0,00000000000000;
GA05;5M-02-02A;403708;JOGO JUNTAS R363/M139;UN;10;L2;Utilização livre depósito INVT;496,98;4.969,80;;;0,00000000000000;
GA05;5M-02-02A;403795;ANEL O 25X3MM;UN;10;L2;Utilização livre depósito INVT;496,98;4.969,80;;;0,00000000000000;
GA05;5M-02-02A;403825;ANILHA CONDUTOR 1,5-4,0MM2 LETRA A;UN;2.200;L2;Utilização livre depósito INVT;0,02;44,00;;;0,00000000000000;
GA05;5M-02-02B;401276;PENTE TESTE CORRENTE 20A 300VAC;UN;3;L2;Utilização livre depósito INVT;2.411,19;7.233,57;;;0,00000000000000;
GA05;5M-02-02B;402261;BLOCO AFERICAO RTXP18;UN;1;L2;Utilização livre depósito INVT;1.356,46;1.356,46;;;0,00000000000000;
GA05;5M-02-02B;402780;MEDIDOR DIGITAL MOD MICR 2P SER M232 GE;UN;1;L2;Utilização livre depósito INVT;3.292,46;3.292,46;;;0,00000000000000;
GA05;5M-02-02B;403575;BORNE P/ CONEXAO OLHAL 800V 41A;UN;50;L2;Utilização livre depósito INVT;9,79;489,50;;;0,00000000000000;
GA05;5M-02-02B;403636;BORNE PASSAGEM 800V 41A;UN;150;L2;Utilização livre depósito INVT;3,79;568,50;;;0,00000000000000;
GA05;5M-02-02B;403669;BORNE SECC 1000V 41A;UN;25;L2;Utilização livre depósito INVT;35,62;890,50;;;0,00000000000000;
GA05;5M-02-02B;403796;BORNE PASSAGEM 500V 32A;UN;50;L2;Utilização livre depósito INVT;20,35;1.017,50;;;0,00000000000000;
GA05;5M-02-02C;400389;BASE FN-DE RELE 4NAF FRONT IP-10;UN;5;L2;Utilização livre depósito INVT;229,06;1.145,30;;;0,00000000000000;
GA05;5M-02-02C;402539;RELE CONTATOR BF4 4NAF 125VDC 10A;UN;1;L2;Utilização livre depósito INVT;1.750,44;1.750,44;;;0,00000000000000;
GA05;5M-02-02C;402858;RELE SUBTENSAO 125VCC 2NAF 10A;UN;2;L2;Utilização livre depósito INVT;561,90;1.123,80;;;0,00000000000000;
GA05;5M-02-02C;402864;RELE AUXILIAR 110-125VCC 1NA+4REVER;UN;1;L2;Utilização livre depósito INVT;327,92;327,92;;;0,00000000000000;
GA05;5M-02-02C;403759;SOBRESSAL DISJUNTOR 145KV RELE AUX 125VC;UN;12;L2;Utilização livre depósito INVT;1.984,34;23.812,08;;;0,00000000000000;
GA05;5M-02-02C;403760;RELE AUXILIAR RF-4XR;UN;6;L2;Utilização livre depósito INVT;730,33;4.381,98;;;0,00000000000000;
GA05;5M-02-02C;403850;RELE MINIMA TENSAO INSTANT 3F 2NA+NF;UN;1;L2;Utilização livre depósito INVT;1.321,99;1.321,99;;;0,00000000000000;
GA05;5M-02-02C;403866;RELE MINIMA 1F 40-250V;UN;1;L2;Utilização livre depósito INVT;876,87;876,87;;;0,00000000000000;
GA05;5M-02-02D;401114;HIGROSTATO CONTROL TEMP P/CUBICULO 15KV;UN;1;L2;Utilização livre depósito INVT;651,01;651,01;;;0,00000000000000;
GA05;5M-02-02D;402281;MINI DISJUNTOR 3P 6A 230/400VCA C;UN;1;L2;Utilização livre depósito INVT;424,80;424,80;;;0,00000000000000;
GA05;5M-02-02D;805466;RESISTOR AQUECIMENTO P/CUBICULO 15KV;UN;2;F3;Utilização livre depósito CUST;125,06;250,12;;;0,00000000000000;
GA05;5M-02-02E;401012;RELE TEMPO P/CUBICULO 15KV;UN;1;L2;Utilização livre depósito INVT;455,50;455,50;;;0,00000000000000;
GA05;5M-02-02E;401583;LAMPADA SINALIZACAO P/CUBICULO 15KV;UN;2;L2;Utilização livre depósito INVT;37,60;75,20;;;0,00000000000000;
GA05;5M-02-02E;402857;RELE INTERFACE MODULAR 220VCA 30,31;UN;1;L2;Utilização livre depósito INVT;177,21;177,21;;;0,00000000000000;
GA05;5M-02-02E;403746;RELE INTERFACE MODULAR 10A 1NAF 220VCA;UN;1;L2;Utilização livre depósito INVT;1.893,72;1.893,72;;;0,00000000000000;
GA05;5M-02-02E;403757;MANGUEIRA RADIADOR AGUA VALVULA TERMO;UN;1;L2;Utilização livre depósito INVT;79,52;79,52;;;0,00000000000000;
GA05;5M-02-02E;403758;RELE DE SUBTENSAO P/CUBICULO 15KV;UN;1;L2;Utilização livre depósito INVT;417,94;417,94;;;0,00000000000000;
GA05;5M-02-02E;403937;TERMOSTATO P/CUBICULOS 15KV;UN;2;L2;Utilização livre depósito INVT;140,53;281,06;;;0,00000000000000;
GA05;5M-02-03A;110261;DISJUNTOR 1F 10A 5SX21107 230/400V;UN;6;F3;Utilização livre depósito CUST;95,32;571,92;;;0,00000000000000;
GA05;5M-02-03A;401054;CONTATO AUXIL S2C-H11L MINIDISJUNTOR ABB;UN;13;L2;Utilização livre depósito INVT;730,33;9.494,29;;;0,00000000000000;
GA05;5M-02-03A;401488;CONTATO AUXILIAR 5A 100KA 240V IP20;UN;40;L2;Utilização livre depósito INVT;61,58;2.463,20;;;0,00000000000000;
GA05;5M-02-03A;402418;CONTATO AUXILIAR DO MINIDISJUNTOR 1NAF;UN;20;L2;Utilização livre depósito INVT;91,71;1.834,20;;;0,00000000000000;
GA05;5M-02-03A;805218;CONTATO AUXILIAR DO MINIDISJUNTOR 1NAF;UN;18;F3;Utilização livre depósito CUST;91,71;1.650,78;;;0,00000000000000;
GA05;5M-02-03B;110383;SINALEIRO LED AM 220V 22MM;UN;5;F3;Utilização livre depósito CUST;59,64;298,20;;;0,00000000000000;
GA05;5M-02-03B;110441;SINALEIRO VM 125VCC 22,5MM;UN;1;L2;Utilização livre depósito INVT;37,17;37,17;;;0,00000000000000;
GA05;5M-02-03B;403065;LEDS SINALIZACAO;UN;4;L2;Utilização livre depósito INVT;865,61;3.462,44;;;0,00000000000000;
GA05;5M-02-03B;403624;SINALEIRO VERDE 125VCC;UN;1;L2;Utilização livre depósito INVT;26,62;26,62;;;0,00000000000000;
GA05;5M-02-03B;403734;MOTOR- TERMOSTATO;UN;1;L2;Utilização livre depósito INVT;198,79;198,79;;;0,00000000000000;
GA05;5M-02-03B;403787;SINALEIRO AM BLOCO LAMP 125VCC 22,5MM;UN;1;L2;Utilização livre depósito INVT;26,62;26,62;;;0,00000000000000;
GA05;5M-02-03B;403810;SINALEIRO AMARELO 125VCC 22,5MM;UN;3;L2;Utilização livre depósito INVT;1.018,08;3.054,24;;;0,00000000000000;
GA05;5M-02-03B;403815;SINALEIRO C/LED 125VCC VD 22MM;UN;2;L2;Utilização livre depósito INVT;1.508,54;3.017,08;;;0,00000000000000;
GA05;5M-02-03B;801144;SINALEIRO VM 125VCC;UN;1;F3;Utilização livre depósito CUST;26,62;26,62;;;0,00000000000000;
GA05;5M-02-03C;110233;SINALEIRO LED VM 12V 22MM;UN;5;F3;Utilização livre depósito CUST;59,64;298,20;;;0,00000000000000;
GA05;5M-02-03C;110239;SINALEIRO LED VD 12V 22MM;UN;5;F3;Utilização livre depósito CUST;59,64;298,20;;;0,00000000000000;
GA05;5M-02-03C;110345;SINALEIRO LED AM 12V 22MM;UN;5;F3;Utilização livre depósito CUST;59,64;298,20;;;0,00000000000000;
GA05;5M-02-03C;401960;TRAFO CRTE 400-5A 0,6C;UN;1;L2;Utilização livre depósito INVT;3.602,07;3.602,07;;;0,00000000000000;
GA05;5M-02-03C;403690;ALTERNADOR REGUL MOTOR DIES GER 380/220V;UN;1;L2;Utilização livre depósito INVT;993,96;993,96;;;0,00000000000000;
GA05;5M-02-03C;403745;SINALEIRO C/LED 125VCC VM 22MM;UN;2;L2;Utilização livre depósito INVT;1.508,54;3.017,08;;;0,00000000000000;
GA05;5M-02-03C;403753;MODULO ACION MOTOR 110-130V P/NSX 630A;UN;1;L2;Utilização livre depósito INVT;2.407,22;2.407,22;;;0,00000000000000;
GA05;5M-02-03C;403932;TRANSDUTOR TENSAO 150V 4-20MA 125VCC;UN;1;L2;Utilização livre depósito INVT;723,59;723,59;;;0,00000000000000;
GA05;5M-02-03C;403941;RESISTOR AQUEC 150W 220VCA;UN;1;L2;Utilização livre depósito INVT;124,29;124,29;;;0,00000000000000;
GA05;5M-02-03D;402661;CHAVE AFERICAO KEY-S 050.;UN;1;L2;Utilização livre depósito INVT;0,01;0,01;;;0,00000000000000;
GA05;5M-02-03D;403748;RESISTOR AQUEC 150W 110/220V;UN;1;L2;Utilização livre depósito INVT;83,28;83,28;;;0,00000000000000;
GA05;5M-02-03D;403922;RESISTENCIA AQUECIMENTO 380/220V;UN;1;L2;Utilização livre depósito INVT;496,98;496,98;;;0,00000000000000;
GA05;5M-02-03D;805467;CHAVE ELETRICA SELETORA ROTATIVA 3P 12A;UN;14;F3;Utilização livre depósito CUST;51,22;717,08;;;0,00000000000000;
GA05;5M-02-03E;400429;BLOCO TESTE P991;UN;1;L2;Utilização livre depósito INVT;730,33;730,33;;;0,00000000000000;
GA05;5M-02-03E;403680;BLOCO AUX 1NA+1NF 5SX9100;UN;42;L2;Utilização livre depósito INVT;1.042,06;43.766,52;;;0,00000000000000;
GA05;5M-02-03E;403762;RESISTENCIA AQUECIMENTO 150W 220V;UN;16;L2;Utilização livre depósito INVT;301,77;4.828,32;;;0,00000000000000;
GA05;5M-02-03E;403835;FILTRO BLINDADO OLEO LUBRIFICANTE;UN;6;L2;Utilização livre depósito INVT;119,27;715,62;;;0,00000000000000;
GA05;5M-02-03F;400391;BLOCO TESTE 14 CONT TENSAO/TENSAO P991;UN;7;L2;Utilização livre depósito INVT;2.186,06;15.302,42;;;0,00000000000000;
GA05;5M-02-03F;400698;BLOCO TESTE P991 89 89 89 22 22 11 11;UN;3;L2;Utilização livre depósito INVT;730,33;2.190,99;;;0,00000000000000;
GA05;5M-02-03F;401458;BLOCO TESTE P991 89 89 89 89 22 22 11;UN;2;L2;Utilização livre depósito INVT;730,33;1.460,66;;;0,00000000000000;
GA05;5M-02-04A;400926;MINI DISJUNTOR TERM 2P 16A 220/600VCA;UN;13;L2;Utilização livre depósito INVT;68,75;893,75;;;0,00000000000000;
GA05;5M-02-04A;401112;MINI DISJUNTOR 2P 25A 125VCC/8KA;UN;1;L2;Utilização livre depósito INVT;372,40;372,40;;;0,00000000000000;
GA05;5M-02-04A;401225;MINIDISJUNTOR TERMOMAG P/SECC 145KV S/LT;UN;1;L2;Utilização livre depósito INVT;3.510,48;3.510,48;;;0,00000000000000;
GA05;5M-02-04A;401534;MINI DISJUNTOR 1P 32A 230/127VCA C;UN;1;L2;Utilização livre depósito INVT;744,26;744,26;;;0,00000000000000;
GA05;5M-02-04A;402379;MINI DISJUNTOR 2P 20A 125VCC/8KA;UN;1;L2;Utilização livre depósito INVT;372,40;372,40;;;0,00000000000000;
GA05;5M-02-04B;110086;DISJUNTOR 1P 10A 230/400VCA CURVA C;UN;2;F3;Utilização livre depósito CUST;28,92;57,84;;;0,00000000000000;
GA05;5M-02-04B;110258;DISJUNTOR 2P 10A 400VCA CURVA C;UN;6;L2;Utilização livre depósito INVT;48,71;292,26;;;0,00000000000000;
GA05;5M-02-04B;110494;DISJUNTOR 1P 16A 230/400VCA CURVA C;UN;3;F3;Utilização livre depósito CUST;30,16;90,48;;;0,00000000000000;
GA05;5M-02-04B;400939;MINI DISJUNTOR 2P 10A 380/220VCA 12KA;UN;2;L2;Utilização livre depósito INVT;138,44;276,88;;;0,00000000000000;
GA05;5M-02-04B;401109;MINI DISJUNTOR 2P 6A 125VCC/8KA;UN;1;L2;Utilização livre depósito INVT;372,40;372,40;;;0,00000000000000;
GA05;5M-02-04B;401207;MINIDISJUNTOR TERMOMAG P/DISJ 145KV;UN;2;L2;Utilização livre depósito INVT;10.750,88;21.501,76;;;0,00000000000000;
GA05;5M-02-04B;401348;MINI DISJUNTOR 1P 10A 230/127VCA C;UN;1;L2;Utilização livre depósito INVT;744,26;744,26;;;0,00000000000000;
GA05;5M-02-04B;401565;MINI DISJUNTOR 2P 10A 125VCC/8KA;UN;1;L2;Utilização livre depósito INVT;372,40;372,40;;;0,00000000000000;
GA05;5M-02-04B;401567;MINI DISJUNTOR 3P 25A 230/400VCA C;UN;1;L2;Utilização livre depósito INVT;744,26;744,26;;;0,00000000000000;
GA05;5M-02-04B;402430;MINI DISJUNTOR 3P 50A 230/400VCA C;UN;1;L2;Utilização livre depósito INVT;744,26;744,26;;;0,00000000000000;
GA05;5M-02-04B;407046;CONTACTOR AUXILIAR 2NA/2NF 220V;PEÇ;2;L2;Utilização livre depósito INVT;9.589,68;19.179,36;;;0,00000000000000;
GA05;5M-02-04C;401367;TERMOSTATO CON TEMP P/GRUPO MOT DIES GER;UN;1;L2;Utilização livre depósito INVT;795,17;795,17;;;0,00000000000000;
GA05;5M-02-04C;402130;HIGROSTATO - SOBRESSALENTE;UN;2;L2;Utilização livre depósito INVT;135,04;270,08;;;0,00000000000000;
GA05;5M-02-04C;402889;TERMOSTATO COMPACTO TIPO KTO 011;UN;22;L2;Utilização livre depósito INVT;36,02;792,44;;;0,00000000000000;
GA05;5M-02-04C;403920;TERMOSTATO 0-60G 230VAC;UN;1;L2;Utilização livre depósito INVT;110,87;110,87;;;0,00000000000000;
GA05;5M-02-04C;403936;TERMOSTATO P/ DISJ DO QSACA/CC 250VCA;UN;6;L2;Utilização livre depósito INVT;361,95;2.171,70;;;0,00000000000000;
GA05;5M-02-04C;403969;TERMOSTATO PARA CALEFATOR 0-60GC 1NF;UN;1;L2;Utilização livre depósito INVT;191,83;191,83;;;0,00000000000000;
GA05;5M-02-04D;401720;PENTE TESTE PARA BLOCO TESTE 6422120G4;UN;1;L2;Utilização livre depósito INVT;2.219,81;2.219,81;;;0,00000000000000;
GA05;5M-02-04D;402544;RELE AUXILIAR 125VCC 20A RK223067AP ABB;UN;4;L2;Utilização livre depósito INVT;2.307,61;9.230,44;;;0,00000000000000;
GA05;5M-02-04D;403953;RELE RAP 14.9.125.0000NDIG 125VDC FINDER;UN;9;L2;Utilização livre depósito INVT;64,36;579,24;;;0,00000000000000;
GA05;5M-02-04D;404577;PENTE DE TESTES P/ PAINEIS E SPCS;UN;1;L2;Utilização livre depósito INVT;2.835,23;2.835,23;;;0,00000000000000;
GA05;5M-02-04E;401745;MINI DISJUNTOR TERM 2P 16A 125/600VCA;UN;13;L2;Utilização livre depósito INVT;63,00;819,00;;;0,00000000000000;
GA05;5M-02-04E;402008;MINI DISJUNTOR TERM 1P 16A 220/600VCA;UN;21;L2;Utilização livre depósito INVT;22,70;476,70;;;0,00000000000000;
GA05;5M-02-04E;402270;MINI DISJUNTOR TERMOM 3P 10A 380V 15KA;UN;11;L2;Utilização livre depósito INVT;96,05;1.056,55;;;0,00000000000000;
GA05;5M-02-04F;110476;CONVERSOR ELETRO OPT RT412 REASON;UN;2;F3;Utilização livre depósito CUST;1.992,38;3.984,76;;;0,00000000000000;
GA05;5M-02-04F;400403;BLOCO TESTE 10P COR 2P RK926315;UN;1;L2;Utilização livre depósito INVT;1.933,47;1.933,47;;;0,00000000000000;
GA05;5M-02-04F;401222;MINIDISJUNTOR TERMOMAG P/QD SERV AUX CA;UN;9;L2;Utilização livre depósito INVT;1.225,50;11.029,50;;;0,00000000000000;
GA05;5M-02-04F;403664;CABO OPTICO 62,5/125 MICRONS MULTIMODO;UN;1;L2;Utilização livre depósito INVT;73,03;73,03;;;0,00000000000000;
GA05;5M-02-05A;401862;MOTOR DISJUNTOR P/GRUPO MOTOR DIES GER;UN;1;L2;Utilização livre depósito INVT;1.987,92;1.987,92;;;0,00000000000000;
GA05;5M-02-05B;110140;DISJUNTOR MOT MPW253DO25 1,62, 5A;UN;2;F3;Utilização livre depósito CUST;0,94;1,88;;;0,00000000000000;
GA05;5M-02-05B;401924;MINI DISJUNTOR 2P 6A;UN;2;L2;Utilização livre depósito INVT;77,70;155,40;;;0,00000000000000;
GA05;5M-02-05B;402270;MINI DISJUNTOR TERMOM 3P 10A 380V 15KA;UN;2;L2;Utilização livre depósito INVT;96,05;192,10;;;0,00000000000000;
GA05;5M-02-05B;403132;MINIDISJUNTOR 1P 10A;UN;2;L2;Utilização livre depósito INVT;44,40;88,80;;;0,00000000000000;
GA05;5M-02-05B;406423;DISJUNTOR MONOPOLAR 16A C;UN;2;L2;Utilização livre depósito INVT;34,24;68,48;;;0,00000000000000;
GA05;5M-02-05B;409007;BLOCO CONTATO AZ ACBS-11;UN;2;L2;Utilização livre depósito INVT;31,08;62,16;;;0,00000000000000;
GA05;5M-02-05B;409008;BLOCO CONTATO MDWH BC1-1;UN;2;L2;Utilização livre depósito INVT;44,40;88,80;;;0,00000000000000;
GA05;5M-02-05B;409013;DISJUNTOR MOTOR P/ TRAFO DE FORÇA;UN;1;L2;Utilização livre depósito INVT;166,50;166,50;;;0,00000000000000;
GA05;5M-02-05B;409016;MINICONTADOR AZ 10A;UN;2;L2;Utilização livre depósito INVT;77,70;155,40;;;0,00000000000000;
GA05;5M-02-05B;409017;RELE SUB/SOBRETENSAO 15-500VCA/CC;UN;2;L2;Utilização livre depósito INVT;888,00;1.776,00;;;0,00000000000000;
GA05;5M-02-05B;409018;RELE SUB/SOBRETENSAO 304-576VCA;UN;1;L2;Utilização livre depósito INVT;832,50;832,50;;;0,00000000000000;
GA05;5M-02-05C;403692;BORNE SEPARACAO 630V 16A;UN;1;L2;Utilização livre depósito INVT;11,17;11,17;;;0,00000000000000;
GA05;5M-02-05C;409015;MINICONTADOR AZ 9A;UN;2;L2;Utilização livre depósito INVT;77,70;155,40;;;0,00000000000000;
GA05;5M-02-05C;409019;RESISTOR POT 100W 6,45 KOHM;UN;6;L2;Utilização livre depósito INVT;832,50;4.995,00;;;0,00000000000000;
GA05;5M-02-05C;805468;MOTORIZACAO DISJUNTOR 110/125VCC;UN;1;F3;Utilização livre depósito CUST;1.186,89;1.186,89;;;0,00000000000000;
GA05;5M-02-05E;402574;RELE AUXILIAR 125VCC 4NA RK216063AP/ABB;UN;2;L2;Utilização livre depósito INVT;1.842,39;3.684,78;;;0,00000000000000;
GA05;5M-02-06A;403631;SOBRESSALENTE DISJ 145KV RESIS AQUEC;UN;2;L2;Utilização livre depósito INVT;609,89;1.219,78;;;0,00000000000000;
GA05;5M-02-06A;403632;SOBRESSALENTE DISJ 145KV RESISTOR AQUEC;UN;1;L2;Utilização livre depósito INVT;302,23;302,23;;;0,00000000000000;
GA05;5M-02-06A;403776;SOBRESSAL DISJUNTOR 145KV TERMOSTATO;UN;2;L2;Utilização livre depósito INVT;434,62;869,24;;;0,00000000000000;
GA05;5M-02-06A;403805;SOBRESSALENTE CUBIC 15KV RELE AUX;UN;3;L2;Utilização livre depósito INVT;289,57;868,71;;;0,00000000000000;
GA05;5M-02-06A;805464;SOBRESSALENTE CUBIC 15KV BOB ABERT DISJ;UN;3;F3;Utilização livre depósito CUST;443,01;1.329,03;;;0,00000000000000;
GA05;5M-02-06B;403766;SOBRESSALENTE CUBIC 15KV PARA-R ZNO 12KV;UN;3;L2;Utilização livre depósito INVT;1.845,83;5.537,49;;;0,00000000000000;
GA05;5M-02-06B;403798;SOBRESSALENTE 15KV SINALEIRO VERMELHO;UN;12;L2;Utilização livre depósito INVT;34,06;408,72;;;0,00000000000000;
GA05;5M-02-06B;403799;SOBRESSALENTE DISJ 145KV DENSIMETRO;UN;3;L2;Utilização livre depósito INVT;2.231,74;6.695,22;;;0,00000000000000;
GA05;5M-02-06C;403608;SOBRESSALENTE DISJ 145KV TERMOSTATO;UN;1;L2;Utilização livre depósito INVT;589,55;589,55;;;0,00000000000000;
GA05;5M-02-06C;403619;SOBRESSALENTE MINIDISJ BIPOLAR S202-C10;UN;8;L2;Utilização livre depósito INVT;931,88;7.455,04;;;0,00000000000000;
GA05;5M-02-06C;403764;SOBRESSALENTE DISJ MINIDISJ MONOP;UN;1;L2;Utilização livre depósito INVT;572,84;572,84;;;0,00000000000000;
GA05;5M-02-06C;403806;SOBRESSALENTE DISJ MINIDISJ BIPOLAR;UN;3;L2;Utilização livre depósito INVT;991,77;2.975,31;;;0,00000000000000;
GA05;5M-02-06C;403811;SOBRESSALENTE MINIDISJ MONOP S201-K4;UN;4;L2;Utilização livre depósito INVT;1.084,81;4.339,24;;;0,00000000000000;
GA05;5M-02-06C;403898;SOBRESSALENTE DISJ 145KV KIT SF6;UN;1;L2;Utilização livre depósito INVT;3.458,01;3.458,01;;;0,00000000000000;
GA05;5M-02-06C;403930;SOBRESSALENTE CUBIC 15KV BOBINA FECHAM;UN;3;L2;Utilização livre depósito INVT;661,59;1.984,77;;;0,00000000000000;
GA05;5M-02-06C;403949;SOBRESSALENTE DISJ 145KV BOBINA FECHAM;UN;2;L2;Utilização livre depósito INVT;1.598,27;3.196,54;;;0,00000000000000;
GA05;5M-02-06C;403986;SOBRESSAL DISJUNTOR 145KV BOBINA FECHAM;UN;1;L2;Utilização livre depósito INVT;1.229,45;1.229,45;;;0,00000000000000;
GA05;5M-02-06D;405424;CARGA SILICA-GEL;UN;64;L2;Utilização livre depósito INVT;88,80;5.683,20;;;0,00000000000000;
GA05;PATIO INTERNO;400258;TRAFO CRTE 72,5KV 2000-5A 2X0,3C50;UN;19;L2;Utilização livre depósito INVT;12.553,07;238.508,33;;;0,00000000000000;
GA05;SALA  FRIA;400175;PAINEL QUADRO PROT CONT- QPC-4LT2;UN;1;L2;Utilização livre depósito INVT;76.441,11;76.441,11;;;0,00000000000000;
GA05;SALA  FRIA;400868;PAINEL QUADRO PROT CONT- QPC1-4TR1;UN;1;L2;Utilização livre depósito INVT;76.411,11;76.411,11;;;0,00000000000000;
GA05;SALA  FRIA;401204;PAINEL QUADRO PROT CONT- QPC-4LT5;UN;1;L2;Utilização livre depósito INVT;76.441,11;76.441,11;;;0,00000000000000;
GA05;SALA  FRIA;401766;PAINEL QUADRO PROT CONT- QPC-4LT3;UN;1;L2;Utilização livre depósito INVT;76.441,11;76.441,11;;;0,00000000000000;
GA05;SALA  FRIA;402349;PAINEL QUADRO PROT CONT- QPC-4LT1;UN;1;L2;Utilização livre depósito INVT;76.441,11;76.441,11;;;0,00000000000000;
GA05;SALA  FRIA;402523;PAINEL COMPOSTO 2 7SJ6475-5EB92-1FE4+L0S;UN;1;L2;Utilização livre depósito INVT;56.914,24;56.914,24;;;0,00000000000000;
GA05;SALA  FRIA;402838;PAINEL COMPOSTO 1 7SJ6475-5EB92-1FE4+L0S;UN;1;L2;Utilização livre depósito INVT;61.648,10;61.648,10;;;0,00000000000000;
GA06;LONADO;110195;ESCADA FBV EXT 5,10X9,00M 29DEG 30KG;UN;26;F3;Utilização livre depósito CUST;1.083,53;28.171,78;;;0,00000000000000;
GA06;LONADO;400304;CUBICULO 15KV SERV AUX TSA1/TSA2 400A EX;UN;1;L2;Utilização livre depósito INVT;54.365,00;54.365,00;RCAVALCANTE;05/08/2024;1;UN
GA06;LONADO;400427;CAPACITOR 1F 350KVAR 8,66KV AUTOM;UN;64;L2;Utilização livre depósito INVT;4.016,33;257.045,12;;;0,00000000000000;
GA06;LONADO;401076;CUBICULO EXT 15KV 110KV 20kA 700A 1600A;UN;2;L2;Utilização livre depósito INVT;298.550,99;597.101,98;;;0,00000000000000;
GA06;LONADO;401304;PARA-RAIO POLIM EST ZNO 120KV 10KA;UN;6;L2;Utilização livre depósito INVT;12.846,96;77.081,76;;;0,00000000000000;
GA06;LONADO;401898;DISJUNTOR 3P 72,5KV, 2000A, 31,5KA, GAS;UN;3;L2;Utilização livre depósito INVT;61.331,70;183.995,10;;;0,00000000000000;
GA06;LONADO;402623;CONJUNTO CUBICULOS 15KV;CJ;1;L2;Utilização livre depósito INVT;881.158,03;881.158,03;;;0,00000000000000;
GA06;LONADO;403103;BUCHA CONDENSIVA POLIMERICA 138KV 1250A;UN;1;L2;Utilização livre depósito INVT;234.188,21;234.188,21;;;0,00000000000000;
GA06;LONADO;403797;BANCO DE CAPACITOR 3F 15KV 3,6MVAR FIXO;UN;7;L2;Utilização livre depósito INVT;160.365,16;1.122.556,12;;;0,00000000000000;
GA06;LONADO;405258;SOBRESS. PORTA-FUSIVEL C/ ELO DO BANCO;UN;10;L2;Utilização livre depósito INVT;244,68;2.446,80;;;0,00000000000000;
GA06;LONADO;405261;CAPACITOR 1F 350KVAR 8,66KV MANUAL;UN;8;L2;Utilização livre depósito INVT;5.143,46;41.147,68;;;0,00000000000000;
GA06;LONADO;409009;BUCHA CONDENSIVA 650 KV 1.600A POLIMER;UN;1;L2;Utilização livre depósito INVT;50.172,00;50.172,00;;;0,00000000000000;
GA06;LONADO;409797;REATOR P/ BANCO CAP. 15KV 4,2MVAR 400A;UN;9;L2;Utilização livre depósito INVT;3.669,91;33.029,19;;;0,00000000000000;
GA06;LONADO;409798;CAIXA DE COMANDO ELN MOD 4,2 MVAR;UN;2;L2;Utilização livre depósito INVT;5.715,40;11.430,80;;;0,00000000000000;
GA06;LONADO;409799;MAT P/MONT BANCO CAPACITOR 15KV 4,2MVAR;UN;1;L2;Utilização livre depósito INVT;38.849,29;38.849,29;;;0,00000000000000;
GA06;LONADO;804736;ESCADAS SINGELA ATE 4,0M, 12 DEGRAUS;UN;8;F3;Utilização livre depósito CUST;469,32;3.754,56;;;0,00000000000000;
PA01;PATIO01;400256;TRAFO DE FORCA 26,6MVA 3F 72,5-15KV;UN;1;L2;Utilização livre depósito INVT;956.959,00;956.959,00;;;0,00000000000000;
PA01;PATIO01;400282;TRAFO DE FORCA 15MVA 3F 69-13,8KV;UN;1;L2;Utilização livre depósito INVT;180.566,58;180.566,58;;;0,00000000000000;
PA01;PATIO01;400442;CABO  MULT 2X16+1X16MM² XLPE 0,6/1 KV;M;4.668;L2;Utilização livre depósito INVT;4,66;21.752,88;;;0,00000000000000;
PA01;PATIO01;400443;CABO  MULT 2X25+1X25MM² XLPE 0,6/1 KV;M;5.752;L2;Utilização livre depósito INVT;6,97;40.091,44;;;0,00000000000000;
PA01;PATIO01;400459;CABO ELETR 15KV AL PROT XLPE 35MM2 1F MT;M;1.788;L2;Utilização livre depósito INVT;4,92;8.796,96;;;0,00000000000000;
PA01;PATIO01;400460;CABO ELET NU CA AL 2/0AWG 67,40MM2 ASTER;KG;5.965;L2;Utilização livre depósito INVT;27,37;163.262,05;;;0,00000000000000;
PA01;PATIO01;400474;CABO  MULT 3X70+1X70 MM² XLPE 0,6/1 KV;M;5.737;L2;Utilização livre depósito INVT;27,92;160.177,04;;;0,00000000000000;
PA01;PATIO01;400481;CABO  MULT 3X16+1X16MM² XLPE 0,6/1 KV;M;1.629;L2;Utilização livre depósito INVT;6,33;10.311,57;;;0,00000000000000;
PA01;PATIO01;400487;CABO  MULT 3X120+1X120MM² XLPE 0,6/1 KV;M;5.091;L2;Utilização livre depósito INVT;54,84;279.190,44;;;0,00000000000000;
PA01;PATIO01;400603;CABO NU CA AL 4/0 AWG 7X4,417MM OXLIP;KG;5.210,500;L2;Utilização livre depósito INVT;28,62;149.124,51;;;0,00000000000000;
PA01;PATIO01;400730;CABO ELET 15KV AL PROT XLPE 185MM2 1F MT;M;38.742;L2;Utilização livre depósito INVT;17,94;695.031,48;;;0,00000000000000;
PA01;PATIO01;400821;CABO ELET 15KV AL PROT XLPE 120MM2 1F MT;M;2.075;L2;Utilização livre depósito INVT;13,16;27.307,00;;;0,00000000000000;
PA01;PATIO01;400908;MAO FRANCESA BECO AC 1970MM 45X45X45MM;UN;1.750;L2;Utilização livre depósito INVT;88,98;155.715,00;;;0,00000000000000;
PA01;PATIO01;401396;CABO  MULT 3X25+1X25 MM² XLPE 0,6/1 KV;M;4.650;L2;Utilização livre depósito INVT;10,15;47.197,50;;;0,00000000000000;
PA01;PATIO01;401791;CABO AL CONCENTRICO 1F 1X10+10MM2;M;87.058;L2;Utilização livre depósito INVT;4,44;386.537,52;;;0,00000000000000;
PA01;PATIO01;402044;TRAFO DE FORCA 40MVA 3F 145-15KV;UN;4;L2;Utilização livre depósito INVT;1.567.870,00;6.271.480,00;;;0,00000000000000;
PA01;PATIO01;402318;CABO  MULT 3X120+1X70MM² XLPE 0,6/1 KV;M;20.759;L2;Utilização livre depósito INVT;47,09;977.541,31;;;0,00000000000000;
PA01;PATIO01;402397;CABO ELET NU CA 1/0AWG 53,5 MM2 POPPY;KG;28.086;L2;Utilização livre depósito INVT;28,96;813.370,56;;;0,00000000000000;
PA01;PATIO01;403574;CABO AL CONCENTRICO 3F 3X95+95MM2;M;14.893;L2;Utilização livre depósito INVT;74,34;1.107.145,62;;;0,00000000000000;
PA01;PATIO01;404009;CABO AL CONCENTRICO 1F 1x16+16MM2;M;39.700;L2;Utilização livre depósito INVT;5,91;234.627,00;;;0,00000000000000;
PA01;PATIO01;404170;"CONJ MEDICAO 15KV; 70:1; 200-5A; USO EXT";UN;1;L2;Utilização livre depósito INVT;35.108,55;35.108,55;;;0,00000000000000;
PA01;PATIO01;406694;TRAFO DE FORCA 40MVA 3F 69-13,8KV;UN;1;L2;Utilização livre depósito INVT;250.000,00;250.000,00;;;0,00000000000000;
PA01;PATIO01;407336;CABO ELETR 15KV AL PROT XLPE 70MM2 1F MT;M;7.371;L2;Utilização livre depósito INVT;7,72;56.904,12;;;0,00000000000000;
PA01;PATIO01;408291;CABO AL CONCENTRICO 2F 2X25+25MM2;M;32.166;L2;Utilização livre depósito INVT;18,32;589.281,12;;;0,00000000000000;
PA01;PATIO01;409688;TRAFO SERV AUX 112,5KVA 13,8KV 380/220V;UN;1;L2;Utilização livre depósito INVT;23.289,09;23.289,09;;;0,00000000000000;
PA01;PATIO01;409696;CABO MULT 3X120+1X95MM² XLPE 0,6/1 KV;M;6.924,500;L2;Utilização livre depósito INVT;50,70;351.072,15;;;0,00000000000000;
PA01;PATIO01;409737;"CONJ MEDICAO 15KV; 70:1; 400-5A; USO EXT";UN;2;L2;Utilização livre depósito INVT;37.295,64;74.591,28;;;0,00000000000000;
PA01;PATIO01 CUSTEIO;800058;CABO  MULT 3X120+1X70MM² XLPE 0,6/1 KV;M;874;F3;Utilização livre depósito CUST;45,99;40.195,26;;;0,00000000000000;
PA01;PATIO01 CUSTEIO;800060;CABO ELET 15KV AL PROT XLPE 185MM2 1F MT;M;1.971;F3;Utilização livre depósito CUST;18,33;36.128,43;;;0,00000000000000;
PA01;PATIO01 CUSTEIO;800163;CABO ELET NU CA AL 2/0AWG 67,40MM2;KG;6.050;F3;Utilização livre depósito CUST;28,29;171.154,50;;;0,00000000000000;
PA01;PATIO01 CUSTEIO;800676;CABO  MULT 3X95+1X70MM² XLPE 0,6/1 KV;M;356;F3;Utilização livre depósito CUST;33,21;11.822,76;;;0,00000000000000;
PA01;PATIO01 CUSTEIO;800682;CABO NU CA AL 4/0 AWG 7X4,417MM OXLIP;KG;4.588,500;F3;Utilização livre depósito CUST;28,57;131.093,45;;;0,00000000000000;
PA01;PATIO01 CUSTEIO;800762;CABO  MULT 3X70+1X70 MM² XLPE 0,6/1 KV;M;4.711;F3;Utilização livre depósito CUST;27,11;127.715,21;;;0,00000000000000;
PA01;PATIO01 CUSTEIO;800775;CABO  MULT 2X25+1X25MM² XLPE 0,6/1 KV;M;1.246;F3;Utilização livre depósito CUST;6,48;8.074,08;;;0,00000000000000;
PA01;PATIO01 CUSTEIO;800810;CABO ELET 15KV AL PROT XLPE 120MM2 1F MT;M;744;F3;Utilização livre depósito CUST;12,42;9.240,48;;;0,00000000000000;
PA01;PATIO01 CUSTEIO;800975;CABO  MULT 3X16+1X16MM² XLPE 0,6/1 KV;M;1.443;F3;Utilização livre depósito CUST;6,27;9.047,61;;;0,00000000000000;
PA01;PATIO01 CUSTEIO;800981;CABO ELETR 15KV AL PROT XLPE 35MM2 1F MT;M;1.220;F3;Utilização livre depósito CUST;4,67;5.697,40;;;0,00000000000000;
PA01;PATIO01 CUSTEIO;801079;CABO ELET NU CA 1/0AWG 53,5 MM2 POPPY;KG;5.472;F3;Utilização livre depósito CUST;28,95;158.414,40;;;0,00000000000000;
PA01;PATIO01 CUSTEIO;801189;CABO  MULT 3X25+1X25 MM² XLPE 0,6/1 KV;M;1.700;F3;Utilização livre depósito CUST;9,16;15.572,00;;;0,00000000000000;
PA01;PATIO01 CUSTEIO;802238;CABO  MULT 3X120+1X120MM² XLPE 0,6/1 KV;M;1.630;F3;Utilização livre depósito CUST;52,23;85.134,90;;;0,00000000000000;
PA01;PATIO01 CUSTEIO;804637;CABO AL CONCENTRICO 3F 3X10+10MM2;M;1.000;F3;Utilização livre depósito CUST;11,97;11.970,00;;;0,00000000000000;
PA01;PATIO01 CUSTEIO;804638;CABO AL CONCENTRICO 2F 2X25+25MM2;M;1.000;F3;Utilização livre depósito CUST;18,37;18.370,00;;;0,00000000000000;
PA01;PATIO01 CUSTEIO;805324;CABO MULT 3X120+1X95MM² XLPE 0,6/1 KV;M;2.360;F3;Utilização livre depósito CUST;46,94;110.778,40;;;0,00000000000000;
PA02;P2-01-01A;800371;CINTA POSTE CIRC ACO 150MM;UN;186;F3;Utilização livre depósito CUST;13,72;2.551,92;;;0,00000000000000;
PA02;P2-01-01A;800861;CINTA POSTE CIRC ACO 170MM;UN;198;F3;Utilização livre depósito CUST;7,51;1.486,98;;;0,00000000000000;
PA02;P2-01-01A;801049;CINTA POSTE CIRC ACO 125MM;UN;10;F3;Utilização livre depósito CUST;32,13;321,30;;;0,00000000000000;
PA02;P2-01-01A;801237;CINTA POSTE CIRC ACO 140MM;UN;130;F3;Utilização livre depósito CUST;24,06;3.127,80;;;0,00000000000000;
PA02;P2-01-01A;801304;CINTA POSTE CIRC ACO 160MM;UN;172;F3;Utilização livre depósito CUST;16,23;2.791,56;;;0,00000000000000;
PA02;P2-01-02A;401403;CINTA POSTE CIRC ACO 160MM;UN;99;L2;Utilização livre depósito INVT;9,97;987,03;;;0,00000000000000;
PA02;P2-01-02A;402065;CINTA POSTE CIRC ACO 180MM;UN;84;L2;Utilização livre depósito INVT;15,75;1.323,00;;;0,00000000000000;
PA02;P2-01-02A;800266;CINTA POSTE CIRC ACO 230MM;UN;102;F3;Utilização livre depósito CUST;15,80;1.611,60;;;0,00000000000000;
PA02;P2-01-02A;801346;CINTA POSTE CIRC ACO 220MM;UN;88;F3;Utilização livre depósito CUST;16,24;1.429,12;;;0,00000000000000;
PA02;P2-01-02A;803339;CINTA POSTE CIRC ACO 210MM;UN;99;F3;Utilização livre depósito CUST;37,51;3.713,49;;;0,00000000000000;
PA02;P2-01-03A;401438;CINTA POSTE CIRC ACO 270MM;UN;206;L2;Utilização livre depósito INVT;23,32;4.803,92;;;0,00000000000000;
PA02;P2-01-03A;800263;CINTA POSTE CIRC ACO 320MM;UN;81;F3;Utilização livre depósito CUST;26,24;2.125,44;;;0,00000000000000;
PA02;P2-01-03A;800372;CINTA POSTE CIRC ACO 280MM;UN;145;F3;Utilização livre depósito CUST;9,02;1.307,90;;;0,00000000000000;
PA02;P2-01-03A;801077;CINTA POSTE CIRC ACO 270MM;UN;110;F3;Utilização livre depósito CUST;11,75;1.292,50;;;0,00000000000000;
PA02;P2-01-03A;801202;CINTA POSTE ACO 290MM;UN;131;F3;Utilização livre depósito CUST;37,70;4.938,70;;;0,00000000000000;
PA02;P2-01-03A;801210;CINTA POSTE CIRC ACO 300MM;UN;202;F3;Utilização livre depósito CUST;29,67;5.993,34;;;0,00000000000000;
PA02;P2-01-04A;800760;SUPORTE TRANSF POSTE DUP T AC 210X115MM;UN;70;F3;Utilização livre depósito CUST;129,59;9.071,30;;;0,00000000000000;
PA02;P2-01-04A;801386;SUPORTE TRANSF POSTE DUP T AC 210X125MM;UN;5;F3;Utilização livre depósito CUST;152,35;761,75;;;0,00000000000000;
PA02;P2-01-04A;801398;SUPORTE TRANSF POSTE DUP T AC 230X125MM;UN;28;F3;Utilização livre depósito CUST;161,67;4.526,76;;;0,00000000000000;
PA02;P2-01-05A;800671;SUPORTE TRANSF POSTE CIRC AC 220MM;UN;84;F3;Utilização livre depósito CUST;49,34;4.144,56;;;0,00000000000000;
PA02;P2-01-05A;800712;SUPORTE TRANSF POSTE CIRC AC 200MM;UN;36;F3;Utilização livre depósito CUST;96,33;3.467,88;;;0,00000000000000;
PA02;P2-01-05A;801267;SUPORTE TRANSF POSTE CIRC AC 240MM;UN;19;F3;Utilização livre depósito CUST;43,93;834,67;;;0,00000000000000;
PA02;P2-01-05A;803158;SUPORTE TRANSF POSTE CIRC AC 230MM;UN;10;F3;Utilização livre depósito CUST;66,28;662,80;;;0,00000000000000;
PA02;P2-01-06A;800013;SUPORTE TRANSF POSTE CIRC AC 270MM;UN;72;F3;Utilização livre depósito CUST;109,73;7.900,56;;;0,00000000000000;
PA02;P2-01-06A;800727;SUPORTE TRANSF POSTE CIRC AC 280MM;UN;42;F3;Utilização livre depósito CUST;42,34;1.778,28;;;0,00000000000000;
PA02;P2-01-06A;800928;SUPORTE TRANSF POSTE CIRC AC 255MM;UN;9;F3;Utilização livre depósito CUST;33,85;304,65;;;0,00000000000000;
PA02;P2-01-06A;805184;SUPORTE TRANSF POSTE CIRC AC 250MM;UN;114;F3;Utilização livre depósito CUST;75,67;8.626,38;;;0,00000000000000;
PA02;P2-01-07A;800006;SUPORTE TRANSF POSTE CIRC AC 290MM;UN;6;F3;Utilização livre depósito CUST;187,03;1.122,18;;;0,00000000000000;
PA02;P2-01-08A;800473;BRACO L A1010/1020 3/8P16P;UN;113;F3;Utilização livre depósito CUST;66,43;7.506,59;;;0,00000000000000;
PA02;P2-01-08A;800522;MAO FRANCESA BECO AC 1970MM 45X45X45MM;UN;50;F3;Utilização livre depósito CUST;108,35;5.417,50;;;0,00000000000000;
PA02;P2-01-09A;402490;SUPORTE AFAST HORIZ C/PRENSA REDE 15KV;UN;4;L2;Utilização livre depósito INVT;335,58;1.342,32;;;0,00000000000000;
PA02;P2-01-10A;401017;SUPORTE Z AC REDE COMPACTA 400 DAN;UN;320;L2;Utilização livre depósito INVT;16,75;5.360,00;;;0,00000000000000;
PA02;P2-01-10A;802303;BRAÇO SUPORTE TIPO L HORIZONTAL  15 KV;UN;30;F3;Utilização livre depósito CUST;116,99;3.509,70;;;0,00000000000000;
PA02;P2-01-11A;800192;AFASTADOR REDE SEC AC 700MM 500MM;UN;12;F3;Utilização livre depósito CUST;160,97;1.931,64;;;0,00000000000000;
PA02;P2-01-11A;801161;SUPORTE Z AC REDE COMPACTA 400 DAN;UN;96;F3;Utilização livre depósito CUST;16,75;1.608,00;;;0,00000000000000;
PA02;P2-02-01A;400492;CINTA POSTE CIRC ACO 170MM;UN;973;L2;Utilização livre depósito INVT;7,94;7.725,62;;;0,00000000000000;
PA02;P2-02-01A;401403;CINTA POSTE CIRC ACO 160MM;UN;169;L2;Utilização livre depósito INVT;9,97;1.684,93;;;0,00000000000000;
PA02;P2-02-01A;401559;CINTA POSTE CIRC ACO 140MM;UN;164;L2;Utilização livre depósito INVT;24,03;3.940,92;;;0,00000000000000;
PA02;P2-02-01A;402065;CINTA POSTE CIRC ACO 180MM;UN;156;L2;Utilização livre depósito INVT;15,75;2.457,00;;;0,00000000000000;
PA02;P2-02-01A;402332;CINTA POSTE CIRC ACO 150MM;UN;19;L2;Utilização livre depósito INVT;10,60;201,40;;;0,00000000000000;
PA02;P2-02-01A;402955;CINTA POSTE CIRC ACO 210MM;UN;458;L2;Utilização livre depósito INVT;32,34;14.811,72;;;0,00000000000000;
PA02;P2-02-02A;400344;CINTA POSTE ACO 290MM;UN;5;L2;Utilização livre depósito INVT;37,65;188,25;;;0,00000000000000;
PA02;P2-02-02A;400484;CINTA POSTE CIRC ACO 280MM;UN;97;L2;Utilização livre depósito INVT;15,83;1.535,51;;;0,00000000000000;
PA02;P2-02-02A;400771;CINTA POSTE ACO 260MM;UN;172;L2;Utilização livre depósito INVT;24,78;4.262,16;;;0,00000000000000;
PA02;P2-02-02A;402247;CINTA POSTE CIRC ACO 320MM;UN;27;L2;Utilização livre depósito INVT;19,05;514,35;;;0,00000000000000;
PA02;P2-02-03A;402878;SUPORTE TRAFO POSTE CONC DUP T 185X95MM;UN;13;L2;Utilização livre depósito INVT;61,71;802,23;;;0,00000000000000;
PA02;P2-02-03A;403666;CINTA POSTE CIRC ACO 365MM;UN;31;L2;Utilização livre depósito INVT;83,23;2.580,13;;;0,00000000000000;
PA02;P2-02-03A;404052;CINTA POSTE CIRC ACO 360MM;UN;337;L2;Utilização livre depósito INVT;14,84;5.001,08;;;0,00000000000000;
PA02;P2-02-03A;408349;CINTA POSTE CIRC ACO 370MM;UN;7;L2;Utilização livre depósito INVT;87,26;610,82;;;0,00000000000000;
PA02;P2-02-03A;409650;SUPORTE TRAFO POSTE CONC DUP T 185X80MM;UN;31;L2;Utilização livre depósito INVT;27,23;844,13;;;0,00000000000000;
PA02;P2-02-03A;802992;CINTA POSTE CIRC ACO 370MM;UN;17;F3;Utilização livre depósito CUST;83,23;1.414,91;;;0,00000000000000;
PA02;P2-02-04A;402452;SUPORTE TRANSF POSTE CIRC AC 200MM;UN;111;L2;Utilização livre depósito INVT;98,14;10.893,54;;;0,00000000000000;
PA02;P2-02-04A;403527;SUPORTE TRANSF POSTE DUP T AC 185X125MM;UN;45;L2;Utilização livre depósito INVT;45,68;2.055,60;;;0,00000000000000;
PA02;P2-02-04A;409641;SUPORTE TRANSF POSTE CIRC AC 210MM;UN;173;L2;Utilização livre depósito INVT;61,42;10.625,66;;;0,00000000000000;
PA02;P2-02-05A;401165;SUPORTE TRANSF POSTE CIRC AC 240MM;UN;154;L2;Utilização livre depósito INVT;37,44;5.765,76;;;0,00000000000000;
PA02;P2-02-05A;402292;SUPORTE TRANSF POSTE CIRC AC 220MM;UN;29;L2;Utilização livre depósito INVT;49,12;1.424,48;;;0,00000000000000;
PA02;P2-02-05A;402689;SUPORTE TRANSF POSTE CIRC AC 230MM;UN;145;L2;Utilização livre depósito INVT;63,32;9.181,40;;;0,00000000000000;
PA02;P2-02-05A;402720;SUPORTE TRANSF POSTE CIRC AC 225MM;UN;50;L2;Utilização livre depósito INVT;11,26;563,00;;;0,00000000000000;
PA02;P2-02-06A;401014;SUPORTE TRANSF POSTE CIRC AC 280MM;UN;79;L2;Utilização livre depósito INVT;71,20;5.624,80;;;0,00000000000000;
PA02;P2-02-06A;401709;SUPORTE TRANSF POSTE CIRC AC 290MM;UN;85;L2;Utilização livre depósito INVT;175,03;14.877,55;;;0,00000000000000;
PA02;P2-02-06A;402443;SUPORTE TRANSF POSTE CIRC AC 270MM;UN;4;L2;Utilização livre depósito INVT;105,18;420,72;;;0,00000000000000;
PA02;P2-02-06A;404818;SUPORTE TRAFO CIRCULAR 285MM;UN;117;L2;Utilização livre depósito INVT;68,60;8.026,20;;;0,00000000000000;
PA02;P2-02-07A;401657;MAO FRANCESA BECO AC 2135MM 35MMX5MM;UN;1;L2;Utilização livre depósito INVT;145,22;145,22;;;0,00000000000000;
PA02;PATIO02;400478;CINTA POSTE CIRC ACO 190MM;UN;216;L2;Utilização livre depósito INVT;23,29;5.030,64;;;0,00000000000000;
PA02;PATIO02;400496;CINTA POSTE CIRC ACO 240MM;UN;284;L2;Utilização livre depósito INVT;28,64;8.133,76;;;0,00000000000000;
PA02;PATIO02;401375;AFASTADOR REDE SEC AC 700MM 500MM;UN;1.559;L2;Utilização livre depósito INVT;157,78;245.979,02;;;0,00000000000000;
PA02;PATIO02;401438;CINTA POSTE CIRC ACO 270MM;UN;595;L2;Utilização livre depósito INVT;23,32;13.875,40;;;0,00000000000000;
PA02;PATIO02;401485;BRACO SUPORTE TIPO C 580X365MM 851/6;UN;864;L2;Utilização livre depósito INVT;107,91;93.234,24;;;0,00000000000000;
PA02;PATIO02;401576;CINTA POSTE CIRC ACO 220MM;UN;31;L2;Utilização livre depósito INVT;23,55;730,05;;;0,00000000000000;
PA02;PATIO02;402017;SUPORTE TRANSF POSTE DUP T AC 210X125MM;UN;28;L2;Utilização livre depósito INVT;154,38;4.322,64;;;0,00000000000000;
PA02;PATIO02;402026;CINTA POSTE CIRC ACO 230MM;UN;92;L2;Utilização livre depósito INVT;23,96;2.204,32;;;0,00000000000000;
PA02;PATIO02;402106;BRACO L A1010/1020 3/8P16P;UN;632;L2;Utilização livre depósito INVT;73,58;46.502,56;;;0,00000000000000;
PA02;PATIO02;402202;CINTA POSTE CIRC ACO 250MM;UN;659;L2;Utilização livre depósito INVT;28,40;18.715,60;;;0,00000000000000;
PA02;PATIO02;402490;SUPORTE AFAST HORIZ C/PRENSA REDE 15KV;UN;11;L2;Utilização livre depósito INVT;335,58;3.691,38;;;0,00000000000000;
PA02;PATIO02;403168;SUPORTE PARA CAIXA SMC;UN;84;L2;Utilização livre depósito INVT;188,06;15.797,04;;;0,00000000000000;
PA02;PATIO02;800256;BRACO SUPORTE TIPO C 580X365MM 851/6;UN;225;F3;Utilização livre depósito CUST;135,26;30.433,50;;;0,00000000000000;
PA02;PATIO02;800473;BRACO L A1010/1020 3/8P16P;UN;2;F3;Utilização livre depósito CUST;66,43;132,86;;;0,00000000000000;
PA02;PATIO02;800991;MAO FRANCESA BECO AC 2135MM 35MMX5MM;UN;130;F3;Utilização livre depósito CUST;138,44;17.997,20;;;0,00000000000000;
PA02;PATIO02;801044;CINTA POSTE CIRC ACO 190MM;UN;117;F3;Utilização livre depósito CUST;23,28;2.723,76;;;0,00000000000000;
PA02;PATIO02;802303;BRAÇO SUPORTE TIPO L HORIZONTAL  15 KV;UN;31;F3;Utilização livre depósito CUST;116,99;3.626,69;;;0,00000000000000;
PA02;PATIO02 DTM;402504;CHAVE SECC 3P C/LT 72,5KV 2000A 31,5KA;UN;2;L2;Utilização livre depósito INVT;24.326,65;48.653,30;;;0,00000000000000;
PA02;PATIO02 DTM;402834;CHAVE SECC 3P 72,5KV S/LT 2000A VERT;UN;102;L2;Utilização livre depósito INVT;18.523,09;1.889.355,18;;;0,00000000000000;
PA03;PATIO03;400051;TRAFO AER 3F 15KV 225KVA 220/127V 7TP;UN;20;L2;Utilização livre depósito INVT;34.591,73;691.834,60;;;0,00000000000000;
PA03;PATIO03;400072;TRAFO AER 1F 7,96KV 5KVA 240/120V 7TP;UN;52;L2;Utilização livre depósito INVT;4.410,51;229.346,52;;;0,00000000000000;
PA03;PATIO03;400073;TRAFO AER 3F 15KV 45KVA 220/127V 7TP;UN;1;L2;Utilização livre depósito INVT;12.904,08;12.904,08;;;0,00000000000000;
PA03;PATIO03;400216;POSTE FIBRA VIDRO 9M 200DAN;UN;1;L2;Utilização livre depósito INVT;1.454,81;1.454,81;;;0,00000000000000;
PA03;PATIO03;400221;POSTE FIBRA VIDRO E-CR 11M 300DAN;UN;3;L2;Utilização livre depósito INVT;2.129,09;6.387,27;;;0,00000000000000;
PA03;PATIO03;400226;REGULADOR TENSÃO 1F 276KVA 13,8KV 200A;UN;5;L2;Utilização livre depósito INVT;44.619,41;223.097,05;;;0,00000000000000;
PA03;PATIO03;400288;TRAFO AER 3F 15KV 112,5KVA 220/127V 7TP;UN;20;L2;Utilização livre depósito INVT;22.792,81;455.856,20;;;0,00000000000000;
PA03;PATIO03;400968;POSTE FIBRA VIDRO 11M 200DAN;UN;50;L2;Utilização livre depósito INVT;1.912,30;95.615,00;;;0,00000000000000;
PA03;PATIO03;401193;TRAFO AER 1F 7,96KV 15KVA 240/120V 7TP;UN;6;L2;Utilização livre depósito INVT;7.206,53;43.239,18;;;0,00000000000000;
PA03;PATIO03;401260;POSTE CONCRETO TRON CON 9M 1000KGF;UN;23;L2;Utilização livre depósito INVT;2.818,21;64.818,83;;;0,00000000000000;
PA03;PATIO03;401296;POSTE CONCRETO TRON CON 11M 600KGF;UN;43;L2;Utilização livre depósito INVT;2.214,93;95.241,99;;;0,00000000000000;
PA03;PATIO03;401324;TRAFO AER 3F 15KV 30KVA 220/127V 7TP;UN;3;L2;Utilização livre depósito INVT;10.395,14;31.185,42;;;0,00000000000000;
PA03;PATIO03;401360;POSTE FIBRA VIDRO E-CR 9M 300DAN;UN;45;L2;Utilização livre depósito INVT;1.665,29;74.938,05;;;0,00000000000000;
PA03;PATIO03;402132;TRAFO AER 1F 15KV 25KVA 240/120V 7TP;UN;10;L2;Utilização livre depósito INVT;10.003,90;100.039,00;;;0,00000000000000;
PA03;PATIO03;402525;CRUZETA POLIMERICA 5000X112,5X90MM;UN;42;L2;Utilização livre depósito INVT;500,43;21.018,06;;;0,00000000000000;
PA03;PATIO03;402617;REGULADOR TENSAO 1F 167 KVA 7,96KV 219A;UN;3;L2;Utilização livre depósito INVT;104.318,44;312.955,32;;;0,00000000000000;
PA03;PATIO03;402650;POSTE CONCRETO DUPLO T 9 M 600 DAN;UN;134;L2;Utilização livre depósito INVT;1.454,03;194.840,02;;;0,00000000000000;
PA03;PATIO03;402847;POSTE CONC DUPL T 9 M 300 DAN;UN;200;L2;Utilização livre depósito INVT;1.091,09;218.218,00;;;0,00000000000000;
PA03;PATIO03;402860;REGULADOR TENSAO 1F 250 KVA 7,62KV 328A;UN;15;L2;Utilização livre depósito INVT;85.249,80;1.278.747,00;;;0,00000000000000;
PA03;PATIO03;403161;PONTALETE FBV 100MM 6M;UN;772;L2;Utilização livre depósito INVT;342,31;264.263,32;;;0,00000000000000;
PA03;PATIO03;407355;CRUZETA POL FBV/RES 2400X112,5X90MM DAT;UN;925;L2;Utilização livre depósito INVT;187,25;173.206,25;;;0,00000000000000;
PA03;PATIO03;409620;REGULADOR TENSAO 1F 333KVA 7,96KV 438A;UN;15;L2;Utilização livre depósito INVT;139.736,63;2.096.049,45;;;0,00000000000000;
PA03;PATIO03;410117;TRAFO AER 1F 7,9KV 10KVA 240/120V 7TP VG;UN;15;L2;Utilização livre depósito INVT;4.522,50;67.837,50;;;0,00000000000000;
PA03;PATIO03;410118;TRAFO AER 1F 7,9KV 15KVA 240/120V 7TP VG;UN;16;L2;Utilização livre depósito INVT;5.744,44;91.911,04;;;0,00000000000000;
PA03;PATIO03;410119;TRAFO AER 1F 15KV 25KVA 240/120V 7TP VG;UN;13;L2;Utilização livre depósito INVT;6.606,43;85.883,59;;;0,00000000000000;
PA03;PATIO03;410124;TRAFO AER 3F 15KV 150KVA 220/127V 7TP VG;UN;5;L2;Utilização livre depósito INVT;23.335,70;116.678,50;;;0,00000000000000;
PA03;PATIO03;800847;CRUZETA POL PE/FBN 90X112,5X2400MM;UN;48;F3;Utilização livre depósito CUST;278,09;13.348,32;;;0,00000000000000;
PA03;PATIO03;800901;CRUZETA POL PE/FBN 90X112,5X1200MM;UN;219;F3;Utilização livre depósito CUST;127,72;27.970,68;;;0,00000000000000;
PA03;PATIO03;801833;CRUZETA POLIM 5000X112,5X90MM;UN;45;F3;Utilização livre depósito CUST;500,43;22.519,35;;;0,00000000000000;
PA03;PATIO03;803470;PONTALETE FBV 100MM 6M;UN;1.210;F3;Utilização livre depósito CUST;345,00;417.450,00;;;0,00000000000000;
PA03;PATIO03;804565;CRUZETA POL FBV/RES 2400X112,5X90MM DAT;UN;82;F3;Utilização livre depósito CUST;188,31;15.441,42;;;0,00000000000000;
PA04;PATIO04;400227;POSTE FIBRA VIDRO E-CR 18M 600DAN;UN;16;L2;Utilização livre depósito INVT;7.234,30;115.748,80;;;0,00000000000000;
PA04;PATIO04;400228;POSTE CONCRETO CIRC 9M 300DAN;UN;15;L2;Utilização livre depósito INVT;1.136,77;17.051,55;;;0,00000000000000;
PA04;PATIO04;400968;POSTE FIBRA VIDRO 11M 200DAN;UN;38;L2;Utilização livre depósito INVT;1.912,30;72.667,40;;;0,00000000000000;
PA04;PATIO04;400978;POSTE CONC ARM VIB CIRC TRON 15M 200KG;UN;27;L2;Utilização livre depósito INVT;2.539,35;68.562,45;;;0,00000000000000;
PA04;PATIO04;400985;POSTE FIBRA VIDRO E-CR 13M 1000DAN;UN;21;L2;Utilização livre depósito INVT;5.219,76;109.614,96;;;0,00000000000000;
PA04;PATIO04;400988;POSTE CONCRETO TRON CON 9M 600KGF;UN;11;L2;Utilização livre depósito INVT;1.876,49;20.641,39;;;0,00000000000000;
PA04;PATIO04;400992;POSTE CONCRETO TRON CON 9M 200KGF;UN;11;L2;Utilização livre depósito INVT;1.203,75;13.241,25;;;0,00000000000000;
PA04;PATIO04;400995;POSTE CONCRETO DUPLO T 9M 1000DAN;UN;28;L2;Utilização livre depósito INVT;1.931,54;54.083,12;;;0,00000000000000;
PA04;PATIO04;401252;POSTE CONCRETO TRON CON 13M 600DAN;UN;8;L2;Utilização livre depósito INVT;3.528,12;28.224,96;;;0,00000000000000;
PA04;PATIO04;401260;POSTE CONCRETO TRON CON 9M 1000KGF;UN;22;L2;Utilização livre depósito INVT;2.818,21;62.000,62;;;0,00000000000000;
PA04;PATIO04;401334;POSTE CONC ARM DUPL T 15M 600DAN;UN;5;L2;Utilização livre depósito INVT;335,96;1.679,80;;;0,00000000000000;
PA04;PATIO04;401365;POSTE CONCRETO DUPLO T B-2 22M 1000KGF;UN;20;L2;Utilização livre depósito INVT;7.327,33;146.546,60;;;0,00000000000000;
PA04;PATIO04;401699;POSTE FIBRA VIDRO E-CR 13M 400DAN;UN;3;L2;Utilização livre depósito INVT;3.554,00;10.662,00;;;0,00000000000000;
PA04;PATIO04;401749;POSTE CONCRETO CIRC 18M 1500DAN;UN;3;L2;Utilização livre depósito INVT;7.495,00;22.485,00;;;0,00000000000000;
PA04;PATIO04;401752;POSTE CONCRETO CIRC TRON 13M 1500KG;UN;18;L2;Utilização livre depósito INVT;5.420,80;97.574,40;;;0,00000000000000;
PA04;PATIO04;401931;POSTE FIBRA VIDRO E-CR 13M 600DAN;UN;5;L2;Utilização livre depósito INVT;3.932,42;19.662,10;;;0,00000000000000;
PA04;PATIO04;401964;POSTE CONCRETO DUPLO T 13M 1500DAN;UN;3;L2;Utilização livre depósito INVT;4.534,00;13.602,00;;;0,00000000000000;
PA04;PATIO04;401969;POSTE CONCRETO DUPLO T 15M 1000DAN;UN;6;L2;Utilização livre depósito INVT;3.968,42;23.810,52;;;0,00000000000000;
PA04;PATIO04;401987;POSTE FIBRA VIDRO 22M 1000DAN;UN;9;L2;Utilização livre depósito INVT;17.628,68;158.658,12;;;0,00000000000000;
PA04;PATIO04;402013;POSTE CONCRETO CIRC 15M 600DAN;UN;15;L2;Utilização livre depósito INVT;5.188,23;77.823,45;;;0,00000000000000;
PA04;PATIO04;402098;POSTE CONCRETO DUPLO T 13M 1000DAN;UN;18;L2;Utilização livre depósito INVT;2.992,69;53.868,42;;;0,00000000000000;
PA04;PATIO04;402188;POSTE CONCRETO TRON CON 11M 300KGF;UN;1;L2;Utilização livre depósito INVT;1.649,32;1.649,32;;;0,00000000000000;
PA04;PATIO04;402425;POSTE FIBRA VIDRO 15M 600DAN;UN;12;L2;Utilização livre depósito INVT;5.499,10;65.989,20;;;0,00000000000000;
PA04;PATIO04;402515;POSTE CONC CIRCULAR 12/1000;UN;5;L2;Utilização livre depósito INVT;4.315,50;21.577,50;;;0,00000000000000;
PA04;PATIO04;402533;POSTE CONC DUPL T 11/1000;UN;7;L2;Utilização livre depósito INVT;2.527,43;17.692,01;;;0,00000000000000;
PA04;PATIO04;402624;POSTE CONC DUPL T 13/600;UN;13;L2;Utilização livre depósito INVT;2.322,68;30.194,84;;;0,00000000000000;
PA04;PATIO04;402632;POSTE COMPLETO SD1P 14M;UN;6;L2;Utilização livre depósito INVT;3,33;19,98;;;0,00000000000000;
PA04;PATIO04;402650;POSTE CONCRETO DUPLO T 9 M 600 DAN;UN;42;L2;Utilização livre depósito INVT;1.454,03;61.069,26;;;0,00000000000000;
PA04;PATIO04;402802;POSTE CONC DUPL T 9M 200DAN;UN;37;L2;Utilização livre depósito INVT;851,35;31.499,95;;;0,00000000000000;
PA04;PATIO04;402847;POSTE CONC DUPL T 9 M 300 DAN;UN;12;L2;Utilização livre depósito INVT;1.091,09;13.093,08;;;0,00000000000000;
PA04;PATIO04;403344;POSTE CONCRETO CIRC 18M 1000DAN;UN;5;L2;Utilização livre depósito INVT;7.579,99;37.899,95;;;0,00000000000000;
PA04;PATIO04;403365;POSTE CONCRETO CIRC 15M 1500DAN;UN;22;L2;Utilização livre depósito INVT;7.000,26;154.005,72;;;0,00000000000000;
PA04;PATIO04;403374;POSTE CONCRETO CIRC 15M 1000DAN;UN;10;L2;Utilização livre depósito INVT;6.228,55;62.285,50;;;0,00000000000000;
PA04;PATIO04;403376;POSTE CONCRETO CIRC 15M 400DAN;UN;2;L2;Utilização livre depósito INVT;2.441,92;4.883,84;;;0,00000000000000;
PA04;PATIO04;403829;POSTE FERRO GALV 80MM 6M;UN;420;L2;Utilização livre depósito INVT;305,57;128.339,40;;;0,00000000000000;
PA04;PATIO04;408159;POSTE CONC ARM DUPL T 12M 300KGF;UN;5;L2;Utilização livre depósito INVT;1.715,00;8.575,00;;;0,00000000000000;
PA04;PATIO04;408161;POSTE CONCRETO ARM TRON CON 12M 600KGF;UN;1;L2;Utilização livre depósito INVT;2.847,50;2.847,50;;;0,00000000000000;
PA04;PATIO04;408165;POSTE CONCRETO ARM TRON CON 12M 300KGF;UN;1;L2;Utilização livre depósito INVT;2.280,84;2.280,84;;;0,00000000000000;
PA05;PATIO05;400468;CABO ELET SUBAQ EPR 1X50MM2 8,7/15KV 1F;M;1.229;L2;Utilização livre depósito INVT;399,96;491.550,84;;;0,00000000000000;
PA05;PATIO05;401556;CABO ELET SUBAQ EPR 3F 3X50MM2 8,7/15KV;M;3.369;L2;Utilização livre depósito INVT;678,40;2.285.529,60;;;0,00000000000000;
PA05;PATIO05;401942;CABO ELET CU EPR 3X35MM2 8,7/15KV MT;M;1.470;L2;Utilização livre depósito INVT;222,71;327.383,70;;;0,00000000000000;
PA06;PATIO06;401556;CABO ELET SUBAQ EPR 3F 3X50MM2 8,7/15KV;M;1.341;L2;Utilização livre depósito INVT;678,40;909.734,40;;;0,00000000000000;
PA06;PATIO06;404160;"CONJ MEDICAO 15KV; 70:1; 10-5A; USO EXT";UN;13;L2;Utilização livre depósito INVT;35.108,55;456.411,15;;;0,00000000000000;
PA06;PATIO06;404161;"CONJ MEDICAO 15KV; 70:1; 15-5A; USO EXT";UN;8;L2;Utilização livre depósito INVT;35.108,55;280.868,40;;;0,00000000000000;
PA06;PATIO06;404162;"CONJ MEDICAO 15KV; 70:1; 20-5A; USO EXT";UN;3;L2;Utilização livre depósito INVT;35.108,55;105.325,65;;;0,00000000000000;
PA06;PATIO06;404165;"CONJ MEDICAO 15KV; 70:1; 40-5A; USO EXT";UN;5;L2;Utilização livre depósito INVT;35.108,55;175.542,75;;;0,00000000000000;
PA06;PATIO06;404168;"CONJ MEDICAO 15KV; 70:1; 60-5A; USO EXT";UN;1;L2;Utilização livre depósito INVT;35.108,55;35.108,55;;;0,00000000000000;
PA06;PATIO06;404172;"CONJ MEDICAO 15KV; 70:1; 100-5A; USO EXT";UN;1;L2;Utilização livre depósito INVT;35.108,55;35.108,55;;;0,00000000000000;
