Centro;Pedido;Ordem;Texto cabeçalho documento;Item;Nº reserva;Nº item reserva transferência;Material;Texto breve material;Tipo de movimento;Txt.tipo movimento;Referência;Fornecedor;Doc.material;Item doc.material;Data do documento;Data de lançamento;Data de entrada;Hora do registro;Quantidade;Montante em MI;Depósito;Centro financeiro;Nome do usuário;CAMPO TEXTO DESC.;CAMPO AUTOR DESC.;Operação;Elemento PEP;Imobilizado;Conta do Razão;Classificação contábil múltipla;Estoque especial;Qtd.  UM registro;UM registro;Nome 1;Subnº;Nº roteiro operações;Qtd.em UPP;Qtd.em UM pedido;Empresa;Tipo de avaliação;Lote;Número de documento configurável;Montante externo em MI;Valor de venda;Motivo do movimento;Ordem do cliente;Divisão ord.cliente;Item ord.cliente;Centro custo;Cliente;Código de movimento;Consumo;Código entrada;Ordem do cliente;Item ord.cliente;UM básica;Ano doc.material;Diagrama de rede;Segmento de estoque;Cód.débito/crédito;Tp.transação/evento;Valor PV com IVA;Moeda;Nota acomp.mercadoria;Item gerado automaticamente;Linha original;Contador;Unid.prç.pedido;UM pedido;CAMPO VALOR ICMS;CAMPO VALOR DIFAL;Documento do depósito;Nº do depósito
CDFL;4500152896;;;60;0;0;110097;APONTADOR LAPIS, COM DEPOSITO;101;EM Entrada mercador.;180035956;1014316;5000263807;4;04/05/2026;15/05/2026;15/05/2026;09:16:20;5; R$ 4,55 ;CUST;ESTOQUE_AME;LPEIXOTO;;;;;;;;;5;UN;CDFL - CD FLORES;;0;5;5;AMEN;;;;0;0;0;;0;0;;;B;;;;0;UN;2026;;;S;WE;0;BRL;;;0;0;UN;UN;0,31;0;;
CDFL;4500150222;;;60;0;0;110215;CAIXA ARQUIVO PLAST CORRUG 360X135X250MM;101;EM Entrada mercador.;180035472;1003813;5000257866;10;27/03/2026;02/04/2026;02/04/2026;11:44:29;150;657;CUST;ESTOQUE_AME;MDCOSTA;;;;;;;;;150;UN;CDFL - CD FLORES;;0;150;150;AMEN;;;;0;0;0;;0;0;;;B;;;;0;UN;2026;;;S;WE;0;BRL;;;0;0;UN;UN;131,4;0;;
CDFL;4500150222;;;40;0;0;110356;PASTA L PLAST AZ 31X22CM;101;EM Entrada mercador.;180035472;1003813;5000257866;7;27/03/2026;02/04/2026;02/04/2026;11:44:29;20;14;CUST;ESTOQUE_AME;MDCOSTA;;;;;;;;;20;UN;CDFL - CD FLORES;;0;20;20;AMEN;;;;0;0;0;;0;0;;;B;;;;0;UN;2026;;;S;WE;0;BRL;;;0;0;UN;UN;2,8;0;;
CDFL;4500150222;;;90;0;0;110404;ENVELOPE CORRES PAP 80G/M2 NT 340X240MM;101;EM Entrada mercador.;180035472;1003813;5000257866;8;27/03/2026;02/04/2026;02/04/2026;11:44:29;2;14,24;CUST;ESTOQUE_AME;MDCOSTA;;;;;;;;;2;UN;CDFL - CD FLORES;;0;2;2;AMEN;;;;0;0;0;;0;0;;;B;;;;0;UN;2026;;;S;WE;0;BRL;;;0;0;UN;UN;0;0;;
CDFL;4500145134;;;10;0;0;110418;DISCO CORTE ACO 7P;101;EM Entrada mercador.;180034873;1003818;5000252052;1;06/02/2026;20/02/2026;20/02/2026;11:08:22;100;527;CUST;ESTOQUE_AME;MDCOSTA;;;;;;;;;100;UN;CDFL - CD FLORES;;0;100;100;AMEN;;;;0;0;0;;0;0;;;B;;;;0;UN;2026;;;S;WE;0;BRL;;;0;0;UN;UN;0;0;;
CDFL;4500152896;;;50;0;0;110516;PRENDEDOR PAPEL AI 51MM 100FL;101;EM Entrada mercador.;180035956;1014316;5000263807;3;04/05/2026;15/05/2026;15/05/2026;09:16:20;1; R$ 15,95 ;CUST;ESTOQUE_AME;LPEIXOTO;;;;;;;;;1;UN;CDFL - CD FLORES;;0;1;1;AMEN;;;;0;0;0;;0;0;;;B;;;;0;UN;2026;;;S;WE;0;BRL;;;0;0;UN;UN;3,19;0;;
CDFL;4500121479;;;10;0;0;110527;PLASTICO POLASEAL A4;101;EM Entrada mercador.;180031563;1014316;5000211877;1;23/06/2025;01/07/2025;01/07/2025;08:26:40;6;396;CUST;ESTOQUE_AME;MDCOSTA;;;;;;;;;6;UN;CDFL - CD FLORES;;0;6;6;AMEN;;;;0;0;0;;0;0;;;B;;;;0;UN;2025;;;S;WE;0;BRL;;;0;0;UN;UN;27,72;0;;
CDFL;4500150222;;;30;0;0;110649;CLIPE PAPEL AC NIQ TAM N 3/0;101;EM Entrada mercador.;180035472;1003813;5000257866;3;27/03/2026;02/04/2026;02/04/2026;11:44:29;10;39;CUST;ESTOQUE_AME;MDCOSTA;;;;;;;;;10;CX;CDFL - CD FLORES;;0;10;10;AMEN;;;;0;0;0;;0;0;;;B;;;;0;CX;2026;;;S;WE;0;BRL;;;0;0;CX;CX;7,8;0;;
CDFL;4500150222;;;80;0;0;110708;EXTRATOR GRAMPOS ESPATULA AI 150MM;101;EM Entrada mercador.;180035472;1003813;5000257866;6;27/03/2026;02/04/2026;02/04/2026;11:44:29;10;14;CUST;ESTOQUE_AME;MDCOSTA;;;;;;;;;10;UN;CDFL - CD FLORES;;0;10;10;AMEN;;;;0;0;0;;0;0;;;B;;;;0;UN;2026;;;S;WE;0;BRL;;;0;0;UN;UN;2,8;0;;
CDFL;4500129237;;;10;0;0;111008;TINTA ESM SINT BR AZ DEL REY 3,6L;101;EM Entrada mercador.;180032733;1012174;5000225223;1;08/09/2025;12/09/2025;12/09/2025;15:59:20;20;1.740,00;CUST;ESTOQUE_AME;MDCOSTA;;;;;;;;;20;UN;CDFL - CD FLORES;;0;20;20;AMEN;;;;0;0;0;;0;0;;;B;;;;0;UN;2025;;;S;WE;0;BRL;;;0;0;UN;UN;0;0;;
CDFL;4500125478;;;10;0;0;111181;THINNER 900ML;101;EM Entrada mercador.;180031993;1003818;5000217205;1;24/07/2025;31/07/2025;31/07/2025;11:14:18;12;198,13;CUST;ESTOQUE_AME;MDCOSTA;;;;;;;;;12;UN;CDFL - CD FLORES;;0;12;12;AMEN;;;;0;0;0;;0;0;;;B;;;;0;UN;2025;;;S;WE;0;BRL;;;0;0;UN;UN;39,62;0;;
CDFL;4500150222;;;10;0;0;112065;CANETA MARCA TEXTO AM;101;EM Entrada mercador.;180035472;1003813;5000257866;1;27/03/2026;02/04/2026;02/04/2026;11:44:29;10;10;CUST;ESTOQUE_AME;MDCOSTA;;;;;;;;;10;UN;CDFL - CD FLORES;;0;10;10;AMEN;;;;0;0;0;;0;0;;;B;;;;0;UN;2026;;;S;WE;0;BRL;;;0;0;UN;UN;2;0;;
CDFL;4500150222;;;100;0;0;112066;PAPEL AUTO ADES 38X50MM 100FL POST IT;101;EM Entrada mercador.;180035472;1003813;5000257866;9;27/03/2026;02/04/2026;02/04/2026;11:44:29;10;53,7;CUST;ESTOQUE_AME;MDCOSTA;;;;;;;;;10;CX;CDFL - CD FLORES;;0;10;10;AMEN;;;;0;0;0;;0;0;;;B;;;;0;CX;2026;;;S;WE;0;BRL;;;0;0;CX;CX;0;0;;
CDFL;4500152896;;;40;0;0;112109;LAPIS;101;EM Entrada mercador.;180035956;1014316;5000263807;2;04/05/2026;15/05/2026;15/05/2026;09:16:20;1; R$ 28,17 ;CUST;ESTOQUE_AME;LPEIXOTO;;;;;;;;;1;CX;CDFL - CD FLORES;;0;1;1;AMEN;;;;0;0;0;;0;0;;;B;;;;0;CX;2026;;;S;WE;0;BRL;;;0;0;CX;CX;1,97;0;;
CDFL;4500150222;;;70;0;0;112242;CLIPE PAPEL AC NIQ TAM 8/0;101;EM Entrada mercador.;180035472;1003813;5000257866;5;27/03/2026;02/04/2026;02/04/2026;11:44:29;10;48;CUST;ESTOQUE_AME;MDCOSTA;;;;;;;;;10;CX;CDFL - CD FLORES;;0;10;10;AMEN;;;;0;0;0;;0;0;;;B;;;;0;CX;2026;;;S;WE;0;BRL;;;0;0;CX;CX;9,6;0;;
CDFL;4500128752;;;10;0;0;112702;FITA DERMACAÇÃO DE PISO VERMELHO;101;EM Entrada mercador.;180032640;1008610;5000223588;2;01/09/2025;09/09/2025;09/09/2025;08:13:25;50;1.796,50;CUST;ESTOQUE_AME;MDCOSTA;;;;;;;;;50;UN;CDFL - CD FLORES;;0;50;50;AMEN;;;;0;0;0;;0;0;A903030100;;B;;;;0;UN;2025;;;S;WE;0;BRL;;;0;0;UN;UN;0;0;;
CDFL;4500128752;;;30;0;0;112704;FITA DERMACAÇÃO DE PISO AM;101;EM Entrada mercador.;180032640;1008610;5000223588;1;01/09/2025;09/09/2025;09/09/2025;08:13:25;50;1.749,50;CUST;ESTOQUE_AME;MDCOSTA;;;;;;;;;50;UN;CDFL - CD FLORES;;0;50;50;AMEN;;;;0;0;0;;0;0;;;B;;;;0;UN;2025;;;S;WE;0;BRL;;;0;0;UN;UN;0;0;;
CDFL;4500141530;;;10;0;0;113917;VENTILADOR INDUSTRIAL GALPAO;101;EM Entrada mercador.;180034168;1008610;5000243745;1;17/12/2025;19/12/2025;19/12/2025;11:10:45;4;4.815,04;CUST;ESTOQUE_AME;MDCOSTA;;;;;;;;;4;UN;CDFL - CD FLORES;;0;4;4;AMEN;;;;0;0;0;;0;0;;;B;;;;0;UN;2025;;;S;WE;0;BRL;;;0;0;UN;UN;0;0;;
CDFL;4500126117;;;40;0;0;114128;RODIZIO PU GIRATORIO 5 04-FR-33756;101;EM Entrada mercador.;180032166;1008610;5000218821;1;06/08/2025;11/08/2025;11/08/2025;11:32:10;4;298,8;CUST;ESTOQUE_AME;MDCOSTA;;;;;;;;;4;UN;CDFL - CD FLORES;;0;4;4;AMEN;;;;0;0;0;;0;0;;;B;;;;0;UN;2025;;;S;WE;0;BRL;;;0;0;UN;UN;20,92;0;;
CDFL;4500126117;;;70;0;0;114128;RODIZIO PU GIRATORIO 5 04-FR-33756;101;EM Entrada mercador.;180032166;1008610;5000218821;2;06/08/2025;11/08/2025;11/08/2025;11:32:10;8;597,6;CUST;ESTOQUE_AME;MDCOSTA;;;;;;;;;8;UN;CDFL - CD FLORES;;0;8;8;AMEN;;;;0;0;0;;0;0;;;B;;;;0;UN;2025;;;S;WE;0;BRL;;;0;0;UN;UN;119,52;0;;
CDFL;4500126117;;;50;0;0;114129;PARAFUSO SEXTAVADO ZB RI 1/4X2 CISER;101;EM Entrada mercador.;180032166;1008610;5000218821;3;06/08/2025;11/08/2025;11/08/2025;11:32:10;0,48;21,6;CUST;ESTOQUE_AME;MDCOSTA;;;;;;;;;0,48;UN;CDFL - CD FLORES;;0;0,48;0,48;AMEN;;;;0;0;0;;0;0;;;B;;;;0;UN;2025;;;S;WE;0;BRL;;;0;0;UN;UN;0;0;;
CDFL;4500126117;;;60;0;0;114130;PORCA SEXTAVADA ZB UNC 1/4 CHV 7/16;101;EM Entrada mercador.;180032166;1008610;5000218821;4;06/08/2025;11/08/2025;11/08/2025;11:32:10;48;5,76;CUST;ESTOQUE_AME;MDCOSTA;;;;;;;;;48;UN;CDFL - CD FLORES;;0;48;48;AMEN;;;;0;0;0;;0;0;;;B;;;;0;UN;2025;;;S;WE;0;BRL;;;0;0;UN;UN;0;0;;
CDFL;4500129237;;;20;0;0;114141;SOLVENTE THINNER 5L;101;EM Entrada mercador.;180032733;1012174;5000225223;2;08/09/2025;12/09/2025;12/09/2025;15:59:20;10;770;CUST;ESTOQUE_AME;MDCOSTA;;;;;;;;;10;UN;CDFL - CD FLORES;;0;10;10;AMEN;;;;0;0;0;;0;0;;;B;;;;0;UN;2025;;;S;WE;0;BRL;;;0;0;UN;UN;154;0;;
CDFL;4500138731;;;10;0;0;114174;CALCADO DE SEGUR ISOL TIPO TENIS TAM 43;101;EM Entrada mercador.;180034029;1003818;5000240976;1;02/12/2025;11/12/2025;11/12/2025;08:58:07;1;216,24;CUST;ESTOQUE_AME;MDCOSTA;;;;;;;;;1;UN;CDFL - CD FLORES;;0;1;1;AMEN;;;;0;0;0;;0;0;;;B;;;;0;UN;2025;;;S;WE;0;BRL;;;0;0;UN;UN;43,25;0;;
CDFL;4500147553;;;10;0;0;114242;"""DISCO CORTE P/ FERRO 7""""X1,6 X PC 50,00";101;EM Entrada mercador.;180035106;1003818;5000254394;1;24/02/2026;09/03/2026;09/03/2026;08:30:56;50;263,5;CUST;ESTOQUE_AME;MDCOSTA;;;;;;;;;50;UN;CDFL - CD FLORES;;0;50;50;AMEN;;;;0;0;0;;0;0;;;B;;;;0;UN;2026;;;S;WE;0;BRL;;;0;0;UN;UN;0;0;;
CDFL;4500114230;;;10;0;0;120000;VARA MANOBRA TELESC TUB VID TRIAN 6420MM;101;EM Entrada mercador.;180032086;1010013;5000217984;1;24/07/2025;07/08/2025;07/08/2025;10:49:09;6;7.144,88;CUST;ESTOQUE_AME;MDCOSTA;;;;;;;;;6;UN;CDFL - CD FLORES;;0;6;6;AMEN;;;;0;0;0;;0;0;;;B;;;;0;UN;2025;;;S;WE;0;BRL;;;0;0;UN;UN;434,49;937,88;;
CDFL;4500140129;;;10;0;0;120007;LUVA COBERTURA VAQ 345MM;101;EM Entrada mercador.;180034169;1027129;5000243746;1;15/12/2025;19/12/2025;19/12/2025;11:15:25;30;977,1;CUST;ESTOQUE_AME;MDCOSTA;;;;;;;;;30;PAR;CDFL - CD FLORES;;0;30;30;AMEN;;;;0;0;0;;0;0;;;B;;;;0;PAR;2025;;;S;WE;0;BRL;;;0;0;PAR;PAR;195,42;0;;
CDFL;4500118885;;;10;0;0;120007;LUVA COBERTURA VAQ 345MM;101;EM Entrada mercador.;180032871;1014457;5000227225;2;04/09/2025;22/09/2025;22/09/2025;08:03:35;30;880,59;CUST;ESTOQUE_AME;MDCOSTA;;;;;;;;;30;PAR;CDFL - CD FLORES;;0;30;30;AMEN;;;;0;0;0;;0;0;;;B;;;;0;PAR;2025;;;S;WE;0;BRL;;;0;0;PAR;PAR;53,55;115,59;;
CDFL;4500121359;;;20;0;0;120007;LUVA COBERTURA VAQ 345MM;101;EM Entrada mercador.;180031796;1008610;5000215831;1;15/07/2025;18/07/2025;18/07/2025;10:24:59;15;586,95;CUST;ESTOQUE_AME;MDCOSTA;;;;;;;;;15;PAR;CDFL - CD FLORES;;0;15;15;AMEN;;;;0;0;0;;0;0;;;B;;;;0;PAR;2025;;;S;WE;0;BRL;;;0;0;PAR;PAR;117,39;0;;
CDFL;4500153558;;;60;0;0;120050;CALCADO BOTINA CANO CT C/CAD 42 PT;101;EM Entrada mercador.;180036100;1016114;5000266242;6;14/05/2026;26/05/2026;26/05/2026;10:09:02;70; R$ 8.032,50 ;CUST;ESTOQUE_AME;LPEIXOTO;;;;;;;;;70;PAR;CDFL - CD FLORES;;0;70;70;AMEN;;;;0;0;0;;0;0;;;B;;;;0;PAR;2026;;;S;WE;0;BRL;;;0;0;PAR;PAR;1.606,50;0;;
CDFL;4500118885;;;20;0;0;120050;CALCADO BOTINA CANO CT C/CAD 42 PT;101;EM Entrada mercador.;180032861;1014457;5000226960;9;22/08/2025;18/09/2025;18/09/2025;15:52:47;55;5.856,21;CUST;ESTOQUE_AME;GRIBEIRO;;;;;;;;;55;PAR;CDFL - CD FLORES;;0;55;55;AMEN;;;;0;0;0;;0;0;;;B;;;;0;PAR;2025;;;S;WE;0;BRL;;;0;0;PAR;PAR;356,12;768,72;;
CDFL;4500118885;;;30;0;0;120051;BOTINA SEG ELET C/CAD N36;101;EM Entrada mercador.;180032861;1014457;5000226960;3;22/08/2025;18/09/2025;18/09/2025;15:52:47;10;1.064,77;CUST;ESTOQUE_AME;GRIBEIRO;;;;;;;;;10;PAR;CDFL - CD FLORES;;0;10;10;AMEN;;;;0;0;0;;0;0;;;B;;;;0;PAR;2025;;;S;WE;0;BRL;;;0;0;PAR;PAR;64,75;139,77;;
CDFL;4500118885;;;40;0;0;120065;LUVA VAQUETA G;101;EM Entrada mercador.;180032871;1014457;5000227225;1;04/09/2025;22/09/2025;22/09/2025;08:03:35;120;2.348,24;CUST;ESTOQUE_AME;MDCOSTA;;;;;;;;;120;PAR;CDFL - CD FLORES;;0;120;120;AMEN;;;;0;0;0;;0;0;;;B;;;;0;PAR;2025;;;S;WE;0;BRL;;;0;0;PAR;PAR;142,8;308,24;;
CDFL;4500141920;;;10;0;0;120068;OCULOS SEG VISOR 100 PC S/ARM ANT INC;101;EM Entrada mercador.;180034322;1003818;5000244329;1;23/12/2025;30/12/2025;30/12/2025;14:57:09;36;303,13;CUST;ESTOQUE_AME;MDCOSTA;;;;;;;;;36;UN;CDFL - CD FLORES;;0;36;36;AMEN;;;;0;0;0;;0;0;;;B;;;;0;UN;2025;;;S;WE;0;BRL;;;0;0;UN;UN;60,62;0;;
CDFL;4500118885;;;50;0;0;120092;LUVA VAQUETA M;101;EM Entrada mercador.;180032871;1014457;5000227225;5;04/09/2025;22/09/2025;22/09/2025;08:03:35;120;2.182,49;CUST;ESTOQUE_AME;MDCOSTA;;;;;;;;;120;PAR;CDFL - CD FLORES;;0;120;120;AMEN;;;;0;0;0;;0;0;;;B;;;;0;PAR;2025;;;S;WE;0;BRL;;;0;0;PAR;PAR;132,72;286,49;;
CDFL;4500117314;;;30;0;0;120100;OCULOS SEG VISOR 100 PC S/ARM ANT CZ;101;EM Entrada mercador.;180032832;1007007;5000225989;2;29/07/2025;17/09/2025;17/09/2025;09:59:23;80;1.192,00;CUST;ESTOQUE_AME;GRIBEIRO;;;;;;;;;80;UN;CDFL - CD FLORES;;0;80;80;AMEN;;;;0;0;0;;0;0;;;B;;;;0;UN;2025;;;S;WE;0;BRL;;;0;0;UN;UN;40;192;;
CDFL;4500117314;;;30;0;0;120100;OCULOS SEG VISOR 100 PC S/ARM ANT CZ;101;EM Entrada mercador.;180032391;1007007;5000220903;2;23/07/2025;22/08/2025;22/08/2025;08:52:16;160;2.384,00;CUST;ESTOQUE_AME;MDCOSTA;;;;;;;;;160;UN;CDFL - CD FLORES;;0;160;160;AMEN;;;;0;0;0;;0;0;;;B;;;;0;UN;2025;;;S;WE;0;BRL;;;0;0;UN;UN;80;384;;
CDFL;4500153558;;;30;0;0;120107;BOTINA SEG ELET C/CAD N39;101;EM Entrada mercador.;180036100;1016114;5000266242;3;14/05/2026;26/05/2026;26/05/2026;10:09:02;35; R$ 4.016,25 ;CUST;ESTOQUE_AME;LPEIXOTO;;;;;;;;;35;PAR;CDFL - CD FLORES;;0;35;35;AMEN;;;;0;0;0;;0;0;;;B;;;;0;PAR;2026;;;S;WE;0;BRL;;;0;0;PAR;PAR;803,25;0;;
CDFL;4500118885;;;70;0;0;120107;BOTINA SEG ELET C/CAD N39;101;EM Entrada mercador.;180032861;1014457;5000226960;6;22/08/2025;18/09/2025;18/09/2025;15:52:47;40;4.259,07;CUST;ESTOQUE_AME;GRIBEIRO;;;;;;;;;40;PAR;CDFL - CD FLORES;;0;40;40;AMEN;;;;0;0;0;;0;0;;;B;;;;0;PAR;2025;;;S;WE;0;BRL;;;0;0;PAR;PAR;259;559,07;;
CDFL;4500153558;;;40;0;0;120110;BOTINA SEG ELET C/CAD N40;101;EM Entrada mercador.;180036100;1016114;5000266242;4;14/05/2026;26/05/2026;26/05/2026;10:09:02;60; R$ 6.885,00 ;CUST;ESTOQUE_AME;LPEIXOTO;;;;;;;;;60;PAR;CDFL - CD FLORES;;0;60;60;AMEN;;;;0;0;0;;0;0;;;B;;;;0;PAR;2026;;;S;WE;0;BRL;;;0;0;PAR;PAR;1.377,00;0;;
CDFL;4500118885;;;80;0;0;120110;BOTINA SEG ELET C/CAD N40;101;EM Entrada mercador.;180032861;1014457;5000226960;7;22/08/2025;18/09/2025;18/09/2025;15:52:47;55;5.856,21;CUST;ESTOQUE_AME;GRIBEIRO;;;;;;;;;55;PAR;CDFL - CD FLORES;;0;55;55;AMEN;;;;0;0;0;;0;0;;;B;;;;0;PAR;2025;;;S;WE;0;BRL;;;0;0;PAR;PAR;356,12;768,72;;
CDFL;4500118885;;;90;0;0;120111;BOTINA SEG ELET S/CAD N39;101;EM Entrada mercador.;180032861;1014457;5000226960;14;22/08/2025;18/09/2025;18/09/2025;15:52:47;1;131,23;CUST;ESTOQUE_AME;GRIBEIRO;;;;;;;;;1;PAR;CDFL - CD FLORES;;0;1;1;AMEN;;;;0;0;0;;0;0;;;B;;;;0;PAR;2025;;;S;WE;0;BRL;;;0;0;PAR;PAR;7,98;17,23;;
CDFL;4500125478;;;20;0;0;120113;CORRENTE SINALIZ PE PT/AM 3,8X2,1X0,5CM;101;EM Entrada mercador.;180031993;1003818;5000217205;2;24/07/2025;31/07/2025;31/07/2025;11:14:18;200;882;CUST;ESTOQUE_AME;MDCOSTA;;;;;;;;;200;UN;CDFL - CD FLORES;;0;200;200;AMEN;;;;0;0;0;;0;0;;;B;;;;0;UN;2025;;;S;WE;0;BRL;;;0;0;UN;UN;0;0;;
CDFL;4500150739;;;20;0;0;120114;CARNEIRA AJUST PEBD CZ;101;EM Entrada mercador.;180035613;1015558;5000260173;2;16/04/2026;16/04/2026;16/04/2026;08:00:56;30;828;CUST;ESTOQUE_AME;LPEIXOTO;;;;;;;;;30;UN;CDFL - CD FLORES;;0;30;30;AMEN;;;;0;0;0;;0;0;;;B;;;;0;UN;2026;;;S;WE;0;BRL;;;0;0;UN;UN;165,6;0;;
CDFL;4500126824;;;20;0;0;120114;CARNEIRA AJUST PEBD CZ;101;EM Entrada mercador.;180032440;1015558;5000221573;2;19/08/2025;26/08/2025;26/08/2025;08:54:45;50;1.360,00;CUST;ESTOQUE_AME;MDCOSTA;;;;;;;;;50;UN;CDFL - CD FLORES;;0;50;50;AMEN;;;;0;0;0;;0;0;;;B;;;;0;UN;2025;;;S;WE;0;BRL;;;0;0;UN;UN;272;0;;
CDFL;4500153558;;;80;0;0;120118;BOTINA SEG ELET C/CAD N44;101;EM Entrada mercador.;180036100;1016114;5000266242;8;14/05/2026;26/05/2026;26/05/2026;10:09:02;5; R$ 573,75 ;CUST;ESTOQUE_AME;LPEIXOTO;;;;;;;;;5;PAR;CDFL - CD FLORES;;0;5;5;AMEN;;;;0;0;0;;0;0;;;B;;;;0;PAR;2026;;;S;WE;0;BRL;;;0;0;PAR;PAR;114,75;0;;
CDFL;4500118885;;;100;0;0;120118;BOTINA SEG ELET C/CAD N44;101;EM Entrada mercador.;180032861;1014457;5000226960;11;22/08/2025;18/09/2025;18/09/2025;15:52:47;5;532,37;CUST;ESTOQUE_AME;GRIBEIRO;;;;;;;;;5;PAR;CDFL - CD FLORES;;0;5;5;AMEN;;;;0;0;0;;0;0;;;B;;;;0;PAR;2025;;;S;WE;0;BRL;;;0;0;PAR;PAR;32,37;69,89;;
CDFL;4500117314;;;10;0;0;120123;LUVA ISOLANTE CLASSE 2 TAM 10 17KV;101;EM Entrada mercador.;180032831;1007007;5000225843;1;29/07/2025;17/09/2025;17/09/2025;09:10:12;20;10.396,74;CUST;ESTOQUE_AME;GRIBEIRO;;;;;;;;;20;PAR;CDFL - CD FLORES;;0;20;20;AMEN;;;;0;0;0;;0;0;;;B;;;;0;PAR;2025;;;S;WE;0;BRL;;;0;0;PAR;PAR;632,24;1.364,74;;
CDFL;4500124310;;;10;0;0;120123;LUVA ISOLANTE CLASSE 2 TAM 10 17KV;101;EM Entrada mercador.;180032413;1006513;5000221316;1;15/08/2025;25/08/2025;25/08/2025;10:43:48;5;4.441,25;CUST;ESTOQUE_AME;MDCOSTA;;;;;;;;;5;PAR;CDFL - CD FLORES;;0;5;5;AMEN;;;;0;0;0;;0;0;;;B;;;;0;PAR;2025;;;S;WE;0;BRL;;;0;0;PAR;PAR;888,25;0;;
CDFL;4500125578;;;20;0;0;120128;PERNEIRA SEG COU SINT 15MM;101;EM Entrada mercador.;180032183;1008610;5000218919;1;31/07/2025;11/08/2025;11/08/2025;15:17:05;30;1.346,10;CUST;ESTOQUE_AME;MDCOSTA;;;;;;;;;30;PAR;CDFL - CD FLORES;;0;30;30;AMEN;;;;0;0;0;;0;0;A903030100;;B;;;;0;PAR;2025;;;S;WE;0;BRL;;;0;0;PAR;PAR;269,22;0;;
CDFL;4500153558;;;50;0;0;120136;BOTINA SEG ELET C/CAD N41;101;EM Entrada mercador.;180036100;1016114;5000266242;5;14/05/2026;26/05/2026;26/05/2026;10:09:02;75; R$ 8.606,25 ;CUST;ESTOQUE_AME;LPEIXOTO;;;;;;;;;75;PAR;CDFL - CD FLORES;;0;75;75;AMEN;;;;0;0;0;;0;0;;;B;;;;0;PAR;2026;;;S;WE;0;BRL;;;0;0;PAR;PAR;1.721,25;0;;
CDFL;4500118885;;;120;0;0;120136;BOTINA SEG ELET C/CAD N41;101;EM Entrada mercador.;180032861;1014457;5000226960;8;22/08/2025;18/09/2025;18/09/2025;15:52:47;55;5.856,21;CUST;ESTOQUE_AME;GRIBEIRO;;;;;;;;;55;PAR;CDFL - CD FLORES;;0;55;55;AMEN;;;;0;0;0;;0;0;;;B;;;;0;PAR;2025;;;S;WE;0;BRL;;;0;0;PAR;PAR;356,13;768,72;;
CDFL;4500128795;;;90;0;0;120141;CALCA RESIST ARCO ELET/CHAMA 44;101;EM Entrada mercador.;180033928;1011140;5000239306;9;21/11/2025;02/12/2025;02/12/2025;14:38:04;50;7.943,49;CUST;ESTOQUE_AME;MDCOSTA;;;;;;;;;50;UN;CDFL - CD FLORES;;0;50;50;AMEN;;;;0;0;0;;0;0;;;B;;;;0;UN;2025;;;S;WE;0;BRL;;;0;0;UN;UN;876,12;642,49;;
CDFL;4500118885;;;130;0;0;120163;BOTINA SEG ELET C/CAD N46;101;EM Entrada mercador.;180032861;1014457;5000226960;13;22/08/2025;18/09/2025;18/09/2025;15:52:47;2;212,95;CUST;ESTOQUE_AME;GRIBEIRO;;;;;;;;;2;PAR;CDFL - CD FLORES;;0;2;2;AMEN;;;;0;0;0;;0;0;;;B;;;;0;PAR;2025;;;S;WE;0;BRL;;;0;0;PAR;PAR;12,95;27,95;;
CDFL;4500153558;;;70;0;0;120167;BOTINA SEG ELET C/CAD N43;101;EM Entrada mercador.;180036100;1016114;5000266242;7;14/05/2026;26/05/2026;26/05/2026;10:09:02;30; R$ 3.442,50 ;CUST;ESTOQUE_AME;LPEIXOTO;;;;;;;;;30;PAR;CDFL - CD FLORES;;0;30;30;AMEN;;;;0;0;0;;0;0;;;B;;;;0;PAR;2026;;;S;WE;0;BRL;;;0;0;PAR;PAR;688,5;0;;
CDFL;4500118885;;;140;0;0;120167;BOTINA SEG ELET C/CAD N43;101;EM Entrada mercador.;180032861;1014457;5000226960;10;22/08/2025;18/09/2025;18/09/2025;15:52:47;15;1.597,14;CUST;ESTOQUE_AME;GRIBEIRO;;;;;;;;;15;PAR;CDFL - CD FLORES;;0;15;15;AMEN;;;;0;0;0;;0;0;;;B;;;;0;PAR;2025;;;S;WE;0;BRL;;;0;0;PAR;PAR;97,13;209,65;;
CDFL;4500150739;;;10;0;0;120170;CAPACETE SEG ABA FRONT B BR PEAD;101;EM Entrada mercador.;180035613;1015558;5000260173;1;16/04/2026;16/04/2026;16/04/2026;08:00:56;50;2.615,00;CUST;ESTOQUE_AME;LPEIXOTO;;;;;;;;;50;UN;CDFL - CD FLORES;;0;50;50;AMEN;;;;0;0;0;;0;0;;;B;;;;0;UN;2026;;;S;WE;0;BRL;;;0;0;UN;UN;523;0;;
CDFL;4500126824;;;10;0;0;120170;CAPACETE SEG ABA FRONT B BR PEAD;101;EM Entrada mercador.;180032440;1015558;5000221573;1;19/08/2025;26/08/2025;26/08/2025;08:54:45;100;5.140,00;CUST;ESTOQUE_AME;MDCOSTA;;;;;;;;;100;UN;CDFL - CD FLORES;;0;100;100;AMEN;;;;0;0;0;;0;0;;;B;;;;0;UN;2025;;;S;WE;0;BRL;;;0;0;UN;UN;1.028,00;0;;
CDFL;4500118885;;;150;0;0;120173;CALCADO BOTINA CANO CT C/CAD 45 PT;101;EM Entrada mercador.;180032861;1014457;5000226960;12;22/08/2025;18/09/2025;18/09/2025;15:52:47;3;319,42;CUST;ESTOQUE_AME;GRIBEIRO;;;;;;;;;3;PAR;CDFL - CD FLORES;;0;3;3;AMEN;;;;0;0;0;;0;0;;;B;;;;0;PAR;2025;;;S;WE;0;BRL;;;0;0;PAR;PAR;19,43;41,93;;
CDFL;4500130518;;;10;0;0;120175;CINTO SEG PARA-QUEDISTA TAM 1;101;EM Entrada mercador.;180033733;1003763;5000236002;1;16/10/2025;14/11/2025;14/11/2025;09:41:39;10;10.359,90;CUST;ESTOQUE_AME;MDCOSTA;;;;;;;;;10;UN;CDFL - CD FLORES;;0;10;10;AMEN;;;;0;0;0;;0;0;;;B;;;;0;UN;2025;;;S;WE;0;BRL;;;0;0;UN;UN;630;1.359,90;;
CDFL;4500128795;;;20;0;0;120182;CAMISA M RESIST ARCO ELET/CHAMA ATPV 9.0;101;EM Entrada mercador.;180033928;1011140;5000239306;2;21/11/2025;02/12/2025;02/12/2025;14:38:04;50;7.954,37;CUST;ESTOQUE_AME;MDCOSTA;;;;;;;;;50;UN;CDFL - CD FLORES;;0;50;50;AMEN;;;;0;0;0;;0;0;;;B;;;;0;UN;2025;;;S;WE;0;BRL;;;0;0;UN;UN;877,32;643,37;;
CDFL;4500135773;;;20;0;0;120188;OCULOS SEG PC CZ LENTE OPTIC;101;EM Entrada mercador.;180033736;1003818;5000236014;2;04/11/2025;14/11/2025;14/11/2025;10:24:15;10;85,9;CUST;ESTOQUE_AME;MDCOSTA;;;;;;;;;10;UN;CDFL - CD FLORES;;0;10;10;AMEN;;;;0;0;0;;0;0;;;B;;;;0;UN;2025;;;S;WE;0;BRL;;;0;0;UN;UN;17,18;0;;
CDFL;4500118885;;;160;0;0;120212;CABECOTE UNIVERSAL PARA VARA MANOBRA;101;EM Entrada mercador.;180032871;1014457;5000227225;4;04/09/2025;22/09/2025;22/09/2025;08:03:35;5;995,7;CUST;ESTOQUE_AME;MDCOSTA;;;;;;;;;5;UN;CDFL - CD FLORES;;0;5;5;AMEN;;;;0;0;0;;0;0;;;B;;;;0;UN;2025;;;S;WE;0;BRL;;;0;0;UN;UN;60,55;130,7;;
CDFL;4500130562;;;10;0;0;120224;CORDA LINHA VIVA PA 12MM 2200KGF;101;EM Entrada mercador.;180032994;1016114;5000228521;1;16/09/2025;26/09/2025;26/09/2025;10:43:15;300;1.500,00;CUST;ESTOQUE_AME;MDCOSTA;;;;;;;;;300;PEÇ;CDFL - CD FLORES;;0;300;300;AMEN;;;;0;0;0;;0;0;;;B;;;;0;PEÇ;2025;;;S;WE;0;BRL;;;0;0;PEÇ;PEÇ;300;0;;
CDFL;4500118885;;;170;0;0;120251;BOTINA SEG ELET C/CAD N34;101;EM Entrada mercador.;180032861;1014457;5000226960;1;22/08/2025;18/09/2025;18/09/2025;15:52:47;2;212,95;CUST;ESTOQUE_AME;GRIBEIRO;;;;;;;;;2;PAR;CDFL - CD FLORES;;0;2;2;AMEN;;;;0;0;0;;0;0;;;B;;;;0;PAR;2025;;;S;WE;0;BRL;;;0;0;PAR;PAR;12,95;27,95;;
CDFL;4500118885;;;180;0;0;120253;BOTINA SEG ELET C/CAD N35;101;EM Entrada mercador.;180032861;1014457;5000226960;2;22/08/2025;18/09/2025;18/09/2025;15:52:47;5;532,37;CUST;ESTOQUE_AME;GRIBEIRO;;;;;;;;;5;PAR;CDFL - CD FLORES;;0;5;5;AMEN;;;;0;0;0;;0;0;;;B;;;;0;PAR;2025;;;S;WE;0;BRL;;;0;0;PAR;PAR;32,38;69,88;;
CDFL;4500126477;;;10;0;0;120253;BOTINA SEG ELET C/CAD N35;101;EM Entrada mercador.;180032262;1003818;5000219200;1;12/08/2025;13/08/2025;13/08/2025;15:35:26;1;114,75;CUST;ESTOQUE_AME;MDCOSTA;;;;;;;;;1;PAR;CDFL - CD FLORES;;0;1;1;AMEN;;;;0;0;0;;0;0;;;B;;;;0;PAR;2025;;;S;WE;0;BRL;;;0;0;PAR;PAR;22,95;0;;
CDFL;4500153558;;;10;0;0;120254;BOTINA SEG ELET C/CAD N37;101;EM Entrada mercador.;180036100;1016114;5000266242;1;14/05/2026;26/05/2026;26/05/2026;10:09:02;10; R$ 1.147,50 ;CUST;ESTOQUE_AME;LPEIXOTO;;;;;;;;;10;PAR;CDFL - CD FLORES;;0;10;10;AMEN;;;;0;0;0;;0;0;;;B;;;;0;PAR;2026;;;S;WE;0;BRL;;;0;0;PAR;PAR;229,5;0;;
CDFL;4500118885;;;190;0;0;120254;BOTINA SEG ELET C/CAD N37;101;EM Entrada mercador.;180032861;1014457;5000226960;4;22/08/2025;18/09/2025;18/09/2025;15:52:47;20;2.129,54;CUST;ESTOQUE_AME;GRIBEIRO;;;;;;;;;20;PAR;CDFL - CD FLORES;;0;20;20;AMEN;;;;0;0;0;;0;0;;;B;;;;0;PAR;2025;;;S;WE;0;BRL;;;0;0;PAR;PAR;129,5;279,54;;
CDFL;4500153558;;;20;0;0;120255;BOTINA SEG ELET C/CAD N38;101;EM Entrada mercador.;180036100;1016114;5000266242;2;14/05/2026;26/05/2026;26/05/2026;10:09:02;15; R$ 1.721,25 ;CUST;ESTOQUE_AME;LPEIXOTO;;;;;;;;;15;PAR;CDFL - CD FLORES;;0;15;15;AMEN;;;;0;0;0;;0;0;;;B;;;;0;PAR;2026;;;S;WE;0;BRL;;;0;0;PAR;PAR;344,25;0;;
CDFL;4500118885;;;200;0;0;120255;BOTINA SEG ELET C/CAD N38;101;EM Entrada mercador.;180032861;1014457;5000226960;5;22/08/2025;18/09/2025;18/09/2025;15:52:47;30;3.194,30;CUST;ESTOQUE_AME;GRIBEIRO;;;;;;;;;30;PAR;CDFL - CD FLORES;;0;30;30;AMEN;;;;0;0;0;;0;0;;;B;;;;0;PAR;2025;;;S;WE;0;BRL;;;0;0;PAR;PAR;194,25;419,3;;
CDFL;4500128795;;;60;0;0;120259;CALCA RESIST ARCO ELET/CHAMA 38;101;EM Entrada mercador.;180033928;1011140;5000239306;6;21/11/2025;02/12/2025;02/12/2025;14:38:04;10;1.588,70;CUST;ESTOQUE_AME;MDCOSTA;;;;;;;;;10;UN;CDFL - CD FLORES;;0;10;10;AMEN;;;;0;0;0;;0;0;;;B;;;;0;UN;2025;;;S;WE;0;BRL;;;0;0;UN;UN;175,22;128,5;;
CDFL;4500128795;;;70;0;0;120260;CALCA RESIST ARCO ELET/CHAMA 40;101;EM Entrada mercador.;180033928;1011140;5000239306;7;21/11/2025;02/12/2025;02/12/2025;14:38:04;20;3.177,40;CUST;ESTOQUE_AME;MDCOSTA;;;;;;;;;20;UN;CDFL - CD FLORES;;0;20;20;AMEN;;;;0;0;0;;0;0;;;B;;;;0;UN;2025;;;S;WE;0;BRL;;;0;0;UN;UN;350,45;257;;
CDFL;4500128795;;;80;0;0;120261;CALCA RESIST ARCO ELET/CHAMA 42;101;EM Entrada mercador.;180033928;1011140;5000239306;8;21/11/2025;02/12/2025;02/12/2025;14:38:04;40;6.354,79;CUST;ESTOQUE_AME;MDCOSTA;;;;;;;;;40;UN;CDFL - CD FLORES;;0;40;40;AMEN;;;;0;0;0;;0;0;;;B;;;;0;UN;2025;;;S;WE;0;BRL;;;0;0;UN;UN;700,9;513,99;;
CDFL;4500129033;;;10;0;0;120284;CREME PROTETOR SOLAR FPS 30 120G;101;EM Entrada mercador.;180032678;1008610;5000224394;1;04/09/2025;10/09/2025;10/09/2025;15:14:25;200;3.784,00;CUST;ESTOQUE_AME;MDCOSTA;;;;;;;;;200;UN;CDFL - CD FLORES;;0;200;200;AMEN;;;;0;0;0;;0;0;;;B;;;;0;UN;2025;;;S;WE;0;BRL;;;0;0;UN;UN;0;0;;
CDFL;4500135773;;;10;0;0;120297;OCULOS SEG SOBREPOR;101;EM Entrada mercador.;180033736;1003818;5000236014;1;04/11/2025;14/11/2025;14/11/2025;10:24:15;10;85,9;CUST;ESTOQUE_AME;MDCOSTA;;;;;;;;;10;UN;CDFL - CD FLORES;;0;10;10;AMEN;;;;0;0;0;;0;0;;;B;;;;0;UN;2025;;;S;WE;0;BRL;;;0;0;UN;UN;17,18;0;;
CDFL;4500128795;;;10;0;0;120332;CAMISA P RESIST ARCO ELET/CHAMA ATPV 9.0;101;EM Entrada mercador.;180033928;1011140;5000239306;1;21/11/2025;02/12/2025;02/12/2025;14:38:04;30;4.772,62;CUST;ESTOQUE_AME;MDCOSTA;;;;;;;;;30;UN;CDFL - CD FLORES;;0;30;30;AMEN;;;;0;0;0;;0;0;;;B;;;;0;UN;2025;;;S;WE;0;BRL;;;0;0;UN;UN;526,39;386,02;;
CDFL;4500128795;;;30;0;0;120334;CAMISA G RESIST ARCO ELET/CHAMA ATPV 9.0;101;EM Entrada mercador.;180033928;1011140;5000239306;3;21/11/2025;02/12/2025;02/12/2025;14:38:04;70;11.136,12;CUST;ESTOQUE_AME;MDCOSTA;;;;;;;;;70;UN;CDFL - CD FLORES;;0;70;70;AMEN;;;;0;0;0;;0;0;;;B;;;;0;UN;2025;;;S;WE;0;BRL;;;0;0;UN;UN;1.228,25;900,72;;
CDFL;4500128795;;;40;0;0;120335;CAMISA GG RESIST ARCO ELE/CHAMA ATPV 9.0;101;EM Entrada mercador.;180033928;1011140;5000239306;4;21/11/2025;02/12/2025;02/12/2025;14:38:04;40;6.363,49;CUST;ESTOQUE_AME;MDCOSTA;;;;;;;;;40;UN;CDFL - CD FLORES;;0;40;40;AMEN;;;;0;0;0;;0;0;;;B;;;;0;UN;2025;;;S;WE;0;BRL;;;0;0;UN;UN;701,86;514,69;;
CDFL;4500128795;;;50;0;0;120336;CAMISA EG RESIST ARCO ELE/CHAMA ATPV 9.0;101;EM Entrada mercador.;180033928;1011140;5000239306;5;21/11/2025;02/12/2025;02/12/2025;14:38:04;10;1.590,87;CUST;ESTOQUE_AME;MDCOSTA;;;;;;;;;10;UN;CDFL - CD FLORES;;0;10;10;AMEN;;;;0;0;0;;0;0;;;B;;;;0;UN;2025;;;S;WE;0;BRL;;;0;0;UN;UN;175,46;128,67;;
CDFL;4500128795;;;100;0;0;120343;CALCA RESIST ARCO ELET/CHAMA 46 ATPV 9.0;101;EM Entrada mercador.;180033928;1011140;5000239306;10;21/11/2025;02/12/2025;02/12/2025;14:38:04;50;7.943,49;CUST;ESTOQUE_AME;MDCOSTA;;;;;;;;;50;UN;CDFL - CD FLORES;;0;50;50;AMEN;;;;0;0;0;;0;0;;;B;;;;0;UN;2025;;;S;WE;0;BRL;;;0;0;UN;UN;876,12;642,49;;
CDFL;4500128795;;;110;0;0;120344;CALCA RESIST ARCO ELET/CHAMA 48 ATPV 9.0;101;EM Entrada mercador.;180033928;1011140;5000239306;11;21/11/2025;02/12/2025;02/12/2025;14:38:04;30;4.766,09;CUST;ESTOQUE_AME;MDCOSTA;;;;;;;;;30;UN;CDFL - CD FLORES;;0;30;30;AMEN;;;;0;0;0;;0;0;;;B;;;;0;UN;2025;;;S;WE;0;BRL;;;0;0;UN;UN;525,67;385,49;;
CDFL;4500140523;;;10;0;0;120366;CAPUZ DE SEGURANCA TIPO BALACLAVA;101;EM Entrada mercador.;180034570;1027174;5000248017;1;28/01/2026;28/01/2026;28/01/2026;14:21:49;50;5.755,50;CUST;ESTOQUE_AME;MDCOSTA;;;;;;;;;50;UN;CDFL - CD FLORES;;0;50;50;AMEN;;;;0;0;0;;0;0;;;B;;;;0;UN;2026;;;S;WE;0;BRL;;;0;0;UN;UN;350;755,5;;
CDFL;4500125654;;;10;0;0;120366;CAPUZ DE SEGURANCA TIPO BALACLAVA;101;EM Entrada mercador.;180032441;1010013;5000221574;1;26/08/2025;26/08/2025;26/08/2025;09:02:08;50;6.029,46;CUST;ESTOQUE_AME;MDCOSTA;;;;;;;;;50;UN;CDFL - CD FLORES;;0;50;50;AMEN;;;;0;0;0;;0;0;A903030100;;B;;;;0;UN;2025;;;S;WE;0;BRL;;;0;0;UN;UN;366,66;791,46;;
CDFL;4500117314;;;20;0;0;120392;LUVA ISOLANTE CLASSE 2 TAM 10 1/2 17KV;101;EM Entrada mercador.;180032832;1007007;5000225989;1;29/07/2025;17/09/2025;17/09/2025;09:59:23;3;1.559,51;CUST;ESTOQUE_AME;GRIBEIRO;;;;;;;;;3;UN;CDFL - CD FLORES;;0;3;3;AMEN;;;;0;0;0;;0;0;;;B;;;;0;UN;2025;;;S;WE;0;BRL;;;0;0;UN;UN;94,84;204,71;;
CDFL;4500117314;;;20;0;0;120392;LUVA ISOLANTE CLASSE 2 TAM 10 1/2 17KV;101;EM Entrada mercador.;180032391;1007007;5000220903;1;23/07/2025;22/08/2025;22/08/2025;08:52:16;7;3.638,86;CUST;ESTOQUE_AME;MDCOSTA;;;;;;;;;7;UN;CDFL - CD FLORES;;0;7;7;AMEN;;;;0;0;0;;0;0;;;B;;;;0;UN;2025;;;S;WE;0;BRL;;;0;0;UN;UN;221,28;477,66;;
CDFL;4500133713;;;50;0;0;120410;RESPIRADOR  SEMIFACIAL PFF2 N95 TAM M;101;EM Entrada mercador.;180033527;1003818;5000234221;2;21/10/2025;30/10/2025;30/10/2025;10:23:45;1;181;CUST;ESTOQUE_AME;MDCOSTA;;;;;;;;;1;UN;CDFL - CD FLORES;;0;1;1;AMEN;;;;0;0;0;;0;0;;;B;;;;0;UN;2025;;;S;WE;0;BRL;;;0;0;UN;UN;36,2;0;;
CDFL;4500133713;;;20;0;0;120410;RESPIRADOR  SEMIFACIAL PFF2 N95 TAM M;101;EM Entrada mercador.;180033358;1003818;5000232561;2;13/10/2025;20/10/2025;20/10/2025;11:33:18;2;362;CUST;ESTOQUE_AME;MDCOSTA;;;;;;;;;2;UN;CDFL - CD FLORES;;0;2;2;AMEN;;;;0;0;0;;0;0;;;B;;;;0;UN;2025;;;S;WE;0;BRL;;;0;0;UN;UN;72,4;0;;
CDFL;4500117314;;;40;0;0;120421;CALCADO DE SEGUR ISOL TIPO TENIS TAM 37;101;EM Entrada mercador.;180032391;1007007;5000220903;3;23/07/2025;22/08/2025;22/08/2025;08:52:16;1;147,57;CUST;ESTOQUE_AME;MDCOSTA;;;;;;;;;1;PAR;CDFL - CD FLORES;;0;1;1;AMEN;;;;0;0;0;;0;0;;;B;;;;0;PAR;2025;;;S;WE;0;BRL;;;0;0;PAR;PAR;8,98;19,37;;
CDFL;4500139122;;;10;0;0;120452;LUVA ALGODAO M;101;EM Entrada mercador.;180034081;1003818;5000241714;1;09/12/2025;15/12/2025;15/12/2025;09:38:02;600;1.530,00;CUST;ESTOQUE_AME;MDCOSTA;;;;;;;;;600;UN;CDFL - CD FLORES;;0;600;600;AMEN;;;;0;0;0;;0;0;;;B;;;;0;UN;2025;;;S;WE;0;BRL;;;0;0;UN;UN;107,1;0;;
CDFL;4500134200;;;10;0;0;120453;EXTINTOR PORTATIL PO QUIMICO ABC 12KG;101;EM Entrada mercador.;180033461;1004023;5000234010;1;21/10/2025;27/10/2025;27/10/2025;09:09:47;10;3.700,00;CUST;ESTOQUE_AME;MDCOSTA;;;;;;;;;10;UN;CDFL - CD FLORES;;0;10;10;AMEN;;;;0;0;0;;0;0;;;B;;;;0;UN;2025;;;S;WE;0;BRL;;;0;0;UN;UN;0;0;;
CDFL;4500134200;;;20;0;0;120454;EXTINTOR PORTATIL PO QUIMICO ABC 6KG;101;EM Entrada mercador.;180033461;1004023;5000234010;2;21/10/2025;27/10/2025;27/10/2025;09:09:47;30;6.000,00;CUST;ESTOQUE_AME;MDCOSTA;;;;;;;;;30;UN;CDFL - CD FLORES;;0;30;30;AMEN;;;;0;0;0;;0;0;;;B;;;;0;UN;2025;;;S;WE;0;BRL;;;0;0;UN;UN;0;0;;
CDFL;4500135753;;;10;0;0;120455;EXTINTOR PORTATIL PO QUIMICO BC 6KG;101;EM Entrada mercador.;180033725;1003818;5000235939;1;04/11/2025;13/11/2025;13/11/2025;16:02:40;15;2.996,25;CUST;ESTOQUE_AME;MDCOSTA;;;;;;;;;15;UN;CDFL - CD FLORES;;0;15;15;AMEN;;;;0;0;0;;0;0;;;B;;;;0;UN;2025;;;S;WE;0;BRL;;;0;0;UN;UN;599,25;0;;
CDFL;4500134200;;;30;0;0;120456;EXTINTOR PORTATIL AGUA PRESSURIZADA 10 L;101;EM Entrada mercador.;180033461;1004023;5000234010;3;21/10/2025;27/10/2025;27/10/2025;09:09:47;20;4.600,00;CUST;ESTOQUE_AME;MDCOSTA;;;;;;;;;20;UN;CDFL - CD FLORES;;0;20;20;AMEN;;;;0;0;0;;0;0;;;B;;;;0;UN;2025;;;S;WE;0;BRL;;;0;0;UN;UN;0;0;;
CDFL;4500135800;;;10;0;0;120457;AVENTAL DESCARTAVEL TNT MANGA LONGA;101;EM Entrada mercador.;180033658;1008610;5000235334;1;05/11/2025;11/11/2025;11/11/2025;09:37:16;10;460,5;CUST;ESTOQUE_AME;MDCOSTA;;;;;;;;;10;UN;CDFL - CD FLORES;;0;10;10;AMEN;;;;0;0;0;;0;0;;;B;;;;0;UN;2025;;;S;WE;0;BRL;;;0;0;UN;UN;92,1;0;;
CDFL;4500135800;;;20;0;0;120458;MASCARA CIRURGICA TRIPLA COM FILTRO;101;EM Entrada mercador.;180033658;1008610;5000235334;2;05/11/2025;11/11/2025;11/11/2025;09:37:16;5;61,4;CUST;ESTOQUE_AME;MDCOSTA;;;;;;;;;5;UN;CDFL - CD FLORES;;0;5;5;AMEN;;;;0;0;0;;0;0;;;B;;;;0;UN;2025;;;S;WE;0;BRL;;;0;0;UN;UN;12,28;0;;
CDFL;4500135801;;;10;0;0;120459;LUVAS LATEX DESCARTAVEL TAMANHO M;101;EM Entrada mercador.;180033697;1006513;5000235740;1;06/11/2025;12/11/2025;12/11/2025;15:05:47;6;336;CUST;ESTOQUE_AME;MDCOSTA;;;;;;;;;6;UN;CDFL - CD FLORES;;0;6;6;AMEN;;;;0;0;0;;0;0;;;B;;;;0;UN;2025;;;S;WE;0;BRL;;;0;0;UN;UN;0;0;;
CDFL;4500135801;;;20;0;0;120460;LUVAS LATEX DESCARTAVEL TAMANHO G;101;EM Entrada mercador.;180033697;1006513;5000235740;2;06/11/2025;12/11/2025;12/11/2025;15:05:47;5;280;CUST;ESTOQUE_AME;MDCOSTA;;;;;;;;;5;UN;CDFL - CD FLORES;;0;5;5;AMEN;;;;0;0;0;;0;0;;;B;;;;0;UN;2025;;;S;WE;0;BRL;;;0;0;UN;UN;0;0;;
CDFL;4500135773;;;30;0;0;120461;TOUCA BRANCA DESCARTAVEL;101;EM Entrada mercador.;180034872;1003818;5000252051;1;06/02/2026;20/02/2026;20/02/2026;11:06:01;5;53;CUST;ESTOQUE_AME;MDCOSTA;;;;;;;;;5;UN;CDFL - CD FLORES;;0;5;5;AMEN;;;;0;0;0;;0;0;;;B;;;;0;UN;2026;;;S;WE;0;BRL;;;0;0;UN;UN;10,6;0;;
CDFL;4500133713;;;30;0;0;120462;RESPIRADOR SEMI FACIAL 6200 SERIE 6000 P;101;EM Entrada mercador.;180033358;1003818;5000232561;1;13/10/2025;20/10/2025;20/10/2025;11:33:18;1;176,5;CUST;ESTOQUE_AME;MDCOSTA;;;;;;;;;1;UN;CDFL - CD FLORES;;0;1;1;AMEN;;;;0;0;0;;0;0;;;B;;;;0;UN;2025;;;S;WE;0;BRL;;;0;0;UN;UN;35,3;0;;
CDFL;4500144983;;;70;0;0;400040;TRAFO AER 3F 15KV 75KVA 220/127V 7TP;101;EM Entrada mercador.;180035640;1003291;5000260800;1;15/04/2026;17/04/2026;17/04/2026;10:11:22;5;104.931,35;INVT;EST_INV_AME;LPEIXOTO;;;;;;;;;5;UN;CDFL - CD FLORES;;0;5;5;AMEN;;;;0;0;0;;0;0;;;B;;;;0;UN;2026;;;S;WE;0;BRL;;;0;0;UN;UN;7.345,19;0;;
CDFL;4500144983;;;70;0;0;400040;TRAFO AER 3F 15KV 75KVA 220/127V 7TP;101;EM Entrada mercador.;180035623;1003291;5000260199;1;10/04/2026;16/04/2026;16/04/2026;10:23:47;15;314.794,05;INVT;EST_INV_AME;LPEIXOTO;;;;;;;;;15;UN;CDFL - CD FLORES;;0;15;15;AMEN;;;;0;0;0;;0;0;;;B;;;;0;UN;2026;;;S;WE;0;BRL;;;0;0;UN;UN;22.035,58;0;;
CDFL;4500139117;;;40;0;0;400040;TRAFO AER 3F 15KV 75KVA 220/127V 7TP;101;EM Entrada mercador.;180035624;1003291;5000260234;3;10/04/2026;16/04/2026;16/04/2026;10:37:47;1;20.986,27;INVT;EST_INV_AME;LPEIXOTO;;;;;;;;;1;UN;CDFL - CD FLORES;;0;1;1;AMEN;;;;0;0;0;;0;0;;;B;;;;0;UN;2026;;;S;WE;0;BRL;;;0;0;UN;UN;1.469,04;0;;
CDFL;4500139117;;;40;0;0;400040;TRAFO AER 3F 15KV 75KVA 220/127V 7TP;101;EM Entrada mercador.;180035625;1003291;5000260236;1;10/04/2026;16/04/2026;16/04/2026;10:46:58;1;20.986,27;INVT;EST_INV_AME;LPEIXOTO;;;;;;;;;1;UN;CDFL - CD FLORES;;0;1;1;AMEN;;;;0;0;0;;0;0;;;B;;;;0;UN;2026;;;S;WE;0;BRL;;;0;0;UN;UN;1.469,04;0;;
CDFL;4500129073;;;80;0;0;400040;TRAFO AER 3F 15KV 75KVA 220/127V 7TP;101;EM Entrada mercador.;180035591;1003291;5000260006;1;10/04/2026;14/04/2026;14/04/2026;16:56:03;1;20.986,27;INVT;EST_INV_AME;LPEIXOTO;;;;;;;;;1;UN;CDFL - CD FLORES;;0;1;1;AMEN;;;;0;0;0;;0;0;;;B;;;;0;UN;2026;;;S;WE;0;BRL;;;0;0;UN;UN;1.469,04;0;;
CDFL;4500139117;;;40;0;0;400040;TRAFO AER 3F 15KV 75KVA 220/127V 7TP;101;EM Entrada mercador.;180035544;1003291;5000259337;3;02/04/2026;10/04/2026;10/04/2026;14:42:37;3;62.958,81;INVT;EST_INV_AME;LPEIXOTO;;;;;;;;;3;UN;CDFL - CD FLORES;;0;3;3;AMEN;;;;0;0;0;;0;0;;;B;;;;0;UN;2026;;;S;WE;0;BRL;;;0;0;UN;UN;4.407,12;0;;
CDFL;4500139117;;;40;0;0;400040;TRAFO AER 3F 15KV 75KVA 220/127V 7TP;101;EM Entrada mercador.;180035505;1003291;5000258660;1;31/03/2026;08/04/2026;08/04/2026;15:13:04;14;293.807,78;INVT;EST_INV_AME;LPEIXOTO;;;;;;;;;14;UN;CDFL - CD FLORES;;0;14;14;AMEN;;;;0;0;0;;0;0;;;B;;;;0;UN;2026;;;S;WE;0;BRL;;;0;0;UN;UN;20.566,54;0;;
CDFL;4500139117;;;40;0;0;400040;TRAFO AER 3F 15KV 75KVA 220/127V 7TP;101;EM Entrada mercador.;180035410;1003291;5000257324;2;23/03/2026;26/03/2026;26/03/2026;14:15:49;2;41.972,54;INVT;EST_INV_AME;MDCOSTA;;;;;;;;;2;UN;CDFL - CD FLORES;;0;2;2;AMEN;;;;0;0;0;;0;0;;;B;;;;0;UN;2026;;;S;WE;0;BRL;;;0;0;UN;UN;2.938,08;0;;
CDFL;4500139117;;;40;0;0;400040;TRAFO AER 3F 15KV 75KVA 220/127V 7TP;101;EM Entrada mercador.;180035262;1003291;5000256495;2;16/03/2026;18/03/2026;18/03/2026;09:14:38;9;188.876,43;INVT;EST_INV_AME;MDCOSTA;;;;;;;;;9;UN;CDFL - CD FLORES;;0;9;9;AMEN;;;;0;0;0;;0;0;;;B;;;;0;UN;2026;;;S;WE;0;BRL;;;0;0;UN;UN;13.221,35;0;;
CDFL;4500139117;;;40;0;0;400040;TRAFO AER 3F 15KV 75KVA 220/127V 7TP;101;EM Entrada mercador.;180035279;1003291;5000256517;2;13/03/2026;18/03/2026;18/03/2026;10:00:18;2;41.972,54;INVT;EST_INV_AME;MDCOSTA;;;;;;;;;2;UN;CDFL - CD FLORES;;0;2;2;AMEN;;;;0;0;0;;0;0;;;B;;;;0;UN;2026;;;S;WE;0;BRL;;;0;0;UN;UN;2.938,08;0;;
CDFL;4500139117;;;40;0;0;400040;TRAFO AER 3F 15KV 75KVA 220/127V 7TP;101;EM Entrada mercador.;180035283;1003291;5000256524;1;13/03/2026;18/03/2026;18/03/2026;10:21:28;3;62.958,81;INVT;EST_INV_AME;MDCOSTA;;;;;;;;;3;UN;CDFL - CD FLORES;;0;3;3;AMEN;;;;0;0;0;;0;0;;;B;;;;0;UN;2026;;;S;WE;0;BRL;;;0;0;UN;UN;4.407,12;0;;
CDFL;4500139117;;;40;0;0;400040;TRAFO AER 3F 15KV 75KVA 220/127V 7TP;101;EM Entrada mercador.;180035150;1003291;5000254710;4;04/03/2026;10/03/2026;10/03/2026;10:22:55;1;20.986,27;INVT;EST_INV_AME;MDCOSTA;;;;;;;;;1;UN;CDFL - CD FLORES;;0;1;1;AMEN;;;;0;0;0;;0;0;;;B;;;;0;UN;2026;;;S;WE;0;BRL;;;0;0;UN;UN;1.469,04;0;;
CDFL;4500139117;;;40;0;0;400040;TRAFO AER 3F 15KV 75KVA 220/127V 7TP;101;EM Entrada mercador.;180034878;1003291;5000252090;3;13/02/2026;20/02/2026;20/02/2026;14:15:14;1;20.986,27;INVT;EST_INV_AME;MDCOSTA;;;;;;;;;1;UN;CDFL - CD FLORES;;0;1;1;AMEN;;;;0;0;0;;0;0;;;B;;;;0;UN;2026;;;S;WE;0;BRL;;;0;0;UN;UN;1.469,04;0;;
CDFL;4500139117;;;40;0;0;400040;TRAFO AER 3F 15KV 75KVA 220/127V 7TP;101;EM Entrada mercador.;180034813;1003291;5000251538;3;10/02/2026;14/02/2026;14/02/2026;07:41:17;1;20.986,27;INVT;EST_INV_AME;MDCOSTA;;;;;;;;;1;UN;CDFL - CD FLORES;;0;1;1;AMEN;;;;0;0;0;;0;0;;;B;;;;0;UN;2026;;;S;WE;0;BRL;;;0;0;UN;UN;1.469,04;0;;
CDFL;4500139117;;;40;0;0;400040;TRAFO AER 3F 15KV 75KVA 220/127V 7TP;101;EM Entrada mercador.;180034811;1003291;5000251536;2;11/02/2026;14/02/2026;14/02/2026;07:35:19;10;209.862,70;INVT;EST_INV_AME;MDCOSTA;;;;;;;;;10;UN;CDFL - CD FLORES;;0;10;10;AMEN;;;;0;0;0;;0;0;;;B;;;;0;UN;2026;;;S;WE;0;BRL;;;0;0;UN;UN;14.690,39;0;;
CDFL;4500129073;;;80;0;0;400040;TRAFO AER 3F 15KV 75KVA 220/127V 7TP;101;EM Entrada mercador.;180034218;1003291;5000243959;1;17/12/2025;22/12/2025;22/12/2025;14:58:27;3;62.958,81;INVT;EST_INV_AME;MDCOSTA;;;;;;;;;3;UN;CDFL - CD FLORES;;0;3;3;AMEN;;;;0;0;0;;0;0;;;B;;;;0;UN;2025;;;S;WE;0;BRL;;;0;0;UN;UN;4.407,12;0;;
CDFL;4500129073;;;80;0;0;400040;TRAFO AER 3F 15KV 75KVA 220/127V 7TP;101;EM Entrada mercador.;180034074;1003291;5000241669;1;09/12/2025;15/12/2025;15/12/2025;08:29:00;10;209.862,70;INVT;EST_INV_AME;MDCOSTA;;;;;;;;;10;UN;CDFL - CD FLORES;;0;10;10;AMEN;;;;0;0;0;;0;0;;;B;;;;0;UN;2025;;;S;WE;0;BRL;;;0;0;UN;UN;14.690,39;0;;
CDFL;4500129073;;;80;0;0;400040;TRAFO AER 3F 15KV 75KVA 220/127V 7TP;101;EM Entrada mercador.;180034073;1003291;5000241667;1;09/12/2025;15/12/2025;15/12/2025;08:26:53;10;209.862,70;INVT;EST_INV_AME;MDCOSTA;;;;;;;;;10;UN;CDFL - CD FLORES;;0;10;10;AMEN;;;;0;0;0;;0;0;;;B;;;;0;UN;2025;;;S;WE;0;BRL;;;0;0;UN;UN;14.690,39;0;;
CDFL;4500129073;;;80;0;0;400040;TRAFO AER 3F 15KV 75KVA 220/127V 7TP;101;EM Entrada mercador.;180034072;1003291;5000241666;1;09/12/2025;15/12/2025;15/12/2025;08:24:26;11;230.848,97;INVT;EST_INV_AME;MDCOSTA;;;;;;;;;11;UN;CDFL - CD FLORES;;0;11;11;AMEN;;;;0;0;0;;0;0;;;B;;;;0;UN;2025;;;S;WE;0;BRL;;;0;0;UN;UN;16.159,43;0;;
CDFL;4500121355;;;40;0;0;400040;TRAFO AER 3F 15KV 75KVA 220/127V 7TP;101;EM Entrada mercador.;180033313;1003291;5000232017;1;06/10/2025;17/10/2025;17/10/2025;08:01:26;6;125.917,62;INVT;EST_INV_AME;MDCOSTA;;;;;;;;;6;UN;CDFL - CD FLORES;;0;6;6;AMEN;;;;0;0;0;;0;0;;;B;;;;0;UN;2025;;;S;WE;0;BRL;;;0;0;UN;UN;8.814,23;0;;
CDFL;4500121355;;;40;0;0;400040;TRAFO AER 3F 15KV 75KVA 220/127V 7TP;101;EM Entrada mercador.;180033314;1003291;5000232018;1;06/10/2025;17/10/2025;17/10/2025;08:04:30;7;146.903,89;INVT;EST_INV_AME;MDCOSTA;;;;;;;;;7;UN;CDFL - CD FLORES;;0;7;7;AMEN;;;;0;0;0;;0;0;;;B;;;;0;UN;2025;;;S;WE;0;BRL;;;0;0;UN;UN;10.283,27;0;;
CDFL;4500114957;;;50;0;0;400040;TRAFO AER 3F 15KV 75KVA 220/127V 7TP;101;EM Entrada mercador.;180033228;1003291;5000230756;3;01/10/2025;13/10/2025;13/10/2025;08:29:15;1;20.986,27;INVT;EST_INV_AME;MDCOSTA;;;;;;;;;1;UN;CDFL - CD FLORES;;0;1;1;AMEN;;;;0;0;0;;0;0;;;B;;;;0;UN;2025;;;S;WE;0;BRL;;;0;0;UN;UN;1.469,04;0;;
CDFL;4500118240;;;30;0;0;400040;TRAFO AER 3F 15KV 75KVA 220/127V 7TP;101;EM Entrada mercador.;180032723;1003291;5000225121;3;08/09/2025;12/09/2025;12/09/2025;14:53:43;1;20.986,27;INVT;EST_INV_AME;MDCOSTA;;;;;;;;;1;UN;CDFL - CD FLORES;;0;1;1;AMEN;;;;0;0;0;;0;0;;;B;;;;0;UN;2025;;;S;WE;0;BRL;;;0;0;UN;UN;1.469,04;0;;
CDFL;4500118240;;;30;0;0;400040;TRAFO AER 3F 15KV 75KVA 220/127V 7TP;101;EM Entrada mercador.;180032632;1003291;5000223458;2;28/08/2025;08/09/2025;08/09/2025;15:00:07;4;83.945,08;INVT;EST_INV_AME;MDCOSTA;;;;;;;;;4;UN;CDFL - CD FLORES;;0;4;4;AMEN;;;;0;0;0;;0;0;;;B;;;;0;UN;2025;;;S;WE;0;BRL;;;0;0;UN;UN;5.876,16;0;;
CDFL;4500118240;;;30;0;0;400040;TRAFO AER 3F 15KV 75KVA 220/127V 7TP;101;EM Entrada mercador.;180032631;1003291;5000223444;3;28/08/2025;08/09/2025;08/09/2025;14:50:35;4;83.945,08;INVT;EST_INV_AME;MDCOSTA;;;;;;;;;4;UN;CDFL - CD FLORES;;0;4;4;AMEN;;;;0;0;0;;0;0;;;B;;;;0;UN;2025;;;S;WE;0;BRL;;;0;0;UN;UN;5.876,16;0;;
CDFL;4500118240;;;30;0;0;400040;TRAFO AER 3F 15KV 75KVA 220/127V 7TP;101;EM Entrada mercador.;180032568;1003291;5000222705;2;25/08/2025;02/09/2025;02/09/2025;10:13:23;4;83.945,08;INVT;EST_INV_AME;MDCOSTA;;;;;;;;;4;UN;CDFL - CD FLORES;;0;4;4;AMEN;;;;0;0;0;;0;0;;;B;;;;0;UN;2025;;;S;WE;0;BRL;;;0;0;UN;UN;5.876,16;0;;
CDFL;4500118240;;;30;0;0;400040;TRAFO AER 3F 15KV 75KVA 220/127V 7TP;101;EM Entrada mercador.;180032519;1003291;5000222127;1;25/08/2025;29/08/2025;29/08/2025;08:30:29;20;419.725,40;INVT;EST_INV_AME;MDCOSTA;;;;;;;;;20;UN;CDFL - CD FLORES;;0;20;20;AMEN;;;;0;0;0;;0;0;;;B;;;;0;UN;2025;;;S;WE;0;BRL;;;0;0;UN;UN;29.380,78;0;;
CDFL;4500114957;;;50;0;0;400040;TRAFO AER 3F 15KV 75KVA 220/127V 7TP;101;EM Entrada mercador.;180032147;1003291;5000218743;4;31/07/2025;11/08/2025;11/08/2025;10:09:04;4;83.945,08;INVT;EST_INV_AME;MDCOSTA;;;;;;;;;4;UN;CDFL - CD FLORES;;0;4;4;AMEN;;;;0;0;0;;0;0;;;B;;;;0;UN;2025;;;S;WE;0;BRL;;;0;0;UN;UN;5.876,16;0;;
CDFL;4500112240;;;50;0;0;400040;TRAFO AER 3F 15KV 75KVA 220/127V 7TP;101;EM Entrada mercador.;180032062;1003291;5000217824;3;28/07/2025;06/08/2025;06/08/2025;11:22:48;5;104.931,35;INVT;EST_INV_AME;MDCOSTA;;;;;;;;;5;UN;CDFL - CD FLORES;;0;5;5;AMEN;;;;0;0;0;;0;0;;;B;;;;0;UN;2025;;;S;WE;0;BRL;;;0;0;UN;UN;7.345,19;0;;
CDFL;4500114957;;;50;0;0;400040;TRAFO AER 3F 15KV 75KVA 220/127V 7TP;101;EM Entrada mercador.;180032003;1003291;5000217382;5;25/07/2025;01/08/2025;01/08/2025;09:39:20;3;62.958,81;INVT;EST_INV_AME;MDCOSTA;;;;;;;;;3;UN;CDFL - CD FLORES;;0;3;3;AMEN;;;;0;0;0;;0;0;;;B;;;;0;UN;2025;;;S;WE;0;BRL;;;0;0;UN;UN;4.407,12;0;;
CDFL;4500114957;;;50;0;0;400040;TRAFO AER 3F 15KV 75KVA 220/127V 7TP;101;EM Entrada mercador.;180031985;1003291;5000217148;1;23/07/2025;30/07/2025;30/07/2025;09:58:09;10;209.862,70;INVT;EST_INV_AME;MDCOSTA;;;;;;;;;10;UN;CDFL - CD FLORES;;0;10;10;AMEN;;;;0;0;0;;0;0;;;B;;;;0;UN;2025;;;S;WE;0;BRL;;;0;0;UN;UN;14.690,39;0;;
CDFL;4500114957;;;50;0;0;400040;TRAFO AER 3F 15KV 75KVA 220/127V 7TP;101;EM Entrada mercador.;180031984;1003291;5000217147;2;23/07/2025;30/07/2025;30/07/2025;09:55:57;10;209.862,70;INVT;EST_INV_AME;MDCOSTA;;;;;;;;;10;UN;CDFL - CD FLORES;;0;10;10;AMEN;;;;0;0;0;;0;0;;;B;;;;0;UN;2025;;;S;WE;0;BRL;;;0;0;UN;UN;14.690,39;0;;
CDFL;4500114957;;;50;0;0;400040;TRAFO AER 3F 15KV 75KVA 220/127V 7TP;101;EM Entrada mercador.;180031981;1003291;5000217132;2;24/07/2025;30/07/2025;30/07/2025;09:28:13;9;188.876,43;INVT;EST_INV_AME;MDCOSTA;;;;;;;;;9;UN;CDFL - CD FLORES;;0;9;9;AMEN;;;;0;0;0;;0;0;;;B;;;;0;UN;2025;;;S;WE;0;BRL;;;0;0;UN;UN;13.221,35;0;;
CDFL;4500114957;;;50;0;0;400040;TRAFO AER 3F 15KV 75KVA 220/127V 7TP;101;EM Entrada mercador.;180031953;1003291;5000216997;2;23/07/2025;29/07/2025;29/07/2025;08:43:34;7;146.903,89;INVT;EST_INV_AME;MDCOSTA;;;;;;;;;7;UN;CDFL - CD FLORES;;0;7;7;AMEN;;;;0;0;0;;0;0;;;B;;;;0;UN;2025;;;S;WE;0;BRL;;;0;0;UN;UN;10.283,27;0;;
CDFL;4500114957;;;50;0;0;400040;TRAFO AER 3F 15KV 75KVA 220/127V 7TP;101;EM Entrada mercador.;180031897;1003291;5000216787;1;21/07/2025;25/07/2025;25/07/2025;08:17:40;14;293.807,78;INVT;EST_INV_AME;MDCOSTA;;;;;;;;;14;UN;CDFL - CD FLORES;;0;14;14;AMEN;;;;0;0;0;;0;0;;;B;;;;0;UN;2025;;;S;WE;0;BRL;;;0;0;UN;UN;20.566,54;0;;
CDFL;4500114957;;;50;0;0;400040;TRAFO AER 3F 15KV 75KVA 220/127V 7TP;101;EM Entrada mercador.;180031896;1003291;5000216784;2;21/07/2025;25/07/2025;25/07/2025;08:13:49;6;125.917,62;INVT;EST_INV_AME;MDCOSTA;;;;;;;;;6;UN;CDFL - CD FLORES;;0;6;6;AMEN;;;;0;0;0;;0;0;;;B;;;;0;UN;2025;;;S;WE;0;BRL;;;0;0;UN;UN;8.814,23;0;;
CDFL;4500114957;;;50;0;0;400040;TRAFO AER 3F 15KV 75KVA 220/127V 7TP;101;EM Entrada mercador.;180031906;1003291;5000216797;1;23/07/2025;25/07/2025;25/07/2025;09:12:37;9;188.876,43;INVT;EST_INV_AME;MDCOSTA;;;;;;;;;9;UN;CDFL - CD FLORES;;0;9;9;AMEN;;;;0;0;0;;0;0;;;B;;;;0;UN;2025;;;S;WE;0;BRL;;;0;0;UN;UN;13.221,35;0;;
CDFL;4500114957;;;50;0;0;400040;TRAFO AER 3F 15KV 75KVA 220/127V 7TP;101;EM Entrada mercador.;180031905;1003291;5000216796;1;23/07/2025;25/07/2025;25/07/2025;09:07:56;10;209.862,70;INVT;EST_INV_AME;MDCOSTA;;;;;;;;;10;UN;CDFL - CD FLORES;;0;10;10;AMEN;;;;0;0;0;;0;0;;;B;;;;0;UN;2025;;;S;WE;0;BRL;;;0;0;UN;UN;14.690,39;0;;
CDFL;4500114957;;;50;0;0;400040;TRAFO AER 3F 15KV 75KVA 220/127V 7TP;101;EM Entrada mercador.;180031904;1003291;5000216794;1;23/07/2025;25/07/2025;25/07/2025;08:53:06;11;230.848,97;INVT;EST_INV_AME;MDCOSTA;;;;;;;;;11;UN;CDFL - CD FLORES;;0;11;11;AMEN;;;;0;0;0;;0;0;;;B;;;;0;UN;2025;;;S;WE;0;BRL;;;0;0;UN;UN;16.159,43;0;;
CDFL;4500112240;;;50;0;0;400040;TRAFO AER 3F 15KV 75KVA 220/127V 7TP;101;EM Entrada mercador.;180031900;1003291;5000216790;1;18/07/2025;25/07/2025;25/07/2025;08:24:55;20;419.725,40;INVT;EST_INV_AME;MDCOSTA;;;;;;;;;20;UN;CDFL - CD FLORES;;0;20;20;AMEN;;;;0;0;0;;0;0;;;B;;;;0;UN;2025;;;S;WE;0;BRL;;;0;0;UN;UN;29.380,78;0;;
CDFL;4500112240;;;50;0;0;400040;TRAFO AER 3F 15KV 75KVA 220/127V 7TP;101;EM Entrada mercador.;180031899;1003291;5000216789;3;18/07/2025;25/07/2025;25/07/2025;08:20:55;1;20.986,27;INVT;EST_INV_AME;MDCOSTA;;;;;;;;;1;UN;CDFL - CD FLORES;;0;1;1;AMEN;;;;0;0;0;;0;0;;;B;;;;0;UN;2025;;;S;WE;0;BRL;;;0;0;UN;UN;1.469,04;0;;
CDFL;4500112240;;;50;0;0;400040;TRAFO AER 3F 15KV 75KVA 220/127V 7TP;101;EM Entrada mercador.;180031716;1003291;5000214838;2;09/07/2025;14/07/2025;14/07/2025;14:53:52;7;146.903,89;INVT;EST_INV_AME;MDCOSTA;;;;;;;;;7;UN;CDFL - CD FLORES;;0;7;7;AMEN;;;;0;0;0;;0;0;;;B;;;;0;UN;2025;;;S;WE;0;BRL;;;0;0;UN;UN;10.283,27;0;;
CDFL;4500112240;;;50;0;0;400040;TRAFO AER 3F 15KV 75KVA 220/127V 7TP;101;EM Entrada mercador.;180031647;1003291;5000213857;2;27/06/2025;08/07/2025;08/07/2025;15:46:48;9;188.876,43;INVT;EST_INV_AME;MDCOSTA;;;;;;;;;9;UN;CDFL - CD FLORES;;0;9;9;AMEN;;;;0;0;0;;0;0;;;B;;;;0;UN;2025;;;S;WE;0;BRL;;;0;0;UN;UN;13.221,35;0;;
CDFL;4500112240;;;50;0;0;400040;TRAFO AER 3F 15KV 75KVA 220/127V 7TP;101;EM Entrada mercador.;180031649;1003291;5000213863;3;03/07/2025;08/07/2025;08/07/2025;15:57:35;4;83.945,08;INVT;EST_INV_AME;MDCOSTA;;;;;;;;;4;UN;CDFL - CD FLORES;;0;4;4;AMEN;;;;0;0;0;;0;0;;;B;;;;0;UN;2025;;;S;WE;0;BRL;;;0;0;UN;UN;5.876,16;0;;
CDFL;4500112240;;;50;0;0;400040;TRAFO AER 3F 15KV 75KVA 220/127V 7TP;101;EM Entrada mercador.;180031609;1003291;5000213303;3;30/06/2025;04/07/2025;04/07/2025;10:18:34;10;209.862,70;INVT;EST_INV_AME;MDCOSTA;;;;;;;;;10;UN;CDFL - CD FLORES;;0;10;10;AMEN;;;;0;0;0;;0;0;;;B;;;;0;UN;2025;;;S;WE;0;BRL;;;0;0;UN;UN;14.690,39;0;;
CDFL;4500112240;;;50;0;0;400040;TRAFO AER 3F 15KV 75KVA 220/127V 7TP;101;EM Entrada mercador.;180031591;1003291;5000212717;2;26/06/2025;02/07/2025;02/07/2025;15:55:41;15;314.794,05;INVT;EST_INV_AME;MDCOSTA;;;;;;;;;15;UN;CDFL - CD FLORES;;0;15;15;AMEN;;;;0;0;0;;0;0;;;B;;;;0;UN;2025;;;S;WE;0;BRL;;;0;0;UN;UN;22.035,58;0;;
CDFL;4500125193;;;70;0;0;400051;TRAFO AER 3F 15KV 225KVA 220/127V 7TP;101;EM Entrada mercador.;180034219;1003291;5000243960;1;17/12/2025;22/12/2025;22/12/2025;15:02:15;1;55.600,80;INVT;EST_INV_AME;MDCOSTA;;;;;;;;;1;UN;CDFL - CD FLORES;;0;1;1;AMEN;;;;0;0;0;;0;0;;;B;;;;0;UN;2025;;;S;WE;0;BRL;;;0;0;UN;UN;3.892,06;0;;
CDFL;4500125193;;;70;0;0;400051;TRAFO AER 3F 15KV 225KVA 220/127V 7TP;101;EM Entrada mercador.;180033829;1003291;5000236826;3;13/11/2025;19/11/2025;19/11/2025;08:56:46;1;55.600,80;INVT;EST_INV_AME;MDCOSTA;;;;;;;;;1;UN;CDFL - CD FLORES;;0;1;1;AMEN;;;;0;0;0;;0;0;;;B;;;;0;UN;2025;;;S;WE;0;BRL;;;0;0;UN;UN;3.892,06;0;;
CDFL;4500118240;;;50;0;0;400051;TRAFO AER 3F 15KV 225KVA 220/127V 7TP;101;EM Entrada mercador.;180033833;1003291;5000236845;2;07/11/2025;19/11/2025;19/11/2025;09:26:04;1;55.600,80;INVT;EST_INV_AME;MDCOSTA;;;;;;;;;1;UN;CDFL - CD FLORES;;0;1;1;AMEN;;;;0;0;0;;0;0;;;B;;;;0;UN;2025;;;S;WE;0;BRL;;;0;0;UN;UN;3.892,06;0;;
CDFL;4500125193;;;70;0;0;400051;TRAFO AER 3F 15KV 225KVA 220/127V 7TP;101;EM Entrada mercador.;180033783;1003291;5000236389;2;07/11/2025;17/11/2025;17/11/2025;15:39:39;1;55.600,80;INVT;EST_INV_AME;LPEIXOTO;;;;;;;;;1;UN;CDFL - CD FLORES;;0;1;1;AMEN;;;;0;0;0;;0;0;;;B;;;;0;UN;2025;;;S;WE;0;BRL;;;0;0;UN;UN;3.892,06;0;;
CDFL;4500121355;;;70;0;0;400051;TRAFO AER 3F 15KV 225KVA 220/127V 7TP;101;EM Entrada mercador.;180033377;1003291;5000232965;1;13/10/2025;21/10/2025;21/10/2025;08:03:17;5;278.004,00;INVT;EST_INV_AME;MDCOSTA;;;;;;;;;5;UN;CDFL - CD FLORES;;0;5;5;AMEN;;;;0;0;0;;0;0;;;B;;;;0;UN;2025;;;S;WE;0;BRL;;;0;0;UN;UN;19.460,28;0;;
CDFL;4500121355;;;70;0;0;400051;TRAFO AER 3F 15KV 225KVA 220/127V 7TP;101;EM Entrada mercador.;180033382;1003291;5000232999;1;13/10/2025;21/10/2025;21/10/2025;09:11:39;5;278.004,00;INVT;EST_INV_AME;MDCOSTA;;;;;;;;;5;UN;CDFL - CD FLORES;;0;5;5;AMEN;;;;0;0;0;;0;0;;;B;;;;0;UN;2025;;;S;WE;0;BRL;;;0;0;UN;UN;19.460,28;0;;
CDFL;4500118240;;;50;0;0;400051;TRAFO AER 3F 15KV 225KVA 220/127V 7TP;101;EM Entrada mercador.;180033231;1003291;5000230763;2;03/10/2025;13/10/2025;13/10/2025;08:38:14;2;111.201,60;INVT;EST_INV_AME;MDCOSTA;;;;;;;;;2;UN;CDFL - CD FLORES;;0;2;2;AMEN;;;;0;0;0;;0;0;;;B;;;;0;UN;2025;;;S;WE;0;BRL;;;0;0;UN;UN;7.784,11;0;;
CDFL;4500118240;;;50;0;0;400051;TRAFO AER 3F 15KV 225KVA 220/127V 7TP;101;EM Entrada mercador.;180033014;1003291;5000228565;2;25/09/2025;29/09/2025;29/09/2025;09:45:07;2;111.201,60;INVT;EST_INV_AME;MDCOSTA;;;;;;;;;2;UN;CDFL - CD FLORES;;0;2;2;AMEN;;;;0;0;0;;0;0;;;B;;;;0;UN;2025;;;S;WE;0;BRL;;;0;0;UN;UN;7.784,11;0;;
CDFL;4500118240;;;50;0;0;400051;TRAFO AER 3F 15KV 225KVA 220/127V 7TP;101;EM Entrada mercador.;180032930;1003291;5000228132;2;19/09/2025;24/09/2025;24/09/2025;07:43:26;1;55.600,80;INVT;EST_INV_AME;MDCOSTA;;;;;;;;;1;UN;CDFL - CD FLORES;;0;1;1;AMEN;;;;0;0;0;;0;0;;;B;;;;0;UN;2025;;;S;WE;0;BRL;;;0;0;UN;UN;3.892,06;0;;
CDFL;4500118240;;;50;0;0;400051;TRAFO AER 3F 15KV 225KVA 220/127V 7TP;101;EM Entrada mercador.;180032822;1003291;5000225628;1;12/09/2025;16/09/2025;16/09/2025;15:08:33;4;222.403,20;INVT;EST_INV_AME;GRIBEIRO;;;;;;;;;4;UN;CDFL - CD FLORES;;0;4;4;AMEN;;;;0;0;0;;0;0;;;B;;;;0;UN;2025;;;S;WE;0;BRL;;;0;0;UN;UN;15.568,22;0;;
CDFL;4500118240;;;50;0;0;400051;TRAFO AER 3F 15KV 225KVA 220/127V 7TP;101;EM Entrada mercador.;180032823;1003291;5000225634;1;12/09/2025;16/09/2025;16/09/2025;15:13:11;4;222.403,20;INVT;EST_INV_AME;GRIBEIRO;;;;;;;;;4;UN;CDFL - CD FLORES;;0;4;4;AMEN;;;;0;0;0;;0;0;;;B;;;;0;UN;2025;;;S;WE;0;BRL;;;0;0;UN;UN;15.568,22;0;;
CDFL;4500114957;;;80;0;0;400051;TRAFO AER 3F 15KV 225KVA 220/127V 7TP;101;EM Entrada mercador.;180032236;1003291;5000219083;2;05/08/2025;13/08/2025;13/08/2025;08:22:22;1;55.600,80;INVT;EST_INV_AME;MDCOSTA;;;;;;;;;1;UN;CDFL - CD FLORES;;0;1;1;AMEN;;;;0;0;0;;0;0;;;B;;;;0;UN;2025;;;S;WE;0;BRL;;;0;0;UN;UN;3.892,06;0;;
CDFL;4500114957;;;80;0;0;400051;TRAFO AER 3F 15KV 225KVA 220/127V 7TP;101;EM Entrada mercador.;180032246;1003291;5000219137;2;05/08/2025;13/08/2025;13/08/2025;10:53:02;1;55.600,80;INVT;EST_INV_AME;MDCOSTA;;;;;;;;;1;UN;CDFL - CD FLORES;;0;1;1;AMEN;;;;0;0;0;;0;0;;;B;;;;0;UN;2025;;;S;WE;0;BRL;;;0;0;UN;UN;3.892,06;0;;
CDFL;4500133042;;;10;0;0;400069;"TRAFO CRTE 15KV; 5-5A; 0,3C12,5 BARRA";101;EM Entrada mercador.;180034547;1007548;5000247808;1;08/12/2025;27/01/2026;27/01/2026;10:11:26;45;67.339,35;INVT;EST_INV_AME;MDCOSTA;;;;;;;;;45;UN;CDFL - CD FLORES;;0;45;45;AMEN;;;;0;0;0;;0;0;;;B;;;;0;UN;2026;;;S;WE;0;BRL;;;0;0;UN;UN;4.095,00;8.839,35;;
CDFL;4500144983;;;10;0;0;400072;TRAFO AER 1F 7,96KV 5KVA 240/120V 7TP;101;EM Entrada mercador.;180036139;1003291;5000266299;2;19/05/2026;27/05/2026;27/05/2026;14:31:59;4; R$ 18.346,56 ;INVT;EST_INV_AME;MDCOSTA;;;;;;;;;4;UN;CDFL - CD FLORES;;0;4;4;AMEN;;;;0;0;0;;0;0;;;B;;;;0;UN;2026;;;S;WE;0;BRL;;;0;0;UN;UN;1.284,26;0;;
CDFL;4500144983;;;10;0;0;400072;TRAFO AER 1F 7,96KV 5KVA 240/120V 7TP;101;EM Entrada mercador.;180036136;1003291;5000266294;2;20/05/2026;27/05/2026;27/05/2026;14:22:22;5; R$ 22.933,20 ;INVT;EST_INV_AME;MDCOSTA;;;;;;;;;5;UN;CDFL - CD FLORES;;0;5;5;AMEN;;;;0;0;0;;0;0;;;B;;;;0;UN;2026;;;S;WE;0;BRL;;;0;0;UN;UN;1.605,32;0;;
CDFL;4500144983;;;10;0;0;400072;TRAFO AER 1F 7,96KV 5KVA 240/120V 7TP;101;EM Entrada mercador.;180036114;1003291;5000266271;1;22/05/2026;27/05/2026;27/05/2026;08:05:41;1; R$ 4.586,64 ;INVT;EST_INV_AME;MDCOSTA;;;;;;;;;1;UN;CDFL - CD FLORES;;0;1;1;AMEN;;;;0;0;0;;0;0;;;B;;;;0;UN;2026;;;S;WE;0;BRL;;;0;0;UN;UN;321,06;0;;
CDFL;4500144983;;;10;0;0;400072;TRAFO AER 1F 7,96KV 5KVA 240/120V 7TP;101;EM Entrada mercador.;180036062;1003291;5000266034;1;18/05/2026;22/05/2026;22/05/2026;07:41:08;47; R$ 215.572,08 ;INVT;EST_INV_AME;LPEIXOTO;;;;;;;;;47;UN;CDFL - CD FLORES;;0;47;47;AMEN;;;;0;0;0;;0;0;;;B;;;;0;UN;2026;;;S;WE;0;BRL;;;0;0;UN;UN;15.090,05;0;;
CDFL;4500144983;;;10;0;0;400072;TRAFO AER 1F 7,96KV 5KVA 240/120V 7TP;101;EM Entrada mercador.;180036064;1003291;5000266037;3;14/05/2026;22/05/2026;22/05/2026;07:51:18;28; R$ 128.425,92 ;INVT;EST_INV_AME;LPEIXOTO;;;;;;;;;28;UN;CDFL - CD FLORES;;0;28;28;AMEN;;;;0;0;0;;0;0;;;B;;;;0;UN;2026;;;S;WE;0;BRL;;;0;0;UN;UN;8.989,81;0;;
CDFL;4500144983;;;10;0;0;400072;TRAFO AER 1F 7,96KV 5KVA 240/120V 7TP;101;EM Entrada mercador.;180036050;1003291;5000265815;1;13/05/2026;21/05/2026;21/05/2026;08:58:13;55; R$ 252.265,20 ;INVT;EST_INV_AME;LPEIXOTO;;;;;;;;;55;UN;CDFL - CD FLORES;;0;55;55;AMEN;;;;0;0;0;;0;0;;;B;;;;0;UN;2026;;;S;WE;0;BRL;;;0;0;UN;UN;17.658,56;0;;
CDFL;4500144983;;;10;0;0;400072;TRAFO AER 1F 7,96KV 5KVA 240/120V 7TP;101;EM Entrada mercador.;180036051;1003291;5000265823;1;13/05/2026;21/05/2026;21/05/2026;09:01:23;27; R$ 123.839,28 ;INVT;EST_INV_AME;LPEIXOTO;;;;;;;;;27;UN;CDFL - CD FLORES;;0;27;27;AMEN;;;;0;0;0;;0;0;;;B;;;;0;UN;2026;;;S;WE;0;BRL;;;0;0;UN;UN;8.668,75;0;;
CDFL;4500144983;;;10;0;0;400072;TRAFO AER 1F 7,96KV 5KVA 240/120V 7TP;101;EM Entrada mercador.;180035860;1003291;5000262893;1;29/04/2026;08/05/2026;08/05/2026;10:12:41;3; R$ 13.759,92 ;INVT;EST_INV_AME;LPEIXOTO;;;;;;;;;3;UN;CDFL - CD FLORES;;0;3;3;AMEN;;;;0;0;0;;0;0;;;B;;;;0;UN;2026;;;S;WE;0;BRL;;;0;0;UN;UN;963,19;0;;
CDFL;4500144983;;;10;0;0;400072;TRAFO AER 1F 7,96KV 5KVA 240/120V 7TP;101;EM Entrada mercador.;180035715;1003291;5000261571;1;21/04/2026;24/04/2026;24/04/2026;11:26:26;50;229.332,00;INVT;EST_INV_AME;MDCOSTA;;;;;;;;;50;UN;CDFL - CD FLORES;;0;50;50;AMEN;;;;0;0;0;;0;0;;;B;;;;0;UN;2026;;;S;WE;0;BRL;;;0;0;UN;UN;16.053,24;0;;
CDFL;4500144983;;;10;0;0;400072;TRAFO AER 1F 7,96KV 5KVA 240/120V 7TP;101;EM Entrada mercador.;180035717;1003291;5000261574;1;21/04/2026;24/04/2026;24/04/2026;11:31:00;29;133.012,56;INVT;EST_INV_AME;MDCOSTA;;;;;;;;;29;UN;CDFL - CD FLORES;;0;29;29;AMEN;;;;0;0;0;;0;0;;;B;;;;0;UN;2026;;;S;WE;0;BRL;;;0;0;UN;UN;9.310,88;0;;
CDFL;4500144983;;;10;0;0;400072;TRAFO AER 1F 7,96KV 5KVA 240/120V 7TP;101;EM Entrada mercador.;180035694;1003291;5000261400;1;17/04/2026;23/04/2026;23/04/2026;10:47:20;37;169.705,68;INVT;EST_INV_AME;MDCOSTA;;;;;;;;;37;UN;CDFL - CD FLORES;;0;37;37;AMEN;;;;0;0;0;;0;0;;;B;;;;0;UN;2026;;;S;WE;0;BRL;;;0;0;UN;UN;11.879,40;0;;
CDFL;4500144983;;;10;0;0;400072;TRAFO AER 1F 7,96KV 5KVA 240/120V 7TP;101;EM Entrada mercador.;180035695;1003291;5000261401;1;17/04/2026;23/04/2026;23/04/2026;10:49:21;50;229.332,00;INVT;EST_INV_AME;MDCOSTA;;;;;;;;;50;UN;CDFL - CD FLORES;;0;50;50;AMEN;;;;0;0;0;;0;0;;;B;;;;0;UN;2026;;;S;WE;0;BRL;;;0;0;UN;UN;16.053,24;0;;
CDFL;4500136509;;;10;0;0;400072;TRAFO AER 1F 7,96KV 5KVA 240/120V 7TP;101;EM Entrada mercador.;180035439;1003291;5000257478;1;26/03/2026;31/03/2026;31/03/2026;09:57:32;2;9.173,28;INVT;EST_INV_AME;MDCOSTA;;;;;;;;;2;UN;CDFL - CD FLORES;;0;2;2;AMEN;;;;0;0;0;;0;0;;;B;;;;0;UN;2026;;;S;WE;0;BRL;;;0;0;UN;UN;642,13;0;;
CDFL;4500134196;;;10;0;0;400072;TRAFO AER 1F 7,96KV 5KVA 240/120V 7TP;101;EM Entrada mercador.;180035438;1003291;5000257476;2;26/03/2026;31/03/2026;31/03/2026;09:54:06;1;4.586,64;INVT;EST_INV_AME;MDCOSTA;;;;;;;;;1;UN;CDFL - CD FLORES;;0;1;1;AMEN;;;;0;0;0;;0;0;;;B;;;;0;UN;2026;;;S;WE;0;BRL;;;0;0;UN;UN;321,06;0;;
CDFL;4500141692;;;10;0;0;400072;TRAFO AER 1F 7,96KV 5KVA 240/120V 7TP;101;EM Entrada mercador.;180035187;1003291;5000256111;1;09/03/2026;16/03/2026;16/03/2026;08:23:46;1;4.586,64;INVT;EST_INV_AME;MDCOSTA;;;;;;;;;1;UN;CDFL - CD FLORES;;0;1;1;AMEN;;;;0;0;0;;0;0;;;B;;;;0;UN;2026;;;S;WE;0;BRL;;;0;0;UN;UN;321,06;0;;
CDFL;4500139117;;;10;0;0;400072;TRAFO AER 1F 7,96KV 5KVA 240/120V 7TP;101;EM Entrada mercador.;180035150;1003291;5000254710;1;04/03/2026;10/03/2026;10/03/2026;10:22:55;3;13.759,92;INVT;EST_INV_AME;MDCOSTA;;;;;;;;;3;UN;CDFL - CD FLORES;;0;3;3;AMEN;;;;0;0;0;;0;0;;;B;;;;0;UN;2026;;;S;WE;0;BRL;;;0;0;UN;UN;963,19;0;;
CDFL;4500139117;;;10;0;0;400072;TRAFO AER 1F 7,96KV 5KVA 240/120V 7TP;101;EM Entrada mercador.;180035011;1003291;5000253418;2;24/02/2026;02/03/2026;02/03/2026;10:52:16;3;13.759,92;INVT;EST_INV_AME;MDCOSTA;;;;;;;;;3;UN;CDFL - CD FLORES;;0;3;3;AMEN;;;;0;0;0;;0;0;;;B;;;;0;UN;2026;;;S;WE;0;BRL;;;0;0;UN;UN;963,19;0;;
CDFL;4500136509;;;10;0;0;400072;TRAFO AER 1F 7,96KV 5KVA 240/120V 7TP;101;EM Entrada mercador.;180034877;1003291;5000252088;1;13/02/2026;20/02/2026;20/02/2026;14:10:57;1;4.586,64;INVT;EST_INV_AME;MDCOSTA;;;;;;;;;1;UN;CDFL - CD FLORES;;0;1;1;AMEN;;;;0;0;0;;0;0;;;B;;;;0;UN;2026;;;S;WE;0;BRL;;;0;0;UN;UN;321,06;0;;
CDFL;4500139117;;;10;0;0;400072;TRAFO AER 1F 7,96KV 5KVA 240/120V 7TP;101;EM Entrada mercador.;180034878;1003291;5000252090;2;13/02/2026;20/02/2026;20/02/2026;14:15:14;29;133.012,56;INVT;EST_INV_AME;MDCOSTA;;;;;;;;;29;UN;CDFL - CD FLORES;;0;29;29;AMEN;;;;0;0;0;;0;0;;;B;;;;0;UN;2026;;;S;WE;0;BRL;;;0;0;UN;UN;9.310,88;0;;
CDFL;4500141692;;;10;0;0;400072;TRAFO AER 1F 7,96KV 5KVA 240/120V 7TP;101;EM Entrada mercador.;180034880;1003291;5000252092;1;13/02/2026;20/02/2026;20/02/2026;14:17:14;3;13.759,92;INVT;EST_INV_AME;MDCOSTA;;;;;;;;;3;UN;CDFL - CD FLORES;;0;3;3;AMEN;;;;0;0;0;;0;0;;;B;;;;0;UN;2026;;;S;WE;0;BRL;;;0;0;UN;UN;963,19;0;;
CDFL;4500139117;;;10;0;0;400072;TRAFO AER 1F 7,96KV 5KVA 240/120V 7TP;101;EM Entrada mercador.;180034809;1003291;5000251534;1;11/02/2026;14/02/2026;14/02/2026;07:28:28;45;206.398,80;INVT;EST_INV_AME;MDCOSTA;;;;;;;;;45;UN;CDFL - CD FLORES;;0;45;45;AMEN;;;;0;0;0;;0;0;;;B;;;;0;UN;2026;;;S;WE;0;BRL;;;0;0;UN;UN;14.447,92;0;;
CDFL;4500139117;;;10;0;0;400072;TRAFO AER 1F 7,96KV 5KVA 240/120V 7TP;101;EM Entrada mercador.;180034812;1003291;5000251537;1;11/02/2026;14/02/2026;14/02/2026;07:38:57;50;229.332,00;INVT;EST_INV_AME;MDCOSTA;;;;;;;;;50;UN;CDFL - CD FLORES;;0;50;50;AMEN;;;;0;0;0;;0;0;;;B;;;;0;UN;2026;;;S;WE;0;BRL;;;0;0;UN;UN;16.053,24;0;;
CDFL;4500134196;;;10;0;0;400072;TRAFO AER 1F 7,96KV 5KVA 240/120V 7TP;101;EM Entrada mercador.;180034814;1003291;5000251539;1;10/02/2026;14/02/2026;14/02/2026;07:43:00;1;4.586,64;INVT;EST_INV_AME;MDCOSTA;;;;;;;;;1;UN;CDFL - CD FLORES;;0;1;1;AMEN;;;;0;0;0;;0;0;;;B;;;;0;UN;2026;;;S;WE;0;BRL;;;0;0;UN;UN;321,06;0;;
CDFL;4500141692;;;10;0;0;400072;TRAFO AER 1F 7,96KV 5KVA 240/120V 7TP;101;EM Entrada mercador.;180034815;1003291;5000251540;1;10/02/2026;14/02/2026;14/02/2026;07:44:43;6;27.519,84;INVT;EST_INV_AME;MDCOSTA;;;;;;;;;6;UN;CDFL - CD FLORES;;0;6;6;AMEN;;;;0;0;0;;0;0;;;B;;;;0;UN;2026;;;S;WE;0;BRL;;;0;0;UN;UN;1.926,39;0;;
CDFL;4500141692;;;10;0;0;400072;TRAFO AER 1F 7,96KV 5KVA 240/120V 7TP;101;EM Entrada mercador.;180034768;1003291;5000250598;1;10/02/2026;11/02/2026;11/02/2026;15:11:06;45;206.398,80;INVT;EST_INV_AME;MDCOSTA;;;;;;;;;45;UN;CDFL - CD FLORES;;0;45;45;AMEN;;;;0;0;0;;0;0;;;B;;;;0;UN;2026;;;S;WE;0;BRL;;;0;0;UN;UN;14.447,92;0;;
CDFL;4500141692;;;10;0;0;400072;TRAFO AER 1F 7,96KV 5KVA 240/120V 7TP;101;EM Entrada mercador.;180034769;1003291;5000250600;1;10/02/2026;11/02/2026;11/02/2026;15:13:05;45;206.398,80;INVT;EST_INV_AME;MDCOSTA;;;;;;;;;45;UN;CDFL - CD FLORES;;0;45;45;AMEN;;;;0;0;0;;0;0;;;B;;;;0;UN;2026;;;S;WE;0;BRL;;;0;0;UN;UN;14.447,92;0;;
CDFL;4500136509;;;10;0;0;400072;TRAFO AER 1F 7,96KV 5KVA 240/120V 7TP;101;EM Entrada mercador.;180034736;1003291;5000250014;1;04/02/2026;10/02/2026;10/02/2026;11:14:58;6;27.519,84;INVT;EST_INV_AME;MDCOSTA;;;;;;;;;6;UN;CDFL - CD FLORES;;0;6;6;AMEN;;;;0;0;0;;0;0;;;B;;;;0;UN;2026;;;S;WE;0;BRL;;;0;0;UN;UN;1.926,39;0;;
CDFL;4500136509;;;10;0;0;400072;TRAFO AER 1F 7,96KV 5KVA 240/120V 7TP;101;EM Entrada mercador.;180034469;1003291;5000246848;1;13/01/2026;21/01/2026;21/01/2026;15:20:49;40;183.465,60;INVT;EST_INV_AME;MDCOSTA;;;;;;;;;40;UN;CDFL - CD FLORES;;0;40;40;AMEN;;;;0;0;0;;0;0;;;B;;;;0;UN;2026;;;S;WE;0;BRL;;;0;0;UN;UN;12.842,59;0;;
CDFL;4500136509;;;10;0;0;400072;TRAFO AER 1F 7,96KV 5KVA 240/120V 7TP;101;EM Entrada mercador.;180034472;1003291;5000246863;1;13/01/2026;21/01/2026;21/01/2026;15:55:53;46;210.985,44;INVT;EST_INV_AME;MDCOSTA;;;;;;;;;46;UN;CDFL - CD FLORES;;0;46;46;AMEN;;;;0;0;0;;0;0;;;B;;;;0;UN;2026;;;S;WE;0;BRL;;;0;0;UN;UN;14.768,98;0;;
CDFL;4500134196;;;10;0;0;400072;TRAFO AER 1F 7,96KV 5KVA 240/120V 7TP;101;EM Entrada mercador.;180034467;1003291;5000246844;1;30/12/2025;21/01/2026;21/01/2026;15:16:04;3;13.759,92;INVT;EST_INV_AME;MDCOSTA;;;;;;;;;3;UN;CDFL - CD FLORES;;0;3;3;AMEN;;;;0;0;0;;0;0;;;B;;;;0;UN;2026;;;S;WE;0;BRL;;;0;0;UN;UN;963,19;0;;
CDFL;4500136509;;;10;0;0;400072;TRAFO AER 1F 7,96KV 5KVA 240/120V 7TP;101;EM Entrada mercador.;180034473;1003291;5000246872;1;14/01/2026;21/01/2026;21/01/2026;16:00:28;46;210.985,44;INVT;EST_INV_AME;MDCOSTA;;;;;;;;;46;UN;CDFL - CD FLORES;;0;46;46;AMEN;;;;0;0;0;;0;0;;;B;;;;0;UN;2026;;;S;WE;0;BRL;;;0;0;UN;UN;14.768,98;0;;
CDFL;4500136509;;;10;0;0;400072;TRAFO AER 1F 7,96KV 5KVA 240/120V 7TP;101;EM Entrada mercador.;180034470;1003291;5000246861;1;13/01/2026;21/01/2026;21/01/2026;15:53:27;42;192.638,88;INVT;EST_INV_AME;MDCOSTA;;;;;;;;;42;UN;CDFL - CD FLORES;;0;42;42;AMEN;;;;0;0;0;;0;0;;;B;;;;0;UN;2026;;;S;WE;0;BRL;;;0;0;UN;UN;13.484,72;0;;
CDFL;4500136509;;;10;0;0;400072;TRAFO AER 1F 7,96KV 5KVA 240/120V 7TP;101;EM Entrada mercador.;180034474;1003291;5000246880;1;14/01/2026;21/01/2026;21/01/2026;16:07:40;19;87.146,16;INVT;EST_INV_AME;MDCOSTA;;;;;;;;;19;UN;CDFL - CD FLORES;;0;19;19;AMEN;;;;0;0;0;;0;0;;;B;;;;0;UN;2026;;;S;WE;0;BRL;;;0;0;UN;UN;6.100,23;0;;
CDFL;4500136509;;;10;0;0;400072;TRAFO AER 1F 7,96KV 5KVA 240/120V 7TP;101;EM Entrada mercador.;180034468;1003291;5000246847;1;13/01/2026;21/01/2026;21/01/2026;15:18:56;40;183.465,60;INVT;EST_INV_AME;MDCOSTA;;;;;;;;;40;UN;CDFL - CD FLORES;;0;40;40;AMEN;;;;0;0;0;;0;0;;;B;;;;0;UN;2026;;;S;WE;0;BRL;;;0;0;UN;UN;12.842,59;0;;
CDFL;4500134196;;;10;0;0;400072;TRAFO AER 1F 7,96KV 5KVA 240/120V 7TP;101;EM Entrada mercador.;180034078;1003291;5000241679;4;09/12/2025;15/12/2025;15/12/2025;08:47:02;5;22.933,20;INVT;EST_INV_AME;MDCOSTA;;;;;;;;;5;UN;CDFL - CD FLORES;;0;5;5;AMEN;;;;0;0;0;;0;0;;;B;;;;0;UN;2025;;;S;WE;0;BRL;;;0;0;UN;UN;1.605,32;0;;
CDFL;4500134196;;;10;0;0;400072;TRAFO AER 1F 7,96KV 5KVA 240/120V 7TP;101;EM Entrada mercador.;180034023;1003291;5000240954;1;04/12/2025;11/12/2025;11/12/2025;08:13:05;9;41.279,76;INVT;EST_INV_AME;MDCOSTA;;;;;;;;;9;UN;CDFL - CD FLORES;;0;9;9;AMEN;;;;0;0;0;;0;0;;;B;;;;0;UN;2025;;;S;WE;0;BRL;;;0;0;UN;UN;2.889,58;0;;
CDFL;4500121355;;;10;0;0;400072;TRAFO AER 1F 7,96KV 5KVA 240/120V 7TP;101;EM Entrada mercador.;180033946;1003291;5000239440;1;25/11/2025;03/12/2025;03/12/2025;10:40:23;1;4.586,64;INVT;EST_INV_AME;MDCOSTA;;;;;;;;;1;UN;CDFL - CD FLORES;;0;1;1;AMEN;;;;0;0;0;;0;0;;;B;;;;0;UN;2025;;;S;WE;0;BRL;;;0;0;UN;UN;321,06;0;;
CDFL;4500134196;;;10;0;0;400072;TRAFO AER 1F 7,96KV 5KVA 240/120V 7TP;101;EM Entrada mercador.;180033942;1003291;5000239433;1;02/12/2025;03/12/2025;03/12/2025;10:26:10;46;210.985,44;INVT;EST_INV_AME;MDCOSTA;;;;;;;;;46;UN;CDFL - CD FLORES;;0;46;46;AMEN;;;;0;0;0;;0;0;;;B;;;;0;UN;2025;;;S;WE;0;BRL;;;0;0;UN;UN;14.768,98;0;;
CDFL;4500134196;;;10;0;0;400072;TRAFO AER 1F 7,96KV 5KVA 240/120V 7TP;101;EM Entrada mercador.;180033941;1003291;5000239432;1;02/12/2025;03/12/2025;03/12/2025;10:24:03;40;183.465,60;INVT;EST_INV_AME;MDCOSTA;;;;;;;;;40;UN;CDFL - CD FLORES;;0;40;40;AMEN;;;;0;0;0;;0;0;;;B;;;;0;UN;2025;;;S;WE;0;BRL;;;0;0;UN;UN;12.842,59;0;;
CDFL;4500129073;;;30;0;0;400072;TRAFO AER 1F 7,96KV 5KVA 240/120V 7TP;101;EM Entrada mercador.;180033787;1003291;5000236402;1;07/11/2025;17/11/2025;17/11/2025;15:50:04;20;91.732,80;INVT;EST_INV_AME;LPEIXOTO;;;;;;;;;20;UN;CDFL - CD FLORES;;0;20;20;AMEN;;;;0;0;0;;0;0;;;B;;;;0;UN;2025;;;S;WE;0;BRL;;;0;0;UN;UN;6.421,30;0;;
CDFL;4500129073;;;30;0;0;400072;TRAFO AER 1F 7,96KV 5KVA 240/120V 7TP;101;EM Entrada mercador.;180033600;1003291;5000234790;1;31/10/2025;05/11/2025;05/11/2025;14:54:55;40;183.465,60;INVT;EST_INV_AME;MDCOSTA;;;;;;;;;40;UN;CDFL - CD FLORES;;0;40;40;AMEN;;;;0;0;0;;0;0;;;B;;;;0;UN;2025;;;S;WE;0;BRL;;;0;0;UN;UN;12.842,59;0;;
CDFL;4500129073;;;30;0;0;400072;TRAFO AER 1F 7,96KV 5KVA 240/120V 7TP;101;EM Entrada mercador.;180033602;1003291;5000234792;1;31/10/2025;05/11/2025;05/11/2025;14:59:32;43;197.225,52;INVT;EST_INV_AME;MDCOSTA;;;;;;;;;43;UN;CDFL - CD FLORES;;0;43;43;AMEN;;;;0;0;0;;0;0;;;B;;;;0;UN;2025;;;S;WE;0;BRL;;;0;0;UN;UN;13.805,79;0;;
CDFL;4500129073;;;30;0;0;400072;TRAFO AER 1F 7,96KV 5KVA 240/120V 7TP;101;EM Entrada mercador.;180033503;1003291;5000234169;1;22/10/2025;28/10/2025;28/10/2025;15:00:32;50;229.332,00;INVT;EST_INV_AME;MDCOSTA;;;;;;;;;50;UN;CDFL - CD FLORES;;0;50;50;AMEN;;;;0;0;0;;0;0;;;B;;;;0;UN;2025;;;S;WE;0;BRL;;;0;0;UN;UN;16.053,24;0;;
CDFL;4500121355;;;10;0;0;400072;TRAFO AER 1F 7,96KV 5KVA 240/120V 7TP;101;EM Entrada mercador.;180033501;1003291;5000234162;1;20/10/2025;28/10/2025;28/10/2025;14:44:15;2;9.173,28;INVT;EST_INV_AME;MDCOSTA;;;;;;;;;2;UN;CDFL - CD FLORES;;0;2;2;AMEN;;;;0;0;0;;0;0;;;B;;;;0;UN;2025;;;S;WE;0;BRL;;;0;0;UN;UN;642,13;0;;
CDFL;4500121355;;;10;0;0;400072;TRAFO AER 1F 7,96KV 5KVA 240/120V 7TP;101;EM Entrada mercador.;180033311;1003291;5000232008;1;06/10/2025;17/10/2025;17/10/2025;07:39:42;1;4.586,64;INVT;EST_INV_AME;MDCOSTA;;;;;;;;;1;UN;CDFL - CD FLORES;;0;1;1;AMEN;;;;0;0;0;;0;0;;;B;;;;0;UN;2025;;;S;WE;0;BRL;;;0;0;UN;UN;321,06;0;;
CDFL;4500125193;;;10;0;0;400072;TRAFO AER 1F 7,96KV 5KVA 240/120V 7TP;101;EM Entrada mercador.;180033227;1003291;5000230755;2;01/10/2025;13/10/2025;13/10/2025;08:25:38;19;87.146,16;INVT;EST_INV_AME;MDCOSTA;;;;;;;;;19;UN;CDFL - CD FLORES;;0;19;19;AMEN;;;;0;0;0;;0;0;;;B;;;;0;UN;2025;;;S;WE;0;BRL;;;0;0;UN;UN;6.100,23;0;;
CDFL;4500125193;;;10;0;0;400072;TRAFO AER 1F 7,96KV 5KVA 240/120V 7TP;101;EM Entrada mercador.;180033069;1003291;5000228913;1;26/09/2025;01/10/2025;01/10/2025;10:51:21;48;220.158,72;INVT;EST_INV_AME;MDCOSTA;;;;;;;;;48;UN;CDFL - CD FLORES;;0;48;48;AMEN;;;;0;0;0;;0;0;;;B;;;;0;UN;2025;;;S;WE;0;BRL;;;0;0;UN;UN;15.411,11;0;;
CDFL;4500121355;;;10;0;0;400072;TRAFO AER 1F 7,96KV 5KVA 240/120V 7TP;101;EM Entrada mercador.;180033016;1003291;5000228569;1;23/09/2025;29/09/2025;29/09/2025;09:55:07;1;4.586,64;INVT;EST_INV_AME;MDCOSTA;;;;;;;;;1;UN;CDFL - CD FLORES;;0;1;1;AMEN;;;;0;0;0;;0;0;;;B;;;;0;UN;2025;;;S;WE;0;BRL;;;0;0;UN;UN;321,06;0;;
CDFL;4500125193;;;10;0;0;400072;TRAFO AER 1F 7,96KV 5KVA 240/120V 7TP;101;EM Entrada mercador.;180033017;1003291;5000228574;1;25/09/2025;29/09/2025;29/09/2025;10:01:41;14;64.212,96;INVT;EST_INV_AME;MDCOSTA;;;;;;;;;14;UN;CDFL - CD FLORES;;0;14;14;AMEN;;;;0;0;0;;0;0;;;B;;;;0;UN;2025;;;S;WE;0;BRL;;;0;0;UN;UN;4.494,91;0;;
CDFL;4500125193;;;10;0;0;400072;TRAFO AER 1F 7,96KV 5KVA 240/120V 7TP;101;EM Entrada mercador.;180033018;1003291;5000228575;1;25/09/2025;29/09/2025;29/09/2025;10:03:43;26;119.252,64;INVT;EST_INV_AME;MDCOSTA;;;;;;;;;26;UN;CDFL - CD FLORES;;0;26;26;AMEN;;;;0;0;0;;0;0;;;B;;;;0;UN;2025;;;S;WE;0;BRL;;;0;0;UN;UN;8.347,68;0;;
CDFL;4500121355;;;10;0;0;400072;TRAFO AER 1F 7,96KV 5KVA 240/120V 7TP;101;EM Entrada mercador.;180032724;1003291;5000225129;1;08/09/2025;12/09/2025;12/09/2025;14:56:33;21;96.319,44;INVT;EST_INV_AME;MDCOSTA;;;;;;;;;21;UN;CDFL - CD FLORES;;0;21;21;AMEN;;;;0;0;0;;0;0;;;B;;;;0;UN;2025;;;S;WE;0;BRL;;;0;0;UN;UN;6.742,36;0;;
CDFL;4500118240;;;10;0;0;400072;TRAFO AER 1F 7,96KV 5KVA 240/120V 7TP;101;EM Entrada mercador.;180032723;1003291;5000225121;1;08/09/2025;12/09/2025;12/09/2025;14:53:43;1;4.586,64;INVT;EST_INV_AME;MDCOSTA;;;;;;;;;1;UN;CDFL - CD FLORES;;0;1;1;AMEN;;;;0;0;0;;0;0;;;B;;;;0;UN;2025;;;S;WE;0;BRL;;;0;0;UN;UN;321,06;0;;
CDFL;4500121355;;;10;0;0;400072;TRAFO AER 1F 7,96KV 5KVA 240/120V 7TP;101;EM Entrada mercador.;180032667;1003291;5000224233;1;04/09/2025;10/09/2025;10/09/2025;11:30:27;42;192.638,88;INVT;EST_INV_AME;MDCOSTA;;;;;;;;;42;UN;CDFL - CD FLORES;;0;42;42;AMEN;;;;0;0;0;;0;0;;;B;;;;0;UN;2025;;;S;WE;0;BRL;;;0;0;UN;UN;13.484,72;0;;
CDFL;4500118240;;;10;0;0;400072;TRAFO AER 1F 7,96KV 5KVA 240/120V 7TP;101;EM Entrada mercador.;180032631;1003291;5000223444;1;28/08/2025;08/09/2025;08/09/2025;14:50:35;15;68.799,60;INVT;EST_INV_AME;MDCOSTA;;;;;;;;;15;UN;CDFL - CD FLORES;;0;15;15;AMEN;;;;0;0;0;;0;0;;;B;;;;0;UN;2025;;;S;WE;0;BRL;;;0;0;UN;UN;4.815,97;0;;
CDFL;4500118240;;;10;0;0;400072;TRAFO AER 1F 7,96KV 5KVA 240/120V 7TP;101;EM Entrada mercador.;180032568;1003291;5000222705;1;25/08/2025;02/09/2025;02/09/2025;10:13:23;8;36.693,12;INVT;EST_INV_AME;MDCOSTA;;;;;;;;;8;UN;CDFL - CD FLORES;;0;8;8;AMEN;;;;0;0;0;;0;0;;;B;;;;0;UN;2025;;;S;WE;0;BRL;;;0;0;UN;UN;2.568,52;0;;
CDFL;4500118240;;;10;0;0;400072;TRAFO AER 1F 7,96KV 5KVA 240/120V 7TP;101;EM Entrada mercador.;180032476;1003291;5000221778;1;22/08/2025;27/08/2025;27/08/2025;09:51:47;40;183.465,60;INVT;EST_INV_AME;MDCOSTA;;;;;;;;;40;UN;CDFL - CD FLORES;;0;40;40;AMEN;;;;0;0;0;;0;0;;;B;;;;0;UN;2025;;;S;WE;0;BRL;;;0;0;UN;UN;12.842,59;0;;
CDFL;4500114957;;;90;0;0;400072;TRAFO AER 1F 7,96KV 5KVA 240/120V 7TP;101;EM Entrada mercador.;180032016;1003291;5000217564;1;28/07/2025;04/08/2025;04/08/2025;08:36:22;19;87.146,16;INVT;EST_INV_AME;MDCOSTA;;;;;;;;;19;UN;CDFL - CD FLORES;;0;19;19;AMEN;;;;0;0;0;;0;0;;;B;;;;0;UN;2025;;;S;WE;0;BRL;;;0;0;UN;UN;6.100,23;0;;
CDFL;4500114957;;;10;0;0;400072;TRAFO AER 1F 7,96KV 5KVA 240/120V 7TP;101;EM Entrada mercador.;180032026;1003291;5000217581;2;28/07/2025;04/08/2025;04/08/2025;09:42:26;4;18.346,56;INVT;EST_INV_AME;MDCOSTA;;;;;;;;;4;UN;CDFL - CD FLORES;;0;4;4;AMEN;;;;0;0;0;;0;0;;;B;;;;0;UN;2025;;;S;WE;0;BRL;;;0;0;UN;UN;1.284,26;0;;
CDFL;4500114957;;;10;0;0;400072;TRAFO AER 1F 7,96KV 5KVA 240/120V 7TP;101;EM Entrada mercador.;180032004;1003291;5000217400;1;25/07/2025;01/08/2025;01/08/2025;09:56:51;40;183.465,60;INVT;EST_INV_AME;MDCOSTA;;;;;;;;;40;UN;CDFL - CD FLORES;;0;40;40;AMEN;;;;0;0;0;;0;0;;;B;;;;0;UN;2025;;;S;WE;0;BRL;;;0;0;UN;UN;12.842,59;0;;
CDFL;4500114957;;;10;0;0;400072;TRAFO AER 1F 7,96KV 5KVA 240/120V 7TP;101;EM Entrada mercador.;180032003;1003291;5000217382;1;25/07/2025;01/08/2025;01/08/2025;09:39:20;3;13.759,92;INVT;EST_INV_AME;MDCOSTA;;;;;;;;;3;UN;CDFL - CD FLORES;;0;3;3;AMEN;;;;0;0;0;;0;0;;;B;;;;0;UN;2025;;;S;WE;0;BRL;;;0;0;UN;UN;963,19;0;;
CDFL;4500114957;;;10;0;0;400072;TRAFO AER 1F 7,96KV 5KVA 240/120V 7TP;101;EM Entrada mercador.;180031982;1003291;5000217134;1;24/07/2025;30/07/2025;30/07/2025;09:32:53;40;183.465,60;INVT;EST_INV_AME;MDCOSTA;;;;;;;;;40;UN;CDFL - CD FLORES;;0;40;40;AMEN;;;;0;0;0;;0;0;;;B;;;;0;UN;2025;;;S;WE;0;BRL;;;0;0;UN;UN;12.842,59;0;;
CDFL;4500114957;;;10;0;0;400072;TRAFO AER 1F 7,96KV 5KVA 240/120V 7TP;101;EM Entrada mercador.;180031983;1003291;5000217146;1;24/07/2025;30/07/2025;30/07/2025;09:53:10;12;55.039,68;INVT;EST_INV_AME;MDCOSTA;;;;;;;;;12;UN;CDFL - CD FLORES;;0;12;12;AMEN;;;;0;0;0;;0;0;;;B;;;;0;UN;2025;;;S;WE;0;BRL;;;0;0;UN;UN;3.852,78;0;;
CDFL;4500114957;;;10;0;0;400072;TRAFO AER 1F 7,96KV 5KVA 240/120V 7TP;101;EM Entrada mercador.;180031902;1003291;5000216792;1;23/07/2025;25/07/2025;25/07/2025;08:45:20;28;128.425,92;INVT;EST_INV_AME;MDCOSTA;;;;;;;;;28;UN;CDFL - CD FLORES;;0;28;28;AMEN;;;;0;0;0;;0;0;;;B;;;;0;UN;2025;;;S;WE;0;BRL;;;0;0;UN;UN;8.989,81;0;;
CDFL;4500112240;;;90;0;0;400072;TRAFO AER 1F 7,96KV 5KVA 240/120V 7TP;101;EM Entrada mercador.;180031647;1003291;5000213857;1;27/06/2025;08/07/2025;08/07/2025;15:46:48;17;77.972,88;INVT;EST_INV_AME;MDCOSTA;;;;;;;;;17;UN;CDFL - CD FLORES;;0;17;17;AMEN;;;;0;0;0;;0;0;;;B;;;;0;UN;2025;;;S;WE;0;BRL;;;0;0;UN;UN;5.458,10;0;;
CDFL;4500112240;;;10;0;0;400072;TRAFO AER 1F 7,96KV 5KVA 240/120V 7TP;101;EM Entrada mercador.;180031607;1003291;5000213297;2;02/07/2025;04/07/2025;04/07/2025;10:08:12;12;55.039,68;INVT;EST_INV_AME;MDCOSTA;;;;;;;;;12;UN;CDFL - CD FLORES;;0;12;12;AMEN;;;;0;0;0;;0;0;;;B;;;;0;UN;2025;;;S;WE;0;BRL;;;0;0;UN;UN;3.852,78;0;;
CDFL;4500112240;;;10;0;0;400072;TRAFO AER 1F 7,96KV 5KVA 240/120V 7TP;101;EM Entrada mercador.;180031609;1003291;5000213303;1;30/06/2025;04/07/2025;04/07/2025;10:18:34;1;4.586,64;INVT;EST_INV_AME;MDCOSTA;;;;;;;;;1;UN;CDFL - CD FLORES;;0;1;1;AMEN;;;;0;0;0;;0;0;;;B;;;;0;UN;2025;;;S;WE;0;BRL;;;0;0;UN;UN;321,06;0;;
CDFL;4500112240;;;10;0;0;400072;TRAFO AER 1F 7,96KV 5KVA 240/120V 7TP;101;EM Entrada mercador.;180031590;1003291;5000212715;1;26/06/2025;02/07/2025;02/07/2025;15:52:14;40;183.465,60;INVT;EST_INV_AME;MDCOSTA;;;;;;;;;40;UN;CDFL - CD FLORES;;0;40;40;AMEN;;;;0;0;0;;0;0;;;B;;;;0;UN;2025;;;S;WE;0;BRL;;;0;0;UN;UN;12.842,59;0;;
CDFL;4500112240;;;10;0;0;400072;TRAFO AER 1F 7,96KV 5KVA 240/120V 7TP;101;EM Entrada mercador.;180031588;1003291;5000212714;1;27/06/2025;02/07/2025;02/07/2025;15:50:01;30;137.599,20;INVT;EST_INV_AME;MDCOSTA;;;;;;;;;30;UN;CDFL - CD FLORES;;0;30;30;AMEN;;;;0;0;0;;0;0;;;B;;;;0;UN;2025;;;S;WE;0;BRL;;;0;0;UN;UN;9.631,94;0;;
CDFL;4500144983;;;60;0;0;400073;TRAFO AER 3F 15KV 45KVA 220/127V 7TP;101;EM Entrada mercador.;180036139;1003291;5000266299;4;19/05/2026;27/05/2026;27/05/2026;14:31:59;1; R$ 15.179,96 ;INVT;EST_INV_AME;MDCOSTA;;;;;;;;;1;UN;CDFL - CD FLORES;;0;1;1;AMEN;;;;0;0;0;;0;0;;;B;;;;0;UN;2026;;;S;WE;0;BRL;;;0;0;UN;UN;1.062,60;0;;
CDFL;4500144983;;;60;0;0;400073;TRAFO AER 3F 15KV 45KVA 220/127V 7TP;101;EM Entrada mercador.;180036021;1003291;5000265137;2;11/05/2026;19/05/2026;19/05/2026;16:05:32;5; R$ 75.899,80 ;INVT;EST_INV_AME;LPEIXOTO;;;;;;;;;5;UN;CDFL - CD FLORES;;0;5;5;AMEN;;;;0;0;0;;0;0;;;B;;;;0;UN;2026;;;S;WE;0;BRL;;;0;0;UN;UN;5.312,99;0;;
CDFL;4500144983;;;60;0;0;400073;TRAFO AER 3F 15KV 45KVA 220/127V 7TP;101;EM Entrada mercador.;180035860;1003291;5000262893;3;29/04/2026;08/05/2026;08/05/2026;10:12:41;1; R$ 15.179,96 ;INVT;EST_INV_AME;LPEIXOTO;;;;;;;;;1;UN;CDFL - CD FLORES;;0;1;1;AMEN;;;;0;0;0;;0;0;;;B;;;;0;UN;2026;;;S;WE;0;BRL;;;0;0;UN;UN;1.062,60;0;;
CDFL;4500144983;;;60;0;0;400073;TRAFO AER 3F 15KV 45KVA 220/127V 7TP;101;EM Entrada mercador.;180035863;1003291;5000262925;2;30/04/2026;08/05/2026;08/05/2026;10:35:43;1; R$ 15.179,96 ;INVT;EST_INV_AME;LPEIXOTO;;;;;;;;;1;UN;CDFL - CD FLORES;;0;1;1;AMEN;;;;0;0;0;;0;0;;;B;;;;0;UN;2026;;;S;WE;0;BRL;;;0;0;UN;UN;1.062,60;0;;
CDFL;4500144983;;;60;0;0;400073;TRAFO AER 3F 15KV 45KVA 220/127V 7TP;101;EM Entrada mercador.;180035859;1003291;5000262889;2;28/04/2026;08/05/2026;08/05/2026;09:58:54;5; R$ 75.899,80 ;INVT;EST_INV_AME;LPEIXOTO;;;;;;;;;5;UN;CDFL - CD FLORES;;0;5;5;AMEN;;;;0;0;0;;0;0;;;B;;;;0;UN;2026;;;S;WE;0;BRL;;;0;0;UN;UN;5.312,99;0;;
CDFL;4500144983;;;60;0;0;400073;TRAFO AER 3F 15KV 45KVA 220/127V 7TP;101;EM Entrada mercador.;180035858;1003291;5000262888;2;28/04/2026;08/05/2026;08/05/2026;09:52:34;1; R$ 15.179,96 ;INVT;EST_INV_AME;LPEIXOTO;;;;;;;;;1;UN;CDFL - CD FLORES;;0;1;1;AMEN;;;;0;0;0;;0;0;;;B;;;;0;UN;2026;;;S;WE;0;BRL;;;0;0;UN;UN;1.062,60;0;;
CDFL;4500144983;;;60;0;0;400073;TRAFO AER 3F 15KV 45KVA 220/127V 7TP;101;EM Entrada mercador.;180035788;1003291;5000261816;3;24/04/2026;30/04/2026;30/04/2026;10:50:19;7;106.259,72;INVT;EST_INV_AME;MDCOSTA;;;;;;;;;7;UN;CDFL - CD FLORES;;0;7;7;AMEN;;;;0;0;0;;0;0;;;B;;;;0;UN;2026;;;S;WE;0;BRL;;;0;0;UN;UN;7.438,18;0;;
CDFL;4500139117;;;30;0;0;400073;TRAFO AER 3F 15KV 45KVA 220/127V 7TP;101;EM Entrada mercador.;180035624;1003291;5000260234;2;10/04/2026;16/04/2026;16/04/2026;10:37:47;1;15.179,96;INVT;EST_INV_AME;LPEIXOTO;;;;;;;;;1;UN;CDFL - CD FLORES;;0;1;1;AMEN;;;;0;0;0;;0;0;;;B;;;;0;UN;2026;;;S;WE;0;BRL;;;0;0;UN;UN;1.062,60;0;;
CDFL;4500139117;;;30;0;0;400073;TRAFO AER 3F 15KV 45KVA 220/127V 7TP;101;EM Entrada mercador.;180035544;1003291;5000259337;2;02/04/2026;10/04/2026;10/04/2026;14:42:37;4;60.719,84;INVT;EST_INV_AME;LPEIXOTO;;;;;;;;;4;UN;CDFL - CD FLORES;;0;4;4;AMEN;;;;0;0;0;;0;0;;;B;;;;0;UN;2026;;;S;WE;0;BRL;;;0;0;UN;UN;4.250,39;0;;
CDFL;4500139117;;;30;0;0;400073;TRAFO AER 3F 15KV 45KVA 220/127V 7TP;101;EM Entrada mercador.;180035506;1003291;5000258681;2;31/03/2026;08/04/2026;08/04/2026;15:28:35;9;136.619,64;INVT;EST_INV_AME;LPEIXOTO;;;;;;;;;9;UN;CDFL - CD FLORES;;0;9;9;AMEN;;;;0;0;0;;0;0;;;B;;;;0;UN;2026;;;S;WE;0;BRL;;;0;0;UN;UN;9.563,37;0;;
CDFL;4500129073;;;70;0;0;400073;TRAFO AER 3F 15KV 45KVA 220/127V 7TP;101;EM Entrada mercador.;180035440;1003291;5000257481;2;26/03/2026;31/03/2026;31/03/2026;10:03:23;1;15.179,96;INVT;EST_INV_AME;MDCOSTA;;;;;;;;;1;UN;CDFL - CD FLORES;;0;1;1;AMEN;;;;0;0;0;;0;0;;;B;;;;0;UN;2026;;;S;WE;0;BRL;;;0;0;UN;UN;1.062,60;0;;
CDFL;4500139117;;;30;0;0;400073;TRAFO AER 3F 15KV 45KVA 220/127V 7TP;101;EM Entrada mercador.;180035410;1003291;5000257324;1;23/03/2026;26/03/2026;26/03/2026;14:15:49;4;60.719,84;INVT;EST_INV_AME;MDCOSTA;;;;;;;;;4;UN;CDFL - CD FLORES;;0;4;4;AMEN;;;;0;0;0;;0;0;;;B;;;;0;UN;2026;;;S;WE;0;BRL;;;0;0;UN;UN;4.250,39;0;;
CDFL;4500139117;;;30;0;0;400073;TRAFO AER 3F 15KV 45KVA 220/127V 7TP;101;EM Entrada mercador.;180035279;1003291;5000256517;1;13/03/2026;18/03/2026;18/03/2026;10:00:18;4;60.719,84;INVT;EST_INV_AME;MDCOSTA;;;;;;;;;4;UN;CDFL - CD FLORES;;0;4;4;AMEN;;;;0;0;0;;0;0;;;B;;;;0;UN;2026;;;S;WE;0;BRL;;;0;0;UN;UN;4.250,39;0;;
CDFL;4500129073;;;70;0;0;400073;TRAFO AER 3F 15KV 45KVA 220/127V 7TP;101;EM Entrada mercador.;180035264;1003291;5000256498;1;16/03/2026;18/03/2026;18/03/2026;09:18:35;2;30.359,92;INVT;EST_INV_AME;MDCOSTA;;;;;;;;;2;UN;CDFL - CD FLORES;;0;2;2;AMEN;;;;0;0;0;;0;0;;;B;;;;0;UN;2026;;;S;WE;0;BRL;;;0;0;UN;UN;2.125,19;0;;
CDFL;4500139117;;;30;0;0;400073;TRAFO AER 3F 15KV 45KVA 220/127V 7TP;101;EM Entrada mercador.;180035262;1003291;5000256495;1;16/03/2026;18/03/2026;18/03/2026;09:14:38;4;60.719,84;INVT;EST_INV_AME;MDCOSTA;;;;;;;;;4;UN;CDFL - CD FLORES;;0;4;4;AMEN;;;;0;0;0;;0;0;;;B;;;;0;UN;2026;;;S;WE;0;BRL;;;0;0;UN;UN;4.250,39;0;;
CDFL;4500139117;;;30;0;0;400073;TRAFO AER 3F 15KV 45KVA 220/127V 7TP;101;EM Entrada mercador.;180035151;1003291;5000254711;2;04/03/2026;10/03/2026;10/03/2026;10:26:00;1;15.179,96;INVT;EST_INV_AME;MDCOSTA;;;;;;;;;1;UN;CDFL - CD FLORES;;0;1;1;AMEN;;;;0;0;0;;0;0;;;B;;;;0;UN;2026;;;S;WE;0;BRL;;;0;0;UN;UN;1.062,60;0;;
CDFL;4500139117;;;30;0;0;400073;TRAFO AER 3F 15KV 45KVA 220/127V 7TP;101;EM Entrada mercador.;180035150;1003291;5000254710;3;04/03/2026;10/03/2026;10/03/2026;10:22:55;1;15.179,96;INVT;EST_INV_AME;MDCOSTA;;;;;;;;;1;UN;CDFL - CD FLORES;;0;1;1;AMEN;;;;0;0;0;;0;0;;;B;;;;0;UN;2026;;;S;WE;0;BRL;;;0;0;UN;UN;1.062,60;0;;
CDFL;4500139117;;;30;0;0;400073;TRAFO AER 3F 15KV 45KVA 220/127V 7TP;101;EM Entrada mercador.;180035011;1003291;5000253418;4;24/02/2026;02/03/2026;02/03/2026;10:52:16;2;30.359,92;INVT;EST_INV_AME;MDCOSTA;;;;;;;;;2;UN;CDFL - CD FLORES;;0;2;2;AMEN;;;;0;0;0;;0;0;;;B;;;;0;UN;2026;;;S;WE;0;BRL;;;0;0;UN;UN;2.125,19;0;;
CDFL;4500139117;;;30;0;0;400073;TRAFO AER 3F 15KV 45KVA 220/127V 7TP;101;EM Entrada mercador.;180035010;1003291;5000253417;2;24/02/2026;02/03/2026;02/03/2026;10:48:46;3;45.539,88;INVT;EST_INV_AME;MDCOSTA;;;;;;;;;3;UN;CDFL - CD FLORES;;0;3;3;AMEN;;;;0;0;0;;0;0;;;B;;;;0;UN;2026;;;S;WE;0;BRL;;;0;0;UN;UN;3.187,79;0;;
CDFL;4500139117;;;30;0;0;400073;TRAFO AER 3F 15KV 45KVA 220/127V 7TP;101;EM Entrada mercador.;180034811;1003291;5000251536;1;11/02/2026;14/02/2026;14/02/2026;07:35:19;1;15.179,96;INVT;EST_INV_AME;MDCOSTA;;;;;;;;;1;UN;CDFL - CD FLORES;;0;1;1;AMEN;;;;0;0;0;;0;0;;;B;;;;0;UN;2026;;;S;WE;0;BRL;;;0;0;UN;UN;1.062,60;0;;
CDFL;4500139117;;;30;0;0;400073;TRAFO AER 3F 15KV 45KVA 220/127V 7TP;101;EM Entrada mercador.;180034813;1003291;5000251538;2;10/02/2026;14/02/2026;14/02/2026;07:41:17;1;15.179,96;INVT;EST_INV_AME;MDCOSTA;;;;;;;;;1;UN;CDFL - CD FLORES;;0;1;1;AMEN;;;;0;0;0;;0;0;;;B;;;;0;UN;2026;;;S;WE;0;BRL;;;0;0;UN;UN;1.062,60;0;;
CDFL;4500129073;;;70;0;0;400073;TRAFO AER 3F 15KV 45KVA 220/127V 7TP;101;EM Entrada mercador.;180034734;1003291;5000250005;2;04/02/2026;10/02/2026;10/02/2026;11:12:18;1;15.179,96;INVT;EST_INV_AME;MDCOSTA;;;;;;;;;1;UN;CDFL - CD FLORES;;0;1;1;AMEN;;;;0;0;0;;0;0;;;B;;;;0;UN;2026;;;S;WE;0;BRL;;;0;0;UN;UN;1.062,60;0;;
CDFL;4500129073;;;70;0;0;400073;TRAFO AER 3F 15KV 45KVA 220/127V 7TP;101;EM Entrada mercador.;180034466;1003291;5000246842;1;30/12/2025;21/01/2026;21/01/2026;15:12:09;1;15.179,96;INVT;EST_INV_AME;MDCOSTA;;;;;;;;;1;UN;CDFL - CD FLORES;;0;1;1;AMEN;;;;0;0;0;;0;0;;;B;;;;0;UN;2026;;;S;WE;0;BRL;;;0;0;UN;UN;1.062,60;0;;
CDFL;4500125193;;;40;0;0;400073;TRAFO AER 3F 15KV 45KVA 220/127V 7TP;101;EM Entrada mercador.;180034219;1003291;5000243960;2;17/12/2025;22/12/2025;22/12/2025;15:02:15;1;15.179,96;INVT;EST_INV_AME;MDCOSTA;;;;;;;;;1;UN;CDFL - CD FLORES;;0;1;1;AMEN;;;;0;0;0;;0;0;;;B;;;;0;UN;2025;;;S;WE;0;BRL;;;0;0;UN;UN;1.062,60;0;;
CDFL;4500129073;;;70;0;0;400073;TRAFO AER 3F 15KV 45KVA 220/127V 7TP;101;EM Entrada mercador.;180034068;1003291;5000241648;4;04/12/2025;15/12/2025;15/12/2025;08:09:03;4;60.719,84;INVT;EST_INV_AME;MDCOSTA;;;;;;;;;4;UN;CDFL - CD FLORES;;0;4;4;AMEN;;;;0;0;0;;0;0;;;B;;;;0;UN;2025;;;S;WE;0;BRL;;;0;0;UN;UN;4.250,39;0;;
CDFL;4500129073;;;70;0;0;400073;TRAFO AER 3F 15KV 45KVA 220/127V 7TP;101;EM Entrada mercador.;180033947;1003291;5000239441;2;02/12/2025;03/12/2025;03/12/2025;10:45:07;3;45.539,88;INVT;EST_INV_AME;MDCOSTA;;;;;;;;;3;UN;CDFL - CD FLORES;;0;3;3;AMEN;;;;0;0;0;;0;0;;;B;;;;0;UN;2025;;;S;WE;0;BRL;;;0;0;UN;UN;3.187,79;0;;
CDFL;4500129073;;;70;0;0;400073;TRAFO AER 3F 15KV 45KVA 220/127V 7TP;101;EM Entrada mercador.;180033945;1003291;5000239438;1;25/11/2025;03/12/2025;03/12/2025;10:36:11;24;364.319,04;INVT;EST_INV_AME;MDCOSTA;;;;;;;;;24;UN;CDFL - CD FLORES;;0;24;24;AMEN;;;;0;0;0;;0;0;;;B;;;;0;UN;2025;;;S;WE;0;BRL;;;0;0;UN;UN;25.502,33;0;;
CDFL;4500125193;;;40;0;0;400073;TRAFO AER 3F 15KV 45KVA 220/127V 7TP;101;EM Entrada mercador.;180033502;1003291;5000234163;1;20/10/2025;28/10/2025;28/10/2025;14:46:58;14;212.519,44;INVT;EST_INV_AME;MDCOSTA;;;;;;;;;14;UN;CDFL - CD FLORES;;0;14;14;AMEN;;;;0;0;0;;0;0;;;B;;;;0;UN;2025;;;S;WE;0;BRL;;;0;0;UN;UN;14.876,36;0;;
CDFL;4500121355;;;30;0;0;400073;TRAFO AER 3F 15KV 45KVA 220/127V 7TP;101;EM Entrada mercador.;180033311;1003291;5000232008;3;06/10/2025;17/10/2025;17/10/2025;07:39:42;4;60.719,84;INVT;EST_INV_AME;MDCOSTA;;;;;;;;;4;UN;CDFL - CD FLORES;;0;4;4;AMEN;;;;0;0;0;;0;0;;;B;;;;0;UN;2025;;;S;WE;0;BRL;;;0;0;UN;UN;4.250,39;0;;
CDFL;4500114957;;;40;0;0;400073;TRAFO AER 3F 15KV 45KVA 220/127V 7TP;101;EM Entrada mercador.;180033228;1003291;5000230756;2;01/10/2025;13/10/2025;13/10/2025;08:29:15;2;30.359,92;INVT;EST_INV_AME;MDCOSTA;;;;;;;;;2;UN;CDFL - CD FLORES;;0;2;2;AMEN;;;;0;0;0;;0;0;;;B;;;;0;UN;2025;;;S;WE;0;BRL;;;0;0;UN;UN;2.125,19;0;;
CDFL;4500114957;;;40;0;0;400073;TRAFO AER 3F 15KV 45KVA 220/127V 7TP;101;EM Entrada mercador.;180033228;1003291;5000230756;1;01/10/2025;13/10/2025;13/10/2025;08:29:15;5;75.899,80;INVT;EST_INV_AME;MDCOSTA;;;;;;;;;5;UN;CDFL - CD FLORES;;0;5;5;AMEN;;;;0;0;0;;0;0;;;B;;;;0;UN;2025;;;S;WE;0;BRL;;;0;0;UN;UN;5.312,99;0;;
CDFL;4500112240;;;40;0;0;400073;TRAFO AER 3F 15KV 45KVA 220/127V 7TP;101;EM Entrada mercador.;180032565;1003291;5000222682;3;27/08/2025;02/09/2025;02/09/2025;09:49:12;7;106.259,72;INVT;EST_INV_AME;MDCOSTA;;;;;;;;;7;UN;CDFL - CD FLORES;;0;7;7;AMEN;;;;0;0;0;;0;0;;;B;;;;0;UN;2025;;;S;WE;0;BRL;;;0;0;UN;UN;7.438,18;0;;
CDFL;4500114957;;;40;0;0;400073;TRAFO AER 3F 15KV 45KVA 220/127V 7TP;101;EM Entrada mercador.;180032147;1003291;5000218743;3;31/07/2025;11/08/2025;11/08/2025;10:09:04;2;30.359,92;INVT;EST_INV_AME;MDCOSTA;;;;;;;;;2;UN;CDFL - CD FLORES;;0;2;2;AMEN;;;;0;0;0;;0;0;;;B;;;;0;UN;2025;;;S;WE;0;BRL;;;0;0;UN;UN;2.125,19;0;;
CDFL;4500112240;;;40;0;0;400073;TRAFO AER 3F 15KV 45KVA 220/127V 7TP;101;EM Entrada mercador.;180032062;1003291;5000217824;2;28/07/2025;06/08/2025;06/08/2025;11:22:48;7;106.259,72;INVT;EST_INV_AME;MDCOSTA;;;;;;;;;7;UN;CDFL - CD FLORES;;0;7;7;AMEN;;;;0;0;0;;0;0;;;B;;;;0;UN;2025;;;S;WE;0;BRL;;;0;0;UN;UN;7.438,18;0;;
CDFL;4500114957;;;40;0;0;400073;TRAFO AER 3F 15KV 45KVA 220/127V 7TP;101;EM Entrada mercador.;180032003;1003291;5000217382;4;25/07/2025;01/08/2025;01/08/2025;09:39:20;1;15.179,96;INVT;EST_INV_AME;MDCOSTA;;;;;;;;;1;UN;CDFL - CD FLORES;;0;1;1;AMEN;;;;0;0;0;;0;0;;;B;;;;0;UN;2025;;;S;WE;0;BRL;;;0;0;UN;UN;1.062,60;0;;
CDFL;4500114957;;;40;0;0;400073;TRAFO AER 3F 15KV 45KVA 220/127V 7TP;101;EM Entrada mercador.;180031980;1003291;5000217127;3;21/07/2025;30/07/2025;30/07/2025;09:22:46;2;30.359,92;INVT;EST_INV_AME;MDCOSTA;;;;;;;;;2;UN;CDFL - CD FLORES;;0;2;2;AMEN;;;;0;0;0;;0;0;;;B;;;;0;UN;2025;;;S;WE;0;BRL;;;0;0;UN;UN;2.125,19;0;;
CDFL;4500114957;;;40;0;0;400073;TRAFO AER 3F 15KV 45KVA 220/127V 7TP;101;EM Entrada mercador.;180031981;1003291;5000217132;1;24/07/2025;30/07/2025;30/07/2025;09:28:13;3;45.539,88;INVT;EST_INV_AME;MDCOSTA;;;;;;;;;3;UN;CDFL - CD FLORES;;0;3;3;AMEN;;;;0;0;0;;0;0;;;B;;;;0;UN;2025;;;S;WE;0;BRL;;;0;0;UN;UN;3.187,79;0;;
CDFL;4500114957;;;40;0;0;400073;TRAFO AER 3F 15KV 45KVA 220/127V 7TP;101;EM Entrada mercador.;180031956;1003291;5000217002;2;23/07/2025;29/07/2025;29/07/2025;09:00:26;1;15.179,96;INVT;EST_INV_AME;MDCOSTA;;;;;;;;;1;UN;CDFL - CD FLORES;;0;1;1;AMEN;;;;0;0;0;;0;0;;;B;;;;0;UN;2025;;;S;WE;0;BRL;;;0;0;UN;UN;1.062,60;0;;
CDFL;4500114957;;;40;0;0;400073;TRAFO AER 3F 15KV 45KVA 220/127V 7TP;101;EM Entrada mercador.;180031953;1003291;5000216997;1;23/07/2025;29/07/2025;29/07/2025;08:43:34;7;106.259,72;INVT;EST_INV_AME;MDCOSTA;;;;;;;;;7;UN;CDFL - CD FLORES;;0;7;7;AMEN;;;;0;0;0;;0;0;;;B;;;;0;UN;2025;;;S;WE;0;BRL;;;0;0;UN;UN;7.438,18;0;;
CDFL;4500114957;;;40;0;0;400073;TRAFO AER 3F 15KV 45KVA 220/127V 7TP;101;EM Entrada mercador.;180031888;1003291;5000216754;1;22/07/2025;24/07/2025;24/07/2025;11:21:00;10;151.799,60;INVT;EST_INV_AME;MDCOSTA;;;;;;;;;10;UN;CDFL - CD FLORES;;0;10;10;AMEN;;;;0;0;0;;0;0;;;B;;;;0;UN;2025;;;S;WE;0;BRL;;;0;0;UN;UN;10.625,97;0;;
CDFL;4500112240;;;40;0;0;400073;TRAFO AER 3F 15KV 45KVA 220/127V 7TP;101;EM Entrada mercador.;180031890;1003291;5000216758;1;22/07/2025;24/07/2025;24/07/2025;11:30:14;2;30.359,92;INVT;EST_INV_AME;MDCOSTA;;;;;;;;;2;UN;CDFL - CD FLORES;;0;2;2;AMEN;;;;0;0;0;;0;0;;;B;;;;0;UN;2025;;;S;WE;0;BRL;;;0;0;UN;UN;2.125,19;0;;
CDFL;4500144468;;;30;0;0;400111;ISOLADOR CAST PORC 13,8KV 90MM 3400DAN;101;EM Entrada mercador.;180035382;1010868;5000257294;2;26/03/2026;26/03/2026;26/03/2026;08:16:44;131;1.797,47;INVT;EST_INV_AME;MDCOSTA;;;;;;;;;131;UN;CDFL - CD FLORES;;0;131;131;AMEN;;;;0;0;0;;0;0;;;B;;;;0;UN;2026;;;S;WE;0;BRL;;;0;0;UN;UN;109,31;235,95;;
CDFL;4500114160;;;150;0;0;400137;LACO PREF CA 2AWG PESC 57MM PURPURA;101;EM Entrada mercador.;180032094;1007593;5000218013;12;03/07/2025;07/08/2025;07/08/2025;11:20:15;156;493,82;INVT;EST_INV_AME;MDCOSTA;;;;;;;;;156;UN;CDFL - CD FLORES;;0;156;156;AMEN;;;;0;0;0;;0;0;;;B;;;;0;UN;2025;;;S;WE;0;BRL;;;0;0;UN;UN;30,03;64,82;;
CDFL;4500144468;;;20;0;0;400140;ISOLADOR RODL PORC 15KV 81X47MM 1350DAN;101;EM Entrada mercador.;180035382;1010868;5000257294;1;26/03/2026;26/03/2026;26/03/2026;08:16:44;3.500;30.578,97;INVT;EST_INV_AME;MDCOSTA;;;;;;;;;3.500;UN;CDFL - CD FLORES;;0;3.500;3.500;AMEN;;;;0;0;0;;0;0;;;B;;;;0;UN;2026;;;S;WE;0;BRL;;;0;0;UN;UN;1.859,55;4.013,97;;
CDFL;4500137994;;;10;0;0;400140;ISOLADOR RODL PORC 15KV 81X47MM 1350DAN;101;EM Entrada mercador.;180034685;1010868;5000249358;1;20/01/2026;05/02/2026;05/02/2026;16:47:16;1.230;10.746,32;INVT;EST_INV_AME;MDCOSTA;;;;;;;;;1.230;UN;CDFL - CD FLORES;;0;1.230;1.230;AMEN;;;;0;0;0;;0;0;;;B;;;;0;UN;2026;;;S;WE;0;BRL;;;0;0;UN;UN;653,5;1.410,62;;
CDFL;4500150427;;;20;0;0;400142;GRAMPO LV OLHAL 18MM 10-120/10-70MM2;101;EM Entrada mercador.;180035927;1003137;5000263333;2;28/04/2026;13/05/2026;13/05/2026;11:23:38;2.000; R$ 109.670,96 ;INVT;EST_INV_AME;LPEIXOTO;;;;;;;;;2.000;UN;CDFL - CD FLORES;;0;2.000;2.000;AMEN;;;;0;0;0;;0;0;;;B;;;;0;UN;2026;;;S;WE;0;BRL;;;0;0;UN;UN;7.252,00;15.653,96;;
CDFL;4500116469;;;10;0;0;400142;GRAMPO LV OLHAL 18MM 10-120/10-70MM2;101;EM Entrada mercador.;180032128;1003799;5000218518;1;02/07/2025;08/08/2025;08/08/2025;14:44:48;878;63.641,63;INVT;EST_INV_AME;MDCOSTA;;;;;;;;;878;UN;CDFL - CD FLORES;;0;878;878;AMEN;;;;0;0;0;;0;0;;;B;;;;0;UN;2025;;;S;WE;0;BRL;;;0;0;UN;UN;3.870,14;8.353,97;;
CDFL;4500132618;;;10;0;0;400152;MED EL 3E 4F 120 240V 200A TB GD C;101;EM Entrada mercador.;180034903;1003382;5000252695;1;23/02/2026;23/02/2026;23/02/2026;08:17:15;10;10.344,70;INVT;EST_INV_AME;MDCOSTA;;;;;;;;;10;UN;CDFL - CD FLORES;;0;10;10;AMEN;;;;0;0;0;;0;0;;;B;;;;0;UN;2026;;;S;WE;0;BRL;;;0;0;UN;UN;1.140,96;836,7;;
CDFL;4500123188;;;30;0;0;400152;MED EL 3E 4F 120 240V 200A TB GD C;101;EM Entrada mercador.;180033031;1003382;5000228684;1;04/09/2025;30/09/2025;30/09/2025;11:24:21;11;11.379,17;INVT;EST_INV_AME;MDCOSTA;;;;;;;;;11;UN;CDFL - CD FLORES;;0;11;11;AMEN;;;;0;0;0;;0;0;;;B;;;;0;UN;2025;;;S;WE;0;BRL;;;0;0;UN;UN;1.255,06;920,37;;
CDFL;4500113843;;;30;0;0;400164;MANILHA SAPATILHA 6800KGF;101;EM Entrada mercador.;180031996;1009464;5000217217;5;10/07/2025;31/07/2025;31/07/2025;11:53:58;1.778;43.430,04;INVT;EST_INV_AME;MDCOSTA;;;;;;;;;1.778;UN;CDFL - CD FLORES;;0;1.778;1.778;AMEN;;;;0;0;0;;0;0;;;B;;;;0;UN;2025;;;S;WE;0;BRL;;;0;0;UN;UN;2.641,04;5.700,88;;
CDFL;4500113843;;;10;0;0;400164;MANILHA SAPATILHA 6800KGF;101;EM Entrada mercador.;180031996;1009464;5000217217;4;10/07/2025;31/07/2025;31/07/2025;11:53:58;1.000;24.426,34;INVT;EST_INV_AME;MDCOSTA;;;;;;;;;1.000;UN;CDFL - CD FLORES;;0;1.000;1.000;AMEN;;;;0;0;0;;0;0;;;B;;;;0;UN;2025;;;S;WE;0;BRL;;;0;0;UN;UN;1.485,40;3.206,34;;
CDFL;4500129810;;;10;0;0;400183;MED EL 2E 3F 120V 120A TB GD B;101;EM Entrada mercador.;180034821;1003382;5000251546;1;16/02/2026;16/02/2026;16/02/2026;07:35:02;81;53.378,25;INVT;EST_INV_AME;MDCOSTA;;;;;;;;;81;UN;CDFL - CD FLORES;;0;81;81;AMEN;;;;0;0;0;;0;0;;;B;;;;0;UN;2026;;;S;WE;0;BRL;;;0;0;UN;UN;5.887,31;4.317,36;;
CDFL;4500109714;;;20;0;0;400183;MED EL 2E 3F 120V 120A TB GD B;101;EM Entrada mercador.;180032090;1003382;5000218008;1;15/07/2025;07/08/2025;07/08/2025;11:11:39;41;12.947,47;INVT;EST_INV_AME;MDCOSTA;;;;;;;;;41;UN;CDFL - CD FLORES;;0;41;41;AMEN;;;;0;0;0;;0;0;;;B;;;;0;UN;2025;;;S;WE;0;BRL;;;0;0;UN;UN;1.428,03;1.047,22;;
CDFL;4500142962;;;20;0;0;400193;PARAFUSO OLHAL AC 5/8P 20P;101;EM Entrada mercador.;180035586;1021472;5000259982;2;13/03/2026;14/04/2026;14/04/2026;15:44:18;927;27.680,22;INVT;EST_INV_AME;LPEIXOTO;;;;;;;;;927;UN;CDFL - CD FLORES;;0;927;927;AMEN;;;;0;0;0;;0;0;;;B;;;;0;UN;2026;;;S;WE;0;BRL;;;0;0;UN;UN;0;0;;
CDFL;4500132844;;;20;0;0;400193;PARAFUSO OLHAL AC 5/8P 20P;101;EM Entrada mercador.;180034204;1021472;5000243936;1;25/11/2025;22/12/2025;22/12/2025;11:23:33;1.100;32.846,00;INVT;EST_INV_AME;MDCOSTA;;;;;;;;;1.100;UN;CDFL - CD FLORES;;0;1.100;1.100;AMEN;;;;0;0;0;;0;0;;;B;;;;0;UN;2025;;;S;WE;0;BRL;;;0;0;UN;UN;0;0;;
CDFL;4500132898;;;20;0;0;400193;PARAFUSO OLHAL AC 5/8P 20P;101;EM Entrada mercador.;180034170;1021472;5000243758;1;25/11/2025;19/12/2025;19/12/2025;11:33:04;1.100;32.846,00;INVT;EST_INV_AME;MDCOSTA;;;;;;;;;1.100;UN;CDFL - CD FLORES;;0;1.100;1.100;AMEN;;;;0;0;0;;0;0;;;B;;;;0;UN;2025;;;S;WE;0;BRL;;;0;0;UN;UN;0;0;;
CDFL;4500113053;;;10;0;0;400193;PARAFUSO OLHAL AC 5/8P 20P;101;EM Entrada mercador.;180031789;1021472;5000215736;1;17/06/2025;18/07/2025;18/07/2025;09:07:00;894;26.694,84;INVT;EST_INV_AME;MDCOSTA;;;;;;;;;894;UN;CDFL - CD FLORES;;0;894;894;AMEN;;;;0;0;0;;0;0;;;B;;;;0;UN;2025;;;S;WE;0;BRL;;;0;0;UN;UN;0;0;;
CDFL;4500145217;;;50;0;0;400210;POSTE CONCRETO TRON CON 13M 1000KGF;101;EM Entrada mercador.;180035401;1006698;5000257314;1;26/03/2026;26/03/2026;26/03/2026;09:54:43;4;14.260,88;INVT;EST_INV_AME;MDCOSTA;;;;;;;;;4;UN;CDFL - CD FLORES;;0;4;4;AMEN;;;;0;0;0;;0;0;;;B;;;;0;UN;2026;;;S;WE;0;BRL;;;0;0;UN;UN;998,26;0;;
CDFL;4500138262;;;40;0;0;400210;POSTE CONCRETO TRON CON 13M 1000KGF;101;EM Entrada mercador.;180034690;1006698;5000249373;1;05/02/2026;05/02/2026;05/02/2026;17:36:17;3;10.695,66;INVT;EST_INV_AME;MDCOSTA;;;;;;;;;3;UN;CDFL - CD FLORES;;0;3;3;AMEN;;;;0;0;0;;0;0;;;B;;;;0;UN;2026;;;S;WE;0;BRL;;;0;0;UN;UN;748,7;0;;
CDFL;4500133065;;;10;0;0;400210;POSTE CONCRETO TRON CON 13M 1000KGF;101;EM Entrada mercador.;180033828;1006698;5000236818;1;12/11/2025;19/11/2025;19/11/2025;08:43:15;5;17.826,10;INVT;EST_INV_AME;MDCOSTA;;;;;;;;;5;UN;CDFL - CD FLORES;;0;5;5;AMEN;;;;0;0;0;;0;0;;;B;;;;0;UN;2025;;;S;WE;0;BRL;;;0;0;UN;UN;1.247,83;0;;
CDFL;4500147049;;;10;0;0;400216;POSTE FIBRA VIDRO 9M 200DAN;101;EM Entrada mercador.;180035049;1011711;5000253550;1;03/03/2026;03/03/2026;03/03/2026;11:07:15;3;4.494,00;INVT;EST_INV_AME;MDCOSTA;;;;;;;;;3;UN;CDFL - CD FLORES;;0;3;3;AMEN;;;;0;0;0;;0;0;;;B;;;;0;UN;2026;;;S;WE;0;BRL;;;0;0;UN;UN;349,54;0;;
CDFL;4500127848;;;20;0;0;400216;POSTE FIBRA VIDRO 9M 200DAN;101;EM Entrada mercador.;180032650;1003624;5000223648;1;01/09/2025;09/09/2025;09/09/2025;10:58:01;4;5.600,00;INVT;EST_INV_AME;MDCOSTA;;;;;;;;;4;UN;CDFL - CD FLORES;;0;4;4;AMEN;;;;0;0;0;;0;0;;;B;;;;0;UN;2025;;;S;WE;0;BRL;;;0;0;UN;UN;392;0;;
CDFL;4500150252;;;10;0;0;400221;POSTE FIBRA VIDRO E-CR 11M 300DAN;101;EM Entrada mercador.;180036023;1004058;5000265435;1;17/04/2026;20/05/2026;20/05/2026;08:19:29;144; R$ 306.566,85 ;INVT;EST_INV_AME;LPEIXOTO;;;;;;;;;144;UN;CDFL - CD FLORES;;0;144;144;AMEN;;;;0;0;0;;0;0;;;B;;;;0;UN;2026;;;S;WE;0;BRL;;;0;0;UN;UN;18.642,76;40.241,73;;
CDFL;4500147276;;;10;0;0;400221;POSTE FIBRA VIDRO E-CR 11M 300DAN;101;EM Entrada mercador.;180035476;1004058;5000257879;1;19/03/2026;02/04/2026;02/04/2026;14:33:20;100;212.893,64;INVT;EST_INV_AME;MDCOSTA;;;;;;;;;100;UN;CDFL - CD FLORES;;0;100;100;AMEN;;;;0;0;0;;0;0;;;B;;;;0;UN;2026;;;S;WE;0;BRL;;;0;0;UN;UN;12.946,36;27.945,64;;
CDFL;4500147049;;;20;0;0;400221;POSTE FIBRA VIDRO E-CR 11M 300DAN;101;EM Entrada mercador.;180035044;1011711;5000253544;1;03/03/2026;03/03/2026;03/03/2026;10:48:45;50;107.500,00;INVT;EST_INV_AME;MDCOSTA;;;;;;;;;50;UN;CDFL - CD FLORES;;0;50;50;AMEN;;;;0;0;0;;0;0;;;B;;;;0;UN;2026;;;S;WE;0;BRL;;;0;0;UN;UN;7.525,00;0;;
CDFL;4500147049;;;20;0;0;400221;POSTE FIBRA VIDRO E-CR 11M 300DAN;101;EM Entrada mercador.;180035048;1011711;5000253549;1;03/03/2026;03/03/2026;03/03/2026;11:04:54;50;107.500,00;INVT;EST_INV_AME;MDCOSTA;;;;;;;;;50;UN;CDFL - CD FLORES;;0;50;50;AMEN;;;;0;0;0;;0;0;;;B;;;;0;UN;2026;;;S;WE;0;BRL;;;0;0;UN;UN;7.525,00;0;;
CDFL;4500135969;;;10;0;0;400221;POSTE FIBRA VIDRO E-CR 11M 300DAN;101;EM Entrada mercador.;180034039;1003624;5000241298;1;01/12/2025;11/12/2025;11/12/2025;14:58:18;50;108.100,00;INVT;EST_INV_AME;MDCOSTA;;;;;;;;;50;UN;CDFL - CD FLORES;;0;50;50;AMEN;;;;0;0;0;;0;0;;;B;;;;0;UN;2025;;;S;WE;0;BRL;;;0;0;UN;UN;7.567,00;0;;
CDFL;4500135969;;;10;0;0;400221;POSTE FIBRA VIDRO E-CR 11M 300DAN;101;EM Entrada mercador.;180033937;1003624;5000239403;1;21/11/2025;03/12/2025;03/12/2025;08:42:29;50;108.100,00;INVT;EST_INV_AME;MDCOSTA;;;;;;;;;50;UN;CDFL - CD FLORES;;0;50;50;AMEN;;;;0;0;0;;0;0;;;B;;;;0;UN;2025;;;S;WE;0;BRL;;;0;0;UN;UN;7.567,00;0;;
CDFL;4500127848;;;30;0;0;400221;POSTE FIBRA VIDRO E-CR 11M 300DAN;101;EM Entrada mercador.;180033124;1003624;5000229907;1;23/09/2025;06/10/2025;06/10/2025;14:53:49;50;108.100,00;INVT;EST_INV_AME;MDCOSTA;;;;;;;;;50;UN;CDFL - CD FLORES;;0;50;50;AMEN;;;;0;0;0;;0;0;;;B;;;;0;UN;2025;;;S;WE;0;BRL;;;0;0;UN;UN;7.567,00;0;;
CDFL;4500127848;;;30;0;0;400221;POSTE FIBRA VIDRO E-CR 11M 300DAN;101;EM Entrada mercador.;180032919;1003624;5000227865;1;18/09/2025;23/09/2025;23/09/2025;15:48:28;19;41.078,00;INVT;EST_INV_AME;MDCOSTA;;;;;;;;;19;UN;CDFL - CD FLORES;;0;19;19;AMEN;;;;0;0;0;;0;0;;;B;;;;0;UN;2025;;;S;WE;0;BRL;;;0;0;UN;UN;2.875,46;0;;
CDFL;4500127848;;;30;0;0;400221;POSTE FIBRA VIDRO E-CR 11M 300DAN;101;EM Entrada mercador.;180032576;1003624;5000223042;1;27/08/2025;03/09/2025;03/09/2025;08:34:39;36;77.832,00;INVT;EST_INV_AME;MDCOSTA;;;;;;;;;36;UN;CDFL - CD FLORES;;0;36;36;AMEN;;;;0;0;0;;0;0;;;B;;;;0;UN;2025;;;S;WE;0;BRL;;;0;0;UN;UN;5.448,24;0;;
CDFL;4500114721;;;20;0;0;400221;POSTE FIBRA VIDRO E-CR 11M 300DAN;101;EM Entrada mercador.;180031659;1003624;5000214007;1;01/07/2025;09/07/2025;09/07/2025;10:16:09;55;118.910,00;INVT;EST_INV_AME;MDCOSTA;;;;;;;;;55;UN;CDFL - CD FLORES;;0;55;55;AMEN;;;;0;0;0;;0;0;;;B;;;;0;UN;2025;;;S;WE;0;BRL;;;0;0;UN;UN;8.323,70;0;;
CDFL;4500118452;;;20;0;0;400221;POSTE FIBRA VIDRO E-CR 11M 300DAN;101;EM Entrada mercador.;180031578;1011711;5000212600;1;26/06/2025;02/07/2025;02/07/2025;11:09:44;46;95.726,00;INVT;EST_INV_AME;MDCOSTA;;;;;;;;;46;UN;CDFL - CD FLORES;;0;46;46;AMEN;;;;0;0;0;;0;0;;;B;;;;0;UN;2025;;;S;WE;0;BRL;;;0;0;UN;UN;6.700,82;0;;
CDFL;4500145239;;;20;0;0;400224;POSTE CONC DUPL T 11 M 300 DAN;101;EM Entrada mercador.;180035792;1003866;5000261820;1;15/04/2026;30/04/2026;30/04/2026;11:00:35;15;24.300,00;INVT;EST_INV_AME;MDCOSTA;;;;;;;;;15;UN;CDFL - CD FLORES;;0;15;15;AMEN;;;;0;0;0;;0;0;;;B;;;;0;UN;2026;;;S;WE;0;BRL;;;0;0;UN;UN;1.701,00;0;;
CDFL;4500145239;;;20;0;0;400224;POSTE CONC DUPL T 11 M 300 DAN;101;EM Entrada mercador.;180035663;1003866;5000261237;1;14/04/2026;22/04/2026;22/04/2026;08:48:20;25;40.500,00;INVT;EST_INV_AME;MDCOSTA;;;;;;;;;25;UN;CDFL - CD FLORES;;0;25;25;AMEN;;;;0;0;0;;0;0;;;B;;;;0;UN;2026;;;S;WE;0;BRL;;;0;0;UN;UN;2.835,00;0;;
CDFL;4500145239;;;20;0;0;400224;POSTE CONC DUPL T 11 M 300 DAN;101;EM Entrada mercador.;180035665;1003866;5000261246;1;13/04/2026;22/04/2026;22/04/2026;08:57:07;25;40.500,00;INVT;EST_INV_AME;MDCOSTA;;;;;;;;;25;UN;CDFL - CD FLORES;;0;25;25;AMEN;;;;0;0;0;;0;0;;;B;;;;0;UN;2026;;;S;WE;0;BRL;;;0;0;UN;UN;2.835,00;0;;
CDFL;4500145239;;;20;0;0;400224;POSTE CONC DUPL T 11 M 300 DAN;101;EM Entrada mercador.;180035666;1003866;5000261248;1;08/04/2026;22/04/2026;22/04/2026;09:00:34;25;40.500,00;INVT;EST_INV_AME;MDCOSTA;;;;;;;;;25;UN;CDFL - CD FLORES;;0;25;25;AMEN;;;;0;0;0;;0;0;;;B;;;;0;UN;2026;;;S;WE;0;BRL;;;0;0;UN;UN;2.835,00;0;;
CDFL;4500145239;;;20;0;0;400224;POSTE CONC DUPL T 11 M 300 DAN;101;EM Entrada mercador.;180035667;1003866;5000261252;1;05/04/2026;22/04/2026;22/04/2026;09:10:31;25;40.500,00;INVT;EST_INV_AME;MDCOSTA;;;;;;;;;25;UN;CDFL - CD FLORES;;0;25;25;AMEN;;;;0;0;0;;0;0;;;B;;;;0;UN;2026;;;S;WE;0;BRL;;;0;0;UN;UN;2.835,00;0;;
CDFL;4500145239;;;10;0;0;400224;POSTE CONC DUPL T 11 M 300 DAN;101;EM Entrada mercador.;180035549;1003866;5000259385;1;05/04/2026;10/04/2026;10/04/2026;15:45:47;25;40.500,00;INVT;EST_INV_AME;LPEIXOTO;;;;;;;;;25;UN;CDFL - CD FLORES;;0;25;25;AMEN;;;;0;0;0;;0;0;;;B;;;;0;UN;2026;;;S;WE;0;BRL;;;0;0;UN;UN;2.835,00;0;;
CDFL;4500145239;;;10;0;0;400224;POSTE CONC DUPL T 11 M 300 DAN;101;EM Entrada mercador.;180035548;1003866;5000259382;1;01/04/2026;10/04/2026;10/04/2026;15:41:00;25;40.500,00;INVT;EST_INV_AME;LPEIXOTO;;;;;;;;;25;UN;CDFL - CD FLORES;;0;25;25;AMEN;;;;0;0;0;;0;0;;;B;;;;0;UN;2026;;;S;WE;0;BRL;;;0;0;UN;UN;2.835,00;0;;
CDFL;4500145239;;;10;0;0;400224;POSTE CONC DUPL T 11 M 300 DAN;101;EM Entrada mercador.;180035547;1003866;5000259380;1;01/04/2026;10/04/2026;10/04/2026;15:36:16;25;40.500,00;INVT;EST_INV_AME;LPEIXOTO;;;;;;;;;25;UN;CDFL - CD FLORES;;0;25;25;AMEN;;;;0;0;0;;0;0;;;B;;;;0;UN;2026;;;S;WE;0;BRL;;;0;0;UN;UN;2.835,00;0;;
CDFL;4500145239;;;10;0;0;400224;POSTE CONC DUPL T 11 M 300 DAN;101;EM Entrada mercador.;180035378;1003866;5000257290;1;18/03/2026;26/03/2026;26/03/2026;07:53:44;25;40.500,00;INVT;EST_INV_AME;MDCOSTA;;;;;;;;;25;UN;CDFL - CD FLORES;;0;25;25;AMEN;;;;0;0;0;;0;0;;;B;;;;0;UN;2026;;;S;WE;0;BRL;;;0;0;UN;UN;2.835,00;0;;
CDFL;4500145239;;;10;0;0;400224;POSTE CONC DUPL T 11 M 300 DAN;101;EM Entrada mercador.;180035312;1003866;5000256857;1;17/03/2026;20/03/2026;20/03/2026;07:55:25;25;40.500,00;INVT;EST_INV_AME;MDCOSTA;;;;;;;;;25;UN;CDFL - CD FLORES;;0;25;25;AMEN;;;;0;0;0;;0;0;;;B;;;;0;UN;2026;;;S;WE;0;BRL;;;0;0;UN;UN;2.835,00;0;;
CDFL;4500145239;;;10;0;0;400224;POSTE CONC DUPL T 11 M 300 DAN;101;EM Entrada mercador.;180035292;1003866;5000256554;1;12/03/2026;18/03/2026;18/03/2026;11:38:36;25;40.500,00;INVT;EST_INV_AME;MDCOSTA;;;;;;;;;25;UN;CDFL - CD FLORES;;0;25;25;AMEN;;;;0;0;0;;0;0;;;B;;;;0;UN;2026;;;S;WE;0;BRL;;;0;0;UN;UN;2.835,00;0;;
CDFL;4500145239;;;10;0;0;400224;POSTE CONC DUPL T 11 M 300 DAN;101;EM Entrada mercador.;180035245;1003866;5000256404;1;09/03/2026;17/03/2026;17/03/2026;10:36:25;25;40.500,00;INVT;EST_INV_AME;MDCOSTA;;;;;;;;;25;UN;CDFL - CD FLORES;;0;25;25;AMEN;;;;0;0;0;;0;0;;;B;;;;0;UN;2026;;;S;WE;0;BRL;;;0;0;UN;UN;2.835,00;0;;
CDFL;4500145239;;;10;0;0;400224;POSTE CONC DUPL T 11 M 300 DAN;101;EM Entrada mercador.;180035244;1003866;5000256403;1;11/03/2026;17/03/2026;17/03/2026;10:33:06;25;40.500,00;INVT;EST_INV_AME;MDCOSTA;;;;;;;;;25;UN;CDFL - CD FLORES;;0;25;25;AMEN;;;;0;0;0;;0;0;;;B;;;;0;UN;2026;;;S;WE;0;BRL;;;0;0;UN;UN;2.835,00;0;;
CDFL;4500138279;;;30;0;0;400224;POSTE CONC DUPL T 11 M 300 DAN;101;EM Entrada mercador.;180035136;1003866;5000254629;1;04/03/2026;10/03/2026;10/03/2026;08:16:09;25;40.500,00;INVT;EST_INV_AME;MDCOSTA;;;;;;;;;25;UN;CDFL - CD FLORES;;0;25;25;AMEN;;;;0;0;0;;0;0;;;B;;;;0;UN;2026;;;S;WE;0;BRL;;;0;0;UN;UN;2.835,00;0;;
CDFL;4500138279;;;30;0;0;400224;POSTE CONC DUPL T 11 M 300 DAN;101;EM Entrada mercador.;180035135;1003866;5000254627;1;05/03/2026;10/03/2026;10/03/2026;08:13:26;10;16.200,00;INVT;EST_INV_AME;MDCOSTA;;;;;;;;;10;UN;CDFL - CD FLORES;;0;10;10;AMEN;;;;0;0;0;;0;0;;;B;;;;0;UN;2026;;;S;WE;0;BRL;;;0;0;UN;UN;1.134,00;0;;
CDFL;4500138279;;;30;0;0;400224;POSTE CONC DUPL T 11 M 300 DAN;101;EM Entrada mercador.;180035134;1003866;5000254626;1;05/03/2026;10/03/2026;10/03/2026;08:10:16;25;40.500,00;INVT;EST_INV_AME;MDCOSTA;;;;;;;;;25;UN;CDFL - CD FLORES;;0;25;25;AMEN;;;;0;0;0;;0;0;;;B;;;;0;UN;2026;;;S;WE;0;BRL;;;0;0;UN;UN;2.835,00;0;;
CDFL;4500138279;;;30;0;0;400224;POSTE CONC DUPL T 11 M 300 DAN;101;EM Entrada mercador.;180035121;1003866;5000254480;1;01/03/2026;09/03/2026;09/03/2026;11:09:08;25;40.500,00;INVT;EST_INV_AME;MDCOSTA;;;;;;;;;25;UN;CDFL - CD FLORES;;0;25;25;AMEN;;;;0;0;0;;0;0;;;B;;;;0;UN;2026;;;S;WE;0;BRL;;;0;0;UN;UN;2.835,00;0;;
CDFL;4500138279;;;30;0;0;400224;POSTE CONC DUPL T 11 M 300 DAN;101;EM Entrada mercador.;180035127;1003866;5000254523;1;02/03/2026;09/03/2026;09/03/2026;13:50:08;5;8.100,00;INVT;EST_INV_AME;MDCOSTA;;;;;;;;;5;UN;CDFL - CD FLORES;;0;5;5;AMEN;;;;0;0;0;;0;0;;;B;;;;0;UN;2026;;;S;WE;0;BRL;;;0;0;UN;UN;567;0;;
CDFL;4500138279;;;30;0;0;400224;POSTE CONC DUPL T 11 M 300 DAN;101;EM Entrada mercador.;180035093;1003866;5000254199;1;26/02/2026;06/03/2026;06/03/2026;08:46:27;12;19.440,00;INVT;EST_INV_AME;MDCOSTA;;;;;;;;;12;UN;CDFL - CD FLORES;;0;12;12;AMEN;;;;0;0;0;;0;0;;;B;;;;0;UN;2026;;;S;WE;0;BRL;;;0;0;UN;UN;1.360,80;0;;
CDFL;4500138279;;;30;0;0;400224;POSTE CONC DUPL T 11 M 300 DAN;101;EM Entrada mercador.;180035104;1003866;5000254372;1;24/02/2026;06/03/2026;06/03/2026;16:32:36;15;24.300,00;INVT;EST_INV_AME;MDCOSTA;;;;;;;;;15;UN;CDFL - CD FLORES;;0;15;15;AMEN;;;;0;0;0;;0;0;;;B;;;;0;UN;2026;;;S;WE;0;BRL;;;0;0;UN;UN;1.701,00;0;;
CDFL;4500138279;;;30;0;0;400224;POSTE CONC DUPL T 11 M 300 DAN;101;EM Entrada mercador.;180034970;1003866;5000253252;1;19/02/2026;26/02/2026;26/02/2026;07:42:56;15;24.300,00;INVT;EST_INV_AME;MDCOSTA;;;;;;;;;15;UN;CDFL - CD FLORES;;0;15;15;AMEN;;;;0;0;0;;0;0;;;B;;;;0;UN;2026;;;S;WE;0;BRL;;;0;0;UN;UN;1.701,00;0;;
CDFL;4500138279;;;30;0;0;400224;POSTE CONC DUPL T 11 M 300 DAN;101;EM Entrada mercador.;180034952;1003866;5000253189;1;22/02/2026;25/02/2026;25/02/2026;07:56:12;25;40.500,00;INVT;EST_INV_AME;MDCOSTA;;;;;;;;;25;UN;CDFL - CD FLORES;;0;25;25;AMEN;;;;0;0;0;;0;0;;;B;;;;0;UN;2026;;;S;WE;0;BRL;;;0;0;UN;UN;2.835,00;0;;
CDFL;4500138279;;;10;0;0;400224;POSTE CONC DUPL T 11 M 300 DAN;101;EM Entrada mercador.;180034910;1003866;5000252754;1;10/02/2026;23/02/2026;23/02/2026;08:53:55;10;16.200,00;INVT;EST_INV_AME;MDCOSTA;;;;;;;;;10;UN;CDFL - CD FLORES;;0;10;10;AMEN;;;;0;0;0;;0;0;;;B;;;;0;UN;2026;;;S;WE;0;BRL;;;0;0;UN;UN;1.134,00;0;;
CDFL;4500138279;;;10;0;0;400224;POSTE CONC DUPL T 11 M 300 DAN;101;EM Entrada mercador.;180034909;1003866;5000252746;1;11/02/2026;23/02/2026;23/02/2026;08:46:49;20;32.400,00;INVT;EST_INV_AME;MDCOSTA;;;;;;;;;20;UN;CDFL - CD FLORES;;0;20;20;AMEN;;;;0;0;0;;0;0;;;B;;;;0;UN;2026;;;S;WE;0;BRL;;;0;0;UN;UN;2.268,00;0;;
CDFL;4500138279;;;10;0;0;400224;POSTE CONC DUPL T 11 M 300 DAN;101;EM Entrada mercador.;180034885;1003866;5000252169;1;04/02/2026;20/02/2026;20/02/2026;14:31:33;22;35.640,00;INVT;EST_INV_AME;MDCOSTA;;;;;;;;;22;UN;CDFL - CD FLORES;;0;22;22;AMEN;;;;0;0;0;;0;0;;;B;;;;0;UN;2026;;;S;WE;0;BRL;;;0;0;UN;UN;2.494,80;0;;
CDFL;4500138279;;;10;0;0;400224;POSTE CONC DUPL T 11 M 300 DAN;101;EM Entrada mercador.;180034883;1003866;5000252166;1;06/02/2026;20/02/2026;20/02/2026;14:27:46;15;24.300,00;INVT;EST_INV_AME;MDCOSTA;;;;;;;;;15;UN;CDFL - CD FLORES;;0;15;15;AMEN;;;;0;0;0;;0;0;;;B;;;;0;UN;2026;;;S;WE;0;BRL;;;0;0;UN;UN;1.701,00;0;;
CDFL;4500138279;;;10;0;0;400224;POSTE CONC DUPL T 11 M 300 DAN;101;EM Entrada mercador.;180034881;1003866;5000252156;1;09/02/2026;20/02/2026;20/02/2026;14:24:22;13;21.060,00;INVT;EST_INV_AME;MDCOSTA;;;;;;;;;13;UN;CDFL - CD FLORES;;0;13;13;AMEN;;;;0;0;0;;0;0;;;B;;;;0;UN;2026;;;S;WE;0;BRL;;;0;0;UN;UN;1.474,20;0;;
CDFL;4500138279;;;10;0;0;400224;POSTE CONC DUPL T 11 M 300 DAN;101;EM Entrada mercador.;180034700;1003866;5000249411;1;06/02/2026;06/02/2026;06/02/2026;09:39:26;10;16.200,00;INVT;EST_INV_AME;MDCOSTA;;;;;;;;;10;UN;CDFL - CD FLORES;;0;10;10;AMEN;;;;0;0;0;;0;0;;;B;;;;0;UN;2026;;;S;WE;0;BRL;;;0;0;UN;UN;1.134,00;0;;
CDFL;4500138279;;;10;0;0;400224;POSTE CONC DUPL T 11 M 300 DAN;101;EM Entrada mercador.;180034682;1003866;5000249348;1;26/01/2026;05/02/2026;05/02/2026;16:21:54;14;22.680,00;INVT;EST_INV_AME;MDCOSTA;;;;;;;;;14;UN;CDFL - CD FLORES;;0;14;14;AMEN;;;;0;0;0;;0;0;;;B;;;;0;UN;2026;;;S;WE;0;BRL;;;0;0;UN;UN;1.587,60;0;;
CDFL;4500138279;;;10;0;0;400224;POSTE CONC DUPL T 11 M 300 DAN;101;EM Entrada mercador.;180034687;1003866;5000249364;1;05/02/2026;05/02/2026;05/02/2026;17:05:30;20;32.400,00;INVT;EST_INV_AME;MDCOSTA;;;;;;;;;20;UN;CDFL - CD FLORES;;0;20;20;AMEN;;;;0;0;0;;0;0;;;B;;;;0;UN;2026;;;S;WE;0;BRL;;;0;0;UN;UN;2.268,00;0;;
CDFL;4500138279;;;10;0;0;400224;POSTE CONC DUPL T 11 M 300 DAN;101;EM Entrada mercador.;180034566;1003866;5000247850;1;14/01/2026;28/01/2026;28/01/2026;07:56:25;19;30.780,00;INVT;EST_INV_AME;MDCOSTA;;;;;;;;;19;UN;CDFL - CD FLORES;;0;19;19;AMEN;;;;0;0;0;;0;0;;;B;;;;0;UN;2026;;;S;WE;0;BRL;;;0;0;UN;UN;2.154,60;0;;
CDFL;4500138279;;;10;0;0;400224;POSTE CONC DUPL T 11 M 300 DAN;101;EM Entrada mercador.;180034534;1003866;5000247784;1;20/01/2026;27/01/2026;27/01/2026;07:48:52;12;19.440,00;INVT;EST_INV_AME;MDCOSTA;;;;;;;;;12;UN;CDFL - CD FLORES;;0;12;12;AMEN;;;;0;0;0;;0;0;;;B;;;;0;UN;2026;;;S;WE;0;BRL;;;0;0;UN;UN;1.360,80;0;;
CDFL;4500138292;;;80;0;0;400224;POSTE CONC DUPL T 11 M 300 DAN;101;EM Entrada mercador.;180034257;1006698;5000244068;1;17/12/2025;29/12/2025;29/12/2025;08:14:15;17;27.540,00;INVT;EST_INV_AME;MDCOSTA;;;;;;;;;17;UN;CDFL - CD FLORES;;0;17;17;AMEN;;;;0;0;0;;0;0;;;B;;;;0;UN;2025;;;S;WE;0;BRL;;;0;0;UN;UN;1.927,80;0;;
CDFL;4500133731;;;10;0;0;400224;POSTE CONC DUPL T 11 M 300 DAN;101;EM Entrada mercador.;180034253;1003866;5000244063;1;18/12/2025;29/12/2025;29/12/2025;07:49:41;8;12.960,00;INVT;EST_INV_AME;MDCOSTA;;;;;;;;;8;UN;CDFL - CD FLORES;;0;8;8;AMEN;;;;0;0;0;;0;0;;;B;;;;0;UN;2025;;;S;WE;0;BRL;;;0;0;UN;UN;907,2;0;;
CDFL;4500133731;;;10;0;0;400224;POSTE CONC DUPL T 11 M 300 DAN;101;EM Entrada mercador.;180034250;1003866;5000244061;1;18/12/2025;29/12/2025;29/12/2025;07:46:16;4;6.480,00;INVT;EST_INV_AME;MDCOSTA;;;;;;;;;4;UN;CDFL - CD FLORES;;0;4;4;AMEN;;;;0;0;0;;0;0;;;B;;;;0;UN;2025;;;S;WE;0;BRL;;;0;0;UN;UN;453,6;0;;
CDFL;4500133731;;;10;0;0;400224;POSTE CONC DUPL T 11 M 300 DAN;101;EM Entrada mercador.;180034200;1003866;5000243927;1;15/12/2025;22/12/2025;22/12/2025;10:28:36;15;24.300,00;INVT;EST_INV_AME;MDCOSTA;;;;;;;;;15;UN;CDFL - CD FLORES;;0;15;15;AMEN;;;;0;0;0;;0;0;;;B;;;;0;UN;2025;;;S;WE;0;BRL;;;0;0;UN;UN;1.701,00;0;;
CDFL;4500133731;;;10;0;0;400224;POSTE CONC DUPL T 11 M 300 DAN;101;EM Entrada mercador.;180034199;1003866;5000243926;1;17/12/2025;22/12/2025;22/12/2025;10:26:27;10;16.200,00;INVT;EST_INV_AME;MDCOSTA;;;;;;;;;10;UN;CDFL - CD FLORES;;0;10;10;AMEN;;;;0;0;0;;0;0;;;B;;;;0;UN;2025;;;S;WE;0;BRL;;;0;0;UN;UN;1.134,00;0;;
CDFL;4500138292;;;80;0;0;400224;POSTE CONC DUPL T 11 M 300 DAN;101;EM Entrada mercador.;180034197;1006698;5000243924;1;15/12/2025;22/12/2025;22/12/2025;10:15:47;25;40.500,00;INVT;EST_INV_AME;MDCOSTA;;;;;;;;;25;UN;CDFL - CD FLORES;;0;25;25;AMEN;;;;0;0;0;;0;0;;;B;;;;0;UN;2025;;;S;WE;0;BRL;;;0;0;UN;UN;2.835,00;0;;
CDFL;4500138292;;;80;0;0;400224;POSTE CONC DUPL T 11 M 300 DAN;101;EM Entrada mercador.;180034195;1006698;5000243923;1;15/12/2025;22/12/2025;22/12/2025;10:04:20;25;40.500,00;INVT;EST_INV_AME;MDCOSTA;;;;;;;;;25;UN;CDFL - CD FLORES;;0;25;25;AMEN;;;;0;0;0;;0;0;;;B;;;;0;UN;2025;;;S;WE;0;BRL;;;0;0;UN;UN;2.835,00;0;;
CDFL;4500138292;;;80;0;0;400224;POSTE CONC DUPL T 11 M 300 DAN;101;EM Entrada mercador.;180034194;1006698;5000243922;1;16/12/2025;22/12/2025;22/12/2025;09:58:18;25;40.500,00;INVT;EST_INV_AME;MDCOSTA;;;;;;;;;25;UN;CDFL - CD FLORES;;0;25;25;AMEN;;;;0;0;0;;0;0;;;B;;;;0;UN;2025;;;S;WE;0;BRL;;;0;0;UN;UN;2.835,00;0;;
CDFL;4500133731;;;10;0;0;400224;POSTE CONC DUPL T 11 M 300 DAN;101;EM Entrada mercador.;180034144;1003866;5000243587;1;11/12/2025;18/12/2025;18/12/2025;09:10:58;14;22.680,00;INVT;EST_INV_AME;MDCOSTA;;;;;;;;;14;UN;CDFL - CD FLORES;;0;14;14;AMEN;;;;0;0;0;;0;0;;;B;;;;0;UN;2025;;;S;WE;0;BRL;;;0;0;UN;UN;1.587,60;0;;
CDFL;4500133731;;;10;0;0;400224;POSTE CONC DUPL T 11 M 300 DAN;101;EM Entrada mercador.;180034085;1003866;5000241804;1;05/12/2025;15/12/2025;15/12/2025;10:47:43;7;11.340,00;INVT;EST_INV_AME;MDCOSTA;;;;;;;;;7;UN;CDFL - CD FLORES;;0;7;7;AMEN;;;;0;0;0;;0;0;;;B;;;;0;UN;2025;;;S;WE;0;BRL;;;0;0;UN;UN;793,8;0;;
CDFL;4500133731;;;10;0;0;400224;POSTE CONC DUPL T 11 M 300 DAN;101;EM Entrada mercador.;180034024;1003866;5000240955;1;02/12/2025;11/12/2025;11/12/2025;08:18:30;20;32.400,00;INVT;EST_INV_AME;MDCOSTA;;;;;;;;;20;UN;CDFL - CD FLORES;;0;20;20;AMEN;;;;0;0;0;;0;0;;;B;;;;0;UN;2025;;;S;WE;0;BRL;;;0;0;UN;UN;2.268,00;0;;
CDFL;4500133731;;;10;0;0;400224;POSTE CONC DUPL T 11 M 300 DAN;101;EM Entrada mercador.;180034025;1003866;5000240962;1;01/12/2025;11/12/2025;11/12/2025;08:21:18;25;40.500,00;INVT;EST_INV_AME;MDCOSTA;;;;;;;;;25;UN;CDFL - CD FLORES;;0;25;25;AMEN;;;;0;0;0;;0;0;;;B;;;;0;UN;2025;;;S;WE;0;BRL;;;0;0;UN;UN;2.835,00;0;;
CDFL;4500133731;;;10;0;0;400224;POSTE CONC DUPL T 11 M 300 DAN;101;EM Entrada mercador.;180033938;1003866;5000239405;1;25/11/2025;03/12/2025;03/12/2025;08:53:14;8;12.960,00;INVT;EST_INV_AME;MDCOSTA;;;;;;;;;8;UN;CDFL - CD FLORES;;0;8;8;AMEN;;;;0;0;0;;0;0;;;B;;;;0;UN;2025;;;S;WE;0;BRL;;;0;0;UN;UN;907,2;0;;
CDFL;4500133731;;;10;0;0;400224;POSTE CONC DUPL T 11 M 300 DAN;101;EM Entrada mercador.;180033939;1003866;5000239419;1;24/11/2025;03/12/2025;03/12/2025;09:58:02;25;40.500,00;INVT;EST_INV_AME;MDCOSTA;;;;;;;;;25;UN;CDFL - CD FLORES;;0;25;25;AMEN;;;;0;0;0;;0;0;;;B;;;;0;UN;2025;;;S;WE;0;BRL;;;0;0;UN;UN;2.835,00;0;;
CDFL;4500133731;;;10;0;0;400224;POSTE CONC DUPL T 11 M 300 DAN;101;EM Entrada mercador.;180033836;1003866;5000237215;2;17/11/2025;19/11/2025;19/11/2025;14:34:15;4;6.480,00;INVT;EST_INV_AME;MDCOSTA;;;;;;;;;4;UN;CDFL - CD FLORES;;0;4;4;AMEN;;;;0;0;0;;0;0;;;B;;;;0;UN;2025;;;S;WE;0;BRL;;;0;0;UN;UN;453,6;0;;
CDFL;4500126488;;;40;0;0;400224;POSTE CONC DUPL T 11 M 300 DAN;101;EM Entrada mercador.;180033374;1006698;5000232891;2;15/10/2025;20/10/2025;20/10/2025;16:37:32;6;9.720,00;INVT;EST_INV_AME;MDCOSTA;;;;;;;;;6;UN;CDFL - CD FLORES;;0;6;6;AMEN;;;;0;0;0;;0;0;;;B;;;;0;UN;2025;;;S;WE;0;BRL;;;0;0;UN;UN;680,4;0;;
CDFL;4500126488;;;40;0;0;400224;POSTE CONC DUPL T 11 M 300 DAN;101;EM Entrada mercador.;180033232;1006698;5000230764;1;06/10/2025;13/10/2025;13/10/2025;08:43:27;25;40.500,00;INVT;EST_INV_AME;MDCOSTA;;;;;;;;;25;UN;CDFL - CD FLORES;;0;25;25;AMEN;;;;0;0;0;;0;0;;;B;;;;0;UN;2025;;;S;WE;0;BRL;;;0;0;UN;UN;2.835,00;0;;
CDFL;4500126488;;;40;0;0;400224;POSTE CONC DUPL T 11 M 300 DAN;101;EM Entrada mercador.;180033242;1006698;5000230994;1;07/10/2025;13/10/2025;13/10/2025;15:55:07;25;40.500,00;INVT;EST_INV_AME;MDCOSTA;;;;;;;;;25;UN;CDFL - CD FLORES;;0;25;25;AMEN;;;;0;0;0;;0;0;;;B;;;;0;UN;2025;;;S;WE;0;BRL;;;0;0;UN;UN;2.835,00;0;;
CDFL;4500126488;;;40;0;0;400224;POSTE CONC DUPL T 11 M 300 DAN;101;EM Entrada mercador.;180033243;1006698;5000230997;1;08/10/2025;13/10/2025;13/10/2025;15:59:14;25;40.500,00;INVT;EST_INV_AME;MDCOSTA;;;;;;;;;25;UN;CDFL - CD FLORES;;0;25;25;AMEN;;;;0;0;0;;0;0;;;B;;;;0;UN;2025;;;S;WE;0;BRL;;;0;0;UN;UN;2.835,00;0;;
CDFL;4500126488;;;40;0;0;400224;POSTE CONC DUPL T 11 M 300 DAN;101;EM Entrada mercador.;180033209;1006698;5000230610;1;30/09/2025;10/10/2025;10/10/2025;09:47:49;25;40.500,00;INVT;EST_INV_AME;MDCOSTA;;;;;;;;;25;UN;CDFL - CD FLORES;;0;25;25;AMEN;;;;0;0;0;;0;0;;;B;;;;0;UN;2025;;;S;WE;0;BRL;;;0;0;UN;UN;2.835,00;0;;
CDFL;4500120632;;;10;0;0;400224;POSTE CONC DUPL T 11 M 300 DAN;101;EM Entrada mercador.;180032933;1003866;5000228135;1;14/09/2025;24/09/2025;24/09/2025;08:09:39;18;29.160,00;INVT;EST_INV_AME;MDCOSTA;;;;;;;;;18;UN;CDFL - CD FLORES;;0;18;18;AMEN;;;;0;0;0;;0;0;;;B;;;;0;UN;2025;;;S;WE;0;BRL;;;0;0;UN;UN;2.041,20;0;;
CDFL;4500120632;;;10;0;0;400224;POSTE CONC DUPL T 11 M 300 DAN;101;EM Entrada mercador.;180032932;1003866;5000228134;1;16/09/2025;24/09/2025;24/09/2025;08:06:20;4;6.480,00;INVT;EST_INV_AME;MDCOSTA;;;;;;;;;4;UN;CDFL - CD FLORES;;0;4;4;AMEN;;;;0;0;0;;0;0;;;B;;;;0;UN;2025;;;S;WE;0;BRL;;;0;0;UN;UN;453,6;0;;
CDFL;4500120632;;;10;0;0;400224;POSTE CONC DUPL T 11 M 300 DAN;101;EM Entrada mercador.;180032899;1003866;5000227605;1;10/09/2025;23/09/2025;23/09/2025;08:29:11;11;17.820,00;INVT;EST_INV_AME;MDCOSTA;;;;;;;;;11;UN;CDFL - CD FLORES;;0;11;11;AMEN;;;;0;0;0;;0;0;;;B;;;;0;UN;2025;;;S;WE;0;BRL;;;0;0;UN;UN;1.247,40;0;;
CDFL;4500120632;;;10;0;0;400224;POSTE CONC DUPL T 11 M 300 DAN;101;EM Entrada mercador.;180032741;1003866;5000225304;1;07/09/2025;12/09/2025;12/09/2025;17:14:22;11;17.820,00;INVT;EST_INV_AME;MDCOSTA;;;;;;;;;11;UN;CDFL - CD FLORES;;0;11;11;AMEN;;;;0;0;0;;0;0;;;B;;;;0;UN;2025;;;S;WE;0;BRL;;;0;0;UN;UN;1.247,40;0;;
CDFL;4500125696;;;20;0;0;400224;POSTE CONC DUPL T 11 M 300 DAN;101;EM Entrada mercador.;180032690;1006698;5000224654;1;29/08/2025;11/09/2025;11/09/2025;09:45:35;25;40.500,00;INVT;EST_INV_AME;MDCOSTA;;;;;;;;;25;UN;CDFL - CD FLORES;;0;25;25;AMEN;;;;0;0;0;;0;0;;;B;;;;0;UN;2025;;;S;WE;0;BRL;;;0;0;UN;UN;2.835,00;0;;
CDFL;4500125696;;;20;0;0;400224;POSTE CONC DUPL T 11 M 300 DAN;101;EM Entrada mercador.;180032691;1006698;5000224656;1;29/08/2025;11/09/2025;11/09/2025;09:48:52;25;40.500,00;INVT;EST_INV_AME;MDCOSTA;;;;;;;;;25;UN;CDFL - CD FLORES;;0;25;25;AMEN;;;;0;0;0;;0;0;;;B;;;;0;UN;2025;;;S;WE;0;BRL;;;0;0;UN;UN;2.835,00;0;;
CDFL;4500125696;;;20;0;0;400224;POSTE CONC DUPL T 11 M 300 DAN;101;EM Entrada mercador.;180032653;1006698;5000223681;1;29/08/2025;09/09/2025;09/09/2025;11:08:06;25;40.500,00;INVT;EST_INV_AME;MDCOSTA;;;;;;;;;25;UN;CDFL - CD FLORES;;0;25;25;AMEN;;;;0;0;0;;0;0;;;B;;;;0;UN;2025;;;S;WE;0;BRL;;;0;0;UN;UN;2.835,00;0;;
CDFL;4500125696;;;20;0;0;400224;POSTE CONC DUPL T 11 M 300 DAN;101;EM Entrada mercador.;180032645;1006698;5000223600;1;28/08/2025;09/09/2025;09/09/2025;09:56:49;25;40.500,00;INVT;EST_INV_AME;MDCOSTA;;;;;;;;;25;UN;CDFL - CD FLORES;;0;25;25;AMEN;;;;0;0;0;;0;0;;;B;;;;0;UN;2025;;;S;WE;0;BRL;;;0;0;UN;UN;2.835,00;0;;
CDFL;4500120632;;;10;0;0;400224;POSTE CONC DUPL T 11 M 300 DAN;101;EM Entrada mercador.;180032643;1003866;5000223596;1;01/09/2025;09/09/2025;09/09/2025;09:41:26;14;22.680,00;INVT;EST_INV_AME;MDCOSTA;;;;;;;;;14;UN;CDFL - CD FLORES;;0;14;14;AMEN;;;;0;0;0;;0;0;;;B;;;;0;UN;2025;;;S;WE;0;BRL;;;0;0;UN;UN;1.587,60;0;;
CDFL;4500120632;;;10;0;0;400224;POSTE CONC DUPL T 11 M 300 DAN;101;EM Entrada mercador.;180032625;1003866;5000223419;1;28/08/2025;08/09/2025;08/09/2025;11:19:44;10;16.200,00;INVT;EST_INV_AME;MDCOSTA;;;;;;;;;10;UN;CDFL - CD FLORES;;0;10;10;AMEN;;;;0;0;0;;0;0;;;B;;;;0;UN;2025;;;S;WE;0;BRL;;;0;0;UN;UN;1.134,00;0;;
CDFL;4500120632;;;10;0;0;400224;POSTE CONC DUPL T 11 M 300 DAN;101;EM Entrada mercador.;180032493;1003866;5000221911;1;21/08/2025;27/08/2025;27/08/2025;14:36:50;15;24.300,00;INVT;EST_INV_AME;MDCOSTA;;;;;;;;;15;UN;CDFL - CD FLORES;;0;15;15;AMEN;;;;0;0;0;;0;0;;;B;;;;0;UN;2025;;;S;WE;0;BRL;;;0;0;UN;UN;1.701,00;0;;
CDFL;4500124099;;;30;0;0;400224;POSTE CONC DUPL T 11 M 300 DAN;101;EM Entrada mercador.;180032486;1006698;5000221849;1;21/08/2025;27/08/2025;27/08/2025;10:51:19;25;40.500,00;INVT;EST_INV_AME;MDCOSTA;;;;;;;;;25;UN;CDFL - CD FLORES;;0;25;25;AMEN;;;;0;0;0;;0;0;;;B;;;;0;UN;2025;;;S;WE;0;BRL;;;0;0;UN;UN;2.835,00;0;;
CDFL;4500124099;;;30;0;0;400224;POSTE CONC DUPL T 11 M 300 DAN;101;EM Entrada mercador.;180032484;1006698;5000221837;1;25/08/2025;27/08/2025;27/08/2025;10:47:32;25;40.500,00;INVT;EST_INV_AME;MDCOSTA;;;;;;;;;25;UN;CDFL - CD FLORES;;0;25;25;AMEN;;;;0;0;0;;0;0;;;B;;;;0;UN;2025;;;S;WE;0;BRL;;;0;0;UN;UN;2.835,00;0;;
CDFL;4500124099;;;30;0;0;400224;POSTE CONC DUPL T 11 M 300 DAN;101;EM Entrada mercador.;180032418;1006698;5000221322;1;19/08/2025;25/08/2025;25/08/2025;11:02:16;25;40.500,00;INVT;EST_INV_AME;MDCOSTA;;;;;;;;;25;UN;CDFL - CD FLORES;;0;25;25;AMEN;;;;0;0;0;;0;0;;;B;;;;0;UN;2025;;;S;WE;0;BRL;;;0;0;UN;UN;2.835,00;0;;
CDFL;4500124099;;;30;0;0;400224;POSTE CONC DUPL T 11 M 300 DAN;101;EM Entrada mercador.;180032419;1006698;5000221323;1;20/08/2025;25/08/2025;25/08/2025;11:07:20;25;40.500,00;INVT;EST_INV_AME;MDCOSTA;;;;;;;;;25;UN;CDFL - CD FLORES;;0;25;25;AMEN;;;;0;0;0;;0;0;;;B;;;;0;UN;2025;;;S;WE;0;BRL;;;0;0;UN;UN;2.835,00;0;;
CDFL;4500120632;;;10;0;0;400224;POSTE CONC DUPL T 11 M 300 DAN;101;EM Entrada mercador.;180032366;1003866;5000220312;1;17/08/2025;20/08/2025;20/08/2025;09:03:25;15;24.300,00;INVT;EST_INV_AME;MDCOSTA;;;;;;;;;15;UN;CDFL - CD FLORES;;0;15;15;AMEN;;;;0;0;0;;0;0;;;B;;;;0;UN;2025;;;S;WE;0;BRL;;;0;0;UN;UN;1.701,00;0;;
CDFL;4500120632;;;10;0;0;400224;POSTE CONC DUPL T 11 M 300 DAN;101;EM Entrada mercador.;180032172;1003866;5000218900;1;05/08/2025;11/08/2025;11/08/2025;14:39:30;15;24.300,00;INVT;EST_INV_AME;MDCOSTA;;;;;;;;;15;UN;CDFL - CD FLORES;;0;15;15;AMEN;;;;0;0;0;;0;0;;;B;;;;0;UN;2025;;;S;WE;0;BRL;;;0;0;UN;UN;1.701,00;0;;
CDFL;4500120632;;;10;0;0;400224;POSTE CONC DUPL T 11 M 300 DAN;101;EM Entrada mercador.;180031970;1003866;5000217034;1;23/07/2025;29/07/2025;29/07/2025;10:58:24;15;24.300,00;INVT;EST_INV_AME;MDCOSTA;;;;;;;;;15;UN;CDFL - CD FLORES;;0;15;15;AMEN;;;;0;0;0;;0;0;;;B;;;;0;UN;2025;;;S;WE;0;BRL;;;0;0;UN;UN;1.701,00;0;;
CDFL;4500151197;;;10;0;0;400227;POSTE FIBRA VIDRO E-CR 18M 600DAN;101;EM Entrada mercador.;180036230;1004058;5000266517;1;13/05/2026;01/06/2026;01/06/2026;10:09:45;5;36.171,48;INVT;EST_INV_AME;MDCOSTA;;;;;;;;;5;UN;CDFL - CD FLORES;;0;5;5;AMEN;;;;0;0;0;;0;0;;;B;;;;0;UN;2026;;;S;WE;0;BRL;;;0;0;UN;UN;2.199,64;4.748,08;;
CDFL;4500148305;;;30;0;0;400227;POSTE FIBRA VIDRO E-CR 18M 600DAN;101;EM Entrada mercador.;180035961;1004058;5000264182;1;10/04/2026;15/05/2026;15/05/2026;10:23:05;16; R$ 115.748,72 ;INVT;EST_INV_AME;LPEIXOTO;;;;;;;;;16;UN;CDFL - CD FLORES;;0;16;16;AMEN;;;;0;0;0;;0;0;;;B;;;;0;UN;2026;;;S;WE;0;BRL;;;0;0;UN;UN;7.038,84;15.193,84;;
CDFL;4500133909;;;20;0;0;400227;POSTE FIBRA VIDRO E-CR 18M 600DAN;101;EM Entrada mercador.;180033542;1011711;5000234283;1;27/10/2025;31/10/2025;31/10/2025;08:27:21;4;32.012,00;INVT;EST_INV_AME;MDCOSTA;;;;;;;;;4;UN;CDFL - CD FLORES;;0;4;4;AMEN;;;;0;0;0;;0;0;;;B;;;;0;UN;2025;;;S;WE;0;BRL;;;0;0;UN;UN;2.240,84;0;;
CDFL;4500129852;;;10;0;0;400227;POSTE FIBRA VIDRO E-CR 18M 600DAN;101;EM Entrada mercador.;180033011;1011711;5000228559;1;18/09/2025;29/09/2025;29/09/2025;09:11:29;5;40.015,00;INVT;EST_INV_AME;MDCOSTA;;;;;;;;;5;UN;CDFL - CD FLORES;;0;5;5;AMEN;;;;0;0;0;;0;0;;;B;;;;0;UN;2025;;;S;WE;0;BRL;;;0;0;UN;UN;2.801,05;0;;
CDFL;4500150174;;;10;0;0;400228;POSTE CONCRETO CIRC 9M 300DAN;101;EM Entrada mercador.;180035822;1006698;5000262428;1;27/04/2026;05/05/2026;05/05/2026;10:07:25;5; R$ 6.295,00 ;INVT;EST_INV_AME;LPEIXOTO;;;;;;;;;5;UN;CDFL - CD FLORES;;0;5;5;AMEN;;;;0;0;0;;0;0;;;B;;;;0;UN;2026;;;S;WE;0;BRL;;;0;0;UN;UN;440,65;0;;
CDFL;4500150174;;;10;0;0;400228;POSTE CONCRETO CIRC 9M 300DAN;101;EM Entrada mercador.;180035816;1006698;5000262404;1;23/04/2026;05/05/2026;05/05/2026;08:27:43;3; R$ 3.777,00 ;INVT;EST_INV_AME;LPEIXOTO;;;;;;;;;3;UN;CDFL - CD FLORES;;0;3;3;AMEN;;;;0;0;0;;0;0;;;B;;;;0;UN;2026;;;S;WE;0;BRL;;;0;0;UN;UN;264,39;0;;
CDFL;4500150174;;;10;0;0;400228;POSTE CONCRETO CIRC 9M 300DAN;101;EM Entrada mercador.;180035622;1006698;5000260197;1;14/04/2026;16/04/2026;16/04/2026;10:06:04;6;7.554,00;INVT;EST_INV_AME;LPEIXOTO;;;;;;;;;6;UN;CDFL - CD FLORES;;0;6;6;AMEN;;;;0;0;0;;0;0;;;B;;;;0;UN;2026;;;S;WE;0;BRL;;;0;0;UN;UN;528,78;0;;
CDFL;4500133731;;;30;0;0;400228;POSTE CONCRETO CIRC 9M 300DAN;101;EM Entrada mercador.;180034250;1003866;5000244061;3;18/12/2025;29/12/2025;29/12/2025;07:46:16;1;1.550,00;INVT;EST_INV_AME;MDCOSTA;;;;;;;;;1;UN;CDFL - CD FLORES;;0;1;1;AMEN;;;;0;0;0;;0;0;;;B;;;;0;UN;2025;;;S;WE;0;BRL;;;0;0;UN;UN;108,5;0;;
CDFL;4500139117;;;50;0;0;400243;TRAFO AER 3F 15KV 150KVA 220/127V 7TP;101;EM Entrada mercador.;180035716;1003291;5000261573;1;23/04/2026;24/04/2026;24/04/2026;11:29:13;1;39.775,50;INVT;EST_INV_AME;MDCOSTA;;;;;;;;;1;UN;CDFL - CD FLORES;;0;1;1;AMEN;;;;0;0;0;;0;0;;;B;;;;0;UN;2026;;;S;WE;0;BRL;;;0;0;UN;UN;2.784,29;0;;
CDFL;4500139117;;;50;0;0;400243;TRAFO AER 3F 15KV 150KVA 220/127V 7TP;101;EM Entrada mercador.;180035624;1003291;5000260234;1;10/04/2026;16/04/2026;16/04/2026;10:37:47;3;119.326,50;INVT;EST_INV_AME;LPEIXOTO;;;;;;;;;3;UN;CDFL - CD FLORES;;0;3;3;AMEN;;;;0;0;0;;0;0;;;B;;;;0;UN;2026;;;S;WE;0;BRL;;;0;0;UN;UN;8.352,86;0;;
CDFL;4500139117;;;50;0;0;400243;TRAFO AER 3F 15KV 150KVA 220/127V 7TP;101;EM Entrada mercador.;180035544;1003291;5000259337;1;02/04/2026;10/04/2026;10/04/2026;14:42:37;2;79.551,00;INVT;EST_INV_AME;LPEIXOTO;;;;;;;;;2;UN;CDFL - CD FLORES;;0;2;2;AMEN;;;;0;0;0;;0;0;;;B;;;;0;UN;2026;;;S;WE;0;BRL;;;0;0;UN;UN;5.568,57;0;;
CDFL;4500139117;;;50;0;0;400243;TRAFO AER 3F 15KV 150KVA 220/127V 7TP;101;EM Entrada mercador.;180035506;1003291;5000258681;1;31/03/2026;08/04/2026;08/04/2026;15:28:35;1;39.775,50;INVT;EST_INV_AME;LPEIXOTO;;;;;;;;;1;UN;CDFL - CD FLORES;;0;1;1;AMEN;;;;0;0;0;;0;0;;;B;;;;0;UN;2026;;;S;WE;0;BRL;;;0;0;UN;UN;2.784,29;0;;
CDFL;4500129073;;;50;0;0;400243;TRAFO AER 3F 15KV 150KVA 220/127V 7TP;101;EM Entrada mercador.;180035440;1003291;5000257481;1;26/03/2026;31/03/2026;31/03/2026;10:03:23;2;79.550,99;INVT;EST_INV_AME;MDCOSTA;;;;;;;;;2;UN;CDFL - CD FLORES;;0;2;2;AMEN;;;;0;0;0;;0;0;;;B;;;;0;UN;2026;;;S;WE;0;BRL;;;0;0;UN;UN;5.568,57;0;;
CDFL;4500125193;;;60;0;0;400243;TRAFO AER 3F 15KV 150KVA 220/127V 7TP;101;EM Entrada mercador.;180035269;1003291;5000256503;4;16/03/2026;18/03/2026;18/03/2026;09:24:53;2;79.551,00;INVT;EST_INV_AME;MDCOSTA;;;;;;;;;2;UN;CDFL - CD FLORES;;0;2;2;AMEN;;;;0;0;0;;0;0;;;B;;;;0;UN;2026;;;S;WE;0;BRL;;;0;0;UN;UN;5.568,57;0;;
CDFL;4500125193;;;60;0;0;400243;TRAFO AER 3F 15KV 150KVA 220/127V 7TP;101;EM Entrada mercador.;180035269;1003291;5000256503;3;16/03/2026;18/03/2026;18/03/2026;09:24:53;1;39.775,50;INVT;EST_INV_AME;MDCOSTA;;;;;;;;;1;UN;CDFL - CD FLORES;;0;1;1;AMEN;;;;0;0;0;;0;0;;;B;;;;0;UN;2026;;;S;WE;0;BRL;;;0;0;UN;UN;2.784,29;0;;
CDFL;4500139117;;;50;0;0;400243;TRAFO AER 3F 15KV 150KVA 220/127V 7TP;101;EM Entrada mercador.;180035188;1003291;5000256129;1;10/03/2026;16/03/2026;16/03/2026;08:36:01;10;397.755,00;INVT;EST_INV_AME;MDCOSTA;;;;;;;;;10;UN;CDFL - CD FLORES;;0;10;10;AMEN;;;;0;0;0;;0;0;;;B;;;;0;UN;2026;;;S;WE;0;BRL;;;0;0;UN;UN;27.842,85;0;;
CDFL;4500139117;;;50;0;0;400243;TRAFO AER 3F 15KV 150KVA 220/127V 7TP;101;EM Entrada mercador.;180035151;1003291;5000254711;1;04/03/2026;10/03/2026;10/03/2026;10:26:00;1;39.775,50;INVT;EST_INV_AME;MDCOSTA;;;;;;;;;1;UN;CDFL - CD FLORES;;0;1;1;AMEN;;;;0;0;0;;0;0;;;B;;;;0;UN;2026;;;S;WE;0;BRL;;;0;0;UN;UN;2.784,29;0;;
CDFL;4500139117;;;50;0;0;400243;TRAFO AER 3F 15KV 150KVA 220/127V 7TP;101;EM Entrada mercador.;180035150;1003291;5000254710;2;04/03/2026;10/03/2026;10/03/2026;10:22:55;8;318.204,00;INVT;EST_INV_AME;MDCOSTA;;;;;;;;;8;UN;CDFL - CD FLORES;;0;8;8;AMEN;;;;0;0;0;;0;0;;;B;;;;0;UN;2026;;;S;WE;0;BRL;;;0;0;UN;UN;22.274,28;0;;
CDFL;4500139117;;;50;0;0;400243;TRAFO AER 3F 15KV 150KVA 220/127V 7TP;101;EM Entrada mercador.;180035011;1003291;5000253418;3;24/02/2026;02/03/2026;02/03/2026;10:52:16;3;119.326,50;INVT;EST_INV_AME;MDCOSTA;;;;;;;;;3;UN;CDFL - CD FLORES;;0;3;3;AMEN;;;;0;0;0;;0;0;;;B;;;;0;UN;2026;;;S;WE;0;BRL;;;0;0;UN;UN;8.352,86;0;;
CDFL;4500139117;;;50;0;0;400243;TRAFO AER 3F 15KV 150KVA 220/127V 7TP;101;EM Entrada mercador.;180035010;1003291;5000253417;1;24/02/2026;02/03/2026;02/03/2026;10:48:46;8;318.204,00;INVT;EST_INV_AME;MDCOSTA;;;;;;;;;8;UN;CDFL - CD FLORES;;0;8;8;AMEN;;;;0;0;0;;0;0;;;B;;;;0;UN;2026;;;S;WE;0;BRL;;;0;0;UN;UN;22.274,28;0;;
CDFL;4500129073;;;50;0;0;400243;TRAFO AER 3F 15KV 150KVA 220/127V 7TP;101;EM Entrada mercador.;180034068;1003291;5000241648;2;04/12/2025;15/12/2025;15/12/2025;08:09:03;1;39.775,50;INVT;EST_INV_AME;MDCOSTA;;;;;;;;;1;UN;CDFL - CD FLORES;;0;1;1;AMEN;;;;0;0;0;;0;0;;;B;;;;0;UN;2025;;;S;WE;0;BRL;;;0;0;UN;UN;2.784,29;0;;
CDFL;4500121355;;;60;0;0;400243;TRAFO AER 3F 15KV 150KVA 220/127V 7TP;101;EM Entrada mercador.;180034069;1003291;5000241652;1;09/12/2025;15/12/2025;15/12/2025;08:13:09;1;39.775,50;INVT;EST_INV_AME;MDCOSTA;;;;;;;;;1;UN;CDFL - CD FLORES;;0;1;1;AMEN;;;;0;0;0;;0;0;;;B;;;;0;UN;2025;;;S;WE;0;BRL;;;0;0;UN;UN;2.784,29;0;;
CDFL;4500125193;;;60;0;0;400243;TRAFO AER 3F 15KV 150KVA 220/127V 7TP;101;EM Entrada mercador.;180034021;1003291;5000240951;2;04/12/2025;11/12/2025;11/12/2025;08:07:12;1;39.775,50;INVT;EST_INV_AME;MDCOSTA;;;;;;;;;1;UN;CDFL - CD FLORES;;0;1;1;AMEN;;;;0;0;0;;0;0;;;B;;;;0;UN;2025;;;S;WE;0;BRL;;;0;0;UN;UN;2.784,29;0;;
CDFL;4500125193;;;60;0;0;400243;TRAFO AER 3F 15KV 150KVA 220/127V 7TP;101;EM Entrada mercador.;180033829;1003291;5000236826;2;13/11/2025;19/11/2025;19/11/2025;08:56:46;2;79.551,00;INVT;EST_INV_AME;MDCOSTA;;;;;;;;;2;UN;CDFL - CD FLORES;;0;2;2;AMEN;;;;0;0;0;;0;0;;;B;;;;0;UN;2025;;;S;WE;0;BRL;;;0;0;UN;UN;5.568,57;0;;
CDFL;4500121355;;;60;0;0;400243;TRAFO AER 3F 15KV 150KVA 220/127V 7TP;101;EM Entrada mercador.;180033831;1003291;5000236839;1;13/11/2025;19/11/2025;19/11/2025;09:14:05;1;39.775,50;INVT;EST_INV_AME;MDCOSTA;;;;;;;;;1;UN;CDFL - CD FLORES;;0;1;1;AMEN;;;;0;0;0;;0;0;;;B;;;;0;UN;2025;;;S;WE;0;BRL;;;0;0;UN;UN;2.784,29;0;;
CDFL;4500121355;;;60;0;0;400243;TRAFO AER 3F 15KV 150KVA 220/127V 7TP;101;EM Entrada mercador.;180033786;1003291;5000236398;2;07/11/2025;17/11/2025;17/11/2025;15:45:03;3;119.326,50;INVT;EST_INV_AME;LPEIXOTO;;;;;;;;;3;UN;CDFL - CD FLORES;;0;3;3;AMEN;;;;0;0;0;;0;0;;;B;;;;0;UN;2025;;;S;WE;0;BRL;;;0;0;UN;UN;8.352,86;0;;
CDFL;4500125193;;;60;0;0;400243;TRAFO AER 3F 15KV 150KVA 220/127V 7TP;101;EM Entrada mercador.;180033699;1003291;5000235744;1;05/11/2025;12/11/2025;12/11/2025;15:09:12;8;318.204,00;INVT;EST_INV_AME;MDCOSTA;;;;;;;;;8;UN;CDFL - CD FLORES;;0;8;8;AMEN;;;;0;0;0;;0;0;;;B;;;;0;UN;2025;;;S;WE;0;BRL;;;0;0;UN;UN;22.274,28;0;;
CDFL;4500125193;;;60;0;0;400243;TRAFO AER 3F 15KV 150KVA 220/127V 7TP;101;EM Entrada mercador.;180033701;1003291;5000235749;2;05/11/2025;12/11/2025;12/11/2025;15:27:22;7;278.428,50;INVT;EST_INV_AME;MDCOSTA;;;;;;;;;7;UN;CDFL - CD FLORES;;0;7;7;AMEN;;;;0;0;0;;0;0;;;B;;;;0;UN;2025;;;S;WE;0;BRL;;;0;0;UN;UN;19.490,00;0;;
CDFL;4500121355;;;60;0;0;400243;TRAFO AER 3F 15KV 150KVA 220/127V 7TP;101;EM Entrada mercador.;180033376;1003291;5000232963;1;13/10/2025;21/10/2025;21/10/2025;07:53:30;3;119.326,50;INVT;EST_INV_AME;MDCOSTA;;;;;;;;;3;UN;CDFL - CD FLORES;;0;3;3;AMEN;;;;0;0;0;;0;0;;;B;;;;0;UN;2025;;;S;WE;0;BRL;;;0;0;UN;UN;8.352,86;0;;
CDFL;4500121355;;;60;0;0;400243;TRAFO AER 3F 15KV 150KVA 220/127V 7TP;101;EM Entrada mercador.;180033381;1003291;5000232997;1;13/10/2025;21/10/2025;21/10/2025;09:07:46;2;79.551,00;INVT;EST_INV_AME;MDCOSTA;;;;;;;;;2;UN;CDFL - CD FLORES;;0;2;2;AMEN;;;;0;0;0;;0;0;;;B;;;;0;UN;2025;;;S;WE;0;BRL;;;0;0;UN;UN;5.568,57;0;;
CDFL;4500121355;;;60;0;0;400243;TRAFO AER 3F 15KV 150KVA 220/127V 7TP;101;EM Entrada mercador.;180033312;1003291;5000232013;1;06/10/2025;17/10/2025;17/10/2025;07:49:50;5;198.877,50;INVT;EST_INV_AME;MDCOSTA;;;;;;;;;5;UN;CDFL - CD FLORES;;0;5;5;AMEN;;;;0;0;0;;0;0;;;B;;;;0;UN;2025;;;S;WE;0;BRL;;;0;0;UN;UN;13.921,43;0;;
CDFL;4500121355;;;60;0;0;400243;TRAFO AER 3F 15KV 150KVA 220/127V 7TP;101;EM Entrada mercador.;180033230;1003291;5000230761;2;03/10/2025;13/10/2025;13/10/2025;08:36:06;4;159.102,00;INVT;EST_INV_AME;MDCOSTA;;;;;;;;;4;UN;CDFL - CD FLORES;;0;4;4;AMEN;;;;0;0;0;;0;0;;;B;;;;0;UN;2025;;;S;WE;0;BRL;;;0;0;UN;UN;11.137,14;0;;
CDFL;4500121355;;;60;0;0;400243;TRAFO AER 3F 15KV 150KVA 220/127V 7TP;101;EM Entrada mercador.;180033229;1003291;5000230759;1;03/10/2025;13/10/2025;13/10/2025;08:33:42;5;198.877,50;INVT;EST_INV_AME;MDCOSTA;;;;;;;;;5;UN;CDFL - CD FLORES;;0;5;5;AMEN;;;;0;0;0;;0;0;;;B;;;;0;UN;2025;;;S;WE;0;BRL;;;0;0;UN;UN;13.921,43;0;;
CDFL;4500121355;;;60;0;0;400243;TRAFO AER 3F 15KV 150KVA 220/127V 7TP;101;EM Entrada mercador.;180033156;1003291;5000230120;1;29/09/2025;08/10/2025;08/10/2025;07:58:25;7;278.428,50;INVT;EST_INV_AME;MDCOSTA;;;;;;;;;7;UN;CDFL - CD FLORES;;0;7;7;AMEN;;;;0;0;0;;0;0;;;B;;;;0;UN;2025;;;S;WE;0;BRL;;;0;0;UN;UN;19.490,00;0;;
CDFL;4500121355;;;60;0;0;400243;TRAFO AER 3F 15KV 150KVA 220/127V 7TP;101;EM Entrada mercador.;180033155;1003291;5000230119;1;29/09/2025;08/10/2025;08/10/2025;07:55:05;7;278.428,50;INVT;EST_INV_AME;MDCOSTA;;;;;;;;;7;UN;CDFL - CD FLORES;;0;7;7;AMEN;;;;0;0;0;;0;0;;;B;;;;0;UN;2025;;;S;WE;0;BRL;;;0;0;UN;UN;19.490,00;0;;
CDFL;4500112240;;;80;0;0;400243;TRAFO AER 3F 15KV 150KVA 220/127V 7TP;101;EM Entrada mercador.;180032565;1003291;5000222682;1;27/08/2025;02/09/2025;02/09/2025;09:49:12;1;39.775,50;INVT;EST_INV_AME;MDCOSTA;;;;;;;;;1;UN;CDFL - CD FLORES;;0;1;1;AMEN;;;;0;0;0;;0;0;;;B;;;;0;UN;2025;;;S;WE;0;BRL;;;0;0;UN;UN;2.784,29;0;;
CDFL;4500112240;;;80;0;0;400243;TRAFO AER 3F 15KV 150KVA 220/127V 7TP;101;EM Entrada mercador.;180032565;1003291;5000222682;2;27/08/2025;02/09/2025;02/09/2025;09:49:12;1;39.775,50;INVT;EST_INV_AME;MDCOSTA;;;;;;;;;1;UN;CDFL - CD FLORES;;0;1;1;AMEN;;;;0;0;0;;0;0;;;B;;;;0;UN;2025;;;S;WE;0;BRL;;;0;0;UN;UN;2.784,29;0;;
CDFL;4500114957;;;70;0;0;400243;TRAFO AER 3F 15KV 150KVA 220/127V 7TP;101;EM Entrada mercador.;180032567;1003291;5000222693;2;26/08/2025;02/09/2025;02/09/2025;10:03:26;1;39.775,50;INVT;EST_INV_AME;MDCOSTA;;;;;;;;;1;UN;CDFL - CD FLORES;;0;1;1;AMEN;;;;0;0;0;;0;0;;;B;;;;0;UN;2025;;;S;WE;0;BRL;;;0;0;UN;UN;2.784,29;0;;
CDFL;4500114957;;;70;0;0;400243;TRAFO AER 3F 15KV 150KVA 220/127V 7TP;101;EM Entrada mercador.;180032236;1003291;5000219083;1;05/08/2025;13/08/2025;13/08/2025;08:22:22;5;198.877,50;INVT;EST_INV_AME;MDCOSTA;;;;;;;;;5;UN;CDFL - CD FLORES;;0;5;5;AMEN;;;;0;0;0;;0;0;;;B;;;;0;UN;2025;;;S;WE;0;BRL;;;0;0;UN;UN;13.921,43;0;;
CDFL;4500114957;;;70;0;0;400243;TRAFO AER 3F 15KV 150KVA 220/127V 7TP;101;EM Entrada mercador.;180032153;1003291;5000218752;1;31/07/2025;11/08/2025;11/08/2025;10:19:36;6;238.653,00;INVT;EST_INV_AME;MDCOSTA;;;;;;;;;6;UN;CDFL - CD FLORES;;0;6;6;AMEN;;;;0;0;0;;0;0;;;B;;;;0;UN;2025;;;S;WE;0;BRL;;;0;0;UN;UN;16.705,71;0;;
CDFL;4500114957;;;70;0;0;400243;TRAFO AER 3F 15KV 150KVA 220/127V 7TP;101;EM Entrada mercador.;180032155;1003291;5000218754;1;31/07/2025;11/08/2025;11/08/2025;10:21:35;5;198.877,50;INVT;EST_INV_AME;MDCOSTA;;;;;;;;;5;UN;CDFL - CD FLORES;;0;5;5;AMEN;;;;0;0;0;;0;0;;;B;;;;0;UN;2025;;;S;WE;0;BRL;;;0;0;UN;UN;13.921,43;0;;
CDFL;4500114957;;;70;0;0;400243;TRAFO AER 3F 15KV 150KVA 220/127V 7TP;101;EM Entrada mercador.;180032064;1003291;5000217829;2;28/07/2025;06/08/2025;06/08/2025;14:09:20;4;159.102,00;INVT;EST_INV_AME;MDCOSTA;;;;;;;;;4;UN;CDFL - CD FLORES;;0;4;4;AMEN;;;;0;0;0;;0;0;;;B;;;;0;UN;2025;;;S;WE;0;BRL;;;0;0;UN;UN;11.137,14;0;;
CDFL;4500114957;;;70;0;0;400243;TRAFO AER 3F 15KV 150KVA 220/127V 7TP;101;EM Entrada mercador.;180032063;1003291;5000217825;1;28/07/2025;06/08/2025;06/08/2025;11:25:45;6;238.653,00;INVT;EST_INV_AME;MDCOSTA;;;;;;;;;6;UN;CDFL - CD FLORES;;0;6;6;AMEN;;;;0;0;0;;0;0;;;B;;;;0;UN;2025;;;S;WE;0;BRL;;;0;0;UN;UN;16.705,71;0;;
CDFL;4500114957;;;70;0;0;400243;TRAFO AER 3F 15KV 150KVA 220/127V 7TP;101;EM Entrada mercador.;180032015;1003291;5000217561;1;28/07/2025;04/08/2025;04/08/2025;08:32:33;6;238.653,00;INVT;EST_INV_AME;MDCOSTA;;;;;;;;;6;UN;CDFL - CD FLORES;;0;6;6;AMEN;;;;0;0;0;;0;0;;;B;;;;0;UN;2025;;;S;WE;0;BRL;;;0;0;UN;UN;16.705,71;0;;
CDFL;4500114957;;;70;0;0;400243;TRAFO AER 3F 15KV 150KVA 220/127V 7TP;101;EM Entrada mercador.;180032021;1003291;5000217577;1;28/07/2025;04/08/2025;04/08/2025;09:26:35;6;238.653,00;INVT;EST_INV_AME;MDCOSTA;;;;;;;;;6;UN;CDFL - CD FLORES;;0;6;6;AMEN;;;;0;0;0;;0;0;;;B;;;;0;UN;2025;;;S;WE;0;BRL;;;0;0;UN;UN;16.705,71;0;;
CDFL;4500114957;;;70;0;0;400243;TRAFO AER 3F 15KV 150KVA 220/127V 7TP;101;EM Entrada mercador.;180032001;1003291;5000217367;1;25/07/2025;01/08/2025;01/08/2025;09:24:11;6;238.653,00;INVT;EST_INV_AME;MDCOSTA;;;;;;;;;6;UN;CDFL - CD FLORES;;0;6;6;AMEN;;;;0;0;0;;0;0;;;B;;;;0;UN;2025;;;S;WE;0;BRL;;;0;0;UN;UN;16.705,71;0;;
CDFL;4500114957;;;70;0;0;400243;TRAFO AER 3F 15KV 150KVA 220/127V 7TP;101;EM Entrada mercador.;180032000;1003291;5000217359;1;25/07/2025;01/08/2025;01/08/2025;09:16:59;6;238.653,00;INVT;EST_INV_AME;MDCOSTA;;;;;;;;;6;UN;CDFL - CD FLORES;;0;6;6;AMEN;;;;0;0;0;;0;0;;;B;;;;0;UN;2025;;;S;WE;0;BRL;;;0;0;UN;UN;16.705,71;0;;
CDFL;4500114957;;;70;0;0;400243;TRAFO AER 3F 15KV 150KVA 220/127V 7TP;101;EM Entrada mercador.;180032003;1003291;5000217382;2;25/07/2025;01/08/2025;01/08/2025;09:39:20;2;79.551,00;INVT;EST_INV_AME;MDCOSTA;;;;;;;;;2;UN;CDFL - CD FLORES;;0;2;2;AMEN;;;;0;0;0;;0;0;;;B;;;;0;UN;2025;;;S;WE;0;BRL;;;0;0;UN;UN;5.568,57;0;;
CDFL;4500114957;;;70;0;0;400243;TRAFO AER 3F 15KV 150KVA 220/127V 7TP;101;EM Entrada mercador.;180031980;1003291;5000217127;2;21/07/2025;30/07/2025;30/07/2025;09:22:46;2;79.551,00;INVT;EST_INV_AME;MDCOSTA;;;;;;;;;2;UN;CDFL - CD FLORES;;0;2;2;AMEN;;;;0;0;0;;0;0;;;B;;;;0;UN;2025;;;S;WE;0;BRL;;;0;0;UN;UN;5.568,57;0;;
CDFL;4500114957;;;70;0;0;400243;TRAFO AER 3F 15KV 150KVA 220/127V 7TP;101;EM Entrada mercador.;180031956;1003291;5000217002;1;23/07/2025;29/07/2025;29/07/2025;09:00:26;5;198.877,50;INVT;EST_INV_AME;MDCOSTA;;;;;;;;;5;UN;CDFL - CD FLORES;;0;5;5;AMEN;;;;0;0;0;;0;0;;;B;;;;0;UN;2025;;;S;WE;0;BRL;;;0;0;UN;UN;13.921,43;0;;
CDFL;4500114957;;;70;0;0;400243;TRAFO AER 3F 15KV 150KVA 220/127V 7TP;101;EM Entrada mercador.;180031960;1003291;5000217007;1;23/07/2025;29/07/2025;29/07/2025;09:15:58;5;198.877,50;INVT;EST_INV_AME;MDCOSTA;;;;;;;;;5;UN;CDFL - CD FLORES;;0;5;5;AMEN;;;;0;0;0;;0;0;;;B;;;;0;UN;2025;;;S;WE;0;BRL;;;0;0;UN;UN;13.921,43;0;;
CDFL;4500112240;;;80;0;0;400243;TRAFO AER 3F 15KV 150KVA 220/127V 7TP;101;EM Entrada mercador.;180031899;1003291;5000216789;1;18/07/2025;25/07/2025;25/07/2025;08:20:55;1;39.775,50;INVT;EST_INV_AME;MDCOSTA;;;;;;;;;1;UN;CDFL - CD FLORES;;0;1;1;AMEN;;;;0;0;0;;0;0;;;B;;;;0;UN;2025;;;S;WE;0;BRL;;;0;0;UN;UN;2.784,29;0;;
CDFL;4500112240;;;80;0;0;400243;TRAFO AER 3F 15KV 150KVA 220/127V 7TP;101;EM Entrada mercador.;180031886;1003291;5000216753;1;17/07/2025;24/07/2025;24/07/2025;11:15:57;6;238.653,00;INVT;EST_INV_AME;MDCOSTA;;;;;;;;;6;UN;CDFL - CD FLORES;;0;6;6;AMEN;;;;0;0;0;;0;0;;;B;;;;0;UN;2025;;;S;WE;0;BRL;;;0;0;UN;UN;16.705,71;0;;
CDFL;4500112240;;;80;0;0;400243;TRAFO AER 3F 15KV 150KVA 220/127V 7TP;101;EM Entrada mercador.;180031821;1003291;5000216264;1;16/07/2025;21/07/2025;21/07/2025;15:43:49;5;198.877,50;INVT;EST_INV_AME;MDCOSTA;;;;;;;;;5;UN;CDFL - CD FLORES;;0;5;5;AMEN;;;;0;0;0;;0;0;;;B;;;;0;UN;2025;;;S;WE;0;BRL;;;0;0;UN;UN;13.921,43;0;;
CDFL;4500112240;;;80;0;0;400243;TRAFO AER 3F 15KV 150KVA 220/127V 7TP;101;EM Entrada mercador.;180031649;1003291;5000213863;2;03/07/2025;08/07/2025;08/07/2025;15:57:35;7;278.428,50;INVT;EST_INV_AME;MDCOSTA;;;;;;;;;7;UN;CDFL - CD FLORES;;0;7;7;AMEN;;;;0;0;0;;0;0;;;B;;;;0;UN;2025;;;S;WE;0;BRL;;;0;0;UN;UN;19.490,00;0;;
CDFL;4500144983;;;80;0;0;400288;TRAFO AER 3F 15KV 112,5KVA 220/127V 7TP;101;EM Entrada mercador.;180036114;1003291;5000266271;2;22/05/2026;27/05/2026;27/05/2026;08:05:41;8; R$ 230.616,56 ;INVT;EST_INV_AME;MDCOSTA;;;;;;;;;8;UN;CDFL - CD FLORES;;0;8;8;AMEN;;;;0;0;0;;0;0;;;B;;;;0;UN;2026;;;S;WE;0;BRL;;;0;0;UN;UN;16.143,16;0;;
CDFL;4500144983;;;80;0;0;400288;TRAFO AER 3F 15KV 112,5KVA 220/127V 7TP;101;EM Entrada mercador.;180036136;1003291;5000266294;3;20/05/2026;27/05/2026;27/05/2026;14:22:22;15; R$ 432.406,05 ;INVT;EST_INV_AME;MDCOSTA;;;;;;;;;15;UN;CDFL - CD FLORES;;0;15;15;AMEN;;;;0;0;0;;0;0;;;B;;;;0;UN;2026;;;S;WE;0;BRL;;;0;0;UN;UN;30.268,42;0;;
CDFL;4500144983;;;80;0;0;400288;TRAFO AER 3F 15KV 112,5KVA 220/127V 7TP;101;EM Entrada mercador.;180036139;1003291;5000266299;3;19/05/2026;27/05/2026;27/05/2026;14:31:59;5; R$ 144.135,35 ;INVT;EST_INV_AME;MDCOSTA;;;;;;;;;5;UN;CDFL - CD FLORES;;0;5;5;AMEN;;;;0;0;0;;0;0;;;B;;;;0;UN;2026;;;S;WE;0;BRL;;;0;0;UN;UN;10.089,47;0;;
CDFL;4500144983;;;80;0;0;400288;TRAFO AER 3F 15KV 112,5KVA 220/127V 7TP;101;EM Entrada mercador.;180036141;1003291;5000266301;2;20/05/2026;27/05/2026;27/05/2026;14:36:33;1; R$ 28.827,07 ;INVT;EST_INV_AME;MDCOSTA;;;;;;;;;1;UN;CDFL - CD FLORES;;0;1;1;AMEN;;;;0;0;0;;0;0;;;B;;;;0;UN;2026;;;S;WE;0;BRL;;;0;0;UN;UN;2.017,89;0;;
CDFL;4500144983;;;80;0;0;400288;TRAFO AER 3F 15KV 112,5KVA 220/127V 7TP;101;EM Entrada mercador.;180036063;1003291;5000266036;1;18/05/2026;22/05/2026;22/05/2026;07:46:56;1; R$ 28.827,07 ;INVT;EST_INV_AME;LPEIXOTO;;;;;;;;;1;UN;CDFL - CD FLORES;;0;1;1;AMEN;;;;0;0;0;;0;0;;;B;;;;0;UN;2026;;;S;WE;0;BRL;;;0;0;UN;UN;2.017,89;0;;
CDFL;4500144983;;;80;0;0;400288;TRAFO AER 3F 15KV 112,5KVA 220/127V 7TP;101;EM Entrada mercador.;180036021;1003291;5000265137;1;11/05/2026;19/05/2026;19/05/2026;16:05:32;1; R$ 28.827,07 ;INVT;EST_INV_AME;LPEIXOTO;;;;;;;;;1;UN;CDFL - CD FLORES;;0;1;1;AMEN;;;;0;0;0;;0;0;;;B;;;;0;UN;2026;;;S;WE;0;BRL;;;0;0;UN;UN;2.017,89;0;;
CDFL;4500144983;;;80;0;0;400288;TRAFO AER 3F 15KV 112,5KVA 220/127V 7TP;101;EM Entrada mercador.;180035863;1003291;5000262925;1;30/04/2026;08/05/2026;08/05/2026;10:35:43;3; R$ 86.481,21 ;INVT;EST_INV_AME;LPEIXOTO;;;;;;;;;3;UN;CDFL - CD FLORES;;0;3;3;AMEN;;;;0;0;0;;0;0;;;B;;;;0;UN;2026;;;S;WE;0;BRL;;;0;0;UN;UN;6.053,68;0;;
CDFL;4500144983;;;80;0;0;400288;TRAFO AER 3F 15KV 112,5KVA 220/127V 7TP;101;EM Entrada mercador.;180035860;1003291;5000262893;2;29/04/2026;08/05/2026;08/05/2026;10:12:41;2; R$ 57.654,14 ;INVT;EST_INV_AME;LPEIXOTO;;;;;;;;;2;UN;CDFL - CD FLORES;;0;2;2;AMEN;;;;0;0;0;;0;0;;;B;;;;0;UN;2026;;;S;WE;0;BRL;;;0;0;UN;UN;4.035,79;0;;
CDFL;4500144983;;;80;0;0;400288;TRAFO AER 3F 15KV 112,5KVA 220/127V 7TP;101;EM Entrada mercador.;180035859;1003291;5000262889;1;28/04/2026;08/05/2026;08/05/2026;09:58:54;1; R$ 28.827,07 ;INVT;EST_INV_AME;LPEIXOTO;;;;;;;;;1;UN;CDFL - CD FLORES;;0;1;1;AMEN;;;;0;0;0;;0;0;;;B;;;;0;UN;2026;;;S;WE;0;BRL;;;0;0;UN;UN;2.017,89;0;;
CDFL;4500144983;;;80;0;0;400288;TRAFO AER 3F 15KV 112,5KVA 220/127V 7TP;101;EM Entrada mercador.;180035858;1003291;5000262888;1;28/04/2026;08/05/2026;08/05/2026;09:52:34;2; R$ 57.654,14 ;INVT;EST_INV_AME;LPEIXOTO;;;;;;;;;2;UN;CDFL - CD FLORES;;0;2;2;AMEN;;;;0;0;0;;0;0;;;B;;;;0;UN;2026;;;S;WE;0;BRL;;;0;0;UN;UN;4.035,79;0;;
CDFL;4500144983;;;80;0;0;400288;TRAFO AER 3F 15KV 112,5KVA 220/127V 7TP;101;EM Entrada mercador.;180035788;1003291;5000261816;1;24/04/2026;30/04/2026;30/04/2026;10:50:19;5;144.135,35;INVT;EST_INV_AME;MDCOSTA;;;;;;;;;5;UN;CDFL - CD FLORES;;0;5;5;AMEN;;;;0;0;0;;0;0;;;B;;;;0;UN;2026;;;S;WE;0;BRL;;;0;0;UN;UN;10.089,47;0;;
CDFL;4500144983;;;80;0;0;400288;TRAFO AER 3F 15KV 112,5KVA 220/127V 7TP;101;EM Entrada mercador.;180035718;1003291;5000261576;1;23/04/2026;24/04/2026;24/04/2026;11:33:24;18;518.887,26;INVT;EST_INV_AME;MDCOSTA;;;;;;;;;18;UN;CDFL - CD FLORES;;0;18;18;AMEN;;;;0;0;0;;0;0;;;B;;;;0;UN;2026;;;S;WE;0;BRL;;;0;0;UN;UN;36.322,11;0;;
CDFL;4500125193;;;50;0;0;400288;TRAFO AER 3F 15KV 112,5KVA 220/127V 7TP;101;EM Entrada mercador.;180035269;1003291;5000256503;2;16/03/2026;18/03/2026;18/03/2026;09:24:53;3;86.481,21;INVT;EST_INV_AME;MDCOSTA;;;;;;;;;3;UN;CDFL - CD FLORES;;0;3;3;AMEN;;;;0;0;0;;0;0;;;B;;;;0;UN;2026;;;S;WE;0;BRL;;;0;0;UN;UN;6.053,68;0;;
CDFL;4500125193;;;50;0;0;400288;TRAFO AER 3F 15KV 112,5KVA 220/127V 7TP;101;EM Entrada mercador.;180035269;1003291;5000256503;1;16/03/2026;18/03/2026;18/03/2026;09:24:53;1;28.827,07;INVT;EST_INV_AME;MDCOSTA;;;;;;;;;1;UN;CDFL - CD FLORES;;0;1;1;AMEN;;;;0;0;0;;0;0;;;B;;;;0;UN;2026;;;S;WE;0;BRL;;;0;0;UN;UN;2.017,89;0;;
CDFL;4500129073;;;40;0;0;400288;TRAFO AER 3F 15KV 112,5KVA 220/127V 7TP;101;EM Entrada mercador.;180034734;1003291;5000250005;1;04/02/2026;10/02/2026;10/02/2026;11:12:18;1;28.827,07;INVT;EST_INV_AME;MDCOSTA;;;;;;;;;1;UN;CDFL - CD FLORES;;0;1;1;AMEN;;;;0;0;0;;0;0;;;B;;;;0;UN;2026;;;S;WE;0;BRL;;;0;0;UN;UN;2.017,89;0;;
CDFL;4500125193;;;50;0;0;400288;TRAFO AER 3F 15KV 112,5KVA 220/127V 7TP;101;EM Entrada mercador.;180034465;1003291;5000247589;2;30/12/2025;21/01/2026;23/01/2026;14:16:57;1;28.827,07;INVT;EST_INV_AME;MDCOSTA;;;;;;;;;1;UN;CDFL - CD FLORES;;0;1;1;AMEN;;;;0;0;0;;0;0;;;B;;;;0;UN;2026;;;S;WE;0;BRL;;;0;0;UN;UN;2.017,89;0;;
CDFL;4500125193;;;50;0;0;400288;TRAFO AER 3F 15KV 112,5KVA 220/127V 7TP;101;EM Entrada mercador.;180034465;1003291;5000247589;1;30/12/2025;21/01/2026;23/01/2026;14:16:57;2;57.654,14;INVT;EST_INV_AME;MDCOSTA;;;;;;;;;2;UN;CDFL - CD FLORES;;0;2;2;AMEN;;;;0;0;0;;0;0;;;B;;;;0;UN;2026;;;S;WE;0;BRL;;;0;0;UN;UN;4.035,79;0;;
CDFL;4500129073;;;40;0;0;400288;TRAFO AER 3F 15KV 112,5KVA 220/127V 7TP;101;EM Entrada mercador.;180034068;1003291;5000241648;1;04/12/2025;15/12/2025;15/12/2025;08:09:03;3;86.481,21;INVT;EST_INV_AME;MDCOSTA;;;;;;;;;3;UN;CDFL - CD FLORES;;0;3;3;AMEN;;;;0;0;0;;0;0;;;B;;;;0;UN;2025;;;S;WE;0;BRL;;;0;0;UN;UN;6.053,68;0;;
CDFL;4500121355;;;50;0;0;400288;TRAFO AER 3F 15KV 112,5KVA 220/127V 7TP;101;EM Entrada mercador.;180034020;1003291;5000240950;1;04/12/2025;11/12/2025;11/12/2025;08:03:15;1;28.827,07;INVT;EST_INV_AME;MDCOSTA;;;;;;;;;1;UN;CDFL - CD FLORES;;0;1;1;AMEN;;;;0;0;0;;0;0;;;B;;;;0;UN;2025;;;S;WE;0;BRL;;;0;0;UN;UN;2.017,89;0;;
CDFL;4500129073;;;40;0;0;400288;TRAFO AER 3F 15KV 112,5KVA 220/127V 7TP;101;EM Entrada mercador.;180034019;1003291;5000240949;1;04/12/2025;11/12/2025;11/12/2025;07:59:55;7;201.789,49;INVT;EST_INV_AME;MDCOSTA;;;;;;;;;7;UN;CDFL - CD FLORES;;0;7;7;AMEN;;;;0;0;0;;0;0;;;B;;;;0;UN;2025;;;S;WE;0;BRL;;;0;0;UN;UN;14.125,26;0;;
CDFL;4500129073;;;40;0;0;400288;TRAFO AER 3F 15KV 112,5KVA 220/127V 7TP;101;EM Entrada mercador.;180034022;1003291;5000240953;1;04/12/2025;11/12/2025;11/12/2025;08:10:32;7;201.789,49;INVT;EST_INV_AME;MDCOSTA;;;;;;;;;7;UN;CDFL - CD FLORES;;0;7;7;AMEN;;;;0;0;0;;0;0;;;B;;;;0;UN;2025;;;S;WE;0;BRL;;;0;0;UN;UN;14.125,26;0;;
CDFL;4500125193;;;50;0;0;400288;TRAFO AER 3F 15KV 112,5KVA 220/127V 7TP;101;EM Entrada mercador.;180034021;1003291;5000240951;1;04/12/2025;11/12/2025;11/12/2025;08:07:12;7;201.789,49;INVT;EST_INV_AME;MDCOSTA;;;;;;;;;7;UN;CDFL - CD FLORES;;0;7;7;AMEN;;;;0;0;0;;0;0;;;B;;;;0;UN;2025;;;S;WE;0;BRL;;;0;0;UN;UN;14.125,26;0;;
CDFL;4500118240;;;40;0;0;400288;TRAFO AER 3F 15KV 112,5KVA 220/127V 7TP;101;EM Entrada mercador.;180033833;1003291;5000236845;1;07/11/2025;19/11/2025;19/11/2025;09:26:04;7;201.789,49;INVT;EST_INV_AME;MDCOSTA;;;;;;;;;7;UN;CDFL - CD FLORES;;0;7;7;AMEN;;;;0;0;0;;0;0;;;B;;;;0;UN;2025;;;S;WE;0;BRL;;;0;0;UN;UN;14.125,26;0;;
CDFL;4500125193;;;50;0;0;400288;TRAFO AER 3F 15KV 112,5KVA 220/127V 7TP;101;EM Entrada mercador.;180033829;1003291;5000236826;1;13/11/2025;19/11/2025;19/11/2025;08:56:46;3;86.481,21;INVT;EST_INV_AME;MDCOSTA;;;;;;;;;3;UN;CDFL - CD FLORES;;0;3;3;AMEN;;;;0;0;0;;0;0;;;B;;;;0;UN;2025;;;S;WE;0;BRL;;;0;0;UN;UN;6.053,68;0;;
CDFL;4500125193;;;50;0;0;400288;TRAFO AER 3F 15KV 112,5KVA 220/127V 7TP;101;EM Entrada mercador.;180033783;1003291;5000236389;1;07/11/2025;17/11/2025;17/11/2025;15:39:39;4;115.308,28;INVT;EST_INV_AME;LPEIXOTO;;;;;;;;;4;UN;CDFL - CD FLORES;;0;4;4;AMEN;;;;0;0;0;;0;0;;;B;;;;0;UN;2025;;;S;WE;0;BRL;;;0;0;UN;UN;8.071,58;0;;
CDFL;4500121355;;;50;0;0;400288;TRAFO AER 3F 15KV 112,5KVA 220/127V 7TP;101;EM Entrada mercador.;180033786;1003291;5000236398;1;07/11/2025;17/11/2025;17/11/2025;15:45:03;4;115.308,28;INVT;EST_INV_AME;LPEIXOTO;;;;;;;;;4;UN;CDFL - CD FLORES;;0;4;4;AMEN;;;;0;0;0;;0;0;;;B;;;;0;UN;2025;;;S;WE;0;BRL;;;0;0;UN;UN;8.071,58;0;;
CDFL;4500125193;;;50;0;0;400288;TRAFO AER 3F 15KV 112,5KVA 220/127V 7TP;101;EM Entrada mercador.;180033708;1003291;5000235799;1;05/11/2025;13/11/2025;13/11/2025;08:12:54;8;230.616,56;INVT;EST_INV_AME;MDCOSTA;;;;;;;;;8;UN;CDFL - CD FLORES;;0;8;8;AMEN;;;;0;0;0;;0;0;;;B;;;;0;UN;2025;;;S;WE;0;BRL;;;0;0;UN;UN;16.143,16;0;;
CDFL;4500125193;;;50;0;0;400288;TRAFO AER 3F 15KV 112,5KVA 220/127V 7TP;101;EM Entrada mercador.;180033703;1003291;5000235751;1;05/11/2025;12/11/2025;12/11/2025;15:34:21;6;172.962,42;INVT;EST_INV_AME;MDCOSTA;;;;;;;;;6;UN;CDFL - CD FLORES;;0;6;6;AMEN;;;;0;0;0;;0;0;;;B;;;;0;UN;2025;;;S;WE;0;BRL;;;0;0;UN;UN;12.107,37;0;;
CDFL;4500125193;;;50;0;0;400288;TRAFO AER 3F 15KV 112,5KVA 220/127V 7TP;101;EM Entrada mercador.;180033701;1003291;5000235749;1;05/11/2025;12/11/2025;12/11/2025;15:27:22;1;28.827,07;INVT;EST_INV_AME;MDCOSTA;;;;;;;;;1;UN;CDFL - CD FLORES;;0;1;1;AMEN;;;;0;0;0;;0;0;;;B;;;;0;UN;2025;;;S;WE;0;BRL;;;0;0;UN;UN;2.017,89;0;;
CDFL;4500125193;;;50;0;0;400288;TRAFO AER 3F 15KV 112,5KVA 220/127V 7TP;101;EM Entrada mercador.;180033702;1003291;5000235750;1;05/11/2025;12/11/2025;12/11/2025;15:31:57;6;172.962,42;INVT;EST_INV_AME;MDCOSTA;;;;;;;;;6;UN;CDFL - CD FLORES;;0;6;6;AMEN;;;;0;0;0;;0;0;;;B;;;;0;UN;2025;;;S;WE;0;BRL;;;0;0;UN;UN;12.107,37;0;;
CDFL;4500125193;;;50;0;0;400288;TRAFO AER 3F 15KV 112,5KVA 220/127V 7TP;101;EM Entrada mercador.;180033704;1003291;5000235752;1;05/11/2025;12/11/2025;12/11/2025;15:36:26;8;230.616,56;INVT;EST_INV_AME;MDCOSTA;;;;;;;;;8;UN;CDFL - CD FLORES;;0;8;8;AMEN;;;;0;0;0;;0;0;;;B;;;;0;UN;2025;;;S;WE;0;BRL;;;0;0;UN;UN;16.143,16;0;;
CDFL;4500121355;;;50;0;0;400288;TRAFO AER 3F 15KV 112,5KVA 220/127V 7TP;101;EM Entrada mercador.;180033230;1003291;5000230761;1;03/10/2025;13/10/2025;13/10/2025;08:36:06;2;57.654,14;INVT;EST_INV_AME;MDCOSTA;;;;;;;;;2;UN;CDFL - CD FLORES;;0;2;2;AMEN;;;;0;0;0;;0;0;;;B;;;;0;UN;2025;;;S;WE;0;BRL;;;0;0;UN;UN;4.035,79;0;;
CDFL;4500118240;;;40;0;0;400288;TRAFO AER 3F 15KV 112,5KVA 220/127V 7TP;101;EM Entrada mercador.;180033231;1003291;5000230763;1;03/10/2025;13/10/2025;13/10/2025;08:38:14;2;57.654,14;INVT;EST_INV_AME;MDCOSTA;;;;;;;;;2;UN;CDFL - CD FLORES;;0;2;2;AMEN;;;;0;0;0;;0;0;;;B;;;;0;UN;2025;;;S;WE;0;BRL;;;0;0;UN;UN;4.035,79;0;;
CDFL;4500121355;;;50;0;0;400288;TRAFO AER 3F 15KV 112,5KVA 220/127V 7TP;101;EM Entrada mercador.;180033158;1003291;5000230124;1;29/09/2025;08/10/2025;08/10/2025;08:16:27;8;230.616,56;INVT;EST_INV_AME;MDCOSTA;;;;;;;;;8;UN;CDFL - CD FLORES;;0;8;8;AMEN;;;;0;0;0;;0;0;;;B;;;;0;UN;2025;;;S;WE;0;BRL;;;0;0;UN;UN;16.143,16;0;;
CDFL;4500121355;;;50;0;0;400288;TRAFO AER 3F 15KV 112,5KVA 220/127V 7TP;101;EM Entrada mercador.;180033157;1003291;5000230122;1;29/09/2025;08/10/2025;08/10/2025;08:14:30;8;230.616,56;INVT;EST_INV_AME;MDCOSTA;;;;;;;;;8;UN;CDFL - CD FLORES;;0;8;8;AMEN;;;;0;0;0;;0;0;;;B;;;;0;UN;2025;;;S;WE;0;BRL;;;0;0;UN;UN;16.143,16;0;;
CDFL;4500121355;;;50;0;0;400288;TRAFO AER 3F 15KV 112,5KVA 220/127V 7TP;101;EM Entrada mercador.;180033081;1003291;5000229410;1;25/09/2025;02/10/2025;02/10/2025;08:11:05;7;201.789,49;INVT;EST_INV_AME;MDCOSTA;;;;;;;;;7;UN;CDFL - CD FLORES;;0;7;7;AMEN;;;;0;0;0;;0;0;;;B;;;;0;UN;2025;;;S;WE;0;BRL;;;0;0;UN;UN;14.125,26;0;;
CDFL;4500121355;;;50;0;0;400288;TRAFO AER 3F 15KV 112,5KVA 220/127V 7TP;101;EM Entrada mercador.;180033080;1003291;5000229409;1;25/09/2025;02/10/2025;02/10/2025;08:08:27;7;201.789,49;INVT;EST_INV_AME;MDCOSTA;;;;;;;;;7;UN;CDFL - CD FLORES;;0;7;7;AMEN;;;;0;0;0;;0;0;;;B;;;;0;UN;2025;;;S;WE;0;BRL;;;0;0;UN;UN;14.125,26;0;;
CDFL;4500118240;;;40;0;0;400288;TRAFO AER 3F 15KV 112,5KVA 220/127V 7TP;101;EM Entrada mercador.;180033014;1003291;5000228565;1;25/09/2025;29/09/2025;29/09/2025;09:45:07;5;144.135,35;INVT;EST_INV_AME;MDCOSTA;;;;;;;;;5;UN;CDFL - CD FLORES;;0;5;5;AMEN;;;;0;0;0;;0;0;;;B;;;;0;UN;2025;;;S;WE;0;BRL;;;0;0;UN;UN;10.089,47;0;;
CDFL;4500121355;;;50;0;0;400288;TRAFO AER 3F 15KV 112,5KVA 220/127V 7TP;101;EM Entrada mercador.;180033015;1003291;5000228567;1;23/09/2025;29/09/2025;29/09/2025;09:51:12;5;144.135,35;INVT;EST_INV_AME;MDCOSTA;;;;;;;;;5;UN;CDFL - CD FLORES;;0;5;5;AMEN;;;;0;0;0;;0;0;;;B;;;;0;UN;2025;;;S;WE;0;BRL;;;0;0;UN;UN;10.089,47;0;;
CDFL;4500121355;;;50;0;0;400288;TRAFO AER 3F 15KV 112,5KVA 220/127V 7TP;101;EM Entrada mercador.;180033016;1003291;5000228569;2;23/09/2025;29/09/2025;29/09/2025;09:55:07;4;115.308,28;INVT;EST_INV_AME;MDCOSTA;;;;;;;;;4;UN;CDFL - CD FLORES;;0;4;4;AMEN;;;;0;0;0;;0;0;;;B;;;;0;UN;2025;;;S;WE;0;BRL;;;0;0;UN;UN;8.071,58;0;;
CDFL;4500118240;;;40;0;0;400288;TRAFO AER 3F 15KV 112,5KVA 220/127V 7TP;101;EM Entrada mercador.;180032929;1003291;5000228131;1;19/09/2025;24/09/2025;24/09/2025;07:41:08;4;115.308,28;INVT;EST_INV_AME;MDCOSTA;;;;;;;;;4;UN;CDFL - CD FLORES;;0;4;4;AMEN;;;;0;0;0;;0;0;;;B;;;;0;UN;2025;;;S;WE;0;BRL;;;0;0;UN;UN;8.071,58;0;;
CDFL;4500118240;;;40;0;0;400288;TRAFO AER 3F 15KV 112,5KVA 220/127V 7TP;101;EM Entrada mercador.;180032930;1003291;5000228132;1;19/09/2025;24/09/2025;24/09/2025;07:43:26;5;144.135,35;INVT;EST_INV_AME;MDCOSTA;;;;;;;;;5;UN;CDFL - CD FLORES;;0;5;5;AMEN;;;;0;0;0;;0;0;;;B;;;;0;UN;2025;;;S;WE;0;BRL;;;0;0;UN;UN;10.089,47;0;;
CDFL;4500118240;;;40;0;0;400288;TRAFO AER 3F 15KV 112,5KVA 220/127V 7TP;101;EM Entrada mercador.;180032893;1003291;5000227516;1;16/09/2025;22/09/2025;22/09/2025;16:33:00;10;288.270,70;INVT;EST_INV_AME;MDCOSTA;;;;;;;;;10;UN;CDFL - CD FLORES;;0;10;10;AMEN;;;;0;0;0;;0;0;;;B;;;;0;UN;2025;;;S;WE;0;BRL;;;0;0;UN;UN;20.178,95;0;;
CDFL;4500114957;;;60;0;0;400288;TRAFO AER 3F 15KV 112,5KVA 220/127V 7TP;101;EM Entrada mercador.;180032821;1003291;5000225624;2;12/09/2025;16/09/2025;16/09/2025;15:04:27;1;28.827,07;INVT;EST_INV_AME;GRIBEIRO;;;;;;;;;1;UN;CDFL - CD FLORES;;0;1;1;AMEN;;;;0;0;0;;0;0;;;B;;;;0;UN;2025;;;S;WE;0;BRL;;;0;0;UN;UN;2.017,89;0;;
CDFL;4500114957;;;60;0;0;400288;TRAFO AER 3F 15KV 112,5KVA 220/127V 7TP;101;EM Entrada mercador.;180032821;1003291;5000225624;1;12/09/2025;16/09/2025;16/09/2025;15:04:27;4;115.308,28;INVT;EST_INV_AME;GRIBEIRO;;;;;;;;;4;UN;CDFL - CD FLORES;;0;4;4;AMEN;;;;0;0;0;;0;0;;;B;;;;0;UN;2025;;;S;WE;0;BRL;;;0;0;UN;UN;8.071,58;0;;
CDFL;4500118240;;;40;0;0;400288;TRAFO AER 3F 15KV 112,5KVA 220/127V 7TP;101;EM Entrada mercador.;180032824;1003291;5000225636;1;10/09/2025;16/09/2025;16/09/2025;15:18:17;11;317.097,77;INVT;EST_INV_AME;GRIBEIRO;;;;;;;;;11;UN;CDFL - CD FLORES;;0;11;11;AMEN;;;;0;0;0;;0;0;;;B;;;;0;UN;2025;;;S;WE;0;BRL;;;0;0;UN;UN;22.196,84;0;;
CDFL;4500118240;;;40;0;0;400288;TRAFO AER 3F 15KV 112,5KVA 220/127V 7TP;101;EM Entrada mercador.;180032723;1003291;5000225121;2;08/09/2025;12/09/2025;12/09/2025;14:53:43;1;28.827,07;INVT;EST_INV_AME;MDCOSTA;;;;;;;;;1;UN;CDFL - CD FLORES;;0;1;1;AMEN;;;;0;0;0;;0;0;;;B;;;;0;UN;2025;;;S;WE;0;BRL;;;0;0;UN;UN;2.017,89;0;;
CDFL;4500118240;;;40;0;0;400288;TRAFO AER 3F 15KV 112,5KVA 220/127V 7TP;101;EM Entrada mercador.;180032668;1003291;5000224234;2;04/09/2025;10/09/2025;10/09/2025;11:32:47;12;345.924,84;INVT;EST_INV_AME;MDCOSTA;;;;;;;;;12;UN;CDFL - CD FLORES;;0;12;12;AMEN;;;;0;0;0;;0;0;;;B;;;;0;UN;2025;;;S;WE;0;BRL;;;0;0;UN;UN;24.214,74;0;;
CDFL;4500118240;;;40;0;0;400288;TRAFO AER 3F 15KV 112,5KVA 220/127V 7TP;101;EM Entrada mercador.;180032665;1003291;5000224230;2;03/09/2025;10/09/2025;10/09/2025;11:25:06;10;288.270,70;INVT;EST_INV_AME;MDCOSTA;;;;;;;;;10;UN;CDFL - CD FLORES;;0;10;10;AMEN;;;;0;0;0;;0;0;;;B;;;;0;UN;2025;;;S;WE;0;BRL;;;0;0;UN;UN;20.178,95;0;;
CDFL;4500118240;;;40;0;0;400288;TRAFO AER 3F 15KV 112,5KVA 220/127V 7TP;101;EM Entrada mercador.;180032632;1003291;5000223458;1;28/08/2025;08/09/2025;08/09/2025;15:00:07;9;259.443,63;INVT;EST_INV_AME;MDCOSTA;;;;;;;;;9;UN;CDFL - CD FLORES;;0;9;9;AMEN;;;;0;0;0;;0;0;;;B;;;;0;UN;2025;;;S;WE;0;BRL;;;0;0;UN;UN;18.161,05;0;;
CDFL;4500118240;;;40;0;0;400288;TRAFO AER 3F 15KV 112,5KVA 220/127V 7TP;101;EM Entrada mercador.;180032629;1003291;5000223439;1;26/08/2025;08/09/2025;08/09/2025;14:36:12;10;288.270,70;INVT;EST_INV_AME;MDCOSTA;;;;;;;;;10;UN;CDFL - CD FLORES;;0;10;10;AMEN;;;;0;0;0;;0;0;;;B;;;;0;UN;2025;;;S;WE;0;BRL;;;0;0;UN;UN;20.178,95;0;;
CDFL;4500118240;;;40;0;0;400288;TRAFO AER 3F 15KV 112,5KVA 220/127V 7TP;101;EM Entrada mercador.;180032631;1003291;5000223444;2;28/08/2025;08/09/2025;08/09/2025;14:50:35;4;115.308,28;INVT;EST_INV_AME;MDCOSTA;;;;;;;;;4;UN;CDFL - CD FLORES;;0;4;4;AMEN;;;;0;0;0;;0;0;;;B;;;;0;UN;2025;;;S;WE;0;BRL;;;0;0;UN;UN;8.071,58;0;;
CDFL;4500114957;;;60;0;0;400288;TRAFO AER 3F 15KV 112,5KVA 220/127V 7TP;101;EM Entrada mercador.;180032567;1003291;5000222693;1;26/08/2025;02/09/2025;02/09/2025;10:03:26;5;144.135,35;INVT;EST_INV_AME;MDCOSTA;;;;;;;;;5;UN;CDFL - CD FLORES;;0;5;5;AMEN;;;;0;0;0;;0;0;;;B;;;;0;UN;2025;;;S;WE;0;BRL;;;0;0;UN;UN;10.089,47;0;;
CDFL;4500118240;;;40;0;0;400288;TRAFO AER 3F 15KV 112,5KVA 220/127V 7TP;101;EM Entrada mercador.;180032566;1003291;5000222687;1;27/08/2025;02/09/2025;02/09/2025;09:56:04;9;259.443,63;INVT;EST_INV_AME;MDCOSTA;;;;;;;;;9;UN;CDFL - CD FLORES;;0;9;9;AMEN;;;;0;0;0;;0;0;;;B;;;;0;UN;2025;;;S;WE;0;BRL;;;0;0;UN;UN;18.161,05;0;;
CDFL;4500118240;;;40;0;0;400288;TRAFO AER 3F 15KV 112,5KVA 220/127V 7TP;101;EM Entrada mercador.;180032410;1003291;5000221313;1;12/08/2025;25/08/2025;25/08/2025;10:37:10;8;230.616,56;INVT;EST_INV_AME;MDCOSTA;;;;;;;;;8;UN;CDFL - CD FLORES;;0;8;8;AMEN;;;;0;0;0;;0;0;;;B;;;;0;UN;2025;;;S;WE;0;BRL;;;0;0;UN;UN;16.143,16;0;;
CDFL;4500118240;;;40;0;0;400288;TRAFO AER 3F 15KV 112,5KVA 220/127V 7TP;101;EM Entrada mercador.;180032412;1003291;5000221315;1;12/08/2025;25/08/2025;25/08/2025;10:40:05;5;144.135,35;INVT;EST_INV_AME;MDCOSTA;;;;;;;;;5;UN;CDFL - CD FLORES;;0;5;5;AMEN;;;;0;0;0;;0;0;;;B;;;;0;UN;2025;;;S;WE;0;BRL;;;0;0;UN;UN;10.089,47;0;;
CDFL;4500114957;;;60;0;0;400288;TRAFO AER 3F 15KV 112,5KVA 220/127V 7TP;101;EM Entrada mercador.;180032246;1003291;5000219137;1;05/08/2025;13/08/2025;13/08/2025;10:53:02;7;201.789,49;INVT;EST_INV_AME;MDCOSTA;;;;;;;;;7;UN;CDFL - CD FLORES;;0;7;7;AMEN;;;;0;0;0;;0;0;;;B;;;;0;UN;2025;;;S;WE;0;BRL;;;0;0;UN;UN;14.125,26;0;;
CDFL;4500114957;;;60;0;0;400288;TRAFO AER 3F 15KV 112,5KVA 220/127V 7TP;101;EM Entrada mercador.;180032147;1003291;5000218743;2;31/07/2025;11/08/2025;11/08/2025;10:09:04;1;28.827,07;INVT;EST_INV_AME;MDCOSTA;;;;;;;;;1;UN;CDFL - CD FLORES;;0;1;1;AMEN;;;;0;0;0;;0;0;;;B;;;;0;UN;2025;;;S;WE;0;BRL;;;0;0;UN;UN;2.017,89;0;;
CDFL;4500114957;;;60;0;0;400288;TRAFO AER 3F 15KV 112,5KVA 220/127V 7TP;101;EM Entrada mercador.;180032148;1003291;5000218746;1;31/07/2025;11/08/2025;11/08/2025;10:12:51;10;288.270,70;INVT;EST_INV_AME;MDCOSTA;;;;;;;;;10;UN;CDFL - CD FLORES;;0;10;10;AMEN;;;;0;0;0;;0;0;;;B;;;;0;UN;2025;;;S;WE;0;BRL;;;0;0;UN;UN;20.178,95;0;;
CDFL;4500114957;;;60;0;0;400288;TRAFO AER 3F 15KV 112,5KVA 220/127V 7TP;101;EM Entrada mercador.;180032151;1003291;5000218750;1;31/07/2025;11/08/2025;11/08/2025;10:17:02;5;144.135,35;INVT;EST_INV_AME;MDCOSTA;;;;;;;;;5;UN;CDFL - CD FLORES;;0;5;5;AMEN;;;;0;0;0;;0;0;;;B;;;;0;UN;2025;;;S;WE;0;BRL;;;0;0;UN;UN;10.089,47;0;;
CDFL;4500114957;;;60;0;0;400288;TRAFO AER 3F 15KV 112,5KVA 220/127V 7TP;101;EM Entrada mercador.;180032066;1003291;5000217832;1;31/07/2025;06/08/2025;06/08/2025;14:16:17;6;172.962,42;INVT;EST_INV_AME;MDCOSTA;;;;;;;;;6;UN;CDFL - CD FLORES;;0;6;6;AMEN;;;;0;0;0;;0;0;;;B;;;;0;UN;2025;;;S;WE;0;BRL;;;0;0;UN;UN;12.107,37;0;;
CDFL;4500114957;;;60;0;0;400288;TRAFO AER 3F 15KV 112,5KVA 220/127V 7TP;101;EM Entrada mercador.;180032065;1003291;5000217830;1;31/07/2025;06/08/2025;06/08/2025;14:13:30;10;288.270,70;INVT;EST_INV_AME;MDCOSTA;;;;;;;;;10;UN;CDFL - CD FLORES;;0;10;10;AMEN;;;;0;0;0;;0;0;;;B;;;;0;UN;2025;;;S;WE;0;BRL;;;0;0;UN;UN;20.178,95;0;;
CDFL;4500114957;;;60;0;0;400288;TRAFO AER 3F 15KV 112,5KVA 220/127V 7TP;101;EM Entrada mercador.;180032064;1003291;5000217829;1;28/07/2025;06/08/2025;06/08/2025;14:09:20;2;57.654,14;INVT;EST_INV_AME;MDCOSTA;;;;;;;;;2;UN;CDFL - CD FLORES;;0;2;2;AMEN;;;;0;0;0;;0;0;;;B;;;;0;UN;2025;;;S;WE;0;BRL;;;0;0;UN;UN;4.035,79;0;;
CDFL;4500114957;;;60;0;0;400288;TRAFO AER 3F 15KV 112,5KVA 220/127V 7TP;101;EM Entrada mercador.;180032020;1003291;5000217571;1;28/07/2025;04/08/2025;04/08/2025;08:55:05;8;230.616,56;INVT;EST_INV_AME;MDCOSTA;;;;;;;;;8;UN;CDFL - CD FLORES;;0;8;8;AMEN;;;;0;0;0;;0;0;;;B;;;;0;UN;2025;;;S;WE;0;BRL;;;0;0;UN;UN;16.143,16;0;;
CDFL;4500114957;;;60;0;0;400288;TRAFO AER 3F 15KV 112,5KVA 220/127V 7TP;101;EM Entrada mercador.;180032022;1003291;5000217578;1;28/07/2025;04/08/2025;04/08/2025;09:29:54;3;86.481,21;INVT;EST_INV_AME;MDCOSTA;;;;;;;;;3;UN;CDFL - CD FLORES;;0;3;3;AMEN;;;;0;0;0;;0;0;;;B;;;;0;UN;2025;;;S;WE;0;BRL;;;0;0;UN;UN;6.053,68;0;;
CDFL;4500114957;;;60;0;0;400288;TRAFO AER 3F 15KV 112,5KVA 220/127V 7TP;101;EM Entrada mercador.;180032024;1003291;5000217579;1;28/07/2025;04/08/2025;04/08/2025;09:32:59;8;230.616,56;INVT;EST_INV_AME;MDCOSTA;;;;;;;;;8;UN;CDFL - CD FLORES;;0;8;8;AMEN;;;;0;0;0;;0;0;;;B;;;;0;UN;2025;;;S;WE;0;BRL;;;0;0;UN;UN;16.143,16;0;;
CDFL;4500114957;;;60;0;0;400288;TRAFO AER 3F 15KV 112,5KVA 220/127V 7TP;101;EM Entrada mercador.;180032025;1003291;5000217580;1;28/07/2025;04/08/2025;04/08/2025;09:37:08;8;230.616,56;INVT;EST_INV_AME;MDCOSTA;;;;;;;;;8;UN;CDFL - CD FLORES;;0;8;8;AMEN;;;;0;0;0;;0;0;;;B;;;;0;UN;2025;;;S;WE;0;BRL;;;0;0;UN;UN;16.143,16;0;;
CDFL;4500114957;;;60;0;0;400288;TRAFO AER 3F 15KV 112,5KVA 220/127V 7TP;101;EM Entrada mercador.;180032026;1003291;5000217581;3;28/07/2025;04/08/2025;04/08/2025;09:42:26;4;115.308,28;INVT;EST_INV_AME;MDCOSTA;;;;;;;;;4;UN;CDFL - CD FLORES;;0;4;4;AMEN;;;;0;0;0;;0;0;;;B;;;;0;UN;2025;;;S;WE;0;BRL;;;0;0;UN;UN;8.071,58;0;;
CDFL;4500114957;;;60;0;0;400288;TRAFO AER 3F 15KV 112,5KVA 220/127V 7TP;101;EM Entrada mercador.;180032028;1003291;5000217583;1;28/07/2025;04/08/2025;04/08/2025;09:49:44;8;230.616,56;INVT;EST_INV_AME;MDCOSTA;;;;;;;;;8;UN;CDFL - CD FLORES;;0;8;8;AMEN;;;;0;0;0;;0;0;;;B;;;;0;UN;2025;;;S;WE;0;BRL;;;0;0;UN;UN;16.143,16;0;;
CDFL;4500114957;;;60;0;0;400288;TRAFO AER 3F 15KV 112,5KVA 220/127V 7TP;101;EM Entrada mercador.;180032027;1003291;5000217582;1;28/07/2025;04/08/2025;04/08/2025;09:47:24;8;230.616,56;INVT;EST_INV_AME;MDCOSTA;;;;;;;;;8;UN;CDFL - CD FLORES;;0;8;8;AMEN;;;;0;0;0;;0;0;;;B;;;;0;UN;2025;;;S;WE;0;BRL;;;0;0;UN;UN;16.143,16;0;;
CDFL;4500114957;;;60;0;0;400288;TRAFO AER 3F 15KV 112,5KVA 220/127V 7TP;101;EM Entrada mercador.;180032019;1003291;5000217568;1;28/07/2025;04/08/2025;04/08/2025;08:50:06;8;230.616,56;INVT;EST_INV_AME;MDCOSTA;;;;;;;;;8;UN;CDFL - CD FLORES;;0;8;8;AMEN;;;;0;0;0;;0;0;;;B;;;;0;UN;2025;;;S;WE;0;BRL;;;0;0;UN;UN;16.143,16;0;;
CDFL;4500114957;;;60;0;0;400288;TRAFO AER 3F 15KV 112,5KVA 220/127V 7TP;101;EM Entrada mercador.;180032018;1003291;5000217566;1;28/07/2025;04/08/2025;04/08/2025;08:41:44;8;230.616,56;INVT;EST_INV_AME;MDCOSTA;;;;;;;;;8;UN;CDFL - CD FLORES;;0;8;8;AMEN;;;;0;0;0;;0;0;;;B;;;;0;UN;2025;;;S;WE;0;BRL;;;0;0;UN;UN;16.143,16;0;;
CDFL;4500114957;;;60;0;0;400288;TRAFO AER 3F 15KV 112,5KVA 220/127V 7TP;101;EM Entrada mercador.;180032017;1003291;5000217565;1;28/07/2025;04/08/2025;04/08/2025;08:39:26;8;230.616,56;INVT;EST_INV_AME;MDCOSTA;;;;;;;;;8;UN;CDFL - CD FLORES;;0;8;8;AMEN;;;;0;0;0;;0;0;;;B;;;;0;UN;2025;;;S;WE;0;BRL;;;0;0;UN;UN;16.143,16;0;;
CDFL;4500114957;;;60;0;0;400288;TRAFO AER 3F 15KV 112,5KVA 220/127V 7TP;101;EM Entrada mercador.;180032014;1003291;5000217559;1;28/07/2025;04/08/2025;04/08/2025;08:28:39;8;230.616,56;INVT;EST_INV_AME;MDCOSTA;;;;;;;;;8;UN;CDFL - CD FLORES;;0;8;8;AMEN;;;;0;0;0;;0;0;;;B;;;;0;UN;2025;;;S;WE;0;BRL;;;0;0;UN;UN;16.143,16;0;;
CDFL;4500114957;;;60;0;0;400288;TRAFO AER 3F 15KV 112,5KVA 220/127V 7TP;101;EM Entrada mercador.;180032002;1003291;5000217375;1;25/07/2025;01/08/2025;01/08/2025;09:29:59;8;230.616,56;INVT;EST_INV_AME;MDCOSTA;;;;;;;;;8;UN;CDFL - CD FLORES;;0;8;8;AMEN;;;;0;0;0;;0;0;;;B;;;;0;UN;2025;;;S;WE;0;BRL;;;0;0;UN;UN;16.143,16;0;;
CDFL;4500114957;;;60;0;0;400288;TRAFO AER 3F 15KV 112,5KVA 220/127V 7TP;101;EM Entrada mercador.;180031980;1003291;5000217127;1;21/07/2025;30/07/2025;30/07/2025;09:22:46;2;57.654,14;INVT;EST_INV_AME;MDCOSTA;;;;;;;;;2;UN;CDFL - CD FLORES;;0;2;2;AMEN;;;;0;0;0;;0;0;;;B;;;;0;UN;2025;;;S;WE;0;BRL;;;0;0;UN;UN;4.035,79;0;;
CDFL;4500114957;;;60;0;0;400288;TRAFO AER 3F 15KV 112,5KVA 220/127V 7TP;101;EM Entrada mercador.;180031901;1003291;5000216791;1;18/07/2025;25/07/2025;25/07/2025;08:27:31;6;172.962,42;INVT;EST_INV_AME;MDCOSTA;;;;;;;;;6;UN;CDFL - CD FLORES;;0;6;6;AMEN;;;;0;0;0;;0;0;;;B;;;;0;UN;2025;;;S;WE;0;BRL;;;0;0;UN;UN;12.107,37;0;;
CDFL;4500112240;;;70;0;0;400288;TRAFO AER 3F 15KV 112,5KVA 220/127V 7TP;101;EM Entrada mercador.;180031716;1003291;5000214838;1;09/07/2025;14/07/2025;14/07/2025;14:53:52;2;57.654,14;INVT;EST_INV_AME;MDCOSTA;;;;;;;;;2;UN;CDFL - CD FLORES;;0;2;2;AMEN;;;;0;0;0;;0;0;;;B;;;;0;UN;2025;;;S;WE;0;BRL;;;0;0;UN;UN;4.035,79;0;;
CDFL;4500112240;;;70;0;0;400288;TRAFO AER 3F 15KV 112,5KVA 220/127V 7TP;101;EM Entrada mercador.;180031649;1003291;5000213863;1;03/07/2025;08/07/2025;08/07/2025;15:57:35;3;86.481,21;INVT;EST_INV_AME;MDCOSTA;;;;;;;;;3;UN;CDFL - CD FLORES;;0;3;3;AMEN;;;;0;0;0;;0;0;;;B;;;;0;UN;2025;;;S;WE;0;BRL;;;0;0;UN;UN;6.053,68;0;;
CDFL;4500112240;;;70;0;0;400288;TRAFO AER 3F 15KV 112,5KVA 220/127V 7TP;101;EM Entrada mercador.;180031608;1003291;5000213300;1;30/06/2025;04/07/2025;04/07/2025;10:15:33;20;576.541,40;INVT;EST_INV_AME;MDCOSTA;;;;;;;;;20;UN;CDFL - CD FLORES;;0;20;20;AMEN;;;;0;0;0;;0;0;;;B;;;;0;UN;2025;;;S;WE;0;BRL;;;0;0;UN;UN;40.357,90;0;;
CDFL;4500112240;;;70;0;0;400288;TRAFO AER 3F 15KV 112,5KVA 220/127V 7TP;101;EM Entrada mercador.;180031609;1003291;5000213303;2;30/06/2025;04/07/2025;04/07/2025;10:18:34;9;259.443,63;INVT;EST_INV_AME;MDCOSTA;;;;;;;;;9;UN;CDFL - CD FLORES;;0;9;9;AMEN;;;;0;0;0;;0;0;;;B;;;;0;UN;2025;;;S;WE;0;BRL;;;0;0;UN;UN;18.161,05;0;;
CDFL;4500131413;;;30;0;0;400292;"TRAFO CRTE 0,6KV;300-5A 0,3C12,5 JANELA";101;EM Entrada mercador.;180034028;1007548;5000240969;2;13/11/2025;11/12/2025;11/12/2025;08:49:34;20;8.172,81;INVT;EST_INV_AME;MDCOSTA;;;;;;;;;20;UN;CDFL - CD FLORES;;0;20;20;AMEN;;;;0;0;0;;0;0;;;B;;;;0;UN;2025;;;S;WE;0;BRL;;;0;0;UN;UN;497;1.072,81;;
CDFL;4500126069;;;30;0;0;400292;"TRAFO CRTE 0,6KV;300-5A 0,3C12,5 JANELA";101;EM Entrada mercador.;180034026;1007548;5000240967;3;13/11/2025;11/12/2025;11/12/2025;08:41:01;194;79.276,26;INVT;EST_INV_AME;MDCOSTA;;;;;;;;;194;UN;CDFL - CD FLORES;;0;194;194;AMEN;;;;0;0;0;;0;0;;;B;;;;0;UN;2025;;;S;WE;0;BRL;;;0;0;UN;UN;4.820,90;10.406,26;;
CDFL;4500138303;;;190;0;0;400307;FIXADOR PREFORMADO 6,4MM 1/4P AM 1219MM;101;EM Entrada mercador.;180035524;1007593;5000259116;5;19/02/2026;09/04/2026;09/04/2026;15:10:59;100;518;INVT;EST_INV_AME;LPEIXOTO;;;;;;;;;100;UN;CDFL - CD FLORES;;0;100;100;AMEN;;;;0;0;0;;0;0;;;B;;;;0;UN;2026;;;S;WE;0;BRL;;;0;0;UN;UN;31,5;68;;
CDFL;4500148053;;;60;0;0;400318;CONECTOR AUTO PERF 50-120/4-35MM2;101;EM Entrada mercador.;180035639;1020062;5000260756;2;19/03/2026;17/04/2026;17/04/2026;10:02:41;7.000;95.200,00;INVT;EST_INV_AME;LPEIXOTO;;;;;;;;;7.000;UN;CDFL - CD FLORES;;0;7.000;7.000;AMEN;;;;0;0;0;;0;0;;;B;;;;0;UN;2026;;;S;WE;0;BRL;;;0;0;UN;UN;10.500,00;7.700,00;;
CDFL;4500148096;;;10;0;0;400359;ALCA PREFORM ESTAI 3/8P 9,5MM 889MM;101;EM Entrada mercador.;180035692;1013808;5000261382;1;23/04/2026;23/04/2026;23/04/2026;09:52:33;963;19.177,21;INVT;EST_INV_AME;MDCOSTA;;;;;;;;;963;UN;CDFL - CD FLORES;;0;963;963;AMEN;;;;0;0;0;;0;0;;;B;;;;0;UN;2026;;;S;WE;0;BRL;;;0;0;UN;UN;1.166,19;2.517,31;;
CDFL;4500148056;;;30;0;0;400359;ALCA PREFORM ESTAI 3/8P 9,5MM 889MM;101;EM Entrada mercador.;180035133;1003818;5000254620;1;05/03/2026;10/03/2026;10/03/2026;07:56:04;410;10.344,30;INVT;EST_INV_AME;MDCOSTA;;;;;;;;;410;UN;CDFL - CD FLORES;;0;410;410;AMEN;;;;0;0;0;;0;0;;;B;;;;0;UN;2026;;;S;WE;0;BRL;;;0;0;UN;UN;0;0;;
CDFL;4500145004;;;10;0;0;400359;ALCA PREFORM ESTAI 3/8P 9,5MM 889MM;101;EM Entrada mercador.;180034737;1003515;5000250018;1;06/02/2026;10/02/2026;10/02/2026;11:17:33;44;1.179,20;INVT;EST_INV_AME;MDCOSTA;;;;;;;;;44;UN;CDFL - CD FLORES;;0;44;44;AMEN;;;;0;0;0;;0;0;;;B;;;;0;UN;2026;;;S;WE;0;BRL;;;0;0;UN;UN;0;0;;
CDFL;4500122149;;;20;0;0;400359;ALCA PREFORM ESTAI 3/8P 9,5MM 889MM;101;EM Entrada mercador.;180031620;1003818;5000213396;2;27/06/2025;04/07/2025;04/07/2025;15:09:53;200;4.986,00;INVT;EST_INV_AME;MDCOSTA;;;;;;;;;200;UN;CDFL - CD FLORES;;0;200;200;AMEN;;;;0;0;0;;0;0;;;B;;;;0;UN;2025;;;S;WE;0;BRL;;;0;0;UN;UN;0;0;;
CDFL;4500146591;;;30;0;0;400366;ALCA PREFORM DIST 4/0 AWG 120MM2;101;EM Entrada mercador.;180035754;1007593;5000261750;3;29/04/2026;29/04/2026;29/04/2026;10:04:41;505;6.568,74;INVT;EST_INV_AME;MDCOSTA;;;;;;;;;505;UN;CDFL - CD FLORES;;0;505;505;AMEN;;;;0;0;0;;0;0;;;B;;;;0;UN;2026;;;S;WE;0;BRL;;;0;0;UN;UN;399,45;862,25;;
CDFL;4500138303;;;200;0;0;400366;ALCA PREFORM DIST 4/0 AWG 120MM2;101;EM Entrada mercador.;180035524;1007593;5000259116;6;19/02/2026;09/04/2026;09/04/2026;15:10:59;1.000;13.007,43;INVT;EST_INV_AME;LPEIXOTO;;;;;;;;;1.000;UN;CDFL - CD FLORES;;0;1.000;1.000;AMEN;;;;0;0;0;;0;0;;;B;;;;0;UN;2026;;;S;WE;0;BRL;;;0;0;UN;UN;791;1.707,43;;
CDFL;4500146591;;;60;0;0;400375;ALCA PREFORM DIST CAA/CA 2/0AWG 70MM2;101;EM Entrada mercador.;180035754;1007593;5000261750;6;29/04/2026;29/04/2026;29/04/2026;10:04:41;2.000;12.846,28;INVT;EST_INV_AME;MDCOSTA;;;;;;;;;2.000;UN;CDFL - CD FLORES;;0;2.000;2.000;AMEN;;;;0;0;0;;0;0;;;B;;;;0;UN;2026;;;S;WE;0;BRL;;;0;0;UN;UN;781,2;1.686,28;;
CDFL;4500138303;;;210;0;0;400375;ALCA PREFORM DIST CAA/CA 2/0AWG 70MM2;101;EM Entrada mercador.;180035524;1007593;5000259116;7;19/02/2026;09/04/2026;09/04/2026;15:10:59;280;1.798,48;INVT;EST_INV_AME;LPEIXOTO;;;;;;;;;280;UN;CDFL - CD FLORES;;0;280;280;AMEN;;;;0;0;0;;0;0;;;B;;;;0;UN;2026;;;S;WE;0;BRL;;;0;0;UN;UN;109,37;236,08;;
CDFL;4500114160;;;90;0;0;400375;ALCA PREFORM DIST CAA/CA 2/0AWG 70MM2;101;EM Entrada mercador.;180032094;1007593;5000218013;9;03/07/2025;07/08/2025;07/08/2025;11:20:15;595;3.821,77;INVT;EST_INV_AME;MDCOSTA;;;;;;;;;595;UN;CDFL - CD FLORES;;0;595;595;AMEN;;;;0;0;0;;0;0;;;B;;;;0;UN;2025;;;S;WE;0;BRL;;;0;0;UN;UN;232,41;501,67;;
CDFL;4500148087;;;40;0;0;400434;CABO ELET NU CA AL 2AWG 33,54MM2 IRIS;101;EM Entrada mercador.;180035360;1003949;5000257149;1;20/03/2026;24/03/2026;24/03/2026;10:01:05;904;26.216,00;INVT;EST_INV_AME;MDCOSTA;;;;;;;;;904;KG;CDFL - CD FLORES;;0;904;904;AMEN;;;;0;0;0;;0;0;;;B;;;;0;KG;2026;;;S;WE;0;BRL;;;0;0;KG;KG;1.835,12;0;;
CDFL;4500148087;;;40;0;0;400434;CABO ELET NU CA AL 2AWG 33,54MM2 IRIS;101;EM Entrada mercador.;180035325;1003949;5000256945;1;18/03/2026;20/03/2026;20/03/2026;14:55:33;5.672;164.488,00;INVT;EST_INV_AME;MDCOSTA;;;;;;;;;5.672;KG;CDFL - CD FLORES;;0;5.672;5.672;AMEN;;;;0;0;0;;0;0;;;B;;;;0;KG;2026;;;S;WE;0;BRL;;;0;0;KG;KG;11.514,16;0;;
CDFL;4500135564;;;10;0;0;400434;CABO ELET NU CA AL 2AWG 33,54MM2 IRIS;101;EM Entrada mercador.;180034142;1003949;5000243585;1;10/12/2025;18/12/2025;18/12/2025;09:07:08;1.900;55.100,00;INVT;EST_INV_AME;MDCOSTA;;;;;;;;;1.900;KG;CDFL - CD FLORES;;0;1.900;1.900;AMEN;;;;0;0;0;;0;0;;;B;;;;0;KG;2025;;;S;WE;0;BRL;;;0;0;KG;KG;3.857,00;0;;
CDFL;4500127058;;;20;0;0;400434;CABO ELET NU CA AL 2AWG 33,54MM2 IRIS;101;EM Entrada mercador.;180033009;1003949;5000228553;1;15/09/2025;29/09/2025;29/09/2025;08:05:36;649;18.821,00;INVT;EST_INV_AME;MDCOSTA;;;;;;;;;649;KG;CDFL - CD FLORES;;0;649;649;AMEN;;;;0;0;0;;0;0;;;B;;;;0;KG;2025;;;S;WE;0;BRL;;;0;0;KG;KG;1.317,47;0;;
CDFL;4500127058;;;20;0;0;400434;CABO ELET NU CA AL 2AWG 33,54MM2 IRIS;101;EM Entrada mercador.;180032906;1003949;5000227638;1;10/09/2025;23/09/2025;23/09/2025;09:42:33;857;24.853,00;INVT;EST_INV_AME;MDCOSTA;;;;;;;;;857;KG;CDFL - CD FLORES;;0;857;857;AMEN;;;;0;0;0;;0;0;;;B;;;;0;KG;2025;;;S;WE;0;BRL;;;0;0;KG;KG;1.739,71;0;;
CDFL;4500127058;;;20;0;0;400434;CABO ELET NU CA AL 2AWG 33,54MM2 IRIS;101;EM Entrada mercador.;180032702;1003949;5000224744;1;03/09/2025;11/09/2025;11/09/2025;14:55:12;1.045;30.305,00;INVT;EST_INV_AME;GRIBEIRO;;;;;;;;;1.045;KG;CDFL - CD FLORES;;0;1.045;1.045;AMEN;;;;0;0;0;;0;0;;;B;;;;0;KG;2025;;;S;WE;0;BRL;;;0;0;KG;KG;2.121,35;0;;
CDFL;4500119977;;;10;0;0;400434;CABO ELET NU CA AL 2AWG 33,54MM2 IRIS;101;EM Entrada mercador.;180031634;1003949;5000213602;1;02/07/2025;08/07/2025;08/07/2025;08:18:51;1.123;32.567,00;INVT;EST_INV_AME;MDCOSTA;;;;;;;;;1.123;KG;CDFL - CD FLORES;;0;1.123;1.123;AMEN;;;;0;0;0;;0;0;;;B;;;;0;KG;2025;;;S;WE;0;BRL;;;0;0;KG;KG;2.279,69;0;;
CDFL;4500152174;;;50;0;0;400442;CABO  MULT 2X16+1X16MM² XLPE 0,6/1 KV;101;EM Entrada mercador.;180035853;1003949;5000262793;1;27/04/2026;07/05/2026;07/05/2026;11:43:54;12.029; R$ 55.934,85 ;INVT;EST_INV_AME;LPEIXOTO;;;;;;;;;12.029;M;CDFL - CD FLORES;;0;12.029;12.029;AMEN;;;;0;0;0;;0;0;;;B;;;;0;M;2026;;;S;WE;0;BRL;;;0;0;M;M;3.915,44;0;;
CDFL;4500135638;;;30;0;0;400442;CABO  MULT 2X16+1X16MM² XLPE 0,6/1 KV;101;EM Entrada mercador.;180034049;1003949;5000241376;1;27/11/2025;12/12/2025;12/12/2025;07:55:42;2.000;10.160,00;INVT;EST_INV_AME;MDCOSTA;;;;;;;;;2.000;M;CDFL - CD FLORES;;0;2.000;2.000;AMEN;;;;0;0;0;;0;0;;;B;;;;0;M;2025;;;S;WE;0;BRL;;;0;0;M;M;711,2;0;;
CDFL;4500152174;;;20;0;0;400443;CABO  MULT 2X25+1X25MM² XLPE 0,6/1 KV;101;EM Entrada mercador.;180035793;1003949;5000261821;4;24/04/2026;30/04/2026;30/04/2026;11:13:18;6.460;45.413,80;INVT;EST_INV_AME;MDCOSTA;;;;;;;;;6.460;M;CDFL - CD FLORES;;0;6.460;6.460;AMEN;;;;0;0;0;;0;0;;;B;;;;0;M;2026;;;S;WE;0;BRL;;;0;0;M;M;3.178,97;0;;
CDFL;4500148070;;;20;0;0;400443;CABO  MULT 2X25+1X25MM² XLPE 0,6/1 KV;101;EM Entrada mercador.;180035148;1003949;5000254707;2;05/03/2026;10/03/2026;10/03/2026;10:07:52;3.000;22.290,00;INVT;EST_INV_AME;MDCOSTA;;;;;;;;;3.000;M;CDFL - CD FLORES;;0;3.000;3.000;AMEN;;;;0;0;0;;0;0;;;B;;;;0;M;2026;;;S;WE;0;BRL;;;0;0;M;M;1.560,30;0;;
CDFL;4500118908;;;30;0;0;400443;CABO  MULT 2X25+1X25MM² XLPE 0,6/1 KV;101;EM Entrada mercador.;180031635;1003949;5000213604;1;01/07/2025;08/07/2025;08/07/2025;08:27:44;1.500;11.145,00;INVT;EST_INV_AME;MDCOSTA;;;;;;;;;1.500;M;CDFL - CD FLORES;;0;1.500;1.500;AMEN;;;;0;0;0;;0;0;;;B;;;;0;M;2025;;;S;WE;0;BRL;;;0;0;M;M;780,15;0;;
CDFL;4500153065;;;30;0;0;400459;CABO ELETR 15KV AL PROT XLPE 35MM2 1F MT;101;EM Entrada mercador.;180036024;1003949;5000265444;1;11/05/2026;20/05/2026;20/05/2026;08:34:46;1.200; R$ 5.112,00 ;INVT;EST_INV_AME;LPEIXOTO;;;;;;;;;1.200;M;CDFL - CD FLORES;;0;1.200;1.200;AMEN;;;;0;0;0;;0;0;;;B;;;;0;M;2026;;;S;WE;0;BRL;;;0;0;M;M;357,84;0;;
CDFL;4500137857;;;20;0;0;400459;CABO ELETR 15KV AL PROT XLPE 35MM2 1F MT;101;EM Entrada mercador.;180034832;1011333;5000251563;2;16/02/2026;16/02/2026;16/02/2026;16:51:25;2.790;13.328,00;INVT;EST_INV_AME;MDCOSTA;;;;;;;;;2.790;M;CDFL - CD FLORES;;0;2.790;2.790;AMEN;;;;0;0;0;;0;0;;;B;;;;0;M;2026;;;S;WE;0;BRL;;;0;0;M;M;810,49;1.749,51;;
CDFL;4500148087;;;30;0;0;400460;CABO ELET NU CA AL 2/0AWG 67,40MM2 ASTER;101;EM Entrada mercador.;180035588;1003949;5000260000;1;26/03/2026;14/04/2026;14/04/2026;16:09:21;2.307;66.903,00;INVT;EST_INV_AME;LPEIXOTO;;;;;;;;;2.307;KG;CDFL - CD FLORES;;0;2.307;2.307;AMEN;;;;0;0;0;;0;0;;;B;;;;0;KG;2026;;;S;WE;0;BRL;;;0;0;KG;KG;4.683,21;0;;
CDFL;4500148087;;;30;0;0;400460;CABO ELET NU CA AL 2/0AWG 67,40MM2 ASTER;101;EM Entrada mercador.;180035432;1003949;5000257420;1;24/03/2026;30/03/2026;30/03/2026;11:49:50;4.004;116.116,00;INVT;EST_INV_AME;MDCOSTA;;;;;;;;;4.004;KG;CDFL - CD FLORES;;0;4.004;4.004;AMEN;;;;0;0;0;;0;0;;;B;;;;0;KG;2026;;;S;WE;0;BRL;;;0;0;KG;KG;8.128,12;0;;
CDFL;4500148087;;;30;0;0;400460;CABO ELET NU CA AL 2/0AWG 67,40MM2 ASTER;101;EM Entrada mercador.;180035360;1003949;5000257149;2;20/03/2026;24/03/2026;24/03/2026;10:01:05;5.025;145.725,00;INVT;EST_INV_AME;MDCOSTA;;;;;;;;;5.025;KG;CDFL - CD FLORES;;0;5.025;5.025;AMEN;;;;0;0;0;;0;0;;;B;;;;0;KG;2026;;;S;WE;0;BRL;;;0;0;KG;KG;10.200,75;0;;
CDFL;4500148087;;;30;0;0;400460;CABO ELET NU CA AL 2/0AWG 67,40MM2 ASTER;101;EM Entrada mercador.;180035325;1003949;5000256945;2;18/03/2026;20/03/2026;20/03/2026;14:55:33;4.027;116.783,00;INVT;EST_INV_AME;MDCOSTA;;;;;;;;;4.027;KG;CDFL - CD FLORES;;0;4.027;4.027;AMEN;;;;0;0;0;;0;0;;;B;;;;0;KG;2026;;;S;WE;0;BRL;;;0;0;KG;KG;8.174,81;0;;
CDFL;4500114069;;;10;0;0;400468;CABO ELET SUBAQ EPR 1X50MM2 8,7/15KV 1F;101;EM Entrada mercador.;180031663;1006848;5000214054;1;18/06/2025;09/07/2025;09/07/2025;10:43:45;1.236;504.439,42;INVT;EST_INV_AME;MDCOSTA;;;;;;;;;1.236;M;CDFL - CD FLORES;;0;1.236;1.236;AMEN;;;;0;0;0;;0;0;;;B;;;;0;M;2025;;;S;WE;0;BRL;;;0;0;M;M;30.675,67;66.215,62;;
CDFL;4500136235;;;10;0;0;400473;CABO  MULT 3X50+1X50MM² XLPE 0,6/1 KV;101;EM Entrada mercador.;180034050;1003949;5000241381;1;27/11/2025;12/12/2025;12/12/2025;07:59:51;2.000;42.100,00;INVT;EST_INV_AME;MDCOSTA;;;;;;;;;2.000;M;CDFL - CD FLORES;;0;2.000;2.000;AMEN;;;;0;0;0;;0;0;;;B;;;;0;M;2025;;;S;WE;0;BRL;;;0;0;M;M;2.947,00;0;;
CDFL;4500136235;;;10;0;0;400473;CABO  MULT 3X50+1X50MM² XLPE 0,6/1 KV;101;EM Entrada mercador.;180034047;1003949;5000241363;1;01/12/2025;12/12/2025;12/12/2025;07:39:13;2.112;44.457,60;INVT;EST_INV_AME;MDCOSTA;;;;;;;;;2.112;M;CDFL - CD FLORES;;0;2.112;2.112;AMEN;;;;0;0;0;;0;0;;;B;;;;0;M;2025;;;S;WE;0;BRL;;;0;0;M;M;3.112,03;0;;
CDFL;4500136122;;;10;0;0;400473;CABO  MULT 3X50+1X50MM² XLPE 0,6/1 KV;101;EM Entrada mercador.;180034048;1003949;5000241364;1;01/12/2025;12/12/2025;12/12/2025;07:42:34;1.000;21.050,00;INVT;EST_INV_AME;MDCOSTA;;;;;;;;;1.000;M;CDFL - CD FLORES;;0;1.000;1.000;AMEN;;;;0;0;0;;0;0;;;B;;;;0;M;2025;;;S;WE;0;BRL;;;0;0;M;M;1.473,50;0;;
CDFL;4500128928;;;10;0;0;400473;CABO  MULT 3X50+1X50MM² XLPE 0,6/1 KV;101;EM Entrada mercador.;180033326;1003949;5000232080;1;13/10/2025;17/10/2025;17/10/2025;09:40:39;2.000;42.100,00;INVT;EST_INV_AME;MDCOSTA;;;;;;;;;2.000;M;CDFL - CD FLORES;;0;2.000;2.000;AMEN;;;;0;0;0;;0;0;;;B;;;;0;M;2025;;;S;WE;0;BRL;;;0;0;M;M;2.947,00;0;;
CDFL;4500128011;;;10;0;0;400473;CABO  MULT 3X50+1X50MM² XLPE 0,6/1 KV;101;EM Entrada mercador.;180032909;1003949;5000227641;1;10/09/2025;23/09/2025;23/09/2025;09:54:41;1.981;41.700,05;INVT;EST_INV_AME;MDCOSTA;;;;;;;;;1.981;M;CDFL - CD FLORES;;0;1.981;1.981;AMEN;;;;0;0;0;;0;0;;;B;;;;0;M;2025;;;S;WE;0;BRL;;;0;0;M;M;2.919,00;0;;
CDFL;4500118908;;;60;0;0;400473;CABO  MULT 3X50+1X50MM² XLPE 0,6/1 KV;101;EM Entrada mercador.;180032196;1003949;5000218962;1;07/08/2025;12/08/2025;12/08/2025;07:46:38;425;8.946,25;INVT;EST_INV_AME;MDCOSTA;;;;;;;;;425;M;CDFL - CD FLORES;;0;425;425;AMEN;;;;0;0;0;;0;0;;;B;;;;0;M;2025;;;S;WE;0;BRL;;;0;0;M;M;626,24;0;;
CDFL;4500118908;;;60;0;0;400473;CABO  MULT 3X50+1X50MM² XLPE 0,6/1 KV;101;EM Entrada mercador.;180031963;1003949;5000217010;2;23/07/2025;29/07/2025;29/07/2025;09:35:13;2.625;55.256,25;INVT;EST_INV_AME;MDCOSTA;;;;;;;;;2.625;M;CDFL - CD FLORES;;0;2.625;2.625;AMEN;;;;0;0;0;;0;0;;;B;;;;0;M;2025;;;S;WE;0;BRL;;;0;0;M;M;3.867,94;0;;
CDFL;4500152862;;;10;0;0;400474;CABO  MULT 3X70+1X70 MM² XLPE 0,6/1 KV;101;EM Entrada mercador.;180036261;1003949;5000266710;1;27/05/2026;02/06/2026;02/06/2026;09:38:07;7.290;204.120,00;INVT;EST_INV_AME;MDCOSTA;;;;;;;;;7.290;M;CDFL - CD FLORES;;0;7.290;7.290;AMEN;;;;0;0;0;;0;0;;;B;;;;0;M;2026;;;S;WE;0;BRL;;;0;0;M;M;14.288,40;0;;
CDFL;4500152862;;;10;0;0;400474;CABO  MULT 3X70+1X70 MM² XLPE 0,6/1 KV;101;EM Entrada mercador.;180036194;1003949;5000266397;1;18/05/2026;29/05/2026;29/05/2026;08:18:51;1.080; R$ 30.240,00 ;INVT;EST_INV_AME;LPEIXOTO;;;;;;;;;1.080;M;CDFL - CD FLORES;;0;1.080;1.080;AMEN;;;;0;0;0;;0;0;;;B;;;;0;M;2026;;;S;WE;0;BRL;;;0;0;M;M;2.116,80;0;;
CDFL;4500152862;;;10;0;0;400474;CABO  MULT 3X70+1X70 MM² XLPE 0,6/1 KV;101;EM Entrada mercador.;180036192;1003949;5000266395;1;07/05/2026;29/05/2026;29/05/2026;08:12:20;1.747; R$ 48.916,00 ;INVT;EST_INV_AME;LPEIXOTO;;;;;;;;;1.747;M;CDFL - CD FLORES;;0;1.747;1.747;AMEN;;;;0;0;0;;0;0;;;B;;;;0;M;2026;;;S;WE;0;BRL;;;0;0;M;M;3.424,12;0;;
CDFL;4500152862;;;10;0;0;400474;CABO  MULT 3X70+1X70 MM² XLPE 0,6/1 KV;101;EM Entrada mercador.;180036190;1003949;5000266392;1;21/05/2026;29/05/2026;29/05/2026;07:49:33;1.570; R$ 43.960,00 ;INVT;EST_INV_AME;LPEIXOTO;;;;;;;;;1.570;M;CDFL - CD FLORES;;0;1.570;1.570;AMEN;;;;0;0;0;;0;0;;;B;;;;0;M;2026;;;S;WE;0;BRL;;;0;0;M;M;3.077,20;0;;
CDFL;4500152862;;;10;0;0;400474;CABO  MULT 3X70+1X70 MM² XLPE 0,6/1 KV;101;EM Entrada mercador.;180036025;1003949;5000265455;1;11/05/2026;20/05/2026;20/05/2026;08:49:04;950; R$ 26.600,00 ;INVT;EST_INV_AME;LPEIXOTO;;;;;;;;;950;M;CDFL - CD FLORES;;0;950;950;AMEN;;;;0;0;0;;0;0;;;B;;;;0;M;2026;;;S;WE;0;BRL;;;0;0;M;M;1.862,00;0;;
CDFL;4500152862;;;10;0;0;400474;CABO  MULT 3X70+1X70 MM² XLPE 0,6/1 KV;101;EM Entrada mercador.;180035999;1003949;5000264512;1;30/04/2026;18/05/2026;18/05/2026;15:58:52;1.820; R$ 50.960,00 ;INVT;EST_INV_AME;LPEIXOTO;;;;;;;;;1.820;M;CDFL - CD FLORES;;0;1.820;1.820;AMEN;;;;0;0;0;;0;0;;;B;;;;0;M;2026;;;S;WE;0;BRL;;;0;0;M;M;3.567,20;0;;
CDFL;4500148070;;;30;0;0;400474;CABO  MULT 3X70+1X70 MM² XLPE 0,6/1 KV;101;EM Entrada mercador.;180035226;1003949;5000256343;1;11/03/2026;16/03/2026;16/03/2026;15:04:39;3.231;90.468,00;INVT;EST_INV_AME;MDCOSTA;;;;;;;;;3.231;M;CDFL - CD FLORES;;0;3.231;3.231;AMEN;;;;0;0;0;;0;0;;;B;;;;0;M;2026;;;S;WE;0;BRL;;;0;0;M;M;6.332,76;0;;
CDFL;4500148070;;;30;0;0;400474;CABO  MULT 3X70+1X70 MM² XLPE 0,6/1 KV;101;EM Entrada mercador.;180035229;1003949;5000256348;1;10/03/2026;16/03/2026;16/03/2026;15:08:48;5.290;148.120,00;INVT;EST_INV_AME;MDCOSTA;;;;;;;;;5.290;M;CDFL - CD FLORES;;0;5.290;5.290;AMEN;;;;0;0;0;;0;0;;;B;;;;0;M;2026;;;S;WE;0;BRL;;;0;0;M;M;10.368,40;0;;
CDFL;4500148070;;;30;0;0;400474;CABO  MULT 3X70+1X70 MM² XLPE 0,6/1 KV;101;EM Entrada mercador.;180035149;1003949;5000254709;1;05/03/2026;10/03/2026;10/03/2026;10:13:09;8.087;226.436,00;INVT;EST_INV_AME;MDCOSTA;;;;;;;;;8.087;M;CDFL - CD FLORES;;0;8.087;8.087;AMEN;;;;0;0;0;;0;0;;;B;;;;0;M;2026;;;S;WE;0;BRL;;;0;0;M;M;15.850,52;0;;
CDFL;4500128714;;;20;0;0;400474;CABO  MULT 3X70+1X70 MM² XLPE 0,6/1 KV;101;EM Entrada mercador.;180033369;1003949;5000232660;1;15/10/2025;20/10/2025;20/10/2025;16:00:57;4.399;123.172,00;INVT;EST_INV_AME;MDCOSTA;;;;;;;;;4.399;M;CDFL - CD FLORES;;0;4.399;4.399;AMEN;;;;0;0;0;;0;0;;;B;;;;0;M;2025;;;S;WE;0;BRL;;;0;0;M;M;8.622,04;0;;
CDFL;4500128714;;;20;0;0;400474;CABO  MULT 3X70+1X70 MM² XLPE 0,6/1 KV;101;EM Entrada mercador.;180033208;1003949;5000230608;1;29/09/2025;10/10/2025;10/10/2025;09:38:45;2.581;72.268,00;INVT;EST_INV_AME;MDCOSTA;;;;;;;;;2.581;M;CDFL - CD FLORES;;0;2.581;2.581;AMEN;;;;0;0;0;;0;0;;;B;;;;0;M;2025;;;S;WE;0;BRL;;;0;0;M;M;5.058,76;0;;
CDFL;4500128714;;;20;0;0;400474;CABO  MULT 3X70+1X70 MM² XLPE 0,6/1 KV;101;EM Entrada mercador.;180032911;1003949;5000227645;1;12/09/2025;23/09/2025;23/09/2025;10:01:42;3.020;84.560,00;INVT;EST_INV_AME;MDCOSTA;;;;;;;;;3.020;M;CDFL - CD FLORES;;0;3.020;3.020;AMEN;;;;0;0;0;;0;0;;;B;;;;0;M;2025;;;S;WE;0;BRL;;;0;0;M;M;5.919,20;0;;
CDFL;4500118908;;;70;0;0;400474;CABO  MULT 3X70+1X70 MM² XLPE 0,6/1 KV;101;EM Entrada mercador.;180032646;1003949;5000223602;1;29/08/2025;09/09/2025;09/09/2025;10:22:54;2.205;61.740,00;INVT;EST_INV_AME;MDCOSTA;;;;;;;;;2.205;M;CDFL - CD FLORES;;0;2.205;2.205;AMEN;;;;0;0;0;;0;0;;;B;;;;0;M;2025;;;S;WE;0;BRL;;;0;0;M;M;4.321,80;0;;
CDFL;4500118908;;;70;0;0;400474;CABO  MULT 3X70+1X70 MM² XLPE 0,6/1 KV;101;EM Entrada mercador.;180032541;1003949;5000222490;1;26/08/2025;01/09/2025;01/09/2025;09:20:31;1.579;44.212,00;INVT;EST_INV_AME;MDCOSTA;;;;;;;;;1.579;M;CDFL - CD FLORES;;0;1.579;1.579;AMEN;;;;0;0;0;;0;0;;;B;;;;0;M;2025;;;S;WE;0;BRL;;;0;0;M;M;3.094,84;0;;
CDFL;4500118908;;;70;0;0;400474;CABO  MULT 3X70+1X70 MM² XLPE 0,6/1 KV;101;EM Entrada mercador.;180032495;1003949;5000221917;1;22/08/2025;27/08/2025;27/08/2025;14:47:11;3.300;92.400,00;INVT;EST_INV_AME;MDCOSTA;;;;;;;;;3.300;M;CDFL - CD FLORES;;0;3.300;3.300;AMEN;;;;0;0;0;;0;0;;;B;;;;0;M;2025;;;S;WE;0;BRL;;;0;0;M;M;6.468,00;0;;
CDFL;4500118908;;;70;0;0;400474;CABO  MULT 3X70+1X70 MM² XLPE 0,6/1 KV;101;EM Entrada mercador.;180032496;1003949;5000221918;1;21/08/2025;27/08/2025;27/08/2025;14:50:09;1.755;49.140,00;INVT;EST_INV_AME;MDCOSTA;;;;;;;;;1.755;M;CDFL - CD FLORES;;0;1.755;1.755;AMEN;;;;0;0;0;;0;0;;;B;;;;0;M;2025;;;S;WE;0;BRL;;;0;0;M;M;3.439,80;0;;
CDFL;4500118908;;;70;0;0;400474;CABO  MULT 3X70+1X70 MM² XLPE 0,6/1 KV;101;EM Entrada mercador.;180032198;1003949;5000218974;2;05/08/2025;12/08/2025;12/08/2025;08:09:40;4.062;113.736,00;INVT;EST_INV_AME;MDCOSTA;;;;;;;;;4.062;M;CDFL - CD FLORES;;0;4.062;4.062;AMEN;;;;0;0;0;;0;0;;;B;;;;0;M;2025;;;S;WE;0;BRL;;;0;0;M;M;7.961,52;0;;
CDFL;4500118908;;;70;0;0;400474;CABO  MULT 3X70+1X70 MM² XLPE 0,6/1 KV;101;EM Entrada mercador.;180032071;1003949;5000217865;1;29/07/2025;06/08/2025;06/08/2025;15:04:24;5.573;156.044,00;INVT;EST_INV_AME;MDCOSTA;;;;;;;;;5.573;M;CDFL - CD FLORES;;0;5.573;5.573;AMEN;;;;0;0;0;;0;0;;;B;;;;0;M;2025;;;S;WE;0;BRL;;;0;0;M;M;10.923,08;0;;
CDFL;4500118908;;;70;0;0;400474;CABO  MULT 3X70+1X70 MM² XLPE 0,6/1 KV;101;EM Entrada mercador.;180031992;1003949;5000217204;2;25/07/2025;31/07/2025;31/07/2025;11:06:07;5.891;164.948,00;INVT;EST_INV_AME;MDCOSTA;;;;;;;;;5.891;M;CDFL - CD FLORES;;0;5.891;5.891;AMEN;;;;0;0;0;;0;0;;;B;;;;0;M;2025;;;S;WE;0;BRL;;;0;0;M;M;11.546,36;0;;
CDFL;4500118908;;;70;0;0;400474;CABO  MULT 3X70+1X70 MM² XLPE 0,6/1 KV;101;EM Entrada mercador.;180031963;1003949;5000217010;1;23/07/2025;29/07/2025;29/07/2025;09:35:13;4.080;114.240,00;INVT;EST_INV_AME;MDCOSTA;;;;;;;;;4.080;M;CDFL - CD FLORES;;0;4.080;4.080;AMEN;;;;0;0;0;;0;0;;;B;;;;0;M;2025;;;S;WE;0;BRL;;;0;0;M;M;7.996,80;0;;
CDFL;4500118908;;;70;0;0;400474;CABO  MULT 3X70+1X70 MM² XLPE 0,6/1 KV;101;EM Entrada mercador.;180031760;1003949;5000215636;1;11/07/2025;17/07/2025;17/07/2025;09:34:47;4.825;135.100,00;INVT;EST_INV_AME;MDCOSTA;;;;;;;;;4.825;M;CDFL - CD FLORES;;0;4.825;4.825;AMEN;;;;0;0;0;;0;0;;;B;;;;0;M;2025;;;S;WE;0;BRL;;;0;0;M;M;9.457,00;0;;
CDFL;4500152157;;;20;0;0;400478;CINTA POSTE CIRC ACO 190MM;101;EM Entrada mercador.;180036104;1003152;5000266254;1;08/05/2026;26/05/2026;26/05/2026;14:21:57;280; R$ 6.549,30 ;INVT;EST_INV_AME;LPEIXOTO;;;;;;;;;280;UN;CDFL - CD FLORES;;0;280;280;AMEN;;;;0;0;0;;0;0;;;B;;;;0;UN;2026;;;S;WE;0;BRL;;;0;0;UN;UN;398,27;859,7;;
CDFL;4500152174;;;40;0;0;400481;CABO  MULT 3X16+1X16MM² XLPE 0,6/1 KV;101;EM Entrada mercador.;180035793;1003949;5000261821;2;24/04/2026;30/04/2026;30/04/2026;11:13:18;5.361;33.881,53;INVT;EST_INV_AME;MDCOSTA;;;;;;;;;5.361;M;CDFL - CD FLORES;;0;5.361;5.361;AMEN;;;;0;0;0;;0;0;;;B;;;;0;M;2026;;;S;WE;0;BRL;;;0;0;M;M;2.371,71;0;;
CDFL;4500152748;;;30;0;0;400487;CABO  MULT 3X120+1X120MM² XLPE 0,6/1 KV;101;EM Entrada mercador.;180036089;1003949;5000266181;2;13/05/2026;25/05/2026;25/05/2026;10:11:11;4.000; R$ 219.200,00 ;INVT;EST_INV_AME;LPEIXOTO;;;;;;;;;4.000;M;CDFL - CD FLORES;;0;4.000;4.000;AMEN;;;;0;0;0;;0;0;;;B;;;;0;M;2026;;;S;WE;0;BRL;;;0;0;M;M;15.344,00;0;;
CDFL;4500148070;;;40;0;0;400487;CABO  MULT 3X120+1X120MM² XLPE 0,6/1 KV;101;EM Entrada mercador.;180035288;1003949;5000256531;1;16/03/2026;18/03/2026;18/03/2026;10:42:37;4.927;269.999,60;INVT;EST_INV_AME;MDCOSTA;;;;;;;;;4.927;M;CDFL - CD FLORES;;0;4.927;4.927;AMEN;;;;0;0;0;;0;0;;;B;;;;0;M;2026;;;S;WE;0;BRL;;;0;0;M;M;18.899,97;0;;
CDFL;4500148070;;;40;0;0;400487;CABO  MULT 3X120+1X120MM² XLPE 0,6/1 KV;101;EM Entrada mercador.;180035229;1003949;5000256348;2;10/03/2026;16/03/2026;16/03/2026;15:08:48;1.513;82.912,40;INVT;EST_INV_AME;MDCOSTA;;;;;;;;;1.513;M;CDFL - CD FLORES;;0;1.513;1.513;AMEN;;;;0;0;0;;0;0;;;B;;;;0;M;2026;;;S;WE;0;BRL;;;0;0;M;M;5.803,87;0;;
CDFL;4500148070;;;40;0;0;400487;CABO  MULT 3X120+1X120MM² XLPE 0,6/1 KV;101;EM Entrada mercador.;180035226;1003949;5000256343;2;11/03/2026;16/03/2026;16/03/2026;15:04:39;560;30.688,00;INVT;EST_INV_AME;MDCOSTA;;;;;;;;;560;M;CDFL - CD FLORES;;0;560;560;AMEN;;;;0;0;0;;0;0;;;B;;;;0;M;2026;;;S;WE;0;BRL;;;0;0;M;M;2.148,16;0;;
CDFL;4500118908;;;90;0;0;400487;CABO  MULT 3X120+1X120MM² XLPE 0,6/1 KV;101;EM Entrada mercador.;180032495;1003949;5000221917;2;22/08/2025;27/08/2025;27/08/2025;14:47:11;571;31.290,80;INVT;EST_INV_AME;MDCOSTA;;;;;;;;;571;M;CDFL - CD FLORES;;0;571;571;AMEN;;;;0;0;0;;0;0;;;B;;;;0;M;2025;;;S;WE;0;BRL;;;0;0;M;M;2.190,36;0;;
CDFL;4500118908;;;90;0;0;400487;CABO  MULT 3X120+1X120MM² XLPE 0,6/1 KV;101;EM Entrada mercador.;180032496;1003949;5000221918;2;21/08/2025;27/08/2025;27/08/2025;14:50:09;2.152;117.929,60;INVT;EST_INV_AME;MDCOSTA;;;;;;;;;2.152;M;CDFL - CD FLORES;;0;2.152;2.152;AMEN;;;;0;0;0;;0;0;;;B;;;;0;M;2025;;;S;WE;0;BRL;;;0;0;M;M;8.255,07;0;;
CDFL;4500118908;;;90;0;0;400487;CABO  MULT 3X120+1X120MM² XLPE 0,6/1 KV;101;EM Entrada mercador.;180032453;1003949;5000221627;1;18/08/2025;26/08/2025;26/08/2025;10:18:16;1.060;58.088,00;INVT;EST_INV_AME;MDCOSTA;;;;;;;;;1.060;M;CDFL - CD FLORES;;0;1.060;1.060;AMEN;;;;0;0;0;;0;0;;;B;;;;0;M;2025;;;S;WE;0;BRL;;;0;0;M;M;4.066,16;0;;
CDFL;4500118908;;;90;0;0;400487;CABO  MULT 3X120+1X120MM² XLPE 0,6/1 KV;101;EM Entrada mercador.;180032443;1003949;5000221576;1;19/08/2025;26/08/2025;26/08/2025;09:13:37;3.240;177.552,00;INVT;EST_INV_AME;MDCOSTA;;;;;;;;;3.240;M;CDFL - CD FLORES;;0;3.240;3.240;AMEN;;;;0;0;0;;0;0;;;B;;;;0;M;2025;;;S;WE;0;BRL;;;0;0;M;M;12.428,64;0;;
CDFL;4500118908;;;90;0;0;400487;CABO  MULT 3X120+1X120MM² XLPE 0,6/1 KV;101;EM Entrada mercador.;180032250;1003949;5000219147;1;08/08/2025;13/08/2025;13/08/2025;11:19:01;4.027;220.679,60;INVT;EST_INV_AME;MDCOSTA;;;;;;;;;4.027;M;CDFL - CD FLORES;;0;4.027;4.027;AMEN;;;;0;0;0;;0;0;;;B;;;;0;M;2025;;;S;WE;0;BRL;;;0;0;M;M;15.447,57;0;;
CDFL;4500118908;;;90;0;0;400487;CABO  MULT 3X120+1X120MM² XLPE 0,6/1 KV;101;EM Entrada mercador.;180032248;1003949;5000219141;1;07/08/2025;13/08/2025;13/08/2025;11:12:24;5.450;298.660,00;INVT;EST_INV_AME;MDCOSTA;;;;;;;;;5.450;M;CDFL - CD FLORES;;0;5.450;5.450;AMEN;;;;0;0;0;;0;0;;;B;;;;0;M;2025;;;S;WE;0;BRL;;;0;0;M;M;20.906,20;0;;
CDFL;4500118908;;;90;0;0;400487;CABO  MULT 3X120+1X120MM² XLPE 0,6/1 KV;101;EM Entrada mercador.;180032196;1003949;5000218962;2;07/08/2025;12/08/2025;12/08/2025;07:46:38;1.500;82.200,00;INVT;EST_INV_AME;MDCOSTA;;;;;;;;;1.500;M;CDFL - CD FLORES;;0;1.500;1.500;AMEN;;;;0;0;0;;0;0;;;B;;;;0;M;2025;;;S;WE;0;BRL;;;0;0;M;M;5.754,00;0;;
CDFL;4500152157;;;60;0;0;400496;CINTA POSTE CIRC ACO 240MM;101;EM Entrada mercador.;180036104;1003152;5000266254;3;08/05/2026;26/05/2026;26/05/2026;14:21:57;310; R$ 8.717,63 ;INVT;EST_INV_AME;LPEIXOTO;;;;;;;;;310;UN;CDFL - CD FLORES;;0;310;310;AMEN;;;;0;0;0;;0;0;;;B;;;;0;UN;2026;;;S;WE;0;BRL;;;0;0;UN;UN;530,13;1.144,33;;
CDFL;4500145719;;;40;0;0;400506;CONECTOR DER CU 13-34MM2;101;EM Entrada mercador.;180035968;1003799;5000264219;3;15/05/2026;15/05/2026;15/05/2026;14:14:49;1.835; R$ 16.708,04 ;INVT;EST_INV_AME;LPEIXOTO;;;;;;;;;1.835;UN;CDFL - CD FLORES;;0;1.835;1.835;AMEN;;;;0;0;0;;0;0;;;B;;;;0;UN;2026;;;S;WE;0;BRL;;;0;0;UN;UN;1.016,04;2.193,19;;
CDFL;4500151649;;;10;0;0;400506;CONECTOR DER CU 13-34MM2;101;EM Entrada mercador.;180035870;1020062;5000262996;1;27/04/2026;08/05/2026;08/05/2026;15:08:08;2.330; R$ 24.082,88 ;INVT;EST_INV_AME;LPEIXOTO;;;;;;;;;2.330;UN;CDFL - CD FLORES;;0;2.330;2.330;AMEN;;;;0;0;0;;0;0;;;B;;;;0;UN;2026;;;S;WE;0;BRL;;;0;0;UN;UN;2.656,20;1.947,88;;
CDFL;4500145719;;;40;0;0;400506;CONECTOR DER CU 13-34MM2;101;EM Entrada mercador.;180035773;1003799;5000261799;2;18/03/2026;30/04/2026;30/04/2026;08:27:29;700;6.373,64;INVT;EST_INV_AME;MDCOSTA;;;;;;;;;700;UN;CDFL - CD FLORES;;0;700;700;AMEN;;;;0;0;0;;0;0;;;B;;;;0;UN;2026;;;S;WE;0;BRL;;;0;0;UN;UN;387,59;836,64;;
CDFL;4500148053;;;10;0;0;400506;CONECTOR DER CU 13-34MM2;101;EM Entrada mercador.;180035639;1020062;5000260756;1;19/03/2026;17/04/2026;17/04/2026;10:02:41;1.000;10.336,00;INVT;EST_INV_AME;LPEIXOTO;;;;;;;;;1.000;UN;CDFL - CD FLORES;;0;1.000;1.000;AMEN;;;;0;0;0;;0;0;;;B;;;;0;UN;2026;;;S;WE;0;BRL;;;0;0;UN;UN;1.140,00;836;;
CDFL;4500138328;;;30;0;0;400506;CONECTOR DER CU 13-34MM2;101;EM Entrada mercador.;180035098;1003799;5000254308;3;06/03/2026;06/03/2026;06/03/2026;14:06:27;950;8.649,93;INVT;EST_INV_AME;MDCOSTA;;;;;;;;;950;UN;CDFL - CD FLORES;;0;950;950;AMEN;;;;0;0;0;;0;0;;;B;;;;0;UN;2026;;;S;WE;0;BRL;;;0;0;UN;UN;526,01;1.135,44;;
CDFL;4500130665;;;20;0;0;400506;CONECTOR DER CU 13-34MM2;101;EM Entrada mercador.;180033955;1003799;5000239657;2;05/11/2025;04/12/2025;04/12/2025;10:23:49;200;1.821,04;INVT;EST_INV_AME;MDCOSTA;;;;;;;;;200;UN;CDFL - CD FLORES;;0;200;200;AMEN;;;;0;0;0;;0;0;;;B;;;;0;UN;2025;;;S;WE;0;BRL;;;0;0;UN;UN;110,74;239,04;;
CDFL;4500125463;;;20;0;0;400506;CONECTOR DER CU 13-34MM2;101;EM Entrada mercador.;180033145;1003799;5000230030;2;05/09/2025;07/10/2025;07/10/2025;11:15:34;350;3.186,81;INVT;EST_INV_AME;MDCOSTA;;;;;;;;;350;UN;CDFL - CD FLORES;;0;350;350;AMEN;;;;0;0;0;;0;0;;;B;;;;0;UN;2025;;;S;WE;0;BRL;;;0;0;UN;UN;193,79;418,32;;
CDFL;4500145786;;;10;0;0;400507;CONECTOR PARAL AL 10-2/0AWG (6-70MM2);101;EM Entrada mercador.;180035769;1003799;5000261795;1;18/03/2026;30/04/2026;30/04/2026;08:16:39;210;1.549,50;INVT;EST_INV_AME;MDCOSTA;;;;;;;;;210;UN;CDFL - CD FLORES;;0;210;210;AMEN;;;;0;0;0;;0;0;;;B;;;;0;UN;2026;;;S;WE;0;BRL;;;0;0;UN;UN;94,23;203,4;;
CDFL;4500130625;;;30;0;0;400507;CONECTOR PARAL AL 10-2/0AWG (6-70MM2);101;EM Entrada mercador.;180033970;1003799;5000239792;2;05/11/2025;05/12/2025;05/12/2025;09:04:53;600;4.427,13;INVT;EST_INV_AME;MDCOSTA;;;;;;;;;600;UN;CDFL - CD FLORES;;0;600;600;AMEN;;;;0;0;0;;0;0;;;B;;;;0;UN;2025;;;S;WE;0;BRL;;;0;0;UN;UN;269,22;581,13;;
CDFL;4500116511;;;20;0;0;400507;CONECTOR PARAL AL 10-2/0AWG (6-70MM2);101;EM Entrada mercador.;180031881;1003799;5000216750;2;23/06/2025;24/07/2025;24/07/2025;10:57:10;100;737,86;INVT;EST_INV_AME;MDCOSTA;;;;;;;;;100;UN;CDFL - CD FLORES;;0;100;100;AMEN;;;;0;0;0;;0;0;;;B;;;;0;UN;2025;;;S;WE;0;BRL;;;0;0;UN;UN;44,87;96,86;;
CDFL;4500150182;;;10;0;0;400512;CONECTOR DER CUNHA AL 1/0AWG 336,4MCM;101;EM Entrada mercador.;180036175;1003137;5000266333;1;13/04/2026;28/05/2026;28/05/2026;10:01:22;352; R$ 14.092,41 ;INVT;EST_INV_AME;LPEIXOTO;;;;;;;;;352;UN;CDFL - CD FLORES;;0;352;352;AMEN;;;;0;0;0;;0;0;;;B;;;;0;UN;2026;;;S;WE;0;BRL;;;0;0;UN;UN;856,98;1.849,85;;
CDFL;4500145719;;;70;0;0;400512;CONECTOR DER CUNHA AL 1/0AWG 336,4MCM;101;EM Entrada mercador.;180035968;1003799;5000264219;4;15/05/2026;15/05/2026;15/05/2026;14:14:49;45; R$ 2.442,86 ;INVT;EST_INV_AME;LPEIXOTO;;;;;;;;;45;UN;CDFL - CD FLORES;;0;45;45;AMEN;;;;0;0;0;;0;0;;;B;;;;0;UN;2026;;;S;WE;0;BRL;;;0;0;UN;UN;148,55;320,66;;
CDFL;4500130665;;;30;0;0;400545;CONECTOR PARAF FEND DER CU 2,5-70MM²;101;EM Entrada mercador.;180033955;1003799;5000239657;3;05/11/2025;04/12/2025;04/12/2025;10:23:49;82;1.139,29;INVT;EST_INV_AME;MDCOSTA;;;;;;;;;82;UN;CDFL - CD FLORES;;0;82;82;AMEN;;;;0;0;0;;0;0;;;B;;;;0;UN;2025;;;S;WE;0;BRL;;;0;0;UN;UN;69,28;149,55;;
CDFL;4500125463;;;10;0;0;400545;CONECTOR PARAF FEND DER CU 2,5-70MM²;101;EM Entrada mercador.;180033145;1003799;5000230030;1;05/09/2025;07/10/2025;07/10/2025;11:15:34;50;694,68;INVT;EST_INV_AME;MDCOSTA;;;;;;;;;50;UN;CDFL - CD FLORES;;0;50;50;AMEN;;;;0;0;0;;0;0;;;B;;;;0;UN;2025;;;S;WE;0;BRL;;;0;0;UN;UN;42,25;91,19;;
CDFL;4500145747;;;10;0;0;400594;CABO DE AÇO REVESTIDOS DE COBRE 35MM²;101;EM Entrada mercador.;180035836;1009609;5000262655;1;19/03/2026;07/05/2026;07/05/2026;08:11:21;1.635; R$ 156.096,72 ;INVT;EST_INV_AME;LPEIXOTO;;;;;;;;;1.635;KG;CDFL - CD FLORES;;0;1.635;1.635;AMEN;;;;0;0;0;;0;0;;;B;;;;0;KG;2026;;;S;WE;0;BRL;;;0;0;KG;KG;17.216,55;12.625,47;;
CDFL;4500145747;;;10;0;0;400594;CABO DE AÇO REVESTIDOS DE COBRE 35MM²;101;EM Entrada mercador.;180035837;1009609;5000262662;1;19/03/2026;07/05/2026;07/05/2026;08:18:19;2.000; R$ 190.944,00 ;INVT;EST_INV_AME;LPEIXOTO;;;;;;;;;2.000;KG;CDFL - CD FLORES;;0;2.000;2.000;AMEN;;;;0;0;0;;0;0;;;B;;;;0;KG;2026;;;S;WE;0;BRL;;;0;0;KG;KG;21.060,00;15.444,00;;
CDFL;4500145747;;;10;0;0;400594;CABO DE AÇO REVESTIDOS DE COBRE 35MM²;101;EM Entrada mercador.;180035840;1009609;5000262670;1;19/03/2026;07/05/2026;07/05/2026;08:37:18;2.000; R$ 190.944,00 ;INVT;EST_INV_AME;LPEIXOTO;;;;;;;;;2.000;KG;CDFL - CD FLORES;;0;2.000;2.000;AMEN;;;;0;0;0;;0;0;;;B;;;;0;KG;2026;;;S;WE;0;BRL;;;0;0;KG;KG;21.060,00;15.444,00;;
CDFL;4500145747;;;10;0;0;400594;CABO DE AÇO REVESTIDOS DE COBRE 35MM²;101;EM Entrada mercador.;180035841;1009609;5000262671;1;19/03/2026;07/05/2026;07/05/2026;08:46:42;2.000; R$ 190.944,00 ;INVT;EST_INV_AME;LPEIXOTO;;;;;;;;;2.000;KG;CDFL - CD FLORES;;0;2.000;2.000;AMEN;;;;0;0;0;;0;0;;;B;;;;0;KG;2026;;;S;WE;0;BRL;;;0;0;KG;KG;21.060,00;15.444,00;;
CDFL;4500135552;;;10;0;0;400594;CABO DE AÇO REVESTIDOS DE COBRE 35MM²;101;EM Entrada mercador.;180034524;1009609;5000247770;1;27/11/2025;26/01/2026;26/01/2026;14:15:29;3.000;286.416,00;INVT;EST_INV_AME;MDCOSTA;;;;;;;;;3.000;KG;CDFL - CD FLORES;;0;3.000;3.000;AMEN;;;;0;0;0;;0;0;;;B;;;;0;KG;2026;;;S;WE;0;BRL;;;0;0;KG;KG;31.590,00;23.166,00;;
CDFL;4500129076;;;10;0;0;400594;CABO DE AÇO REVESTIDOS DE COBRE 35MM²;101;EM Entrada mercador.;180033680;1009609;5000235527;1;13/10/2025;11/11/2025;11/11/2025;17:22:54;2.662;254.146,46;INVT;EST_INV_AME;MDCOSTA;;;;;;;;;2.662;KG;CDFL - CD FLORES;;0;2.662;2.662;AMEN;;;;0;0;0;;0;0;;;B;;;;0;KG;2025;;;S;WE;0;BRL;;;0;0;KG;KG;28.030,86;20.555,96;;
CDFL;4500125893;;;10;0;0;400594;CABO DE AÇO REVESTIDOS DE COBRE 35MM²;101;EM Entrada mercador.;180032999;1009609;5000228524;1;01/09/2025;26/09/2025;26/09/2025;11:01:54;1.000;95.472,00;INVT;EST_INV_AME;MDCOSTA;;;;;;;;;1.000;KG;CDFL - CD FLORES;;0;1.000;1.000;AMEN;;;;0;0;0;;0;0;;;B;;;;0;KG;2025;;;S;WE;0;BRL;;;0;0;KG;KG;10.530,00;7.722,00;;
CDFL;4500117556;;;10;0;0;400594;CABO DE AÇO REVESTIDOS DE COBRE 35MM²;101;EM Entrada mercador.;180031908;1009609;5000216799;1;26/06/2025;25/07/2025;25/07/2025;09:22:39;922;88.025,18;INVT;EST_INV_AME;MDCOSTA;;;;;;;;;922;KG;CDFL - CD FLORES;;0;922;922;AMEN;;;;0;0;0;;0;0;;;B;;;;0;KG;2025;;;S;WE;0;BRL;;;0;0;KG;KG;9.708,66;7.119,68;;
CDFL;4500153206;;;10;0;0;400603;CABO NU CA AL 4/0 AWG 7X4,417MM OXLIP;101;EM Entrada mercador.;180036196;1003949;5000266398;1;18/05/2026;29/05/2026;29/05/2026;08:24:33;3.548; R$ 102.892,00 ;INVT;EST_INV_AME;LPEIXOTO;;;;;;;;;3.548;KG;CDFL - CD FLORES;;0;3.548;3.548;AMEN;;;;0;0;0;;0;0;;;B;;;;0;KG;2026;;;S;WE;0;BRL;;;0;0;KG;KG;7.202,44;0;;
CDFL;4500153206;;;10;0;0;400603;CABO NU CA AL 4/0 AWG 7X4,417MM OXLIP;101;EM Entrada mercador.;180036091;1003949;5000266196;1;18/05/2026;25/05/2026;25/05/2026;10:29:13;1.817; R$ 52.693,00 ;INVT;EST_INV_AME;LPEIXOTO;;;;;;;;;1.817;KG;CDFL - CD FLORES;;0;1.817;1.817;AMEN;;;;0;0;0;;0;0;;;B;;;;0;KG;2026;;;S;WE;0;BRL;;;0;0;KG;KG;3.688,51;0;;
CDFL;4500153065;;;20;0;0;400708;CABO ELETR 15KV AL PROT XLPE 50MM2 1F MT;101;EM Entrada mercador.;180036085;1003949;5000266175;1;07/05/2026;25/05/2026;25/05/2026;09:36:58;7.029; R$ 39.643,56 ;INVT;EST_INV_AME;LPEIXOTO;;;;;;;;;7.029;M;CDFL - CD FLORES;;0;7.029;7.029;AMEN;;;;0;0;0;;0;0;;;B;;;;0;M;2026;;;S;WE;0;BRL;;;0;0;M;M;2.775,05;0;;
CDFL;4500153065;;;20;0;0;400708;CABO ELETR 15KV AL PROT XLPE 50MM2 1F MT;101;EM Entrada mercador.;180035980;1003949;5000264340;1;06/05/2026;18/05/2026;18/05/2026;08:11:11;4.520; R$ 25.492,80 ;INVT;EST_INV_AME;LPEIXOTO;;;;;;;;;4.520;M;CDFL - CD FLORES;;0;4.520;4.520;AMEN;;;;0;0;0;;0;0;;;B;;;;0;M;2026;;;S;WE;0;BRL;;;0;0;M;M;1.784,50;0;;
CDFL;4500153065;;;20;0;0;400708;CABO ELETR 15KV AL PROT XLPE 50MM2 1F MT;101;EM Entrada mercador.;180035979;1003949;5000264339;1;05/05/2026;18/05/2026;18/05/2026;08:05:23;31.451; R$ 177.383,64 ;INVT;EST_INV_AME;LPEIXOTO;;;;;;;;;31.451;M;CDFL - CD FLORES;;0;31.451;31.451;AMEN;;;;0;0;0;;0;0;;;B;;;;0;M;2026;;;S;WE;0;BRL;;;0;0;M;M;12.416,85;0;;
CDFL;4500148814;;;20;0;0;400708;CABO ELETR 15KV AL PROT XLPE 50MM2 1F MT;101;EM Entrada mercador.;180035368;1003949;5000257207;1;16/03/2026;24/03/2026;24/03/2026;15:06:37;24.937;162.090,50;INVT;EST_INV_AME;MDCOSTA;;;;;;;;;24.937;M;CDFL - CD FLORES;;0;24.937;24.937;AMEN;;;;0;0;0;;0;0;;;B;;;;0;M;2026;;;S;WE;0;BRL;;;0;0;M;M;11.346,34;0;;
CDFL;4500148814;;;20;0;0;400708;CABO ELETR 15KV AL PROT XLPE 50MM2 1F MT;101;EM Entrada mercador.;180035223;1003949;5000256338;1;12/03/2026;16/03/2026;16/03/2026;14:54:32;8.366;54.379,00;INVT;EST_INV_AME;MDCOSTA;;;;;;;;;8.366;M;CDFL - CD FLORES;;0;8.366;8.366;AMEN;;;;0;0;0;;0;0;;;B;;;;0;M;2026;;;S;WE;0;BRL;;;0;0;M;M;3.806,53;0;;
CDFL;4500135901;;;10;0;0;400708;CABO ELETR 15KV AL PROT XLPE 50MM2 1F MT;101;EM Entrada mercador.;180034563;1011333;5000247841;1;27/01/2026;27/01/2026;27/01/2026;16:18:08;23.275;139.853,47;INVT;EST_INV_AME;MDCOSTA;;;;;;;;;23.275;M;CDFL - CD FLORES;;0;23.275;23.275;AMEN;;;;0;0;0;;0;0;;;B;;;;0;M;2026;;;S;WE;0;BRL;;;0;0;M;M;8.504,68;18.357,97;;
CDFL;4500132950;;;10;0;0;400708;CABO ELETR 15KV AL PROT XLPE 50MM2 1F MT;101;EM Entrada mercador.;180034018;1011333;5000240935;1;21/10/2025;10/12/2025;10/12/2025;16:29:05;10.000;60.087,42;INVT;EST_INV_AME;MDCOSTA;;;;;;;;;10.000;M;CDFL - CD FLORES;;0;10.000;10.000;AMEN;;;;0;0;0;;0;0;;;B;;;;0;M;2025;;;S;WE;0;BRL;;;0;0;M;M;3.654,00;7.887,42;;
CDFL;4500128696;;;30;0;0;400708;CABO ELETR 15KV AL PROT XLPE 50MM2 1F MT;101;EM Entrada mercador.;180033636;1011333;5000235084;4;04/10/2025;07/11/2025;07/11/2025;15:58:55;6.000;36.052,45;INVT;EST_INV_AME;MDCOSTA;;;;;;;;;6.000;M;CDFL - CD FLORES;;0;6.000;6.000;AMEN;;;;0;0;0;;0;0;;;B;;;;0;M;2025;;;S;WE;0;BRL;;;0;0;M;M;2.192,44;4.732,54;;
CDFL;4500128696;;;20;0;0;400708;CABO ELETR 15KV AL PROT XLPE 50MM2 1F MT;101;EM Entrada mercador.;180033636;1011333;5000235084;3;04/10/2025;07/11/2025;07/11/2025;15:58:55;392;2.355,43;INVT;EST_INV_AME;MDCOSTA;;;;;;;;;392;M;CDFL - CD FLORES;;0;392;392;AMEN;;;;0;0;0;;0;0;;;B;;;;0;M;2025;;;S;WE;0;BRL;;;0;0;M;M;143,24;309,19;;
CDFL;4500125675;;;10;0;0;400708;CABO ELETR 15KV AL PROT XLPE 50MM2 1F MT;101;EM Entrada mercador.;180032942;1011333;5000228191;1;20/08/2025;24/09/2025;24/09/2025;10:49:00;8.500;51.074,31;INVT;EST_INV_AME;MDCOSTA;;;;;;;;;8.500;M;CDFL - CD FLORES;;0;8.500;8.500;AMEN;;;;0;0;0;;0;0;;;B;;;;0;M;2025;;;S;WE;0;BRL;;;0;0;M;M;3.105,90;6.704,31;;
CDFL;4500118908;;;80;0;0;400710;CABO  MULT 3X95+1X70MM² XLPE 0,6/1 KV;101;EM Entrada mercador.;180031992;1003949;5000217204;1;25/07/2025;31/07/2025;31/07/2025;11:06:07;2.510;90.058,80;INVT;EST_INV_AME;MDCOSTA;;;;;;;;;2.510;M;CDFL - CD FLORES;;0;2.510;2.510;AMEN;;;;0;0;0;;0;0;;;B;;;;0;M;2025;;;S;WE;0;BRL;;;0;0;M;M;6.304,12;0;;
CDFL;4500152874;;;30;0;0;400730;CABO ELET 15KV AL PROT XLPE 185MM2 1F MT;101;EM Entrada mercador.;180036259;1003949;5000266700;1;21/05/2026;02/06/2026;02/06/2026;09:29:27;14.958;268.047,36;INVT;EST_INV_AME;MDCOSTA;;;;;;;;;14.958;M;CDFL - CD FLORES;;0;14.958;14.958;AMEN;;;;0;0;0;;0;0;;;B;;;;0;M;2026;;;S;WE;0;BRL;;;0;0;M;M;18.763,32;0;;
CDFL;4500152874;;;30;0;0;400730;CABO ELET 15KV AL PROT XLPE 185MM2 1F MT;101;EM Entrada mercador.;180036234;1003949;5000266521;1;26/05/2026;01/06/2026;01/06/2026;10:57:07;5.470;98.022,40;INVT;EST_INV_AME;LPEIXOTO;;;;;;;;;5.470;M;CDFL - CD FLORES;;0;5.470;5.470;AMEN;;;;0;0;0;;0;0;;;B;;;;0;M;2026;;;S;WE;0;BRL;;;0;0;M;M;6.861,57;0;;
CDFL;4500152874;;;20;0;0;400730;CABO ELET 15KV AL PROT XLPE 185MM2 1F MT;101;EM Entrada mercador.;180036108;1003949;5000266260;1;14/05/2026;26/05/2026;26/05/2026;14:46:51;13.375; R$ 239.680,00 ;INVT;EST_INV_AME;LPEIXOTO;;;;;;;;;13.375;M;CDFL - CD FLORES;;0;13.375;13.375;AMEN;;;;0;0;0;;0;0;;;B;;;;0;M;2026;;;S;WE;0;BRL;;;0;0;M;M;16.777,60;0;;
CDFL;4500152874;;;20;0;0;400730;CABO ELET 15KV AL PROT XLPE 185MM2 1F MT;101;EM Entrada mercador.;180036109;1003949;5000266261;1;18/05/2026;26/05/2026;26/05/2026;14:54:24;5.535; R$ 99.187,20 ;INVT;EST_INV_AME;LPEIXOTO;;;;;;;;;5.535;M;CDFL - CD FLORES;;0;5.535;5.535;AMEN;;;;0;0;0;;0;0;;;B;;;;0;M;2026;;;S;WE;0;BRL;;;0;0;M;M;6.943,10;0;;
CDFL;4500152874;;;20;0;0;400730;CABO ELET 15KV AL PROT XLPE 185MM2 1F MT;101;EM Entrada mercador.;180036110;1003949;5000266262;1;18/05/2026;26/05/2026;26/05/2026;14:59:07;10.096; R$ 180.920,32 ;INVT;EST_INV_AME;LPEIXOTO;;;;;;;;;10.096;M;CDFL - CD FLORES;;0;10.096;10.096;AMEN;;;;0;0;0;;0;0;;;B;;;;0;M;2026;;;S;WE;0;BRL;;;0;0;M;M;12.664,42;0;;
CDFL;4500152874;;;20;0;0;400730;CABO ELET 15KV AL PROT XLPE 185MM2 1F MT;101;EM Entrada mercador.;180036112;1003949;5000266264;1;19/05/2026;26/05/2026;26/05/2026;15:04:19;1.372; R$ 24.586,24 ;INVT;EST_INV_AME;LPEIXOTO;;;;;;;;;1.372;M;CDFL - CD FLORES;;0;1.372;1.372;AMEN;;;;0;0;0;;0;0;;;B;;;;0;M;2026;;;S;WE;0;BRL;;;0;0;M;M;1.721,04;0;;
CDFL;4500152874;;;20;0;0;400730;CABO ELET 15KV AL PROT XLPE 185MM2 1F MT;101;EM Entrada mercador.;180036088;1003949;5000266180;1;13/05/2026;25/05/2026;25/05/2026;10:04:07;7.622; R$ 136.586,24 ;INVT;EST_INV_AME;LPEIXOTO;;;;;;;;;7.622;M;CDFL - CD FLORES;;0;7.622;7.622;AMEN;;;;0;0;0;;0;0;;;B;;;;0;M;2026;;;S;WE;0;BRL;;;0;0;M;M;9.561,04;0;;
CDFL;4500152874;;;20;0;0;400730;CABO ELET 15KV AL PROT XLPE 185MM2 1F MT;101;EM Entrada mercador.;180035978;1003949;5000264334;1;30/04/2026;18/05/2026;18/05/2026;07:53:15;2.000; R$ 35.840,00 ;INVT;EST_INV_AME;LPEIXOTO;;;;;;;;;2.000;M;CDFL - CD FLORES;;0;2.000;2.000;AMEN;;;;0;0;0;;0;0;;;B;;;;0;M;2026;;;S;WE;0;BRL;;;0;0;M;M;2.508,80;0;;
CDFL;4500137857;;;10;0;0;400730;CABO ELET 15KV AL PROT XLPE 185MM2 1F MT;101;EM Entrada mercador.;180034832;1011333;5000251563;1;16/02/2026;16/02/2026;16/02/2026;16:51:25;24.000;459.979,56;INVT;EST_INV_AME;MDCOSTA;;;;;;;;;24.000;M;CDFL - CD FLORES;;0;24.000;24.000;AMEN;;;;0;0;0;;0;0;;;B;;;;0;M;2026;;;S;WE;0;BRL;;;0;0;M;M;27.972,00;60.379,56;;
CDFL;4500137857;;;10;0;0;400730;CABO ELET 15KV AL PROT XLPE 185MM2 1F MT;101;EM Entrada mercador.;180034657;1011333;5000248757;1;04/02/2026;04/02/2026;04/02/2026;08:04:54;24.904;477.305,46;INVT;EST_INV_AME;MDCOSTA;;;;;;;;;24.904;M;CDFL - CD FLORES;;0;24.904;24.904;AMEN;;;;0;0;0;;0;0;;;B;;;;0;M;2026;;;S;WE;0;BRL;;;0;0;M;M;29.025,61;62.653,86;;
CDFL;4500125894;;;10;0;0;400730;CABO ELET 15KV AL PROT XLPE 185MM2 1F MT;101;EM Entrada mercador.;180033223;1011333;5000230747;2;10/09/2025;13/10/2025;13/10/2025;07:49:07;1.154;22.117,35;INVT;EST_INV_AME;MDCOSTA;;;;;;;;;1.154;M;CDFL - CD FLORES;;0;1.154;1.154;AMEN;;;;0;0;0;;0;0;;;B;;;;0;M;2025;;;S;WE;0;BRL;;;0;0;M;M;1.344,99;2.903,25;;
CDFL;4500125894;;;10;0;0;400730;CABO ELET 15KV AL PROT XLPE 185MM2 1F MT;101;EM Entrada mercador.;180033223;1011333;5000230747;1;10/09/2025;13/10/2025;13/10/2025;07:49:07;30.000;574.974,45;INVT;EST_INV_AME;MDCOSTA;;;;;;;;;30.000;M;CDFL - CD FLORES;;0;30.000;30.000;AMEN;;;;0;0;0;;0;0;;;B;;;;0;M;2025;;;S;WE;0;BRL;;;0;0;M;M;34.965,00;75.474,45;;
CDFL;4500117818;;;20;0;0;400730;CABO ELET 15KV AL PROT XLPE 185MM2 1F MT;101;EM Entrada mercador.;180031965;1011333;5000217012;1;30/06/2025;29/07/2025;29/07/2025;09:47:18;26.184;501.837,70;INVT;EST_INV_AME;MDCOSTA;;;;;;;;;26.184;M;CDFL - CD FLORES;;0;26.184;26.184;AMEN;;;;0;0;0;;0;0;;;B;;;;0;M;2025;;;S;WE;0;BRL;;;0;0;M;M;30.517,45;65.874,10;;
CDFL;4500152852;;;10;0;0;400733;CABO ELET BT 70MM2 CU PVC PT 0,6/1KV;101;EM Entrada mercador.;180035983;1003949;5000264348;1;05/05/2026;18/05/2026;18/05/2026;08:44:06;135; R$ 9.297,44 ;INVT;EST_INV_AME;LPEIXOTO;;;;;;;;;135;M;CDFL - CD FLORES;;0;135;135;AMEN;;;;0;0;0;;0;0;;;B;;;;0;M;2026;;;S;WE;0;BRL;;;0;0;M;M;650,82;0;;
CDFL;4500124112;;;10;0;0;400733;CABO ELET BT 70MM2 CU PVC PT 0,6/1KV;101;EM Entrada mercador.;180034138;1003949;5000243579;1;11/12/2025;18/12/2025;18/12/2025;08:55:21;100;5.698,00;INVT;EST_INV_AME;MDCOSTA;;;;;;;;;100;M;CDFL - CD FLORES;;0;100;100;AMEN;;;;0;0;0;;0;0;;;B;;;;0;M;2025;;;S;WE;0;BRL;;;0;0;M;M;398,86;0;;
CDFL;4500150388;;;180;0;0;400734;CABO ELET FLEXIVEL PVC 750V 2,5MM2 PT;101;EM Entrada mercador.;180035936;1003949;5000263354;11;05/05/2026;13/05/2026;13/05/2026;14:35:54;800; R$ 1.960,00 ;INVT;EST_INV_AME;MDCOSTA;;;;;;;;;800;M;CDFL - CD FLORES;;0;800;800;AMEN;;;;0;0;0;;0;0;;;B;;;;0;M;2026;;;S;WE;0;BRL;;;0;0;M;M;137,2;0;;
CDFL;4500150291;;;10;0;0;400758;CHAVE SECC 1P 15KV 630A 110KV 25KA;101;EM Entrada mercador.;180036098;1003412;5000266238;1;15/05/2026;26/05/2026;26/05/2026;08:47:08;150; R$ 89.785,80 ;INVT;EST_INV_AME;LPEIXOTO;;;;;;;;;150;UN;CDFL - CD FLORES;;0;150;150;AMEN;;;;0;0;0;;0;0;;;B;;;;0;UN;2026;;;S;WE;0;BRL;;;0;0;UN;UN;5.460,00;11.785,80;;
CDFL;4500137858;;;10;0;0;400758;CHAVE SECC 1P 15KV 630A 110KV 25KA;101;EM Entrada mercador.;180034823;1003412;5000251548;1;16/02/2026;16/02/2026;16/02/2026;07:45:12;488;292.103,14;INVT;EST_INV_AME;MDCOSTA;;;;;;;;;488;UN;CDFL - CD FLORES;;0;488;488;AMEN;;;;0;0;0;;0;0;;;B;;;;0;UN;2026;;;S;WE;0;BRL;;;0;0;UN;UN;17.763,20;38.343,14;;
CDFL;4500114002;;;30;0;0;400758;CHAVE SECC 1P 15KV 630A 110KV 25KA;101;EM Entrada mercador.;180032142;1003412;5000218734;1;18/07/2025;11/08/2025;11/08/2025;09:52:57;850;508.786,20;INVT;EST_INV_AME;MDCOSTA;;;;;;;;;850;UN;CDFL - CD FLORES;;0;850;850;AMEN;;;;0;0;0;;0;0;;;B;;;;0;UN;2025;;;S;WE;0;BRL;;;0;0;UN;UN;30.940,00;66.786,20;;
CDFL;4500152157;;;150;0;0;400771;CINTA POSTE ACO 260MM;101;EM Entrada mercador.;180036104;1003152;5000266254;6;08/05/2026;26/05/2026;26/05/2026;14:21:57;65; R$ 1.879,52 ;INVT;EST_INV_AME;LPEIXOTO;;;;;;;;;65;UN;CDFL - CD FLORES;;0;65;65;AMEN;;;;0;0;0;;0;0;;;B;;;;0;UN;2026;;;S;WE;0;BRL;;;0;0;UN;UN;114,3;246,72;;
CDFL;4500148053;;;30;0;0;400790;CONECTOR ATERR REFORÇ HAST/CAB 5/8-35MM2;101;EM Entrada mercador.;180036019;1020062;5000265125;1;24/03/2026;19/05/2026;19/05/2026;15:26:41;5.500; R$ 78.988,80 ;INVT;EST_INV_AME;MDCOSTA;;;;;;;;;5.500;UN;CDFL - CD FLORES;;0;5.500;5.500;AMEN;;;;0;0;0;;0;0;;;B;;;;0;UN;2026;;;S;WE;0;BRL;;;0;0;UN;UN;8.712,00;6.388,80;;
CDFL;4500145743;;;10;0;0;400790;CONECTOR ATERR REFORÇ HAST/CAB 5/8-35MM2;101;EM Entrada mercador.;180035771;1003799;5000261797;1;18/03/2026;30/04/2026;30/04/2026;08:22:12;4.055;88.033,02;INVT;EST_INV_AME;MDCOSTA;;;;;;;;;4.055;UN;CDFL - CD FLORES;;0;4.055;4.055;AMEN;;;;0;0;0;;0;0;;;B;;;;0;UN;2026;;;S;WE;0;BRL;;;0;0;UN;UN;5.353,41;11.555,72;;
CDFL;4500144683;;;20;0;0;400790;CONECTOR ATERR REFORÇ HAST/CAB 5/8-35MM2;101;EM Entrada mercador.;180035770;1003799;5000261796;2;18/03/2026;30/04/2026;30/04/2026;08:20:02;1.294;28.092,41;INVT;EST_INV_AME;MDCOSTA;;;;;;;;;1.294;UN;CDFL - CD FLORES;;0;1.294;1.294;AMEN;;;;0;0;0;;0;0;;;B;;;;0;UN;2026;;;S;WE;0;BRL;;;0;0;UN;UN;1.708,34;3.687,57;;
CDFL;4500138325;;;10;0;0;400790;CONECTOR ATERR REFORÇ HAST/CAB 5/8-35MM2;101;EM Entrada mercador.;180034985;1003799;5000253291;1;29/01/2026;26/02/2026;26/02/2026;16:52:59;3.706;80.456,32;INVT;EST_INV_AME;MDCOSTA;;;;;;;;;3.706;UN;CDFL - CD FLORES;;0;3.706;3.706;AMEN;;;;0;0;0;;0;0;;;B;;;;0;UN;2026;;;S;WE;0;BRL;;;0;0;UN;UN;4.892,66;10.561,16;;
CDFL;4500130788;;;10;0;0;400790;CONECTOR ATERR REFORÇ HAST/CAB 5/8-35MM2;101;EM Entrada mercador.;180033969;1003799;5000239791;1;05/11/2025;05/12/2025;05/12/2025;09:01:27;800;17.367,80;INVT;EST_INV_AME;MDCOSTA;;;;;;;;;800;UN;CDFL - CD FLORES;;0;800;800;AMEN;;;;0;0;0;;0;0;;;B;;;;0;UN;2025;;;S;WE;0;BRL;;;0;0;UN;UN;1.056,16;2.279,80;;
CDFL;4500117817;;;10;0;0;400790;CONECTOR ATERR REFORÇ HAST/CAB 5/8-35MM2;101;EM Entrada mercador.;180032557;1003799;5000222575;1;29/07/2025;01/09/2025;01/09/2025;14:31:33;3.100;67.300,21;INVT;EST_INV_AME;MDCOSTA;;;;;;;;;3.100;UN;CDFL - CD FLORES;;0;3.100;3.100;AMEN;;;;0;0;0;;0;0;;;B;;;;0;UN;2025;;;S;WE;0;BRL;;;0;0;UN;UN;4.092,62;8.834,21;;
CDFL;4500144413;;;40;0;0;400805;ELO FUSIVEL BOTAO DISTRIB H 5A 500MM;101;EM Entrada mercador.;180035525;1024046;5000259506;4;27/03/2026;13/04/2026;13/04/2026;10:22:31;153;903,49;INVT;EST_INV_AME;LPEIXOTO;;;;;;;;;153;UN;CDFL - CD FLORES;;0;153;153;AMEN;;;;0;0;0;;0;0;;;B;;;;0;UN;2026;;;S;WE;0;BRL;;;0;0;UN;UN;54,94;118,6;;
CDFL;4500145740;;;10;0;0;400805;ELO FUSIVEL BOTAO DISTRIB H 5A 500MM;101;EM Entrada mercador.;180035449;1024046;5000257503;1;13/03/2026;31/03/2026;31/03/2026;14:29:50;569;3.360,03;INVT;EST_INV_AME;MDCOSTA;;;;;;;;;569;UN;CDFL - CD FLORES;;0;569;569;AMEN;;;;0;0;0;;0;0;;;B;;;;0;UN;2026;;;S;WE;0;BRL;;;0;0;UN;UN;204,33;441,06;;
CDFL;4500127601;;;10;0;0;400806;ELO FUSIVEL DISTRIB 30K 15KV 500MM;101;EM Entrada mercador.;180033321;1003489;5000232047;1;22/09/2025;17/10/2025;17/10/2025;09:15:03;137;966,71;INVT;EST_INV_AME;MDCOSTA;;;;;;;;;137;UN;CDFL - CD FLORES;;0;137;137;AMEN;;;;0;0;0;;0;0;;;B;;;;0;UN;2025;;;S;WE;0;BRL;;;0;0;UN;UN;58,79;126,9;;
CDFL;4500153065;;;50;0;0;400821;CABO ELET 15KV AL PROT XLPE 120MM2 1F MT;101;EM Entrada mercador.;180036102;1003949;5000266248;2;04/05/2026;26/05/2026;26/05/2026;10:43:23;1.000; R$ 12.490,00 ;INVT;EST_INV_AME;LPEIXOTO;;;;;;;;;1.000;M;CDFL - CD FLORES;;0;1.000;1.000;AMEN;;;;0;0;0;;0;0;;;B;;;;0;M;2026;;;S;WE;0;BRL;;;0;0;M;M;874,3;0;;
CDFL;4500134146;;;10;0;0;400821;CABO ELET 15KV AL PROT XLPE 120MM2 1F MT;101;EM Entrada mercador.;180034017;1011333;5000240930;1;12/11/2025;10/12/2025;10/12/2025;16:25:40;4.000;53.963,57;INVT;EST_INV_AME;MDCOSTA;;;;;;;;;4.000;M;CDFL - CD FLORES;;0;4.000;4.000;AMEN;;;;0;0;0;;0;0;;;B;;;;0;M;2025;;;S;WE;0;BRL;;;0;0;M;M;3.281,60;7.083,57;;
CDFL;4500134146;;;10;0;0;400821;CABO ELET 15KV AL PROT XLPE 120MM2 1F MT;101;EM Entrada mercador.;180034017;1011333;5000240930;2;12/11/2025;10/12/2025;10/12/2025;16:25:40;700;9.443,62;INVT;EST_INV_AME;MDCOSTA;;;;;;;;;700;M;CDFL - CD FLORES;;0;700;700;AMEN;;;;0;0;0;;0;0;;;B;;;;0;M;2025;;;S;WE;0;BRL;;;0;0;M;M;574,28;1.239,62;;
CDFL;4500148260;;;10;0;0;400827;ARRUELA LIS QD AC 17MM 11/16 57X57MM 5MM;101;EM Entrada mercador.;180036218;1021472;5000266444;1;14/04/2026;29/05/2026;29/05/2026;16:04:31;16.800; R$ 49.224,00 ;INVT;EST_INV_AME;MDCOSTA;;;;;;;;;16.800;UN;CDFL - CD FLORES;;0;16.800;16.800;AMEN;;;;0;0;0;;0;0;;;B;;;;0;UN;2026;;;S;WE;0;BRL;;;0;0;UN;UN;0;0;;
CDFL;4500148260;;;10;0;0;400827;ARRUELA LIS QD AC 17MM 11/16 57X57MM 5MM;101;EM Entrada mercador.;180036179;1021472;5000266366;1;27/04/2026;28/05/2026;28/05/2026;14:26:56;42.081; R$ 123.297,33 ;INVT;EST_INV_AME;LPEIXOTO;;;;;;;;;42.081;UN;CDFL - CD FLORES;;0;42.081;42.081;AMEN;;;;0;0;0;;0;0;;;B;;;;0;UN;2026;;;S;WE;0;BRL;;;0;0;UN;UN;0;0;;
CDFL;4500142962;;;90;0;0;400827;ARRUELA LIS QD AC 17MM 11/16 57X57MM 5MM;101;EM Entrada mercador.;180035586;1021472;5000259982;7;13/03/2026;14/04/2026;14/04/2026;15:44:18;5.165;15.133,45;INVT;EST_INV_AME;LPEIXOTO;;;;;;;;;5.165;UN;CDFL - CD FLORES;;0;5.165;5.165;AMEN;;;;0;0;0;;0;0;;;B;;;;0;UN;2026;;;S;WE;0;BRL;;;0;0;UN;UN;0;0;;
CDFL;4500126952;;;10;0;0;400827;ARRUELA LIS QD AC 17MM 11/16 57X57MM 5MM;101;EM Entrada mercador.;180033211;1021472;5000230622;1;16/09/2025;10/10/2025;10/10/2025;10:05:06;12.500;36.625,00;INVT;EST_INV_AME;MDCOSTA;;;;;;;;;12.500;UN;CDFL - CD FLORES;;0;12.500;12.500;AMEN;;;;0;0;0;;0;0;;;B;;;;0;UN;2025;;;S;WE;0;BRL;;;0;0;UN;UN;0;0;;
CDFL;4500114173;;;10;0;0;400827;ARRUELA LIS QD AC 17MM 11/16 57X57MM 5MM;101;EM Entrada mercador.;180031794;1021472;5000215811;1;17/06/2025;18/07/2025;18/07/2025;10:06:16;2.591;7.591,63;INVT;EST_INV_AME;MDCOSTA;;;;;;;;;2.591;UN;CDFL - CD FLORES;;0;2.591;2.591;AMEN;;;;0;0;0;;0;0;;;B;;;;0;UN;2025;;;S;WE;0;BRL;;;0;0;UN;UN;0;0;;
CDFL;4500113053;;;20;0;0;400827;ARRUELA LIS QD AC 17MM 11/16 57X57MM 5MM;101;EM Entrada mercador.;180031789;1021472;5000215736;2;17/06/2025;18/07/2025;18/07/2025;09:07:00;7.420;21.740,60;INVT;EST_INV_AME;MDCOSTA;;;;;;;;;7.420;UN;CDFL - CD FLORES;;0;7.420;7.420;AMEN;;;;0;0;0;;0;0;;;B;;;;0;UN;2025;;;S;WE;0;BRL;;;0;0;UN;UN;0;0;;
CDFL;4500125463;;;30;0;0;400828;CONECTOR DER CUNHA AM AL 4/0AWG 336,4MCM;101;EM Entrada mercador.;180033145;1003799;5000230030;3;05/09/2025;07/10/2025;07/10/2025;11:15:34;150;5.927,58;INVT;EST_INV_AME;MDCOSTA;;;;;;;;;150;UN;CDFL - CD FLORES;;0;150;150;AMEN;;;;0;0;0;;0;0;;;B;;;;0;UN;2025;;;S;WE;0;BRL;;;0;0;UN;UN;360,47;778,09;;
CDFL;4500146591;;;140;0;0;400851;EMENDA PREF COND AL 2/0 AWG 1016MM;101;EM Entrada mercador.;180035754;1007593;5000261750;14;29/04/2026;29/04/2026;29/04/2026;10:04:41;1.202;27.257,36;INVT;EST_INV_AME;MDCOSTA;;;;;;;;;1.202;UN;CDFL - CD FLORES;;0;1.202;1.202;AMEN;;;;0;0;0;;0;0;;;B;;;;0;UN;2026;;;S;WE;0;BRL;;;0;0;UN;UN;1.657,56;3.577,96;;
CDFL;4500151133;;;10;0;0;400889;HASTE ANCORA AC 2400MM 16MM;101;EM Entrada mercador.;180036185;1003152;5000266373;1;08/05/2026;28/05/2026;28/05/2026;15:23:05;725; R$ 36.194,33 ;INVT;EST_INV_AME;LPEIXOTO;;;;;;;;;725;UN;CDFL - CD FLORES;;0;725;725;AMEN;;;;0;0;0;;0;0;;;B;;;;0;UN;2026;;;S;WE;0;BRL;;;0;0;UN;UN;2.201,03;4.751,08;;
CDFL;4500147613;;;10;0;0;400906;HASTE ATERRAMENTO CI AC 14,3X2438MM;101;EM Entrada mercador.;180035677;1009609;5000261327;1;24/03/2026;22/04/2026;22/04/2026;14:25:44;1.866;185.967,05;INVT;EST_INV_AME;MDCOSTA;;;;;;;;;1.866;UN;CDFL - CD FLORES;;0;1.866;1.866;AMEN;;;;0;0;0;;0;0;;;B;;;;0;UN;2026;;;S;WE;0;BRL;;;0;0;UN;UN;20.511,07;15.041,45;;
CDFL;4500147613;;;10;0;0;400906;HASTE ATERRAMENTO CI AC 14,3X2438MM;101;EM Entrada mercador.;180035690;1009609;5000261346;1;24/03/2026;22/04/2026;22/04/2026;15:54:36;2.000;199.321,60;INVT;EST_INV_AME;MDCOSTA;;;;;;;;;2.000;UN;CDFL - CD FLORES;;0;2.000;2.000;AMEN;;;;0;0;0;;0;0;;;B;;;;0;UN;2026;;;S;WE;0;BRL;;;0;0;UN;UN;21.984,00;16.121,60;;
CDFL;4500121183;;;10;0;0;400906;HASTE ATERRAMENTO CI AC 14,3X2438MM;101;EM Entrada mercador.;180032396;1020062;5000220910;1;28/07/2025;22/08/2025;22/08/2025;09:28:11;2.120;211.280,90;INVT;EST_INV_AME;MDCOSTA;;;;;;;;;2.120;UN;CDFL - CD FLORES;;0;2.120;2.120;AMEN;;;;0;0;0;;0;0;;;B;;;;0;UN;2025;;;S;WE;0;BRL;;;0;0;UN;UN;23.303,04;17.088,90;;
CDFL;4500121299;;;20;0;0;400908;MAO FRANCESA BECO AC 1970MM 45X45X45MM;101;EM Entrada mercador.;180033099;1007262;5000229560;1;08/09/2025;03/10/2025;03/10/2025;08:29:56;1.030;91.018,38;INVT;EST_INV_AME;MDCOSTA;;;;;;;;;1.030;UN;CDFL - CD FLORES;;0;1.030;1.030;AMEN;;;;0;0;0;;0;0;;;B;;;;0;UN;2025;;;S;WE;0;BRL;;;0;0;UN;UN;10.038,79;7.361,78;;
CDFL;4500113303;;;10;0;0;400908;MAO FRANCESA BECO AC 1970MM 45X45X45MM;101;EM Entrada mercador.;180031691;1007262;5000214519;1;23/06/2025;11/07/2025;11/07/2025;10:22:08;218;19.264,07;INVT;EST_INV_AME;MDCOSTA;;;;;;;;;218;UN;CDFL - CD FLORES;;0;218;218;AMEN;;;;0;0;0;;0;0;;;B;;;;0;UN;2025;;;S;WE;0;BRL;;;0;0;UN;UN;2.124,72;1.558,12;;
CDFL;4500114558;;;10;0;0;400908;MAO FRANCESA BECO AC 1970MM 45X45X45MM;101;EM Entrada mercador.;180031693;1007262;5000214523;1;23/06/2025;11/07/2025;11/07/2025;10:30:28;1.445;127.690,84;INVT;EST_INV_AME;MDCOSTA;;;;;;;;;1.445;UN;CDFL - CD FLORES;;0;1.445;1.445;AMEN;;;;0;0;0;;0;0;;;B;;;;0;UN;2025;;;S;WE;0;BRL;;;0;0;UN;UN;14.083,55;10.327,94;;
CDFL;4500137958;;;30;0;0;400910;ISOLADOR DISCO 152X140MM 60KV 4500KGF;101;EM Entrada mercador.;180036252;1003624;5000266658;1;02/06/2026;02/06/2026;02/06/2026;08:13:11;658;14.673,40;INVT;EST_INV_AME;MDCOSTA;;;;;;;;;658;UN;CDFL - CD FLORES;;0;658;658;AMEN;;;;0;0;0;;0;0;;;B;;;;0;UN;2026;;;S;WE;0;BRL;;;0;0;UN;UN;0;0;;
CDFL;4500117393;;;30;0;0;400910;ISOLADOR DISCO 152X140MM 60KV 4500KGF;101;EM Entrada mercador.;180031876;1003624;5000216727;1;18/07/2025;24/07/2025;24/07/2025;08:07:53;100;2.230,00;INVT;EST_INV_AME;MDCOSTA;;;;;;;;;100;UN;CDFL - CD FLORES;;0;100;100;AMEN;;;;0;0;0;;0;0;;;B;;;;0;UN;2025;;;S;WE;0;BRL;;;0;0;UN;UN;0;0;;
CDFL;4500123127;;;10;0;0;400910;ISOLADOR DISCO 152X140MM 60KV 4500KGF;101;EM Entrada mercador.;180031827;1003624;5000216277;1;15/07/2025;21/07/2025;21/07/2025;16:10:50;200;4.460,00;INVT;EST_INV_AME;MDCOSTA;;;;;;;;;200;UN;CDFL - CD FLORES;;0;200;200;AMEN;;;;0;0;0;;0;0;;;B;;;;0;UN;2025;;;S;WE;0;BRL;;;0;0;UN;UN;0;0;;
CDFL;4500143290;;;10;0;0;400930;PARAFUSO CAB ABA AC 10MM 115MM;101;EM Entrada mercador.;180035785;1007262;5000261813;1;30/04/2026;30/04/2026;30/04/2026;10:39:42;9.106;24.966,48;INVT;EST_INV_AME;MDCOSTA;;;;;;;;;9.106;UN;CDFL - CD FLORES;;0;9.106;9.106;AMEN;;;;0;0;0;;0;0;;;B;;;;0;UN;2026;;;S;WE;0;BRL;;;0;0;UN;UN;2.753,66;2.019,35;;
CDFL;4500152607;;;10;0;0;400930;PARAFUSO CAB ABA AC 10MM 115MM;101;EM Entrada mercador.;180035743;1016114;5000261734;1;24/04/2026;29/04/2026;29/04/2026;08:30:13;1.103;3.099,43;INVT;EST_INV_AME;MDCOSTA;;;;;;;;;1.103;UN;CDFL - CD FLORES;;0;1.103;1.103;AMEN;;;;0;0;0;;0;0;;;B;;;;0;UN;2026;;;S;WE;0;BRL;;;0;0;UN;UN;0;0;;
CDFL;4500138713;;;20;0;0;400930;PARAFUSO CAB ABA AC 10MM 115MM;101;EM Entrada mercador.;180034861;1007262;5000251978;2;09/02/2026;19/02/2026;19/02/2026;16:12:48;1.000;2.741,76;INVT;EST_INV_AME;MDCOSTA;;;;;;;;;1.000;UN;CDFL - CD FLORES;;0;1.000;1.000;AMEN;;;;0;0;0;;0;0;;;B;;;;0;UN;2026;;;S;WE;0;BRL;;;0;0;UN;UN;302,4;221,76;;
CDFL;4500113050;;;10;0;0;400930;PARAFUSO CAB ABA AC 10MM 115MM;101;EM Entrada mercador.;180031690;1007262;5000214518;1;23/06/2025;11/07/2025;11/07/2025;10:13:49;7.277;19.951,80;INVT;EST_INV_AME;MDCOSTA;;;;;;;;;7.277;UN;CDFL - CD FLORES;;0;7.277;7.277;AMEN;;;;0;0;0;;0;0;;;B;;;;0;UN;2025;;;S;WE;0;BRL;;;0;0;UN;UN;2.200,56;1.613,75;;
CDFL;4500148493;;;30;0;0;400937;MED EL 2E 3F 120V 120A GD B;101;EM Entrada mercador.;180036213;1009535;5000266423;1;18/05/2026;29/05/2026;29/05/2026;10:58:59;1.000; R$ 100.000,00 ;INVT;EST_INV_AME;MDCOSTA;;;;;;;;;1.000;UN;CDFL - CD FLORES;;0;1.000;1.000;AMEN;;;;0;0;0;;0;0;;;B;;;;0;UN;2026;;;S;WE;0;BRL;;;0;0;UN;UN;20.000,00;0;;
CDFL;4500148300;;;10;0;0;400937;MED EL 2E 3F 120V 120A GD B;101;EM Entrada mercador.;180036209;1009535;5000266420;1;13/05/2026;29/05/2026;29/05/2026;10:52:09;1.000; R$ 100.000,00 ;INVT;EST_INV_AME;MDCOSTA;;;;;;;;;1.000;UN;CDFL - CD FLORES;;0;1.000;1.000;AMEN;;;;0;0;0;;0;0;;;B;;;;0;UN;2026;;;S;WE;0;BRL;;;0;0;UN;UN;20.000,00;0;;
CDFL;4500148493;;;30;0;0;400937;MED EL 2E 3F 120V 120A GD B;101;EM Entrada mercador.;180036207;1009535;5000266418;1;18/05/2026;29/05/2026;29/05/2026;10:49:45;889; R$ 88.900,00 ;INVT;EST_INV_AME;MDCOSTA;;;;;;;;;889;UN;CDFL - CD FLORES;;0;889;889;AMEN;;;;0;0;0;;0;0;;;B;;;;0;UN;2026;;;S;WE;0;BRL;;;0;0;UN;UN;17.780,00;0;;
CDFL;4500148300;;;10;0;0;400937;MED EL 2E 3F 120V 120A GD B;101;EM Entrada mercador.;180036206;1009535;5000266415;1;13/05/2026;29/05/2026;29/05/2026;10:43:05;1.000; R$ 100.000,00 ;INVT;EST_INV_AME;MDCOSTA;;;;;;;;;1.000;UN;CDFL - CD FLORES;;0;1.000;1.000;AMEN;;;;0;0;0;;0;0;;;B;;;;0;UN;2026;;;S;WE;0;BRL;;;0;0;UN;UN;20.000,00;0;;
CDFL;4500148493;;;30;0;0;400937;MED EL 2E 3F 120V 120A GD B;101;EM Entrada mercador.;180036214;1009535;5000266425;1;18/05/2026;29/05/2026;29/05/2026;11:02:13;1.000; R$ 100.000,00 ;INVT;EST_INV_AME;MDCOSTA;;;;;;;;;1.000;UN;CDFL - CD FLORES;;0;1.000;1.000;AMEN;;;;0;0;0;;0;0;;;B;;;;0;UN;2026;;;S;WE;0;BRL;;;0;0;UN;UN;20.000,00;0;;
CDFL;4500148300;;;10;0;0;400937;MED EL 2E 3F 120V 120A GD B;101;EM Entrada mercador.;180036215;1009535;5000266427;1;18/05/2026;29/05/2026;29/05/2026;11:06:18;865; R$ 86.500,00 ;INVT;EST_INV_AME;MDCOSTA;;;;;;;;;865;UN;CDFL - CD FLORES;;0;865;865;AMEN;;;;0;0;0;;0;0;;;B;;;;0;UN;2026;;;S;WE;0;BRL;;;0;0;UN;UN;17.300,00;0;;
CDFL;4500126386;;;20;0;0;400937;MED EL 2E 3F 120V 120A GD B;101;EM Entrada mercador.;180033732;1009535;5000236001;1;31/10/2025;14/11/2025;14/11/2025;09:33:55;600;60.000,00;INVT;EST_INV_AME;MDCOSTA;;;;;;;;;600;UN;CDFL - CD FLORES;;0;600;600;AMEN;;;;0;0;0;;0;0;;;B;;;;0;UN;2025;;;S;WE;0;BRL;;;0;0;UN;UN;12.000,00;0;;
CDFL;4500126386;;;20;0;0;400937;MED EL 2E 3F 120V 120A GD B;101;EM Entrada mercador.;180033731;1009535;5000236000;1;30/10/2025;14/11/2025;14/11/2025;09:30:00;4.000;400.000,00;INVT;EST_INV_AME;MDCOSTA;;;;;;;;;4.000;UN;CDFL - CD FLORES;;0;4.000;4.000;AMEN;;;;0;0;0;;0;0;;;B;;;;0;UN;2025;;;S;WE;0;BRL;;;0;0;UN;UN;80.000,00;0;;
CDFL;4500119379;;;20;0;0;400937;MED EL 2E 3F 120V 120A GD B;101;EM Entrada mercador.;180033302;1009535;5000231953;1;24/09/2025;16/10/2025;16/10/2025;15:17:36;4.000;400.000,00;INVT;EST_INV_AME;MDCOSTA;;;;;;;;;4.000;UN;CDFL - CD FLORES;;0;4.000;4.000;AMEN;;;;0;0;0;;0;0;;;B;;;;0;UN;2025;;;S;WE;0;BRL;;;0;0;UN;UN;80.000,00;0;;
CDFL;4500119379;;;20;0;0;400937;MED EL 2E 3F 120V 120A GD B;101;EM Entrada mercador.;180033142;1009535;5000230027;1;27/09/2025;07/10/2025;07/10/2025;10:41:45;350;35.000,00;INVT;EST_INV_AME;MDCOSTA;;;;;;;;;350;UN;CDFL - CD FLORES;;0;350;350;AMEN;;;;0;0;0;;0;0;;;B;;;;0;UN;2025;;;S;WE;0;BRL;;;0;0;UN;UN;7.000,00;0;;
CDFL;4500097348;;;20;0;0;400937;MED EL 2E 3F 120V 120A GD B;101;EM Entrada mercador.;180032934;1003382;5000228142;1;26/08/2025;24/09/2025;24/09/2025;09:02:05;12;1.218,39;INVT;EST_INV_AME;MDCOSTA;;;;;;;;;12;UN;CDFL - CD FLORES;;0;12;12;AMEN;;;;0;0;0;;0;0;;;B;;;;0;UN;2025;;;S;WE;0;BRL;;;0;0;UN;UN;134,38;98,55;;
CDFL;4500116577;;;20;0;0;400937;MED EL 2E 3F 120V 120A GD B;101;EM Entrada mercador.;180032092;1003382;5000218009;1;16/07/2025;07/08/2025;07/08/2025;11:15:25;1.000;101.532,16;INVT;EST_INV_AME;MDCOSTA;;;;;;;;;1.000;UN;CDFL - CD FLORES;;0;1.000;1.000;AMEN;;;;0;0;0;;0;0;;;B;;;;0;UN;2025;;;S;WE;0;BRL;;;0;0;UN;UN;11.198,40;8.212,16;;
CDFL;4500116577;;;20;0;0;400937;MED EL 2E 3F 120V 120A GD B;101;EM Entrada mercador.;180032092;1003382;5000218009;8;16/07/2025;07/08/2025;07/08/2025;11:15:25;1.000;101.532,16;INVT;EST_INV_AME;MDCOSTA;;;;;;;;;1.000;UN;CDFL - CD FLORES;;0;1.000;1.000;AMEN;;;;0;0;0;;0;0;;;B;;;;0;UN;2025;;;S;WE;0;BRL;;;0;0;UN;UN;11.198,40;8.212,16;;
CDFL;4500116577;;;20;0;0;400937;MED EL 2E 3F 120V 120A GD B;101;EM Entrada mercador.;180032092;1003382;5000218009;7;16/07/2025;07/08/2025;07/08/2025;11:15:25;1.000;101.532,16;INVT;EST_INV_AME;MDCOSTA;;;;;;;;;1.000;UN;CDFL - CD FLORES;;0;1.000;1.000;AMEN;;;;0;0;0;;0;0;;;B;;;;0;UN;2025;;;S;WE;0;BRL;;;0;0;UN;UN;11.198,40;8.212,16;;
CDFL;4500116577;;;20;0;0;400937;MED EL 2E 3F 120V 120A GD B;101;EM Entrada mercador.;180032092;1003382;5000218009;9;16/07/2025;07/08/2025;07/08/2025;11:15:25;800;81.225,73;INVT;EST_INV_AME;MDCOSTA;;;;;;;;;800;UN;CDFL - CD FLORES;;0;800;800;AMEN;;;;0;0;0;;0;0;;;B;;;;0;UN;2025;;;S;WE;0;BRL;;;0;0;UN;UN;8.958,72;6.569,73;;
CDFL;4500116577;;;20;0;0;400937;MED EL 2E 3F 120V 120A GD B;101;EM Entrada mercador.;180032092;1003382;5000218009;2;16/07/2025;07/08/2025;07/08/2025;11:15:25;1.000;101.532,16;INVT;EST_INV_AME;MDCOSTA;;;;;;;;;1.000;UN;CDFL - CD FLORES;;0;1.000;1.000;AMEN;;;;0;0;0;;0;0;;;B;;;;0;UN;2025;;;S;WE;0;BRL;;;0;0;UN;UN;11.198,40;8.212,16;;
CDFL;4500116577;;;20;0;0;400937;MED EL 2E 3F 120V 120A GD B;101;EM Entrada mercador.;180032092;1003382;5000218009;6;16/07/2025;07/08/2025;07/08/2025;11:15:25;1.000;101.532,16;INVT;EST_INV_AME;MDCOSTA;;;;;;;;;1.000;UN;CDFL - CD FLORES;;0;1.000;1.000;AMEN;;;;0;0;0;;0;0;;;B;;;;0;UN;2025;;;S;WE;0;BRL;;;0;0;UN;UN;11.198,40;8.212,16;;
CDFL;4500116577;;;20;0;0;400937;MED EL 2E 3F 120V 120A GD B;101;EM Entrada mercador.;180032092;1003382;5000218009;5;16/07/2025;07/08/2025;07/08/2025;11:15:25;1.000;101.532,16;INVT;EST_INV_AME;MDCOSTA;;;;;;;;;1.000;UN;CDFL - CD FLORES;;0;1.000;1.000;AMEN;;;;0;0;0;;0;0;;;B;;;;0;UN;2025;;;S;WE;0;BRL;;;0;0;UN;UN;11.198,40;8.212,16;;
CDFL;4500116577;;;20;0;0;400937;MED EL 2E 3F 120V 120A GD B;101;EM Entrada mercador.;180032092;1003382;5000218009;4;16/07/2025;07/08/2025;07/08/2025;11:15:25;1.000;101.532,16;INVT;EST_INV_AME;MDCOSTA;;;;;;;;;1.000;UN;CDFL - CD FLORES;;0;1.000;1.000;AMEN;;;;0;0;0;;0;0;;;B;;;;0;UN;2025;;;S;WE;0;BRL;;;0;0;UN;UN;11.198,40;8.212,16;;
CDFL;4500116577;;;20;0;0;400937;MED EL 2E 3F 120V 120A GD B;101;EM Entrada mercador.;180032092;1003382;5000218009;3;16/07/2025;07/08/2025;07/08/2025;11:15:25;1.000;101.532,16;INVT;EST_INV_AME;MDCOSTA;;;;;;;;;1.000;UN;CDFL - CD FLORES;;0;1.000;1.000;AMEN;;;;0;0;0;;0;0;;;B;;;;0;UN;2025;;;S;WE;0;BRL;;;0;0;UN;UN;11.198,40;8.212,16;;
CDFL;4500109703;;;20;0;0;400937;MED EL 2E 3F 120V 120A GD B;101;EM Entrada mercador.;180031957;1003382;5000217004;1;04/07/2025;29/07/2025;29/07/2025;09:03:58;2.300;233.523,97;INVT;EST_INV_AME;MDCOSTA;;;;;;;;;2.300;UN;CDFL - CD FLORES;;0;2.300;2.300;AMEN;;;;0;0;0;;0;0;;;B;;;;0;UN;2025;;;S;WE;0;BRL;;;0;0;UN;UN;25.756,32;18.887,97;;
CDFL;4500137980;;;20;0;0;400945;PARAFUSO CAB ABA PESC QD EM AC 5/8PX45MM;101;EM Entrada mercador.;180034862;1007262;5000251980;2;19/02/2026;19/02/2026;19/02/2026;16:17:58;50;226,3;INVT;EST_INV_AME;MDCOSTA;;;;;;;;;50;UN;CDFL - CD FLORES;;0;50;50;AMEN;;;;0;0;0;;0;0;;;B;;;;0;UN;2026;;;S;WE;0;BRL;;;0;0;UN;UN;24,96;18,3;;
CDFL;4500132128;;;40;0;0;400945;PARAFUSO CAB ABA PESC QD EM AC 5/8PX45MM;101;EM Entrada mercador.;180034695;1007262;5000249378;4;05/02/2026;05/02/2026;05/02/2026;18:15:47;93;420,93;INVT;EST_INV_AME;MDCOSTA;;;;;;;;;93;UN;CDFL - CD FLORES;;0;93;93;AMEN;;;;0;0;0;;0;0;;;B;;;;0;UN;2026;;;S;WE;0;BRL;;;0;0;UN;UN;46,43;34,05;;
CDFL;4500113050;;;20;0;0;400945;PARAFUSO CAB ABA PESC QD EM AC 5/8PX45MM;101;EM Entrada mercador.;180031690;1007262;5000214518;2;23/06/2025;11/07/2025;11/07/2025;10:13:49;306;1.384,97;INVT;EST_INV_AME;MDCOSTA;;;;;;;;;306;UN;CDFL - CD FLORES;;0;306;306;AMEN;;;;0;0;0;;0;0;;;B;;;;0;UN;2025;;;S;WE;0;BRL;;;0;0;UN;UN;152,76;112,02;;
CDFL;4500143290;;;140;0;0;400951;PARAFUSO MAQ CAB QD AC 5/8X24P;101;EM Entrada mercador.;180035785;1007262;5000261813;8;30/04/2026;30/04/2026;30/04/2026;10:39:42;87;2.708,11;INVT;EST_INV_AME;MDCOSTA;;;;;;;;;87;UN;CDFL - CD FLORES;;0;87;87;AMEN;;;;0;0;0;;0;0;;;B;;;;0;UN;2026;;;S;WE;0;BRL;;;0;0;UN;UN;298,69;219,04;;
CDFL;4500153387;;;10;0;0;400968;POSTE FIBRA VIDRO 11M 200DAN;101;EM Entrada mercador.;180036177;1011711;5000266335;1;28/05/2026;28/05/2026;28/05/2026;11:06:58;50; R$ 90.050,00 ;INVT;EST_INV_AME;LPEIXOTO;;;;;;;;;50;UN;CDFL - CD FLORES;;0;50;50;AMEN;;;;0;0;0;;0;0;;;B;;;;0;UN;2026;;;S;WE;0;BRL;;;0;0;UN;UN;6.303,50;0;;
CDFL;4500153387;;;10;0;0;400968;POSTE FIBRA VIDRO 11M 200DAN;101;EM Entrada mercador.;180036176;1011711;5000266334;1;28/05/2026;28/05/2026;28/05/2026;10:57:47;50; R$ 90.050,00 ;INVT;EST_INV_AME;LPEIXOTO;;;;;;;;;50;UN;CDFL - CD FLORES;;0;50;50;AMEN;;;;0;0;0;;0;0;;;B;;;;0;UN;2026;;;S;WE;0;BRL;;;0;0;UN;UN;6.303,50;0;;
CDFL;4500152236;;;10;0;0;400968;POSTE FIBRA VIDRO 11M 200DAN;101;EM Entrada mercador.;180035962;1011711;5000264186;1;15/05/2026;15/05/2026;15/05/2026;10:39:53;50; R$ 90.050,00 ;INVT;EST_INV_AME;LPEIXOTO;;;;;;;;;50;UN;CDFL - CD FLORES;;0;50;50;AMEN;;;;0;0;0;;0;0;;;B;;;;0;UN;2026;;;S;WE;0;BRL;;;0;0;UN;UN;6.303,50;0;;
CDFL;4500152236;;;20;0;0;400968;POSTE FIBRA VIDRO 11M 200DAN;101;EM Entrada mercador.;180035964;1011711;5000264189;1;15/05/2026;15/05/2026;15/05/2026;10:47:06;50; R$ 90.050,00 ;INVT;EST_INV_AME;LPEIXOTO;;;;;;;;;50;UN;CDFL - CD FLORES;;0;50;50;AMEN;;;;0;0;0;;0;0;;;B;;;;0;UN;2026;;;S;WE;0;BRL;;;0;0;UN;UN;6.303,50;0;;
CDFL;4500151168;;;20;0;0;400968;POSTE FIBRA VIDRO 11M 200DAN;101;EM Entrada mercador.;180035823;1011711;5000262536;1;05/05/2026;05/05/2026;05/05/2026;14:50:50;50; R$ 90.050,00 ;INVT;EST_INV_AME;LPEIXOTO;;;;;;;;;50;UN;CDFL - CD FLORES;;0;50;50;AMEN;;;;0;0;0;;0;0;;;B;;;;0;UN;2026;;;S;WE;0;BRL;;;0;0;UN;UN;6.303,50;0;;
CDFL;4500151168;;;10;0;0;400968;POSTE FIBRA VIDRO 11M 200DAN;101;EM Entrada mercador.;180035693;1011711;5000261398;1;23/04/2026;23/04/2026;23/04/2026;10:28:37;50;90.050,00;INVT;EST_INV_AME;MDCOSTA;;;;;;;;;50;UN;CDFL - CD FLORES;;0;50;50;AMEN;;;;0;0;0;;0;0;;;B;;;;0;UN;2026;;;S;WE;0;BRL;;;0;0;UN;UN;6.303,50;0;;
CDFL;4500144675;;;30;0;0;400968;POSTE FIBRA VIDRO 11M 200DAN;101;EM Entrada mercador.;180034853;1011711;5000251758;1;19/02/2026;19/02/2026;19/02/2026;08:49:07;50;90.050,00;INVT;EST_INV_AME;MDCOSTA;;;;;;;;;50;UN;CDFL - CD FLORES;;0;50;50;AMEN;;;;0;0;0;;0;0;;;B;;;;0;UN;2026;;;S;WE;0;BRL;;;0;0;UN;UN;6.303,50;0;;
CDFL;4500144675;;;10;0;0;400968;POSTE FIBRA VIDRO 11M 200DAN;101;EM Entrada mercador.;180034664;1011711;5000248828;1;04/02/2026;04/02/2026;04/02/2026;11:22:56;50;90.050,00;INVT;EST_INV_AME;MDCOSTA;;;;;;;;;50;UN;CDFL - CD FLORES;;0;50;50;AMEN;;;;0;0;0;;0;0;;;B;;;;0;UN;2026;;;S;WE;0;BRL;;;0;0;UN;UN;6.303,50;0;;
CDFL;4500138188;;;10;0;0;400968;POSTE FIBRA VIDRO 11M 200DAN;101;EM Entrada mercador.;180034216;1011711;5000243954;1;17/12/2025;22/12/2025;22/12/2025;14:50:45;23;41.423,00;INVT;EST_INV_AME;MDCOSTA;;;;;;;;;23;UN;CDFL - CD FLORES;;0;23;23;AMEN;;;;0;0;0;;0;0;;;B;;;;0;UN;2025;;;S;WE;0;BRL;;;0;0;UN;UN;2.899,61;0;;
CDFL;4500137952;;;10;0;0;400968;POSTE FIBRA VIDRO 11M 200DAN;101;EM Entrada mercador.;180034041;1011711;5000241303;1;01/12/2025;11/12/2025;11/12/2025;15:05:34;50;90.050,00;INVT;EST_INV_AME;MDCOSTA;;;;;;;;;50;UN;CDFL - CD FLORES;;0;50;50;AMEN;;;;0;0;0;;0;0;;;B;;;;0;UN;2025;;;S;WE;0;BRL;;;0;0;UN;UN;6.303,50;0;;
CDFL;4500133909;;;10;0;0;400968;POSTE FIBRA VIDRO 11M 200DAN;101;EM Entrada mercador.;180033776;1011711;5000236353;1;30/10/2025;17/11/2025;17/11/2025;14:21:36;50;90.050,00;INVT;EST_INV_AME;LPEIXOTO;;;;;;;;;50;UN;CDFL - CD FLORES;;0;50;50;AMEN;;;;0;0;0;;0;0;;;B;;;;0;UN;2025;;;S;WE;0;BRL;;;0;0;UN;UN;6.303,50;0;;
CDFL;4500133909;;;10;0;0;400968;POSTE FIBRA VIDRO 11M 200DAN;101;EM Entrada mercador.;180033543;1011711;5000234284;1;27/10/2025;31/10/2025;31/10/2025;08:32:08;50;90.050,00;INVT;EST_INV_AME;MDCOSTA;;;;;;;;;50;UN;CDFL - CD FLORES;;0;50;50;AMEN;;;;0;0;0;;0;0;;;B;;;;0;UN;2025;;;S;WE;0;BRL;;;0;0;UN;UN;6.303,50;0;;
CDFL;4500133909;;;10;0;0;400968;POSTE FIBRA VIDRO 11M 200DAN;101;EM Entrada mercador.;180033539;1011711;5000234272;1;21/10/2025;30/10/2025;30/10/2025;15:30:48;11;19.811,00;INVT;EST_INV_AME;MDCOSTA;;;;;;;;;11;UN;CDFL - CD FLORES;;0;11;11;AMEN;;;;0;0;0;;0;0;;;B;;;;0;UN;2025;;;S;WE;0;BRL;;;0;0;UN;UN;1.386,77;0;;
CDFL;4500129852;;;20;0;0;400968;POSTE FIBRA VIDRO 11M 200DAN;101;EM Entrada mercador.;180032866;1011711;5000227116;1;17/09/2025;19/09/2025;19/09/2025;15:29:32;100;180.100,00;INVT;EST_INV_AME;GRIBEIRO;;;;;;;;;100;UN;CDFL - CD FLORES;;0;100;100;AMEN;;;;0;0;0;;0;0;;;B;;;;0;UN;2025;;;S;WE;0;BRL;;;0;0;UN;UN;12.607,00;0;;
CDFL;4500142861;;;20;0;0;400974;PORCA QUADRADA AC 16MM 2MM;101;EM Entrada mercador.;180035587;1021472;5000259989;2;13/03/2026;14/04/2026;14/04/2026;15:50:38;10.000;26.000,00;INVT;EST_INV_AME;LPEIXOTO;;;;;;;;;10.000;UN;CDFL - CD FLORES;;0;10.000;10.000;AMEN;;;;0;0;0;;0;0;;;B;;;;0;UN;2026;;;S;WE;0;BRL;;;0;0;UN;UN;0;0;;
CDFL;4500137970;;;40;0;0;400974;PORCA QUADRADA AC 16MM 2MM;101;EM Entrada mercador.;180034698;1010868;5000249396;4;06/02/2026;06/02/2026;06/02/2026;08:51:30;4.388;5.303,58;INVT;EST_INV_AME;MDCOSTA;;;;;;;;;4.388;UN;CDFL - CD FLORES;;0;4.388;4.388;AMEN;;;;0;0;0;;0;0;;;B;;;;0;UN;2026;;;S;WE;0;BRL;;;0;0;UN;UN;322,52;696,18;;
CDFL;4500124896;;;60;0;0;400974;PORCA QUADRADA AC 16MM 2MM;101;EM Entrada mercador.;180033216;1021472;5000230688;3;16/09/2025;10/10/2025;10/10/2025;14:20:45;750;1.950,00;INVT;EST_INV_AME;MDCOSTA;;;;;;;;;750;UN;CDFL - CD FLORES;;0;750;750;AMEN;;;;0;0;0;;0;0;;;B;;;;0;UN;2025;;;S;WE;0;BRL;;;0;0;UN;UN;0;0;;
CDFL;4500121302;;;50;0;0;400974;PORCA QUADRADA AC 16MM 2MM;101;EM Entrada mercador.;180032478;1010868;5000221784;1;29/07/2025;27/08/2025;27/08/2025;10:01:04;2.302;2.782,32;INVT;EST_INV_AME;MDCOSTA;;;;;;;;;2.302;UN;CDFL - CD FLORES;;0;2.302;2.302;AMEN;;;;0;0;0;;0;0;;;B;;;;0;UN;2025;;;S;WE;0;BRL;;;0;0;UN;UN;169,2;365,22;;
CDFL;4500127848;;;10;0;0;400984;POSTE FIBRA VIDRO 11M 1000DAN;101;EM Entrada mercador.;180033012;1003624;5000228560;1;18/09/2025;29/09/2025;29/09/2025;09:37:21;1;4.600,00;INVT;EST_INV_AME;MDCOSTA;;;;;;;;;1;UN;CDFL - CD FLORES;;0;1;1;AMEN;;;;0;0;0;;0;0;;;B;;;;0;UN;2025;;;S;WE;0;BRL;;;0;0;UN;UN;322;0;;
CDFL;4500145199;;;20;0;0;400988;POSTE CONCRETO TRON CON 9M 600KGF;101;EM Entrada mercador.;180035100;1006698;5000254311;1;06/03/2026;06/03/2026;06/03/2026;14:19:41;8;15.679,60;INVT;EST_INV_AME;MDCOSTA;;;;;;;;;8;UN;CDFL - CD FLORES;;0;8;8;AMEN;;;;0;0;0;;0;0;;;B;;;;0;UN;2026;;;S;WE;0;BRL;;;0;0;UN;UN;1.097,57;0;;
CDFL;4500138292;;;60;0;0;400988;POSTE CONCRETO TRON CON 9M 600KGF;101;EM Entrada mercador.;180034689;1006698;5000249372;1;05/02/2026;05/02/2026;05/02/2026;17:32:29;8;15.679,60;INVT;EST_INV_AME;MDCOSTA;;;;;;;;;8;UN;CDFL - CD FLORES;;0;8;8;AMEN;;;;0;0;0;;0;0;;;B;;;;0;UN;2026;;;S;WE;0;BRL;;;0;0;UN;UN;1.097,57;0;;
CDFL;4500145245;;;20;0;0;400995;POSTE CONCRETO DUPLO T 9M 1000DAN;101;EM Entrada mercador.;180035399;1006698;5000257309;1;26/03/2026;26/03/2026;26/03/2026;09:44:51;12;21.085,80;INVT;EST_INV_AME;MDCOSTA;;;;;;;;;12;UN;CDFL - CD FLORES;;0;12;12;AMEN;;;;0;0;0;;0;0;;;B;;;;0;UN;2026;;;S;WE;0;BRL;;;0;0;UN;UN;4.217,16;0;;
CDFL;4500120650;;;10;0;0;401004;RELIGADOR 1F AUTOMAT 7,96 KV 100A 6,3kA;101;EM Entrada mercador.;180033236;1003685;5000230889;1;08/09/2025;13/10/2025;13/10/2025;11:20:35;10;237.041,60;INVT;EST_INV_AME;MDCOSTA;;;;;;;;;10;UN;CDFL - CD FLORES;;0;10;10;AMEN;;;;0;0;0;;0;0;;;B;;;;0;UN;2025;;;S;WE;0;BRL;;;0;0;UN;UN;7.954,42;38.181,20;;
CDFL;4500150182;;;20;0;0;401034;CONECTOR DER CUNH AZ AL 4/0 2/0 336,4MCM;101;EM Entrada mercador.;180036175;1003137;5000266333;2;13/04/2026;28/05/2026;28/05/2026;10:01:22;1.327; R$ 17.673,29 ;INVT;EST_INV_AME;LPEIXOTO;;;;;;;;;1.327;UN;CDFL - CD FLORES;;0;1.327;1.327;AMEN;;;;0;0;0;;0;0;;;B;;;;0;UN;2026;;;S;WE;0;BRL;;;0;0;UN;UN;1.074,74;2.319,90;;
CDFL;4500134702;;;20;0;0;401036;CORDOALHA AC 9,5MM 3/8P 7F 4900DAN;101;EM Entrada mercador.;180034083;1018867;5000241768;2;12/11/2025;15/12/2025;15/12/2025;10:29:17;3.000;72.340,76;INVT;EST_INV_AME;MDCOSTA;;;;;;;;;3.000;KG;CDFL - CD FLORES;;0;3.000;3.000;AMEN;;;;0;0;0;;0;0;;;B;;;;0;KG;2025;;;S;WE;0;BRL;;;0;0;KG;KG;4.399,14;9.495,86;;
CDFL;4500124663;;;10;0;0;401036;CORDOALHA AC 9,5MM 3/8P 7F 4900DAN;101;EM Entrada mercador.;180032520;1018867;5000222167;1;25/07/2025;29/08/2025;29/08/2025;08:41:31;6.200;149.516,38;INVT;EST_INV_AME;MDCOSTA;;;;;;;;;6.200;KG;CDFL - CD FLORES;;0;6.200;6.200;AMEN;;;;0;0;0;;0;0;;;B;;;;0;KG;2025;;;S;WE;0;BRL;;;0;0;KG;KG;9.092,30;19.626,38;;
CDFL;4500124269;;;10;0;0;401056;ELO FUSIVEL BOTAO DISTRIB K 10A 500MM;101;EM Entrada mercador.;180032295;1024046;5000219340;1;01/08/2025;15/08/2025;15/08/2025;08:38:25;116;691,67;INVT;EST_INV_AME;MDCOSTA;;;;;;;;;116;UN;CDFL - CD FLORES;;0;116;116;AMEN;;;;0;0;0;;0;0;;;B;;;;0;UN;2025;;;S;WE;0;BRL;;;0;0;UN;UN;42,06;90,79;;
CDFL;4500143290;;;30;0;0;401086;PARAFUSO CAB QD MAQ AC 5/8X6P;101;EM Entrada mercador.;180035785;1007262;5000261813;3;30/04/2026;30/04/2026;30/04/2026;10:39:42;13;109,62;INVT;EST_INV_AME;MDCOSTA;;;;;;;;;13;UN;CDFL - CD FLORES;;0;13;13;AMEN;;;;0;0;0;;0;0;;;B;;;;0;UN;2026;;;S;WE;0;BRL;;;0;0;UN;UN;12,09;8,87;;
CDFL;4500144585;;;20;0;0;401116;ISOLADOR ANCOR POLIM 15KV 5000DAN;101;EM Entrada mercador.;180035252;1003412;5000256481;2;18/03/2026;18/03/2026;18/03/2026;08:38:00;2.095;77.169,74;INVT;EST_INV_AME;MDCOSTA;;;;;;;;;2.095;UN;CDFL - CD FLORES;;0;2.095;2.095;AMEN;;;;0;0;0;;0;0;;;B;;;;0;UN;2026;;;S;WE;0;BRL;;;0;0;UN;UN;4.692,80;10.129,74;;
CDFL;4500117404;;;20;0;0;401116;ISOLADOR ANCOR POLIM 15KV 5000DAN;101;EM Entrada mercador.;180032971;1003412;5000228313;1;06/08/2025;24/09/2025;24/09/2025;16:37:13;4.500;165.758,40;INVT;EST_INV_AME;MDCOSTA;;;;;;;;;4.500;UN;CDFL - CD FLORES;;0;4.500;4.500;AMEN;;;;0;0;0;;0;0;;;B;;;;0;UN;2025;;;S;WE;0;BRL;;;0;0;UN;UN;10.080,00;21.758,40;;
CDFL;4500113703;;;20;0;0;401116;ISOLADOR ANCOR POLIM 15KV 5000DAN;101;EM Entrada mercador.;180031727;1003412;5000214976;1;23/06/2025;15/07/2025;15/07/2025;08:20:59;5.075;186.938,64;INVT;EST_INV_AME;MDCOSTA;;;;;;;;;5.075;UN;CDFL - CD FLORES;;0;5.075;5.075;AMEN;;;;0;0;0;;0;0;;;B;;;;0;UN;2025;;;S;WE;0;BRL;;;0;0;UN;UN;11.368,00;24.538,64;;
CDFL;4500148261;;;20;0;0;401117;MAO-FRANCESA PLANA AC 726X32X6MM;101;EM Entrada mercador.;180036181;1021472;5000266368;1;27/04/2026;28/05/2026;28/05/2026;14:41:50;7.510; R$ 149.073,50 ;INVT;EST_INV_AME;LPEIXOTO;;;;;;;;;7.510;UN;CDFL - CD FLORES;;0;7.510;7.510;AMEN;;;;0;0;0;;0;0;;;B;;;;0;UN;2026;;;S;WE;0;BRL;;;0;0;UN;UN;0;0;;
CDFL;4500148261;;;20;0;0;401117;MAO-FRANCESA PLANA AC 726X32X6MM;101;EM Entrada mercador.;180036071;1021472;5000266052;2;14/04/2026;22/05/2026;22/05/2026;09:45:42;2.010; R$ 39.898,50 ;INVT;EST_INV_AME;LPEIXOTO;;;;;;;;;2.010;UN;CDFL - CD FLORES;;0;2.010;2.010;AMEN;;;;0;0;0;;0;0;;;B;;;;0;UN;2026;;;S;WE;0;BRL;;;0;0;UN;UN;0;0;;
CDFL;4500149676;;;10;0;0;401127;POSTE CONCRETO ARM DUPL T 11M 600KGF;101;EM Entrada mercador.;180035807;1006698;5000262264;1;27/04/2026;04/05/2026;04/05/2026;14:35:55;81; R$ 145.638,00 ;INVT;EST_INV_AME;MDCOSTA;;;;;;;;;81;UN;CDFL - CD FLORES;;0;81;81;AMEN;;;;0;0;0;;0;0;;;B;;;;0;UN;2026;;;S;WE;0;BRL;;;0;0;UN;UN;10.194,66;0;;
CDFL;4500149676;;;10;0;0;401127;POSTE CONCRETO ARM DUPL T 11M 600KGF;101;EM Entrada mercador.;180035806;1006698;5000262259;1;15/04/2026;04/05/2026;04/05/2026;14:33:30;25; R$ 44.950,00 ;INVT;EST_INV_AME;MDCOSTA;;;;;;;;;25;UN;CDFL - CD FLORES;;0;25;25;AMEN;;;;0;0;0;;0;0;;;B;;;;0;UN;2026;;;S;WE;0;BRL;;;0;0;UN;UN;3.146,50;0;;
CDFL;4500149676;;;10;0;0;401127;POSTE CONCRETO ARM DUPL T 11M 600KGF;101;EM Entrada mercador.;180035805;1006698;5000262253;1;23/04/2026;04/05/2026;04/05/2026;14:28:27;25; R$ 44.950,00 ;INVT;EST_INV_AME;MDCOSTA;;;;;;;;;25;UN;CDFL - CD FLORES;;0;25;25;AMEN;;;;0;0;0;;0;0;;;B;;;;0;UN;2026;;;S;WE;0;BRL;;;0;0;UN;UN;3.146,50;0;;
CDFL;4500149676;;;10;0;0;401127;POSTE CONCRETO ARM DUPL T 11M 600KGF;101;EM Entrada mercador.;180035804;1006698;5000262247;1;16/04/2026;04/05/2026;04/05/2026;14:25:42;25; R$ 44.950,00 ;INVT;EST_INV_AME;MDCOSTA;;;;;;;;;25;UN;CDFL - CD FLORES;;0;25;25;AMEN;;;;0;0;0;;0;0;;;B;;;;0;UN;2026;;;S;WE;0;BRL;;;0;0;UN;UN;3.146,50;0;;
CDFL;4500149676;;;10;0;0;401127;POSTE CONCRETO ARM DUPL T 11M 600KGF;101;EM Entrada mercador.;180035801;1006698;5000262111;1;22/04/2026;04/05/2026;04/05/2026;11:30:08;25; R$ 44.950,00 ;INVT;EST_INV_AME;MDCOSTA;;;;;;;;;25;UN;CDFL - CD FLORES;;0;25;25;AMEN;;;;0;0;0;;0;0;;;B;;;;0;UN;2026;;;S;WE;0;BRL;;;0;0;UN;UN;3.146,50;0;;
CDFL;4500149676;;;10;0;0;401127;POSTE CONCRETO ARM DUPL T 11M 600KGF;101;EM Entrada mercador.;180035800;1006698;5000262101;1;22/04/2026;04/05/2026;04/05/2026;11:26:09;25; R$ 44.950,00 ;INVT;EST_INV_AME;MDCOSTA;;;;;;;;;25;UN;CDFL - CD FLORES;;0;25;25;AMEN;;;;0;0;0;;0;0;;;B;;;;0;UN;2026;;;S;WE;0;BRL;;;0;0;UN;UN;3.146,50;0;;
CDFL;4500149676;;;10;0;0;401127;POSTE CONCRETO ARM DUPL T 11M 600KGF;101;EM Entrada mercador.;180035706;1006698;5000261547;1;14/04/2026;24/04/2026;24/04/2026;09:49:56;25;44.950,00;INVT;EST_INV_AME;MDCOSTA;;;;;;;;;25;UN;CDFL - CD FLORES;;0;25;25;AMEN;;;;0;0;0;;0;0;;;B;;;;0;UN;2026;;;S;WE;0;BRL;;;0;0;UN;UN;3.146,50;0;;
CDFL;4500145238;;;20;0;0;401127;POSTE CONCRETO ARM DUPL T 11M 600KGF;101;EM Entrada mercador.;180035594;1006698;5000260043;1;31/03/2026;15/04/2026;15/04/2026;07:59:15;25;51.550,00;INVT;EST_INV_AME;LPEIXOTO;;;;;;;;;25;UN;CDFL - CD FLORES;;0;25;25;AMEN;;;;0;0;0;;0;0;;;B;;;;0;UN;2026;;;S;WE;0;BRL;;;0;0;UN;UN;3.608,50;0;;
CDFL;4500145238;;;20;0;0;401127;POSTE CONCRETO ARM DUPL T 11M 600KGF;101;EM Entrada mercador.;180035595;1006698;5000260044;1;30/03/2026;15/04/2026;15/04/2026;08:04:27;25;51.550,00;INVT;EST_INV_AME;LPEIXOTO;;;;;;;;;25;UN;CDFL - CD FLORES;;0;25;25;AMEN;;;;0;0;0;;0;0;;;B;;;;0;UN;2026;;;S;WE;0;BRL;;;0;0;UN;UN;3.608,50;0;;
CDFL;4500149676;;;10;0;0;401127;POSTE CONCRETO ARM DUPL T 11M 600KGF;101;EM Entrada mercador.;180035545;1006698;5000259356;1;10/04/2026;10/04/2026;10/04/2026;15:00:51;25;44.950,00;INVT;EST_INV_AME;LPEIXOTO;;;;;;;;;25;UN;CDFL - CD FLORES;;0;25;25;AMEN;;;;0;0;0;;0;0;;;B;;;;0;UN;2026;;;S;WE;0;BRL;;;0;0;UN;UN;3.146,50;0;;
CDFL;4500149676;;;10;0;0;401127;POSTE CONCRETO ARM DUPL T 11M 600KGF;101;EM Entrada mercador.;180035546;1006698;5000259361;1;10/04/2026;10/04/2026;10/04/2026;15:05:34;25;44.950,00;INVT;EST_INV_AME;LPEIXOTO;;;;;;;;;25;UN;CDFL - CD FLORES;;0;25;25;AMEN;;;;0;0;0;;0;0;;;B;;;;0;UN;2026;;;S;WE;0;BRL;;;0;0;UN;UN;3.146,50;0;;
CDFL;4500149676;;;10;0;0;401127;POSTE CONCRETO ARM DUPL T 11M 600KGF;101;EM Entrada mercador.;180035543;1006698;5000259312;1;10/04/2026;10/04/2026;10/04/2026;14:16:40;25;44.950,00;INVT;EST_INV_AME;LPEIXOTO;;;;;;;;;25;UN;CDFL - CD FLORES;;0;25;25;AMEN;;;;0;0;0;;0;0;;;B;;;;0;UN;2026;;;S;WE;0;BRL;;;0;0;UN;UN;3.146,50;0;;
CDFL;4500145238;;;20;0;0;401127;POSTE CONCRETO ARM DUPL T 11M 600KGF;101;EM Entrada mercador.;180035457;1006698;5000257557;1;26/03/2026;01/04/2026;01/04/2026;11:03:57;25;51.550,00;INVT;EST_INV_AME;MDCOSTA;;;;;;;;;25;UN;CDFL - CD FLORES;;0;25;25;AMEN;;;;0;0;0;;0;0;;;B;;;;0;UN;2026;;;S;WE;0;BRL;;;0;0;UN;UN;3.608,50;0;;
CDFL;4500145238;;;20;0;0;401127;POSTE CONCRETO ARM DUPL T 11M 600KGF;101;EM Entrada mercador.;180035456;1006698;5000257555;1;01/04/2026;01/04/2026;01/04/2026;10:59:00;25;51.550,00;INVT;EST_INV_AME;MDCOSTA;;;;;;;;;25;UN;CDFL - CD FLORES;;0;25;25;AMEN;;;;0;0;0;;0;0;;;B;;;;0;UN;2026;;;S;WE;0;BRL;;;0;0;UN;UN;3.608,50;0;;
CDFL;4500145616;;;10;0;0;401127;POSTE CONCRETO ARM DUPL T 11M 600KGF;101;EM Entrada mercador.;180035356;1006698;5000257140;1;24/03/2026;24/03/2026;24/03/2026;09:36:42;19;39.178,00;INVT;EST_INV_AME;MDCOSTA;;;;;;;;;19;UN;CDFL - CD FLORES;;0;19;19;AMEN;;;;0;0;0;;0;0;;;B;;;;0;UN;2026;;;S;WE;0;BRL;;;0;0;UN;UN;2.742,46;0;;
CDFL;4500145616;;;10;0;0;401127;POSTE CONCRETO ARM DUPL T 11M 600KGF;101;EM Entrada mercador.;180035329;1006698;5000256957;1;20/03/2026;20/03/2026;20/03/2026;15:35:05;25;51.550,00;INVT;EST_INV_AME;MDCOSTA;;;;;;;;;25;UN;CDFL - CD FLORES;;0;25;25;AMEN;;;;0;0;0;;0;0;;;B;;;;0;UN;2026;;;S;WE;0;BRL;;;0;0;UN;UN;3.608,50;0;;
CDFL;4500145616;;;10;0;0;401127;POSTE CONCRETO ARM DUPL T 11M 600KGF;101;EM Entrada mercador.;180035328;1006698;5000256956;1;20/03/2026;20/03/2026;20/03/2026;15:30:22;25;51.550,00;INVT;EST_INV_AME;MDCOSTA;;;;;;;;;25;UN;CDFL - CD FLORES;;0;25;25;AMEN;;;;0;0;0;;0;0;;;B;;;;0;UN;2026;;;S;WE;0;BRL;;;0;0;UN;UN;3.608,50;0;;
CDFL;4500145616;;;10;0;0;401127;POSTE CONCRETO ARM DUPL T 11M 600KGF;101;EM Entrada mercador.;180035327;1006698;5000256955;1;20/03/2026;20/03/2026;20/03/2026;15:25:03;25;51.550,00;INVT;EST_INV_AME;MDCOSTA;;;;;;;;;25;UN;CDFL - CD FLORES;;0;25;25;AMEN;;;;0;0;0;;0;0;;;B;;;;0;UN;2026;;;S;WE;0;BRL;;;0;0;UN;UN;3.608,50;0;;
CDFL;4500145616;;;10;0;0;401127;POSTE CONCRETO ARM DUPL T 11M 600KGF;101;EM Entrada mercador.;180035316;1006698;5000256893;1;20/03/2026;20/03/2026;20/03/2026;10:26:13;25;51.550,00;INVT;EST_INV_AME;MDCOSTA;;;;;;;;;25;UN;CDFL - CD FLORES;;0;25;25;AMEN;;;;0;0;0;;0;0;;;B;;;;0;UN;2026;;;S;WE;0;BRL;;;0;0;UN;UN;3.608,50;0;;
CDFL;4500145238;;;10;0;0;401127;POSTE CONCRETO ARM DUPL T 11M 600KGF;101;EM Entrada mercador.;180035123;1006698;5000254512;1;27/02/2026;09/03/2026;09/03/2026;11:35:16;25;51.550,00;INVT;EST_INV_AME;MDCOSTA;;;;;;;;;25;UN;CDFL - CD FLORES;;0;25;25;AMEN;;;;0;0;0;;0;0;;;B;;;;0;UN;2026;;;S;WE;0;BRL;;;0;0;UN;UN;3.608,50;0;;
CDFL;4500145238;;;10;0;0;401127;POSTE CONCRETO ARM DUPL T 11M 600KGF;101;EM Entrada mercador.;180035125;1006698;5000254519;1;27/02/2026;09/03/2026;09/03/2026;11:40:07;25;51.550,00;INVT;EST_INV_AME;MDCOSTA;;;;;;;;;25;UN;CDFL - CD FLORES;;0;25;25;AMEN;;;;0;0;0;;0;0;;;B;;;;0;UN;2026;;;S;WE;0;BRL;;;0;0;UN;UN;3.608,50;0;;
CDFL;4500138279;;;40;0;0;401127;POSTE CONCRETO ARM DUPL T 11M 600KGF;101;EM Entrada mercador.;180035127;1003866;5000254523;2;02/03/2026;09/03/2026;09/03/2026;13:50:08;20;41.240,00;INVT;EST_INV_AME;MDCOSTA;;;;;;;;;20;UN;CDFL - CD FLORES;;0;20;20;AMEN;;;;0;0;0;;0;0;;;B;;;;0;UN;2026;;;S;WE;0;BRL;;;0;0;UN;UN;2.886,80;0;;
CDFL;4500138279;;;40;0;0;401127;POSTE CONCRETO ARM DUPL T 11M 600KGF;101;EM Entrada mercador.;180035093;1003866;5000254199;2;26/02/2026;06/03/2026;06/03/2026;08:46:27;13;26.806,00;INVT;EST_INV_AME;MDCOSTA;;;;;;;;;13;UN;CDFL - CD FLORES;;0;13;13;AMEN;;;;0;0;0;;0;0;;;B;;;;0;UN;2026;;;S;WE;0;BRL;;;0;0;UN;UN;1.876,42;0;;
CDFL;4500138279;;;40;0;0;401127;POSTE CONCRETO ARM DUPL T 11M 600KGF;101;EM Entrada mercador.;180035104;1003866;5000254372;2;24/02/2026;06/03/2026;06/03/2026;16:32:36;10;20.620,00;INVT;EST_INV_AME;MDCOSTA;;;;;;;;;10;UN;CDFL - CD FLORES;;0;10;10;AMEN;;;;0;0;0;;0;0;;;B;;;;0;UN;2026;;;S;WE;0;BRL;;;0;0;UN;UN;1.443,40;0;;
CDFL;4500138279;;;40;0;0;401127;POSTE CONCRETO ARM DUPL T 11M 600KGF;101;EM Entrada mercador.;180035105;1003866;5000254373;1;23/02/2026;06/03/2026;06/03/2026;16:36:29;25;51.550,00;INVT;EST_INV_AME;MDCOSTA;;;;;;;;;25;UN;CDFL - CD FLORES;;0;25;25;AMEN;;;;0;0;0;;0;0;;;B;;;;0;UN;2026;;;S;WE;0;BRL;;;0;0;UN;UN;3.608,50;0;;
CDFL;4500138279;;;40;0;0;401127;POSTE CONCRETO ARM DUPL T 11M 600KGF;101;EM Entrada mercador.;180034970;1003866;5000253252;2;19/02/2026;26/02/2026;26/02/2026;07:42:56;10;20.620,00;INVT;EST_INV_AME;MDCOSTA;;;;;;;;;10;UN;CDFL - CD FLORES;;0;10;10;AMEN;;;;0;0;0;;0;0;;;B;;;;0;UN;2026;;;S;WE;0;BRL;;;0;0;UN;UN;1.443,40;0;;
CDFL;4500145199;;;10;0;0;401127;POSTE CONCRETO ARM DUPL T 11M 600KGF;101;EM Entrada mercador.;180034949;1006698;5000253161;1;24/02/2026;24/02/2026;24/02/2026;14:30:21;24;49.488,00;INVT;EST_INV_AME;MDCOSTA;;;;;;;;;24;UN;CDFL - CD FLORES;;0;24;24;AMEN;;;;0;0;0;;0;0;;;B;;;;0;UN;2026;;;S;WE;0;BRL;;;0;0;UN;UN;3.464,16;0;;
CDFL;4500138279;;;40;0;0;401127;POSTE CONCRETO ARM DUPL T 11M 600KGF;101;EM Entrada mercador.;180034910;1003866;5000252754;2;10/02/2026;23/02/2026;23/02/2026;08:53:55;15;30.930,00;INVT;EST_INV_AME;MDCOSTA;;;;;;;;;15;UN;CDFL - CD FLORES;;0;15;15;AMEN;;;;0;0;0;;0;0;;;B;;;;0;UN;2026;;;S;WE;0;BRL;;;0;0;UN;UN;2.165,10;0;;
CDFL;4500138279;;;20;0;0;401127;POSTE CONCRETO ARM DUPL T 11M 600KGF;101;EM Entrada mercador.;180034909;1003866;5000252746;2;11/02/2026;23/02/2026;23/02/2026;08:46:49;5;10.310,00;INVT;EST_INV_AME;MDCOSTA;;;;;;;;;5;UN;CDFL - CD FLORES;;0;5;5;AMEN;;;;0;0;0;;0;0;;;B;;;;0;UN;2026;;;S;WE;0;BRL;;;0;0;UN;UN;721,7;0;;
CDFL;4500138279;;;20;0;0;401127;POSTE CONCRETO ARM DUPL T 11M 600KGF;101;EM Entrada mercador.;180034885;1003866;5000252169;2;04/02/2026;20/02/2026;20/02/2026;14:31:33;3;6.186,00;INVT;EST_INV_AME;MDCOSTA;;;;;;;;;3;UN;CDFL - CD FLORES;;0;3;3;AMEN;;;;0;0;0;;0;0;;;B;;;;0;UN;2026;;;S;WE;0;BRL;;;0;0;UN;UN;433,02;0;;
CDFL;4500138279;;;20;0;0;401127;POSTE CONCRETO ARM DUPL T 11M 600KGF;101;EM Entrada mercador.;180034883;1003866;5000252166;2;06/02/2026;20/02/2026;20/02/2026;14:27:46;10;20.620,00;INVT;EST_INV_AME;MDCOSTA;;;;;;;;;10;UN;CDFL - CD FLORES;;0;10;10;AMEN;;;;0;0;0;;0;0;;;B;;;;0;UN;2026;;;S;WE;0;BRL;;;0;0;UN;UN;1.443,40;0;;
CDFL;4500138279;;;20;0;0;401127;POSTE CONCRETO ARM DUPL T 11M 600KGF;101;EM Entrada mercador.;180034881;1003866;5000252156;2;09/02/2026;20/02/2026;20/02/2026;14:24:22;12;24.744,00;INVT;EST_INV_AME;MDCOSTA;;;;;;;;;12;UN;CDFL - CD FLORES;;0;12;12;AMEN;;;;0;0;0;;0;0;;;B;;;;0;UN;2026;;;S;WE;0;BRL;;;0;0;UN;UN;1.732,08;0;;
CDFL;4500145238;;;10;0;0;401127;POSTE CONCRETO ARM DUPL T 11M 600KGF;101;EM Entrada mercador.;180034816;1006698;5000251541;1;10/02/2026;14/02/2026;14/02/2026;07:51:16;25;51.550,00;INVT;EST_INV_AME;MDCOSTA;;;;;;;;;25;UN;CDFL - CD FLORES;;0;25;25;AMEN;;;;0;0;0;;0;0;;;B;;;;0;UN;2026;;;S;WE;0;BRL;;;0;0;UN;UN;3.608,50;0;;
CDFL;4500145238;;;10;0;0;401127;POSTE CONCRETO ARM DUPL T 11M 600KGF;101;EM Entrada mercador.;180034817;1006698;5000251542;1;10/02/2026;14/02/2026;14/02/2026;07:56:32;25;51.550,00;INVT;EST_INV_AME;MDCOSTA;;;;;;;;;25;UN;CDFL - CD FLORES;;0;25;25;AMEN;;;;0;0;0;;0;0;;;B;;;;0;UN;2026;;;S;WE;0;BRL;;;0;0;UN;UN;3.608,50;0;;
CDFL;4500138279;;;20;0;0;401127;POSTE CONCRETO ARM DUPL T 11M 600KGF;101;EM Entrada mercador.;180034700;1003866;5000249411;2;06/02/2026;06/02/2026;06/02/2026;09:39:26;15;30.930,00;INVT;EST_INV_AME;MDCOSTA;;;;;;;;;15;UN;CDFL - CD FLORES;;0;15;15;AMEN;;;;0;0;0;;0;0;;;B;;;;0;UN;2026;;;S;WE;0;BRL;;;0;0;UN;UN;2.165,10;0;;
CDFL;4500138279;;;20;0;0;401127;POSTE CONCRETO ARM DUPL T 11M 600KGF;101;EM Entrada mercador.;180034682;1003866;5000249348;2;26/01/2026;05/02/2026;05/02/2026;16:21:54;11;22.682,00;INVT;EST_INV_AME;MDCOSTA;;;;;;;;;11;UN;CDFL - CD FLORES;;0;11;11;AMEN;;;;0;0;0;;0;0;;;B;;;;0;UN;2026;;;S;WE;0;BRL;;;0;0;UN;UN;1.587,74;0;;
CDFL;4500138279;;;20;0;0;401127;POSTE CONCRETO ARM DUPL T 11M 600KGF;101;EM Entrada mercador.;180034687;1003866;5000249364;2;05/02/2026;05/02/2026;05/02/2026;17:05:30;5;10.310,00;INVT;EST_INV_AME;MDCOSTA;;;;;;;;;5;UN;CDFL - CD FLORES;;0;5;5;AMEN;;;;0;0;0;;0;0;;;B;;;;0;UN;2026;;;S;WE;0;BRL;;;0;0;UN;UN;721,7;0;;
CDFL;4500138292;;;130;0;0;401127;POSTE CONCRETO ARM DUPL T 11M 600KGF;101;EM Entrada mercador.;180034580;1006698;5000248089;1;29/01/2026;29/01/2026;29/01/2026;08:02:33;16;32.992,00;INVT;EST_INV_AME;MDCOSTA;;;;;;;;;16;UN;CDFL - CD FLORES;;0;16;16;AMEN;;;;0;0;0;;0;0;;;B;;;;0;UN;2026;;;S;WE;0;BRL;;;0;0;UN;UN;2.309,44;0;;
CDFL;4500138279;;;20;0;0;401127;POSTE CONCRETO ARM DUPL T 11M 600KGF;101;EM Entrada mercador.;180034566;1003866;5000247850;2;14/01/2026;28/01/2026;28/01/2026;07:56:25;6;12.372,00;INVT;EST_INV_AME;MDCOSTA;;;;;;;;;6;UN;CDFL - CD FLORES;;0;6;6;AMEN;;;;0;0;0;;0;0;;;B;;;;0;UN;2026;;;S;WE;0;BRL;;;0;0;UN;UN;866,04;0;;
CDFL;4500138279;;;20;0;0;401127;POSTE CONCRETO ARM DUPL T 11M 600KGF;101;EM Entrada mercador.;180034534;1003866;5000247784;2;20/01/2026;27/01/2026;27/01/2026;07:48:52;13;26.806,00;INVT;EST_INV_AME;MDCOSTA;;;;;;;;;13;UN;CDFL - CD FLORES;;0;13;13;AMEN;;;;0;0;0;;0;0;;;B;;;;0;UN;2026;;;S;WE;0;BRL;;;0;0;UN;UN;1.876,42;0;;
CDFL;4500138292;;;130;0;0;401127;POSTE CONCRETO ARM DUPL T 11M 600KGF;101;EM Entrada mercador.;180034510;1006698;5000247587;1;14/01/2026;23/01/2026;23/01/2026;14:09:30;25;51.550,00;INVT;EST_INV_AME;MDCOSTA;;;;;;;;;25;UN;CDFL - CD FLORES;;0;25;25;AMEN;;;;0;0;0;;0;0;;;B;;;;0;UN;2026;;;S;WE;0;BRL;;;0;0;UN;UN;3.608,50;0;;
CDFL;4500138292;;;120;0;0;401127;POSTE CONCRETO ARM DUPL T 11M 600KGF;101;EM Entrada mercador.;180034495;1006698;5000247465;1;13/01/2026;23/01/2026;23/01/2026;07:52:49;25;51.550,00;INVT;EST_INV_AME;MDCOSTA;;;;;;;;;25;UN;CDFL - CD FLORES;;0;25;25;AMEN;;;;0;0;0;;0;0;;;B;;;;0;UN;2026;;;S;WE;0;BRL;;;0;0;UN;UN;3.608,50;0;;
CDFL;4500138292;;;120;0;0;401127;POSTE CONCRETO ARM DUPL T 11M 600KGF;101;EM Entrada mercador.;180034455;1006698;5000246686;1;30/12/2025;21/01/2026;21/01/2026;09:37:35;25;51.550,00;INVT;EST_INV_AME;MDCOSTA;;;;;;;;;25;UN;CDFL - CD FLORES;;0;25;25;AMEN;;;;0;0;0;;0;0;;;B;;;;0;UN;2026;;;S;WE;0;BRL;;;0;0;UN;UN;3.608,50;0;;
CDFL;4500138292;;;120;0;0;401127;POSTE CONCRETO ARM DUPL T 11M 600KGF;101;EM Entrada mercador.;180034456;1006698;5000246697;1;06/01/2026;21/01/2026;21/01/2026;09:43:47;25;51.550,00;INVT;EST_INV_AME;MDCOSTA;;;;;;;;;25;UN;CDFL - CD FLORES;;0;25;25;AMEN;;;;0;0;0;;0;0;;;B;;;;0;UN;2026;;;S;WE;0;BRL;;;0;0;UN;UN;3.608,50;0;;
CDFL;4500138292;;;110;0;0;401127;POSTE CONCRETO ARM DUPL T 11M 600KGF;101;EM Entrada mercador.;180034341;1006698;5000244368;1;29/12/2025;31/12/2025;31/12/2025;08:18:04;25;51.550,00;INVT;EST_INV_AME;MDCOSTA;;;;;;;;;25;UN;CDFL - CD FLORES;;0;25;25;AMEN;;;;0;0;0;;0;0;;;B;;;;0;UN;2025;;;S;WE;0;BRL;;;0;0;UN;UN;3.608,50;0;;
CDFL;4500133731;;;20;0;0;401127;POSTE CONCRETO ARM DUPL T 11M 600KGF;101;EM Entrada mercador.;180034253;1003866;5000244063;2;18/12/2025;29/12/2025;29/12/2025;07:49:41;17;35.054,00;INVT;EST_INV_AME;MDCOSTA;;;;;;;;;17;UN;CDFL - CD FLORES;;0;17;17;AMEN;;;;0;0;0;;0;0;;;B;;;;0;UN;2025;;;S;WE;0;BRL;;;0;0;UN;UN;2.453,78;0;;
CDFL;4500138292;;;110;0;0;401127;POSTE CONCRETO ARM DUPL T 11M 600KGF;101;EM Entrada mercador.;180034257;1006698;5000244068;2;17/12/2025;29/12/2025;29/12/2025;08:14:15;8;16.496,00;INVT;EST_INV_AME;MDCOSTA;;;;;;;;;8;UN;CDFL - CD FLORES;;0;8;8;AMEN;;;;0;0;0;;0;0;;;B;;;;0;UN;2025;;;S;WE;0;BRL;;;0;0;UN;UN;1.154,72;0;;
CDFL;4500133731;;;20;0;0;401127;POSTE CONCRETO ARM DUPL T 11M 600KGF;101;EM Entrada mercador.;180034250;1003866;5000244061;2;18/12/2025;29/12/2025;29/12/2025;07:46:16;11;22.682,00;INVT;EST_INV_AME;MDCOSTA;;;;;;;;;11;UN;CDFL - CD FLORES;;0;11;11;AMEN;;;;0;0;0;;0;0;;;B;;;;0;UN;2025;;;S;WE;0;BRL;;;0;0;UN;UN;1.587,74;0;;
CDFL;4500133731;;;20;0;0;401127;POSTE CONCRETO ARM DUPL T 11M 600KGF;101;EM Entrada mercador.;180034199;1003866;5000243926;2;17/12/2025;22/12/2025;22/12/2025;10:26:27;15;30.930,00;INVT;EST_INV_AME;MDCOSTA;;;;;;;;;15;UN;CDFL - CD FLORES;;0;15;15;AMEN;;;;0;0;0;;0;0;;;B;;;;0;UN;2025;;;S;WE;0;BRL;;;0;0;UN;UN;2.165,10;0;;
CDFL;4500133731;;;20;0;0;401127;POSTE CONCRETO ARM DUPL T 11M 600KGF;101;EM Entrada mercador.;180034200;1003866;5000243927;2;15/12/2025;22/12/2025;22/12/2025;10:28:36;10;20.620,00;INVT;EST_INV_AME;MDCOSTA;;;;;;;;;10;UN;CDFL - CD FLORES;;0;10;10;AMEN;;;;0;0;0;;0;0;;;B;;;;0;UN;2025;;;S;WE;0;BRL;;;0;0;UN;UN;1.443,40;0;;
CDFL;4500133731;;;20;0;0;401127;POSTE CONCRETO ARM DUPL T 11M 600KGF;101;EM Entrada mercador.;180034144;1003866;5000243587;2;11/12/2025;18/12/2025;18/12/2025;09:10:58;11;22.682,00;INVT;EST_INV_AME;MDCOSTA;;;;;;;;;11;UN;CDFL - CD FLORES;;0;11;11;AMEN;;;;0;0;0;;0;0;;;B;;;;0;UN;2025;;;S;WE;0;BRL;;;0;0;UN;UN;1.587,74;0;;
CDFL;4500138292;;;90;0;0;401127;POSTE CONCRETO ARM DUPL T 11M 600KGF;101;EM Entrada mercador.;180034130;1006698;5000243305;1;12/12/2025;17/12/2025;17/12/2025;09:33:36;25;51.550,00;INVT;EST_INV_AME;MDCOSTA;;;;;;;;;25;UN;CDFL - CD FLORES;;0;25;25;AMEN;;;;0;0;0;;0;0;;;B;;;;0;UN;2025;;;S;WE;0;BRL;;;0;0;UN;UN;3.608,50;0;;
CDFL;4500133731;;;20;0;0;401127;POSTE CONCRETO ARM DUPL T 11M 600KGF;101;EM Entrada mercador.;180034085;1003866;5000241804;2;05/12/2025;15/12/2025;15/12/2025;10:47:43;18;37.116,00;INVT;EST_INV_AME;MDCOSTA;;;;;;;;;18;UN;CDFL - CD FLORES;;0;18;18;AMEN;;;;0;0;0;;0;0;;;B;;;;0;UN;2025;;;S;WE;0;BRL;;;0;0;UN;UN;2.598,12;0;;
CDFL;4500133731;;;20;0;0;401127;POSTE CONCRETO ARM DUPL T 11M 600KGF;101;EM Entrada mercador.;180034024;1003866;5000240955;2;02/12/2025;11/12/2025;11/12/2025;08:18:30;5;10.310,00;INVT;EST_INV_AME;MDCOSTA;;;;;;;;;5;UN;CDFL - CD FLORES;;0;5;5;AMEN;;;;0;0;0;;0;0;;;B;;;;0;UN;2025;;;S;WE;0;BRL;;;0;0;UN;UN;721,7;0;;
CDFL;4500133731;;;20;0;0;401127;POSTE CONCRETO ARM DUPL T 11M 600KGF;101;EM Entrada mercador.;180033938;1003866;5000239405;2;25/11/2025;03/12/2025;03/12/2025;08:53:14;17;35.054,00;INVT;EST_INV_AME;MDCOSTA;;;;;;;;;17;UN;CDFL - CD FLORES;;0;17;17;AMEN;;;;0;0;0;;0;0;;;B;;;;0;UN;2025;;;S;WE;0;BRL;;;0;0;UN;UN;2.453,78;0;;
CDFL;4500133731;;;20;0;0;401127;POSTE CONCRETO ARM DUPL T 11M 600KGF;101;EM Entrada mercador.;180033940;1003866;5000239420;1;24/11/2025;03/12/2025;03/12/2025;10:00:30;25;51.550,00;INVT;EST_INV_AME;MDCOSTA;;;;;;;;;25;UN;CDFL - CD FLORES;;0;25;25;AMEN;;;;0;0;0;;0;0;;;B;;;;0;UN;2025;;;S;WE;0;BRL;;;0;0;UN;UN;3.608,50;0;;
CDFL;4500133731;;;20;0;0;401127;POSTE CONCRETO ARM DUPL T 11M 600KGF;101;EM Entrada mercador.;180033836;1003866;5000237215;1;17/11/2025;19/11/2025;19/11/2025;14:34:15;21;43.302,00;INVT;EST_INV_AME;MDCOSTA;;;;;;;;;21;UN;CDFL - CD FLORES;;0;21;21;AMEN;;;;0;0;0;;0;0;;;B;;;;0;UN;2025;;;S;WE;0;BRL;;;0;0;UN;UN;3.031,14;0;;
CDFL;4500126488;;;20;0;0;401127;POSTE CONCRETO ARM DUPL T 11M 600KGF;101;EM Entrada mercador.;180033621;1006698;5000234834;1;30/10/2025;06/11/2025;06/11/2025;08:37:35;29;59.798,00;INVT;EST_INV_AME;MDCOSTA;;;;;;;;;29;UN;CDFL - CD FLORES;;0;29;29;AMEN;;;;0;0;0;;0;0;;;B;;;;0;UN;2025;;;S;WE;0;BRL;;;0;0;UN;UN;4.185,86;0;;
CDFL;4500126488;;;20;0;0;401127;POSTE CONCRETO ARM DUPL T 11M 600KGF;101;EM Entrada mercador.;180033465;1006698;5000234026;1;20/10/2025;27/10/2025;27/10/2025;09:39:33;25;51.550,00;INVT;EST_INV_AME;MDCOSTA;;;;;;;;;25;UN;CDFL - CD FLORES;;0;25;25;AMEN;;;;0;0;0;;0;0;;;B;;;;0;UN;2025;;;S;WE;0;BRL;;;0;0;UN;UN;3.608,50;0;;
CDFL;4500126488;;;20;0;0;401127;POSTE CONCRETO ARM DUPL T 11M 600KGF;101;EM Entrada mercador.;180033374;1006698;5000232891;1;15/10/2025;20/10/2025;20/10/2025;16:37:32;19;39.178,00;INVT;EST_INV_AME;MDCOSTA;;;;;;;;;19;UN;CDFL - CD FLORES;;0;19;19;AMEN;;;;0;0;0;;0;0;;;B;;;;0;UN;2025;;;S;WE;0;BRL;;;0;0;UN;UN;2.742,46;0;;
CDFL;4500126488;;;20;0;0;401127;POSTE CONCRETO ARM DUPL T 11M 600KGF;101;EM Entrada mercador.;180033373;1006698;5000232890;1;13/10/2025;20/10/2025;20/10/2025;16:32:29;25;51.550,00;INVT;EST_INV_AME;MDCOSTA;;;;;;;;;25;UN;CDFL - CD FLORES;;0;25;25;AMEN;;;;0;0;0;;0;0;;;B;;;;0;UN;2025;;;S;WE;0;BRL;;;0;0;UN;UN;3.608,50;0;;
CDFL;4500125696;;;10;0;0;401127;POSTE CONCRETO ARM DUPL T 11M 600KGF;101;EM Entrada mercador.;180033241;1006698;5000230992;1;29/09/2025;13/10/2025;13/10/2025;15:49:58;5;10.310,00;INVT;EST_INV_AME;MDCOSTA;;;;;;;;;5;UN;CDFL - CD FLORES;;0;5;5;AMEN;;;;0;0;0;;0;0;;;B;;;;0;UN;2025;;;S;WE;0;BRL;;;0;0;UN;UN;721,7;0;;
CDFL;4500126488;;;20;0;0;401127;POSTE CONCRETO ARM DUPL T 11M 600KGF;101;EM Entrada mercador.;180033149;1006698;5000230093;1;29/09/2025;07/10/2025;07/10/2025;15:34:01;20;41.240,00;INVT;EST_INV_AME;MDCOSTA;;;;;;;;;20;UN;CDFL - CD FLORES;;0;20;20;AMEN;;;;0;0;0;;0;0;;;B;;;;0;UN;2025;;;S;WE;0;BRL;;;0;0;UN;UN;2.886,80;0;;
CDFL;4500120632;;;20;0;0;401127;POSTE CONCRETO ARM DUPL T 11M 600KGF;101;EM Entrada mercador.;180032933;1003866;5000228135;2;14/09/2025;24/09/2025;24/09/2025;08:09:39;7;14.434,00;INVT;EST_INV_AME;MDCOSTA;;;;;;;;;7;UN;CDFL - CD FLORES;;0;7;7;AMEN;;;;0;0;0;;0;0;;;B;;;;0;UN;2025;;;S;WE;0;BRL;;;0;0;UN;UN;1.010,38;0;;
CDFL;4500120632;;;20;0;0;401127;POSTE CONCRETO ARM DUPL T 11M 600KGF;101;EM Entrada mercador.;180032932;1003866;5000228134;2;16/09/2025;24/09/2025;24/09/2025;08:06:20;9;18.558,00;INVT;EST_INV_AME;MDCOSTA;;;;;;;;;9;UN;CDFL - CD FLORES;;0;9;9;AMEN;;;;0;0;0;;0;0;;;B;;;;0;UN;2025;;;S;WE;0;BRL;;;0;0;UN;UN;1.299,06;0;;
CDFL;4500120632;;;20;0;0;401127;POSTE CONCRETO ARM DUPL T 11M 600KGF;101;EM Entrada mercador.;180032899;1003866;5000227605;2;10/09/2025;23/09/2025;23/09/2025;08:29:11;14;28.868,00;INVT;EST_INV_AME;MDCOSTA;;;;;;;;;14;UN;CDFL - CD FLORES;;0;14;14;AMEN;;;;0;0;0;;0;0;;;B;;;;0;UN;2025;;;S;WE;0;BRL;;;0;0;UN;UN;2.020,76;0;;
CDFL;4500125696;;;10;0;0;401127;POSTE CONCRETO ARM DUPL T 11M 600KGF;101;EM Entrada mercador.;180032901;1006698;5000227615;1;17/09/2025;23/09/2025;23/09/2025;08:36:30;25;51.550,00;INVT;EST_INV_AME;MDCOSTA;;;;;;;;;25;UN;CDFL - CD FLORES;;0;25;25;AMEN;;;;0;0;0;;0;0;;;B;;;;0;UN;2025;;;S;WE;0;BRL;;;0;0;UN;UN;3.608,50;0;;
CDFL;4500120632;;;20;0;0;401127;POSTE CONCRETO ARM DUPL T 11M 600KGF;101;EM Entrada mercador.;180032741;1003866;5000225304;2;07/09/2025;12/09/2025;12/09/2025;17:14:22;14;28.868,00;INVT;EST_INV_AME;MDCOSTA;;;;;;;;;14;UN;CDFL - CD FLORES;;0;14;14;AMEN;;;;0;0;0;;0;0;;;B;;;;0;UN;2025;;;S;WE;0;BRL;;;0;0;UN;UN;2.020,76;0;;
CDFL;4500125696;;;10;0;0;401127;POSTE CONCRETO ARM DUPL T 11M 600KGF;101;EM Entrada mercador.;180032742;1006698;5000225305;1;09/09/2025;12/09/2025;12/09/2025;17:19:35;25;51.550,00;INVT;EST_INV_AME;MDCOSTA;;;;;;;;;25;UN;CDFL - CD FLORES;;0;25;25;AMEN;;;;0;0;0;;0;0;;;B;;;;0;UN;2025;;;S;WE;0;BRL;;;0;0;UN;UN;3.608,50;0;;
CDFL;4500125696;;;10;0;0;401127;POSTE CONCRETO ARM DUPL T 11M 600KGF;101;EM Entrada mercador.;180032743;1006698;5000225306;1;10/09/2025;12/09/2025;12/09/2025;17:23:42;25;51.550,00;INVT;EST_INV_AME;MDCOSTA;;;;;;;;;25;UN;CDFL - CD FLORES;;0;25;25;AMEN;;;;0;0;0;;0;0;;;B;;;;0;UN;2025;;;S;WE;0;BRL;;;0;0;UN;UN;3.608,50;0;;
CDFL;4500125696;;;10;0;0;401127;POSTE CONCRETO ARM DUPL T 11M 600KGF;101;EM Entrada mercador.;180032688;1006698;5000224650;1;29/08/2025;11/09/2025;11/09/2025;09:32:48;15;30.930,00;INVT;EST_INV_AME;MDCOSTA;;;;;;;;;15;UN;CDFL - CD FLORES;;0;15;15;AMEN;;;;0;0;0;;0;0;;;B;;;;0;UN;2025;;;S;WE;0;BRL;;;0;0;UN;UN;2.165,10;0;;
CDFL;4500120632;;;20;0;0;401127;POSTE CONCRETO ARM DUPL T 11M 600KGF;101;EM Entrada mercador.;180032643;1003866;5000223596;2;01/09/2025;09/09/2025;09/09/2025;09:41:26;11;22.682,00;INVT;EST_INV_AME;MDCOSTA;;;;;;;;;11;UN;CDFL - CD FLORES;;0;11;11;AMEN;;;;0;0;0;;0;0;;;B;;;;0;UN;2025;;;S;WE;0;BRL;;;0;0;UN;UN;1.587,74;0;;
CDFL;4500120632;;;20;0;0;401127;POSTE CONCRETO ARM DUPL T 11M 600KGF;101;EM Entrada mercador.;180032625;1003866;5000223419;2;28/08/2025;08/09/2025;08/09/2025;11:19:44;15;30.930,00;INVT;EST_INV_AME;MDCOSTA;;;;;;;;;15;UN;CDFL - CD FLORES;;0;15;15;AMEN;;;;0;0;0;;0;0;;;B;;;;0;UN;2025;;;S;WE;0;BRL;;;0;0;UN;UN;2.165,10;0;;
CDFL;4500124099;;;10;0;0;401127;POSTE CONCRETO ARM DUPL T 11M 600KGF;101;EM Entrada mercador.;180032523;1006698;5000222217;1;26/08/2025;29/08/2025;29/08/2025;08:56:09;25;51.550,00;INVT;EST_INV_AME;MDCOSTA;;;;;;;;;25;UN;CDFL - CD FLORES;;0;25;25;AMEN;;;;0;0;0;;0;0;;;B;;;;0;UN;2025;;;S;WE;0;BRL;;;0;0;UN;UN;3.608,50;0;;
CDFL;4500125696;;;10;0;0;401127;POSTE CONCRETO ARM DUPL T 11M 600KGF;101;EM Entrada mercador.;180032522;1006698;5000222210;1;27/08/2025;29/08/2025;29/08/2025;08:52:07;5;10.310,00;INVT;EST_INV_AME;MDCOSTA;;;;;;;;;5;UN;CDFL - CD FLORES;;0;5;5;AMEN;;;;0;0;0;;0;0;;;B;;;;0;UN;2025;;;S;WE;0;BRL;;;0;0;UN;UN;721,7;0;;
CDFL;4500124099;;;10;0;0;401127;POSTE CONCRETO ARM DUPL T 11M 600KGF;101;EM Entrada mercador.;180032521;1006698;5000222198;1;27/08/2025;29/08/2025;29/08/2025;08:48:59;20;41.240,00;INVT;EST_INV_AME;MDCOSTA;;;;;;;;;20;UN;CDFL - CD FLORES;;0;20;20;AMEN;;;;0;0;0;;0;0;;;B;;;;0;UN;2025;;;S;WE;0;BRL;;;0;0;UN;UN;2.886,80;0;;
CDFL;4500120632;;;20;0;0;401127;POSTE CONCRETO ARM DUPL T 11M 600KGF;101;EM Entrada mercador.;180032493;1003866;5000221911;2;21/08/2025;27/08/2025;27/08/2025;14:36:50;10;20.620,00;INVT;EST_INV_AME;MDCOSTA;;;;;;;;;10;UN;CDFL - CD FLORES;;0;10;10;AMEN;;;;0;0;0;;0;0;;;B;;;;0;UN;2025;;;S;WE;0;BRL;;;0;0;UN;UN;1.443,40;0;;
CDFL;4500120632;;;20;0;0;401127;POSTE CONCRETO ARM DUPL T 11M 600KGF;101;EM Entrada mercador.;180032366;1003866;5000220312;2;17/08/2025;20/08/2025;20/08/2025;09:03:25;10;20.620,00;INVT;EST_INV_AME;MDCOSTA;;;;;;;;;10;UN;CDFL - CD FLORES;;0;10;10;AMEN;;;;0;0;0;;0;0;;;B;;;;0;UN;2025;;;S;WE;0;BRL;;;0;0;UN;UN;1.443,40;0;;
CDFL;4500120632;;;20;0;0;401127;POSTE CONCRETO ARM DUPL T 11M 600KGF;101;EM Entrada mercador.;180032172;1003866;5000218900;2;05/08/2025;11/08/2025;11/08/2025;14:39:30;10;20.620,00;INVT;EST_INV_AME;MDCOSTA;;;;;;;;;10;UN;CDFL - CD FLORES;;0;10;10;AMEN;;;;0;0;0;;0;0;;;B;;;;0;UN;2025;;;S;WE;0;BRL;;;0;0;UN;UN;1.443,40;0;;
CDFL;4500124099;;;10;0;0;401127;POSTE CONCRETO ARM DUPL T 11M 600KGF;101;EM Entrada mercador.;180032005;1006698;5000217414;1;24/07/2025;01/08/2025;01/08/2025;10:28:13;25;51.550,00;INVT;EST_INV_AME;MDCOSTA;;;;;;;;;25;UN;CDFL - CD FLORES;;0;25;25;AMEN;;;;0;0;0;;0;0;;;B;;;;0;UN;2025;;;S;WE;0;BRL;;;0;0;UN;UN;3.608,50;0;;
CDFL;4500120632;;;20;0;0;401127;POSTE CONCRETO ARM DUPL T 11M 600KGF;101;EM Entrada mercador.;180031970;1003866;5000217034;2;23/07/2025;29/07/2025;29/07/2025;10:58:24;10;20.620,00;INVT;EST_INV_AME;MDCOSTA;;;;;;;;;10;UN;CDFL - CD FLORES;;0;10;10;AMEN;;;;0;0;0;;0;0;;;B;;;;0;UN;2025;;;S;WE;0;BRL;;;0;0;UN;UN;1.443,40;0;;
CDFL;4500152172;;;50;0;0;401131;PARAFUSO CAB QD AC 16MM 225MM 300MM;101;EM Entrada mercador.;180036107;1003152;5000266258;2;08/05/2026;26/05/2026;26/05/2026;14:38:15;14.000; R$ 111.679,72 ;INVT;EST_INV_AME;LPEIXOTO;;;;;;;;;14.000;UN;CDFL - CD FLORES;;0;14.000;14.000;AMEN;;;;0;0;0;;0;0;;;B;;;;0;UN;2026;;;S;WE;0;BRL;;;0;0;UN;UN;6.791,40;14.659,72;;
CDFL;4500143290;;;130;0;0;401131;PARAFUSO CAB QD AC 16MM 225MM 300MM;101;EM Entrada mercador.;180035782;1007262;5000261809;1;16/04/2026;30/04/2026;30/04/2026;10:26:47;18.753;244.431,10;INVT;EST_INV_AME;MDCOSTA;;;;;;;;;18.753;UN;CDFL - CD FLORES;;0;18.753;18.753;AMEN;;;;0;0;0;;0;0;;;B;;;;0;UN;2026;;;S;WE;0;BRL;;;0;0;UN;UN;26.959,31;19.770,16;;
CDFL;4500143290;;;130;0;0;401131;PARAFUSO CAB QD AC 16MM 225MM 300MM;101;EM Entrada mercador.;180035510;1007262;5000259139;1;19/03/2026;09/04/2026;09/04/2026;16:00:53;8.479;110.517,32;INVT;EST_INV_AME;LPEIXOTO;;;;;;;;;8.479;UN;CDFL - CD FLORES;;0;8.479;8.479;AMEN;;;;0;0;0;;0;0;;;B;;;;0;UN;2026;;;S;WE;0;BRL;;;0;0;UN;UN;12.189,41;8.938,90;;
CDFL;4500132128;;;10;0;0;401131;PARAFUSO CAB QD AC 16MM 225MM 300MM;101;EM Entrada mercador.;180034695;1007262;5000249378;1;05/02/2026;05/02/2026;05/02/2026;18:15:47;4.638;60.452,81;INVT;EST_INV_AME;MDCOSTA;;;;;;;;;4.638;UN;CDFL - CD FLORES;;0;4.638;4.638;AMEN;;;;0;0;0;;0;0;;;B;;;;0;UN;2026;;;S;WE;0;BRL;;;0;0;UN;UN;6.667,59;4.889,57;;
CDFL;4500121253;;;10;0;0;401131;PARAFUSO CAB QD AC 16MM 225MM 300MM;101;EM Entrada mercador.;180033098;1007262;5000229567;1;08/09/2025;03/10/2025;03/10/2025;08:48:56;3.900;50.833,54;INVT;EST_INV_AME;MDCOSTA;;;;;;;;;3.900;UN;CDFL - CD FLORES;;0;3.900;3.900;AMEN;;;;0;0;0;;0;0;;;B;;;;0;UN;2025;;;S;WE;0;BRL;;;0;0;UN;UN;5.606,64;4.111,54;;
CDFL;4500113050;;;30;0;0;401131;PARAFUSO CAB QD AC 16MM 225MM 300MM;101;EM Entrada mercador.;180031690;1007262;5000214518;3;23/06/2025;11/07/2025;11/07/2025;10:13:49;8.278;107.897,44;INVT;EST_INV_AME;MDCOSTA;;;;;;;;;8.278;UN;CDFL - CD FLORES;;0;8.278;8.278;AMEN;;;;0;0;0;;0;0;;;B;;;;0;UN;2025;;;S;WE;0;BRL;;;0;0;UN;UN;11.900,45;8.727,00;;
CDFL;4500143290;;;90;0;0;401155;PARAFUSO CAB QD AC 16MM 500MM;101;EM Entrada mercador.;180036103;1007262;5000266250;3;30/04/2026;26/05/2026;26/05/2026;11:17:00;1.290; R$ 28.056,36 ;INVT;EST_INV_AME;LPEIXOTO;;;;;;;;;1.290;UN;CDFL - CD FLORES;;0;1.290;1.290;AMEN;;;;0;0;0;;0;0;;;B;;;;0;UN;2026;;;S;WE;0;BRL;;;0;0;UN;UN;3.094,45;2.269,26;;
CDFL;4500144983;;;30;0;0;401193;TRAFO AER 1F 7,96KV 15KVA 240/120V 7TP;101;EM Entrada mercador.;180036136;1003291;5000266294;1;20/05/2026;27/05/2026;27/05/2026;14:22:22;1; R$ 7.279,45 ;INVT;EST_INV_AME;MDCOSTA;;;;;;;;;1;UN;CDFL - CD FLORES;;0;1;1;AMEN;;;;0;0;0;;0;0;;;B;;;;0;UN;2026;;;S;WE;0;BRL;;;0;0;UN;UN;509,56;0;;
CDFL;4500144983;;;30;0;0;401193;TRAFO AER 1F 7,96KV 15KVA 240/120V 7TP;101;EM Entrada mercador.;180036141;1003291;5000266301;1;20/05/2026;27/05/2026;27/05/2026;14:36:33;1; R$ 7.279,45 ;INVT;EST_INV_AME;MDCOSTA;;;;;;;;;1;UN;CDFL - CD FLORES;;0;1;1;AMEN;;;;0;0;0;;0;0;;;B;;;;0;UN;2026;;;S;WE;0;BRL;;;0;0;UN;UN;509,56;0;;
CDFL;4500144983;;;30;0;0;401193;TRAFO AER 1F 7,96KV 15KVA 240/120V 7TP;101;EM Entrada mercador.;180036064;1003291;5000266037;1;14/05/2026;22/05/2026;22/05/2026;07:51:18;5; R$ 36.397,25 ;INVT;EST_INV_AME;LPEIXOTO;;;;;;;;;5;UN;CDFL - CD FLORES;;0;5;5;AMEN;;;;0;0;0;;0;0;;;B;;;;0;UN;2026;;;S;WE;0;BRL;;;0;0;UN;UN;2.547,81;0;;
CDFL;4500144983;;;30;0;0;401193;TRAFO AER 1F 7,96KV 15KVA 240/120V 7TP;101;EM Entrada mercador.;180035790;1003291;5000261818;1;24/04/2026;30/04/2026;30/04/2026;10:55:12;7;50.956,15;INVT;EST_INV_AME;MDCOSTA;;;;;;;;;7;UN;CDFL - CD FLORES;;0;7;7;AMEN;;;;0;0;0;;0;0;;;B;;;;0;UN;2026;;;S;WE;0;BRL;;;0;0;UN;UN;3.566,93;0;;
CDFL;4500139117;;;20;0;0;401193;TRAFO AER 1F 7,96KV 15KVA 240/120V 7TP;101;EM Entrada mercador.;180035011;1003291;5000253418;1;24/02/2026;02/03/2026;02/03/2026;10:52:16;3;21.838,35;INVT;EST_INV_AME;MDCOSTA;;;;;;;;;3;UN;CDFL - CD FLORES;;0;3;3;AMEN;;;;0;0;0;;0;0;;;B;;;;0;UN;2026;;;S;WE;0;BRL;;;0;0;UN;UN;1.528,68;0;;
CDFL;4500139117;;;20;0;0;401193;TRAFO AER 1F 7,96KV 15KVA 240/120V 7TP;101;EM Entrada mercador.;180034878;1003291;5000252090;1;13/02/2026;20/02/2026;20/02/2026;14:15:14;6;43.676,70;INVT;EST_INV_AME;MDCOSTA;;;;;;;;;6;UN;CDFL - CD FLORES;;0;6;6;AMEN;;;;0;0;0;;0;0;;;B;;;;0;UN;2026;;;S;WE;0;BRL;;;0;0;UN;UN;3.057,37;0;;
CDFL;4500139117;;;20;0;0;401193;TRAFO AER 1F 7,96KV 15KVA 240/120V 7TP;101;EM Entrada mercador.;180034813;1003291;5000251538;1;10/02/2026;14/02/2026;14/02/2026;07:41:17;6;43.676,70;INVT;EST_INV_AME;MDCOSTA;;;;;;;;;6;UN;CDFL - CD FLORES;;0;6;6;AMEN;;;;0;0;0;;0;0;;;B;;;;0;UN;2026;;;S;WE;0;BRL;;;0;0;UN;UN;3.057,37;0;;
CDFL;4500139117;;;20;0;0;401193;TRAFO AER 1F 7,96KV 15KVA 240/120V 7TP;101;EM Entrada mercador.;180034733;1003291;5000250000;1;04/02/2026;10/02/2026;10/02/2026;11:08:43;23;167.427,35;INVT;EST_INV_AME;MDCOSTA;;;;;;;;;23;UN;CDFL - CD FLORES;;0;23;23;AMEN;;;;0;0;0;;0;0;;;B;;;;0;UN;2026;;;S;WE;0;BRL;;;0;0;UN;UN;11.719,91;0;;
CDFL;4500134196;;;30;0;0;401193;TRAFO AER 1F 7,96KV 15KVA 240/120V 7TP;101;EM Entrada mercador.;180034220;1003291;5000243961;2;17/12/2025;22/12/2025;22/12/2025;15:06:23;2;14.558,90;INVT;EST_INV_AME;MDCOSTA;;;;;;;;;2;UN;CDFL - CD FLORES;;0;2;2;AMEN;;;;0;0;0;;0;0;;;B;;;;0;UN;2025;;;S;WE;0;BRL;;;0;0;UN;UN;1.019,12;0;;
CDFL;4500134196;;;30;0;0;401193;TRAFO AER 1F 7,96KV 15KVA 240/120V 7TP;101;EM Entrada mercador.;180034078;1003291;5000241679;2;09/12/2025;15/12/2025;15/12/2025;08:47:02;6;43.676,70;INVT;EST_INV_AME;MDCOSTA;;;;;;;;;6;UN;CDFL - CD FLORES;;0;6;6;AMEN;;;;0;0;0;;0;0;;;B;;;;0;UN;2025;;;S;WE;0;BRL;;;0;0;UN;UN;3.057,37;0;;
CDFL;4500134196;;;30;0;0;401193;TRAFO AER 1F 7,96KV 15KVA 240/120V 7TP;101;EM Entrada mercador.;180034071;1003291;5000241660;2;09/12/2025;15/12/2025;15/12/2025;08:16:39;5;36.397,25;INVT;EST_INV_AME;MDCOSTA;;;;;;;;;5;UN;CDFL - CD FLORES;;0;5;5;AMEN;;;;0;0;0;;0;0;;;B;;;;0;UN;2025;;;S;WE;0;BRL;;;0;0;UN;UN;2.547,81;0;;
CDFL;4500129073;;;20;0;0;401193;TRAFO AER 1F 7,96KV 15KVA 240/120V 7TP;101;EM Entrada mercador.;180033944;1003291;5000239436;2;21/11/2025;03/12/2025;03/12/2025;10:33:50;3;21.838,35;INVT;EST_INV_AME;MDCOSTA;;;;;;;;;3;UN;CDFL - CD FLORES;;0;3;3;AMEN;;;;0;0;0;;0;0;;;B;;;;0;UN;2025;;;S;WE;0;BRL;;;0;0;UN;UN;1.528,68;0;;
CDFL;4500143290;;;70;0;0;401239;PARAFUSO CAB QD AC 16MM 450MM;101;EM Entrada mercador.;180036103;1007262;5000266250;1;30/04/2026;26/05/2026;26/05/2026;11:17:00;5.505; R$ 132.067,15 ;INVT;EST_INV_AME;LPEIXOTO;;;;;;;;;5.505;UN;CDFL - CD FLORES;;0;5.505;5.505;AMEN;;;;0;0;0;;0;0;;;B;;;;0;UN;2026;;;S;WE;0;BRL;;;0;0;UN;UN;14.566,23;10.681,90;;
CDFL;4500137980;;;10;0;0;401239;PARAFUSO CAB QD AC 16MM 450MM;101;EM Entrada mercador.;180034862;1007262;5000251980;1;19/02/2026;19/02/2026;19/02/2026;16:17:58;4.168;99.991,99;INVT;EST_INV_AME;MDCOSTA;;;;;;;;;4.168;UN;CDFL - CD FLORES;;0;4.168;4.168;AMEN;;;;0;0;0;;0;0;;;B;;;;0;UN;2026;;;S;WE;0;BRL;;;0;0;UN;UN;11.028,53;8.087,59;;
CDFL;4500132128;;;30;0;0;401239;PARAFUSO CAB QD AC 16MM 450MM;101;EM Entrada mercador.;180034695;1007262;5000249378;3;05/02/2026;05/02/2026;05/02/2026;18:15:47;1.150;27.588,96;INVT;EST_INV_AME;MDCOSTA;;;;;;;;;1.150;UN;CDFL - CD FLORES;;0;1.150;1.150;AMEN;;;;0;0;0;;0;0;;;B;;;;0;UN;2026;;;S;WE;0;BRL;;;0;0;UN;UN;3.042,90;2.231,46;;
CDFL;4500126981;;;10;0;0;401239;PARAFUSO CAB QD AC 16MM 450MM;101;EM Entrada mercador.;180034694;1007262;5000249377;1;11/12/2025;05/02/2026;05/02/2026;17:54:05;1.500;35.985,60;INVT;EST_INV_AME;MDCOSTA;;;;;;;;;1.500;UN;CDFL - CD FLORES;;0;1.500;1.500;AMEN;;;;0;0;0;;0;0;;;B;;;;0;UN;2026;;;S;WE;0;BRL;;;0;0;UN;UN;3.969,00;2.910,60;;
CDFL;4500121253;;;30;0;0;401239;PARAFUSO CAB QD AC 16MM 450MM;101;EM Entrada mercador.;180033098;1007262;5000229567;3;08/09/2025;03/10/2025;03/10/2025;08:48:56;1.200;28.788,48;INVT;EST_INV_AME;MDCOSTA;;;;;;;;;1.200;UN;CDFL - CD FLORES;;0;1.200;1.200;AMEN;;;;0;0;0;;0;0;;;B;;;;0;UN;2025;;;S;WE;0;BRL;;;0;0;UN;UN;3.175,20;2.328,48;;
CDFL;4500116907;;;40;0;0;401239;PARAFUSO CAB QD AC 16MM 450MM;101;EM Entrada mercador.;180032184;1007262;5000218925;4;30/07/2025;11/08/2025;11/08/2025;15:27:49;977;23.438,62;INVT;EST_INV_AME;MDCOSTA;;;;;;;;;977;UN;CDFL - CD FLORES;;0;977;977;AMEN;;;;0;0;0;;0;0;;;B;;;;0;UN;2025;;;S;WE;0;BRL;;;0;0;UN;UN;2.585,14;1.895,77;;
CDFL;4500150174;;;20;0;0;401252;POSTE CONCRETO TRON CON 13M 600DAN;101;EM Entrada mercador.;180035816;1006698;5000262404;2;23/04/2026;05/05/2026;05/05/2026;08:27:43;10; R$ 34.850,00 ;INVT;EST_INV_AME;LPEIXOTO;;;;;;;;;10;UN;CDFL - CD FLORES;;0;10;10;AMEN;;;;0;0;0;;0;0;;;B;;;;0;UN;2026;;;S;WE;0;BRL;;;0;0;UN;UN;2.439,50;0;;
CDFL;4500150174;;;20;0;0;401252;POSTE CONCRETO TRON CON 13M 600DAN;101;EM Entrada mercador.;180035621;1006698;5000260196;1;10/04/2026;16/04/2026;16/04/2026;09:45:51;10;34.850,00;INVT;EST_INV_AME;LPEIXOTO;;;;;;;;;10;UN;CDFL - CD FLORES;;0;10;10;AMEN;;;;0;0;0;;0;0;;;B;;;;0;UN;2026;;;S;WE;0;BRL;;;0;0;UN;UN;2.439,50;0;;
CDFL;4500126506;;;10;0;0;401252;POSTE CONCRETO TRON CON 13M 600DAN;101;EM Entrada mercador.;180032931;1003866;5000228133;1;17/09/2025;24/09/2025;24/09/2025;08:03:25;4;16.820,00;INVT;EST_INV_AME;MDCOSTA;;;;;;;;;4;UN;CDFL - CD FLORES;;0;4;4;AMEN;;;;0;0;0;;0;0;;;B;;;;0;UN;2025;;;S;WE;0;BRL;;;0;0;UN;UN;1.177,40;0;;
CDFL;4500121340;;;10;0;0;401252;POSTE CONCRETO TRON CON 13M 600DAN;101;EM Entrada mercador.;180031910;1006698;5000216804;1;22/07/2025;25/07/2025;25/07/2025;09:44:26;4;16.820,00;INVT;EST_INV_AME;MDCOSTA;;;;;;;;;4;UN;CDFL - CD FLORES;;0;4;4;AMEN;;;;0;0;0;;0;0;;;B;;;;0;UN;2025;;;S;WE;0;BRL;;;0;0;UN;UN;1.177,40;0;;
CDFL;4500145199;;;30;0;0;401260;POSTE CONCRETO TRON CON 9M 1000KGF;101;EM Entrada mercador.;180035400;1006698;5000257311;1;26/03/2026;26/03/2026;26/03/2026;09:50:38;4;10.611,40;INVT;EST_INV_AME;MDCOSTA;;;;;;;;;4;UN;CDFL - CD FLORES;;0;4;4;AMEN;;;;0;0;0;;0;0;;;B;;;;0;UN;2026;;;S;WE;0;BRL;;;0;0;UN;UN;742,8;0;;
CDFL;4500145199;;;30;0;0;401260;POSTE CONCRETO TRON CON 9M 1000KGF;101;EM Entrada mercador.;180035313;1006698;5000256860;1;20/03/2026;20/03/2026;20/03/2026;08:27:35;15;39.792,75;INVT;EST_INV_AME;MDCOSTA;;;;;;;;;15;UN;CDFL - CD FLORES;;0;15;15;AMEN;;;;0;0;0;;0;0;;;B;;;;0;UN;2026;;;S;WE;0;BRL;;;0;0;UN;UN;2.785,49;0;;
CDFL;4500145199;;;30;0;0;401260;POSTE CONCRETO TRON CON 9M 1000KGF;101;EM Entrada mercador.;180035142;1006698;5000254638;1;10/03/2026;10/03/2026;10/03/2026;08:39:03;4;10.611,40;INVT;EST_INV_AME;MDCOSTA;;;;;;;;;4;UN;CDFL - CD FLORES;;0;4;4;AMEN;;;;0;0;0;;0;0;;;B;;;;0;UN;2026;;;S;WE;0;BRL;;;0;0;UN;UN;742,8;0;;
CDFL;4500126488;;;30;0;0;401260;POSTE CONCRETO TRON CON 9M 1000KGF;101;EM Entrada mercador.;180032900;1006698;5000227612;1;12/09/2025;23/09/2025;23/09/2025;08:33:46;12;31.834,20;INVT;EST_INV_AME;MDCOSTA;;;;;;;;;12;UN;CDFL - CD FLORES;;0;12;12;AMEN;;;;0;0;0;;0;0;;;B;;;;0;UN;2025;;;S;WE;0;BRL;;;0;0;UN;UN;2.228,39;0;;
CDFL;4500144303;;;40;0;0;401264;PINO ISOLADOR AC 25X294X19MM;101;EM Entrada mercador.;180035380;1010868;5000257291;4;25/02/2026;26/03/2026;26/03/2026;08:04:18;1.356;35.978,55;INVT;EST_INV_AME;MDCOSTA;;;;;;;;;1.356;UN;CDFL - CD FLORES;;0;1.356;1.356;AMEN;;;;0;0;0;;0;0;;;B;;;;0;UN;2026;;;S;WE;0;BRL;;;0;0;UN;UN;2.187,91;4.722,75;;
CDFL;4500137970;;;10;0;0;401264;PINO ISOLADOR AC 25X294X19MM;101;EM Entrada mercador.;180034698;1010868;5000249396;1;06/02/2026;06/02/2026;06/02/2026;08:51:30;3.788;100.506,45;INVT;EST_INV_AME;MDCOSTA;;;;;;;;;3.788;UN;CDFL - CD FLORES;;0;3.788;3.788;AMEN;;;;0;0;0;;0;0;;;B;;;;0;UN;2026;;;S;WE;0;BRL;;;0;0;UN;UN;6.111,94;13.193,05;;
CDFL;4500121302;;;40;0;0;401264;PINO ISOLADOR AC 25X294X19MM;101;EM Entrada mercador.;180032478;1010868;5000221784;5;29/07/2025;27/08/2025;27/08/2025;10:01:04;74;1.963,43;INVT;EST_INV_AME;MDCOSTA;;;;;;;;;74;UN;CDFL - CD FLORES;;0;74;74;AMEN;;;;0;0;0;;0;0;;;B;;;;0;UN;2025;;;S;WE;0;BRL;;;0;0;UN;UN;119,4;257,73;;
CDFL;4500139689;;;10;0;0;401285;TERMINAL TUBULAR COMPRESSAO 70MM2;101;EM Entrada mercador.;180034326;1020062;5000244340;1;24/11/2025;30/12/2025;30/12/2025;16:42:54;5.000;29.920,00;INVT;EST_INV_AME;MDCOSTA;;;;;;;;;5.000;UN;CDFL - CD FLORES;;0;5.000;5.000;AMEN;;;;0;0;0;;0;0;;;B;;;;0;UN;2025;;;S;WE;0;BRL;;;0;0;UN;UN;3.300,00;2.420,00;;
CDFL;4500145245;;;10;0;0;401296;POSTE CONCRETO TRON CON 11M 600KGF;101;EM Entrada mercador.;180035394;1006698;5000257304;1;26/03/2026;26/03/2026;26/03/2026;09:13:05;5;11.102,05;INVT;EST_INV_AME;MDCOSTA;;;;;;;;;5;UN;CDFL - CD FLORES;;0;5;5;AMEN;;;;0;0;0;;0;0;;;B;;;;0;UN;2026;;;S;WE;0;BRL;;;0;0;UN;UN;2.220,41;0;;
CDFL;4500145245;;;10;0;0;401296;POSTE CONCRETO TRON CON 11M 600KGF;101;EM Entrada mercador.;180035355;1006698;5000257136;1;24/03/2026;24/03/2026;24/03/2026;09:16:50;15;33.306,15;INVT;EST_INV_AME;MDCOSTA;;;;;;;;;15;UN;CDFL - CD FLORES;;0;15;15;AMEN;;;;0;0;0;;0;0;;;B;;;;0;UN;2026;;;S;WE;0;BRL;;;0;0;UN;UN;6.661,23;0;;
CDFL;4500145245;;;10;0;0;401296;POSTE CONCRETO TRON CON 11M 600KGF;101;EM Entrada mercador.;180035326;1006698;5000256946;1;20/03/2026;20/03/2026;20/03/2026;15:07:35;15;33.306,15;INVT;EST_INV_AME;MDCOSTA;;;;;;;;;15;UN;CDFL - CD FLORES;;0;15;15;AMEN;;;;0;0;0;;0;0;;;B;;;;0;UN;2026;;;S;WE;0;BRL;;;0;0;UN;UN;6.661,23;0;;
CDFL;4500145245;;;10;0;0;401296;POSTE CONCRETO TRON CON 11M 600KGF;101;EM Entrada mercador.;180035254;1006698;5000256483;1;18/03/2026;18/03/2026;18/03/2026;08:49:44;15;33.306,15;INVT;EST_INV_AME;MDCOSTA;;;;;;;;;15;UN;CDFL - CD FLORES;;0;15;15;AMEN;;;;0;0;0;;0;0;;;B;;;;0;UN;2026;;;S;WE;0;BRL;;;0;0;UN;UN;6.661,23;0;;
CDFL;4500145245;;;10;0;0;401296;POSTE CONCRETO TRON CON 11M 600KGF;101;EM Entrada mercador.;180035138;1006698;5000254631;1;10/03/2026;10/03/2026;10/03/2026;08:22:05;9;19.983,69;INVT;EST_INV_AME;MDCOSTA;;;;;;;;;9;UN;CDFL - CD FLORES;;0;9;9;AMEN;;;;0;0;0;;0;0;;;B;;;;0;UN;2026;;;S;WE;0;BRL;;;0;0;UN;UN;3.996,74;0;;
CDFL;4500145245;;;10;0;0;401296;POSTE CONCRETO TRON CON 11M 600KGF;101;EM Entrada mercador.;180035140;1006698;5000254633;1;10/03/2026;10/03/2026;10/03/2026;08:31:32;15;33.306,15;INVT;EST_INV_AME;MDCOSTA;;;;;;;;;15;UN;CDFL - CD FLORES;;0;15;15;AMEN;;;;0;0;0;;0;0;;;B;;;;0;UN;2026;;;S;WE;0;BRL;;;0;0;UN;UN;6.661,23;0;;
CDFL;4500145245;;;10;0;0;401296;POSTE CONCRETO TRON CON 11M 600KGF;101;EM Entrada mercador.;180035099;1006698;5000254309;1;06/03/2026;06/03/2026;06/03/2026;14:14:46;6;13.322,46;INVT;EST_INV_AME;MDCOSTA;;;;;;;;;6;UN;CDFL - CD FLORES;;0;6;6;AMEN;;;;0;0;0;;0;0;;;B;;;;0;UN;2026;;;S;WE;0;BRL;;;0;0;UN;UN;2.664,49;0;;
CDFL;4500138292;;;70;0;0;401296;POSTE CONCRETO TRON CON 11M 600KGF;101;EM Entrada mercador.;180034655;1006698;5000248754;1;04/02/2026;04/02/2026;04/02/2026;07:51:21;7;15.542,88;INVT;EST_INV_AME;MDCOSTA;;;;;;;;;7;UN;CDFL - CD FLORES;;0;7;7;AMEN;;;;0;0;0;;0;0;;;B;;;;0;UN;2026;;;S;WE;0;BRL;;;0;0;UN;UN;3.108,58;0;;
CDFL;4500131754;;;20;0;0;401296;POSTE CONCRETO TRON CON 11M 600KGF;101;EM Entrada mercador.;180033730;1006698;5000235992;1;31/10/2025;14/11/2025;14/11/2025;08:59:27;15;33.306,15;INVT;EST_INV_AME;MDCOSTA;;;;;;;;;15;UN;CDFL - CD FLORES;;0;15;15;AMEN;;;;0;0;0;;0;0;;;B;;;;0;UN;2025;;;S;WE;0;BRL;;;0;0;UN;UN;2.331,43;0;;
CDFL;4500131754;;;20;0;0;401296;POSTE CONCRETO TRON CON 11M 600KGF;101;EM Entrada mercador.;180033721;1006698;5000235879;1;05/11/2025;13/11/2025;13/11/2025;14:26:24;16;35.526,56;INVT;EST_INV_AME;MDCOSTA;;;;;;;;;16;UN;CDFL - CD FLORES;;0;16;16;AMEN;;;;0;0;0;;0;0;;;B;;;;0;UN;2025;;;S;WE;0;BRL;;;0;0;UN;UN;2.486,86;0;;
CDFL;4500114914;;;20;0;0;401296;POSTE CONCRETO TRON CON 11M 600KGF;101;EM Entrada mercador.;180031911;1006698;5000216805;1;16/07/2025;25/07/2025;25/07/2025;09:50:24;11;24.424,51;INVT;EST_INV_AME;MDCOSTA;;;;;;;;;11;UN;CDFL - CD FLORES;;0;11;11;AMEN;;;;0;0;0;;0;0;;;B;;;;0;UN;2025;;;S;WE;0;BRL;;;0;0;UN;UN;1.709,72;0;;
CDFL;4500114914;;;20;0;0;401296;POSTE CONCRETO TRON CON 11M 600KGF;101;EM Entrada mercador.;180031820;1006698;5000216263;1;15/07/2025;21/07/2025;21/07/2025;15:39:38;7;15.542,87;INVT;EST_INV_AME;MDCOSTA;;;;;;;;;7;UN;CDFL - CD FLORES;;0;7;7;AMEN;;;;0;0;0;;0;0;;;B;;;;0;UN;2025;;;S;WE;0;BRL;;;0;0;UN;UN;1.088,00;0;;
CDFL;4500114914;;;20;0;0;401296;POSTE CONCRETO TRON CON 11M 600KGF;101;EM Entrada mercador.;180031758;1006698;5000215628;1;14/07/2025;17/07/2025;17/07/2025;09:16:16;14;31.085,74;INVT;EST_INV_AME;MDCOSTA;;;;;;;;;14;UN;CDFL - CD FLORES;;0;14;14;AMEN;;;;0;0;0;;0;0;;;B;;;;0;UN;2025;;;S;WE;0;BRL;;;0;0;UN;UN;2.176,00;0;;
CDFL;4500114914;;;20;0;0;401296;POSTE CONCRETO TRON CON 11M 600KGF;101;EM Entrada mercador.;180031655;1006698;5000214004;1;30/06/2025;09/07/2025;09/07/2025;10:08:15;7;15.542,87;INVT;EST_INV_AME;MDCOSTA;;;;;;;;;7;UN;CDFL - CD FLORES;;0;7;7;AMEN;;;;0;0;0;;0;0;;;B;;;;0;UN;2025;;;S;WE;0;BRL;;;0;0;UN;UN;1.088,00;0;;
CDFL;4500114914;;;20;0;0;401296;POSTE CONCRETO TRON CON 11M 600KGF;101;EM Entrada mercador.;180031598;1006698;5000212792;1;26/06/2025;03/07/2025;03/07/2025;08:53:02;8;17.763,28;INVT;EST_INV_AME;MDCOSTA;;;;;;;;;8;UN;CDFL - CD FLORES;;0;8;8;AMEN;;;;0;0;0;;0;0;;;B;;;;0;UN;2025;;;S;WE;0;BRL;;;0;0;UN;UN;1.243,43;0;;
CDFL;4500133042;;;20;0;0;401308;"TRAFO CRTE 15KV; 10-5A; 0,3C12,5 BARRA";101;EM Entrada mercador.;180034547;1007548;5000247808;2;08/12/2025;27/01/2026;27/01/2026;10:11:26;51;76.317,93;INVT;EST_INV_AME;MDCOSTA;;;;;;;;;51;UN;CDFL - CD FLORES;;0;51;51;AMEN;;;;0;0;0;;0;0;;;B;;;;0;UN;2026;;;S;WE;0;BRL;;;0;0;UN;UN;4.641,00;10.017,93;;
CDFL;4500131413;;;10;0;0;401309;"TRAFO CRTE 15KV; 20-5A; 0,3C12,5 BARRA";101;EM Entrada mercador.;180034550;1007548;5000247810;1;08/12/2025;27/01/2026;27/01/2026;10:32:10;64;95.771,52;INVT;EST_INV_AME;MDCOSTA;;;;;;;;;64;UN;CDFL - CD FLORES;;0;64;64;AMEN;;;;0;0;0;;0;0;;;B;;;;0;UN;2026;;;S;WE;0;BRL;;;0;0;UN;UN;5.824,00;12.571,52;;
CDFL;4500151197;;;20;0;0;401318;POSTE FIBRA VIDRO E-CR 9M 600DAN;101;EM Entrada mercador.;180036230;1004058;5000266517;2;13/05/2026;01/06/2026;01/06/2026;10:09:45;45;105.295,95;INVT;EST_INV_AME;MDCOSTA;;;;;;;;;45;UN;CDFL - CD FLORES;;0;45;45;AMEN;;;;0;0;0;;0;0;;;B;;;;0;UN;2026;;;S;WE;0;BRL;;;0;0;UN;UN;6.403,19;13.821,75;;
CDFL;4500147276;;;50;0;0;401318;POSTE FIBRA VIDRO E-CR 9M 600DAN;101;EM Entrada mercador.;180035560;1004058;5000259492;4;27/03/2026;13/04/2026;13/04/2026;09:24:15;56;131.034,96;INVT;EST_INV_AME;LPEIXOTO;;;;;;;;;56;UN;CDFL - CD FLORES;;0;56;56;AMEN;;;;0;0;0;;0;0;;;B;;;;0;UN;2026;;;S;WE;0;BRL;;;0;0;UN;UN;7.968,42;17.200,40;;
CDFL;4500138183;;;20;0;0;401318;POSTE FIBRA VIDRO E-CR 9M 600DAN;101;EM Entrada mercador.;180035536;1003624;5000259240;1;10/04/2026;10/04/2026;10/04/2026;09:24:29;50;119.500,00;INVT;EST_INV_AME;LPEIXOTO;;;;;;;;;50;UN;CDFL - CD FLORES;;0;50;50;AMEN;;;;0;0;0;;0;0;;;B;;;;0;UN;2026;;;S;WE;0;BRL;;;0;0;UN;UN;8.365,00;0;;
CDFL;4500147276;;;50;0;0;401318;POSTE FIBRA VIDRO E-CR 9M 600DAN;101;EM Entrada mercador.;180035476;1004058;5000257879;2;19/03/2026;02/04/2026;02/04/2026;14:33:20;44;102.956,04;INVT;EST_INV_AME;MDCOSTA;;;;;;;;;44;UN;CDFL - CD FLORES;;0;44;44;AMEN;;;;0;0;0;;0;0;;;B;;;;0;UN;2026;;;S;WE;0;BRL;;;0;0;UN;UN;6.260,90;13.514,60;;
CDFL;4500127848;;;60;0;0;401318;POSTE FIBRA VIDRO E-CR 9M 600DAN;101;EM Entrada mercador.;180033013;1003624;5000228564;1;18/09/2025;29/09/2025;29/09/2025;09:41:11;19;45.410,00;INVT;EST_INV_AME;MDCOSTA;;;;;;;;;19;UN;CDFL - CD FLORES;;0;19;19;AMEN;;;;0;0;0;;0;0;;;B;;;;0;UN;2025;;;S;WE;0;BRL;;;0;0;UN;UN;3.178,70;0;;
CDFL;4500125771;;;10;0;0;401318;POSTE FIBRA VIDRO E-CR 9M 600DAN;101;EM Entrada mercador.;180032693;1003624;5000224662;1;01/09/2025;11/09/2025;11/09/2025;10:01:01;50;119.500,00;INVT;EST_INV_AME;MDCOSTA;;;;;;;;;50;UN;CDFL - CD FLORES;;0;50;50;AMEN;;;;0;0;0;;0;0;;;B;;;;0;UN;2025;;;S;WE;0;BRL;;;0;0;UN;UN;8.365,00;0;;
CDFL;4500122989;;;10;0;0;401318;POSTE FIBRA VIDRO E-CR 9M 600DAN;101;EM Entrada mercador.;180032113;1003624;5000218259;1;30/07/2025;07/08/2025;07/08/2025;16:19:44;30;71.700,00;INVT;EST_INV_AME;MDCOSTA;;;;;;;;;30;UN;CDFL - CD FLORES;;0;30;30;AMEN;;;;0;0;0;;0;0;;;B;;;;0;UN;2025;;;S;WE;0;BRL;;;0;0;UN;UN;5.019,00;0;;
CDFL;4500144983;;;50;0;0;401324;TRAFO AER 3F 15KV 30KVA 220/127V 7TP;101;EM Entrada mercador.;180035788;1003291;5000261816;2;24/04/2026;30/04/2026;30/04/2026;10:50:19;5;61.878,60;INVT;EST_INV_AME;MDCOSTA;;;;;;;;;5;UN;CDFL - CD FLORES;;0;5;5;AMEN;;;;0;0;0;;0;0;;;B;;;;0;UN;2026;;;S;WE;0;BRL;;;0;0;UN;UN;4.331,50;0;;
CDFL;4500125193;;;30;0;0;401324;TRAFO AER 3F 15KV 30KVA 220/127V 7TP;101;EM Entrada mercador.;180035437;1003291;5000257474;1;26/03/2026;31/03/2026;31/03/2026;09:48:52;1;12.375,72;INVT;EST_INV_AME;MDCOSTA;;;;;;;;;1;UN;CDFL - CD FLORES;;0;1;1;AMEN;;;;0;0;0;;0;0;;;B;;;;0;UN;2026;;;S;WE;0;BRL;;;0;0;UN;UN;866,3;0;;
CDFL;4500125193;;;30;0;0;401324;TRAFO AER 3F 15KV 30KVA 220/127V 7TP;101;EM Entrada mercador.;180035269;1003291;5000256503;5;16/03/2026;18/03/2026;18/03/2026;09:24:53;1;12.375,72;INVT;EST_INV_AME;MDCOSTA;;;;;;;;;1;UN;CDFL - CD FLORES;;0;1;1;AMEN;;;;0;0;0;;0;0;;;B;;;;0;UN;2026;;;S;WE;0;BRL;;;0;0;UN;UN;866,3;0;;
CDFL;4500129073;;;60;0;0;401324;TRAFO AER 3F 15KV 30KVA 220/127V 7TP;101;EM Entrada mercador.;180035012;1003291;5000253419;1;24/02/2026;02/03/2026;02/03/2026;10:54:44;1;12.375,72;INVT;EST_INV_AME;MDCOSTA;;;;;;;;;1;UN;CDFL - CD FLORES;;0;1;1;AMEN;;;;0;0;0;;0;0;;;B;;;;0;UN;2026;;;S;WE;0;BRL;;;0;0;UN;UN;866,3;0;;
CDFL;4500129073;;;60;0;0;401324;TRAFO AER 3F 15KV 30KVA 220/127V 7TP;101;EM Entrada mercador.;180034810;1003291;5000251535;1;11/02/2026;14/02/2026;14/02/2026;07:32:52;1;12.375,72;INVT;EST_INV_AME;MDCOSTA;;;;;;;;;1;UN;CDFL - CD FLORES;;0;1;1;AMEN;;;;0;0;0;;0;0;;;B;;;;0;UN;2026;;;S;WE;0;BRL;;;0;0;UN;UN;866,3;0;;
CDFL;4500125193;;;30;0;0;401324;TRAFO AER 3F 15KV 30KVA 220/127V 7TP;101;EM Entrada mercador.;180034465;1003291;5000247589;3;30/12/2025;21/01/2026;23/01/2026;14:16:57;2;24.751,44;INVT;EST_INV_AME;MDCOSTA;;;;;;;;;2;UN;CDFL - CD FLORES;;0;2;2;AMEN;;;;0;0;0;;0;0;;;B;;;;0;UN;2026;;;S;WE;0;BRL;;;0;0;UN;UN;1.732,60;0;;
CDFL;4500129073;;;60;0;0;401324;TRAFO AER 3F 15KV 30KVA 220/127V 7TP;101;EM Entrada mercador.;180034068;1003291;5000241648;3;04/12/2025;15/12/2025;15/12/2025;08:09:03;4;49.502,88;INVT;EST_INV_AME;MDCOSTA;;;;;;;;;4;UN;CDFL - CD FLORES;;0;4;4;AMEN;;;;0;0;0;;0;0;;;B;;;;0;UN;2025;;;S;WE;0;BRL;;;0;0;UN;UN;3.465,20;0;;
CDFL;4500125193;;;30;0;0;401324;TRAFO AER 3F 15KV 30KVA 220/127V 7TP;101;EM Entrada mercador.;180033783;1003291;5000236389;3;07/11/2025;17/11/2025;17/11/2025;15:39:39;6;74.254,32;INVT;EST_INV_AME;LPEIXOTO;;;;;;;;;6;UN;CDFL - CD FLORES;;0;6;6;AMEN;;;;0;0;0;;0;0;;;B;;;;0;UN;2025;;;S;WE;0;BRL;;;0;0;UN;UN;5.197,80;0;;
CDFL;4500121355;;;20;0;0;401324;TRAFO AER 3F 15KV 30KVA 220/127V 7TP;101;EM Entrada mercador.;180033311;1003291;5000232008;2;06/10/2025;17/10/2025;17/10/2025;07:39:42;13;160.884,35;INVT;EST_INV_AME;MDCOSTA;;;;;;;;;13;UN;CDFL - CD FLORES;;0;13;13;AMEN;;;;0;0;0;;0;0;;;B;;;;0;UN;2025;;;S;WE;0;BRL;;;0;0;UN;UN;11.261,91;0;;
CDFL;4500114957;;;30;0;0;401324;TRAFO AER 3F 15KV 30KVA 220/127V 7TP;101;EM Entrada mercador.;180032666;1003291;5000224232;1;03/09/2025;10/09/2025;10/09/2025;11:27:20;1;12.375,72;INVT;EST_INV_AME;MDCOSTA;;;;;;;;;1;UN;CDFL - CD FLORES;;0;1;1;AMEN;;;;0;0;0;;0;0;;;B;;;;0;UN;2025;;;S;WE;0;BRL;;;0;0;UN;UN;866,3;0;;
CDFL;4500112240;;;30;0;0;401324;TRAFO AER 3F 15KV 30KVA 220/127V 7TP;101;EM Entrada mercador.;180032062;1003291;5000217824;1;28/07/2025;06/08/2025;06/08/2025;11:22:48;2;24.751,44;INVT;EST_INV_AME;MDCOSTA;;;;;;;;;2;UN;CDFL - CD FLORES;;0;2;2;AMEN;;;;0;0;0;;0;0;;;B;;;;0;UN;2025;;;S;WE;0;BRL;;;0;0;UN;UN;1.732,60;0;;
CDFL;4500114957;;;30;0;0;401324;TRAFO AER 3F 15KV 30KVA 220/127V 7TP;101;EM Entrada mercador.;180032003;1003291;5000217382;3;25/07/2025;01/08/2025;01/08/2025;09:39:20;1;12.375,72;INVT;EST_INV_AME;MDCOSTA;;;;;;;;;1;UN;CDFL - CD FLORES;;0;1;1;AMEN;;;;0;0;0;;0;0;;;B;;;;0;UN;2025;;;S;WE;0;BRL;;;0;0;UN;UN;866,3;0;;
CDFL;4500114957;;;30;0;0;401324;TRAFO AER 3F 15KV 30KVA 220/127V 7TP;101;EM Entrada mercador.;180031984;1003291;5000217147;1;23/07/2025;30/07/2025;30/07/2025;09:55:57;2;24.751,44;INVT;EST_INV_AME;MDCOSTA;;;;;;;;;2;UN;CDFL - CD FLORES;;0;2;2;AMEN;;;;0;0;0;;0;0;;;B;;;;0;UN;2025;;;S;WE;0;BRL;;;0;0;UN;UN;1.732,60;0;;
CDFL;4500114957;;;30;0;0;401324;TRAFO AER 3F 15KV 30KVA 220/127V 7TP;101;EM Entrada mercador.;180031955;1003291;5000216999;1;23/07/2025;29/07/2025;29/07/2025;08:46:11;6;74.254,32;INVT;EST_INV_AME;MDCOSTA;;;;;;;;;6;UN;CDFL - CD FLORES;;0;6;6;AMEN;;;;0;0;0;;0;0;;;B;;;;0;UN;2025;;;S;WE;0;BRL;;;0;0;UN;UN;5.197,80;0;;
CDFL;4500114957;;;30;0;0;401324;TRAFO AER 3F 15KV 30KVA 220/127V 7TP;101;EM Entrada mercador.;180031896;1003291;5000216784;1;21/07/2025;25/07/2025;25/07/2025;08:13:49;6;74.254,32;INVT;EST_INV_AME;MDCOSTA;;;;;;;;;6;UN;CDFL - CD FLORES;;0;6;6;AMEN;;;;0;0;0;;0;0;;;B;;;;0;UN;2025;;;S;WE;0;BRL;;;0;0;UN;UN;5.197,80;0;;
CDFL;4500112240;;;30;0;0;401324;TRAFO AER 3F 15KV 30KVA 220/127V 7TP;101;EM Entrada mercador.;180031899;1003291;5000216789;2;18/07/2025;25/07/2025;25/07/2025;08:20:55;2;24.751,44;INVT;EST_INV_AME;MDCOSTA;;;;;;;;;2;UN;CDFL - CD FLORES;;0;2;2;AMEN;;;;0;0;0;;0;0;;;B;;;;0;UN;2025;;;S;WE;0;BRL;;;0;0;UN;UN;1.732,60;0;;
CDFL;4500112240;;;30;0;0;401324;TRAFO AER 3F 15KV 30KVA 220/127V 7TP;101;EM Entrada mercador.;180031648;1003291;5000213861;2;03/07/2025;08/07/2025;08/07/2025;15:53:28;16;198.011,52;INVT;EST_INV_AME;MDCOSTA;;;;;;;;;16;UN;CDFL - CD FLORES;;0;16;16;AMEN;;;;0;0;0;;0;0;;;B;;;;0;UN;2025;;;S;WE;0;BRL;;;0;0;UN;UN;13.860,81;0;;
CDFL;4500112240;;;30;0;0;401324;TRAFO AER 3F 15KV 30KVA 220/127V 7TP;101;EM Entrada mercador.;180031607;1003291;5000213297;3;02/07/2025;04/07/2025;04/07/2025;10:08:12;1;12.375,72;INVT;EST_INV_AME;MDCOSTA;;;;;;;;;1;UN;CDFL - CD FLORES;;0;1;1;AMEN;;;;0;0;0;;0;0;;;B;;;;0;UN;2025;;;S;WE;0;BRL;;;0;0;UN;UN;866,3;0;;
CDFL;4500112240;;;30;0;0;401324;TRAFO AER 3F 15KV 30KVA 220/127V 7TP;101;EM Entrada mercador.;180031591;1003291;5000212717;1;26/06/2025;02/07/2025;02/07/2025;15:55:41;1;12.375,72;INVT;EST_INV_AME;MDCOSTA;;;;;;;;;1;UN;CDFL - CD FLORES;;0;1;1;AMEN;;;;0;0;0;;0;0;;;B;;;;0;UN;2025;;;S;WE;0;BRL;;;0;0;UN;UN;866,3;0;;
CDFL;4500145238;;;30;0;0;401349;POSTE CONCRETO CIRC 11M 1000DAN;101;EM Entrada mercador.;180035393;1006698;5000257303;1;23/03/2026;26/03/2026;26/03/2026;09:09:26;7;25.298,49;INVT;EST_INV_AME;MDCOSTA;;;;;;;;;7;UN;CDFL - CD FLORES;;0;7;7;AMEN;;;;0;0;0;;0;0;;;B;;;;0;UN;2026;;;S;WE;0;BRL;;;0;0;UN;UN;1.770,89;0;;
CDFL;4500138292;;;100;0;0;401349;POSTE CONCRETO CIRC 11M 1000DAN;101;EM Entrada mercador.;180034655;1006698;5000248754;2;04/02/2026;04/02/2026;04/02/2026;07:51:21;5;18.070,35;INVT;EST_INV_AME;MDCOSTA;;;;;;;;;5;UN;CDFL - CD FLORES;;0;5;5;AMEN;;;;0;0;0;;0;0;;;B;;;;0;UN;2026;;;S;WE;0;BRL;;;0;0;UN;UN;3.614,07;0;;
CDFL;4500138292;;;100;0;0;401349;POSTE CONCRETO CIRC 11M 1000DAN;101;EM Entrada mercador.;180034656;1006698;5000248755;1;04/02/2026;04/02/2026;04/02/2026;07:56:40;12;43.368,84;INVT;EST_INV_AME;MDCOSTA;;;;;;;;;12;UN;CDFL - CD FLORES;;0;12;12;AMEN;;;;0;0;0;;0;0;;;B;;;;0;UN;2026;;;S;WE;0;BRL;;;0;0;UN;UN;8.673,77;0;;
CDFL;4500124100;;;10;0;0;401349;POSTE CONCRETO CIRC 11M 1000DAN;101;EM Entrada mercador.;180032426;1006698;5000221334;1;19/08/2025;25/08/2025;25/08/2025;11:46:15;12;43.368,84;INVT;EST_INV_AME;MDCOSTA;;;;;;;;;12;UN;CDFL - CD FLORES;;0;12;12;AMEN;;;;0;0;0;;0;0;;;B;;;;0;UN;2025;;;S;WE;0;BRL;;;0;0;UN;UN;3.035,82;0;;
CDFL;4500124100;;;10;0;0;401349;POSTE CONCRETO CIRC 11M 1000DAN;101;EM Entrada mercador.;180032427;1006698;5000221336;1;21/08/2025;25/08/2025;25/08/2025;11:48:50;14;50.596,99;INVT;EST_INV_AME;MDCOSTA;;;;;;;;;14;UN;CDFL - CD FLORES;;0;14;14;AMEN;;;;0;0;0;;0;0;;;B;;;;0;UN;2025;;;S;WE;0;BRL;;;0;0;UN;UN;3.541,79;0;;
CDFL;4500114914;;;40;0;0;401349;POSTE CONCRETO CIRC 11M 1000DAN;101;EM Entrada mercador.;180031820;1006698;5000216263;2;15/07/2025;21/07/2025;21/07/2025;15:39:38;6;21.684,42;INVT;EST_INV_AME;MDCOSTA;;;;;;;;;6;UN;CDFL - CD FLORES;;0;6;6;AMEN;;;;0;0;0;;0;0;;;B;;;;0;UN;2025;;;S;WE;0;BRL;;;0;0;UN;UN;1.517,91;0;;
CDFL;4500114914;;;40;0;0;401349;POSTE CONCRETO CIRC 11M 1000DAN;101;EM Entrada mercador.;180031655;1006698;5000214004;2;30/06/2025;09/07/2025;09/07/2025;10:08:15;6;21.684,42;INVT;EST_INV_AME;MDCOSTA;;;;;;;;;6;UN;CDFL - CD FLORES;;0;6;6;AMEN;;;;0;0;0;;0;0;;;B;;;;0;UN;2025;;;S;WE;0;BRL;;;0;0;UN;UN;1.517,91;0;;
CDFL;4500114914;;;40;0;0;401349;POSTE CONCRETO CIRC 11M 1000DAN;101;EM Entrada mercador.;180031637;1006698;5000213607;1;30/06/2025;08/07/2025;08/07/2025;08:36:02;12;43.368,84;INVT;EST_INV_AME;MDCOSTA;;;;;;;;;12;UN;CDFL - CD FLORES;;0;12;12;AMEN;;;;0;0;0;;0;0;;;B;;;;0;UN;2025;;;S;WE;0;BRL;;;0;0;UN;UN;3.035,82;0;;
CDFL;4500114914;;;40;0;0;401349;POSTE CONCRETO CIRC 11M 1000DAN;101;EM Entrada mercador.;180031598;1006698;5000212792;2;26/06/2025;03/07/2025;03/07/2025;08:53:02;1;3.614,07;INVT;EST_INV_AME;MDCOSTA;;;;;;;;;1;UN;CDFL - CD FLORES;;0;1;1;AMEN;;;;0;0;0;;0;0;;;B;;;;0;UN;2025;;;S;WE;0;BRL;;;0;0;UN;UN;252,98;0;;
CDFL;4500133042;;;30;0;0;401356;"TRAFO CRTE 15KV; 15-5A; 0,3C12,5 BARRA";101;EM Entrada mercador.;180034547;1007548;5000247808;3;08/12/2025;27/01/2026;27/01/2026;10:11:26;49;73.325,07;INVT;EST_INV_AME;MDCOSTA;;;;;;;;;49;UN;CDFL - CD FLORES;;0;49;49;AMEN;;;;0;0;0;;0;0;;;B;;;;0;UN;2026;;;S;WE;0;BRL;;;0;0;UN;UN;4.459,00;9.625,07;;
CDFL;4500152175;;;20;0;0;401360;POSTE FIBRA VIDRO E-CR 9M 300DAN;101;EM Entrada mercador.;180036178;1011711;5000266340;1;28/05/2026;28/05/2026;28/05/2026;11:14:05;50; R$ 83.406,49 ;INVT;EST_INV_AME;LPEIXOTO;;;;;;;;;50;UN;CDFL - CD FLORES;;0;50;50;AMEN;;;;0;0;0;;0;0;;;B;;;;0;UN;2026;;;S;WE;0;BRL;;;0;0;UN;UN;5.838,45;0;;
CDFL;4500152175;;;10;0;0;401360;POSTE FIBRA VIDRO E-CR 9M 300DAN;101;EM Entrada mercador.;180035824;1011711;5000262539;1;05/05/2026;05/05/2026;05/05/2026;15:07:43;50; R$ 83.406,49 ;INVT;EST_INV_AME;LPEIXOTO;;;;;;;;;50;UN;CDFL - CD FLORES;;0;50;50;AMEN;;;;0;0;0;;0;0;;;B;;;;0;UN;2026;;;S;WE;0;BRL;;;0;0;UN;UN;5.838,45;0;;
CDFL;4500149689;;;10;0;0;401360;POSTE FIBRA VIDRO E-CR 9M 300DAN;101;EM Entrada mercador.;180035363;1011711;5000257156;1;24/03/2026;24/03/2026;24/03/2026;10:19:17;50;83.406,50;INVT;EST_INV_AME;MDCOSTA;;;;;;;;;50;UN;CDFL - CD FLORES;;0;50;50;AMEN;;;;0;0;0;;0;0;;;B;;;;0;UN;2026;;;S;WE;0;BRL;;;0;0;UN;UN;5.838,46;0;;
CDFL;4500149689;;;10;0;0;401360;POSTE FIBRA VIDRO E-CR 9M 300DAN;101;EM Entrada mercador.;180035362;1011711;5000257155;1;24/03/2026;24/03/2026;24/03/2026;10:13:52;50;83.406,50;INVT;EST_INV_AME;MDCOSTA;;;;;;;;;50;UN;CDFL - CD FLORES;;0;50;50;AMEN;;;;0;0;0;;0;0;;;B;;;;0;UN;2026;;;S;WE;0;BRL;;;0;0;UN;UN;5.838,46;0;;
CDFL;4500147049;;;30;0;0;401360;POSTE FIBRA VIDRO E-CR 9M 300DAN;101;EM Entrada mercador.;180035122;1011711;5000254499;1;09/03/2026;09/03/2026;09/03/2026;11:26:38;24;40.035,12;INVT;EST_INV_AME;MDCOSTA;;;;;;;;;24;UN;CDFL - CD FLORES;;0;24;24;AMEN;;;;0;0;0;;0;0;;;B;;;;0;UN;2026;;;S;WE;0;BRL;;;0;0;UN;UN;2.802,46;0;;
CDFL;4500147049;;;30;0;0;401360;POSTE FIBRA VIDRO E-CR 9M 300DAN;101;EM Entrada mercador.;180035050;1011711;5000253551;1;03/03/2026;03/03/2026;03/03/2026;11:09:38;50;83.406,50;INVT;EST_INV_AME;MDCOSTA;;;;;;;;;50;UN;CDFL - CD FLORES;;0;50;50;AMEN;;;;0;0;0;;0;0;;;B;;;;0;UN;2026;;;S;WE;0;BRL;;;0;0;UN;UN;5.838,45;0;;
CDFL;4500147049;;;30;0;0;401360;POSTE FIBRA VIDRO E-CR 9M 300DAN;101;EM Entrada mercador.;180035047;1011711;5000253548;1;03/03/2026;03/03/2026;03/03/2026;11:02:14;50;83.406,50;INVT;EST_INV_AME;MDCOSTA;;;;;;;;;50;UN;CDFL - CD FLORES;;0;50;50;AMEN;;;;0;0;0;;0;0;;;B;;;;0;UN;2026;;;S;WE;0;BRL;;;0;0;UN;UN;5.838,45;0;;
CDFL;4500133909;;;30;0;0;401360;POSTE FIBRA VIDRO E-CR 9M 300DAN;101;EM Entrada mercador.;180033797;1011711;5000236644;1;12/11/2025;18/11/2025;18/11/2025;09:59:23;50;76.850,00;INVT;EST_INV_AME;MDCOSTA;;;;;;;;;50;UN;CDFL - CD FLORES;;0;50;50;AMEN;;;;0;0;0;;0;0;;;B;;;;0;UN;2025;;;S;WE;0;BRL;;;0;0;UN;UN;5.379,50;0;;
CDFL;4500131625;;;20;0;0;401360;POSTE FIBRA VIDRO E-CR 9M 300DAN;101;EM Entrada mercador.;180033681;1003624;5000235528;1;03/11/2025;11/11/2025;11/11/2025;17:26:41;30;46.770,00;INVT;EST_INV_AME;MDCOSTA;;;;;;;;;30;UN;CDFL - CD FLORES;;0;30;30;AMEN;;;;0;0;0;;0;0;;;B;;;;0;UN;2025;;;S;WE;0;BRL;;;0;0;UN;UN;3.273,90;0;;
CDFL;4500125771;;;20;0;0;401360;POSTE FIBRA VIDRO E-CR 9M 300DAN;101;EM Entrada mercador.;180032652;1003624;5000223660;1;01/09/2025;09/09/2025;09/09/2025;11:01:57;36;56.124,00;INVT;EST_INV_AME;MDCOSTA;;;;;;;;;36;UN;CDFL - CD FLORES;;0;36;36;AMEN;;;;0;0;0;;0;0;;;B;;;;0;UN;2025;;;S;WE;0;BRL;;;0;0;UN;UN;3.928,68;0;;
CDFL;4500127848;;;50;0;0;401360;POSTE FIBRA VIDRO E-CR 9M 300DAN;101;EM Entrada mercador.;180032649;1003624;5000223640;1;01/09/2025;09/09/2025;09/09/2025;10:53:58;11;17.149,00;INVT;EST_INV_AME;MDCOSTA;;;;;;;;;11;UN;CDFL - CD FLORES;;0;11;11;AMEN;;;;0;0;0;;0;0;;;B;;;;0;UN;2025;;;S;WE;0;BRL;;;0;0;UN;UN;1.200,43;0;;
CDFL;4500122979;;;40;0;0;401360;POSTE FIBRA VIDRO E-CR 9M 300DAN;101;EM Entrada mercador.;180032112;1011711;5000218246;1;31/07/2025;07/08/2025;07/08/2025;16:15:01;30;46.110,00;INVT;EST_INV_AME;MDCOSTA;;;;;;;;;30;UN;CDFL - CD FLORES;;0;30;30;AMEN;;;;0;0;0;;0;0;;;B;;;;0;UN;2025;;;S;WE;0;BRL;;;0;0;UN;UN;3.227,70;0;;
CDFL;4500122979;;;20;0;0;401360;POSTE FIBRA VIDRO E-CR 9M 300DAN;101;EM Entrada mercador.;180031913;1011711;5000216808;1;18/07/2025;25/07/2025;25/07/2025;10:16:00;30;46.110,00;INVT;EST_INV_AME;MDCOSTA;;;;;;;;;30;UN;CDFL - CD FLORES;;0;30;30;AMEN;;;;0;0;0;;0;0;;;B;;;;0;UN;2025;;;S;WE;0;BRL;;;0;0;UN;UN;3.227,70;0;;
CDFL;4500122979;;;10;0;0;401360;POSTE FIBRA VIDRO E-CR 9M 300DAN;101;EM Entrada mercador.;180031825;1011711;5000216274;1;17/07/2025;21/07/2025;21/07/2025;16:02:47;30;46.110,00;INVT;EST_INV_AME;MDCOSTA;;;;;;;;;30;UN;CDFL - CD FLORES;;0;30;30;AMEN;;;;0;0;0;;0;0;;;B;;;;0;UN;2025;;;S;WE;0;BRL;;;0;0;UN;UN;3.227,70;0;;
CDFL;4500150402;;;20;0;0;401375;AFASTADOR REDE SEC AC 700MM 500MM;101;EM Entrada mercador.;180036222;1003152;5000266447;1;08/05/2026;29/05/2026;29/05/2026;16:17:22;1.559; R$ 244.653,03 ;INVT;EST_INV_AME;MDCOSTA;;;;;;;;;1.559;UN;CDFL - CD FLORES;;0;1.559;1.559;AMEN;;;;0;0;0;;0;0;;;B;;;;0;UN;2026;;;S;WE;0;BRL;;;0;0;UN;UN;14.877,69;32.114,56;;
CDFL;4500152854;;;10;0;0;401396;CABO  MULT 3X25+1X25 MM² XLPE 0,6/1 KV;101;EM Entrada mercador.;180035997;1003949;5000264494;1;06/05/2026;18/05/2026;18/05/2026;14:45:00;5.700; R$ 63.213,00 ;INVT;EST_INV_AME;LPEIXOTO;;;;;;;;;5.700;M;CDFL - CD FLORES;;0;5.700;5.700;AMEN;;;;0;0;0;;0;0;;;B;;;;0;M;2026;;;S;WE;0;BRL;;;0;0;M;M;4.424,91;0;;
CDFL;4500139127;;;20;0;0;401396;CABO  MULT 3X25+1X25 MM² XLPE 0,6/1 KV;101;EM Entrada mercador.;180034502;1003949;5000247478;1;23/12/2025;23/01/2026;23/01/2026;09:03:20;800;8.080,00;INVT;EST_INV_AME;MDCOSTA;;;;;;;;;800;M;CDFL - CD FLORES;;0;800;800;AMEN;;;;0;0;0;;0;0;;;B;;;;0;M;2026;;;S;WE;0;BRL;;;0;0;M;M;565,6;0;;
CDFL;4500135638;;;10;0;0;401396;CABO  MULT 3X25+1X25 MM² XLPE 0,6/1 KV;101;EM Entrada mercador.;180033972;1003949;5000239804;1;25/11/2025;05/12/2025;05/12/2025;09:51:48;1.166;11.776,60;INVT;EST_INV_AME;MDCOSTA;;;;;;;;;1.166;M;CDFL - CD FLORES;;0;1.166;1.166;AMEN;;;;0;0;0;;0;0;;;B;;;;0;M;2025;;;S;WE;0;BRL;;;0;0;M;M;824,36;0;;
CDFL;4500128714;;;10;0;0;401396;CABO  MULT 3X25+1X25 MM² XLPE 0,6/1 KV;101;EM Entrada mercador.;180033104;1003949;5000229582;1;23/09/2025;03/10/2025;03/10/2025;09:13:42;642;6.484,20;INVT;EST_INV_AME;MDCOSTA;;;;;;;;;642;M;CDFL - CD FLORES;;0;642;642;AMEN;;;;0;0;0;;0;0;;;B;;;;0;M;2025;;;S;WE;0;BRL;;;0;0;M;M;453,89;0;;
CDFL;4500128714;;;10;0;0;401396;CABO  MULT 3X25+1X25 MM² XLPE 0,6/1 KV;101;EM Entrada mercador.;180032910;1003949;5000227643;1;10/09/2025;23/09/2025;23/09/2025;09:58:13;1.000;10.100,00;INVT;EST_INV_AME;MDCOSTA;;;;;;;;;1.000;M;CDFL - CD FLORES;;0;1.000;1.000;AMEN;;;;0;0;0;;0;0;;;B;;;;0;M;2025;;;S;WE;0;BRL;;;0;0;M;M;707;0;;
CDFL;4500118908;;;40;0;0;401396;CABO  MULT 3X25+1X25 MM² XLPE 0,6/1 KV;101;EM Entrada mercador.;180032198;1003949;5000218974;1;05/08/2025;12/08/2025;12/08/2025;08:09:40;1.550;15.655,00;INVT;EST_INV_AME;MDCOSTA;;;;;;;;;1.550;M;CDFL - CD FLORES;;0;1.550;1.550;AMEN;;;;0;0;0;;0;0;;;B;;;;0;M;2025;;;S;WE;0;BRL;;;0;0;M;M;1.095,85;0;;
CDFL;4500119651;;;10;0;0;401396;CABO  MULT 3X25+1X25 MM² XLPE 0,6/1 KV;101;EM Entrada mercador.;180031625;1003949;5000213461;1;24/06/2025;07/07/2025;07/07/2025;09:23:59;2.096;20.058,73;INVT;EST_INV_AME;MDCOSTA;;;;;;;;;2.096;M;CDFL - CD FLORES;;0;2.096;2.096;AMEN;;;;0;0;0;;0;0;;;B;;;;0;M;2025;;;S;WE;0;BRL;;;0;0;M;M;1.404,11;0;;
CDFL;4500119475;;;10;0;0;401402;RETIFIC CHAVEAD 380VCA/3F/125VCC/100A;101;EM Entrada mercador.;180033569;1003776;5000234456;1;24/09/2025;03/11/2025;03/11/2025;14:40:05;1;73.564,02;INVT;EST_INV_AME;MDCOSTA;;;;;;;;;1;UN;CDFL - CD FLORES;;0;1;1;AMEN;;;;0;0;0;;0;0;;;B;;;;0;UN;2025;;;S;WE;0;BRL;;;0;0;UN;UN;3.284,91;9.849,55;;
CDFL;4500146591;;;10;0;0;401435;ALCA PREFORM CA/CAA 2AWG 6/1P 2AWG 625MM;101;EM Entrada mercador.;180035754;1007593;5000261750;1;29/04/2026;29/04/2026;29/04/2026;10:04:41;3.000;12.224,68;INVT;EST_INV_AME;MDCOSTA;;;;;;;;;3.000;UN;CDFL - CD FLORES;;0;3.000;3.000;AMEN;;;;0;0;0;;0;0;;;B;;;;0;UN;2026;;;S;WE;0;BRL;;;0;0;UN;UN;743,4;1.604,68;;
CDFL;4500152157;;;110;0;0;401438;CINTA POSTE CIRC ACO 270MM;101;EM Entrada mercador.;180036104;1003152;5000266254;5;08/05/2026;26/05/2026;26/05/2026;14:21:57;600; R$ 17.397,72 ;INVT;EST_INV_AME;LPEIXOTO;;;;;;;;;600;UN;CDFL - CD FLORES;;0;600;600;AMEN;;;;0;0;0;;0;0;;;B;;;;0;UN;2026;;;S;WE;0;BRL;;;0;0;UN;UN;1.057,98;2.283,73;;
CDFL;4500155604;;;10;0;0;401465;CONECTOR PERF AL 16-120MM2 / 16-120MM2;101;EM Entrada mercador.;180036171;1016114;5000266327;1;22/05/2026;28/05/2026;28/05/2026;09:08:35;500; R$ 12.735,00 ;INVT;EST_INV_AME;LPEIXOTO;;;;;;;;;500;UN;CDFL - CD FLORES;;0;500;500;AMEN;;;;0;0;0;;0;0;;;B;;;;0;UN;2026;;;S;WE;0;BRL;;;0;0;UN;UN;0;0;;
CDFL;4500153200;;;10;0;0;401465;CONECTOR PERF AL 16-120MM2 / 16-120MM2;101;EM Entrada mercador.;180035948;1016114;5000263425;1;05/05/2026;14/05/2026;14/05/2026;08:08:03;949; R$ 18.980,00 ;INVT;EST_INV_AME;LPEIXOTO;;;;;;;;;949;UN;CDFL - CD FLORES;;0;949;949;AMEN;;;;0;0;0;;0;0;;;B;;;;0;UN;2026;;;S;WE;0;BRL;;;0;0;UN;UN;0;0;;
CDFL;4500153201;;;10;0;0;401465;CONECTOR PERF AL 16-120MM2 / 16-120MM2;101;EM Entrada mercador.;180035949;1016114;5000263426;1;05/05/2026;14/05/2026;14/05/2026;08:12:27;785; R$ 19.993,95 ;INVT;EST_INV_AME;LPEIXOTO;;;;;;;;;785;UN;CDFL - CD FLORES;;0;785;785;AMEN;;;;0;0;0;;0;0;;;B;;;;0;UN;2026;;;S;WE;0;BRL;;;0;0;UN;UN;0;0;;
CDFL;4500147803;;;10;0;0;401465;CONECTOR PERF AL 16-120MM2 / 16-120MM2;101;EM Entrada mercador.;180035523;1003515;5000259106;1;06/04/2026;09/04/2026;09/04/2026;14:50:11;4.500;78.750,00;INVT;EST_INV_AME;LPEIXOTO;;;;;;;;;4.500;UN;CDFL - CD FLORES;;0;4.500;4.500;AMEN;;;;0;0;0;;0;0;;;B;;;;0;UN;2026;;;S;WE;0;BRL;;;0;0;UN;UN;0;0;;
CDFL;4500147801;;;10;0;0;401465;CONECTOR PERF AL 16-120MM2 / 16-120MM2;101;EM Entrada mercador.;180035302;1003515;5000256629;1;16/03/2026;19/03/2026;19/03/2026;09:24:37;500;8.750,00;INVT;EST_INV_AME;MDCOSTA;;;;;;;;;500;UN;CDFL - CD FLORES;;0;500;500;AMEN;;;;0;0;0;;0;0;;;B;;;;0;UN;2026;;;S;WE;0;BRL;;;0;0;UN;UN;0;0;;
CDFL;4500148056;;;20;0;0;401465;CONECTOR PERF AL 16-120MM2 / 16-120MM2;101;EM Entrada mercador.;180035090;1003818;5000254170;1;26/02/2026;05/03/2026;05/03/2026;15:05:46;500;5.145,00;INVT;EST_INV_AME;MDCOSTA;;;;;;;;;500;UN;CDFL - CD FLORES;;0;500;500;AMEN;;;;0;0;0;;0;0;;;B;;;;0;UN;2026;;;S;WE;0;BRL;;;0;0;UN;UN;0;0;;
CDFL;4500150392;;;20;0;0;401485;BRACO SUPORTE TIPO C 580X365MM 851/6;101;EM Entrada mercador.;180036067;1003152;5000266041;1;22/05/2026;22/05/2026;22/05/2026;08:22:39;874; R$ 92.426,86 ;INVT;EST_INV_AME;LPEIXOTO;;;;;;;;;874;UN;CDFL - CD FLORES;;0;874;874;AMEN;;;;0;0;0;;0;0;;;B;;;;0;UN;2026;;;S;WE;0;BRL;;;0;0;UN;UN;5.620,61;12.132,48;;
CDFL;4500143335;;;10;0;0;401485;BRACO SUPORTE TIPO C 580X365MM 851/6;101;EM Entrada mercador.;180035528;1007262;5000259162;1;19/03/2026;09/04/2026;09/04/2026;16:22:45;144;20.674,44;INVT;EST_INV_AME;LPEIXOTO;;;;;;;;;144;UN;CDFL - CD FLORES;;0;144;144;AMEN;;;;0;0;0;;0;0;;;B;;;;0;UN;2026;;;S;WE;0;BRL;;;0;0;UN;UN;2.280,27;1.672,20;;
CDFL;4500137967;;;10;0;0;401485;BRACO SUPORTE TIPO C 580X365MM 851/6;101;EM Entrada mercador.;180035066;1007262;5000253642;1;04/03/2026;04/03/2026;04/03/2026;08:18:44;341;48.958,22;INVT;EST_INV_AME;MDCOSTA;;;;;;;;;341;UN;CDFL - CD FLORES;;0;341;341;AMEN;;;;0;0;0;;0;0;;;B;;;;0;UN;2026;;;S;WE;0;BRL;;;0;0;UN;UN;5.399,80;3.959,86;;
CDFL;4500116905;;;40;0;0;401485;BRACO SUPORTE TIPO C 580X365MM 851/6;101;EM Entrada mercador.;180032291;1007262;5000219321;4;30/07/2025;15/08/2025;15/08/2025;08:15:32;250;35.893,12;INVT;EST_INV_AME;MDCOSTA;;;;;;;;;250;UN;CDFL - CD FLORES;;0;250;250;AMEN;;;;0;0;0;;0;0;;;B;;;;0;UN;2025;;;S;WE;0;BRL;;;0;0;UN;UN;3.958,80;2.903,12;;
CDFL;4500148260;;;50;0;0;401497;ARRUELA PRES AC PARAF 3/8P 15MM;101;EM Entrada mercador.;180036218;1021472;5000266444;4;14/04/2026;29/05/2026;29/05/2026;16:04:31;638; R$ 1.269,62 ;INVT;EST_INV_AME;MDCOSTA;;;;;;;;;638;UN;CDFL - CD FLORES;;0;638;638;AMEN;;;;0;0;0;;0;0;;;B;;;;0;UN;2026;;;S;WE;0;BRL;;;0;0;UN;UN;0;0;;
CDFL;4500132844;;;10;0;0;401497;ARRUELA PRES AC PARAF 3/8P 15MM;101;EM Entrada mercador.;180034204;1021472;5000243936;2;25/11/2025;22/12/2025;22/12/2025;11:23:33;50;99,5;INVT;EST_INV_AME;MDCOSTA;;;;;;;;;50;UN;CDFL - CD FLORES;;0;50;50;AMEN;;;;0;0;0;;0;0;;;B;;;;0;UN;2025;;;S;WE;0;BRL;;;0;0;UN;UN;0;0;;
CDFL;4500132898;;;10;0;0;401497;ARRUELA PRES AC PARAF 3/8P 15MM;101;EM Entrada mercador.;180034170;1021472;5000243758;2;25/11/2025;19/12/2025;19/12/2025;11:33:04;80;159,2;INVT;EST_INV_AME;MDCOSTA;;;;;;;;;80;UN;CDFL - CD FLORES;;0;80;80;AMEN;;;;0;0;0;;0;0;;;B;;;;0;UN;2025;;;S;WE;0;BRL;;;0;0;UN;UN;0;0;;
CDFL;4500126952;;;20;0;0;401497;ARRUELA PRES AC PARAF 3/8P 15MM;101;EM Entrada mercador.;180033211;1021472;5000230622;2;16/09/2025;10/10/2025;10/10/2025;10:05:06;400;796;INVT;EST_INV_AME;MDCOSTA;;;;;;;;;400;UN;CDFL - CD FLORES;;0;400;400;AMEN;;;;0;0;0;;0;0;;;B;;;;0;UN;2025;;;S;WE;0;BRL;;;0;0;UN;UN;0;0;;
CDFL;4500113053;;;30;0;0;401497;ARRUELA PRES AC PARAF 3/8P 15MM;101;EM Entrada mercador.;180031789;1021472;5000215736;3;17/06/2025;18/07/2025;18/07/2025;09:07:00;752;1.496,48;INVT;EST_INV_AME;MDCOSTA;;;;;;;;;752;UN;CDFL - CD FLORES;;0;752;752;AMEN;;;;0;0;0;;0;0;;;B;;;;0;UN;2025;;;S;WE;0;BRL;;;0;0;UN;UN;0;0;;
CDFL;4500150195;;;10;0;0;401500;CONECTOR DER CUNHA AL 2/0AWG 4/0AWG;101;EM Entrada mercador.;180035867;1020062;5000262988;1;27/04/2026;08/05/2026;08/05/2026;14:22:36;582; R$ 10.004,81 ;INVT;EST_INV_AME;LPEIXOTO;;;;;;;;;582;UN;CDFL - CD FLORES;;0;582;582;AMEN;;;;0;0;0;;0;0;;;B;;;;0;UN;2026;;;S;WE;0;BRL;;;0;0;UN;UN;1.103,47;809,21;;
CDFL;4500129553;;;10;0;0;401505;FIO ELETRICO CU NU 16MM2 MEIO DURO;101;EM Entrada mercador.;180034993;1009313;5000253317;1;20/01/2026;27/02/2026;27/02/2026;15:44:59;1.250;122.304,38;INVT;EST_INV_AME;MDCOSTA;;;;;;;;;1.250;KG;CDFL - CD FLORES;;0;1.250;1.250;AMEN;;;;0;0;0;;0;0;;;B;;;;0;KG;2026;;;S;WE;0;BRL;;;0;0;KG;KG;7.437,50;16.054,38;;
CDFL;4500129553;;;10;0;0;401505;FIO ELETRICO CU NU 16MM2 MEIO DURO;101;EM Entrada mercador.;180034755;1009313;5000250316;1;11/02/2026;11/02/2026;11/02/2026;08:03:12;1.250;122.304,38;INVT;EST_INV_AME;MDCOSTA;;;;;;;;;1.250;KG;CDFL - CD FLORES;;0;1.250;1.250;AMEN;;;;0;0;0;;0;0;;;B;;;;0;KG;2026;;;S;WE;0;BRL;;;0;0;KG;KG;7.437,50;16.054,38;;
CDFL;4500129553;;;10;0;0;401505;FIO ELETRICO CU NU 16MM2 MEIO DURO;101;EM Entrada mercador.;180033572;1009313;5000234479;1;18/09/2025;03/11/2025;03/11/2025;15:25:55;1.250;122.304,38;INVT;EST_INV_AME;MDCOSTA;;;;;;;;;1.250;KG;CDFL - CD FLORES;;0;1.250;1.250;AMEN;;;;0;0;0;;0;0;;;B;;;;0;KG;2025;;;S;WE;0;BRL;;;0;0;KG;KG;7.437,50;16.054,38;;
CDFL;4500152330;;;20;0;0;401531;CABO ELET ISOL PVC PT 10MM2 0,6/1KV;101;EM Entrada mercador.;180036048;1003949;5000265811;2;05/05/2026;21/05/2026;21/05/2026;08:38:37;250; R$ 2.950,00 ;INVT;EST_INV_AME;LPEIXOTO;;;;;;;;;250;M;CDFL - CD FLORES;;0;250;250;AMEN;;;;0;0;0;;0;0;;;B;;;;0;M;2026;;;S;WE;0;BRL;;;0;0;M;M;206,5;0;;
CDFL;4500112198;;;10;0;0;401531;CABO ELET ISOL PVC PT 10MM2 0,6/1KV;101;EM Entrada mercador.;180031824;1003949;5000216268;1;16/07/2025;21/07/2025;21/07/2025;15:56:13;278;2.468,64;INVT;EST_INV_AME;MDCOSTA;;;;;;;;;278;M;CDFL - CD FLORES;;0;278;278;AMEN;;;;0;0;0;;0;0;;;B;;;;0;M;2025;;;S;WE;0;BRL;;;0;0;M;M;172,8;0;;
CDFL;4500113640;;;10;0;0;401531;CABO ELET ISOL PVC PT 10MM2 0,6/1KV;101;EM Entrada mercador.;180031823;1003949;5000216267;1;16/07/2025;21/07/2025;21/07/2025;15:53:35;294;2.560,74;INVT;EST_INV_AME;MDCOSTA;;;;;;;;;294;M;CDFL - CD FLORES;;0;294;294;AMEN;;;;0;0;0;;0;0;;;B;;;;0;M;2025;;;S;WE;0;BRL;;;0;0;M;M;179,25;0;;
CDFL;4500137985;;;30;0;0;401547;CRUZETA POL PE/FBN 90X112,5X2400MM;101;EM Entrada mercador.;180035585;1007001;5000259955;1;13/03/2026;14/04/2026;14/04/2026;14:46:49;293;83.474,89;INVT;EST_INV_AME;GRIBEIRO;;;;;;;;;293;UN;CDFL - CD FLORES;;0;293;293;AMEN;;;;0;0;0;;0;0;;;B;;;;0;UN;2026;;;S;WE;0;BRL;;;0;0;UN;UN;5.076,23;10.957,39;;
CDFL;4500137985;;;30;0;0;401547;CRUZETA POL PE/FBN 90X112,5X2400MM;101;EM Entrada mercador.;180035436;1007001;5000257456;1;26/02/2026;30/03/2026;30/03/2026;16:30:58;200;56.979,44;INVT;EST_INV_AME;MDCOSTA;;;;;;;;;200;UN;CDFL - CD FLORES;;0;200;200;AMEN;;;;0;0;0;;0;0;;;B;;;;0;UN;2026;;;S;WE;0;BRL;;;0;0;UN;UN;3.465,00;7.479,45;;
CDFL;4500116517;;;20;0;0;401547;CRUZETA POL PE/FBN 90X112,5X2400MM;101;EM Entrada mercador.;180035075;1007001;5000253739;1;12/02/2026;04/03/2026;04/03/2026;10:22:21;47;13.390,17;INVT;EST_INV_AME;MDCOSTA;;;;;;;;;47;UN;CDFL - CD FLORES;;0;47;47;AMEN;;;;0;0;0;;0;0;;;B;;;;0;UN;2026;;;S;WE;0;BRL;;;0;0;UN;UN;814,28;1.757,67;;
CDFL;4500116517;;;20;0;0;401547;CRUZETA POL PE/FBN 90X112,5X2400MM;101;EM Entrada mercador.;180034014;1007001;5000240926;1;14/11/2025;10/12/2025;10/12/2025;16:16:52;3;854,69;INVT;EST_INV_AME;MDCOSTA;;;;;;;;;3;UN;CDFL - CD FLORES;;0;3;3;AMEN;;;;0;0;0;;0;0;;;B;;;;0;UN;2025;;;S;WE;0;BRL;;;0;0;UN;UN;51,98;112,19;;
CDFL;4500116517;;;20;0;0;401547;CRUZETA POL PE/FBN 90X112,5X2400MM;101;EM Entrada mercador.;180033686;1007001;5000235533;1;20/10/2025;11/11/2025;11/11/2025;17:46:19;344;98.004,65;INVT;EST_INV_AME;MDCOSTA;;;;;;;;;344;UN;CDFL - CD FLORES;;0;344;344;AMEN;;;;0;0;0;;0;0;;;B;;;;0;UN;2025;;;S;WE;0;BRL;;;0;0;UN;UN;5.959,80;12.864,65;;
CDFL;4500116517;;;20;0;0;401547;CRUZETA POL PE/FBN 90X112,5X2400MM;101;EM Entrada mercador.;180032444;1007001;5000221583;1;31/07/2025;26/08/2025;26/08/2025;09:18:55;180;51.281,50;INVT;EST_INV_AME;MDCOSTA;;;;;;;;;180;UN;CDFL - CD FLORES;;0;180;180;AMEN;;;;0;0;0;;0;0;;;B;;;;0;UN;2025;;;S;WE;0;BRL;;;0;0;UN;UN;3.118,50;6.731,51;;
CDFL;4500150184;;;10;0;0;401566;CONECTOR PARAL AL 4/0AWG 1/0AWG;101;EM Entrada mercador.;180035931;1003137;5000263336;1;28/04/2026;13/05/2026;13/05/2026;11:35:40;3.000; R$ 34.153,14 ;INVT;EST_INV_AME;LPEIXOTO;;;;;;;;;3.000;UN;CDFL - CD FLORES;;0;3.000;3.000;AMEN;;;;0;0;0;;0;0;;;B;;;;0;UN;2026;;;S;WE;0;BRL;;;0;0;UN;UN;2.076,90;4.483,14;;
CDFL;4500145743;;;20;0;0;401566;CONECTOR PARAL AL 4/0AWG 1/0AWG;101;EM Entrada mercador.;180035935;1003799;5000263348;1;10/04/2026;13/05/2026;13/05/2026;14:28:39;1.680; R$ 36.143,62 ;INVT;EST_INV_AME;LPEIXOTO;;;;;;;;;1.680;UN;CDFL - CD FLORES;;0;1.680;1.680;AMEN;;;;0;0;0;;0;0;;;B;;;;0;UN;2026;;;S;WE;0;BRL;;;0;0;UN;UN;2.197,94;4.744,42;;
CDFL;4500144683;;;10;0;0;401566;CONECTOR PARAL AL 4/0AWG 1/0AWG;101;EM Entrada mercador.;180035770;1003799;5000261796;1;18/03/2026;30/04/2026;30/04/2026;08:20:02;1.000;21.514,06;INVT;EST_INV_AME;MDCOSTA;;;;;;;;;1.000;UN;CDFL - CD FLORES;;0;1.000;1.000;AMEN;;;;0;0;0;;0;0;;;B;;;;0;UN;2026;;;S;WE;0;BRL;;;0;0;UN;UN;1.308,30;2.824,06;;
CDFL;4500145743;;;20;0;0;401566;CONECTOR PARAL AL 4/0AWG 1/0AWG;101;EM Entrada mercador.;180035771;1003799;5000261797;2;18/03/2026;30/04/2026;30/04/2026;08:22:12;1.520;32.701,37;INVT;EST_INV_AME;MDCOSTA;;;;;;;;;1.520;UN;CDFL - CD FLORES;;0;1.520;1.520;AMEN;;;;0;0;0;;0;0;;;B;;;;0;UN;2026;;;S;WE;0;BRL;;;0;0;UN;UN;1.988,62;4.292,57;;
CDFL;4500117817;;;20;0;0;401566;CONECTOR PARAL AL 4/0AWG 1/0AWG;101;EM Entrada mercador.;180032557;1003799;5000222575;2;29/07/2025;01/09/2025;01/09/2025;14:31:33;3.058;65.789,98;INVT;EST_INV_AME;MDCOSTA;;;;;;;;;3.058;UN;CDFL - CD FLORES;;0;3.058;3.058;AMEN;;;;0;0;0;;0;0;;;B;;;;0;UN;2025;;;S;WE;0;BRL;;;0;0;UN;UN;4.000,78;8.635,97;;
CDFL;4500117817;;;20;0;0;401566;CONECTOR PARAL AL 4/0AWG 1/0AWG;101;EM Entrada mercador.;180032555;1003799;5000222572;1;30/07/2025;01/09/2025;01/09/2025;14:21:33;1.892;40.704,60;INVT;EST_INV_AME;MDCOSTA;;;;;;;;;1.892;UN;CDFL - CD FLORES;;0;1.892;1.892;AMEN;;;;0;0;0;;0;0;;;B;;;;0;UN;2025;;;S;WE;0;BRL;;;0;0;UN;UN;2.475,30;5.343,12;;
CDFL;4500143382;;;10;0;0;401574;BRACO ANTIBALANCO PA PT 15KV 320MM;101;EM Entrada mercador.;180035469;1007001;5000257861;3;13/03/2026;02/04/2026;02/04/2026;10:57:04;455;10.448,82;INVT;EST_INV_AME;MDCOSTA;;;;;;;;;455;UN;CDFL - CD FLORES;;0;455;455;AMEN;;;;0;0;0;;0;0;;;B;;;;0;UN;2026;;;S;WE;0;BRL;;;0;0;UN;UN;635,41;1.371,57;;
CDFL;4500149234;;;10;0;0;401632;LACRE SEG MET 11DIG BR;101;EM Entrada mercador.;180036180;1003333;5000266367;1;28/05/2026;28/05/2026;28/05/2026;14:27:25;113.000; R$ 249.742,66 ;INVT;EST_INV_AME;MDCOSTA;;;;;;;;;113.000;UN;CDFL - CD FLORES;;0;113.000;113.000;AMEN;;;;0;0;0;;0;0;;;B;;;;0;UN;2026;;;S;WE;0;BRL;;;0;0;UN;UN;15.187,20;32.782,66;;
CDFL;4500149234;;;10;0;0;401632;LACRE SEG MET 11DIG BR;101;EM Entrada mercador.;180036099;1003333;5000266241;1;26/05/2026;26/05/2026;26/05/2026;09:33:19;110.000; R$ 243.112,32 ;INVT;EST_INV_AME;LPEIXOTO;;;;;;;;;110.000;UN;CDFL - CD FLORES;;0;110.000;110.000;AMEN;;;;0;0;0;;0;0;;;B;;;;0;UN;2026;;;S;WE;0;BRL;;;0;0;UN;UN;14.784,00;31.912,32;;
CDFL;4500142027;;;10;0;0;401632;LACRE SEG MET 11DIG BR;101;EM Entrada mercador.;180035236;1003333;5000256387;1;17/03/2026;17/03/2026;17/03/2026;08:47:38;145.100;320.687,25;INVT;EST_INV_AME;MDCOSTA;;;;;;;;;145.100;UN;CDFL - CD FLORES;;0;145.100;145.100;AMEN;;;;0;0;0;;0;0;;;B;;;;0;UN;2026;;;S;WE;0;BRL;;;0;0;UN;UN;19.501,44;42.095,25;;
CDFL;4500134947;;;10;0;0;401632;LACRE SEG MET 11DIG BR;101;EM Entrada mercador.;180034335;1003333;5000244362;1;25/11/2025;31/12/2025;31/12/2025;07:58:50;10.000;22.101,12;INVT;EST_INV_AME;MDCOSTA;;;;;;;;;10.000;UN;CDFL - CD FLORES;;0;10.000;10.000;AMEN;;;;0;0;0;;0;0;;;B;;;;0;UN;2025;;;S;WE;0;BRL;;;0;0;UN;UN;1.344,00;2.901,12;;
CDFL;4500134947;;;10;0;0;401632;LACRE SEG MET 11DIG BR;101;EM Entrada mercador.;180034335;1003333;5000244362;2;25/11/2025;31/12/2025;31/12/2025;07:58:50;10.000;22.101,12;INVT;EST_INV_AME;MDCOSTA;;;;;;;;;10.000;UN;CDFL - CD FLORES;;0;10.000;10.000;AMEN;;;;0;0;0;;0;0;;;B;;;;0;UN;2025;;;S;WE;0;BRL;;;0;0;UN;UN;1.344,00;2.901,12;;
CDFL;4500134947;;;10;0;0;401632;LACRE SEG MET 11DIG BR;101;EM Entrada mercador.;180034335;1003333;5000244362;3;25/11/2025;31/12/2025;31/12/2025;07:58:50;10.000;22.101,12;INVT;EST_INV_AME;MDCOSTA;;;;;;;;;10.000;UN;CDFL - CD FLORES;;0;10.000;10.000;AMEN;;;;0;0;0;;0;0;;;B;;;;0;UN;2025;;;S;WE;0;BRL;;;0;0;UN;UN;1.344,00;2.901,12;;
CDFL;4500134947;;;10;0;0;401632;LACRE SEG MET 11DIG BR;101;EM Entrada mercador.;180034335;1003333;5000244362;4;25/11/2025;31/12/2025;31/12/2025;07:58:50;10.000;22.101,12;INVT;EST_INV_AME;MDCOSTA;;;;;;;;;10.000;UN;CDFL - CD FLORES;;0;10.000;10.000;AMEN;;;;0;0;0;;0;0;;;B;;;;0;UN;2025;;;S;WE;0;BRL;;;0;0;UN;UN;1.344,00;2.901,12;;
CDFL;4500134947;;;10;0;0;401632;LACRE SEG MET 11DIG BR;101;EM Entrada mercador.;180034335;1003333;5000244362;5;25/11/2025;31/12/2025;31/12/2025;07:58:50;4.537;10.027,28;INVT;EST_INV_AME;MDCOSTA;;;;;;;;;4.537;UN;CDFL - CD FLORES;;0;4.537;4.537;AMEN;;;;0;0;0;;0;0;;;B;;;;0;UN;2025;;;S;WE;0;BRL;;;0;0;UN;UN;609,77;1.316,24;;
CDFL;4500119253;;;10;0;0;401632;LACRE SEG MET 11DIG BR;101;EM Entrada mercador.;180033079;1003333;5000229408;8;09/09/2025;02/10/2025;02/10/2025;07:53:16;10.000;22.101,12;INVT;EST_INV_AME;MDCOSTA;;;;;;;;;10.000;UN;CDFL - CD FLORES;;0;10.000;10.000;AMEN;;;;0;0;0;;0;0;;;B;;;;0;UN;2025;;;S;WE;0;BRL;;;0;0;UN;UN;1.344,00;2.901,12;;
CDFL;4500119253;;;10;0;0;401632;LACRE SEG MET 11DIG BR;101;EM Entrada mercador.;180033079;1003333;5000229408;7;09/09/2025;02/10/2025;02/10/2025;07:53:16;10.000;22.101,12;INVT;EST_INV_AME;MDCOSTA;;;;;;;;;10.000;UN;CDFL - CD FLORES;;0;10.000;10.000;AMEN;;;;0;0;0;;0;0;;;B;;;;0;UN;2025;;;S;WE;0;BRL;;;0;0;UN;UN;1.344,00;2.901,12;;
CDFL;4500119253;;;10;0;0;401632;LACRE SEG MET 11DIG BR;101;EM Entrada mercador.;180033079;1003333;5000229408;6;09/09/2025;02/10/2025;02/10/2025;07:53:16;10.000;22.101,12;INVT;EST_INV_AME;MDCOSTA;;;;;;;;;10.000;UN;CDFL - CD FLORES;;0;10.000;10.000;AMEN;;;;0;0;0;;0;0;;;B;;;;0;UN;2025;;;S;WE;0;BRL;;;0;0;UN;UN;1.344,00;2.901,12;;
CDFL;4500119253;;;10;0;0;401632;LACRE SEG MET 11DIG BR;101;EM Entrada mercador.;180033079;1003333;5000229408;5;09/09/2025;02/10/2025;02/10/2025;07:53:16;10.000;22.101,12;INVT;EST_INV_AME;MDCOSTA;;;;;;;;;10.000;UN;CDFL - CD FLORES;;0;10.000;10.000;AMEN;;;;0;0;0;;0;0;;;B;;;;0;UN;2025;;;S;WE;0;BRL;;;0;0;UN;UN;1.344,00;2.901,12;;
CDFL;4500119253;;;10;0;0;401632;LACRE SEG MET 11DIG BR;101;EM Entrada mercador.;180033079;1003333;5000229408;1;09/09/2025;02/10/2025;02/10/2025;07:53:16;10.000;22.101,12;INVT;EST_INV_AME;MDCOSTA;;;;;;;;;10.000;UN;CDFL - CD FLORES;;0;10.000;10.000;AMEN;;;;0;0;0;;0;0;;;B;;;;0;UN;2025;;;S;WE;0;BRL;;;0;0;UN;UN;1.344,00;2.901,12;;
CDFL;4500119253;;;10;0;0;401632;LACRE SEG MET 11DIG BR;101;EM Entrada mercador.;180033079;1003333;5000229408;4;09/09/2025;02/10/2025;02/10/2025;07:53:16;10.000;22.101,12;INVT;EST_INV_AME;MDCOSTA;;;;;;;;;10.000;UN;CDFL - CD FLORES;;0;10.000;10.000;AMEN;;;;0;0;0;;0;0;;;B;;;;0;UN;2025;;;S;WE;0;BRL;;;0;0;UN;UN;1.344,00;2.901,12;;
CDFL;4500119253;;;10;0;0;401632;LACRE SEG MET 11DIG BR;101;EM Entrada mercador.;180033079;1003333;5000229408;3;09/09/2025;02/10/2025;02/10/2025;07:53:16;10.000;22.101,12;INVT;EST_INV_AME;MDCOSTA;;;;;;;;;10.000;UN;CDFL - CD FLORES;;0;10.000;10.000;AMEN;;;;0;0;0;;0;0;;;B;;;;0;UN;2025;;;S;WE;0;BRL;;;0;0;UN;UN;1.344,00;2.901,12;;
CDFL;4500119253;;;10;0;0;401632;LACRE SEG MET 11DIG BR;101;EM Entrada mercador.;180033079;1003333;5000229408;2;09/09/2025;02/10/2025;02/10/2025;07:53:16;10.000;22.101,12;INVT;EST_INV_AME;MDCOSTA;;;;;;;;;10.000;UN;CDFL - CD FLORES;;0;10.000;10.000;AMEN;;;;0;0;0;;0;0;;;B;;;;0;UN;2025;;;S;WE;0;BRL;;;0;0;UN;UN;1.344,00;2.901,12;;
CDFL;4500116592;;;10;0;0;401632;LACRE SEG MET 11DIG BR;101;EM Entrada mercador.;180031964;1003333;5000217011;11;26/06/2025;29/07/2025;29/07/2025;09:42:23;10.000;22.101,12;INVT;EST_INV_AME;MDCOSTA;;;;;;;;;10.000;UN;CDFL - CD FLORES;;0;10.000;10.000;AMEN;;;;0;0;0;;0;0;;;B;;;;0;UN;2025;;;S;WE;0;BRL;;;0;0;UN;UN;1.344,00;2.901,12;;
CDFL;4500116592;;;10;0;0;401632;LACRE SEG MET 11DIG BR;101;EM Entrada mercador.;180031964;1003333;5000217011;10;26/06/2025;29/07/2025;29/07/2025;09:42:23;10.000;22.101,12;INVT;EST_INV_AME;MDCOSTA;;;;;;;;;10.000;UN;CDFL - CD FLORES;;0;10.000;10.000;AMEN;;;;0;0;0;;0;0;;;B;;;;0;UN;2025;;;S;WE;0;BRL;;;0;0;UN;UN;1.344,00;2.901,12;;
CDFL;4500116592;;;10;0;0;401632;LACRE SEG MET 11DIG BR;101;EM Entrada mercador.;180031964;1003333;5000217011;1;26/06/2025;29/07/2025;29/07/2025;09:42:23;10.000;22.101,12;INVT;EST_INV_AME;MDCOSTA;;;;;;;;;10.000;UN;CDFL - CD FLORES;;0;10.000;10.000;AMEN;;;;0;0;0;;0;0;;;B;;;;0;UN;2025;;;S;WE;0;BRL;;;0;0;UN;UN;1.344,00;2.901,12;;
CDFL;4500116592;;;10;0;0;401632;LACRE SEG MET 11DIG BR;101;EM Entrada mercador.;180031964;1003333;5000217011;12;26/06/2025;29/07/2025;29/07/2025;09:42:23;10.000;22.101,12;INVT;EST_INV_AME;MDCOSTA;;;;;;;;;10.000;UN;CDFL - CD FLORES;;0;10.000;10.000;AMEN;;;;0;0;0;;0;0;;;B;;;;0;UN;2025;;;S;WE;0;BRL;;;0;0;UN;UN;1.344,00;2.901,12;;
CDFL;4500116592;;;10;0;0;401632;LACRE SEG MET 11DIG BR;101;EM Entrada mercador.;180031964;1003333;5000217011;2;26/06/2025;29/07/2025;29/07/2025;09:42:23;10.000;22.101,12;INVT;EST_INV_AME;MDCOSTA;;;;;;;;;10.000;UN;CDFL - CD FLORES;;0;10.000;10.000;AMEN;;;;0;0;0;;0;0;;;B;;;;0;UN;2025;;;S;WE;0;BRL;;;0;0;UN;UN;1.344,00;2.901,12;;
CDFL;4500116592;;;10;0;0;401632;LACRE SEG MET 11DIG BR;101;EM Entrada mercador.;180031964;1003333;5000217011;9;26/06/2025;29/07/2025;29/07/2025;09:42:23;10.000;22.101,12;INVT;EST_INV_AME;MDCOSTA;;;;;;;;;10.000;UN;CDFL - CD FLORES;;0;10.000;10.000;AMEN;;;;0;0;0;;0;0;;;B;;;;0;UN;2025;;;S;WE;0;BRL;;;0;0;UN;UN;1.344,00;2.901,12;;
CDFL;4500116592;;;10;0;0;401632;LACRE SEG MET 11DIG BR;101;EM Entrada mercador.;180031964;1003333;5000217011;3;26/06/2025;29/07/2025;29/07/2025;09:42:23;10.000;22.101,12;INVT;EST_INV_AME;MDCOSTA;;;;;;;;;10.000;UN;CDFL - CD FLORES;;0;10.000;10.000;AMEN;;;;0;0;0;;0;0;;;B;;;;0;UN;2025;;;S;WE;0;BRL;;;0;0;UN;UN;1.344,00;2.901,12;;
CDFL;4500116592;;;10;0;0;401632;LACRE SEG MET 11DIG BR;101;EM Entrada mercador.;180031964;1003333;5000217011;4;26/06/2025;29/07/2025;29/07/2025;09:42:23;10.000;22.101,12;INVT;EST_INV_AME;MDCOSTA;;;;;;;;;10.000;UN;CDFL - CD FLORES;;0;10.000;10.000;AMEN;;;;0;0;0;;0;0;;;B;;;;0;UN;2025;;;S;WE;0;BRL;;;0;0;UN;UN;1.344,00;2.901,12;;
CDFL;4500116592;;;10;0;0;401632;LACRE SEG MET 11DIG BR;101;EM Entrada mercador.;180031964;1003333;5000217011;13;26/06/2025;29/07/2025;29/07/2025;09:42:23;5.770;12.752,35;INVT;EST_INV_AME;MDCOSTA;;;;;;;;;5.770;UN;CDFL - CD FLORES;;0;5.770;5.770;AMEN;;;;0;0;0;;0;0;;;B;;;;0;UN;2025;;;S;WE;0;BRL;;;0;0;UN;UN;775,49;1.673,95;;
CDFL;4500116592;;;10;0;0;401632;LACRE SEG MET 11DIG BR;101;EM Entrada mercador.;180031964;1003333;5000217011;5;26/06/2025;29/07/2025;29/07/2025;09:42:23;10.000;22.101,12;INVT;EST_INV_AME;MDCOSTA;;;;;;;;;10.000;UN;CDFL - CD FLORES;;0;10.000;10.000;AMEN;;;;0;0;0;;0;0;;;B;;;;0;UN;2025;;;S;WE;0;BRL;;;0;0;UN;UN;1.344,00;2.901,12;;
CDFL;4500116592;;;10;0;0;401632;LACRE SEG MET 11DIG BR;101;EM Entrada mercador.;180031964;1003333;5000217011;8;26/06/2025;29/07/2025;29/07/2025;09:42:23;10.000;22.101,12;INVT;EST_INV_AME;MDCOSTA;;;;;;;;;10.000;UN;CDFL - CD FLORES;;0;10.000;10.000;AMEN;;;;0;0;0;;0;0;;;B;;;;0;UN;2025;;;S;WE;0;BRL;;;0;0;UN;UN;1.344,00;2.901,12;;
CDFL;4500116592;;;10;0;0;401632;LACRE SEG MET 11DIG BR;101;EM Entrada mercador.;180031964;1003333;5000217011;7;26/06/2025;29/07/2025;29/07/2025;09:42:23;10.000;22.101,12;INVT;EST_INV_AME;MDCOSTA;;;;;;;;;10.000;UN;CDFL - CD FLORES;;0;10.000;10.000;AMEN;;;;0;0;0;;0;0;;;B;;;;0;UN;2025;;;S;WE;0;BRL;;;0;0;UN;UN;1.344,00;2.901,12;;
CDFL;4500116592;;;10;0;0;401632;LACRE SEG MET 11DIG BR;101;EM Entrada mercador.;180031964;1003333;5000217011;6;26/06/2025;29/07/2025;29/07/2025;09:42:23;10.000;22.101,12;INVT;EST_INV_AME;MDCOSTA;;;;;;;;;10.000;UN;CDFL - CD FLORES;;0;10.000;10.000;AMEN;;;;0;0;0;;0;0;;;B;;;;0;UN;2025;;;S;WE;0;BRL;;;0;0;UN;UN;1.344,00;2.901,12;;
CDFL;4500114231;;;10;0;0;401656;INVERSOR 125 VCC/220VCA FN 60HZ 5KVA;101;EM Entrada mercador.;180033087;1011297;5000229483;1;27/08/2025;02/10/2025;02/10/2025;11:17:08;13;309.960,78;INVT;EST_INV_AME;MDCOSTA;;;;;;;;;13;UN;CDFL - CD FLORES;;0;13;13;AMEN;;;;0;0;0;;0;0;;;B;;;;0;UN;2025;;;S;WE;0;BRL;;;0;0;UN;UN;18.849,15;40.687,23;;
CDFL;4500143335;;;220;0;0;401657;MAO FRANCESA BECO AC 2135MM 35MMX5MM;101;EM Entrada mercador.;180035527;1007262;5000259159;11;19/03/2026;09/04/2026;09/04/2026;16:15:00;33;4.284,07;INVT;EST_INV_AME;LPEIXOTO;;;;;;;;;33;UN;CDFL - CD FLORES;;0;33;33;AMEN;;;;0;0;0;;0;0;;;B;;;;0;UN;2026;;;S;WE;0;BRL;;;0;0;UN;UN;472,51;346,51;;
CDFL;4500137967;;;60;0;0;401657;MAO FRANCESA BECO AC 2135MM 35MMX5MM;101;EM Entrada mercador.;180035066;1007262;5000253642;6;04/03/2026;04/03/2026;04/03/2026;08:18:44;20;2.596,40;INVT;EST_INV_AME;MDCOSTA;;;;;;;;;20;UN;CDFL - CD FLORES;;0;20;20;AMEN;;;;0;0;0;;0;0;;;B;;;;0;UN;2026;;;S;WE;0;BRL;;;0;0;UN;UN;286,37;210;;
CDFL;4500135721;;;10;0;0;401678;TRAFO POT 13,8 3KV 115 REL70 1 0,3P75;101;EM Entrada mercador.;180035854;1014880;5000262805;1;09/02/2026;07/05/2026;07/05/2026;14:15:40;31; R$ 96.347,07 ;INVT;EST_INV_AME;MDCOSTA;;;;;;;;;31;UN;CDFL - CD FLORES;;0;31;31;AMEN;;;;0;0;0;;0;0;;;B;;;;0;UN;2026;;;S;WE;0;BRL;;;0;0;UN;UN;5.859,00;12.647,07;;
CDFL;4500131369;;;10;0;0;401678;TRAFO POT 13,8 3KV 115 REL70 1 0,3P75;101;EM Entrada mercador.;180034552;1007548;5000247828;1;08/12/2025;27/01/2026;27/01/2026;14:18:21;160;405.187,20;INVT;EST_INV_AME;MDCOSTA;;;;;;;;;160;UN;CDFL - CD FLORES;;0;160;160;AMEN;;;;0;0;0;;0;0;;;B;;;;0;UN;2026;;;S;WE;0;BRL;;;0;0;UN;UN;24.640,00;53.187,20;;
CDFL;4500124121;;;10;0;0;401678;TRAFO POT 13,8 3KV 115 REL70 1 0,3P75;101;EM Entrada mercador.;180034027;1007548;5000240968;1;13/11/2025;11/12/2025;11/12/2025;08:44:31;46;116.491,32;INVT;EST_INV_AME;MDCOSTA;;;;;;;;;46;UN;CDFL - CD FLORES;;0;46;46;AMEN;;;;0;0;0;;0;0;;;B;;;;0;UN;2025;;;S;WE;0;BRL;;;0;0;UN;UN;7.084,00;15.291,32;;
CDFL;4500126069;;;50;0;0;401685;"TRAFO CRTE 0,6KV;600-5A 0,3C12,5 JANELA";101;EM Entrada mercador.;180034026;1007548;5000240967;5;13/11/2025;11/12/2025;11/12/2025;08:41:01;59;24.109,79;INVT;EST_INV_AME;MDCOSTA;;;;;;;;;59;UN;CDFL - CD FLORES;;0;59;59;AMEN;;;;0;0;0;;0;0;;;B;;;;0;UN;2025;;;S;WE;0;BRL;;;0;0;UN;UN;1.466,15;3.164,79;;
CDFL;4500131413;;;50;0;0;401685;"TRAFO CRTE 0,6KV;600-5A 0,3C12,5 JANELA";101;EM Entrada mercador.;180034028;1007548;5000240969;4;13/11/2025;11/12/2025;11/12/2025;08:49:34;85;34.734,44;INVT;EST_INV_AME;MDCOSTA;;;;;;;;;85;UN;CDFL - CD FLORES;;0;85;85;AMEN;;;;0;0;0;;0;0;;;B;;;;0;UN;2025;;;S;WE;0;BRL;;;0;0;UN;UN;2.112,25;4.559,44;;
CDFL;4500147276;;;30;0;0;401699;POSTE FIBRA VIDRO E-CR 13M 400DAN;101;EM Entrada mercador.;180035560;1004058;5000259492;2;27/03/2026;13/04/2026;13/04/2026;09:24:15;5;15.329,37;INVT;EST_INV_AME;LPEIXOTO;;;;;;;;;5;UN;CDFL - CD FLORES;;0;5;5;AMEN;;;;0;0;0;;0;0;;;B;;;;0;UN;2026;;;S;WE;0;BRL;;;0;0;UN;UN;932,2;2.012,22;;
CDFL;4500122979;;;30;0;0;401699;POSTE FIBRA VIDRO E-CR 13M 400DAN;101;EM Entrada mercador.;180031826;1011711;5000216275;1;16/07/2025;21/07/2025;21/07/2025;16:05:55;4;15.844,00;INVT;EST_INV_AME;MDCOSTA;;;;;;;;;4;UN;CDFL - CD FLORES;;0;4;4;AMEN;;;;0;0;0;;0;0;;;B;;;;0;UN;2025;;;S;WE;0;BRL;;;0;0;UN;UN;1.109,08;0;;
CDFL;4500143290;;;110;0;0;401706;PARAFUSO CAB QD AC 16MM 2P 350MM;101;EM Entrada mercador.;180035785;1007262;5000261813;6;30/04/2026;30/04/2026;30/04/2026;10:39:42;199;3.029,00;INVT;EST_INV_AME;MDCOSTA;;;;;;;;;199;UN;CDFL - CD FLORES;;0;199;199;AMEN;;;;0;0;0;;0;0;;;B;;;;0;UN;2026;;;S;WE;0;BRL;;;0;0;UN;UN;334,08;244,99;;
CDFL;4500132128;;;20;0;0;401706;PARAFUSO CAB QD AC 16MM 2P 350MM;101;EM Entrada mercador.;180034695;1007262;5000249378;2;05/02/2026;05/02/2026;05/02/2026;18:15:47;165;2.511,48;INVT;EST_INV_AME;MDCOSTA;;;;;;;;;165;UN;CDFL - CD FLORES;;0;165;165;AMEN;;;;0;0;0;;0;0;;;B;;;;0;UN;2026;;;S;WE;0;BRL;;;0;0;UN;UN;277;203,13;;
CDFL;4500121253;;;20;0;0;401706;PARAFUSO CAB QD AC 16MM 2P 350MM;101;EM Entrada mercador.;180033098;1007262;5000229567;2;08/09/2025;03/10/2025;03/10/2025;08:48:56;160;2.435,38;INVT;EST_INV_AME;MDCOSTA;;;;;;;;;160;UN;CDFL - CD FLORES;;0;160;160;AMEN;;;;0;0;0;;0;0;;;B;;;;0;UN;2025;;;S;WE;0;BRL;;;0;0;UN;UN;268,61;196,98;;
CDFL;4500116907;;;20;0;0;401706;PARAFUSO CAB QD AC 16MM 2P 350MM;101;EM Entrada mercador.;180032184;1007262;5000218925;2;30/07/2025;11/08/2025;11/08/2025;15:27:49;76;1.156,81;INVT;EST_INV_AME;MDCOSTA;;;;;;;;;76;UN;CDFL - CD FLORES;;0;76;76;AMEN;;;;0;0;0;;0;0;;;B;;;;0;UN;2025;;;S;WE;0;BRL;;;0;0;UN;UN;127,59;93,57;;
CDFL;4500155781;;;10;0;0;401711;ISOLADOR PINO PORC 15KV 102MM 1350KGF;101;EM Entrada mercador.;180036200;1016114;5000266402;1;27/05/2026;29/05/2026;29/05/2026;09:17:13;513; R$ 19.981,35 ;INVT;EST_INV_AME;MDCOSTA;;;;;;;;;513;UN;CDFL - CD FLORES;;0;513;513;AMEN;;;;0;0;0;;0;0;;;B;;;;0;UN;2026;;;S;WE;0;BRL;;;0;0;UN;UN;0;0;;
CDFL;4500137870;;;20;0;0;401711;ISOLADOR PINO PORC 15KV 102MM 1350KGF;101;EM Entrada mercador.;180035240;1003624;5000256397;1;17/03/2026;17/03/2026;17/03/2026;09:55:53;510;12.750,00;INVT;EST_INV_AME;MDCOSTA;;;;;;;;;510;UN;CDFL - CD FLORES;;0;510;510;AMEN;;;;0;0;0;;0;0;;;B;;;;0;UN;2026;;;S;WE;0;BRL;;;0;0;UN;UN;0;0;;
CDFL;4500137958;;;20;0;0;401711;ISOLADOR PINO PORC 15KV 102MM 1350KGF;101;EM Entrada mercador.;180035239;1003624;5000256396;1;17/03/2026;17/03/2026;17/03/2026;09:51:00;2.743;68.575,00;INVT;EST_INV_AME;MDCOSTA;;;;;;;;;2.743;UN;CDFL - CD FLORES;;0;2.743;2.743;AMEN;;;;0;0;0;;0;0;;;B;;;;0;UN;2026;;;S;WE;0;BRL;;;0;0;UN;UN;0;0;;
CDFL;4500123127;;;20;0;0;401711;ISOLADOR PINO PORC 15KV 102MM 1350KGF;101;EM Entrada mercador.;180033462;1003624;5000234011;1;17/10/2025;27/10/2025;27/10/2025;09:17:22;2.160;54.000,00;INVT;EST_INV_AME;MDCOSTA;;;;;;;;;2.160;UN;CDFL - CD FLORES;;0;2.160;2.160;AMEN;;;;0;0;0;;0;0;;;B;;;;0;UN;2025;;;S;WE;0;BRL;;;0;0;UN;UN;0;0;;
CDFL;4500123127;;;20;0;0;401711;ISOLADOR PINO PORC 15KV 102MM 1350KGF;101;EM Entrada mercador.;180032744;1003624;5000225307;1;08/09/2025;12/09/2025;12/09/2025;17:28:04;1.440;36.000,00;INVT;EST_INV_AME;MDCOSTA;;;;;;;;;1.440;UN;CDFL - CD FLORES;;0;1.440;1.440;AMEN;;;;0;0;0;;0;0;;;B;;;;0;UN;2025;;;S;WE;0;BRL;;;0;0;UN;UN;0;0;;
CDFL;4500117393;;;40;0;0;401711;ISOLADOR PINO PORC 15KV 102MM 1350KGF;101;EM Entrada mercador.;180031971;1003624;5000217036;1;18/07/2025;29/07/2025;29/07/2025;11:26:13;1.500;37.500,00;INVT;EST_INV_AME;MDCOSTA;;;;;;;;;1.500;UN;CDFL - CD FLORES;;0;1.500;1.500;AMEN;;;;0;0;0;;0;0;;;B;;;;0;UN;2025;;;S;WE;0;BRL;;;0;0;UN;UN;0;0;;
CDFL;4500133042;;;50;0;0;401735;"TRAFO CRTE 0,6KV;800-5A 0,3C12,5 JANELA";101;EM Entrada mercador.;180034547;1007548;5000247808;5;08/12/2025;27/01/2026;27/01/2026;10:11:26;84;34.325,80;INVT;EST_INV_AME;MDCOSTA;;;;;;;;;84;UN;CDFL - CD FLORES;;0;84;84;AMEN;;;;0;0;0;;0;0;;;B;;;;0;UN;2026;;;S;WE;0;BRL;;;0;0;UN;UN;2.087,40;4.505,80;;
CDFL;4500126069;;;60;0;0;401735;"TRAFO CRTE 0,6KV;800-5A 0,3C12,5 JANELA";101;EM Entrada mercador.;180034026;1007548;5000240967;6;13/11/2025;11/12/2025;11/12/2025;08:41:01;4;1.634,56;INVT;EST_INV_AME;MDCOSTA;;;;;;;;;4;UN;CDFL - CD FLORES;;0;4;4;AMEN;;;;0;0;0;;0;0;;;B;;;;0;UN;2025;;;S;WE;0;BRL;;;0;0;UN;UN;99,4;214,56;;
CDFL;4500146591;;;50;0;0;401753;ALCA PREFORM DIST CAA/CA 1/0AWG 50MM2;101;EM Entrada mercador.;180035754;1007593;5000261750;5;29/04/2026;29/04/2026;29/04/2026;10:04:41;1.150;6.857,10;INVT;EST_INV_AME;MDCOSTA;;;;;;;;;1.150;UN;CDFL - CD FLORES;;0;1.150;1.150;AMEN;;;;0;0;0;;0;0;;;B;;;;0;UN;2026;;;S;WE;0;BRL;;;0;0;UN;UN;416,99;900,1;;
CDFL;4500138303;;;220;0;0;401753;ALCA PREFORM DIST CAA/CA 1/0AWG 50MM2;101;EM Entrada mercador.;180035524;1007593;5000259116;8;19/02/2026;09/04/2026;09/04/2026;15:10:59;1.400;8.347,78;INVT;EST_INV_AME;LPEIXOTO;;;;;;;;;1.400;UN;CDFL - CD FLORES;;0;1.400;1.400;AMEN;;;;0;0;0;;0;0;;;B;;;;0;UN;2026;;;S;WE;0;BRL;;;0;0;UN;UN;507,64;1.095,78;;
CDFL;4500138303;;;180;0;0;401753;ALCA PREFORM DIST CAA/CA 1/0AWG 50MM2;101;EM Entrada mercador.;180035524;1007593;5000259116;4;19/02/2026;09/04/2026;09/04/2026;15:10:59;147;876,52;INVT;EST_INV_AME;LPEIXOTO;;;;;;;;;147;UN;CDFL - CD FLORES;;0;147;147;AMEN;;;;0;0;0;;0;0;;;B;;;;0;UN;2026;;;S;WE;0;BRL;;;0;0;UN;UN;53,3;115,06;;
CDFL;4500114160;;;100;0;0;401753;ALCA PREFORM DIST CAA/CA 1/0AWG 50MM2;101;EM Entrada mercador.;180032094;1007593;5000218013;10;03/07/2025;07/08/2025;07/08/2025;11:20:15;775;4.621,08;INVT;EST_INV_AME;MDCOSTA;;;;;;;;;775;UN;CDFL - CD FLORES;;0;775;775;AMEN;;;;0;0;0;;0;0;;;B;;;;0;UN;2025;;;S;WE;0;BRL;;;0;0;UN;UN;281,01;606,59;;
CDFL;4500122149;;;10;0;0;401753;ALCA PREFORM DIST CAA/CA 1/0AWG 50MM2;101;EM Entrada mercador.;180031620;1003818;5000213396;1;27/06/2025;04/07/2025;04/07/2025;15:09:53;100;1.362,00;INVT;EST_INV_AME;MDCOSTA;;;;;;;;;100;UN;CDFL - CD FLORES;;0;100;100;AMEN;;;;0;0;0;;0;0;;;B;;;;0;UN;2025;;;S;WE;0;BRL;;;0;0;UN;UN;0;0;;
CDFL;4500117362;;;10;0;0;401763;PARAFUSO OLH AC 5/8P 650MM;101;EM Entrada mercador.;180032714;1021472;5000224899;1;13/08/2025;12/09/2025;12/09/2025;10:05:19;441;16.586,01;INVT;EST_INV_AME;MDCOSTA;;;;;;;;;441;UN;CDFL - CD FLORES;;0;441;441;AMEN;;;;0;0;0;;0;0;;;B;;;;0;UN;2025;;;S;WE;0;BRL;;;0;0;UN;UN;0;0;;
CDFL;4500133042;;;40;0;0;401771;"TRAFO CRTE 15KV; 60-5A; 0,3C12,5 BARRA";101;EM Entrada mercador.;180034547;1007548;5000247808;4;08/12/2025;27/01/2026;27/01/2026;10:11:26;23;34.417,89;INVT;EST_INV_AME;MDCOSTA;;;;;;;;;23;UN;CDFL - CD FLORES;;0;23;23;AMEN;;;;0;0;0;;0;0;;;B;;;;0;UN;2026;;;S;WE;0;BRL;;;0;0;UN;UN;2.093,00;4.517,89;;
CDFL;4500139127;;;10;0;0;401786;CABO  MULT 3X35+1X35 MM² XLPE 0,6/1 KV;101;EM Entrada mercador.;180034502;1003949;5000247478;2;23/12/2025;23/01/2026;23/01/2026;09:03:20;2.278;33.190,46;INVT;EST_INV_AME;MDCOSTA;;;;;;;;;2.278;M;CDFL - CD FLORES;;0;2.278;2.278;AMEN;;;;0;0;0;;0;0;;;B;;;;0;M;2026;;;S;WE;0;BRL;;;0;0;M;M;2.323,33;0;;
CDFL;4500132948;;;10;0;0;401786;CABO  MULT 3X35+1X35 MM² XLPE 0,6/1 KV;101;EM Entrada mercador.;180033323;1003949;5000232063;1;13/10/2025;17/10/2025;17/10/2025;09:27:49;2.000;29.140,00;INVT;EST_INV_AME;MDCOSTA;;;;;;;;;2.000;M;CDFL - CD FLORES;;0;2.000;2.000;AMEN;;;;0;0;0;;0;0;;;B;;;;0;M;2025;;;S;WE;0;BRL;;;0;0;M;M;2.039,80;0;;
CDFL;4500128011;;;30;0;0;401786;CABO  MULT 3X35+1X35 MM² XLPE 0,6/1 KV;101;EM Entrada mercador.;180032707;1003949;5000224804;1;08/09/2025;12/09/2025;12/09/2025;07:50:27;1.100;16.027,00;INVT;EST_INV_AME;MDCOSTA;;;;;;;;;1.100;M;CDFL - CD FLORES;;0;1.100;1.100;AMEN;;;;0;0;0;;0;0;;;B;;;;0;M;2025;;;S;WE;0;BRL;;;0;0;M;M;1.121,89;0;;
CDFL;4500128011;;;30;0;0;401786;CABO  MULT 3X35+1X35 MM² XLPE 0,6/1 KV;101;EM Entrada mercador.;180032709;1003949;5000224806;1;03/09/2025;12/09/2025;12/09/2025;07:56:25;2.900;42.253,00;INVT;EST_INV_AME;MDCOSTA;;;;;;;;;2.900;M;CDFL - CD FLORES;;0;2.900;2.900;AMEN;;;;0;0;0;;0;0;;;B;;;;0;M;2025;;;S;WE;0;BRL;;;0;0;M;M;2.957,71;0;;
CDFL;4500125181;;;10;0;0;401786;CABO  MULT 3X35+1X35 MM² XLPE 0,6/1 KV;101;EM Entrada mercador.;180032201;1003949;5000218984;1;05/08/2025;12/08/2025;12/08/2025;09:07:39;1.446;21.068,22;INVT;EST_INV_AME;MDCOSTA;;;;;;;;;1.446;M;CDFL - CD FLORES;;0;1.446;1.446;AMEN;;;;0;0;0;;0;0;;;B;;;;0;M;2025;;;S;WE;0;BRL;;;0;0;M;M;1.474,78;0;;
CDFL;4500125181;;;10;0;0;401786;CABO  MULT 3X35+1X35 MM² XLPE 0,6/1 KV;101;EM Entrada mercador.;180032072;1003949;5000217868;1;29/07/2025;06/08/2025;06/08/2025;15:07:56;1.110;16.172,70;INVT;EST_INV_AME;MDCOSTA;;;;;;;;;1.110;M;CDFL - CD FLORES;;0;1.110;1.110;AMEN;;;;0;0;0;;0;0;;;B;;;;0;M;2025;;;S;WE;0;BRL;;;0;0;M;M;1.132,09;0;;
CDFL;4500118908;;;50;0;0;401786;CABO  MULT 3X35+1X35 MM² XLPE 0,6/1 KV;101;EM Entrada mercador.;180031635;1003949;5000213604;2;01/07/2025;08/07/2025;08/07/2025;08:27:44;2.000;29.140,00;INVT;EST_INV_AME;MDCOSTA;;;;;;;;;2.000;M;CDFL - CD FLORES;;0;2.000;2.000;AMEN;;;;0;0;0;;0;0;;;B;;;;0;M;2025;;;S;WE;0;BRL;;;0;0;M;M;2.039,80;0;;
CDFL;4500127958;;;10;0;0;401791;CABO AL CONCENTRICO 1F 1X10+10MM2;101;EM Entrada mercador.;180033618;1003953;5000234830;1;13/10/2025;06/11/2025;06/11/2025;08:28:02;40.975;182.061,99;INVT;EST_INV_AME;MDCOSTA;;;;;;;;;40.975;M;CDFL - CD FLORES;;0;40.975;40.975;AMEN;;;;0;0;0;;0;0;;;B;;;;0;M;2025;;;S;WE;0;BRL;;;0;0;M;M;11.071,45;23.898,50;;
CDFL;4500125607;;;10;0;0;401791;CABO AL CONCENTRICO 1F 1X10+10MM2;101;EM Entrada mercador.;180033333;1003953;5000232210;1;24/09/2025;17/10/2025;17/10/2025;14:55:07;48.046;213.480,20;INVT;EST_INV_AME;MDCOSTA;;;;;;;;;48.046;M;CDFL - CD FLORES;;0;48.046;48.046;AMEN;;;;0;0;0;;0;0;;;B;;;;0;M;2025;;;S;WE;0;BRL;;;0;0;M;M;12.982,03;28.022,64;;
CDFL;4500125607;;;10;0;0;401791;CABO AL CONCENTRICO 1F 1X10+10MM2;101;EM Entrada mercador.;180033134;1003953;5000229997;1;15/09/2025;07/10/2025;07/10/2025;09:08:48;11.953;53.110,12;INVT;EST_INV_AME;MDCOSTA;;;;;;;;;11.953;M;CDFL - CD FLORES;;0;11.953;11.953;AMEN;;;;0;0;0;;0;0;;;B;;;;0;M;2025;;;S;WE;0;BRL;;;0;0;M;M;3.229,70;6.971,54;;
CDFL;4500122167;;;10;0;0;401791;CABO AL CONCENTRICO 1F 1X10+10MM2;101;EM Entrada mercador.;180032110;1003953;5000218234;1;15/07/2025;07/08/2025;07/08/2025;16:11:19;121.060;537.899,36;INVT;EST_INV_AME;MDCOSTA;;;;;;;;;121.060;M;CDFL - CD FLORES;;0;121.060;121.060;AMEN;;;;0;0;0;;0;0;;;B;;;;0;M;2025;;;S;WE;0;BRL;;;0;0;M;M;32.710,41;70.607,76;;
CDFL;4500149141;;;10;0;0;401823;CORDOALHA AC 6,3MM 1/4P 7F;101;EM Entrada mercador.;180035835;1018867;5000262653;1;31/03/2026;07/05/2026;07/05/2026;08:04:49;13.000; R$ 368.870,00 ;INVT;EST_INV_AME;MDCOSTA;;;;;;;;;13.000;KG;CDFL - CD FLORES;;0;13.000;13.000;AMEN;;;;0;0;0;;0;0;;;B;;;;0;KG;2026;;;S;WE;0;BRL;;;0;0;KG;KG;22.431,50;48.420,00;;
CDFL;4500145805;;;10;0;0;401823;CORDOALHA AC 6,3MM 1/4P 7F;101;EM Entrada mercador.;180035441;1018867;5000257484;1;06/03/2026;31/03/2026;31/03/2026;10:08:27;2.500;70.936,54;INVT;EST_INV_AME;MDCOSTA;;;;;;;;;2.500;KG;CDFL - CD FLORES;;0;2.500;2.500;AMEN;;;;0;0;0;;0;0;;;B;;;;0;KG;2026;;;S;WE;0;BRL;;;0;0;KG;KG;4.313,75;9.311,54;;
CDFL;4500127032;;;10;0;0;401823;CORDOALHA AC 6,3MM 1/4P 7F;101;EM Entrada mercador.;180033310;1018867;5000232001;1;11/09/2025;16/10/2025;16/10/2025;16:37:15;757;21.479,58;INVT;EST_INV_AME;MDCOSTA;;;;;;;;;757;KG;CDFL - CD FLORES;;0;757;757;AMEN;;;;0;0;0;;0;0;;;B;;;;0;KG;2025;;;S;WE;0;BRL;;;0;0;KG;KG;1.306,20;2.819,53;;
CDFL;4500145746;;;10;0;0;401834;CONECTOR PARAL AL 10AWG-1/0AWG;101;EM Entrada mercador.;180035600;1003137;5000260109;1;25/03/2026;15/04/2026;15/04/2026;12:00:12;2.230;26.619,30;INVT;EST_INV_AME;LPEIXOTO;;;;;;;;;2.230;UN;CDFL - CD FLORES;;0;2.230;2.230;AMEN;;;;0;0;0;;0;0;;;B;;;;0;UN;2026;;;S;WE;0;BRL;;;0;0;UN;UN;1.618,76;3.494,20;;
CDFL;4500138302;;;20;0;0;401834;CONECTOR PARAL AL 10AWG-1/0AWG;101;EM Entrada mercador.;180034887;1003137;5000252211;1;29/01/2026;20/02/2026;20/02/2026;14:45:37;800;9.549,53;INVT;EST_INV_AME;MDCOSTA;;;;;;;;;800;UN;CDFL - CD FLORES;;0;800;800;AMEN;;;;0;0;0;;0;0;;;B;;;;0;UN;2026;;;S;WE;0;BRL;;;0;0;UN;UN;580,72;1.253,53;;
CDFL;4500131552;;;10;0;0;401834;CONECTOR PARAL AL 10AWG-1/0AWG;101;EM Entrada mercador.;180034087;1003137;5000241834;1;24/11/2025;15/12/2025;15/12/2025;11:03:57;450;5.371,60;INVT;EST_INV_AME;MDCOSTA;;;;;;;;;450;UN;CDFL - CD FLORES;;0;450;450;AMEN;;;;0;0;0;;0;0;;;B;;;;0;UN;2025;;;S;WE;0;BRL;;;0;0;UN;UN;326,66;705,11;;
CDFL;4500114336;;;10;0;0;401834;CONECTOR PARAL AL 10AWG-1/0AWG;101;EM Entrada mercador.;180031817;1003137;5000216226;1;27/06/2025;21/07/2025;21/07/2025;14:37:16;1.130;13.488,70;INVT;EST_INV_AME;MDCOSTA;;;;;;;;;1.130;UN;CDFL - CD FLORES;;0;1.130;1.130;AMEN;;;;0;0;0;;0;0;;;B;;;;0;UN;2025;;;S;WE;0;BRL;;;0;0;UN;UN;820,27;1.770,60;;
CDFL;4500150392;;;100;0;0;401844;PERFIL U AC 76X900MM REDE COMPACTA;101;EM Entrada mercador.;180036067;1003152;5000266041;4;22/05/2026;22/05/2026;22/05/2026;08:22:39;2.361; R$ 225.926,30 ;INVT;EST_INV_AME;LPEIXOTO;;;;;;;;;2.361;UN;CDFL - CD FLORES;;0;2.361;2.361;AMEN;;;;0;0;0;;0;0;;;B;;;;0;UN;2026;;;S;WE;0;BRL;;;0;0;UN;UN;13.738,89;29.656,38;;
CDFL;4500143335;;;140;0;0;401844;PERFIL U AC 76X900MM REDE COMPACTA;101;EM Entrada mercador.;180035527;1007262;5000259159;6;19/03/2026;09/04/2026;09/04/2026;16:15:00;200;27.321,86;INVT;EST_INV_AME;LPEIXOTO;;;;;;;;;200;UN;CDFL - CD FLORES;;0;200;200;AMEN;;;;0;0;0;;0;0;;;B;;;;0;UN;2026;;;S;WE;0;BRL;;;0;0;UN;UN;3.013,44;2.209,86;;
CDFL;4500137967;;;20;0;0;401844;PERFIL U AC 76X900MM REDE COMPACTA;101;EM Entrada mercador.;180035066;1007262;5000253642;2;04/03/2026;04/03/2026;04/03/2026;08:18:44;112;15.300,24;INVT;EST_INV_AME;MDCOSTA;;;;;;;;;112;UN;CDFL - CD FLORES;;0;112;112;AMEN;;;;0;0;0;;0;0;;;B;;;;0;UN;2026;;;S;WE;0;BRL;;;0;0;UN;UN;1.687,53;1.237,52;;
CDFL;4500121299;;;40;0;0;401844;PERFIL U AC 76X900MM REDE COMPACTA;101;EM Entrada mercador.;180033100;1007262;5000229562;2;08/09/2025;03/10/2025;03/10/2025;08:32:33;50;6.830,46;INVT;EST_INV_AME;MDCOSTA;;;;;;;;;50;UN;CDFL - CD FLORES;;0;50;50;AMEN;;;;0;0;0;;0;0;;;B;;;;0;UN;2025;;;S;WE;0;BRL;;;0;0;UN;UN;753,36;552,46;;
CDFL;4500116905;;;70;0;0;401844;PERFIL U AC 76X900MM REDE COMPACTA;101;EM Entrada mercador.;180032291;1007262;5000219321;7;30/07/2025;15/08/2025;15/08/2025;08:15:32;129;17.622,60;INVT;EST_INV_AME;MDCOSTA;;;;;;;;;129;UN;CDFL - CD FLORES;;0;129;129;AMEN;;;;0;0;0;;0;0;;;B;;;;0;UN;2025;;;S;WE;0;BRL;;;0;0;UN;UN;1.943,67;1.425,36;;
CDFL;4500150308;;;10;0;0;401857;CHAVE FUSIVEL DIST 15KV 100A/10KA PORC;101;EM Entrada mercador.;180036074;1003412;5000266100;1;30/04/2026;22/05/2026;22/05/2026;11:07:50;2.547; R$ 756.417,74 ;INVT;EST_INV_AME;LPEIXOTO;;;;;;;;;2.547;UN;CDFL - CD FLORES;;0;2.547;2.547;AMEN;;;;0;0;0;;0;0;;;B;;;;0;UN;2026;;;S;WE;0;BRL;;;0;0;UN;UN;45.998,82;99.291,74;;
CDFL;4500145784;;;10;0;0;401857;CHAVE FUSIVEL DIST 15KV 100A/10KA PORC;101;EM Entrada mercador.;180035872;1003412;5000263006;1;09/04/2026;08/05/2026;08/05/2026;15:23:03;2.535; R$ 843.313,13 ;INVT;EST_INV_AME;LPEIXOTO;;;;;;;;;2.535;UN;CDFL - CD FLORES;;0;2.535;2.535;AMEN;;;;0;0;0;;0;0;;;B;;;;0;UN;2026;;;S;WE;0;BRL;;;0;0;UN;UN;51.283,05;110.698,13;;
CDFL;4500138326;;;20;0;0;401857;CHAVE FUSIVEL DIST 15KV 100A/10KA PORC;101;EM Entrada mercador.;180034982;1003412;5000253287;1;26/02/2026;26/02/2026;26/02/2026;16:28:19;1.000;332.667,90;INVT;EST_INV_AME;MDCOSTA;;;;;;;;;1.000;UN;CDFL - CD FLORES;;0;1.000;1.000;AMEN;;;;0;0;0;;0;0;;;B;;;;0;UN;2026;;;S;WE;0;BRL;;;0;0;UN;UN;20.230,00;43.667,90;;
CDFL;4500126485;;;10;0;0;401857;CHAVE FUSIVEL DIST 15KV 100A/10KA PORC;101;EM Entrada mercador.;180033224;1003412;5000230750;1;23/09/2025;13/10/2025;13/10/2025;08:06:46;920;306.054,47;INVT;EST_INV_AME;MDCOSTA;;;;;;;;;920;UN;CDFL - CD FLORES;;0;920;920;AMEN;;;;0;0;0;;0;0;;;B;;;;0;UN;2025;;;S;WE;0;BRL;;;0;0;UN;UN;18.611,60;40.174,47;;
CDFL;4500114002;;;10;0;0;401857;CHAVE FUSIVEL DIST 15KV 100A/10KA PORC;101;EM Entrada mercador.;180031564;1003412;5000211880;1;03/06/2025;01/07/2025;01/07/2025;08:49:32;1.600;532.268,64;INVT;EST_INV_AME;MDCOSTA;;;;;;;;;1.600;UN;CDFL - CD FLORES;;0;1.600;1.600;AMEN;;;;0;0;0;;0;0;;;B;;;;0;UN;2025;;;S;WE;0;BRL;;;0;0;UN;UN;32.368,00;69.868,64;;
CDFL;4500148087;;;10;0;0;401886;CABO AL NU C/ALMA ACO CAA-2AWG SPAROW;101;EM Entrada mercador.;180035615;1003949;5000260182;2;10/04/2026;16/04/2026;16/04/2026;08:46:38;1.076;32.280,00;INVT;EST_INV_AME;LPEIXOTO;;;;;;;;;1.076;KG;CDFL - CD FLORES;;0;1.076;1.076;AMEN;;;;0;0;0;;0;0;;;B;;;;0;KG;2026;;;S;WE;0;BRL;;;0;0;KG;KG;2.259,60;0;;
CDFL;4500152157;;;40;0;0;401892;CINTA POSTE CIRC ACO 200MM;101;EM Entrada mercador.;180036104;1003152;5000266254;2;08/05/2026;26/05/2026;26/05/2026;14:21:57;450; R$ 10.820,90 ;INVT;EST_INV_AME;LPEIXOTO;;;;;;;;;450;UN;CDFL - CD FLORES;;0;450;450;AMEN;;;;0;0;0;;0;0;;;B;;;;0;UN;2026;;;S;WE;0;BRL;;;0;0;UN;UN;658,04;1.420,41;;
CDFL;4500138201;;;40;0;0;401910;ELO FUSIVEL BOTAO DISTRIB K 15A 500MM;101;EM Entrada mercador.;180034643;1024046;5000248527;4;20/01/2026;02/02/2026;02/02/2026;11:00:03;158;942,11;INVT;EST_INV_AME;MDCOSTA;;;;;;;;;158;UN;CDFL - CD FLORES;;0;158;158;AMEN;;;;0;0;0;;0;0;;;B;;;;0;UN;2026;;;S;WE;0;BRL;;;0;0;UN;UN;57,29;123,67;;
CDFL;4500137993;;;10;0;0;401927;MANILHA SAPATILHA 5000DAN;101;EM Entrada mercador.;180034500;1009464;5000247475;1;23/01/2026;23/01/2026;23/01/2026;08:40:22;1.050;25.007,06;INVT;EST_INV_AME;MDCOSTA;;;;;;;;;1.050;UN;CDFL - CD FLORES;;0;1.050;1.050;AMEN;;;;0;0;0;;0;0;;;B;;;;0;UN;2026;;;S;WE;0;BRL;;;0;0;UN;UN;1.520,71;3.282,57;;
CDFL;4500133585;;;10;0;0;401927;MANILHA SAPATILHA 5000DAN;101;EM Entrada mercador.;180034497;1009464;5000247471;1;23/01/2026;23/01/2026;23/01/2026;08:22:00;700;16.671,38;INVT;EST_INV_AME;MDCOSTA;;;;;;;;;700;UN;CDFL - CD FLORES;;0;700;700;AMEN;;;;0;0;0;;0;0;;;B;;;;0;UN;2026;;;S;WE;0;BRL;;;0;0;UN;UN;1.013,81;2.188,38;;
CDFL;4500113843;;;20;0;0;401927;MANILHA SAPATILHA 5000DAN;101;EM Entrada mercador.;180031996;1009464;5000217217;1;10/07/2025;31/07/2025;31/07/2025;11:53:58;777;18.505,23;INVT;EST_INV_AME;MDCOSTA;;;;;;;;;777;UN;CDFL - CD FLORES;;0;777;777;AMEN;;;;0;0;0;;0;0;;;B;;;;0;UN;2025;;;S;WE;0;BRL;;;0;0;UN;UN;1.125,33;2.429,10;;
CDFL;4500113843;;;40;0;0;401927;MANILHA SAPATILHA 5000DAN;101;EM Entrada mercador.;180031996;1009464;5000217217;2;10/07/2025;31/07/2025;31/07/2025;11:53:58;1.525;36.319,79;INVT;EST_INV_AME;MDCOSTA;;;;;;;;;1.525;UN;CDFL - CD FLORES;;0;1.525;1.525;AMEN;;;;0;0;0;;0;0;;;B;;;;0;UN;2025;;;S;WE;0;BRL;;;0;0;UN;UN;2.208,66;4.767,54;;
CDFL;4500151197;;;30;0;0;401931;POSTE FIBRA VIDRO E-CR 13M 600DAN;101;EM Entrada mercador.;180036230;1004058;5000266517;3;13/05/2026;01/06/2026;01/06/2026;10:09:45;7;27.175,48;INVT;EST_INV_AME;MDCOSTA;;;;;;;;;7;UN;CDFL - CD FLORES;;0;7;7;AMEN;;;;0;0;0;;0;0;;;B;;;;0;UN;2026;;;S;WE;0;BRL;;;0;0;UN;UN;1.652,58;3.567,21;;
CDFL;4500147276;;;40;0;0;401931;POSTE FIBRA VIDRO E-CR 13M 600DAN;101;EM Entrada mercador.;180035560;1004058;5000259492;3;27/03/2026;13/04/2026;13/04/2026;09:24:15;10;38.822,11;INVT;EST_INV_AME;LPEIXOTO;;;;;;;;;10;UN;CDFL - CD FLORES;;0;10;10;AMEN;;;;0;0;0;;0;0;;;B;;;;0;UN;2026;;;S;WE;0;BRL;;;0;0;UN;UN;2.360,83;5.096,01;;
CDFL;4500135969;;;20;0;0;401931;POSTE FIBRA VIDRO E-CR 13M 600DAN;101;EM Entrada mercador.;180034038;1003624;5000241291;1;01/12/2025;11/12/2025;11/12/2025;14:54:54;10;42.580,00;INVT;EST_INV_AME;MDCOSTA;;;;;;;;;10;UN;CDFL - CD FLORES;;0;10;10;AMEN;;;;0;0;0;;0;0;;;B;;;;0;UN;2025;;;S;WE;0;BRL;;;0;0;UN;UN;2.980,60;0;;
CDFL;4500135095;;;10;0;0;401941;CABO ELET ISOL 4MM2 PVC 750V;101;EM Entrada mercador.;180034701;1003949;5000249430;1;19/01/2026;06/02/2026;06/02/2026;09:57:22;250;822,49;INVT;EST_INV_AME;MDCOSTA;;;;;;;;;250;M;CDFL - CD FLORES;;0;250;250;AMEN;;;;0;0;0;;0;0;;;B;;;;0;M;2026;;;S;WE;0;BRL;;;0;0;M;M;57,58;0;;
CDFL;4500144240;;;20;0;0;401959;CRUZETA POL FBV/RES PES 2400X112,5X90MM;101;EM Entrada mercador.;180035691;1007001;5000261374;2;31/03/2026;23/04/2026;23/04/2026;09:40:12;420;78.562,58;INVT;EST_INV_AME;MDCOSTA;;;;;;;;;420;UN;CDFL - CD FLORES;;0;420;420;AMEN;;;;0;0;0;;0;0;;;B;;;;0;UN;2026;;;S;WE;0;BRL;;;0;0;UN;UN;4.777,50;10.312,58;;
CDFL;4500145738;;;10;0;0;401959;CRUZETA POL FBV/RES PES 2400X112,5X90MM;101;EM Entrada mercador.;180035242;1003624;5000256399;1;17/03/2026;17/03/2026;17/03/2026;10:04:09;1.000;185.000,00;INVT;EST_INV_AME;MDCOSTA;;;;;;;;;1.000;UN;CDFL - CD FLORES;;0;1.000;1.000;AMEN;;;;0;0;0;;0;0;;;B;;;;0;UN;2026;;;S;WE;0;BRL;;;0;0;UN;UN;14.389,30;0;;
CDFL;4500137985;;;20;0;0;401959;CRUZETA POL FBV/RES PES 2400X112,5X90MM;101;EM Entrada mercador.;180035096;1007001;5000254269;1;30/01/2026;06/03/2026;06/03/2026;10:49:50;1.381;258.321,22;INVT;EST_INV_AME;MDCOSTA;;;;;;;;;1.381;UN;CDFL - CD FLORES;;0;1.381;1.381;AMEN;;;;0;0;0;;0;0;;;B;;;;0;UN;2026;;;S;WE;0;BRL;;;0;0;UN;UN;15.708,88;33.908,73;;
CDFL;4500144395;;;30;0;0;401959;CRUZETA POL FBV/RES PES 2400X112,5X90MM;101;EM Entrada mercador.;180035002;1003624;5000253345;1;02/03/2026;02/03/2026;02/03/2026;08:20:47;500;92.500,00;INVT;EST_INV_AME;MDCOSTA;;;;;;;;;500;UN;CDFL - CD FLORES;;0;500;500;AMEN;;;;0;0;0;;0;0;;;B;;;;0;UN;2026;;;S;WE;0;BRL;;;0;0;UN;UN;7.194,65;0;;
CDFL;4500144395;;;10;0;0;401959;CRUZETA POL FBV/RES PES 2400X112,5X90MM;101;EM Entrada mercador.;180034849;1003624;5000251749;1;19/02/2026;19/02/2026;19/02/2026;08:23:34;500;92.500,00;INVT;EST_INV_AME;MDCOSTA;;;;;;;;;500;UN;CDFL - CD FLORES;;0;500;500;AMEN;;;;0;0;0;;0;0;;;B;;;;0;UN;2026;;;S;WE;0;BRL;;;0;0;UN;UN;7.194,65;0;;
CDFL;4500129786;;;10;0;0;401959;CRUZETA POL FBV/RES PES 2400X112,5X90MM;101;EM Entrada mercador.;180033685;1007001;5000235532;1;21/10/2025;11/11/2025;11/11/2025;17:43:34;500;93.526,88;INVT;EST_INV_AME;MDCOSTA;;;;;;;;;500;UN;CDFL - CD FLORES;;0;500;500;AMEN;;;;0;0;0;;0;0;;;B;;;;0;UN;2025;;;S;WE;0;BRL;;;0;0;UN;UN;5.687,50;12.276,88;;
CDFL;4500113797;;;10;0;0;401959;CRUZETA POL FBV/RES PES 2400X112,5X90MM;101;EM Entrada mercador.;180032301;1007001;5000219356;1;11/07/2025;15/08/2025;15/08/2025;09:07:53;100;18.705,38;INVT;EST_INV_AME;MDCOSTA;;;;;;;;;100;UN;CDFL - CD FLORES;;0;100;100;AMEN;;;;0;0;0;;0;0;;;B;;;;0;UN;2025;;;S;WE;0;BRL;;;0;0;UN;UN;1.137,50;2.455,38;;
CDFL;4500116517;;;10;0;0;401959;CRUZETA POL FBV/RES PES 2400X112,5X90MM;101;EM Entrada mercador.;180032298;1007001;5000219353;1;11/07/2025;15/08/2025;15/08/2025;08:57:31;700;130.937,63;INVT;EST_INV_AME;MDCOSTA;;;;;;;;;700;UN;CDFL - CD FLORES;;0;700;700;AMEN;;;;0;0;0;;0;0;;;B;;;;0;UN;2025;;;S;WE;0;BRL;;;0;0;UN;UN;7.962,50;17.187,63;;
CDFL;4500113797;;;10;0;0;401959;CRUZETA POL FBV/RES PES 2400X112,5X90MM;101;EM Entrada mercador.;180031997;1007001;5000217242;1;11/07/2025;31/07/2025;31/07/2025;15:46:27;900;168.348,38;INVT;EST_INV_AME;MDCOSTA;;;;;;;;;900;UN;CDFL - CD FLORES;;0;900;900;AMEN;;;;0;0;0;;0;0;;;B;;;;0;UN;2025;;;S;WE;0;BRL;;;0;0;UN;UN;10.237,50;22.098,38;;
CDFL;4500148305;;;20;0;0;401987;POSTE FIBRA VIDRO 22M 1000DAN;101;EM Entrada mercador.;180035777;1004058;5000261804;1;10/04/2026;30/04/2026;30/04/2026;10:00:06;10;166.182,35;INVT;EST_INV_AME;MDCOSTA;;;;;;;;;10;UN;CDFL - CD FLORES;;0;10;10;AMEN;;;;0;0;0;;0;0;;;B;;;;0;UN;2026;;;S;WE;0;BRL;;;0;0;UN;UN;10.105,78;21.814,05;;
CDFL;4500131413;;;40;0;0;401992;"TRAFO CRTE 0,6KV 400-5A; 0,3C12,5 BARRA";101;EM Entrada mercador.;180034028;1007548;5000240969;3;13/11/2025;11/12/2025;11/12/2025;08:49:34;119;48.628,22;INVT;EST_INV_AME;MDCOSTA;;;;;;;;;119;UN;CDFL - CD FLORES;;0;119;119;AMEN;;;;0;0;0;;0;0;;;B;;;;0;UN;2025;;;S;WE;0;BRL;;;0;0;UN;UN;2.957,15;6.383,22;;
CDFL;4500126069;;;40;0;0;401992;"TRAFO CRTE 0,6KV 400-5A; 0,3C12,5 BARRA";101;EM Entrada mercador.;180034026;1007548;5000240967;4;13/11/2025;11/12/2025;11/12/2025;08:41:01;62;25.335,71;INVT;EST_INV_AME;MDCOSTA;;;;;;;;;62;UN;CDFL - CD FLORES;;0;62;62;AMEN;;;;0;0;0;;0;0;;;B;;;;0;UN;2025;;;S;WE;0;BRL;;;0;0;UN;UN;1.540,70;3.325,71;;
CDFL;4500137967;;;40;0;0;402017;SUPORTE TRANSF POSTE DUP T AC 210X125MM;101;EM Entrada mercador.;180036263;1007262;5000266796;1;02/06/2026;02/06/2026;02/06/2026;09:55:42;30;4.635,86;INVT;EST_INV_AME;LPEIXOTO;;;;;;;;;30;UN;CDFL - CD FLORES;;0;30;30;AMEN;;;;0;0;0;;0;0;;;B;;;;0;UN;2026;;;S;WE;0;BRL;;;0;0;UN;UN;511,31;374,96;;
CDFL;4500143335;;;180;0;0;402017;SUPORTE TRANSF POSTE DUP T AC 210X125MM;101;EM Entrada mercador.;180035527;1007262;5000259159;9;19/03/2026;09/04/2026;09/04/2026;16:15:00;38;5.872,09;INVT;EST_INV_AME;LPEIXOTO;;;;;;;;;38;UN;CDFL - CD FLORES;;0;38;38;AMEN;;;;0;0;0;;0;0;;;B;;;;0;UN;2026;;;S;WE;0;BRL;;;0;0;UN;UN;647,66;474,95;;
CDFL;4500137967;;;40;0;0;402017;SUPORTE TRANSF POSTE DUP T AC 210X125MM;101;EM Entrada mercador.;180035066;1007262;5000253642;4;04/03/2026;04/03/2026;04/03/2026;08:18:44;30;4.635,86;INVT;EST_INV_AME;MDCOSTA;;;;;;;;;30;UN;CDFL - CD FLORES;;0;30;30;AMEN;;;;0;0;0;;0;0;;;B;;;;0;UN;2026;;;S;WE;0;BRL;;;0;0;UN;UN;511,31;374,96;;
CDFL;4500116905;;;10;0;0;402017;SUPORTE TRANSF POSTE DUP T AC 210X125MM;101;EM Entrada mercador.;180032291;1007262;5000219321;1;30/07/2025;15/08/2025;15/08/2025;08:15:32;35;5.408,50;INVT;EST_INV_AME;MDCOSTA;;;;;;;;;35;UN;CDFL - CD FLORES;;0;35;35;AMEN;;;;0;0;0;;0;0;;;B;;;;0;UN;2025;;;S;WE;0;BRL;;;0;0;UN;UN;596,53;437,45;;
CDFL;4500144463;;;40;0;0;402025;ELO FUSIVEL BOTAO DISTRIB K 25A 500MM;101;EM Entrada mercador.;180035431;1003489;5000257418;4;03/03/2026;30/03/2026;30/03/2026;11:41:44;42;281,37;INVT;EST_INV_AME;MDCOSTA;;;;;;;;;42;UN;CDFL - CD FLORES;;0;42;42;AMEN;;;;0;0;0;;0;0;;;B;;;;0;UN;2026;;;S;WE;0;BRL;;;0;0;UN;UN;17,11;36,93;;
CDFL;4500137970;;;30;0;0;402041;ARRUELA QD 5/8P;101;EM Entrada mercador.;180034698;1010868;5000249396;3;06/02/2026;06/02/2026;06/02/2026;08:51:30;6.410;6.050,41;INVT;EST_INV_AME;MDCOSTA;;;;;;;;;6.410;UN;CDFL - CD FLORES;;0;6.410;6.410;AMEN;;;;0;0;0;;0;0;;;B;;;;0;UN;2026;;;S;WE;0;BRL;;;0;0;UN;UN;367,93;794,21;;
CDFL;4500116918;;;10;0;0;402041;ARRUELA QD 5/8P;101;EM Entrada mercador.;180031592;1010868;5000212719;1;28/05/2025;02/07/2025;02/07/2025;16:04:48;10.424;9.839,23;INVT;EST_INV_AME;MDCOSTA;;;;;;;;;10.424;UN;CDFL - CD FLORES;;0;10.424;10.424;AMEN;;;;0;0;0;;0;0;;;B;;;;0;UN;2025;;;S;WE;0;BRL;;;0;0;UN;UN;598,34;1.291,55;;
CDFL;4500153496;;;10;0;0;402081;CABO ELET CU 120MM2 90°XLPE 0,6/1KV;101;EM Entrada mercador.;180036260;1003949;5000266707;6;25/05/2026;02/06/2026;02/06/2026;09:35:02;1.019;143.577,10;INVT;EST_INV_AME;MDCOSTA;;;;;;;;;1.019;M;CDFL - CD FLORES;;0;1.019;1.019;AMEN;;;;0;0;0;;0;0;;;B;;;;0;M;2026;;;S;WE;0;BRL;;;0;0;M;M;10.050,40;0;;
CDFL;4500153496;;;10;0;0;402081;CABO ELET CU 120MM2 90°XLPE 0,6/1KV;101;EM Entrada mercador.;180036260;1003949;5000266707;4;25/05/2026;02/06/2026;02/06/2026;09:35:02;1.032;145.408,80;INVT;EST_INV_AME;MDCOSTA;;;;;;;;;1.032;M;CDFL - CD FLORES;;0;1.032;1.032;AMEN;;;;0;0;0;;0;0;;;B;;;;0;M;2026;;;S;WE;0;BRL;;;0;0;M;M;10.178,62;0;;
CDFL;4500153496;;;10;0;0;402081;CABO ELET CU 120MM2 90°XLPE 0,6/1KV;101;EM Entrada mercador.;180036260;1003949;5000266707;5;25/05/2026;02/06/2026;02/06/2026;09:35:02;949;133.714,10;INVT;EST_INV_AME;MDCOSTA;;;;;;;;;949;M;CDFL - CD FLORES;;0;949;949;AMEN;;;;0;0;0;;0;0;;;B;;;;0;M;2026;;;S;WE;0;BRL;;;0;0;M;M;9.359,99;0;;
CDFL;4500145589;;;10;0;0;402098;POSTE CONCRETO DUPLO T 13M 1000DAN;101;EM Entrada mercador.;180035453;1006698;5000257554;1;01/04/2026;01/04/2026;01/04/2026;10:51:44;9;26.873,10;INVT;EST_INV_AME;MDCOSTA;;;;;;;;;9;UN;CDFL - CD FLORES;;0;9;9;AMEN;;;;0;0;0;;0;0;;;B;;;;0;UN;2026;;;S;WE;0;BRL;;;0;0;UN;UN;1.881,12;0;;
CDFL;4500145589;;;10;0;0;402098;POSTE CONCRETO DUPLO T 13M 1000DAN;101;EM Entrada mercador.;180035079;1006698;5000253823;1;04/03/2026;04/03/2026;04/03/2026;10:54:11;9;26.873,10;INVT;EST_INV_AME;MDCOSTA;;;;;;;;;9;UN;CDFL - CD FLORES;;0;9;9;AMEN;;;;0;0;0;;0;0;;;B;;;;0;UN;2026;;;S;WE;0;BRL;;;0;0;UN;UN;1.881,12;0;;
CDFL;4500133064;;;10;0;0;402098;POSTE CONCRETO DUPLO T 13M 1000DAN;101;EM Entrada mercador.;180033819;1006698;5000236723;1;12/11/2025;18/11/2025;18/11/2025;15:43:04;10;29.859,00;INVT;EST_INV_AME;MDCOSTA;;;;;;;;;10;UN;CDFL - CD FLORES;;0;10;10;AMEN;;;;0;0;0;;0;0;;;B;;;;0;UN;2025;;;S;WE;0;BRL;;;0;0;UN;UN;2.090,13;0;;
CDFL;4500152615;;;10;0;0;402105;CONECTOR AUTO PERF DU 70-240 / 70-240MM2;101;EM Entrada mercador.;180036035;1009313;5000265673;1;20/05/2026;20/05/2026;20/05/2026;10:36:34;2.000; R$ 126.621,00 ;INVT;EST_INV_AME;MDCOSTA;;;;;;;;;2.000;UN;CDFL - CD FLORES;;0;2.000;2.000;AMEN;;;;0;0;0;;0;0;;;B;;;;0;UN;2026;;;S;WE;0;BRL;;;0;0;UN;UN;7.700,00;16.621,00;;
CDFL;4500150237;;;50;0;0;402105;CONECTOR AUTO PERF DU 70-240 / 70-240MM2;101;EM Entrada mercador.;180036029;1009313;5000265643;1;20/05/2026;20/05/2026;20/05/2026;09:51:17;4.060; R$ 257.040,63 ;INVT;EST_INV_AME;LPEIXOTO;;;;;;;;;4.060;UN;CDFL - CD FLORES;;0;4.060;4.060;AMEN;;;;0;0;0;;0;0;;;B;;;;0;UN;2026;;;S;WE;0;BRL;;;0;0;UN;UN;15.631,00;33.740,63;;
CDFL;4500150237;;;30;0;0;402105;CONECTOR AUTO PERF DU 70-240 / 70-240MM2;101;EM Entrada mercador.;180035537;1009313;5000259261;1;10/04/2026;10/04/2026;10/04/2026;10:22:52;1.500;94.965,75;INVT;EST_INV_AME;LPEIXOTO;;;;;;;;;1.500;UN;CDFL - CD FLORES;;0;1.500;1.500;AMEN;;;;0;0;0;;0;0;;;B;;;;0;UN;2026;;;S;WE;0;BRL;;;0;0;UN;UN;5.775,00;12.465,75;;
CDFL;4500145289;;;10;0;0;402105;CONECTOR AUTO PERF DU 70-240 / 70-240MM2;101;EM Entrada mercador.;180035112;1009609;5000254410;1;25/02/2026;09/03/2026;09/03/2026;09:26:48;500;19.997,44;INVT;EST_INV_AME;MDCOSTA;;;;;;;;;500;UN;CDFL - CD FLORES;;0;500;500;AMEN;;;;0;0;0;;0;0;;;B;;;;0;UN;2026;;;S;WE;0;BRL;;;0;0;UN;UN;2.205,60;1.617,44;;
CDFL;4500138298;;;20;0;0;402105;CONECTOR AUTO PERF DU 70-240 / 70-240MM2;101;EM Entrada mercador.;180034668;1020062;5000248911;2;14/01/2026;04/02/2026;04/02/2026;15:42:48;370;20.852,61;INVT;EST_INV_AME;MDCOSTA;;;;;;;;;370;UN;CDFL - CD FLORES;;0;370;370;AMEN;;;;0;0;0;;0;0;;;B;;;;0;UN;2026;;;S;WE;0;BRL;;;0;0;UN;UN;2.299,92;1.686,61;;
CDFL;4500131417;;;10;0;0;402105;CONECTOR AUTO PERF DU 70-240 / 70-240MM2;101;EM Entrada mercador.;180033762;1009609;5000236321;1;21/10/2025;17/11/2025;17/11/2025;10:53:53;1.800;71.990,78;INVT;EST_INV_AME;MDCOSTA;;;;;;;;;1.800;UN;CDFL - CD FLORES;;0;1.800;1.800;AMEN;;;;0;0;0;;0;0;;;B;;;;0;UN;2025;;;S;WE;0;BRL;;;0;0;UN;UN;7.940,16;5.822,78;;
CDFL;4500117541;;;10;0;0;402105;CONECTOR AUTO PERF DU 70-240 / 70-240MM2;101;EM Entrada mercador.;180031661;1009609;5000214052;1;30/06/2025;09/07/2025;09/07/2025;10:32:19;500;19.997,44;INVT;EST_INV_AME;MDCOSTA;;;;;;;;;500;UN;CDFL - CD FLORES;;0;500;500;AMEN;;;;0;0;0;;0;0;;;B;;;;0;UN;2025;;;S;WE;0;BRL;;;0;0;UN;UN;2.205,60;1.617,44;;
CDFL;4500143335;;;60;0;0;402106;BRACO L A1010/1020 3/8P16P;101;EM Entrada mercador.;180035528;1007262;5000259162;6;19/03/2026;09/04/2026;09/04/2026;16:22:45;771;59.289,78;INVT;EST_INV_AME;LPEIXOTO;;;;;;;;;771;UN;CDFL - CD FLORES;;0;771;771;AMEN;;;;0;0;0;;0;0;;;B;;;;0;UN;2026;;;S;WE;0;BRL;;;0;0;UN;UN;6.539,31;4.795,50;;
CDFL;4500116905;;;20;0;0;402106;BRACO L A1010/1020 3/8P16P;101;EM Entrada mercador.;180032291;1007262;5000219321;2;30/07/2025;15/08/2025;15/08/2025;08:15:32;188;14.457,17;INVT;EST_INV_AME;MDCOSTA;;;;;;;;;188;UN;CDFL - CD FLORES;;0;188;188;AMEN;;;;0;0;0;;0;0;;;B;;;;0;UN;2025;;;S;WE;0;BRL;;;0;0;UN;UN;1.594,54;1.169,33;;
CDFL;4500144413;;;100;0;0;402111;ELO FUSIVEL BOTAO DISTRIB UN K 8A 500MM;101;EM Entrada mercador.;180035525;1024046;5000259506;10;27/03/2026;13/04/2026;13/04/2026;10:22:31;5;29,81;INVT;EST_INV_AME;LPEIXOTO;;;;;;;;;5;UN;CDFL - CD FLORES;;0;5;5;AMEN;;;;0;0;0;;0;0;;;B;;;;0;UN;2026;;;S;WE;0;BRL;;;0;0;UN;UN;1,81;3,91;;
CDFL;4500138201;;;20;0;0;402111;ELO FUSIVEL BOTAO DISTRIB UN K 8A 500MM;101;EM Entrada mercador.;180034643;1024046;5000248527;2;20/01/2026;02/02/2026;02/02/2026;11:00:03;500;2.981,35;INVT;EST_INV_AME;MDCOSTA;;;;;;;;;500;UN;CDFL - CD FLORES;;0;500;500;AMEN;;;;0;0;0;;0;0;;;B;;;;0;UN;2026;;;S;WE;0;BRL;;;0;0;UN;UN;181,3;391,35;;
CDFL;4500144413;;;10;0;0;402117;ELO FUSIVEL BOTAO DISTRIB K 20A 500MM;101;EM Entrada mercador.;180035525;1024046;5000259506;1;27/03/2026;13/04/2026;13/04/2026;10:22:31;210;1.252,17;INVT;EST_INV_AME;LPEIXOTO;;;;;;;;;210;UN;CDFL - CD FLORES;;0;210;210;AMEN;;;;0;0;0;;0;0;;;B;;;;0;UN;2026;;;S;WE;0;BRL;;;0;0;UN;UN;76,15;164,37;;
CDFL;4500135843;;;10;0;0;402117;ELO FUSIVEL BOTAO DISTRIB K 20A 500MM;101;EM Entrada mercador.;180034082;1024046;5000241726;1;03/12/2025;15/12/2025;15/12/2025;10:02:51;1.500;8.944,05;INVT;EST_INV_AME;MDCOSTA;;;;;;;;;1.500;UN;CDFL - CD FLORES;;0;1.500;1.500;AMEN;;;;0;0;0;;0;0;;;B;;;;0;UN;2025;;;S;WE;0;BRL;;;0;0;UN;UN;543,9;1.174,05;;
CDFL;4500121429;;;40;0;0;402117;ELO FUSIVEL BOTAO DISTRIB K 20A 500MM;101;EM Entrada mercador.;180031791;1024046;5000215753;4;09/07/2025;18/07/2025;18/07/2025;09:29:12;500;2.981,35;INVT;EST_INV_AME;MDCOSTA;;;;;;;;;500;UN;CDFL - CD FLORES;;0;500;500;AMEN;;;;0;0;0;;0;0;;;B;;;;0;UN;2025;;;S;WE;0;BRL;;;0;0;UN;UN;181,3;391,35;;
CDFL;4500144413;;;70;0;0;402123;ELO FUSIVEL BOTAO DISTRIB K 12A 500MM;101;EM Entrada mercador.;180035525;1024046;5000259506;7;27/03/2026;13/04/2026;13/04/2026;10:22:31;140;834,78;INVT;EST_INV_AME;LPEIXOTO;;;;;;;;;140;UN;CDFL - CD FLORES;;0;140;140;AMEN;;;;0;0;0;;0;0;;;B;;;;0;UN;2026;;;S;WE;0;BRL;;;0;0;UN;UN;50,76;109,58;;
CDFL;4500144983;;;40;0;0;402132;TRAFO AER 1F 15KV 25KVA 240/120V 7TP;101;EM Entrada mercador.;180036139;1003291;5000266299;1;19/05/2026;27/05/2026;27/05/2026;14:31:59;3; R$ 30.464,31 ;INVT;EST_INV_AME;MDCOSTA;;;;;;;;;3;UN;CDFL - CD FLORES;;0;3;3;AMEN;;;;0;0;0;;0;0;;;B;;;;0;UN;2026;;;S;WE;0;BRL;;;0;0;UN;UN;2.132,50;0;;
CDFL;4500144983;;;40;0;0;402132;TRAFO AER 1F 15KV 25KVA 240/120V 7TP;101;EM Entrada mercador.;180036064;1003291;5000266037;2;14/05/2026;22/05/2026;22/05/2026;07:51:18;7; R$ 71.083,39 ;INVT;EST_INV_AME;LPEIXOTO;;;;;;;;;7;UN;CDFL - CD FLORES;;0;7;7;AMEN;;;;0;0;0;;0;0;;;B;;;;0;UN;2026;;;S;WE;0;BRL;;;0;0;UN;UN;4.975,84;0;;
CDFL;4500144983;;;40;0;0;402132;TRAFO AER 1F 15KV 25KVA 240/120V 7TP;101;EM Entrada mercador.;180035790;1003291;5000261818;2;24/04/2026;30/04/2026;30/04/2026;10:55:12;10;101.547,70;INVT;EST_INV_AME;MDCOSTA;;;;;;;;;10;UN;CDFL - CD FLORES;;0;10;10;AMEN;;;;0;0;0;;0;0;;;B;;;;0;UN;2026;;;S;WE;0;BRL;;;0;0;UN;UN;7.108,34;0;;
CDFL;4500134196;;;40;0;0;402132;TRAFO AER 1F 15KV 25KVA 240/120V 7TP;101;EM Entrada mercador.;180034220;1003291;5000243961;3;17/12/2025;22/12/2025;22/12/2025;15:06:23;1;10.154,77;INVT;EST_INV_AME;MDCOSTA;;;;;;;;;1;UN;CDFL - CD FLORES;;0;1;1;AMEN;;;;0;0;0;;0;0;;;B;;;;0;UN;2025;;;S;WE;0;BRL;;;0;0;UN;UN;710,83;0;;
CDFL;4500134196;;;40;0;0;402132;TRAFO AER 1F 15KV 25KVA 240/120V 7TP;101;EM Entrada mercador.;180034078;1003291;5000241679;3;09/12/2025;15/12/2025;15/12/2025;08:47:02;9;91.392,93;INVT;EST_INV_AME;MDCOSTA;;;;;;;;;9;UN;CDFL - CD FLORES;;0;9;9;AMEN;;;;0;0;0;;0;0;;;B;;;;0;UN;2025;;;S;WE;0;BRL;;;0;0;UN;UN;6.397,51;0;;
CDFL;4500125193;;;20;0;0;402132;TRAFO AER 1F 15KV 25KVA 240/120V 7TP;101;EM Entrada mercador.;180033227;1003291;5000230755;1;01/10/2025;13/10/2025;13/10/2025;08:25:38;5;50.773,85;INVT;EST_INV_AME;MDCOSTA;;;;;;;;;5;UN;CDFL - CD FLORES;;0;5;5;AMEN;;;;0;0;0;;0;0;;;B;;;;0;UN;2025;;;S;WE;0;BRL;;;0;0;UN;UN;3.554,17;0;;
CDFL;4500118240;;;20;0;0;402132;TRAFO AER 1F 15KV 25KVA 240/120V 7TP;101;EM Entrada mercador.;180032668;1003291;5000224234;1;04/09/2025;10/09/2025;10/09/2025;11:32:47;1;10.154,77;INVT;EST_INV_AME;MDCOSTA;;;;;;;;;1;UN;CDFL - CD FLORES;;0;1;1;AMEN;;;;0;0;0;;0;0;;;B;;;;0;UN;2025;;;S;WE;0;BRL;;;0;0;UN;UN;710,83;0;;
CDFL;4500118240;;;20;0;0;402132;TRAFO AER 1F 15KV 25KVA 240/120V 7TP;101;EM Entrada mercador.;180032665;1003291;5000224230;1;03/09/2025;10/09/2025;10/09/2025;11:25:06;4;40.619,08;INVT;EST_INV_AME;MDCOSTA;;;;;;;;;4;UN;CDFL - CD FLORES;;0;4;4;AMEN;;;;0;0;0;;0;0;;;B;;;;0;UN;2025;;;S;WE;0;BRL;;;0;0;UN;UN;2.843,34;0;;
CDFL;4500150388;;;190;0;0;402136;CABO ELET FLEXIVEL PVC 750V 2,5MM2 VD;101;EM Entrada mercador.;180035936;1003949;5000263354;1;05/05/2026;13/05/2026;13/05/2026;14:35:54;2.000; R$ 4.900,00 ;INVT;EST_INV_AME;MDCOSTA;;;;;;;;;2.000;M;CDFL - CD FLORES;;0;2.000;2.000;AMEN;;;;0;0;0;;0;0;;;B;;;;0;M;2026;;;S;WE;0;BRL;;;0;0;M;M;343;0;;
CDFL;4500138304;;;10;0;0;402149;TERMINAL CU CHAVE SEC  70-120MM2;101;EM Entrada mercador.;180034876;1024297;5000252079;1;06/02/2026;20/02/2026;20/02/2026;11:51:34;122;20.496,00;INVT;EST_INV_AME;MDCOSTA;;;;;;;;;122;UN;CDFL - CD FLORES;;0;122;122;AMEN;;;;0;0;0;;0;0;;;B;;;;0;UN;2026;;;S;WE;0;BRL;;;0;0;UN;UN;0;0;;
CDFL;4500125456;;;10;0;0;402149;TERMINAL CU CHAVE SEC  70-120MM2;101;EM Entrada mercador.;180032935;1024297;5000228143;1;24/09/2025;24/09/2025;24/09/2025;09:26:09;100;19.160,79;INVT;EST_INV_AME;MDCOSTA;;;;;;;;;100;UN;CDFL - CD FLORES;;0;100;100;AMEN;;;;0;0;0;;0;0;;;B;;;;0;UN;2025;;;S;WE;0;BRL;;;0;0;UN;UN;0;0;;
CDFL;4500114654;;;10;0;0;402149;TERMINAL CU CHAVE SEC  70-120MM2;101;EM Entrada mercador.;180032029;1024297;5000217586;1;25/07/2025;04/08/2025;04/08/2025;09:57:46;50;8.400,00;INVT;EST_INV_AME;MDCOSTA;;;;;;;;;50;UN;CDFL - CD FLORES;;0;50;50;AMEN;;;;0;0;0;;0;0;;;B;;;;0;UN;2025;;;S;WE;0;BRL;;;0;0;UN;UN;0;0;;
CDFL;4500114654;;;10;0;0;402149;TERMINAL CU CHAVE SEC  70-120MM2;101;EM Entrada mercador.;180031632;1024297;5000213595;1;30/06/2025;08/07/2025;08/07/2025;08:15:40;250;42.000,00;INVT;EST_INV_AME;MDCOSTA;;;;;;;;;250;UN;CDFL - CD FLORES;;0;250;250;AMEN;;;;0;0;0;;0;0;;;B;;;;0;UN;2025;;;S;WE;0;BRL;;;0;0;UN;UN;0;0;;
CDFL;4500150388;;;20;0;0;402152;CABO ELET CU 95MM2 90°XLPE 0,6/1KV;101;EM Entrada mercador.;180036053;1003949;5000265833;3;05/05/2026;21/05/2026;21/05/2026;09:15:48;1.991; R$ 208.975,36 ;INVT;EST_INV_AME;LPEIXOTO;;;;;;;;;1.991;M;CDFL - CD FLORES;;0;1.991;1.991;AMEN;;;;0;0;0;;0;0;;;B;;;;0;M;2026;;;S;WE;0;BRL;;;0;0;M;M;14.628,28;0;;
CDFL;4500150388;;;20;0;0;402152;CABO ELET CU 95MM2 90°XLPE 0,6/1KV;101;EM Entrada mercador.;180035735;1003949;5000261718;2;22/04/2026;28/04/2026;28/04/2026;15:14:54;1.016;106.639,36;INVT;EST_INV_AME;MDCOSTA;;;;;;;;;1.016;M;CDFL - CD FLORES;;0;1.016;1.016;AMEN;;;;0;0;0;;0;0;;;B;;;;0;M;2026;;;S;WE;0;BRL;;;0;0;M;M;7.464,76;0;;
CDFL;4500150388;;;20;0;0;402152;CABO ELET CU 95MM2 90°XLPE 0,6/1KV;101;EM Entrada mercador.;180035735;1003949;5000261718;1;22/04/2026;28/04/2026;28/04/2026;15:14:54;1.000;104.960,00;INVT;EST_INV_AME;MDCOSTA;;;;;;;;;1.000;M;CDFL - CD FLORES;;0;1.000;1.000;AMEN;;;;0;0;0;;0;0;;;B;;;;0;M;2026;;;S;WE;0;BRL;;;0;0;M;M;7.347,20;0;;
CDFL;4500150388;;;20;0;0;402152;CABO ELET CU 95MM2 90°XLPE 0,6/1KV;101;EM Entrada mercador.;180035699;1003949;5000261490;3;17/04/2026;23/04/2026;23/04/2026;16:21:07;2.020;212.019,20;INVT;EST_INV_AME;MDCOSTA;;;;;;;;;2.020;M;CDFL - CD FLORES;;0;2.020;2.020;AMEN;;;;0;0;0;;0;0;;;B;;;;0;M;2026;;;S;WE;0;BRL;;;0;0;M;M;14.841,34;0;;
CDFL;4500150388;;;20;0;0;402152;CABO ELET CU 95MM2 90°XLPE 0,6/1KV;101;EM Entrada mercador.;180035699;1003949;5000261490;2;17/04/2026;23/04/2026;23/04/2026;16:21:07;105;11.020,80;INVT;EST_INV_AME;MDCOSTA;;;;;;;;;105;M;CDFL - CD FLORES;;0;105;105;AMEN;;;;0;0;0;;0;0;;;B;;;;0;M;2026;;;S;WE;0;BRL;;;0;0;M;M;771,46;0;;
CDFL;4500150388;;;20;0;0;402152;CABO ELET CU 95MM2 90°XLPE 0,6/1KV;101;EM Entrada mercador.;180035699;1003949;5000261490;1;17/04/2026;23/04/2026;23/04/2026;16:21:07;310;32.537,60;INVT;EST_INV_AME;MDCOSTA;;;;;;;;;310;M;CDFL - CD FLORES;;0;310;310;AMEN;;;;0;0;0;;0;0;;;B;;;;0;M;2026;;;S;WE;0;BRL;;;0;0;M;M;2.277,63;0;;
CDFL;4500150388;;;20;0;0;402152;CABO ELET CU 95MM2 90°XLPE 0,6/1KV;101;EM Entrada mercador.;180035699;1003949;5000261490;5;17/04/2026;23/04/2026;23/04/2026;16:21:07;75;7.872,00;INVT;EST_INV_AME;MDCOSTA;;;;;;;;;75;M;CDFL - CD FLORES;;0;75;75;AMEN;;;;0;0;0;;0;0;;;B;;;;0;M;2026;;;S;WE;0;BRL;;;0;0;M;M;551,04;0;;
CDFL;4500150388;;;20;0;0;402152;CABO ELET CU 95MM2 90°XLPE 0,6/1KV;101;EM Entrada mercador.;180035699;1003949;5000261490;4;17/04/2026;23/04/2026;23/04/2026;16:21:07;82;8.606,72;INVT;EST_INV_AME;MDCOSTA;;;;;;;;;82;M;CDFL - CD FLORES;;0;82;82;AMEN;;;;0;0;0;;0;0;;;B;;;;0;M;2026;;;S;WE;0;BRL;;;0;0;M;M;602,47;0;;
CDFL;4500150388;;;20;0;0;402152;CABO ELET CU 95MM2 90°XLPE 0,6/1KV;101;EM Entrada mercador.;180035614;1003949;5000260181;1;10/04/2026;16/04/2026;16/04/2026;08:37:20;1.000;104.960,00;INVT;EST_INV_AME;LPEIXOTO;;;;;;;;;1.000;M;CDFL - CD FLORES;;0;1.000;1.000;AMEN;;;;0;0;0;;0;0;;;B;;;;0;M;2026;;;S;WE;0;BRL;;;0;0;M;M;7.347,20;0;;
CDFL;4500147616;;;10;0;0;402152;CABO ELET CU 95MM2 90°XLPE 0,6/1KV;101;EM Entrada mercador.;180035418;1003949;5000257352;1;20/03/2026;27/03/2026;27/03/2026;14:17:43;1.187;77.024,43;INVT;EST_INV_AME;MDCOSTA;;;;;;;;;1.187;M;CDFL - CD FLORES;;0;1.187;1.187;AMEN;;;;0;0;0;;0;0;;;B;;;;0;M;2026;;;S;WE;0;BRL;;;0;0;M;M;5.391,71;0;;
CDFL;4500146770;;;10;0;0;402152;CABO ELET CU 95MM2 90°XLPE 0,6/1KV;101;EM Entrada mercador.;180035359;1003949;5000257145;1;20/03/2026;24/03/2026;24/03/2026;09:53:46;500;32.445,00;INVT;EST_INV_AME;MDCOSTA;;;;;;;;;500;M;CDFL - CD FLORES;;0;500;500;AMEN;;;;0;0;0;;0;0;;;B;;;;0;M;2026;;;S;WE;0;BRL;;;0;0;M;M;2.271,15;0;;
CDFL;4500130026;;;10;0;0;402152;CABO ELET CU 95MM2 90°XLPE 0,6/1KV;101;EM Entrada mercador.;180033778;1003949;5000236358;1;11/11/2025;17/11/2025;17/11/2025;14:50:00;890;57.752,10;INVT;EST_INV_AME;LPEIXOTO;;;;;;;;;890;M;CDFL - CD FLORES;;0;890;890;AMEN;;;;0;0;0;;0;0;;;B;;;;0;M;2025;;;S;WE;0;BRL;;;0;0;M;M;4.042,65;0;;
CDFL;4500113640;;;30;0;0;402152;CABO ELET CU 95MM2 90°XLPE 0,6/1KV;101;EM Entrada mercador.;180031728;1003949;5000214979;1;09/07/2025;15/07/2025;15/07/2025;08:25:08;1.166;75.661,74;INVT;EST_INV_AME;MDCOSTA;;;;;;;;;1.166;M;CDFL - CD FLORES;;0;1.166;1.166;AMEN;;;;0;0;0;;0;0;;;B;;;;0;M;2025;;;S;WE;0;BRL;;;0;0;M;M;5.296,32;0;;
CDFL;4500150182;;;30;0;0;402185;CONECTOR DER CUNHA ESTRIBO 336,4 MCM;101;EM Entrada mercador.;180036175;1003137;5000266333;3;13/04/2026;28/05/2026;28/05/2026;10:01:22;47; R$ 1.676,07 ;INVT;EST_INV_AME;LPEIXOTO;;;;;;;;;47;UN;CDFL - CD FLORES;;0;47;47;AMEN;;;;0;0;0;;0;0;;;B;;;;0;UN;2026;;;S;WE;0;BRL;;;0;0;UN;UN;101,92;220,01;;
CDFL;4500145719;;;60;0;0;402185;CONECTOR DER CUNHA ESTRIBO 336,4 MCM;101;EM Entrada mercador.;180035773;1003799;5000261799;3;18/03/2026;30/04/2026;30/04/2026;08:27:29;685;29.710,81;INVT;EST_INV_AME;MDCOSTA;;;;;;;;;685;UN;CDFL - CD FLORES;;0;685;685;AMEN;;;;0;0;0;;0;0;;;B;;;;0;UN;2026;;;S;WE;0;BRL;;;0;0;UN;UN;1.806,76;3.900,01;;
CDFL;4500130665;;;60;0;0;402185;CONECTOR DER CUNHA ESTRIBO 336,4 MCM;101;EM Entrada mercador.;180033955;1003799;5000239657;6;05/11/2025;04/12/2025;04/12/2025;10:23:49;100;4.337,34;INVT;EST_INV_AME;MDCOSTA;;;;;;;;;100;UN;CDFL - CD FLORES;;0;100;100;AMEN;;;;0;0;0;;0;0;;;B;;;;0;UN;2025;;;S;WE;0;BRL;;;0;0;UN;UN;263,76;569,34;;
CDFL;4500150174;;;40;0;0;402188;POSTE CONCRETO TRON CON 11M 300KGF;101;EM Entrada mercador.;180035816;1006698;5000262404;3;23/04/2026;05/05/2026;05/05/2026;08:27:43;2; R$ 3.500,00 ;INVT;EST_INV_AME;LPEIXOTO;;;;;;;;;2;UN;CDFL - CD FLORES;;0;2;2;AMEN;;;;0;0;0;;0;0;;;B;;;;0;UN;2026;;;S;WE;0;BRL;;;0;0;UN;UN;245;0;;
CDFL;4500150174;;;40;0;0;402188;POSTE CONCRETO TRON CON 11M 300KGF;101;EM Entrada mercador.;180035622;1006698;5000260197;2;14/04/2026;16/04/2026;16/04/2026;10:06:04;8;14.000,00;INVT;EST_INV_AME;LPEIXOTO;;;;;;;;;8;UN;CDFL - CD FLORES;;0;8;8;AMEN;;;;0;0;0;;0;0;;;B;;;;0;UN;2026;;;S;WE;0;BRL;;;0;0;UN;UN;980;0;;
CDFL;4500121339;;;10;0;0;402188;POSTE CONCRETO TRON CON 11M 300KGF;101;EM Entrada mercador.;180031909;1006698;5000216802;1;22/07/2025;25/07/2025;25/07/2025;09:40:21;8;14.687,68;INVT;EST_INV_AME;MDCOSTA;;;;;;;;;8;UN;CDFL - CD FLORES;;0;8;8;AMEN;;;;0;0;0;;0;0;;;B;;;;0;UN;2025;;;S;WE;0;BRL;;;0;0;UN;UN;1.028,14;0;;
CDFL;4500152157;;;80;0;0;402202;CINTA POSTE CIRC ACO 250MM;101;EM Entrada mercador.;180036104;1003152;5000266254;4;08/05/2026;26/05/2026;26/05/2026;14:21:57;810; R$ 22.899,52 ;INVT;EST_INV_AME;LPEIXOTO;;;;;;;;;810;UN;CDFL - CD FLORES;;0;810;810;AMEN;;;;0;0;0;;0;0;;;B;;;;0;UN;2026;;;S;WE;0;BRL;;;0;0;UN;UN;1.392,55;3.005,92;;
CDFL;4500150388;;;210;0;0;402229;CABO ELET FLEXIVEL PVC 750V 2,5MM2 VM;101;EM Entrada mercador.;180035938;1003949;5000263359;2;05/05/2026;13/05/2026;13/05/2026;14:43:52;300; R$ 735,00 ;INVT;EST_INV_AME;MDCOSTA;;;;;;;;;300;M;CDFL - CD FLORES;;0;300;300;AMEN;;;;0;0;0;;0;0;;;B;;;;0;M;2026;;;S;WE;0;BRL;;;0;0;M;M;51,45;0;;
CDFL;4500150388;;;140;0;0;402235;CABO ELET ISOL AZ 2,5MM2;101;EM Entrada mercador.;180035936;1003949;5000263354;13;05/05/2026;13/05/2026;13/05/2026;14:35:54;600; R$ 1.470,00 ;INVT;EST_INV_AME;MDCOSTA;;;;;;;;;600;M;CDFL - CD FLORES;;0;600;600;AMEN;;;;0;0;0;;0;0;;;B;;;;0;M;2026;;;S;WE;0;BRL;;;0;0;M;M;102,9;0;;
CDFL;4500147050;;;20;0;0;402242;POSTE FIBRA VIDRO E-CR 11M 600DAN;101;EM Entrada mercador.;180035568;1027479;5000259526;1;11/03/2026;13/04/2026;13/04/2026;11:06:52;36;96.358,26;INVT;EST_INV_AME;LPEIXOTO;;;;;;;;;36;UN;CDFL - CD FLORES;;0;36;36;AMEN;;;;0;0;0;;0;0;;;B;;;;0;UN;2026;;;S;WE;0;BRL;;;0;0;UN;UN;5.859,68;12.648,54;;
CDFL;4500147050;;;20;0;0;402242;POSTE FIBRA VIDRO E-CR 11M 600DAN;101;EM Entrada mercador.;180035566;1027479;5000259512;1;11/03/2026;13/04/2026;13/04/2026;11:01:37;36;96.358,26;INVT;EST_INV_AME;LPEIXOTO;;;;;;;;;36;UN;CDFL - CD FLORES;;0;36;36;AMEN;;;;0;0;0;;0;0;;;B;;;;0;UN;2026;;;S;WE;0;BRL;;;0;0;UN;UN;5.859,68;12.648,54;;
CDFL;4500147050;;;20;0;0;402242;POSTE FIBRA VIDRO E-CR 11M 600DAN;101;EM Entrada mercador.;180035565;1027479;5000259511;1;11/03/2026;13/04/2026;13/04/2026;10:57:13;36;96.358,26;INVT;EST_INV_AME;LPEIXOTO;;;;;;;;;36;UN;CDFL - CD FLORES;;0;36;36;AMEN;;;;0;0;0;;0;0;;;B;;;;0;UN;2026;;;S;WE;0;BRL;;;0;0;UN;UN;5.859,68;12.648,54;;
CDFL;4500147050;;;10;0;0;402242;POSTE FIBRA VIDRO E-CR 11M 600DAN;101;EM Entrada mercador.;180035517;1027479;5000259058;1;11/03/2026;09/04/2026;09/04/2026;10:58:47;36;96.358,26;INVT;EST_INV_AME;LPEIXOTO;;;;;;;;;36;UN;CDFL - CD FLORES;;0;36;36;AMEN;;;;0;0;0;;0;0;;;B;;;;0;UN;2026;;;S;WE;0;BRL;;;0;0;UN;UN;5.859,68;12.648,54;;
CDFL;4500147050;;;20;0;0;402242;POSTE FIBRA VIDRO E-CR 11M 600DAN;101;EM Entrada mercador.;180035518;1027479;5000259060;1;04/03/2026;09/04/2026;09/04/2026;11:02:31;36;96.358,26;INVT;EST_INV_AME;LPEIXOTO;;;;;;;;;36;UN;CDFL - CD FLORES;;0;36;36;AMEN;;;;0;0;0;;0;0;;;B;;;;0;UN;2026;;;S;WE;0;BRL;;;0;0;UN;UN;5.859,68;12.648,54;;
CDFL;4500147050;;;10;0;0;402242;POSTE FIBRA VIDRO E-CR 11M 600DAN;101;EM Entrada mercador.;180035309;1027479;5000256854;1;04/03/2026;20/03/2026;20/03/2026;07:43:14;36;96.358,26;INVT;EST_INV_AME;MDCOSTA;;;;;;;;;36;UN;CDFL - CD FLORES;;0;36;36;AMEN;;;;0;0;0;;0;0;;;B;;;;0;UN;2026;;;S;WE;0;BRL;;;0;0;UN;UN;5.859,68;12.648,54;;
CDFL;4500147050;;;10;0;0;402242;POSTE FIBRA VIDRO E-CR 11M 600DAN;101;EM Entrada mercador.;180035311;1027479;5000256856;1;04/03/2026;20/03/2026;20/03/2026;07:48:34;36;96.358,26;INVT;EST_INV_AME;MDCOSTA;;;;;;;;;36;UN;CDFL - CD FLORES;;0;36;36;AMEN;;;;0;0;0;;0;0;;;B;;;;0;UN;2026;;;S;WE;0;BRL;;;0;0;UN;UN;5.859,68;12.648,54;;
CDFL;4500147050;;;10;0;0;402242;POSTE FIBRA VIDRO E-CR 11M 600DAN;101;EM Entrada mercador.;180035310;1027479;5000256855;1;04/03/2026;20/03/2026;20/03/2026;07:46:21;36;96.358,26;INVT;EST_INV_AME;MDCOSTA;;;;;;;;;36;UN;CDFL - CD FLORES;;0;36;36;AMEN;;;;0;0;0;;0;0;;;B;;;;0;UN;2026;;;S;WE;0;BRL;;;0;0;UN;UN;5.859,68;12.648,54;;
CDFL;4500131625;;;10;0;0;402242;POSTE FIBRA VIDRO E-CR 11M 600DAN;101;EM Entrada mercador.;180033540;1003624;5000234273;1;21/10/2025;30/10/2025;30/10/2025;15:35:00;32;102.707,20;INVT;EST_INV_AME;MDCOSTA;;;;;;;;;32;UN;CDFL - CD FLORES;;0;32;32;AMEN;;;;0;0;0;;0;0;;;B;;;;0;UN;2025;;;S;WE;0;BRL;;;0;0;UN;UN;7.189,50;0;;
CDFL;4500127848;;;40;0;0;402242;POSTE FIBRA VIDRO E-CR 11M 600DAN;101;EM Entrada mercador.;180033383;1003624;5000233010;1;14/10/2025;21/10/2025;21/10/2025;09:25:42;50;160.480,00;INVT;EST_INV_AME;MDCOSTA;;;;;;;;;50;UN;CDFL - CD FLORES;;0;50;50;AMEN;;;;0;0;0;;0;0;;;B;;;;0;UN;2025;;;S;WE;0;BRL;;;0;0;UN;UN;11.233,60;0;;
CDFL;4500127848;;;40;0;0;402242;POSTE FIBRA VIDRO E-CR 11M 600DAN;101;EM Entrada mercador.;180033233;1003624;5000230776;1;03/10/2025;13/10/2025;13/10/2025;09:03:38;16;51.353,60;INVT;EST_INV_AME;MDCOSTA;;;;;;;;;16;UN;CDFL - CD FLORES;;0;16;16;AMEN;;;;0;0;0;;0;0;;;B;;;;0;UN;2025;;;S;WE;0;BRL;;;0;0;UN;UN;3.594,75;0;;
CDFL;4500131625;;;10;0;0;402242;POSTE FIBRA VIDRO E-CR 11M 600DAN;101;EM Entrada mercador.;180033125;1003624;5000229916;1;01/10/2025;06/10/2025;06/10/2025;14:58:37;50;160.480,00;INVT;EST_INV_AME;MDCOSTA;;;;;;;;;50;UN;CDFL - CD FLORES;;0;50;50;AMEN;;;;0;0;0;;0;0;;;B;;;;0;UN;2025;;;S;WE;0;BRL;;;0;0;UN;UN;11.233,60;0;;
CDFL;4500127848;;;40;0;0;402242;POSTE FIBRA VIDRO E-CR 11M 600DAN;101;EM Entrada mercador.;180032576;1003624;5000223042;2;27/08/2025;03/09/2025;03/09/2025;08:34:39;14;44.934,40;INVT;EST_INV_AME;MDCOSTA;;;;;;;;;14;UN;CDFL - CD FLORES;;0;14;14;AMEN;;;;0;0;0;;0;0;;;B;;;;0;UN;2025;;;S;WE;0;BRL;;;0;0;UN;UN;3.145,41;0;;
CDFL;4500116507;;;20;0;0;402242;POSTE FIBRA VIDRO E-CR 11M 600DAN;101;EM Entrada mercador.;180031573;1003624;5000212318;1;23/06/2025;02/07/2025;02/07/2025;07:53:05;38;121.964,80;INVT;EST_INV_AME;MDCOSTA;;;;;;;;;38;UN;CDFL - CD FLORES;;0;38;38;AMEN;;;;0;0;0;;0;0;;;B;;;;0;UN;2025;;;S;WE;0;BRL;;;0;0;UN;UN;8.537,54;0;;
CDFL;4500144413;;;20;0;0;402265;ELO FUSIVEL BOTAO DISTRIB H 3A 500MM;101;EM Entrada mercador.;180035525;1024046;5000259506;2;27/03/2026;13/04/2026;13/04/2026;10:22:31;348;2.054,99;INVT;EST_INV_AME;LPEIXOTO;;;;;;;;;348;UN;CDFL - CD FLORES;;0;348;348;AMEN;;;;0;0;0;;0;0;;;B;;;;0;UN;2026;;;S;WE;0;BRL;;;0;0;UN;UN;124,97;269,75;;
CDFL;4500138201;;;60;0;0;402265;ELO FUSIVEL BOTAO DISTRIB H 3A 500MM;101;EM Entrada mercador.;180034643;1024046;5000248527;5;20/01/2026;02/02/2026;02/02/2026;11:00:03;150;885,76;INVT;EST_INV_AME;MDCOSTA;;;;;;;;;150;UN;CDFL - CD FLORES;;0;150;150;AMEN;;;;0;0;0;;0;0;;;B;;;;0;UN;2026;;;S;WE;0;BRL;;;0;0;UN;UN;53,86;116,27;;
CDFL;4500121429;;;10;0;0;402265;ELO FUSIVEL BOTAO DISTRIB H 3A 500MM;101;EM Entrada mercador.;180031791;1024046;5000215753;1;09/07/2025;18/07/2025;18/07/2025;09:29:12;60;354,31;INVT;EST_INV_AME;MDCOSTA;;;;;;;;;60;UN;CDFL - CD FLORES;;0;60;60;AMEN;;;;0;0;0;;0;0;;;B;;;;0;UN;2025;;;S;WE;0;BRL;;;0;0;UN;UN;21,55;46,51;;
CDFL;4500137858;;;20;0;0;402276;CHAVE FUSIVEL INDIC 15KV 200A/95KV BUC;101;EM Entrada mercador.;180034493;1003412;5000247371;1;12/12/2025;22/01/2026;22/01/2026;15:21:31;46;19.485,82;INVT;EST_INV_AME;MDCOSTA;;;;;;;;;46;UN;CDFL - CD FLORES;;0;46;46;AMEN;;;;0;0;0;;0;0;;;B;;;;0;UN;2026;;;S;WE;0;BRL;;;0;0;UN;UN;1.184,96;2.557,82;;
CDFL;4500114002;;;20;0;0;402276;CHAVE FUSIVEL INDIC 15KV 200A/95KV BUC;101;EM Entrada mercador.;180031159;1003412;5000211878;1;06/06/2025;01/07/2025;01/07/2025;08:36:20;75;31.770,36;INVT;EST_INV_AME;MDCOSTA;;;;;;;;;75;UN;CDFL - CD FLORES;;0;75;75;AMEN;;;;0;0;0;;0;0;;;B;;;;0;UN;2025;;;S;WE;0;BRL;;;0;0;UN;UN;1.932,00;4.170,36;;
CDFL;4500144303;;;10;0;0;402296;GANCHO OLHAL AC 17MM 5000KGF;101;EM Entrada mercador.;180035380;1010868;5000257291;1;25/02/2026;26/03/2026;26/03/2026;08:04:18;4.067;51.215,87;INVT;EST_INV_AME;MDCOSTA;;;;;;;;;4.067;UN;CDFL - CD FLORES;;0;4.067;4.067;AMEN;;;;0;0;0;;0;0;;;B;;;;0;UN;2026;;;S;WE;0;BRL;;;0;0;UN;UN;3.114,51;6.722,89;;
CDFL;4500137970;;;20;0;0;402296;GANCHO OLHAL AC 17MM 5000KGF;101;EM Entrada mercador.;180034698;1010868;5000249396;2;06/02/2026;06/02/2026;06/02/2026;08:51:30;1.938;24.405,30;INVT;EST_INV_AME;MDCOSTA;;;;;;;;;1.938;UN;CDFL - CD FLORES;;0;1.938;1.938;AMEN;;;;0;0;0;;0;0;;;B;;;;0;UN;2026;;;S;WE;0;BRL;;;0;0;UN;UN;1.484,12;3.203,58;;
CDFL;4500121302;;;10;0;0;402296;GANCHO OLHAL AC 17MM 5000KGF;101;EM Entrada mercador.;180032478;1010868;5000221784;2;29/07/2025;27/08/2025;27/08/2025;10:01:04;388;4.886,10;INVT;EST_INV_AME;MDCOSTA;;;;;;;;;388;UN;CDFL - CD FLORES;;0;388;388;AMEN;;;;0;0;0;;0;0;;;B;;;;0;UN;2025;;;S;WE;0;BRL;;;0;0;UN;UN;297,13;641,38;;
CDFL;4500116918;;;20;0;0;402296;GANCHO OLHAL AC 17MM 5000KGF;101;EM Entrada mercador.;180031592;1010868;5000212719;2;28/05/2025;02/07/2025;02/07/2025;16:04:48;1.875;23.611,93;INVT;EST_INV_AME;MDCOSTA;;;;;;;;;1.875;UN;CDFL - CD FLORES;;0;1.875;1.875;AMEN;;;;0;0;0;;0;0;;;B;;;;0;UN;2025;;;S;WE;0;BRL;;;0;0;UN;UN;1.435,88;3.099,44;;
CDFL;4500152512;;;10;0;0;402307;CONECTOR PERF 4 SAÍDAS 25-240MM2/1,5-35M;101;EM Entrada mercador.;180036229;1003137;5000266516;1;11/05/2026;01/06/2026;01/06/2026;09:54:34;15.000;1.115.415,90;INVT;EST_INV_AME;LPEIXOTO;;;;;;;;;15.000;UN;CDFL - CD FLORES;;0;15.000;15.000;AMEN;;;;0;0;0;;0;0;;;B;;;;0;UN;2026;;;S;WE;0;BRL;;;0;0;UN;UN;67.830,00;146.415,90;;
CDFL;4500144903;;;10;0;0;402307;CONECTOR PERF 4 SAÍDAS 25-240MM2/1,5-35M;101;EM Entrada mercador.;180035673;1003137;5000261325;1;31/03/2026;22/04/2026;22/04/2026;14:15:00;9.825;749.145,09;INVT;EST_INV_AME;MDCOSTA;;;;;;;;;9.825;UN;CDFL - CD FLORES;;0;9.825;9.825;AMEN;;;;0;0;0;;0;0;;;B;;;;0;UN;2026;;;S;WE;0;BRL;;;0;0;UN;UN;45.556,56;98.337,09;;
CDFL;4500144903;;;10;0;0;402307;CONECTOR PERF 4 SAÍDAS 25-240MM2/1,5-35M;101;EM Entrada mercador.;180035574;1003137;5000260105;1;27/03/2026;15/04/2026;15/04/2026;11:48:31;6.125;467.024,29;INVT;EST_INV_AME;LPEIXOTO;;;;;;;;;6.125;UN;CDFL - CD FLORES;;0;6.125;6.125;AMEN;;;;0;0;0;;0;0;;;B;;;;0;UN;2026;;;S;WE;0;BRL;;;0;0;UN;UN;28.400,40;61.304,29;;
CDFL;4500144903;;;10;0;0;402307;CONECTOR PERF 4 SAÍDAS 25-240MM2/1,5-35M;101;EM Entrada mercador.;180035571;1003137;5000259541;1;25/03/2026;13/04/2026;13/04/2026;14:38:12;13.500;1.029.359,66;INVT;EST_INV_AME;LPEIXOTO;;;;;;;;;13.500;UN;CDFL - CD FLORES;;0;13.500;13.500;AMEN;;;;0;0;0;;0;0;;;B;;;;0;UN;2026;;;S;WE;0;BRL;;;0;0;UN;UN;62.596,80;135.119,66;;
CDFL;4500138296;;;10;0;0;402307;CONECTOR PERF 4 SAÍDAS 25-240MM2/1,5-35M;101;EM Entrada mercador.;180034889;1003137;5000252223;1;29/01/2026;20/02/2026;20/02/2026;14:50:27;4.550;346.932,33;INVT;EST_INV_AME;MDCOSTA;;;;;;;;;4.550;UN;CDFL - CD FLORES;;0;4.550;4.550;AMEN;;;;0;0;0;;0;0;;;B;;;;0;UN;2026;;;S;WE;0;BRL;;;0;0;UN;UN;21.097,44;45.540,33;;
CDFL;4500131542;;;10;0;0;402307;CONECTOR PERF 4 SAÍDAS 25-240MM2/1,5-35M;101;EM Entrada mercador.;180034086;1003137;5000241833;1;24/11/2025;15/12/2025;15/12/2025;11:01:47;18.000;1.372.479,55;INVT;EST_INV_AME;MDCOSTA;;;;;;;;;18.000;UN;CDFL - CD FLORES;;0;18.000;18.000;AMEN;;;;0;0;0;;0;0;;;B;;;;0;UN;2025;;;S;WE;0;BRL;;;0;0;UN;UN;83.462,40;180.159,55;;
CDFL;4500107033;;;10;0;0;402307;CONECTOR PERF 4 SAÍDAS 25-240MM2/1,5-35M;101;EM Entrada mercador.;180031694;1020771;5000214534;1;02/07/2025;11/07/2025;11/07/2025;11:00:37;1.200;79.564,03;INVT;EST_INV_AME;MDCOSTA;;;;;;;;;1.200;UN;CDFL - CD FLORES;;0;1.200;1.200;AMEN;;;;0;0;0;;0;0;;;B;;;;0;UN;2025;;;S;WE;0;BRL;;;0;0;UN;UN;4.838,40;10.444,03;;
CDFL;4500152172;;;10;0;0;402312;OLHAL PARAFUSO AC 16MM 5000DAN;101;EM Entrada mercador.;180036107;1003152;5000266258;1;08/05/2026;26/05/2026;26/05/2026;14:38:15;19.200; R$ 215.043,90 ;INVT;EST_INV_AME;LPEIXOTO;;;;;;;;;19.200;UN;CDFL - CD FLORES;;0;19.200;19.200;AMEN;;;;0;0;0;;0;0;;;B;;;;0;UN;2026;;;S;WE;0;BRL;;;0;0;UN;UN;13.077,12;28.227,90;;
CDFL;4500142861;;;10;0;0;402312;OLHAL PARAFUSO AC 16MM 5000DAN;101;EM Entrada mercador.;180035587;1021472;5000259989;1;13/03/2026;14/04/2026;14/04/2026;15:50:38;6.635;101.847,25;INVT;EST_INV_AME;LPEIXOTO;;;;;;;;;6.635;UN;CDFL - CD FLORES;;0;6.635;6.635;AMEN;;;;0;0;0;;0;0;;;B;;;;0;UN;2026;;;S;WE;0;BRL;;;0;0;UN;UN;0;0;;
CDFL;4500124896;;;40;0;0;402312;OLHAL PARAFUSO AC 16MM 5000DAN;101;EM Entrada mercador.;180033216;1021472;5000230688;1;16/09/2025;10/10/2025;10/10/2025;14:20:45;700;10.745,00;INVT;EST_INV_AME;MDCOSTA;;;;;;;;;700;UN;CDFL - CD FLORES;;0;700;700;AMEN;;;;0;0;0;;0;0;;;B;;;;0;UN;2025;;;S;WE;0;BRL;;;0;0;UN;UN;0;0;;
CDFL;4500121302;;;30;0;0;402312;OLHAL PARAFUSO AC 16MM 5000DAN;101;EM Entrada mercador.;180032478;1010868;5000221784;3;29/07/2025;27/08/2025;27/08/2025;10:01:04;2.913;47.111,82;INVT;EST_INV_AME;MDCOSTA;;;;;;;;;2.913;UN;CDFL - CD FLORES;;0;2.913;2.913;AMEN;;;;0;0;0;;0;0;;;B;;;;0;UN;2025;;;S;WE;0;BRL;;;0;0;UN;UN;2.864,94;6.184,17;;
CDFL;4500145027;;;20;0;0;402318;CABO  MULT 3X120+1X70MM² XLPE 0,6/1 KV;101;EM Entrada mercador.;180035776;1003949;5000261803;1;15/04/2026;30/04/2026;30/04/2026;09:54:36;3.920;185.455,20;INVT;EST_INV_AME;MDCOSTA;;;;;;;;;3.920;M;CDFL - CD FLORES;;0;3.920;3.920;AMEN;;;;0;0;0;;0;0;;;B;;;;0;M;2026;;;S;WE;0;BRL;;;0;0;M;M;12.981,86;0;;
CDFL;4500145027;;;10;0;0;402318;CABO  MULT 3X120+1X70MM² XLPE 0,6/1 KV;101;EM Entrada mercador.;180035616;1003949;5000260183;1;09/04/2026;16/04/2026;16/04/2026;08:51:47;4.220;199.648,20;INVT;EST_INV_AME;LPEIXOTO;;;;;;;;;4.220;M;CDFL - CD FLORES;;0;4.220;4.220;AMEN;;;;0;0;0;;0;0;;;B;;;;0;M;2026;;;S;WE;0;BRL;;;0;0;M;M;13.975,37;0;;
CDFL;4500147222;;;10;0;0;402318;CABO  MULT 3X120+1X70MM² XLPE 0,6/1 KV;101;EM Entrada mercador.;180035113;1003949;5000254411;1;27/02/2026;09/03/2026;09/03/2026;09:35:04;2.160;102.189,60;INVT;EST_INV_AME;MDCOSTA;;;;;;;;;2.160;M;CDFL - CD FLORES;;0;2.160;2.160;AMEN;;;;0;0;0;;0;0;;;B;;;;0;M;2026;;;S;WE;0;BRL;;;0;0;M;M;7.153,27;0;;
CDFL;4500147222;;;10;0;0;402318;CABO  MULT 3X120+1X70MM² XLPE 0,6/1 KV;101;EM Entrada mercador.;180035073;1003949;5000253699;1;25/02/2026;04/03/2026;04/03/2026;10:02:51;6.519;308.413,89;INVT;EST_INV_AME;MDCOSTA;;;;;;;;;6.519;M;CDFL - CD FLORES;;0;6.519;6.519;AMEN;;;;0;0;0;;0;0;;;B;;;;0;M;2026;;;S;WE;0;BRL;;;0;0;M;M;21.588,97;0;;
CDFL;4500147222;;;10;0;0;402318;CABO  MULT 3X120+1X70MM² XLPE 0,6/1 KV;101;EM Entrada mercador.;180035074;1003949;5000253710;1;24/02/2026;04/03/2026;04/03/2026;10:11:08;5.760;272.505,60;INVT;EST_INV_AME;MDCOSTA;;;;;;;;;5.760;M;CDFL - CD FLORES;;0;5.760;5.760;AMEN;;;;0;0;0;;0;0;;;B;;;;0;M;2026;;;S;WE;0;BRL;;;0;0;M;M;19.075,39;0;;
CDFL;4500147222;;;10;0;0;402318;CABO  MULT 3X120+1X70MM² XLPE 0,6/1 KV;101;EM Entrada mercador.;180035072;1003949;5000253689;1;24/02/2026;04/03/2026;04/03/2026;09:39:37;6.962;329.372,22;INVT;EST_INV_AME;MDCOSTA;;;;;;;;;6.962;M;CDFL - CD FLORES;;0;6.962;6.962;AMEN;;;;0;0;0;;0;0;;;B;;;;0;M;2026;;;S;WE;0;BRL;;;0;0;M;M;23.056,06;0;;
CDFL;4500147222;;;10;0;0;402318;CABO  MULT 3X120+1X70MM² XLPE 0,6/1 KV;101;EM Entrada mercador.;180034994;1003949;5000253322;2;23/02/2026;27/02/2026;27/02/2026;16:08:33;6.459;305.575,29;INVT;EST_INV_AME;MDCOSTA;;;;;;;;;6.459;M;CDFL - CD FLORES;;0;6.459;6.459;AMEN;;;;0;0;0;;0;0;;;B;;;;0;M;2026;;;S;WE;0;BRL;;;0;0;M;M;21.390,27;0;;
CDFL;4500147222;;;10;0;0;402318;CABO  MULT 3X120+1X70MM² XLPE 0,6/1 KV;101;EM Entrada mercador.;180034994;1003949;5000253322;1;23/02/2026;27/02/2026;27/02/2026;16:08:33;6.140;290.483,40;INVT;EST_INV_AME;MDCOSTA;;;;;;;;;6.140;M;CDFL - CD FLORES;;0;6.140;6.140;AMEN;;;;0;0;0;;0;0;;;B;;;;0;M;2026;;;S;WE;0;BRL;;;0;0;M;M;20.333,84;0;;
CDFL;4500135830;;;10;0;0;402318;CABO  MULT 3X120+1X70MM² XLPE 0,6/1 KV;101;EM Entrada mercador.;180034139;1003949;5000243582;1;10/12/2025;18/12/2025;18/12/2025;09:01:17;1.700;80.427,00;INVT;EST_INV_AME;MDCOSTA;;;;;;;;;1.700;M;CDFL - CD FLORES;;0;1.700;1.700;AMEN;;;;0;0;0;;0;0;;;B;;;;0;M;2025;;;S;WE;0;BRL;;;0;0;M;M;5.629,89;0;;
CDFL;4500135830;;;10;0;0;402318;CABO  MULT 3X120+1X70MM² XLPE 0,6/1 KV;101;EM Entrada mercador.;180033980;1003949;5000239895;1;25/11/2025;05/12/2025;05/12/2025;14:45:07;3.300;156.123,00;INVT;EST_INV_AME;MDCOSTA;;;;;;;;;3.300;M;CDFL - CD FLORES;;0;3.300;3.300;AMEN;;;;0;0;0;;0;0;;;B;;;;0;M;2025;;;S;WE;0;BRL;;;0;0;M;M;10.928,61;0;;
CDFL;4500128803;;;10;0;0;402318;CABO  MULT 3X120+1X70MM² XLPE 0,6/1 KV;101;EM Entrada mercador.;180033719;1003949;5000235851;1;04/11/2025;13/11/2025;13/11/2025;11:09:12;5.222;247.052,82;INVT;EST_INV_AME;MDCOSTA;;;;;;;;;5.222;M;CDFL - CD FLORES;;0;5.222;5.222;AMEN;;;;0;0;0;;0;0;;;B;;;;0;M;2025;;;S;WE;0;BRL;;;0;0;M;M;17.293,70;0;;
CDFL;4500128803;;;10;0;0;402318;CABO  MULT 3X120+1X70MM² XLPE 0,6/1 KV;101;EM Entrada mercador.;180033584;1003949;5000234680;1;27/10/2025;04/11/2025;04/11/2025;16:22:36;2.778;131.427,18;INVT;EST_INV_AME;MDCOSTA;;;;;;;;;2.778;M;CDFL - CD FLORES;;0;2.778;2.778;AMEN;;;;0;0;0;;0;0;;;B;;;;0;M;2025;;;S;WE;0;BRL;;;0;0;M;M;9.199,90;0;;
CDFL;4500125670;;;10;0;0;402318;CABO  MULT 3X120+1X70MM² XLPE 0,6/1 KV;101;EM Entrada mercador.;180032708;1003949;5000224805;1;03/09/2025;12/09/2025;12/09/2025;07:53:39;1.425;67.416,75;INVT;EST_INV_AME;MDCOSTA;;;;;;;;;1.425;M;CDFL - CD FLORES;;0;1.425;1.425;AMEN;;;;0;0;0;;0;0;;;B;;;;0;M;2025;;;S;WE;0;BRL;;;0;0;M;M;4.719,17;0;;
CDFL;4500125670;;;10;0;0;402318;CABO  MULT 3X120+1X70MM² XLPE 0,6/1 KV;101;EM Entrada mercador.;180032648;1003949;5000223604;1;01/09/2025;09/09/2025;09/09/2025;10:34:20;2.010;95.093,10;INVT;EST_INV_AME;MDCOSTA;;;;;;;;;2.010;M;CDFL - CD FLORES;;0;2.010;2.010;AMEN;;;;0;0;0;;0;0;;;B;;;;0;M;2025;;;S;WE;0;BRL;;;0;0;M;M;6.656,52;0;;
CDFL;4500125670;;;10;0;0;402318;CABO  MULT 3X120+1X70MM² XLPE 0,6/1 KV;101;EM Entrada mercador.;180032580;1003949;5000223052;1;28/08/2025;03/09/2025;03/09/2025;09:15:23;1.565;74.040,15;INVT;EST_INV_AME;MDCOSTA;;;;;;;;;1.565;M;CDFL - CD FLORES;;0;1.565;1.565;AMEN;;;;0;0;0;;0;0;;;B;;;;0;M;2025;;;S;WE;0;BRL;;;0;0;M;M;5.182,81;0;;
CDFL;4500121335;;;10;0;0;402318;CABO  MULT 3X120+1X70MM² XLPE 0,6/1 KV;101;EM Entrada mercador.;180032542;1003949;5000222492;1;26/08/2025;01/09/2025;01/09/2025;09:25:12;1.505;71.201,55;INVT;EST_INV_AME;MDCOSTA;;;;;;;;;1.505;M;CDFL - CD FLORES;;0;1.505;1.505;AMEN;;;;0;0;0;;0;0;;;B;;;;0;M;2025;;;S;WE;0;BRL;;;0;0;M;M;4.984,11;0;;
CDFL;4500121335;;;10;0;0;402318;CABO  MULT 3X120+1X70MM² XLPE 0,6/1 KV;101;EM Entrada mercador.;180032456;1003949;5000221630;1;15/08/2025;26/08/2025;26/08/2025;10:26:19;4.565;215.970,15;INVT;EST_INV_AME;MDCOSTA;;;;;;;;;4.565;M;CDFL - CD FLORES;;0;4.565;4.565;AMEN;;;;0;0;0;;0;0;;;B;;;;0;M;2025;;;S;WE;0;BRL;;;0;0;M;M;15.117,91;0;;
CDFL;4500121335;;;10;0;0;402318;CABO  MULT 3X120+1X70MM² XLPE 0,6/1 KV;101;EM Entrada mercador.;180032451;1003949;5000221624;1;18/08/2025;26/08/2025;26/08/2025;10:13:57;3.080;145.714,80;INVT;EST_INV_AME;MDCOSTA;;;;;;;;;3.080;M;CDFL - CD FLORES;;0;3.080;3.080;AMEN;;;;0;0;0;;0;0;;;B;;;;0;M;2025;;;S;WE;0;BRL;;;0;0;M;M;10.200,04;0;;
CDFL;4500121335;;;10;0;0;402318;CABO  MULT 3X120+1X70MM² XLPE 0,6/1 KV;101;EM Entrada mercador.;180032442;1003949;5000221575;1;19/08/2025;26/08/2025;26/08/2025;09:10:51;285;13.483,35;INVT;EST_INV_AME;MDCOSTA;;;;;;;;;285;M;CDFL - CD FLORES;;0;285;285;AMEN;;;;0;0;0;;0;0;;;B;;;;0;M;2025;;;S;WE;0;BRL;;;0;0;M;M;943,83;0;;
CDFL;4500121335;;;10;0;0;402318;CABO  MULT 3X120+1X70MM² XLPE 0,6/1 KV;101;EM Entrada mercador.;180031636;1003949;5000213605;1;01/07/2025;08/07/2025;08/07/2025;08:31:28;2.569;121.539,39;INVT;EST_INV_AME;MDCOSTA;;;;;;;;;2.569;M;CDFL - CD FLORES;;0;2.569;2.569;AMEN;;;;0;0;0;;0;0;;;B;;;;0;M;2025;;;S;WE;0;BRL;;;0;0;M;M;8.507,76;0;;
CDFL;4500129810;;;20;0;0;402322;MED EL 3E 4F 120V 120A TB GD B;101;EM Entrada mercador.;180034820;1003382;5000251545;1;16/02/2026;16/02/2026;16/02/2026;07:22:03;20;15.049,43;INVT;EST_INV_AME;MDCOSTA;;;;;;;;;20;UN;CDFL - CD FLORES;;0;20;20;AMEN;;;;0;0;0;;0;0;;;B;;;;0;UN;2026;;;S;WE;0;BRL;;;0;0;UN;UN;1.659,86;1.217,23;;
CDFL;4500148670;;;10;0;0;402331;BRACO C/GRAMPO SUSPE SECU 500DAN;101;EM Entrada mercador.;180035250;1016114;5000256466;1;11/03/2026;18/03/2026;18/03/2026;08:26:01;303;16.346,85;INVT;EST_INV_AME;MDCOSTA;;;;;;;;;303;UN;CDFL - CD FLORES;;0;303;303;AMEN;;;;0;0;0;;0;0;;;B;;;;0;UN;2026;;;S;WE;0;BRL;;;0;0;UN;UN;0;0;;
CDFL;4500143335;;;90;0;0;402373;ESTRIBO BRACO L-EST-01 FOFO 200DAN;101;EM Entrada mercador.;180035527;1007262;5000259159;2;19/03/2026;09/04/2026;09/04/2026;16:15:00;590;6.008,37;INVT;EST_INV_AME;LPEIXOTO;;;;;;;;;590;UN;CDFL - CD FLORES;;0;590;590;AMEN;;;;0;0;0;;0;0;;;B;;;;0;UN;2026;;;S;WE;0;BRL;;;0;0;UN;UN;662,69;485,97;;
CDFL;4500148087;;;20;0;0;402397;CABO ELET NU CA 1/0AWG 53,5 MM2 POPPY;101;EM Entrada mercador.;180035615;1003949;5000260182;1;10/04/2026;16/04/2026;16/04/2026;08:46:38;13.379;387.991,00;INVT;EST_INV_AME;LPEIXOTO;;;;;;;;;13.379;KG;CDFL - CD FLORES;;0;13.379;13.379;AMEN;;;;0;0;0;;0;0;;;B;;;;0;KG;2026;;;S;WE;0;BRL;;;0;0;KG;KG;27.159,37;0;;
CDFL;4500148087;;;20;0;0;402397;CABO ELET NU CA 1/0AWG 53,5 MM2 POPPY;101;EM Entrada mercador.;180035608;1003949;5000260123;1;15/04/2026;15/04/2026;15/04/2026;14:35:18;2.718;78.822,00;INVT;EST_INV_AME;LPEIXOTO;;;;;;;;;2.718;KG;CDFL - CD FLORES;;0;2.718;2.718;AMEN;;;;0;0;0;;0;0;;;B;;;;0;KG;2026;;;S;WE;0;BRL;;;0;0;KG;KG;5.517,54;0;;
CDFL;4500148087;;;20;0;0;402397;CABO ELET NU CA 1/0AWG 53,5 MM2 POPPY;101;EM Entrada mercador.;180035596;1003949;5000260048;1;31/03/2026;15/04/2026;15/04/2026;08:16:41;8.472;245.688,00;INVT;EST_INV_AME;LPEIXOTO;;;;;;;;;8.472;KG;CDFL - CD FLORES;;0;8.472;8.472;AMEN;;;;0;0;0;;0;0;;;B;;;;0;KG;2026;;;S;WE;0;BRL;;;0;0;KG;KG;17.198,16;0;;
CDFL;4500148087;;;20;0;0;402397;CABO ELET NU CA 1/0AWG 53,5 MM2 POPPY;101;EM Entrada mercador.;180035588;1003949;5000260000;2;26/03/2026;14/04/2026;14/04/2026;16:09:21;3.784;109.736,00;INVT;EST_INV_AME;LPEIXOTO;;;;;;;;;3.784;KG;CDFL - CD FLORES;;0;3.784;3.784;AMEN;;;;0;0;0;;0;0;;;B;;;;0;KG;2026;;;S;WE;0;BRL;;;0;0;KG;KG;7.681,52;0;;
CDFL;4500148087;;;20;0;0;402397;CABO ELET NU CA 1/0AWG 53,5 MM2 POPPY;101;EM Entrada mercador.;180035432;1003949;5000257420;2;24/03/2026;30/03/2026;30/03/2026;11:49:50;2.149;62.321,00;INVT;EST_INV_AME;MDCOSTA;;;;;;;;;2.149;KG;CDFL - CD FLORES;;0;2.149;2.149;AMEN;;;;0;0;0;;0;0;;;B;;;;0;KG;2026;;;S;WE;0;BRL;;;0;0;KG;KG;4.362,47;0;;
CDFL;4500148087;;;20;0;0;402397;CABO ELET NU CA 1/0AWG 53,5 MM2 POPPY;101;EM Entrada mercador.;180035147;1003949;5000254693;1;06/03/2026;10/03/2026;10/03/2026;09:55:22;5.114;148.306,00;INVT;EST_INV_AME;MDCOSTA;;;;;;;;;5.114;KG;CDFL - CD FLORES;;0;5.114;5.114;AMEN;;;;0;0;0;;0;0;;;B;;;;0;KG;2026;;;S;WE;0;BRL;;;0;0;KG;KG;10.381,42;0;;
CDFL;4500127058;;;10;0;0;402397;CABO ELET NU CA 1/0AWG 53,5 MM2 POPPY;101;EM Entrada mercador.;180033009;1003949;5000228553;2;15/09/2025;29/09/2025;29/09/2025;08:05:36;882;25.578,00;INVT;EST_INV_AME;MDCOSTA;;;;;;;;;882;KG;CDFL - CD FLORES;;0;882;882;AMEN;;;;0;0;0;;0;0;;;B;;;;0;KG;2025;;;S;WE;0;BRL;;;0;0;KG;KG;1.790,46;0;;
CDFL;4500127058;;;10;0;0;402397;CABO ELET NU CA 1/0AWG 53,5 MM2 POPPY;101;EM Entrada mercador.;180032908;1003949;5000227640;1;12/09/2025;23/09/2025;23/09/2025;09:49:25;1.384;40.136,00;INVT;EST_INV_AME;MDCOSTA;;;;;;;;;1.384;KG;CDFL - CD FLORES;;0;1.384;1.384;AMEN;;;;0;0;0;;0;0;;;B;;;;0;KG;2025;;;S;WE;0;BRL;;;0;0;KG;KG;2.809,52;0;;
CDFL;4500127058;;;10;0;0;402397;CABO ELET NU CA 1/0AWG 53,5 MM2 POPPY;101;EM Entrada mercador.;180032906;1003949;5000227638;2;10/09/2025;23/09/2025;23/09/2025;09:42:33;977;28.333,00;INVT;EST_INV_AME;MDCOSTA;;;;;;;;;977;KG;CDFL - CD FLORES;;0;977;977;AMEN;;;;0;0;0;;0;0;;;B;;;;0;KG;2025;;;S;WE;0;BRL;;;0;0;KG;KG;1.983,31;0;;
CDFL;4500127058;;;10;0;0;402397;CABO ELET NU CA 1/0AWG 53,5 MM2 POPPY;101;EM Entrada mercador.;180032701;1003949;5000224740;1;08/09/2025;11/09/2025;11/09/2025;14:40:32;1.174;34.046,00;INVT;EST_INV_AME;GRIBEIRO;;;;;;;;;1.174;KG;CDFL - CD FLORES;;0;1.174;1.174;AMEN;;;;0;0;0;;0;0;;;B;;;;0;KG;2025;;;S;WE;0;BRL;;;0;0;KG;KG;2.383,22;0;;
CDFL;4500127058;;;10;0;0;402397;CABO ELET NU CA 1/0AWG 53,5 MM2 POPPY;101;EM Entrada mercador.;180032702;1003949;5000224744;2;03/09/2025;11/09/2025;11/09/2025;14:55:12;1.175;34.075,00;INVT;EST_INV_AME;GRIBEIRO;;;;;;;;;1.175;KG;CDFL - CD FLORES;;0;1.175;1.175;AMEN;;;;0;0;0;;0;0;;;B;;;;0;KG;2025;;;S;WE;0;BRL;;;0;0;KG;KG;2.385,25;0;;
CDFL;4500148260;;;30;0;0;402401;PINO ISOLADOR POLIMERICO AC 15KV 200MM;101;EM Entrada mercador.;180036218;1021472;5000266444;3;14/04/2026;29/05/2026;29/05/2026;16:04:31;513; R$ 14.661,54 ;INVT;EST_INV_AME;MDCOSTA;;;;;;;;;513;UN;CDFL - CD FLORES;;0;513;513;AMEN;;;;0;0;0;;0;0;;;B;;;;0;UN;2026;;;S;WE;0;BRL;;;0;0;UN;UN;0;0;;
CDFL;4500142962;;;70;0;0;402401;PINO ISOLADOR POLIMERICO AC 15KV 200MM;101;EM Entrada mercador.;180035638;1021472;5000260646;1;01/04/2026;17/04/2026;17/04/2026;09:51:01;3.481;99.486,98;INVT;EST_INV_AME;LPEIXOTO;;;;;;;;;3.481;UN;CDFL - CD FLORES;;0;3.481;3.481;AMEN;;;;0;0;0;;0;0;;;B;;;;0;UN;2026;;;S;WE;0;BRL;;;0;0;UN;UN;0;0;;
CDFL;4500124896;;;50;0;0;402401;PINO ISOLADOR POLIMERICO AC 15KV 200MM;101;EM Entrada mercador.;180033592;1021472;5000234715;1;07/10/2025;05/11/2025;05/11/2025;10:20:30;2.373;65.565,99;INVT;EST_INV_AME;MDCOSTA;;;;;;;;;2.373;UN;CDFL - CD FLORES;;0;2.373;2.373;AMEN;;;;0;0;0;;0;0;;;B;;;;0;UN;2025;;;S;WE;0;BRL;;;0;0;UN;UN;0;0;;
CDFL;4500124896;;;50;0;0;402401;PINO ISOLADOR POLIMERICO AC 15KV 200MM;101;EM Entrada mercador.;180033216;1021472;5000230688;2;16/09/2025;10/10/2025;10/10/2025;14:20:45;327;9.035,01;INVT;EST_INV_AME;MDCOSTA;;;;;;;;;327;UN;CDFL - CD FLORES;;0;327;327;AMEN;;;;0;0;0;;0;0;;;B;;;;0;UN;2025;;;S;WE;0;BRL;;;0;0;UN;UN;0;0;;
CDFL;4500138328;;;20;0;0;402404;CONECTOR CUNHA LIGA AL AZ 120MM2 4/0AWG;101;EM Entrada mercador.;180035098;1003799;5000254308;2;06/03/2026;06/03/2026;06/03/2026;14:06:27;298;4.167,79;INVT;EST_INV_AME;MDCOSTA;;;;;;;;;298;UN;CDFL - CD FLORES;;0;298;298;AMEN;;;;0;0;0;;0;0;;;B;;;;0;UN;2026;;;S;WE;0;BRL;;;0;0;UN;UN;253,45;547,09;;
CDFL;4500130665;;;10;0;0;402404;CONECTOR CUNHA LIGA AL AZ 120MM2 4/0AWG;101;EM Entrada mercador.;180033955;1003799;5000239657;1;05/11/2025;04/12/2025;04/12/2025;10:23:49;159;2.223,75;INVT;EST_INV_AME;MDCOSTA;;;;;;;;;159;UN;CDFL - CD FLORES;;0;159;159;AMEN;;;;0;0;0;;0;0;;;B;;;;0;UN;2025;;;S;WE;0;BRL;;;0;0;UN;UN;135,23;291,9;;
CDFL;4500126069;;;20;0;0;402407;"TRAFO CRTE 0,6KV;200-5A 0,3C12,5 JANELA";101;EM Entrada mercador.;180034026;1007548;5000240967;2;13/11/2025;11/12/2025;11/12/2025;08:41:01;17;9.784,35;INVT;EST_INV_AME;MDCOSTA;;;;;;;;;17;UN;CDFL - CD FLORES;;0;17;17;AMEN;;;;0;0;0;;0;0;;;B;;;;0;UN;2025;;;S;WE;0;BRL;;;0;0;UN;UN;595;1.284,35;;
CDFL;4500131413;;;20;0;0;402407;"TRAFO CRTE 0,6KV;200-5A 0,3C12,5 JANELA";101;EM Entrada mercador.;180034028;1007548;5000240969;1;13/11/2025;11/12/2025;11/12/2025;08:49:34;45;25.899,75;INVT;EST_INV_AME;MDCOSTA;;;;;;;;;45;UN;CDFL - CD FLORES;;0;45;45;AMEN;;;;0;0;0;;0;0;;;B;;;;0;UN;2025;;;S;WE;0;BRL;;;0;0;UN;UN;1.575,00;3.399,75;;
CDFL;4500116504;;;10;0;0;402423;MED IN 3E 4F 67 120 240V 10A ACL D;101;EM Entrada mercador.;180032482;1006972;5000221819;1;11/08/2025;27/08/2025;27/08/2025;10:35:16;95;502.260,84;INVT;EST_INV_AME;MDCOSTA;;;;;;;;;95;UN;CDFL - CD FLORES;;0;95;95;AMEN;;;;0;0;0;;0;0;;;B;;;;0;UN;2025;;;S;WE;0;BRL;;;0;0;UN;UN;30.543,18;65.929,64;;
CDFL;4500148305;;;40;0;0;402425;POSTE FIBRA VIDRO 15M 600DAN;101;EM Entrada mercador.;180035777;1004058;5000261804;2;10/04/2026;30/04/2026;30/04/2026;10:00:06;5;27.495,52;INVT;EST_INV_AME;MDCOSTA;;;;;;;;;5;UN;CDFL - CD FLORES;;0;5;5;AMEN;;;;0;0;0;;0;0;;;B;;;;0;UN;2026;;;S;WE;0;BRL;;;0;0;UN;UN;1.672,04;3.609,22;;
CDFL;4500147276;;;20;0;0;402425;POSTE FIBRA VIDRO 15M 600DAN;101;EM Entrada mercador.;180035560;1004058;5000259492;1;27/03/2026;13/04/2026;13/04/2026;09:24:15;10;54.991,04;INVT;EST_INV_AME;LPEIXOTO;;;;;;;;;10;UN;CDFL - CD FLORES;;0;10;10;AMEN;;;;0;0;0;;0;0;;;B;;;;0;UN;2026;;;S;WE;0;BRL;;;0;0;UN;UN;3.344,08;7.218,44;;
CDFL;4500145769;;;10;0;0;402433;PARA-RAIO DISTRIB POL 12KV 10KA S/CENT;101;EM Entrada mercador.;180035775;1003412;5000261802;1;26/03/2026;30/04/2026;30/04/2026;09:38:42;797;128.439,74;INVT;EST_INV_AME;MDCOSTA;;;;;;;;;797;UN;CDFL - CD FLORES;;0;797;797;AMEN;;;;0;0;0;;0;0;;;B;;;;0;UN;2026;;;S;WE;0;BRL;;;0;0;UN;UN;7.810,60;16.859,74;;
CDFL;4500137951;;;10;0;0;402433;PARA-RAIO DISTRIB POL 12KV 10KA S/CENT;101;EM Entrada mercador.;180034490;1003412;5000247353;1;12/12/2025;22/01/2026;22/01/2026;15:03:32;1.000;161.154,00;INVT;EST_INV_AME;MDCOSTA;;;;;;;;;1.000;UN;CDFL - CD FLORES;;0;1.000;1.000;AMEN;;;;0;0;0;;0;0;;;B;;;;0;UN;2026;;;S;WE;0;BRL;;;0;0;UN;UN;9.800,00;21.154,00;;
CDFL;4500128926;;;10;0;0;402433;PARA-RAIO DISTRIB POL 12KV 10KA S/CENT;101;EM Entrada mercador.;180033505;1003412;5000234171;1;25/09/2025;28/10/2025;28/10/2025;15:40:25;1.000;161.154,00;INVT;EST_INV_AME;MDCOSTA;;;;;;;;;1.000;UN;CDFL - CD FLORES;;0;1.000;1.000;AMEN;;;;0;0;0;;0;0;;;B;;;;0;UN;2025;;;S;WE;0;BRL;;;0;0;UN;UN;9.800,00;21.154,00;;
CDFL;4500125206;;;10;0;0;402433;PARA-RAIO DISTRIB POL 12KV 10KA S/CENT;101;EM Entrada mercador.;180032746;1003412;5000228262;1;11/08/2025;24/09/2025;24/09/2025;14:58:25;796;128.278,58;INVT;EST_INV_AME;MDCOSTA;;;;;;;;;796;UN;CDFL - CD FLORES;;0;796;796;AMEN;;;;0;0;0;;0;0;;;B;;;;0;UN;2025;;;S;WE;0;BRL;;;0;0;UN;UN;7.800,80;16.838,58;;
CDFL;4500125204;;;10;0;0;402433;PARA-RAIO DISTRIB POL 12KV 10KA S/CENT;101;EM Entrada mercador.;180032964;1003412;5000228277;1;11/08/2025;24/09/2025;24/09/2025;15:07:24;28;4.036,59;INVT;EST_INV_AME;MDCOSTA;;;;;;;;;28;UN;CDFL - CD FLORES;;0;28;28;AMEN;;;;0;0;0;;0;0;;;B;;;;0;UN;2025;;;S;WE;0;BRL;;;0;0;UN;UN;245,47;529,87;;
CDFL;4500134196;;;20;0;0;402447;TRAFO AER 1F 7,96KV 10KVA 240/120V 7TP;101;EM Entrada mercador.;180035438;1003291;5000257476;1;26/03/2026;31/03/2026;31/03/2026;09:54:06;1;5.491,95;INVT;EST_INV_AME;MDCOSTA;;;;;;;;;1;UN;CDFL - CD FLORES;;0;1;1;AMEN;;;;0;0;0;;0;0;;;B;;;;0;UN;2026;;;S;WE;0;BRL;;;0;0;UN;UN;384,44;0;;
CDFL;4500144983;;;110;0;0;402447;TRAFO AER 1F 7,96KV 10KVA 240/120V 7TP;101;EM Entrada mercador.;180035412;1003291;5000257326;1;23/03/2026;26/03/2026;26/03/2026;14:20:12;15;82.379,25;INVT;EST_INV_AME;MDCOSTA;;;;;;;;;15;UN;CDFL - CD FLORES;;0;15;15;AMEN;;;;0;0;0;;0;0;;;B;;;;0;UN;2026;;;S;WE;0;BRL;;;0;0;UN;UN;5.766,55;0;;
CDFL;4500144983;;;20;0;0;402447;TRAFO AER 1F 7,96KV 10KVA 240/120V 7TP;101;EM Entrada mercador.;180035306;1003291;5000256657;1;13/03/2026;19/03/2026;19/03/2026;10:34:40;12;65.903,40;INVT;EST_INV_AME;MDCOSTA;;;;;;;;;12;UN;CDFL - CD FLORES;;0;12;12;AMEN;;;;0;0;0;;0;0;;;B;;;;0;UN;2026;;;S;WE;0;BRL;;;0;0;UN;UN;4.613,24;0;;
CDFL;4500144983;;;20;0;0;402447;TRAFO AER 1F 7,96KV 10KVA 240/120V 7TP;101;EM Entrada mercador.;180035284;1003291;5000256525;1;11/03/2026;18/03/2026;18/03/2026;10:23:49;2;10.983,90;INVT;EST_INV_AME;MDCOSTA;;;;;;;;;2;UN;CDFL - CD FLORES;;0;2;2;AMEN;;;;0;0;0;;0;0;;;B;;;;0;UN;2026;;;S;WE;0;BRL;;;0;0;UN;UN;768,87;0;;
CDFL;4500144983;;;20;0;0;402447;TRAFO AER 1F 7,96KV 10KVA 240/120V 7TP;101;EM Entrada mercador.;180035260;1003291;5000256492;1;16/03/2026;18/03/2026;18/03/2026;09:07:57;1;5.491,95;INVT;EST_INV_AME;MDCOSTA;;;;;;;;;1;UN;CDFL - CD FLORES;;0;1;1;AMEN;;;;0;0;0;;0;0;;;B;;;;0;UN;2026;;;S;WE;0;BRL;;;0;0;UN;UN;384,4;0;;
CDFL;4500134196;;;20;0;0;402447;TRAFO AER 1F 7,96KV 10KVA 240/120V 7TP;101;EM Entrada mercador.;180034220;1003291;5000243961;1;17/12/2025;22/12/2025;22/12/2025;15:06:23;1;5.491,95;INVT;EST_INV_AME;MDCOSTA;;;;;;;;;1;UN;CDFL - CD FLORES;;0;1;1;AMEN;;;;0;0;0;;0;0;;;B;;;;0;UN;2025;;;S;WE;0;BRL;;;0;0;UN;UN;384,44;0;;
CDFL;4500134196;;;20;0;0;402447;TRAFO AER 1F 7,96KV 10KVA 240/120V 7TP;101;EM Entrada mercador.;180034078;1003291;5000241679;1;09/12/2025;15/12/2025;15/12/2025;08:47:02;22;120.822,90;INVT;EST_INV_AME;MDCOSTA;;;;;;;;;22;UN;CDFL - CD FLORES;;0;22;22;AMEN;;;;0;0;0;;0;0;;;B;;;;0;UN;2025;;;S;WE;0;BRL;;;0;0;UN;UN;8.457,60;0;;
CDFL;4500134196;;;20;0;0;402447;TRAFO AER 1F 7,96KV 10KVA 240/120V 7TP;101;EM Entrada mercador.;180034071;1003291;5000241660;1;09/12/2025;15/12/2025;15/12/2025;08:16:39;1;5.491,95;INVT;EST_INV_AME;MDCOSTA;;;;;;;;;1;UN;CDFL - CD FLORES;;0;1;1;AMEN;;;;0;0;0;;0;0;;;B;;;;0;UN;2025;;;S;WE;0;BRL;;;0;0;UN;UN;384,44;0;;
CDFL;4500129073;;;10;0;0;402447;TRAFO AER 1F 7,96KV 10KVA 240/120V 7TP;101;EM Entrada mercador.;180033944;1003291;5000239436;1;21/11/2025;03/12/2025;03/12/2025;10:33:50;15;82.379,25;INVT;EST_INV_AME;MDCOSTA;;;;;;;;;15;UN;CDFL - CD FLORES;;0;15;15;AMEN;;;;0;0;0;;0;0;;;B;;;;0;UN;2025;;;S;WE;0;BRL;;;0;0;UN;UN;5.766,55;0;;
CDFL;4500129073;;;10;0;0;402447;TRAFO AER 1F 7,96KV 10KVA 240/120V 7TP;101;EM Entrada mercador.;180033947;1003291;5000239441;1;02/12/2025;03/12/2025;03/12/2025;10:45:07;4;21.967,80;INVT;EST_INV_AME;MDCOSTA;;;;;;;;;4;UN;CDFL - CD FLORES;;0;4;4;AMEN;;;;0;0;0;;0;0;;;B;;;;0;UN;2025;;;S;WE;0;BRL;;;0;0;UN;UN;1.537,75;0;;
CDFL;4500114957;;;20;0;0;402447;TRAFO AER 1F 7,96KV 10KVA 240/120V 7TP;101;EM Entrada mercador.;180032147;1003291;5000218743;1;31/07/2025;11/08/2025;11/08/2025;10:09:04;7;38.443,65;INVT;EST_INV_AME;MDCOSTA;;;;;;;;;7;UN;CDFL - CD FLORES;;0;7;7;AMEN;;;;0;0;0;;0;0;;;B;;;;0;UN;2025;;;S;WE;0;BRL;;;0;0;UN;UN;2.691,06;0;;
CDFL;4500114957;;;20;0;0;402447;TRAFO AER 1F 7,96KV 10KVA 240/120V 7TP;101;EM Entrada mercador.;180032026;1003291;5000217581;1;28/07/2025;04/08/2025;04/08/2025;09:42:26;13;71.395,35;INVT;EST_INV_AME;MDCOSTA;;;;;;;;;13;UN;CDFL - CD FLORES;;0;13;13;AMEN;;;;0;0;0;;0;0;;;B;;;;0;UN;2025;;;S;WE;0;BRL;;;0;0;UN;UN;4.997,67;0;;
CDFL;4500112240;;;100;0;0;402447;TRAFO AER 1F 7,96KV 10KVA 240/120V 7TP;101;EM Entrada mercador.;180031648;1003291;5000213861;1;03/07/2025;08/07/2025;08/07/2025;15:53:28;2;10.983,90;INVT;EST_INV_AME;MDCOSTA;;;;;;;;;2;UN;CDFL - CD FLORES;;0;2;2;AMEN;;;;0;0;0;;0;0;;;B;;;;0;UN;2025;;;S;WE;0;BRL;;;0;0;UN;UN;768,87;0;;
CDFL;4500112240;;;20;0;0;402447;TRAFO AER 1F 7,96KV 10KVA 240/120V 7TP;101;EM Entrada mercador.;180031607;1003291;5000213297;1;02/07/2025;04/07/2025;04/07/2025;10:08:12;21;115.330,95;INVT;EST_INV_AME;MDCOSTA;;;;;;;;;21;UN;CDFL - CD FLORES;;0;21;21;AMEN;;;;0;0;0;;0;0;;;B;;;;0;UN;2025;;;S;WE;0;BRL;;;0;0;UN;UN;8.073,17;0;;
CDFL;4500148260;;;20;0;0;402448;PARAFUSO OLH AC 5/8P 24P;101;EM Entrada mercador.;180036218;1021472;5000266444;2;14/04/2026;29/05/2026;29/05/2026;16:04:31;120; R$ 3.586,80 ;INVT;EST_INV_AME;MDCOSTA;;;;;;;;;120;UN;CDFL - CD FLORES;;0;120;120;AMEN;;;;0;0;0;;0;0;;;B;;;;0;UN;2026;;;S;WE;0;BRL;;;0;0;UN;UN;0;0;;
CDFL;4500142962;;;30;0;0;402448;PARAFUSO OLH AC 5/8P 24P;101;EM Entrada mercador.;180035586;1021472;5000259982;3;13/03/2026;14/04/2026;14/04/2026;15:44:18;243;7.263,27;INVT;EST_INV_AME;LPEIXOTO;;;;;;;;;243;UN;CDFL - CD FLORES;;0;243;243;AMEN;;;;0;0;0;;0;0;;;B;;;;0;UN;2026;;;S;WE;0;BRL;;;0;0;UN;UN;0;0;;
CDFL;4500126952;;;30;0;0;402448;PARAFUSO OLH AC 5/8P 24P;101;EM Entrada mercador.;180033211;1021472;5000230622;3;16/09/2025;10/10/2025;10/10/2025;10:05:06;40;1.195,60;INVT;EST_INV_AME;MDCOSTA;;;;;;;;;40;UN;CDFL - CD FLORES;;0;40;40;AMEN;;;;0;0;0;;0;0;;;B;;;;0;UN;2025;;;S;WE;0;BRL;;;0;0;UN;UN;0;0;;
CDFL;4500113053;;;40;0;0;402448;PARAFUSO OLH AC 5/8P 24P;101;EM Entrada mercador.;180031789;1021472;5000215736;4;17/06/2025;18/07/2025;18/07/2025;09:07:00;242;7.233,38;INVT;EST_INV_AME;MDCOSTA;;;;;;;;;242;UN;CDFL - CD FLORES;;0;242;242;AMEN;;;;0;0;0;;0;0;;;B;;;;0;UN;2025;;;S;WE;0;BRL;;;0;0;UN;UN;0;0;;
CDFL;4500137967;;;30;0;0;402490;SUPORTE AFAST HORIZ C/PRENSA REDE 15KV;101;EM Entrada mercador.;180035066;1007262;5000253642;3;04/03/2026;04/03/2026;04/03/2026;08:18:44;30;9.906,89;INVT;EST_INV_AME;MDCOSTA;;;;;;;;;30;UN;CDFL - CD FLORES;;0;30;30;AMEN;;;;0;0;0;;0;0;;;B;;;;0;UN;2026;;;S;WE;0;BRL;;;0;0;UN;UN;1.092,67;801,29;;
CDFL;4500113303;;;20;0;0;402490;SUPORTE AFAST HORIZ C/PRENSA REDE 15KV;101;EM Entrada mercador.;180031691;1007262;5000214519;2;23/06/2025;11/07/2025;11/07/2025;10:22:08;34;11.227,81;INVT;EST_INV_AME;MDCOSTA;;;;;;;;;34;UN;CDFL - CD FLORES;;0;34;34;AMEN;;;;0;0;0;;0;0;;;B;;;;0;UN;2025;;;S;WE;0;BRL;;;0;0;UN;UN;1.238,36;908,13;;
CDFL;4500114558;;;20;0;0;402490;SUPORTE AFAST HORIZ C/PRENSA REDE 15KV;101;EM Entrada mercador.;180031692;1007262;5000214521;1;23/06/2025;11/07/2025;11/07/2025;10:26:24;40;13.209,19;INVT;EST_INV_AME;MDCOSTA;;;;;;;;;40;UN;CDFL - CD FLORES;;0;40;40;AMEN;;;;0;0;0;;0;0;;;B;;;;0;UN;2025;;;S;WE;0;BRL;;;0;0;UN;UN;1.456,90;1.068,39;;
CDFL;4500151487;;;40;0;0;402526;POSTE CONC DUPL T 13/400;101;EM Entrada mercador.;180036037;1006698;5000265704;1;20/05/2026;20/05/2026;20/05/2026;11:30:57;4; R$ 8.208,00 ;INVT;EST_INV_AME;LPEIXOTO;;;;;;;;;4;UN;CDFL - CD FLORES;;0;4;4;AMEN;;;;0;0;0;;0;0;;;B;;;;0;UN;2026;;;S;WE;0;BRL;;;0;0;UN;UN;574,56;0;;
CDFL;4500150174;;;50;0;0;402526;POSTE CONC DUPL T 13/400;101;EM Entrada mercador.;180035550;1006698;5000259393;2;06/04/2026;10/04/2026;10/04/2026;15:54:33;3;6.156,00;INVT;EST_INV_AME;LPEIXOTO;;;;;;;;;3;UN;CDFL - CD FLORES;;0;3;3;AMEN;;;;0;0;0;;0;0;;;B;;;;0;UN;2026;;;S;WE;0;BRL;;;0;0;UN;UN;430,92;0;;
CDFL;4500150174;;;60;0;0;402533;POSTE CONC DUPL T 11/1000;101;EM Entrada mercador.;180036052;1006698;5000265832;1;05/05/2026;21/05/2026;21/05/2026;09:06:26;10; R$ 25.350,00 ;INVT;EST_INV_AME;LPEIXOTO;;;;;;;;;10;UN;CDFL - CD FLORES;;0;10;10;AMEN;;;;0;0;0;;0;0;;;B;;;;0;UN;2026;;;S;WE;0;BRL;;;0;0;UN;UN;1.774,50;0;;
CDFL;4500150174;;;60;0;0;402533;POSTE CONC DUPL T 11/1000;101;EM Entrada mercador.;180035821;1006698;5000262426;1;27/04/2026;05/05/2026;05/05/2026;10:02:34;9; R$ 22.815,00 ;INVT;EST_INV_AME;LPEIXOTO;;;;;;;;;9;UN;CDFL - CD FLORES;;0;9;9;AMEN;;;;0;0;0;;0;0;;;B;;;;0;UN;2026;;;S;WE;0;BRL;;;0;0;UN;UN;1.597,05;0;;
CDFL;4500150174;;;60;0;0;402533;POSTE CONC DUPL T 11/1000;101;EM Entrada mercador.;180035817;1006698;5000262405;1;17/04/2026;05/05/2026;05/05/2026;08:30:46;15; R$ 38.025,00 ;INVT;EST_INV_AME;LPEIXOTO;;;;;;;;;15;UN;CDFL - CD FLORES;;0;15;15;AMEN;;;;0;0;0;;0;0;;;B;;;;0;UN;2026;;;S;WE;0;BRL;;;0;0;UN;UN;2.661,75;0;;
CDFL;4500150174;;;60;0;0;402533;POSTE CONC DUPL T 11/1000;101;EM Entrada mercador.;180035707;1006698;5000261548;1;08/04/2026;24/04/2026;24/04/2026;09:59:10;15;38.025,00;INVT;EST_INV_AME;MDCOSTA;;;;;;;;;15;UN;CDFL - CD FLORES;;0;15;15;AMEN;;;;0;0;0;;0;0;;;B;;;;0;UN;2026;;;S;WE;0;BRL;;;0;0;UN;UN;2.661,75;0;;
CDFL;4500131754;;;10;0;0;402533;POSTE CONC DUPL T 11/1000;101;EM Entrada mercador.;180033723;1006698;5000235883;1;04/11/2025;13/11/2025;13/11/2025;14:37:11;20;47.689,21;INVT;EST_INV_AME;MDCOSTA;;;;;;;;;20;UN;CDFL - CD FLORES;;0;20;20;AMEN;;;;0;0;0;;0;0;;;B;;;;0;UN;2025;;;S;WE;0;BRL;;;0;0;UN;UN;3.338,24;0;;
CDFL;4500131754;;;10;0;0;402533;POSTE CONC DUPL T 11/1000;101;EM Entrada mercador.;180033661;1006698;5000235343;1;10/11/2025;11/11/2025;11/11/2025;09:46:22;7;16.691,22;INVT;EST_INV_AME;MDCOSTA;;;;;;;;;7;UN;CDFL - CD FLORES;;0;7;7;AMEN;;;;0;0;0;;0;0;;;B;;;;0;UN;2025;;;S;WE;0;BRL;;;0;0;UN;UN;1.168,39;0;;
CDFL;4500121339;;;30;0;0;402533;POSTE CONC DUPL T 11/1000;101;EM Entrada mercador.;180032006;1006698;5000217417;1;23/07/2025;01/08/2025;01/08/2025;10:33:02;2;4.768,92;INVT;EST_INV_AME;MDCOSTA;;;;;;;;;2;UN;CDFL - CD FLORES;;0;2;2;AMEN;;;;0;0;0;;0;0;;;B;;;;0;UN;2025;;;S;WE;0;BRL;;;0;0;UN;UN;333,82;0;;
CDFL;4500121339;;;30;0;0;402533;POSTE CONC DUPL T 11/1000;101;EM Entrada mercador.;180031596;1006698;5000212779;1;30/06/2025;03/07/2025;03/07/2025;08:43:27;9;21.460,14;INVT;EST_INV_AME;MDCOSTA;;;;;;;;;9;UN;CDFL - CD FLORES;;0;9;9;AMEN;;;;0;0;0;;0;0;;;B;;;;0;UN;2025;;;S;WE;0;BRL;;;0;0;UN;UN;1.502,21;0;;
CDFL;4500111697;;;10;0;0;402554;MEDIDOR/REGIST GRAND SIST ELET MT TRIF;101;EM Entrada mercador.;180032740;1023297;5000225303;1;12/09/2025;12/09/2025;12/09/2025;17:09:47;5;280.000,00;INVT;EST_INV_AME;MDCOSTA;;;;;;;;;5;UN;CDFL - CD FLORES;;0;5;5;AMEN;;;;0;0;0;;0;0;;;B;;;;0;UN;2025;;;S;WE;0;BRL;;;0;0;UN;UN;0;0;;
CDFL;4500115762;;;10;0;0;402554;MEDIDOR/REGIST GRAND SIST ELET MT TRIF;101;EM Entrada mercador.;180032736;1023297;5000225289;1;12/09/2025;12/09/2025;12/09/2025;16:31:15;4;224.000,00;INVT;EST_INV_AME;MDCOSTA;;;;;;;;;4;UN;CDFL - CD FLORES;;0;4;4;AMEN;;;;0;0;0;;0;0;;;B;;;;0;UN;2025;;;S;WE;0;BRL;;;0;0;UN;UN;0;0;;
CDFL;4500145339;;;10;0;0;402587;FITA ISOL EPR 0,76X19MM 10M PT;101;EM Entrada mercador.;180035107;1014880;5000254399;1;09/03/2026;09/03/2026;09/03/2026;08:42:39;1.521;45.521,40;INVT;EST_INV_AME;MDCOSTA;;;;;;;;;1.521;UN;CDFL - CD FLORES;;0;1.521;1.521;AMEN;;;;0;0;0;;0;0;;;B;;;;0;UN;2026;;;S;WE;0;BRL;;;0;0;UN;UN;2.768,22;5.975,40;;
CDFL;4500138006;;;20;0;0;402587;FITA ISOL EPR 0,76X19MM 10M PT;101;EM Entrada mercador.;180034247;1014880;5000244042;2;11/12/2025;24/12/2025;24/12/2025;10:34:21;50;1.496,43;INVT;EST_INV_AME;MDCOSTA;;;;;;;;;50;UN;CDFL - CD FLORES;;0;50;50;AMEN;;;;0;0;0;;0;0;;;B;;;;0;UN;2025;;;S;WE;0;BRL;;;0;0;UN;UN;91;196,43;;
CDFL;4500145002;;;10;0;0;402592;MED EL 3E 4F 120V 120A GD B;101;EM Entrada mercador.;180035774;1008595;5000261800;1;22/04/2026;30/04/2026;30/04/2026;09:00:33;1.647;200.934,00;INVT;EST_INV_AME;MDCOSTA;;;;;;;;;1.647;UN;CDFL - CD FLORES;;0;1.647;1.647;AMEN;;;;0;0;0;;0;0;;;B;;;;0;UN;2026;;;S;WE;0;BRL;;;0;0;UN;UN;40.186,80;0;;
CDFL;4500138410;;;20;0;0;402592;MED EL 3E 4F 120V 120A GD B;101;EM Entrada mercador.;180034680;1008595;5000249323;1;22/01/2026;05/02/2026;05/02/2026;15:18:48;2.759;336.598,00;INVT;EST_INV_AME;MDCOSTA;;;;;;;;;2.759;UN;CDFL - CD FLORES;;0;2.759;2.759;AMEN;;;;0;0;0;;0;0;;;B;;;;0;UN;2026;;;S;WE;0;BRL;;;0;0;UN;UN;67.319,60;0;;
CDFL;4500128599;;;10;0;0;402592;MED EL 3E 4F 120V 120A GD B;101;EM Entrada mercador.;180033678;1008595;5000235525;1;16/10/2025;11/11/2025;11/11/2025;17:15:20;4.100;500.200,00;INVT;EST_INV_AME;MDCOSTA;;;;;;;;;4.100;UN;CDFL - CD FLORES;;0;4.100;4.100;AMEN;;;;0;0;0;;0;0;;;B;;;;0;UN;2025;;;S;WE;0;BRL;;;0;0;UN;UN;100.040,00;0;;
CDFL;4500126388;;;10;0;0;402592;MED EL 3E 4F 120V 120A GD B;101;EM Entrada mercador.;180033306;1008595;5000231966;1;29/09/2025;16/10/2025;16/10/2025;15:40:11;1.097;133.834,00;INVT;EST_INV_AME;MDCOSTA;;;;;;;;;1.097;UN;CDFL - CD FLORES;;0;1.097;1.097;AMEN;;;;0;0;0;;0;0;;;B;;;;0;UN;2025;;;S;WE;0;BRL;;;0;0;UN;UN;26.766,80;0;;
CDFL;4500119381;;;10;0;0;402592;MED EL 3E 4F 120V 120A GD B;101;EM Entrada mercador.;180033304;1008595;5000231959;1;29/09/2025;16/10/2025;16/10/2025;15:30:02;2.700;329.400,00;INVT;EST_INV_AME;MDCOSTA;;;;;;;;;2.700;UN;CDFL - CD FLORES;;0;2.700;2.700;AMEN;;;;0;0;0;;0;0;;;B;;;;0;UN;2025;;;S;WE;0;BRL;;;0;0;UN;UN;65.880,00;0;;
CDFL;4500109703;;;30;0;0;402592;MED EL 3E 4F 120V 120A GD B;101;EM Entrada mercador.;180031961;1003382;5000217008;1;04/07/2025;29/07/2025;29/07/2025;09:22:48;7.060;767.820,75;INVT;EST_INV_AME;MDCOSTA;;;;;;;;;7.060;UN;CDFL - CD FLORES;;0;7.060;7.060;AMEN;;;;0;0;0;;0;0;;;B;;;;0;UN;2025;;;S;WE;0;BRL;;;0;0;UN;UN;84.686,11;62.103,15;;
CDFL;4500119385;;;10;0;0;402617;REGULADOR TENSAO 1F 167 KVA 7,96KV 219A;101;EM Entrada mercador.;180035095;1003334;5000254262;2;06/02/2026;06/03/2026;06/03/2026;10:36:45;2;208.636,88;INVT;EST_INV_AME;MDCOSTA;;;;;;;;;2;UN;CDFL - CD FLORES;;0;2;2;AMEN;;;;0;0;0;;0;0;;;B;;;;0;UN;2026;;;S;WE;0;BRL;;;0;0;UN;UN;12.687,50;27.386,88;;
CDFL;4500119385;;;10;0;0;402617;REGULADOR TENSAO 1F 167 KVA 7,96KV 219A;101;EM Entrada mercador.;180035095;1003334;5000254262;1;06/02/2026;06/03/2026;06/03/2026;10:36:45;4;417.273,75;INVT;EST_INV_AME;MDCOSTA;;;;;;;;;4;UN;CDFL - CD FLORES;;0;4;4;AMEN;;;;0;0;0;;0;0;;;B;;;;0;UN;2026;;;S;WE;0;BRL;;;0;0;UN;UN;25.375,00;54.773,75;;
CDFL;4500150174;;;70;0;0;402624;POSTE CONC DUPL T 13/600;101;EM Entrada mercador.;180035821;1006698;5000262426;2;27/04/2026;05/05/2026;05/05/2026;10:02:34;7; R$ 16.170,00 ;INVT;EST_INV_AME;LPEIXOTO;;;;;;;;;7;UN;CDFL - CD FLORES;;0;7;7;AMEN;;;;0;0;0;;0;0;;;B;;;;0;UN;2026;;;S;WE;0;BRL;;;0;0;UN;UN;1.131,90;0;;
CDFL;4500150174;;;70;0;0;402624;POSTE CONC DUPL T 13/600;101;EM Entrada mercador.;180035814;1006698;5000262403;1;27/04/2026;05/05/2026;05/05/2026;08:17:16;15; R$ 34.650,00 ;INVT;EST_INV_AME;LPEIXOTO;;;;;;;;;15;UN;CDFL - CD FLORES;;0;15;15;AMEN;;;;0;0;0;;0;0;;;B;;;;0;UN;2026;;;S;WE;0;BRL;;;0;0;UN;UN;2.425,50;0;;
CDFL;4500150174;;;70;0;0;402624;POSTE CONC DUPL T 13/600;101;EM Entrada mercador.;180035558;1006698;5000259479;1;09/04/2026;13/04/2026;13/04/2026;09:09:10;15;34.650,00;INVT;EST_INV_AME;LPEIXOTO;;;;;;;;;15;UN;CDFL - CD FLORES;;0;15;15;AMEN;;;;0;0;0;;0;0;;;B;;;;0;UN;2026;;;S;WE;0;BRL;;;0;0;UN;UN;2.425,50;0;;
CDFL;4500150174;;;70;0;0;402624;POSTE CONC DUPL T 13/600;101;EM Entrada mercador.;180035550;1006698;5000259393;3;06/04/2026;10/04/2026;10/04/2026;15:54:33;3;6.930,00;INVT;EST_INV_AME;LPEIXOTO;;;;;;;;;3;UN;CDFL - CD FLORES;;0;3;3;AMEN;;;;0;0;0;;0;0;;;B;;;;0;UN;2026;;;S;WE;0;BRL;;;0;0;UN;UN;485,1;0;;
CDFL;4500117845;;;10;0;0;402627;RELIGADOR 1F AUTOMATICO 15KV 200A 4,2kA;101;EM Entrada mercador.;180034106;1012574;5000242120;1;27/11/2025;16/12/2025;16/12/2025;09:20:32;10;240.579,90;INVT;EST_INV_AME;MDCOSTA;;;;;;;;;10;UN;CDFL - CD FLORES;;0;10;10;AMEN;;;;0;0;0;;0;0;;;B;;;;0;UN;2025;;;S;WE;0;BRL;;;0;0;UN;UN;14.630,00;31.579,90;;
CDFL;4500132863;;;10;0;0;402627;RELIGADOR 1F AUTOMATICO 15KV 200A 4,2kA;101;EM Entrada mercador.;180034105;1012574;5000242118;1;27/11/2025;16/12/2025;16/12/2025;09:12:12;6;144.347,94;INVT;EST_INV_AME;MDCOSTA;;;;;;;;;6;UN;CDFL - CD FLORES;;0;6;6;AMEN;;;;0;0;0;;0;0;;;B;;;;0;UN;2025;;;S;WE;0;BRL;;;0;0;UN;UN;8.778,00;18.947,94;;
CDFL;4500153349;;;10;0;0;402650;POSTE CONCRETO DUPLO T 9 M 600 DAN;101;EM Entrada mercador.;180036265;1006698;5000266916;1;02/06/2026;02/06/2026;02/06/2026;10:41:57;32;47.599,99;INVT;EST_INV_AME;LPEIXOTO;;;;;;;;;32;UN;CDFL - CD FLORES;;0;32;32;AMEN;;;;0;0;0;;0;0;;;B;;;;0;UN;2026;;;S;WE;0;BRL;;;0;0;UN;UN;3.332,00;0;;
CDFL;4500145217;;;30;0;0;402650;POSTE CONCRETO DUPLO T 9 M 600 DAN;101;EM Entrada mercador.;180035593;1006698;5000260443;2;31/03/2026;15/04/2026;16/04/2026;15:28:58;6;8.925,00;INVT;EST_INV_AME;LPEIXOTO;;;;;;;;;6;UN;CDFL - CD FLORES;;0;6;6;AMEN;;;;0;0;0;;0;0;;;B;;;;0;UN;2026;;;S;WE;0;BRL;;;0;0;UN;UN;624,75;0;;
CDFL;4500145217;;;40;0;0;402650;POSTE CONCRETO DUPLO T 9 M 600 DAN;101;EM Entrada mercador.;180035459;1006698;5000257568;1;26/03/2026;01/04/2026;01/04/2026;11:54:06;32;47.600,00;INVT;EST_INV_AME;MDCOSTA;;;;;;;;;32;UN;CDFL - CD FLORES;;0;32;32;AMEN;;;;0;0;0;;0;0;;;B;;;;0;UN;2026;;;S;WE;0;BRL;;;0;0;UN;UN;3.332,00;0;;
CDFL;4500145217;;;40;0;0;402650;POSTE CONCRETO DUPLO T 9 M 600 DAN;101;EM Entrada mercador.;180035139;1006698;5000254632;1;10/03/2026;10/03/2026;10/03/2026;08:27:17;32;47.600,00;INVT;EST_INV_AME;MDCOSTA;;;;;;;;;32;UN;CDFL - CD FLORES;;0;32;32;AMEN;;;;0;0;0;;0;0;;;B;;;;0;UN;2026;;;S;WE;0;BRL;;;0;0;UN;UN;9.520,00;0;;
CDFL;4500145217;;;30;0;0;402650;POSTE CONCRETO DUPLO T 9 M 600 DAN;101;EM Entrada mercador.;180034948;1006698;5000253159;2;24/02/2026;24/02/2026;24/02/2026;14:13:18;12;17.850,00;INVT;EST_INV_AME;MDCOSTA;;;;;;;;;12;UN;CDFL - CD FLORES;;0;12;12;AMEN;;;;0;0;0;;0;0;;;B;;;;0;UN;2026;;;S;WE;0;BRL;;;0;0;UN;UN;9.520,00;0;;
CDFL;4500145217;;;30;0;0;402650;POSTE CONCRETO DUPLO T 9 M 600 DAN;102;EM p/pedido estorno;80055822;1006698;5000253160;2;24/02/2026;24/02/2026;24/02/2026;14:22:47;-12;-17.850,00;INVT;EST_INV_AME;MDCOSTA;;;;;;;;;-12;UN;CDFL - CD FLORES;;0;-12;-12;AMEN;;;;0;0;0;;0;0;;;B;;;;0;UN;2026;;;H;WE;0;BRL;;;0;0;UN;UN;0;0;;
CDFL;4500138262;;;50;0;0;402650;POSTE CONCRETO DUPLO T 9 M 600 DAN;101;EM Entrada mercador.;180034906;1006698;5000252726;1;23/02/2026;23/02/2026;23/02/2026;08:30:34;10;14.875,00;INVT;EST_INV_AME;MDCOSTA;;;;;;;;;10;UN;CDFL - CD FLORES;;0;10;10;AMEN;;;;0;0;0;;0;0;;;B;;;;0;UN;2026;;;S;WE;0;BRL;;;0;0;UN;UN;2.975,00;0;;
CDFL;4500145204;;;10;0;0;402650;POSTE CONCRETO DUPLO T 9 M 600 DAN;101;EM Entrada mercador.;180034867;1006698;5000252016;1;20/02/2026;20/02/2026;20/02/2026;08:34:57;12;17.850,00;INVT;EST_INV_AME;MDCOSTA;;;;;;;;;12;UN;CDFL - CD FLORES;;0;12;12;AMEN;;;;0;0;0;;0;0;;;B;;;;0;UN;2026;;;S;WE;0;BRL;;;0;0;UN;UN;3.570,00;0;;
CDFL;4500145217;;;30;0;0;402650;POSTE CONCRETO DUPLO T 9 M 600 DAN;101;EM Entrada mercador.;180034892;1006698;5000252293;2;12/02/2026;20/02/2026;20/02/2026;15:24:44;12;17.850,00;INVT;EST_INV_AME;MDCOSTA;;;;;;;;;12;UN;CDFL - CD FLORES;;0;12;12;AMEN;;;;0;0;0;;0;0;;;B;;;;0;UN;2026;;;S;WE;0;BRL;;;0;0;UN;UN;1.249,50;0;;
CDFL;4500145217;;;30;0;0;402650;POSTE CONCRETO DUPLO T 9 M 600 DAN;101;EM Entrada mercador.;180034819;1006698;5000251544;1;11/02/2026;16/02/2026;16/02/2026;07:08:13;20;29.750,00;INVT;EST_INV_AME;MDCOSTA;;;;;;;;;20;UN;CDFL - CD FLORES;;0;20;20;AMEN;;;;0;0;0;;0;0;;;B;;;;0;UN;2026;;;S;WE;0;BRL;;;0;0;UN;UN;2.082,50;0;;
CDFL;4500138262;;;50;0;0;402650;POSTE CONCRETO DUPLO T 9 M 600 DAN;101;EM Entrada mercador.;180034679;1006698;5000249284;1;05/02/2026;05/02/2026;05/02/2026;14:49:26;32;47.600,00;INVT;EST_INV_AME;MDCOSTA;;;;;;;;;32;UN;CDFL - CD FLORES;;0;32;32;AMEN;;;;0;0;0;;0;0;;;B;;;;0;UN;2026;;;S;WE;0;BRL;;;0;0;UN;UN;9.520,00;0;;
CDFL;4500138262;;;50;0;0;402650;POSTE CONCRETO DUPLO T 9 M 600 DAN;101;EM Entrada mercador.;180034688;1006698;5000249371;1;05/02/2026;05/02/2026;05/02/2026;17:27:19;23;34.212,50;INVT;EST_INV_AME;MDCOSTA;;;;;;;;;23;UN;CDFL - CD FLORES;;0;23;23;AMEN;;;;0;0;0;;0;0;;;B;;;;0;UN;2026;;;S;WE;0;BRL;;;0;0;UN;UN;6.842,50;0;;
CDFL;4500138262;;;50;0;0;402650;POSTE CONCRETO DUPLO T 9 M 600 DAN;101;EM Entrada mercador.;180034595;1006698;5000248132;1;29/01/2026;29/01/2026;29/01/2026;14:20:39;32;47.600,00;INVT;EST_INV_AME;MDCOSTA;;;;;;;;;32;UN;CDFL - CD FLORES;;0;32;32;AMEN;;;;0;0;0;;0;0;;;B;;;;0;UN;2026;;;S;WE;0;BRL;;;0;0;UN;UN;9.520,00;0;;
CDFL;4500138262;;;50;0;0;402650;POSTE CONCRETO DUPLO T 9 M 600 DAN;101;EM Entrada mercador.;180034496;1006698;5000247466;1;23/01/2026;23/01/2026;23/01/2026;08:02:35;1;1.487,50;INVT;EST_INV_AME;MDCOSTA;;;;;;;;;1;UN;CDFL - CD FLORES;;0;1;1;AMEN;;;;0;0;0;;0;0;;;B;;;;0;UN;2026;;;S;WE;0;BRL;;;0;0;UN;UN;297,5;0;;
CDFL;4500138262;;;50;0;0;402650;POSTE CONCRETO DUPLO T 9 M 600 DAN;101;EM Entrada mercador.;180034342;1006698;5000244369;2;22/12/2025;31/12/2025;31/12/2025;08:33:12;26;38.675,00;INVT;EST_INV_AME;MDCOSTA;;;;;;;;;26;UN;CDFL - CD FLORES;;0;26;26;AMEN;;;;0;0;0;;0;0;;;B;;;;0;UN;2025;;;S;WE;0;BRL;;;0;0;UN;UN;2.707,25;0;;
CDFL;4500138262;;;50;0;0;402650;POSTE CONCRETO DUPLO T 9 M 600 DAN;101;EM Entrada mercador.;180034255;1006698;5000244066;1;18/12/2025;29/12/2025;29/12/2025;08:07:49;32;47.600,00;INVT;EST_INV_AME;MDCOSTA;;;;;;;;;32;UN;CDFL - CD FLORES;;0;32;32;AMEN;;;;0;0;0;;0;0;;;B;;;;0;UN;2025;;;S;WE;0;BRL;;;0;0;UN;UN;3.332,00;0;;
CDFL;4500133065;;;20;0;0;402650;POSTE CONCRETO DUPLO T 9 M 600 DAN;101;EM Entrada mercador.;180033728;1006698;5000235990;1;31/10/2025;14/11/2025;14/11/2025;08:53:54;32;47.600,00;INVT;EST_INV_AME;MDCOSTA;;;;;;;;;32;UN;CDFL - CD FLORES;;0;32;32;AMEN;;;;0;0;0;;0;0;;;B;;;;0;UN;2025;;;S;WE;0;BRL;;;0;0;UN;UN;3.332,00;0;;
CDFL;4500133065;;;20;0;0;402650;POSTE CONCRETO DUPLO T 9 M 600 DAN;101;EM Entrada mercador.;180033660;1006698;5000235341;1;10/11/2025;11/11/2025;11/11/2025;09:43:37;18;26.775,00;INVT;EST_INV_AME;MDCOSTA;;;;;;;;;18;UN;CDFL - CD FLORES;;0;18;18;AMEN;;;;0;0;0;;0;0;;;B;;;;0;UN;2025;;;S;WE;0;BRL;;;0;0;UN;UN;1.874,25;0;;
CDFL;4500124104;;;10;0;0;402650;POSTE CONCRETO DUPLO T 9 M 600 DAN;101;EM Entrada mercador.;180032692;1006698;5000224657;1;29/08/2025;11/09/2025;11/09/2025;09:51:41;3;4.462,50;INVT;EST_INV_AME;MDCOSTA;;;;;;;;;3;UN;CDFL - CD FLORES;;0;3;3;AMEN;;;;0;0;0;;0;0;;;B;;;;0;UN;2025;;;S;WE;0;BRL;;;0;0;UN;UN;312,37;0;;
CDFL;4500124104;;;10;0;0;402650;POSTE CONCRETO DUPLO T 9 M 600 DAN;101;EM Entrada mercador.;180032394;1006698;5000220908;1;13/08/2025;22/08/2025;22/08/2025;09:09:50;24;35.700,00;INVT;EST_INV_AME;MDCOSTA;;;;;;;;;24;UN;CDFL - CD FLORES;;0;24;24;AMEN;;;;0;0;0;;0;0;;;B;;;;0;UN;2025;;;S;WE;0;BRL;;;0;0;UN;UN;2.499,00;0;;
CDFL;4500124104;;;10;0;0;402650;POSTE CONCRETO DUPLO T 9 M 600 DAN;101;EM Entrada mercador.;180032302;1006698;5000219357;1;12/08/2025;15/08/2025;15/08/2025;09:11:32;23;34.212,50;INVT;EST_INV_AME;MDCOSTA;;;;;;;;;23;UN;CDFL - CD FLORES;;0;23;23;AMEN;;;;0;0;0;;0;0;;;B;;;;0;UN;2025;;;S;WE;0;BRL;;;0;0;UN;UN;2.394,87;0;;
CDFL;4500121322;;;10;0;0;402650;POSTE CONCRETO DUPLO T 9 M 600 DAN;101;EM Entrada mercador.;180032008;1006698;5000217421;1;22/07/2025;01/08/2025;01/08/2025;10:42:48;32;47.600,00;INVT;EST_INV_AME;MDCOSTA;;;;;;;;;32;UN;CDFL - CD FLORES;;0;32;32;AMEN;;;;0;0;0;;0;0;;;B;;;;0;UN;2025;;;S;WE;0;BRL;;;0;0;UN;UN;3.332,00;0;;
CDFL;4500121322;;;10;0;0;402650;POSTE CONCRETO DUPLO T 9 M 600 DAN;101;EM Entrada mercador.;180032007;1006698;5000217418;1;23/07/2025;01/08/2025;01/08/2025;10:36:52;13;19.337,50;INVT;EST_INV_AME;MDCOSTA;;;;;;;;;13;UN;CDFL - CD FLORES;;0;13;13;AMEN;;;;0;0;0;;0;0;;;B;;;;0;UN;2025;;;S;WE;0;BRL;;;0;0;UN;UN;1.353,62;0;;
CDFL;4500121322;;;10;0;0;402650;POSTE CONCRETO DUPLO T 9 M 600 DAN;101;EM Entrada mercador.;180031597;1006698;5000212785;1;30/06/2025;03/07/2025;03/07/2025;08:47:34;5;7.437,50;INVT;EST_INV_AME;MDCOSTA;;;;;;;;;5;UN;CDFL - CD FLORES;;0;5;5;AMEN;;;;0;0;0;;0;0;;;B;;;;0;UN;2025;;;S;WE;0;BRL;;;0;0;UN;UN;520,62;0;;
CDFL;4500144413;;;160;0;0;402660;ELO FUSIVEL DISTRIB H 2A 500MM;101;EM Entrada mercador.;180035525;1024046;5000259506;16;27/03/2026;13/04/2026;13/04/2026;10:22:31;143;844,44;INVT;EST_INV_AME;LPEIXOTO;;;;;;;;;143;UN;CDFL - CD FLORES;;0;143;143;AMEN;;;;0;0;0;;0;0;;;B;;;;0;UN;2026;;;S;WE;0;BRL;;;0;0;UN;UN;51,35;110,85;;
CDFL;4500138201;;;30;0;0;402660;ELO FUSIVEL DISTRIB H 2A 500MM;101;EM Entrada mercador.;180034643;1024046;5000248527;3;20/01/2026;02/02/2026;02/02/2026;11:00:03;330;1.948,70;INVT;EST_INV_AME;MDCOSTA;;;;;;;;;330;UN;CDFL - CD FLORES;;0;330;330;AMEN;;;;0;0;0;;0;0;;;B;;;;0;UN;2026;;;S;WE;0;BRL;;;0;0;UN;UN;118,5;255,8;;
CDFL;4500144413;;;120;0;0;402733;ELO FUSIVEL H 1A 500MM;101;EM Entrada mercador.;180035525;1024046;5000259506;12;27/03/2026;13/04/2026;13/04/2026;10:22:31;611;3.608,04;INVT;EST_INV_AME;LPEIXOTO;;;;;;;;;611;UN;CDFL - CD FLORES;;0;611;611;AMEN;;;;0;0;0;;0;0;;;B;;;;0;UN;2026;;;S;WE;0;BRL;;;0;0;UN;UN;219,41;473,61;;
CDFL;4500144413;;;140;0;0;402741;ELO FUSIVEL BOTAO K 6A 500MM;101;EM Entrada mercador.;180035525;1024046;5000259506;14;27/03/2026;13/04/2026;13/04/2026;10:22:31;113;673,78;INVT;EST_INV_AME;LPEIXOTO;;;;;;;;;113;UN;CDFL - CD FLORES;;0;113;113;AMEN;;;;0;0;0;;0;0;;;B;;;;0;UN;2026;;;S;WE;0;BRL;;;0;0;UN;UN;40,97;88,44;;
CDFL;4500138201;;;10;0;0;402741;ELO FUSIVEL BOTAO K 6A 500MM;101;EM Entrada mercador.;180034643;1024046;5000248527;1;20/01/2026;02/02/2026;02/02/2026;11:00:03;530;3.160,23;INVT;EST_INV_AME;MDCOSTA;;;;;;;;;530;UN;CDFL - CD FLORES;;0;530;530;AMEN;;;;0;0;0;;0;0;;;B;;;;0;UN;2026;;;S;WE;0;BRL;;;0;0;UN;UN;192,18;414,83;;
CDFL;4500149684;;;10;0;0;402816;MED IN 3E 4F 120 240V 10A TB GD C;101;EM Entrada mercador.;180036054;1003382;5000265846;1;21/05/2026;21/05/2026;21/05/2026;09:36:02;268; R$ 169.381,15 ;INVT;EST_INV_AME;LPEIXOTO;;;;;;;;;268;UN;CDFL - CD FLORES;;0;268;268;AMEN;;;;0;0;0;;0;0;;;B;;;;0;UN;2026;;;S;WE;0;BRL;;;0;0;UN;UN;18.681,74;13.699,95;;
CDFL;4500116571;;;10;0;0;402816;MED IN 3E 4F 120 240V 10A TB GD C;101;EM Entrada mercador.;180032304;1003382;5000219360;1;29/07/2025;15/08/2025;15/08/2025;09:22:41;130;82.162,50;INVT;EST_INV_AME;MDCOSTA;;;;;;;;;130;UN;CDFL - CD FLORES;;0;130;130;AMEN;;;;0;0;0;;0;0;;;B;;;;0;UN;2025;;;S;WE;0;BRL;;;0;0;UN;UN;9.062,04;6.645,50;;
CDFL;4500148493;;;20;0;0;402824;MED EL 1E 2F 120V 100A GD B;101;EM Entrada mercador.;180036197;1009535;5000266399;1;08/05/2026;29/05/2026;29/05/2026;08:36:14;960; R$ 57.600,00 ;INVT;EST_INV_AME;MDCOSTA;;;;;;;;;960;UN;CDFL - CD FLORES;;0;960;960;AMEN;;;;0;0;0;;0;0;;;B;;;;0;UN;2026;;;S;WE;0;BRL;;;0;0;UN;UN;4.032,00;0;;
CDFL;4500148493;;;20;0;0;402824;MED EL 1E 2F 120V 100A GD B;101;EM Entrada mercador.;180036125;1009535;5000266281;1;08/05/2026;27/05/2026;27/05/2026;09:27:47;960; R$ 57.600,00 ;INVT;EST_INV_AME;MDCOSTA;;;;;;;;;960;UN;CDFL - CD FLORES;;0;960;960;AMEN;;;;0;0;0;;0;0;;;B;;;;0;UN;2026;;;S;WE;0;BRL;;;0;0;UN;UN;4.032,00;0;;
CDFL;4500148493;;;20;0;0;402824;MED EL 1E 2F 120V 100A GD B;101;EM Entrada mercador.;180036126;1009535;5000266282;1;08/05/2026;27/05/2026;27/05/2026;09:30:06;960; R$ 57.600,00 ;INVT;EST_INV_AME;MDCOSTA;;;;;;;;;960;UN;CDFL - CD FLORES;;0;960;960;AMEN;;;;0;0;0;;0;0;;;B;;;;0;UN;2026;;;S;WE;0;BRL;;;0;0;UN;UN;4.032,00;0;;
CDFL;4500148493;;;20;0;0;402824;MED EL 1E 2F 120V 100A GD B;101;EM Entrada mercador.;180036124;1009535;5000266280;1;08/05/2026;27/05/2026;27/05/2026;09:25:32;960; R$ 57.600,00 ;INVT;EST_INV_AME;MDCOSTA;;;;;;;;;960;UN;CDFL - CD FLORES;;0;960;960;AMEN;;;;0;0;0;;0;0;;;B;;;;0;UN;2026;;;S;WE;0;BRL;;;0;0;UN;UN;4.032,00;0;;
CDFL;4500148493;;;20;0;0;402824;MED EL 1E 2F 120V 100A GD B;101;EM Entrada mercador.;180036122;1009535;5000266279;1;08/05/2026;27/05/2026;27/05/2026;09:20:17;960; R$ 57.600,00 ;INVT;EST_INV_AME;MDCOSTA;;;;;;;;;960;UN;CDFL - CD FLORES;;0;960;960;AMEN;;;;0;0;0;;0;0;;;B;;;;0;UN;2026;;;S;WE;0;BRL;;;0;0;UN;UN;4.032,00;0;;
CDFL;4500148493;;;20;0;0;402824;MED EL 1E 2F 120V 100A GD B;101;EM Entrada mercador.;180036121;1009535;5000266278;1;08/05/2026;27/05/2026;27/05/2026;09:16:40;960; R$ 57.600,00 ;INVT;EST_INV_AME;MDCOSTA;;;;;;;;;960;UN;CDFL - CD FLORES;;0;960;960;AMEN;;;;0;0;0;;0;0;;;B;;;;0;UN;2026;;;S;WE;0;BRL;;;0;0;UN;UN;4.032,00;0;;
CDFL;4500148493;;;20;0;0;402824;MED EL 1E 2F 120V 100A GD B;101;EM Entrada mercador.;180036127;1009535;5000266283;1;08/05/2026;27/05/2026;27/05/2026;09:32:19;960; R$ 57.600,00 ;INVT;EST_INV_AME;MDCOSTA;;;;;;;;;960;UN;CDFL - CD FLORES;;0;960;960;AMEN;;;;0;0;0;;0;0;;;B;;;;0;UN;2026;;;S;WE;0;BRL;;;0;0;UN;UN;4.032,00;0;;
CDFL;4500148493;;;20;0;0;402824;MED EL 1E 2F 120V 100A GD B;101;EM Entrada mercador.;180036128;1009535;5000266284;1;08/05/2026;27/05/2026;27/05/2026;09:34:32;960; R$ 57.600,00 ;INVT;EST_INV_AME;MDCOSTA;;;;;;;;;960;UN;CDFL - CD FLORES;;0;960;960;AMEN;;;;0;0;0;;0;0;;;B;;;;0;UN;2026;;;S;WE;0;BRL;;;0;0;UN;UN;4.032,00;0;;
CDFL;4500148493;;;20;0;0;402824;MED EL 1E 2F 120V 100A GD B;101;EM Entrada mercador.;180036120;1009535;5000266277;1;08/05/2026;27/05/2026;27/05/2026;09:13:43;960; R$ 57.600,00 ;INVT;EST_INV_AME;MDCOSTA;;;;;;;;;960;UN;CDFL - CD FLORES;;0;960;960;AMEN;;;;0;0;0;;0;0;;;B;;;;0;UN;2026;;;S;WE;0;BRL;;;0;0;UN;UN;4.032,00;0;;
CDFL;4500148493;;;20;0;0;402824;MED EL 1E 2F 120V 100A GD B;101;EM Entrada mercador.;180036118;1009535;5000266275;1;08/05/2026;27/05/2026;27/05/2026;09:08:59;960; R$ 57.600,00 ;INVT;EST_INV_AME;MDCOSTA;;;;;;;;;960;UN;CDFL - CD FLORES;;0;960;960;AMEN;;;;0;0;0;;0;0;;;B;;;;0;UN;2026;;;S;WE;0;BRL;;;0;0;UN;UN;4.032,00;0;;
CDFL;4500148493;;;20;0;0;402824;MED EL 1E 2F 120V 100A GD B;101;EM Entrada mercador.;180036119;1009535;5000266276;1;08/05/2026;27/05/2026;27/05/2026;09:11:11;960; R$ 57.600,00 ;INVT;EST_INV_AME;MDCOSTA;;;;;;;;;960;UN;CDFL - CD FLORES;;0;960;960;AMEN;;;;0;0;0;;0;0;;;B;;;;0;UN;2026;;;S;WE;0;BRL;;;0;0;UN;UN;4.032,00;0;;
CDFL;4500126386;;;10;0;0;402824;MED EL 1E 2F 120V 100A GD B;101;EM Entrada mercador.;180033301;1009535;5000231950;1;23/09/2025;16/10/2025;16/10/2025;15:10:06;4.114;246.840,00;INVT;EST_INV_AME;MDCOSTA;;;;;;;;;4.114;UN;CDFL - CD FLORES;;0;4.114;4.114;AMEN;;;;0;0;0;;0;0;;;B;;;;0;UN;2025;;;S;WE;0;BRL;;;0;0;UN;UN;17.278,80;0;;
CDFL;4500119379;;;10;0;0;402824;MED EL 1E 2F 120V 100A GD B;101;EM Entrada mercador.;180032894;1009535;5000227517;1;27/08/2025;22/09/2025;22/09/2025;16:38:38;3.450;207.000,00;INVT;EST_INV_AME;MDCOSTA;;;;;;;;;3.450;UN;CDFL - CD FLORES;;0;3.450;3.450;AMEN;;;;0;0;0;;0;0;;;B;;;;0;UN;2025;;;S;WE;0;BRL;;;0;0;UN;UN;14.490,00;0;;
CDFL;4500116577;;;10;0;0;402824;MED EL 1E 2F 120V 100A GD B;101;EM Entrada mercador.;180032089;1003382;5000218007;5;07/07/2025;07/08/2025;07/08/2025;11:07:03;1.000;57.587,84;INVT;EST_INV_AME;MDCOSTA;;;;;;;;;1.000;UN;CDFL - CD FLORES;;0;1.000;1.000;AMEN;;;;0;0;0;;0;0;;;B;;;;0;UN;2025;;;S;WE;0;BRL;;;0;0;UN;UN;6.351,60;4.657,84;;
CDFL;4500116577;;;10;0;0;402824;MED EL 1E 2F 120V 100A GD B;101;EM Entrada mercador.;180032089;1003382;5000218007;4;07/07/2025;07/08/2025;07/08/2025;11:07:03;1.000;57.587,84;INVT;EST_INV_AME;MDCOSTA;;;;;;;;;1.000;UN;CDFL - CD FLORES;;0;1.000;1.000;AMEN;;;;0;0;0;;0;0;;;B;;;;0;UN;2025;;;S;WE;0;BRL;;;0;0;UN;UN;6.351,60;4.657,84;;
CDFL;4500116577;;;10;0;0;402824;MED EL 1E 2F 120V 100A GD B;101;EM Entrada mercador.;180032089;1003382;5000218007;3;07/07/2025;07/08/2025;07/08/2025;11:07:03;1.000;57.587,84;INVT;EST_INV_AME;MDCOSTA;;;;;;;;;1.000;UN;CDFL - CD FLORES;;0;1.000;1.000;AMEN;;;;0;0;0;;0;0;;;B;;;;0;UN;2025;;;S;WE;0;BRL;;;0;0;UN;UN;6.351,60;4.657,84;;
CDFL;4500116577;;;10;0;0;402824;MED EL 1E 2F 120V 100A GD B;101;EM Entrada mercador.;180032089;1003382;5000218007;6;07/07/2025;07/08/2025;07/08/2025;11:07:03;1.000;57.587,84;INVT;EST_INV_AME;MDCOSTA;;;;;;;;;1.000;UN;CDFL - CD FLORES;;0;1.000;1.000;AMEN;;;;0;0;0;;0;0;;;B;;;;0;UN;2025;;;S;WE;0;BRL;;;0;0;UN;UN;6.351,60;4.657,84;;
CDFL;4500116577;;;10;0;0;402824;MED EL 1E 2F 120V 100A GD B;101;EM Entrada mercador.;180032089;1003382;5000218007;7;07/07/2025;07/08/2025;07/08/2025;11:07:03;1.000;57.587,84;INVT;EST_INV_AME;MDCOSTA;;;;;;;;;1.000;UN;CDFL - CD FLORES;;0;1.000;1.000;AMEN;;;;0;0;0;;0;0;;;B;;;;0;UN;2025;;;S;WE;0;BRL;;;0;0;UN;UN;6.351,60;4.657,84;;
CDFL;4500116577;;;10;0;0;402824;MED EL 1E 2F 120V 100A GD B;101;EM Entrada mercador.;180032089;1003382;5000218007;2;07/07/2025;07/08/2025;07/08/2025;11:07:03;940;54.132,57;INVT;EST_INV_AME;MDCOSTA;;;;;;;;;940;UN;CDFL - CD FLORES;;0;940;940;AMEN;;;;0;0;0;;0;0;;;B;;;;0;UN;2025;;;S;WE;0;BRL;;;0;0;UN;UN;5.970,50;4.378,37;;
CDFL;4500116577;;;10;0;0;402824;MED EL 1E 2F 120V 100A GD B;101;EM Entrada mercador.;180032089;1003382;5000218007;1;07/07/2025;07/08/2025;07/08/2025;11:07:03;1.000;57.587,84;INVT;EST_INV_AME;MDCOSTA;;;;;;;;;1.000;UN;CDFL - CD FLORES;;0;1.000;1.000;AMEN;;;;0;0;0;;0;0;;;B;;;;0;UN;2025;;;S;WE;0;BRL;;;0;0;UN;UN;6.351,60;4.657,84;;
CDFL;4500145217;;;20;0;0;402847;POSTE CONC DUPL T 9 M 300 DAN;101;EM Entrada mercador.;180035710;1006698;5000261554;1;14/04/2026;24/04/2026;24/04/2026;10:15:53;29;31.921,75;INVT;EST_INV_AME;MDCOSTA;;;;;;;;;29;UN;CDFL - CD FLORES;;0;29;29;AMEN;;;;0;0;0;;0;0;;;B;;;;0;UN;2026;;;S;WE;0;BRL;;;0;0;UN;UN;2.234,52;0;;
CDFL;4500145217;;;20;0;0;402847;POSTE CONC DUPL T 9 M 300 DAN;101;EM Entrada mercador.;180035593;1006698;5000260443;1;31/03/2026;15/04/2026;16/04/2026;15:28:58;26;28.619,50;INVT;EST_INV_AME;LPEIXOTO;;;;;;;;;26;UN;CDFL - CD FLORES;;0;26;26;AMEN;;;;0;0;0;;0;0;;;B;;;;0;UN;2026;;;S;WE;0;BRL;;;0;0;UN;UN;2.003,36;0;;
CDFL;4500145217;;;20;0;0;402847;POSTE CONC DUPL T 9 M 300 DAN;101;EM Entrada mercador.;180035397;1006698;5000257307;1;24/03/2026;26/03/2026;26/03/2026;09:30:00;32;35.224,00;INVT;EST_INV_AME;MDCOSTA;;;;;;;;;32;UN;CDFL - CD FLORES;;0;32;32;AMEN;;;;0;0;0;;0;0;;;B;;;;0;UN;2026;;;S;WE;0;BRL;;;0;0;UN;UN;2.465,68;0;;
CDFL;4500145217;;;10;0;0;402847;POSTE CONC DUPL T 9 M 300 DAN;101;EM Entrada mercador.;180035315;1006698;5000256892;1;20/03/2026;20/03/2026;20/03/2026;10:20:03;32;35.224,00;INVT;EST_INV_AME;MDCOSTA;;;;;;;;;32;UN;CDFL - CD FLORES;;0;32;32;AMEN;;;;0;0;0;;0;0;;;B;;;;0;UN;2026;;;S;WE;0;BRL;;;0;0;UN;UN;7.044,80;0;;
CDFL;4500145217;;;20;0;0;402847;POSTE CONC DUPL T 9 M 300 DAN;101;EM Entrada mercador.;180035330;1006698;5000256959;1;20/03/2026;20/03/2026;20/03/2026;15:40:18;32;35.224,00;INVT;EST_INV_AME;MDCOSTA;;;;;;;;;32;UN;CDFL - CD FLORES;;0;32;32;AMEN;;;;0;0;0;;0;0;;;B;;;;0;UN;2026;;;S;WE;0;BRL;;;0;0;UN;UN;7.044,80;0;;
CDFL;4500145217;;;10;0;0;402847;POSTE CONC DUPL T 9 M 300 DAN;101;EM Entrada mercador.;180034948;1006698;5000253159;1;24/02/2026;24/02/2026;24/02/2026;14:13:18;20;22.015,00;INVT;EST_INV_AME;MDCOSTA;;;;;;;;;20;UN;CDFL - CD FLORES;;0;20;20;AMEN;;;;0;0;0;;0;0;;;B;;;;0;UN;2026;;;S;WE;0;BRL;;;0;0;UN;UN;7.044,80;0;;
CDFL;4500145217;;;10;0;0;402847;POSTE CONC DUPL T 9 M 300 DAN;102;EM p/pedido estorno;80055822;1006698;5000253160;1;24/02/2026;24/02/2026;24/02/2026;14:22:47;-20;-22.015,00;INVT;EST_INV_AME;MDCOSTA;;;;;;;;;-20;UN;CDFL - CD FLORES;;0;-20;-20;AMEN;;;;0;0;0;;0;0;;;B;;;;0;UN;2026;;;H;WE;0;BRL;;;0;0;UN;UN;0;0;;
CDFL;4500145217;;;10;0;0;402847;POSTE CONC DUPL T 9 M 300 DAN;101;EM Entrada mercador.;180034892;1006698;5000252293;1;12/02/2026;20/02/2026;20/02/2026;15:24:44;20;22.015,00;INVT;EST_INV_AME;MDCOSTA;;;;;;;;;20;UN;CDFL - CD FLORES;;0;20;20;AMEN;;;;0;0;0;;0;0;;;B;;;;0;UN;2026;;;S;WE;0;BRL;;;0;0;UN;UN;1.541,05;0;;
CDFL;4500145217;;;10;0;0;402847;POSTE CONC DUPL T 9 M 300 DAN;101;EM Entrada mercador.;180034818;1006698;5000251543;1;11/02/2026;15/02/2026;15/02/2026;07:23:50;32;35.224,00;INVT;EST_INV_AME;MDCOSTA;;;;;;;;;32;UN;CDFL - CD FLORES;;0;32;32;AMEN;;;;0;0;0;;0;0;;;B;;;;0;UN;2026;;;S;WE;0;BRL;;;0;0;UN;UN;2.465,68;0;;
CDFL;4500138262;;;60;0;0;402847;POSTE CONC DUPL T 9 M 300 DAN;101;EM Entrada mercador.;180034688;1006698;5000249371;2;05/02/2026;05/02/2026;05/02/2026;17:27:19;7;7.705,25;INVT;EST_INV_AME;MDCOSTA;;;;;;;;;7;UN;CDFL - CD FLORES;;0;7;7;AMEN;;;;0;0;0;;0;0;;;B;;;;0;UN;2026;;;S;WE;0;BRL;;;0;0;UN;UN;1.541,05;0;;
CDFL;4500138262;;;60;0;0;402847;POSTE CONC DUPL T 9 M 300 DAN;101;EM Entrada mercador.;180034678;1006698;5000249265;1;05/02/2026;05/02/2026;05/02/2026;14:40:03;32;35.224,00;INVT;EST_INV_AME;MDCOSTA;;;;;;;;;32;UN;CDFL - CD FLORES;;0;32;32;AMEN;;;;0;0;0;;0;0;;;B;;;;0;UN;2026;;;S;WE;0;BRL;;;0;0;UN;UN;7.044,80;0;;
CDFL;4500138262;;;60;0;0;402847;POSTE CONC DUPL T 9 M 300 DAN;101;EM Entrada mercador.;180034621;1006698;5000248341;1;30/01/2026;30/01/2026;30/01/2026;15:15:47;32;35.224,00;INVT;EST_INV_AME;MDCOSTA;;;;;;;;;32;UN;CDFL - CD FLORES;;0;32;32;AMEN;;;;0;0;0;;0;0;;;B;;;;0;UN;2026;;;S;WE;0;BRL;;;0;0;UN;UN;7.044,80;0;;
CDFL;4500138262;;;60;0;0;402847;POSTE CONC DUPL T 9 M 300 DAN;102;EM p/pedido estorno;80054802;1006698;5000248115;1;29/01/2026;29/01/2026;29/01/2026;10:21:47;-10;-11.007,50;INVT;EST_INV_AME;MDCOSTA;;;;;;;;;-10;UN;CDFL - CD FLORES;;0;-10;-10;AMEN;;;;0;0;0;;0;0;;;B;;;;0;UN;2026;;;H;WE;0;BRL;;;0;0;UN;UN;0;0;;
CDFL;4500138262;;;60;0;0;402847;POSTE CONC DUPL T 9 M 300 DAN;101;EM Entrada mercador.;180034581;1006698;5000248091;1;29/01/2026;29/01/2026;29/01/2026;08:20:10;10;11.007,50;INVT;EST_INV_AME;MDCOSTA;;;;;;;;;10;UN;CDFL - CD FLORES;;0;10;10;AMEN;;;;0;0;0;;0;0;;;B;;;;0;UN;2026;;;S;WE;0;BRL;;;0;0;UN;UN;7.044,80;0;;
CDFL;4500138262;;;60;0;0;402847;POSTE CONC DUPL T 9 M 300 DAN;101;EM Entrada mercador.;180034496;1006698;5000247466;2;23/01/2026;23/01/2026;23/01/2026;08:02:35;31;34.123,25;INVT;EST_INV_AME;MDCOSTA;;;;;;;;;31;UN;CDFL - CD FLORES;;0;31;31;AMEN;;;;0;0;0;;0;0;;;B;;;;0;UN;2026;;;S;WE;0;BRL;;;0;0;UN;UN;6.824,65;0;;
CDFL;4500138262;;;60;0;0;402847;POSTE CONC DUPL T 9 M 300 DAN;101;EM Entrada mercador.;180034457;1006698;5000246712;1;21/01/2026;21/01/2026;21/01/2026;10:31:35;32;35.224,00;INVT;EST_INV_AME;MDCOSTA;;;;;;;;;32;UN;CDFL - CD FLORES;;0;32;32;AMEN;;;;0;0;0;;0;0;;;B;;;;0;UN;2026;;;S;WE;0;BRL;;;0;0;UN;UN;7.044,80;0;;
CDFL;4500138262;;;60;0;0;402847;POSTE CONC DUPL T 9 M 300 DAN;101;EM Entrada mercador.;180034342;1006698;5000244369;1;22/12/2025;31/12/2025;31/12/2025;08:33:12;6;6.604,50;INVT;EST_INV_AME;MDCOSTA;;;;;;;;;6;UN;CDFL - CD FLORES;;0;6;6;AMEN;;;;0;0;0;;0;0;;;B;;;;0;UN;2025;;;S;WE;0;BRL;;;0;0;UN;UN;462,31;0;;
CDFL;4500138262;;;60;0;0;402847;POSTE CONC DUPL T 9 M 300 DAN;101;EM Entrada mercador.;180034254;1006698;5000244065;1;18/12/2025;29/12/2025;29/12/2025;08:04:37;32;35.224,00;INVT;EST_INV_AME;MDCOSTA;;;;;;;;;32;UN;CDFL - CD FLORES;;0;32;32;AMEN;;;;0;0;0;;0;0;;;B;;;;0;UN;2025;;;S;WE;0;BRL;;;0;0;UN;UN;2.465,68;0;;
CDFL;4500124104;;;20;0;0;402847;POSTE CONC DUPL T 9 M 300 DAN;101;EM Entrada mercador.;180032692;1006698;5000224657;2;29/08/2025;11/09/2025;11/09/2025;09:51:41;10;11.007,50;INVT;EST_INV_AME;MDCOSTA;;;;;;;;;10;UN;CDFL - CD FLORES;;0;10;10;AMEN;;;;0;0;0;;0;0;;;B;;;;0;UN;2025;;;S;WE;0;BRL;;;0;0;UN;UN;770,52;0;;
CDFL;4500124104;;;20;0;0;402847;POSTE CONC DUPL T 9 M 300 DAN;101;EM Entrada mercador.;180032415;1006698;5000221319;1;18/08/2025;25/08/2025;25/08/2025;10:47:37;32;35.224,00;INVT;EST_INV_AME;MDCOSTA;;;;;;;;;32;UN;CDFL - CD FLORES;;0;32;32;AMEN;;;;0;0;0;;0;0;;;B;;;;0;UN;2025;;;S;WE;0;BRL;;;0;0;UN;UN;2.465,68;0;;
CDFL;4500124104;;;20;0;0;402847;POSTE CONC DUPL T 9 M 300 DAN;101;EM Entrada mercador.;180032394;1006698;5000220908;2;13/08/2025;22/08/2025;22/08/2025;09:09:50;8;8.806,00;INVT;EST_INV_AME;MDCOSTA;;;;;;;;;8;UN;CDFL - CD FLORES;;0;8;8;AMEN;;;;0;0;0;;0;0;;;B;;;;0;UN;2025;;;S;WE;0;BRL;;;0;0;UN;UN;616,42;0;;
CDFL;4500121322;;;20;0;0;402847;POSTE CONC DUPL T 9 M 300 DAN;101;EM Entrada mercador.;180032303;1006698;5000219358;1;12/08/2025;15/08/2025;15/08/2025;09:16:03;9;9.906,75;INVT;EST_INV_AME;MDCOSTA;;;;;;;;;9;UN;CDFL - CD FLORES;;0;9;9;AMEN;;;;0;0;0;;0;0;;;B;;;;0;UN;2025;;;S;WE;0;BRL;;;0;0;UN;UN;693,47;0;;
CDFL;4500121322;;;20;0;0;402847;POSTE CONC DUPL T 9 M 300 DAN;101;EM Entrada mercador.;180032195;1006698;5000218961;1;06/08/2025;12/08/2025;12/08/2025;07:41:57;32;35.224,00;INVT;EST_INV_AME;MDCOSTA;;;;;;;;;32;UN;CDFL - CD FLORES;;0;32;32;AMEN;;;;0;0;0;;0;0;;;B;;;;0;UN;2025;;;S;WE;0;BRL;;;0;0;UN;UN;2.465,68;0;;
CDFL;4500121322;;;20;0;0;402847;POSTE CONC DUPL T 9 M 300 DAN;101;EM Entrada mercador.;180032115;1006698;5000218273;1;31/07/2025;07/08/2025;07/08/2025;16:25:01;32;35.224,00;INVT;EST_INV_AME;MDCOSTA;;;;;;;;;32;UN;CDFL - CD FLORES;;0;32;32;AMEN;;;;0;0;0;;0;0;;;B;;;;0;UN;2025;;;S;WE;0;BRL;;;0;0;UN;UN;2.465,68;0;;
CDFL;4500121322;;;20;0;0;402847;POSTE CONC DUPL T 9 M 300 DAN;101;EM Entrada mercador.;180031597;1006698;5000212785;2;30/06/2025;03/07/2025;03/07/2025;08:47:34;2;2.201,50;INVT;EST_INV_AME;MDCOSTA;;;;;;;;;2;UN;CDFL - CD FLORES;;0;2;2;AMEN;;;;0;0;0;;0;0;;;B;;;;0;UN;2025;;;S;WE;0;BRL;;;0;0;UN;UN;154,1;0;;
CDFL;4500143335;;;240;0;0;402875;SUPORTE TIPO T PARA CHAVE/PARA-RAIO;101;EM Entrada mercador.;180035527;1007262;5000259159;13;19/03/2026;09/04/2026;09/04/2026;16:15:00;22;2.076,45;INVT;EST_INV_AME;LPEIXOTO;;;;;;;;;22;UN;CDFL - CD FLORES;;0;22;22;AMEN;;;;0;0;0;;0;0;;;B;;;;0;UN;2026;;;S;WE;0;BRL;;;0;0;UN;UN;229,02;167,95;;
CDFL;4500137967;;;50;0;0;402875;SUPORTE TIPO T PARA CHAVE/PARA-RAIO;101;EM Entrada mercador.;180035066;1007262;5000253642;5;04/03/2026;04/03/2026;04/03/2026;08:18:44;30;2.831,52;INVT;EST_INV_AME;MDCOSTA;;;;;;;;;30;UN;CDFL - CD FLORES;;0;30;30;AMEN;;;;0;0;0;;0;0;;;B;;;;0;UN;2026;;;S;WE;0;BRL;;;0;0;UN;UN;312,3;229,02;;
CDFL;4500132618;;;20;0;0;403077;MED EL 3E 4F 120 240V 120A TB GD C;101;EM Entrada mercador.;180034702;1003382;5000249465;1;23/12/2025;06/02/2026;06/02/2026;11:12:05;280;152.929,28;INVT;EST_INV_AME;MDCOSTA;;;;;;;;;280;UN;CDFL - CD FLORES;;0;280;280;AMEN;;;;0;0;0;;0;0;;;B;;;;0;UN;2026;;;S;WE;0;BRL;;;0;0;UN;UN;16.867,20;12.369,28;;
CDFL;4500127956;;;10;0;0;403077;MED EL 3E 4F 120 240V 120A TB GD C;101;EM Entrada mercador.;180034461;1003382;5000246803;1;04/11/2025;21/01/2026;21/01/2026;14:26:05;237;129.443,71;INVT;EST_INV_AME;MDCOSTA;;;;;;;;;237;UN;CDFL - CD FLORES;;0;237;237;AMEN;;;;0;0;0;;0;0;;;B;;;;0;UN;2026;;;S;WE;0;BRL;;;0;0;UN;UN;14.276,88;10.469,71;;
CDFL;4500106547;;;10;0;0;403103;BUCHA CONDENSIVA POLIMERICA 138KV 1250A;101;EM Entrada mercador.;180034325;1004735;5000244339;1;05/12/2025;30/12/2025;30/12/2025;16:37:00;6;1.466.288,74;INVT;EST_INV_AME;MDCOSTA;;;;;;;;;6;UN;CDFL - CD FLORES;;0;6;6;AMEN;;;;0;0;0;;0;0;;;B;;;;0;UN;2025;;;S;WE;0;BRL;;;0;0;UN;UN;49.204,32;236.180,74;;
CDFL;4500152676;;;10;0;0;403120;FITA ISOL ELET 19MMX20M 0,19MM BR;101;EM Entrada mercador.;180035818;1003818;5000262409;4;27/04/2026;05/05/2026;05/05/2026;09:10:16;150; R$ 8.016,00 ;INVT;EST_INV_AME;LPEIXOTO;;;;;;;;;150;UN;CDFL - CD FLORES;;0;150;150;AMEN;;;;0;0;0;;0;0;;;B;;;;0;UN;2026;;;S;WE;0;BRL;;;0;0;UN;UN;0;0;;
CDFL;4500135718;;;20;0;0;403120;FITA ISOL ELET 19MMX20M 0,19MM BR;101;EM Entrada mercador.;180034699;1003818;5000249609;1;03/02/2026;09/02/2026;09/02/2026;10:58:39;2;106,88;INVT;EST_INV_AME;MDCOSTA;;;;;;;;;2;UN;CDFL - CD FLORES;;0;2;2;AMEN;;;;0;0;0;;0;0;;;B;;;;0;UN;2026;;;S;WE;0;BRL;;;0;0;UN;UN;0;0;;
CDFL;4500133218;;;20;0;0;403120;FITA ISOL ELET 19MMX20M 0,19MM BR;101;EM Entrada mercador.;180034691;1003818;5000249374;2;28/01/2026;05/02/2026;05/02/2026;17:41:49;59;3.152,96;INVT;EST_INV_AME;MDCOSTA;;;;;;;;;59;UN;CDFL - CD FLORES;;0;59;59;AMEN;;;;0;0;0;;0;0;;;B;;;;0;UN;2026;;;S;WE;0;BRL;;;0;0;UN;UN;0;0;;
CDFL;4500135718;;;20;0;0;403120;FITA ISOL ELET 19MMX20M 0,19MM BR;101;EM Entrada mercador.;180034692;1003818;5000249375;2;28/01/2026;05/02/2026;05/02/2026;17:44:19;48;2.565,12;INVT;EST_INV_AME;MDCOSTA;;;;;;;;;48;UN;CDFL - CD FLORES;;0;48;48;AMEN;;;;0;0;0;;0;0;;;B;;;;0;UN;2026;;;S;WE;0;BRL;;;0;0;UN;UN;0;0;;
CDFL;4500151897;;;10;0;0;403121;FITA ISOLANTE ELET PVC 19X0,19MM 20M PT;101;EM Entrada mercador.;180036031;1009313;5000265654;1;20/05/2026;20/05/2026;20/05/2026;10:04:37;1.700; R$ 22.504,01 ;INVT;EST_INV_AME;LPEIXOTO;;;;;;;;;1.700;UN;CDFL - CD FLORES;;0;1.700;1.700;AMEN;;;;0;0;0;;0;0;;;B;;;;0;UN;2026;;;S;WE;0;BRL;;;0;0;UN;UN;1.368,50;2.954,01;;
CDFL;4500135717;;;10;0;0;403121;FITA ISOLANTE ELET PVC 19X0,19MM 20M PT;101;EM Entrada mercador.;180034122;1014880;5000243173;1;06/11/2025;17/12/2025;17/12/2025;07:37:59;200;4.979,66;INVT;EST_INV_AME;MDCOSTA;;;;;;;;;200;UN;CDFL - CD FLORES;;0;200;200;AMEN;;;;0;0;0;;0;0;;;B;;;;0;UN;2025;;;S;WE;0;BRL;;;0;0;UN;UN;302,82;653,66;;
CDFL;4500133221;;;10;0;0;403121;FITA ISOLANTE ELET PVC 19X0,19MM 20M PT;101;EM Entrada mercador.;180033682;1014880;5000235529;1;21/10/2025;11/11/2025;11/11/2025;17:30:36;100;2.489,83;INVT;EST_INV_AME;MDCOSTA;;;;;;;;;100;UN;CDFL - CD FLORES;;0;100;100;AMEN;;;;0;0;0;;0;0;;;B;;;;0;UN;2025;;;S;WE;0;BRL;;;0;0;UN;UN;151,41;326,83;;
CDFL;4500132842;;;10;0;0;403121;FITA ISOLANTE ELET PVC 19X0,19MM 20M PT;101;EM Entrada mercador.;180033308;1014880;5000231995;1;03/10/2025;16/10/2025;16/10/2025;16:21:40;200;4.979,66;INVT;EST_INV_AME;MDCOSTA;;;;;;;;;200;UN;CDFL - CD FLORES;;0;200;200;AMEN;;;;0;0;0;;0;0;;;B;;;;0;UN;2025;;;S;WE;0;BRL;;;0;0;UN;UN;302,82;653,66;;
CDFL;4500144461;;;10;0;0;403161;PONTALETE FBV 100MM 6M;101;EM Entrada mercador.;180035116;1007001;5000254417;1;12/02/2026;09/03/2026;09/03/2026;09:49:33;780;266.457,32;INVT;EST_INV_AME;MDCOSTA;;;;;;;;;780;UN;CDFL - CD FLORES;;0;780;780;AMEN;;;;0;0;0;;0;0;;;B;;;;0;UN;2026;;;S;WE;0;BRL;;;0;0;UN;UN;16.203,64;34.976,72;;
CDFL;4500138894;;;10;0;0;403161;PONTALETE FBV 100MM 6M;101;EM Entrada mercador.;180034535;1007001;5000247787;1;17/12/2025;27/01/2026;27/01/2026;07:55:51;480;163.973,73;INVT;EST_INV_AME;MDCOSTA;;;;;;;;;480;UN;CDFL - CD FLORES;;0;480;480;AMEN;;;;0;0;0;;0;0;;;B;;;;0;UN;2026;;;S;WE;0;BRL;;;0;0;UN;UN;9.971,47;21.524,13;;
CDFL;4500145786;;;20;0;0;403182;CONECTOR CHAVE SEC 1P FACA CU 10-300MM2;101;EM Entrada mercador.;180035769;1003799;5000261795;2;18/03/2026;30/04/2026;30/04/2026;08:16:39;1.000;214.403,89;INVT;EST_INV_AME;MDCOSTA;;;;;;;;;1.000;UN;CDFL - CD FLORES;;0;1.000;1.000;AMEN;;;;0;0;0;;0;0;;;B;;;;0;UN;2026;;;S;WE;0;BRL;;;0;0;UN;UN;13.038,20;28.143,89;;
CDFL;4500138306;;;30;0;0;403182;CONECTOR CHAVE SEC 1P FACA CU 10-300MM2;101;EM Entrada mercador.;180035324;1003799;5000256938;1;20/03/2026;20/03/2026;20/03/2026;14:43:21;468;100.341,02;INVT;EST_INV_AME;MDCOSTA;;;;;;;;;468;UN;CDFL - CD FLORES;;0;468;468;AMEN;;;;0;0;0;;0;0;;;B;;;;0;UN;2026;;;S;WE;0;BRL;;;0;0;UN;UN;6.101,88;13.171,34;;
CDFL;4500116511;;;10;0;0;403182;CONECTOR CHAVE SEC 1P FACA CU 10-300MM2;101;EM Entrada mercador.;180031881;1003799;5000216750;1;23/06/2025;24/07/2025;24/07/2025;10:57:10;1.725;369.846,69;INVT;EST_INV_AME;MDCOSTA;;;;;;;;;1.725;UN;CDFL - CD FLORES;;0;1.725;1.725;AMEN;;;;0;0;0;;0;0;;;B;;;;0;UN;2025;;;S;WE;0;BRL;;;0;0;UN;UN;22.490,90;48.548,20;;
CDFL;4500152676;;;20;0;0;403275;FITA ISOL ELET 19MMX20M 0,19MM AZ;101;EM Entrada mercador.;180035818;1003818;5000262409;1;27/04/2026;05/05/2026;05/05/2026;09:10:16;150; R$ 8.016,00 ;INVT;EST_INV_AME;LPEIXOTO;;;;;;;;;150;UN;CDFL - CD FLORES;;0;150;150;AMEN;;;;0;0;0;;0;0;;;B;;;;0;UN;2026;;;S;WE;0;BRL;;;0;0;UN;UN;0;0;;
CDFL;4500133218;;;10;0;0;403275;FITA ISOL ELET 19MMX20M 0,19MM AZ;101;EM Entrada mercador.;180034691;1003818;5000249374;1;28/01/2026;05/02/2026;05/02/2026;17:41:49;59;3.152,96;INVT;EST_INV_AME;MDCOSTA;;;;;;;;;59;UN;CDFL - CD FLORES;;0;59;59;AMEN;;;;0;0;0;;0;0;;;B;;;;0;UN;2026;;;S;WE;0;BRL;;;0;0;UN;UN;0;0;;
CDFL;4500135718;;;10;0;0;403275;FITA ISOL ELET 19MMX20M 0,19MM AZ;101;EM Entrada mercador.;180034692;1003818;5000249375;1;28/01/2026;05/02/2026;05/02/2026;17:44:19;50;2.672,00;INVT;EST_INV_AME;MDCOSTA;;;;;;;;;50;UN;CDFL - CD FLORES;;0;50;50;AMEN;;;;0;0;0;;0;0;;;B;;;;0;UN;2026;;;S;WE;0;BRL;;;0;0;UN;UN;0;0;;
CDFL;4500150232;;;10;0;0;403306;MARCADOR IND PLAS 60ML MET ESF 3MM AM;101;EM Entrada mercador.;180035463;1008610;5000257805;1;27/03/2026;02/04/2026;02/04/2026;08:39:37;120;2.268,00;INVT;EST_INV_AME;MDCOSTA;;;;;;;;;120;UN;CDFL - CD FLORES;;0;120;120;AMEN;;;;0;0;0;;0;0;;;B;;;;0;UN;2026;;;S;WE;0;BRL;;;0;0;UN;UN;453,6;0;;
CDFL;4500150388;;;150;0;0;403323;CABO ELET FLEX 2X1,5MM2 0,6/1KV;101;EM Entrada mercador.;180035698;1003949;5000261484;6;15/04/2026;23/04/2026;23/04/2026;16:13:25;2.492;9.992,92;INVT;EST_INV_AME;MDCOSTA;;;;;;;;;2.492;M;CDFL - CD FLORES;;0;2.492;2.492;AMEN;;;;0;0;0;;0;0;;;B;;;;0;M;2026;;;S;WE;0;BRL;;;0;0;M;M;699,5;0;;
CDFL;4500150388;;;150;0;0;403323;CABO ELET FLEX 2X1,5MM2 0,6/1KV;101;EM Entrada mercador.;180035698;1003949;5000261484;5;15/04/2026;23/04/2026;23/04/2026;16:13:25;10.000;40.100,01;INVT;EST_INV_AME;MDCOSTA;;;;;;;;;10.000;M;CDFL - CD FLORES;;0;10.000;10.000;AMEN;;;;0;0;0;;0;0;;;B;;;;0;M;2026;;;S;WE;0;BRL;;;0;0;M;M;2.807,00;0;;
CDFL;4500132264;;;10;0;0;403327;DISJUNTOR 2P 127/220V 400VCA 32A;101;EM Entrada mercador.;180033235;1003624;5000230806;1;03/10/2025;13/10/2025;13/10/2025;10:13:11;950;15.390,00;INVT;EST_INV_AME;MDCOSTA;;;;;;;;;950;UN;CDFL - CD FLORES;;0;950;950;AMEN;;;;0;0;0;;0;0;;;B;;;;0;UN;2025;;;S;WE;0;BRL;;;0;0;UN;UN;0;0;;
CDFL;4500132618;;;30;0;0;403337;MED EL 3E 4F 120V 200A TB GD B;101;EM Entrada mercador.;180034900;1003382;5000252679;1;23/02/2026;23/02/2026;23/02/2026;08:06:12;743;768.611,51;INVT;EST_INV_AME;MDCOSTA;;;;;;;;;743;UN;CDFL - CD FLORES;;0;743;743;AMEN;;;;0;0;0;;0;0;;;B;;;;0;UN;2026;;;S;WE;0;BRL;;;0;0;UN;UN;84.773,33;62.167,11;;
CDFL;4500127956;;;20;0;0;403337;MED EL 3E 4F 120V 200A TB GD B;101;EM Entrada mercador.;180034460;1003382;5000246802;1;22/11/2025;21/01/2026;21/01/2026;14:22:52;711;735.508,45;INVT;EST_INV_AME;MDCOSTA;;;;;;;;;711;UN;CDFL - CD FLORES;;0;711;711;AMEN;;;;0;0;0;;0;0;;;B;;;;0;UN;2026;;;S;WE;0;BRL;;;0;0;UN;UN;81.122,26;59.489,65;;
CDFL;4500123188;;;20;0;0;403337;MED EL 3E 4F 120V 200A TB GD B;101;EM Entrada mercador.;180033346;1003382;5000232284;1;29/09/2025;20/10/2025;20/10/2025;08:13:55;860;889.644,54;INVT;EST_INV_AME;MDCOSTA;;;;;;;;;860;UN;CDFL - CD FLORES;;0;860;860;AMEN;;;;0;0;0;;0;0;;;B;;;;0;UN;2025;;;S;WE;0;BRL;;;0;0;UN;UN;98.122,56;71.956,54;;
CDFL;4500132264;;;20;0;0;403371;DISJUNTOR 3P 127/220V 400VCA 40A;101;EM Entrada mercador.;180033235;1003624;5000230806;2;03/10/2025;13/10/2025;13/10/2025;10:13:11;114;2.790,72;INVT;EST_INV_AME;MDCOSTA;;;;;;;;;114;UN;CDFL - CD FLORES;;0;114;114;AMEN;;;;0;0;0;;0;0;;;B;;;;0;UN;2025;;;S;WE;0;BRL;;;0;0;UN;UN;0;0;;
CDFL;4500152676;;;30;0;0;403377;FITA ISOL ELET 19MMX20M 0,19MM VD;101;EM Entrada mercador.;180035818;1003818;5000262409;2;27/04/2026;05/05/2026;05/05/2026;09:10:16;216; R$ 11.543,04 ;INVT;EST_INV_AME;LPEIXOTO;;;;;;;;;216;UN;CDFL - CD FLORES;;0;216;216;AMEN;;;;0;0;0;;0;0;;;B;;;;0;UN;2026;;;S;WE;0;BRL;;;0;0;UN;UN;0;0;;
CDFL;4500135718;;;30;0;0;403377;FITA ISOL ELET 19MMX20M 0,19MM VD;101;EM Entrada mercador.;180034692;1003818;5000249375;3;28/01/2026;05/02/2026;05/02/2026;17:44:19;60;3.206,40;INVT;EST_INV_AME;MDCOSTA;;;;;;;;;60;UN;CDFL - CD FLORES;;0;60;60;AMEN;;;;0;0;0;;0;0;;;B;;;;0;UN;2026;;;S;WE;0;BRL;;;0;0;UN;UN;0;0;;
CDFL;4500145246;;;10;0;0;403390;PRENSA CABO PVC 1P;101;EM Entrada mercador.;180035947;1012258;5000263423;1;26/03/2026;14/05/2026;14/05/2026;07:56:18;3.938; R$ 34.088,40 ;INVT;EST_INV_AME;LPEIXOTO;;;;;;;;;3.938;UN;CDFL - CD FLORES;;0;3.938;3.938;AMEN;;;;0;0;0;;0;0;;;B;;;;0;UN;2026;;;S;WE;0;BRL;;;0;0;UN;UN;2.072,96;4.474,64;;
CDFL;4500132907;;;10;0;0;403390;PRENSA CABO PVC 1P;101;EM Entrada mercador.;180034667;1012258;5000248893;1;12/01/2026;04/02/2026;04/02/2026;15:26:48;13.200;114.262,79;INVT;EST_INV_AME;MDCOSTA;;;;;;;;;13.200;UN;CDFL - CD FLORES;;0;13.200;13.200;AMEN;;;;0;0;0;;0;0;;;B;;;;0;UN;2026;;;S;WE;0;BRL;;;0;0;UN;UN;6.948,48;14.998,79;;
CDFL;4500152676;;;40;0;0;403407;FITA ISOL ELET 19MMX20M 0,19MM VM;101;EM Entrada mercador.;180035818;1003818;5000262409;3;27/04/2026;05/05/2026;05/05/2026;09:10:16;140; R$ 7.481,60 ;INVT;EST_INV_AME;LPEIXOTO;;;;;;;;;140;UN;CDFL - CD FLORES;;0;140;140;AMEN;;;;0;0;0;;0;0;;;B;;;;0;UN;2026;;;S;WE;0;BRL;;;0;0;UN;UN;0;0;;
CDFL;4500133218;;;30;0;0;403407;FITA ISOL ELET 19MMX20M 0,19MM VM;101;EM Entrada mercador.;180034691;1003818;5000249374;3;28/01/2026;05/02/2026;05/02/2026;17:41:49;39;2.084,16;INVT;EST_INV_AME;MDCOSTA;;;;;;;;;39;UN;CDFL - CD FLORES;;0;39;39;AMEN;;;;0;0;0;;0;0;;;B;;;;0;UN;2026;;;S;WE;0;BRL;;;0;0;UN;UN;0;0;;
CDFL;4500135718;;;40;0;0;403407;FITA ISOL ELET 19MMX20M 0,19MM VM;101;EM Entrada mercador.;180034692;1003818;5000249375;4;28/01/2026;05/02/2026;05/02/2026;17:44:19;60;3.206,40;INVT;EST_INV_AME;MDCOSTA;;;;;;;;;60;UN;CDFL - CD FLORES;;0;60;60;AMEN;;;;0;0;0;;0;0;;;B;;;;0;UN;2026;;;S;WE;0;BRL;;;0;0;UN;UN;0;0;;
CDFL;4500125477;;;10;0;0;403409;RELIGADOR 3F AUTOMATICO 15KV 630A 12,5kA;101;EM Entrada mercador.;180033968;1009114;5000239787;1;24/10/2025;05/12/2025;05/12/2025;08:56:26;2;132.087,88;INVT;EST_INV_AME;MDCOSTA;;;;;;;;;2;UN;CDFL - CD FLORES;;0;2;2;AMEN;;;;0;0;0;;0;0;;;B;;;;0;UN;2025;;;S;WE;0;BRL;;;0;0;UN;UN;4.432,48;21.275,90;;
CDFL;4500150121;;;10;0;0;403499;ABRACADEIRA PLAS 300 X 4,80MM;101;EM Entrada mercador.;180035503;1012974;5000258597;1;24/03/2026;08/04/2026;08/04/2026;14:28:00;210.400;38.750,63;INVT;EST_INV_AME;LPEIXOTO;;;;;;;;;210.400;UN;CDFL - CD FLORES;;0;210.400;210.400;AMEN;;;;0;0;0;;0;0;;;B;;;;0;UN;2026;;;S;WE;0;BRL;;;0;0;UN;UN;2.356,48;5.086,63;;
CDFL;4500147685;;;20;0;0;403499;ABRACADEIRA PLAS 300 X 4,80MM;101;EM Entrada mercador.;180035119;1012974;5000254428;2;09/03/2026;09/03/2026;09/03/2026;10:15:32;55.500;10.221,77;INVT;EST_INV_AME;MDCOSTA;;;;;;;;;55.500;UN;CDFL - CD FLORES;;0;55.500;55.500;AMEN;;;;0;0;0;;0;0;;;B;;;;0;UN;2026;;;S;WE;0;BRL;;;0;0;UN;UN;621,6;1.341,77;;
CDFL;4500135716;;;20;0;0;403499;ABRACADEIRA PLAS 300 X 4,80MM;101;EM Entrada mercador.;180034508;1012974;5000247521;2;16/12/2025;23/01/2026;23/01/2026;11:50:21;80;14,73;INVT;EST_INV_AME;MDCOSTA;;;;;;;;;80;UN;CDFL - CD FLORES;;0;80;80;AMEN;;;;0;0;0;;0;0;;;B;;;;0;UN;2026;;;S;WE;0;BRL;;;0;0;UN;UN;0,9;1,93;;
CDFL;4500140317;;;10;0;0;403499;ABRACADEIRA PLAS 300 X 4,80MM;101;EM Entrada mercador.;180034507;1012974;5000247503;1;16/12/2025;23/01/2026;23/01/2026;11:35:22;39.000;7.182,86;INVT;EST_INV_AME;MDCOSTA;;;;;;;;;39.000;UN;CDFL - CD FLORES;;0;39.000;39.000;AMEN;;;;0;0;0;;0;0;;;B;;;;0;UN;2026;;;S;WE;0;BRL;;;0;0;UN;UN;436,8;942,86;;
CDFL;4500126296;;;10;0;0;403513;ENVELOPE DE PLAST COM FECHO DE SEG;101;EM Entrada mercador.;180033136;1009099;5000230002;1;12/09/2025;07/10/2025;07/10/2025;09:16:00;10.000;50.072,85;INVT;EST_INV_AME;MDCOSTA;;;;;;;;;10.000;UN;CDFL - CD FLORES;;0;10.000;10.000;AMEN;;;;0;0;0;;0;0;;;B;;;;0;UN;2025;;;S;WE;0;BRL;;;0;0;UN;UN;3.045,00;6.572,85;;
CDFL;4500150279;;;20;0;0;403574;CABO AL CONCENTRICO 3F 3X95+95MM2;101;EM Entrada mercador.;180036240;1003953;5000266574;1;12/05/2026;01/06/2026;01/06/2026;12:43:13;14.893;1.108.145,00;INVT;EST_INV_AME;MDCOSTA;;;;;;;;;14.893;M;CDFL - CD FLORES;;0;14.893;14.893;AMEN;;;;0;0;0;;0;0;;;B;;;;0;M;2026;;;S;WE;0;BRL;;;0;0;M;M;67.387,85;145.461,48;;
CDFL;4500150279;;;20;0;0;403574;CABO AL CONCENTRICO 3F 3X95+95MM2;101;EM Entrada mercador.;180036248;1003953;5000266640;1;07/05/2026;01/06/2026;01/06/2026;16:23:42;13.793;1.026.297,18;INVT;EST_INV_AME;LPEIXOTO;;;;;;;;;13.793;M;CDFL - CD FLORES;;0;13.793;13.793;AMEN;;;;0;0;0;;0;0;;;B;;;;0;M;2026;;;S;WE;0;BRL;;;0;0;M;M;62.410,57;134.717,67;;
CDFL;4500150279;;;20;0;0;403574;CABO AL CONCENTRICO 3F 3X95+95MM2;101;EM Entrada mercador.;180036068;1003953;5000266047;1;30/04/2026;22/05/2026;22/05/2026;08:53:14;7.024; R$ 522.635,50 ;INVT;EST_INV_AME;LPEIXOTO;;;;;;;;;7.024;M;CDFL - CD FLORES;;0;7.024;7.024;AMEN;;;;0;0;0;;0;0;;;B;;;;0;M;2026;;;S;WE;0;BRL;;;0;0;M;M;31.782,20;68.604,14;;
CDFL;4500150279;;;10;0;0;403574;CABO AL CONCENTRICO 3F 3X95+95MM2;101;EM Entrada mercador.;180035857;1003953;5000262887;1;10/04/2026;08/05/2026;08/05/2026;09:49:51;1.761; R$ 117.489,97 ;INVT;EST_INV_AME;MDCOSTA;;;;;;;;;1.761;M;CDFL - CD FLORES;;0;1.761;1.761;AMEN;;;;0;0;0;;0;0;;;B;;;;0;M;2026;;;S;WE;0;BRL;;;0;0;M;M;7.144,73;15.422,41;;
CDFL;4500150279;;;10;0;0;403574;CABO AL CONCENTRICO 3F 3X95+95MM2;101;EM Entrada mercador.;180035561;1003953;5000259494;1;25/03/2026;13/04/2026;13/04/2026;09:40:44;15.387;1.026.586,11;INVT;EST_INV_AME;LPEIXOTO;;;;;;;;;15.387;M;CDFL - CD FLORES;;0;15.387;15.387;AMEN;;;;0;0;0;;0;0;;;B;;;;0;M;2026;;;S;WE;0;BRL;;;0;0;M;M;62.428,14;134.755,59;;
CDFL;4500150279;;;10;0;0;403574;CABO AL CONCENTRICO 3F 3X95+95MM2;101;EM Entrada mercador.;180035470;1003953;5000257862;1;19/03/2026;02/04/2026;02/04/2026;11:09:45;14.649;977.348,41;INVT;EST_INV_AME;MDCOSTA;;;;;;;;;14.649;M;CDFL - CD FLORES;;0;14.649;14.649;AMEN;;;;0;0;0;;0;0;;;B;;;;0;M;2026;;;S;WE;0;BRL;;;0;0;M;M;59.433,92;128.292,37;;
CDFL;4500147721;;;10;0;0;403579;CABO AL CONCENTRICO 3F 3X35+35MM2;101;EM Entrada mercador.;180035946;1012258;5000263422;1;26/03/2026;14/05/2026;14/05/2026;07:53:07;10.000; R$ 344.294,01 ;INVT;EST_INV_AME;LPEIXOTO;;;;;;;;;10.000;M;CDFL - CD FLORES;;0;10.000;10.000;AMEN;;;;0;0;0;;0;0;;;B;;;;0;M;2026;;;S;WE;0;BRL;;;0;0;M;M;20.937,00;45.194,01;;
CDFL;4500132743;;;20;0;0;403579;CABO AL CONCENTRICO 3F 3X35+35MM2;101;EM Entrada mercador.;180034129;1003953;5000243284;1;26/11/2025;17/12/2025;17/12/2025;09:22:08;8.700;320.666,53;INVT;EST_INV_AME;MDCOSTA;;;;;;;;;8.700;M;CDFL - CD FLORES;;0;8.700;8.700;AMEN;;;;0;0;0;;0;0;;;B;;;;0;M;2025;;;S;WE;0;BRL;;;0;0;M;M;19.500,18;42.092,53;;
CDFL;4500125607;;;50;0;0;403579;CABO AL CONCENTRICO 3F 3X35+35MM2;101;EM Entrada mercador.;180033758;1003953;5000236297;1;31/10/2025;17/11/2025;17/11/2025;09:29:40;12.023;476.500,02;INVT;EST_INV_AME;MDCOSTA;;;;;;;;;12.023;M;CDFL - CD FLORES;;0;12.023;12.023;AMEN;;;;0;0;0;;0;0;;;B;;;;0;M;2025;;;S;WE;0;BRL;;;0;0;M;M;28.976,63;62.548,13;;
CDFL;4500127958;;;40;0;0;403579;CABO AL CONCENTRICO 3F 3X35+35MM2;101;EM Entrada mercador.;180033619;1003953;5000234831;1;13/10/2025;06/11/2025;06/11/2025;08:29:59;550;21.797,79;INVT;EST_INV_AME;MDCOSTA;;;;;;;;;550;M;CDFL - CD FLORES;;0;550;550;AMEN;;;;0;0;0;;0;0;;;B;;;;0;M;2025;;;S;WE;0;BRL;;;0;0;M;M;1.325,56;2.861,30;;
CDFL;4500122167;;;60;0;0;403579;CABO AL CONCENTRICO 3F 3X35+35MM2;101;EM Entrada mercador.;180033135;1003953;5000229999;1;12/09/2025;07/10/2025;07/10/2025;09:12:55;14.146;560.639,55;INVT;EST_INV_AME;MDCOSTA;;;;;;;;;14.146;M;CDFL - CD FLORES;;0;14.146;14.146;AMEN;;;;0;0;0;;0;0;;;B;;;;0;M;2025;;;S;WE;0;BRL;;;0;0;M;M;34.093,27;73.592,77;;
CDFL;4500150248;;;40;0;0;403580;ALCA PREFORM CABO CONC 3X35 + 35;101;EM Entrada mercador.;180035849;1013808;5000262759;4;16/04/2026;07/05/2026;07/05/2026;10:21:43;6.609; R$ 101.637,80 ;INVT;EST_INV_AME;LPEIXOTO;;;;;;;;;6.609;UN;CDFL - CD FLORES;;0;6.609;6.609;AMEN;;;;0;0;0;;0;0;;;B;;;;0;UN;2026;;;S;WE;0;BRL;;;0;0;UN;UN;6.180,74;13.341,56;;
CDFL;4500144262;;;30;0;0;403580;ALCA PREFORM CABO CONC 3X35 + 35;101;EM Entrada mercador.;180035820;1011918;5000262414;2;20/03/2026;05/05/2026;05/05/2026;09:38:45;700; R$ 11.683,67 ;INVT;EST_INV_AME;LPEIXOTO;;;;;;;;;700;UN;CDFL - CD FLORES;;0;700;700;AMEN;;;;0;0;0;;0;0;;;B;;;;0;UN;2026;;;S;WE;0;BRL;;;0;0;UN;UN;710,5;1.533,67;;
CDFL;4500148096;;;50;0;0;403580;ALCA PREFORM CABO CONC 3X35 + 35;101;EM Entrada mercador.;180035692;1013808;5000261382;4;23/04/2026;23/04/2026;23/04/2026;09:52:33;6.162;94.763,52;INVT;EST_INV_AME;MDCOSTA;;;;;;;;;6.162;UN;CDFL - CD FLORES;;0;6.162;6.162;AMEN;;;;0;0;0;;0;0;;;B;;;;0;UN;2026;;;S;WE;0;BRL;;;0;0;UN;UN;5.762,70;12.439,20;;
CDFL;4500132762;;;10;0;0;403580;ALCA PREFORM CABO CONC 3X35 + 35;101;EM Entrada mercador.;180033927;1011918;5000239299;1;30/10/2025;02/12/2025;02/12/2025;14:26:05;1.500;25.036,43;INVT;EST_INV_AME;MDCOSTA;;;;;;;;;1.500;UN;CDFL - CD FLORES;;0;1.500;1.500;AMEN;;;;0;0;0;;0;0;;;B;;;;0;UN;2025;;;S;WE;0;BRL;;;0;0;UN;UN;1.522,50;3.286,43;;
CDFL;4500146591;;;120;0;0;403593;ALCA PREFORM CABO CONC 3X70 + 50;101;EM Entrada mercador.;180035754;1007593;5000261750;12;29/04/2026;29/04/2026;29/04/2026;10:04:41;5;72,52;INVT;EST_INV_AME;MDCOSTA;;;;;;;;;5;UN;CDFL - CD FLORES;;0;5;5;AMEN;;;;0;0;0;;0;0;;;B;;;;0;UN;2026;;;S;WE;0;BRL;;;0;0;UN;UN;4,41;9,52;;
CDFL;4500138303;;;160;0;0;403593;ALCA PREFORM CABO CONC 3X70 + 50;101;EM Entrada mercador.;180035524;1007593;5000259116;2;19/02/2026;09/04/2026;09/04/2026;15:10:59;50;725,19;INVT;EST_INV_AME;LPEIXOTO;;;;;;;;;50;UN;CDFL - CD FLORES;;0;50;50;AMEN;;;;0;0;0;;0;0;;;B;;;;0;UN;2026;;;S;WE;0;BRL;;;0;0;UN;UN;44,1;95,19;;
CDFL;4500150121;;;20;0;0;403602;ABRACADEIRA PLAS UV 525X8,90MM TRI;101;EM Entrada mercador.;180035503;1012974;5000258597;2;24/03/2026;08/04/2026;08/04/2026;14:28:00;113.300;69.122,40;INVT;EST_INV_AME;LPEIXOTO;;;;;;;;;113.300;UN;CDFL - CD FLORES;;0;113.300;113.300;AMEN;;;;0;0;0;;0;0;;;B;;;;0;UN;2026;;;S;WE;0;BRL;;;0;0;UN;UN;4.203,43;9.073,40;;
CDFL;4500147685;;;10;0;0;403602;ABRACADEIRA PLAS UV 525X8,90MM TRI;101;EM Entrada mercador.;180035119;1012974;5000254428;1;09/03/2026;09/03/2026;09/03/2026;10:15:32;40.000;48.806,64;INVT;EST_INV_AME;MDCOSTA;;;;;;;;;40.000;UN;CDFL - CD FLORES;;0;40.000;40.000;AMEN;;;;0;0;0;;0;0;;;B;;;;0;UN;2026;;;S;WE;0;BRL;;;0;0;UN;UN;2.968,00;6.406,64;;
CDFL;4500148056;;;10;0;0;403602;ABRACADEIRA PLAS UV 525X8,90MM TRI;101;EM Entrada mercador.;180035090;1003818;5000254170;2;26/02/2026;05/03/2026;05/03/2026;15:05:46;2.000;4.340,00;INVT;EST_INV_AME;MDCOSTA;;;;;;;;;2.000;UN;CDFL - CD FLORES;;0;2.000;2.000;AMEN;;;;0;0;0;;0;0;;;B;;;;0;UN;2026;;;S;WE;0;BRL;;;0;0;UN;UN;0;0;;
CDFL;4500147645;;;10;0;0;403602;ABRACADEIRA PLAS UV 525X8,90MM TRI;101;EM Entrada mercador.;180035077;1003818;5000253804;1;13/02/2026;04/03/2026;04/03/2026;10:42:42;629;1.364,93;INVT;EST_INV_AME;MDCOSTA;;;;;;;;;629;UN;CDFL - CD FLORES;;0;629;629;AMEN;;;;0;0;0;;0;0;;;B;;;;0;UN;2026;;;S;WE;0;BRL;;;0;0;UN;UN;0;0;;
CDFL;4500135716;;;30;0;0;403602;ABRACADEIRA PLAS UV 525X8,90MM TRI;101;EM Entrada mercador.;180034508;1012974;5000247521;1;16/12/2025;23/01/2026;23/01/2026;11:50:21;19.600;23.915,25;INVT;EST_INV_AME;MDCOSTA;;;;;;;;;19.600;UN;CDFL - CD FLORES;;0;19.600;19.600;AMEN;;;;0;0;0;;0;0;;;B;;;;0;UN;2026;;;S;WE;0;BRL;;;0;0;UN;UN;1.454,32;3.139,25;;
CDFL;4500127958;;;30;0;0;403642;CABO AL CONCENTRICO 2F 2X16+16MM2;101;EM Entrada mercador.;180033898;1003953;5000243275;1;26/11/2025;17/12/2025;17/12/2025;09:16:44;1.030;15.863,77;INVT;EST_INV_AME;MDCOSTA;;;;;;;;;1.030;M;CDFL - CD FLORES;;0;1.030;1.030;AMEN;;;;0;0;0;;0;0;;;B;;;;0;M;2025;;;S;WE;0;BRL;;;0;0;M;M;964,7;2.082,37;;
CDFL;4500125892;;;10;0;0;403642;CABO AL CONCENTRICO 2F 2X16+16MM2;101;EM Entrada mercador.;180034001;1003953;5000240614;1;31/10/2025;10/12/2025;10/12/2025;08:05:32;17.993;277.123,11;INVT;EST_INV_AME;MDCOSTA;;;;;;;;;17.993;M;CDFL - CD FLORES;;0;17.993;17.993;AMEN;;;;0;0;0;;0;0;;;B;;;;0;M;2025;;;S;WE;0;BRL;;;0;0;M;M;16.852,24;36.376,77;;
CDFL;4500125892;;;10;0;0;403642;CABO AL CONCENTRICO 2F 2X16+16MM2;101;EM Entrada mercador.;180033999;1003953;5000240263;1;06/11/2025;09/12/2025;09/12/2025;14:42:44;17.663;272.040,55;INVT;EST_INV_AME;MDCOSTA;;;;;;;;;17.663;M;CDFL - CD FLORES;;0;17.663;17.663;AMEN;;;;0;0;0;;0;0;;;B;;;;0;M;2025;;;S;WE;0;BRL;;;0;0;M;M;16.543,17;35.709,61;;
CDFL;4500127958;;;30;0;0;403642;CABO AL CONCENTRICO 2F 2X16+16MM2;101;EM Entrada mercador.;180033997;1003953;5000240244;1;14/11/2025;09/12/2025;09/12/2025;14:10:15;46.422;714.978,56;INVT;EST_INV_AME;MDCOSTA;;;;;;;;;46.422;M;CDFL - CD FLORES;;0;46.422;46.422;AMEN;;;;0;0;0;;0;0;;;B;;;;0;M;2025;;;S;WE;0;BRL;;;0;0;M;M;43.478,85;93.852,19;;
CDFL;4500125892;;;10;0;0;403642;CABO AL CONCENTRICO 2F 2X16+16MM2;101;EM Entrada mercador.;180033586;1003953;5000240267;1;04/11/2025;09/12/2025;09/12/2025;14:44:49;15.225;234.491,16;INVT;EST_INV_AME;MDCOSTA;;;;;;;;;15.225;M;CDFL - CD FLORES;;0;15.225;15.225;AMEN;;;;0;0;0;;0;0;;;B;;;;0;M;2025;;;S;WE;0;BRL;;;0;0;M;M;14.259,74;30.780,66;;
CDFL;4500125892;;;10;0;0;403642;CABO AL CONCENTRICO 2F 2X16+16MM2;101;EM Entrada mercador.;180033756;1003953;5000236286;1;31/10/2025;17/11/2025;17/11/2025;09:14:16;11.859;182.648,97;INVT;EST_INV_AME;MDCOSTA;;;;;;;;;11.859;M;CDFL - CD FLORES;;0;11.859;11.859;AMEN;;;;0;0;0;;0;0;;;B;;;;0;M;2025;;;S;WE;0;BRL;;;0;0;M;M;11.107,14;23.975,55;;
CDFL;4500125892;;;10;0;0;403642;CABO AL CONCENTRICO 2F 2X16+16MM2;101;EM Entrada mercador.;180033753;1003953;5000236277;1;27/10/2025;17/11/2025;17/11/2025;09:00:35;35.993;554.354,04;INVT;EST_INV_AME;MDCOSTA;;;;;;;;;35.993;M;CDFL - CD FLORES;;0;35.993;35.993;AMEN;;;;0;0;0;;0;0;;;B;;;;0;M;2025;;;S;WE;0;BRL;;;0;0;M;M;33.711,04;72.767,70;;
CDFL;4500125892;;;10;0;0;403642;CABO AL CONCENTRICO 2F 2X16+16MM2;101;EM Entrada mercador.;180033620;1003953;5000234829;1;30/09/2025;06/11/2025;06/11/2025;08:25:13;21.637;333.246,97;INVT;EST_INV_AME;MDCOSTA;;;;;;;;;21.637;M;CDFL - CD FLORES;;0;21.637;21.637;AMEN;;;;0;0;0;;0;0;;;B;;;;0;M;2025;;;S;WE;0;BRL;;;0;0;M;M;20.265,21;43.743,91;;
CDFL;4500122167;;;30;0;0;403642;CABO AL CONCENTRICO 2F 2X16+16MM2;101;EM Entrada mercador.;180033332;1003953;5000232212;1;24/09/2025;17/10/2025;17/10/2025;15:02:21;10.803;166.384,76;INVT;EST_INV_AME;MDCOSTA;;;;;;;;;10.803;M;CDFL - CD FLORES;;0;10.803;10.803;AMEN;;;;0;0;0;;0;0;;;B;;;;0;M;2025;;;S;WE;0;BRL;;;0;0;M;M;10.118,09;21.840,62;;
CDFL;4500122167;;;30;0;0;403642;CABO AL CONCENTRICO 2F 2X16+16MM2;101;EM Entrada mercador.;180033336;1003953;5000232211;1;24/09/2025;17/10/2025;17/10/2025;14:59:35;34.373;529.403,25;INVT;EST_INV_AME;MDCOSTA;;;;;;;;;34.373;M;CDFL - CD FLORES;;0;34.373;34.373;AMEN;;;;0;0;0;;0;0;;;B;;;;0;M;2025;;;S;WE;0;BRL;;;0;0;M;M;32.193,75;69.492,51;;
CDFL;4500122167;;;30;0;0;403642;CABO AL CONCENTRICO 2F 2X16+16MM2;101;EM Entrada mercador.;180033159;1003953;5000230129;1;09/09/2025;08/10/2025;08/10/2025;08:22:18;42.457;653.910,74;INVT;EST_INV_AME;MDCOSTA;;;;;;;;;42.457;M;CDFL - CD FLORES;;0;42.457;42.457;AMEN;;;;0;0;0;;0;0;;;B;;;;0;M;2025;;;S;WE;0;BRL;;;0;0;M;M;39.765,23;85.836,08;;
CDFL;4500122167;;;30;0;0;403642;CABO AL CONCENTRICO 2F 2X16+16MM2;101;EM Entrada mercador.;180032897;1003953;5000227580;1;29/08/2025;23/09/2025;23/09/2025;07:56:04;46.846;721.508,88;INVT;EST_INV_AME;MDCOSTA;;;;;;;;;46.846;M;CDFL - CD FLORES;;0;46.846;46.846;AMEN;;;;0;0;0;;0;0;;;B;;;;0;M;2025;;;S;WE;0;BRL;;;0;0;M;M;43.875,96;94.709,40;;
CDFL;4500122167;;;30;0;0;403642;CABO AL CONCENTRICO 2F 2X16+16MM2;101;EM Entrada mercador.;180032564;1003953;5000222675;1;13/08/2025;02/09/2025;02/09/2025;09:39:30;42.319;651.785,30;INVT;EST_INV_AME;MDCOSTA;;;;;;;;;42.319;M;CDFL - CD FLORES;;0;42.319;42.319;AMEN;;;;0;0;0;;0;0;;;B;;;;0;M;2025;;;S;WE;0;BRL;;;0;0;M;M;39.635,98;85.557,08;;
CDFL;4500122167;;;30;0;0;403642;CABO AL CONCENTRICO 2F 2X16+16MM2;101;EM Entrada mercador.;180032416;1003953;5000221343;1;30/07/2025;25/08/2025;25/08/2025;14:04:25;43.124;664.183,69;INVT;EST_INV_AME;MDCOSTA;;;;;;;;;43.124;M;CDFL - CD FLORES;;0;43.124;43.124;AMEN;;;;0;0;0;;0;0;;;B;;;;0;M;2025;;;S;WE;0;BRL;;;0;0;M;M;40.389,94;87.184,57;;
CDFL;4500122167;;;30;0;0;403642;CABO AL CONCENTRICO 2F 2X16+16MM2;101;EM Entrada mercador.;180032191;1003953;5000218937;1;24/07/2025;11/08/2025;11/08/2025;15:48:21;46.296;713.037,94;INVT;EST_INV_AME;MDCOSTA;;;;;;;;;46.296;M;CDFL - CD FLORES;;0;46.296;46.296;AMEN;;;;0;0;0;;0;0;;;B;;;;0;M;2025;;;S;WE;0;BRL;;;0;0;M;M;43.360,83;93.597,46;;
CDFL;4500150248;;;20;0;0;403647;ALCA PREFORM CABO CONC 3X95 +70;101;EM Entrada mercador.;180035849;1013808;5000262759;2;16/04/2026;07/05/2026;07/05/2026;10:21:43;122; R$ 4.815,49 ;INVT;EST_INV_AME;LPEIXOTO;;;;;;;;;122;UN;CDFL - CD FLORES;;0;122;122;AMEN;;;;0;0;0;;0;0;;;B;;;;0;UN;2026;;;S;WE;0;BRL;;;0;0;UN;UN;292,84;632,11;;
CDFL;4500146591;;;130;0;0;403647;ALCA PREFORM CABO CONC 3X95 +70;101;EM Entrada mercador.;180035754;1007593;5000261750;13;29/04/2026;29/04/2026;29/04/2026;10:04:41;6;122,94;INVT;EST_INV_AME;MDCOSTA;;;;;;;;;6;UN;CDFL - CD FLORES;;0;6;6;AMEN;;;;0;0;0;;0;0;;;B;;;;0;UN;2026;;;S;WE;0;BRL;;;0;0;UN;UN;7,48;16,14;;
CDFL;4500148096;;;30;0;0;403647;ALCA PREFORM CABO CONC 3X95 +70;101;EM Entrada mercador.;180035692;1013808;5000261382;2;23/04/2026;23/04/2026;23/04/2026;09:52:33;6.930;273.535,55;INVT;EST_INV_AME;MDCOSTA;;;;;;;;;6.930;UN;CDFL - CD FLORES;;0;6.930;6.930;AMEN;;;;0;0;0;;0;0;;;B;;;;0;UN;2026;;;S;WE;0;BRL;;;0;0;UN;UN;16.634,08;35.905,85;;
CDFL;4500138303;;;170;0;0;403647;ALCA PREFORM CABO CONC 3X95 +70;101;EM Entrada mercador.;180035524;1007593;5000259116;3;19/02/2026;09/04/2026;09/04/2026;15:10:59;50;1.024,48;INVT;EST_INV_AME;LPEIXOTO;;;;;;;;;50;UN;CDFL - CD FLORES;;0;50;50;AMEN;;;;0;0;0;;0;0;;;B;;;;0;UN;2026;;;S;WE;0;BRL;;;0;0;UN;UN;62,3;134,48;;
CDFL;4500114160;;;10;0;0;403647;ALCA PREFORM CABO CONC 3X95 +70;101;EM Entrada mercador.;180032094;1007593;5000218013;1;03/07/2025;07/08/2025;07/08/2025;11:20:15;769;15.756,49;INVT;EST_INV_AME;MDCOSTA;;;;;;;;;769;UN;CDFL - CD FLORES;;0;769;769;AMEN;;;;0;0;0;;0;0;;;B;;;;0;UN;2025;;;S;WE;0;BRL;;;0;0;UN;UN;958,17;2.068,29;;
CDFL;4500144522;;;20;0;0;403656;CABO AL CONCENTRICO 3F 3X25+25MM2;101;EM Entrada mercador.;180036131;1003953;5000266287;1;30/04/2026;27/05/2026;27/05/2026;10:09:14;8.193; R$ 208.990,12 ;INVT;EST_INV_AME;MDCOSTA;;;;;;;;;8.193;M;CDFL - CD FLORES;;0;8.193;8.193;AMEN;;;;0;0;0;;0;0;;;B;;;;0;M;2026;;;S;WE;0;BRL;;;0;0;M;M;12.708,98;27.433,24;;
CDFL;4500150279;;;40;0;0;403656;CABO AL CONCENTRICO 3F 3X25+25MM2;101;EM Entrada mercador.;180035875;1003953;5000263011;1;16/03/2026;08/05/2026;08/05/2026;15:47:18;1.000; R$ 25.485,35 ;INVT;EST_INV_AME;MDCOSTA;;;;;;;;;1.000;M;CDFL - CD FLORES;;0;1.000;1.000;AMEN;;;;0;0;0;;0;0;;;B;;;;0;M;2026;;;S;WE;0;BRL;;;0;0;M;M;1.549,80;3.345,35;;
CDFL;4500144522;;;20;0;0;403656;CABO AL CONCENTRICO 3F 3X25+25MM2;101;EM Entrada mercador.;180035831;1003953;5000262652;1;10/04/2026;07/05/2026;07/05/2026;07:59:37;2.513; R$ 64.102,55 ;INVT;EST_INV_AME;MDCOSTA;;;;;;;;;2.513;M;CDFL - CD FLORES;;0;2.513;2.513;AMEN;;;;0;0;0;;0;0;;;B;;;;0;M;2026;;;S;WE;0;BRL;;;0;0;M;M;3.898,17;8.414,47;;
CDFL;4500144522;;;20;0;0;403656;CABO AL CONCENTRICO 3F 3X25+25MM2;101;EM Entrada mercador.;180035465;1003953;5000257849;1;16/03/2026;02/04/2026;02/04/2026;10:04:30;20.267;516.978,25;INVT;EST_INV_AME;MDCOSTA;;;;;;;;;20.267;M;CDFL - CD FLORES;;0;20.267;20.267;AMEN;;;;0;0;0;;0;0;;;B;;;;0;M;2026;;;S;WE;0;BRL;;;0;0;M;M;31.438,17;67.861,54;;
CDFL;4500144522;;;20;0;0;403656;CABO AL CONCENTRICO 3F 3X25+25MM2;101;EM Entrada mercador.;180035467;1003953;5000257852;1;20/03/2026;02/04/2026;02/04/2026;10:09:52;20.864;532.206,76;INVT;EST_INV_AME;MDCOSTA;;;;;;;;;20.864;M;CDFL - CD FLORES;;0;20.864;20.864;AMEN;;;;0;0;0;;0;0;;;B;;;;0;M;2026;;;S;WE;0;BRL;;;0;0;M;M;32.364,24;69.860,52;;
CDFL;4500125607;;;30;0;0;403656;CABO AL CONCENTRICO 3F 3X25+25MM2;101;EM Entrada mercador.;180034002;1003953;5000240623;1;06/11/2025;10/12/2025;10/12/2025;08:08:27;11.511;293.626,91;INVT;EST_INV_AME;MDCOSTA;;;;;;;;;11.511;M;CDFL - CD FLORES;;0;11.511;11.511;AMEN;;;;0;0;0;;0;0;;;B;;;;0;M;2025;;;S;WE;0;BRL;;;0;0;M;M;17.855,86;38.543,16;;
CDFL;4500125607;;;30;0;0;403656;CABO AL CONCENTRICO 3F 3X25+25MM2;101;EM Entrada mercador.;180033755;1003953;5000236281;1;30/10/2025;17/11/2025;17/11/2025;09:07:12;6.720;171.416,29;INVT;EST_INV_AME;MDCOSTA;;;;;;;;;6.720;M;CDFL - CD FLORES;;0;6.720;6.720;AMEN;;;;0;0;0;;0;0;;;B;;;;0;M;2025;;;S;WE;0;BRL;;;0;0;M;M;10.424,06;22.501,09;;
CDFL;4500122167;;;50;0;0;403656;CABO AL CONCENTRICO 3F 3X25+25MM2;101;EM Entrada mercador.;180033133;1003953;5000229994;1;15/09/2025;07/10/2025;07/10/2025;09:01:15;14.169;361.428,18;INVT;EST_INV_AME;MDCOSTA;;;;;;;;;14.169;M;CDFL - CD FLORES;;0;14.169;14.169;AMEN;;;;0;0;0;;0;0;;;B;;;;0;M;2025;;;S;WE;0;BRL;;;0;0;M;M;21.978,95;47.443,14;;
CDFL;4500122167;;;80;0;0;403663;CABO CONCENTRICO CU 3X70+70MM;101;EM Entrada mercador.;180033334;1003953;5000232213;1;24/09/2025;17/10/2025;17/10/2025;15:06:09;584;191.710,09;INVT;EST_INV_AME;MDCOSTA;;;;;;;;;584;M;CDFL - CD FLORES;;0;584;584;AMEN;;;;0;0;0;;0;0;;;B;;;;0;M;2025;;;S;WE;0;BRL;;;0;0;M;M;11.658,16;25.164,97;;
CDFL;4500144262;;;20;0;0;403675;ALCA PREFORM CABO CONC  3X25 + 25;101;EM Entrada mercador.;180035820;1011918;5000262414;1;20/03/2026;05/05/2026;05/05/2026;09:38:45;600; R$ 9.565,64 ;INVT;EST_INV_AME;LPEIXOTO;;;;;;;;;600;UN;CDFL - CD FLORES;;0;600;600;AMEN;;;;0;0;0;;0;0;;;B;;;;0;UN;2026;;;S;WE;0;BRL;;;0;0;UN;UN;581,7;1.255,64;;
CDFL;4500148096;;;60;0;0;403675;ALCA PREFORM CABO CONC  3X25 + 25;101;EM Entrada mercador.;180035692;1013808;5000261382;5;23/04/2026;23/04/2026;23/04/2026;09:52:33;7.675;73.062,91;INVT;EST_INV_AME;MDCOSTA;;;;;;;;;7.675;UN;CDFL - CD FLORES;;0;7.675;7.675;AMEN;;;;0;0;0;;0;0;;;B;;;;0;UN;2026;;;S;WE;0;BRL;;;0;0;UN;UN;4.443,06;9.590,66;;
CDFL;4500122167;;;70;0;0;403693;CABO CONCENTRICO CU 3X35+35MM;101;EM Entrada mercador.;180033337;1003953;5000232214;1;24/09/2025;17/10/2025;17/10/2025;15:08:51;1.281;236.003,18;INVT;EST_INV_AME;MDCOSTA;;;;;;;;;1.281;M;CDFL - CD FLORES;;0;1.281;1.281;AMEN;;;;0;0;0;;0;0;;;B;;;;0;M;2025;;;S;WE;0;BRL;;;0;0;M;M;14.351,68;30.979,13;;
CDFL;4500132901;;;10;0;0;403770;PRENSA CABO 1.1/2P AL C/BUCHA NEOP NPT;101;EM Entrada mercador.;180033319;1003624;5000232038;1;07/10/2025;17/10/2025;17/10/2025;08:45:04;600;18.420,00;INVT;EST_INV_AME;MDCOSTA;;;;;;;;;600;UN;CDFL - CD FLORES;;0;600;600;AMEN;;;;0;0;0;;0;0;;;B;;;;0;UN;2025;;;S;WE;0;BRL;;;0;0;UN;UN;0;0;;
CDFL;4500150248;;;10;0;0;403804;ALCA PREFORM 6,4MM 1/4P AM 635MM;101;EM Entrada mercador.;180035849;1013808;5000262759;1;16/04/2026;07/05/2026;07/05/2026;10:21:43;2.029; R$ 13.779,93 ;INVT;EST_INV_AME;LPEIXOTO;;;;;;;;;2.029;UN;CDFL - CD FLORES;;0;2.029;2.029;AMEN;;;;0;0;0;;0;0;;;B;;;;0;UN;2026;;;S;WE;0;BRL;;;0;0;UN;UN;837,98;1.808,83;;
CDFL;4500146591;;;90;0;0;403804;ALCA PREFORM 6,4MM 1/4P AM 635MM;101;EM Entrada mercador.;180035754;1007593;5000261750;9;29/04/2026;29/04/2026;29/04/2026;10:04:41;288;1.491,83;INVT;EST_INV_AME;MDCOSTA;;;;;;;;;288;UN;CDFL - CD FLORES;;0;288;288;AMEN;;;;0;0;0;;0;0;;;B;;;;0;UN;2026;;;S;WE;0;BRL;;;0;0;UN;UN;90,72;195,83;;
CDFL;4500148066;;;10;0;0;403804;ALCA PREFORM 6,4MM 1/4P AM 635MM;101;EM Entrada mercador.;180035672;1013808;5000261306;1;26/03/2026;22/04/2026;22/04/2026;11:05:59;1.300;8.828,94;INVT;EST_INV_AME;MDCOSTA;;;;;;;;;1.300;UN;CDFL - CD FLORES;;0;1.300;1.300;AMEN;;;;0;0;0;;0;0;;;B;;;;0;UN;2026;;;S;WE;0;BRL;;;0;0;UN;UN;536,9;1.158,94;;
CDFL;4500148914;;;10;0;0;403804;ALCA PREFORM 6,4MM 1/4P AM 635MM;101;EM Entrada mercador.;180035670;1013808;5000261305;1;26/03/2026;22/04/2026;22/04/2026;11:01:41;8.994;61.082,66;INVT;EST_INV_AME;MDCOSTA;;;;;;;;;8.994;UN;CDFL - CD FLORES;;0;8.994;8.994;AMEN;;;;0;0;0;;0;0;;;B;;;;0;UN;2026;;;S;WE;0;BRL;;;0;0;UN;UN;3.714,52;8.018,06;;
CDFL;4500146591;;;110;0;0;403830;ALCA PREFORM CABO CONC 3X50 + 50;101;EM Entrada mercador.;180035754;1007593;5000261750;11;29/04/2026;29/04/2026;29/04/2026;10:04:41;99;1.276,34;INVT;EST_INV_AME;MDCOSTA;;;;;;;;;99;UN;CDFL - CD FLORES;;0;99;99;AMEN;;;;0;0;0;;0;0;;;B;;;;0;UN;2026;;;S;WE;0;BRL;;;0;0;UN;UN;77,62;167,54;;
CDFL;4500150279;;;150;0;0;403843;CABO AL CONCENTRICO 3F 3X16+16MM2;101;EM Entrada mercador.;180035871;1003953;5000263000;1;16/03/2026;08/05/2026;08/05/2026;15:14:03;1.000; R$ 15.298,12 ;INVT;EST_INV_AME;MDCOSTA;;;;;;;;;1.000;M;CDFL - CD FLORES;;0;1.000;1.000;AMEN;;;;0;0;0;;0;0;;;B;;;;0;M;2026;;;S;WE;0;BRL;;;0;0;M;M;930,3;2.008,12;;
CDFL;4500126799;;;10;0;0;403843;CABO AL CONCENTRICO 3F 3X16+16MM2;101;EM Entrada mercador.;180033998;1003953;5000240259;1;04/11/2025;09/12/2025;09/12/2025;14:40:21;10.245;156.847,16;INVT;EST_INV_AME;MDCOSTA;;;;;;;;;10.245;M;CDFL - CD FLORES;;0;10.245;10.245;AMEN;;;;0;0;0;;0;0;;;B;;;;0;M;2025;;;S;WE;0;BRL;;;0;0;M;M;9.538,10;20.588,66;;
CDFL;4500122167;;;40;0;0;403843;CABO AL CONCENTRICO 3F 3X16+16MM2;101;EM Entrada mercador.;180032252;1003953;5000219150;1;24/07/2025;13/08/2025;13/08/2025;11:34:14;16.343;250.205,28;INVT;EST_INV_AME;MDCOSTA;;;;;;;;;16.343;M;CDFL - CD FLORES;;0;16.343;16.343;AMEN;;;;0;0;0;;0;0;;;B;;;;0;M;2025;;;S;WE;0;BRL;;;0;0;M;M;15.215,33;32.843,38;;
CDFL;4500150392;;;40;0;0;403931;BRAÇO SUPORTE TIPO L HORIZONTAL  15 KV;101;EM Entrada mercador.;180036067;1003152;5000266041;2;22/05/2026;22/05/2026;22/05/2026;08:22:39;4; R$ 326,96 ;INVT;EST_INV_AME;LPEIXOTO;;;;;;;;;4;UN;CDFL - CD FLORES;;0;4;4;AMEN;;;;0;0;0;;0;0;;;B;;;;0;UN;2026;;;S;WE;0;BRL;;;0;0;UN;UN;19,88;42,92;;
CDFL;4500143335;;;30;0;0;403931;BRAÇO SUPORTE TIPO L HORIZONTAL  15 KV;101;EM Entrada mercador.;180035528;1007262;5000259162;3;19/03/2026;09/04/2026;09/04/2026;16:22:45;40;4.940,83;INVT;EST_INV_AME;LPEIXOTO;;;;;;;;;40;UN;CDFL - CD FLORES;;0;40;40;AMEN;;;;0;0;0;;0;0;;;B;;;;0;UN;2026;;;S;WE;0;BRL;;;0;0;UN;UN;544,94;399,63;;
CDFL;4500113303;;;30;0;0;403931;BRAÇO SUPORTE TIPO L HORIZONTAL  15 KV;101;EM Entrada mercador.;180031691;1007262;5000214519;3;23/06/2025;11/07/2025;11/07/2025;10:22:08;6;741,12;INVT;EST_INV_AME;MDCOSTA;;;;;;;;;6;UN;CDFL - CD FLORES;;0;6;6;AMEN;;;;0;0;0;;0;0;;;B;;;;0;UN;2025;;;S;WE;0;BRL;;;0;0;UN;UN;81,74;59,94;;
CDFL;4500150279;;;90;0;0;403954;CABO AL CONCENTRICO 3F 3X50+50MM2;101;EM Entrada mercador.;180035832;1003953;5000262649;1;10/04/2026;07/05/2026;07/05/2026;07:51:51;1.001; R$ 42.425,88 ;INVT;EST_INV_AME;MDCOSTA;;;;;;;;;1.001;M;CDFL - CD FLORES;;0;1.001;1.001;AMEN;;;;0;0;0;;0;0;;;B;;;;0;M;2026;;;S;WE;0;BRL;;;0;0;M;M;2.579,98;5.569,07;;
CDFL;4500150279;;;50;0;0;404009;CABO AL CONCENTRICO 1F 1x16+16MM2;101;EM Entrada mercador.;180036130;1003953;5000266286;1;30/04/2026;27/05/2026;27/05/2026;10:04:07;56.349; R$ 332.748,90 ;INVT;EST_INV_AME;MDCOSTA;;;;;;;;;56.349;M;CDFL - CD FLORES;;0;56.349;56.349;AMEN;;;;0;0;0;;0;0;;;B;;;;0;M;2026;;;S;WE;0;BRL;;;0;0;M;M;20.234,93;43.678,53;;
CDFL;4500150279;;;50;0;0;404009;CABO AL CONCENTRICO 1F 1x16+16MM2;101;EM Entrada mercador.;180035868;1003953;5000262990;1;16/03/2026;08/05/2026;08/05/2026;14:34:55;1.000; R$ 5.905,14 ;INVT;EST_INV_AME;MDCOSTA;;;;;;;;;1.000;M;CDFL - CD FLORES;;0;1.000;1.000;AMEN;;;;0;0;0;;0;0;;;B;;;;0;M;2026;;;S;WE;0;BRL;;;0;0;M;M;359,1;775,14;;
CDFL;4500144522;;;50;0;0;404009;CABO AL CONCENTRICO 1F 1x16+16MM2;101;EM Entrada mercador.;180035479;1003953;5000257884;1;16/03/2026;02/04/2026;02/04/2026;15:35:05;43.050;254.216,39;INVT;EST_INV_AME;MDCOSTA;;;;;;;;;43.050;M;CDFL - CD FLORES;;0;43.050;43.050;AMEN;;;;0;0;0;;0;0;;;B;;;;0;M;2026;;;S;WE;0;BRL;;;0;0;M;M;15.459,26;33.369,90;;
CDFL;4500144522;;;10;0;0;404009;CABO AL CONCENTRICO 1F 1x16+16MM2;101;EM Entrada mercador.;180035466;1003953;5000257851;1;16/03/2026;02/04/2026;02/04/2026;10:07:26;44.258;261.349,82;INVT;EST_INV_AME;MDCOSTA;;;;;;;;;44.258;M;CDFL - CD FLORES;;0;44.258;44.258;AMEN;;;;0;0;0;;0;0;;;B;;;;0;M;2026;;;S;WE;0;BRL;;;0;0;M;M;15.893,05;34.306,28;;
CDFL;4500134265;;;10;0;0;404009;CABO AL CONCENTRICO 1F 1x16+16MM2;101;EM Entrada mercador.;180034123;1003953;5000243270;1;27/11/2025;17/12/2025;17/12/2025;09:13:30;13.019;76.879,06;INVT;EST_INV_AME;MDCOSTA;;;;;;;;;13.019;M;CDFL - CD FLORES;;0;13.019;13.019;AMEN;;;;0;0;0;;0;0;;;B;;;;0;M;2025;;;S;WE;0;BRL;;;0;0;M;M;4.675,12;10.091,59;;
CDFL;4500127958;;;20;0;0;404009;CABO AL CONCENTRICO 1F 1x16+16MM2;101;EM Entrada mercador.;180033754;1003953;5000236278;1;27/10/2025;17/11/2025;17/11/2025;09:03:29;33.828;199.759,18;INVT;EST_INV_AME;MDCOSTA;;;;;;;;;33.828;M;CDFL - CD FLORES;;0;33.828;33.828;AMEN;;;;0;0;0;;0;0;;;B;;;;0;M;2025;;;S;WE;0;BRL;;;0;0;M;M;12.147,63;26.221,54;;
CDFL;4500122167;;;20;0;0;404009;CABO AL CONCENTRICO 1F 1x16+16MM2;101;EM Entrada mercador.;180032292;1003953;5000219322;1;29/07/2025;15/08/2025;15/08/2025;08:24:10;166.138;981.068,65;INVT;EST_INV_AME;MDCOSTA;;;;;;;;;166.138;M;CDFL - CD FLORES;;0;166.138;166.138;AMEN;;;;0;0;0;;0;0;;;B;;;;0;M;2025;;;S;WE;0;BRL;;;0;0;M;M;59.660,16;128.780,71;;
CDFL;4500133697;;;10;0;0;404071;CONECTOR PERF 50-185MM2 15KV COM ESTRIBO;101;EM Entrada mercador.;180033825;1009609;5000236815;1;28/10/2025;19/11/2025;19/11/2025;07:52:21;710;115.099,52;INVT;EST_INV_AME;MDCOSTA;;;;;;;;;710;UN;CDFL - CD FLORES;;0;710;710;AMEN;;;;0;0;0;;0;0;;;B;;;;0;UN;2025;;;S;WE;0;BRL;;;0;0;UN;UN;12.694,80;9.309,52;;
CDFL;4500117541;;;20;0;0;404071;CONECTOR PERF 50-185MM2 15KV COM ESTRIBO;101;EM Entrada mercador.;180031966;1009609;5000217014;1;17/07/2025;29/07/2025;29/07/2025;09:57:31;300;48.633,60;INVT;EST_INV_AME;MDCOSTA;;;;;;;;;300;UN;CDFL - CD FLORES;;0;300;300;AMEN;;;;0;0;0;;0;0;;;B;;;;0;UN;2025;;;S;WE;0;BRL;;;0;0;UN;UN;5.364,00;3.933,60;;
CDFL;4500143382;;;20;0;0;404084;ESPACADOR LOSANG CLASSE 15KV C/ GARRAS;101;EM Entrada mercador.;180035469;1007001;5000257861;1;13/03/2026;02/04/2026;02/04/2026;10:57:04;872;20.025,00;INVT;EST_INV_AME;MDCOSTA;;;;;;;;;872;UN;CDFL - CD FLORES;;0;872;872;AMEN;;;;0;0;0;;0;0;;;B;;;;0;UN;2026;;;S;WE;0;BRL;;;0;0;UN;UN;1.217,75;2.628,60;;
CDFL;4500143382;;;20;0;0;404084;ESPACADOR LOSANG CLASSE 15KV C/ GARRAS;101;EM Entrada mercador.;180035413;1007001;5000257327;1;04/03/2026;26/03/2026;26/03/2026;14:24:46;6.124;140.634,26;INVT;EST_INV_AME;MDCOSTA;;;;;;;;;6.124;UN;CDFL - CD FLORES;;0;6.124;6.124;AMEN;;;;0;0;0;;0;0;;;B;;;;0;UN;2026;;;S;WE;0;BRL;;;0;0;UN;UN;8.552,17;18.460,46;;
CDFL;4500133044;;;10;0;0;404084;ESPACADOR LOSANG CLASSE 15KV C/ GARRAS;101;EM Entrada mercador.;180033683;1007001;5000235530;1;21/10/2025;11/11/2025;11/11/2025;17:34:36;400;9.185,78;INVT;EST_INV_AME;MDCOSTA;;;;;;;;;400;UN;CDFL - CD FLORES;;0;400;400;AMEN;;;;0;0;0;;0;0;;;B;;;;0;UN;2025;;;S;WE;0;BRL;;;0;0;UN;UN;558,6;1.205,78;;
CDFL;4500131553;;;40;0;0;404113;MED IN 1E 3F 240V 120A TB QE GD B;101;EM Entrada mercador.;180034902;1003382;5000252690;1;23/02/2026;23/02/2026;23/02/2026;08:14:08;2;1.073,33;INVT;EST_INV_AME;MDCOSTA;;;;;;;;;2;UN;CDFL - CD FLORES;;0;2;2;AMEN;;;;0;0;0;;0;0;;;B;;;;0;UN;2026;;;S;WE;0;BRL;;;0;0;UN;UN;118,38;86,81;;
CDFL;4500121342;;;10;0;0;404113;MED IN 1E 3F 240V 120A TB QE GD B;101;EM Entrada mercador.;180033316;1003382;5000232034;1;15/09/2025;17/10/2025;17/10/2025;08:35:03;46;20.812,96;INVT;EST_INV_AME;MDCOSTA;;;;;;;;;46;UN;CDFL - CD FLORES;;0;46;46;AMEN;;;;0;0;0;;0;0;;;B;;;;0;UN;2025;;;S;WE;0;BRL;;;0;0;UN;UN;2.295,55;1.683,40;;
CDFL;4500131553;;;10;0;0;404114;MED IN 2E 3F 120 240V 120A TB QE GD B;101;EM Entrada mercador.;180034822;1003382;5000251547;1;16/02/2026;16/02/2026;16/02/2026;07:40:16;69;43.197,19;INVT;EST_INV_AME;MDCOSTA;;;;;;;;;69;UN;CDFL - CD FLORES;;0;69;69;AMEN;;;;0;0;0;;0;0;;;B;;;;0;UN;2026;;;S;WE;0;BRL;;;0;0;UN;UN;4.764,40;3.493,89;;
CDFL;4500125432;;;10;0;0;404114;MED IN 2E 3F 120 240V 120A TB QE GD B;101;EM Entrada mercador.;180033318;1003382;5000232037;1;16/09/2025;17/10/2025;17/10/2025;08:42:04;30;18.781,38;INVT;EST_INV_AME;MDCOSTA;;;;;;;;;30;UN;CDFL - CD FLORES;;0;30;30;AMEN;;;;0;0;0;;0;0;;;B;;;;0;UN;2025;;;S;WE;0;BRL;;;0;0;UN;UN;2.071,48;1.519,08;;
CDFL;4500109658;;;20;0;0;404115;MED IN 3E 4F 120 240V 120A TB QE GD B;101;EM Entrada mercador.;180035882;1003382;5000263035;1;11/05/2026;11/05/2026;11/05/2026;08:35:14;117; R$ 72.832,41 ;INVT;EST_INV_AME;MDCOSTA;;;;;;;;;117;UN;CDFL - CD FLORES;;0;117;117;AMEN;;;;0;0;0;;0;0;;;B;;;;0;UN;2026;;;S;WE;0;BRL;;;0;0;UN;UN;8.032,99;5.890,86;;
CDFL;4500131553;;;20;0;0;404115;MED IN 3E 4F 120 240V 120A TB QE GD B;101;EM Entrada mercador.;180034703;1003382;5000249578;1;23/12/2025;09/02/2026;09/02/2026;07:42:10;69;49.324,56;INVT;EST_INV_AME;MDCOSTA;;;;;;;;;69;UN;CDFL - CD FLORES;;0;69;69;AMEN;;;;0;0;0;;0;0;;;B;;;;0;UN;2026;;;S;WE;0;BRL;;;0;0;UN;UN;5.440,21;3.989,49;;
CDFL;4500125432;;;20;0;0;404115;MED IN 3E 4F 120 240V 120A TB QE GD B;101;EM Entrada mercador.;180033317;1003382;5000232036;1;15/09/2025;17/10/2025;17/10/2025;08:39:40;29;20.730,62;INVT;EST_INV_AME;MDCOSTA;;;;;;;;;29;UN;CDFL - CD FLORES;;0;29;29;AMEN;;;;0;0;0;;0;0;;;B;;;;0;UN;2025;;;S;WE;0;BRL;;;0;0;UN;UN;2.286,46;1.676,74;;
CDFL;4500119475;;;60;0;0;404123;RETIFICADOR CHAVEADO380VCA/3F/125VCC/140;101;EM Entrada mercador.;180033569;1003776;5000234456;4;24/09/2025;03/11/2025;03/11/2025;14:40:05;1;90.873,77;INVT;EST_INV_AME;MDCOSTA;;;;;;;;;1;UN;CDFL - CD FLORES;;0;1;1;AMEN;;;;0;0;0;;0;0;;;B;;;;0;UN;2025;;;S;WE;0;BRL;;;0;0;UN;UN;4.057,86;12.167,17;;
CDFL;4500119475;;;50;0;0;404124;RETIFICAD CHAVEADO 220VCA/3F/125VCC/100A;101;EM Entrada mercador.;180033569;1003776;5000234456;3;24/09/2025;03/11/2025;03/11/2025;14:40:05;3;220.692,05;INVT;EST_INV_AME;MDCOSTA;;;;;;;;;3;UN;CDFL - CD FLORES;;0;3;3;AMEN;;;;0;0;0;;0;0;;;B;;;;0;UN;2025;;;S;WE;0;BRL;;;0;0;UN;UN;9.854,74;29.548,66;;
CDFL;4500119475;;;20;0;0;404149;RETIFIC CHAVEAD 380VCA/3F/125VCC/160A;101;EM Entrada mercador.;180033569;1003776;5000234456;2;24/09/2025;03/11/2025;03/11/2025;14:40:05;1;99.887,70;INVT;EST_INV_AME;MDCOSTA;;;;;;;;;1;UN;CDFL - CD FLORES;;0;1;1;AMEN;;;;0;0;0;;0;0;;;B;;;;0;UN;2025;;;S;WE;0;BRL;;;0;0;UN;UN;4.460,37;13.374,06;;
CDFL;4500119378;;;10;0;0;404153;TERROMETRO DIGITAL;101;EM Entrada mercador.;180033605;1003143;5000234797;1;02/09/2025;05/11/2025;05/11/2025;15:08:43;2;10.728,00;INVT;EST_INV_AME;MDCOSTA;;;;;;;;;2;UN;CDFL - CD FLORES;;0;2;2;AMEN;;;;0;0;0;;0;0;;;B;;;;0;UN;2025;;;S;WE;0;BRL;;;0;0;UN;UN;360;1.728,00;;
CDFL;4500132947;;;10;0;0;404155;PARAFUSADEIRA FURADEIRA 18V PROFISSIONAL;101;EM Entrada mercador.;180033193;1008610;5000230551;1;01/10/2025;09/10/2025;09/10/2025;11:43:12;2;8.173,52;INVT;EST_INV_AME;MDCOSTA;;;;;;;;;2;UN;CDFL - CD FLORES;;0;2;2;AMEN;;;;0;0;0;;0;0;;;B;;;;0;UN;2025;;;S;WE;0;BRL;;;0;0;UN;UN;1.634,70;0;;
CDFL;4500132947;;;10;0;0;404155;PARAFUSADEIRA FURADEIRA 18V PROFISSIONAL;101;EM Entrada mercador.;180033193;1008610;5000230551;2;01/10/2025;09/10/2025;09/10/2025;11:43:12;1;4.086,76;INVT;EST_INV_AME;MDCOSTA;;;;;;;;;1;UN;CDFL - CD FLORES;;0;1;1;AMEN;;;;0;0;0;;0;0;;;B;;;;0;UN;2025;;;S;WE;0;BRL;;;0;0;UN;UN;817,35;0;;
CDFL;4500131538;;;10;0;0;404155;PARAFUSADEIRA FURADEIRA 18V PROFISSIONAL;101;EM Entrada mercador.;180033000;1021840;5000228526;1;22/09/2025;26/09/2025;26/09/2025;11:05:47;5;6.400,00;INVT;EST_INV_AME;MDCOSTA;;;;;;;;;5;UN;CDFL - CD FLORES;;0;5;5;AMEN;;;;0;0;0;;0;0;;;B;;;;0;UN;2025;;;S;WE;0;BRL;;;0;0;UN;UN;1.280,00;0;;
CDFL;4500123036;;;10;0;0;404159;"CONJ MEDICAO 15KV; 70:1; 5-5A; USO EXT";101;EM Entrada mercador.;180034214;1012848;5000243950;10;02/12/2025;22/12/2025;22/12/2025;14:33:49;8;280.868,40;INVT;EST_INV_AME;MDCOSTA;;;;;;;;;8;UN;CDFL - CD FLORES;;0;8;8;AMEN;;;;0;0;0;;0;0;;;B;;;;0;UN;2025;;;S;WE;0;BRL;;;0;0;UN;UN;17.080,00;36.868,40;;
CDFL;4500123036;;;10;0;0;404159;"CONJ MEDICAO 15KV; 70:1; 5-5A; USO EXT";101;EM Entrada mercador.;180033923;1012848;5000239279;7;05/11/2025;02/12/2025;02/12/2025;11:22:07;16;561.736,80;INVT;EST_INV_AME;MDCOSTA;;;;;;;;;16;UN;CDFL - CD FLORES;;0;16;16;AMEN;;;;0;0;0;;0;0;;;B;;;;0;UN;2025;;;S;WE;0;BRL;;;0;0;UN;UN;34.160,00;73.736,80;;
CDFL;4500123036;;;10;0;0;404159;"CONJ MEDICAO 15KV; 70:1; 5-5A; USO EXT";101;EM Entrada mercador.;180033688;1012848;5000235535;4;08/10/2025;11/11/2025;11/11/2025;18:00:49;4;140.434,20;INVT;EST_INV_AME;MDCOSTA;;;;;;;;;4;UN;CDFL - CD FLORES;;0;4;4;AMEN;;;;0;0;0;;0;0;;;B;;;;0;UN;2025;;;S;WE;0;BRL;;;0;0;UN;UN;8.540,00;18.434,20;;
CDFL;4500123036;;;10;0;0;404159;"CONJ MEDICAO 15KV; 70:1; 5-5A; USO EXT";101;EM Entrada mercador.;180033494;1012848;5000234147;9;08/10/2025;28/10/2025;28/10/2025;11:13:45;12;421.302,60;INVT;EST_INV_AME;MDCOSTA;;;;;;;;;12;UN;CDFL - CD FLORES;;0;12;12;AMEN;;;;0;0;0;;0;0;;;B;;;;0;UN;2025;;;S;WE;0;BRL;;;0;0;UN;UN;25.620,00;55.302,60;;
CDFL;4500139107;;;10;0;0;404160;"CONJ MEDICAO 15KV; 70:1; 10-5A; USO EXT";101;EM Entrada mercador.;180035637;1012848;5000260618;1;25/03/2026;17/04/2026;17/04/2026;09:36:04;30;1.053.256,50;INVT;EST_INV_AME;LPEIXOTO;;;;;;;;;30;UN;CDFL - CD FLORES;;0;30;30;AMEN;;;;0;0;0;;0;0;;;B;;;;0;UN;2026;;;S;WE;0;BRL;;;0;0;UN;UN;64.050,00;138.256,50;;
CDFL;4500126093;;;20;0;0;404160;"CONJ MEDICAO 15KV; 70:1; 10-5A; USO EXT";101;EM Entrada mercador.;180034215;1012848;5000243951;2;24/11/2025;22/12/2025;22/12/2025;14:43:25;26;912.822,30;INVT;EST_INV_AME;MDCOSTA;;;;;;;;;26;UN;CDFL - CD FLORES;;0;26;26;AMEN;;;;0;0;0;;0;0;;;B;;;;0;UN;2025;;;S;WE;0;BRL;;;0;0;UN;UN;55.510,00;119.822,30;;
CDFL;4500123036;;;20;0;0;404160;"CONJ MEDICAO 15KV; 70:1; 10-5A; USO EXT";101;EM Entrada mercador.;180034214;1012848;5000243950;4;02/12/2025;22/12/2025;22/12/2025;14:33:49;10;351.085,50;INVT;EST_INV_AME;MDCOSTA;;;;;;;;;10;UN;CDFL - CD FLORES;;0;10;10;AMEN;;;;0;0;0;;0;0;;;B;;;;0;UN;2025;;;S;WE;0;BRL;;;0;0;UN;UN;21.350,00;46.085,50;;
CDFL;4500123036;;;20;0;0;404160;"CONJ MEDICAO 15KV; 70:1; 10-5A; USO EXT";101;EM Entrada mercador.;180033990;1012848;5000239992;2;07/11/2025;09/12/2025;09/12/2025;10:00:08;2;70.217,10;INVT;EST_INV_AME;MDCOSTA;;;;;;;;;2;UN;CDFL - CD FLORES;;0;2;2;AMEN;;;;0;0;0;;0;0;;;B;;;;0;UN;2025;;;S;WE;0;BRL;;;0;0;UN;UN;4.270,00;9.217,10;;
CDFL;4500123036;;;20;0;0;404160;"CONJ MEDICAO 15KV; 70:1; 10-5A; USO EXT";101;EM Entrada mercador.;180033923;1012848;5000239279;2;05/11/2025;02/12/2025;02/12/2025;11:22:07;28;983.039,40;INVT;EST_INV_AME;MDCOSTA;;;;;;;;;28;UN;CDFL - CD FLORES;;0;28;28;AMEN;;;;0;0;0;;0;0;;;B;;;;0;UN;2025;;;S;WE;0;BRL;;;0;0;UN;UN;59.780,00;129.039,40;;
CDFL;4500123036;;;20;0;0;404160;"CONJ MEDICAO 15KV; 70:1; 10-5A; USO EXT";101;EM Entrada mercador.;180033688;1012848;5000235535;1;08/10/2025;11/11/2025;11/11/2025;18:00:49;4;140.434,20;INVT;EST_INV_AME;MDCOSTA;;;;;;;;;4;UN;CDFL - CD FLORES;;0;4;4;AMEN;;;;0;0;0;;0;0;;;B;;;;0;UN;2025;;;S;WE;0;BRL;;;0;0;UN;UN;8.540,00;18.434,20;;
CDFL;4500123036;;;20;0;0;404160;"CONJ MEDICAO 15KV; 70:1; 10-5A; USO EXT";101;EM Entrada mercador.;180033494;1012848;5000234147;2;08/10/2025;28/10/2025;28/10/2025;11:13:45;26;912.822,30;INVT;EST_INV_AME;MDCOSTA;;;;;;;;;26;UN;CDFL - CD FLORES;;0;26;26;AMEN;;;;0;0;0;;0;0;;;B;;;;0;UN;2025;;;S;WE;0;BRL;;;0;0;UN;UN;55.510,00;119.822,30;;
CDFL;4500139107;;;20;0;0;404161;"CONJ MEDICAO 15KV; 70:1; 15-5A; USO EXT";101;EM Entrada mercador.;180035637;1012848;5000260618;2;25/03/2026;17/04/2026;17/04/2026;09:36:04;8;280.868,40;INVT;EST_INV_AME;LPEIXOTO;;;;;;;;;8;UN;CDFL - CD FLORES;;0;8;8;AMEN;;;;0;0;0;;0;0;;;B;;;;0;UN;2026;;;S;WE;0;BRL;;;0;0;UN;UN;17.080,00;36.868,40;;
CDFL;4500123036;;;30;0;0;404161;"CONJ MEDICAO 15KV; 70:1; 15-5A; USO EXT";101;EM Entrada mercador.;180034214;1012848;5000243950;7;02/12/2025;22/12/2025;22/12/2025;14:33:49;5;175.542,75;INVT;EST_INV_AME;MDCOSTA;;;;;;;;;5;UN;CDFL - CD FLORES;;0;5;5;AMEN;;;;0;0;0;;0;0;;;B;;;;0;UN;2025;;;S;WE;0;BRL;;;0;0;UN;UN;10.675,00;23.042,75;;
CDFL;4500126093;;;30;0;0;404161;"CONJ MEDICAO 15KV; 70:1; 15-5A; USO EXT";101;EM Entrada mercador.;180034215;1012848;5000243951;3;24/11/2025;22/12/2025;22/12/2025;14:43:25;6;210.651,30;INVT;EST_INV_AME;MDCOSTA;;;;;;;;;6;UN;CDFL - CD FLORES;;0;6;6;AMEN;;;;0;0;0;;0;0;;;B;;;;0;UN;2025;;;S;WE;0;BRL;;;0;0;UN;UN;12.810,00;27.651,30;;
CDFL;4500123036;;;30;0;0;404161;"CONJ MEDICAO 15KV; 70:1; 15-5A; USO EXT";101;EM Entrada mercador.;180033990;1012848;5000239992;4;07/11/2025;09/12/2025;09/12/2025;10:00:08;5;175.542,75;INVT;EST_INV_AME;MDCOSTA;;;;;;;;;5;UN;CDFL - CD FLORES;;0;5;5;AMEN;;;;0;0;0;;0;0;;;B;;;;0;UN;2025;;;S;WE;0;BRL;;;0;0;UN;UN;10.675,00;23.042,75;;
CDFL;4500123036;;;30;0;0;404161;"CONJ MEDICAO 15KV; 70:1; 15-5A; USO EXT";101;EM Entrada mercador.;180033494;1012848;5000234147;5;08/10/2025;28/10/2025;28/10/2025;11:13:45;5;175.542,75;INVT;EST_INV_AME;MDCOSTA;;;;;;;;;5;UN;CDFL - CD FLORES;;0;5;5;AMEN;;;;0;0;0;;0;0;;;B;;;;0;UN;2025;;;S;WE;0;BRL;;;0;0;UN;UN;10.675,00;23.042,75;;
CDFL;4500139107;;;30;0;0;404162;"CONJ MEDICAO 15KV; 70:1; 20-5A; USO EXT";101;EM Entrada mercador.;180035637;1012848;5000260618;3;25/03/2026;17/04/2026;17/04/2026;09:36:04;5;175.542,75;INVT;EST_INV_AME;LPEIXOTO;;;;;;;;;5;UN;CDFL - CD FLORES;;0;5;5;AMEN;;;;0;0;0;;0;0;;;B;;;;0;UN;2026;;;S;WE;0;BRL;;;0;0;UN;UN;10.675,00;23.042,75;;
CDFL;4500126093;;;40;0;0;404162;"CONJ MEDICAO 15KV; 70:1; 20-5A; USO EXT";101;EM Entrada mercador.;180034215;1012848;5000243951;4;24/11/2025;22/12/2025;22/12/2025;14:43:25;9;315.976,95;INVT;EST_INV_AME;MDCOSTA;;;;;;;;;9;UN;CDFL - CD FLORES;;0;9;9;AMEN;;;;0;0;0;;0;0;;;B;;;;0;UN;2025;;;S;WE;0;BRL;;;0;0;UN;UN;19.215,00;41.476,95;;
CDFL;4500123036;;;40;0;0;404162;"CONJ MEDICAO 15KV; 70:1; 20-5A; USO EXT";101;EM Entrada mercador.;180034214;1012848;5000243950;9;02/12/2025;22/12/2025;22/12/2025;14:33:49;9;315.976,95;INVT;EST_INV_AME;MDCOSTA;;;;;;;;;9;UN;CDFL - CD FLORES;;0;9;9;AMEN;;;;0;0;0;;0;0;;;B;;;;0;UN;2025;;;S;WE;0;BRL;;;0;0;UN;UN;19.215,00;41.476,95;;
CDFL;4500123036;;;40;0;0;404162;"CONJ MEDICAO 15KV; 70:1; 20-5A; USO EXT";101;EM Entrada mercador.;180033990;1012848;5000239992;6;07/11/2025;09/12/2025;09/12/2025;10:00:08;3;105.325,65;INVT;EST_INV_AME;MDCOSTA;;;;;;;;;3;UN;CDFL - CD FLORES;;0;3;3;AMEN;;;;0;0;0;;0;0;;;B;;;;0;UN;2025;;;S;WE;0;BRL;;;0;0;UN;UN;6.405,00;13.825,65;;
CDFL;4500123036;;;40;0;0;404162;"CONJ MEDICAO 15KV; 70:1; 20-5A; USO EXT";101;EM Entrada mercador.;180033923;1012848;5000239279;5;05/11/2025;02/12/2025;02/12/2025;11:22:07;2;70.217,10;INVT;EST_INV_AME;MDCOSTA;;;;;;;;;2;UN;CDFL - CD FLORES;;0;2;2;AMEN;;;;0;0;0;;0;0;;;B;;;;0;UN;2025;;;S;WE;0;BRL;;;0;0;UN;UN;4.270,00;9.217,10;;
CDFL;4500123036;;;40;0;0;404162;"CONJ MEDICAO 15KV; 70:1; 20-5A; USO EXT";101;EM Entrada mercador.;180033924;1012848;5000239282;1;05/11/2025;02/12/2025;02/12/2025;11:27:06;4;140.434,20;INVT;EST_INV_AME;MDCOSTA;;;;;;;;;4;UN;CDFL - CD FLORES;;0;4;4;AMEN;;;;0;0;0;;0;0;;;B;;;;0;UN;2025;;;S;WE;0;BRL;;;0;0;UN;UN;8.540,00;18.434,20;;
CDFL;4500123036;;;40;0;0;404162;"CONJ MEDICAO 15KV; 70:1; 20-5A; USO EXT";101;EM Entrada mercador.;180033494;1012848;5000234147;7;08/10/2025;28/10/2025;28/10/2025;11:13:45;9;315.976,95;INVT;EST_INV_AME;MDCOSTA;;;;;;;;;9;UN;CDFL - CD FLORES;;0;9;9;AMEN;;;;0;0;0;;0;0;;;B;;;;0;UN;2025;;;S;WE;0;BRL;;;0;0;UN;UN;19.215,00;41.476,95;;
CDFL;4500139107;;;40;0;0;404164;"CONJ MEDICAO 15KV; 70:1; 30-5A; USO EXT";101;EM Entrada mercador.;180035637;1012848;5000260618;4;25/03/2026;17/04/2026;17/04/2026;09:36:04;2;70.217,10;INVT;EST_INV_AME;LPEIXOTO;;;;;;;;;2;UN;CDFL - CD FLORES;;0;2;2;AMEN;;;;0;0;0;;0;0;;;B;;;;0;UN;2026;;;S;WE;0;BRL;;;0;0;UN;UN;4.270,00;9.217,10;;
CDFL;4500123036;;;50;0;0;404164;"CONJ MEDICAO 15KV; 70:1; 30-5A; USO EXT";101;EM Entrada mercador.;180034214;1012848;5000243950;2;02/12/2025;22/12/2025;22/12/2025;14:33:49;6;210.651,30;INVT;EST_INV_AME;MDCOSTA;;;;;;;;;6;UN;CDFL - CD FLORES;;0;6;6;AMEN;;;;0;0;0;;0;0;;;B;;;;0;UN;2025;;;S;WE;0;BRL;;;0;0;UN;UN;12.810,00;27.651,30;;
CDFL;4500123036;;;50;0;0;404164;"CONJ MEDICAO 15KV; 70:1; 30-5A; USO EXT";101;EM Entrada mercador.;180033923;1012848;5000239279;1;05/11/2025;02/12/2025;02/12/2025;11:22:07;6;210.651,30;INVT;EST_INV_AME;MDCOSTA;;;;;;;;;6;UN;CDFL - CD FLORES;;0;6;6;AMEN;;;;0;0;0;;0;0;;;B;;;;0;UN;2025;;;S;WE;0;BRL;;;0;0;UN;UN;12.810,00;27.651,30;;
CDFL;4500123036;;;50;0;0;404164;"CONJ MEDICAO 15KV; 70:1; 30-5A; USO EXT";101;EM Entrada mercador.;180033688;1012848;5000235535;5;08/10/2025;11/11/2025;11/11/2025;18:00:49;1;35.108,55;INVT;EST_INV_AME;MDCOSTA;;;;;;;;;1;UN;CDFL - CD FLORES;;0;1;1;AMEN;;;;0;0;0;;0;0;;;B;;;;0;UN;2025;;;S;WE;0;BRL;;;0;0;UN;UN;2.135,00;4.608,55;;
CDFL;4500123036;;;50;0;0;404164;"CONJ MEDICAO 15KV; 70:1; 30-5A; USO EXT";101;EM Entrada mercador.;180033494;1012848;5000234147;10;08/10/2025;28/10/2025;28/10/2025;11:13:45;2;70.217,10;INVT;EST_INV_AME;MDCOSTA;;;;;;;;;2;UN;CDFL - CD FLORES;;0;2;2;AMEN;;;;0;0;0;;0;0;;;B;;;;0;UN;2025;;;S;WE;0;BRL;;;0;0;UN;UN;4.270,00;9.217,10;;
CDFL;4500139107;;;50;0;0;404165;"CONJ MEDICAO 15KV; 70:1; 40-5A; USO EXT";101;EM Entrada mercador.;180035637;1012848;5000260618;5;25/03/2026;17/04/2026;17/04/2026;09:36:04;5;175.542,75;INVT;EST_INV_AME;LPEIXOTO;;;;;;;;;5;UN;CDFL - CD FLORES;;0;5;5;AMEN;;;;0;0;0;;0;0;;;B;;;;0;UN;2026;;;S;WE;0;BRL;;;0;0;UN;UN;10.675,00;23.042,75;;
CDFL;4500123036;;;70;0;0;404166;"CONJ MEDICAO 15KV; 70:1; 50-5A; USO EXT";101;EM Entrada mercador.;180034214;1012848;5000243950;5;02/12/2025;22/12/2025;22/12/2025;14:33:49;10;351.085,50;INVT;EST_INV_AME;MDCOSTA;;;;;;;;;10;UN;CDFL - CD FLORES;;0;10;10;AMEN;;;;0;0;0;;0;0;;;B;;;;0;UN;2025;;;S;WE;0;BRL;;;0;0;UN;UN;21.350,00;46.085,50;;
CDFL;4500126093;;;70;0;0;404166;"CONJ MEDICAO 15KV; 70:1; 50-5A; USO EXT";101;EM Entrada mercador.;180034215;1012848;5000243951;5;24/11/2025;22/12/2025;22/12/2025;14:43:25;4;140.434,20;INVT;EST_INV_AME;MDCOSTA;;;;;;;;;4;UN;CDFL - CD FLORES;;0;4;4;AMEN;;;;0;0;0;;0;0;;;B;;;;0;UN;2025;;;S;WE;0;BRL;;;0;0;UN;UN;8.540,00;18.434,20;;
CDFL;4500123036;;;70;0;0;404166;"CONJ MEDICAO 15KV; 70:1; 50-5A; USO EXT";101;EM Entrada mercador.;180033923;1012848;5000239279;3;05/11/2025;02/12/2025;02/12/2025;11:22:07;8;280.868,40;INVT;EST_INV_AME;MDCOSTA;;;;;;;;;8;UN;CDFL - CD FLORES;;0;8;8;AMEN;;;;0;0;0;;0;0;;;B;;;;0;UN;2025;;;S;WE;0;BRL;;;0;0;UN;UN;17.080,00;36.868,40;;
CDFL;4500123036;;;70;0;0;404166;"CONJ MEDICAO 15KV; 70:1; 50-5A; USO EXT";101;EM Entrada mercador.;180033494;1012848;5000234147;3;08/10/2025;28/10/2025;28/10/2025;11:13:45;8;280.868,40;INVT;EST_INV_AME;MDCOSTA;;;;;;;;;8;UN;CDFL - CD FLORES;;0;8;8;AMEN;;;;0;0;0;;0;0;;;B;;;;0;UN;2025;;;S;WE;0;BRL;;;0;0;UN;UN;17.080,00;36.868,40;;
CDFL;4500123036;;;90;0;0;404167;"CONJ MEDICAO 15KV; 70:1; 75-5A; USO EXT";101;EM Entrada mercador.;180034214;1012848;5000243950;8;02/12/2025;22/12/2025;22/12/2025;14:33:49;10;351.085,50;INVT;EST_INV_AME;MDCOSTA;;;;;;;;;10;UN;CDFL - CD FLORES;;0;10;10;AMEN;;;;0;0;0;;0;0;;;B;;;;0;UN;2025;;;S;WE;0;BRL;;;0;0;UN;UN;21.350,00;46.085,50;;
CDFL;4500123036;;;90;0;0;404167;"CONJ MEDICAO 15KV; 70:1; 75-5A; USO EXT";101;EM Entrada mercador.;180033990;1012848;5000239992;5;07/11/2025;09/12/2025;09/12/2025;10:00:08;2;70.217,10;INVT;EST_INV_AME;MDCOSTA;;;;;;;;;2;UN;CDFL - CD FLORES;;0;2;2;AMEN;;;;0;0;0;;0;0;;;B;;;;0;UN;2025;;;S;WE;0;BRL;;;0;0;UN;UN;4.270,00;9.217,10;;
CDFL;4500123036;;;90;0;0;404167;"CONJ MEDICAO 15KV; 70:1; 75-5A; USO EXT";101;EM Entrada mercador.;180033923;1012848;5000239279;4;05/11/2025;02/12/2025;02/12/2025;11:22:07;8;280.868,40;INVT;EST_INV_AME;MDCOSTA;;;;;;;;;8;UN;CDFL - CD FLORES;;0;8;8;AMEN;;;;0;0;0;;0;0;;;B;;;;0;UN;2025;;;S;WE;0;BRL;;;0;0;UN;UN;17.080,00;36.868,40;;
CDFL;4500123036;;;90;0;0;404167;"CONJ MEDICAO 15KV; 70:1; 75-5A; USO EXT";101;EM Entrada mercador.;180033494;1012848;5000234147;6;08/10/2025;28/10/2025;28/10/2025;11:13:45;2;70.217,10;INVT;EST_INV_AME;MDCOSTA;;;;;;;;;2;UN;CDFL - CD FLORES;;0;2;2;AMEN;;;;0;0;0;;0;0;;;B;;;;0;UN;2025;;;S;WE;0;BRL;;;0;0;UN;UN;4.270,00;9.217,10;;
CDFL;4500139107;;;60;0;0;404168;"CONJ MEDICAO 15KV; 70:1; 60-5A; USO EXT";101;EM Entrada mercador.;180035637;1012848;5000260618;6;25/03/2026;17/04/2026;17/04/2026;09:36:04;1;35.108,55;INVT;EST_INV_AME;LPEIXOTO;;;;;;;;;1;UN;CDFL - CD FLORES;;0;1;1;AMEN;;;;0;0;0;;0;0;;;B;;;;0;UN;2026;;;S;WE;0;BRL;;;0;0;UN;UN;2.135,00;4.608,55;;
CDFL;4500123036;;;110;0;0;404169;"CONJ MEDICAO 15KV; 70:1; 150-5A; USO EXT";101;EM Entrada mercador.;180034214;1012848;5000243950;3;02/12/2025;22/12/2025;22/12/2025;14:33:49;3;105.325,65;INVT;EST_INV_AME;MDCOSTA;;;;;;;;;3;UN;CDFL - CD FLORES;;0;3;3;AMEN;;;;0;0;0;;0;0;;;B;;;;0;UN;2025;;;S;WE;0;BRL;;;0;0;UN;UN;6.405,00;13.825,65;;
CDFL;4500123036;;;110;0;0;404169;"CONJ MEDICAO 15KV; 70:1; 150-5A; USO EXT";101;EM Entrada mercador.;180033990;1012848;5000239992;1;07/11/2025;09/12/2025;09/12/2025;10:00:08;3;105.325,65;INVT;EST_INV_AME;MDCOSTA;;;;;;;;;3;UN;CDFL - CD FLORES;;0;3;3;AMEN;;;;0;0;0;;0;0;;;B;;;;0;UN;2025;;;S;WE;0;BRL;;;0;0;UN;UN;6.405,00;13.825,65;;
CDFL;4500123036;;;110;0;0;404169;"CONJ MEDICAO 15KV; 70:1; 150-5A; USO EXT";101;EM Entrada mercador.;180033494;1012848;5000234147;1;08/10/2025;28/10/2025;28/10/2025;11:13:45;3;105.325,65;INVT;EST_INV_AME;MDCOSTA;;;;;;;;;3;UN;CDFL - CD FLORES;;0;3;3;AMEN;;;;0;0;0;;0;0;;;B;;;;0;UN;2025;;;S;WE;0;BRL;;;0;0;UN;UN;6.405,00;13.825,65;;
CDFL;4500123036;;;120;0;0;404170;"CONJ MEDICAO 15KV; 70:1; 200-5A; USO EXT";101;EM Entrada mercador.;180034214;1012848;5000243950;6;02/12/2025;22/12/2025;22/12/2025;14:33:49;1;35.108,55;INVT;EST_INV_AME;MDCOSTA;;;;;;;;;1;UN;CDFL - CD FLORES;;0;1;1;AMEN;;;;0;0;0;;0;0;;;B;;;;0;UN;2025;;;S;WE;0;BRL;;;0;0;UN;UN;2.135,00;4.608,55;;
CDFL;4500126093;;;120;0;0;404170;"CONJ MEDICAO 15KV; 70:1; 200-5A; USO EXT";101;EM Entrada mercador.;180034215;1012848;5000243951;1;24/11/2025;22/12/2025;22/12/2025;14:43:25;3;105.325,65;INVT;EST_INV_AME;MDCOSTA;;;;;;;;;3;UN;CDFL - CD FLORES;;0;3;3;AMEN;;;;0;0;0;;0;0;;;B;;;;0;UN;2025;;;S;WE;0;BRL;;;0;0;UN;UN;6.405,00;13.825,65;;
CDFL;4500123036;;;120;0;0;404170;"CONJ MEDICAO 15KV; 70:1; 200-5A; USO EXT";101;EM Entrada mercador.;180033990;1012848;5000239992;3;07/11/2025;09/12/2025;09/12/2025;10:00:08;1;35.108,55;INVT;EST_INV_AME;MDCOSTA;;;;;;;;;1;UN;CDFL - CD FLORES;;0;1;1;AMEN;;;;0;0;0;;0;0;;;B;;;;0;UN;2025;;;S;WE;0;BRL;;;0;0;UN;UN;2.135,00;4.608,55;;
CDFL;4500123036;;;120;0;0;404170;"CONJ MEDICAO 15KV; 70:1; 200-5A; USO EXT";101;EM Entrada mercador.;180033494;1012848;5000234147;4;08/10/2025;28/10/2025;28/10/2025;11:13:45;1;35.108,55;INVT;EST_INV_AME;MDCOSTA;;;;;;;;;1;UN;CDFL - CD FLORES;;0;1;1;AMEN;;;;0;0;0;;0;0;;;B;;;;0;UN;2025;;;S;WE;0;BRL;;;0;0;UN;UN;2.135,00;4.608,55;;
CDFL;4500123036;;;130;0;0;404171;"CONJ MEDICAO 15KV; 70:1; 300-5A; USO EXT";101;EM Entrada mercador.;180033688;1012848;5000235535;2;08/10/2025;11/11/2025;11/11/2025;18:00:49;1;36.835,20;INVT;EST_INV_AME;MDCOSTA;;;;;;;;;1;UN;CDFL - CD FLORES;;0;1;1;AMEN;;;;0;0;0;;0;0;;;B;;;;0;UN;2025;;;S;WE;0;BRL;;;0;0;UN;UN;2.240,00;4.835,20;;
CDFL;4500139107;;;70;0;0;404172;"CONJ MEDICAO 15KV; 70:1; 100-5A; USO EXT";101;EM Entrada mercador.;180035637;1012848;5000260618;7;25/03/2026;17/04/2026;17/04/2026;09:36:04;1;35.108,55;INVT;EST_INV_AME;LPEIXOTO;;;;;;;;;1;UN;CDFL - CD FLORES;;0;1;1;AMEN;;;;0;0;0;;0;0;;;B;;;;0;UN;2026;;;S;WE;0;BRL;;;0;0;UN;UN;2.135,00;4.608,55;;
CDFL;4500123036;;;100;0;0;404172;"CONJ MEDICAO 15KV; 70:1; 100-5A; USO EXT";101;EM Entrada mercador.;180034214;1012848;5000243950;1;02/12/2025;22/12/2025;22/12/2025;14:33:49;4;140.434,20;INVT;EST_INV_AME;MDCOSTA;;;;;;;;;4;UN;CDFL - CD FLORES;;0;4;4;AMEN;;;;0;0;0;;0;0;;;B;;;;0;UN;2025;;;S;WE;0;BRL;;;0;0;UN;UN;8.540,00;18.434,20;;
CDFL;4500123036;;;100;0;0;404172;"CONJ MEDICAO 15KV; 70:1; 100-5A; USO EXT";101;EM Entrada mercador.;180033923;1012848;5000239279;6;05/11/2025;02/12/2025;02/12/2025;11:22:07;4;140.434,20;INVT;EST_INV_AME;MDCOSTA;;;;;;;;;4;UN;CDFL - CD FLORES;;0;4;4;AMEN;;;;0;0;0;;0;0;;;B;;;;0;UN;2025;;;S;WE;0;BRL;;;0;0;UN;UN;8.540,00;18.434,20;;
CDFL;4500123036;;;100;0;0;404172;"CONJ MEDICAO 15KV; 70:1; 100-5A; USO EXT";101;EM Entrada mercador.;180033494;1012848;5000234147;8;08/10/2025;28/10/2025;28/10/2025;11:13:45;4;140.434,20;INVT;EST_INV_AME;MDCOSTA;;;;;;;;;4;UN;CDFL - CD FLORES;;0;4;4;AMEN;;;;0;0;0;;0;0;;;B;;;;0;UN;2025;;;S;WE;0;BRL;;;0;0;UN;UN;8.540,00;18.434,20;;
CDFL;4500125460;;;80;0;0;404176;ALICATE UNIV 8P ACR FORJ;101;EM Entrada mercador.;180032890;1003818;5000227504;7;08/09/2025;22/09/2025;22/09/2025;16:12:20;25;896,75;INVT;EST_INV_AME;MDCOSTA;;;;;;;;;25;UN;CDFL - CD FLORES;;0;25;25;AMEN;;;;0;0;0;;0;0;;;B;;;;0;UN;2025;;;S;WE;0;BRL;;;0;0;UN;UN;0;0;;
CDFL;4500134074;;;10;0;0;404196;MODULO COMUNIC. INT. 4G P/ MEDIDOR;101;EM Entrada mercador.;180033926;1009270;5000239295;1;12/11/2025;02/12/2025;02/12/2025;14:15:54;100;115.106,55;INVT;EST_INV_AME;MDCOSTA;;;;;;;;;100;UN;CDFL - CD FLORES;;0;100;100;AMEN;;;;0;0;0;;0;0;;;B;;;;0;UN;2025;;;S;WE;0;BRL;;;0;0;UN;UN;6.999,79;15.109,55;;
CDFL;4500135074;;;10;0;0;404205;SWITCH DE FIBRAS 24 PORTAS 10/100 MBPS;101;EM Entrada mercador.;180035097;1009730;5000254288;1;06/03/2026;06/03/2026;06/03/2026;11:10:13;7;220.237,07;INVT;EST_INV_AME;MDCOSTA;;;;;;;;;7;UN;CDFL - CD FLORES;;0;7;7;AMEN;;;;0;0;0;;0;0;;;B;;;;0;UN;2026;;;S;WE;0;BRL;;;0;0;UN;UN;6.999,79;15.109,55;;
CDFL;4500135566;;;10;0;0;404212;CONECTOR FIBRA OPTICA CLICK  POF 2,2MM;101;EM Entrada mercador.;180033867;1009270;5000237881;1;10/11/2025;24/11/2025;24/11/2025;09:30:41;806;16.616,66;INVT;EST_INV_AME;MDCOSTA;;;;;;;;;806;UN;CDFL - CD FLORES;;0;806;806;AMEN;;;;0;0;0;;0;0;;;B;;;;0;UN;2025;;;S;WE;0;BRL;;;0;0;UN;UN;1.010,48;2.181,20;;
CDFL;4500153286;;;10;0;0;404234;MODULO DE COMUNICACAO REMOTA;101;EM Entrada mercador.;180036174;1009270;5000266332;1;18/05/2026;28/05/2026;28/05/2026;09:36:31;60; R$ 103.163,89 ;INVT;EST_INV_AME;LPEIXOTO;;;;;;;;;60;UN;CDFL - CD FLORES;;0;60;60;AMEN;;;;0;0;0;;0;0;;;B;;;;0;UN;2026;;;S;WE;0;BRL;;;0;0;UN;UN;6.273,54;13.541,88;;
CDFL;4500117860;;;10;0;0;404234;MODULO DE COMUNICACAO REMOTA;101;EM Entrada mercador.;180032995;1009270;5000228522;1;10/09/2025;26/09/2025;26/09/2025;10:47:58;384;660.248,86;INVT;EST_INV_AME;MDCOSTA;;;;;;;;;384;UN;CDFL - CD FLORES;;0;384;384;AMEN;;;;0;0;0;;0;0;;;B;;;;0;UN;2025;;;S;WE;0;BRL;;;0;0;UN;UN;40.150,66;86.668,06;;
CDFL;4500114652;;;10;0;0;404234;MODULO DE COMUNICACAO REMOTA;101;EM Entrada mercador.;180032077;1009270;5000217956;1;16/07/2025;07/08/2025;07/08/2025;09:45:11;150;257.909,71;INVT;EST_INV_AME;MDCOSTA;;;;;;;;;150;UN;CDFL - CD FLORES;;0;150;150;AMEN;;;;0;0;0;;0;0;;;B;;;;0;UN;2025;;;S;WE;0;BRL;;;0;0;UN;UN;15.683,85;33.854,71;;
CDFL;4500114652;;;10;0;0;404234;MODULO DE COMUNICACAO REMOTA;101;EM Entrada mercador.;180031631;1009270;5000213583;1;25/06/2025;08/07/2025;08/07/2025;07:58:04;300;515.819,42;INVT;EST_INV_AME;MDCOSTA;;;;;;;;;300;UN;CDFL - CD FLORES;;0;300;300;AMEN;;;;0;0;0;;0;0;;;B;;;;0;UN;2025;;;S;WE;0;BRL;;;0;0;UN;UN;31.367,70;67.709,42;;
CDFL;4500129084;;;10;0;0;404282;CABO OPTICO CALIBRAVEL RS232 ABNT;101;EM Entrada mercador.;180033238;1009270;5000230979;1;02/10/2025;13/10/2025;13/10/2025;15:16:48;391;87.927,65;INVT;EST_INV_AME;MDCOSTA;;;;;;;;;391;KG;CDFL - CD FLORES;;0;391;391;AMEN;;;;0;0;0;;0;0;;;B;;;;0;KG;2025;;;S;WE;0;BRL;;;0;0;KG;KG;5.347,00;11.541,89;;
CDFL;4500124119;;;10;0;0;404282;CABO OPTICO CALIBRAVEL RS232 ABNT;101;EM Entrada mercador.;180032481;1009270;5000221818;1;18/08/2025;27/08/2025;27/08/2025;10:33:00;319;71.736,37;INVT;EST_INV_AME;MDCOSTA;;;;;;;;;319;KG;CDFL - CD FLORES;;0;319;319;AMEN;;;;0;0;0;;0;0;;;B;;;;0;KG;2025;;;S;WE;0;BRL;;;0;0;KG;KG;4.362,39;9.416,53;;
CDFL;4500126069;;;10;0;0;404613;"TRAFO CRTE 15KV; 40-5A; 0,3C12,5 BARRA";101;EM Entrada mercador.;180034026;1007548;5000240967;1;13/11/2025;11/12/2025;11/12/2025;08:41:01;2;2.992,86;INVT;EST_INV_AME;MDCOSTA;;;;;;;;;2;UN;CDFL - CD FLORES;;0;2;2;AMEN;;;;0;0;0;;0;0;;;B;;;;0;UN;2025;;;S;WE;0;BRL;;;0;0;UN;UN;182;392,86;;
CDFL;4500131553;;;30;0;0;404617;MEDIDOR INTEL  3EL 4F 120V/220V 30/200A;101;EM Entrada mercador.;180034901;1003382;5000252685;1;23/02/2026;23/02/2026;23/02/2026;08:10:15;15;18.719,86;INVT;EST_INV_AME;MDCOSTA;;;;;;;;;15;UN;CDFL - CD FLORES;;0;15;15;AMEN;;;;0;0;0;;0;0;;;B;;;;0;UN;2026;;;S;WE;0;BRL;;;0;0;UN;UN;2.064,69;1.514,11;;
CDFL;4500125432;;;30;0;0;404617;MEDIDOR INTEL  3EL 4F 120V/220V 30/200A;101;EM Entrada mercador.;180033345;1003382;5000232283;1;22/09/2025;20/10/2025;20/10/2025;08:10:50;2;2.495,98;INVT;EST_INV_AME;MDCOSTA;;;;;;;;;2;UN;CDFL - CD FLORES;;0;2;2;AMEN;;;;0;0;0;;0;0;;;B;;;;0;UN;2025;;;S;WE;0;BRL;;;0;0;UN;UN;275,29;201,88;;
CDFL;4500109658;;;10;0;0;404617;MEDIDOR INTEL  3EL 4F 120V/220V 30/200A;101;EM Entrada mercador.;180031958;1003382;5000217005;1;26/06/2025;29/07/2025;29/07/2025;09:06:07;20;19.744,15;INVT;EST_INV_AME;MDCOSTA;;;;;;;;;20;UN;CDFL - CD FLORES;;0;20;20;AMEN;;;;0;0;0;;0;0;;;B;;;;0;UN;2025;;;S;WE;0;BRL;;;0;0;UN;UN;2.177,66;1.596,95;;
CDFL;4500150392;;;80;0;0;404719;FIXADOR PERFIL U AC 150DAN 300DAN;101;EM Entrada mercador.;180036067;1003152;5000266041;3;22/05/2026;22/05/2026;22/05/2026;08:22:39;2.219; R$ 41.686,03 ;INVT;EST_INV_AME;LPEIXOTO;;;;;;;;;2.219;UN;CDFL - CD FLORES;;0;2.219;2.219;AMEN;;;;0;0;0;;0;0;;;B;;;;0;UN;2026;;;S;WE;0;BRL;;;0;0;UN;UN;2.534,99;5.471,95;;
CDFL;4500143335;;;120;0;0;404719;FIXADOR PERFIL U AC 150DAN 300DAN;101;EM Entrada mercador.;180035527;1007262;5000259159;5;19/03/2026;09/04/2026;09/04/2026;16:15:00;168;3.842,12;INVT;EST_INV_AME;LPEIXOTO;;;;;;;;;168;UN;CDFL - CD FLORES;;0;168;168;AMEN;;;;0;0;0;;0;0;;;B;;;;0;UN;2026;;;S;WE;0;BRL;;;0;0;UN;UN;423,76;310,76;;
CDFL;4500137967;;;70;0;0;404719;FIXADOR PERFIL U AC 150DAN 300DAN;101;EM Entrada mercador.;180035066;1007262;5000253642;7;04/03/2026;04/03/2026;04/03/2026;08:18:44;20;457,4;INVT;EST_INV_AME;MDCOSTA;;;;;;;;;20;UN;CDFL - CD FLORES;;0;20;20;AMEN;;;;0;0;0;;0;0;;;B;;;;0;UN;2026;;;S;WE;0;BRL;;;0;0;UN;UN;50,45;37;;
CDFL;4500113303;;;40;0;0;404719;FIXADOR PERFIL U AC 150DAN 300DAN;101;EM Entrada mercador.;180031691;1007262;5000214519;4;23/06/2025;11/07/2025;11/07/2025;10:22:08;134;3.064,55;INVT;EST_INV_AME;MDCOSTA;;;;;;;;;134;UN;CDFL - CD FLORES;;0;134;134;AMEN;;;;0;0;0;;0;0;;;B;;;;0;UN;2025;;;S;WE;0;BRL;;;0;0;UN;UN;338;247,87;;
CDFL;4500114558;;;50;0;0;404719;FIXADOR PERFIL U AC 150DAN 300DAN;101;EM Entrada mercador.;180031692;1007262;5000214521;4;23/06/2025;11/07/2025;11/07/2025;10:26:24;87;1.989,67;INVT;EST_INV_AME;MDCOSTA;;;;;;;;;87;UN;CDFL - CD FLORES;;0;87;87;AMEN;;;;0;0;0;;0;0;;;B;;;;0;UN;2025;;;S;WE;0;BRL;;;0;0;UN;UN;219,45;160,93;;
CDFL;4500150257;;;10;0;0;404732;CONECTOR PERFUR 50-185MM MED TENSAO 15KV;101;EM Entrada mercador.;180036132;1020062;5000266289;1;15/05/2026;27/05/2026;27/05/2026;10:16:38;2.000; R$ 187.136,00 ;INVT;EST_INV_AME;MDCOSTA;;;;;;;;;2.000;UN;CDFL - CD FLORES;;0;2.000;2.000;AMEN;;;;0;0;0;;0;0;;;B;;;;0;UN;2026;;;S;WE;0;BRL;;;0;0;UN;UN;20.640,00;15.136,00;;
CDFL;4500150257;;;10;0;0;404732;CONECTOR PERFUR 50-185MM MED TENSAO 15KV;101;EM Entrada mercador.;180036133;1020062;5000266290;1;15/05/2026;27/05/2026;27/05/2026;10:19:43;2.000; R$ 187.136,00 ;INVT;EST_INV_AME;MDCOSTA;;;;;;;;;2.000;UN;CDFL - CD FLORES;;0;2.000;2.000;AMEN;;;;0;0;0;;0;0;;;B;;;;0;UN;2026;;;S;WE;0;BRL;;;0;0;UN;UN;20.640,00;15.136,00;;
CDFL;4500148053;;;20;0;0;404732;CONECTOR PERFUR 50-185MM MED TENSAO 15KV;101;EM Entrada mercador.;180035869;1020062;5000262994;1;27/04/2026;08/05/2026;08/05/2026;14:56:41;2.000; R$ 187.136,00 ;INVT;EST_INV_AME;LPEIXOTO;;;;;;;;;2.000;UN;CDFL - CD FLORES;;0;2.000;2.000;AMEN;;;;0;0;0;;0;0;;;B;;;;0;UN;2026;;;S;WE;0;BRL;;;0;0;UN;UN;20.640,00;15.136,00;;
CDFL;4500145290;;;10;0;0;404732;CONECTOR PERFUR 50-185MM MED TENSAO 15KV;101;EM Entrada mercador.;180035605;1020062;5000260113;1;30/03/2026;15/04/2026;15/04/2026;12:31:51;153;14.315,90;INVT;EST_INV_AME;LPEIXOTO;;;;;;;;;153;UN;CDFL - CD FLORES;;0;153;153;AMEN;;;;0;0;0;;0;0;;;B;;;;0;UN;2026;;;S;WE;0;BRL;;;0;0;UN;UN;1.578,96;1.157,90;;
CDFL;4500144973;;;10;0;0;404732;CONECTOR PERFUR 50-185MM MED TENSAO 15KV;101;EM Entrada mercador.;180035607;1020062;5000260115;1;30/03/2026;15/04/2026;15/04/2026;12:42:34;414;38.737,15;INVT;EST_INV_AME;LPEIXOTO;;;;;;;;;414;UN;CDFL - CD FLORES;;0;414;414;AMEN;;;;0;0;0;;0;0;;;B;;;;0;UN;2026;;;S;WE;0;BRL;;;0;0;UN;UN;4.272,48;3.133,15;;
CDFL;4500144973;;;10;0;0;404732;CONECTOR PERFUR 50-185MM MED TENSAO 15KV;101;EM Entrada mercador.;180035120;1020062;5000254476;1;25/02/2026;09/03/2026;09/03/2026;11:02:02;1.000;93.568,00;INVT;EST_INV_AME;MDCOSTA;;;;;;;;;1.000;UN;CDFL - CD FLORES;;0;1.000;1.000;AMEN;;;;0;0;0;;0;0;;;B;;;;0;UN;2026;;;S;WE;0;BRL;;;0;0;UN;UN;10.320,00;7.568,00;;
CDFL;4500138298;;;40;0;0;404732;CONECTOR PERFUR 50-185MM MED TENSAO 15KV;101;EM Entrada mercador.;180034697;1020062;5000249389;2;30/01/2026;06/02/2026;06/02/2026;08:35:16;428;40.047,10;INVT;EST_INV_AME;MDCOSTA;;;;;;;;;428;UN;CDFL - CD FLORES;;0;428;428;AMEN;;;;0;0;0;;0;0;;;B;;;;0;UN;2026;;;S;WE;0;BRL;;;0;0;UN;UN;4.416,96;3.239,10;;
CDFL;4500131416;;;30;0;0;404732;CONECTOR PERFUR 50-185MM MED TENSAO 15KV;101;EM Entrada mercador.;180033761;1020062;5000236320;1;21/10/2025;17/11/2025;17/11/2025;10:49:15;1.700;159.065,60;INVT;EST_INV_AME;MDCOSTA;;;;;;;;;1.700;UN;CDFL - CD FLORES;;0;1.700;1.700;AMEN;;;;0;0;0;;0;0;;;B;;;;0;UN;2025;;;S;WE;0;BRL;;;0;0;UN;UN;17.544,00;12.865,60;;
CDFL;4500117571;;;10;0;0;404732;CONECTOR PERFUR 50-185MM MED TENSAO 15KV;101;EM Entrada mercador.;180031967;1020062;5000217017;1;17/07/2025;29/07/2025;29/07/2025;10:02:30;350;32.748,80;INVT;EST_INV_AME;MDCOSTA;;;;;;;;;350;UN;CDFL - CD FLORES;;0;350;350;AMEN;;;;0;0;0;;0;0;;;B;;;;0;UN;2025;;;S;WE;0;BRL;;;0;0;UN;UN;3.612,00;2.648,80;;
CDFL;4500128452;;;10;0;0;404740;CONECTOR PERF 15KV 35-70 / 35-70MM2;101;EM Entrada mercador.;180033679;1009609;5000235526;1;13/10/2025;11/11/2025;11/11/2025;17:20:08;500;38.520,64;INVT;EST_INV_AME;MDCOSTA;;;;;;;;;500;UN;CDFL - CD FLORES;;0;500;500;AMEN;;;;0;0;0;;0;0;;;B;;;;0;UN;2025;;;S;WE;0;BRL;;;0;0;UN;UN;4.248,60;3.115,64;;
CDFL;4500143335;;;50;0;0;404972;BRACO TIPO J;101;EM Entrada mercador.;180035528;1007262;5000259162;5;19/03/2026;09/04/2026;09/04/2026;16:22:45;30;15.580,70;INVT;EST_INV_AME;LPEIXOTO;;;;;;;;;30;UN;CDFL - CD FLORES;;0;30;30;AMEN;;;;0;0;0;;0;0;;;B;;;;0;UN;2026;;;S;WE;0;BRL;;;0;0;UN;UN;1.718,46;1.260,20;;
CDFL;4500113303;;;50;0;0;404972;BRACO TIPO J;101;EM Entrada mercador.;180031691;1007262;5000214519;5;23/06/2025;11/07/2025;11/07/2025;10:22:08;69;35.835,62;INVT;EST_INV_AME;MDCOSTA;;;;;;;;;69;UN;CDFL - CD FLORES;;0;69;69;AMEN;;;;0;0;0;;0;0;;;B;;;;0;UN;2025;;;S;WE;0;BRL;;;0;0;UN;UN;3.952,46;2.898,47;;
CDFL;4500123154;;;20;0;0;405487;TERMINAL TUBULAR CU ESTANHADO 25MM2 AZ;101;EM Entrada mercador.;180034089;1003624;5000241859;1;09/12/2025;15/12/2025;15/12/2025;11:17:26;196.825;145.650,50;INVT;EST_INV_AME;MDCOSTA;;;;;;;;;196.825;UN;CDFL - CD FLORES;;0;196.825;196.825;AMEN;;;;0;0;0;;0;0;;;B;;;;0;UN;2025;;;S;WE;0;BRL;;;0;0;UN;UN;0;0;;
CDFL;4500150386;;;10;0;0;405491;TERMINAL TUBULAR CU ESTANHADO 35MM2;101;EM Entrada mercador.;180036055;1003515;5000265852;1;14/05/2026;21/05/2026;21/05/2026;10:04:01;2.150; R$ 1.935,00 ;INVT;EST_INV_AME;LPEIXOTO;;;;;;;;;2.150;UN;CDFL - CD FLORES;;0;2.150;2.150;AMEN;;;;0;0;0;;0;0;;;B;;;;0;UN;2026;;;S;WE;0;BRL;;;0;0;UN;UN;0;0;;
CDFL;4500123154;;;50;0;0;405491;TERMINAL TUBULAR CU ESTANHADO 35MM2;101;EM Entrada mercador.;180035538;1003624;5000259279;1;10/04/2026;10/04/2026;10/04/2026;10:46:28;13.666;13.392,68;INVT;EST_INV_AME;LPEIXOTO;;;;;;;;;13.666;UN;CDFL - CD FLORES;;0;13.666;13.666;AMEN;;;;0;0;0;;0;0;;;B;;;;0;UN;2026;;;S;WE;0;BRL;;;0;0;UN;UN;0;0;;
CDFL;4500149691;;;10;0;0;405491;TERMINAL TUBULAR CU ESTANHADO 35MM2;101;EM Entrada mercador.;180035522;1003515;5000259094;1;06/04/2026;09/04/2026;09/04/2026;14:41:29;30.000;27.000,00;INVT;EST_INV_AME;LPEIXOTO;;;;;;;;;30.000;UN;CDFL - CD FLORES;;0;30.000;30.000;AMEN;;;;0;0;0;;0;0;;;B;;;;0;UN;2026;;;S;WE;0;BRL;;;0;0;UN;UN;0;0;;
CDFL;4500123154;;;40;0;0;405491;TERMINAL TUBULAR CU ESTANHADO 35MM2;101;EM Entrada mercador.;180035386;1003624;5000257298;1;26/03/2026;26/03/2026;26/03/2026;08:30:41;719;704,62;INVT;EST_INV_AME;MDCOSTA;;;;;;;;;719;UN;CDFL - CD FLORES;;0;719;719;AMEN;;;;0;0;0;;0;0;;;B;;;;0;UN;2026;;;S;WE;0;BRL;;;0;0;UN;UN;0;0;;
CDFL;4500123154;;;40;0;0;405491;TERMINAL TUBULAR CU ESTANHADO 35MM2;101;EM Entrada mercador.;180034659;1003624;5000248760;1;04/02/2026;04/02/2026;04/02/2026;08:17:05;8.150;7.987,00;INVT;EST_INV_AME;MDCOSTA;;;;;;;;;8.150;UN;CDFL - CD FLORES;;0;8.150;8.150;AMEN;;;;0;0;0;;0;0;;;B;;;;0;UN;2026;;;S;WE;0;BRL;;;0;0;UN;UN;0;0;;
CDFL;4500123154;;;30;0;0;405491;TERMINAL TUBULAR CU ESTANHADO 35MM2;101;EM Entrada mercador.;180034089;1003624;5000241859;2;09/12/2025;15/12/2025;15/12/2025;11:17:26;22.550;22.099,00;INVT;EST_INV_AME;MDCOSTA;;;;;;;;;22.550;UN;CDFL - CD FLORES;;0;22.550;22.550;AMEN;;;;0;0;0;;0;0;;;B;;;;0;UN;2025;;;S;WE;0;BRL;;;0;0;UN;UN;0;0;;
CDFL;4500138303;;;140;0;0;406859;ALCA PREFORM 70MM2;101;EM Entrada mercador.;180035524;1007593;5000259116;1;19/02/2026;09/04/2026;09/04/2026;15:10:59;60;407,49;INVT;EST_INV_AME;LPEIXOTO;;;;;;;;;60;PEÇ;CDFL - CD FLORES;;0;60;60;AMEN;;;;0;0;0;;0;0;;;B;;;;0;PEÇ;2026;;;S;WE;0;BRL;;;0;0;PEÇ;PEÇ;24,78;53,49;;
CDFL;4500147864;;;10;0;0;407096;PROTETOR P/ CABO BT PVC COMP 2000MM;101;EM Entrada mercador.;180035850;1012258;5000262766;1;16/04/2026;07/05/2026;07/05/2026;10:33:52;2.582; R$ 587.324,62 ;INVT;EST_INV_AME;LPEIXOTO;;;;;;;;;2.582;PEÇ;CDFL - CD FLORES;;0;2.582;2.582;AMEN;;;;0;0;0;;0;0;;;B;;;;0;PEÇ;2026;;;S;WE;0;BRL;;;0;0;PEÇ;PEÇ;35.716,03;77.095,60;;
CDFL;4500130625;;;10;0;0;407129;CONECTOR PARAF FENDIDO BIMETAL PFB-25;101;EM Entrada mercador.;180033970;1003799;5000239792;1;05/11/2025;05/12/2025;05/12/2025;09:04:53;3.600;32.488,65;INVT;EST_INV_AME;MDCOSTA;;;;;;;;;3.600;UN;CDFL - CD FLORES;;0;3.600;3.600;AMEN;;;;0;0;0;;0;0;;;B;;;;0;UN;2025;;;S;WE;0;BRL;;;0;0;UN;UN;1.975,68;4.264,65;;
CDFL;4500117854;;;10;0;0;407130;RELIGADOR 1F AUTOMATICO 15KV 200A 6,3kA;101;EM Entrada mercador.;180033413;1004930;5000233241;1;19/09/2025;22/10/2025;22/10/2025;08:59:45;6;84.393,60;INVT;EST_INV_AME;MDCOSTA;;;;;;;;;6;PEÇ;CDFL - CD FLORES;;0;6;6;AMEN;;;;0;0;0;;0;0;;;B;;;;0;PEÇ;2025;;;S;WE;0;BRL;;;0;0;PEÇ;PEÇ;2.832,00;13.593,60;;
CDFL;4500116470;;;10;0;0;407130;RELIGADOR 1F AUTOMATICO 15KV 200A 6,3kA;101;EM Entrada mercador.;180033254;1004930;5000231072;1;24/09/2025;14/10/2025;14/10/2025;08:39:26;10;140.656,00;INVT;EST_INV_AME;MDCOSTA;;;;;;;;;10;PEÇ;CDFL - CD FLORES;;0;10;10;AMEN;;;;0;0;0;;0;0;;;B;;;;0;PEÇ;2025;;;S;WE;0;BRL;;;0;0;PEÇ;PEÇ;4.720,00;22.656,00;;
CDFL;4500114231;;;20;0;0;407215;KIT SOBRESSALENTE PARA INVERSOR CC-CA;101;EM Entrada mercador.;180033087;1011297;5000229483;2;27/08/2025;02/10/2025;02/10/2025;11:17:08;1;17.477,40;INVT;EST_INV_AME;MDCOSTA;;;;;;;;;1;UN;CDFL - CD FLORES;;0;1;1;AMEN;;;;0;0;0;;0;0;;;B;;;;0;UN;2025;;;S;WE;0;BRL;;;0;0;UN;UN;1.062,82;2.294,18;;
CDFL;4500147431;;;10;0;0;407223;MANTA ALUMINIZADA 10CM x 10M;101;EM Entrada mercador.;180035016;1003224;5000253438;1;20/02/2026;02/03/2026;02/03/2026;14:10:36;458;11.271,38;INVT;EST_INV_AME;MDCOSTA;;;;;;;;;458;UN;CDFL - CD FLORES;;0;458;458;AMEN;;;;0;0;0;;0;0;;;B;;;;0;UN;2026;;;S;WE;0;BRL;;;0;0;PEÇ;UN;2.254,28;0;;
CDFL;4500115219;;;30;0;0;407229;DISJUNTORES BIPOLAR 20A;101;EM Entrada mercador.;180032174;1003515;5000218907;1;02/08/2025;11/08/2025;11/08/2025;14:57:02;5;115,25;INVT;EST_INV_AME;MDCOSTA;;;;;;;;;5;UN;CDFL - CD FLORES;;0;5;5;AMEN;;;;0;0;0;;0;0;;;B;;;;0;UN;2025;;;S;WE;0;BRL;;;0;0;UN;UN;0;0;;
CDFL;4500153065;;;60;0;0;407336;CABO ELETR 15KV AL PROT XLPE 70MM2 1F MT;101;EM Entrada mercador.;180036102;1003949;5000266248;3;04/05/2026;26/05/2026;26/05/2026;10:43:23;4.720; R$ 36.155,20 ;INVT;EST_INV_AME;LPEIXOTO;;;;;;;;;4.720;M;CDFL - CD FLORES;;0;4.720;4.720;AMEN;;;;0;0;0;;0;0;;;B;;;;0;M;2026;;;S;WE;0;BRL;;;0;0;M;M;2.530,86;0;;
CDFL;4500153065;;;60;0;0;407336;CABO ELETR 15KV AL PROT XLPE 70MM2 1F MT;101;EM Entrada mercador.;180036085;1003949;5000266175;2;07/05/2026;25/05/2026;25/05/2026;09:36:58;1.780; R$ 13.634,80 ;INVT;EST_INV_AME;LPEIXOTO;;;;;;;;;1.780;M;CDFL - CD FLORES;;0;1.780;1.780;AMEN;;;;0;0;0;;0;0;;;B;;;;0;M;2026;;;S;WE;0;BRL;;;0;0;M;M;954,44;0;;
CDFL;4500135901;;;30;0;0;407336;CABO ELETR 15KV AL PROT XLPE 70MM2 1F MT;101;EM Entrada mercador.;180034563;1011333;5000247841;2;27/01/2026;27/01/2026;27/01/2026;16:18:08;1.981;16.144,73;INVT;EST_INV_AME;MDCOSTA;;;;;;;;;1.981;M;CDFL - CD FLORES;;0;1.981;1.981;AMEN;;;;0;0;0;;0;0;;;B;;;;0;M;2026;;;S;WE;0;BRL;;;0;0;M;M;981,78;2.119,25;;
CDFL;4500128696;;;10;0;0;407336;CABO ELETR 15KV AL PROT XLPE 70MM2 1F MT;101;EM Entrada mercador.;180033636;1011333;5000235084;1;04/10/2025;07/11/2025;07/11/2025;15:58:55;1.500;12.224,68;INVT;EST_INV_AME;MDCOSTA;;;;;;;;;1.500;M;CDFL - CD FLORES;;0;1.500;1.500;AMEN;;;;0;0;0;;0;0;;;B;;;;0;M;2025;;;S;WE;0;BRL;;;0;0;M;M;743,37;1.604,61;;
CDFL;4500128696;;;10;0;0;407336;CABO ELETR 15KV AL PROT XLPE 70MM2 1F MT;101;EM Entrada mercador.;180033636;1011333;5000235084;2;04/10/2025;07/11/2025;07/11/2025;15:58:55;711;5.794,50;INVT;EST_INV_AME;MDCOSTA;;;;;;;;;711;M;CDFL - CD FLORES;;0;711;711;AMEN;;;;0;0;0;;0;0;;;B;;;;0;M;2025;;;S;WE;0;BRL;;;0;0;M;M;352,36;760,59;;
CDFL;4500144240;;;10;0;0;407355;CRUZETA POL FBV/RES 2400X112,5X90MM DAT;101;EM Entrada mercador.;180035691;1007001;5000261374;1;31/03/2026;23/04/2026;23/04/2026;09:40:12;517;96.706,78;INVT;EST_INV_AME;MDCOSTA;;;;;;;;;517;UN;CDFL - CD FLORES;;0;517;517;AMEN;;;;0;0;0;;0;0;;;B;;;;0;UN;2026;;;S;WE;0;BRL;;;0;0;UN;UN;5.880,88;12.694,29;;
CDFL;4500137985;;;10;0;0;407355;CRUZETA POL FBV/RES 2400X112,5X90MM DAT;101;EM Entrada mercador.;180035108;1007001;5000254404;1;30/01/2026;09/03/2026;09/03/2026;09:09:06;430;80.433,11;INVT;EST_INV_AME;MDCOSTA;;;;;;;;;430;UN;CDFL - CD FLORES;;0;430;430;AMEN;;;;0;0;0;;0;0;;;B;;;;0;UN;2026;;;S;WE;0;BRL;;;0;0;UN;UN;4.891,25;10.558,11;;
CDFL;4500123094;;;10;0;0;407355;CRUZETA POL FBV/RES 2400X112,5X90MM DAT;101;EM Entrada mercador.;180032898;1007001;5000227600;1;28/08/2025;23/09/2025;23/09/2025;08:24:16;150;28.058,06;INVT;EST_INV_AME;MDCOSTA;;;;;;;;;150;UN;CDFL - CD FLORES;;0;150;150;AMEN;;;;0;0;0;;0;0;;;B;;;;0;UN;2025;;;S;WE;0;BRL;;;0;0;UN;UN;1.706,25;3.683,06;;
CDFL;4500123094;;;10;0;0;407355;CRUZETA POL FBV/RES 2400X112,5X90MM DAT;101;EM Entrada mercador.;180032446;1007001;5000221600;1;05/08/2025;26/08/2025;26/08/2025;09:28:46;350;65.468,82;INVT;EST_INV_AME;MDCOSTA;;;;;;;;;350;UN;CDFL - CD FLORES;;0;350;350;AMEN;;;;0;0;0;;0;0;;;B;;;;0;UN;2025;;;S;WE;0;BRL;;;0;0;UN;UN;3.981,25;8.593,81;;
CDFL;4500123154;;;10;0;0;407596;TERMINAL OLHAL COMPRESSAO 120MM²;101;EM Entrada mercador.;180034089;1003624;5000241859;3;09/12/2025;15/12/2025;15/12/2025;11:17:26;2.400;32.232,00;INVT;EST_INV_AME;MDCOSTA;;;;;;;;;2.400;UN;CDFL - CD FLORES;;0;2.400;2.400;AMEN;;;;0;0;0;;0;0;;;B;;;;0;UN;2025;;;S;WE;0;BRL;;;0;0;UN;UN;0;0;;
CDFL;4500152330;;;30;0;0;407737;CABO ELET FLEXIVEL PVC 750V 2,5MM2 CZ;101;EM Entrada mercador.;180036048;1003949;5000265811;1;05/05/2026;21/05/2026;21/05/2026;08:38:37;600; R$ 1.470,00 ;INVT;EST_INV_AME;LPEIXOTO;;;;;;;;;600;M;CDFL - CD FLORES;;0;600;600;AMEN;;;;0;0;0;;0;0;;;B;;;;0;M;2026;;;S;WE;0;BRL;;;0;0;M;M;102,9;0;;
CDFL;4500118883;;;10;0;0;407738;EXTENSOR KVM MULTIMODO P/ FIBRA;101;EM Entrada mercador.;180031795;1006674;5000215822;1;13/06/2025;18/07/2025;18/07/2025;10:16:52;6;130.729,05;INVT;EST_INV_AME;MDCOSTA;;;;;;;;;6;UN;CDFL - CD FLORES;;0;6;6;AMEN;;;;0;0;0;;0;0;;;B;;;;0;UN;2025;;;S;WE;0;BRL;;;0;0;UN;UN;4.386,88;21.057,03;;
CDFL;4500150174;;;30;0;0;408159;POSTE CONC ARM DUPL T 12M 300KGF;101;EM Entrada mercador.;180035550;1006698;5000259393;1;06/04/2026;10/04/2026;10/04/2026;15:54:33;5;8.575,00;INVT;EST_INV_AME;LPEIXOTO;;;;;;;;;5;UN;CDFL - CD FLORES;;0;5;5;AMEN;;;;0;0;0;;0;0;;;B;;;;0;UN;2026;;;S;WE;0;BRL;;;0;0;UN;UN;600,25;0;;
CDFL;4500115219;;;10;0;0;408192;DISJUNTOR CAIXA MOLDADA 200A;101;EM Entrada mercador.;180032174;1003515;5000218907;2;02/08/2025;11/08/2025;11/08/2025;14:57:02;8;1.335,84;INVT;EST_INV_AME;MDCOSTA;;;;;;;;;8;UN;CDFL - CD FLORES;;0;8;8;AMEN;;;;0;0;0;;0;0;;;B;;;;0;UN;2025;;;S;WE;0;BRL;;;0;0;UN;UN;0;0;;
CDFL;4500150279;;;80;0;0;408291;CABO AL CONCENTRICO 2F 2X25+25MM2;101;EM Entrada mercador.;180036239;1003953;5000266573;1;12/05/2026;01/06/2026;01/06/2026;12:35:06;8.908;164.679,22;INVT;EST_INV_AME;MDCOSTA;;;;;;;;;8.908;M;CDFL - CD FLORES;;0;8.908;8.908;AMEN;;;;0;0;0;;0;0;;;B;;;;0;M;2026;;;S;WE;0;BRL;;;0;0;M;M;10.014,37;21.616,74;;
CDFL;4500150279;;;70;0;0;408291;CABO AL CONCENTRICO 2F 2X25+25MM2;101;EM Entrada mercador.;180036069;1003953;5000266048;1;30/04/2026;22/05/2026;22/05/2026;09:00:47;17.299; R$ 304.268,79 ;INVT;EST_INV_AME;LPEIXOTO;;;;;;;;;17.299;M;CDFL - CD FLORES;;0;17.299;17.299;AMEN;;;;0;0;0;;0;0;;;B;;;;0;M;2026;;;S;WE;0;BRL;;;0;0;M;M;19.447,54;41.978,90;;
CDFL;4500150279;;;60;0;0;408291;CABO AL CONCENTRICO 2F 2X25+25MM2;101;EM Entrada mercador.;180035874;1003953;5000263009;1;27/03/2026;08/05/2026;08/05/2026;15:38:52;3.848; R$ 67.681,73 ;INVT;EST_INV_AME;MDCOSTA;;;;;;;;;3.848;M;CDFL - CD FLORES;;0;3.848;3.848;AMEN;;;;0;0;0;;0;0;;;B;;;;0;M;2026;;;S;WE;0;BRL;;;0;0;M;M;4.115,82;8.884,29;;
CDFL;4500150279;;;70;0;0;408291;CABO AL CONCENTRICO 2F 2X25+25MM2;101;EM Entrada mercador.;180035876;1003953;5000263012;1;25/03/2026;08/05/2026;08/05/2026;15:56:34;5.000; R$ 87.944,04 ;INVT;EST_INV_AME;MDCOSTA;;;;;;;;;5.000;M;CDFL - CD FLORES;;0;5.000;5.000;AMEN;;;;0;0;0;;0;0;;;B;;;;0;M;2026;;;S;WE;0;BRL;;;0;0;M;M;5.348,00;11.544,04;;
CDFL;4500150279;;;60;0;0;408291;CABO AL CONCENTRICO 2F 2X25+25MM2;101;EM Entrada mercador.;180035866;1003953;5000262986;1;20/03/2026;08/05/2026;08/05/2026;14:18:33;20.009; R$ 351.934,46 ;INVT;EST_INV_AME;MDCOSTA;;;;;;;;;20.009;M;CDFL - CD FLORES;;0;20.009;20.009;AMEN;;;;0;0;0;;0;0;;;B;;;;0;M;2026;;;S;WE;0;BRL;;;0;0;M;M;21.401,63;46.196,94;;
CDFL;4500116504;;;20;0;0;408332;MED IN 3E 4F 67 120 240V 10A ACL DF D;101;EM Entrada mercador.;180032482;1006972;5000221819;2;11/08/2025;27/08/2025;27/08/2025;10:35:16;105;628.476,43;INVT;EST_INV_AME;MDCOSTA;;;;;;;;;105;UN;CDFL - CD FLORES;;0;105;105;AMEN;;;;0;0;0;;0;0;;;B;;;;0;UN;2025;;;S;WE;0;BRL;;;0;0;UN;UN;38.218,53;82.497,43;;
CDFL;4500119341;;;10;0;0;408749;MEDIDOR INT 3F 3EL 4FIO 120-220V 15/120A;101;EM Entrada mercador.;180032958;1003382;5000228237;1;27/08/2025;24/09/2025;24/09/2025;14:14:52;10;7.524,72;INVT;EST_INV_AME;MDCOSTA;;;;;;;;;10;UN;CDFL - CD FLORES;;0;10;10;AMEN;;;;0;0;0;;0;0;;;B;;;;0;UN;2025;;;S;WE;0;BRL;;;0;0;UN;UN;829,93;608,62;;
CDFL;4500134201;;;10;0;0;408994;ISOLADOR PINO, POLIMERICO COM TRAVAS;101;EM Entrada mercador.;180036042;1004591;5000265763;1;25/03/2026;20/05/2026;20/05/2026;15:32:08;290; R$ 7.344,02 ;INVT;EST_INV_AME;LPEIXOTO;;;;;;;;;290;UN;CDFL - CD FLORES;;0;290;290;AMEN;;;;0;0;0;;0;0;;;B;;;;0;UN;2026;;;S;WE;0;BRL;;;0;0;UN;UN;446,6;964,02;;
CDFL;4500148635;;;10;0;0;408994;ISOLADOR PINO, POLIMERICO COM TRAVAS;101;EM Entrada mercador.;180036041;1004591;5000265757;1;09/04/2026;20/05/2026;20/05/2026;15:21:57;2.833; R$ 71.743,46 ;INVT;EST_INV_AME;LPEIXOTO;;;;;;;;;2.833;UN;CDFL - CD FLORES;;0;2.833;2.833;AMEN;;;;0;0;0;;0;0;;;B;;;;0;UN;2026;;;S;WE;0;BRL;;;0;0;UN;UN;4.362,82;9.417,46;;
CDFL;4500133215;;;10;0;0;408994;ISOLADOR PINO, POLIMERICO COM TRAVAS;101;EM Entrada mercador.;180034859;1004591;5000251975;1;28/01/2026;19/02/2026;19/02/2026;16:03:44;500;12.662,10;INVT;EST_INV_AME;MDCOSTA;;;;;;;;;500;UN;CDFL - CD FLORES;;0;500;500;AMEN;;;;0;0;0;;0;0;;;B;;;;0;UN;2026;;;S;WE;0;BRL;;;0;0;UN;UN;770;1.662,10;;
CDFL;4500137959;;;10;0;0;408994;ISOLADOR PINO, POLIMERICO COM TRAVAS;101;EM Entrada mercador.;180034860;1004591;5000251976;1;28/01/2026;19/02/2026;19/02/2026;16:06:26;1.000;25.324,20;INVT;EST_INV_AME;MDCOSTA;;;;;;;;;1.000;UN;CDFL - CD FLORES;;0;1.000;1.000;AMEN;;;;0;0;0;;0;0;;;B;;;;0;UN;2026;;;S;WE;0;BRL;;;0;0;UN;UN;1.540,00;3.324,20;;
CDFL;4500123147;;;10;0;0;408994;ISOLADOR PINO, POLIMERICO COM TRAVAS;101;EM Entrada mercador.;180033083;1004591;5000229414;1;29/08/2025;02/10/2025;02/10/2025;08:47:41;500;12.662,10;INVT;EST_INV_AME;MDCOSTA;;;;;;;;;500;UN;CDFL - CD FLORES;;0;500;500;AMEN;;;;0;0;0;;0;0;;;B;;;;0;UN;2025;;;S;WE;0;BRL;;;0;0;UN;UN;770;1.662,10;;
CDFL;4500125727;;;10;0;0;409237;DETECTOR DE VAZAMENTOS DE GAS SF6;101;EM Entrada mercador.;180034031;1025265;5000240995;1;27/11/2025;11/12/2025;11/12/2025;09:21:33;1;12.855,41;INVT;EST_INV_AME;MDCOSTA;;;;;;;;;1;UN;CDFL - CD FLORES;;0;1;1;AMEN;;;;0;0;0;;0;0;;;B;;;;0;UN;2025;;;S;WE;0;BRL;;;0;0;UN;UN;0;0;;
CDFL;4500139647;;;10;0;0;409240;OSCILOGRAFO;101;EM Entrada mercador.;180035445;1026915;5000257496;1;11/03/2026;31/03/2026;31/03/2026;11:17:49;1;185.582,93;INVT;EST_INV_AME;MDCOSTA;;;;;;;;;1;UN;CDFL - CD FLORES;;0;1;1;AMEN;;;;0;0;0;;0;0;;;B;;;;0;UN;2026;;;S;WE;0;BRL;;;0;0;UN;UN;6.227,61;29.892,55;;
CDFL;4500145810;;;10;0;0;409258;TERMINAL A COMP OLHAL BIMETALICO 150MM2;101;EM Entrada mercador.;180035542;1020771;5000259287;1;24/03/2026;10/04/2026;10/04/2026;11:48:37;100;5.306,57;INVT;EST_INV_AME;LPEIXOTO;;;;;;;;;100;UN;CDFL - CD FLORES;;0;100;100;AMEN;;;;0;0;0;;0;0;;;B;;;;0;UN;2026;;;S;WE;0;BRL;;;0;0;UN;UN;322,7;696,57;;
CDFL;4500145810;;;20;0;0;409259;TERMINAL A COMP OLHAL BIMETALICO 185MM2;101;EM Entrada mercador.;180035542;1020771;5000259287;3;24/03/2026;10/04/2026;10/04/2026;11:48:37;100;8.092,23;INVT;EST_INV_AME;LPEIXOTO;;;;;;;;;100;UN;CDFL - CD FLORES;;0;100;100;AMEN;;;;0;0;0;;0;0;;;B;;;;0;UN;2026;;;S;WE;0;BRL;;;0;0;UN;UN;492,1;1.062,23;;
CDFL;4500145810;;;30;0;0;409260;TERMINAL A COMP PARA BORNE PINO 95MM;101;EM Entrada mercador.;180035542;1020771;5000259287;2;24/03/2026;10/04/2026;10/04/2026;11:48:37;40;805,77;INVT;EST_INV_AME;LPEIXOTO;;;;;;;;;40;UN;CDFL - CD FLORES;;0;40;40;AMEN;;;;0;0;0;;0;0;;;B;;;;0;UN;2026;;;S;WE;0;BRL;;;0;0;UN;UN;49;105,77;;
CDFL;4500124875;;;10;0;0;409261;TUBO TERMO RETRATIL PARA CABO DE 95MM;101;EM Entrada mercador.;180032204;1025780;5000219010;1;28/07/2025;12/08/2025;12/08/2025;10:32:32;520;5.931,87;INVT;EST_INV_AME;MDCOSTA;;;;;;;;;520;UN;CDFL - CD FLORES;;0;520;520;AMEN;;;;0;0;0;;0;0;;;B;;;;0;UN;2025;;;S;WE;0;BRL;;;0;0;UN;UN;199,06;955,47;;
CDFL;4500124875;;;20;0;0;409262;TUBO TERMO RETRATIL PARA CABO DE 120MM;101;EM Entrada mercador.;180032204;1025780;5000219010;2;28/07/2025;12/08/2025;12/08/2025;10:32:32;240;2.737,79;INVT;EST_INV_AME;MDCOSTA;;;;;;;;;240;UN;CDFL - CD FLORES;;0;240;240;AMEN;;;;0;0;0;;0;0;;;B;;;;0;UN;2025;;;S;WE;0;BRL;;;0;0;UN;UN;91,87;440,99;;
CDFL;4500124875;;;30;0;0;409263;TUBO TERMO RETRATIL PARA CABO DE 150MM;101;EM Entrada mercador.;180032204;1025780;5000219010;3;28/07/2025;12/08/2025;12/08/2025;10:32:32;240;3.784,84;INVT;EST_INV_AME;MDCOSTA;;;;;;;;;240;UN;CDFL - CD FLORES;;0;240;240;AMEN;;;;0;0;0;;0;0;;;B;;;;0;UN;2025;;;S;WE;0;BRL;;;0;0;UN;UN;127,01;609,64;;
CDFL;4500124875;;;40;0;0;409264;TUBO TERMO RETRATIL PARA CABO DE 185MM;101;EM Entrada mercador.;180032204;1025780;5000219010;4;28/07/2025;12/08/2025;12/08/2025;10:32:32;240;3.784,84;INVT;EST_INV_AME;MDCOSTA;;;;;;;;;240;UN;CDFL - CD FLORES;;0;240;240;AMEN;;;;0;0;0;;0;0;;;B;;;;0;UN;2025;;;S;WE;0;BRL;;;0;0;UN;UN;127,01;609,64;;
CDFL;4500125744;;;10;0;0;409376;CAIXA PARA MEDIDOR POLIFASICA VIS. VIDRO;101;EM Entrada mercador.;180033497;1013522;5000234153;1;26/09/2025;28/10/2025;28/10/2025;14:23:03;2.037;128.963,49;INVT;EST_INV_AME;MDCOSTA;;;;;;;;;2.037;UN;CDFL - CD FLORES;;0;2.037;2.037;AMEN;;;;0;0;0;;0;0;;;B;;;;0;UN;2025;;;S;WE;0;BRL;;;0;0;UN;UN;7.842,45;16.928,49;;
CDFL;4500120643;;;20;0;0;409620;REGULADOR TENSAO 1F 333KVA 7,96KV 438A;101;EM Entrada mercador.;180033696;1003334;5000235732;1;14/10/2025;12/11/2025;12/11/2025;14:45:36;5;721.336,82;INVT;EST_INV_AME;MDCOSTA;;;;;;;;;5;UN;CDFL - CD FLORES;;0;5;5;AMEN;;;;0;0;0;;0;0;;;B;;;;0;UN;2025;;;S;WE;0;BRL;;;0;0;UN;UN;43.865,50;94.686,82;;
CDFL;4500120643;;;20;0;0;409620;REGULADOR TENSAO 1F 333KVA 7,96KV 438A;101;EM Entrada mercador.;180033696;1003334;5000235732;2;14/10/2025;12/11/2025;12/11/2025;14:45:36;3;432.802,09;INVT;EST_INV_AME;MDCOSTA;;;;;;;;;3;UN;CDFL - CD FLORES;;0;3;3;AMEN;;;;0;0;0;;0;0;;;B;;;;0;UN;2025;;;S;WE;0;BRL;;;0;0;UN;UN;26.319,30;56.812,09;;
CDFL;4500120643;;;20;0;0;409620;REGULADOR TENSAO 1F 333KVA 7,96KV 438A;101;EM Entrada mercador.;180033695;1003334;5000235730;1;14/10/2025;12/11/2025;12/11/2025;14:42:32;3;432.802,09;INVT;EST_INV_AME;MDCOSTA;;;;;;;;;3;UN;CDFL - CD FLORES;;0;3;3;AMEN;;;;0;0;0;;0;0;;;B;;;;0;UN;2025;;;S;WE;0;BRL;;;0;0;UN;UN;26.319,30;56.812,09;;
CDFL;4500120643;;;20;0;0;409620;REGULADOR TENSAO 1F 333KVA 7,96KV 438A;101;EM Entrada mercador.;180033695;1003334;5000235730;2;14/10/2025;12/11/2025;12/11/2025;14:42:32;1;144.267,36;INVT;EST_INV_AME;MDCOSTA;;;;;;;;;1;UN;CDFL - CD FLORES;;0;1;1;AMEN;;;;0;0;0;;0;0;;;B;;;;0;UN;2025;;;S;WE;0;BRL;;;0;0;UN;UN;8.773,10;18.937,36;;
CDFL;4500152748;;;20;0;0;409696;CABO MULT 3X120+1X95MM² XLPE 0,6/1 KV;101;EM Entrada mercador.;180036089;1003949;5000266181;1;13/05/2026;25/05/2026;25/05/2026;10:11:11;3.388; R$ 171.771,60 ;INVT;EST_INV_AME;LPEIXOTO;;;;;;;;;3.388;M;CDFL - CD FLORES;;0;3.388;3.388;AMEN;;;;0;0;0;;0;0;;;B;;;;0;M;2026;;;S;WE;0;BRL;;;0;0;M;M;12.024,01;0;;
CDFL;4500152748;;;20;0;0;409696;CABO MULT 3X120+1X95MM² XLPE 0,6/1 KV;101;EM Entrada mercador.;180036086;1003949;5000266176;1;07/05/2026;25/05/2026;25/05/2026;09:48:02;1.932; R$ 97.952,40 ;INVT;EST_INV_AME;LPEIXOTO;;;;;;;;;1.932;M;CDFL - CD FLORES;;0;1.932;1.932;AMEN;;;;0;0;0;;0;0;;;B;;;;0;M;2026;;;S;WE;0;BRL;;;0;0;M;M;6.856,67;0;;
CDFL;4500152748;;;20;0;0;409696;CABO MULT 3X120+1X95MM² XLPE 0,6/1 KV;101;EM Entrada mercador.;180035982;1003949;5000264347;1;06/05/2026;18/05/2026;18/05/2026;08:31:42;1.950; R$ 98.865,00 ;INVT;EST_INV_AME;LPEIXOTO;;;;;;;;;1.950;M;CDFL - CD FLORES;;0;1.950;1.950;AMEN;;;;0;0;0;;0;0;;;B;;;;0;M;2026;;;S;WE;0;BRL;;;0;0;M;M;6.920,55;0;;
CDFL;4500128011;;;20;0;0;409696;CABO MULT 3X120+1X95MM² XLPE 0,6/1 KV;101;EM Entrada mercador.;180032707;1003949;5000224804;2;08/09/2025;12/09/2025;12/09/2025;07:50:27;2.680;135.876,00;INVT;EST_INV_AME;MDCOSTA;;;;;;;;;2.680;M;CDFL - CD FLORES;;0;2.680;2.680;AMEN;;;;0;0;0;;0;0;;;B;;;;0;M;2025;;;S;WE;0;BRL;;;0;0;M;M;9.511,32;0;;
CDFL;4500128011;;;20;0;0;409696;CABO MULT 3X120+1X95MM² XLPE 0,6/1 KV;101;EM Entrada mercador.;180032706;1003949;5000224803;1;08/09/2025;12/09/2025;12/09/2025;07:46:22;920;46.644,00;INVT;EST_INV_AME;MDCOSTA;;;;;;;;;920;M;CDFL - CD FLORES;;0;920;920;AMEN;;;;0;0;0;;0;0;;;B;;;;0;M;2025;;;S;WE;0;BRL;;;0;0;M;M;3.265,08;0;;
CDFL;4500123036;;;140;0;0;409737;"CONJ MEDICAO 15KV; 70:1; 400-5A; USO EXT";101;EM Entrada mercador.;180033990;1012848;5000239992;7;07/11/2025;09/12/2025;09/12/2025;10:00:08;1;37.295,64;INVT;EST_INV_AME;MDCOSTA;;;;;;;;;1;UN;CDFL - CD FLORES;;0;1;1;AMEN;;;;0;0;0;;0;0;;;B;;;;0;UN;2025;;;S;WE;0;BRL;;;0;0;UN;UN;2.268,00;4.895,64;;
CDFL;4500123036;;;140;0;0;409737;"CONJ MEDICAO 15KV; 70:1; 400-5A; USO EXT";101;EM Entrada mercador.;180033688;1012848;5000235535;3;08/10/2025;11/11/2025;11/11/2025;18:00:49;1;37.295,64;INVT;EST_INV_AME;MDCOSTA;;;;;;;;;1;UN;CDFL - CD FLORES;;0;1;1;AMEN;;;;0;0;0;;0;0;;;B;;;;0;UN;2025;;;S;WE;0;BRL;;;0;0;UN;UN;2.268,00;4.895,64;;
CDFL;4500120637;;;10;0;0;409746;RETIFICADOR PORTATIL 220VCA/1F/125VCC/12;101;EM Entrada mercador.;180033568;1017418;5000234450;1;11/09/2025;03/11/2025;03/11/2025;14:27:46;1;44.986,84;INVT;EST_INV_AME;MDCOSTA;;;;;;;;;1;UN;CDFL - CD FLORES;;0;1;1;AMEN;;;;0;0;0;;0;0;;;B;;;;0;UN;2025;;;S;WE;0;BRL;;;0;0;UN;UN;2.735,71;5.905,23;;
CDFL;4500120637;;;20;0;0;409747;RETIFICADOR PORTATIL 220VCA/1F/48VCC/100;101;EM Entrada mercador.;180033568;1017418;5000234450;2;11/09/2025;03/11/2025;03/11/2025;14:27:46;1;28.219,55;INVT;EST_INV_AME;MDCOSTA;;;;;;;;;1;UN;CDFL - CD FLORES;;0;1;1;AMEN;;;;0;0;0;;0;0;;;B;;;;0;UN;2025;;;S;WE;0;BRL;;;0;0;UN;UN;1.716,07;3.704,26;;
CDFL;4500117773;;;10;0;0;409751;MAQUINA ENGENHARIA ECU-4784-E56SAE;101;EM Entrada mercador.;180032936;1008616;5000228148;1;10/09/2025;24/09/2025;24/09/2025;09:42:02;6;184.127,60;INVT;EST_INV_AME;MDCOSTA;;;;;;;;;6;UN;CDFL - CD FLORES;;0;6;6;AMEN;;;;0;0;0;;0;0;;;B;;;;0;UN;2025;;;S;WE;0;BRL;;;0;0;UN;UN;6.178,78;29.658,13;;
CDFL;4500124121;;;20;0;0;409793;TRAFO POTENCIAL 13,8KV/RAIZ3-115V/0,3P75;101;EM Entrada mercador.;180034027;1007548;5000240968;2;13/11/2025;11/12/2025;11/12/2025;08:44:31;10;43.166,25;INVT;EST_INV_AME;MDCOSTA;;;;;;;;;10;UN;CDFL - CD FLORES;;0;10;10;AMEN;;;;0;0;0;;0;0;;;B;;;;0;UN;2025;;;S;WE;0;BRL;;;0;0;UN;UN;2.625,00;5.666,25;;
CDFL;4500112348;;;20;0;0;409809;DISJ 3P 17,5KV 2500A EXE172525E-BB125M;101;EM Entrada mercador.;180035115;1009088;5000254413;1;27/01/2026;09/03/2026;09/03/2026;09:46:24;1;135.598,26;INVT;EST_INV_AME;MDCOSTA;;;;;;;;;1;UN;CDFL - CD FLORES;;0;1;1;AMEN;;;;0;0;0;;0;0;;;B;;;;0;UN;2026;;;S;WE;0;BRL;;;0;0;UN;UN;14.955,69;10.967,51;;
CDFL;4500112348;;;40;0;0;409809;DISJ 3P 17,5KV 2500A EXE172525E-BB125M;101;EM Entrada mercador.;180034478;1009088;5000246993;1;12/12/2025;22/01/2026;22/01/2026;09:39:31;1;135.598,26;INVT;EST_INV_AME;MDCOSTA;;;;;;;;;1;UN;CDFL - CD FLORES;;0;1;1;AMEN;;;;0;0;0;;0;0;;;B;;;;0;UN;2026;;;S;WE;0;BRL;;;0;0;UN;UN;14.955,69;10.967,51;;
CDFL;4500112348;;;10;0;0;409810;DISJ 3P 17,5KV 1250A EXE172512E-BB125M;101;EM Entrada mercador.;180032642;1009088;5000223591;1;31/07/2025;09/09/2025;09/09/2025;08:33:16;1;123.969,33;INVT;EST_INV_AME;MDCOSTA;;;;;;;;;1;UN;CDFL - CD FLORES;;0;1;1;AMEN;;;;0;0;0;;0;0;;;B;;;;0;UN;2025;;;S;WE;0;BRL;;;0;0;UN;UN;13.673,09;10.026,93;;
CDFL;4500112348;;;30;0;0;409810;DISJ 3P 17,5KV 1250A EXE172512E-BB125M;101;EM Entrada mercador.;180032642;1009088;5000223591;2;31/07/2025;09/09/2025;09/09/2025;08:33:16;1;123.969,33;INVT;EST_INV_AME;MDCOSTA;;;;;;;;;1;UN;CDFL - CD FLORES;;0;1;1;AMEN;;;;0;0;0;;0;0;;;B;;;;0;UN;2025;;;S;WE;0;BRL;;;0;0;UN;UN;13.673,09;10.026,93;;
CDFL;4500112348;;;50;0;0;409810;DISJ 3P 17,5KV 1250A EXE172512E-BB125M;101;EM Entrada mercador.;180032642;1009088;5000223591;3;31/07/2025;09/09/2025;09/09/2025;08:33:16;1;123.969,33;INVT;EST_INV_AME;MDCOSTA;;;;;;;;;1;UN;CDFL - CD FLORES;;0;1;1;AMEN;;;;0;0;0;;0;0;;;B;;;;0;UN;2025;;;S;WE;0;BRL;;;0;0;UN;UN;13.673,09;10.026,93;;
CDFL;4500112293;;;20;0;0;409811;DISJ 3P 24KV 2000A 25KA HAF 6144-4;101;EM Entrada mercador.;180034266;1016990;5000244096;6;31/10/2025;29/12/2025;29/12/2025;09:42:09;1;73.535,34;INVT;EST_INV_AME;MDCOSTA;;;;;;;;;1;UN;CDFL - CD FLORES;;0;1;1;AMEN;;;;0;0;0;;0;0;;;B;;;;0;UN;2025;;;S;WE;0;BRL;;;0;0;UN;UN;4.471,79;9.652,67;;
CDFL;4500112293;;;30;0;0;409811;DISJ 3P 24KV 2000A 25KA HAF 6144-4;101;EM Entrada mercador.;180034266;1016990;5000244096;7;31/10/2025;29/12/2025;29/12/2025;09:42:09;1;73.535,34;INVT;EST_INV_AME;MDCOSTA;;;;;;;;;1;UN;CDFL - CD FLORES;;0;1;1;AMEN;;;;0;0;0;;0;0;;;B;;;;0;UN;2025;;;S;WE;0;BRL;;;0;0;UN;UN;4.471,79;9.652,67;;
CDFL;4500112293;;;10;0;0;409811;DISJ 3P 24KV 2000A 25KA HAF 6144-4;101;EM Entrada mercador.;180034266;1016990;5000244096;1;31/10/2025;29/12/2025;29/12/2025;09:42:09;1;73.535,34;INVT;EST_INV_AME;MDCOSTA;;;;;;;;;1;UN;CDFL - CD FLORES;;0;1;1;AMEN;;;;0;0;0;;0;0;;;B;;;;0;UN;2025;;;S;WE;0;BRL;;;0;0;UN;UN;4.471,79;9.652,67;;
CDFL;4500112293;;;90;0;0;409812;DISJ 3P 24KV 1250A 25KA HAF 6142-4;101;EM Entrada mercador.;180034266;1016990;5000244096;2;31/10/2025;29/12/2025;29/12/2025;09:42:09;1;62.199,72;INVT;EST_INV_AME;MDCOSTA;;;;;;;;;1;UN;CDFL - CD FLORES;;0;1;1;AMEN;;;;0;0;0;;0;0;;;B;;;;0;UN;2025;;;S;WE;0;BRL;;;0;0;UN;UN;3.782,45;8.164,69;;
CDFL;4500112293;;;80;0;0;409812;DISJ 3P 24KV 1250A 25KA HAF 6142-4;101;EM Entrada mercador.;180034266;1016990;5000244096;4;31/10/2025;29/12/2025;29/12/2025;09:42:09;2;124.399,45;INVT;EST_INV_AME;MDCOSTA;;;;;;;;;2;UN;CDFL - CD FLORES;;0;2;2;AMEN;;;;0;0;0;;0;0;;;B;;;;0;UN;2025;;;S;WE;0;BRL;;;0;0;UN;UN;7.564,90;16.329,39;;
CDFL;4500112293;;;60;0;0;409812;DISJ 3P 24KV 1250A 25KA HAF 6142-4;101;EM Entrada mercador.;180034266;1016990;5000244096;5;31/10/2025;29/12/2025;29/12/2025;09:42:09;1;62.199,72;INVT;EST_INV_AME;MDCOSTA;;;;;;;;;1;UN;CDFL - CD FLORES;;0;1;1;AMEN;;;;0;0;0;;0;0;;;B;;;;0;UN;2025;;;S;WE;0;BRL;;;0;0;UN;UN;3.782,45;8.164,69;;
CDFL;4500112293;;;100;0;0;409813;DISJ 3P 17,5KV 2500A 25KA HGV 3156;101;EM Entrada mercador.;180035916;1016990;5000263247;2;17/04/2026;12/05/2026;12/05/2026;16:01:59;1; R$ 126.269,33 ;INVT;EST_INV_AME;MDCOSTA;;;;;;;;;1;UN;CDFL - CD FLORES;;0;1;1;AMEN;;;;0;0;0;;0;0;;;B;;;;0;UN;2026;;;S;WE;0;BRL;;;0;0;UN;UN;7.678,61;16.574,84;;
CDFL;4500112293;;;70;0;0;409813;DISJ 3P 17,5KV 2500A 25KA HGV 3156;101;EM Entrada mercador.;180035916;1016990;5000263247;1;17/04/2026;12/05/2026;12/05/2026;16:01:59;1; R$ 126.269,33 ;INVT;EST_INV_AME;MDCOSTA;;;;;;;;;1;UN;CDFL - CD FLORES;;0;1;1;AMEN;;;;0;0;0;;0;0;;;B;;;;0;UN;2026;;;S;WE;0;BRL;;;0;0;UN;UN;7.678,61;16.574,84;;
CDFL;4500112293;;;100;0;0;409813;DISJ 3P 17,5KV 2500A 25KA HGV 3156;101;EM Entrada mercador.;180034266;1016990;5000244096;3;31/10/2025;29/12/2025;29/12/2025;09:42:09;1;126.269,33;INVT;EST_INV_AME;MDCOSTA;;;;;;;;;1;UN;CDFL - CD FLORES;;0;1;1;AMEN;;;;0;0;0;;0;0;;;B;;;;0;UN;2025;;;S;WE;0;BRL;;;0;0;UN;UN;7.678,61;16.574,84;;
CDFL;4500112293;;;70;0;0;409813;DISJ 3P 17,5KV 2500A 25KA HGV 3156;101;EM Entrada mercador.;180034266;1016990;5000244096;10;31/10/2025;29/12/2025;29/12/2025;09:42:09;1;126.269,33;INVT;EST_INV_AME;MDCOSTA;;;;;;;;;1;UN;CDFL - CD FLORES;;0;1;1;AMEN;;;;0;0;0;;0;0;;;B;;;;0;UN;2025;;;S;WE;0;BRL;;;0;0;UN;UN;7.678,61;16.574,84;;
CDFL;4500112293;;;40;0;0;409814;DISJ 3P 17,5KV 1250A 25KA HVF 3152D;101;EM Entrada mercador.;180034266;1016990;5000244096;8;31/10/2025;29/12/2025;29/12/2025;09:42:09;1;62.244,81;INVT;EST_INV_AME;MDCOSTA;;;;;;;;;1;UN;CDFL - CD FLORES;;0;1;1;AMEN;;;;0;0;0;;0;0;;;B;;;;0;UN;2025;;;S;WE;0;BRL;;;0;0;UN;UN;3.785,19;8.170,61;;
CDFL;4500112293;;;50;0;0;409814;DISJ 3P 17,5KV 1250A 25KA HVF 3152D;101;EM Entrada mercador.;180034266;1016990;5000244096;9;31/10/2025;29/12/2025;29/12/2025;09:42:09;1;62.244,81;INVT;EST_INV_AME;MDCOSTA;;;;;;;;;1;UN;CDFL - CD FLORES;;0;1;1;AMEN;;;;0;0;0;;0;0;;;B;;;;0;UN;2025;;;S;WE;0;BRL;;;0;0;UN;UN;3.785,19;8.170,61;;
CDFL;4500115219;;;20;0;0;409826;DISJUNTOR 3P 380VCA 100A;101;EM Entrada mercador.;180032174;1003515;5000218907;3;02/08/2025;11/08/2025;11/08/2025;14:57:02;6;374,7;INVT;EST_INV_AME;MDCOSTA;;;;;;;;;6;UN;CDFL - CD FLORES;;0;6;6;AMEN;;;;0;0;0;;0;0;;;B;;;;0;UN;2025;;;S;WE;0;BRL;;;0;0;UN;UN;0;0;;
CDFL;4500129383;;;10;0;0;409885;RELÉ DE PROTEÇAO DIFERENCIAL;101;EM Entrada mercador.;180034192;1007216;5000243918;1;26/11/2025;22/12/2025;22/12/2025;09:37:10;2;137.350,58;INVT;EST_INV_AME;MDCOSTA;;;;;;;;;2;UN;CDFL - CD FLORES;;0;2;2;AMEN;;;;0;0;0;;0;0;;;B;;;;0;UN;2025;;;S;WE;0;BRL;;;0;0;UN;UN;4.609,08;22.123,58;;
CDFL;4500118435;;;10;0;0;409895;NEXTCALL SERVER IP C/ 8 PORTAS;101;EM Entrada mercador.;180031815;1025355;5000216205;1;04/07/2025;21/07/2025;21/07/2025;14:28:12;1;3.946,00;INVT;EST_INV_AME;MDCOSTA;;;;;;;;;1;UN;CDFL - CD FLORES;;0;1;1;AMEN;;;;0;0;0;;0;0;;;B;;;;0;UN;2025;;;S;WE;0;BRL;;;0;0;UN;UN;0;0;;
CDFL;4500127191;;;10;0;0;409974;UNIDADE PROT DIFERENC LINHA RED 670;101;EM Entrada mercador.;180034677;1004735;5000249241;1;23/01/2026;05/02/2026;05/02/2026;14:27:39;1;96.888,32;INVT;EST_INV_AME;MDCOSTA;;;;;;;;;1;UN;CDFL - CD FLORES;;0;1;1;AMEN;;;;0;0;0;;0;0;;;B;;;;0;UN;2026;;;S;WE;0;BRL;;;0;0;UN;UN;3.251,29;15.606,17;;
CDFL;4500150388;;;90;0;0;410030;CABO ELET CU VD 25MM FLEX 750V;101;EM Entrada mercador.;180035698;1003949;5000261484;4;15/04/2026;23/04/2026;23/04/2026;16:13:25;200;4.060,00;INVT;EST_INV_AME;MDCOSTA;;;;;;;;;200;M;CDFL - CD FLORES;;0;200;200;AMEN;;;;0;0;0;;0;0;;;B;;;;0;M;2026;;;S;WE;0;BRL;;;0;0;M;M;284,2;0;;
CDFL;4500149809;;;10;0;0;410041;PARAFUSO AUTO BROC CHAT phillips 4.2x25m;101;EM Entrada mercador.;180035799;1027540;5000262041;1;20/04/2026;04/05/2026;04/05/2026;10:30:57;20.000; R$ 8.600,00 ;INVT;EST_INV_AME;MDCOSTA;;;;;;;;;20.000;UN;CDFL - CD FLORES;;0;20.000;20.000;AMEN;;;;0;0;0;;0;0;;;B;;;;0;UN;2026;;;S;WE;0;BRL;;;0;0;UN;UN;0;0;;
CDFL;4500149809;;;10;0;0;410041;PARAFUSO AUTO BROC CHAT phillips 4.2x25m;101;EM Entrada mercador.;180035336;1027540;5000257022;1;18/03/2026;23/03/2026;23/03/2026;10:22:57;50.000;21.500,00;INVT;EST_INV_AME;LPEIXOTO;;;;;;;;;50.000;UN;CDFL - CD FLORES;;0;50.000;50.000;AMEN;;;;0;0;0;;0;0;;;B;;;;0;UN;2026;;;S;WE;0;BRL;;;0;0;UN;UN;0;0;;
CDFL;4500148095;;;20;0;0;410041;PARAFUSO AUTO BROC CHAT phillips 4.2x25m;101;EM Entrada mercador.;180035145;1027540;5000254672;1;05/03/2026;10/03/2026;10/03/2026;09:44:46;46.000;19.780,00;INVT;EST_INV_AME;MDCOSTA;;;;;;;;;46.000;UN;CDFL - CD FLORES;;0;46.000;46.000;AMEN;;;;0;0;0;;0;0;;;B;;;;0;UN;2026;;;S;WE;0;BRL;;;0;0;UN;UN;0;0;;
CDFL;4500150248;;;30;0;0;410047;ALCA PREFORM CABO CONC  2X25 + 25;101;EM Entrada mercador.;180035849;1013808;5000262759;3;16/04/2026;07/05/2026;07/05/2026;10:21:43;1.856; R$ 16.835,16 ;INVT;EST_INV_AME;LPEIXOTO;;;;;;;;;1.856;UN;CDFL - CD FLORES;;0;1.856;1.856;AMEN;;;;0;0;0;;0;0;;;B;;;;0;UN;2026;;;S;WE;0;BRL;;;0;0;UN;UN;1.023,77;2.209,88;;
CDFL;4500148096;;;40;0;0;410047;ALCA PREFORM CABO CONC  2X25 + 25;101;EM Entrada mercador.;180035692;1013808;5000261382;3;23/04/2026;23/04/2026;23/04/2026;09:52:33;6.234;56.546,54;INVT;EST_INV_AME;MDCOSTA;;;;;;;;;6.234;UN;CDFL - CD FLORES;;0;6.234;6.234;AMEN;;;;0;0;0;;0;0;;;B;;;;0;UN;2026;;;S;WE;0;BRL;;;0;0;UN;UN;3.438,67;7.422,62;;
CDFL;4500135933;;;10;0;0;410085;TRANSPORTADOR DE BOBINAS 800;101;EM Entrada mercador.;180034080;1026962;5000241700;1;07/11/2025;15/12/2025;15/12/2025;09:29:57;1;3.510,00;INVT;EST_INV_AME;MDCOSTA;;;;;;;;;1;UN;CDFL - CD FLORES;;0;1;1;AMEN;;;;0;0;0;;0;0;;;B;;;;0;UN;2025;;;S;WE;0;BRL;;;0;0;UN;UN;0;0;;
CDFL;4500135933;;;20;0;0;410086;MEDIDOR DE FIOS E CABOS 500 C/ GUIA CABO;101;EM Entrada mercador.;180034080;1026962;5000241700;3;07/11/2025;15/12/2025;15/12/2025;09:29:57;1;4.110,00;INVT;EST_INV_AME;MDCOSTA;;;;;;;;;1;UN;CDFL - CD FLORES;;0;1;1;AMEN;;;;0;0;0;;0;0;;;B;;;;0;UN;2025;;;S;WE;0;BRL;;;0;0;UN;UN;0;0;;
CDFL;4500135933;;;30;0;0;410087;ENROLADOR DE FIOS E CABOS 600 ROBUST;101;EM Entrada mercador.;180034080;1026962;5000241700;2;07/11/2025;15/12/2025;15/12/2025;09:29:57;1;4.610,00;INVT;EST_INV_AME;MDCOSTA;;;;;;;;;1;UN;CDFL - CD FLORES;;0;1;1;AMEN;;;;0;0;0;;0;0;;;B;;;;0;UN;2025;;;S;WE;0;BRL;;;0;0;UN;UN;0;0;;
CDFL;4500148071;;;20;0;0;410117;TRAFO AER 1F 7,9KV 10KVA 240/120V 7TP VG;101;EM Entrada mercador.;180036257;1003291;5000266668;1;28/05/2026;02/06/2026;02/06/2026;09:02:54;1;4.522,50;INVT;EST_INV_AME;MDCOSTA;;;;;;;;;1;UN;CDFL - CD FLORES;;0;1;1;AMEN;;;;0;0;0;;0;0;;;B;;;;0;UN;2026;;;S;WE;0;BRL;;;0;0;UN;UN;316,58;0;;
CDFL;4500148071;;;20;0;0;410117;TRAFO AER 1F 7,9KV 10KVA 240/120V 7TP VG;101;EM Entrada mercador.;180036137;1003291;5000266295;1;19/05/2026;27/05/2026;27/05/2026;14:25:26;19; R$ 85.927,50 ;INVT;EST_INV_AME;MDCOSTA;;;;;;;;;19;UN;CDFL - CD FLORES;;0;19;19;AMEN;;;;0;0;0;;0;0;;;B;;;;0;UN;2026;;;S;WE;0;BRL;;;0;0;UN;UN;6.014,93;0;;
CDFL;4500148071;;;30;0;0;410118;TRAFO AER 1F 7,9KV 15KVA 240/120V 7TP VG;101;EM Entrada mercador.;180036137;1003291;5000266295;2;19/05/2026;27/05/2026;27/05/2026;14:25:26;16; R$ 91.911,04 ;INVT;EST_INV_AME;MDCOSTA;;;;;;;;;16;UN;CDFL - CD FLORES;;0;16;16;AMEN;;;;0;0;0;;0;0;;;B;;;;0;UN;2026;;;S;WE;0;BRL;;;0;0;UN;UN;6.433,77;0;;
CDFL;4500148071;;;40;0;0;410119;TRAFO AER 1F 15KV 25KVA 240/120V 7TP VG;101;EM Entrada mercador.;180036257;1003291;5000266668;2;28/05/2026;02/06/2026;02/06/2026;09:02:54;2;13.212,86;INVT;EST_INV_AME;MDCOSTA;;;;;;;;;2;UN;CDFL - CD FLORES;;0;2;2;AMEN;;;;0;0;0;;0;0;;;B;;;;0;UN;2026;;;S;WE;0;BRL;;;0;0;UN;UN;924,9;0;;
CDFL;4500148071;;;40;0;0;410119;TRAFO AER 1F 15KV 25KVA 240/120V 7TP VG;101;EM Entrada mercador.;180036138;1003291;5000266297;1;19/05/2026;27/05/2026;27/05/2026;14:27:48;13; R$ 85.883,59 ;INVT;EST_INV_AME;MDCOSTA;;;;;;;;;13;UN;CDFL - CD FLORES;;0;13;13;AMEN;;;;0;0;0;;0;0;;;B;;;;0;UN;2026;;;S;WE;0;BRL;;;0;0;UN;UN;6.011,85;0;;
CDFL;4500148071;;;50;0;0;410120;TRAFO AER 3F 15KV 30KVA 220/127V 7TP VG;101;EM Entrada mercador.;180036255;1003291;5000266663;1;26/05/2026;02/06/2026;02/06/2026;08:50:24;11;110.786,94;INVT;EST_INV_AME;MDCOSTA;;;;;;;;;11;UN;CDFL - CD FLORES;;0;11;11;AMEN;;;;0;0;0;;0;0;;;B;;;;0;UN;2026;;;S;WE;0;BRL;;;0;0;UN;UN;7.755,09;0;;
CDFL;4500148071;;;70;0;0;410122;TRAFO AER 3F 15KV 75KVA 220/127V 7TP VG;101;EM Entrada mercador.;180036253;1003291;5000266661;1;26/05/2026;02/06/2026;02/06/2026;08:30:26;21;326.350,92;INVT;EST_INV_AME;MDCOSTA;;;;;;;;;21;UN;CDFL - CD FLORES;;0;21;21;AMEN;;;;0;0;0;;0;0;;;B;;;;0;UN;2026;;;S;WE;0;BRL;;;0;0;UN;UN;22.844,56;0;;
CDFL;4500148071;;;70;0;0;410122;TRAFO AER 3F 15KV 75KVA 220/127V 7TP VG;101;EM Entrada mercador.;180036255;1003291;5000266663;2;26/05/2026;02/06/2026;02/06/2026;08:50:24;13;202.026,76;INVT;EST_INV_AME;MDCOSTA;;;;;;;;;13;UN;CDFL - CD FLORES;;0;13;13;AMEN;;;;0;0;0;;0;0;;;B;;;;0;UN;2026;;;S;WE;0;BRL;;;0;0;UN;UN;14.141,87;0;;
CDFL;4500148071;;;70;0;0;410122;TRAFO AER 3F 15KV 75KVA 220/127V 7TP VG;101;EM Entrada mercador.;180036116;1003291;5000266273;1;25/05/2026;27/05/2026;27/05/2026;08:50:38;15; R$ 233.107,80 ;INVT;EST_INV_AME;MDCOSTA;;;;;;;;;15;UN;CDFL - CD FLORES;;0;15;15;AMEN;;;;0;0;0;;0;0;;;B;;;;0;UN;2026;;;S;WE;0;BRL;;;0;0;UN;UN;16.317,55;0;;
CDFL;4500148071;;;70;0;0;410122;TRAFO AER 3F 15KV 75KVA 220/127V 7TP VG;101;EM Entrada mercador.;180036117;1003291;5000266274;1;25/05/2026;27/05/2026;27/05/2026;08:53:05;20; R$ 310.810,40 ;INVT;EST_INV_AME;MDCOSTA;;;;;;;;;20;UN;CDFL - CD FLORES;;0;20;20;AMEN;;;;0;0;0;;0;0;;;B;;;;0;UN;2026;;;S;WE;0;BRL;;;0;0;UN;UN;21.756,73;0;;
CDFL;4500148071;;;70;0;0;410122;TRAFO AER 3F 15KV 75KVA 220/127V 7TP VG;101;EM Entrada mercador.;180036140;1003291;5000266300;1;20/05/2026;27/05/2026;27/05/2026;14:34:10;1; R$ 15.540,52 ;INVT;EST_INV_AME;MDCOSTA;;;;;;;;;1;UN;CDFL - CD FLORES;;0;1;1;AMEN;;;;0;0;0;;0;0;;;B;;;;0;UN;2026;;;S;WE;0;BRL;;;0;0;UN;UN;1.087,84;0;;
CDFL;4500148071;;;70;0;0;410122;TRAFO AER 3F 15KV 75KVA 220/127V 7TP VG;101;EM Entrada mercador.;180036065;1003291;5000266039;1;14/05/2026;22/05/2026;22/05/2026;07:57:46;2; R$ 31.081,04 ;INVT;EST_INV_AME;LPEIXOTO;;;;;;;;;2;UN;CDFL - CD FLORES;;0;2;2;AMEN;;;;0;0;0;;0;0;;;B;;;;0;UN;2026;;;S;WE;0;BRL;;;0;0;UN;UN;2.175,67;0;;
CDFL;4500148071;;;70;0;0;410122;TRAFO AER 3F 15KV 75KVA 220/127V 7TP VG;101;EM Entrada mercador.;180036049;1003291;5000265814;1;13/05/2026;21/05/2026;21/05/2026;08:54:47;1; R$ 15.540,52 ;INVT;EST_INV_AME;LPEIXOTO;;;;;;;;;1;UN;CDFL - CD FLORES;;0;1;1;AMEN;;;;0;0;0;;0;0;;;B;;;;0;UN;2026;;;S;WE;0;BRL;;;0;0;UN;UN;1.087,84;0;;
CDFL;4500148071;;;70;0;0;410122;TRAFO AER 3F 15KV 75KVA 220/127V 7TP VG;101;EM Entrada mercador.;180036022;1003291;5000265142;1;11/05/2026;19/05/2026;19/05/2026;16:14:30;9; R$ 139.864,68 ;INVT;EST_INV_AME;LPEIXOTO;;;;;;;;;9;UN;CDFL - CD FLORES;;0;9;9;AMEN;;;;0;0;0;;0;0;;;B;;;;0;UN;2026;;;S;WE;0;BRL;;;0;0;UN;UN;9.790,53;0;;
CDFL;4500148071;;;70;0;0;410122;TRAFO AER 3F 15KV 75KVA 220/127V 7TP VG;101;EM Entrada mercador.;180035960;1003291;5000264166;1;05/05/2026;15/05/2026;15/05/2026;10:06:49;27; R$ 419.594,04 ;INVT;EST_INV_AME;LPEIXOTO;;;;;;;;;27;UN;CDFL - CD FLORES;;0;27;27;AMEN;;;;0;0;0;;0;0;;;B;;;;0;UN;2026;;;S;WE;0;BRL;;;0;0;UN;UN;29.371,58;0;;
CDFL;4500148071;;;70;0;0;410122;TRAFO AER 3F 15KV 75KVA 220/127V 7TP VG;101;EM Entrada mercador.;180035864;1003291;5000262935;1;30/04/2026;08/05/2026;08/05/2026;10:39:43;20; R$ 310.810,40 ;INVT;EST_INV_AME;LPEIXOTO;;;;;;;;;20;UN;CDFL - CD FLORES;;0;20;20;AMEN;;;;0;0;0;;0;0;;;B;;;;0;UN;2026;;;S;WE;0;BRL;;;0;0;UN;UN;21.756,73;0;;
CDFL;4500148071;;;70;0;0;410122;TRAFO AER 3F 15KV 75KVA 220/127V 7TP VG;101;EM Entrada mercador.;180035862;1003291;5000262918;1;30/04/2026;08/05/2026;08/05/2026;10:30:28;9; R$ 139.864,68 ;INVT;EST_INV_AME;LPEIXOTO;;;;;;;;;9;UN;CDFL - CD FLORES;;0;9;9;AMEN;;;;0;0;0;;0;0;;;B;;;;0;UN;2026;;;S;WE;0;BRL;;;0;0;UN;UN;9.790,53;0;;
CDFL;4500148071;;;70;0;0;410122;TRAFO AER 3F 15KV 75KVA 220/127V 7TP VG;101;EM Entrada mercador.;180035861;1003291;5000262906;1;29/04/2026;08/05/2026;08/05/2026;10:25:05;16; R$ 248.648,32 ;INVT;EST_INV_AME;LPEIXOTO;;;;;;;;;16;UN;CDFL - CD FLORES;;0;16;16;AMEN;;;;0;0;0;;0;0;;;B;;;;0;UN;2026;;;S;WE;0;BRL;;;0;0;UN;UN;17.405,38;0;;
CDFL;4500148071;;;70;0;0;410122;TRAFO AER 3F 15KV 75KVA 220/127V 7TP VG;101;EM Entrada mercador.;180035641;1003291;5000260801;1;15/04/2026;17/04/2026;17/04/2026;10:16:09;19;295.269,88;INVT;EST_INV_AME;LPEIXOTO;;;;;;;;;19;UN;CDFL - CD FLORES;;0;19;19;AMEN;;;;0;0;0;;0;0;;;B;;;;0;UN;2026;;;S;WE;0;BRL;;;0;0;UN;UN;20.668,89;0;;
CDFL;4500148071;;;70;0;0;410122;TRAFO AER 3F 15KV 75KVA 220/127V 7TP VG;101;EM Entrada mercador.;180035590;1003291;5000260005;1;10/04/2026;14/04/2026;14/04/2026;16:50:03;21;326.350,92;INVT;EST_INV_AME;LPEIXOTO;;;;;;;;;21;UN;CDFL - CD FLORES;;0;21;21;AMEN;;;;0;0;0;;0;0;;;B;;;;0;UN;2026;;;S;WE;0;BRL;;;0;0;UN;UN;22.844,56;0;;
CDFL;4500148071;;;70;0;0;410122;TRAFO AER 3F 15KV 75KVA 220/127V 7TP VG;101;EM Entrada mercador.;180035589;1003291;5000260003;1;10/04/2026;14/04/2026;14/04/2026;16:43:37;21;326.350,92;INVT;EST_INV_AME;LPEIXOTO;;;;;;;;;21;UN;CDFL - CD FLORES;;0;21;21;AMEN;;;;0;0;0;;0;0;;;B;;;;0;UN;2026;;;S;WE;0;BRL;;;0;0;UN;UN;22.844,56;0;;
CDFL;4500152181;;;90;0;0;410124;TRAFO AER 3F 15KV 150KVA 220/127V 7TP VG;101;EM Entrada mercador.;180036115;1003291;5000266272;1;22/05/2026;27/05/2026;27/05/2026;08:12:18;8; R$ 186.685,59 ;INVT;EST_INV_AME;MDCOSTA;;;;;;;;;8;UN;CDFL - CD FLORES;;0;8;8;AMEN;;;;0;0;0;;0;0;;;B;;;;0;UN;2026;;;S;WE;0;BRL;;;0;0;UN;UN;13.067,99;0;;
CDFL;4500148085;;;30;0;0;410147;CX BLIND P/ MED MONO C/ ABERT INTEL;101;EM Entrada mercador.;180035478;1003592;5000266318;2;02/04/2026;28/05/2026;28/05/2026;07:45:21;226; R$ 67.250,37 ;INVT;EST_INV_AME;LPEIXOTO;;;;;;;;;226;UN;CDFL - CD FLORES;;0;226;226;AMEN;;;;0;0;0;;0;0;;;B;;;;0;UN;2026;;;S;WE;0;BRL;;;0;0;UN;UN;7.417,32;5.439,37;;
CDFL;4500148085;;;30;0;0;410147;CX BLIND P/ MED MONO C/ ABERT INTEL;101;EM Entrada mercador.;180036036;1003592;5000265698;2;26/03/2026;20/05/2026;20/05/2026;11:06:50;80; R$ 23.805,44 ;INVT;EST_INV_AME;LPEIXOTO;;;;;;;;;80;UN;CDFL - CD FLORES;;0;80;80;AMEN;;;;0;0;0;;0;0;;;B;;;;0;UN;2026;;;S;WE;0;BRL;;;0;0;UN;UN;2.625,60;1.925,44;;
CDFL;4500144696;;;10;0;0;410147;CX BLIND P/ MED MONO C/ ABERT INTEL;101;EM Entrada mercador.;180034987;1003592;5000253314;1;28/01/2026;27/02/2026;27/02/2026;14:47:36;15;6.245,34;INVT;EST_INV_AME;MDCOSTA;;;;;;;;;15;UN;CDFL - CD FLORES;;0;15;15;AMEN;;;;0;0;0;;0;0;;;B;;;;0;UN;2026;;;S;WE;0;BRL;;;0;0;UN;UN;688,82;505,14;;
CDFL;4500148085;;;10;0;0;410152;CX BLIND P/ MED BI C/ ABERT INTEL;101;EM Entrada mercador.;180036186;1003592;5000266384;2;20/04/2026;28/05/2026;28/05/2026;16:03:42;56; R$ 19.496,96 ;INVT;EST_INV_AME;MDCOSTA;;;;;;;;;56;UN;CDFL - CD FLORES;;0;56;56;AMEN;;;;0;0;0;;0;0;;;B;;;;0;UN;2026;;;S;WE;0;BRL;;;0;0;UN;UN;2.150,40;1.576,96;;
CDFL;4500144696;;;20;0;0;410152;CX BLIND P/ MED BI C/ ABERT INTEL;101;EM Entrada mercador.;180034987;1003592;5000253314;2;28/01/2026;27/02/2026;27/02/2026;14:47:36;13;6.070,32;INVT;EST_INV_AME;MDCOSTA;;;;;;;;;13;UN;CDFL - CD FLORES;;0;13;13;AMEN;;;;0;0;0;;0;0;;;B;;;;0;UN;2026;;;S;WE;0;BRL;;;0;0;UN;UN;669,52;490,98;;
CDFL;4500148085;;;40;0;0;410153;CX BLIND P/ MED TRI C/ ABERT INTEL;101;EM Entrada mercador.;180036186;1003592;5000266384;3;20/04/2026;28/05/2026;28/05/2026;16:03:42;56; R$ 19.496,96 ;INVT;EST_INV_AME;MDCOSTA;;;;;;;;;56;UN;CDFL - CD FLORES;;0;56;56;AMEN;;;;0;0;0;;0;0;;;B;;;;0;UN;2026;;;S;WE;0;BRL;;;0;0;UN;UN;2.150,40;1.576,96;;
CDFL;4500148085;;;40;0;0;410153;CX BLIND P/ MED TRI C/ ABERT INTEL;101;EM Entrada mercador.;180035620;1003592;5000260191;1;17/03/2026;16/04/2026;16/04/2026;09:23:11;20;6.963,20;INVT;EST_INV_AME;LPEIXOTO;;;;;;;;;20;UN;CDFL - CD FLORES;;0;20;20;AMEN;;;;0;0;0;;0;0;;;B;;;;0;UN;2026;;;S;WE;0;BRL;;;0;0;UN;UN;768;563,2;;
CDFL;4500144696;;;30;0;0;410153;CX BLIND P/ MED TRI C/ ABERT INTEL;101;EM Entrada mercador.;180034987;1003592;5000253314;3;28/01/2026;27/02/2026;27/02/2026;14:47:36;2;933,9;INVT;EST_INV_AME;MDCOSTA;;;;;;;;;2;UN;CDFL - CD FLORES;;0;2;2;AMEN;;;;0;0;0;;0;0;;;B;;;;0;UN;2026;;;S;WE;0;BRL;;;0;0;UN;UN;103;75,54;;
CDFL;4500148085;;;20;0;0;410155;CX BLIND P/ CONEXAO C/ ABERT INTEL;101;EM Entrada mercador.;180035478;1003592;5000266318;1;02/04/2026;28/05/2026;28/05/2026;07:45:21;260; R$ 470.995,20 ;INVT;EST_INV_AME;LPEIXOTO;;;;;;;;;260;UN;CDFL - CD FLORES;;0;260;260;AMEN;;;;0;0;0;;0;0;;;B;;;;0;UN;2026;;;S;WE;0;BRL;;;0;0;UN;UN;51.948,00;38.095,20;;
CDFL;4500148085;;;20;0;0;410155;CX BLIND P/ CONEXAO C/ ABERT INTEL;101;EM Entrada mercador.;180036186;1003592;5000266384;1;20/04/2026;28/05/2026;28/05/2026;16:03:42;364; R$ 659.393,28 ;INVT;EST_INV_AME;MDCOSTA;;;;;;;;;364;UN;CDFL - CD FLORES;;0;364;364;AMEN;;;;0;0;0;;0;0;;;B;;;;0;UN;2026;;;S;WE;0;BRL;;;0;0;UN;UN;72.727,20;53.333,28;;
CDFL;4500148085;;;20;0;0;410155;CX BLIND P/ CONEXAO C/ ABERT INTEL;101;EM Entrada mercador.;180036036;1003592;5000265698;1;26/03/2026;20/05/2026;20/05/2026;11:06:50;360; R$ 652.147,20 ;INVT;EST_INV_AME;LPEIXOTO;;;;;;;;;360;UN;CDFL - CD FLORES;;0;360;360;AMEN;;;;0;0;0;;0;0;;;B;;;;0;UN;2026;;;S;WE;0;BRL;;;0;0;UN;UN;71.928,00;52.747,20;;
CDFL;4500147723;;;10;0;0;410155;CX BLIND P/ CONEXAO C/ ABERT INTEL;101;EM Entrada mercador.;180035619;1003592;5000260190;1;13/03/2026;16/04/2026;16/04/2026;09:17:06;250;452.880,00;INVT;EST_INV_AME;LPEIXOTO;;;;;;;;;250;UN;CDFL - CD FLORES;;0;250;250;AMEN;;;;0;0;0;;0;0;;;B;;;;0;UN;2026;;;S;WE;0;BRL;;;0;0;UN;UN;49.950,00;36.630,00;;
CDFL;4500148085;;;20;0;0;410155;CX BLIND P/ CONEXAO C/ ABERT INTEL;101;EM Entrada mercador.;180035511;1003592;5000259006;1;19/03/2026;09/04/2026;09/04/2026;08:49:57;300;543.456,00;INVT;EST_INV_AME;LPEIXOTO;;;;;;;;;300;UN;CDFL - CD FLORES;;0;300;300;AMEN;;;;0;0;0;;0;0;;;B;;;;0;UN;2026;;;S;WE;0;BRL;;;0;0;UN;UN;59.940,00;43.956,00;;
CDFL;4500150391;;;20;0;0;410177;ABRACADEIRA AÇO INOX 304 – 362X7,90MM;101;EM Entrada mercador.;180035896;1012974;5000263086;1;20/04/2026;11/05/2026;11/05/2026;11:57:32;22.000; R$ 46.849,77 ;INVT;EST_INV_AME;MDCOSTA;;;;;;;;;22.000;UN;CDFL - CD FLORES;;0;22.000;22.000;AMEN;;;;0;0;0;;0;0;;;B;;;;0;UN;2026;;;S;WE;0;BRL;;;0;0;UN;UN;2.849,00;6.149,77;;
CDFL;4500148303;;;10;0;0;410177;ABRACADEIRA AÇO INOX 304 – 362X7,90MM;101;EM Entrada mercador.;180035513;1012974;5000259028;1;23/03/2026;09/04/2026;09/04/2026;09:46:15;13.300;28.322,82;INVT;EST_INV_AME;LPEIXOTO;;;;;;;;;13.300;UN;CDFL - CD FLORES;;0;13.300;13.300;AMEN;;;;0;0;0;;0;0;;;B;;;;0;UN;2026;;;S;WE;0;BRL;;;0;0;UN;UN;1.722,35;3.717,82;;
CDFL;4500148303;;;10;0;0;410177;ABRACADEIRA AÇO INOX 304 – 362X7,90MM;101;EM Entrada mercador.;180035354;1012974;5000257135;1;13/03/2026;24/03/2026;24/03/2026;08:58:43;10.000;21.295,35;INVT;EST_INV_AME;MDCOSTA;;;;;;;;;10.000;UN;CDFL - CD FLORES;;0;10.000;10.000;AMEN;;;;0;0;0;;0;0;;;B;;;;0;UN;2026;;;S;WE;0;BRL;;;0;0;UN;UN;1.295,00;2.795,35;;
CDFL;4500147200;;;10;0;0;410177;ABRACADEIRA AÇO INOX 304 – 362X7,90MM;101;EM Entrada mercador.;180035303;1012974;5000256630;1;23/02/2026;19/03/2026;19/03/2026;09:33:28;6.400;13.629,02;INVT;EST_INV_AME;MDCOSTA;;;;;;;;;6.400;UN;CDFL - CD FLORES;;0;6.400;6.400;AMEN;;;;0;0;0;;0;0;;;B;;;;0;UN;2026;;;S;WE;0;BRL;;;0;0;UN;UN;828,8;1.789,02;;
CDFL;4500147679;;;10;0;0;410177;ABRACADEIRA AÇO INOX 304 – 362X7,90MM;101;EM Entrada mercador.;180035189;1012974;5000256150;1;05/03/2026;16/03/2026;16/03/2026;09:16:53;6.800;14.480,84;INVT;EST_INV_AME;MDCOSTA;;;;;;;;;6.800;UN;CDFL - CD FLORES;;0;6.800;6.800;AMEN;;;;0;0;0;;0;0;;;B;;;;0;UN;2026;;;S;WE;0;BRL;;;0;0;UN;UN;880,6;1.900,84;;
CDFL;4500150425;;;10;0;0;410200; CONECTOR COMP TIPO H 95-95;101;EM Entrada mercador.;180036227;1003137;5000266506;1;11/05/2026;01/06/2026;01/06/2026;08:47:18;15.000;78.389,91;INVT;EST_INV_AME;LPEIXOTO;;;;;;;;;15.000;UN;CDFL - CD FLORES;;0;15.000;15.000;AMEN;;;;0;0;0;;0;0;;;B;;;;0;UN;2026;;;S;WE;0;BRL;;;0;0;UN;UN;4.767,00;10.289,91;;
CDFL;4500150197;;;10;0;0;410200; CONECTOR COMP TIPO H 95-95;101;EM Entrada mercador.;180036020;1003137;5000265127;1;28/04/2026;19/05/2026;19/05/2026;15:28:38;6.000; R$ 31.355,96 ;INVT;EST_INV_AME;LPEIXOTO;;;;;;;;;6.000;UN;CDFL - CD FLORES;;0;6.000;6.000;AMEN;;;;0;0;0;;0;0;;;B;;;;0;UN;2026;;;S;WE;0;BRL;;;0;0;UN;UN;1.906,80;4.115,96;;
CDFL;4500147804;;;10;0;0;410200; CONECTOR COMP TIPO H 95-95;101;EM Entrada mercador.;180036018;1003515;5000265082;1;11/05/2026;19/05/2026;19/05/2026;15:01:44;180; R$ 3.150,00 ;INVT;EST_INV_AME;LPEIXOTO;;;;;;;;;180;UN;CDFL - CD FLORES;;0;180;180;AMEN;;;;0;0;0;;0;0;;;B;;;;0;UN;2026;;;S;WE;0;BRL;;;0;0;UN;UN;0;0;;
CDFL;4500147933;;;10;0;0;410200; CONECTOR COMP TIPO H 95-95;101;EM Entrada mercador.;180035243;1014880;5000256402;1;17/03/2026;17/03/2026;17/03/2026;10:17:53;2.820;34.084,07;INVT;EST_INV_AME;MDCOSTA;;;;;;;;;2.820;UN;CDFL - CD FLORES;;0;2.820;2.820;AMEN;;;;0;0;0;;0;0;;;B;;;;0;UN;2026;;;S;WE;0;BRL;;;0;0;UN;UN;2.072,70;4.474,07;;
CDFL;4500147804;;;10;0;0;410200; CONECTOR COMP TIPO H 95-95;101;EM Entrada mercador.;180035146;1003515;5000254683;1;04/03/2026;10/03/2026;10/03/2026;09:50:17;20;350;INVT;EST_INV_AME;MDCOSTA;;;;;;;;;20;UN;CDFL - CD FLORES;;0;20;20;AMEN;;;;0;0;0;;0;0;;;B;;;;0;UN;2026;;;S;WE;0;BRL;;;0;0;UN;UN;0;0;;
CDFL;4500146775;;;10;0;0;410212;FITA AUTOADESIVA BLINDAGEM 10cmX10m;101;EM Entrada mercador.;180035819;1027545;5000262411;1;17/03/2026;05/05/2026;05/05/2026;09:28:41;1.090; R$ 22.710,05 ;INVT;EST_INV_AME;LPEIXOTO;;;;;;;;;1.090;UN;CDFL - CD FLORES;;0;1.090;1.090;AMEN;;;;0;0;0;;0;0;;;B;;;;0;UN;2026;;;S;WE;0;BRL;;;0;0;UN;UN;1.381,03;2.981,05;;
CDFL;4500150142;;;10;0;0;410212;FITA AUTOADESIVA BLINDAGEM 10cmX10m;101;EM Entrada mercador.;180035499;1003874;5000258551;2;27/03/2026;08/04/2026;08/04/2026;10:53:18;122;2.492,46;INVT;EST_INV_AME;LPEIXOTO;;;;;;;;;122;UN;CDFL - CD FLORES;;0;122;122;AMEN;;;;0;0;0;;0;0;;;B;;;;0;UN;2026;;;S;WE;0;BRL;;;0;0;UN;UN;498,49;0;;
CDFL;4500150142;;;10;0;0;410212;FITA AUTOADESIVA BLINDAGEM 10cmX10m;101;EM Entrada mercador.;180035499;1003874;5000258551;1;27/03/2026;08/04/2026;08/04/2026;10:53:18;60;1.225,80;INVT;EST_INV_AME;LPEIXOTO;;;;;;;;;60;UN;CDFL - CD FLORES;;0;60;60;AMEN;;;;0;0;0;;0;0;;;B;;;;0;UN;2026;;;S;WE;0;BRL;;;0;0;UN;UN;245,16;0;;
CDFL;4500148647;;;10;0;0;410212;FITA AUTOADESIVA BLINDAGEM 10cmX10m;101;EM Entrada mercador.;180035209;1003224;5000256296;1;11/03/2026;16/03/2026;16/03/2026;14:16:01;150;3.690,00;INVT;EST_INV_AME;MDCOSTA;;;;;;;;;150;UN;CDFL - CD FLORES;;0;150;150;AMEN;;;;0;0;0;;0;0;;;B;;;;0;UN;2026;;;S;WE;0;BRL;;;0;0;UN;UN;738;0;;
CDFL;4500147585;;;10;0;0;410212;FITA AUTOADESIVA BLINDAGEM 10cmX10m;101;EM Entrada mercador.;180034983;1008630;5000253289;1;13/02/2026;26/02/2026;26/02/2026;16:38:05;60;1.377,00;INVT;EST_INV_AME;MDCOSTA;;;;;;;;;60;UN;CDFL - CD FLORES;;0;60;60;AMEN;;;;0;0;0;;0;0;;;B;;;;0;UN;2026;;;S;WE;0;BRL;;;0;0;UN;UN;0;0;;
CDFL;4500147585;;;10;0;0;410212;FITA AUTOADESIVA BLINDAGEM 10cmX10m;101;EM Entrada mercador.;180034983;1008630;5000253289;2;13/02/2026;26/02/2026;26/02/2026;16:38:05;22;504,9;INVT;EST_INV_AME;MDCOSTA;;;;;;;;;22;UN;CDFL - CD FLORES;;0;22;22;AMEN;;;;0;0;0;;0;0;;;B;;;;0;UN;2026;;;S;WE;0;BRL;;;0;0;UN;UN;0;0;;
CDFL;4500148074;;;10;0;0;410213;TINTA SPRAY;101;EM Entrada mercador.;180035951;1027532;5000263433;1;09/04/2026;14/05/2026;14/05/2026;08:45:42;300; R$ 5.400,00 ;INVT;EST_INV_AME;LPEIXOTO;;;;;;;;;300;UN;CDFL - CD FLORES;;0;300;300;AMEN;;;;0;0;0;;0;0;;;B;;;;0;UN;2026;;;S;WE;0;BRL;;;0;0;UN;UN;0;0;;
CDFL;4500148074;;;10;0;0;410213;TINTA SPRAY;101;EM Entrada mercador.;180035280;1027532;5000256521;1;16/03/2026;18/03/2026;18/03/2026;10:12:21;204;3.672,00;INVT;EST_INV_AME;MDCOSTA;;;;;;;;;204;UN;CDFL - CD FLORES;;0;204;204;AMEN;;;;0;0;0;;0;0;;;B;;;;0;UN;2026;;;S;WE;0;BRL;;;0;0;UN;UN;0;0;;
CDFL;4500148075;;;10;0;0;410213;TINTA SPRAY;101;EM Entrada mercador.;180035091;1027532;5000254189;1;27/02/2026;06/03/2026;06/03/2026;08:18:17;60;1.080,00;INVT;EST_INV_AME;MDCOSTA;;;;;;;;;60;UN;CDFL - CD FLORES;;0;60;60;AMEN;;;;0;0;0;;0;0;;;B;;;;0;UN;2026;;;S;WE;0;BRL;;;0;0;UN;UN;0;0;;
CDFL;4500147577;;;20;0;0;410213;TINTA SPRAY;101;EM Entrada mercador.;180035037;1008610;5000253500;2;23/02/2026;03/03/2026;03/03/2026;09:31:57;7;147,42;INVT;EST_INV_AME;MDCOSTA;;;;;;;;;7;UN;CDFL - CD FLORES;;0;7;7;AMEN;;;;0;0;0;;0;0;;;B;;;;0;UN;2026;;;S;WE;0;BRL;;;0;0;UN;UN;0;0;;
CDFL;4500147577;;;20;0;0;410213;TINTA SPRAY;101;EM Entrada mercador.;180035037;1008610;5000253500;1;23/02/2026;03/03/2026;03/03/2026;09:31:57;19;400,14;INVT;EST_INV_AME;MDCOSTA;;;;;;;;;19;UN;CDFL - CD FLORES;;0;19;19;AMEN;;;;0;0;0;;0;0;;;B;;;;0;UN;2026;;;S;WE;0;BRL;;;0;0;UN;UN;0;0;;
CDFL;4500150715;;;10;0;0;410257;PRENSA CABO PRETO 2 (37-44MM) BSP 2;101;EM Entrada mercador.;180035557;1003818;5000259469;1;10/04/2026;13/04/2026;13/04/2026;08:31:07;569;7.983,07;INVT;EST_INV_AME;LPEIXOTO;;;;;;;;;569;UN;CDFL - CD FLORES;;0;569;569;AMEN;;;;0;0;0;;0;0;;;B;;;;0;UN;2026;;;S;WE;0;BRL;;;0;0;UN;UN;0;0;;
CDFL;4500152330;;;10;0;0;800021;CABO ELET CU 95MM2 90°XLPE 0,6/1KV;101;EM Entrada mercador.;180036048;1003949;5000265811;3;05/05/2026;21/05/2026;21/05/2026;08:38:37;1.525; R$ 160.064,00 ;CUST;ESTOQUE_AME;LPEIXOTO;;;;;;;;;1.525;M;CDFL - CD FLORES;;0;1.525;1.525;AMEN;;;;0;0;0;;0;0;;;B;;;;0;M;2026;;;S;WE;0;BRL;;;0;0;M;M;11.204,48;0;;
CDFL;4500152330;;;10;0;0;800021;CABO ELET CU 95MM2 90°XLPE 0,6/1KV;101;EM Entrada mercador.;180035737;1003949;5000261721;1;22/04/2026;28/04/2026;28/04/2026;15:23:57;1.000;104.960,00;CUST;ESTOQUE_AME;MDCOSTA;;;;;;;;;1.000;M;CDFL - CD FLORES;;0;1.000;1.000;AMEN;;;;0;0;0;;0;0;;;B;;;;0;M;2026;;;S;WE;0;BRL;;;0;0;M;M;7.347,20;0;;
CDFL;4500152330;;;10;0;0;800021;CABO ELET CU 95MM2 90°XLPE 0,6/1KV;101;EM Entrada mercador.;180035737;1003949;5000261721;2;22/04/2026;28/04/2026;28/04/2026;15:23:57;1.616;169.615,36;CUST;ESTOQUE_AME;MDCOSTA;;;;;;;;;1.616;M;CDFL - CD FLORES;;0;1.616;1.616;AMEN;;;;0;0;0;;0;0;;;B;;;;0;M;2026;;;S;WE;0;BRL;;;0;0;M;M;11.873,08;0;;
CDFL;4500113326;;;20;0;0;800021;CABO ELET CU 95MM2 90°XLPE 0,6/1KV;101;EM Entrada mercador.;180033824;1003949;5000236814;1;11/11/2025;19/11/2025;19/11/2025;07:43:03;28;2.087,96;CUST;ESTOQUE_AME;MDCOSTA;;;;;;;;;28;M;CDFL - CD FLORES;;0;28;28;AMEN;;;;0;0;0;;0;0;;;B;;;;0;M;2025;;;S;WE;0;BRL;;;0;0;M;M;146,16;0;;
CDFL;4500128710;;;10;0;0;800021;CABO ELET CU 95MM2 90°XLPE 0,6/1KV;101;EM Entrada mercador.;180033779;1003949;5000236362;1;11/11/2025;17/11/2025;17/11/2025;15:03:23;1.000;64.890,00;CUST;ESTOQUE_AME;LPEIXOTO;;;;;;;;;1.000;M;CDFL - CD FLORES;;0;1.000;1.000;AMEN;;;;0;0;0;;0;0;;;B;;;;0;M;2025;;;S;WE;0;BRL;;;0;0;M;M;4.542,30;0;;
CDFL;4500128710;;;10;0;0;800021;CABO ELET CU 95MM2 90°XLPE 0,6/1KV;101;EM Entrada mercador.;180033779;1003949;5000236362;2;11/11/2025;17/11/2025;17/11/2025;15:03:23;1.000;64.890,00;CUST;ESTOQUE_AME;LPEIXOTO;;;;;;;;;1.000;M;CDFL - CD FLORES;;0;1.000;1.000;AMEN;;;;0;0;0;;0;0;;;B;;;;0;M;2025;;;S;WE;0;BRL;;;0;0;M;M;4.542,30;0;;
CDFL;4500113326;;;10;0;0;800021;CABO ELET CU 95MM2 90°XLPE 0,6/1KV;101;EM Entrada mercador.;180031729;1003949;5000214981;1;08/07/2025;15/07/2025;15/07/2025;08:28:32;760;56.673,20;CUST;ESTOQUE_AME;MDCOSTA;;;;;;;;;760;M;CDFL - CD FLORES;;0;760;760;AMEN;;;;0;0;0;;0;0;;;B;;;;0;M;2025;;;S;WE;0;BRL;;;0;0;M;M;3.967,12;0;;
CDFL;4500136123;;;10;0;0;800031;CABO ELET NU CA AL 2AWG 33,54MM2 IRIS;101;EM Entrada mercador.;180034140;1003949;5000243584;1;10/12/2025;18/12/2025;18/12/2025;09:04:33;3.986;115.594,00;CUST;ESTOQUE_AME;MDCOSTA;;;;;;;;;3.986;KG;CDFL - CD FLORES;;0;3.986;3.986;AMEN;;;;0;0;0;;0;0;;;B;;;;0;KG;2025;;;S;WE;0;BRL;;;0;0;KG;KG;8.091,58;0;;
CDFL;4500136123;;;10;0;0;800031;CABO ELET NU CA AL 2AWG 33,54MM2 IRIS;101;EM Entrada mercador.;180033981;1003949;5000239897;1;25/11/2025;05/12/2025;05/12/2025;14:50:32;2.550;73.950,00;CUST;ESTOQUE_AME;MDCOSTA;;;;;;;;;2.550;KG;CDFL - CD FLORES;;0;2.550;2.550;AMEN;;;;0;0;0;;0;0;;;B;;;;0;KG;2025;;;S;WE;0;BRL;;;0;0;KG;KG;5.176,50;0;;
CDFL;4500133097;;;10;0;0;800031;CABO ELET NU CA AL 2AWG 33,54MM2 IRIS;101;EM Entrada mercador.;180033545;1003949;5000234292;1;23/10/2025;31/10/2025;31/10/2025;09:50:51;2.500;72.500,00;CUST;ESTOQUE_AME;MDCOSTA;;;;;;;;;2.500;KG;CDFL - CD FLORES;;0;2.500;2.500;AMEN;;;;0;0;0;;0;0;;;B;;;;0;KG;2025;;;S;WE;0;BRL;;;0;0;KG;KG;5.075,00;0;;
CDFL;4500126798;;;10;0;0;800031;CABO ELET NU CA AL 2AWG 33,54MM2 IRIS;101;EM Entrada mercador.;180033008;1003949;5000228552;1;15/09/2025;29/09/2025;29/09/2025;07:59:45;955;27.695,00;CUST;ESTOQUE_AME;MDCOSTA;;;;;;;;;955;KG;CDFL - CD FLORES;;0;955;955;AMEN;;;;0;0;0;;0;0;;;B;;;;0;KG;2025;;;S;WE;0;BRL;;;0;0;KG;KG;1.938,65;0;;
CDFL;4500126798;;;10;0;0;800031;CABO ELET NU CA AL 2AWG 33,54MM2 IRIS;101;EM Entrada mercador.;180032703;1003949;5000224745;1;03/09/2025;11/09/2025;11/09/2025;15:03:19;1.045;30.305,00;CUST;ESTOQUE_AME;GRIBEIRO;;;;;;;;;1.045;KG;CDFL - CD FLORES;;0;1.045;1.045;AMEN;;;;0;0;0;;0;0;;;B;;;;0;KG;2025;;;S;WE;0;BRL;;;0;0;KG;KG;2.121,35;0;;
CDFL;4500125672;;;20;0;0;800031;CABO ELET NU CA AL 2AWG 33,54MM2 IRIS;101;EM Entrada mercador.;180032578;1003949;5000223049;1;28/08/2025;03/09/2025;03/09/2025;08:53:09;395;11.455,00;CUST;ESTOQUE_AME;MDCOSTA;;;;;;;;;395;KG;CDFL - CD FLORES;;0;395;395;AMEN;;;;0;0;0;;0;0;;;B;;;;0;KG;2025;;;S;WE;0;BRL;;;0;0;KG;KG;801,85;0;;
CDFL;4500125672;;;20;0;0;800031;CABO ELET NU CA AL 2AWG 33,54MM2 IRIS;101;EM Entrada mercador.;180032450;1003949;5000221622;1;18/08/2025;26/08/2025;26/08/2025;10:11:15;190;5.510,00;CUST;ESTOQUE_AME;MDCOSTA;;;;;;;;;190;KG;CDFL - CD FLORES;;0;190;190;AMEN;;;;0;0;0;;0;0;;;B;;;;0;KG;2025;;;S;WE;0;BRL;;;0;0;KG;KG;385,7;0;;
CDFL;4500125672;;;20;0;0;800031;CABO ELET NU CA AL 2AWG 33,54MM2 IRIS;101;EM Entrada mercador.;180032449;1003949;5000221620;1;19/08/2025;26/08/2025;26/08/2025;10:07:42;915;26.535,00;CUST;ESTOQUE_AME;MDCOSTA;;;;;;;;;915;KG;CDFL - CD FLORES;;0;915;915;AMEN;;;;0;0;0;;0;0;;;B;;;;0;KG;2025;;;S;WE;0;BRL;;;0;0;KG;KG;1.857,45;0;;
CDFL;4500153065;;;10;0;0;800033;CABO ELETR 15KV AL PROT XLPE 50MM2 1F MT;101;EM Entrada mercador.;180035981;1003949;5000264345;1;06/05/2026;18/05/2026;18/05/2026;08:21:15;1.500; R$ 8.460,00 ;CUST;ESTOQUE_AME;LPEIXOTO;;;;;;;;;1.500;M;CDFL - CD FLORES;;0;1.500;1.500;AMEN;;;;0;0;0;;0;0;;;B;;;;0;M;2026;;;S;WE;0;BRL;;;0;0;M;M;592,2;0;;
CDFL;4500128658;;;10;0;0;800033;CABO ELETR 15KV AL PROT XLPE 50MM2 1F MT;101;EM Entrada mercador.;180033711;1011333;5000235836;2;04/10/2025;13/11/2025;13/11/2025;10:00:12;560;3.364,96;CUST;ESTOQUE_AME;MDCOSTA;;;;;;;;;560;M;CDFL - CD FLORES;;0;560;560;AMEN;;;;0;0;0;;0;0;;;B;;;;0;M;2025;;;S;WE;0;BRL;;;0;0;M;M;204,63;441,7;;
CDFL;4500128658;;;10;0;0;800033;CABO ELETR 15KV AL PROT XLPE 50MM2 1F MT;101;EM Entrada mercador.;180033711;1011333;5000235836;1;04/10/2025;13/11/2025;13/11/2025;10:00:12;1.000;6.008,85;CUST;ESTOQUE_AME;MDCOSTA;;;;;;;;;1.000;M;CDFL - CD FLORES;;0;1.000;1.000;AMEN;;;;0;0;0;;0;0;;;B;;;;0;M;2025;;;S;WE;0;BRL;;;0;0;M;M;365,41;788,76;;
CDFL;4500125673;;;20;0;0;800033;CABO ELETR 15KV AL PROT XLPE 50MM2 1F MT;101;EM Entrada mercador.;180033097;1011333;5000229559;2;26/08/2025;03/10/2025;03/10/2025;08:16:17;1.500;9.013,11;CUST;ESTOQUE_AME;MDCOSTA;;;;;;;;;1.500;M;CDFL - CD FLORES;;0;1.500;1.500;AMEN;;;;0;0;0;;0;0;;;B;;;;0;M;2025;;;S;WE;0;BRL;;;0;0;M;M;548,1;1.183,11;;
CDFL;4500128798;;;20;0;0;800041;CABO  MULT 3X50+1X50MM² XLPE 0,6/1 KV;101;EM Entrada mercador.;180033202;1003949;5000230593;2;29/09/2025;10/10/2025;10/10/2025;08:51:44;900;18.945,00;CUST;ESTOQUE_AME;MDCOSTA;;;;;;;;;900;M;CDFL - CD FLORES;;0;900;900;AMEN;;;;0;0;0;;0;0;;;B;;;;0;M;2025;;;S;WE;0;BRL;;;0;0;M;M;1.326,15;0;;
CDFL;4500125669;;;30;0;0;800041;CABO  MULT 3X50+1X50MM² XLPE 0,6/1 KV;101;EM Entrada mercador.;180032577;1003949;5000223048;1;28/08/2025;03/09/2025;03/09/2025;08:48:07;1.000;21.050,00;CUST;ESTOQUE_AME;MDCOSTA;;;;;;;;;1.000;M;CDFL - CD FLORES;;0;1.000;1.000;AMEN;;;;0;0;0;;0;0;;;B;;;;0;M;2025;;;S;WE;0;BRL;;;0;0;M;M;1.473,50;0;;
CDFL;4500150388;;;240;0;0;800048;CABO ELET ISOL SING 1.5MM2 VERMELHA;101;EM Entrada mercador.;180035936;1003949;5000263354;6;05/05/2026;13/05/2026;13/05/2026;14:35:54;500; R$ 830,00 ;CUST;ESTOQUE_AME;MDCOSTA;;;;;;;;;500;M;CDFL - CD FLORES;;0;500;500;AMEN;;;;0;0;0;;0;0;;;B;;;;0;M;2026;;;S;WE;0;BRL;;;0;0;M;M;58,1;0;;
CDFL;4500150388;;;230;0;0;800051;CABO ELET ISOL SING 1.5MM2 BR;101;EM Entrada mercador.;180035936;1003949;5000263354;10;05/05/2026;13/05/2026;13/05/2026;14:35:54;500; R$ 830,00 ;CUST;ESTOQUE_AME;MDCOSTA;;;;;;;;;500;M;CDFL - CD FLORES;;0;500;500;AMEN;;;;0;0;0;;0;0;;;B;;;;0;M;2026;;;S;WE;0;BRL;;;0;0;M;M;58,1;0;;
CDFL;4500117820;;;20;0;0;800054;CONECTOR ATERR REFORÇ HAST/CAB 5/8-35MM2;101;EM Entrada mercador.;180032556;1003799;5000222574;1;29/07/2025;01/09/2025;01/09/2025;14:25:21;11.535;250.421,92;CUST;ESTOQUE_AME;MDCOSTA;;;;;;;;;11.535;UN;CDFL - CD FLORES;;0;11.535;11.535;AMEN;;;;0;0;0;;0;0;;;B;;;;0;UN;2025;;;S;WE;0;BRL;;;0;0;UN;UN;15.228,51;32.871,82;;
CDFL;4500128798;;;30;0;0;800058;CABO  MULT 3X120+1X70MM² XLPE 0,6/1 KV;101;EM Entrada mercador.;180033583;1003949;5000234679;1;27/10/2025;04/11/2025;04/11/2025;16:15:29;2.395;113.307,45;CUST;ESTOQUE_AME;MDCOSTA;;;;;;;;;2.395;M;CDFL - CD FLORES;;0;2.395;2.395;AMEN;;;;0;0;0;;0;0;;;B;;;;0;M;2025;;;S;WE;0;BRL;;;0;0;M;M;7.931,52;0;;
CDFL;4500128798;;;30;0;0;800058;CABO  MULT 3X120+1X70MM² XLPE 0,6/1 KV;101;EM Entrada mercador.;180033322;1003949;5000232059;1;13/10/2025;17/10/2025;17/10/2025;09:25:04;2.805;132.704,55;CUST;ESTOQUE_AME;MDCOSTA;;;;;;;;;2.805;M;CDFL - CD FLORES;;0;2.805;2.805;AMEN;;;;0;0;0;;0;0;;;B;;;;0;M;2025;;;S;WE;0;BRL;;;0;0;M;M;9.289,32;0;;
CDFL;4500128713;;;20;0;0;800059;CABO ELET NU CA 336,4MCM 170MM2 TULIP;101;EM Entrada mercador.;180032907;1003949;5000227639;2;12/09/2025;23/09/2025;23/09/2025;09:46:32;185;5.365,00;CUST;ESTOQUE_AME;MDCOSTA;;;;;;;;;185;KG;CDFL - CD FLORES;;0;185;185;AMEN;;;;0;0;0;;0;0;;;B;;;;0;KG;2025;;;S;WE;0;BRL;;;0;0;KG;KG;375,55;0;;
CDFL;4500152874;;;10;0;0;800060;CABO ELET 15KV AL PROT XLPE 185MM2 1F MT;101;EM Entrada mercador.;180036087;1003949;5000266178;1;11/05/2026;25/05/2026;25/05/2026;09:56:17;2.070; R$ 37.094,40 ;CUST;ESTOQUE_AME;LPEIXOTO;;;;;;;;;2.070;M;CDFL - CD FLORES;;0;2.070;2.070;AMEN;;;;0;0;0;;0;0;;;B;;;;0;M;2026;;;S;WE;0;BRL;;;0;0;M;M;2.596,61;0;;
CDFL;4500128658;;;60;0;0;800060;CABO ELET 15KV AL PROT XLPE 185MM2 1F MT;101;EM Entrada mercador.;180033711;1011333;5000235836;6;04/10/2025;13/11/2025;13/11/2025;10:00:12;229;4.389,24;CUST;ESTOQUE_AME;MDCOSTA;;;;;;;;;229;M;CDFL - CD FLORES;;0;229;229;AMEN;;;;0;0;0;;0;0;;;B;;;;0;M;2025;;;S;WE;0;BRL;;;0;0;M;M;266,92;576,16;;
CDFL;4500128658;;;50;0;0;800060;CABO ELET 15KV AL PROT XLPE 185MM2 1F MT;101;EM Entrada mercador.;180033711;1011333;5000235836;4;04/10/2025;13/11/2025;13/11/2025;10:00:12;399;7.647,62;CUST;ESTOQUE_AME;MDCOSTA;;;;;;;;;399;M;CDFL - CD FLORES;;0;399;399;AMEN;;;;0;0;0;;0;0;;;B;;;;0;M;2025;;;S;WE;0;BRL;;;0;0;M;M;465,06;1.003,87;;
CDFL;4500128658;;;40;0;0;800060;CABO ELET 15KV AL PROT XLPE 185MM2 1F MT;101;EM Entrada mercador.;180033711;1011333;5000235836;3;04/10/2025;13/11/2025;13/11/2025;10:00:12;5.500;105.418,30;CUST;ESTOQUE_AME;MDCOSTA;;;;;;;;;5.500;M;CDFL - CD FLORES;;0;5.500;5.500;AMEN;;;;0;0;0;;0;0;;;B;;;;0;M;2025;;;S;WE;0;BRL;;;0;0;M;M;6.410,63;13.837,82;;
CDFL;4500125673;;;30;0;0;800060;CABO ELET 15KV AL PROT XLPE 185MM2 1F MT;101;EM Entrada mercador.;180033097;1011333;5000229559;3;26/08/2025;03/10/2025;03/10/2025;08:16:17;1.500;28.748,72;CUST;ESTOQUE_AME;MDCOSTA;;;;;;;;;1.500;M;CDFL - CD FLORES;;0;1.500;1.500;AMEN;;;;0;0;0;;0;0;;;B;;;;0;M;2025;;;S;WE;0;BRL;;;0;0;M;M;1.748,27;3.773,77;;
CDFL;4500133151;;;20;0;0;800062;CABO  MULT 2X16+1X16MM² XLPE 0,6/1 KV;101;EM Entrada mercador.;180033827;1003949;5000236817;1;14/11/2025;19/11/2025;19/11/2025;08:27:07;2.000;10.160,00;CUST;ESTOQUE_AME;MDCOSTA;;;;;;;;;2.000;M;CDFL - CD FLORES;;0;2.000;2.000;AMEN;;;;0;0;0;;0;0;;;B;;;;0;M;2025;;;S;WE;0;BRL;;;0;0;M;M;711,2;0;;
CDFL;4500129762;;;10;0;0;800062;CABO  MULT 2X16+1X16MM² XLPE 0,6/1 KV;101;EM Entrada mercador.;180033102;1003949;5000229578;1;23/09/2025;03/10/2025;03/10/2025;09:09:35;1.500;7.620,00;CUST;ESTOQUE_AME;MDCOSTA;;;;;;;;;1.500;M;CDFL - CD FLORES;;0;1.500;1.500;AMEN;;;;0;0;0;;0;0;;;B;;;;0;M;2025;;;S;WE;0;BRL;;;0;0;M;M;533,4;0;;
CDFL;4500155780;;;10;0;0;800100;ISOLADOR PINO PORC 15KV 102MM 1350KGF;101;EM Entrada mercador.;180036199;1016114;5000266401;1;27/05/2026;29/05/2026;29/05/2026;09:12:28;513; R$ 19.981,35 ;CUST;ESTOQUE_AME;MDCOSTA;;;;;;;;;513;UN;CDFL - CD FLORES;;0;513;513;AMEN;;;;0;0;0;;0;0;;;B;;;;0;UN;2026;;;S;WE;0;BRL;;;0;0;UN;UN;0;0;;
CDFL;4500123127;;;30;0;0;800100;ISOLADOR PINO PORC 15KV 102MM 1350KGF;101;EM Entrada mercador.;180032492;1003624;5000221909;1;22/08/2025;27/08/2025;27/08/2025;14:28:35;260;6.500,00;CUST;ESTOQUE_AME;MDCOSTA;;;;;;;;;260;UN;CDFL - CD FLORES;;0;260;260;AMEN;;;;0;0;0;;0;0;;;B;;;;0;UN;2025;;;S;WE;0;BRL;;;0;0;UN;UN;0;0;;
CDFL;4500123127;;;30;0;0;800100;ISOLADOR PINO PORC 15KV 102MM 1350KGF;101;EM Entrada mercador.;180032013;1003624;5000217556;1;29/07/2025;04/08/2025;04/08/2025;08:08:59;1.050;26.250,00;CUST;ESTOQUE_AME;MDCOSTA;;;;;;;;;1.050;UN;CDFL - CD FLORES;;0;1.050;1.050;AMEN;;;;0;0;0;;0;0;;;B;;;;0;UN;2025;;;S;WE;0;BRL;;;0;0;UN;UN;0;0;;
CDFL;4500117393;;;20;0;0;800100;ISOLADOR PINO PORC 15KV 102MM 1350KGF;101;EM Entrada mercador.;180031972;1003624;5000217039;1;18/07/2025;29/07/2025;29/07/2025;11:29:03;1.500;37.500,00;CUST;ESTOQUE_AME;MDCOSTA;;;;;;;;;1.500;UN;CDFL - CD FLORES;;0;1.500;1.500;AMEN;;;;0;0;0;;0;0;;;B;;;;0;UN;2025;;;S;WE;0;BRL;;;0;0;UN;UN;0;0;;
CDFL;4500137990;;;30;0;0;800105;MANILHA AC 16MM 80MM 22MM 13500DAN;101;EM Entrada mercador.;180034499;1009464;5000247474;3;23/01/2026;23/01/2026;23/01/2026;08:31:10;100;7.109,19;CUST;ESTOQUE_AME;MDCOSTA;;;;;;;;;100;UN;CDFL - CD FLORES;;0;100;100;AMEN;;;;0;0;0;;0;0;;;B;;;;0;UN;2026;;;S;WE;0;BRL;;;0;0;UN;UN;432,32;933,19;;
CDFL;4500143290;;;100;0;0;800118;PARAFUSO CAB QD AC 16MM 500MM;101;EM Entrada mercador.;180036103;1007262;5000266250;4;30/04/2026;26/05/2026;26/05/2026;11:17:00;226; R$ 4.915,30 ;CUST;ESTOQUE_AME;LPEIXOTO;;;;;;;;;226;UN;CDFL - CD FLORES;;0;226;226;AMEN;;;;0;0;0;;0;0;;;B;;;;0;UN;2026;;;S;WE;0;BRL;;;0;0;UN;UN;542,13;397,56;;
CDFL;4500116907;;;50;0;0;800118;PARAFUSO CAB QD AC 16MM 500MM;101;EM Entrada mercador.;180032184;1007262;5000218925;5;30/07/2025;11/08/2025;11/08/2025;15:27:49;50;1.087,46;CUST;ESTOQUE_AME;MDCOSTA;;;;;;;;;50;UN;CDFL - CD FLORES;;0;50;50;AMEN;;;;0;0;0;;0;0;;;B;;;;0;UN;2025;;;S;WE;0;BRL;;;0;0;UN;UN;119,94;87,96;;
CDFL;4500113050;;;40;0;0;800119;PARAFUSO CAB QD AC 16MM 225MM 300MM;101;EM Entrada mercador.;180031690;1007262;5000214518;4;23/06/2025;11/07/2025;11/07/2025;10:13:49;5.351;69.746,22;CUST;ESTOQUE_AME;MDCOSTA;;;;;;;;;5.351;UN;CDFL - CD FLORES;;0;5.351;5.351;AMEN;;;;0;0;0;;0;0;;;B;;;;0;UN;2025;;;S;WE;0;BRL;;;0;0;UN;UN;7.692,60;5.641,24;;
CDFL;4500150388;;;260;0;0;800133;CABO ELET ISOL, 1,5MM2 PT;101;EM Entrada mercador.;180035936;1003949;5000263354;12;05/05/2026;13/05/2026;13/05/2026;14:35:54;500; R$ 830,00 ;CUST;ESTOQUE_AME;MDCOSTA;;;;;;;;;500;M;CDFL - CD FLORES;;0;500;500;AMEN;;;;0;0;0;;0;0;;;B;;;;0;M;2026;;;S;WE;0;BRL;;;0;0;M;M;58,1;0;;
CDFL;4500150388;;;100;0;0;800145;CABO ELÉTRICO CU 35MM AZUL FLEXIVEL 750V;101;EM Entrada mercador.;180035936;1003949;5000263354;5;05/05/2026;13/05/2026;13/05/2026;14:35:54;500; R$ 15.470,00 ;CUST;ESTOQUE_AME;MDCOSTA;;;;;;;;;500;M;CDFL - CD FLORES;;0;500;500;AMEN;;;;0;0;0;;0;0;;;B;;;;0;M;2026;;;S;WE;0;BRL;;;0;0;M;M;1.082,90;0;;
CDFL;4500141927;;;20;0;0;800145;CABO ELÉTRICO CU 35MM AZUL FLEXIVEL 750V;101;EM Entrada mercador.;180034869;1003818;5000252049;1;05/02/2026;20/02/2026;20/02/2026;11:01:29;200;6.758,00;CUST;ESTOQUE_AME;MDCOSTA;;;;;;;;;200;M;CDFL - CD FLORES;;0;200;200;AMEN;;;;0;0;0;;0;0;;;B;;;;0;M;2026;;;S;WE;0;BRL;;;0;0;M;M;0;0;;
CDFL;4500150388;;;170;0;0;800157;CABO ELET ISOL BR 2,5MM2;101;EM Entrada mercador.;180035936;1003949;5000263354;2;05/05/2026;13/05/2026;13/05/2026;14:35:54;500; R$ 1.225,00 ;CUST;ESTOQUE_AME;MDCOSTA;;;;;;;;;500;M;CDFL - CD FLORES;;0;500;500;AMEN;;;;0;0;0;;0;0;;;B;;;;0;M;2026;;;S;WE;0;BRL;;;0;0;M;M;85,75;0;;
CDFL;4500153269;;;20;0;0;800163;CABO ELET NU CA AL 2/0AWG 67,40MM2;101;EM Entrada mercador.;180036188;1003949;5000266386;1;13/05/2026;28/05/2026;28/05/2026;16:33:32;3.004; R$ 87.116,00 ;CUST;ESTOQUE_AME;LPEIXOTO;;;;;;;;;3.004;KG;CDFL - CD FLORES;;0;3.004;3.004;AMEN;;;;0;0;0;;0;0;;;B;;;;0;KG;2026;;;S;WE;0;BRL;;;0;0;KG;KG;6.098,12;0;;
CDFL;4500153269;;;20;0;0;800163;CABO ELET NU CA AL 2/0AWG 67,40MM2;101;EM Entrada mercador.;180036090;1003949;5000266186;1;18/05/2026;25/05/2026;25/05/2026;10:18:48;2.996; R$ 86.884,00 ;CUST;ESTOQUE_AME;LPEIXOTO;;;;;;;;;2.996;KG;CDFL - CD FLORES;;0;2.996;2.996;AMEN;;;;0;0;0;;0;0;;;B;;;;0;KG;2026;;;S;WE;0;BRL;;;0;0;KG;KG;6.081,88;0;;
CDFL;4500128713;;;10;0;0;800163;CABO ELET NU CA AL 2/0AWG 67,40MM2;101;EM Entrada mercador.;180032907;1003949;5000227639;1;12/09/2025;23/09/2025;23/09/2025;09:46:32;2.200;63.800,00;CUST;ESTOQUE_AME;MDCOSTA;;;;;;;;;2.200;KG;CDFL - CD FLORES;;0;2.200;2.200;AMEN;;;;0;0;0;;0;0;;;B;;;;0;KG;2025;;;S;WE;0;BRL;;;0;0;KG;KG;4.466,00;0;;
CDFL;4500150388;;;10;0;0;800177;CABO ELET FLEXIVEL PVC 750V 2,5MM2 CZ;101;EM Entrada mercador.;180035936;1003949;5000263354;14;05/05/2026;13/05/2026;13/05/2026;14:35:54;500; R$ 1.225,00 ;CUST;ESTOQUE_AME;MDCOSTA;;;;;;;;;500;M;CDFL - CD FLORES;;0;500;500;AMEN;;;;0;0;0;;0;0;;;B;;;;0;M;2026;;;S;WE;0;BRL;;;0;0;M;M;85,75;0;;
CDFL;4500150402;;;10;0;0;800192;AFASTADOR REDE SEC AC 700MM 500MM;101;EM Entrada mercador.;180036219;1003152;5000266445;1;08/05/2026;29/05/2026;29/05/2026;16:13:47;12; R$ 1.883,15 ;CUST;ESTOQUE_AME;MDCOSTA;;;;;;;;;12;UN;CDFL - CD FLORES;;0;12;12;AMEN;;;;0;0;0;;0;0;;;B;;;;0;UN;2026;;;S;WE;0;BRL;;;0;0;UN;UN;114,52;247,19;;
CDFL;4500138303;;;230;0;0;800228;ALCA PREFORM DIST CAA/CA 1/0AWG 50MM2;101;EM Entrada mercador.;180035524;1007593;5000259116;9;19/02/2026;09/04/2026;09/04/2026;15:10:59;1.300;7.751,51;CUST;ESTOQUE_AME;LPEIXOTO;;;;;;;;;1.300;UN;CDFL - CD FLORES;;0;1.300;1.300;AMEN;;;;0;0;0;;0;0;;;B;;;;0;UN;2026;;;S;WE;0;BRL;;;0;0;UN;UN;471,38;1.017,51;;
CDFL;4500114160;;;110;0;0;800228;ALCA PREFORM DIST CAA/CA 1/0AWG 50MM2;101;EM Entrada mercador.;180032094;1007593;5000218013;13;03/07/2025;07/08/2025;07/08/2025;11:20:15;735;4.382,58;CUST;ESTOQUE_AME;MDCOSTA;;;;;;;;;735;UN;CDFL - CD FLORES;;0;735;735;AMEN;;;;0;0;0;;0;0;;;B;;;;0;UN;2025;;;S;WE;0;BRL;;;0;0;UN;UN;266,51;575,28;;
CDFL;4500150392;;;10;0;0;800256;BRACO SUPORTE TIPO C 580X365MM 851/6;101;EM Entrada mercador.;180036066;1003152;5000266040;1;22/05/2026;22/05/2026;22/05/2026;08:10:22;87; R$ 9.200,39 ;CUST;ESTOQUE_AME;LPEIXOTO;;;;;;;;;87;UN;CDFL - CD FLORES;;0;87;87;AMEN;;;;0;0;0;;0;0;;;B;;;;0;UN;2026;;;S;WE;0;BRL;;;0;0;UN;UN;559,49;1.207,70;;
CDFL;4500143335;;;20;0;0;800256;BRACO SUPORTE TIPO C 580X365MM 851/6;101;EM Entrada mercador.;180035528;1007262;5000259162;2;19/03/2026;09/04/2026;09/04/2026;16:22:45;154;22.110,16;CUST;ESTOQUE_AME;LPEIXOTO;;;;;;;;;154;UN;CDFL - CD FLORES;;0;154;154;AMEN;;;;0;0;0;;0;0;;;B;;;;0;UN;2026;;;S;WE;0;BRL;;;0;0;UN;UN;2.438,62;1.788,32;;
CDFL;4500116905;;;50;0;0;800256;BRACO SUPORTE TIPO C 580X365MM 851/6;101;EM Entrada mercador.;180032291;1007262;5000219321;5;30/07/2025;15/08/2025;15/08/2025;08:15:32;79;11.342,23;CUST;ESTOQUE_AME;MDCOSTA;;;;;;;;;79;UN;CDFL - CD FLORES;;0;79;79;AMEN;;;;0;0;0;;0;0;;;B;;;;0;UN;2025;;;S;WE;0;BRL;;;0;0;UN;UN;1.250,98;917,39;;
CDFL;4500126487;;;20;0;0;800262;CHAVE FUSIVEL INDIC 15KV 200A/95KV BUC;101;EM Entrada mercador.;180033226;1003412;5000230749;1;26/09/2025;13/10/2025;13/10/2025;08:04:33;20;8.472,10;CUST;ESTOQUE_AME;MDCOSTA;;;;;;;;;20;UN;CDFL - CD FLORES;;0;20;20;AMEN;;;;0;0;0;;0;0;;;B;;;;0;UN;2025;;;S;WE;0;BRL;;;0;0;UN;UN;515,2;1.112,10;;
CDFL;4500114036;;;20;0;0;800262;CHAVE FUSIVEL INDIC 15KV 200A/95KV BUC;101;EM Entrada mercador.;180031726;1003412;5000214938;1;18/06/2025;15/07/2025;15/07/2025;08:10:25;235;99.547,13;CUST;ESTOQUE_AME;MDCOSTA;;;;;;;;;235;UN;CDFL - CD FLORES;;0;235;235;AMEN;;;;0;0;0;;0;0;;;B;;;;0;UN;2025;;;S;WE;0;BRL;;;0;0;UN;UN;6.053,60;13.067,13;;
CDFL;4500114153;;;20;0;0;800274;CONECTOR CUNHA DE AL 2/0 (1/0) AWG;101;EM Entrada mercador.;180031546;1003137;5000216234;1;30/06/2025;21/07/2025;21/07/2025;14:39:32;2.210;31.214,03;CUST;ESTOQUE_AME;MDCOSTA;;;;;;;;;2.210;UN;CDFL - CD FLORES;;0;2.210;2.210;AMEN;;;;0;0;0;;0;0;;;B;;;;0;UN;2025;;;S;WE;0;BRL;;;0;0;UN;UN;1.898,17;4.097,33;;
CDFL;4500117039;;;10;0;0;800289;CONECTOR PARAL AL 10-2/0AWG (6-70MM2);101;EM Entrada mercador.;180032189;1003799;5000218933;1;02/07/2025;11/08/2025;11/08/2025;15:42:57;3.500;25.824,93;CUST;ESTOQUE_AME;MDCOSTA;;;;;;;;;3.500;UN;CDFL - CD FLORES;;0;3.500;3.500;AMEN;;;;0;0;0;;0;0;;;B;;;;0;UN;2025;;;S;WE;0;BRL;;;0;0;UN;UN;1.570,45;3.389,93;;
CDFL;4500116511;;;50;0;0;800289;CONECTOR PARAL AL 10-2/0AWG (6-70MM2);101;EM Entrada mercador.;180031881;1003799;5000216750;5;23/06/2025;24/07/2025;24/07/2025;10:57:10;100;737,86;CUST;ESTOQUE_AME;MDCOSTA;;;;;;;;;100;UN;CDFL - CD FLORES;;0;100;100;AMEN;;;;0;0;0;;0;0;;;B;;;;0;UN;2025;;;S;WE;0;BRL;;;0;0;UN;UN;44,87;96,86;;
CDFL;4500114153;;;40;0;0;800291;CONECTOR DER CUNHA AL 1/0AWG 4/0AWG;101;EM Entrada mercador.;180031546;1003137;5000216234;2;30/06/2025;21/07/2025;21/07/2025;14:39:32;310;4.813,79;CUST;ESTOQUE_AME;MDCOSTA;;;;;;;;;310;UN;CDFL - CD FLORES;;0;310;310;AMEN;;;;0;0;0;;0;0;;;B;;;;0;UN;2025;;;S;WE;0;BRL;;;0;0;UN;UN;292,73;631,89;;
CDFL;4500135041;;;20;0;0;800304;CONECTOR T AL 477MCM;101;EM Entrada mercador.;180035617;1010615;5000260184;2;24/03/2026;16/04/2026;16/04/2026;09:05:00;60;7.712,60;CUST;ESTOQUE_AME;LPEIXOTO;;;;;;;;;60;UN;CDFL - CD FLORES;;0;60;60;AMEN;;;;0;0;0;;0;0;;;B;;;;0;UN;2026;;;S;WE;0;BRL;;;0;0;UN;UN;469,01;1.012,40;;
CDFL;4500134331;;;10;0;0;800327;CORDOALHA AC 6,3MM 1/4P 7F;101;EM Entrada mercador.;180034051;1018867;5000241400;1;05/11/2025;12/12/2025;12/12/2025;08:26:23;2.251;63.867,63;CUST;ESTOQUE_AME;MDCOSTA;;;;;;;;;2.251;KG;CDFL - CD FLORES;;0;2.251;2.251;AMEN;;;;0;0;0;;0;0;;;B;;;;0;KG;2025;;;S;WE;0;BRL;;;0;0;KG;KG;3.883,88;8.383,63;;
CDFL;4500127025;;;10;0;0;800327;CORDOALHA AC 6,3MM 1/4P 7F;101;EM Entrada mercador.;180033309;1018867;5000231999;1;11/09/2025;16/10/2025;16/10/2025;16:34:48;1.500;42.561,92;CUST;ESTOQUE_AME;MDCOSTA;;;;;;;;;1.500;KG;CDFL - CD FLORES;;0;1.500;1.500;AMEN;;;;0;0;0;;0;0;;;B;;;;0;KG;2025;;;S;WE;0;BRL;;;0;0;KG;KG;2.588,25;5.586,92;;
CDFL;4500128521;;;40;0;0;800341;GRAMPO ANCOR CUNHA AL 185MM2 400DAN;101;EM Entrada mercador.;180033734;1013036;5000236006;3;26/09/2025;14/11/2025;14/11/2025;10:00:18;1.656;43.576,23;CUST;ESTOQUE_AME;MDCOSTA;;;;;;;;;1.656;UN;CDFL - CD FLORES;;0;1.656;1.656;AMEN;;;;0;0;0;;0;0;;;B;;;;0;UN;2025;;;S;WE;0;BRL;;;0;0;UN;UN;2.649,93;5.720,07;;
CDFL;4500145339;;;20;0;0;800344;FITA ISOL EPR 0,76X19MM 10M PT;101;EM Entrada mercador.;180035107;1014880;5000254399;2;09/03/2026;09/03/2026;09/03/2026;08:42:39;1.380;41.301,47;CUST;ESTOQUE_AME;MDCOSTA;;;;;;;;;1.380;UN;CDFL - CD FLORES;;0;1.380;1.380;AMEN;;;;0;0;0;;0;0;;;B;;;;0;UN;2026;;;S;WE;0;BRL;;;0;0;UN;UN;2.511,60;5.421,47;;
CDFL;4500143335;;;100;0;0;800352;ESTRIBO BRACO L-EST-01 FOFO 200DAN;101;EM Entrada mercador.;180035527;1007262;5000259159;3;19/03/2026;09/04/2026;09/04/2026;16:15:00;95;967,45;CUST;ESTOQUE_AME;LPEIXOTO;;;;;;;;;95;UN;CDFL - CD FLORES;;0;95;95;AMEN;;;;0;0;0;;0;0;;;B;;;;0;UN;2026;;;S;WE;0;BRL;;;0;0;UN;UN;106,7;78,25;;
CDFL;4500116905;;;60;0;0;800352;ESTRIBO BRACO L-EST-01 FOFO 200DAN;101;EM Entrada mercador.;180032291;1007262;5000219321;6;30/07/2025;15/08/2025;15/08/2025;08:15:32;78;794,33;CUST;ESTOQUE_AME;MDCOSTA;;;;;;;;;78;UN;CDFL - CD FLORES;;0;78;78;AMEN;;;;0;0;0;;0;0;;;B;;;;0;UN;2025;;;S;WE;0;BRL;;;0;0;UN;UN;87,61;64,25;;
CDFL;4500128521;;;50;0;0;800360;GRAMPO ANCOR CUNHA AL 50MM2 400DAN;101;EM Entrada mercador.;180033734;1013036;5000236006;2;26/09/2025;14/11/2025;14/11/2025;10:00:18;334;8.788,92;CUST;ESTOQUE_AME;MDCOSTA;;;;;;;;;334;UN;CDFL - CD FLORES;;0;334;334;AMEN;;;;0;0;0;;0;0;;;B;;;;0;UN;2025;;;S;WE;0;BRL;;;0;0;UN;UN;534,47;1.153,68;;
CDFL;4500127606;;;10;0;0;800362;ELO FUSIVEL BOTAO DISTRIB K 30A 500MM;101;EM Entrada mercador.;180033320;1003489;5000232046;1;22/09/2025;17/10/2025;17/10/2025;09:12:36;3.636;25.656,50;CUST;ESTOQUE_AME;MDCOSTA;;;;;;;;;3.636;UN;CDFL - CD FLORES;;0;3.636;3.636;AMEN;;;;0;0;0;;0;0;;;B;;;;0;UN;2025;;;S;WE;0;BRL;;;0;0;UN;UN;1.560,21;3.367,82;;
CDFL;4500130665;;;50;0;0;800364;CONECTOR PARAF FEND DER CU 2,5-70MM²;101;EM Entrada mercador.;180033955;1003799;5000239657;5;05/11/2025;04/12/2025;04/12/2025;10:23:49;140;1.945,13;CUST;ESTOQUE_AME;MDCOSTA;;;;;;;;;140;UN;CDFL - CD FLORES;;0;140;140;AMEN;;;;0;0;0;;0;0;;;B;;;;0;UN;2025;;;S;WE;0;BRL;;;0;0;UN;UN;118,28;255,33;;
CDFL;4500152157;;;30;0;0;800369;CINTA POSTE CIRC ACO 200MM;101;EM Entrada mercador.;180036105;1003152;5000266257;2;08/05/2026;26/05/2026;26/05/2026;14:28:16;100; R$ 2.404,65 ;CUST;ESTOQUE_AME;LPEIXOTO;;;;;;;;;100;UN;CDFL - CD FLORES;;0;100;100;AMEN;;;;0;0;0;;0;0;;;B;;;;0;UN;2026;;;S;WE;0;BRL;;;0;0;UN;UN;146,23;315,65;;
CDFL;4500152157;;;160;0;0;800390;CINTA POSTE ACO 260MM;101;EM Entrada mercador.;180036105;1003152;5000266257;5;08/05/2026;26/05/2026;26/05/2026;14:28:16;70; R$ 2.024,09 ;CUST;ESTOQUE_AME;LPEIXOTO;;;;;;;;;70;UN;CDFL - CD FLORES;;0;70;70;AMEN;;;;0;0;0;;0;0;;;B;;;;0;UN;2026;;;S;WE;0;BRL;;;0;0;UN;UN;123,09;265,69;;
CDFL;4500150392;;;50;0;0;800392;FIXADOR PERFIL U AC 150DAN 300DAN;101;EM Entrada mercador.;180036066;1003152;5000266040;3;22/05/2026;22/05/2026;22/05/2026;08:10:22;42; R$ 789,01 ;CUST;ESTOQUE_AME;LPEIXOTO;;;;;;;;;42;UN;CDFL - CD FLORES;;0;42;42;AMEN;;;;0;0;0;;0;0;;;B;;;;0;UN;2026;;;S;WE;0;BRL;;;0;0;UN;UN;47,98;103,57;;
CDFL;4500143335;;;110;0;0;800392;FIXADOR PERFIL U AC 150DAN 300DAN;101;EM Entrada mercador.;180035527;1007262;5000259159;4;19/03/2026;09/04/2026;09/04/2026;16:15:00;39;891,92;CUST;ESTOQUE_AME;LPEIXOTO;;;;;;;;;39;UN;CDFL - CD FLORES;;0;39;39;AMEN;;;;0;0;0;;0;0;;;B;;;;0;UN;2026;;;S;WE;0;BRL;;;0;0;UN;UN;98,37;72,14;;
CDFL;4500121299;;;10;0;0;800392;FIXADOR PERFIL U AC 150DAN 300DAN;101;EM Entrada mercador.;180033100;1007262;5000229562;1;08/09/2025;03/10/2025;03/10/2025;08:32:33;60;1.372,19;CUST;ESTOQUE_AME;MDCOSTA;;;;;;;;;60;UN;CDFL - CD FLORES;;0;60;60;AMEN;;;;0;0;0;;0;0;;;B;;;;0;UN;2025;;;S;WE;0;BRL;;;0;0;UN;UN;151,34;110,99;;
CDFL;4500113303;;;60;0;0;800392;FIXADOR PERFIL U AC 150DAN 300DAN;101;EM Entrada mercador.;180031691;1007262;5000214519;6;23/06/2025;11/07/2025;11/07/2025;10:22:08;23;525,99;CUST;ESTOQUE_AME;MDCOSTA;;;;;;;;;23;UN;CDFL - CD FLORES;;0;23;23;AMEN;;;;0;0;0;;0;0;;;B;;;;0;UN;2025;;;S;WE;0;BRL;;;0;0;UN;UN;58,02;42,54;;
CDFL;4500114558;;;30;0;0;800392;FIXADOR PERFIL U AC 150DAN 300DAN;101;EM Entrada mercador.;180031692;1007262;5000214521;2;23/06/2025;11/07/2025;11/07/2025;10:26:24;39;891,92;CUST;ESTOQUE_AME;MDCOSTA;;;;;;;;;39;UN;CDFL - CD FLORES;;0;39;39;AMEN;;;;0;0;0;;0;0;;;B;;;;0;UN;2025;;;S;WE;0;BRL;;;0;0;UN;UN;98,37;72,14;;
CDFL;4500135086;;;90;0;0;800398;GRAMPO ANCOR PAS AL 874,5~954MCM;101;EM Entrada mercador.;180034635;1020749;5000248443;7;16/12/2025;02/02/2026;02/02/2026;10:03:13;60;47.100,00;CUST;ESTOQUE_AME;MDCOSTA;;;;;;;;;60;UN;CDFL - CD FLORES;;0;60;60;AMEN;;;;0;0;0;;0;0;;;B;;;;0;UN;2026;;;S;WE;0;BRL;;;0;0;UN;UN;0;0;;
CDFL;4500152852;;;20;0;0;800426;CABO ELET BT 70MM2 CU PVC PT 0,6/1KV;101;EM Entrada mercador.;180035984;1003949;5000264349;2;05/05/2026;18/05/2026;18/05/2026;09:01:51;250; R$ 17.217,49 ;CUST;ESTOQUE_AME;LPEIXOTO;;;;;;;;;250;M;CDFL - CD FLORES;;0;250;250;AMEN;;;;0;0;0;;0;0;;;B;;;;0;M;2026;;;S;WE;0;BRL;;;0;0;M;M;1.205,23;0;;
CDFL;4500152157;;;70;0;0;800431;CINTA POSTE CIRC ACO 250MM;101;EM Entrada mercador.;180036105;1003152;5000266257;4;08/05/2026;26/05/2026;26/05/2026;14:28:16;220; R$ 6.219,62 ;CUST;ESTOQUE_AME;LPEIXOTO;;;;;;;;;220;UN;CDFL - CD FLORES;;0;220;220;AMEN;;;;0;0;0;;0;0;;;B;;;;0;UN;2026;;;S;WE;0;BRL;;;0;0;UN;UN;378,22;816,42;;
CDFL;4500152157;;;50;0;0;800436;CINTA POSTE CIRC ACO 240MM;101;EM Entrada mercador.;180036105;1003152;5000266257;3;08/05/2026;26/05/2026;26/05/2026;14:28:16;100; R$ 2.812,14 ;CUST;ESTOQUE_AME;LPEIXOTO;;;;;;;;;100;UN;CDFL - CD FLORES;;0;100;100;AMEN;;;;0;0;0;;0;0;;;B;;;;0;UN;2026;;;S;WE;0;BRL;;;0;0;UN;UN;171,01;369,14;;
CDFL;4500150292;;;10;0;0;800454;GAS HEXAFLUORETO ENXOFRE SF6;101;EM Entrada mercador.;180035519;1023763;5000259062;1;31/03/2026;09/04/2026;09/04/2026;11:15:46;150;68.139,00;CUST;ESTOQUE_AME;LPEIXOTO;;;;;;;;;150;KG;CDFL - CD FLORES;;0;150;150;AMEN;;;;0;0;0;;0;0;;;B;;;;0;KG;2026;;;S;WE;0;BRL;;;0;0;KG;KG;13.627,80;0;;
CDFL;4500111870;;;40;0;0;800454;GAS HEXAFLUORETO ENXOFRE SF6;101;EM Entrada mercador.;180032644;1023763;5000223598;1;26/08/2025;09/09/2025;09/09/2025;09:50:22;150;71.725,50;CUST;ESTOQUE_AME;MDCOSTA;;;;;;;;;150;KG;CDFL - CD FLORES;;0;150;150;AMEN;;;;0;0;0;;0;0;;;B;;;;0;KG;2025;;;S;WE;0;BRL;;;0;0;KG;KG;14.345,10;0;;
CDFL;4500143335;;;70;0;0;800473;BRACO L A1010/1020 3/8P16P;101;EM Entrada mercador.;180035527;1007262;5000259159;1;19/03/2026;09/04/2026;09/04/2026;16:15:00;23;1.768,70;CUST;ESTOQUE_AME;LPEIXOTO;;;;;;;;;23;UN;CDFL - CD FLORES;;0;23;23;AMEN;;;;0;0;0;;0;0;;;B;;;;0;UN;2026;;;S;WE;0;BRL;;;0;0;UN;UN;195,08;143,06;;
CDFL;4500116905;;;30;0;0;800473;BRACO L A1010/1020 3/8P16P;101;EM Entrada mercador.;180032291;1007262;5000219321;3;30/07/2025;15/08/2025;15/08/2025;08:15:32;62;4.767,79;CUST;ESTOQUE_AME;MDCOSTA;;;;;;;;;62;UN;CDFL - CD FLORES;;0;62;62;AMEN;;;;0;0;0;;0;0;;;B;;;;0;UN;2025;;;S;WE;0;BRL;;;0;0;UN;UN;525,86;385,63;;
CDFL;4500137990;;;20;0;0;800496;MANILHA SAPATILHA 5000DAN;101;EM Entrada mercador.;180034499;1009464;5000247474;2;23/01/2026;23/01/2026;23/01/2026;08:31:10;726;17.290,60;CUST;ESTOQUE_AME;MDCOSTA;;;;;;;;;726;UN;CDFL - CD FLORES;;0;726;726;AMEN;;;;0;0;0;;0;0;;;B;;;;0;UN;2026;;;S;WE;0;BRL;;;0;0;UN;UN;1.051,47;2.269,66;;
CDFL;4500113843;;;50;0;0;800496;MANILHA SAPATILHA 5000DAN;101;EM Entrada mercador.;180031996;1009464;5000217217;3;10/07/2025;31/07/2025;31/07/2025;11:53:58;995;23.697,18;CUST;ESTOQUE_AME;MDCOSTA;;;;;;;;;995;UN;CDFL - CD FLORES;;0;995;995;AMEN;;;;0;0;0;;0;0;;;B;;;;0;UN;2025;;;S;WE;0;BRL;;;0;0;UN;UN;1.441,06;3.110,63;;
CDFL;4500148261;;;10;0;0;800499;MAO-FRANCESA PLANA AC 726X32X6MM;101;EM Entrada mercador.;180036071;1021472;5000266052;1;14/04/2026;22/05/2026;22/05/2026;09:45:42;1.993; R$ 39.561,05 ;CUST;ESTOQUE_AME;LPEIXOTO;;;;;;;;;1.993;UN;CDFL - CD FLORES;;0;1.993;1.993;AMEN;;;;0;0;0;;0;0;;;B;;;;0;UN;2026;;;S;WE;0;BRL;;;0;0;UN;UN;0;0;;
CDFL;4500121216;;;10;0;0;800499;MAO-FRANCESA PLANA AC 726X32X6MM;101;EM Entrada mercador.;180032902;1021472;5000227620;1;23/09/2025;23/09/2025;23/09/2025;08:50:14;1.500;29.775,00;CUST;ESTOQUE_AME;MDCOSTA;;;;;;;;;1.500;UN;CDFL - CD FLORES;;0;1.500;1.500;AMEN;;;;0;0;0;;0;0;;;B;;;;0;UN;2025;;;S;WE;0;BRL;;;0;0;UN;UN;0;0;;
CDFL;4500144585;;;10;0;0;800515;ISOLADOR ANCOR POLIM 15KV 5000DAN;101;EM Entrada mercador.;180035252;1003412;5000256481;1;18/03/2026;18/03/2026;18/03/2026;08:38:00;605;22.285,30;CUST;ESTOQUE_AME;MDCOSTA;;;;;;;;;605;UN;CDFL - CD FLORES;;0;605;605;AMEN;;;;0;0;0;;0;0;;;B;;;;0;UN;2026;;;S;WE;0;BRL;;;0;0;UN;UN;1.355,20;2.925,30;;
CDFL;4500117404;;;10;0;0;800515;ISOLADOR ANCOR POLIM 15KV 5000DAN;101;EM Entrada mercador.;180032966;1003412;5000228282;1;04/08/2025;24/09/2025;24/09/2025;15:15:16;2.650;97.613,28;CUST;ESTOQUE_AME;MDCOSTA;;;;;;;;;2.650;UN;CDFL - CD FLORES;;0;2.650;2.650;AMEN;;;;0;0;0;;0;0;;;B;;;;0;UN;2025;;;S;WE;0;BRL;;;0;0;UN;UN;5.936,00;12.813,28;;
CDFL;4500113703;;;10;0;0;800515;ISOLADOR ANCOR POLIM 15KV 5000DAN;101;EM Entrada mercador.;180031577;1003412;5000212564;1;09/06/2025;02/07/2025;02/07/2025;10:49:11;2.900;106.822,08;CUST;ESTOQUE_AME;MDCOSTA;;;;;;;;;2.900;UN;CDFL - CD FLORES;;0;2.900;2.900;AMEN;;;;0;0;0;;0;0;;;B;;;;0;UN;2025;;;S;WE;0;BRL;;;0;0;UN;UN;6.496,00;14.022,08;;
CDFL;4500143290;;;50;0;0;800520;PARAFUSO CAB QD MAQ AC 5/8X16P;101;EM Entrada mercador.;180035785;1007262;5000261813;5;30/04/2026;30/04/2026;30/04/2026;10:39:42;122;2.223,33;CUST;ESTOQUE_AME;MDCOSTA;;;;;;;;;122;UN;CDFL - CD FLORES;;0;122;122;AMEN;;;;0;0;0;;0;0;;;B;;;;0;UN;2026;;;S;WE;0;BRL;;;0;0;UN;UN;245,22;179,83;;
CDFL;4500114558;;;60;0;0;800522;MAO FRANCESA BECO AC 1970MM 45X45X45MM;101;EM Entrada mercador.;180031692;1007262;5000214521;5;23/06/2025;11/07/2025;11/07/2025;10:26:24;69;6.097,35;CUST;ESTOQUE_AME;MDCOSTA;;;;;;;;;69;UN;CDFL - CD FLORES;;0;69;69;AMEN;;;;0;0;0;;0;0;;;B;;;;0;UN;2025;;;S;WE;0;BRL;;;0;0;UN;UN;672,5;493,17;;
CDFL;4500142962;;;40;0;0;800528;PARAFUSO OLH AC 5/8P 650MM;101;EM Entrada mercador.;180035586;1021472;5000259982;4;13/03/2026;14/04/2026;14/04/2026;15:44:18;479;18.015,19;CUST;ESTOQUE_AME;LPEIXOTO;;;;;;;;;479;UN;CDFL - CD FLORES;;0;479;479;AMEN;;;;0;0;0;;0;0;;;B;;;;0;UN;2026;;;S;WE;0;BRL;;;0;0;UN;UN;0;0;;
CDFL;4500126955;;;30;0;0;800528;PARAFUSO OLH AC 5/8P 650MM;101;EM Entrada mercador.;180033213;1021472;5000230632;3;16/09/2025;10/10/2025;10/10/2025;10:12:48;120;4.513,20;CUST;ESTOQUE_AME;MDCOSTA;;;;;;;;;120;UN;CDFL - CD FLORES;;0;120;120;AMEN;;;;0;0;0;;0;0;;;B;;;;0;UN;2025;;;S;WE;0;BRL;;;0;0;UN;UN;0;0;;
CDFL;4500137977;;;20;0;0;800541;PORCA QUADRADA AC 16MM 2MM;101;EM Entrada mercador.;180034684;1010868;5000249356;1;21/01/2026;05/02/2026;05/02/2026;16:36:35;722;872,65;CUST;ESTOQUE_AME;MDCOSTA;;;;;;;;;722;UN;CDFL - CD FLORES;;0;722;722;AMEN;;;;0;0;0;;0;0;;;B;;;;0;UN;2026;;;S;WE;0;BRL;;;0;0;UN;UN;53,07;114,55;;
CDFL;4500150182;;;50;0;0;800557;CONECTOR DER CUNHA ESTRIBO 336,4 MCM;101;EM Entrada mercador.;180036175;1003137;5000266333;5;13/04/2026;28/05/2026;28/05/2026;10:01:22;6; R$ 213,97 ;CUST;ESTOQUE_AME;LPEIXOTO;;;;;;;;;6;UN;CDFL - CD FLORES;;0;6;6;AMEN;;;;0;0;0;;0;0;;;B;;;;0;UN;2026;;;S;WE;0;BRL;;;0;0;UN;UN;13,01;28,09;;
CDFL;4500125456;;;20;0;0;800569;TERMINAL CU CHAVE SEC  70-120MM2;101;EM Entrada mercador.;180032935;1024297;5000228143;2;24/09/2025;24/09/2025;24/09/2025;09:26:09;350;67.062,75;CUST;ESTOQUE_AME;MDCOSTA;;;;;;;;;350;UN;CDFL - CD FLORES;;0;350;350;AMEN;;;;0;0;0;;0;0;;;B;;;;0;UN;2025;;;S;WE;0;BRL;;;0;0;UN;UN;13,01;28,09;;
CDFL;4500114654;;;20;0;0;800569;TERMINAL CU CHAVE SEC  70-120MM2;101;EM Entrada mercador.;180032491;1024297;5000221906;1;18/08/2025;27/08/2025;27/08/2025;14:20:00;970;162.960,00;CUST;ESTOQUE_AME;MDCOSTA;;;;;;;;;970;UN;CDFL - CD FLORES;;0;970;970;AMEN;;;;0;0;0;;0;0;;;B;;;;0;UN;2025;;;S;WE;0;BRL;;;0;0;UN;UN;0;0;;
CDFL;4500114654;;;20;0;0;800569;TERMINAL CU CHAVE SEC  70-120MM2;101;EM Entrada mercador.;180032029;1024297;5000217586;2;25/07/2025;04/08/2025;04/08/2025;09:57:46;670;112.560,00;CUST;ESTOQUE_AME;MDCOSTA;;;;;;;;;670;UN;CDFL - CD FLORES;;0;670;670;AMEN;;;;0;0;0;;0;0;;;B;;;;0;UN;2025;;;S;WE;0;BRL;;;0;0;UN;UN;0;0;;
CDFL;4500114654;;;20;0;0;800569;TERMINAL CU CHAVE SEC  70-120MM2;101;EM Entrada mercador.;180031632;1024297;5000213595;2;30/06/2025;08/07/2025;08/07/2025;08:15:40;250;42.000,00;CUST;ESTOQUE_AME;MDCOSTA;;;;;;;;;250;UN;CDFL - CD FLORES;;0;250;250;AMEN;;;;0;0;0;;0;0;;;B;;;;0;UN;2025;;;S;WE;0;BRL;;;0;0;UN;UN;0;0;;
CDFL;4500128806;;;10;0;0;800654;PARA-RAIO DISTRIB POL 12KV 10KA S/CENT;101;EM Entrada mercador.;180033506;1003412;5000234170;1;25/09/2025;28/10/2025;28/10/2025;15:25:54;2.097;337.939,94;CUST;ESTOQUE_AME;MDCOSTA;;;;;;;;;2.097;UN;CDFL - CD FLORES;;0;2.097;2.097;AMEN;;;;0;0;0;;0;0;;;B;;;;0;UN;2025;;;S;WE;0;BRL;;;0;0;UN;UN;20.550,60;44.359,94;;
CDFL;4500126908;;;10;0;0;800654;PARA-RAIO DISTRIB POL 12KV 10KA S/CENT;101;EM Entrada mercador.;180033315;1003412;5000232032;1;02/09/2025;17/10/2025;17/10/2025;08:25:44;816;117.637,63;CUST;ESTOQUE_AME;MDCOSTA;;;;;;;;;816;UN;CDFL - CD FLORES;;0;816;816;AMEN;;;;0;0;0;;0;0;;;B;;;;0;UN;2025;;;S;WE;0;BRL;;;0;0;UN;UN;7.153,71;15.441,79;;
CDFL;4500115766;;;10;0;0;800654;PARA-RAIO DISTRIB POL 12KV 10KA S/CENT;101;EM Entrada mercador.;180032141;1003412;5000218731;1;21/07/2025;11/08/2025;11/08/2025;09:48:45;1.100;158.580,14;CUST;ESTOQUE_AME;MDCOSTA;;;;;;;;;1.100;UN;CDFL - CD FLORES;;0;1.100;1.100;AMEN;;;;0;0;0;;0;0;;;B;;;;0;UN;2025;;;S;WE;0;BRL;;;0;0;UN;UN;9.643,48;20.816,14;;
CDFL;4500133151;;;30;0;0;800676;CABO  MULT 3X95+1X70MM² XLPE 0,6/1 KV;101;EM Entrada mercador.;180033324;1003949;5000232069;1;13/10/2025;17/10/2025;17/10/2025;09:30:50;1.500;53.820,00;CUST;ESTOQUE_AME;MDCOSTA;;;;;;;;;1.500;M;CDFL - CD FLORES;;0;1.500;1.500;AMEN;;;;0;0;0;;0;0;;;B;;;;0;M;2025;;;S;WE;0;BRL;;;0;0;M;M;3.767,40;0;;
CDFL;4500148087;;;50;0;0;800682;CABO NU CA AL 4/0 AWG 7X4,417MM OXLIP;101;EM Entrada mercador.;180035608;1003949;5000260123;2;15/04/2026;15/04/2026;15/04/2026;14:35:18;4.498;130.442,00;CUST;ESTOQUE_AME;LPEIXOTO;;;;;;;;;4.498;KG;CDFL - CD FLORES;;0;4.498;4.498;AMEN;;;;0;0;0;;0;0;;;B;;;;0;KG;2026;;;S;WE;0;BRL;;;0;0;KG;KG;9.130,94;0;;
CDFL;4500148087;;;50;0;0;800682;CABO NU CA AL 4/0 AWG 7X4,417MM OXLIP;101;EM Entrada mercador.;180035147;1003949;5000254693;2;06/03/2026;10/03/2026;10/03/2026;09:55:22;2.117;61.393,00;CUST;ESTOQUE_AME;MDCOSTA;;;;;;;;;2.117;KG;CDFL - CD FLORES;;0;2.117;2.117;AMEN;;;;0;0;0;;0;0;;;B;;;;0;KG;2026;;;S;WE;0;BRL;;;0;0;KG;KG;4.297,51;0;;
CDFL;4500133207;;;10;0;0;800705;ISOLADOR DISCO 152X140MM 60KV 4500KGF;101;EM Entrada mercador.;180033591;1003624;5000234714;1;14/10/2025;05/11/2025;05/11/2025;10:08:02;735;16.390,50;CUST;ESTOQUE_AME;MDCOSTA;;;;;;;;;735;UN;CDFL - CD FLORES;;0;735;735;AMEN;;;;0;0;0;;0;0;;;B;;;;0;UN;2025;;;S;WE;0;BRL;;;0;0;UN;UN;0;0;;
CDFL;4500117393;;;10;0;0;800705;ISOLADOR DISCO 152X140MM 60KV 4500KGF;101;EM Entrada mercador.;180031874;1003624;5000216724;1;18/07/2025;24/07/2025;24/07/2025;08:03:07;600;13.380,00;CUST;ESTOQUE_AME;MDCOSTA;;;;;;;;;600;UN;CDFL - CD FLORES;;0;600;600;AMEN;;;;0;0;0;;0;0;;;B;;;;0;UN;2025;;;S;WE;0;BRL;;;0;0;UN;UN;0;0;;
CDFL;4500150427;;;10;0;0;800717;GRAMPO LV OLHAL 18MM 10-120/10-70MM2;101;EM Entrada mercador.;180035927;1003137;5000263333;1;28/04/2026;13/05/2026;13/05/2026;11:23:38;1.214; R$ 72.387,15 ;CUST;ESTOQUE_AME;LPEIXOTO;;;;;;;;;1.214;UN;CDFL - CD FLORES;;0;1.214;1.214;AMEN;;;;0;0;0;;0;0;;;B;;;;0;UN;2026;;;S;WE;0;BRL;;;0;0;UN;UN;4.401,96;9.501,95;;
CDFL;4500150061;;;10;0;0;800717;GRAMPO LV OLHAL 18MM 10-120/10-70MM2;101;EM Entrada mercador.;180035929;1003137;5000263334;1;27/04/2026;13/05/2026;13/05/2026;11:28:54;997; R$ 73.988,78 ;CUST;ESTOQUE_AME;LPEIXOTO;;;;;;;;;997;UN;CDFL - CD FLORES;;0;997;997;AMEN;;;;0;0;0;;0;0;;;B;;;;0;UN;2026;;;S;WE;0;BRL;;;0;0;UN;UN;4.499,36;9.712,19;;
CDFL;4500116469;;;30;0;0;800717;GRAMPO LV OLHAL 18MM 10-120/10-70MM2;101;EM Entrada mercador.;180032128;1003799;5000218518;2;02/07/2025;08/08/2025;08/08/2025;14:44:48;5.196;376.630,85;CUST;ESTOQUE_AME;MDCOSTA;;;;;;;;;5.196;UN;CDFL - CD FLORES;;0;5.196;5.196;AMEN;;;;0;0;0;;0;0;;;B;;;;0;UN;2025;;;S;WE;0;BRL;;;0;0;UN;UN;22.903,44;49.438,73;;
CDFL;4500113050;;;50;0;0;800722;PARAFUSO CAB ABA AC 16MM 125MM;101;EM Entrada mercador.;180031690;1007262;5000214518;6;23/06/2025;11/07/2025;11/07/2025;10:13:49;116;750,94;CUST;ESTOQUE_AME;MDCOSTA;;;;;;;;;116;UN;CDFL - CD FLORES;;0;116;116;AMEN;;;;0;0;0;;0;0;;;B;;;;0;UN;2025;;;S;WE;0;BRL;;;0;0;UN;UN;82,82;60,74;;
CDFL;4500132948;;;20;0;0;800750;CABO  MULT 3X35+1X35 MM² XLPE 0,6/1 KV;101;EM Entrada mercador.;180033325;1003949;5000232075;1;13/10/2025;17/10/2025;17/10/2025;09:34:38;1.175;17.119,75;CUST;ESTOQUE_AME;MDCOSTA;;;;;;;;;1.175;M;CDFL - CD FLORES;;0;1.175;1.175;AMEN;;;;0;0;0;;0;0;;;B;;;;0;M;2025;;;S;WE;0;BRL;;;0;0;M;M;1.198,38;0;;
CDFL;4500126410;;;20;0;0;800750;CABO  MULT 3X35+1X35 MM² XLPE 0,6/1 KV;101;EM Entrada mercador.;180032710;1003949;5000224809;1;03/09/2025;12/09/2025;12/09/2025;08:01:53;700;10.199,00;CUST;ESTOQUE_AME;MDCOSTA;;;;;;;;;700;M;CDFL - CD FLORES;;0;700;700;AMEN;;;;0;0;0;;0;0;;;B;;;;0;M;2025;;;S;WE;0;BRL;;;0;0;M;M;713,93;0;;
CDFL;4500152699;;;10;0;0;800762;CABO  MULT 3X70+1X70 MM² XLPE 0,6/1 KV;101;EM Entrada mercador.;180036191;1003949;5000266394;1;07/05/2026;29/05/2026;29/05/2026;08:01:23;1.105; R$ 30.940,00 ;CUST;ESTOQUE_AME;LPEIXOTO;;;;;;;;;1.105;M;CDFL - CD FLORES;;0;1.105;1.105;AMEN;;;;0;0;0;;0;0;;;B;;;;0;M;2026;;;S;WE;0;BRL;;;0;0;M;M;2.165,80;0;;
CDFL;4500152699;;;10;0;0;800762;CABO  MULT 3X70+1X70 MM² XLPE 0,6/1 KV;101;EM Entrada mercador.;180035990;1003949;5000264380;1;06/05/2026;18/05/2026;18/05/2026;10:22:35;3.575; R$ 100.100,00 ;CUST;ESTOQUE_AME;LPEIXOTO;;;;;;;;;3.575;M;CDFL - CD FLORES;;0;3.575;3.575;AMEN;;;;0;0;0;;0;0;;;B;;;;0;M;2026;;;S;WE;0;BRL;;;0;0;M;M;7.007,00;0;;
CDFL;4500118915;;;50;0;0;800762;CABO  MULT 3X70+1X70 MM² XLPE 0,6/1 KV;101;EM Entrada mercador.;180031761;1003949;5000215642;1;11/07/2025;17/07/2025;17/07/2025;09:45:36;434;12.152,00;CUST;ESTOQUE_AME;MDCOSTA;;;;;;;;;434;M;CDFL - CD FLORES;;0;434;434;AMEN;;;;0;0;0;;0;0;;;B;;;;0;M;2025;;;S;WE;0;BRL;;;0;0;M;M;850,64;0;;
CDFL;4500135095;;;20;0;0;800763;CABO ELET ISOL PVC PT 10MM2 0,6/1KV;101;EM Entrada mercador.;180033717;1003949;5000235850;1;04/11/2025;13/11/2025;13/11/2025;11:01:32;1.000;8.710,00;CUST;ESTOQUE_AME;MDCOSTA;;;;;;;;;1.000;M;CDFL - CD FLORES;;0;1.000;1.000;AMEN;;;;0;0;0;;0;0;;;B;;;;0;M;2025;;;S;WE;0;BRL;;;0;0;M;M;609,7;0;;
CDFL;4500150388;;;160;0;0;800768;CABO ELET ISOL AZ 2,5MM2;101;EM Entrada mercador.;180035938;1003949;5000263359;1;05/05/2026;13/05/2026;13/05/2026;14:43:52;500; R$ 1.225,00 ;CUST;ESTOQUE_AME;MDCOSTA;;;;;;;;;500;M;CDFL - CD FLORES;;0;500;500;AMEN;;;;0;0;0;;0;0;;;B;;;;0;M;2026;;;S;WE;0;BRL;;;0;0;M;M;85,75;0;;
CDFL;4500152174;;;10;0;0;800775;CABO  MULT 2X25+1X25MM² XLPE 0,6/1 KV;101;EM Entrada mercador.;180035793;1003949;5000261821;3;24/04/2026;30/04/2026;30/04/2026;11:13:18;1.246;8.759,38;CUST;ESTOQUE_AME;MDCOSTA;;;;;;;;;1.246;M;CDFL - CD FLORES;;0;1.246;1.246;AMEN;;;;0;0;0;;0;0;;;B;;;;0;M;2026;;;S;WE;0;BRL;;;0;0;M;M;613,16;0;;
CDFL;4500128798;;;10;0;0;800775;CABO  MULT 2X25+1X25MM² XLPE 0,6/1 KV;101;EM Entrada mercador.;180033202;1003949;5000230593;1;29/09/2025;10/10/2025;10/10/2025;08:51:44;1.400;10.402,00;CUST;ESTOQUE_AME;MDCOSTA;;;;;;;;;1.400;M;CDFL - CD FLORES;;0;1.400;1.400;AMEN;;;;0;0;0;;0;0;;;B;;;;0;M;2025;;;S;WE;0;BRL;;;0;0;M;M;728,14;0;;
CDFL;4500125669;;;20;0;0;800775;CABO  MULT 2X25+1X25MM² XLPE 0,6/1 KV;101;EM Entrada mercador.;180032537;1003949;5000222478;1;26/08/2025;01/09/2025;01/09/2025;08:48:39;1.000;7.430,00;CUST;ESTOQUE_AME;MDCOSTA;;;;;;;;;1.000;M;CDFL - CD FLORES;;0;1.000;1.000;AMEN;;;;0;0;0;;0;0;;;B;;;;0;M;2025;;;S;WE;0;BRL;;;0;0;M;M;520,1;0;;
CDFL;4500146591;;;20;0;0;800794;ALCA PREFORM CA/CAA 2AWG 6/1P 2AWG 625MM;101;EM Entrada mercador.;180035754;1007593;5000261750;2;29/04/2026;29/04/2026;29/04/2026;10:04:41;40;163;CUST;ESTOQUE_AME;MDCOSTA;;;;;;;;;40;UN;CDFL - CD FLORES;;0;40;40;AMEN;;;;0;0;0;;0;0;;;B;;;;0;UN;2026;;;S;WE;0;BRL;;;0;0;UN;UN;9,91;21,4;;
CDFL;4500150388;;;200;0;0;800798;CABO ELET FLEX 2,5MM VM;101;EM Entrada mercador.;180035936;1003949;5000263354;16;05/05/2026;13/05/2026;13/05/2026;14:35:54;500; R$ 1.225,00 ;CUST;ESTOQUE_AME;MDCOSTA;;;;;;;;;500;M;CDFL - CD FLORES;;0;500;500;AMEN;;;;0;0;0;;0;0;;;B;;;;0;M;2026;;;S;WE;0;BRL;;;0;0;M;M;85,75;0;;
CDFL;4500133151;;;10;0;0;800804;CABO  MULT 1X16+1X16MM² XLPE 0,6/1 KV;101;EM Entrada mercador.;180033544;1003949;5000234291;1;23/10/2025;31/10/2025;31/10/2025;09:45:15;800;2.600,00;CUST;ESTOQUE_AME;MDCOSTA;;;;;;;;;800;M;CDFL - CD FLORES;;0;800;800;AMEN;;;;0;0;0;;0;0;;;B;;;;0;M;2025;;;S;WE;0;BRL;;;0;0;M;M;182;0;;
CDFL;4500126410;;;10;0;0;800804;CABO  MULT 1X16+1X16MM² XLPE 0,6/1 KV;101;EM Entrada mercador.;180032455;1003949;5000221628;1;18/08/2025;26/08/2025;26/08/2025;10:23:11;600;1.950,00;CUST;ESTOQUE_AME;MDCOSTA;;;;;;;;;600;M;CDFL - CD FLORES;;0;600;600;AMEN;;;;0;0;0;;0;0;;;B;;;;0;M;2025;;;S;WE;0;BRL;;;0;0;M;M;136,5;0;;
CDFL;4500146591;;;80;0;0;800808;ALCA PREFORM DIST CAA/CA 2/0AWG 70MM2;101;EM Entrada mercador.;180035754;1007593;5000261750;8;29/04/2026;29/04/2026;29/04/2026;10:04:41;1.000;6.423,14;CUST;ESTOQUE_AME;MDCOSTA;;;;;;;;;1.000;UN;CDFL - CD FLORES;;0;1.000;1.000;AMEN;;;;0;0;0;;0;0;;;B;;;;0;UN;2026;;;S;WE;0;BRL;;;0;0;UN;UN;390,6;843,14;;
CDFL;4500114160;;;120;0;0;800808;ALCA PREFORM DIST CAA/CA 2/0AWG 70MM2;101;EM Entrada mercador.;180032094;1007593;5000218013;14;03/07/2025;07/08/2025;07/08/2025;11:20:15;669;4.297,08;CUST;ESTOQUE_AME;MDCOSTA;;;;;;;;;669;UN;CDFL - CD FLORES;;0;669;669;AMEN;;;;0;0;0;;0;0;;;B;;;;0;UN;2025;;;S;WE;0;BRL;;;0;0;UN;UN;261,31;564,06;;
CDFL;4500150182;;;40;0;0;800813;CONECTOR DER CUNH AZ AL 2/0 4/0 336,4MCM;101;EM Entrada mercador.;180036175;1003137;5000266333;4;13/04/2026;28/05/2026;28/05/2026;10:01:22;549; R$ 7.311,70 ;CUST;ESTOQUE_AME;LPEIXOTO;;;;;;;;;549;UN;CDFL - CD FLORES;;0;549;549;AMEN;;;;0;0;0;;0;0;;;B;;;;0;UN;2026;;;S;WE;0;BRL;;;0;0;UN;UN;444,64;959,78;;
CDFL;4500147521;;;10;0;0;800817;CHAVE FUSIVEL DIST 15KV 100A/10KA PORC;101;EM Entrada mercador.;180035959;1003412;5000264047;1;23/04/2026;15/05/2026;15/05/2026;09:57:07;1.117; R$ 371.590,04 ;CUST;ESTOQUE_AME;LPEIXOTO;;;;;;;;;1.117;UN;CDFL - CD FLORES;;0;1.117;1.117;AMEN;;;;0;0;0;;0;0;;;B;;;;0;UN;2026;;;S;WE;0;BRL;;;0;0;UN;UN;22.596,91;48.777,04;;
CDFL;4500150308;;;20;0;0;800817;CHAVE FUSIVEL DIST 15KV 100A/10KA PORC;101;EM Entrada mercador.;180035873;1003412;5000263008;1;24/04/2026;08/05/2026;08/05/2026;15:33:15;2.347; R$ 697.020,98 ;CUST;ESTOQUE_AME;LPEIXOTO;;;;;;;;;2.347;UN;CDFL - CD FLORES;;0;2.347;2.347;AMEN;;;;0;0;0;;0;0;;;B;;;;0;UN;2026;;;S;WE;0;BRL;;;0;0;UN;UN;42.386,82;91.494,98;;
CDFL;4500126487;;;10;0;0;800817;CHAVE FUSIVEL DIST 15KV 100A/10KA PORC;101;EM Entrada mercador.;180033225;1003412;5000230748;1;24/09/2025;13/10/2025;13/10/2025;08:00:19;2.000;665.335,80;CUST;ESTOQUE_AME;MDCOSTA;;;;;;;;;2.000;UN;CDFL - CD FLORES;;0;2.000;2.000;AMEN;;;;0;0;0;;0;0;;;B;;;;0;UN;2025;;;S;WE;0;BRL;;;0;0;UN;UN;40.460,00;87.335,80;;
CDFL;4500144463;;;30;0;0;800824;ELO FUSIVEL BOTAO DISTR K 40A 500MM;101;EM Entrada mercador.;180035431;1003489;5000257418;3;03/03/2026;30/03/2026;30/03/2026;11:41:44;1.418;11.997,11;CUST;ESTOQUE_AME;MDCOSTA;;;;;;;;;1.418;UN;CDFL - CD FLORES;;0;1.418;1.418;AMEN;;;;0;0;0;;0;0;;;B;;;;0;UN;2026;;;S;WE;0;BRL;;;0;0;UN;UN;729,56;1.574,81;;
CDFL;4500116511;;;40;0;0;800825;CONECTOR PARAL AL 1/0AWG;101;EM Entrada mercador.;180031881;1003799;5000216750;4;23/06/2025;24/07/2025;24/07/2025;10:57:10;1.400;10.329,97;CUST;ESTOQUE_AME;MDCOSTA;;;;;;;;;1.400;UN;CDFL - CD FLORES;;0;1.400;1.400;AMEN;;;;0;0;0;;0;0;;;B;;;;0;UN;2025;;;S;WE;0;BRL;;;0;0;UN;UN;628,18;1.355,97;;
CDFL;4500135041;;;50;0;0;800839;GRAMPO ANCOR PAS AL 4/0AWG~636MCM;101;EM Entrada mercador.;180035617;1010615;5000260184;5;24/03/2026;16/04/2026;16/04/2026;09:05:00;40;10.712,14;CUST;ESTOQUE_AME;LPEIXOTO;;;;;;;;;40;UN;CDFL - CD FLORES;;0;40;40;AMEN;;;;0;0;0;;0;0;;;B;;;;0;UN;2026;;;S;WE;0;BRL;;;0;0;UN;UN;651,42;1.406,14;;
CDFL;4500138303;;;240;0;0;800842;ALCA PREFORM ESTAI 3/8P 9,5MM 889MM;101;EM Entrada mercador.;180035524;1007593;5000259116;10;19/02/2026;09/04/2026;09/04/2026;15:10:59;733;8.268,81;CUST;ESTOQUE_AME;LPEIXOTO;;;;;;;;;733;UN;CDFL - CD FLORES;;0;733;733;AMEN;;;;0;0;0;;0;0;;;B;;;;0;UN;2026;;;S;WE;0;BRL;;;0;0;UN;UN;502,84;1.085,41;;
CDFL;4500141938;;;10;0;0;800842;ALCA PREFORM ESTAI 3/8P 9,5MM 889MM;101;EM Entrada mercador.;180034501;1003515;5000247477;1;30/12/2025;23/01/2026;23/01/2026;08:56:08;87;2.331,60;CUST;ESTOQUE_AME;MDCOSTA;;;;;;;;;87;UN;CDFL - CD FLORES;;0;87;87;AMEN;;;;0;0;0;;0;0;;;B;;;;0;UN;2026;;;S;WE;0;BRL;;;0;0;UN;UN;0;0;;
CDFL;4500141901;;;10;0;0;800842;ALCA PREFORM ESTAI 3/8P 9,5MM 889MM;101;EM Entrada mercador.;180034485;1011711;5000247117;1;29/12/2025;22/01/2026;22/01/2026;11:44:13;102;2.441,88;CUST;ESTOQUE_AME;MDCOSTA;;;;;;;;;102;UN;CDFL - CD FLORES;;0;102;102;AMEN;;;;0;0;0;;0;0;;;B;;;;0;UN;2026;;;S;WE;0;BRL;;;0;0;UN;UN;0;0;;
CDFL;4500136340;;;10;0;0;800842;ALCA PREFORM ESTAI 3/8P 9,5MM 889MM;101;EM Entrada mercador.;180033759;1003818;5000236312;1;13/11/2025;17/11/2025;17/11/2025;10:16:50;130;3.279,90;CUST;ESTOQUE_AME;MDCOSTA;;;;;;;;;130;UN;CDFL - CD FLORES;;0;130;130;AMEN;;;;0;0;0;;0;0;;;B;;;;0;UN;2025;;;S;WE;0;BRL;;;0;0;UN;UN;0;0;;
CDFL;4500136316;;;10;0;0;800847;CRUZETA POL PE/FBN 90X112,5X2400MM;101;EM Entrada mercador.;180035580;1007001;5000259911;1;13/03/2026;14/04/2026;14/04/2026;11:24:33;453;129.058,45;CUST;ESTOQUE_AME;GRIBEIRO;;;;;;;;;453;UN;CDFL - CD FLORES;;0;453;453;AMEN;;;;0;0;0;;0;0;;;B;;;;0;UN;2026;;;S;WE;0;BRL;;;0;0;UN;UN;7.848,23;16.940,95;;
CDFL;4500137986;;;20;0;0;800847;CRUZETA POL PE/FBN 90X112,5X2400MM;101;EM Entrada mercador.;180035584;1007001;5000259935;1;13/03/2026;14/04/2026;14/04/2026;13:51:57;264;75.212,87;CUST;ESTOQUE_AME;LPEIXOTO;;;;;;;;;264;UN;CDFL - CD FLORES;;0;264;264;AMEN;;;;0;0;0;;0;0;;;B;;;;0;UN;2026;;;S;WE;0;BRL;;;0;0;UN;UN;4.573,80;9.872,87;;
CDFL;4500116526;;;30;0;0;800847;CRUZETA POL PE/FBN 90X112,5X2400MM;101;EM Entrada mercador.;180035109;1007001;5000254405;1;12/02/2026;09/03/2026;09/03/2026;09:13:37;150;42.734,59;CUST;ESTOQUE_AME;MDCOSTA;;;;;;;;;150;UN;CDFL - CD FLORES;;0;150;150;AMEN;;;;0;0;0;;0;0;;;B;;;;0;UN;2026;;;S;WE;0;BRL;;;0;0;UN;UN;2.598,75;5.609,59;;
CDFL;4500136316;;;10;0;0;800847;CRUZETA POL PE/FBN 90X112,5X2400MM;101;EM Entrada mercador.;180035076;1007001;5000253756;1;12/02/2026;04/03/2026;04/03/2026;10:27:35;67;19.088,12;CUST;ESTOQUE_AME;MDCOSTA;;;;;;;;;67;UN;CDFL - CD FLORES;;0;67;67;AMEN;;;;0;0;0;;0;0;;;B;;;;0;UN;2026;;;S;WE;0;BRL;;;0;0;UN;UN;1.160,78;2.505,61;;
CDFL;4500116526;;;30;0;0;800847;CRUZETA POL PE/FBN 90X112,5X2400MM;101;EM Entrada mercador.;180034538;1007001;5000247790;1;17/12/2025;27/01/2026;27/01/2026;08:18:48;350;99.714,04;CUST;ESTOQUE_AME;MDCOSTA;;;;;;;;;350;UN;CDFL - CD FLORES;;0;350;350;AMEN;;;;0;0;0;;0;0;;;B;;;;0;UN;2026;;;S;WE;0;BRL;;;0;0;UN;UN;6.063,75;13.089,04;;
CDFL;4500113802;;;20;0;0;800847;CRUZETA POL PE/FBN 90X112,5X2400MM;101;EM Entrada mercador.;180034016;1007001;5000240928;1;14/11/2025;10/12/2025;10/12/2025;16:22:08;450;128.203,76;CUST;ESTOQUE_AME;MDCOSTA;;;;;;;;;450;UN;CDFL - CD FLORES;;0;450;450;AMEN;;;;0;0;0;;0;0;;;B;;;;0;UN;2025;;;S;WE;0;BRL;;;0;0;UN;UN;7.796,25;16.828,76;;
CDFL;4500116526;;;30;0;0;800847;CRUZETA POL PE/FBN 90X112,5X2400MM;101;EM Entrada mercador.;180032920;1007001;5000227875;1;28/08/2025;23/09/2025;23/09/2025;15:57:34;200;56.979,45;CUST;ESTOQUE_AME;MDCOSTA;;;;;;;;;200;UN;CDFL - CD FLORES;;0;200;200;AMEN;;;;0;0;0;;0;0;;;B;;;;0;UN;2025;;;S;WE;0;BRL;;;0;0;UN;UN;3.465,00;7.479,45;;
CDFL;4500113802;;;20;0;0;800847;CRUZETA POL PE/FBN 90X112,5X2400MM;101;EM Entrada mercador.;180032904;1007001;5000227626;1;28/08/2025;23/09/2025;23/09/2025;09:14:53;550;156.693,49;CUST;ESTOQUE_AME;MDCOSTA;;;;;;;;;550;UN;CDFL - CD FLORES;;0;550;550;AMEN;;;;0;0;0;;0;0;;;B;;;;0;UN;2025;;;S;WE;0;BRL;;;0;0;UN;UN;9.528,75;20.568,49;;
CDFL;4500116526;;;30;0;0;800847;CRUZETA POL PE/FBN 90X112,5X2400MM;101;EM Entrada mercador.;180031995;1007001;5000217210;2;14/07/2025;31/07/2025;31/07/2025;11:33:13;200;56.979,45;CUST;ESTOQUE_AME;MDCOSTA;;;;;;;;;200;UN;CDFL - CD FLORES;;0;200;200;AMEN;;;;0;0;0;;0;0;;;B;;;;0;UN;2025;;;S;WE;0;BRL;;;0;0;UN;UN;3.465,00;7.479,45;;
CDFL;4500116526;;;20;0;0;800847;CRUZETA POL PE/FBN 90X112,5X2400MM;101;EM Entrada mercador.;180031995;1007001;5000217210;1;14/07/2025;31/07/2025;31/07/2025;11:33:13;700;199.428,08;CUST;ESTOQUE_AME;MDCOSTA;;;;;;;;;700;UN;CDFL - CD FLORES;;0;700;700;AMEN;;;;0;0;0;;0;0;;;B;;;;0;UN;2025;;;S;WE;0;BRL;;;0;0;UN;UN;12.127,50;26.178,08;;
CDFL;4500145339;;;30;0;0;800852;FITA ISOLANTE ELET PVC 19X0,19MM 20M PT;101;EM Entrada mercador.;180035107;1014880;5000254399;3;09/03/2026;09/03/2026;09/03/2026;08:42:39;1.155;28.757,53;CUST;ESTOQUE_AME;MDCOSTA;;;;;;;;;1.155;UN;CDFL - CD FLORES;;0;1.155;1.155;AMEN;;;;0;0;0;;0;0;;;B;;;;0;UN;2026;;;S;WE;0;BRL;;;0;0;UN;UN;1.748,79;3.774,88;;
CDFL;4500138006;;;10;0;0;800852;FITA ISOLANTE ELET PVC 19X0,19MM 20M PT;101;EM Entrada mercador.;180034247;1014880;5000244042;1;11/12/2025;24/12/2025;24/12/2025;10:34:21;2.095;52.161,92;CUST;ESTOQUE_AME;MDCOSTA;;;;;;;;;2.095;UN;CDFL - CD FLORES;;0;2.095;2.095;AMEN;;;;0;0;0;;0;0;;;B;;;;0;UN;2025;;;S;WE;0;BRL;;;0;0;UN;UN;3.172,04;6.847,07;;
CDFL;4500123151;;;10;0;0;800852;FITA ISOLANTE ELET PVC 19X0,19MM 20M PT;101;EM Entrada mercador.;180032290;1014880;5000219320;1;15/07/2025;15/08/2025;15/08/2025;08:02:37;1.300;32.367,78;CUST;ESTOQUE_AME;MDCOSTA;;;;;;;;;1.300;UN;CDFL - CD FLORES;;0;1.300;1.300;AMEN;;;;0;0;0;;0;0;;;B;;;;0;UN;2025;;;S;WE;0;BRL;;;0;0;UN;UN;1.968,33;4.248,78;;
CDFL;4500152615;;;20;0;0;800872;CONECTOR AUTO PERF DU 70-240 / 70-240MM2;101;EM Entrada mercador.;180036070;1009313;5000266050;1;22/05/2026;22/05/2026;22/05/2026;09:36:59;300; R$ 18.993,15 ;CUST;ESTOQUE_AME;LPEIXOTO;;;;;;;;;300;UN;CDFL - CD FLORES;;0;300;300;AMEN;;;;0;0;0;;0;0;;;B;;;;0;UN;2026;;;S;WE;0;BRL;;;0;0;UN;UN;1.155,00;2.493,15;;
CDFL;4500152615;;;20;0;0;800872;CONECTOR AUTO PERF DU 70-240 / 70-240MM2;101;EM Entrada mercador.;180036034;1009313;5000265669;1;20/05/2026;20/05/2026;20/05/2026;10:30:33;700; R$ 44.317,35 ;CUST;ESTOQUE_AME;MDCOSTA;;;;;;;;;700;UN;CDFL - CD FLORES;;0;700;700;AMEN;;;;0;0;0;;0;0;;;B;;;;0;UN;2026;;;S;WE;0;BRL;;;0;0;UN;UN;2.695,00;5.817,35;;
CDFL;4500150237;;;40;0;0;800872;CONECTOR AUTO PERF DU 70-240 / 70-240MM2;101;EM Entrada mercador.;180036028;1009313;5000265619;1;20/05/2026;20/05/2026;20/05/2026;09:39:13;888; R$ 56.219,72 ;CUST;ESTOQUE_AME;LPEIXOTO;;;;;;;;;888;UN;CDFL - CD FLORES;;0;888;888;AMEN;;;;0;0;0;;0;0;;;B;;;;0;UN;2026;;;S;WE;0;BRL;;;0;0;UN;UN;3.418,80;7.379,72;;
CDFL;4500144973;;;20;0;0;800872;CONECTOR AUTO PERF DU 70-240 / 70-240MM2;101;EM Entrada mercador.;180035120;1020062;5000254476;2;25/02/2026;09/03/2026;09/03/2026;11:02:02;1.088;61.317,94;CUST;ESTOQUE_AME;MDCOSTA;;;;;;;;;1.088;UN;CDFL - CD FLORES;;0;1.088;1.088;AMEN;;;;0;0;0;;0;0;;;B;;;;0;UN;2026;;;S;WE;0;BRL;;;0;0;UN;UN;6.763,00;4.959,54;;
CDFL;4500138298;;;50;0;0;800872;CONECTOR AUTO PERF DU 70-240 / 70-240MM2;101;EM Entrada mercador.;180034668;1020062;5000248911;3;14/01/2026;04/02/2026;04/02/2026;15:42:48;939;52.920,54;CUST;ESTOQUE_AME;MDCOSTA;;;;;;;;;939;UN;CDFL - CD FLORES;;0;939;939;AMEN;;;;0;0;0;;0;0;;;B;;;;0;UN;2026;;;S;WE;0;BRL;;;0;0;UN;UN;5.836,82;4.280,34;;
CDFL;4500138298;;;10;0;0;800872;CONECTOR AUTO PERF DU 70-240 / 70-240MM2;101;EM Entrada mercador.;180034668;1020062;5000248911;1;14/01/2026;04/02/2026;04/02/2026;15:42:48;2.297;129.455,24;CUST;ESTOQUE_AME;MDCOSTA;;;;;;;;;2.297;UN;CDFL - CD FLORES;;0;2.297;2.297;AMEN;;;;0;0;0;;0;0;;;B;;;;0;UN;2026;;;S;WE;0;BRL;;;0;0;UN;UN;14.278,15;10.470,64;;
CDFL;4500131416;;;20;0;0;800872;CONECTOR AUTO PERF DU 70-240 / 70-240MM2;101;EM Entrada mercador.;180033760;1020062;5000236314;1;21/10/2025;17/11/2025;17/11/2025;10:22:18;2.650;149.349,76;CUST;ESTOQUE_AME;MDCOSTA;;;;;;;;;2.650;UN;CDFL - CD FLORES;;0;2.650;2.650;AMEN;;;;0;0;0;;0;0;;;B;;;;0;UN;2025;;;S;WE;0;BRL;;;0;0;UN;UN;16.472,40;12.079,76;;
CDFL;4500117564;;;20;0;0;800872;CONECTOR AUTO PERF DU 70-240 / 70-240MM2;101;EM Entrada mercador.;180031662;1020062;5000214053;1;30/06/2025;09/07/2025;09/07/2025;10:35:06;2.546;143.488,49;CUST;ESTOQUE_AME;MDCOSTA;;;;;;;;;2.546;UN;CDFL - CD FLORES;;0;2.546;2.546;AMEN;;;;0;0;0;;0;0;;;B;;;;0;UN;2025;;;S;WE;0;BRL;;;0;0;UN;UN;15.825,94;11.605,69;;
CDFL;4500145719;;;20;0;0;800884;CONECTOR CUNHA LIGA AL AZ 120MM2 4/0AWG;101;EM Entrada mercador.;180035968;1003799;5000264219;2;15/05/2026;15/05/2026;15/05/2026;14:14:49;600; R$ 8.391,52 ;CUST;ESTOQUE_AME;LPEIXOTO;;;;;;;;;600;UN;CDFL - CD FLORES;;0;600;600;AMEN;;;;0;0;0;;0;0;;;B;;;;0;UN;2026;;;S;WE;0;BRL;;;0;0;UN;UN;510,3;1.101,52;;
CDFL;4500130665;;;70;0;0;800884;CONECTOR CUNHA LIGA AL AZ 120MM2 4/0AWG;101;EM Entrada mercador.;180033955;1003799;5000239657;7;05/11/2025;04/12/2025;04/12/2025;10:23:49;100;1.398,59;CUST;ESTOQUE_AME;MDCOSTA;;;;;;;;;100;UN;CDFL - CD FLORES;;0;100;100;AMEN;;;;0;0;0;;0;0;;;B;;;;0;UN;2025;;;S;WE;0;BRL;;;0;0;UN;UN;85,05;183,59;;
CDFL;4500125462;;;10;0;0;800884;CONECTOR CUNHA LIGA AL AZ 120MM2 4/0AWG;101;EM Entrada mercador.;180033144;1003799;5000230029;1;05/09/2025;07/10/2025;07/10/2025;10:53:37;1.000;13.985,87;CUST;ESTOQUE_AME;MDCOSTA;;;;;;;;;1.000;UN;CDFL - CD FLORES;;0;1.000;1.000;AMEN;;;;0;0;0;;0;0;;;B;;;;0;UN;2025;;;S;WE;0;BRL;;;0;0;UN;UN;850,5;1.835,87;;
CDFL;4500150184;;;20;0;0;800889;CONECTOR PARAL AL 4/0AWG 1/0AWG;101;EM Entrada mercador.;180035931;1003137;5000263336;2;28/04/2026;13/05/2026;13/05/2026;11:35:40;1.300; R$ 14.799,69 ;CUST;ESTOQUE_AME;LPEIXOTO;;;;;;;;;1.300;UN;CDFL - CD FLORES;;0;1.300;1.300;AMEN;;;;0;0;0;;0;0;;;B;;;;0;UN;2026;;;S;WE;0;BRL;;;0;0;UN;UN;899,99;1.942,69;;
CDFL;4500144684;;;20;0;0;800889;CONECTOR PARAL AL 4/0AWG 1/0AWG;101;EM Entrada mercador.;180035772;1003799;5000261798;1;18/03/2026;30/04/2026;30/04/2026;08:24:54;890;19.147,51;CUST;ESTOQUE_AME;MDCOSTA;;;;;;;;;890;UN;CDFL - CD FLORES;;0;890;890;AMEN;;;;0;0;0;;0;0;;;B;;;;0;UN;2026;;;S;WE;0;BRL;;;0;0;UN;UN;1.164,39;2.513,41;;
CDFL;4500117820;;;10;0;0;800889;CONECTOR PARAL AL 4/0AWG 1/0AWG;101;EM Entrada mercador.;180032554;1003799;5000222569;1;30/07/2025;01/09/2025;01/09/2025;14:17:24;6.550;140.917,07;CUST;ESTOQUE_AME;MDCOSTA;;;;;;;;;6.550;UN;CDFL - CD FLORES;;0;6.550;6.550;AMEN;;;;0;0;0;;0;0;;;B;;;;0;UN;2025;;;S;WE;0;BRL;;;0;0;UN;UN;8.569,37;18.497,58;;
CDFL;4500144413;;;110;0;0;800894;ELO FUSIVEL BOTAO DISTRIB UN K 8A 500MM;101;EM Entrada mercador.;180035525;1024046;5000259506;11;27/03/2026;13/04/2026;13/04/2026;10:22:31;5.388;32.127,02;CUST;ESTOQUE_AME;LPEIXOTO;;;;;;;;;5.388;UN;CDFL - CD FLORES;;0;5.388;5.388;AMEN;;;;0;0;0;;0;0;;;B;;;;0;UN;2026;;;S;WE;0;BRL;;;0;0;UN;UN;1.953,69;4.217,18;;
CDFL;4500138103;;;90;0;0;800894;ELO FUSIVEL BOTAO DISTRIB UN K 8A 500MM;101;EM Entrada mercador.;180034990;1024046;5000253316;3;11/02/2026;27/02/2026;27/02/2026;15:17:36;300;1.788,81;CUST;ESTOQUE_AME;MDCOSTA;;;;;;;;;300;UN;CDFL - CD FLORES;;0;300;300;AMEN;;;;0;0;0;;0;0;;;B;;;;0;UN;2026;;;S;WE;0;BRL;;;0;0;UN;UN;108,78;234,81;;
CDFL;4500114160;;;130;0;0;800897;ALCA PREFORM 6,4MM 1/4P AM 1219MM;101;EM Entrada mercador.;180032094;1007593;5000218013;11;03/07/2025;07/08/2025;07/08/2025;11:20:15;108;559,43;CUST;ESTOQUE_AME;MDCOSTA;;;;;;;;;108;UN;CDFL - CD FLORES;;0;108;108;AMEN;;;;0;0;0;;0;0;;;B;;;;0;UN;2025;;;S;WE;0;BRL;;;0;0;UN;UN;34,02;73,43;;
CDFL;4500146591;;;150;0;0;800917;LACO PREF CA 2AWG PESC 57MM PURPURA;101;EM Entrada mercador.;180035754;1007593;5000261750;15;29/04/2026;29/04/2026;29/04/2026;10:04:41;1.402;4.438,05;CUST;ESTOQUE_AME;MDCOSTA;;;;;;;;;1.402;UN;CDFL - CD FLORES;;0;1.402;1.402;AMEN;;;;0;0;0;;0;0;;;B;;;;0;UN;2026;;;S;WE;0;BRL;;;0;0;UN;UN;269,88;582,56;;
CDFL;4500138303;;;250;0;0;800917;LACO PREF CA 2AWG PESC 57MM PURPURA;101;EM Entrada mercador.;180035524;1007593;5000259116;11;19/02/2026;09/04/2026;09/04/2026;15:10:59;210;664,75;CUST;ESTOQUE_AME;LPEIXOTO;;;;;;;;;210;UN;CDFL - CD FLORES;;0;210;210;AMEN;;;;0;0;0;;0;0;;;B;;;;0;UN;2026;;;S;WE;0;BRL;;;0;0;UN;UN;40,42;87,26;;
CDFL;4500143290;;;80;0;0;800922;PARAFUSO CAB QD AC 16MM 450MM;101;EM Entrada mercador.;180036103;1007262;5000266250;2;30/04/2026;26/05/2026;26/05/2026;11:17:00;2.132; R$ 51.147,53 ;CUST;ESTOQUE_AME;LPEIXOTO;;;;;;;;;2.132;UN;CDFL - CD FLORES;;0;2.132;2.132;AMEN;;;;0;0;0;;0;0;;;B;;;;0;UN;2026;;;S;WE;0;BRL;;;0;0;UN;UN;5.641,27;4.136,93;;
CDFL;4500137960;;;20;0;0;800922;PARAFUSO CAB QD AC 16MM 450MM;101;EM Entrada mercador.;180034863;1007262;5000251982;2;09/02/2026;19/02/2026;19/02/2026;16:21:37;250;5.997,60;CUST;ESTOQUE_AME;MDCOSTA;;;;;;;;;250;UN;CDFL - CD FLORES;;0;250;250;AMEN;;;;0;0;0;;0;0;;;B;;;;0;UN;2026;;;S;WE;0;BRL;;;0;0;UN;UN;661,5;485,1;;
CDFL;4500132126;;;40;0;0;800922;PARAFUSO CAB QD AC 16MM 450MM;101;EM Entrada mercador.;180034696;1007262;5000249385;4;11/12/2025;06/02/2026;06/02/2026;08:23:32;894;21.447,42;CUST;ESTOQUE_AME;MDCOSTA;;;;;;;;;894;UN;CDFL - CD FLORES;;0;894;894;AMEN;;;;0;0;0;;0;0;;;B;;;;0;UN;2026;;;S;WE;0;BRL;;;0;0;UN;UN;2.365,52;1.734,72;;
CDFL;4500132896;;;10;0;0;800922;PARAFUSO CAB QD AC 16MM 450MM;101;EM Entrada mercador.;180034693;1007262;5000249376;1;11/12/2025;05/02/2026;05/02/2026;17:52:03;1.000;23.990,40;CUST;ESTOQUE_AME;MDCOSTA;;;;;;;;;1.000;UN;CDFL - CD FLORES;;0;1.000;1.000;AMEN;;;;0;0;0;;0;0;;;B;;;;0;UN;2026;;;S;WE;0;BRL;;;0;0;UN;UN;2.646,00;1.940,40;;
CDFL;4500137960;;;10;0;0;800929;PARAFUSO CAB QD AC 16MM 250MM;101;EM Entrada mercador.;180034863;1007262;5000251982;1;09/02/2026;19/02/2026;19/02/2026;16:21:37;179;2.116,95;CUST;ESTOQUE_AME;MDCOSTA;;;;;;;;;179;UN;CDFL - CD FLORES;;0;179;179;AMEN;;;;0;0;0;;0;0;;;B;;;;0;UN;2026;;;S;WE;0;BRL;;;0;0;UN;UN;233,49;171,22;;
CDFL;4500132126;;;20;0;0;800929;PARAFUSO CAB QD AC 16MM 250MM;101;EM Entrada mercador.;180034696;1007262;5000249385;2;11/12/2025;06/02/2026;06/02/2026;08:23:32;134;1.584,76;CUST;ESTOQUE_AME;MDCOSTA;;;;;;;;;134;UN;CDFL - CD FLORES;;0;134;134;AMEN;;;;0;0;0;;0;0;;;B;;;;0;UN;2026;;;S;WE;0;BRL;;;0;0;UN;UN;174,79;128,18;;
CDFL;4500116907;;;10;0;0;800929;PARAFUSO CAB QD AC 16MM 250MM;101;EM Entrada mercador.;180032184;1007262;5000218925;1;30/07/2025;11/08/2025;11/08/2025;15:27:49;123;1.454,67;CUST;ESTOQUE_AME;MDCOSTA;;;;;;;;;123;UN;CDFL - CD FLORES;;0;123;123;AMEN;;;;0;0;0;;0;0;;;B;;;;0;UN;2025;;;S;WE;0;BRL;;;0;0;UN;UN;160,44;117,66;;
CDFL;4500133867;;;10;0;0;800944;ISOLADOR RODL PORC 15KV 81X47MM 1350DAN;101;EM Entrada mercador.;180033820;1010868;5000236724;1;27/10/2025;18/11/2025;18/11/2025;15:47:24;2.200;19.221,07;CUST;ESTOQUE_AME;MDCOSTA;;;;;;;;;2.200;UN;CDFL - CD FLORES;;0;2.200;2.200;AMEN;;;;0;0;0;;0;0;;;B;;;;0;UN;2025;;;S;WE;0;BRL;;;0;0;UN;UN;1.168,86;2.523,07;;
CDFL;4500123113;;;10;0;0;800944;ISOLADOR RODL PORC 15KV 81X47MM 1350DAN;101;EM Entrada mercador.;180032477;1010868;5000221781;1;29/07/2025;27/08/2025;27/08/2025;09:54:19;5.000;43.684,25;CUST;ESTOQUE_AME;MDCOSTA;;;;;;;;;5.000;UN;CDFL - CD FLORES;;0;5.000;5.000;AMEN;;;;0;0;0;;0;0;;;B;;;;0;UN;2025;;;S;WE;0;BRL;;;0;0;UN;UN;2.656,50;5.734,25;;
CDFL;4500119816;;;10;0;0;800959;PORTA-FUSIVEL 15KV 100A;101;EM Entrada mercador.;180032745;1003412;5000228269;1;11/08/2025;24/09/2025;24/09/2025;15:04:38;2.550;280.321,63;CUST;ESTOQUE_AME;MDCOSTA;;;;;;;;;2.550;UN;CDFL - CD FLORES;;0;2.550;2.550;AMEN;;;;0;0;0;;0;0;;;B;;;;0;UN;2025;;;S;WE;0;BRL;;;0;0;UN;UN;17.046,75;36.796,63;;
CDFL;4500152174;;;30;0;0;800975;CABO  MULT 3X16+1X16MM² XLPE 0,6/1 KV;101;EM Entrada mercador.;180035793;1003949;5000261821;1;24/04/2026;30/04/2026;30/04/2026;11:13:18;1.843;11.647,76;CUST;ESTOQUE_AME;MDCOSTA;;;;;;;;;1.843;M;CDFL - CD FLORES;;0;1.843;1.843;AMEN;;;;0;0;0;;0;0;;;B;;;;0;M;2026;;;S;WE;0;BRL;;;0;0;M;M;815,34;0;;
CDFL;4500139126;;;10;0;0;800975;CABO  MULT 3X16+1X16MM² XLPE 0,6/1 KV;101;EM Entrada mercador.;180034339;1003949;5000244366;1;23/12/2025;31/12/2025;31/12/2025;08:13:26;2.000;13.800,00;CUST;ESTOQUE_AME;MDCOSTA;;;;;;;;;2.000;M;CDFL - CD FLORES;;0;2.000;2.000;AMEN;;;;0;0;0;;0;0;;;B;;;;0;M;2025;;;S;WE;0;BRL;;;0;0;M;M;966;0;;
CDFL;4500125669;;;10;0;0;800975;CABO  MULT 3X16+1X16MM² XLPE 0,6/1 KV;101;EM Entrada mercador.;180032197;1003949;5000218969;1;05/08/2025;12/08/2025;12/08/2025;08:00:07;329;2.270,10;CUST;ESTOQUE_AME;MDCOSTA;;;;;;;;;329;M;CDFL - CD FLORES;;0;329;329;AMEN;;;;0;0;0;;0;0;;;B;;;;0;M;2025;;;S;WE;0;BRL;;;0;0;M;M;158,91;0;;
CDFL;4500153065;;;40;0;0;800981;CABO ELETR 15KV AL PROT XLPE 35MM2 1F MT;101;EM Entrada mercador.;180036102;1003949;5000266248;1;04/05/2026;26/05/2026;26/05/2026;10:43:23;1.000; R$ 4.260,00 ;CUST;ESTOQUE_AME;LPEIXOTO;;;;;;;;;1.000;M;CDFL - CD FLORES;;0;1.000;1.000;AMEN;;;;0;0;0;;0;0;;;B;;;;0;M;2026;;;S;WE;0;BRL;;;0;0;M;M;298,2;0;;
CDFL;4500128709;;;10;0;0;800981;CABO ELETR 15KV AL PROT XLPE 35MM2 1F MT;101;EM Entrada mercador.;180033711;1011333;5000235836;5;04/10/2025;13/11/2025;13/11/2025;10:00:12;215;1.026,97;CUST;ESTOQUE_AME;MDCOSTA;;;;;;;;;215;M;CDFL - CD FLORES;;0;215;215;AMEN;;;;0;0;0;;0;0;;;B;;;;0;M;2025;;;S;WE;0;BRL;;;0;0;M;M;62,45;134,81;;
CDFL;4500125673;;;10;0;0;800981;CABO ELETR 15KV AL PROT XLPE 35MM2 1F MT;101;EM Entrada mercador.;180033097;1011333;5000229559;4;26/08/2025;03/10/2025;03/10/2025;08:16:17;490;2.340,76;CUST;ESTOQUE_AME;MDCOSTA;;;;;;;;;490;M;CDFL - CD FLORES;;0;490;490;AMEN;;;;0;0;0;;0;0;;;B;;;;0;M;2025;;;S;WE;0;BRL;;;0;0;M;M;142,35;307,26;;
CDFL;4500125673;;;10;0;0;800981;CABO ELETR 15KV AL PROT XLPE 35MM2 1F MT;101;EM Entrada mercador.;180033097;1011333;5000229559;1;26/08/2025;03/10/2025;03/10/2025;08:16:17;1.000;4.777,07;CUST;ESTOQUE_AME;MDCOSTA;;;;;;;;;1.000;M;CDFL - CD FLORES;;0;1.000;1.000;AMEN;;;;0;0;0;;0;0;;;B;;;;0;M;2025;;;S;WE;0;BRL;;;0;0;M;M;290,5;627,07;;
CDFL;4500142962;;;50;0;0;800982;PARAFUSO OLHAL AC 5/8P 20P;101;EM Entrada mercador.;180035586;1021472;5000259982;5;13/03/2026;14/04/2026;14/04/2026;15:44:18;1.284;38.340,24;CUST;ESTOQUE_AME;LPEIXOTO;;;;;;;;;1.284;UN;CDFL - CD FLORES;;0;1.284;1.284;AMEN;;;;0;0;0;;0;0;;;B;;;;0;UN;2026;;;S;WE;0;BRL;;;0;0;UN;UN;0;0;;
CDFL;4500113053;;;50;0;0;800982;PARAFUSO OLHAL AC 5/8P 20P;101;EM Entrada mercador.;180031789;1021472;5000215736;5;17/06/2025;18/07/2025;18/07/2025;09:07:00;2.242;66.946,12;CUST;ESTOQUE_AME;MDCOSTA;;;;;;;;;2.242;UN;CDFL - CD FLORES;;0;2.242;2.242;AMEN;;;;0;0;0;;0;0;;;B;;;;0;UN;2025;;;S;WE;0;BRL;;;0;0;UN;UN;0;0;;
CDFL;4500143335;;;230;0;0;800991;MAO FRANCESA BECO AC 2135MM 35MMX5MM;101;EM Entrada mercador.;180035527;1007262;5000259159;12;19/03/2026;09/04/2026;09/04/2026;16:15:00;134;17.395,90;CUST;ESTOQUE_AME;LPEIXOTO;;;;;;;;;134;UN;CDFL - CD FLORES;;0;134;134;AMEN;;;;0;0;0;;0;0;;;B;;;;0;UN;2026;;;S;WE;0;BRL;;;0;0;UN;UN;1.918,67;1.407,02;;
CDFL;4500137981;;;10;0;0;800991;MAO FRANCESA BECO AC 2135MM 35MMX5MM;101;EM Entrada mercador.;180034977;1007262;5000253265;1;09/02/2026;26/02/2026;26/02/2026;10:37:23;50;6.491,01;CUST;ESTOQUE_AME;MDCOSTA;;;;;;;;;50;UN;CDFL - CD FLORES;;0;50;50;AMEN;;;;0;0;0;;0;0;;;B;;;;0;UN;2026;;;S;WE;0;BRL;;;0;0;UN;UN;715,92;525,01;;
CDFL;4500153496;;;30;0;0;800999;CABO ELET BT 3X10MM2 0,6/1 KV;101;EM Entrada mercador.;180036260;1003949;5000266707;2;25/05/2026;02/06/2026;02/06/2026;09:35:02;300;8.607,00;CUST;ESTOQUE_AME;MDCOSTA;;;;;;;;;300;M;CDFL - CD FLORES;;0;300;300;AMEN;;;;0;0;0;;0;0;;;B;;;;0;M;2026;;;S;WE;0;BRL;;;0;0;M;M;602,49;0;;
CDFL;4500150388;;;130;0;0;800999;CABO ELET BT 3X10MM2 0,6/1 KV;101;EM Entrada mercador.;180036053;1003949;5000265833;2;05/05/2026;21/05/2026;21/05/2026;09:15:48;206; R$ 5.910,14 ;CUST;ESTOQUE_AME;LPEIXOTO;;;;;;;;;206;M;CDFL - CD FLORES;;0;206;206;AMEN;;;;0;0;0;;0;0;;;B;;;;0;M;2026;;;S;WE;0;BRL;;;0;0;M;M;413,71;0;;
CDFL;4500153496;;;20;0;0;801006;CABO ELET ISOL 4MM2 PVC 750V;101;EM Entrada mercador.;180036260;1003949;5000266707;3;25/05/2026;02/06/2026;02/06/2026;09:35:02;200;784;CUST;ESTOQUE_AME;MDCOSTA;;;;;;;;;200;M;CDFL - CD FLORES;;0;200;200;AMEN;;;;0;0;0;;0;0;;;B;;;;0;M;2026;;;S;WE;0;BRL;;;0;0;M;M;54,88;0;;
CDFL;4500144413;;;30;0;0;801010;ELO FUSIVEL BOTAO DISTRIB H 3A 500MM;101;EM Entrada mercador.;180035525;1024046;5000259506;3;27/03/2026;13/04/2026;13/04/2026;10:22:31;2.646;15.625,01;CUST;ESTOQUE_AME;LPEIXOTO;;;;;;;;;2.646;UN;CDFL - CD FLORES;;0;2.646;2.646;AMEN;;;;0;0;0;;0;0;;;B;;;;0;UN;2026;;;S;WE;0;BRL;;;0;0;UN;UN;950,18;2.051,03;;
CDFL;4500138103;;;20;0;0;801010;ELO FUSIVEL BOTAO DISTRIB H 3A 500MM;101;EM Entrada mercador.;180034681;1024046;5000249337;1;21/01/2026;05/02/2026;05/02/2026;15:34:31;2.080;10.895,55;CUST;ESTOQUE_AME;MDCOSTA;;;;;;;;;2.080;UN;CDFL - CD FLORES;;0;2.080;2.080;AMEN;;;;0;0;0;;0;0;;;B;;;;0;UN;2026;;;S;WE;0;BRL;;;0;0;UN;UN;746,93;1.612,30;;
CDFL;4500121429;;;20;0;0;801010;ELO FUSIVEL BOTAO DISTRIB H 3A 500MM;101;EM Entrada mercador.;180031791;1024046;5000215753;2;09/07/2025;18/07/2025;18/07/2025;09:29:12;1.100;6.495,66;CUST;ESTOQUE_AME;MDCOSTA;;;;;;;;;1.100;UN;CDFL - CD FLORES;;0;1.100;1.100;AMEN;;;;0;0;0;;0;0;;;B;;;;0;UN;2025;;;S;WE;0;BRL;;;0;0;UN;UN;395,01;852,66;;
CDFL;4500150388;;;250;0;0;801017;CABO ELETR 750V CU SING PVC 1,5MM2 AZUL;101;EM Entrada mercador.;180035936;1003949;5000263354;9;05/05/2026;13/05/2026;13/05/2026;14:35:54;500; R$ 830,00 ;CUST;ESTOQUE_AME;MDCOSTA;;;;;;;;;500;M;CDFL - CD FLORES;;0;500;500;AMEN;;;;0;0;0;;0;0;;;B;;;;0;M;2026;;;S;WE;0;BRL;;;0;0;M;M;58,1;0;;
CDFL;4500152157;;;10;0;0;801044;CINTA POSTE CIRC ACO 190MM;101;EM Entrada mercador.;180036105;1003152;5000266257;1;08/05/2026;26/05/2026;26/05/2026;14:28:16;130; R$ 3.040,75 ;CUST;ESTOQUE_AME;LPEIXOTO;;;;;;;;;130;UN;CDFL - CD FLORES;;0;130;130;AMEN;;;;0;0;0;;0;0;;;B;;;;0;UN;2026;;;S;WE;0;BRL;;;0;0;UN;UN;184,91;399,15;;
CDFL;4500148260;;;40;0;0;801047;ARRUELA LIS QD AC 17MM 11/16 57X57MM 5MM;101;EM Entrada mercador.;180036179;1021472;5000266366;2;27/04/2026;28/05/2026;28/05/2026;14:26:56;6.703; R$ 19.639,79 ;CUST;ESTOQUE_AME;LPEIXOTO;;;;;;;;;6.703;UN;CDFL - CD FLORES;;0;6.703;6.703;AMEN;;;;0;0;0;;0;0;;;B;;;;0;UN;2026;;;S;WE;0;BRL;;;0;0;UN;UN;0;0;;
CDFL;4500142962;;;10;0;0;801047;ARRUELA LIS QD AC 17MM 11/16 57X57MM 5MM;101;EM Entrada mercador.;180035586;1021472;5000259982;1;13/03/2026;14/04/2026;14/04/2026;15:44:18;666;1.951,38;CUST;ESTOQUE_AME;LPEIXOTO;;;;;;;;;666;UN;CDFL - CD FLORES;;0;666;666;AMEN;;;;0;0;0;;0;0;;;B;;;;0;UN;2026;;;S;WE;0;BRL;;;0;0;UN;UN;0;0;;
CDFL;4500126955;;;10;0;0;801047;ARRUELA LIS QD AC 17MM 11/16 57X57MM 5MM;101;EM Entrada mercador.;180033213;1021472;5000230632;1;16/09/2025;10/10/2025;10/10/2025;10:12:48;3.500;10.255,00;CUST;ESTOQUE_AME;MDCOSTA;;;;;;;;;3.500;UN;CDFL - CD FLORES;;0;3.500;3.500;AMEN;;;;0;0;0;;0;0;;;B;;;;0;UN;2025;;;S;WE;0;BRL;;;0;0;UN;UN;0;0;;
CDFL;4500114173;;;20;0;0;801047;ARRUELA LIS QD AC 17MM 11/16 57X57MM 5MM;101;EM Entrada mercador.;180031794;1021472;5000215811;2;17/06/2025;18/07/2025;18/07/2025;10:06:16;3.684;10.794,12;CUST;ESTOQUE_AME;MDCOSTA;;;;;;;;;3.684;UN;CDFL - CD FLORES;;0;3.684;3.684;AMEN;;;;0;0;0;;0;0;;;B;;;;0;UN;2025;;;S;WE;0;BRL;;;0;0;UN;UN;0;0;;
CDFL;4500113053;;;60;0;0;801047;ARRUELA LIS QD AC 17MM 11/16 57X57MM 5MM;101;EM Entrada mercador.;180031789;1021472;5000215736;6;17/06/2025;18/07/2025;18/07/2025;09:07:00;755;2.212,15;CUST;ESTOQUE_AME;MDCOSTA;;;;;;;;;755;UN;CDFL - CD FLORES;;0;755;755;AMEN;;;;0;0;0;;0;0;;;B;;;;0;UN;2025;;;S;WE;0;BRL;;;0;0;UN;UN;0;0;;
CDFL;4500143290;;;20;0;0;801064;PARAFUSO CAB ABA AC 10MM 115MM;101;EM Entrada mercador.;180035785;1007262;5000261813;2;30/04/2026;30/04/2026;30/04/2026;10:39:42;2.842;7.792,08;CUST;ESTOQUE_AME;MDCOSTA;;;;;;;;;2.842;UN;CDFL - CD FLORES;;0;2.842;2.842;AMEN;;;;0;0;0;;0;0;;;B;;;;0;UN;2026;;;S;WE;0;BRL;;;0;0;UN;UN;859,42;630,24;;
CDFL;4500152607;;;20;0;0;801064;PARAFUSO CAB ABA AC 10MM 115MM;101;EM Entrada mercador.;180035743;1016114;5000261734;2;24/04/2026;29/04/2026;29/04/2026;08:30:13;621;1.745,01;CUST;ESTOQUE_AME;MDCOSTA;;;;;;;;;621;UN;CDFL - CD FLORES;;0;621;621;AMEN;;;;0;0;0;;0;0;;;B;;;;0;UN;2026;;;S;WE;0;BRL;;;0;0;UN;UN;0;0;;
CDFL;4500138713;;;10;0;0;801064;PARAFUSO CAB ABA AC 10MM 115MM;101;EM Entrada mercador.;180034861;1007262;5000251978;1;09/02/2026;19/02/2026;19/02/2026;16:12:48;1.000;2.741,76;CUST;ESTOQUE_AME;MDCOSTA;;;;;;;;;1.000;UN;CDFL - CD FLORES;;0;1.000;1.000;AMEN;;;;0;0;0;;0;0;;;B;;;;0;UN;2026;;;S;WE;0;BRL;;;0;0;UN;UN;302,4;221,76;;
CDFL;4500137960;;;30;0;0;801064;PARAFUSO CAB ABA AC 10MM 115MM;101;EM Entrada mercador.;180034863;1007262;5000251982;3;09/02/2026;19/02/2026;19/02/2026;16:21:37;1.751;4.800,82;CUST;ESTOQUE_AME;MDCOSTA;;;;;;;;;1.751;UN;CDFL - CD FLORES;;0;1.751;1.751;AMEN;;;;0;0;0;;0;0;;;B;;;;0;UN;2026;;;S;WE;0;BRL;;;0;0;UN;UN;529,5;388,3;;
CDFL;4500132126;;;10;0;0;801064;PARAFUSO CAB ABA AC 10MM 115MM;101;EM Entrada mercador.;180034696;1007262;5000249385;1;11/12/2025;06/02/2026;06/02/2026;08:23:32;100;274,18;CUST;ESTOQUE_AME;MDCOSTA;;;;;;;;;100;UN;CDFL - CD FLORES;;0;100;100;AMEN;;;;0;0;0;;0;0;;;B;;;;0;UN;2026;;;S;WE;0;BRL;;;0;0;UN;UN;30,24;22,18;;
CDFL;4500113050;;;60;0;0;801064;PARAFUSO CAB ABA AC 10MM 115MM;101;EM Entrada mercador.;180031690;1007262;5000214518;5;23/06/2025;11/07/2025;11/07/2025;10:13:49;5.341;14.643,74;CUST;ESTOQUE_AME;MDCOSTA;;;;;;;;;5.341;UN;CDFL - CD FLORES;;0;5.341;5.341;AMEN;;;;0;0;0;;0;0;;;B;;;;0;UN;2025;;;S;WE;0;BRL;;;0;0;UN;UN;1.615,12;1.184,42;;
CDFL;4500153269;;;10;0;0;801079;CABO ELET NU CA 1/0AWG 53,5 MM2 POPPY;101;EM Entrada mercador.;180036188;1003949;5000266386;2;13/05/2026;28/05/2026;28/05/2026;16:33:32;3.000; R$ 87.000,00 ;CUST;ESTOQUE_AME;LPEIXOTO;;;;;;;;;3.000;KG;CDFL - CD FLORES;;0;3.000;3.000;AMEN;;;;0;0;0;;0;0;;;B;;;;0;KG;2026;;;S;WE;0;BRL;;;0;0;KG;KG;6.090,00;0;;
CDFL;4500127045;;;10;0;0;801079;CABO ELET NU CA 1/0AWG 53,5 MM2 POPPY;101;EM Entrada mercador.;180032905;1003949;5000227637;1;10/09/2025;23/09/2025;23/09/2025;09:36:08;2.392;69.368,00;CUST;ESTOQUE_AME;MDCOSTA;;;;;;;;;2.392;KG;CDFL - CD FLORES;;0;2.392;2.392;AMEN;;;;0;0;0;;0;0;;;B;;;;0;KG;2025;;;S;WE;0;BRL;;;0;0;KG;KG;4.855,76;0;;
CDFL;4500125672;;;10;0;0;801079;CABO ELET NU CA 1/0AWG 53,5 MM2 POPPY;101;EM Entrada mercador.;180032498;1003949;5000221919;1;21/08/2025;27/08/2025;27/08/2025;14:53:18;500;14.500,00;CUST;ESTOQUE_AME;MDCOSTA;;;;;;;;;500;KG;CDFL - CD FLORES;;0;500;500;AMEN;;;;0;0;0;;0;0;;;B;;;;0;KG;2025;;;S;WE;0;BRL;;;0;0;KG;KG;1.015,00;0;;
CDFL;4500137990;;;10;0;0;801081;MANILHA SAPATILHA 6800KGF;101;EM Entrada mercador.;180034499;1009464;5000247474;1;23/01/2026;23/01/2026;23/01/2026;08:31:10;569;13.898,59;CUST;ESTOQUE_AME;MDCOSTA;;;;;;;;;569;UN;CDFL - CD FLORES;;0;569;569;AMEN;;;;0;0;0;;0;0;;;B;;;;0;UN;2026;;;S;WE;0;BRL;;;0;0;UN;UN;845,19;1.824,41;;
CDFL;4500133585;;;20;0;0;801081;MANILHA SAPATILHA 6800KGF;101;EM Entrada mercador.;180034497;1009464;5000247471;2;23/01/2026;23/01/2026;23/01/2026;08:22:00;300;7.327,90;CUST;ESTOQUE_AME;MDCOSTA;;;;;;;;;300;UN;CDFL - CD FLORES;;0;300;300;AMEN;;;;0;0;0;;0;0;;;B;;;;0;UN;2026;;;S;WE;0;BRL;;;0;0;UN;UN;445,62;961,9;;
CDFL;4500144303;;;20;0;0;801087;GANCHO OLHAL AC 17MM 5000KGF;101;EM Entrada mercador.;180035380;1010868;5000257291;2;25/02/2026;26/03/2026;26/03/2026;08:04:18;746;9.394,40;CUST;ESTOQUE_AME;MDCOSTA;;;;;;;;;746;UN;CDFL - CD FLORES;;0;746;746;AMEN;;;;0;0;0;;0;0;;;B;;;;0;UN;2026;;;S;WE;0;BRL;;;0;0;UN;UN;571,29;1.233,16;;
CDFL;4500137977;;;10;0;0;801087;GANCHO OLHAL AC 17MM 5000KGF;101;EM Entrada mercador.;180034684;1010868;5000249356;2;21/01/2026;05/02/2026;05/02/2026;16:36:35;401;5.049,81;CUST;ESTOQUE_AME;MDCOSTA;;;;;;;;;401;UN;CDFL - CD FLORES;;0;401;401;AMEN;;;;0;0;0;;0;0;;;B;;;;0;UN;2026;;;S;WE;0;BRL;;;0;0;UN;UN;307,09;662,87;;
CDFL;4500121302;;;20;0;0;801087;GANCHO OLHAL AC 17MM 5000KGF;101;EM Entrada mercador.;180032478;1010868;5000221784;4;29/07/2025;27/08/2025;27/08/2025;10:01:04;36;453,35;CUST;ESTOQUE_AME;MDCOSTA;;;;;;;;;36;UN;CDFL - CD FLORES;;0;36;36;AMEN;;;;0;0;0;;0;0;;;B;;;;0;UN;2025;;;S;WE;0;BRL;;;0;0;UN;UN;27,57;59,51;;
CDFL;4500116918;;;30;0;0;801087;GANCHO OLHAL AC 17MM 5000KGF;101;EM Entrada mercador.;180031592;1010868;5000212719;3;28/05/2025;02/07/2025;02/07/2025;16:04:48;965;12.152,28;CUST;ESTOQUE_AME;MDCOSTA;;;;;;;;;965;UN;CDFL - CD FLORES;;0;965;965;AMEN;;;;0;0;0;;0;0;;;B;;;;0;UN;2025;;;S;WE;0;BRL;;;0;0;UN;UN;739;1.595,18;;
CDFL;4500137986;;;10;0;0;801112;CRUZETA POL FBV/RES PES 2400X112,5X90MM;101;EM Entrada mercador.;180035668;1007001;5000261285;1;31/03/2026;22/04/2026;22/04/2026;09:51:29;337;63.037,10;CUST;ESTOQUE_AME;MDCOSTA;;;;;;;;;337;UN;CDFL - CD FLORES;;0;337;337;AMEN;;;;0;0;0;;0;0;;;B;;;;0;UN;2026;;;S;WE;0;BRL;;;0;0;UN;UN;3.833,38;8.274,61;;
CDFL;4500144395;;;20;0;0;801112;CRUZETA POL FBV/RES PES 2400X112,5X90MM;101;EM Entrada mercador.;180034851;1003624;5000251754;1;19/02/2026;19/02/2026;19/02/2026;08:37:32;309;57.165,00;CUST;ESTOQUE_AME;MDCOSTA;;;;;;;;;309;UN;CDFL - CD FLORES;;0;309;309;AMEN;;;;0;0;0;;0;0;;;B;;;;0;UN;2026;;;S;WE;0;BRL;;;0;0;UN;UN;4.446,29;0;;
CDFL;4500123105;;;10;0;0;801112;CRUZETA POL FBV/RES PES 2400X112,5X90MM;101;EM Entrada mercador.;180034824;1007001;5000251549;1;19/01/2026;16/02/2026;16/02/2026;07:49:44;200;37.410,75;CUST;ESTOQUE_AME;MDCOSTA;;;;;;;;;200;UN;CDFL - CD FLORES;;0;200;200;AMEN;;;;0;0;0;;0;0;;;B;;;;0;UN;2026;;;S;WE;0;BRL;;;0;0;UN;UN;2.275,00;4.910,75;;
CDFL;4500137988;;;10;0;0;801112;CRUZETA POL FBV/RES PES 2400X112,5X90MM;101;EM Entrada mercador.;180034568;1003624;5000247870;1;28/01/2026;28/01/2026;28/01/2026;09:02:53;1.052;194.620,00;CUST;ESTOQUE_AME;MDCOSTA;;;;;;;;;1.052;UN;CDFL - CD FLORES;;0;1.052;1.052;AMEN;;;;0;0;0;;0;0;;;B;;;;0;UN;2026;;;S;WE;0;BRL;;;0;0;UN;UN;13.623,79;0;;
CDFL;4500123105;;;10;0;0;801112;CRUZETA POL FBV/RES PES 2400X112,5X90MM;101;EM Entrada mercador.;180032445;1007001;5000221597;1;31/07/2025;26/08/2025;26/08/2025;09:25:42;985;184.247,93;CUST;ESTOQUE_AME;MDCOSTA;;;;;;;;;985;UN;CDFL - CD FLORES;;0;985;985;AMEN;;;;0;0;0;;0;0;;;B;;;;0;UN;2025;;;S;WE;0;BRL;;;0;0;UN;UN;11.204,38;24.185,44;;
CDFL;4500116526;;;10;0;0;801112;CRUZETA POL FBV/RES PES 2400X112,5X90MM;101;EM Entrada mercador.;180032300;1007001;5000219355;1;11/07/2025;15/08/2025;15/08/2025;09:02:43;1.200;224.464,50;CUST;ESTOQUE_AME;MDCOSTA;;;;;;;;;1.200;UN;CDFL - CD FLORES;;0;1.200;1.200;AMEN;;;;0;0;0;;0;0;;;B;;;;0;UN;2025;;;S;WE;0;BRL;;;0;0;UN;UN;13.650,00;29.464,50;;
CDFL;4500138103;;;30;0;0;801114;ELO FUSIVEL BOTAO DISTRIB K 20A 500MM;101;EM Entrada mercador.;180034681;1024046;5000249337;2;21/01/2026;05/02/2026;05/02/2026;15:34:31;1.253;7.471,26;CUST;ESTOQUE_AME;MDCOSTA;;;;;;;;;1.253;UN;CDFL - CD FLORES;;0;1.253;1.253;AMEN;;;;0;0;0;;0;0;;;B;;;;0;UN;2026;;;S;WE;0;BRL;;;0;0;UN;UN;454,34;980,72;;
CDFL;4500121429;;;50;0;0;801114;ELO FUSIVEL BOTAO DISTRIB K 20A 500MM;101;EM Entrada mercador.;180031791;1024046;5000215753;5;09/07/2025;18/07/2025;18/07/2025;09:29:12;1.500;8.944,05;CUST;ESTOQUE_AME;MDCOSTA;;;;;;;;;1.500;UN;CDFL - CD FLORES;;0;1.500;1.500;AMEN;;;;0;0;0;;0;0;;;B;;;;0;UN;2025;;;S;WE;0;BRL;;;0;0;UN;UN;543,9;1.174,05;;
CDFL;4500135086;;;70;0;0;801128;GRAMPO ANCOR CABO 477MCM 8000KGF;101;EM Entrada mercador.;180034635;1020749;5000248443;6;16/12/2025;02/02/2026;02/02/2026;10:03:13;50;23.250,00;CUST;ESTOQUE_AME;MDCOSTA;;;;;;;;;50;UN;CDFL - CD FLORES;;0;50;50;AMEN;;;;0;0;0;;0;0;;;B;;;;0;UN;2026;;;S;WE;0;BRL;;;0;0;UN;UN;0;0;;
CDFL;4500124116;;;20;0;0;801157;CABO ELET FLEXIVEL PVC 750V 2,5MM2 PT;101;EM Entrada mercador.;180034951;1003949;5000253172;1;19/01/2026;24/02/2026;24/02/2026;16:11:06;460;998,2;CUST;ESTOQUE_AME;MDCOSTA;;;;;;;;;460;M;CDFL - CD FLORES;;0;460;460;AMEN;;;;0;0;0;;0;0;;;B;;;;0;M;2026;;;S;WE;0;BRL;;;0;0;M;M;69,87;0;;
CDFL;4500130309;;;20;0;0;801157;CABO ELET FLEXIVEL PVC 750V 2,5MM2 PT;101;EM Entrada mercador.;180034937;1003949;5000253094;1;24/02/2026;24/02/2026;24/02/2026;09:37:07;772;1.675,24;CUST;ESTOQUE_AME;MDCOSTA;;;;;;;;;772;M;CDFL - CD FLORES;;0;772;772;AMEN;;;;0;0;0;;0;0;;;B;;;;0;M;2026;;;S;WE;0;BRL;;;0;0;M;M;117,27;0;;
CDFL;4500142962;;;80;0;0;801164;PINO ISOLADOR POLIMERICO AC 15KV 200MM;101;EM Entrada mercador.;180035638;1021472;5000260646;2;01/04/2026;17/04/2026;17/04/2026;09:51:01;1.088;31.095,04;CUST;ESTOQUE_AME;LPEIXOTO;;;;;;;;;1.088;UN;CDFL - CD FLORES;;0;1.088;1.088;AMEN;;;;0;0;0;;0;0;;;B;;;;0;UN;2026;;;S;WE;0;BRL;;;0;0;UN;UN;0;0;;
CDFL;4500148070;;;10;0;0;801185;CABO  MULT 2X10+1X10 MM² XLPE 0,6/1 KV;101;EM Entrada mercador.;180035148;1003949;5000254707;1;05/03/2026;10/03/2026;10/03/2026;10:07:52;600;2.088,00;CUST;ESTOQUE_AME;MDCOSTA;;;;;;;;;600;M;CDFL - CD FLORES;;0;600;600;AMEN;;;;0;0;0;;0;0;;;B;;;;0;M;2026;;;S;WE;0;BRL;;;0;0;M;M;146,16;0;;
CDFL;4500144303;;;30;0;0;801186;OLHAL PARAFUSO AC 16MM 5000DAN;101;EM Entrada mercador.;180035380;1010868;5000257291;3;25/02/2026;26/03/2026;26/03/2026;08:04:18;833;13.472,07;CUST;ESTOQUE_AME;MDCOSTA;;;;;;;;;833;UN;CDFL - CD FLORES;;0;833;833;AMEN;;;;0;0;0;;0;0;;;B;;;;0;UN;2026;;;S;WE;0;BRL;;;0;0;UN;UN;819,26;1.768,42;;
CDFL;4500152854;;;20;0;0;801189;CABO  MULT 3X25+1X25 MM² XLPE 0,6/1 KV;101;EM Entrada mercador.;180035998;1003949;5000264510;1;30/04/2026;18/05/2026;18/05/2026;15:46:35;2.000; R$ 22.180,00 ;CUST;ESTOQUE_AME;LPEIXOTO;;;;;;;;;2.000;M;CDFL - CD FLORES;;0;2.000;2.000;AMEN;;;;0;0;0;;0;0;;;B;;;;0;M;2026;;;S;WE;0;BRL;;;0;0;M;M;1.552,60;0;;
CDFL;4500139126;;;20;0;0;801189;CABO  MULT 3X25+1X25 MM² XLPE 0,6/1 KV;101;EM Entrada mercador.;180034339;1003949;5000244366;2;23/12/2025;31/12/2025;31/12/2025;08:13:26;2.500;25.250,00;CUST;ESTOQUE_AME;MDCOSTA;;;;;;;;;2.500;M;CDFL - CD FLORES;;0;2.500;2.500;AMEN;;;;0;0;0;;0;0;;;B;;;;0;M;2025;;;S;WE;0;BRL;;;0;0;M;M;1.767,50;0;;
CDFL;4500119648;;;10;0;0;801189;CABO  MULT 3X25+1X25 MM² XLPE 0,6/1 KV;101;EM Entrada mercador.;180031626;1003949;5000213462;1;24/06/2025;07/07/2025;07/07/2025;09:25:29;557;5.330,49;CUST;ESTOQUE_AME;MDCOSTA;;;;;;;;;557;M;CDFL - CD FLORES;;0;557;557;AMEN;;;;0;0;0;;0;0;;;B;;;;0;M;2025;;;S;WE;0;BRL;;;0;0;M;M;373,13;0;;
CDFL;4500143290;;;40;0;0;801191;PARAFUSO CAB QD MAQ AC 5/8X6P;101;EM Entrada mercador.;180035785;1007262;5000261813;4;30/04/2026;30/04/2026;30/04/2026;10:39:42;5;42,16;CUST;ESTOQUE_AME;MDCOSTA;;;;;;;;;5;UN;CDFL - CD FLORES;;0;5;5;AMEN;;;;0;0;0;;0;0;;;B;;;;0;UN;2026;;;S;WE;0;BRL;;;0;0;UN;UN;4,65;3,41;;
CDFL;4500146591;;;40;0;0;801199;ALCA PREFORM DIST 4/0 AWG 120MM2;101;EM Entrada mercador.;180035754;1007593;5000261750;4;29/04/2026;29/04/2026;29/04/2026;10:04:41;493;6.412,66;CUST;ESTOQUE_AME;MDCOSTA;;;;;;;;;493;UN;CDFL - CD FLORES;;0;493;493;AMEN;;;;0;0;0;;0;0;;;B;;;;0;UN;2026;;;S;WE;0;BRL;;;0;0;UN;UN;389,96;841,76;;
CDFL;4500138303;;;260;0;0;801199;ALCA PREFORM DIST 4/0 AWG 120MM2;101;EM Entrada mercador.;180035524;1007593;5000259116;12;19/02/2026;09/04/2026;09/04/2026;15:10:59;650;8.454,83;CUST;ESTOQUE_AME;LPEIXOTO;;;;;;;;;650;UN;CDFL - CD FLORES;;0;650;650;AMEN;;;;0;0;0;;0;0;;;B;;;;0;UN;2026;;;S;WE;0;BRL;;;0;0;UN;UN;514,15;1.109,83;;
CDFL;4500114160;;;170;0;0;801199;ALCA PREFORM DIST 4/0 AWG 120MM2;101;EM Entrada mercador.;180032094;1007593;5000218013;16;03/07/2025;07/08/2025;07/08/2025;11:20:15;200;2.601,49;CUST;ESTOQUE_AME;MDCOSTA;;;;;;;;;200;UN;CDFL - CD FLORES;;0;200;200;AMEN;;;;0;0;0;;0;0;;;B;;;;0;UN;2025;;;S;WE;0;BRL;;;0;0;UN;UN;158,2;341,49;;
CDFL;4500145719;;;30;0;0;801215;CONECTOR DER CU 13-34MM2;101;EM Entrada mercador.;180035773;1003799;5000261799;1;18/03/2026;30/04/2026;30/04/2026;08:27:29;590;5.372,07;CUST;ESTOQUE_AME;MDCOSTA;;;;;;;;;590;UN;CDFL - CD FLORES;;0;590;590;AMEN;;;;0;0;0;;0;0;;;B;;;;0;UN;2026;;;S;WE;0;BRL;;;0;0;UN;UN;326,68;705,17;;
CDFL;4500148053;;;50;0;0;801215;CONECTOR DER CU 13-34MM2;101;EM Entrada mercador.;180035639;1020062;5000260756;3;19/03/2026;17/04/2026;17/04/2026;10:02:41;1.044;10.790,78;CUST;ESTOQUE_AME;LPEIXOTO;;;;;;;;;1.044;UN;CDFL - CD FLORES;;0;1.044;1.044;AMEN;;;;0;0;0;;0;0;;;B;;;;0;UN;2026;;;S;WE;0;BRL;;;0;0;UN;UN;1.190,16;872,78;;
CDFL;4500138328;;;10;0;0;801215;CONECTOR DER CU 13-34MM2;101;EM Entrada mercador.;180035098;1003799;5000254308;1;06/03/2026;06/03/2026;06/03/2026;14:06:27;120;1.092,62;CUST;ESTOQUE_AME;MDCOSTA;;;;;;;;;120;UN;CDFL - CD FLORES;;0;120;120;AMEN;;;;0;0;0;;0;0;;;B;;;;0;UN;2026;;;S;WE;0;BRL;;;0;0;UN;UN;66,44;143,42;;
CDFL;4500130665;;;40;0;0;801215;CONECTOR DER CU 13-34MM2;101;EM Entrada mercador.;180033955;1003799;5000239657;4;05/11/2025;04/12/2025;04/12/2025;10:23:49;150;1.365,77;CUST;ESTOQUE_AME;MDCOSTA;;;;;;;;;150;UN;CDFL - CD FLORES;;0;150;150;AMEN;;;;0;0;0;;0;0;;;B;;;;0;UN;2025;;;S;WE;0;BRL;;;0;0;UN;UN;83,06;179,28;;
CDFL;4500125462;;;20;0;0;801215;CONECTOR DER CU 13-34MM2;101;EM Entrada mercador.;180033144;1003799;5000230029;2;05/09/2025;07/10/2025;07/10/2025;10:53:37;50;455,25;CUST;ESTOQUE_AME;MDCOSTA;;;;;;;;;50;UN;CDFL - CD FLORES;;0;50;50;AMEN;;;;0;0;0;;0;0;;;B;;;;0;UN;2025;;;S;WE;0;BRL;;;0;0;UN;UN;27,69;59,76;;
CDFL;4500144463;;;10;0;0;801216;ELO FUSIVEL BOTAO DISTRIB K 50A 500MM;101;EM Entrada mercador.;180035431;1003489;5000257418;1;03/03/2026;30/03/2026;30/03/2026;11:41:44;231;2.074,05;CUST;ESTOQUE_AME;MDCOSTA;;;;;;;;;231;UN;CDFL - CD FLORES;;0;231;231;AMEN;;;;0;0;0;;0;0;;;B;;;;0;UN;2026;;;S;WE;0;BRL;;;0;0;UN;UN;126,13;272,25;;
CDFL;4500144463;;;20;0;0;801220;ELO FUSIVEL BOTAO DISTRIB K 25A 500MM;101;EM Entrada mercador.;180035431;1003489;5000257418;2;03/03/2026;30/03/2026;30/03/2026;11:41:44;1.962;13.144,23;CUST;ESTOQUE_AME;MDCOSTA;;;;;;;;;1.962;UN;CDFL - CD FLORES;;0;1.962;1.962;AMEN;;;;0;0;0;;0;0;;;B;;;;0;UN;2026;;;S;WE;0;BRL;;;0;0;UN;UN;799,32;1.725,39;;
CDFL;4500135086;;;20;0;0;801223;CONECTOR PARAL AL RETA 954MCM;101;EM Entrada mercador.;180034635;1020749;5000248443;2;16/12/2025;02/02/2026;02/02/2026;10:03:13;40;4.840,00;CUST;ESTOQUE_AME;MDCOSTA;;;;;;;;;40;UN;CDFL - CD FLORES;;0;40;40;AMEN;;;;0;0;0;;0;0;;;B;;;;0;UN;2026;;;S;WE;0;BRL;;;0;0;UN;UN;0;0;;
CDFL;4500142962;;;60;0;0;801225;PARAFUSO OLH AC 5/8P 24P;101;EM Entrada mercador.;180035586;1021472;5000259982;6;13/03/2026;14/04/2026;14/04/2026;15:44:18;351;10.491,39;CUST;ESTOQUE_AME;LPEIXOTO;;;;;;;;;351;UN;CDFL - CD FLORES;;0;351;351;AMEN;;;;0;0;0;;0;0;;;B;;;;0;UN;2026;;;S;WE;0;BRL;;;0;0;UN;UN;0;0;;
CDFL;4500126955;;;20;0;0;801225;PARAFUSO OLH AC 5/8P 24P;101;EM Entrada mercador.;180033213;1021472;5000230632;2;16/09/2025;10/10/2025;10/10/2025;10:12:48;80;2.391,20;CUST;ESTOQUE_AME;MDCOSTA;;;;;;;;;80;UN;CDFL - CD FLORES;;0;80;80;AMEN;;;;0;0;0;;0;0;;;B;;;;0;UN;2025;;;S;WE;0;BRL;;;0;0;UN;UN;0;0;;
CDFL;4500113053;;;70;0;0;801225;PARAFUSO OLH AC 5/8P 24P;101;EM Entrada mercador.;180031789;1021472;5000215736;7;17/06/2025;18/07/2025;18/07/2025;09:07:00;496;14.825,44;CUST;ESTOQUE_AME;MDCOSTA;;;;;;;;;496;UN;CDFL - CD FLORES;;0;496;496;AMEN;;;;0;0;0;;0;0;;;B;;;;0;UN;2025;;;S;WE;0;BRL;;;0;0;UN;UN;0;0;;
CDFL;4500145719;;;10;0;0;801232;CONECTOR CUNHA AM AL 336,4MCM 336,4MCM;101;EM Entrada mercador.;180035968;1003799;5000264219;1;15/05/2026;15/05/2026;15/05/2026;14:14:49;1.835; R$ 76.210,65 ;CUST;ESTOQUE_AME;LPEIXOTO;;;;;;;;;1.835;UN;CDFL - CD FLORES;;0;1.835;1.835;AMEN;;;;0;0;0;;0;0;;;B;;;;0;UN;2026;;;S;WE;0;BRL;;;0;0;UN;UN;4.634,48;10.003,85;;
CDFL;4500144413;;;90;0;0;801233;ELO FUSIVEL BOTAO DISTRIB K 15A 500MM;101;EM Entrada mercador.;180035525;1024046;5000259506;9;27/03/2026;13/04/2026;13/04/2026;10:22:31;1.976;11.782,29;CUST;ESTOQUE_AME;LPEIXOTO;;;;;;;;;1.976;UN;CDFL - CD FLORES;;0;1.976;1.976;AMEN;;;;0;0;0;;0;0;;;B;;;;0;UN;2026;;;S;WE;0;BRL;;;0;0;UN;UN;716,5;1.546,61;;
CDFL;4500138103;;;40;0;0;801233;ELO FUSIVEL BOTAO DISTRIB K 15A 500MM;101;EM Entrada mercador.;180034681;1024046;5000249337;3;21/01/2026;05/02/2026;05/02/2026;15:34:31;1.690;10.076,96;CUST;ESTOQUE_AME;MDCOSTA;;;;;;;;;1.690;UN;CDFL - CD FLORES;;0;1.690;1.690;AMEN;;;;0;0;0;;0;0;;;B;;;;0;UN;2026;;;S;WE;0;BRL;;;0;0;UN;UN;612,79;1.322,76;;
CDFL;4500124269;;;20;0;0;801233;ELO FUSIVEL BOTAO DISTRIB K 15A 500MM;101;EM Entrada mercador.;180032295;1024046;5000219340;2;01/08/2025;15/08/2025;15/08/2025;08:38:25;1.500;8.944,05;CUST;ESTOQUE_AME;MDCOSTA;;;;;;;;;1.500;UN;CDFL - CD FLORES;;0;1.500;1.500;AMEN;;;;0;0;0;;0;0;;;B;;;;0;UN;2025;;;S;WE;0;BRL;;;0;0;UN;UN;543,9;1.174,05;;
CDFL;4500144903;;;20;0;0;801240;CONECTOR PERF 4 SAÍDAS 25-240MM2/1,5-35M;101;EM Entrada mercador.;180035599;1003137;5000260107;1;25/03/2026;15/04/2026;15/04/2026;11:53:46;1.500;114.373,30;CUST;ESTOQUE_AME;LPEIXOTO;;;;;;;;;1.500;UN;CDFL - CD FLORES;;0;1.500;1.500;AMEN;;;;0;0;0;;0;0;;;B;;;;0;UN;2026;;;S;WE;0;BRL;;;0;0;UN;UN;6.955,20;15.013,30;;
CDFL;4500144903;;;20;0;0;801240;CONECTOR PERF 4 SAÍDAS 25-240MM2/1,5-35M;101;EM Entrada mercador.;180035602;1003137;5000260110;1;25/03/2026;15/04/2026;15/04/2026;12:08:46;1.500;114.373,30;CUST;ESTOQUE_AME;LPEIXOTO;;;;;;;;;1.500;UN;CDFL - CD FLORES;;0;1.500;1.500;AMEN;;;;0;0;0;;0;0;;;B;;;;0;UN;2026;;;S;WE;0;BRL;;;0;0;UN;UN;6.955,20;15.013,30;;
CDFL;4500150392;;;30;0;0;801256;PERFIL U AC 76X900MM REDE COMPACTA;101;EM Entrada mercador.;180036066;1003152;5000266040;2;22/05/2026;22/05/2026;22/05/2026;08:10:22;19; R$ 1.818,13 ;CUST;ESTOQUE_AME;LPEIXOTO;;;;;;;;;19;UN;CDFL - CD FLORES;;0;19;19;AMEN;;;;0;0;0;;0;0;;;B;;;;0;UN;2026;;;S;WE;0;BRL;;;0;0;UN;UN;110,56;238,66;;
CDFL;4500143335;;;150;0;0;801256;PERFIL U AC 76X900MM REDE COMPACTA;101;EM Entrada mercador.;180035527;1007262;5000259159;7;19/03/2026;09/04/2026;09/04/2026;16:15:00;87;11.885,01;CUST;ESTOQUE_AME;LPEIXOTO;;;;;;;;;87;UN;CDFL - CD FLORES;;0;87;87;AMEN;;;;0;0;0;;0;0;;;B;;;;0;UN;2026;;;S;WE;0;BRL;;;0;0;UN;UN;1.310,85;961,29;;
CDFL;4500137981;;;30;0;0;801256;PERFIL U AC 76X900MM REDE COMPACTA;101;EM Entrada mercador.;180034977;1007262;5000253265;3;09/02/2026;26/02/2026;26/02/2026;10:37:23;5;683,05;CUST;ESTOQUE_AME;MDCOSTA;;;;;;;;;5;UN;CDFL - CD FLORES;;0;5;5;AMEN;;;;0;0;0;;0;0;;;B;;;;0;UN;2026;;;S;WE;0;BRL;;;0;0;UN;UN;75,34;55,25;;
CDFL;4500116905;;;80;0;0;801256;PERFIL U AC 76X900MM REDE COMPACTA;101;EM Entrada mercador.;180032291;1007262;5000219321;8;30/07/2025;15/08/2025;15/08/2025;08:15:32;14;1.912,53;CUST;ESTOQUE_AME;MDCOSTA;;;;;;;;;14;UN;CDFL - CD FLORES;;0;14;14;AMEN;;;;0;0;0;;0;0;;;B;;;;0;UN;2025;;;S;WE;0;BRL;;;0;0;UN;UN;210,94;154,69;;
CDFL;4500146591;;;70;0;0;801272;ALCA PREFORM DIST 2AWG 33,63MM2 660MM;101;EM Entrada mercador.;180035754;1007593;5000261750;7;29/04/2026;29/04/2026;29/04/2026;10:04:41;639;2.603,86;CUST;ESTOQUE_AME;MDCOSTA;;;;;;;;;639;UN;CDFL - CD FLORES;;0;639;639;AMEN;;;;0;0;0;;0;0;;;B;;;;0;UN;2026;;;S;WE;0;BRL;;;0;0;UN;UN;158,34;341,8;;
CDFL;4500138303;;;270;0;0;801272;ALCA PREFORM DIST 2AWG 33,63MM2 660MM;101;EM Entrada mercador.;180035524;1007593;5000259116;13;19/02/2026;09/04/2026;09/04/2026;15:10:59;40;163;CUST;ESTOQUE_AME;LPEIXOTO;;;;;;;;;40;UN;CDFL - CD FLORES;;0;40;40;AMEN;;;;0;0;0;;0;0;;;B;;;;0;UN;2026;;;S;WE;0;BRL;;;0;0;UN;UN;9,92;21,39;;
CDFL;4500152852;;;30;0;0;801274;CABO ELET ISOL CU PT 8AWG PVC 750V;101;EM Entrada mercador.;180035984;1003949;5000264349;1;05/05/2026;18/05/2026;18/05/2026;09:01:51;1.200; R$ 7.272,00 ;CUST;ESTOQUE_AME;LPEIXOTO;;;;;;;;;1.200;M;CDFL - CD FLORES;;0;1.200;1.200;AMEN;;;;0;0;0;;0;0;;;B;;;;0;M;2026;;;S;WE;0;BRL;;;0;0;M;M;509,04;0;;
CDFL;4500113644;;;40;0;0;801274;CABO ELET ISOL CU PT 8AWG PVC 750V;101;EM Entrada mercador.;180031872;1003949;5000216722;1;16/07/2025;24/07/2025;24/07/2025;07:49:06;361;1.812,22;CUST;ESTOQUE_AME;MDCOSTA;;;;;;;;;361;M;CDFL - CD FLORES;;0;361;361;AMEN;;;;0;0;0;;0;0;;;B;;;;0;M;2025;;;S;WE;0;BRL;;;0;0;M;M;126,86;0;;
CDFL;4500113644;;;40;0;0;801274;CABO ELET ISOL CU PT 8AWG PVC 750V;101;EM Entrada mercador.;180031872;1003949;5000216722;2;16/07/2025;24/07/2025;24/07/2025;07:49:06;324;1.626,48;CUST;ESTOQUE_AME;MDCOSTA;;;;;;;;;324;M;CDFL - CD FLORES;;0;324;324;AMEN;;;;0;0;0;;0;0;;;B;;;;0;M;2025;;;S;WE;0;BRL;;;0;0;M;M;113,85;0;;
CDFL;4500144413;;;80;0;0;801303;ELO FUSIVEL BOTAO DISTRIB K 12A 500MM;101;EM Entrada mercador.;180035525;1024046;5000259506;8;27/03/2026;13/04/2026;13/04/2026;10:22:31;3.587;21.388,20;CUST;ESTOQUE_AME;LPEIXOTO;;;;;;;;;3.587;UN;CDFL - CD FLORES;;0;3.587;3.587;AMEN;;;;0;0;0;;0;0;;;B;;;;0;UN;2026;;;S;WE;0;BRL;;;0;0;UN;UN;1.300,65;2.807,54;;
CDFL;4500138103;;;80;0;0;801303;ELO FUSIVEL BOTAO DISTRIB K 12A 500MM;101;EM Entrada mercador.;180034990;1024046;5000253316;2;11/02/2026;27/02/2026;27/02/2026;15:17:36;700;4.173,89;CUST;ESTOQUE_AME;MDCOSTA;;;;;;;;;700;UN;CDFL - CD FLORES;;0;700;700;AMEN;;;;0;0;0;;0;0;;;B;;;;0;UN;2026;;;S;WE;0;BRL;;;0;0;UN;UN;253,82;547,89;;
CDFL;4500137977;;;30;0;0;801313;PINO ISOLADOR AC 25X294X19MM;101;EM Entrada mercador.;180034684;1010868;5000249356;3;21/01/2026;05/02/2026;05/02/2026;16:36:35;1.283;34.041,65;CUST;ESTOQUE_AME;MDCOSTA;;;;;;;;;1.283;UN;CDFL - CD FLORES;;0;1.283;1.283;AMEN;;;;0;0;0;;0;0;;;B;;;;0;UN;2026;;;S;WE;0;BRL;;;0;0;UN;UN;2.070,12;4.468,50;;
CDFL;4500135086;;;60;0;0;801314;EMENDA PREF COND AL 4/0AWG PT;101;EM Entrada mercador.;180034874;1020749;5000252057;1;04/02/2026;20/02/2026;20/02/2026;11:22:04;30;4.500,00;CUST;ESTOQUE_AME;MDCOSTA;;;;;;;;;30;UN;CDFL - CD FLORES;;0;30;30;AMEN;;;;0;0;0;;0;0;;;B;;;;0;UN;2026;;;S;WE;0;BRL;;;0;0;UN;UN;0;0;;
CDFL;4500134702;;;10;0;0;801316;CORDOALHA AC 9,5MM 3/8P 7F 4900DAN;101;EM Entrada mercador.;180034083;1018867;5000241768;1;12/11/2025;15/12/2025;15/12/2025;10:29:17;670;16.156,09;CUST;ESTOQUE_AME;MDCOSTA;;;;;;;;;670;KG;CDFL - CD FLORES;;0;670;670;AMEN;;;;0;0;0;;0;0;;;B;;;;0;KG;2025;;;S;WE;0;BRL;;;0;0;KG;KG;982,48;2.120,74;;
CDFL;4500144413;;;60;0;0;801352;ELO FUSIVEL BOTAO DISTRIB K 10A 500MM;101;EM Entrada mercador.;180035525;1024046;5000259506;6;27/03/2026;13/04/2026;13/04/2026;10:22:31;3.390;20.213,55;CUST;ESTOQUE_AME;LPEIXOTO;;;;;;;;;3.390;UN;CDFL - CD FLORES;;0;3.390;3.390;AMEN;;;;0;0;0;;0;0;;;B;;;;0;UN;2026;;;S;WE;0;BRL;;;0;0;UN;UN;1.229,21;2.653,35;;
CDFL;4500138103;;;70;0;0;801352;ELO FUSIVEL BOTAO DISTRIB K 10A 500MM;101;EM Entrada mercador.;180034990;1024046;5000253316;1;11/02/2026;27/02/2026;27/02/2026;15:17:36;750;4.472,02;CUST;ESTOQUE_AME;MDCOSTA;;;;;;;;;750;UN;CDFL - CD FLORES;;0;750;750;AMEN;;;;0;0;0;;0;0;;;B;;;;0;UN;2026;;;S;WE;0;BRL;;;0;0;UN;UN;271,95;587,02;;
CDFL;4500121429;;;30;0;0;801352;ELO FUSIVEL BOTAO DISTRIB K 10A 500MM;101;EM Entrada mercador.;180031791;1024046;5000215753;3;09/07/2025;18/07/2025;18/07/2025;09:29:12;1.300;7.751,51;CUST;ESTOQUE_AME;MDCOSTA;;;;;;;;;1.300;UN;CDFL - CD FLORES;;0;1.300;1.300;AMEN;;;;0;0;0;;0;0;;;B;;;;0;UN;2025;;;S;WE;0;BRL;;;0;0;UN;UN;471,38;1.017,51;;
CDFL;4500145746;;;20;0;0;801373;CONECTOR PARAL AL 10AWG-1/0AWG;101;EM Entrada mercador.;180035600;1003137;5000260109;2;25/03/2026;15/04/2026;15/04/2026;12:00:12;2.780;33.184,60;CUST;ESTOQUE_AME;LPEIXOTO;;;;;;;;;2.780;UN;CDFL - CD FLORES;;0;2.780;2.780;AMEN;;;;0;0;0;;0;0;;;B;;;;0;UN;2026;;;S;WE;0;BRL;;;0;0;UN;UN;2.018,00;4.356,00;;
CDFL;4500114336;;;20;0;0;801373;CONECTOR PARAL AL 10AWG-1/0AWG;101;EM Entrada mercador.;180031817;1003137;5000216226;2;27/06/2025;21/07/2025;21/07/2025;14:37:16;1.000;11.936,91;CUST;ESTOQUE_AME;MDCOSTA;;;;;;;;;1.000;UN;CDFL - CD FLORES;;0;1.000;1.000;AMEN;;;;0;0;0;;0;0;;;B;;;;0;UN;2025;;;S;WE;0;BRL;;;0;0;UN;UN;725,9;1.566,91;;
CDFL;4500116509;;;10;0;0;801373;CONECTOR PARAL AL 10AWG-1/0AWG;101;EM Entrada mercador.;180031751;1003137;5000215618;1;30/06/2025;17/07/2025;17/07/2025;08:18:45;2.100;19.096,75;CUST;ESTOQUE_AME;MDCOSTA;;;;;;;;;2.100;UN;CDFL - CD FLORES;;0;2.100;2.100;AMEN;;;;0;0;0;;0;0;;;B;;;;0;UN;2025;;;S;WE;0;BRL;;;0;0;UN;UN;1.161,30;2.506,75;;
CDFL;4500144413;;;50;0;0;801375;ELO FUSIVEL BOTAO DISTRIB H 5A 500MM;101;EM Entrada mercador.;180035525;1024046;5000259506;5;27/03/2026;13/04/2026;13/04/2026;10:22:31;4.881;28.823,00;CUST;ESTOQUE_AME;LPEIXOTO;;;;;;;;;4.881;UN;CDFL - CD FLORES;;0;4.881;4.881;AMEN;;;;0;0;0;;0;0;;;B;;;;0;UN;2026;;;S;WE;0;BRL;;;0;0;UN;UN;1.752,77;3.783,47;;
CDFL;4500150392;;;70;0;0;801379;SELA CRUZETA POSTE AC 115MM 18MM;101;EM Entrada mercador.;180036066;1003152;5000266040;4;22/05/2026;22/05/2026;22/05/2026;08:10:22;67; R$ 695,66 ;CUST;ESTOQUE_AME;LPEIXOTO;;;;;;;;;67;UN;CDFL - CD FLORES;;0;67;67;AMEN;;;;0;0;0;;0;0;;;B;;;;0;UN;2026;;;S;WE;0;BRL;;;0;0;UN;UN;42,3;91,32;;
CDFL;4500143335;;;190;0;0;801386;SUPORTE TRANSF POSTE DUP T AC 210X125MM;101;EM Entrada mercador.;180035527;1007262;5000259159;10;19/03/2026;09/04/2026;09/04/2026;16:15:00;15;2.317,93;CUST;ESTOQUE_AME;LPEIXOTO;;;;;;;;;15;UN;CDFL - CD FLORES;;0;15;15;AMEN;;;;0;0;0;;0;0;;;B;;;;0;UN;2026;;;S;WE;0;BRL;;;0;0;UN;UN;255,65;187,48;;
CDFL;4500137981;;;20;0;0;801386;SUPORTE TRANSF POSTE DUP T AC 210X125MM;101;EM Entrada mercador.;180034977;1007262;5000253265;2;09/02/2026;26/02/2026;26/02/2026;10:37:23;7;1.081,69;CUST;ESTOQUE_AME;MDCOSTA;;;;;;;;;7;UN;CDFL - CD FLORES;;0;7;7;AMEN;;;;0;0;0;;0;0;;;B;;;;0;UN;2026;;;S;WE;0;BRL;;;0;0;UN;UN;119,31;87,49;;
CDFL;4500116905;;;90;0;0;801386;SUPORTE TRANSF POSTE DUP T AC 210X125MM;101;EM Entrada mercador.;180032291;1007262;5000219321;9;30/07/2025;15/08/2025;15/08/2025;08:15:32;21;3.245,10;CUST;ESTOQUE_AME;MDCOSTA;;;;;;;;;21;UN;CDFL - CD FLORES;;0;21;21;AMEN;;;;0;0;0;;0;0;;;B;;;;0;UN;2025;;;S;WE;0;BRL;;;0;0;UN;UN;357,92;262,47;;
CDFL;4500143290;;;120;0;0;801391;PARAFUSO CAB QD AC 16MM 2P 350MM;101;EM Entrada mercador.;180035785;1007262;5000261813;7;30/04/2026;30/04/2026;30/04/2026;10:39:42;426;6.484,20;CUST;ESTOQUE_AME;MDCOSTA;;;;;;;;;426;UN;CDFL - CD FLORES;;0;426;426;AMEN;;;;0;0;0;;0;0;;;B;;;;0;UN;2026;;;S;WE;0;BRL;;;0;0;UN;UN;715,17;524,46;;
CDFL;4500137960;;;40;0;0;801391;PARAFUSO CAB QD AC 16MM 2P 350MM;101;EM Entrada mercador.;180034863;1007262;5000251982;4;09/02/2026;19/02/2026;19/02/2026;16:21:37;158;2.404,94;CUST;ESTOQUE_AME;MDCOSTA;;;;;;;;;158;UN;CDFL - CD FLORES;;0;158;158;AMEN;;;;0;0;0;;0;0;;;B;;;;0;UN;2026;;;S;WE;0;BRL;;;0;0;UN;UN;265,25;194,52;;
CDFL;4500132126;;;30;0;0;801391;PARAFUSO CAB QD AC 16MM 2P 350MM;101;EM Entrada mercador.;180034696;1007262;5000249385;3;11/12/2025;06/02/2026;06/02/2026;08:23:32;189;2.876,79;CUST;ESTOQUE_AME;MDCOSTA;;;;;;;;;189;UN;CDFL - CD FLORES;;0;189;189;AMEN;;;;0;0;0;;0;0;;;B;;;;0;UN;2026;;;S;WE;0;BRL;;;0;0;UN;UN;317,29;232,68;;
CDFL;4500116907;;;30;0;0;801391;PARAFUSO CAB QD AC 16MM 2P 350MM;101;EM Entrada mercador.;180032184;1007262;5000218925;3;30/07/2025;11/08/2025;11/08/2025;15:27:49;142;2.161,40;CUST;ESTOQUE_AME;MDCOSTA;;;;;;;;;142;UN;CDFL - CD FLORES;;0;142;142;AMEN;;;;0;0;0;;0;0;;;B;;;;0;UN;2025;;;S;WE;0;BRL;;;0;0;UN;UN;238,39;174,82;;
CDFL;4500125153;;;10;0;0;801400;HASTE ATERRAMENTO CI AC 14,3X2438MM;101;EM Entrada mercador.;180034530;1009609;5000247779;1;10/12/2025;26/01/2026;26/01/2026;15:07:11;2.000;199.321,60;CUST;ESTOQUE_AME;MDCOSTA;;;;;;;;;2.000;UN;CDFL - CD FLORES;;0;2.000;2.000;AMEN;;;;0;0;0;;0;0;;;B;;;;0;UN;2026;;;S;WE;0;BRL;;;0;0;UN;UN;21.984,00;16.121,60;;
CDFL;4500125153;;;10;0;0;801400;HASTE ATERRAMENTO CI AC 14,3X2438MM;101;EM Entrada mercador.;180034528;1009609;5000247776;1;10/12/2025;26/01/2026;26/01/2026;15:02:26;2.000;199.321,60;CUST;ESTOQUE_AME;MDCOSTA;;;;;;;;;2.000;UN;CDFL - CD FLORES;;0;2.000;2.000;AMEN;;;;0;0;0;;0;0;;;B;;;;0;UN;2026;;;S;WE;0;BRL;;;0;0;UN;UN;21.984,00;16.121,60;;
CDFL;4500121183;;;20;0;0;801400;HASTE ATERRAMENTO CI AC 14,3X2438MM;101;EM Entrada mercador.;180032483;1020062;5000221822;1;28/07/2025;27/08/2025;27/08/2025;10:37:41;1.564;155.869,49;CUST;ESTOQUE_AME;MDCOSTA;;;;;;;;;1.564;UN;CDFL - CD FLORES;;0;1.564;1.564;AMEN;;;;0;0;0;;0;0;;;B;;;;0;UN;2025;;;S;WE;0;BRL;;;0;0;UN;UN;17.191,49;12.607,09;;
CDFL;4500117112;;;180;0;0;801745;BUCHA NYLON PARAFUSO S-8;101;EM Entrada mercador.;180031613;1024877;5000213338;2;30/05/2025;04/07/2025;04/07/2025;11:27:07;11.288;1.299,36;CUST;ESTOQUE_AME;MDCOSTA;;;;;;;;;11.288;UN;CDFL - CD FLORES;;0;11.288;11.288;AMEN;;;;0;0;0;;0;0;;;B;;;;0;UN;2025;;;S;WE;0;BRL;;;0;0;UN;UN;79,02;170,56;;
CDFL;4500144413;;;150;0;0;801826;ELO FUSIVEL BOTAO K 6A 500MM;101;EM Entrada mercador.;180035525;1024046;5000259506;15;27/03/2026;13/04/2026;13/04/2026;10:22:31;5.673;33.826,39;CUST;ESTOQUE_AME;LPEIXOTO;;;;;;;;;5.673;UN;CDFL - CD FLORES;;0;5.673;5.673;AMEN;;;;0;0;0;;0;0;;;B;;;;0;UN;2026;;;S;WE;0;BRL;;;0;0;UN;UN;2.057,03;4.440,25;;
CDFL;4500138103;;;60;0;0;801826;ELO FUSIVEL BOTAO K 6A 500MM;101;EM Entrada mercador.;180034681;1024046;5000249337;5;21/01/2026;05/02/2026;05/02/2026;15:34:31;1.430;8.526,66;CUST;ESTOQUE_AME;MDCOSTA;;;;;;;;;1.430;UN;CDFL - CD FLORES;;0;1.430;1.430;AMEN;;;;0;0;0;;0;0;;;B;;;;0;UN;2026;;;S;WE;0;BRL;;;0;0;UN;UN;518,52;1.119,26;;
CDFL;4500121429;;;60;0;0;801826;ELO FUSIVEL BOTAO K 6A 500MM;101;EM Entrada mercador.;180031791;1024046;5000215753;6;09/07/2025;18/07/2025;18/07/2025;09:29:12;1.500;8.944,05;CUST;ESTOQUE_AME;MDCOSTA;;;;;;;;;1.500;UN;CDFL - CD FLORES;;0;1.500;1.500;AMEN;;;;0;0;0;;0;0;;;B;;;;0;UN;2025;;;S;WE;0;BRL;;;0;0;UN;UN;543,9;1.174,05;;
CDFL;4500144413;;;130;0;0;801834;ELO FUSIVEL H 1A 500MM;101;EM Entrada mercador.;180035525;1024046;5000259506;13;27/03/2026;13/04/2026;13/04/2026;10:22:31;5.760;34.013,62;CUST;ESTOQUE_AME;LPEIXOTO;;;;;;;;;5.760;UN;CDFL - CD FLORES;;0;5.760;5.760;AMEN;;;;0;0;0;;0;0;;;B;;;;0;UN;2026;;;S;WE;0;BRL;;;0;0;UN;UN;2.068,42;4.464,82;;
CDFL;4500144413;;;170;0;0;801955;ELO FUSIVEL DISTRIB H 2A 500MM;101;EM Entrada mercador.;180035525;1024046;5000259506;17;27/03/2026;13/04/2026;13/04/2026;10:22:31;2.728;16.109,24;CUST;ESTOQUE_AME;LPEIXOTO;;;;;;;;;2.728;UN;CDFL - CD FLORES;;0;2.728;2.728;AMEN;;;;0;0;0;;0;0;;;B;;;;0;UN;2026;;;S;WE;0;BRL;;;0;0;UN;UN;979,62;2.114,59;;
CDFL;4500138103;;;50;0;0;801955;ELO FUSIVEL DISTRIB H 2A 500MM;101;EM Entrada mercador.;180034681;1024046;5000249337;4;21/01/2026;05/02/2026;05/02/2026;15:34:31;1.670;9.861,59;CUST;ESTOQUE_AME;MDCOSTA;;;;;;;;;1.670;UN;CDFL - CD FLORES;;0;1.670;1.670;AMEN;;;;0;0;0;;0;0;;;B;;;;0;UN;2026;;;S;WE;0;BRL;;;0;0;UN;UN;599,7;1.294,49;;
CDFL;4500121429;;;70;0;0;801955;ELO FUSIVEL DISTRIB H 2A 500MM;101;EM Entrada mercador.;180031791;1024046;5000215753;7;09/07/2025;18/07/2025;18/07/2025;09:29:12;2.100;12.400,80;CUST;ESTOQUE_AME;MDCOSTA;;;;;;;;;2.100;UN;CDFL - CD FLORES;;0;2.100;2.100;AMEN;;;;0;0;0;;0;0;;;B;;;;0;UN;2025;;;S;WE;0;BRL;;;0;0;UN;UN;754,11;1.627,80;;
CDFL;4500132907;;;20;0;0;802018;PRENSA-CABOS AL 1.3/4P;101;EM Entrada mercador.;180034667;1012258;5000248893;2;12/01/2026;04/02/2026;04/02/2026;15:26:48;90;33.954,56;CUST;ESTOQUE_AME;MDCOSTA;;;;;;;;;90;UN;CDFL - CD FLORES;;0;90;90;AMEN;;;;0;0;0;;0;0;;;B;;;;0;UN;2026;;;S;WE;0;BRL;;;0;0;UN;UN;2.064,83;4.457,07;;
CDFL;4500129227;;;10;0;0;802130;BATERIA MED. 1/2AA 3,6V 1,2AH S/T;101;EM Entrada mercador.;180033590;1006972;5000234713;1;23/09/2025;05/11/2025;05/11/2025;10:05:14;800;22.607,60;CUST;ESTOQUE_AME;MDCOSTA;;;;;;;;;800;UN;CDFL - CD FLORES;;0;800;800;AMEN;;;;0;0;0;;0;0;;;B;;;;0;UN;2025;;;S;WE;0;BRL;;;0;0;UN;UN;1.374,80;2.967,60;;
CDFL;4500147694;;;30;0;0;802138;FITA ISOL ELET 19MMX20M 0,19MM VM;101;EM Entrada mercador.;180035114;1003818;5000254412;3;03/03/2026;09/03/2026;09/03/2026;09:41:07;27;1.442,88;CUST;ESTOQUE_AME;MDCOSTA;;;;;;;;;27;UN;CDFL - CD FLORES;;0;27;27;AMEN;;;;0;0;0;;0;0;;;B;;;;0;UN;2026;;;S;WE;0;BRL;;;0;0;UN;UN;0;0;;
CDFL;4500138085;;;10;0;0;802138;FITA ISOL ELET 19MMX20M 0,19MM VM;101;EM Entrada mercador.;180034103;1003818;5000242107;1;09/12/2025;16/12/2025;16/12/2025;08:33:55;13;694,72;CUST;ESTOQUE_AME;MDCOSTA;;;;;;;;;13;UN;CDFL - CD FLORES;;0;13;13;AMEN;;;;0;0;0;;0;0;;;B;;;;0;UN;2025;;;S;WE;0;BRL;;;0;0;UN;UN;0;0;;
CDFL;4500121215;;;30;0;0;802138;FITA ISOL ELET 19MMX20M 0,19MM VM;101;EM Entrada mercador.;180032473;1003818;5000221767;3;20/08/2025;27/08/2025;27/08/2025;09:42:21;60;3.206,40;CUST;ESTOQUE_AME;MDCOSTA;;;;;;;;;60;UN;CDFL - CD FLORES;;0;60;60;AMEN;;;;0;0;0;;0;0;;;B;;;;0;UN;2025;;;S;WE;0;BRL;;;0;0;UN;UN;0;0;;
CDFL;4500147694;;;10;0;0;802141;FITA ISOL ELET 19MMX20M 0,19MM AZ;101;EM Entrada mercador.;180035114;1003818;5000254412;1;03/03/2026;09/03/2026;09/03/2026;09:41:07;50;2.672,00;CUST;ESTOQUE_AME;MDCOSTA;;;;;;;;;50;UN;CDFL - CD FLORES;;0;50;50;AMEN;;;;0;0;0;;0;0;;;B;;;;0;UN;2026;;;S;WE;0;BRL;;;0;0;UN;UN;0;0;;
CDFL;4500138085;;;30;0;0;802141;FITA ISOL ELET 19MMX20M 0,19MM AZ;101;EM Entrada mercador.;180034103;1003818;5000242107;3;09/12/2025;16/12/2025;16/12/2025;08:33:55;10;534,4;CUST;ESTOQUE_AME;MDCOSTA;;;;;;;;;10;UN;CDFL - CD FLORES;;0;10;10;AMEN;;;;0;0;0;;0;0;;;B;;;;0;UN;2025;;;S;WE;0;BRL;;;0;0;UN;UN;0;0;;
CDFL;4500121215;;;10;0;0;802141;FITA ISOL ELET 19MMX20M 0,19MM AZ;101;EM Entrada mercador.;180032473;1003818;5000221767;1;20/08/2025;27/08/2025;27/08/2025;09:42:21;60;3.206,40;CUST;ESTOQUE_AME;MDCOSTA;;;;;;;;;60;UN;CDFL - CD FLORES;;0;60;60;AMEN;;;;0;0;0;;0;0;;;B;;;;0;UN;2025;;;S;WE;0;BRL;;;0;0;UN;UN;0;0;;
CDFL;4500147694;;;20;0;0;802158;FITA ISOL ELET 19MMX20M 0,19MM BR;101;EM Entrada mercador.;180035384;1003818;5000257296;1;23/03/2026;26/03/2026;26/03/2026;08:21:46;25;1.336,00;CUST;ESTOQUE_AME;MDCOSTA;;;;;;;;;25;UN;CDFL - CD FLORES;;0;25;25;AMEN;;;;0;0;0;;0;0;;;B;;;;0;UN;2026;;;S;WE;0;BRL;;;0;0;UN;UN;0;0;;
CDFL;4500147694;;;20;0;0;802158;FITA ISOL ELET 19MMX20M 0,19MM BR;101;EM Entrada mercador.;180035114;1003818;5000254412;2;03/03/2026;09/03/2026;09/03/2026;09:41:07;25;1.336,00;CUST;ESTOQUE_AME;MDCOSTA;;;;;;;;;25;UN;CDFL - CD FLORES;;0;25;25;AMEN;;;;0;0;0;;0;0;;;B;;;;0;UN;2026;;;S;WE;0;BRL;;;0;0;UN;UN;0;0;;
CDFL;4500138085;;;20;0;0;802158;FITA ISOL ELET 19MMX20M 0,19MM BR;101;EM Entrada mercador.;180034103;1003818;5000242107;2;09/12/2025;16/12/2025;16/12/2025;08:33:55;10;534,4;CUST;ESTOQUE_AME;MDCOSTA;;;;;;;;;10;UN;CDFL - CD FLORES;;0;10;10;AMEN;;;;0;0;0;;0;0;;;B;;;;0;UN;2025;;;S;WE;0;BRL;;;0;0;UN;UN;0;0;;
CDFL;4500121215;;;20;0;0;802158;FITA ISOL ELET 19MMX20M 0,19MM BR;101;EM Entrada mercador.;180032473;1003818;5000221767;2;20/08/2025;27/08/2025;27/08/2025;09:42:21;60;3.206,40;CUST;ESTOQUE_AME;MDCOSTA;;;;;;;;;60;UN;CDFL - CD FLORES;;0;60;60;AMEN;;;;0;0;0;;0;0;;;B;;;;0;UN;2025;;;S;WE;0;BRL;;;0;0;UN;UN;0;0;;
CDFL;4500126154;;;20;0;0;802159;TINTA ESM SINTE VERM SECAGEM RAP 3,6L;101;EM Entrada mercador.;180032387;1008101;5000220847;2;16/08/2025;21/08/2025;21/08/2025;14:50:00;5;1.037,00;CUST;ESTOQUE_AME;MDCOSTA;;;;;;;;;5;UN;CDFL - CD FLORES;;0;5;5;AMEN;;;;0;0;0;;0;0;;;B;;;;0;UN;2025;;;S;WE;0;BRL;;;0;0;UN;UN;0;0;;
CDFL;4500126153;;;80;0;0;802163;TRINCHA CERDA NR2;101;EM Entrada mercador.;180032469;1003515;5000221748;4;21/08/2025;27/08/2025;27/08/2025;08:49:29;40;232;CUST;ESTOQUE_AME;MDCOSTA;;;;;;;;;40;UN;CDFL - CD FLORES;;0;40;40;AMEN;;;;0;0;0;;0;0;;;B;;;;0;UN;2025;;;S;WE;0;BRL;;;0;0;UN;UN;46,4;0;;
CDFL;4500150232;;;20;0;0;802178;MARCADOR IND PLAS 60ML MET ESF 3MM AM;101;EM Entrada mercador.;180035463;1008610;5000257805;2;27/03/2026;02/04/2026;02/04/2026;08:39:37;48;907,2;CUST;ESTOQUE_AME;MDCOSTA;;;;;;;;;48;UN;CDFL - CD FLORES;;0;48;48;AMEN;;;;0;0;0;;0;0;;;B;;;;0;UN;2026;;;S;WE;0;BRL;;;0;0;UN;UN;181,44;0;;
CDFL;4500152526;;;10;0;0;802205;LAMPADA LED BULBO;101;EM Entrada mercador.;180036182;1003818;5000266372;1;22/04/2026;28/05/2026;28/05/2026;14:52:48;80; R$ 163,20 ;CUST;ESTOQUE_AME;LPEIXOTO;;;;;;;;;80;UN;CDFL - CD FLORES;;0;80;80;AMEN;;;;0;0;0;;0;0;;;B;;;;0;UN;2026;;;S;WE;0;BRL;;;0;0;UN;UN;0;0;;
CDFL;4500141542;;;30;0;0;802229;CHAVE COMBINADA CATRACA 27MM;101;EM Entrada mercador.;180034315;1008610;5000244301;3;22/12/2025;30/12/2025;30/12/2025;08:49:24;1;149,03;CUST;ESTOQUE_AME;MDCOSTA;;;;;;;;;1;UN;CDFL - CD FLORES;;0;1;1;AMEN;;;;0;0;0;;0;0;;;B;;;;0;UN;2025;;;S;WE;0;BRL;;;0;0;UN;UN;29,8;0;;
CDFL;4500126537;;;10;0;0;802238;CABO  MULT 3X120+1X120MM² XLPE 0,6/1 KV;101;EM Entrada mercador.;180032647;1003949;5000223603;1;01/09/2025;09/09/2025;09/09/2025;10:30:30;570;31.236,00;CUST;ESTOQUE_AME;MDCOSTA;;;;;;;;;570;M;CDFL - CD FLORES;;0;570;570;AMEN;;;;0;0;0;;0;0;;;B;;;;0;M;2025;;;S;WE;0;BRL;;;0;0;M;M;2.186,52;0;;
CDFL;4500126537;;;10;0;0;802238;CABO  MULT 3X120+1X120MM² XLPE 0,6/1 KV;101;EM Entrada mercador.;180032538;1003949;5000222483;1;26/08/2025;01/09/2025;01/09/2025;08:55:03;780;42.744,00;CUST;ESTOQUE_AME;MDCOSTA;;;;;;;;;780;M;CDFL - CD FLORES;;0;780;780;AMEN;;;;0;0;0;;0;0;;;B;;;;0;M;2025;;;S;WE;0;BRL;;;0;0;M;M;2.992,08;0;;
CDFL;4500126537;;;10;0;0;802238;CABO  MULT 3X120+1X120MM² XLPE 0,6/1 KV;101;EM Entrada mercador.;180032494;1003949;5000221915;1;22/08/2025;27/08/2025;27/08/2025;14:41:36;650;35.620,00;CUST;ESTOQUE_AME;MDCOSTA;;;;;;;;;650;M;CDFL - CD FLORES;;0;650;650;AMEN;;;;0;0;0;;0;0;;;B;;;;0;M;2025;;;S;WE;0;BRL;;;0;0;M;M;2.493,40;0;;
CDFL;4500118915;;;70;0;0;802238;CABO  MULT 3X120+1X120MM² XLPE 0,6/1 KV;101;EM Entrada mercador.;180032199;1003949;5000218977;1;07/08/2025;12/08/2025;12/08/2025;08:17:07;4.237;232.187,60;CUST;ESTOQUE_AME;MDCOSTA;;;;;;;;;4.237;M;CDFL - CD FLORES;;0;4.237;4.237;AMEN;;;;0;0;0;;0;0;;;B;;;;0;M;2025;;;S;WE;0;BRL;;;0;0;M;M;16.253,13;0;;
CDFL;4500117541;;;30;0;0;802246;CONECTOR PERF 50-185MM2 15KV COM ESTRIBO;101;EM Entrada mercador.;180031966;1009609;5000217014;2;17/07/2025;29/07/2025;29/07/2025;09:57:31;300;48.633,60;CUST;ESTOQUE_AME;MDCOSTA;;;;;;;;;300;UN;CDFL - CD FLORES;;0;300;300;AMEN;;;;0;0;0;;0;0;;;B;;;;0;UN;2025;;;S;WE;0;BRL;;;0;0;UN;UN;5.364,00;3.933,60;;
CDFL;4500145786;;;30;0;0;802249;CONECTOR CHAVE SEC 1P FACA CU 10-300MM2;101;EM Entrada mercador.;180035967;1003799;5000264200;1;10/04/2026;15/05/2026;15/05/2026;11:33:25;500; R$ 107.201,95 ;CUST;ESTOQUE_AME;LPEIXOTO;;;;;;;;;500;UN;CDFL - CD FLORES;;0;500;500;AMEN;;;;0;0;0;;0;0;;;B;;;;0;UN;2026;;;S;WE;0;BRL;;;0;0;UN;UN;6.519,10;14.071,94;;
CDFL;4500145786;;;30;0;0;802249;CONECTOR CHAVE SEC 1P FACA CU 10-300MM2;101;EM Entrada mercador.;180035769;1003799;5000261795;3;18/03/2026;30/04/2026;30/04/2026;08:16:39;500;107.201,95;CUST;ESTOQUE_AME;MDCOSTA;;;;;;;;;500;UN;CDFL - CD FLORES;;0;500;500;AMEN;;;;0;0;0;;0;0;;;B;;;;0;UN;2026;;;S;WE;0;BRL;;;0;0;UN;UN;6.519,10;14.071,94;;
CDFL;4500117039;;;20;0;0;802249;CONECTOR CHAVE SEC 1P FACA CU 10-300MM2;101;EM Entrada mercador.;180032189;1003799;5000218933;2;02/07/2025;11/08/2025;11/08/2025;15:42:57;1.860;398.791,23;CUST;ESTOQUE_AME;MDCOSTA;;;;;;;;;1.860;UN;CDFL - CD FLORES;;0;1.860;1.860;AMEN;;;;0;0;0;;0;0;;;B;;;;0;UN;2025;;;S;WE;0;BRL;;;0;0;UN;UN;24.251,05;52.347,63;;
CDFL;4500116511;;;30;0;0;802249;CONECTOR CHAVE SEC 1P FACA CU 10-300MM2;101;EM Entrada mercador.;180031881;1003799;5000216750;3;23/06/2025;24/07/2025;24/07/2025;10:57:10;4.900;1.050.579,04;CUST;ESTOQUE_AME;MDCOSTA;;;;;;;;;4.900;UN;CDFL - CD FLORES;;0;4.900;4.900;AMEN;;;;0;0;0;;0;0;;;B;;;;0;UN;2025;;;S;WE;0;BRL;;;0;0;UN;UN;63.887,18;137.905,04;;
CDFL;4500143335;;;40;0;0;802303;BRAÇO SUPORTE TIPO L HORIZONTAL  15 KV;101;EM Entrada mercador.;180035528;1007262;5000259162;4;19/03/2026;09/04/2026;09/04/2026;16:22:45;31;3.829,14;CUST;ESTOQUE_AME;LPEIXOTO;;;;;;;;;31;UN;CDFL - CD FLORES;;0;31;31;AMEN;;;;0;0;0;;0;0;;;B;;;;0;UN;2026;;;S;WE;0;BRL;;;0;0;UN;UN;422,33;309,71;;
CDFL;4500113303;;;70;0;0;802303;BRAÇO SUPORTE TIPO L HORIZONTAL  15 KV;101;EM Entrada mercador.;180031691;1007262;5000214519;7;23/06/2025;11/07/2025;11/07/2025;10:22:08;33;4.076,18;CUST;ESTOQUE_AME;MDCOSTA;;;;;;;;;33;UN;CDFL - CD FLORES;;0;33;33;AMEN;;;;0;0;0;;0;0;;;B;;;;0;UN;2025;;;S;WE;0;BRL;;;0;0;UN;UN;449,58;329,69;;
CDFL;4500146591;;;100;0;0;802405;ALCA PREFORM 6,4MM 1/4P AM 635MM;101;EM Entrada mercador.;180035754;1007593;5000261750;10;29/04/2026;29/04/2026;29/04/2026;10:04:41;4.209;21.802,40;CUST;ESTOQUE_AME;MDCOSTA;;;;;;;;;4.209;UN;CDFL - CD FLORES;;0;4.209;4.209;AMEN;;;;0;0;0;;0;0;;;B;;;;0;UN;2026;;;S;WE;0;BRL;;;0;0;UN;UN;1.325,83;2.861,91;;
CDFL;4500148096;;;70;0;0;802405;ALCA PREFORM 6,4MM 1/4P AM 635MM;101;EM Entrada mercador.;180035692;1013808;5000261382;6;23/04/2026;23/04/2026;23/04/2026;09:52:33;85;606,63;CUST;ESTOQUE_AME;MDCOSTA;;;;;;;;;85;UN;CDFL - CD FLORES;;0;85;85;AMEN;;;;0;0;0;;0;0;;;B;;;;0;UN;2026;;;S;WE;0;BRL;;;0;0;UN;UN;36,89;79,63;;
CDFL;4500150222;;;20;0;0;802464;CLIPE ACO NIQ N 4/0 CX 50UN;101;EM Entrada mercador.;180035472;1003813;5000257866;2;27/03/2026;02/04/2026;02/04/2026;11:44:29;20;88;CUST;ESTOQUE_AME;MDCOSTA;;;;;;;;;20;UN;CDFL - CD FLORES;;0;20;20;AMEN;;;;0;0;0;;0;0;;;B;;;;0;UN;2026;;;S;WE;0;BRL;;;0;0;UN;UN;17,6;0;;
CDFL;4500117097;;;140;0;0;802539;ESTILETE LARG 8MM;101;EM Entrada mercador.;180032903;1003763;5000227623;12;12/08/2025;23/09/2025;23/09/2025;09:11:07;25;321,24;CUST;ESTOQUE_AME;MDCOSTA;;;;;;;;;25;UN;CDFL - CD FLORES;;0;25;25;AMEN;;;;0;0;0;;0;0;;;B;;;;0;UN;2025;;;S;WE;0;BRL;;;0;0;UN;UN;10,78;51,75;;
CDFL;4500150379;;;10;0;0;802911;SACO P/LIMPEZA ALG 80X55CM;101;EM Entrada mercador.;180035516;1027680;5000260412;1;07/04/2026;16/04/2026;16/04/2026;14:39:06;1.050;5.187,00;CUST;ESTOQUE_AME;LPEIXOTO;;;;;;;;;1.050;UN;CDFL - CD FLORES;;0;1.050;1.050;AMEN;;;;0;0;0;;0;0;;;B;;;;0;UN;2026;;;S;WE;0;BRL;;;0;0;UN;UN;0;0;;
CDFL;4500141866;;;10;0;0;802911;SACO P/LIMPEZA ALG 80X55CM;101;EM Entrada mercador.;180034338;1008610;5000244365;1;23/12/2025;31/12/2025;31/12/2025;08:09:41;200;2.198,00;CUST;ESTOQUE_AME;MDCOSTA;;;;;;;;;200;UN;CDFL - CD FLORES;;0;200;200;AMEN;;;;0;0;0;;0;0;;;B;;;;0;UN;2025;;;S;WE;0;BRL;;;0;0;UN;UN;439,6;0;;
CDFL;4500128751;;;10;0;0;802944;LUVA ALGODAO M;101;EM Entrada mercador.;180032563;1003818;5000222670;1;01/09/2025;02/09/2025;02/09/2025;09:28:17;300;765;CUST;ESTOQUE_AME;MDCOSTA;;;;;;;;;300;UN;CDFL - CD FLORES;;0;300;300;AMEN;;;;0;0;0;;0;0;A903030100;;B;;;;0;UN;2025;;;S;WE;0;BRL;;;0;0;UN;UN;53,55;0;;
CDFL;4500135763;;;10;0;0;803069;MUFLA TERMINAL POLIM 8,7/15KV 120-300MM2;101;EM Entrada mercador.;180033768;1003818;5000236343;1;06/11/2025;17/11/2025;17/11/2025;11:43:06;6;2.121,12;CUST;ESTOQUE_AME;MDCOSTA;;;;;;;;;6;UN;CDFL - CD FLORES;;0;6;6;AMEN;;;;0;0;0;;0;0;;;B;;;;0;UN;2025;;;S;WE;0;BRL;;;0;0;UN;UN;0;0;;
CDFL;4500150370;;;10;0;0;803076;DESENGRAXANTE LIQUI CONCENTRADO 5L;101;EM Entrada mercador.;180035583;1010988;5000259934;1;07/04/2026;14/04/2026;14/04/2026;13:40:35;115;3.585,70;CUST;ESTOQUE_AME;LPEIXOTO;;;;;;;;;115;UN;CDFL - CD FLORES;;0;115;115;AMEN;;;;0;0;0;;0;0;;;B;;;;0;UN;2026;;;S;WE;0;BRL;;;0;0;UN;UN;251;0;;
CDFL;4500121243;;;10;0;0;803076;DESENGRAXANTE LIQUI CONCENTRADO 5L;101;EM Entrada mercador.;180031574;1010988;5000212324;1;26/06/2025;02/07/2025;02/07/2025;08:24:45;110;3.429,80;CUST;ESTOQUE_AME;MDCOSTA;;;;;;;;;110;UN;CDFL - CD FLORES;;0;110;110;AMEN;;;;0;0;0;;0;0;;;B;;;;0;UN;2025;;;S;WE;0;BRL;;;0;0;UN;UN;240,09;0;;
CDFL;4500126153;;;70;0;0;803080;TINTA ESM SINTE AMARELO SEC RAP 3,6L;101;EM Entrada mercador.;180032469;1003515;5000221748;8;21/08/2025;27/08/2025;27/08/2025;08:49:29;10;1.349,00;CUST;ESTOQUE_AME;MDCOSTA;;;;;;;;;10;UN;CDFL - CD FLORES;;0;10;10;AMEN;;;;0;0;0;;0;0;;;B;;;;0;UN;2025;;;S;WE;0;BRL;;;0;0;UN;UN;0;0;;
CDFL;4500126153;;;20;0;0;803083;DISSOLVENTE THINNER 5L;101;EM Entrada mercador.;180032469;1003515;5000221748;1;21/08/2025;27/08/2025;27/08/2025;08:49:29;155;9.765,00;CUST;ESTOQUE_AME;MDCOSTA;;;;;;;;;155;UN;CDFL - CD FLORES;;0;155;155;AMEN;;;;0;0;0;;0;0;;;B;;;;0;UN;2025;;;S;WE;0;BRL;;;0;0;UN;UN;1.953,00;0;;
CDFL;4500126153;;;40;0;0;803084;ROLO PINTURA PELO DE CARNEIRO  150MM;101;EM Entrada mercador.;180032469;1003515;5000221748;3;21/08/2025;27/08/2025;27/08/2025;08:49:29;10;159,6;CUST;ESTOQUE_AME;MDCOSTA;;;;;;;;;10;UN;CDFL - CD FLORES;;0;10;10;AMEN;;;;0;0;0;;0;0;;;B;;;;0;UN;2025;;;S;WE;0;BRL;;;0;0;UN;UN;31,92;0;;
CDFL;4500126153;;;30;0;0;803085;ROLO PINTURA PELO CARNEIRO 90MM C/ CABO;101;EM Entrada mercador.;180032469;1003515;5000221748;2;21/08/2025;27/08/2025;27/08/2025;08:49:29;40;474,4;CUST;ESTOQUE_AME;MDCOSTA;;;;;;;;;40;UN;CDFL - CD FLORES;;0;40;40;AMEN;;;;0;0;0;;0;0;;;B;;;;0;UN;2025;;;S;WE;0;BRL;;;0;0;UN;UN;94,88;0;;
CDFL;4500126153;;;90;0;0;803086;TRINCHA COM CERDAS DE NYLON TAMANHO 3;101;EM Entrada mercador.;180032469;1003515;5000221748;5;21/08/2025;27/08/2025;27/08/2025;08:49:29;20;228,4;CUST;ESTOQUE_AME;MDCOSTA;;;;;;;;;20;UN;CDFL - CD FLORES;;0;20;20;AMEN;;;;0;0;0;;0;0;;;B;;;;0;UN;2025;;;S;WE;0;BRL;;;0;0;UN;UN;45,68;0;;
CDFL;4500143335;;;170;0;0;803100;SUPORTE AFAST HORIZ C/PRENSA REDE 15KV;101;EM Entrada mercador.;180035527;1007262;5000259159;8;19/03/2026;09/04/2026;09/04/2026;16:15:00;26;8.585,97;CUST;ESTOQUE_AME;LPEIXOTO;;;;;;;;;26;UN;CDFL - CD FLORES;;0;26;26;AMEN;;;;0;0;0;;0;0;;;B;;;;0;UN;2026;;;S;WE;0;BRL;;;0;0;UN;UN;946,98;694,45;;
CDFL;4500114558;;;40;0;0;803100;SUPORTE AFAST HORIZ C/PRENSA REDE 15KV;101;EM Entrada mercador.;180031692;1007262;5000214521;3;23/06/2025;11/07/2025;11/07/2025;10:26:24;44;14.530,11;CUST;ESTOQUE_AME;MDCOSTA;;;;;;;;;44;UN;CDFL - CD FLORES;;0;44;44;AMEN;;;;0;0;0;;0;0;;;B;;;;0;UN;2025;;;S;WE;0;BRL;;;0;0;UN;UN;1.602,59;1.175,23;;
CDFL;4500141563;;;20;0;0;803123;LAMINA SERRA ACO RAP 300X13MM 0,65MM 24D;101;EM Entrada mercador.;180034573;1007229;5000248079;3;22/12/2025;28/01/2026;28/01/2026;15:38:49;190;1.683,40;CUST;ESTOQUE_AME;MDCOSTA;;;;;;;;;190;UN;CDFL - CD FLORES;;0;190;190;AMEN;;;;0;0;0;;0;0;;;B;;;;0;UN;2026;;;S;WE;0;BRL;;;0;0;UN;UN;336,68;0;;
CDFL;4500147685;;;30;0;0;803129;ABRACADEIRA NYLON 5MMX300MM;101;EM Entrada mercador.;180035119;1012974;5000254428;3;09/03/2026;09/03/2026;09/03/2026;10:15:32;400;165,76;CUST;ESTOQUE_AME;MDCOSTA;;;;;;;;;400;UN;CDFL - CD FLORES;;0;400;400;AMEN;;;;0;0;0;;0;0;;;B;;;;0;UN;2026;;;S;WE;0;BRL;;;0;0;UN;UN;10,08;21,76;;
CDFL;4500140317;;;20;0;0;803129;ABRACADEIRA NYLON 5MMX300MM;101;EM Entrada mercador.;180034507;1012974;5000247503;2;16/12/2025;23/01/2026;23/01/2026;11:35:22;100;41,44;CUST;ESTOQUE_AME;MDCOSTA;;;;;;;;;100;UN;CDFL - CD FLORES;;0;100;100;AMEN;;;;0;0;0;;0;0;;;B;;;;0;UN;2026;;;S;WE;0;BRL;;;0;0;UN;UN;2,52;5,44;;
CDFL;4500153496;;;40;0;0;803159;CABO ELET ISOL 1X1,5MM2 CU VD 750V;101;EM Entrada mercador.;180036260;1003949;5000266707;1;25/05/2026;02/06/2026;02/06/2026;09:35:02;500;830;CUST;ESTOQUE_AME;MDCOSTA;;;;;;;;;500;M;CDFL - CD FLORES;;0;500;500;AMEN;;;;0;0;0;;0;0;;;B;;;;0;M;2026;;;S;WE;0;BRL;;;0;0;M;M;58,1;0;;
CDFL;4500144973;;;30;0;0;803344;CONECTOR PERFUR 50-185MM MED TENSAO 15KV;101;EM Entrada mercador.;180035607;1020062;5000260115;2;30/03/2026;15/04/2026;15/04/2026;12:42:34;1.326;124.071,17;CUST;ESTOQUE_AME;LPEIXOTO;;;;;;;;;1.326;UN;CDFL - CD FLORES;;0;1.326;1.326;AMEN;;;;0;0;0;;0;0;;;B;;;;0;UN;2026;;;S;WE;0;BRL;;;0;0;UN;UN;13.684,32;10.035,17;;
CDFL;4500144973;;;30;0;0;803344;CONECTOR PERFUR 50-185MM MED TENSAO 15KV;101;EM Entrada mercador.;180035606;1020062;5000260114;1;30/03/2026;15/04/2026;15/04/2026;12:37:56;1.440;134.737,92;CUST;ESTOQUE_AME;LPEIXOTO;;;;;;;;;1.440;UN;CDFL - CD FLORES;;0;1.440;1.440;AMEN;;;;0;0;0;;0;0;;;B;;;;0;UN;2026;;;S;WE;0;BRL;;;0;0;UN;UN;14.860,80;10.897,92;;
CDFL;4500144973;;;30;0;0;803344;CONECTOR PERFUR 50-185MM MED TENSAO 15KV;101;EM Entrada mercador.;180035448;1020062;5000257502;1;19/03/2026;31/03/2026;31/03/2026;14:22:53;720;67.368,96;CUST;ESTOQUE_AME;MDCOSTA;;;;;;;;;720;UN;CDFL - CD FLORES;;0;720;720;AMEN;;;;0;0;0;;0;0;;;B;;;;0;UN;2026;;;S;WE;0;BRL;;;0;0;UN;UN;7.430,40;5.448,96;;
CDFL;4500138298;;;30;0;0;803344;CONECTOR PERFUR 50-185MM MED TENSAO 15KV;101;EM Entrada mercador.;180034697;1020062;5000249389;1;30/01/2026;06/02/2026;06/02/2026;08:35:16;514;48.093,95;CUST;ESTOQUE_AME;MDCOSTA;;;;;;;;;514;UN;CDFL - CD FLORES;;0;514;514;AMEN;;;;0;0;0;;0;0;;;B;;;;0;UN;2026;;;S;WE;0;BRL;;;0;0;UN;UN;5.304,48;3.889,95;;
CDFL;4500114160;;;140;0;0;803368;EMENDA PREF COND AL 1/0 AWG 965MM;101;EM Entrada mercador.;180032094;1007593;5000218013;15;03/07/2025;07/08/2025;07/08/2025;11:20:15;77;1.489,06;CUST;ESTOQUE_AME;MDCOSTA;;;;;;;;;77;UN;CDFL - CD FLORES;;0;77;77;AMEN;;;;0;0;0;;0;0;;;B;;;;0;UN;2025;;;S;WE;0;BRL;;;0;0;UN;UN;90,56;195,46;;
CDFL;4500143382;;;30;0;0;803452;ESPACADOR LOSANG CLASSE 15KV C/ GARRAS;101;EM Entrada mercador.;180035469;1007001;5000257861;2;13/03/2026;02/04/2026;02/04/2026;10:57:04;547;12.278,20;CUST;ESTOQUE_AME;MDCOSTA;;;;;;;;;547;UN;CDFL - CD FLORES;;0;547;547;AMEN;;;;0;0;0;;0;0;;;B;;;;0;UN;2026;;;S;WE;0;BRL;;;0;0;UN;UN;746,66;1.611,71;;
CDFL;4500132864;;;10;0;0;803452;ESPACADOR LOSANG CLASSE 15KV C/ GARRAS;101;EM Entrada mercador.;180033684;1007001;5000235531;1;21/10/2025;11/11/2025;11/11/2025;17:41:07;300;6.733,94;CUST;ESTOQUE_AME;MDCOSTA;;;;;;;;;300;UN;CDFL - CD FLORES;;0;300;300;AMEN;;;;0;0;0;;0;0;;;B;;;;0;UN;2025;;;S;WE;0;BRL;;;0;0;UN;UN;409,5;883,94;;
CDFL;4500144462;;;10;0;0;803470;PONTALETE FBV 100MM 6M;101;EM Entrada mercador.;180035117;1003624;5000254419;1;09/03/2026;09/03/2026;09/03/2026;09:53:48;860;296.700,00;CUST;ESTOQUE_AME;MDCOSTA;;;;;;;;;860;UN;CDFL - CD FLORES;;0;860;860;AMEN;;;;0;0;0;;0;0;;;B;;;;0;UN;2026;;;S;WE;0;BRL;;;0;0;UN;UN;23.077,33;0;;
CDFL;4500138763;;;10;0;0;803470;PONTALETE FBV 100MM 6M;101;EM Entrada mercador.;180034569;1003624;5000247965;1;30/12/2025;28/01/2026;28/01/2026;10:42:43;280;96.600,00;CUST;ESTOQUE_AME;MDCOSTA;;;;;;;;;280;UN;CDFL - CD FLORES;;0;280;280;AMEN;;;;0;0;0;;0;0;;;B;;;;0;UN;2026;;;S;WE;0;BRL;;;0;0;UN;UN;6.762,00;0;;
CDFL;4500138763;;;10;0;0;803470;PONTALETE FBV 100MM 6M;101;EM Entrada mercador.;180034567;1003624;5000247864;1;28/01/2026;28/01/2026;28/01/2026;08:54:59;220;75.900,00;CUST;ESTOQUE_AME;MDCOSTA;;;;;;;;;220;UN;CDFL - CD FLORES;;0;220;220;AMEN;;;;0;0;0;;0;0;;;B;;;;0;UN;2026;;;S;WE;0;BRL;;;0;0;UN;UN;5.903,50;0;;
CDFL;4500138470;;;40;0;0;803498;BROCA ACO PARA METAL  8MM2;101;EM Entrada mercador.;180034033;1008610;5000241001;4;05/12/2025;11/12/2025;11/12/2025;09:33:57;5;34,95;CUST;ESTOQUE_AME;MDCOSTA;;;;;;;;;5;UN;CDFL - CD FLORES;;0;5;5;AMEN;;;;0;0;0;;0;0;;;B;;;;0;UN;2025;;;S;WE;0;BRL;;;0;0;UN;UN;0;0;;
CDFL;4500114160;;;20;0;0;803508;EMENDA PRE-FORMADA AL 477MCM HAWK;101;EM Entrada mercador.;180032094;1007593;5000218013;2;03/07/2025;07/08/2025;07/08/2025;11:20:15;16;2.946,82;CUST;ESTOQUE_AME;MDCOSTA;;;;;;;;;16;UN;CDFL - CD FLORES;;0;16;16;AMEN;;;;0;0;0;;0;0;;;B;;;;0;UN;2025;;;S;WE;0;BRL;;;0;0;UN;UN;179,2;386,82;;
CDFL;4500135041;;;10;0;0;803509;CONECTOR PARALELO CABO CAA 477 MCM;101;EM Entrada mercador.;180035617;1010615;5000260184;1;24/03/2026;16/04/2026;16/04/2026;09:05:00;80;7.141,42;CUST;ESTOQUE_AME;LPEIXOTO;;;;;;;;;80;UN;CDFL - CD FLORES;;0;80;80;AMEN;;;;0;0;0;;0;0;;;B;;;;0;UN;2026;;;S;WE;0;BRL;;;0;0;UN;UN;434,28;937,42;;
CDFL;4500135086;;;80;0;0;803535;PARAFUSO OLHAL Æ 19X350MM PORCAS ARRUELA;101;EM Entrada mercador.;180034635;1020749;5000248443;8;16/12/2025;02/02/2026;02/02/2026;10:03:13;50;3.250,00;CUST;ESTOQUE_AME;MDCOSTA;;;;;;;;;50;UN;CDFL - CD FLORES;;0;50;50;AMEN;;;;0;0;0;;0;0;;;B;;;;0;UN;2026;;;S;WE;0;BRL;;;0;0;UN;UN;0;0;;
CDFL;4500117097;;;50;0;0;803537;ALICATE PRENSA TERM AP256 0,25MM À 6,0MM;101;EM Entrada mercador.;180032903;1003763;5000227623;5;12/08/2025;23/09/2025;23/09/2025;09:11:07;5;1.269,08;CUST;ESTOQUE_AME;MDCOSTA;;;;;;;;;5;UN;CDFL - CD FLORES;;0;5;5;AMEN;;;;0;0;0;;0;0;;;B;;;;0;UN;2025;;;S;WE;0;BRL;;;0;0;UN;UN;77,17;166,59;;
CDFL;4500126153;;;50;0;0;803606;FITA CREPE;101;EM Entrada mercador.;180032469;1003515;5000221748;6;21/08/2025;27/08/2025;27/08/2025;08:49:29;60;462;CUST;ESTOQUE_AME;MDCOSTA;;;;;;;;;60;UN;CDFL - CD FLORES;;0;60;60;AMEN;;;;0;0;0;;0;0;;;B;;;;0;UN;2025;;;S;WE;0;BRL;;;0;0;UN;UN;92,4;0;;
CDFL;4500141542;;;20;0;0;803637;BROCA 12MM PARA FERRO;101;EM Entrada mercador.;180034315;1008610;5000244301;2;22/12/2025;30/12/2025;30/12/2025;08:49:24;5;84,85;CUST;ESTOQUE_AME;MDCOSTA;;;;;;;;;5;UN;CDFL - CD FLORES;;0;5;5;AMEN;;;;0;0;0;;0;0;;;B;;;;0;UN;2025;;;S;WE;0;BRL;;;0;0;UN;UN;0;0;;
CDFL;4500127970;;;20;0;0;803647;SOPRADOR TÉRMICO 1800W 220V;101;EM Entrada mercador.;180032480;1021840;5000221814;4;22/08/2025;27/08/2025;27/08/2025;10:29:06;2;975,63;CUST;ESTOQUE_AME;MDCOSTA;;;;;;;;;2;UN;CDFL - CD FLORES;;0;2;2;AMEN;;;;0;0;0;;0;0;;;B;;;;0;UN;2025;;;S;WE;0;BRL;;;0;0;UN;UN;195,13;0;;
CDFL;4500124107;;;90;0;0;803682;MINICONTACTOR TRIF 3 CONT 2NA+2NF 125VCC;101;EM Entrada mercador.;180032664;1003818;5000224157;3;25/08/2025;10/09/2025;10/09/2025;10:10:17;20;3.950,00;CUST;ESTOQUE_AME;MDCOSTA;;;;;;;;;20;UN;CDFL - CD FLORES;;0;20;20;AMEN;;;;0;0;0;;0;0;;;B;;;;0;UN;2025;;;S;WE;0;BRL;;;0;0;UN;UN;0;0;;
CDFL;4500118885;;;250;0;0;803747;CABECOTE PARA MANOBRA DE CHAVES;101;EM Entrada mercador.;180032871;1014457;5000227225;3;04/09/2025;22/09/2025;22/09/2025;08:03:35;15;1.200,01;CUST;ESTOQUE_AME;MDCOSTA;;;;;;;;;15;UN;CDFL - CD FLORES;;0;15;15;AMEN;;;;0;0;0;;0;0;;;B;;;;0;UN;2025;;;S;WE;0;BRL;;;0;0;UN;UN;72,98;157,52;;
CDFL;4500126154;;;30;0;0;803748;DILUENTE ORGANICO COMPOSTO P/ EQUIP 5L;101;EM Entrada mercador.;180032387;1008101;5000220847;3;16/08/2025;21/08/2025;21/08/2025;14:50:00;3;519,6;CUST;ESTOQUE_AME;MDCOSTA;;;;;;;;;3;UN;CDFL - CD FLORES;;0;3;3;AMEN;;;;0;0;0;;0;0;;;B;;;;0;UN;2025;;;S;WE;0;BRL;;;0;0;UN;UN;103,92;0;;
CDFL;4500126154;;;10;0;0;803749;TINTA DIELETRICA CVP P/ EQUIPAMENTOS;101;EM Entrada mercador.;180032387;1008101;5000220847;1;16/08/2025;21/08/2025;21/08/2025;14:50:00;3;685,23;CUST;ESTOQUE_AME;MDCOSTA;;;;;;;;;3;UN;CDFL - CD FLORES;;0;3;3;AMEN;;;;0;0;0;;0;0;;;B;;;;0;UN;2025;;;S;WE;0;BRL;;;0;0;UN;UN;0;0;;
CDFL;4500150388;;;220;0;0;803770;CABO ELET ISOL 1,5MM2 CINZA;101;EM Entrada mercador.;180035936;1003949;5000263354;8;05/05/2026;13/05/2026;13/05/2026;14:35:54;500; R$ 830,00 ;CUST;ESTOQUE_AME;MDCOSTA;;;;;;;;;500;M;CDFL - CD FLORES;;0;500;500;AMEN;;;;0;0;0;;0;0;;;B;;;;0;M;2026;;;S;WE;0;BRL;;;0;0;M;M;58,1;0;;
CDFL;4500130309;;;10;0;0;803800;CABO ELET FLEX 2X1,5MM2 0,6/1KV;101;EM Entrada mercador.;180033720;1003949;5000235856;1;04/11/2025;13/11/2025;13/11/2025;11:32:45;1.000;3.230,00;CUST;ESTOQUE_AME;MDCOSTA;;;;;;;;;1.000;M;CDFL - CD FLORES;;0;1.000;1.000;AMEN;;;;0;0;0;;0;0;;;B;;;;0;M;2025;;;S;WE;0;BRL;;;0;0;M;M;226,1;0;;
CDFL;4500125460;;;20;0;0;803807;ALICATE CORTA CABOS PAR SERVIÇOS PESADOS;101;EM Entrada mercador.;180032890;1003818;5000227504;2;08/09/2025;22/09/2025;22/09/2025;16:12:20;2;267,72;CUST;ESTOQUE_AME;MDCOSTA;;;;;;;;;2;UN;CDFL - CD FLORES;;0;2;2;AMEN;;;;0;0;0;;0;0;;;B;;;;0;UN;2025;;;S;WE;0;BRL;;;0;0;UN;UN;0;0;;
CDFL;4500117112;;;10;0;0;803809;ALICATE DE BICO MEIA CANA 6 POLEGADAS;101;EM Entrada mercador.;180031660;1024877;5000214050;1;30/05/2025;09/07/2025;09/07/2025;10:25:20;5;337,84;CUST;ESTOQUE_AME;MDCOSTA;;;;;;;;;5;UN;CDFL - CD FLORES;;0;5;5;AMEN;;;;0;0;0;;0;0;;;B;;;;0;UN;2025;;;S;WE;0;BRL;;;0;0;UN;UN;20,55;44,35;;
CDFL;4500125460;;;40;0;0;803810;ALICATE DE CORTE DIAGONAL 6;101;EM Entrada mercador.;180032890;1003818;5000227504;3;08/09/2025;22/09/2025;22/09/2025;16:12:20;17;624,24;CUST;ESTOQUE_AME;MDCOSTA;;;;;;;;;17;UN;CDFL - CD FLORES;;0;17;17;AMEN;;;;0;0;0;;0;0;;;B;;;;0;UN;2025;;;S;WE;0;BRL;;;0;0;UN;UN;0;0;;
CDFL;4500117097;;;30;0;0;803812;ALICATE DE PRESSÃO 10 250MM;101;EM Entrada mercador.;180032903;1003763;5000227623;3;12/08/2025;23/09/2025;23/09/2025;09:11:07;4;212,08;CUST;ESTOQUE_AME;MDCOSTA;;;;;;;;;4;UN;CDFL - CD FLORES;;0;4;4;AMEN;;;;0;0;0;;0;0;;;B;;;;0;UN;2025;;;S;WE;0;BRL;;;0;0;UN;UN;12,9;27,84;;
CDFL;4500117097;;;40;0;0;803813;ALICATE DESENCAPADOR DE FIO;101;EM Entrada mercador.;180032903;1003763;5000227623;4;12/08/2025;23/09/2025;23/09/2025;09:11:07;10;1.184,48;CUST;ESTOQUE_AME;MDCOSTA;;;;;;;;;10;UN;CDFL - CD FLORES;;0;10;10;AMEN;;;;0;0;0;;0;0;;;B;;;;0;UN;2025;;;S;WE;0;BRL;;;0;0;UN;UN;72,03;155,48;;
CDFL;4500138869;;;10;0;0;803814;ALICATE UNIVERSAL 8;101;EM Entrada mercador.;180034104;1003818;5000242112;1;11/12/2025;16/12/2025;16/12/2025;08:50:33;28;1.004,36;CUST;ESTOQUE_AME;MDCOSTA;;;;;;;;;28;UN;CDFL - CD FLORES;;0;28;28;AMEN;;;;0;0;0;;0;0;;;B;;;;0;UN;2025;;;S;WE;0;BRL;;;0;0;UN;UN;0;0;;
CDFL;4500123184;;;10;0;0;803815;ARCO DE SERRA ISOLADO P/ 1000V  5.13/16;101;EM Entrada mercador.;180032179;1024877;5000218916;1;11/07/2025;11/08/2025;11/08/2025;15:08:01;79;57.931,35;CUST;ESTOQUE_AME;MDCOSTA;;;;;;;;;79;UN;CDFL - CD FLORES;;0;79;79;AMEN;;;;0;0;0;;0;0;;;B;;;;0;UN;2025;;;S;WE;0;BRL;;;0;0;UN;UN;3.522,89;7.604,40;;
CDFL;4500117112;;;20;0;0;803815;ARCO DE SERRA ISOLADO P/ 1000V  5.13/16;101;EM Entrada mercador.;180031660;1024877;5000214050;2;30/05/2025;09/07/2025;09/07/2025;10:25:20;71;52.064,89;CUST;ESTOQUE_AME;MDCOSTA;;;;;;;;;71;UN;CDFL - CD FLORES;;0;71;71;AMEN;;;;0;0;0;;0;0;;;B;;;;0;UN;2025;;;S;WE;0;BRL;;;0;0;UN;UN;3.166,14;6.834,34;;
CDFL;4500125460;;;60;0;0;803816;BALDE DE LONA PARA IÇAR FERRAMENTAS;101;EM Entrada mercador.;180033064;1003818;5000228892;1;18/09/2025;01/10/2025;01/10/2025;10:22:36;25;2.337,50;CUST;ESTOQUE_AME;MDCOSTA;;;;;;;;;25;UN;CDFL - CD FLORES;;0;25;25;AMEN;;;;0;0;0;;0;0;;;B;;;;0;UN;2025;;;S;WE;0;BRL;;;0;0;UN;UN;467,5;0;;
CDFL;4500117097;;;70;0;0;803818;BOLSA P/FERRAM EM LONA REFOR 500X200X380;101;EM Entrada mercador.;180032903;1003763;5000227623;7;12/08/2025;23/09/2025;23/09/2025;09:11:07;19;2.679,17;CUST;ESTOQUE_AME;MDCOSTA;;;;;;;;;19;UN;CDFL - CD FLORES;;0;19;19;AMEN;;;;0;0;0;;0;0;;;B;;;;0;UN;2025;;;S;WE;0;BRL;;;0;0;UN;UN;162,93;351,68;;
CDFL;4500117097;;;100;0;0;803819;CHAVE CANHÃO 10X245 MM ISOLADA;101;EM Entrada mercador.;180032903;1003763;5000227623;9;12/08/2025;23/09/2025;23/09/2025;09:11:07;5;265,1;CUST;ESTOQUE_AME;MDCOSTA;;;;;;;;;5;UN;CDFL - CD FLORES;;0;5;5;AMEN;;;;0;0;0;;0;0;;;B;;;;0;UN;2025;;;S;WE;0;BRL;;;0;0;UN;UN;16,12;34,8;;
CDFL;4500117097;;;110;0;0;803820;CHAVE CANHÃO 6X245 MM ISOLADA;101;EM Entrada mercador.;180033132;1003763;5000229991;1;26/08/2025;07/10/2025;07/10/2025;08:54:27;5;287,66;CUST;ESTOQUE_AME;MDCOSTA;;;;;;;;;5;UN;CDFL - CD FLORES;;0;5;5;AMEN;;;;0;0;0;;0;0;;;B;;;;0;UN;2025;;;S;WE;0;BRL;;;0;0;UN;UN;17,49;37,76;;
CDFL;4500117097;;;120;0;0;803821;CHAVE DE FENDA 1/8X3 POLEGADAS - 3X75 MM;101;EM Entrada mercador.;180032903;1003763;5000227623;10;12/08/2025;23/09/2025;23/09/2025;09:11:07;5;50,76;CUST;ESTOQUE_AME;MDCOSTA;;;;;;;;;5;UN;CDFL - CD FLORES;;0;5;5;AMEN;;;;0;0;0;;0;0;;;B;;;;0;UN;2025;;;S;WE;0;BRL;;;0;0;UN;UN;3,09;6,66;;
CDFL;4500117112;;;70;0;0;803824;CHAVE FENDA CRUZADA 1/8X3  3X75 MM ISOL;101;EM Entrada mercador.;180031615;1024877;5000213339;4;30/05/2025;04/07/2025;04/07/2025;11:34:16;5;160,35;CUST;ESTOQUE_AME;MDCOSTA;;;;;;;;;5;UN;CDFL - CD FLORES;;0;5;5;AMEN;;;;0;0;0;;0;0;;;B;;;;0;UN;2025;;;S;WE;0;BRL;;;0;0;UN;UN;9,75;21,05;;
CDFL;4500117097;;;130;0;0;803826;DETECTOR TENSÃO SEM CONT 90VCA A 1000VCA;101;EM Entrada mercador.;180032903;1003763;5000227623;11;12/08/2025;23/09/2025;23/09/2025;09:11:07;15;1.174,00;CUST;ESTOQUE_AME;MDCOSTA;;;;;;;;;15;UN;CDFL - CD FLORES;;0;15;15;AMEN;;;;0;0;0;;0;0;;;B;;;;0;UN;2025;;;S;WE;0;BRL;;;0;0;UN;UN;39,39;189,09;;
CDFL;4500117112;;;90;0;0;803827;GUIA PASSA FIO DE PVC ALMA DE AÇO 10M;101;EM Entrada mercador.;180031615;1024877;5000213339;6;30/05/2025;04/07/2025;04/07/2025;11:34:16;4;109,03;CUST;ESTOQUE_AME;MDCOSTA;;;;;;;;;4;UN;CDFL - CD FLORES;;0;4;4;AMEN;;;;0;0;0;;0;0;;;B;;;;0;UN;2025;;;S;WE;0;BRL;;;0;0;UN;UN;6,63;14,31;;
CDFL;4500117112;;;110;0;0;803829;JOGO DE CHAVE COMBINADA 1/4 A 3/4;101;EM Entrada mercador.;180031660;1024877;5000214050;5;30/05/2025;09/07/2025;09/07/2025;10:25:20;3;1.021,80;CUST;ESTOQUE_AME;MDCOSTA;;;;;;;;;3;UN;CDFL - CD FLORES;;0;3;3;AMEN;;;;0;0;0;;0;0;;;B;;;;0;UN;2025;;;S;WE;0;BRL;;;0;0;UN;UN;62,14;134,13;;
CDFL;4500117112;;;100;0;0;803830;JOGO CHAVES SOQUETE ESTRIADA COM 18 PÇS;101;EM Entrada mercador.;180031660;1024877;5000214050;4;30/05/2025;09/07/2025;09/07/2025;10:25:20;12;9.648,33;CUST;ESTOQUE_AME;MDCOSTA;;;;;;;;;12;UN;CDFL - CD FLORES;;0;12;12;AMEN;;;;0;0;0;;0;0;;;B;;;;0;UN;2025;;;S;WE;0;BRL;;;0;0;UN;UN;323,77;1.554,09;;
CDFL;4500117112;;;120;0;0;803832;LÂMPADA DE EMERGÊNCIA  LED;101;EM Entrada mercador.;180031613;1024877;5000213338;1;30/05/2025;04/07/2025;04/07/2025;11:27:07;5;101,2;CUST;ESTOQUE_AME;MDCOSTA;;;;;;;;;5;UN;CDFL - CD FLORES;;0;5;5;AMEN;;;;0;0;0;;0;0;;;B;;;;0;UN;2025;;;S;WE;0;BRL;;;0;0;UN;UN;3,4;16,3;;
CDFL;4500117112;;;140;0;0;803833;LANTERNA PARA CAPACETE;101;EM Entrada mercador.;180031615;1024877;5000213339;8;30/05/2025;04/07/2025;04/07/2025;11:34:16;6;517,66;CUST;ESTOQUE_AME;MDCOSTA;;;;;;;;;6;UN;CDFL - CD FLORES;;0;6;6;AMEN;;;;0;0;0;;0;0;;;B;;;;0;UN;2025;;;S;WE;0;BRL;;;0;0;UN;UN;17,37;83,38;;
CDFL;4500117112;;;150;0;0;803834;MARRETA 1.5 KG;101;EM Entrada mercador.;180031660;1024877;5000214050;6;30/05/2025;09/07/2025;09/07/2025;10:25:20;1;93,87;CUST;ESTOQUE_AME;MDCOSTA;;;;;;;;;1;UN;CDFL - CD FLORES;;0;1;1;AMEN;;;;0;0;0;;0;0;;;B;;;;0;UN;2025;;;S;WE;0;BRL;;;0;0;UN;UN;5,71;12,32;;
CDFL;4500117112;;;150;0;0;803834;MARRETA 1.5 KG;101;EM Entrada mercador.;180031616;1024877;5000213342;1;02/06/2025;04/07/2025;04/07/2025;11:37:08;3;281,62;CUST;ESTOQUE_AME;MDCOSTA;;;;;;;;;3;UN;CDFL - CD FLORES;;0;3;3;AMEN;;;;0;0;0;;0;0;;;B;;;;0;UN;2025;;;S;WE;0;BRL;;;0;0;UN;UN;17,13;36,97;;
CDFL;4500117112;;;160;0;0;803835;PE DE CABRA;101;EM Entrada mercador.;180031615;1024877;5000213339;9;30/05/2025;04/07/2025;04/07/2025;11:34:16;3;191,32;CUST;ESTOQUE_AME;MDCOSTA;;;;;;;;;3;UN;CDFL - CD FLORES;;0;3;3;AMEN;;;;0;0;0;;0;0;;;B;;;;0;UN;2025;;;S;WE;0;BRL;;;0;0;UN;UN;6,42;30,82;;
CDFL;4500125460;;;30;0;0;803836;TALHADEIRA SEXTAVADA 3/4 X 10;101;EM Entrada mercador.;180032890;1003818;5000227504;6;08/09/2025;22/09/2025;22/09/2025;16:12:20;3;126,88;CUST;ESTOQUE_AME;MDCOSTA;;;;;;;;;3;UN;CDFL - CD FLORES;;0;3;3;AMEN;;;;0;0;0;;0;0;;;B;;;;0;UN;2025;;;S;WE;0;BRL;;;0;0;UN;UN;25,37;0;;
CDFL;4500117097;;;80;0;0;803839;CHAVE AJUSTÁVEL 10 ISOLADA 1000V 254MM;101;EM Entrada mercador.;180032903;1003763;5000227623;8;12/08/2025;23/09/2025;23/09/2025;09:11:07;5;366,61;CUST;ESTOQUE_AME;MDCOSTA;;;;;;;;;5;UN;CDFL - CD FLORES;;0;5;5;AMEN;;;;0;0;0;;0;0;;;B;;;;0;UN;2025;;;S;WE;0;BRL;;;0;0;UN;UN;22,29;48,12;;
CDFL;4500117112;;;30;0;0;803840;CHAVE AJUSTÁVEL 8 ISOLADA 1000V 203MM;101;EM Entrada mercador.;180031660;1024877;5000214050;3;30/05/2025;09/07/2025;09/07/2025;10:25:20;17;6.313,65;CUST;ESTOQUE_AME;MDCOSTA;;;;;;;;;17;UN;CDFL - CD FLORES;;0;17;17;AMEN;;;;0;0;0;;0;0;;;B;;;;0;UN;2025;;;S;WE;0;BRL;;;0;0;UN;UN;383,94;828,77;;
CDFL;4500124107;;;20;0;0;803871;CONTATOR TRIPOLAR 25A 1NA+1NF 220VCA;101;EM Entrada mercador.;180032293;1003818;5000219333;2;28/07/2025;15/08/2025;15/08/2025;08:32:17;20;4.746,40;CUST;ESTOQUE_AME;MDCOSTA;;;;;;;;;20;UN;CDFL - CD FLORES;;0;20;20;AMEN;;;;0;0;0;;0;0;;;B;;;;0;UN;2025;;;S;WE;0;BRL;;;0;0;UN;UN;0;0;;
CDFL;4500124107;;;80;0;0;803872;BLOCO CONTATO AUX LAT 1NA+1NF ACBS-11;101;EM Entrada mercador.;180032293;1003818;5000219333;7;28/07/2025;15/08/2025;15/08/2025;08:32:17;10;491,7;CUST;ESTOQUE_AME;MDCOSTA;;;;;;;;;10;UN;CDFL - CD FLORES;;0;10;10;AMEN;;;;0;0;0;;0;0;;;B;;;;0;UN;2025;;;S;WE;0;BRL;;;0;0;UN;UN;0;0;;
CDFL;4500147515;;;10;0;0;803907;CABO DE AÇO REVESTIDOS DE COBRE 35MM²;101;EM Entrada mercador.;180035839;1009609;5000262667;1;24/03/2026;07/05/2026;07/05/2026;08:27:48;2.000; R$ 190.944,00 ;CUST;ESTOQUE_AME;LPEIXOTO;;;;;;;;;2.000;KG;CDFL - CD FLORES;;0;2.000;2.000;AMEN;;;;0;0;0;;0;0;;;B;;;;0;KG;2026;;;S;WE;0;BRL;;;0;0;KG;KG;21.060,00;15.444,00;;
CDFL;4500135586;;;10;0;0;803907;CABO DE AÇO REVESTIDOS DE COBRE 35MM²;101;EM Entrada mercador.;180034525;1009609;5000247771;1;27/11/2025;26/01/2026;26/01/2026;14:18:54;3.000;286.416,00;CUST;ESTOQUE_AME;MDCOSTA;;;;;;;;;3.000;KG;CDFL - CD FLORES;;0;3.000;3.000;AMEN;;;;0;0;0;;0;0;;;B;;;;0;KG;2026;;;S;WE;0;BRL;;;0;0;KG;KG;31.590,00;23.166,00;;
CDFL;4500117542;;;10;0;0;803907;CABO DE AÇO REVESTIDOS DE COBRE 35MM²;101;EM Entrada mercador.;180031907;1009609;5000216798;1;26/06/2025;25/07/2025;25/07/2025;09:17:21;2.050;195.717,60;CUST;ESTOQUE_AME;MDCOSTA;;;;;;;;;2.050;KG;CDFL - CD FLORES;;0;2.050;2.050;AMEN;;;;0;0;0;;0;0;;;B;;;;0;KG;2025;;;S;WE;0;BRL;;;0;0;KG;KG;21.586,50;15.830,10;;
CDFL;4500124107;;;120;0;0;803975;BLOCO ALARME MDWH AL-1;101;EM Entrada mercador.;180033653;1003818;5000235305;2;22/10/2025;11/11/2025;11/11/2025;09:10:27;5;272,3;CUST;ESTOQUE_AME;MDCOSTA;;;;;;;;;5;UN;CDFL - CD FLORES;;0;5;5;AMEN;;;;0;0;0;;0;0;;;B;;;;0;UN;2025;;;S;WE;0;BRL;;;0;0;UN;UN;0;0;;
CDFL;4500117097;;;60;0;0;803993;ALICATE REBITADOR PROFISSIONAL;101;EM Entrada mercador.;180032903;1003763;5000227623;6;12/08/2025;23/09/2025;23/09/2025;09:11:07;12;473,79;CUST;ESTOQUE_AME;MDCOSTA;;;;;;;;;12;UN;CDFL - CD FLORES;;0;12;12;AMEN;;;;0;0;0;;0;0;;;B;;;;0;UN;2025;;;S;WE;0;BRL;;;0;0;UN;UN;28,81;62,19;;
CDFL;4500127970;;;10;0;0;803993;ALICATE REBITADOR PROFISSIONAL;101;EM Entrada mercador.;180032480;1021840;5000221814;3;22/08/2025;27/08/2025;27/08/2025;10:29:06;1;26,71;CUST;ESTOQUE_AME;MDCOSTA;;;;;;;;;1;UN;CDFL - CD FLORES;;0;1;1;AMEN;;;;0;0;0;;0;0;;;B;;;;0;UN;2025;;;S;WE;0;BRL;;;0;0;UN;UN;5,34;0;;
CDFL;4500110524;;;40;0;0;803993;ALICATE REBITADOR PROFISSIONAL;101;EM Entrada mercador.;180031654;1013229;5000214003;1;03/06/2025;09/07/2025;09/07/2025;09:59:59;4;369,52;CUST;ESTOQUE_AME;MDCOSTA;;;;;;;;;4;UN;CDFL - CD FLORES;;0;4;4;AMEN;;;;0;0;0;;0;0;;;B;;;;0;UN;2025;;;S;WE;0;BRL;;;0;0;UN;UN;12,4;59,52;;
CDFL;4500125460;;;70;0;0;803996;CADEADO 30MMx33MMx15MM;101;EM Entrada mercador.;180032890;1003818;5000227504;5;08/09/2025;22/09/2025;22/09/2025;16:12:20;56;999,6;CUST;ESTOQUE_AME;MDCOSTA;;;;;;;;;56;UN;CDFL - CD FLORES;;0;56;56;AMEN;;;;0;0;0;;0;0;;;B;;;;0;UN;2025;;;S;WE;0;BRL;;;0;0;UN;UN;199,92;0;;
CDFL;4500117112;;;80;0;0;804017;ESTAÇÃO DE SOLDA POTÊNCIA DE 80 W;101;EM Entrada mercador.;180031615;1024877;5000213339;5;30/05/2025;04/07/2025;04/07/2025;11:34:16;4;2.704,50;CUST;ESTOQUE_AME;MDCOSTA;;;;;;;;;4;UN;CDFL - CD FLORES;;0;4;4;AMEN;;;;0;0;0;;0;0;;;B;;;;0;UN;2025;;;S;WE;0;BRL;;;0;0;UN;UN;90,76;435,62;;
CDFL;4500141563;;;10;0;0;804022;JOGO DE CHAVE COMBINADA COM CATRACA 16P;101;EM Entrada mercador.;180034573;1007229;5000248079;1;22/12/2025;28/01/2026;28/01/2026;15:38:49;2;1.576,82;CUST;ESTOQUE_AME;MDCOSTA;;;;;;;;;2;UN;CDFL - CD FLORES;;0;2;2;AMEN;;;;0;0;0;;0;0;;;B;;;;0;UN;2026;;;S;WE;0;BRL;;;0;0;UN;UN;0;0;;
CDFL;4500117112;;;130;0;0;804026;LANTERNA DE LED COM BASE MAGNÉTICA;101;EM Entrada mercador.;180031615;1024877;5000213339;7;30/05/2025;04/07/2025;04/07/2025;11:34:16;16;463,45;CUST;ESTOQUE_AME;MDCOSTA;;;;;;;;;16;UN;CDFL - CD FLORES;;0;16;16;AMEN;;;;0;0;0;;0;0;;;B;;;;0;UN;2025;;;S;WE;0;BRL;;;0;0;UN;UN;15,55;74,65;;
CDFL;4500117112;;;40;0;0;804038;CHAVE ALLEN HEXAGONAL EM T 5MM;101;EM Entrada mercador.;180031615;1024877;5000213339;1;30/05/2025;04/07/2025;04/07/2025;11:34:16;3;92,86;CUST;ESTOQUE_AME;MDCOSTA;;;;;;;;;3;UN;CDFL - CD FLORES;;0;3;3;AMEN;;;;0;0;0;;0;0;;;B;;;;0;UN;2025;;;S;WE;0;BRL;;;0;0;UN;UN;5,65;12,19;;
CDFL;4500117112;;;50;0;0;804040;CHAVE ALLEN HEXAGONAL EM T 6MM;101;EM Entrada mercador.;180031615;1024877;5000213339;2;30/05/2025;04/07/2025;04/07/2025;11:34:16;3;97,83;CUST;ESTOQUE_AME;MDCOSTA;;;;;;;;;3;UN;CDFL - CD FLORES;;0;3;3;AMEN;;;;0;0;0;;0;0;;;B;;;;0;UN;2025;;;S;WE;0;BRL;;;0;0;UN;UN;5,95;12,84;;
CDFL;4500117112;;;60;0;0;804041;CHAVE ALLEN HEXAGONAL EM T 8MM;101;EM Entrada mercador.;180031615;1024877;5000213339;3;30/05/2025;04/07/2025;04/07/2025;11:34:16;3;144,64;CUST;ESTOQUE_AME;MDCOSTA;;;;;;;;;3;UN;CDFL - CD FLORES;;0;3;3;AMEN;;;;0;0;0;;0;0;;;B;;;;0;UN;2025;;;S;WE;0;BRL;;;0;0;UN;UN;8,79;18,99;;
CDFL;4500124637;;;10;0;0;804050;DISJUNTOR 2P 127/220V 400VCA 32A;101;EM Entrada mercador.;180031968;1003624;5000217018;1;23/07/2025;29/07/2025;29/07/2025;10:09:03;990;16.038,00;CUST;ESTOQUE_AME;MDCOSTA;;;;;;;;;990;UN;CDFL - CD FLORES;;0;990;990;AMEN;;;;0;0;0;;0;0;;;B;;;;0;UN;2025;;;S;WE;0;BRL;;;0;0;UN;UN;0;0;;
CDFL;4500125460;;;10;0;0;804079;ALICATE AMPERIMETRO DIGITAL CAT III 600V;101;EM Entrada mercador.;180033726;1003818;5000235976;1;07/11/2025;13/11/2025;13/11/2025;16:47:58;8;7.896,16;CUST;ESTOQUE_AME;MDCOSTA;;;;;;;;;8;UN;CDFL - CD FLORES;;0;8;8;AMEN;;;;0;0;0;;0;0;;;B;;;;0;UN;2025;;;S;WE;0;BRL;;;0;0;UN;UN;0;0;;
CDFL;4500125460;;;10;0;0;804079;ALICATE AMPERIMETRO DIGITAL CAT III 600V;101;EM Entrada mercador.;180032890;1003818;5000227504;1;08/09/2025;22/09/2025;22/09/2025;16:12:20;4;3.948,08;CUST;ESTOQUE_AME;MDCOSTA;;;;;;;;;4;UN;CDFL - CD FLORES;;0;4;4;AMEN;;;;0;0;0;;0;0;;;B;;;;0;UN;2025;;;S;WE;0;BRL;;;0;0;UN;UN;0;0;;
CDFL;4500126154;;;40;0;0;804102;TINTA RDV CINZA N 6,5 DUPLA FUNÇAO 3.6L;101;EM Entrada mercador.;180032387;1008101;5000220847;4;16/08/2025;21/08/2025;21/08/2025;14:50:00;70;10.908,80;CUST;ESTOQUE_AME;MDCOSTA;;;;;;;;;70;UN;CDFL - CD FLORES;;0;70;70;AMEN;;;;0;0;0;;0;0;;;B;;;;0;UN;2025;;;S;WE;0;BRL;;;0;0;UN;UN;0;0;;
CDFL;4500125744;;;20;0;0;804115;CAIXA PARA MEDIDOR POLIFASICA VIS. VIDRO;101;EM Entrada mercador.;180033497;1013522;5000234153;2;26/09/2025;28/10/2025;28/10/2025;14:23:03;2.723;172.394,49;CUST;ESTOQUE_AME;MDCOSTA;;;;;;;;;2.723;UN;CDFL - CD FLORES;;0;2.723;2.723;AMEN;;;;0;0;0;;0;0;;;B;;;;0;UN;2025;;;S;WE;0;BRL;;;0;0;UN;UN;10.483,55;22.629,49;;
CDFL;4500114160;;;30;0;0;804128;EMENDA PREF COND 266MCM PARTRIDGE;101;EM Entrada mercador.;180032094;1007593;5000218013;3;03/07/2025;07/08/2025;07/08/2025;11:20:15;16;954,03;CUST;ESTOQUE_AME;MDCOSTA;;;;;;;;;16;UN;CDFL - CD FLORES;;0;16;16;AMEN;;;;0;0;0;;0;0;;;B;;;;0;UN;2025;;;S;WE;0;BRL;;;0;0;UN;UN;58,02;125,23;;
CDFL;4500130623;;;10;0;0;804148;BOMBONA PLASTICA 50L;101;EM Entrada mercador.;180032976;1008610;5000228425;1;17/09/2025;25/09/2025;25/09/2025;10:24:42;2;223,63;CUST;ESTOQUE_AME;MDCOSTA;;;;;;;;;2;UN;CDFL - CD FLORES;;0;2;2;AMEN;;;;0;0;0;;0;0;;;B;;;;0;UN;2025;;;S;WE;0;BRL;;;0;0;UN;UN;15,65;0;;
CDFL;4500121244;;;10;0;0;804149;GRAXA CONDUTIVA;101;EM Entrada mercador.;180032078;1014192;5000217957;1;05/08/2025;07/08/2025;07/08/2025;09:48:58;3;2.454,33;CUST;ESTOQUE_AME;MDCOSTA;;;;;;;;;3;UN;CDFL - CD FLORES;;0;3;3;AMEN;;;;0;0;0;;0;0;;;B;;;;0;UN;2025;;;S;WE;0;BRL;;;0;0;UN;UN;0;0;;
CDFL;4500117097;;;20;0;0;804159;"ALICATE CORTA CABOS 7.1/2 POL; ACO FORJA";101;EM Entrada mercador.;180032903;1003763;5000227623;2;12/08/2025;23/09/2025;23/09/2025;09:11:07;7;1.539,83;CUST;ESTOQUE_AME;MDCOSTA;;;;;;;;;7;UN;CDFL - CD FLORES;;0;7;7;AMEN;;;;0;0;0;;0;0;;;B;;;;0;UN;2025;;;S;WE;0;BRL;;;0;0;UN;UN;93,64;202,13;;
CDFL;4500138470;;;20;0;0;804167;CANIVETE PARA ELETRICISTA;101;EM Entrada mercador.;180034033;1008610;5000241001;2;05/12/2025;11/12/2025;11/12/2025;09:33:57;20;805;CUST;ESTOQUE_AME;MDCOSTA;;;;;;;;;20;UN;CDFL - CD FLORES;;0;20;20;AMEN;;;;0;0;0;;0;0;;;B;;;;0;UN;2025;;;S;WE;0;BRL;;;0;0;UN;UN;161;0;;
CDFL;4500117112;;;170;0;0;804257;SOLDA ESTANHO CARRETEL;101;EM Entrada mercador.;180031615;1024877;5000213339;10;30/05/2025;04/07/2025;04/07/2025;11:34:16;20;281,1;CUST;ESTOQUE_AME;MDCOSTA;;;;;;;;;20;UN;CDFL - CD FLORES;;0;20;20;AMEN;;;;0;0;0;;0;0;;;B;;;;0;UN;2025;;;S;WE;0;BRL;;;0;0;UN;UN;17,09;36,9;;
CDFL;4500114160;;;40;0;0;804266;EMENDA TOTAL PREFORMADA CABO 795MCM TERN;101;EM Entrada mercador.;180032094;1007593;5000218013;4;03/07/2025;07/08/2025;07/08/2025;11:20:15;12;5.732,48;CUST;ESTOQUE_AME;MDCOSTA;;;;;;;;;12;UN;CDFL - CD FLORES;;0;12;12;AMEN;;;;0;0;0;;0;0;;;B;;;;0;UN;2025;;;S;WE;0;BRL;;;0;0;UN;UN;348,6;752,48;;
CDFL;4500110524;;;70;0;0;804362;KIT SOLDA MARCARICO + GAS MAP;101;EM Entrada mercador.;180031654;1013229;5000214003;2;03/06/2025;09/07/2025;09/07/2025;09:59:59;4;619,84;CUST;ESTOQUE_AME;MDCOSTA;;;;;;;;;4;UN;CDFL - CD FLORES;;0;4;4;AMEN;;;;0;0;0;;0;0;;;B;;;;0;UN;2025;;;S;WE;0;BRL;;;0;0;UN;UN;20,8;99,84;;
CDFL;4500150222;;;110;0;0;804398;ESTILETE 18 MM;101;EM Entrada mercador.;180035472;1003813;5000257866;11;27/03/2026;02/04/2026;02/04/2026;11:44:29;6;39,6;CUST;ESTOQUE_AME;MDCOSTA;;;;;;;;;6;UN;CDFL - CD FLORES;;0;6;6;AMEN;;;;0;0;0;;0;0;;;B;;;;0;UN;2026;;;S;WE;0;BRL;;;0;0;UN;UN;2,77;0;;
CDFL;4500144577;;;10;0;0;804421;ISOLADOR PINO, POLIMERICO COM TRAVAS;101;EM Entrada mercador.;180034959;1004591;5000259120;1;25/02/2026;09/04/2026;09/04/2026;15:36:03;1.747;44.241,38;CUST;ESTOQUE_AME;LPEIXOTO;;;;;;;;;1.747;UN;CDFL - CD FLORES;;0;1.747;1.747;AMEN;;;;0;0;0;;0;0;;;B;;;;0;UN;2026;;;S;WE;0;BRL;;;0;0;UN;UN;2.690,38;5.807,38;;
CDFL;4500123146;;;10;0;0;804421;ISOLADOR PINO, POLIMERICO COM TRAVAS;101;EM Entrada mercador.;180034858;1004591;5000251974;1;28/01/2026;19/02/2026;19/02/2026;15:56:52;500;12.662,10;CUST;ESTOQUE_AME;MDCOSTA;;;;;;;;;500;UN;CDFL - CD FLORES;;0;500;500;AMEN;;;;0;0;0;;0;0;;;B;;;;0;UN;2026;;;S;WE;0;BRL;;;0;0;UN;UN;770;1.662,10;;
CDFL;4500128521;;;60;0;0;804422;GRAMPO ANCOR UNIVERSAL 35MM2 A 185MM2;101;EM Entrada mercador.;180033734;1013036;5000236006;1;26/09/2025;14/11/2025;14/11/2025;10:00:18;771;20.288,21;CUST;ESTOQUE_AME;MDCOSTA;;;;;;;;;771;UN;CDFL - CD FLORES;;0;771;771;AMEN;;;;0;0;0;;0;0;;;B;;;;0;UN;2025;;;S;WE;0;BRL;;;0;0;UN;UN;1.233,75;2.663,15;;
CDFL;4500119475;;;30;0;0;804425;MODULO RETIFICADOR 125VCC;101;EM Entrada mercador.;180033569;1003776;5000234456;5;24/09/2025;03/11/2025;03/11/2025;14:40:05;2;12.659,39;CUST;ESTOQUE_AME;MDCOSTA;;;;;;;;;2;UN;CDFL - CD FLORES;;0;2;2;AMEN;;;;0;0;0;;0;0;;;B;;;;0;UN;2025;;;S;WE;0;BRL;;;0;0;UN;UN;769,83;1.661,74;;
CDFL;4500119475;;;40;0;0;804426;CONTROLADOR IHM 125VCC;101;EM Entrada mercador.;180033569;1003776;5000234456;6;24/09/2025;03/11/2025;03/11/2025;14:40:05;2;8.807,09;CUST;ESTOQUE_AME;MDCOSTA;;;;;;;;;2;UN;CDFL - CD FLORES;;0;2;2;AMEN;;;;0;0;0;;0;0;;;B;;;;0;UN;2025;;;S;WE;0;BRL;;;0;0;UN;UN;535,57;1.156,07;;
CDFL;4500141927;;;40;0;0;804446;TERMINAL TIPO OLHAL 25MM 1/4;101;EM Entrada mercador.;180034511;1003818;5000247626;6;02/01/2026;23/01/2026;23/01/2026;15:10:19;100;213;CUST;ESTOQUE_AME;MDCOSTA;;;;;;;;;100;UN;CDFL - CD FLORES;;0;100;100;AMEN;;;;0;0;0;;0;0;;;B;;;;0;UN;2026;;;S;WE;0;BRL;;;0;0;UN;UN;0;0;;
CDFL;4500141927;;;50;0;0;804447;TERMINAL TIPO OLHAL  10MM 1/4;101;EM Entrada mercador.;180034511;1003818;5000247626;7;02/01/2026;23/01/2026;23/01/2026;15:10:19;100;120;CUST;ESTOQUE_AME;MDCOSTA;;;;;;;;;100;UN;CDFL - CD FLORES;;0;100;100;AMEN;;;;0;0;0;;0;0;;;B;;;;0;UN;2026;;;S;WE;0;BRL;;;0;0;UN;UN;0;0;;
CDFL;4500150222;;;50;0;0;804453;PRANCHETA MAD COMP C/PREND MET 230X340M;101;EM Entrada mercador.;180035472;1003813;5000257866;4;27/03/2026;02/04/2026;02/04/2026;11:44:29;5;23,85;CUST;ESTOQUE_AME;MDCOSTA;;;;;;;;;5;UN;CDFL - CD FLORES;;0;5;5;AMEN;;;;0;0;0;;0;0;;;B;;;;0;UN;2026;;;S;WE;0;BRL;;;0;0;UN;UN;4,77;0;;
CDFL;4500138470;;;30;0;0;804455;CHAVE FENDA PONTA CHATA ACO 6X100MM;101;EM Entrada mercador.;180034033;1008610;5000241001;3;05/12/2025;11/12/2025;11/12/2025;09:33:57;10;129,8;CUST;ESTOQUE_AME;MDCOSTA;;;;;;;;;10;UN;CDFL - CD FLORES;;0;10;10;AMEN;;;;0;0;0;;0;0;;;B;;;;0;UN;2025;;;S;WE;0;BRL;;;0;0;UN;UN;25,96;0;;
CDFL;4500133941;;;10;0;0;804476;CONECTORES RJ45 MACHO CAT 6;101;EM Entrada mercador.;180033355;1007657;5000232537;2;14/10/2025;20/10/2025;20/10/2025;11:11:13;1.000;950;CUST;ESTOQUE_AME;MDCOSTA;;;;;;;;;1.000;UN;CDFL - CD FLORES;;0;1.000;1.000;AMEN;;;;0;0;0;;0;0;;;B;;;;0;UN;2025;;;S;WE;0;BRL;;;0;0;UN;UN;0;0;;
CDFL;4500133941;;;20;0;0;804477;CONECTORES RJ45 MACHO BLINDADO CAT 6;101;EM Entrada mercador.;180033355;1007657;5000232537;1;14/10/2025;20/10/2025;20/10/2025;11:11:13;1.000;1.890,00;CUST;ESTOQUE_AME;MDCOSTA;;;;;;;;;1.000;UN;CDFL - CD FLORES;;0;1.000;1.000;AMEN;;;;0;0;0;;0;0;;;B;;;;0;UN;2025;;;S;WE;0;BRL;;;0;0;UN;UN;0;0;;
CDFL;4500135041;;;30;0;0;804483;GRAMPO ANCOR CABO 266,8 PARTRIDGE;101;EM Entrada mercador.;180035617;1010615;5000260184;3;24/03/2026;16/04/2026;16/04/2026;09:05:00;20;10.712,14;CUST;ESTOQUE_AME;LPEIXOTO;;;;;;;;;20;UN;CDFL - CD FLORES;;0;20;20;AMEN;;;;0;0;0;;0;0;;;B;;;;0;UN;2026;;;S;WE;0;BRL;;;0;0;UN;UN;651,42;1.406,14;;
CDFL;4500135041;;;40;0;0;804484;GRAMPO ANCOR CABO 795 TERN;101;EM Entrada mercador.;180035617;1010615;5000260184;4;24/03/2026;16/04/2026;16/04/2026;09:05:00;30;23.031,09;CUST;ESTOQUE_AME;LPEIXOTO;;;;;;;;;30;UN;CDFL - CD FLORES;;0;30;30;AMEN;;;;0;0;0;;0;0;;;B;;;;0;UN;2026;;;S;WE;0;BRL;;;0;0;UN;UN;1.400,56;3.023,19;;
CDFL;4500135086;;;30;0;0;804487;CONECTOR PARALELO 266,8 PARTRIDGE;101;EM Entrada mercador.;180034635;1020749;5000248443;3;16/12/2025;02/02/2026;02/02/2026;10:03:13;40;2.280,00;CUST;ESTOQUE_AME;MDCOSTA;;;;;;;;;40;UN;CDFL - CD FLORES;;0;40;40;AMEN;;;;0;0;0;;0;0;;;B;;;;0;UN;2026;;;S;WE;0;BRL;;;0;0;UN;UN;0;0;;
CDFL;4500135086;;;10;0;0;804490;CONECTOR EMENDA RETA 954 MAGNOLIA;101;EM Entrada mercador.;180034635;1020749;5000248443;1;16/12/2025;02/02/2026;02/02/2026;10:03:13;30;3.795,00;CUST;ESTOQUE_AME;MDCOSTA;;;;;;;;;30;UN;CDFL - CD FLORES;;0;30;30;AMEN;;;;0;0;0;;0;0;;;B;;;;0;UN;2026;;;S;WE;0;BRL;;;0;0;UN;UN;0;0;;
CDFL;4500114160;;;50;0;0;804492;EMENDA TOTAL PREFORMADA CABO 4.0 PENGUIN;101;EM Entrada mercador.;180032094;1007593;5000218013;5;03/07/2025;07/08/2025;07/08/2025;11:20:15;20;1.335,28;CUST;ESTOQUE_AME;MDCOSTA;;;;;;;;;20;UN;CDFL - CD FLORES;;0;20;20;AMEN;;;;0;0;0;;0;0;;;B;;;;0;UN;2025;;;S;WE;0;BRL;;;0;0;UN;UN;81,2;175,28;;
CDFL;4500114160;;;60;0;0;804493;EMENDA TOTAL PREFORMADA CABO 477 HAWK;101;EM Entrada mercador.;180032094;1007593;5000218013;6;03/07/2025;07/08/2025;07/08/2025;11:20:15;16;4.051,87;CUST;ESTOQUE_AME;MDCOSTA;;;;;;;;;16;UN;CDFL - CD FLORES;;0;16;16;AMEN;;;;0;0;0;;0;0;;;B;;;;0;UN;2025;;;S;WE;0;BRL;;;0;0;UN;UN;246,4;531,87;;
CDFL;4500114160;;;70;0;0;804494;EMENDA TOTAL PREFORMADA CABO 266,8 PARTR;101;EM Entrada mercador.;180032094;1007593;5000218013;7;03/07/2025;07/08/2025;07/08/2025;11:20:15;16;1.749,67;CUST;ESTOQUE_AME;MDCOSTA;;;;;;;;;16;UN;CDFL - CD FLORES;;0;16;16;AMEN;;;;0;0;0;;0;0;;;B;;;;0;UN;2025;;;S;WE;0;BRL;;;0;0;UN;UN;106,4;229,67;;
CDFL;4500150370;;;20;0;0;804499;DETERGENTE 5L;101;EM Entrada mercador.;180035583;1010988;5000259934;2;07/04/2026;14/04/2026;14/04/2026;13:40:35;20;385,6;CUST;ESTOQUE_AME;LPEIXOTO;;;;;;;;;20;UN;CDFL - CD FLORES;;0;20;20;AMEN;;;;0;0;0;;0;0;;;B;;;;0;UN;2026;;;S;WE;0;BRL;;;0;0;UN;UN;26,99;0;;
CDFL;4500121243;;;30;0;0;804499;DETERGENTE 5L;101;EM Entrada mercador.;180031574;1010988;5000212324;2;26/06/2025;02/07/2025;02/07/2025;08:24:45;15;289,2;CUST;ESTOQUE_AME;MDCOSTA;;;;;;;;;15;UN;CDFL - CD FLORES;;0;15;15;AMEN;;;;0;0;0;;0;0;;;B;;;;0;UN;2025;;;S;WE;0;BRL;;;0;0;UN;UN;20,24;0;;
CDFL;4500138470;;;10;0;0;804554;ALICATE AMPERIM 750/1000V 1000A ET-3200A;101;EM Entrada mercador.;180034033;1008610;5000241001;1;05/12/2025;11/12/2025;11/12/2025;09:33:57;11;4.815,14;CUST;ESTOQUE_AME;MDCOSTA;;;;;;;;;11;UN;CDFL - CD FLORES;;0;11;11;AMEN;;;;0;0;0;;0;0;;;B;;;;0;UN;2025;;;S;WE;0;BRL;;;0;0;UN;UN;0;0;;
CDFL;4500117097;;;10;0;0;804554;ALICATE AMPERIM 750/1000V 1000A ET-3200A;101;EM Entrada mercador.;180032903;1003763;5000227623;1;12/08/2025;23/09/2025;23/09/2025;09:11:07;21;4.856,38;CUST;ESTOQUE_AME;MDCOSTA;;;;;;;;;21;UN;CDFL - CD FLORES;;0;21;21;AMEN;;;;0;0;0;;0;0;;;B;;;;0;UN;2025;;;S;WE;0;BRL;;;0;0;UN;UN;295,32;637,48;;
CDFL;4500113802;;;10;0;0;804565;CRUZETA POL FBV/RES 2400X112,5X90MM DAT;101;EM Entrada mercador.;180033687;1007001;5000235534;1;21/10/2025;11/11/2025;11/11/2025;17:56:32;74;13.841,98;CUST;ESTOQUE_AME;MDCOSTA;;;;;;;;;74;UN;CDFL - CD FLORES;;0;74;74;AMEN;;;;0;0;0;;0;0;;;B;;;;0;UN;2025;;;S;WE;0;BRL;;;0;0;UN;UN;841,75;1.816,98;;
CDFL;4500140482;;;10;0;0;804596;BATERIA SELADA 12V;101;EM Entrada mercador.;180034327;1003818;5000244341;1;16/12/2025;30/12/2025;30/12/2025;16:49:01;54;7.743,60;CUST;ESTOQUE_AME;MDCOSTA;;;;;;;;;54;UN;CDFL - CD FLORES;;0;54;54;AMEN;;;;0;0;0;;0;0;;;B;;;;0;UN;2025;;;S;WE;0;BRL;;;0;0;UN;UN;0;0;;
CDFL;4500140482;;;10;0;0;804596;BATERIA SELADA 12V;101;EM Entrada mercador.;180034127;1003818;5000243261;1;15/12/2025;17/12/2025;17/12/2025;09:06:34;6;860,4;CUST;ESTOQUE_AME;MDCOSTA;;;;;;;;;6;UN;CDFL - CD FLORES;;0;6;6;AMEN;;;;0;0;0;;0;0;;;B;;;;0;UN;2025;;;S;WE;0;BRL;;;0;0;UN;UN;0;0;;
CDFL;4500141542;;;10;0;0;804603;TALHA MANUAL CORRENTE CAP. 2TON;101;EM Entrada mercador.;180034315;1008610;5000244301;1;22/12/2025;30/12/2025;30/12/2025;08:49:24;1;1.180,18;CUST;ESTOQUE_AME;MDCOSTA;;;;;;;;;1;UN;CDFL - CD FLORES;;0;1;1;AMEN;;;;0;0;0;;0;0;;;B;;;;0;UN;2025;;;S;WE;0;BRL;;;0;0;UN;UN;236,04;0;;
CDFL;4500150279;;;100;0;0;804637;CABO AL CONCENTRICO 3F 3X10+10MM2;101;EM Entrada mercador.;180035834;1003953;5000262651;1;10/04/2026;07/05/2026;07/05/2026;07:57:37;1.000; R$ 11.752,73 ;CUST;ESTOQUE_AME;MDCOSTA;;;;;;;;;1.000;M;CDFL - CD FLORES;;0;1.000;1.000;AMEN;;;;0;0;0;;0;0;;;B;;;;0;M;2026;;;S;WE;0;BRL;;;0;0;M;M;714,7;1.542,73;;
CDFL;4500150279;;;160;0;0;804638;CABO AL CONCENTRICO 2F 2X25+25MM2;101;EM Entrada mercador.;180035877;1003953;5000263014;1;25/03/2026;08/05/2026;08/05/2026;16:08:20;1.000; R$ 19.361,50 ;CUST;ESTOQUE_AME;MDCOSTA;;;;;;;;;1.000;M;CDFL - CD FLORES;;0;1.000;1.000;AMEN;;;;0;0;0;;0;0;;;B;;;;0;M;2026;;;S;WE;0;BRL;;;0;0;M;M;1.177,40;2.541,50;;
CDFL;4500138470;;;50;0;0;804656;CHAVE GRIFO 12POL CHAVE GRIFO 12POL;101;EM Entrada mercador.;180034033;1008610;5000241001;6;05/12/2025;11/12/2025;11/12/2025;09:33:57;6;776,34;CUST;ESTOQUE_AME;MDCOSTA;;;;;;;;;6;UN;CDFL - CD FLORES;;0;6;6;AMEN;;;;0;0;0;;0;0;;;B;;;;0;UN;2025;;;S;WE;0;BRL;;;0;0;UN;UN;155,27;0;;
CDFL;4500131867;;;10;0;0;804670;FUSIVEL HH 1A 358C 52L MM;101;EM Entrada mercador.;180033816;1026705;5000236710;2;03/10/2025;18/11/2025;18/11/2025;15:12:12;6;2.264,47;CUST;ESTOQUE_AME;MDCOSTA;;;;;;;;;6;UN;CDFL - CD FLORES;;0;6;6;AMEN;;;;0;0;0;;0;0;;;B;;;;0;UN;2025;;;S;WE;0;BRL;;;0;0;UN;UN;137,71;297,25;;
CDFL;4500131867;;;20;0;0;804671;FUSIVEL HH 10A 358C 52L MM;101;EM Entrada mercador.;180033816;1026705;5000236710;1;03/10/2025;18/11/2025;18/11/2025;15:12:12;6;2.263,85;CUST;ESTOQUE_AME;MDCOSTA;;;;;;;;;6;UN;CDFL - CD FLORES;;0;6;6;AMEN;;;;0;0;0;;0;0;;;B;;;;0;UN;2025;;;S;WE;0;BRL;;;0;0;UN;UN;137,67;297,17;;
CDFL;4500119406;;;10;0;0;804838;SENSOR DE CRTE TIPO ABRT 400A-5 P/ URBT;101;EM Entrada mercador.;180033168;1003243;5000230319;1;06/10/2025;08/10/2025;08/10/2025;14:36:03;150;78.600,00;CUST;ESTOQUE_AME;MDCOSTA;;;;;;;;;150;UN;CDFL - CD FLORES;;0;150;150;AMEN;;;;0;0;0;;0;0;;;B;;;;0;UN;2025;;;S;WE;0;BRL;;;0;0;UN;UN;15.720,00;0;;
CDFL;4500119406;;;20;0;0;804839;SENSOR DE CRTE TIPO ABRT 600A-5 P/ URBT;101;EM Entrada mercador.;180033168;1003243;5000230319;2;06/10/2025;08/10/2025;08/10/2025;14:36:03;150;78.600,00;CUST;ESTOQUE_AME;MDCOSTA;;;;;;;;;150;UN;CDFL - CD FLORES;;0;150;150;AMEN;;;;0;0;0;;0;0;;;B;;;;0;UN;2025;;;S;WE;0;BRL;;;0;0;UN;UN;15.720,00;0;;
CDFL;4500146047;;;10;0;0;804842;BATERIA VEICULAR 100A;101;EM Entrada mercador.;180034904;1003818;5000252703;1;13/02/2026;23/02/2026;23/02/2026;08:24:09;1;1.285,63;CUST;ESTOQUE_AME;MDCOSTA;;;;;;;;;1;UN;CDFL - CD FLORES;;0;1;1;AMEN;;;;0;0;0;;0;0;;;B;;;;0;UN;2026;;;S;WE;0;BRL;;;0;0;UN;UN;0;0;;
CDFL;4500115215;;;30;0;0;804881;DISJUNTOR 1P 127/220V 400VCA 32A;101;EM Entrada mercador.;180031619;1003818;5000213380;1;30/06/2025;04/07/2025;04/07/2025;15:02:04;265;1.523,75;CUST;ESTOQUE_AME;MDCOSTA;;;;;;;;;265;UN;CDFL - CD FLORES;;0;265;265;AMEN;;;;0;0;0;;0;0;;;B;;;;0;UN;2025;;;S;WE;0;BRL;;;0;0;UN;UN;0;0;;
CDFL;4500152895;;;50;0;0;804904;TRENA ANALOGICA DE RODA 10KM;101;EM Entrada mercador.;180036235;1016114;5000266525;1;04/05/2026;01/06/2026;01/06/2026;11:08:38;2;479,4;CUST;ESTOQUE_AME;LPEIXOTO;;;;;;;;;2;UN;CDFL - CD FLORES;;0;2;2;AMEN;;;;0;0;0;;0;0;;;B;;;;0;UN;2026;;;S;WE;0;BRL;;;0;0;UN;UN;95,88;0;;
CDFL;4500138753;;;10;0;0;805139;MARTELETE COMBINADO MAKITA A BATERIA;101;EM Entrada mercador.;180034531;1027094;5000247780;1;13/01/2026;26/01/2026;26/01/2026;15:15:46;1;16.000,00;CUST;ESTOQUE_AME;MDCOSTA;;;;;;;;;1;UN;CDFL - CD FLORES;;0;1;1;AMEN;;;;0;0;0;;0;0;;;B;;;;0;UN;2026;;;S;WE;0;BRL;;;0;0;UN;UN;0;0;;
CDFL;4500138519;;;10;0;0;805159;INVERSOR DC/AC 12V -110V ONDA;101;EM Entrada mercador.;180034512;1003818;5000247628;1;08/01/2026;23/01/2026;23/01/2026;15:19:06;5;9.082,30;CUST;ESTOQUE_AME;MDCOSTA;;;;;;;;;5;UN;CDFL - CD FLORES;;0;5;5;AMEN;;;;0;0;0;;0;0;;;B;;;;0;UN;2026;;;S;WE;0;BRL;;;0;0;UN;UN;0;0;;
CDFL;4500131867;;;30;0;0;805231;FUSIVEL TP 0,5A;101;EM Entrada mercador.;180033816;1026705;5000236710;3;03/10/2025;18/11/2025;18/11/2025;15:12:12;6;827,2;CUST;ESTOQUE_AME;MDCOSTA;;;;;;;;;6;UN;CDFL - CD FLORES;;0;6;6;AMEN;;;;0;0;0;;0;0;;;B;;;;0;UN;2025;;;S;WE;0;BRL;;;0;0;UN;UN;50,3;108,58;;
CDFL;4500138470;;;60;0;0;805232;CHAVE GRIFO 14POL;101;EM Entrada mercador.;180034033;1008610;5000241001;5;05/12/2025;11/12/2025;11/12/2025;09:33:57;6;793,98;CUST;ESTOQUE_AME;MDCOSTA;;;;;;;;;6;UN;CDFL - CD FLORES;;0;6;6;AMEN;;;;0;0;0;;0;0;;;B;;;;0;UN;2025;;;S;WE;0;BRL;;;0;0;UN;UN;158,8;0;;
CDFL;4500124107;;;60;0;0;805239;DISJUNTOR MOTOR TRIFASICO 0.63 A 1 A;101;EM Entrada mercador.;180032664;1003818;5000224157;2;25/08/2025;10/09/2025;10/09/2025;10:10:17;10;3.937,40;CUST;ESTOQUE_AME;MDCOSTA;;;;;;;;;10;UN;CDFL - CD FLORES;;0;10;10;AMEN;;;;0;0;0;;0;0;;;B;;;;0;UN;2025;;;S;WE;0;BRL;;;0;0;UN;UN;0;0;;
CDFL;4500124107;;;40;0;0;805240;DISJUNTOR MOTOR TRIFASICO 1 A 1.6 A;101;EM Entrada mercador.;180032293;1003818;5000219333;4;28/07/2025;15/08/2025;15/08/2025;08:32:17;10;3.557,70;CUST;ESTOQUE_AME;MDCOSTA;;;;;;;;;10;UN;CDFL - CD FLORES;;0;10;10;AMEN;;;;0;0;0;;0;0;;;B;;;;0;UN;2025;;;S;WE;0;BRL;;;0;0;UN;UN;0;0;;
CDFL;4500124107;;;10;0;0;805242;BLOCO DE CONTATO FRONTAL 1NA +;101;EM Entrada mercador.;180032293;1003818;5000219333;1;28/07/2025;15/08/2025;15/08/2025;08:32:17;20;898,4;CUST;ESTOQUE_AME;MDCOSTA;;;;;;;;;20;UN;CDFL - CD FLORES;;0;20;20;AMEN;;;;0;0;0;;0;0;;;B;;;;0;UN;2025;;;S;WE;0;BRL;;;0;0;UN;UN;0;0;;
CDFL;4500124107;;;50;0;0;805242;BLOCO DE CONTATO FRONTAL 1NA +;101;EM Entrada mercador.;180032293;1003818;5000219333;5;28/07/2025;15/08/2025;15/08/2025;08:32:17;10;550;CUST;ESTOQUE_AME;MDCOSTA;;;;;;;;;10;UN;CDFL - CD FLORES;;0;10;10;AMEN;;;;0;0;0;;0;0;;;B;;;;0;UN;2025;;;S;WE;0;BRL;;;0;0;UN;UN;0;0;;
CDFL;4500124107;;;110;0;0;805246;MINIDISJUNTOR TERMOMAGN 32A MDWH;101;EM Entrada mercador.;180033653;1003818;5000235305;1;22/10/2025;11/11/2025;11/11/2025;09:10:27;5;1.010,50;CUST;ESTOQUE_AME;MDCOSTA;;;;;;;;;5;UN;CDFL - CD FLORES;;0;5;5;AMEN;;;;0;0;0;;0;0;;;B;;;;0;UN;2025;;;S;WE;0;BRL;;;0;0;UN;UN;0;0;;
CDFL;4500141563;;;30;0;0;805254;JOGO SACA PINO PARALELO;101;EM Entrada mercador.;180034573;1007229;5000248079;4;22/12/2025;28/01/2026;28/01/2026;15:38:49;7;1.444,94;CUST;ESTOQUE_AME;MDCOSTA;;;;;;;;;7;UN;CDFL - CD FLORES;;0;7;7;AMEN;;;;0;0;0;;0;0;;;B;;;;0;UN;2026;;;S;WE;0;BRL;;;0;0;UN;UN;288,99;0;;
CDFL;4500122217;;;10;0;0;805255;LUMINARIA BIVOLT LED C/ LUPA P/ BANCADA;101;EM Entrada mercador.;180031618;1018865;5000213365;1;27/06/2025;04/07/2025;04/07/2025;14:55:32;2;1.352,00;CUST;ESTOQUE_AME;MDCOSTA;;;;;;;;;2;UN;CDFL - CD FLORES;;0;2;2;AMEN;;;;0;0;0;;0;0;;;B;;;;0;UN;2025;;;S;WE;0;BRL;;;0;0;UN;UN;0;0;;
CDFL;4500132749;;;10;0;0;805262;CABO CONDUTOR 266 MCM PARTRIDGE;101;EM Entrada mercador.;180034477;1009313;5000246964;1;12/11/2025;22/01/2026;22/01/2026;09:14:54;565;27.185,53;CUST;ESTOQUE_AME;MDCOSTA;;;;;;;;;565;UN;CDFL - CD FLORES;;0;565;565;AMEN;;;;0;0;0;;0;0;;;B;;;;0;UN;2026;;;S;WE;0;BRL;;;0;0;UN;UN;1.653,19;3.568,53;;
CDFL;4500135086;;;50;0;0;805264;CONECTOR PARALELO PARA CABO 795 MCM TERN;101;EM Entrada mercador.;180034635;1020749;5000248443;5;16/12/2025;02/02/2026;02/02/2026;10:03:13;20;2.310,00;CUST;ESTOQUE_AME;MDCOSTA;;;;;;;;;20;UN;CDFL - CD FLORES;;0;20;20;AMEN;;;;0;0;0;;0;0;;;B;;;;0;UN;2026;;;S;WE;0;BRL;;;0;0;UN;UN;0;0;;
CDFL;4500114160;;;80;0;0;805265;EMENDA PREFORMADA CONDUTORA PARA CABO 79;101;EM Entrada mercador.;180032094;1007593;5000218013;8;03/07/2025;07/08/2025;07/08/2025;11:20:15;12;3.011,28;CUST;ESTOQUE_AME;MDCOSTA;;;;;;;;;12;UN;CDFL - CD FLORES;;0;12;12;AMEN;;;;0;0;0;;0;0;;;B;;;;0;UN;2025;;;S;WE;0;BRL;;;0;0;UN;UN;183,12;395,28;;
CDFL;4500135086;;;40;0;0;805268;CONECTOR TIPO T P/ CABO 266 MCM PARTRIDG;101;EM Entrada mercador.;180034635;1020749;5000248443;4;16/12/2025;02/02/2026;02/02/2026;10:03:13;20;2.040,00;CUST;ESTOQUE_AME;MDCOSTA;;;;;;;;;20;UN;CDFL - CD FLORES;;0;20;20;AMEN;;;;0;0;0;;0;0;;;B;;;;0;UN;2026;;;S;WE;0;BRL;;;0;0;UN;UN;0;0;;
CDFL;4500125460;;;50;0;0;805335;ALICATE UNIV 8P ACR FORJ;101;EM Entrada mercador.;180032890;1003818;5000227504;4;08/09/2025;22/09/2025;22/09/2025;16:12:20;12;430,44;CUST;ESTOQUE_AME;MDCOSTA;;;;;;;;;12;UN;CDFL - CD FLORES;;0;12;12;AMEN;;;;0;0;0;;0;0;;;B;;;;0;UN;2025;;;S;WE;0;BRL;;;0;0;UN;UN;0;0;;
CDFL;4500150388;;;50;0;0;805341;CABO ELET CU 35MM2 VERM FLEXIVEL 750V;101;EM Entrada mercador.;180035936;1003949;5000263354;7;05/05/2026;13/05/2026;13/05/2026;14:35:54;500; R$ 15.470,00 ;CUST;ESTOQUE_AME;MDCOSTA;;;;;;;;;500;M;CDFL - CD FLORES;;0;500;500;AMEN;;;;0;0;0;;0;0;;;B;;;;0;M;2026;;;S;WE;0;BRL;;;0;0;M;M;1.082,90;0;;
CDFL;4500141927;;;10;0;0;805341;CABO ELET CU 35MM2 VERM FLEXIVEL 750V;101;EM Entrada mercador.;180034869;1003818;5000252049;2;05/02/2026;20/02/2026;20/02/2026;11:01:29;200;6.758,00;CUST;ESTOQUE_AME;MDCOSTA;;;;;;;;;200;M;CDFL - CD FLORES;;0;200;200;AMEN;;;;0;0;0;;0;0;;;B;;;;0;M;2026;;;S;WE;0;BRL;;;0;0;M;M;0;0;;
CDFL;4500150388;;;30;0;0;805342;CABO ELET CU 35MM2 PR FLEXIVEL 750V;101;EM Entrada mercador.;180035936;1003949;5000263354;3;05/05/2026;13/05/2026;13/05/2026;14:35:54;500; R$ 15.470,00 ;CUST;ESTOQUE_AME;MDCOSTA;;;;;;;;;500;M;CDFL - CD FLORES;;0;500;500;AMEN;;;;0;0;0;;0;0;;;B;;;;0;M;2026;;;S;WE;0;BRL;;;0;0;M;M;1.082,90;0;;
CDFL;4500150388;;;40;0;0;805343;CABO ELET CU 35MM2 VD FLEXIVEL 750V;101;EM Entrada mercador.;180035936;1003949;5000263354;4;05/05/2026;13/05/2026;13/05/2026;14:35:54;200; R$ 6.188,00 ;CUST;ESTOQUE_AME;MDCOSTA;;;;;;;;;200;M;CDFL - CD FLORES;;0;200;200;AMEN;;;;0;0;0;;0;0;;;B;;;;0;M;2026;;;S;WE;0;BRL;;;0;0;M;M;433,16;0;;
CDFL;4500150388;;;80;0;0;805344;CABO ELET CU 25MM2 VERM FLEXIVEL 750V;101;EM Entrada mercador.;180036053;1003949;5000265833;1;05/05/2026;21/05/2026;21/05/2026;09:15:48;500; R$ 10.150,00 ;CUST;ESTOQUE_AME;LPEIXOTO;;;;;;;;;500;M;CDFL - CD FLORES;;0;500;500;AMEN;;;;0;0;0;;0;0;;;B;;;;0;M;2026;;;S;WE;0;BRL;;;0;0;M;M;710,5;0;;
CDFL;4500150388;;;70;0;0;805345;CABO ELET CU 25MM2 AZUL FLEXIVEL 750V;101;EM Entrada mercador.;180035698;1003949;5000261484;2;15/04/2026;23/04/2026;23/04/2026;16:13:25;200;4.060,00;CUST;ESTOQUE_AME;MDCOSTA;;;;;;;;;200;M;CDFL - CD FLORES;;0;200;200;AMEN;;;;0;0;0;;0;0;;;B;;;;0;M;2026;;;S;WE;0;BRL;;;0;0;M;M;284,2;0;;
CDFL;4500150388;;;70;0;0;805345;CABO ELET CU 25MM2 AZUL FLEXIVEL 750V;101;EM Entrada mercador.;180035698;1003949;5000261484;1;15/04/2026;23/04/2026;23/04/2026;16:13:25;300;6.090,00;CUST;ESTOQUE_AME;MDCOSTA;;;;;;;;;300;M;CDFL - CD FLORES;;0;300;300;AMEN;;;;0;0;0;;0;0;;;B;;;;0;M;2026;;;S;WE;0;BRL;;;0;0;M;M;426,3;0;;
CDFL;4500150388;;;60;0;0;805346;CABO ELETR CU 25MM2 PR FLEXIVEL 750V;101;EM Entrada mercador.;180035698;1003949;5000261484;3;15/04/2026;23/04/2026;23/04/2026;16:13:25;200;4.060,00;CUST;ESTOQUE_AME;MDCOSTA;;;;;;;;;200;M;CDFL - CD FLORES;;0;200;200;AMEN;;;;0;0;0;;0;0;;;B;;;;0;M;2026;;;S;WE;0;BRL;;;0;0;M;M;284,2;0;;
CDFL;4500141927;;;30;0;0;805360;TERMINAL TIPO OLHAL 35MM 1/4;101;EM Entrada mercador.;180034511;1003818;5000247626;5;02/01/2026;23/01/2026;23/01/2026;15:10:19;100;268;CUST;ESTOQUE_AME;MDCOSTA;;;;;;;;;100;UN;CDFL - CD FLORES;;0;100;100;AMEN;;;;0;0;0;;0;0;;;B;;;;0;UN;2026;;;S;WE;0;BRL;;;0;0;UN;UN;0;0;;
CDFL;4500141927;;;60;0;0;805397;PARAFUSO SEXTAVADO M8x30MM ZINCADO;101;EM Entrada mercador.;180034511;1003818;5000247626;2;02/01/2026;23/01/2026;23/01/2026;15:10:19;30;10,5;CUST;ESTOQUE_AME;MDCOSTA;;;;;;;;;30;UN;CDFL - CD FLORES;;0;30;30;AMEN;;;;0;0;0;;0;0;;;B;;;;0;UN;2026;;;S;WE;0;BRL;;;0;0;UN;UN;0;0;;
CDFL;4500141927;;;90;0;0;805398;ARRUELA LISA, M8, ZINCADA;101;EM Entrada mercador.;180034511;1003818;5000247626;3;02/01/2026;23/01/2026;23/01/2026;15:10:19;30;4,5;CUST;ESTOQUE_AME;MDCOSTA;;;;;;;;;30;UN;CDFL - CD FLORES;;0;30;30;AMEN;;;;0;0;0;;0;0;;;B;;;;0;UN;2026;;;S;WE;0;BRL;;;0;0;UN;UN;0;0;;
CDFL;4500141927;;;100;0;0;805399;ARRUELA DE PRESSÃO, M8, ZINCADA;101;EM Entrada mercador.;180034511;1003818;5000247626;4;02/01/2026;23/01/2026;23/01/2026;15:10:19;30;1,8;CUST;ESTOQUE_AME;MDCOSTA;;;;;;;;;30;UN;CDFL - CD FLORES;;0;30;30;AMEN;;;;0;0;0;;0;0;;;B;;;;0;UN;2026;;;S;WE;0;BRL;;;0;0;UN;UN;0;0;;
CDFL;4500141927;;;70;0;0;805400;PORCA SEXTAVADA, M8, ZINCADA;101;EM Entrada mercador.;180034511;1003818;5000247626;8;02/01/2026;23/01/2026;23/01/2026;15:10:19;30;9,3;CUST;ESTOQUE_AME;MDCOSTA;;;;;;;;;30;UN;CDFL - CD FLORES;;0;30;30;AMEN;;;;0;0;0;;0;0;;;B;;;;0;UN;2026;;;S;WE;0;BRL;;;0;0;UN;UN;0;0;;
CDFL;4500150388;;;110;0;0;805401;CABO ELET BT 2X10MM2 0,6/1kV;101;EM Entrada mercador.;180035936;1003949;5000263354;15;05/05/2026;13/05/2026;13/05/2026;14:35:54;200; R$ 3.948,00 ;CUST;ESTOQUE_AME;MDCOSTA;;;;;;;;;200;M;CDFL - CD FLORES;;0;200;200;AMEN;;;;0;0;0;;0;0;;;B;;;;0;M;2026;;;S;WE;0;BRL;;;0;0;M;M;276,36;0;;
CDFL;4500141927;;;80;0;0;805401;CABO ELET BT 2X10MM2 0,6/1kV;101;EM Entrada mercador.;180034511;1003818;5000247626;1;02/01/2026;23/01/2026;23/01/2026;15:10:19;100;2.122,00;CUST;ESTOQUE_AME;MDCOSTA;;;;;;;;;100;M;CDFL - CD FLORES;;0;100;100;AMEN;;;;0;0;0;;0;0;;;B;;;;0;M;2026;;;S;WE;0;BRL;;;0;0;M;M;0;0;;
CDFL;4500126153;;;60;0;0;805426;ESPUMA DE PEDREIRO 220MMX130MM;101;EM Entrada mercador.;180032469;1003515;5000221748;7;21/08/2025;27/08/2025;27/08/2025;08:49:29;20;75;CUST;ESTOQUE_AME;MDCOSTA;;;;;;;;;20;UN;CDFL - CD FLORES;;0;20;20;AMEN;;;;0;0;0;;0;0;;;B;;;;0;UN;2025;;;S;WE;0;BRL;;;0;0;UN;UN;15;0;;
CDFL;4500124107;;;30;0;0;805429;BLOCO DE CONTATO FRONTAL 1 NA BCXMF10;101;EM Entrada mercador.;180032891;1003818;5000227513;1;11/09/2025;22/09/2025;22/09/2025;16:15:33;7;122,29;CUST;ESTOQUE_AME;MDCOSTA;;;;;;;;;7;UN;CDFL - CD FLORES;;0;7;7;AMEN;;;;0;0;0;;0;0;;;B;;;;0;UN;2025;;;S;WE;0;BRL;;;0;0;UN;UN;0;0;;
CDFL;4500124107;;;30;0;0;805429;BLOCO DE CONTATO FRONTAL 1 NA BCXMF10;101;EM Entrada mercador.;180032293;1003818;5000219333;3;28/07/2025;15/08/2025;15/08/2025;08:32:17;13;227,11;CUST;ESTOQUE_AME;MDCOSTA;;;;;;;;;13;UN;CDFL - CD FLORES;;0;13;13;AMEN;;;;0;0;0;;0;0;;;B;;;;0;UN;2025;;;S;WE;0;BRL;;;0;0;UN;UN;0;0;;
CDFL;4500124107;;;70;0;0;805430;DISJUNTOR MOTOR TRIFASICO 1,6A a 2,5A;101;EM Entrada mercador.;180032293;1003818;5000219333;6;28/07/2025;15/08/2025;15/08/2025;08:32:17;10;3.948,30;CUST;ESTOQUE_AME;MDCOSTA;;;;;;;;;10;UN;CDFL - CD FLORES;;0;10;10;AMEN;;;;0;0;0;;0;0;;;B;;;;0;UN;2025;;;S;WE;0;BRL;;;0;0;UN;UN;0;0;;
CDFL;4500124107;;;100;0;0;805431;BLOCO DE CONTATO 2NA+2NF AZ BFC0-22;101;EM Entrada mercador.;180032891;1003818;5000227513;2;11/09/2025;22/09/2025;22/09/2025;16:15:33;20;1.415,60;CUST;ESTOQUE_AME;MDCOSTA;;;;;;;;;20;UN;CDFL - CD FLORES;;0;20;20;AMEN;;;;0;0;0;;0;0;;;B;;;;0;UN;2025;;;S;WE;0;BRL;;;0;0;UN;UN;0;0;;
CDFL;4500117720;;;70;0;0;805437;CORDAO OPTICO SM 9/125 LC-UPC/LC-UPC 10M;101;EM Entrada mercador.;180031572;1025265;5000212200;1;02/06/2025;01/07/2025;01/07/2025;15:54:07;20;2.205,00;CUST;ESTOQUE_AME;MDCOSTA;;;;;;;;;20;UN;CDFL - CD FLORES;;0;20;20;AMEN;;;;0;0;0;;0;0;;;B;;;;0;UN;2025;;;S;WE;0;BRL;;;0;0;UN;UN;0;0;;
CDFL;4500117720;;;80;0;0;805443;CORDAO OPTICO SM 9/125 SC-PC/SC-PC 10M#;101;EM Entrada mercador.;180031572;1025265;5000212200;2;02/06/2025;01/07/2025;01/07/2025;15:54:07;20;2.334,60;CUST;ESTOQUE_AME;MDCOSTA;;;;;;;;;20;UN;CDFL - CD FLORES;;0;20;20;AMEN;;;;0;0;0;;0;0;;;B;;;;0;UN;2025;;;S;WE;0;BRL;;;0;0;UN;UN;0;0;;
CDFL;4500117720;;;90;0;0;805444;CORDAO OPTICO SM 9/125 SC-PC/SC-PC 04M;101;EM Entrada mercador.;180031572;1025265;5000212200;3;02/06/2025;01/07/2025;01/07/2025;15:54:07;20;1.647,80;CUST;ESTOQUE_AME;MDCOSTA;;;;;;;;;20;UN;CDFL - CD FLORES;;0;20;20;AMEN;;;;0;0;0;;0;0;;;B;;;;0;UN;2025;;;S;WE;0;BRL;;;0;0;UN;UN;0;0;;
CDFL;4500117720;;;100;0;0;805445;CORDAO OPTICO SM 9/125 SC-PC/SC-PC 20M;101;EM Entrada mercador.;180031572;1025265;5000212200;4;02/06/2025;01/07/2025;01/07/2025;15:54:07;20;2.888,80;CUST;ESTOQUE_AME;MDCOSTA;;;;;;;;;20;UN;CDFL - CD FLORES;;0;20;20;AMEN;;;;0;0;0;;0;0;;;B;;;;0;UN;2025;;;S;WE;0;BRL;;;0;0;UN;UN;0;0;;
CDFL;4500117720;;;110;0;0;805446;CORD OPT MM62,5/125 MTRJ-MACHO/ST-PC 25M;101;EM Entrada mercador.;180031572;1025265;5000212200;5;02/06/2025;01/07/2025;01/07/2025;15:54:07;20;4.107,00;CUST;ESTOQUE_AME;MDCOSTA;;;;;;;;;20;UN;CDFL - CD FLORES;;0;20;20;AMEN;;;;0;0;0;;0;0;;;B;;;;0;UN;2025;;;S;WE;0;BRL;;;0;0;UN;UN;0;0;;
CDFL;4500117720;;;120;0;0;805447;CORDAO OPTICO MM 62,5/125 LC-PC/LC-PC25M;101;EM Entrada mercador.;180031572;1025265;5000212200;6;02/06/2025;01/07/2025;01/07/2025;15:54:07;20;6.313,00;CUST;ESTOQUE_AME;MDCOSTA;;;;;;;;;20;UN;CDFL - CD FLORES;;0;20;20;AMEN;;;;0;0;0;;0;0;;;B;;;;0;UN;2025;;;S;WE;0;BRL;;;0;0;UN;UN;0;0;;
CDFL;4500124107;;;150;0;0;805448;CONTATOR 12CWB12-11-30C13 12A;101;EM Entrada mercador.;180033082;1003818;5000229412;1;18/09/2025;02/10/2025;02/10/2025;08:33:41;15;4.413,30;CUST;ESTOQUE_AME;MDCOSTA;;;;;;;;;15;UN;CDFL - CD FLORES;;0;15;15;AMEN;;;;0;0;0;;0;0;;;B;;;;0;UN;2025;;;S;WE;0;BRL;;;0;0;UN;UN;0;0;;
CDFL;4500124107;;;150;0;0;805448;CONTATOR 12CWB12-11-30C13 12A;101;EM Entrada mercador.;180032664;1003818;5000224157;1;25/08/2025;10/09/2025;10/09/2025;10:10:17;5;1.471,10;CUST;ESTOQUE_AME;MDCOSTA;;;;;;;;;5;UN;CDFL - CD FLORES;;0;5;5;AMEN;;;;0;0;0;;0;0;;;B;;;;0;UN;2025;;;S;WE;0;BRL;;;0;0;UN;UN;0;0;;
CDFL;4500145288;;;10;0;0;805459;CONECTOR PERF 50-185MM2 15KV COM ESTRIBO;101;EM Entrada mercador.;180035604;1009609;5000260112;1;30/03/2026;15/04/2026;15/04/2026;12:26:23;960;155.627,52;CUST;ESTOQUE_AME;LPEIXOTO;;;;;;;;;960;UN;CDFL - CD FLORES;;0;960;960;AMEN;;;;0;0;0;;0;0;;;B;;;;0;UN;2026;;;S;WE;0;BRL;;;0;0;UN;UN;17.164,80;12.587,52;;
CDFL;4500145288;;;10;0;0;805459;CONECTOR PERF 50-185MM2 15KV COM ESTRIBO;101;EM Entrada mercador.;180035603;1009609;5000260111;1;30/03/2026;15/04/2026;15/04/2026;12:21:31;1.060;171.838,72;CUST;ESTOQUE_AME;LPEIXOTO;;;;;;;;;1.060;UN;CDFL - CD FLORES;;0;1.060;1.060;AMEN;;;;0;0;0;;0;0;;;B;;;;0;UN;2026;;;S;WE;0;BRL;;;0;0;UN;UN;18.952,80;13.898,72;;
CDFL;4500145288;;;10;0;0;805459;CONECTOR PERF 50-185MM2 15KV COM ESTRIBO;101;EM Entrada mercador.;180035111;1009609;5000254408;1;25/02/2026;09/03/2026;09/03/2026;09:23:33;1.000;162.112,00;CUST;ESTOQUE_AME;MDCOSTA;;;;;;;;;1.000;UN;CDFL - CD FLORES;;0;1.000;1.000;AMEN;;;;0;0;0;;0;0;;;B;;;;0;UN;2026;;;S;WE;0;BRL;;;0;0;UN;UN;17.880,00;13.112,00;;
CDFL;4500133892;;;10;0;0;805459;CONECTOR PERF 50-185MM2 15KV COM ESTRIBO;101;EM Entrada mercador.;180034043;1009609;5000241305;1;24/11/2025;11/12/2025;11/12/2025;15:12:41;600;97.267,20;CUST;ESTOQUE_AME;MDCOSTA;;;;;;;;;600;UN;CDFL - CD FLORES;;0;600;600;AMEN;;;;0;0;0;;0;0;;;B;;;;0;UN;2025;;;S;WE;0;BRL;;;0;0;UN;UN;10.728,00;7.867,20;;
CDFL;4500126024;;;10;0;0;805471;ELETRODUTO CORRUG KANAFLEX 6P;101;EM Entrada mercador.;180032079;1003818;5000217958;1;04/08/2025;07/08/2025;07/08/2025;09:52:24;100;4.671,00;CUST;ESTOQUE_AME;MDCOSTA;;;;;;;;;100;UN;CDFL - CD FLORES;;0;100;100;AMEN;;;;0;0;0;;0;0;;;B;;;;0;UN;2025;;;S;WE;0;BRL;;;0;0;UN;UN;0;0;;
CDFL;4500127970;;;30;0;0;805480;CHAVE DE IMPACTO 18V-450NM;101;EM Entrada mercador.;180032480;1021840;5000221814;2;22/08/2025;27/08/2025;27/08/2025;10:29:06;3;3.807,03;CUST;ESTOQUE_AME;MDCOSTA;;;;;;;;;3;UN;CDFL - CD FLORES;;0;3;3;AMEN;;;;0;0;0;;0;0;;;B;;;;0;UN;2025;;;S;WE;0;BRL;;;0;0;UN;UN;761,4;0;;
CDFL;4500127970;;;40;0;0;805481;BATERIA LI-ON GBA 18V;101;EM Entrada mercador.;180032480;1021840;5000221814;1;22/08/2025;27/08/2025;27/08/2025;10:29:06;3;1.521,10;CUST;ESTOQUE_AME;MDCOSTA;;;;;;;;;3;UN;CDFL - CD FLORES;;0;3;3;AMEN;;;;0;0;0;;0;0;;;B;;;;0;UN;2025;;;S;WE;0;BRL;;;0;0;UN;UN;304,22;0;;
CDFL;4500124107;;;160;0;0;805483;RELE FALTA DE FASE 1 NA/NF 380-480 VCA;101;EM Entrada mercador.;180032293;1003818;5000219333;8;28/07/2025;15/08/2025;15/08/2025;08:32:17;20;3.958,40;CUST;ESTOQUE_AME;MDCOSTA;;;;;;;;;20;UN;CDFL - CD FLORES;;0;20;20;AMEN;;;;0;0;0;;0;0;;;B;;;;0;UN;2025;;;S;WE;0;BRL;;;0;0;UN;UN;0;0;;
CDFL;4500124107;;;170;0;0;805484;RELE FALTA/INVER FAS 1NA/NF 220-440VCA;101;EM Entrada mercador.;180033648;1003818;5000235257;1;06/10/2025;11/11/2025;11/11/2025;07:54:02;18;3.600,00;CUST;ESTOQUE_AME;MDCOSTA;;;;;;;;;18;UN;CDFL - CD FLORES;;0;18;18;AMEN;;;;0;0;0;;0;0;;;B;;;;0;UN;2025;;;S;WE;0;BRL;;;0;0;UN;UN;0;0;;
CDFL;4500124107;;;170;0;0;805484;RELE FALTA/INVER FAS 1NA/NF 220-440VCA;101;EM Entrada mercador.;180032293;1003818;5000219333;9;28/07/2025;15/08/2025;15/08/2025;08:32:17;2;400;CUST;ESTOQUE_AME;MDCOSTA;;;;;;;;;2;UN;CDFL - CD FLORES;;0;2;2;AMEN;;;;0;0;0;;0;0;;;B;;;;0;UN;2025;;;S;WE;0;BRL;;;0;0;UN;UN;0;0;;
CDFL;4500127968;;;10;0;0;805485;MOUSE OPTICO CONEXAO USB DELL MS116;101;EM Entrada mercador.;180032641;1007657;5000223590;1;27/08/2025;09/09/2025;09/09/2025;08:17:52;20;2.114,60;CUST;ESTOQUE_AME;MDCOSTA;;;;;;;;;20;UN;CDFL - CD FLORES;;0;20;20;AMEN;;;;0;0;0;;0;0;;;B;;;;0;UN;2025;;;S;WE;0;BRL;;;0;0;UN;UN;0;0;;
CDFL;4500127968;;;20;0;0;805486;TRANSCEPTOR OPTICO MODULAR SFP;101;EM Entrada mercador.;180032641;1007657;5000223590;2;27/08/2025;09/09/2025;09/09/2025;08:17:52;11;3.190,33;CUST;ESTOQUE_AME;MDCOSTA;;;;;;;;;11;UN;CDFL - CD FLORES;;0;11;11;AMEN;;;;0;0;0;;0;0;;;B;;;;0;UN;2025;;;S;WE;0;BRL;;;0;0;UN;UN;0;0;;
CDFL;4500150388;;;120;0;0;805501;CABO ELET FLEXIVEL 3X6MM2 PRETO 0,6/1KV;101;EM Entrada mercador.;180035698;1003949;5000261484;7;15/04/2026;23/04/2026;23/04/2026;16:13:25;200;3.688,00;CUST;ESTOQUE_AME;MDCOSTA;;;;;;;;;200;UN;CDFL - CD FLORES;;0;200;200;AMEN;;;;0;0;0;;0;0;;;B;;;;0;UN;2026;;;S;WE;0;BRL;;;0;0;UN;UN;258,16;0;;
CDFL;4500132922;;;10;0;0;805505;MOTOPODA TOYAMA TPP33TX 2T 1,2HP33CC;101;EM Entrada mercador.;180033641;1026739;5000235216;1;10/11/2025;10/11/2025;10/11/2025;14:27:54;1;2.382,88;CUST;ESTOQUE_AME;MDCOSTA;;;;;;;;;1;UN;CDFL - CD FLORES;;0;1;1;AMEN;;;;0;0;0;;0;0;;;B;;;;0;UN;2025;;;S;WE;0;BRL;;;0;0;UN;UN;476,58;0;;
CDFL;4500132922;;;10;0;0;805505;MOTOPODA TOYAMA TPP33TX 2T 1,2HP33CC;101;EM Entrada mercador.;180033138;1026739;5000230005;1;07/10/2025;07/10/2025;07/10/2025;09:25:06;3;7.148,65;CUST;ESTOQUE_AME;MDCOSTA;;;;;;;;;3;UN;CDFL - CD FLORES;;0;3;3;AMEN;;;;0;0;0;;0;0;;;B;;;;0;UN;2025;;;S;WE;0;BRL;;;0;0;UN;UN;1.429,73;0;;
CDFL;4500132922;;;20;0;0;805506;MOTOSSERRA TOYAMA TCS58F-20TSN;101;EM Entrada mercador.;180033138;1026739;5000230005;2;07/10/2025;07/10/2025;07/10/2025;09:25:06;1;948,23;CUST;ESTOQUE_AME;MDCOSTA;;;;;;;;;1;UN;CDFL - CD FLORES;;0;1;1;AMEN;;;;0;0;0;;0;0;;;B;;;;0;UN;2025;;;S;WE;0;BRL;;;0;0;UN;UN;189,65;0;;
CDFL;4500132922;;;30;0;0;805507;CORRENTE TOYAMA TC37558-68OR 1,5MM 34D;101;EM Entrada mercador.;180033138;1026739;5000230005;3;07/10/2025;07/10/2025;07/10/2025;09:25:06;1;105;CUST;ESTOQUE_AME;MDCOSTA;;;;;;;;;1;UN;CDFL - CD FLORES;;0;1;1;AMEN;;;;0;0;0;;0;0;;;B;;;;0;UN;2025;;;S;WE;0;BRL;;;0;0;UN;UN;21;0;;
CDFL;4500132904;;;40;0;0;805508;CORRENTE 3/8 1.1MM 22 DNT HT/135;101;EM Entrada mercador.;180033163;1007359;5000230270;1;02/10/2025;08/10/2025;08/10/2025;11:00:16;220;778,8;CUST;ESTOQUE_AME;MDCOSTA;;;;;;;;;220;UN;CDFL - CD FLORES;;0;220;220;AMEN;;;;0;0;0;;0;0;;;B;;;;0;UN;2025;;;S;WE;0;BRL;;;0;0;UN;UN;155,76;0;;
CDFL;4500148663;;;10;0;0;805521;MULTIMETRO DIGITAL FLUKE 15B+;101;EM Entrada mercador.;180035878;1008610;5000263015;1;06/05/2026;08/05/2026;08/05/2026;16:09:55;8; R$ 7.219,84 ;CUST;ESTOQUE_AME;LPEIXOTO;;;;;;;;;8;UN;CDFL - CD FLORES;;0;8;8;AMEN;;;;0;0;0;;0;0;;;B;;;;0;UN;2026;;;S;WE;0;BRL;;;0;0;UN;UN;0;0;;
CDFL;4500148663;;;10;0;0;805521;MULTIMETRO DIGITAL FLUKE 15B+;101;EM Entrada mercador.;180035464;1008610;5000257820;1;30/03/2026;02/04/2026;02/04/2026;08:46:00;1;902,48;CUST;ESTOQUE_AME;MDCOSTA;;;;;;;;;1;UN;CDFL - CD FLORES;;0;1;1;AMEN;;;;0;0;0;;0;0;;;B;;;;0;UN;2026;;;S;WE;0;BRL;;;0;0;UN;UN;0;0;;
CDFL;4500133713;;;40;0;0;805532;CARTUCHO QUIM 6003 VAPORES ORG E GASES A;101;EM Entrada mercador.;180033527;1003818;5000234221;1;21/10/2025;30/10/2025;30/10/2025;10:23:45;2;180;CUST;ESTOQUE_AME;MDCOSTA;;;;;;;;;2;UN;CDFL - CD FLORES;;0;2;2;AMEN;;;;0;0;0;;0;0;;;B;;;;0;UN;2025;;;S;WE;0;BRL;;;0;0;UN;UN;36;0;;
CDFL;4500133713;;;10;0;0;805532;CARTUCHO QUIM 6003 VAPORES ORG E GASES A;101;EM Entrada mercador.;180033358;1003818;5000232561;3;13/10/2025;20/10/2025;20/10/2025;11:33:18;6;540;CUST;ESTOQUE_AME;MDCOSTA;;;;;;;;;6;UN;CDFL - CD FLORES;;0;6;6;AMEN;;;;0;0;0;;0;0;;;B;;;;0;UN;2025;;;S;WE;0;BRL;;;0;0;UN;UN;108;0;;
CDFL;4500132904;;;50;0;0;805540;LIMA P/MOTOSERRA GROSSA 8X7/32P S/CABO;101;EM Entrada mercador.;180033163;1007359;5000230270;4;02/10/2025;08/10/2025;08/10/2025;11:00:16;10;95;CUST;ESTOQUE_AME;MDCOSTA;;;;;;;;;10;UN;CDFL - CD FLORES;;0;10;10;AMEN;;;;0;0;0;;0;0;;;B;;;;0;UN;2025;;;S;WE;0;BRL;;;0;0;UN;UN;0;0;;
CDFL;4500132904;;;60;0;0;805541;LIMA RED STIHL 4X200 3/8 1,1MM PMNC;101;EM Entrada mercador.;180033163;1007359;5000230270;3;02/10/2025;08/10/2025;08/10/2025;11:00:16;20;190;CUST;ESTOQUE_AME;MDCOSTA;;;;;;;;;20;UN;CDFL - CD FLORES;;0;20;20;AMEN;;;;0;0;0;;0;0;;;B;;;;0;UN;2025;;;S;WE;0;BRL;;;0;0;UN;UN;0;0;;
CDFL;4500132904;;;70;0;0;805542;CORRENTE FINA 3/8 STIHL MS210/250 PICCO;101;EM Entrada mercador.;180033163;1007359;5000230270;2;02/10/2025;08/10/2025;08/10/2025;11:00:16;336;1.115,53;CUST;ESTOQUE_AME;MDCOSTA;;;;;;;;;336;UN;CDFL - CD FLORES;;0;336;336;AMEN;;;;0;0;0;;0;0;;;B;;;;0;UN;2025;;;S;WE;0;BRL;;;0;0;UN;UN;223,1;0;;
CDFL;4500134071;;;10;0;0;805549;CARREGADOR BATERIA DIG K21 L 12/24V;101;EM Entrada mercador.;180033663;1003818;5000235361;1;15/10/2025;11/11/2025;11/11/2025;09:55:41;1;800,96;CUST;ESTOQUE_AME;MDCOSTA;;;;;;;;;1;UN;CDFL - CD FLORES;;0;1;1;AMEN;;;;0;0;0;;0;0;;;B;;;;0;UN;2025;;;S;WE;0;BRL;;;0;0;UN;UN;160,19;0;;
CDFL;4500138869;;;40;0;0;805550;CHAVE COMBINADA CATRACA 30MM;101;EM Entrada mercador.;180034104;1003818;5000242112;2;11/12/2025;16/12/2025;16/12/2025;08:50:33;1;75,4;CUST;ESTOQUE_AME;MDCOSTA;;;;;;;;;1;UN;CDFL - CD FLORES;;0;1;1;AMEN;;;;0;0;0;;0;0;;;B;;;;0;UN;2025;;;S;WE;0;BRL;;;0;0;UN;UN;15,08;0;;
CDFL;4500141563;;;40;0;0;805551;CHAVE COMBINADA CATRACA 32MM;101;EM Entrada mercador.;180034573;1007229;5000248079;2;22/12/2025;28/01/2026;28/01/2026;15:38:49;1;150,41;CUST;ESTOQUE_AME;MDCOSTA;;;;;;;;;1;UN;CDFL - CD FLORES;;0;1;1;AMEN;;;;0;0;0;;0;0;;;B;;;;0;UN;2026;;;S;WE;0;BRL;;;0;0;UN;UN;30,08;0;;
CDFL;4500135950;;;10;0;0;805553;MANGA PALETE EM PP CORRUGADO;101;EM Entrada mercador.;180034035;1009385;5000241095;1;04/12/2025;11/12/2025;11/12/2025;11:13:03;5;3.969,30;CUST;ESTOQUE_AME;MDCOSTA;;;;;;;;;5;UN;CDFL - CD FLORES;;0;5;5;AMEN;;;;0;0;0;;0;0;;;B;;;;0;UN;2025;;;S;WE;0;BRL;;;0;0;UN;UN;793,86;0;;
CDFL;4500135950;;;20;0;0;805554;PALETE PADRAO PRETO-SEM TRAVA E SEM LOGO;101;EM Entrada mercador.;180034035;1009385;5000241095;2;04/12/2025;11/12/2025;11/12/2025;11:13:03;10;4.741,60;CUST;ESTOQUE_AME;MDCOSTA;;;;;;;;;10;UN;CDFL - CD FLORES;;0;10;10;AMEN;;;;0;0;0;;0;0;;;B;;;;0;UN;2025;;;S;WE;0;BRL;;;0;0;UN;UN;0;0;;
CDFL;4500135763;;;20;0;0;805559;MUFLA TERMINAL EXT POLIM 25-150MM2;101;EM Entrada mercador.;180033768;1003818;5000236343;2;06/11/2025;17/11/2025;17/11/2025;11:43:06;6;2.080,80;CUST;ESTOQUE_AME;MDCOSTA;;;;;;;;;6;UN;CDFL - CD FLORES;;0;6;6;AMEN;;;;0;0;0;;0;0;;;B;;;;0;UN;2025;;;S;WE;0;BRL;;;0;0;UN;UN;0;0;;
CDFL;4500138753;;;20;0;0;805563;BATERIA LI-ION 40V MA 8.0AH XGT 4080F;101;EM Entrada mercador.;180034531;1027094;5000247780;3;13/01/2026;26/01/2026;26/01/2026;15:15:46;4;8.249,00;CUST;ESTOQUE_AME;MDCOSTA;;;;;;;;;4;UN;CDFL - CD FLORES;;0;4;4;AMEN;;;;0;0;0;;0;0;;;B;;;;0;UN;2026;;;S;WE;0;BRL;;;0;0;UN;UN;0;0;;
CDFL;4500138753;;;30;0;0;805564;CARREGADOR DUPLO RAPIDO DC40RB BIVOLT;101;EM Entrada mercador.;180034531;1027094;5000247780;2;13/01/2026;26/01/2026;26/01/2026;15:15:46;1;1.820,00;CUST;ESTOQUE_AME;MDCOSTA;;;;;;;;;1;UN;CDFL - CD FLORES;;0;1;1;AMEN;;;;0;0;0;;0;0;;;B;;;;0;UN;2026;;;S;WE;0;BRL;;;0;0;UN;UN;0;0;;
CDFL;4500150256;;;10;0;0;805627;TERMINAL COMPRESSÃO 400MM2;101;EM Entrada mercador.;180035471;1003818;5000257863;1;30/03/2026;02/04/2026;02/04/2026;11:22:51;4;356,92;CUST;ESTOQUE_AME;MDCOSTA;;;;;;;;;4;UN;CDFL - CD FLORES;;0;4;4;AMEN;;;;0;0;0;;0;0;;;B;;;;0;UN;2026;;;S;WE;0;BRL;;;0;0;UN;UN;0;0;;
CDFL;4500152896;;;20;0;0;805642;FLANELA LIMPEZA BORDA CHUL AM 330X580MM;101;EM Entrada mercador.;180035956;1014316;5000263807;1;04/05/2026;15/05/2026;15/05/2026;09:16:20;60; R$ 168,00 ;CUST;ESTOQUE_AME;LPEIXOTO;;;;;;;;;60;UN;CDFL - CD FLORES;;0;60;60;AMEN;;;;0;0;0;;0;0;;;B;;;;0;UN;2026;;;S;WE;0;BRL;;;0;0;UN;UN;33,6;0;;
;;;;;;;;;;;;;;;;;;;;;;;;;;;;;;;;165.497;KG;;;;;165.497;;;;;;;;;;;;;;;;;;;;;;;;;;;;;;;KG;;;;
;;;;;;;;;;;;;;;;;;;;;;;;;;;;;;;;31;CX;;;;;31;;;;;;;;;;;;;;;;;;;;;;;;;;;;;;;CX;;;;
;;;;;;;;;;;;;;;;;;;;;;;;;;;;;;;;1.980.702;M;;;;;1.980.702;;;;;;;;;;;;;;;;;;;;;;;;;;;;;;;M;;;;
;;;;;;;;;;;;;;;;;;;;;;;;;;;;;;;;970;PAR;;;;;970;;;;;;;;;;;;;;;;;;;;;;;;;;;;;;;PAR;;;;
;;;;;;;;;;;;;;;;;;;;;;;;;;;;;;;;2.958;PEÇ;;;;;2.958;;;;;;;;;;;;;;;;;;;;;;;;;;;;;;;PEÇ;;;;
;;;;;;;;;;;;;;;;;;;;;;;;;;;;;;;;2.615.054,48;UN;;;;;2.615.054,48;;;;;;;;;;;;;;;;;;;;;;;;;;;;;;;UN;;;;
