Documento de compras;Item;Contrato básico;It.contrato superior;Fornecedor/centro fornecedor;Tipo doc.compras;Ctg.doc.compras;Grupo de compradores;Histórico pedido/docum.SolRem.;Data do documento;Código de imposto;Material;Texto breve;Grupo de mercadorias;Código de eliminação;Categoria do item;Ctg.class.cont.;Centro;Depósito;Qtd.pedido;UM pedido;Qtd.na UnidGestEstoq;Unidade manutenção estoque;Preço líquido;Moeda;Unidade preço;Quantidade prevista;Qtd.prev.pendente;a ser fornecida (quantidade);a ser fornecido (valor;Ãinda a faturar (quantidade);Ainda a faturar (valor);Núm.itens;Domicílio fiscal;Valor líquido pedido;Qtd.notificada
4500144903;10;4600003047;20;1003137    INCESA INDUSTRIA DE COMPONENTES ELE;NB;F;A03;;29/01/2026;C1;402307;CONECTOR PERF AL 25-185MM2 / 1,5-35MM2;MC12002;;;;CDFL;INVT;29.450;UN;29.450;UN;61,60;BRL;1;0;0;0;0,00;0;0,00;1;ZF 1302603;1.814.214,24;41.700
4500144903;20;4600003047;30;1003137    INCESA INDUSTRIA DE COMPONENTES ELE;NB;F;A03;;29/01/2026;C1;801240;CONECTOR PERF AL 25-185MM2 / 1,5-35MM2;MC12002;;;;CDFL;CUST;3.000;UN;3.000;UN;61,60;BRL;1;0;0;0;0,00;0;0,00;1;ZF 1302603;184.809,60;3.000
4500145746;10;4600003113;10;1003137    INCESA INDUSTRIA DE COMPONENTES ELE;NB;F;A12;;10/02/2026;C1;401834;CONECTOR PARAL AL 10AWG-1/0AWG;MC10301;;;;CDFL;INVT;2.230;UN;2.230;UN;9,64;BRL;1;0;0;0;0,00;0;0,00;1;ZF 1302603;21.506,34;2.230
4500145746;20;4600003113;20;1003137    INCESA INDUSTRIA DE COMPONENTES ELE;NB;F;A12;;10/02/2026;C1;801373;CONECTOR PARAL AL 10AWG-1/0AWG;MC10301;;;;CDFL;CUST;2.780;UN;2.780;UN;9,64;BRL;1;0;0;0;0,00;0;0,00;1;ZF 1302603;26.810,60;2.780
4500150061;10;4600003556;10;1003137    INCESA INDUSTRIA DE COMPONENTES ELE;NB;F;GAE;;20/03/2026;C1;800717;GRAMPO LV OLHAL 18MM 10-120/10-70MM2;MC12002;;;;CDFL;CUST;997;UN;997;UN;59,96;BRL;1;0;0;0;0,00;0;0,00;1;ZF 1302603;59.777,23;997
4500150182;10;4600003529;10;1003137    INCESA INDUSTRIA DE COMPONENTES ELE;NB;F;A12;;24/03/2026;C1;400512;CONECTOR DER CUNHA AL 1/0AWG 336,4MCM;MC12002;;;;CDFL;INVT;352;UN;352;UN;32,35;BRL;1;0;0;0;0,00;0;0,00;1;ZF 1302603;11.385,58;352
4500150182;20;4600003529;20;1003137    INCESA INDUSTRIA DE COMPONENTES ELE;NB;F;A12;;24/03/2026;C1;401034;CONECTOR DER CUNH AZ AL 4/0 2/0 336,4MCM;MC12002;;;;CDFL;INVT;1.327;UN;1.327;UN;10,76;BRL;1;0;0;0;0,00;0;0,00;1;ZF 1302603;14.278,65;1.327
4500150182;30;4600003529;30;1003137    INCESA INDUSTRIA DE COMPONENTES ELE;NB;F;A12;;24/03/2026;C1;402185;CONECTOR DER CUNHA ESTRIBO 336,4 MCM;MC12002;;;;CDFL;INVT;47;UN;47;UN;28,81;BRL;1;0;0;47;1.354,14;47;1.354,14;1;ZF 1302603;1.354,14;0
4500150182;40;4600003529;40;1003137    INCESA INDUSTRIA DE COMPONENTES ELE;NB;F;A12;;24/03/2026;C1;800813;CONECTOR DER CUNH AZ AL 2/0 4/0 336,4MCM;MC12002;;;;CDFL;CUST;549;UN;549;UN;10,76;BRL;1;0;0;0;0,00;0;0,00;1;ZF 1302603;5.907,29;549
4500150182;50;4600003529;50;1003137    INCESA INDUSTRIA DE COMPONENTES ELE;NB;F;A12;;24/03/2026;C1;800557;CONECTOR DER CUNHA ESTRIBO 336,4 MCM;MC12002;;;;CDFL;CUST;6;UN;6;UN;28,81;BRL;1;0;0;0;0,00;0;0,00;1;ZF 1302603;172,87;6
4500150184;10;4600003516;10;1003137    INCESA INDUSTRIA DE COMPONENTES ELE;NB;F;A01;;25/03/2026;C1;401566;CONECTOR PARAL AL 4/0AWG 1/0AWG;MC10301;;;;CDFL;INVT;3.000;UN;3.000;UN;9,20;BRL;1;0;0;0;0,00;0;0,00;1;ZF 1302603;27.593,10;3.000
4500150184;20;4600003516;20;1003137    INCESA INDUSTRIA DE COMPONENTES ELE;NB;F;A01;;25/03/2026;C1;800889;CONECTOR PARAL AL 4/0AWG 1/0AWG;MC10301;;;;CDFL;CUST;1.300;UN;1.300;UN;9,20;BRL;1;0;0;0;0,00;0;0,00;1;ZF 1302603;11.957,01;1.300
4500150197;10;4600003516;30;1003137    INCESA INDUSTRIA DE COMPONENTES ELE;NB;F;A01;;25/03/2026;C1;410200; CONECTOR COMP TIPO H 95-95;MC12002;;;;CDFL;INVT;6.000;UN;6.000;UN;4,22;BRL;1;0;0;0;0,00;0;0,00;1;ZF 1302603;25.333,20;6.000
4500150425;10;4600003516;40;1003137    INCESA INDUSTRIA DE COMPONENTES ELE;NB;F;A01;;07/04/2026;C1;410200; CONECTOR COMP TIPO H 95-95;MC12002;;;;CDFL;INVT;15.000;UN;15.000;UN;4,22;BRL;1;0;0;0;0,00;0;0,00;1;ZF 1302603;63.333,00;15.000
4500150427;10;4600003564;30;1003137    INCESA INDUSTRIA DE COMPONENTES ELE;NB;F;GAE;;07/04/2026;C1;800717;GRAMPO LV OLHAL 18MM 10-120/10-70MM2;MC12002;;;;CDFL;CUST;1.214;UN;1.214;UN;48,17;BRL;1;0;0;0;0,00;0;0,00;1;ZF 1302603;58.483,24;1.214
4500150427;20;4600003564;40;1003137    INCESA INDUSTRIA DE COMPONENTES ELE;NB;F;GAE;;07/04/2026;C7;400142;GRAMPO LV OLHAL 18MM 10-120/10-70MM2;MC12002;;;;CDFL;INVT;2.000;UN;2.000;UN;43,38;BRL;1;0;0;0;0,00;0;0,00;1;ZF 1302603;86.765,00;2.000
4500152313;10;4600003516;10;1003137    INCESA INDUSTRIA DE COMPONENTES ELE;NB;F;A01;;17/04/2026;C1;401566;CONECTOR PARAL AL 4/0AWG 1/0AWG;MC10301;;;;CDFL;INVT;3.382;UN;3.382;UN;9,20;BRL;1;0;0;3.382;31.106,62;3.382;31.106,62;1;ZF 1302603;31.106,62;0
4500152335;10;4600003516;20;1003137    INCESA INDUSTRIA DE COMPONENTES ELE;NB;F;A01;;20/04/2026;C1;800889;CONECTOR PARAL AL 4/0AWG 1/0AWG;MC10301;;;;CDFL;CUST;2.838;UN;2.838;UN;9,20;BRL;1;0;0;2.838;26.103,07;2.838;26.103,07;1;ZF 1302603;26.103,07;0
4500152512;10;4600003047;70;1003137    INCESA INDUSTRIA DE COMPONENTES ELE;NB;F;A01;;22/04/2026;C1;402307;CONECTOR PERF 4 SAÍDAS 25-240MM2/1,5-35M;MC12002;;;;CDFL;INVT;15.000;UN;15.000;UN;60,08;BRL;1;0;0;0;0,00;0;0,00;1;ZF 1302603;901.170,00;15.000
4500155704;10;4600003047;70;1003137    INCESA INDUSTRIA DE COMPONENTES ELE;NB;F;A01;;25/05/2026;C1;402307;CONECTOR PERF 4 SAÍDAS 25-240MM2/1,5-35M;MC12002;;;;CDFL;INVT;41.643;UN;41.643;UN;60,08;BRL;1;0;0;41.643;2.501.828,15;41.643;2.501.828,15;1;ZF 1302603;2.501.828,15;0
4500156070;10;4600003516;40;1003137    INCESA INDUSTRIA DE COMPONENTES ELE;NB;F;A01;;29/05/2026;C1;410200; CONECTOR COMP TIPO H 95-95;MC12002;;;;CDFL;INVT;5.000;UN;5.000;UN;4,22;BRL;1;0;0;5.000;21.111,00;5.000;21.111,00;1;ZF 1302603;21.111,00;0
4500147275;10;;0;1003152    ROMAGNOLE PRODUTOS ELETRICOS S.A.;NB;F;GAE;;20/02/2026;C1;800966;PARAFUSO OLH AC 16MM 450MM;MC01301;;;;CDFL;CUST;145;UN;145;UN;20,96;BRL;1;0;0;145;3.039,52;145;3.039,52;1;ZF 1302603;3.039,52;0
4500147275;20;;0;1003152    ROMAGNOLE PRODUTOS ELETRICOS S.A.;NB;F;GAE;;20/02/2026;C1;800108;PARAFUSO CAB ABA AC 16MM 45MM;MC01301;;;;CDFL;CUST;371;UN;371;UN;2,42;BRL;1;0;0;371;897,08;371;897,08;1;ZF 1302603;897,08;0
4500150392;10;4600003552;180;1003152    ROMAGNOLE PRODUTOS ELETRICOS S.A.;NB;F;GAE;;06/04/2026;C1;800256;BRACO SUPORTE TIPO C 580X365MM 851/6;MC12002;;;;CDFL;CUST;87;UN;87;UN;85,44;BRL;1;0;0;0;0,00;0;0,00;1;ZF 1302603;7.433,20;87
4500150392;20;4600003552;190;1003152    ROMAGNOLE PRODUTOS ELETRICOS S.A.;NB;F;GAE;;06/04/2026;C1;401485;BRACO SUPORTE TIPO C 580X365MM 851/6;MC12002;;;;CDFL;INVT;874;UN;874;UN;85,44;BRL;1;0;0;0;0,00;0;0,00;1;ZF 1302603;74.673,77;874
4500150392;30;4600003552;200;1003152    ROMAGNOLE PRODUTOS ELETRICOS S.A.;NB;F;GAE;;06/04/2026;C1;801256;PERFIL U AC 76X900MM REDE COMPACTA;MC10701;;;;CDFL;CUST;19;UN;19;UN;77,31;BRL;1;0;0;0;0,00;0;0,00;1;ZF 1302603;1.468,91;19
4500150392;40;4600003552;210;1003152    ROMAGNOLE PRODUTOS ELETRICOS S.A.;NB;F;GAE;;06/04/2026;C1;403931;BRAÇO SUPORTE TIPO L HORIZONTAL  15 KV;MC12002;;;;CDFL;INVT;4;UN;4;UN;66,04;BRL;1;0;0;0;0,00;0;0,00;1;ZF 1302603;264,16;4
4500150392;50;4600003552;220;1003152    ROMAGNOLE PRODUTOS ELETRICOS S.A.;NB;F;GAE;;06/04/2026;C1;800392;FIXADOR PERFIL U AC 150DAN 300DAN;MC10701;;;;CDFL;CUST;42;UN;42;UN;15,18;BRL;1;0;0;0;0,00;0;0,00;1;ZF 1302603;637,46;42
4500150392;60;4600003552;230;1003152    ROMAGNOLE PRODUTOS ELETRICOS S.A.;NB;F;GAE;;06/04/2026;C1;800499;MAO-FRANCESA NORMAL AC 710X32X6,5MM;MC10701;;;;CDFL;CUST;1.087;UN;1.087;UN;12,73;BRL;1;0;0;1.087;13.839,36;1.087;13.839,36;1;ZF 1302603;13.839,36;1.087
4500150392;70;4600003552;240;1003152    ROMAGNOLE PRODUTOS ELETRICOS S.A.;NB;F;GAE;;06/04/2026;C1;801379;SELA CRUZETA POSTE AC 115MM 18MM;MC12002;;;;CDFL;CUST;67;UN;67;UN;8,39;BRL;1;0;0;0;0,00;0;0,00;1;ZF 1302603;562,04;67
4500150392;80;4600003552;250;1003152    ROMAGNOLE PRODUTOS ELETRICOS S.A.;NB;F;GAE;;06/04/2026;C1;404719;FIXADOR PERFIL U AC 150DAN 300DAN;MC10701;;;;CDFL;INVT;2.219;UN;2.219;UN;15,18;BRL;1;0;0;0;0,00;0;0,00;1;ZF 1302603;33.679,09;2.219
4500150392;90;4600003552;260;1003152    ROMAGNOLE PRODUTOS ELETRICOS S.A.;NB;F;GAE;;06/04/2026;C1;401117;MAO-FRANCESA NORMAL AC 710X32X6,5MM;MC10701;;;;CDFL;INVT;4.400;UN;4.400;UN;12,73;BRL;1;0;0;4.400;56.019,48;4.400;56.019,48;1;ZF 1302603;56.019,48;4.400
4500150392;100;4600003552;270;1003152    ROMAGNOLE PRODUTOS ELETRICOS S.A.;NB;F;GAE;;06/04/2026;C1;401844;PERFIL U AC 76X900MM REDE COMPACTA;MC01206;;;;CDFL;INVT;2.361;UN;2.361;UN;77,31;BRL;1;0;0;0;0,00;0;0,00;1;ZF 1302603;182.531,03;2.361
4500150402;10;4600003552;280;1003152    ROMAGNOLE PRODUTOS ELETRICOS S.A.;NB;F;GAE;;06/04/2026;C1;800192;AFASTADOR REDE SEC AC 700MM 500MM;MC12002;;;;CDFL;CUST;12;UN;12;UN;126,79;BRL;1;0;0;0;0,00;0;0,00;1;ZF 1302603;1.521,44;12
4500150402;20;4600003552;290;1003152    ROMAGNOLE PRODUTOS ELETRICOS S.A.;NB;F;GAE;;06/04/2026;C1;401375;AFASTADOR REDE SEC AC 700MM 500MM;MC12002;;;;CDFL;INVT;1.559;UN;1.559;UN;126,79;BRL;1;0;0;0;0,00;0;0,00;1;ZF 1302603;197.660,78;1.559
4500151133;10;;0;1003152    ROMAGNOLE PRODUTOS ELETRICOS S.A.;NB;F;GAE;;09/04/2026;C1;400889;HASTE ANCORA AC 2400MM 16MM;MC12002;;;;CDFL;INVT;725;UN;725;UN;40,33;BRL;1;0;0;0;0,00;0;0,00;1;ZF 1302603;29.242,22;725
4500152157;10;4600003549;260;1003152    ROMAGNOLE PRODUTOS ELETRICOS S.A.;NB;F;GAE;;17/04/2026;C1;801044;CINTA POSTE CIRC ACO 190MM;MC12002;;;;CDFL;CUST;130;UN;130;UN;18,90;BRL;1;0;0;0;0,00;0;0,00;1;ZF 1302603;2.456,69;130
4500152157;20;4600003549;270;1003152    ROMAGNOLE PRODUTOS ELETRICOS S.A.;NB;F;GAE;;17/04/2026;C1;400478;CINTA POSTE CIRC ACO 190MM;MC12002;;;;CDFL;INVT;280;UN;280;UN;18,90;BRL;1;0;0;0;0,00;0;0,00;1;ZF 1302603;5.291,33;280
4500152157;30;4600003549;280;1003152    ROMAGNOLE PRODUTOS ELETRICOS S.A.;NB;F;GAE;;17/04/2026;C1;800369;CINTA POSTE CIRC ACO 200MM;MC12002;;;;CDFL;CUST;100;UN;100;UN;19,43;BRL;1;0;0;0;0,00;0;0,00;1;ZF 1302603;1.942,77;100
4500152157;40;4600003549;290;1003152    ROMAGNOLE PRODUTOS ELETRICOS S.A.;NB;F;GAE;;17/04/2026;C1;401892;CINTA POSTE CIRC ACO 200MM;MC12002;;;;CDFL;INVT;450;UN;450;UN;19,43;BRL;1;0;0;0;0,00;0;0,00;1;ZF 1302603;8.742,46;450
4500152157;50;4600003549;300;1003152    ROMAGNOLE PRODUTOS ELETRICOS S.A.;NB;F;GAE;;17/04/2026;C1;800436;CINTA POSTE CIRC ACO 240MM;MC12002;;;;CDFL;CUST;100;UN;100;UN;22,72;BRL;1;0;0;0;0,00;0;0,00;1;ZF 1302603;2.271,99;100
4500152157;60;4600003549;310;1003152    ROMAGNOLE PRODUTOS ELETRICOS S.A.;NB;F;GAE;;17/04/2026;C1;400496;CINTA POSTE CIRC ACO 240MM;MC12002;;;;CDFL;INVT;310;UN;310;UN;22,72;BRL;1;0;0;0;0,00;0;0,00;1;ZF 1302603;7.043,17;310
4500152157;70;4600003549;320;1003152    ROMAGNOLE PRODUTOS ELETRICOS S.A.;NB;F;GAE;;17/04/2026;C1;800431;CINTA POSTE CIRC ACO 250MM;MC12002;;;;CDFL;CUST;220;UN;220;UN;22,84;BRL;1;0;0;0;0,00;0;0,00;1;ZF 1302603;5.024,98;220
4500152157;80;4600003549;330;1003152    ROMAGNOLE PRODUTOS ELETRICOS S.A.;NB;F;GAE;;17/04/2026;C1;402202;CINTA POSTE CIRC ACO 250MM;MC12002;;;;CDFL;INVT;810;UN;810;UN;22,84;BRL;1;0;0;0;0,00;0;0,00;1;ZF 1302603;18.501,05;810
4500152157;110;4600003549;360;1003152    ROMAGNOLE PRODUTOS ELETRICOS S.A.;NB;F;GAE;;17/04/2026;C1;401438;CINTA POSTE CIRC ACO 270MM;MC12002;;;;CDFL;INVT;950;UN;950;UN;23,43;BRL;1;0;0;350;8.199,34;350;8.199,34;1;ZF 1302603;22.255,36;600
4500152157;120;4600003549;370;1003152    ROMAGNOLE PRODUTOS ELETRICOS S.A.;NB;F;GAE;;17/04/2026;C1;401803;CINTA POSTE CIRC ACO 340MM;MC12002;;;;CDFL;INVT;247;UN;247;UN;29,42;BRL;1;0;0;247;7.265,73;247;7.265,73;1;ZF 1302603;7.265,73;0
4500152157;130;4600003549;380;1003152    ROMAGNOLE PRODUTOS ELETRICOS S.A.;NB;F;GAE;;17/04/2026;C1;404054;CINTA POSTE CIRC ACO 380MM;MC10701;;;;CDFL;INVT;280;UN;280;UN;31,60;BRL;1;0;0;280;8.848,39;280;8.848,39;1;ZF 1302603;8.848,39;0
4500152157;140;4600003549;390;1003152    ROMAGNOLE PRODUTOS ELETRICOS S.A.;NB;F;GAE;;17/04/2026;C1;803245;CINTA POSTE DUPLO T ACO 230X125MM;MC12002;;;;CDFL;CUST;25;UN;25;UN;42,36;BRL;1;0;0;25;1.059,04;25;1.059,04;1;ZF 1302603;1.059,04;0
4500152157;150;4600003549;420;1003152    ROMAGNOLE PRODUTOS ELETRICOS S.A.;NB;F;GAE;;17/04/2026;C1;400771;CINTA POSTE ACO 260MM;MC12002;;;;CDFL;INVT;65;UN;65;UN;23,36;BRL;1;0;0;0;0,00;0;0,00;1;ZF 1302603;1.518,50;65
4500152157;160;4600003549;430;1003152    ROMAGNOLE PRODUTOS ELETRICOS S.A.;NB;F;GAE;;17/04/2026;C1;800390;CINTA POSTE ACO 260MM;MC12002;;;;CDFL;CUST;70;UN;70;UN;23,36;BRL;1;0;0;0;0,00;0;0,00;1;ZF 1302603;1.635,31;70
4500152172;10;4600003570;210;1003152    ROMAGNOLE PRODUTOS ELETRICOS S.A.;NB;F;GAE;;17/04/2026;C1;402312;OLHAL PARAFUSO AC 16MM 5000DAN;MC10401;;;;CDFL;INVT;33.733;UN;33.733;UN;9,05;BRL;1;0;0;14.533;131.507,66;14.533;131.507,66;1;ZF 1302603;305.246,54;19.200
4500152172;20;4600003570;220;1003152    ROMAGNOLE PRODUTOS ELETRICOS S.A.;NB;F;GAE;;17/04/2026;C1;801064;PARAFUSO CAB ABA AC 10MM 115MM;MC01301;;;;CDFL;CUST;4.674;UN;4.674;UN;1,43;BRL;1;0;0;4.674;6.694,10;4.674;6.694,10;1;ZF 1302603;6.694,10;0
4500152172;30;4600003570;230;1003152    ROMAGNOLE PRODUTOS ELETRICOS S.A.;NB;F;GAE;;17/04/2026;C1;400930;PARAFUSO CAB ABA AC 10MM 115MM;MC01301;;;;CDFL;INVT;14.824;UN;14.824;UN;1,43;BRL;1;0;0;14.824;21.230,93;14.824;21.230,93;1;ZF 1302603;21.230,93;0
4500152172;40;4600003570;240;1003152    ROMAGNOLE PRODUTOS ELETRICOS S.A.;NB;F;GAE;;17/04/2026;C1;800119;PARAFUSO CAB QD AC 16MM 225MM 300MM;MC01301;;;;CDFL;CUST;4.672;UN;4.672;UN;6,44;BRL;1;0;0;4.672;30.110,57;4.672;30.110,57;1;ZF 1302603;30.110,57;0
4500152172;50;4600003570;250;1003152    ROMAGNOLE PRODUTOS ELETRICOS S.A.;NB;F;GAE;;17/04/2026;C1;401131;PARAFUSO CAB QD AC 16MM 225MM 300MM;MC01301;;;;CDFL;INVT;53.967;UN;53.967;UN;6,44;BRL;1;0;0;39.967;257.583,32;39.967;257.583,32;1;ZF 1302603;347.811,92;14.000
4500152172;60;4600003570;260;1003152    ROMAGNOLE PRODUTOS ELETRICOS S.A.;NB;F;GAE;;17/04/2026;C1;800982;PARAFUSO OLHAL AC 5/8P 20P;MC01301;;;;CDFL;CUST;2.202;UN;2.202;UN;22,33;BRL;1;0;0;2.202;49.169,12;2.202;49.169,12;1;ZF 1302603;49.169,12;0
4500152172;70;4600003570;270;1003152    ROMAGNOLE PRODUTOS ELETRICOS S.A.;NB;F;GAE;;17/04/2026;C1;800541;PORCA QUADRADA AC 16MM 2MM;MC01301;;;;CDFL;CUST;1.527;UN;1.527;UN;0,57;BRL;1;0;0;1.527;866,27;1.527;866,27;1;ZF 1302603;866,27;0
4500152172;80;4600003570;280;1003152    ROMAGNOLE PRODUTOS ELETRICOS S.A.;NB;F;GAE;;17/04/2026;C1;400974;PORCA QUADRADA AC 16MM 2MM;MC01301;;;;CDFL;INVT;14.232;UN;14.232;UN;0,57;BRL;1;0;0;14.232;8.073,81;14.232;8.073,81;1;ZF 1302603;8.073,81;0
4500152173;10;4600003552;300;1003152    ROMAGNOLE PRODUTOS ELETRICOS S.A.;NB;F;GAE;;17/04/2026;C1;401375;AFASTADOR REDE SEC AC 700MM 500MM;MC12002;;;;CDFL;INVT;420;UN;420;UN;126,79;BRL;1;0;0;420;53.250,50;420;53.250,50;1;ZF 1302603;53.250,50;0
4500152173;20;4600003552;310;1003152    ROMAGNOLE PRODUTOS ELETRICOS S.A.;NB;F;GAE;;17/04/2026;C1;800256;BRACO SUPORTE TIPO C 580X365MM 851/6;MC12002;;;;CDFL;CUST;10;UN;10;UN;85,44;BRL;1;0;0;10;854,39;10;854,39;1;ZF 1302603;854,39;0
4500152173;30;4600003552;320;1003152    ROMAGNOLE PRODUTOS ELETRICOS S.A.;NB;F;GAE;;17/04/2026;C1;404719;FIXADOR PERFIL U AC 150DAN 300DAN;MC10701;;;;CDFL;INVT;170;UN;170;UN;15,18;BRL;1;0;0;170;2.580,19;170;2.580,19;1;ZF 1302603;2.580,19;0
4500152173;40;4600003552;330;1003152    ROMAGNOLE PRODUTOS ELETRICOS S.A.;NB;F;GAE;;17/04/2026;C1;800499;MAO-FRANCESA NORMAL AC 710X32X6,5MM;MC10701;;;;CDFL;CUST;50;UN;50;UN;12,73;BRL;1;0;0;50;636,58;50;636,58;1;ZF 1302603;636,58;0
4500152173;50;4600003552;340;1003152    ROMAGNOLE PRODUTOS ELETRICOS S.A.;NB;F;GAE;;17/04/2026;C1;401117;MAO-FRANCESA NORMAL AC 710X32X6,5MM;MC10701;;;;CDFL;INVT;1.290;UN;1.290;UN;12,73;BRL;1;0;0;1.290;16.423,89;1.290;16.423,89;1;ZF 1302603;16.423,89;0
4500152173;60;4600003552;350;1003152    ROMAGNOLE PRODUTOS ELETRICOS S.A.;NB;F;GAE;;17/04/2026;C1;402324;SELA CRUZETA POSTE AC 115MM 18MM;MC12002;;;;CDFL;INVT;580;UN;580;UN;8,39;BRL;1;0;0;580;4.865,39;580;4.865,39;1;ZF 1302603;4.865,39;0
4500152612;10;4600003549;400;1003152    ROMAGNOLE PRODUTOS ELETRICOS S.A.;NB;F;GAE;;24/04/2026;C0;401576;CINTA POSTE CIRC ACO 220MM;MC12002;;;;CDFL;INVT;400;UN;400;UN;22,30;BRL;1;0;0;400;8.920,00;400;8.920,00;1;ZF 1302603;8.920,00;0
4500152612;20;4600003549;410;1003152    ROMAGNOLE PRODUTOS ELETRICOS S.A.;NB;F;GAE;;24/04/2026;C0;800260;CINTA POSTE CIRC ACO 340MM;MC12002;;;;CDFL;CUST;174;UN;174;UN;31,63;BRL;1;0;0;174;5.503,62;174;5.503,62;1;ZF 1302603;5.503,62;0
4500153300;10;4600003553;30;1003152    ROMAGNOLE PRODUTOS ELETRICOS S.A.;NB;F;GAE;;07/05/2026;C1;800496;MANILHA SAPATILHA 5000DAN;MC12002;;;;CDFL;CUST;1.200;UN;1.200;UN;9,90;BRL;1;0;0;1.200;11.874,24;1.200;11.874,24;1;ZF 1302603;11.874,24;0
4500153300;20;4600003553;40;1003152    ROMAGNOLE PRODUTOS ELETRICOS S.A.;NB;F;GAE;;07/05/2026;C1;401927;MANILHA SAPATILHA 5000DAN;MC12002;;;;CDFL;INVT;3.000;UN;3.000;UN;9,90;BRL;1;0;0;3.000;29.685,60;3.000;29.685,60;1;ZF 1302603;29.685,60;0
4500153335;10;4600003552;360;1003152    ROMAGNOLE PRODUTOS ELETRICOS S.A.;NB;F;GAE;;08/05/2026;C1;401375;AFASTADOR REDE SEC AC 700MM 500MM;MC12002;;;;CDFL;INVT;700;UN;700;UN;126,79;BRL;1;0;0;700;88.750,83;700;88.750,83;1;ZF 1302603;88.750,83;0
4500153335;20;4600003552;370;1003152    ROMAGNOLE PRODUTOS ELETRICOS S.A.;NB;F;GAE;;08/05/2026;C1;401485;BRACO SUPORTE TIPO C 580X365MM 851/6;MC12002;;;;CDFL;INVT;305;UN;305;UN;85,44;BRL;1;0;0;305;26.058,93;305;26.058,93;1;ZF 1302603;26.058,93;0
4500153335;30;4600003552;380;1003152    ROMAGNOLE PRODUTOS ELETRICOS S.A.;NB;F;GAE;;08/05/2026;C1;800392;FIXADOR PERFIL U AC 150DAN 300DAN;MC10701;;;;CDFL;CUST;21;UN;21;UN;15,18;BRL;1;0;0;21;318,73;21;318,73;1;ZF 1302603;318,73;0
4500153335;40;4600003552;390;1003152    ROMAGNOLE PRODUTOS ELETRICOS S.A.;NB;F;GAE;;08/05/2026;C1;404719;FIXADOR PERFIL U AC 150DAN 300DAN;MC10701;;;;CDFL;INVT;800;UN;800;UN;15,18;BRL;1;0;0;800;12.142,08;800;12.142,08;1;ZF 1302603;12.142,08;0
4500153335;50;4600003552;400;1003152    ROMAGNOLE PRODUTOS ELETRICOS S.A.;NB;F;GAE;;08/05/2026;C1;800499;MAO-FRANCESA NORMAL AC 710X32X6,5MM;MC10701;;;;CDFL;CUST;1.050;UN;1.050;UN;12,73;BRL;1;0;0;1.050;13.368,28;1.050;13.368,28;1;ZF 1302603;13.368,28;0
4500153335;60;4600003552;410;1003152    ROMAGNOLE PRODUTOS ELETRICOS S.A.;NB;F;GAE;;08/05/2026;C1;401117;MAO-FRANCESA NORMAL AC 710X32X6,5MM;MC10701;;;;CDFL;INVT;1.700;UN;1.700;UN;12,73;BRL;1;0;0;1.700;21.643,89;1.700;21.643,89;1;ZF 1302603;21.643,89;0
4500153335;70;4600003552;420;1003152    ROMAGNOLE PRODUTOS ELETRICOS S.A.;NB;F;GAE;;08/05/2026;C1;801256;PERFIL U AC 76X900MM REDE COMPACTA;MC10701;;;;CDFL;CUST;70;UN;70;UN;77,31;BRL;1;0;0;70;5.411,76;70;5.411,76;1;ZF 1302603;5.411,76;0
4500153335;80;4600003552;430;1003152    ROMAGNOLE PRODUTOS ELETRICOS S.A.;NB;F;GAE;;08/05/2026;C1;401844;PERFIL U AC 76X900MM REDE COMPACTA;MC01206;;;;CDFL;INVT;1.200;UN;1.200;UN;77,31;BRL;1;0;0;1.200;92.773,08;1.200;92.773,08;1;ZF 1302603;92.773,08;0
4500153335;90;4600003552;440;1003152    ROMAGNOLE PRODUTOS ELETRICOS S.A.;NB;F;GAE;;08/05/2026;C1;401271;SAPATILHA CORDOALHA ACO 9,5MM (DESATIVAD;MC12002;;;;CDFL;INVT;3.000;UN;3.000;UN;1,40;BRL;1;0;0;3.000;4.185,00;3.000;4.185,00;1;ZF 1302603;4.185,00;0
4500153341;10;4600003549;440;1003152    ROMAGNOLE PRODUTOS ELETRICOS S.A.;NB;F;GAE;;08/05/2026;C1;400344;CINTA POSTE ACO 290MM;MC12002;;;;CDFL;INVT;60;UN;60;UN;25,48;BRL;1;0;0;60;1.528,92;60;1.528,92;1;ZF 1302603;1.528,92;0
4500153341;20;4600003549;450;1003152    ROMAGNOLE PRODUTOS ELETRICOS S.A.;NB;F;GAE;;08/05/2026;C1;402332;CINTA POSTE CIRC ACO 150MM;MC12002;;;;CDFL;INVT;33;UN;33;UN;17,58;BRL;1;0;0;33;580,04;33;580,04;1;ZF 1302603;580,04;0
4500153341;30;4600003549;460;1003152    ROMAGNOLE PRODUTOS ELETRICOS S.A.;NB;F;GAE;;08/05/2026;C1;401892;CINTA POSTE CIRC ACO 200MM;MC12002;;;;CDFL;INVT;300;UN;300;UN;19,43;BRL;1;0;0;300;5.828,31;300;5.828,31;1;ZF 1302603;5.828,31;0
4500153341;40;4600003549;470;1003152    ROMAGNOLE PRODUTOS ELETRICOS S.A.;NB;F;GAE;;08/05/2026;C1;803339;CINTA POSTE CIRC ACO 210MM;MC12002;;;;CDFL;CUST;20;UN;20;UN;20,40;BRL;1;0;0;20;408,08;20;408,08;1;ZF 1302603;408,08;0
4500153341;50;4600003549;480;1003152    ROMAGNOLE PRODUTOS ELETRICOS S.A.;NB;F;GAE;;08/05/2026;C1;801346;CINTA POSTE CIRC ACO 220MM;MC12002;;;;CDFL;CUST;20;UN;20;UN;20,74;BRL;1;0;0;20;414,78;20;414,78;1;ZF 1302603;414,78;0
4500153341;60;4600003549;490;1003152    ROMAGNOLE PRODUTOS ELETRICOS S.A.;NB;F;GAE;;08/05/2026;C1;402202;CINTA POSTE CIRC ACO 250MM;MC12002;;;;CDFL;INVT;300;UN;300;UN;22,84;BRL;1;0;0;300;6.852,24;300;6.852,24;1;ZF 1302603;6.852,24;0
4500153341;70;4600003549;500;1003152    ROMAGNOLE PRODUTOS ELETRICOS S.A.;NB;F;GAE;;08/05/2026;C1;401438;CINTA POSTE CIRC ACO 270MM;MC12002;;;;CDFL;INVT;300;UN;300;UN;23,43;BRL;1;0;0;300;7.028,01;300;7.028,01;1;ZF 1302603;7.028,01;0
4500153341;80;4600003549;510;1003152    ROMAGNOLE PRODUTOS ELETRICOS S.A.;NB;F;GAE;;08/05/2026;C1;401803;CINTA POSTE CIRC ACO 340MM;MC12002;;;;CDFL;INVT;20;UN;20;UN;29,42;BRL;1;0;0;20;588,32;20;588,32;1;ZF 1302603;588,32;0
4500153341;110;4600003549;540;1003152    ROMAGNOLE PRODUTOS ELETRICOS S.A.;NB;F;GAE;;08/05/2026;C1;802992;CINTA POSTE CIRC ACO 370MM;MC10701;;;;CDFL;CUST;45;UN;45;UN;31,76;BRL;1;0;0;45;1.429,18;45;1.429,18;1;ZF 1302603;1.429,18;0
4500153341;120;4600003549;550;1003152    ROMAGNOLE PRODUTOS ELETRICOS S.A.;NB;F;GAE;;08/05/2026;C1;408349;CINTA POSTE CIRC ACO 370MM;MC12002;;;;CDFL;INVT;30;UN;30;UN;31,76;BRL;1;0;0;30;952,78;30;952,78;1;ZF 1302603;952,78;0
4500153348;10;4600003570;290;1003152    ROMAGNOLE PRODUTOS ELETRICOS S.A.;NB;F;GAE;;11/05/2026;C1;800215;ARRUELA LIS 3/8P 1119;MC01301;;;;CDFL;CUST;704;UN;704;UN;0,26;BRL;1;0;0;704;183,32;704;183,32;1;ZF 1302603;183,32;0
4500153348;20;4600003570;300;1003152    ROMAGNOLE PRODUTOS ELETRICOS S.A.;NB;F;GAE;;11/05/2026;C1;801087;GANCHO OLHAL AC 17MM 5000KGF;MC12002;;;;CDFL;CUST;1.040;UN;1.040;UN;7,64;BRL;1;0;0;1.040;7.940,71;1.040;7.940,71;1;ZF 1302603;7.940,71;0
4500153348;30;4600003570;310;1003152    ROMAGNOLE PRODUTOS ELETRICOS S.A.;NB;F;GAE;;11/05/2026;C1;402296;GANCHO OLHAL AC 17MM 5000KGF;MC12002;;;;CDFL;INVT;5.223;UN;5.223;UN;7,64;BRL;1;0;0;5.223;39.879,17;5.223;39.879,17;1;ZF 1302603;39.879,17;0
4500153348;40;4600003570;320;1003152    ROMAGNOLE PRODUTOS ELETRICOS S.A.;NB;F;GAE;;11/05/2026;C1;402312;OLHAL PARAFUSO AC 16MM 5000DAN;MC10401;;;;CDFL;INVT;2.495;UN;2.495;UN;9,05;BRL;1;0;0;2.495;22.577,01;2.495;22.577,01;1;ZF 1302603;22.577,01;0
4500153348;50;4600003570;330;1003152    ROMAGNOLE PRODUTOS ELETRICOS S.A.;NB;F;GAE;;11/05/2026;C1;801186;OLHAL PARAFUSO AC 16MM 5000DAN;MC10401;;;;CDFL;CUST;1.690;UN;1.690;UN;9,05;BRL;1;0;0;1.690;15.292,64;1.690;15.292,64;1;ZF 1302603;15.292,64;0
4500153348;60;4600003570;340;1003152    ROMAGNOLE PRODUTOS ELETRICOS S.A.;NB;F;GAE;;11/05/2026;C1;400930;PARAFUSO CAB ABA AC 10MM 115MM;MC01301;;;;CDFL;INVT;942;UN;942;UN;1,43;BRL;1;0;0;942;1.349,13;942;1.349,13;1;ZF 1302603;1.349,13;0
4500153348;70;4600003570;350;1003152    ROMAGNOLE PRODUTOS ELETRICOS S.A.;NB;F;GAE;;11/05/2026;C1;401131;PARAFUSO CAB QD AC 16MM 225MM 300MM;MC01301;;;;CDFL;INVT;17.050;UN;17.050;UN;6,44;BRL;1;0;0;17.050;109.885,54;17.050;109.885,54;1;ZF 1302603;109.885,54;0
4500153348;80;4600003570;360;1003152    ROMAGNOLE PRODUTOS ELETRICOS S.A.;NB;F;GAE;;11/05/2026;C1;800922;PARAFUSO CAB QD AC 16MM 450MM;MC01301;;;;CDFL;CUST;1.979;UN;1.979;UN;10,17;BRL;1;0;0;1.979;20.134,74;1.979;20.134,74;1;ZF 1302603;20.134,74;0
4500153348;90;4600003570;370;1003152    ROMAGNOLE PRODUTOS ELETRICOS S.A.;NB;F;GAE;;11/05/2026;C1;401239;PARAFUSO CAB QD AC 16MM 450MM;MC01301;;;;CDFL;INVT;5.873;UN;5.873;UN;10,17;BRL;1;0;0;5.873;59.753,08;5.873;59.753,08;1;ZF 1302603;59.753,08;0
4500153348;100;4600003570;380;1003152    ROMAGNOLE PRODUTOS ELETRICOS S.A.;NB;F;GAE;;11/05/2026;C1;400193;PARAFUSO OLHAL AC 5/8P 20P;MC01301;;;;CDFL;INVT;4.135;UN;4.135;UN;22,33;BRL;1;0;0;4.135;92.331,66;4.135;92.331,66;1;ZF 1302603;92.331,66;0
4500147431;10;;0;1003224    BENY MATERIAIS DE CONSTRUCAO LTDA;ZCDR;F;GAE;;23/02/2026;CA;407223;MANTA ALUMINIZADA 10CM x 10M;MC00901;;;;CDFL;INVT;458;UN;458;UN;19,69;BRL;1;0;0;0;0,00;0;0,00;1;ZF 1302603;9.017,10;458
4500148647;10;;0;1003224    BENY MATERIAIS DE CONSTRUCAO LTDA;ZCDR;F;GAE;;11/03/2026;CA;410212;FITA AUTOADESIVA BLINDAGEM 10cmX10m;MC03701;;;;CDFL;INVT;150;UN;150;UN;19,68;BRL;1;0;0;0;0,00;0;0,00;1;ZF 1302603;2.952,00;150
4500144983;10;4600001961;680;1003291    INDUSTRIA DE TRANSFORMADORES AMAZON;NB;F;GAE;;03/02/2026;CA;400072;TRAFO AER 1F 7,96KV 5KVA 240/120V 7TP;MC22103;;;;CDFL;INVT;338;UN;338;UN;4.229,89;BRL;1;0;0;2;8.459,78;2;8.459,78;1;ZF 1302603;1.429.703,21;336
4500144983;20;4600001961;690;1003291    INDUSTRIA DE TRANSFORMADORES AMAZON;NB;F;GAE;;03/02/2026;CA;402447;TRAFO AER 1F 7,96KV 10KVA 240/120V 7TP;MC22103;;;;CDFL;INVT;15;UN;15;UN;5.064,79;BRL;1;0;0;0;0,00;0;0,00;1;ZF 1302603;75.971,79;15
4500144983;30;4600001961;700;1003291    INDUSTRIA DE TRANSFORMADORES AMAZON;NB;F;GAE;;03/02/2026;CA;401193;TRAFO AER 1F 7,96KV 15KVA 240/120V 7TP;MC22103;;;;CDFL;INVT;14;UN;14;UN;6.713,25;BRL;1;0;0;0;0,00;0;0,00;1;ZF 1302603;93.985,56;14
4500144983;40;4600001961;710;1003291    INDUSTRIA DE TRANSFORMADORES AMAZON;NB;F;GAE;;03/02/2026;CA;402132;TRAFO AER 1F 15KV 25KVA 240/120V 7TP;MC22103;;;;CDFL;INVT;20;UN;20;UN;9.443,94;BRL;1;0;0;0;0,00;0;0,00;1;ZF 1302603;188.878,72;20
4500144983;50;4600001961;720;1003291    INDUSTRIA DE TRANSFORMADORES AMAZON;NB;F;GAE;;03/02/2026;CA;401324;TRAFO AER 3F 15KV 30KVA 220/127V 7TP;MC22103;;;;CDFL;INVT;10;UN;10;UN;11.509,42;BRL;1;0;0;5;57.547,10;5;57.547,10;1;ZF 1302603;115.094,20;5
4500144983;60;4600001961;730;1003291    INDUSTRIA DE TRANSFORMADORES AMAZON;NB;F;GAE;;03/02/2026;CA;400073;TRAFO AER 3F 15KV 45KVA 220/127V 7TP;MC22103;;;;CDFL;INVT;42;UN;42;UN;14.117,36;BRL;1;0;0;21;296.464,62;21;296.464,62;1;ZF 1302603;592.929,24;21
4500144983;70;4600001961;740;1003291    INDUSTRIA DE TRANSFORMADORES AMAZON;NB;F;GAE;;03/02/2026;CA;400040;TRAFO AER 3F 15KV 75KVA 220/127V 7TP;MC22103;;;;CDFL;INVT;40;UN;40;UN;19.517,23;BRL;1;0;0;20;390.344,62;20;390.344,62;1;ZF 1302603;780.689,24;20
4500144983;80;4600001961;750;1003291    INDUSTRIA DE TRANSFORMADORES AMAZON;NB;F;GAE;;03/02/2026;CA;400288;TRAFO AER 3F 15KV 112,5KVA 220/127V 7TP;MC22103;;;;CDFL;INVT;66;UN;66;UN;26.809,18;BRL;1;0;0;4;107.236,70;4;107.236,70;1;ZF 1302603;1.769.405,56;62
4500144983;110;4600001961;780;1003291    INDUSTRIA DE TRANSFORMADORES AMAZON;NB;F;GAE;;03/02/2026;CA;402447;TRAFO AER 1F 7,96KV 10KVA 240/120V 7TP;MC22103;;;;CDFL;INVT;15;UN;15;UN;5.064,79;BRL;1;0;0;0;0,00;0;0,00;1;ZF 1302603;75.971,79;15
4500148071;10;4600001961;790;1003291    INDUSTRIA DE TRANSFORMADORES AMAZON;NB;F;GAE;;04/03/2026;CA;410116;TRAFO AER 1F 7,96KV 5KVA 240/120V 7TP VG;MC22103;;;;CDFL;INVT;256;UN;256;UN;3.817,86;BRL;1;0;0;256;977.373,16;256;977.373,16;1;ZF 1302603;977.373,16;0
4500148071;20;4600001961;800;1003291    INDUSTRIA DE TRANSFORMADORES AMAZON;NB;F;GAE;;04/03/2026;CA;410117;TRAFO AER 1F 7,9KV 10KVA 240/120V 7TP VG;MC22103;;;;CDFL;INVT;45;UN;45;UN;4.205,92;BRL;1;0;0;25;105.148,12;25;105.148,12;1;ZF 1302603;189.266,62;20
4500148071;30;4600001961;810;1003291    INDUSTRIA DE TRANSFORMADORES AMAZON;NB;F;GAE;;04/03/2026;CA;410118;TRAFO AER 1F 7,9KV 15KVA 240/120V 7TP VG;MC22103;;;;CDFL;INVT;36;UN;36;UN;5.342,33;BRL;1;0;0;20;106.846,58;20;106.846,58;1;ZF 1302603;192.323,85;16
4500148071;40;4600001961;820;1003291    INDUSTRIA DE TRANSFORMADORES AMAZON;NB;F;GAE;;04/03/2026;CA;410119;TRAFO AER 1F 15KV 25KVA 240/120V 7TP VG;MC22103;;;;CDFL;INVT;15;UN;15;UN;6.143,98;BRL;1;0;0;0;0,00;0;0,00;1;ZF 1302603;92.159,70;15
4500148071;50;4600001961;830;1003291    INDUSTRIA DE TRANSFORMADORES AMAZON;NB;F;GAE;;04/03/2026;CA;410120;TRAFO AER 3F 15KV 30KVA 220/127V 7TP VG;MC22103;;;;CDFL;INVT;25;UN;25;UN;9.366,53;BRL;1;0;0;14;131.131,45;14;131.131,45;1;ZF 1302603;234.163,30;11
4500148071;60;4600001961;840;1003291    INDUSTRIA DE TRANSFORMADORES AMAZON;NB;F;GAE;;04/03/2026;CA;410126;TRAFO AER 3F 15KV 45KVA 220/127V 7TP VG;MC22103;;;;CDFL;INVT;88;UN;88;UN;10.925,26;BRL;1;0;0;88;961.422,77;88;961.422,77;1;ZF 1302603;961.422,77;0
4500148071;70;4600001961;850;1003291    INDUSTRIA DE TRANSFORMADORES AMAZON;NB;F;GAE;;04/03/2026;CA;410122;TRAFO AER 3F 15KV 75KVA 220/127V 7TP VG;MC22103;;;;CDFL;INVT;361;UN;361;UN;14.452,68;BRL;1;0;0;146;2.110.091,81;146;2.110.091,81;1;ZF 1302603;5.217.418,78;215
4500152181;10;4600001961;860;1003291    INDUSTRIA DE TRANSFORMADORES AMAZON;NB;F;GAE;;17/04/2026;CA;410116;TRAFO AER 1F 7,96KV 5KVA 240/120V 7TP VG;MC22103;;;;CDFL;INVT;160;UN;160;UN;3.817,86;BRL;1;0;0;160;610.858,22;160;610.858,22;1;ZF 1302603;610.858,22;0
4500152181;20;4600001961;870;1003291    INDUSTRIA DE TRANSFORMADORES AMAZON;NB;F;GAE;;17/04/2026;CA;410117;TRAFO AER 1F 7,9KV 10KVA 240/120V 7TP VG;MC22103;;;;CDFL;INVT;19;UN;19;UN;4.205,92;BRL;1;0;0;19;79.912,57;19;79.912,57;1;ZF 1302603;79.912,57;0
4500152181;30;4600001961;880;1003291    INDUSTRIA DE TRANSFORMADORES AMAZON;NB;F;GAE;;17/04/2026;CA;410118;TRAFO AER 1F 7,9KV 15KVA 240/120V 7TP VG;MC22103;;;;CDFL;INVT;10;UN;10;UN;5.342,33;BRL;1;0;0;10;53.423,29;10;53.423,29;1;ZF 1302603;53.423,29;0
4500152181;40;4600001961;890;1003291    INDUSTRIA DE TRANSFORMADORES AMAZON;NB;F;GAE;;17/04/2026;CA;410119;TRAFO AER 1F 15KV 25KVA 240/120V 7TP VG;MC22103;;;;CDFL;INVT;4;UN;4;UN;6.143,98;BRL;1;0;0;4;24.575,92;4;24.575,92;1;ZF 1302603;24.575,92;0
4500152181;50;4600001961;900;1003291    INDUSTRIA DE TRANSFORMADORES AMAZON;NB;F;GAE;;17/04/2026;CA;410120;TRAFO AER 3F 15KV 30KVA 220/127V 7TP VG;MC22103;;;;CDFL;INVT;7;UN;7;UN;9.366,53;BRL;1;0;0;7;65.565,73;7;65.565,73;1;ZF 1302603;65.565,73;0
4500152181;60;4600001961;910;1003291    INDUSTRIA DE TRANSFORMADORES AMAZON;NB;F;GAE;;17/04/2026;CA;410126;TRAFO AER 3F 15KV 45KVA 220/127V 7TP VG;MC22103;;;;CDFL;INVT;25;UN;25;UN;10.925,26;BRL;1;0;0;25;273.131,47;25;273.131,47;1;ZF 1302603;273.131,47;0
4500152181;70;4600001961;920;1003291    INDUSTRIA DE TRANSFORMADORES AMAZON;NB;F;GAE;;17/04/2026;CA;410122;TRAFO AER 3F 15KV 75KVA 220/127V 7TP VG;MC22103;;;;CDFL;INVT;136;UN;136;UN;14.452,68;BRL;1;0;0;136;1.965.564,97;136;1.965.564,97;1;ZF 1302603;1.965.564,97;0
4500152181;80;4600001961;930;1003291    INDUSTRIA DE TRANSFORMADORES AMAZON;NB;F;GAE;;17/04/2026;CA;410123;TRAFO AER 3F 15 112,5KVA 220/127V 7TP VG;MC22103;;;;CDFL;INVT;36;UN;36;UN;19.213,66;BRL;1;0;0;36;691.691,78;36;691.691,78;1;ZF 1302603;691.691,78;0
4500152181;90;4600001961;940;1003291    INDUSTRIA DE TRANSFORMADORES AMAZON;NB;F;GAE;;17/04/2026;CA;410124;TRAFO AER 3F 15KV 150KVA 220/127V 7TP VG;MC22103;;;;CDFL;INVT;15;UN;15;UN;21.702,20;BRL;1;0;0;7;151.915,40;7;151.915,40;1;ZF 1302603;325.533,01;8
4500152181;100;4600001961;920;1003291    INDUSTRIA DE TRANSFORMADORES AMAZON;NB;F;GAE;;17/04/2026;CA;410122;TRAFO AER 3F 15KV 75KVA 220/127V 7TP VG;MC22103;;;;CDFL;INVT;130;UN;130;UN;14.452,68;BRL;1;0;0;130;1.878.848,87;130;1.878.848,87;1;ZF 1302603;1.878.848,87;0
4500152867;10;4600001961;0;1003291    INDUSTRIA DE TRANSFORMADORES AMAZON;NB;F;A13;;29/04/2026;C1;410116;TRAFO AER 1F 7,96KV 5KVA 240/120V 7TP VG;MC22103;;;;CDFL;INVT;300;UN;300;UN;3.817,86;BRL;1;0;0;300;1.145.356,71;300;1.145.356,71;1;ZF 1302603;1.145.356,71;0
4500152867;20;4600001961;0;1003291    INDUSTRIA DE TRANSFORMADORES AMAZON;NB;F;A13;;29/04/2026;C1;410116;TRAFO AER 1F 7,96KV 5KVA 240/120V 7TP VG;MC22103;;;;CDFL;INVT;300;UN;300;UN;3.817,86;BRL;1;0;0;300;1.145.356,71;300;1.145.356,71;1;ZF 1302603;1.145.356,71;0
4500152867;30;4600001961;0;1003291    INDUSTRIA DE TRANSFORMADORES AMAZON;NB;F;A13;;29/04/2026;C1;410116;TRAFO AER 1F 7,96KV 5KVA 240/120V 7TP VG;MC22103;;;;CDFL;INVT;300;UN;300;UN;3.817,86;BRL;1;0;0;300;1.145.356,71;300;1.145.356,71;1;ZF 1302603;1.145.356,71;0
4500152910;10;4600001961;860;1003291    INDUSTRIA DE TRANSFORMADORES AMAZON;NB;F;GAE;;30/04/2026;C1;410116;TRAFO AER 1F 7,96KV 5KVA 240/120V 7TP VG;MC22103;;;;CDFL;INVT;131;UN;131;UN;3.817,86;BRL;1;0;0;131;500.139,09;131;500.139,09;1;ZF 1302603;500.139,09;0
4500152910;20;4600001961;870;1003291    INDUSTRIA DE TRANSFORMADORES AMAZON;NB;F;GAE;;30/04/2026;C1;410117;TRAFO AER 1F 7,9KV 10KVA 240/120V 7TP VG;MC22103;;;;CDFL;INVT;23;UN;23;UN;4.205,92;BRL;1;0;0;23;96.736,07;23;96.736,07;1;ZF 1302603;96.736,07;0
4500152910;30;4600001961;880;1003291    INDUSTRIA DE TRANSFORMADORES AMAZON;NB;F;GAE;;30/04/2026;C1;410118;TRAFO AER 1F 7,9KV 15KVA 240/120V 7TP VG;MC22103;;;;CDFL;INVT;26;UN;26;UN;5.342,32;BRL;1;0;0;26;138.900,26;26;138.900,26;1;ZF 1302603;138.900,26;0
4500152910;40;4600001961;890;1003291    INDUSTRIA DE TRANSFORMADORES AMAZON;NB;F;GAE;;30/04/2026;C1;410119;TRAFO AER 1F 15KV 25KVA 240/120V 7TP VG;MC22103;;;;CDFL;INVT;4;UN;4;UN;6.143,97;BRL;1;0;0;4;24.575,87;4;24.575,87;1;ZF 1302603;24.575,87;0
4500152910;50;4600001961;900;1003291    INDUSTRIA DE TRANSFORMADORES AMAZON;NB;F;GAE;;30/04/2026;C1;410120;TRAFO AER 3F 15KV 30KVA 220/127V 7TP VG;MC22103;;;;CDFL;INVT;25;UN;25;UN;9.366,51;BRL;1;0;0;25;234.162,80;25;234.162,80;1;ZF 1302603;234.162,80;0
4500152910;60;4600001961;910;1003291    INDUSTRIA DE TRANSFORMADORES AMAZON;NB;F;GAE;;30/04/2026;C1;410126;TRAFO AER 3F 15KV 45KVA 220/127V 7TP VG;MC22103;;;;CDFL;INVT;30;UN;30;UN;10.925,24;BRL;1;0;0;30;327.757,06;30;327.757,06;1;ZF 1302603;327.757,06;0
4500152910;70;4600001961;920;1003291    INDUSTRIA DE TRANSFORMADORES AMAZON;NB;F;GAE;;30/04/2026;C1;410122;TRAFO AER 3F 15KV 75KVA 220/127V 7TP VG;MC22103;;;;CDFL;INVT;133;UN;133;UN;14.452,68;BRL;1;0;0;133;1.922.206,92;133;1.922.206,92;1;ZF 1302603;1.922.206,92;0
4500152910;80;4600001961;930;1003291    INDUSTRIA DE TRANSFORMADORES AMAZON;NB;F;GAE;;30/04/2026;C1;410123;TRAFO AER 3F 15 112,5KVA 220/127V 7TP VG;MC22103;;;;CDFL;INVT;72;UN;72;UN;19.213,62;BRL;1;0;0;72;1.383.380,58;72;1.383.380,58;1;ZF 1302603;1.383.380,58;0
4500152910;90;4600001961;940;1003291    INDUSTRIA DE TRANSFORMADORES AMAZON;NB;F;GAE;;30/04/2026;C1;410124;TRAFO AER 3F 15KV 150KVA 220/127V 7TP VG;MC22103;;;;CDFL;INVT;10;UN;10;UN;21.702,15;BRL;1;0;0;10;217.021,54;10;217.021,54;1;ZF 1302603;217.021,54;0
4500152911;10;4600001961;860;1003291    INDUSTRIA DE TRANSFORMADORES AMAZON;NB;F;GAE;;30/04/2026;C1;410116;TRAFO AER 1F 7,96KV 5KVA 240/120V 7TP VG;MC22103;;;;CDFL;INVT;130;UN;130;UN;3.817,86;BRL;1;0;0;130;496.321,24;130;496.321,24;1;ZF 1302603;496.321,24;0
4500152911;20;4600001961;870;1003291    INDUSTRIA DE TRANSFORMADORES AMAZON;NB;F;GAE;;30/04/2026;C1;410117;TRAFO AER 1F 7,9KV 10KVA 240/120V 7TP VG;MC22103;;;;CDFL;INVT;22;UN;22;UN;4.205,92;BRL;1;0;0;22;92.530,15;22;92.530,15;1;ZF 1302603;92.530,15;0
4500152911;30;4600001961;880;1003291    INDUSTRIA DE TRANSFORMADORES AMAZON;NB;F;GAE;;30/04/2026;C1;410118;TRAFO AER 1F 7,9KV 15KVA 240/120V 7TP VG;MC22103;;;;CDFL;INVT;26;UN;26;UN;5.342,32;BRL;1;0;0;26;138.900,26;26;138.900,26;1;ZF 1302603;138.900,26;0
4500152911;40;4600001961;890;1003291    INDUSTRIA DE TRANSFORMADORES AMAZON;NB;F;GAE;;30/04/2026;C1;410119;TRAFO AER 1F 15KV 25KVA 240/120V 7TP VG;MC22103;;;;CDFL;INVT;4;UN;4;UN;6.143,97;BRL;1;0;0;4;24.575,87;4;24.575,87;1;ZF 1302603;24.575,87;0
4500152911;50;4600001961;900;1003291    INDUSTRIA DE TRANSFORMADORES AMAZON;NB;F;GAE;;30/04/2026;C1;410120;TRAFO AER 3F 15KV 30KVA 220/127V 7TP VG;MC22103;;;;CDFL;INVT;24;UN;24;UN;9.366,51;BRL;1;0;0;24;224.796,29;24;224.796,29;1;ZF 1302603;224.796,29;0
4500152911;60;4600001961;910;1003291    INDUSTRIA DE TRANSFORMADORES AMAZON;NB;F;GAE;;30/04/2026;C1;410126;TRAFO AER 3F 15KV 45KVA 220/127V 7TP VG;MC22103;;;;CDFL;INVT;29;UN;29;UN;10.925,24;BRL;1;0;0;29;316.831,82;29;316.831,82;1;ZF 1302603;316.831,82;0
4500152911;70;4600001961;920;1003291    INDUSTRIA DE TRANSFORMADORES AMAZON;NB;F;GAE;;30/04/2026;C1;410122;TRAFO AER 3F 15KV 75KVA 220/127V 7TP VG;MC22103;;;;CDFL;INVT;133;UN;133;UN;14.452,68;BRL;1;0;0;133;1.922.206,92;133;1.922.206,92;1;ZF 1302603;1.922.206,92;0
4500152911;80;4600001961;930;1003291    INDUSTRIA DE TRANSFORMADORES AMAZON;NB;F;GAE;;30/04/2026;C1;410123;TRAFO AER 3F 15 112,5KVA 220/127V 7TP VG;MC22103;;;;CDFL;INVT;72;UN;72;UN;19.213,62;BRL;1;0;0;72;1.383.380,58;72;1.383.380,58;1;ZF 1302603;1.383.380,58;0
4500152911;90;4600001961;940;1003291    INDUSTRIA DE TRANSFORMADORES AMAZON;NB;F;GAE;;30/04/2026;C1;410124;TRAFO AER 3F 15KV 150KVA 220/127V 7TP VG;MC22103;;;;CDFL;INVT;10;UN;10;UN;21.702,15;BRL;1;0;0;10;217.021,54;10;217.021,54;1;ZF 1302603;217.021,54;0
4500142027;10;;0;1003333    METALACRE INDUSTRIA E COMERCIO DE L;NB;F;A03;;12/01/2026;C1;401632;LACRE SEG MET 11DIG BR;MC12505;;;;CDFL;INVT;145.100;UN;145.100;UN;1,79;BRL;1;0;0;0;0,00;0;0,00;1;ZF 1302603;259.090,56;145.100
4500149234;10;4600002916;30;1003333    METALACRE INDUSTRIA E COMERCIO DE L;NB;F;GAE;;12/03/2026;C1;401632;LACRE SEG MET 11DIG BR;MC12505;;;;CDFL;INVT;223.000;UN;223.000;UN;1,79;BRL;1;0;0;0;0,00;0;0,00;1;ZF 1302603;398.188,80;223.000
4500155402;50;4600002916;80;1003333    METALACRE INDUSTRIA E COMERCIO DE L;NB;F;GAE;;20/05/2026;C1;410310;LACRE SEG MET 11DIG ALR;MC12505;;;;CDFL;INVT;100.000;UN;100.000;UN;1,79;BRL;1;0;0;100.000;178.560,00;100.000;178.560,00;1;ZF 1302603;178.560,00;0
4500155402;60;4600002916;90;1003333    METALACRE INDUSTRIA E COMERCIO DE L;NB;F;GAE;;20/05/2026;C1;410310;LACRE SEG MET 11DIG ALR;MC12505;;;;CDFL;INVT;100.000;UN;100.000;UN;1,79;BRL;1;0;0;100.000;178.560,00;100.000;178.560,00;1;ZF 1302603;178.560,00;0
4500155402;70;4600002916;100;1003333    METALACRE INDUSTRIA E COMERCIO DE L;NB;F;GAE;;20/05/2026;C1;410310;LACRE SEG MET 11DIG ALR;MC12505;;;;CDFL;INVT;100.000;UN;100.000;UN;1,79;BRL;1;0;0;100.000;178.560,00;100.000;178.560,00;1;ZF 1302603;178.560,00;0
4500155402;80;4600002916;110;1003333    METALACRE INDUSTRIA E COMERCIO DE L;NB;F;GAE;;20/05/2026;C1;410310;LACRE SEG MET 11DIG ALR;MC12505;;;;CDFL;INVT;100.000;UN;100.000;UN;1,79;BRL;1;0;0;100.000;178.560,00;100.000;178.560,00;1;ZF 1302603;178.560,00;0
4500149684;10;4600003150;10;1003382    ELETRA INDUSTRIA E COMERCIO DE MEDI;NB;F;A01;;16/03/2026;C1;402816;MEDIDOR ELETR PROGR 3F 120V 2,5/10A THS;MC12501;;;;CDFL;INVT;268;UN;268;UN;511,19;BRL;1;0;0;0;0,00;0;0,00;1;ZF 1302603;136.999,46;268
4500144585;10;4600003072;10;1003412    MAURIZIO  CIA LTDA;NB;F;A01;;23/01/2026;C1;800515;ISOLADOR ANCOR POLIM 15KV 5000DAN;MC10902;;;;CDFL;CUST;605;UN;605;UN;29,76;BRL;1;0;0;0;0,00;0;0,00;1;ZF 1302603;18.004,80;605
4500144585;20;4600003072;20;1003412    MAURIZIO  CIA LTDA;NB;F;A01;;23/01/2026;C1;401116;ISOLADOR ANCOR POLIM 15KV 5000DAN;MC10902;;;;CDFL;INVT;2.095;UN;2.095;UN;29,76;BRL;1;0;0;0;0,00;0;0,00;1;ZF 1302603;62.347,20;2.095
4500145769;10;4600003075;40;1003412    MAURIZIO  CIA LTDA;NB;F;A02;;10/02/2026;C1;402433;PARA-RAIO DISTRIB POL 12KV 10KA S/CENT;MC21101;;;;CDFL;INVT;797;UN;797;UN;130,20;BRL;1;0;0;0;0,00;0;0,00;1;ZF 1302603;103.769,40;1.594
4500145784;10;4600003086;70;1003412    MAURIZIO  CIA LTDA;NB;F;A02;;11/02/2026;C1;401857;CHAVE FUSIVEL DIST 15KV 100A/10KA PORC;MC10801;;;;CDFL;INVT;2.535;UN;2.535;UN;268,77;BRL;1;0;0;0;0,00;0;0,00;1;ZF 1302603;681.331,95;2.535
4500147521;10;4600003086;40;1003412    MAURIZIO  CIA LTDA;NB;F;A02;;23/02/2026;C1;800817;CHAVE FUSIVEL DIST 15KV 100A/10KA PORC;MC10801;;;;CDFL;CUST;1.117;UN;1.117;UN;268,77;BRL;1;0;0;0;0,00;0;0,00;1;ZF 1302603;300.216,09;1.117
4500147552;10;4600003072;10;1003412    MAURIZIO  CIA LTDA;NB;F;A01;;23/02/2026;C0;800515;ISOLADOR ANCOR POLIM 15KV 5000DAN;MC10902;;;;CDFL;CUST;405;UN;405;UN;32,00;BRL;1;0;0;405;12.960,00;405;12.960,00;1;ZF 1302603;12.960,00;0
4500147692;10;4600003086;30;1003412    MAURIZIO  CIA LTDA;NB;F;A02;;26/02/2026;C1;400758;CHAVE SECC 1P 15KV 630A 110KV 25KA;MC10202;;;;CDFL;INVT;550;UN;550;UN;483,60;BRL;1;0;0;550;265.980,00;550;265.980,00;1;ZF 1302603;265.980,00;550
4500147697;10;4600003042;10;1003412    MAURIZIO  CIA LTDA;NB;F;A02;;26/02/2026;C1;800959;PORTA-FUSIVEL 15KV 100A;MC10801;;;;CDFL;CUST;817;UN;817;UN;88,81;BRL;1;0;0;817;72.561,85;817;72.561,85;1;ZF 1302603;72.561,85;817
4500150291;10;4600003086;30;1003412    MAURIZIO  CIA LTDA;NB;F;A02;;31/03/2026;C1;400758;CHAVE SECC 1P 15KV 630A 110KV 25KA;MC10202;;;;CDFL;INVT;1.000;UN;1.000;UN;483,60;BRL;1;0;0;850;411.060,00;850;411.060,00;1;ZF 1302603;483.600,00;150
4500150308;10;4600003554;60;1003412    MAURIZIO  CIA LTDA;NB;F;A01;;31/03/2026;C1;401857;CHAVE FUSIVEL DIST 15KV 100A/10KA PORC;MC10801;;;;CDFL;INVT;2.547;UN;2.547;UN;239,94;BRL;1;0;0;0;0,00;0;0,00;1;ZF 1302603;611.127,18;2.547
4500150308;20;4600003554;70;1003412    MAURIZIO  CIA LTDA;NB;F;A01;;31/03/2026;C1;800817;CHAVE FUSIVEL DIST 15KV 100A/10KA PORC;MC10801;;;;CDFL;CUST;2.347;UN;2.347;UN;239,94;BRL;1;0;0;0;0,00;0;0,00;1;ZF 1302603;563.139,18;2.347
4500154314;10;4600003072;30;1003412    MAURIZIO  CIA LTDA;NB;F;GAE;;15/05/2026;C0;401116;ISOLADOR ANCOR POLIM 15KV 5000DAN;MC10902;;;;CDFL;INVT;5.000;UN;5.000;UN;32,00;BRL;1;0;0;5.000;160.000,00;5.000;160.000,00;1;ZF 1302603;160.000,00;0
4500155834;10;4600003554;80;1003412    MAURIZIO  CIA LTDA;NB;F;A01;;29/05/2026;C1;800262;CHAVE FUSIVEL INDIC 15KV 200A/95KV BUC;MC10801;;;;CDFL;CUST;150;UN;150;UN;300,39;BRL;1;0;0;150;45.058,50;150;45.058,50;1;ZF 1302603;45.058,50;0
4500155834;20;4600003554;90;1003412    MAURIZIO  CIA LTDA;NB;F;A01;;29/05/2026;C1;402276;CHAVE FUSIVEL INDIC 15KV 200A/95KV BUC;MC10801;;;;CDFL;INVT;80;UN;80;UN;300,39;BRL;1;0;0;80;24.031,20;80;24.031,20;1;ZF 1302603;24.031,20;0
4500144463;10;4600003058;70;1003489    INDEL BAURU INDUSTRIA ELETROMETALUR;NB;F;A03;;22/01/2026;C1;801216;ELO FUSIVEL BOTAO DISTRIB K 50A 500MM;MC10801;;;;CDFL;CUST;231;UN;231;UN;7,25;BRL;1;0;0;0;0,00;0;0,00;1;ZF 1302603;1.675,67;231
4500144463;20;4600003058;40;1003489    INDEL BAURU INDUSTRIA ELETROMETALUR;NB;F;A03;;22/01/2026;C1;801220;ELO FUSIVEL BOTAO DISTRIB K 25A 500MM;MC10801;;;;CDFL;CUST;1.962;UN;1.962;UN;5,41;BRL;1;0;0;0;0,00;0;0,00;1;ZF 1302603;10.619,52;1.962
4500144463;30;4600003058;30;1003489    INDEL BAURU INDUSTRIA ELETROMETALUR;NB;F;A03;;22/01/2026;C1;800824;ELO FUSIVEL BOTAO DISTR K 40A 500MM;MC10801;;;;CDFL;CUST;1.418;UN;1.418;UN;6,84;BRL;1;0;0;0;0,00;0;0,00;1;ZF 1302603;9.692,74;1.418
4500144463;40;4600003058;10;1003489    INDEL BAURU INDUSTRIA ELETROMETALUR;NB;F;A03;;22/01/2026;C1;402025;ELO FUSIVEL BOTAO DISTRIB K 25A 500MM;MC10801;;;;CDFL;INVT;42;UN;42;UN;5,41;BRL;1;0;0;0;0,00;0;0,00;1;ZF 1302603;227,33;42
4500154287;10;4600003637;300;1003489    INDEL BAURU INDUSTRIA ELETROMETALUR;NB;F;A13;;15/05/2026;C1;800894;ELO FUSIVEL BOTAO DISTRIB UN K 8A 500MM;MC10801;;;;CDFL;CUST;5.891;UN;5.891;UN;5,04;BRL;1;0;0;5.891;29.694,17;5.891;29.694,17;1;ZF 1302603;29.694,17;0
4500154287;20;4600003637;310;1003489    INDEL BAURU INDUSTRIA ELETROMETALUR;NB;F;A13;;15/05/2026;C1;801826;ELO FUSIVEL BOTAO K 6A 500MM;MC10801;;;;CDFL;CUST;4.492;UN;4.492;UN;5,04;BRL;1;0;0;4.492;22.642,38;4.492;22.642,38;1;ZF 1302603;22.642,38;0
4500154287;30;4600003637;320;1003489    INDEL BAURU INDUSTRIA ELETROMETALUR;NB;F;A13;;15/05/2026;C1;801375;ELO FUSIVEL BOTAO DISTRIB H 5A 500MM;MC10801;;;;CDFL;CUST;4.530;UN;4.530;UN;5,04;BRL;1;0;0;4.530;22.833,92;4.530;22.833,92;1;ZF 1302603;22.833,92;0
4500154287;40;4600003637;330;1003489    INDEL BAURU INDUSTRIA ELETROMETALUR;NB;F;A13;;15/05/2026;C1;801303;ELO FUSIVEL BOTAO DISTRIB K 12A 500MM;MC10801;;;;CDFL;CUST;3.436;UN;3.436;UN;5,04;BRL;1;0;0;3.436;17.319,50;3.436;17.319,50;1;ZF 1302603;17.319,50;0
4500154287;50;4600003637;340;1003489    INDEL BAURU INDUSTRIA ELETROMETALUR;NB;F;A13;;15/05/2026;C1;801352;ELO FUSIVEL BOTAO DISTRIB K 10A 500MM;MC10801;;;;CDFL;CUST;3.343;UN;3.343;UN;5,04;BRL;1;0;0;3.343;16.850,73;3.343;16.850,73;1;ZF 1302603;16.850,73;0
4500154287;60;4600003637;350;1003489    INDEL BAURU INDUSTRIA ELETROMETALUR;NB;F;A13;;15/05/2026;C1;801010;ELO FUSIVEL BOTAO DISTRIB H 3A 500MM;MC10801;;;;CDFL;CUST;2.166;UN;2.166;UN;5,04;BRL;1;0;0;2.166;10.917,94;2.166;10.917,94;1;ZF 1302603;10.917,94;0
4500154287;70;4600003637;360;1003489    INDEL BAURU INDUSTRIA ELETROMETALUR;NB;F;A13;;15/05/2026;C1;801233;ELO FUSIVEL BOTAO DISTRIB K 15A 500MM;MC10801;;;;CDFL;CUST;2.841;UN;2.841;UN;5,04;BRL;1;0;0;2.841;14.320,34;2.841;14.320,34;1;ZF 1302603;14.320,34;0
4500154287;80;4600003637;370;1003489    INDEL BAURU INDUSTRIA ELETROMETALUR;NB;F;A13;;15/05/2026;C1;800824;ELO FUSIVEL BOTAO DISTR K 40A 500MM;MC10801;;;;CDFL;CUST;1.415;UN;1.415;UN;7,22;BRL;1;0;0;1.415;10.211,77;1.415;10.211,77;1;ZF 1302603;10.211,77;0
4500154287;90;4600003637;380;1003489    INDEL BAURU INDUSTRIA ELETROMETALUR;NB;F;A13;;15/05/2026;C1;801220;ELO FUSIVEL BOTAO DISTRIB K 25A 500MM;MC10801;;;;CDFL;CUST;1.813;UN;1.813;UN;5,51;BRL;1;0;0;1.813;9.981,65;1.813;9.981,65;1;ZF 1302603;9.981,65;0
4500154287;100;4600003637;390;1003489    INDEL BAURU INDUSTRIA ELETROMETALUR;NB;F;A13;;15/05/2026;C1;800362;ELO FUSIVEL BOTAO DISTRIB K 30A 500MM;MC10801;;;;CDFL;CUST;1.096;UN;1.096;UN;6,02;BRL;1;0;0;1.096;6.594,74;1.096;6.594,74;1;ZF 1302603;6.594,74;0
4500154287;110;4600003637;400;1003489    INDEL BAURU INDUSTRIA ELETROMETALUR;NB;F;A13;;15/05/2026;C1;801114;ELO FUSIVEL BOTAO DISTRIB K 20A 500MM;MC10801;;;;CDFL;CUST;1.218;UN;1.218;UN;5,04;BRL;1;0;0;1.218;6.139,45;1.218;6.139,45;1;ZF 1302603;6.139,45;0
4500154287;120;4600003637;410;1003489    INDEL BAURU INDUSTRIA ELETROMETALUR;NB;F;A13;;15/05/2026;C1;400805;ELO FUSIVEL BOTAO DISTRIB H 5A 500MM;MC10801;;;;CDFL;INVT;2.048;UN;2.048;UN;5,04;BRL;1;0;0;2.048;10.323,15;2.048;10.323,15;1;ZF 1302603;10.323,15;0
4500154287;130;4600003637;420;1003489    INDEL BAURU INDUSTRIA ELETROMETALUR;NB;F;A13;;15/05/2026;C1;402117;ELO FUSIVEL BOTAO DISTRIB K 20A 500MM;MC10801;;;;CDFL;INVT;920;UN;920;UN;5,04;BRL;1;0;0;920;4.637,35;920;4.637,35;1;ZF 1302603;4.637,35;0
4500154287;140;4600003637;430;1003489    INDEL BAURU INDUSTRIA ELETROMETALUR;NB;F;A13;;15/05/2026;C1;402741;ELO FUSIVEL BOTAO K 6A 500MM;MC10801;;;;CDFL;INVT;782;UN;782;UN;5,04;BRL;1;0;0;782;3.941,75;782;3.941,75;1;ZF 1302603;3.941,75;0
4500154287;150;4600003637;440;1003489    INDEL BAURU INDUSTRIA ELETROMETALUR;NB;F;A13;;15/05/2026;C1;402265;ELO FUSIVEL BOTAO DISTRIB H 3A 500MM;MC10801;;;;CDFL;INVT;212;UN;212;UN;5,04;BRL;1;0;0;212;1.068,61;212;1.068,61;1;ZF 1302603;1.068,61;0
4500154287;160;4600003637;450;1003489    INDEL BAURU INDUSTRIA ELETROMETALUR;NB;F;A13;;15/05/2026;C1;402111;ELO FUSIVEL BOTAO DISTRIB UN K 8A 500MM;MC10801;;;;CDFL;INVT;348;UN;348;UN;5,04;BRL;1;0;0;348;1.754,13;348;1.754,13;1;ZF 1302603;1.754,13;0
4500154287;170;4600003637;460;1003489    INDEL BAURU INDUSTRIA ELETROMETALUR;NB;F;A13;;15/05/2026;C1;402660;ELO FUSIVEL DISTRIB H 2A 500MM;MC10801;;;;CDFL;INVT;239;UN;239;UN;5,04;BRL;1;0;0;239;1.204,70;239;1.204,70;1;ZF 1302603;1.204,70;0
4500154287;180;4600003637;470;1003489    INDEL BAURU INDUSTRIA ELETROMETALUR;NB;F;A13;;15/05/2026;C1;401056;ELO FUSIVEL BOTAO DISTRIB K 10A 500MM;MC10801;;;;CDFL;INVT;259;UN;259;UN;5,04;BRL;1;0;0;259;1.305,52;259;1.305,52;1;ZF 1302603;1.305,52;0
4500154287;190;4600003637;480;1003489    INDEL BAURU INDUSTRIA ELETROMETALUR;NB;F;A13;;15/05/2026;C1;401910;ELO FUSIVEL BOTAO DISTRIB K 15A 500MM;MC10801;;;;CDFL;INVT;172;UN;172;UN;5,04;BRL;1;0;0;172;866,98;172;866,98;1;ZF 1302603;866,98;0
4500154287;200;4600003637;490;1003489    INDEL BAURU INDUSTRIA ELETROMETALUR;NB;F;A13;;15/05/2026;C1;402123;ELO FUSIVEL BOTAO DISTRIB K 12A 500MM;MC10801;;;;CDFL;INVT;63;UN;63;UN;5,04;BRL;1;0;0;63;317,56;63;317,56;1;ZF 1302603;317,56;0
4500154287;210;4600003637;500;1003489    INDEL BAURU INDUSTRIA ELETROMETALUR;NB;F;A13;;15/05/2026;C1;401399;ELO FUSIVEL DISTRIB 20K 15KV 500MM;MC10801;;;;CDFL;INVT;29;UN;29;UN;5,04;BRL;1;0;0;29;146,18;29;146,18;1;ZF 1302603;146,18;0
4500154287;220;4600003637;510;1003489    INDEL BAURU INDUSTRIA ELETROMETALUR;NB;F;A13;;15/05/2026;C1;402025;ELO FUSIVEL BOTAO DISTRIB K 25A 500MM;MC10801;;;;CDFL;INVT;12;UN;12;UN;5,51;BRL;1;0;0;12;66,07;12;66,07;1;ZF 1302603;66,07;0
4500155391;10;4600003637;520;1003489    INDEL BAURU INDUSTRIA ELETROMETALUR;NB;F;GAE;;20/05/2026;C1;801955;ELO FUSIVEL DISTRIB H 2A 500MM;MC10801;;;;CDFL;;2.710;UN;2.710;UN;5,04;BRL;1;0;0;2.710;13.660,03;2.710;13.660,03;1;ZF 1302603;13.660,03;0
4500145004;10;;0;1003515    S V INSTALACOES LTDA;ZCDR;F;GAE;;04/02/2026;C0;400359;ALCA PREFORM ESTAI 3/8P 9,5MM 889MM;MC11001;;;;CDFL;INVT;44;UN;44;UN;26,80;BRL;1;0;0;0;0,00;0;0,00;1;ZF 1302603;1.179,20;44
4500147801;10;;0;1003515    S V INSTALACOES LTDA;ZCDR;F;GAE;;02/03/2026;C0;401465;CONECTOR PERF AL 16-120MM2 / 16-120MM2;MC12002;;;;CDFL;INVT;500;UN;500;UN;17,50;BRL;1;0;0;0;0,00;0;0,00;1;ZF 1302603;8.750,00;500
4500147803;10;;0;1003515    S V INSTALACOES LTDA;NB;F;GAE;;02/03/2026;C0;401465;CONECTOR PERF AL 16-120MM2 / 16-120MM2;MC12002;;;;CDFL;INVT;4.500;UN;4.500;UN;17,50;BRL;1;0;0;0;0,00;0;0,00;1;ZF 1302603;78.750,00;4.500
4500147804;10;;0;1003515    S V INSTALACOES LTDA;ZCDR;F;GAE;;02/03/2026;C0;410200; CONECTOR COMP TIPO H 95-95;MC12002;;;;CDFL;INVT;200;UN;200;UN;17,50;BRL;1;0;0;0;0,00;0;0,00;1;ZF 1302603;3.500,00;200
4500149691;10;;0;1003515    S V INSTALACOES LTDA;NB;F;A13;;16/03/2026;C0;405491;TERMINAL TUBULAR CU ESTANHADO 35MM2;MC10401;;;;CDFL;INVT;30.000;UN;30.000;UN;0,90;BRL;1;0;0;30.000;27.000,00;30.000;27.000,00;1;ZF 1302603;27.000,00;0
4500150386;10;4600003555;10;1003515    S V INSTALACOES LTDA;NB;F;A13;;06/04/2026;C0;405491;TERMINAL TUBULAR CU ESTANHADO 35MM2;MC10401;;;;CDFL;INVT;41.591;UN;41.591;UN;0,90;BRL;1;0;0;39.441;35.496,90;39.441;35.496,90;1;ZF 1302603;37.431,90;2.150
4500152674;10;;0;1003515    S V INSTALACOES LTDA;NB;F;GAE;;27/04/2026;C0;803444;ESPUMA EXPANSIVA 500 ML POLIURETANO PU;MC00901;;;;CDFL;CUST;10;UN;10;UN;20,52;BRL;1;0;0;10;205,20;10;205,20;1;ZF 1302603;205,20;0
4500152674;20;;0;1003515    S V INSTALACOES LTDA;NB;F;GAE;;27/04/2026;C0;803083;DISSOLVENTE THINNER 5L;MC03301;;;;CDFL;CUST;185;UN;185;UN;62,29;BRL;1;0;0;185;11.523,65;185;11.523,65;1;ZF 1302603;11.523,65;0
4500152674;30;;0;1003515    S V INSTALACOES LTDA;NB;F;GAE;;27/04/2026;C0;803443;PACOTE ESTOPA ALG ESP BR LIMP;MC01901;;;;CDFL;CUST;290;PAC;290;PAC;8,38;BRL;1;0;0;290;2.430,20;290;2.430,20;1;ZF 1302603;2.430,20;0
4500152674;40;;0;1003515    S V INSTALACOES LTDA;NB;F;GAE;;27/04/2026;C0;802159;TINTA ESM SINTE VERM SECAGEM RAP 3,6L;MC03301;;;;CDFL;CUST;10;UN;10;UN;80,02;BRL;1;0;0;10;800,20;10;800,20;1;ZF 1302603;800,20;0
4500152674;50;;0;1003515    S V INSTALACOES LTDA;NB;F;GAE;;27/04/2026;C0;804595;TINTA ESM SINTE BRANCO SECAGEM RAP 3,6L;MC03301;;;;CDFL;CUST;10;UN;10;UN;74,12;BRL;1;0;0;10;741,20;10;741,20;1;ZF 1302603;741,20;0
4500152674;60;;0;1003515    S V INSTALACOES LTDA;NB;F;GAE;;27/04/2026;C0;804594;TINTA ESM SINTE AZUL SECAGEM RAP 3,6L;MC03301;;;;CDFL;CUST;10;UN;10;UN;78,76;BRL;1;0;0;10;787,60;10;787,60;1;ZF 1302603;787,60;0
4500152674;70;;0;1003515    S V INSTALACOES LTDA;NB;F;GAE;;27/04/2026;C0;802163;TRINCHA CERDA NR2;MC02201;;;;CDFL;CUST;50;UN;50;UN;5,86;BRL;1;0;0;50;293,00;50;293,00;1;ZF 1302603;293,00;0
4500152674;80;;0;1003515    S V INSTALACOES LTDA;NB;F;GAE;;27/04/2026;C0;803086;TRINCHA COM CERDAS DE NYLON TAMANHO 3;MC02201;;;;CDFL;CUST;30;UN;30;UN;11,50;BRL;1;0;0;30;345,00;30;345,00;1;ZF 1302603;345,00;0
4500152674;90;;0;1003515    S V INSTALACOES LTDA;NB;F;GAE;;27/04/2026;C0;803080;TINTA ESM SINTE AMARELO SEC RAP 3,6L;MC03301;;;;CDFL;CUST;12;UN;12;UN;77,84;BRL;1;0;0;12;934,08;12;934,08;1;ZF 1302603;934,08;0
4500144696;10;;0;1003592    FIXAR INDUSTRIAL -INDUSTRIA DE META;ZCDR;F;GAE;;27/01/2026;C1;410147;CX BLIND P/ MED MONO C/ ABERT INTEL;MC12503;;;;CDFL;INVT;15;UN;15;UN;336,76;BRL;1;0;0;0;0,00;0;0,00;1;ZF 1302603;5.051,38;30
4500144696;20;;0;1003592    FIXAR INDUSTRIAL -INDUSTRIA DE META;ZCDR;F;GAE;;27/01/2026;C1;410152;CX BLIND P/ MED BI C/ ABERT INTEL;MC12503;;;;CDFL;INVT;13;UN;13;UN;377,68;BRL;1;0;0;0;0,00;0;0,00;1;ZF 1302603;4.909,82;26
4500144696;30;;0;1003592    FIXAR INDUSTRIAL -INDUSTRIA DE META;ZCDR;F;GAE;;27/01/2026;C1;410153;CX BLIND P/ MED TRI C/ ABERT INTEL;MC12503;;;;CDFL;INVT;2;UN;2;UN;377,68;BRL;1;0;0;0;0,00;0;0,00;1;ZF 1302603;755,36;4
4500147723;10;4600003496;20;1003592    FIXAR INDUSTRIAL -INDUSTRIA DE META;NB;F;GAE;;27/02/2026;C1;410155;CX BLIND P/ CONEXAO C/ ABERT INTEL;MC10301;;;;CDFL;INVT;250;UN;250;UN;1.465,20;BRL;1;0;0;0;0,00;0;0,00;1;ZF 1302603;366.300,00;250
4500148085;10;4600003496;10;1003592    FIXAR INDUSTRIAL -INDUSTRIA DE META;NB;F;GAE;;04/03/2026;C1;410152;CX BLIND P/ MED BI C/ ABERT INTEL;MC12503;;;;CDFL;INVT;637;UN;637;UN;281,60;BRL;1;0;0;581;163.609,60;581;163.609,60;1;ZF 1302603;179.379,20;56
4500148085;20;4600003496;20;1003592    FIXAR INDUSTRIAL -INDUSTRIA DE META;NB;F;GAE;;04/03/2026;C1;410155;CX BLIND P/ CONEXAO C/ ABERT INTEL;MC10301;;;;CDFL;INVT;2.250;UN;2.250;UN;1.465,20;BRL;1;0;0;966;1.415.383,20;966;1.415.383,20;1;ZF 1302603;3.296.700,00;1.284
4500148085;30;4600003496;30;1003592    FIXAR INDUSTRIAL -INDUSTRIA DE META;NB;F;GAE;;04/03/2026;C1;410147;CX BLIND P/ MED MONO C/ ABERT INTEL;MC12503;;;;CDFL;INVT;306;UN;306;UN;240,68;BRL;1;0;0;0;0,00;0;0,00;1;ZF 1302603;73.648,08;306
4500148085;40;4600003496;40;1003592    FIXAR INDUSTRIAL -INDUSTRIA DE META;NB;F;GAE;;04/03/2026;C1;410153;CX BLIND P/ MED TRI C/ ABERT INTEL;MC12503;;;;CDFL;INVT;1.057;UN;1.057;UN;281,60;BRL;1;0;0;981;276.249,60;981;276.249,60;1;ZF 1302603;297.651,20;76
4500148999;10;4600003496;50;1003592    FIXAR INDUSTRIAL -INDUSTRIA DE META;NB;F;GAE;;11/03/2026;C1;410155;CX BLIND P/ CONEXAO C/ ABERT INTEL;MC10301;;;;CDFL;INVT;2.500;UN;2.500;UN;1.465,20;BRL;1;0;0;2.500;3.663.000,00;2.500;3.663.000,00;1;ZF 1302603;3.663.000,00;0
4500148999;20;4600003496;60;1003592    FIXAR INDUSTRIAL -INDUSTRIA DE META;NB;F;GAE;;11/03/2026;C1;410147;CX BLIND P/ MED MONO C/ ABERT INTEL;MC12503;;;;CDFL;INVT;306;UN;306;UN;240,68;BRL;1;0;0;306;73.648,08;306;73.648,08;1;ZF 1302603;73.648,08;0
4500148999;30;4600003496;70;1003592    FIXAR INDUSTRIAL -INDUSTRIA DE META;NB;F;GAE;;11/03/2026;CA;410152;CX BLIND P/ MED BI C/ ABERT INTEL;MC12503;;;;CDFL;INVT;637;UN;637;UN;281,60;BRL;1;0;0;637;179.379,20;637;179.379,20;1;ZF 1302603;179.379,20;0
4500148999;40;4600003496;80;1003592    FIXAR INDUSTRIAL -INDUSTRIA DE META;NB;F;GAE;;11/03/2026;CA;410153;CX BLIND P/ MED TRI C/ ABERT INTEL;MC12503;;;;CDFL;INVT;1.057;UN;1.057;UN;281,60;BRL;1;0;0;1.057;297.651,20;1.057;297.651,20;1;ZF 1302603;297.651,20;0
4500144395;10;4600002059;60;1003624    POOL ENGENHARIA, SERVICO, INDUSTRIA;NB;F;A12;;22/01/2026;CA;401959;CRUZETA POL FBV/RES PES 2400X112,5X90MM;MC12001;;;;CDFL;INVT;500;UN;500;UN;170,61;BRL;1;0;0;0;0,00;0;0,00;1;ZF 1302603;85.305,35;500
4500144395;20;4600002059;70;1003624    POOL ENGENHARIA, SERVICO, INDUSTRIA;NB;F;A12;;22/01/2026;CA;801112;CRUZETA POL FBV/RES PES 2400X112,5X90MM;MC12001;;;;CDFL;CUST;309;UN;309;UN;170,61;BRL;1;0;0;0;0,00;0;0,00;1;ZF 1302603;52.718,71;309
4500144395;30;4600002059;60;1003624    POOL ENGENHARIA, SERVICO, INDUSTRIA;NB;F;A12;;22/01/2026;CA;401959;CRUZETA POL FBV/RES PES 2400X112,5X90MM;MC12001;;;;CDFL;INVT;500;UN;500;UN;170,61;BRL;1;0;0;0;0,00;0;0,00;1;ZF 1302603;85.305,35;500
4500144462;10;4600003438;20;1003624    POOL ENGENHARIA, SERVICO, INDUSTRIA;NB;F;A12;;22/01/2026;CA;803470;PONTALETE FBV 100MM 6M;MC02001;;;;CDFL;CUST;860;UN;860;UN;318,17;BRL;1;0;0;0;0,00;0;0,00;1;ZF 1302603;273.622,67;860
4500145738;10;4600002059;60;1003624    POOL ENGENHARIA, SERVICO, INDUSTRIA;NB;F;A12;;10/02/2026;CA;401959;CRUZETA POL FBV/RES PES 2400X112,5X90MM;MC12001;;;;CDFL;INVT;1.000;UN;1.000;UN;170,61;BRL;1;0;0;0;0,00;0;0,00;1;ZF 1302603;170.610,70;1.000
4500147599;10;4600003063;40;1003672    TAG COMERCIO DE TINTAS EIRELI;NB;F;A03;;24/02/2026;C0;404183;"PARAFUSO AUTO BROCANTE 14 X 1"" CHAV. 3/8";MC01301;;;;CDFL;INVT;240;UN;240;UN;0,26;BRL;1;0;0;240;62,40;240;62,40;1;ZF 1302603;62,40;0
4500147599;30;4600003063;20;1003672    TAG COMERCIO DE TINTAS EIRELI;NB;F;A03;;24/02/2026;C1;803176;"PARAFUSO AUTO BROCANTE 14 X 1"" CHAV. 3/8";MC01301;;;;CDFL;CUST;1.076;UN;1.076;UN;0,21;BRL;1;0;0;1.076;223,81;1.076;223,81;1;ZF 1302603;223,81;0
4500144854;10;4600003185;10;1003685    S&C ELECTRIC DO BRASIL LTDA;NB;F;A03;;28/01/2026;A7;401004;RELIGADOR 1F AUTOMAT 7,96 KV 100A 6,3kA;MC21701;;;;CDFL;INVT;6;UN;6;UN;17.251,14;BRL;1;0;0;6;103.506,84;6;103.506,84;1;ZF 1302603;103.506,84;0
4500148060;10;4600003530;10;1003780    INTELLI INDUSTRIA DE TERMINAIS ELET;NB;F;A12;;03/03/2026;C1;402155;CONECTOR DER CUNHA AL 2AWG 336,4MCM;MC12002;;;;CDFL;INVT;271;UN;271;UN;11,22;BRL;1;0;0;271;3.039,48;271;3.039,48;1;ZF 1302603;3.039,48;0
4500148060;20;4600003530;30;1003780    INTELLI INDUSTRIA DE TERMINAIS ELET;NB;F;A12;;03/03/2026;C1;800886;CONECTOR DER CUNHA AL 2/0AWG 336,4MCM;MC12002;;;;CDFL;CUST;240;UN;240;UN;32,50;BRL;1;0;0;240;7.800,84;240;7.800,84;1;ZF 1302603;7.800,84;0
4500148060;30;4600003530;20;1003780    INTELLI INDUSTRIA DE TERMINAIS ELET;NB;F;A12;;03/03/2026;C1;400506;CONECTOR DER CU 13-34MM2;MC12002;;;;CDFL;INVT;5.710;UN;5.710;UN;8,97;BRL;1;0;0;5.710;51.191,29;5.710;51.191,29;1;ZF 1302603;51.191,29;0
4500148060;40;4600003530;40;1003780    INTELLI INDUSTRIA DE TERMINAIS ELET;NB;F;A12;;03/03/2026;C1;801215;CONECTOR DER CU 13-34MM2;MC12002;;;;CDFL;CUST;1.044;UN;1.044;UN;8,97;BRL;1;0;0;1.044;9.359,67;1.044;9.359,67;1;ZF 1302603;9.359,67;0
4500144683;10;4600003204;20;1003799    CONIMEL EMPRESA DE MATERIAL ELETRIC;NB;F;A12;;26/01/2026;C1;401566;CONECTOR PARAL AL 4/0AWG 1/0AWG;MC10301;;;;CDFL;INVT;1.000;UN;1.000;UN;17,38;BRL;1;0;0;0;0,00;0;0,00;1;ZF 1302603;17.381,70;1.000
4500144683;20;4600003204;10;1003799    CONIMEL EMPRESA DE MATERIAL ELETRIC;NB;F;A12;;26/01/2026;C1;400790;CONECTOR ATERR REFORÇ HAST/CAB 5/8-35MM2;MC10301;;;;CDFL;INVT;1.294;UN;1.294;UN;17,54;BRL;1;0;0;0;0,00;0;0,00;1;ZF 1302603;22.696,50;1.294
4500144684;20;4600003204;40;1003799    CONIMEL EMPRESA DE MATERIAL ELETRIC;NB;F;A12;;26/01/2026;C1;800889;CONECTOR PARAL AL 4/0AWG 1/0AWG;MC10301;;;;CDFL;CUST;890;UN;890;UN;17,38;BRL;1;0;0;0;0,00;0;0,00;1;ZF 1302603;15.469,71;890
4500145719;10;4600003093;20;1003799    CONIMEL EMPRESA DE MATERIAL ELETRIC;NB;F;A03;;10/02/2026;C1;801232;CONECTOR CUNHA AM AL 336,4MCM 336,4MCM;MC12002;;;;CDFL;CUST;1.835;UN;1.835;UN;33,55;BRL;1;0;0;0;0,00;0;0,00;1;ZF 1302603;61.572,32;1.835
4500145719;20;4600003093;40;1003799    CONIMEL EMPRESA DE MATERIAL ELETRIC;NB;F;A03;;10/02/2026;C1;800884;CONECTOR CUNHA LIGA AL AZ 120MM2 4/0AWG;MC12002;;;;CDFL;CUST;600;UN;600;UN;11,30;BRL;1;0;0;0;0,00;0;0,00;1;ZF 1302603;6.779,70;600
4500145719;30;4600003093;50;1003799    CONIMEL EMPRESA DE MATERIAL ELETRIC;NB;F;A03;;10/02/2026;C1;801215;CONECTOR DER CU 13-34MM2;MC12002;;;;CDFL;CUST;590;UN;590;UN;7,36;BRL;1;0;0;0;0,00;0;0,00;1;ZF 1302603;4.340,22;590
4500145719;40;4600003093;90;1003799    CONIMEL EMPRESA DE MATERIAL ELETRIC;NB;F;A03;;10/02/2026;C1;400506;CONECTOR DER CU 13-34MM2;MC12002;;;;CDFL;INVT;2.535;UN;2.535;UN;7,36;BRL;1;0;0;0;0,00;0;0,00;1;ZF 1302603;18.648,22;2.535
4500145719;60;4600003093;120;1003799    CONIMEL EMPRESA DE MATERIAL ELETRIC;NB;F;A03;;10/02/2026;C1;402185;CONECTOR DER CUNHA ESTRIBO 336,4 MCM;MC12002;;;;CDFL;INVT;685;UN;685;UN;35,04;BRL;1;0;0;0;0,00;0;0,00;1;ZF 1302603;24.004,04;685
4500145719;70;4600003093;70;1003799    CONIMEL EMPRESA DE MATERIAL ELETRIC;NB;F;A03;;10/02/2026;C1;400512;CONECTOR DER CUNHA AL 1/0AWG 336,4MCM;MC12002;;;;CDFL;INVT;45;UN;45;UN;43,86;BRL;1;0;0;0;0,00;0;0,00;1;ZF 1302603;1.973,65;45
4500145743;10;4600003204;10;1003799    CONIMEL EMPRESA DE MATERIAL ELETRIC;NB;F;A12;;10/02/2026;C1;400790;CONECTOR ATERR REFORÇ HAST/CAB 5/8-35MM2;MC10301;;;;CDFL;INVT;4.055;UN;4.055;UN;17,54;BRL;1;0;0;0;0,00;0;0,00;1;ZF 1302603;71.123,89;4.055
4500145743;20;4600003204;20;1003799    CONIMEL EMPRESA DE MATERIAL ELETRIC;NB;F;A12;;10/02/2026;C1;401566;CONECTOR PARAL AL 4/0AWG 1/0AWG;MC10301;;;;CDFL;INVT;3.200;UN;3.200;UN;17,38;BRL;1;0;0;0;0,00;0;0,00;1;ZF 1302603;55.621,44;3.200
4500145786;10;4600003112;160;1003799    CONIMEL EMPRESA DE MATERIAL ELETRIC;NB;F;A12;;11/02/2026;C1;400507;CONECTOR PARAL AL 10-2/0AWG (6-70MM2);MC10301;;;;CDFL;INVT;210;UN;210;UN;5,96;BRL;1;0;0;0;0,00;0;0,00;1;ZF 1302603;1.251,87;210
4500145786;20;4600003112;140;1003799    CONIMEL EMPRESA DE MATERIAL ELETRIC;NB;F;A12;;11/02/2026;C1;403182;CONECTOR CHAVE SEC 1P FACA CU 10-300MM2;MC12002;;;;CDFL;INVT;1.000;UN;1.000;UN;173,22;BRL;1;0;0;0;0,00;0;0,00;1;ZF 1302603;173.221,80;1.000
4500145786;30;4600003112;170;1003799    CONIMEL EMPRESA DE MATERIAL ELETRIC;NB;F;A12;;11/02/2026;C1;802249;CONECTOR CHAVE SEC 1P FACA CU 10-300MM2;MC12002;;;;CDFL;CUST;1.000;UN;1.000;UN;173,22;BRL;1;0;0;0;0,00;0;0,00;1;ZF 1302603;173.221,80;1.000
4500146982;10;4600003204;40;1003799    CONIMEL EMPRESA DE MATERIAL ELETRIC;NB;F;A12;;20/02/2026;C1;800889;CONECTOR PARAL AL 4/0AWG 1/0AWG;MC10301;;;;CDFL;CUST;500;UN;500;UN;17,38;BRL;1;0;0;500;8.690,85;500;8.690,85;1;ZF 1302603;8.690,85;0
4500146983;10;4600003204;20;1003799    CONIMEL EMPRESA DE MATERIAL ELETRIC;NB;F;A12;;20/02/2026;C1;401566;CONECTOR PARAL AL 4/0AWG 1/0AWG;MC10301;;;;CDFL;INVT;2.000;UN;2.000;UN;17,38;BRL;1;0;0;2.000;34.763,40;2.000;34.763,40;1;ZF 1302603;34.763,40;0
4500150326;10;4600003204;30;1003799    CONIMEL EMPRESA DE MATERIAL ELETRIC;NB;F;A12;;01/04/2026;C1;800054;CONECTOR ATERRAMENTO HAST/CABO 3,5-9,4MM;MC10301;;;;CDFL;CUST;7.086;UN;7.086;UN;17,54;BRL;1;0;0;7.086;124.287,02;7.086;124.287,02;1;ZF 1302603;124.287,02;0
4500150563;10;4600003204;20;1003799    CONIMEL EMPRESA DE MATERIAL ELETRIC;NB;F;A12;;07/04/2026;C1;401566;CONECTOR PARAL AL 4/0AWG 1/0AWG;MC10301;;;;CDFL;INVT;5.640;UN;5.640;UN;17,38;BRL;1;0;0;5.640;98.032,79;5.640;98.032,79;1;ZF 1302603;98.032,79;0
4500153068;10;4600003204;40;1003799    CONIMEL EMPRESA DE MATERIAL ELETRIC;NB;F;A12;;04/05/2026;C1;800889;CONECTOR PARAL AL 4/0AWG 1/0AWG;MC10301;;;;CDFL;CUST;6.080;UN;6.080;UN;17,38;BRL;1;0;0;6.080;105.680,74;6.080;105.680,74;1;ZF 1302603;105.680,74;0
4500150222;10;;0;1003813    CECIL CONCORDE COMERCIO INDUSTRIA I;ZCDR;F;GAE;;26/03/2026;CA;112065;CANETA MARCA TEXTO AM;MC02301;;;;CDFL;CUST;10;UN;10;UN;0,93;BRL;1;0;0;0;0,00;0;0,00;1;ZF 1302603;9,30;10
4500150222;20;;0;1003813    CECIL CONCORDE COMERCIO INDUSTRIA I;ZCDR;F;GAE;;26/03/2026;CA;802464;CLIPE ACO NIQ N 4/0 CX 50UN;MC02301;;;;CDFL;CUST;20;UN;20;UN;3,52;BRL;1;0;0;0;0,00;0;0,00;1;ZF 1302603;70,40;20
4500150222;30;;0;1003813    CECIL CONCORDE COMERCIO INDUSTRIA I;ZCDR;F;GAE;;26/03/2026;CA;110649;CLIPE PAPEL AC NIQ TAM N 3/0;MC02301;;;;CDFL;CUST;10;CX;10;CX;3,12;BRL;1;0;0;0;0,00;0;0,00;1;ZF 1302603;31,20;10
4500150222;40;;0;1003813    CECIL CONCORDE COMERCIO INDUSTRIA I;ZCDR;F;GAE;;26/03/2026;CA;110356;PASTA L PLAST AZ 31X22CM;MC02301;;;;CDFL;CUST;20;UN;20;UN;0,56;BRL;1;0;0;0;0,00;0;0,00;1;ZF 1302603;11,20;20
4500150222;50;;0;1003813    CECIL CONCORDE COMERCIO INDUSTRIA I;ZCDR;F;GAE;;26/03/2026;CA;804453;PRANCHETA MAD COMP C/PREND MET 230X340M;MC02301;;;;CDFL;CUST;5;UN;5;UN;3,82;BRL;1;0;0;0;0,00;0;0,00;1;ZF 1302603;19,08;5
4500150222;60;;0;1003813    CECIL CONCORDE COMERCIO INDUSTRIA I;ZCDR;F;GAE;;26/03/2026;CA;110215;CAIXA ARQUIVO PLAST CORRUG 360X135X250MM;MC02301;;;;CDFL;CUST;150;UN;150;UN;3,50;BRL;1;0;0;0;0,00;0;0,00;1;ZF 1302603;525,60;150
4500150222;70;;0;1003813    CECIL CONCORDE COMERCIO INDUSTRIA I;ZCDR;F;GAE;;26/03/2026;CA;112242;CLIPE PAPEL AC NIQ TAM 8/0;MC02301;;;;CDFL;CUST;10;CX;10;CX;3,84;BRL;1;0;0;0;0,00;0;0,00;1;ZF 1302603;38,40;10
4500150222;80;;0;1003813    CECIL CONCORDE COMERCIO INDUSTRIA I;ZCDR;F;GAE;;26/03/2026;CA;110708;EXTRATOR GRAMPOS ESPATULA AI 150MM;MC02301;;;;CDFL;CUST;10;UN;10;UN;1,12;BRL;1;0;0;0;0,00;0;0,00;1;ZF 1302603;11,20;10
4500150222;90;;0;1003813    CECIL CONCORDE COMERCIO INDUSTRIA I;ZCDR;F;GAE;;26/03/2026;C0;110404;ENVELOPE CORRES PAP 80G/M2 NT 340X240MM;MC02301;;;;CDFL;CUST;2;UN;2;UN;7,12;BRL;1;0;0;0;0,00;0;0,00;1;ZF 1302603;14,24;2
4500150222;100;;0;1003813    CECIL CONCORDE COMERCIO INDUSTRIA I;ZCDR;F;GAE;;26/03/2026;C0;112066;PAPEL AUTO ADES 38X50MM 100FL POST IT;MC02301;;;;CDFL;CUST;10;CX;10;CX;5,37;BRL;1;0;0;0;0,00;0;0,00;1;ZF 1302603;53,70;10
4500150222;110;;0;1003813    CECIL CONCORDE COMERCIO INDUSTRIA I;ZCDR;F;GAE;;26/03/2026;CA;804398;ESTILETE 18 MM;MC01401;;;;CDFL;CUST;6;UN;6;UN;5,28;BRL;1;0;0;0;0,00;0;0,00;1;ZF 1302603;31,68;6
4500145134;10;;0;1003818    B A ELETRICA LTDA;ZCDR;F;A14;;05/02/2026;C0;110418;DISCO CORTE ACO 7P;MC01401;;;;CDFL;CUST;100;UN;100;UN;5,27;BRL;1;0;0;0;0,00;0;0,00;1;ZF 1302603;527,00;100
4500146047;10;;0;1003818    B A ELETRICA LTDA;ZCDR;F;GAE;;13/02/2026;C0;804842;BATERIA VEICULAR 100A;MC20101;;;;CDFL;CUST;1;UN;1;UN;1.285,63;BRL;1;0;0;0;0,00;0;0,00;1;ZF 1302603;1.285,63;1
4500147553;10;;0;1003818    B A ELETRICA LTDA;ZCDR;F;GAE;;24/02/2026;C0;114242;"""DISCO CORTE P/ FERRO 7""""X1,6 X PC 50,00";MC01401;;;;CDFL;CUST;50;UN;50;UN;5,27;BRL;1;0;0;0;0,00;0;0,00;1;ZF 1302603;263,50;50
4500147645;10;;0;1003818    B A ELETRICA LTDA;ZCDR;F;A14;;25/02/2026;C0;403602;ABRACADEIRA PLAS UV 525X8,90MM TRI;MC02901;;;;CDFL;INVT;629;UN;629;UN;2,17;BRL;1;0;0;0;0,00;0;0,00;1;ZF 1302603;1.364,93;629
4500147694;10;4600003162;50;1003818    B A ELETRICA LTDA;NB;F;A14;;26/02/2026;C0;802141;FITA ISOL ELET 19MMX20M 0,19MM AZ;MC10903;;;;CDFL;CUST;50;UN;50;UN;53,44;BRL;1;0;0;0;0,00;0;0,00;1;ZF 1302603;2.672,00;50
4500147694;20;4600003162;60;1003818    B A ELETRICA LTDA;NB;F;A14;;26/02/2026;C0;802158;FITA ISOL ELET 19MMX20M 0,19MM BR;MC10903;;;;CDFL;CUST;50;UN;50;UN;53,44;BRL;1;0;0;0;0,00;0;0,00;1;ZF 1302603;2.672,00;75
4500147694;30;4600003162;70;1003818    B A ELETRICA LTDA;NB;F;A14;;26/02/2026;C0;802138;FITA ISOL ELET 19MMX20M 0,19MM VM;MC10903;;;;CDFL;CUST;27;UN;27;UN;53,44;BRL;1;0;0;0;0,00;0;0,00;1;ZF 1302603;1.442,88;27
4500148056;10;;0;1003818    B A ELETRICA LTDA;ZCDR;F;GAE;;03/03/2026;CA;403602;ABRACADEIRA PLAS UV 525X8,90MM TRI;MC02901;;;;CDFL;INVT;2.000;UN;2.000;UN;1,74;BRL;1;0;0;0;0,00;0;0,00;1;ZF 1302603;3.472,00;2.000
4500148056;20;;0;1003818    B A ELETRICA LTDA;ZCDR;F;GAE;;03/03/2026;C0;401465;CONECTOR PERF AL 16-120MM2 / 16-120MM2;MC12002;;;;CDFL;INVT;500;UN;500;UN;10,29;BRL;1;0;0;0;0,00;0;0,00;1;ZF 1302603;5.145,00;500
4500148056;30;;0;1003818    B A ELETRICA LTDA;ZCDR;F;GAE;;03/03/2026;C0;400359;ALCA PREFORM ESTAI 3/8P 9,5MM 889MM;MC11001;;;;CDFL;INVT;410;UN;410;UN;25,23;BRL;1;0;0;0;0,00;0;0,00;1;ZF 1302603;10.344,30;410
4500150256;10;;0;1003818    B A ELETRICA LTDA;ZCDR;F;GAE;;27/03/2026;C0;805627;TERMINAL COMPRESSÃO 400MM2;MC10401;;;;CDFL;CUST;4;UN;4;UN;89,23;BRL;1;0;0;0;0,00;0;0,00;1;ZF 1302603;356,92;4
4500150715;10;;0;1003818    B A ELETRICA LTDA;ZCDR;F;GAE;;08/04/2026;C0;410257;PRENSA CABO PRETO 2 (37-44MM) BSP 2;MC00201;;;;CDFL;INVT;600;UN;600;UN;14,03;BRL;1;0;0;31;434,93;31;434,93;1;ZF 1302603;8.418,00;569
4500152526;10;;0;1003818    B A ELETRICA LTDA;ZCDR;F;GAE;;22/04/2026;C0;802205;LAMPADA LED BULBO;MC02201;;;;CDFL;CUST;80;UN;80;UN;2,04;BRL;1;0;0;0;0,00;0;0,00;1;ZF 1302603;163,20;80
4500152666;10;;0;1003818    B A ELETRICA LTDA;NB;F;GAE;;27/04/2026;C0;805531;MASCARA FACIAL PARA PINTURA C/ FILTRO;MC01204;;;;CDFL;CUST;4;UN;4;UN;144,75;BRL;1;0;0;4;579,00;4;579,00;1;ZF 1302603;579,00;0
4500152666;20;;0;1003818    B A ELETRICA LTDA;NB;F;GAE;;27/04/2026;C0;805532;CARTUCHO QUIM 6003 VAPORES ORG E GASES A;MC01204;;;;CDFL;CUST;24;UN;24;UN;48,36;BRL;1;0;0;24;1.160,64;24;1.160,64;1;ZF 1302603;1.160,64;0
4500152676;10;4600003162;20;1003818    B A ELETRICA LTDA;NB;F;A14;;27/04/2026;C0;403120;FITA ISOL ELET 19MMX20M 0,19MM BR;MC10903;;;;CDFL;INVT;150;UN;150;UN;53,44;BRL;1;0;0;0;0,00;0;0,00;1;ZF 1302603;8.016,00;150
4500152676;20;4600003162;10;1003818    B A ELETRICA LTDA;NB;F;A14;;27/04/2026;C0;403275;FITA ISOL ELET 19MMX20M 0,19MM AZ;MC10903;;;;CDFL;INVT;150;UN;150;UN;53,44;BRL;1;0;0;0;0,00;0;0,00;1;ZF 1302603;8.016,00;150
4500152676;30;4600003162;30;1003818    B A ELETRICA LTDA;NB;F;A14;;27/04/2026;C0;403377;FITA ISOL ELET 19MMX20M 0,19MM VD;MC10903;;;;CDFL;INVT;216;UN;216;UN;53,44;BRL;1;0;0;0;0,00;0;0,00;1;ZF 1302603;11.543,04;216
4500152676;40;4600003162;40;1003818    B A ELETRICA LTDA;NB;F;A14;;27/04/2026;C0;403407;FITA ISOL ELET 19MMX20M 0,19MM VM;MC10903;;;;CDFL;INVT;140;UN;140;UN;53,44;BRL;1;0;0;0;0,00;0;0,00;1;ZF 1302603;7.481,60;140
4500145239;10;4600003195;50;1003866    ARCOMA DA AMAZONIA IND E COM LTDA;NB;F;A03;;06/02/2026;CA;400224;POSTE CONC DUPL T 11 M 300 DAN;MC13001;;;;CDFL;INVT;200;UN;200;UN;1.506,60;BRL;1;0;0;0;0,00;0;0,00;1;ZF 1302603;301.320,00;200
4500145239;20;4600003195;50;1003866    ARCOMA DA AMAZONIA IND E COM LTDA;NB;F;A03;;06/02/2026;CA;400224;POSTE CONC DUPL T 11 M 300 DAN;MC13001;;;;CDFL;INVT;115;UN;115;UN;1.506,60;BRL;1;0;0;0;0,00;0;0,00;1;ZF 1302603;173.259,00;115
4500150142;10;;0;1003874    COCIL CONSTRUCOES CIVIS E INDUSTRIA;ZCDR;F;GAE;;24/03/2026;CA;410212;FITA AUTOADESIVA BLINDAGEM 10cmX10m;MC03701;;;;CDFL;INVT;182;UN;182;UN;16,55;BRL;1;0;0;0;0,00;0;0,00;1;ZF 1302603;3.011,79;182
4500156191;10;;0;1003874    COCIL CONSTRUCOES CIVIS E INDUSTRIA;ZCDR;F;GAE;;01/06/2026;C0;802142;FOLHA N/TEC FIB SINT S-ULT FIN 134X240MM;MC02201;;;;CDFL;CUST;500;UN;500;UN;4,45;BRL;1;0;0;500;2.225,00;500;2.225,00;1;ZF 1302603;2.225,00;0
4500156191;20;;0;1003874    COCIL CONSTRUCOES CIVIS E INDUSTRIA;ZCDR;F;GAE;;01/06/2026;C0;803075;LIXA FERRO 20X28.5CM GRAO 220;MC00101;;;;CDFL;CUST;100;UN;100;UN;2,90;BRL;1;0;0;100;290,00;100;290,00;1;ZF 1302603;290,00;0
4500156191;30;;0;1003874    COCIL CONSTRUCOES CIVIS E INDUSTRIA;ZCDR;F;GAE;;01/06/2026;C0;804654;LIXA MADEIRA 120;MC01401;;;;CDFL;CUST;20;UN;20;UN;0,75;BRL;1;0;0;20;15,00;20;15,00;1;ZF 1302603;15,00;0
4500156191;40;;0;1003874    COCIL CONSTRUCOES CIVIS E INDUSTRIA;ZCDR;F;GAE;;01/06/2026;C0;802166;LUBRIFICANTE ANTICORROSIVO SPRAY 300ML;MC00301;;;;CDFL;CUST;205;UN;205;UN;25,95;BRL;1;0;0;205;5.319,75;205;5.319,75;1;ZF 1302603;5.319,75;0
4500145027;10;4600003213;210;1003949    FLEX INDUSTRIA DE FIOS E CABOS ELET;NB;F;A15;;04/02/2026;CA;402318;CABO  MULT 3X120+1X70MM² XLPE 0,6/1 KV;MC10101;;;;CDFL;INVT;4.220;M;4.220;M;44,00;BRL;1;0;0;0;0,00;0;0,00;1;ZF 1302603;185.672,83;4.220
4500145027;20;4600003213;440;1003949    FLEX INDUSTRIA DE FIOS E CABOS ELET;NB;F;A15;;04/02/2026;CA;402318;CABO  MULT 3X120+1X70MM² XLPE 0,6/1 KV;MC10101;;;;CDFL;INVT;3.920;M;3.920;M;44,00;BRL;1;0;0;0;0,00;0;0,00;1;ZF 1302603;172.473,34;3.920
4500146770;10;4600003068;110;1003949    FLEX INDUSTRIA DE FIOS E CABOS ELET;NB;F;GAE;;19/02/2026;CA;402152;CABO ELET CU 95MM2 90°XLPE 0,6/1KV;MC10101;;;;CDFL;INVT;500;M;500;M;60,35;BRL;1;0;0;0;0,00;0;0,00;1;ZF 1302603;30.173,85;500
4500147222;10;4600003213;330;1003949    FLEX INDUSTRIA DE FIOS E CABOS ELET;NB;F;A16;;20/02/2026;CA;402318;CABO  MULT 3X120+1X70MM² XLPE 0,6/1 KV;MC10101;;;;CDFL;INVT;34.000;M;34.000;M;44,00;BRL;1;0;0;0;0,00;0;0,00;1;ZF 1302603;1.495.942,20;34.000
4500147616;10;4600003068;130;1003949    FLEX INDUSTRIA DE FIOS E CABOS ELET;NB;F;GAE;;25/02/2026;CA;402152;CABO ELET CU 95MM2 90°XLPE 0,6/1KV;MC10101;;;;CDFL;INVT;1.187;M;1.187;M;60,35;BRL;1;0;0;0;0,00;0;0,00;1;ZF 1302603;71.632,72;1.187
4500148070;10;4600003213;340;1003949    FLEX INDUSTRIA DE FIOS E CABOS ELET;NB;F;A03;;04/03/2026;CA;801185;CABO  MULT 2X10+1X10 MM² XLPE 0,6/1 KV;MC10101;;;;CDFL;CUST;600;M;600;M;2,78;BRL;1;0;0;0;0,00;0;0,00;1;ZF 1302603;1.670,40;600
4500148070;20;4600003213;350;1003949    FLEX INDUSTRIA DE FIOS E CABOS ELET;NB;F;A03;;04/03/2026;CA;400443;CABO  MULT 2X25+1X25MM² XLPE 0,6/1 KV;MC10101;;;;CDFL;INVT;3.000;M;3.000;M;5,94;BRL;1;0;0;0;0,00;0;0,00;1;ZF 1302603;17.832,00;3.000
4500148070;30;4600003213;360;1003949    FLEX INDUSTRIA DE FIOS E CABOS ELET;NB;F;A03;;04/03/2026;CA;400474;CABO  MULT 3X70+1X70 MM² XLPE 0,6/1 KV;MC10101;;;;CDFL;INVT;16.608;M;16.608;M;22,40;BRL;1;0;0;0;0,00;0;0,00;1;ZF 1302603;372.019,20;16.608
4500148070;40;4600003213;370;1003949    FLEX INDUSTRIA DE FIOS E CABOS ELET;NB;F;A03;;04/03/2026;CA;400487;CABO  MULT 3X120+1X120MM² XLPE 0,6/1 KV;MC10101;;;;CDFL;INVT;7.000;M;7.000;M;43,84;BRL;1;0;0;0;0,00;0;0,00;1;ZF 1302603;306.880,00;7.000
4500148087;10;4600003048;210;1003949    FLEX INDUSTRIA DE FIOS E CABOS ELET;NB;F;GAE;;04/03/2026;CA;401886;CABO AL NU C/ALMA ACO CAA-2AWG SPAROW;MC10101;;;;CDFL;INVT;1.076;KG;1.076;KG;27,90;BRL;1;0;0;0;0,00;0;0,00;1;ZF 1302603;30.020,40;1.076
4500148087;20;4600003048;220;1003949    FLEX INDUSTRIA DE FIOS E CABOS ELET;NB;F;GAE;;04/03/2026;CA;402397;CABO ELET NU CA 1/0AWG 53,5 MM2 POPPY;MC10101;;;;CDFL;INVT;35.616;KG;35.616;KG;26,97;BRL;1;0;0;0;0,00;0;0,00;1;ZF 1302603;960.563,52;35.616
4500148087;30;4600003048;230;1003949    FLEX INDUSTRIA DE FIOS E CABOS ELET;NB;F;GAE;;04/03/2026;CA;400460;CABO ELET NU CA AL 2/0AWG 67,40MM2 ASTER;MC10101;;;;CDFL;INVT;15.363;KG;15.363;KG;26,97;BRL;1;0;0;0;0,00;0;0,00;1;ZF 1302603;414.340,11;15.363
4500148087;40;4600003048;240;1003949    FLEX INDUSTRIA DE FIOS E CABOS ELET;NB;F;GAE;;04/03/2026;CA;400434;CABO ELET NU CA AL 2AWG 33,54MM2 IRIS;MC10101;;;;CDFL;INVT;6.576;KG;6.576;KG;26,97;BRL;1;0;0;0;0,00;0;0,00;1;ZF 1302603;177.354,72;6.576
4500148087;50;4600003048;250;1003949    FLEX INDUSTRIA DE FIOS E CABOS ELET;NB;F;GAE;;04/03/2026;CA;800682;CABO NU CA AL 4/0 AWG 7X4,417MM OXLIP;MC10101;;;;CDFL;CUST;6.615;KG;6.615;KG;26,97;BRL;1;0;0;0;0,00;0;0,00;1;ZF 1302603;178.406,55;6.615
4500148814;20;;0;1003949    FLEX INDUSTRIA DE FIOS E CABOS ELET;NB;F;GAE;;11/03/2026;CA;400708;CABO ELETR 15KV AL PROT XLPE 50MM2 1F MT;MC10101;;;;CDFL;INVT;33.303;M;33.303;M;5,20;BRL;1;0;0;0;0,00;0;0,00;1;ZF 1302603;173.175,60;33.303
4500150388;10;4600003560;400;1003949    FLEX INDUSTRIA DE FIOS E CABOS ELET;NB;F;GAE;;06/04/2026;CA;800177;CABO ELET FLEXIVEL PVC 750V 2,5MM2 CZ;MC10101;;;;CDFL;CUST;500;M;500;M;1,96;BRL;1;0;0;0;0,00;0;0,00;1;ZF 1302603;980,00;500
4500150388;20;4600003560;410;1003949    FLEX INDUSTRIA DE FIOS E CABOS ELET;NB;F;GAE;;06/04/2026;CA;402152;CABO ELET CU 95MM2 90°XLPE 0,6/1KV;MC10101;;;;CDFL;INVT;7.599;M;7.599;M;97,61;BRL;1;0;0;0;0,00;0;0,00;1;ZF 1302603;741.759,67;7.599
4500150388;30;4600003560;420;1003949    FLEX INDUSTRIA DE FIOS E CABOS ELET;NB;F;GAE;;06/04/2026;CA;805342;CABO ELET CU 35MM2 PR FLEXIVEL 750V;MC01501;;;;CDFL;CUST;500;M;500;M;24,75;BRL;1;0;0;0;0,00;0;0,00;1;ZF 1302603;12.376,00;500
4500150388;40;4600003560;430;1003949    FLEX INDUSTRIA DE FIOS E CABOS ELET;NB;F;GAE;;06/04/2026;CA;805343;CABO ELET CU 35MM2 VD FLEXIVEL 750V;MC01501;;;;CDFL;CUST;200;M;200;M;24,75;BRL;1;0;0;0;0,00;0;0,00;1;ZF 1302603;4.950,40;200
4500150388;50;4600003560;440;1003949    FLEX INDUSTRIA DE FIOS E CABOS ELET;NB;F;GAE;;06/04/2026;CA;805341;CABO ELET CU 35MM2 VERM FLEXIVEL 750V;MC01501;;;;CDFL;CUST;500;M;500;M;24,75;BRL;1;0;0;0;0,00;0;0,00;1;ZF 1302603;12.376,00;500
4500150388;60;4600003560;450;1003949    FLEX INDUSTRIA DE FIOS E CABOS ELET;NB;F;GAE;;06/04/2026;CA;805346;CABO ELETR CU 25MM2 PR FLEXIVEL 750V;MC01501;;;;CDFL;CUST;200;M;200;M;16,24;BRL;1;0;0;0;0,00;0;0,00;1;ZF 1302603;3.248,00;200
4500150388;70;4600003560;460;1003949    FLEX INDUSTRIA DE FIOS E CABOS ELET;NB;F;GAE;;06/04/2026;CA;805345;CABO ELET CU 25MM2 AZUL FLEXIVEL 750V;MC01501;;;;CDFL;CUST;500;M;500;M;16,24;BRL;1;0;0;0;0,00;0;0,00;1;ZF 1302603;8.120,00;500
4500150388;80;4600003560;470;1003949    FLEX INDUSTRIA DE FIOS E CABOS ELET;NB;F;GAE;;06/04/2026;CA;805344;CABO ELET CU 25MM2 VERM FLEXIVEL 750V;MC01501;;;;CDFL;CUST;500;M;500;M;18,88;BRL;1;0;0;0;0,00;0;0,00;1;ZF 1302603;9.439,50;500
4500150388;90;4600003560;480;1003949    FLEX INDUSTRIA DE FIOS E CABOS ELET;NB;F;GAE;;06/04/2026;CA;410030;CABO ELET CU VD 25MM FLEX 750V;MC10101;;;;CDFL;INVT;200;M;200;M;16,24;BRL;1;0;0;0;0,00;0;0,00;1;ZF 1302603;3.248,00;200
4500150388;100;4600003560;490;1003949    FLEX INDUSTRIA DE FIOS E CABOS ELET;NB;F;GAE;;06/04/2026;CA;800145;CABO ELÉTRICO CU 35MM AZUL FLEXIVEL 750V;MC10101;;;;CDFL;CUST;500;M;500;M;24,75;BRL;1;0;0;0;0,00;0;0,00;1;ZF 1302603;12.376,00;500
4500150388;110;4600003560;500;1003949    FLEX INDUSTRIA DE FIOS E CABOS ELET;NB;F;GAE;;06/04/2026;CA;805401;CABO ELET BT 2X10MM2 0,6/1kV;MC10101;;;;CDFL;CUST;200;M;200;M;15,79;BRL;1;0;0;0;0,00;0;0,00;1;ZF 1302603;3.158,40;200
4500150388;120;4600003560;510;1003949    FLEX INDUSTRIA DE FIOS E CABOS ELET;NB;F;GAE;;06/04/2026;CA;805501;CABO ELET FLEXIVEL 3X6MM2 PRETO 0,6/1KV;MC10101;;;;CDFL;CUST;200;UN;200;UN;14,75;BRL;1;0;0;0;0,00;0;0,00;1;ZF 1302603;2.950,40;200
4500150388;130;4600003560;520;1003949    FLEX INDUSTRIA DE FIOS E CABOS ELET;NB;F;GAE;;06/04/2026;CA;800999;CABO ELET BT 3X10MM2 0,6/1 KV;MC10101;;;;CDFL;CUST;206;M;206;M;26,68;BRL;1;0;0;0;0,00;0;0,00;1;ZF 1302603;5.496,43;206
4500150388;140;4600003560;530;1003949    FLEX INDUSTRIA DE FIOS E CABOS ELET;NB;F;GAE;;06/04/2026;CA;402235;CABO ELET ISOL AZ 2,5MM2;MC10101;;;;CDFL;INVT;600;M;600;M;1,96;BRL;1;0;0;0;0,00;0;0,00;1;ZF 1302603;1.176,00;600
4500150388;150;4600003560;540;1003949    FLEX INDUSTRIA DE FIOS E CABOS ELET;NB;F;GAE;;06/04/2026;CA;403323;CABO ELET FLEX 2X1,5MM2 0,6/1KV;MC00201;;;;CDFL;INVT;12.492;M;12.492;M;3,21;BRL;1;0;0;0;0,00;0;0,00;1;ZF 1302603;40.074,34;12.492
4500150388;160;4600003560;550;1003949    FLEX INDUSTRIA DE FIOS E CABOS ELET;NB;F;GAE;;06/04/2026;CA;800768;CABO ELET ISOL AZ 2,5MM2;MC10101;;;;CDFL;CUST;500;M;500;M;1,96;BRL;1;0;0;0;0,00;0;0,00;1;ZF 1302603;980,00;500
4500150388;170;4600003560;560;1003949    FLEX INDUSTRIA DE FIOS E CABOS ELET;NB;F;GAE;;06/04/2026;CA;800157;CABO ELET ISOL BR 2,5MM2;MC10101;;;;CDFL;CUST;500;M;500;M;1,96;BRL;1;0;0;0;0,00;0;0,00;1;ZF 1302603;980,00;500
4500150388;180;4600003560;570;1003949    FLEX INDUSTRIA DE FIOS E CABOS ELET;NB;F;GAE;;06/04/2026;CA;400734;CABO ELET FLEXIVEL PVC 750V 2,5MM2 PT;MC10101;;;;CDFL;INVT;800;M;800;M;1,96;BRL;1;0;0;0;0,00;0;0,00;1;ZF 1302603;1.568,00;800
4500150388;190;4600003560;580;1003949    FLEX INDUSTRIA DE FIOS E CABOS ELET;NB;F;GAE;;06/04/2026;CA;402136;CABO ELET FLEXIVEL PVC 750V 2,5MM2 VD;MC10101;;;;CDFL;INVT;2.000;M;2.000;M;1,96;BRL;1;0;0;0;0,00;0;0,00;1;ZF 1302603;3.920,00;2.000
4500150388;200;4600003560;590;1003949    FLEX INDUSTRIA DE FIOS E CABOS ELET;NB;F;GAE;;06/04/2026;CA;800798;CABO ELET FLEX 2,5MM VM;MC10101;;;;CDFL;CUST;500;M;500;M;1,96;BRL;1;0;0;0;0,00;0;0,00;1;ZF 1302603;980,00;500
4500150388;210;4600003560;600;1003949    FLEX INDUSTRIA DE FIOS E CABOS ELET;NB;F;GAE;;06/04/2026;CA;402229;CABO ELET FLEXIVEL PVC 750V 2,5MM2 VM;MC10101;;;;CDFL;INVT;320;M;320;M;1,96;BRL;1;0;0;20;39,20;20;39,20;1;ZF 1302603;627,20;300
4500150388;220;4600003560;610;1003949    FLEX INDUSTRIA DE FIOS E CABOS ELET;NB;F;GAE;;06/04/2026;CA;803770;CABO ELET ISOL 1,5MM2 CINZA;MC10101;;;;CDFL;CUST;500;M;500;M;1,33;BRL;1;0;0;0;0,00;0;0,00;1;ZF 1302603;664,00;500
4500150388;230;4600003560;620;1003949    FLEX INDUSTRIA DE FIOS E CABOS ELET;NB;F;GAE;;06/04/2026;CA;800051;CABO ELET ISOL SING 1.5MM2 BR;MC10101;;;;CDFL;CUST;500;M;500;M;1,33;BRL;1;0;0;0;0,00;0;0,00;1;ZF 1302603;664,00;500
4500150388;240;4600003560;630;1003949    FLEX INDUSTRIA DE FIOS E CABOS ELET;NB;F;GAE;;06/04/2026;CA;800048;CABO ELET ISOL SING 1.5MM2 VERMELHA;MC10101;;;;CDFL;CUST;500;M;500;M;1,33;BRL;1;0;0;0;0,00;0;0,00;1;ZF 1302603;664,00;500
4500150388;250;4600003560;640;1003949    FLEX INDUSTRIA DE FIOS E CABOS ELET;NB;F;GAE;;06/04/2026;CA;801017;CABO ELETR 750V CU SING PVC 1,5MM2 AZUL;MC10101;;;;CDFL;CUST;500;M;500;M;1,33;BRL;1;0;0;0;0,00;0;0,00;1;ZF 1302603;664,00;500
4500150388;260;4600003560;650;1003949    FLEX INDUSTRIA DE FIOS E CABOS ELET;NB;F;GAE;;06/04/2026;CA;800133;CABO ELET ISOL, 1,5MM2 PT;MC10101;;;;CDFL;CUST;500;M;500;M;1,33;BRL;1;0;0;0;0,00;0;0,00;1;ZF 1302603;664,00;500
4500152174;10;4600003213;390;1003949    FLEX INDUSTRIA DE FIOS E CABOS ELET;NB;F;A15;;17/04/2026;CA;800775;CABO  MULT 2X25+1X25MM² XLPE 0,6/1 KV;MC10101;;;;CDFL;CUST;1.246;M;1.246;M;5,62;BRL;1;0;0;0;0,00;0;0,00;1;ZF 1302603;7.007,50;1.246
4500152174;20;4600003213;400;1003949    FLEX INDUSTRIA DE FIOS E CABOS ELET;NB;F;A15;;17/04/2026;CA;400443;CABO  MULT 2X25+1X25MM² XLPE 0,6/1 KV;MC10101;;;;CDFL;INVT;6.460;M;6.460;M;5,62;BRL;1;0;0;0;0,00;0;0,00;1;ZF 1302603;36.331,04;6.460
4500152174;30;4600003213;410;1003949    FLEX INDUSTRIA DE FIOS E CABOS ELET;NB;F;A15;;17/04/2026;CA;800975;CABO  MULT 3X16+1X16MM² XLPE 0,6/1 KV;MC10101;;;;CDFL;CUST;1.843;M;1.843;M;5,06;BRL;1;0;0;0;0,00;0;0,00;1;ZF 1302603;9.318,21;1.843
4500152174;40;4600003213;420;1003949    FLEX INDUSTRIA DE FIOS E CABOS ELET;NB;F;A15;;17/04/2026;CA;400481;CABO  MULT 3X16+1X16MM² XLPE 0,6/1 KV;MC10101;;;;CDFL;INVT;5.361;M;5.361;M;5,06;BRL;1;0;0;0;0,00;0;0,00;1;ZF 1302603;27.105,22;5.361
4500152174;50;4600003213;430;1003949    FLEX INDUSTRIA DE FIOS E CABOS ELET;NB;F;A15;;17/04/2026;CA;400442;CABO  MULT 2X16+1X16MM² XLPE 0,6/1 KV;MC10101;;;;CDFL;INVT;12.029;M;12.029;M;4,32;BRL;1;0;0;0;0,00;0;0,00;1;ZF 1302603;52.019,41;12.029
4500152330;10;4600003560;660;1003949    FLEX INDUSTRIA DE FIOS E CABOS ELET;NB;F;GAE;;20/04/2026;CA;800021;CABO ELET CU 95MM2 90°XLPE 0,6/1KV;MC10101;;;;CDFL;CUST;4.150;M;4.150;M;97,61;BRL;1;0;0;9;878,52;9;878,52;1;ZF 1302603;405.093,12;4.141
4500152330;20;4600003560;670;1003949    FLEX INDUSTRIA DE FIOS E CABOS ELET;NB;F;GAE;;20/04/2026;CA;401531;CABO ELET ISOL PVC PT 10MM2 0,6/1KV;MC10101;;;;CDFL;INVT;250;M;250;M;10,97;BRL;1;0;0;0;0,00;0;0,00;1;ZF 1302603;2.743,50;250
4500152330;30;4600003560;680;1003949    FLEX INDUSTRIA DE FIOS E CABOS ELET;NB;F;GAE;;20/04/2026;CA;407737;CABO ELET FLEXIVEL PVC 750V 2,5MM2 CZ;MC10101;;;;CDFL;INVT;600;M;600;M;2,28;BRL;1;0;0;0;0,00;0;0,00;1;ZF 1302603;1.367,10;600
4500152699;10;4600003213;100;1003949    FLEX INDUSTRIA DE FIOS E CABOS ELET;NB;F;A15;;27/04/2026;CA;800762;CABO  MULT 3X70+1X70 MM² XLPE 0,6/1 KV;MC10101;;;;CDFL;CUST;4.680;M;4.680;M;26,04;BRL;1;0;0;0;0,00;0;0,00;1;ZF 1302603;121.867,20;4.680
4500152748;20;4600003213;220;1003949    FLEX INDUSTRIA DE FIOS E CABOS ELET;NB;F;A15;;28/04/2026;CA;409696;CABO MULT 3X120+1X95MM² XLPE 0,6/1 KV;MC10101;;;;CDFL;INVT;7.270;M;7.270;M;47,15;BRL;1;0;0;0;0,00;0;0,00;1;ZF 1302603;342.787,77;7.270
4500152748;30;4600003213;230;1003949    FLEX INDUSTRIA DE FIOS E CABOS ELET;NB;F;A15;;28/04/2026;CA;400487;CABO  MULT 3X120+1X120MM² XLPE 0,6/1 KV;MC10101;;;;CDFL;INVT;4.000;M;4.000;M;50,96;BRL;1;0;0;0;0,00;0;0,00;1;ZF 1302603;203.856,00;4.000
4500152852;10;4600003565;60;1003949    FLEX INDUSTRIA DE FIOS E CABOS ELET;NB;F;GAE;;29/04/2026;CA;400733;CABO ELET BT 70MM2 CU PVC PT 0,6/1KV;MC10101;;;;CDFL;INVT;150;M;150;M;64,05;BRL;1;0;0;15;960,74;15;960,74;1;ZF 1302603;9.607,36;135
4500152852;20;4600003565;70;1003949    FLEX INDUSTRIA DE FIOS E CABOS ELET;NB;F;GAE;;29/04/2026;CA;800426;CABO ELET BT 70MM2 CU PVC PT 0,6/1KV;MC10101;;;;CDFL;CUST;250;M;250;M;64,05;BRL;1;0;0;0;0,00;0;0,00;1;ZF 1302603;16.012,27;250
4500152852;30;4600003565;80;1003949    FLEX INDUSTRIA DE FIOS E CABOS ELET;NB;F;GAE;;29/04/2026;CA;801274;CABO ELET ISOL CU PT 8AWG PVC 750V;MC10101;;;;CDFL;CUST;1.200;M;1.200;M;5,64;BRL;1;0;0;0;0,00;0;0,00;1;ZF 1302603;6.762,96;1.200
4500152854;10;4600003531;30;1003949    FLEX INDUSTRIA DE FIOS E CABOS ELET;NB;F;A16;;29/04/2026;CA;401396;CABO  MULT 3X25+1X25 MM² XLPE 0,6/1 KV;MC10101;;;;CDFL;INVT;5.700;M;5.700;M;10,31;BRL;1;0;0;0;0,00;0;0,00;1;ZF 1302603;58.788,09;5.700
4500152854;20;4600003531;40;1003949    FLEX INDUSTRIA DE FIOS E CABOS ELET;NB;F;A16;;29/04/2026;CA;801189;CABO  MULT 3X25+1X25 MM² XLPE 0,6/1 KV;MC10101;;;;CDFL;CUST;2.000;M;2.000;M;10,31;BRL;1;0;0;0;0,00;0;0,00;1;ZF 1302603;20.627,40;2.000
4500152862;10;4600003213;450;1003949    FLEX INDUSTRIA DE FIOS E CABOS ELET;NB;F;GAE;;29/04/2026;CA;400474;CABO  MULT 3X70+1X70 MM² XLPE 0,6/1 KV;MC10101;;;;CDFL;INVT;21.000;M;21.000;M;26,04;BRL;1;0;0;6.543;170.379,72;6.543;170.379,72;1;ZF 1302603;546.840,00;14.457
4500152874;10;4600003584;80;1003949    FLEX INDUSTRIA DE FIOS E CABOS ELET;NB;F;GAE;;29/04/2026;CA;800060;CABO ELET 15KV AL PROT XLPE 185MM2 1F MT;MC10101;;;;CDFL;CUST;2.070;M;2.070;M;16,67;BRL;1;0;0;0;0,00;0;0,00;1;ZF 1302603;34.497,79;2.070
4500152874;20;4600003584;90;1003949    FLEX INDUSTRIA DE FIOS E CABOS ELET;NB;F;GAE;;29/04/2026;CA;400730;CABO ELET 15KV AL PROT XLPE 185MM2 1F MT;MC10101;;;;CDFL;INVT;40.000;M;40.000;M;16,67;BRL;1;0;0;0;0,00;0;0,00;1;ZF 1302603;666.624,00;40.000
4500152874;30;4600003584;90;1003949    FLEX INDUSTRIA DE FIOS E CABOS ELET;NB;F;GAE;;29/04/2026;CA;400730;CABO ELET 15KV AL PROT XLPE 185MM2 1F MT;MC10101;;;;CDFL;INVT;40.000;M;40.000;M;16,67;BRL;1;0;0;19.572;326.179,12;19.572;326.179,12;1;ZF 1302603;666.624,00;20.428
4500153065;10;4600003584;100;1003949    FLEX INDUSTRIA DE FIOS E CABOS ELET;NB;F;GAE;;04/05/2026;CA;800033;CABO ELETR 15KV AL PROT XLPE 50MM2 1F MT;MC10101;;;;CDFL;CUST;1.500;M;1.500;M;5,25;BRL;1;0;0;0;0,00;0;0,00;1;ZF 1302603;7.867,80;1.500
4500153065;20;4600003584;110;1003949    FLEX INDUSTRIA DE FIOS E CABOS ELET;NB;F;GAE;;04/05/2026;CA;400708;CABO ELETR 15KV AL PROT XLPE 50MM2 1F MT;MC10101;;;;CDFL;INVT;43.000;M;43.000;M;5,25;BRL;1;0;0;0;0,00;0;0,00;1;ZF 1302603;225.543,60;43.000
4500153065;30;4600003584;120;1003949    FLEX INDUSTRIA DE FIOS E CABOS ELET;NB;F;GAE;;04/05/2026;CA;400459;CABO ELETR 15KV AL PROT XLPE 35MM2 1F MT;MC10101;;;;CDFL;INVT;1.200;M;1.200;M;3,96;BRL;1;0;0;0;0,00;0;0,00;1;ZF 1302603;4.754,16;1.200
4500153065;40;4600003584;130;1003949    FLEX INDUSTRIA DE FIOS E CABOS ELET;NB;F;GAE;;04/05/2026;CA;800981;CABO ELETR 15KV AL PROT XLPE 35MM2 1F MT;MC10101;;;;CDFL;CUST;1.000;M;1.000;M;3,96;BRL;1;0;0;0;0,00;0;0,00;1;ZF 1302603;3.961,80;1.000
4500153065;50;4600003584;140;1003949    FLEX INDUSTRIA DE FIOS E CABOS ELET;NB;F;GAE;;04/05/2026;CA;400821;CABO ELET 15KV AL PROT XLPE 120MM2 1F MT;MC10101;;;;CDFL;INVT;4.000;M;4.000;M;11,62;BRL;1;0;0;3.000;34.847,10;3.000;34.847,10;1;ZF 1302603;46.462,80;1.000
4500153065;60;4600003584;150;1003949    FLEX INDUSTRIA DE FIOS E CABOS ELET;NB;F;GAE;;04/05/2026;CA;407336;CABO ELETR 15KV AL PROT XLPE 70MM2 1F MT;MC10101;;;;CDFL;INVT;6.500;M;6.500;M;7,12;BRL;1;0;0;0;0,00;0;0,00;1;ZF 1302603;46.304,70;6.500
4500153206;10;4600003048;50;1003949    FLEX INDUSTRIA DE FIOS E CABOS ELET;NB;F;GAE;;05/05/2026;CA;400603;CABO NU CA AL 4/0 AWG 7X4,417MM OXLIP;MC10101;;;;CDFL;INVT;5.365;KG;5.365;KG;26,97;BRL;1;0;0;0;0,00;0;0,00;1;ZF 1302603;144.694,05;5.365
4500153269;10;4600003048;60;1003949    FLEX INDUSTRIA DE FIOS E CABOS ELET;NB;F;GAE;;07/05/2026;CA;801079;CABO ELET NU CA 1/0AWG 53,5 MM2 POPPY;MC10101;;;;CDFL;CUST;3.000;KG;3.000;KG;26,97;BRL;1;0;0;0;0,00;0;0,00;1;ZF 1302603;80.910,00;3.000
4500153269;20;4600003048;80;1003949    FLEX INDUSTRIA DE FIOS E CABOS ELET;NB;F;GAE;;07/05/2026;CA;800163;CABO ELET NU CA AL 2/0AWG 67,40MM2;MC10101;;;;CDFL;CUST;6.000;KG;6.000;KG;26,97;BRL;1;0;0;0;0,00;0;0,00;1;ZF 1302603;161.820,00;6.000
4500153496;10;4600003560;690;1003949    FLEX INDUSTRIA DE FIOS E CABOS ELET;NB;F;GAE;;13/05/2026;CA;402081;CABO ELET CU 120MM2 90°XLPE 0,6/1KV;MC10101;;;;CDFL;INVT;3.000;M;3.000;M;112,72;BRL;1;0;0;0;0,00;0;0,00;1;ZF 1302603;338.160,00;3.000
4500153496;20;4600003560;700;1003949    FLEX INDUSTRIA DE FIOS E CABOS ELET;NB;F;GAE;;13/05/2026;CA;801006;CABO ELET ISOL 4MM2 PVC 750V;MC10101;;;;CDFL;CUST;200;M;200;M;3,14;BRL;1;0;0;0;0,00;0;0,00;1;ZF 1302603;627,20;200
4500153496;30;4600003560;710;1003949    FLEX INDUSTRIA DE FIOS E CABOS ELET;NB;F;GAE;;13/05/2026;CA;800999;CABO ELET BT 3X10MM2 0,6/1 KV;MC10101;;;;CDFL;CUST;300;M;300;M;26,68;BRL;1;0;0;0;0,00;0;0,00;1;ZF 1302603;8.004,51;300
4500153496;40;4600003560;720;1003949    FLEX INDUSTRIA DE FIOS E CABOS ELET;NB;F;GAE;;13/05/2026;CA;803159;CABO ELET ISOL 1X1,5MM2 CU VD 750V;MC10101;;;;CDFL;CUST;500;M;500;M;1,33;BRL;1;0;0;0;0,00;0;0,00;1;ZF 1302603;664,00;500
4500154428;10;4600003213;200;1003949    FLEX INDUSTRIA DE FIOS E CABOS ELET;NB;F;A15;;18/05/2026;C0;400710;CABO  MULT 3X95+1X70MM² XLPE 0,6/1 KV;MC10101;;;;CDFL;INVT;2.700;M;2.700;M;35,88;BRL;1;0;0;2.700;96.876,00;2.700;96.876,00;1;ZF 1302603;96.876,00;0
4500154428;20;4600003213;110;1003949    FLEX INDUSTRIA DE FIOS E CABOS ELET;NB;F;A15;;18/05/2026;C0;800676;CABO  MULT 3X95+1X70MM² XLPE 0,6/1 KV;MC10101;;;;CDFL;CUST;1.500;M;1.500;M;35,88;BRL;1;0;0;1.500;53.820,00;1.500;53.820,00;1;ZF 1302603;53.820,00;0
4500155835;10;4600003560;730;1003949    FLEX INDUSTRIA DE FIOS E CABOS ELET;NB;F;GAE;;29/05/2026;C0;402152;CABO ELET CU 95MM2 90°XLPE 0,6/1KV;MC10101;;;;CDFL;INVT;10.000;M;10.000;M;104,96;BRL;1;0;0;10.000;1.049.600,00;10.000;1.049.600,00;1;ZF 1302603;1.049.600,00;0
4500144522;10;4600003262;90;1003953    CONDUMAX - ELETRO METALURGICA CIAFU;NB;F;A02;;23/01/2026;C1;404009;CABO AL CONCENTRICO 1F 1x16+16MM2;MC10101;;;;CDFL;INVT;44.258;M;44.258;M;4,77;BRL;1;0;0;0;0,00;0;0,00;1;ZF 1302603;211.150,49;44.258
4500144522;20;4600003262;50;1003953    CONDUMAX - ELETRO METALURGICA CIAFU;NB;F;A02;;23/01/2026;C1;403656;CABO AL CONCENTRICO 3F 3X25+25MM2;MC10101;;;;CDFL;INVT;54.000;M;54.000;M;20,61;BRL;1;0;0;2.163;44.576,83;2.163;44.576,83;1;ZF 1302603;1.112.875,20;51.837
4500144522;50;4600003262;110;1003953    CONDUMAX - ELETRO METALURGICA CIAFU;NB;F;A02;;23/01/2026;C1;404009;CABO AL CONCENTRICO 1F 1x16+16MM2;MC10101;;;;CDFL;INVT;43.050;M;43.050;M;4,77;BRL;1;0;0;0;0,00;0;0,00;1;ZF 1302603;205.387,24;43.050
4500149150;10;4600003262;100;1003953    CONDUMAX - ELETRO METALURGICA CIAFU;NB;F;GAE;;12/03/2026;C1;403843;CABO AL CONCENTRICO 3F 3X16+16MM2;MC10101;;;;CDFL;INVT;16.663;M;16.663;M;12,37;BRL;1;0;0;16.663;206.104,65;16.663;206.104,65;1;ZF 1302603;206.104,65;0
4500149830;10;4600003524;160;1003953    CONDUMAX - ELETRO METALURGICA CIAFU;NB;F;GAE;;18/03/2026;C0;404009;CABO AL CONCENTRICO 1F 1x16+16MM2;MC10101;;;;CDFL;INVT;100.000;M;100.000;M;5,13;BRL;1;0;0;100.000;513.000,00;100.000;513.000,00;1;ZF 1302603;513.000,00;0
4500149830;20;4600003524;170;1003953    CONDUMAX - ELETRO METALURGICA CIAFU;NB;F;GAE;;18/03/2026;C0;408291;CABO AL CONCENTRICO 2F 2X25+25MM2;MC00201;;;;CDFL;INVT;15.700;M;15.700;M;16,06;BRL;1;0;0;15.700;252.142,00;15.700;252.142,00;1;ZF 1302603;252.142,00;0
4500149830;30;4600003524;180;1003953    CONDUMAX - ELETRO METALURGICA CIAFU;NB;F;GAE;;18/03/2026;C0;403656;CABO AL CONCENTRICO 3F 3X25+25MM2;MC10101;;;;CDFL;INVT;94.200;M;94.200;M;22,16;BRL;1;0;0;94.200;2.087.472,00;94.200;2.087.472,00;1;ZF 1302603;2.087.472,00;0
4500149830;40;4600003524;190;1003953    CONDUMAX - ELETRO METALURGICA CIAFU;NB;F;GAE;;18/03/2026;C0;403574;CABO AL CONCENTRICO 3F 3X95+95MM2;MC10101;;;;CDFL;INVT;800;M;800;M;57,96;BRL;1;0;0;800;46.368,00;800;46.368,00;1;ZF 1302603;46.368,00;0
4500150279;10;4600003524;210;1003953    CONDUMAX - ELETRO METALURGICA CIAFU;NB;F;GAE;;30/03/2026;C1;403574;CABO AL CONCENTRICO 3F 3X95+95MM2;MC10101;;;;CDFL;INVT;36.000;M;36.000;M;53,90;BRL;1;0;0;4.203;226.553,47;4.203;226.553,47;1;ZF 1302603;1.940.500,80;31.797
4500150279;20;4600003524;220;1003953    CONDUMAX - ELETRO METALURGICA CIAFU;NB;F;GAE;;30/03/2026;C1;403574;CABO AL CONCENTRICO 3F 3X95+95MM2;MC10101;;;;CDFL;INVT;36.000;M;36.000;M;60,12;BRL;1;0;0;290;17.433,41;290;17.433,41;1;ZF 1302603;2.164.147,20;50.603
4500150279;30;4600003524;230;1003953    CONDUMAX - ELETRO METALURGICA CIAFU;NB;F;GAE;;30/03/2026;C1;403574;CABO AL CONCENTRICO 3F 3X95+95MM2;MC10101;;;;CDFL;INVT;43.000;M;43.000;M;60,12;BRL;1;0;0;43.000;2.584.953,60;43.000;2.584.953,60;1;ZF 1302603;2.584.953,60;0
4500150279;40;4600003524;240;1003953    CONDUMAX - ELETRO METALURGICA CIAFU;NB;F;GAE;;30/03/2026;C1;403656;CABO AL CONCENTRICO 3F 3X25+25MM2;MC10101;;;;CDFL;INVT;56.000;M;56.000;M;20,59;BRL;1;0;0;55.000;1.132.461,00;55.000;1.132.461,00;1;ZF 1302603;1.153.051,20;1.000
4500150279;50;4600003524;250;1003953    CONDUMAX - ELETRO METALURGICA CIAFU;NB;F;GAE;;30/03/2026;C1;404009;CABO AL CONCENTRICO 1F 1x16+16MM2;MC10101;;;;CDFL;INVT;58.000;M;58.000;M;4,77;BRL;1;0;0;651;3.105,86;651;3.105,86;1;ZF 1302603;276.712,20;57.349
4500150279;60;4600003524;260;1003953    CONDUMAX - ELETRO METALURGICA CIAFU;NB;F;GAE;;30/03/2026;C1;408291;CABO AL CONCENTRICO 2F 2X25+25MM2;MC00201;;;;CDFL;INVT;23.857;M;23.857;M;14,21;BRL;1;0;0;0;0,00;0;0,00;1;ZF 1302603;339.017,51;23.857
4500150279;70;4600003524;270;1003953    CONDUMAX - ELETRO METALURGICA CIAFU;NB;F;GAE;;30/03/2026;C1;408291;CABO AL CONCENTRICO 2F 2X25+25MM2;MC00201;;;;CDFL;INVT;22.299;M;22.299;M;14,21;BRL;1;0;0;0;0,00;0;0,00;1;ZF 1302603;316.877,71;31.207
4500150279;80;4600003524;280;1003953    CONDUMAX - ELETRO METALURGICA CIAFU;NB;F;GAE;;30/03/2026;C1;408291;CABO AL CONCENTRICO 2F 2X25+25MM2;MC00201;;;;CDFL;INVT;117.000;M;117.000;M;14,94;BRL;1;0;0;108.092;1.614.440,49;108.092;1.614.440,49;1;ZF 1302603;1.747.488,60;8.908
4500150279;90;4600003524;290;1003953    CONDUMAX - ELETRO METALURGICA CIAFU;NB;F;GAE;;30/03/2026;C1;403954;CABO AL CONCENTRICO 3F 3X50+50MM2;MC10101;;;;CDFL;INVT;3.827;M;3.827;M;34,24;BRL;1;0;0;2.826;96.769,59;2.826;96.769,59;1;ZF 1302603;131.046,43;1.001
4500150279;100;4600003524;300;1003953    CONDUMAX - ELETRO METALURGICA CIAFU;NB;F;GAE;;30/03/2026;C1;804637;CABO AL CONCENTRICO 3F 3X10+10MM2;MC10101;;;;CDFL;CUST;1.000;M;1.000;M;9,50;BRL;1;0;0;0;0,00;0;0,00;1;ZF 1302603;9.495,30;1.000
4500150279;110;4600003524;320;1003953    CONDUMAX - ELETRO METALURGICA CIAFU;NB;F;GAE;;30/03/2026;C1;804639;CABO AL CONCENTRICO 3F 3X25+25MM2;MC10101;;;;CDFL;CUST;1.000;M;1.000;M;20,59;BRL;1;0;0;1.000;20.590,20;1.000;20.590,20;1;ZF 1302603;20.590,20;0
4500150279;120;4600003524;330;1003953    CONDUMAX - ELETRO METALURGICA CIAFU;NB;F;GAE;;30/03/2026;C1;804640;CABO AL CONCENTRICO 3F 3X16+16MM2;MC10101;;;;CDFL;CUST;1.000;M;1.000;M;12,36;BRL;1;0;0;1.000;12.359,70;1.000;12.359,70;1;ZF 1302603;12.359,70;0
4500150279;130;4600003524;340;1003953    CONDUMAX - ELETRO METALURGICA CIAFU;NB;F;GAE;;30/03/2026;C1;804663;CABO AL CONCENTRICO 3F 3X50+50MM2;MC10101;;;;CDFL;CUST;1.000;M;1.000;M;34,24;BRL;1;0;0;1.000;34.242,60;1.000;34.242,60;1;ZF 1302603;34.242,60;0
4500150279;140;4600003524;350;1003953    CONDUMAX - ELETRO METALURGICA CIAFU;NB;F;GAE;;30/03/2026;C1;804666;CABO AL CONCENTRICO 1F 1x16+16MM2;MC10101;;;;CDFL;CUST;1.000;M;1.000;M;4,77;BRL;1;0;0;1.000;4.770,90;1.000;4.770,90;1;ZF 1302603;4.770,90;0
4500150279;150;4600003524;370;1003953    CONDUMAX - ELETRO METALURGICA CIAFU;NB;F;GAE;;30/03/2026;C1;403843;CABO AL CONCENTRICO 3F 3X16+16MM2;MC10101;;;;CDFL;INVT;1.000;M;1.000;M;12,36;BRL;1;0;0;0;0,00;0;0,00;1;ZF 1302603;12.359,70;1.000
4500150279;160;4600003524;310;1003953    CONDUMAX - ELETRO METALURGICA CIAFU;NB;F;GAE;;30/03/2026;C1;804638;CABO AL CONCENTRICO 2F 2X25+25MM2;MC10101;;;;CDFL;CUST;1.000;M;1.000;M;15,64;BRL;1;0;0;0;0,00;0;0,00;1;ZF 1302603;15.642,60;1.000
4500151153;10;4600003524;360;1003953    CONDUMAX - ELETRO METALURGICA CIAFU;NB;F;GAE;;10/04/2026;C0;403954;CABO AL CONCENTRICO 3F 3X50+50MM2;MC10101;;;;CDFL;INVT;16.000;M;16.000;M;36,82;BRL;1;0;0;16.000;589.120,00;16.000;589.120,00;1;ZF 1302603;589.120,00;0
4500153051;10;4600003524;490;1003953    CONDUMAX - ELETRO METALURGICA CIAFU;NB;F;GAE;;30/04/2026;C1;410050;CABO AL CONCENTRICO 2F 2X35+35MM2;MC10101;;;;CDFL;INVT;15.000;M;15.000;M;20,23;BRL;1;0;0;15.000;303.412,50;15.000;303.412,50;1;ZF 1302603;303.412,50;0
4500153051;20;4600003524;500;1003953    CONDUMAX - ELETRO METALURGICA CIAFU;NB;F;GAE;;30/04/2026;C1;410050;CABO AL CONCENTRICO 2F 2X35+35MM2;MC10101;;;;CDFL;INVT;40.000;M;40.000;M;20,23;BRL;1;0;0;40.000;809.100,00;40.000;809.100,00;1;ZF 1302603;809.100,00;0
4500153051;30;4600003524;510;1003953    CONDUMAX - ELETRO METALURGICA CIAFU;NB;F;GAE;;30/04/2026;C1;410046;CABO AL CONCENTRICO 1F 1x25+25MM2;MC10101;;;;CDFL;INVT;20.000;M;20.000;M;8,74;BRL;1;0;0;20.000;174.840,00;20.000;174.840,00;1;ZF 1302603;174.840,00;0
4500155751;10;4600003524;530;1003953    CONDUMAX - ELETRO METALURGICA CIAFU;NB;F;GAE;;26/05/2026;C1;403954;CABO AL CONCENTRICO 3F 3X50+50MM2;MC10101;;;;CDFL;INVT;10.000;M;10.000;M;34,24;BRL;1;0;0;10.000;342.426,00;10.000;342.426,00;1;ZF 1302603;342.426,00;0
4500155751;20;4600003524;100;1003953    CONDUMAX - ELETRO METALURGICA CIAFU;NB;F;GAE;;26/05/2026;C1;804637;CABO AL CONCENTRICO 3F 3X10+10MM2;MC10101;;;;CDFL;CUST;500;M;500;M;9,50;BRL;1;0;0;500;4.747,65;500;4.747,65;1;ZF 1302603;4.747,65;0
4500155751;30;4600003524;110;1003953    CONDUMAX - ELETRO METALURGICA CIAFU;NB;F;GAE;;26/05/2026;C1;804638;CABO AL CONCENTRICO 2F 2X25+25MM2;MC10101;;;;CDFL;CUST;500;M;500;M;15,64;BRL;1;0;0;500;7.821,30;500;7.821,30;1;ZF 1302603;7.821,30;0
4500155751;40;4600003524;120;1003953    CONDUMAX - ELETRO METALURGICA CIAFU;NB;F;GAE;;26/05/2026;C1;804639;CABO AL CONCENTRICO 3F 3X25+25MM2;MC10101;;;;CDFL;CUST;500;M;500;M;20,59;BRL;1;0;0;500;10.295,10;500;10.295,10;1;ZF 1302603;10.295,10;0
4500155751;50;4600003524;130;1003953    CONDUMAX - ELETRO METALURGICA CIAFU;NB;F;GAE;;26/05/2026;C1;804640;CABO AL CONCENTRICO 3F 3X16+16MM2;MC10101;;;;CDFL;CUST;500;M;500;M;12,36;BRL;1;0;0;500;6.179,85;500;6.179,85;1;ZF 1302603;6.179,85;0
4500155751;60;4600003524;140;1003953    CONDUMAX - ELETRO METALURGICA CIAFU;NB;F;GAE;;26/05/2026;C1;804663;CABO AL CONCENTRICO 3F 3X50+50MM2;MC10101;;;;CDFL;CUST;1.000;M;1.000;M;34,24;BRL;1;0;0;1.000;34.242,60;1.000;34.242,60;1;ZF 1302603;34.242,60;0
4500155751;70;4600003524;150;1003953    CONDUMAX - ELETRO METALURGICA CIAFU;NB;F;GAE;;26/05/2026;C1;804666;CABO AL CONCENTRICO 1F 1x16+16MM2;MC10101;;;;CDFL;CUST;500;M;500;M;4,77;BRL;1;0;0;500;2.385,45;500;2.385,45;1;ZF 1302603;2.385,45;0
4500155751;80;4600003524;520;1003953    CONDUMAX - ELETRO METALURGICA CIAFU;NB;F;GAE;;26/05/2026;C1;403843;CABO AL CONCENTRICO 3F 3X16+16MM2;MC10101;;;;CDFL;INVT;40.000;M;40.000;M;12,36;BRL;1;0;0;40.000;494.388,00;40.000;494.388,00;1;ZF 1302603;494.388,00;0
4500155751;90;4600003524;30;1003953    CONDUMAX - ELETRO METALURGICA CIAFU;NB;F;GAE;;26/05/2026;C1;403574;CABO AL CONCENTRICO 3F 3X95+95MM2;MC10101;;;;CDFL;INVT;43.000;M;43.000;M;60,12;BRL;1;0;0;43.000;2.584.953,60;43.000;2.584.953,60;1;ZF 1302603;2.584.953,60;0
4500155833;10;4600003548;60;1003953    CONDUMAX - ELETRO METALURGICA CIAFU;NB;F;GAE;;29/05/2026;C1;400442;CABO  MULT 2X16+1X16MM² XLPE 0,6/1 KV;MC10101;;;;CDFL;INVT;25.000;M;25.000;M;4,32;BRL;1;0;0;25.000;108.112,50;25.000;108.112,50;1;ZF 1302603;108.112,50;0
4500155833;20;4600003548;70;1003953    CONDUMAX - ELETRO METALURGICA CIAFU;NB;F;GAE;;29/05/2026;C1;800975;CABO  MULT 3X16+1X16MM² XLPE 0,6/1 KV;MC10101;;;;CDFL;CUST;3.000;M;3.000;M;5,88;BRL;1;0;0;3.000;17.632,80;3.000;17.632,80;1;ZF 1302603;17.632,80;0
4500155833;30;4600003548;80;1003953    CONDUMAX - ELETRO METALURGICA CIAFU;NB;F;GAE;;29/05/2026;C1;400481;CABO  MULT 3X16+1X16MM² XLPE 0,6/1 KV;MC10101;;;;CDFL;INVT;1.000;M;1.000;M;5,88;BRL;1;0;0;1.000;5.877,60;1.000;5.877,60;1;ZF 1302603;5.877,60;0
4500155833;40;4600003548;90;1003953    CONDUMAX - ELETRO METALURGICA CIAFU;NB;F;GAE;;29/05/2026;C1;800062;CABO  MULT 2X16+1X16MM² XLPE 0,6/1 KV;MC10101;;;;CDFL;CUST;4.000;M;4.000;M;4,32;BRL;1;0;0;4.000;17.298,00;4.000;17.298,00;1;ZF 1302603;17.298,00;0
4500155833;50;4600003548;100;1003953    CONDUMAX - ELETRO METALURGICA CIAFU;NB;F;GAE;;29/05/2026;C1;400443;CABO  MULT 2X25+1X25MM² XLPE 0,6/1 KV;MC10101;;;;CDFL;INVT;10.000;M;10.000;M;6,54;BRL;1;0;0;10.000;65.379,00;10.000;65.379,00;1;ZF 1302603;65.379,00;0
4500155833;60;4600003548;110;1003953    CONDUMAX - ELETRO METALURGICA CIAFU;NB;F;GAE;;29/05/2026;S0;800775;CABO  MULT 2X25+1X25MM² XLPE 0,6/1 KV;MC10101;;;;CDFL;CUST;1.600;M;1.600;M;7,03;BRL;1;0;0;1.600;11.248,00;1.600;11.248,00;1;ZF 1302603;11.248,00;0
4500156075;10;;0;1003953    CONDUMAX - ELETRO METALURGICA CIAFU;NB;F;GAE;;29/05/2026;C7;403954;CABO AL CONCENTRICO 3F 3X50+50MM2;MC10101;;;;CDFL;;3.788;M;3.788;M;30,84;BRL;1;0;0;3.788;116.809,61;3.788;116.809,61;1;ZF 1302603;116.809,61;0
4500147276;10;4600003495;10;1004058    ECOFIBRA INDUSTRIA E COMERCIO DE CO;NB;F;GAE;;20/02/2026;C1;400221;POSTE FIBRA VIDRO E-CR 11M 300DAN;MC12001;;;;CDFL;INVT;100;UN;100;UN;1.720,02;BRL;1;0;0;0;0,00;0;0,00;1;ZF 1302603;172.001,64;100
4500147276;20;4600003495;20;1004058    ECOFIBRA INDUSTRIA E COMERCIO DE CO;NB;F;GAE;;20/02/2026;C1;402425;POSTE FIBRA VIDRO 15M 600DAN;MC12001;;;;CDFL;INVT;10;UN;10;UN;4.442,85;BRL;1;0;0;0;0,00;0;0,00;1;ZF 1302603;44.428,52;10
4500147276;30;4600003495;40;1004058    ECOFIBRA INDUSTRIA E COMERCIO DE CO;NB;F;GAE;;20/02/2026;C1;401699;POSTE FIBRA VIDRO E-CR 13M 400DAN;MC12001;;;;CDFL;INVT;5;UN;5;UN;2.476,99;BRL;1;0;0;0;0,00;0;0,00;1;ZF 1302603;12.384,95;5
4500147276;40;4600003495;50;1004058    ECOFIBRA INDUSTRIA E COMERCIO DE CO;NB;F;GAE;;20/02/2026;C1;401931;POSTE FIBRA VIDRO E-CR 13M 600DAN;MC12001;;;;CDFL;INVT;10;UN;10;UN;3.136,53;BRL;1;0;0;0;0,00;0;0,00;1;ZF 1302603;31.365,27;10
4500147276;50;4600003495;70;1004058    ECOFIBRA INDUSTRIA E COMERCIO DE CO;NB;F;GAE;;20/02/2026;C1;401318;POSTE FIBRA VIDRO E-CR 9M 600DAN;MC12001;;;;CDFL;INVT;100;UN;100;UN;1.890,47;BRL;1;0;0;0;0,00;0;0,00;1;ZF 1302603;189.046,68;100
4500148305;20;4600003495;30;1004058    ECOFIBRA INDUSTRIA E COMERCIO DE CO;NB;F;GAE;;06/03/2026;C1;401987;POSTE FIBRA VIDRO 22M 1000DAN;MC12001;;;;CDFL;INVT;10;UN;10;UN;13.426,25;BRL;1;0;0;0;0,00;0;0,00;1;ZF 1302603;134.262,52;10
4500148305;30;4600003495;60;1004058    ECOFIBRA INDUSTRIA E COMERCIO DE CO;NB;F;GAE;;06/03/2026;C1;400227;POSTE FIBRA VIDRO E-CR 18M 600DAN;MC12001;;;;CDFL;INVT;16;UN;16;UN;5.844,75;BRL;1;0;0;0;0,00;0;0,00;1;ZF 1302603;93.516,04;16
4500148305;40;4600003495;20;1004058    ECOFIBRA INDUSTRIA E COMERCIO DE CO;NB;F;GAE;;06/03/2026;C1;402425;POSTE FIBRA VIDRO 15M 600DAN;MC12001;;;;CDFL;INVT;5;UN;5;UN;4.442,85;BRL;1;0;0;0;0,00;0;0,00;1;ZF 1302603;22.214,26;5
4500150252;10;4600003495;10;1004058    ECOFIBRA INDUSTRIA E COMERCIO DE CO;NB;F;GAE;;27/03/2026;C1;400221;POSTE FIBRA VIDRO E-CR 11M 300DAN;MC12001;;;;CDFL;INVT;144;UN;144;UN;1.720,02;BRL;1;0;0;0;0,00;0;0,00;1;ZF 1302603;247.682,36;144
4500150252;20;4600003495;10;1004058    ECOFIBRA INDUSTRIA E COMERCIO DE CO;NB;F;GAE;;27/03/2026;C1;400221;POSTE FIBRA VIDRO E-CR 11M 300DAN;MC12001;;;;CDFL;INVT;106;UN;106;UN;1.720,02;BRL;1;0;0;106;182.321,74;106;182.321,74;1;ZF 1302603;182.321,74;0
4500151197;10;4600003495;60;1004058    ECOFIBRA INDUSTRIA E COMERCIO DE CO;NB;F;GAE;;13/04/2026;C1;400227;POSTE FIBRA VIDRO E-CR 18M 600DAN;MC12001;;;;CDFL;INVT;5;UN;5;UN;5.844,75;BRL;1;0;0;0;0,00;0;0,00;1;ZF 1302603;29.223,76;5
4500151197;20;4600003495;70;1004058    ECOFIBRA INDUSTRIA E COMERCIO DE CO;NB;F;GAE;;13/04/2026;C1;401318;POSTE FIBRA VIDRO E-CR 9M 600DAN;MC12001;;;;CDFL;INVT;189;UN;189;UN;1.890,47;BRL;1;0;0;144;272.227,22;144;272.227,22;1;ZF 1302603;357.298,23;45
4500151197;30;4600003495;50;1004058    ECOFIBRA INDUSTRIA E COMERCIO DE CO;NB;F;GAE;;13/04/2026;C1;401931;POSTE FIBRA VIDRO E-CR 13M 600DAN;MC12001;;;;CDFL;INVT;7;UN;7;UN;3.136,53;BRL;1;0;0;0;0,00;0;0,00;1;ZF 1302603;21.955,69;7
4500144577;10;4600003073;10;1004591    REAL ENERGIA EIRELI;NB;F;GAE;;23/01/2026;C1;804421;ISOLADOR PINO, POLIMERICO COM TRAVAS;MC12002;;;;CDFL;CUST;1.747;UN;1.747;UN;20,46;BRL;1;0;0;0;0,00;0;0,00;1;ZF 1302603;35.743,62;1.747
4500148635;10;4600003073;30;1004591    REAL ENERGIA EIRELI;NB;F;A01;;11/03/2026;C1;408994;ISOLADOR PINO, POLIMERICO COM TRAVAS;MC12002;;;;CDFL;INVT;2.833;UN;2.833;UN;20,46;BRL;1;0;0;0;0,00;0;0,00;1;ZF 1302603;57.963,18;2.833
4500150398;10;4600003073;50;1004591    REAL ENERGIA EIRELI;NB;F;GAE;;06/04/2026;C1;408994;ISOLADOR PINO, POLIMERICO COM TRAVAS;MC12002;;;;CDFL;INVT;3.610;UN;3.610;UN;20,46;BRL;1;0;0;3.610;73.860,60;3.610;73.860,60;1;ZF 1302603;73.860,60;0
4500155721;10;4600003607;20;1004813    ALUBAR METAIS E CABOS S/A;NB;F;GAE;;25/05/2026;C1;800804;CABO  MULT 1X16+1X16MM² XLPE 0,6/1 KV;MC10101;;;;CDFL;CUST;1.600;M;1.600;M;2,74;BRL;1;0;0;1.600;4.378,88;1.600;4.378,88;1;ZF 1302603;4.378,88;0
4500155721;20;4600003607;30;1004813    ALUBAR METAIS E CABOS S/A;NB;F;GAE;;25/05/2026;C1;801185;CABO  MULT 2X10+1X10 MM² XLPE 0,6/1 KV;MC10101;;;;CDFL;CUST;1.300;M;1.300;M;3,00;BRL;1;0;0;1.300;3.901,04;1.300;3.901,04;1;ZF 1302603;3.901,04;0
4500155721;30;4600003607;40;1004813    ALUBAR METAIS E CABOS S/A;NB;F;GAE;;25/05/2026;C1;400487;CABO  MULT 3X120+1X120MM² XLPE 0,6/1 KV;MC10101;;;;CDFL;INVT;20.000;M;20.000;M;38,52;BRL;1;0;0;20.000;770.352,00;20.000;770.352,00;1;ZF 1302603;770.352,00;0
4500155721;40;4600003607;50;1004813    ALUBAR METAIS E CABOS S/A;NB;F;GAE;;25/05/2026;C1;402318;CABO  MULT 3X120+1X70MM² XLPE 0,6/1 KV;MC10101;;;;CDFL;INVT;30.000;M;30.000;M;34,36;BRL;1;0;0;30.000;1.030.656,00;30.000;1.030.656,00;1;ZF 1302603;1.030.656,00;0
4500155721;50;4600003607;60;1004813    ALUBAR METAIS E CABOS S/A;NB;F;GAE;;25/05/2026;C1;401786;CABO  MULT 3X35+1X35 MM² XLPE 0,6/1 KV;MC10101;;;;CDFL;INVT;15.000;M;15.000;M;11,94;BRL;1;0;0;15.000;179.124,00;15.000;179.124,00;1;ZF 1302603;179.124,00;0
4500155721;60;4600003607;70;1004813    ALUBAR METAIS E CABOS S/A;NB;F;GAE;;25/05/2026;C1;800750;CABO  MULT 3X35+1X35 MM² XLPE 0,6/1 KV;MC10101;;;;CDFL;CUST;5.000;M;5.000;M;11,94;BRL;1;0;0;5.000;59.708,00;5.000;59.708,00;1;ZF 1302603;59.708,00;0
4500155721;70;4600003607;80;1004813    ALUBAR METAIS E CABOS S/A;NB;F;GAE;;25/05/2026;C1;400473;CABO  MULT 3X50+1X50MM² XLPE 0,6/1 KV;MC10101;;;;CDFL;INVT;30.000;M;30.000;M;15,81;BRL;1;0;0;30.000;474.408,00;30.000;474.408,00;1;ZF 1302603;474.408,00;0
4500155721;80;4600003607;90;1004813    ALUBAR METAIS E CABOS S/A;NB;F;GAE;;25/05/2026;C1;800041;CABO  MULT 3X50+1X50MM² XLPE 0,6/1 KV;MC10101;;;;CDFL;CUST;4.000;M;4.000;M;15,81;BRL;1;0;0;4.000;63.254,40;4.000;63.254,40;1;ZF 1302603;63.254,40;0
4500155721;90;4600003607;100;1004813    ALUBAR METAIS E CABOS S/A;NB;F;GAE;;25/05/2026;C1;400474;CABO  MULT 3X70+1X70 MM² XLPE 0,6/1 KV;MC10101;;;;CDFL;INVT;45.000;M;45.000;M;22,43;BRL;1;0;0;45.000;1.009.404,00;45.000;1.009.404,00;1;ZF 1302603;1.009.404,00;0
4500145199;10;4600003099;80;1006698    AMAZONPOSTES INDUSTRIA DE ARTEFATOS;NB;F;A03;;06/02/2026;CA;401127;POSTE CONCRETO ARM DUPL T 11M 600KGF;MC13001;;;;CDFL;INVT;24;UN;24;UN;1.917,66;BRL;1;0;0;0;0,00;0;0,00;1;ZF 1302603;46.023,84;24
4500145199;20;4600003099;60;1006698    AMAZONPOSTES INDUSTRIA DE ARTEFATOS;NB;F;A03;;06/02/2026;CA;400988;POSTE CONCRETO TRON CON 9M 600KGF;MC13001;;;;CDFL;INVT;8;UN;8;UN;1.822,75;BRL;1;0;0;0;0,00;0;0,00;1;ZF 1302603;14.582,03;8
4500145199;30;4600003099;50;1006698    AMAZONPOSTES INDUSTRIA DE ARTEFATOS;NB;F;A03;;06/02/2026;CA;401260;POSTE CONCRETO TRON CON 9M 1000KGF;MC13001;;;;CDFL;INVT;23;UN;23;UN;2.467,15;BRL;1;0;0;0;0,00;0;0,00;1;ZF 1302603;56.744,46;23
4500145204;10;4600002571;360;1006698    AMAZONPOSTES INDUSTRIA DE ARTEFATOS;NB;F;A03;;06/02/2026;CA;402650;POSTE CONCRETO DUPLO T 9 M 600 DAN;MC13001;;;;CDFL;INVT;12;UN;12;UN;1.190,00;BRL;1;0;0;0;0,00;0;0,00;1;ZF 1302603;14.280,00;12
4500145217;10;4600002571;80;1006698    AMAZONPOSTES INDUSTRIA DE ARTEFATOS;NB;F;GAE;;06/02/2026;CA;402847;POSTE CONC DUPL T 9 M 300 DAN;MC13001;;;;CDFL;INVT;84;UN;84;UN;1.023,70;BRL;1;0;0;0;0,00;0;0,00;1;ZF 1302603;85.990,59;84
4500145217;20;4600002571;80;1006698    AMAZONPOSTES INDUSTRIA DE ARTEFATOS;NB;F;GAE;;06/02/2026;CA;402847;POSTE CONC DUPL T 9 M 300 DAN;MC13001;;;;CDFL;INVT;119;UN;119;UN;1.023,70;BRL;1;0;0;0;0,00;0;0,00;1;ZF 1302603;121.820,00;119
4500145217;30;4600002571;70;1006698    AMAZONPOSTES INDUSTRIA DE ARTEFATOS;NB;F;GAE;;06/02/2026;CA;402650;POSTE CONCRETO DUPLO T 9 M 600 DAN;MC13001;;;;CDFL;INVT;38;UN;38;UN;1.383,38;BRL;1;0;0;0;0,00;0;0,00;1;ZF 1302603;52.568,25;38
4500145217;40;4600002571;70;1006698    AMAZONPOSTES INDUSTRIA DE ARTEFATOS;NB;F;GAE;;06/02/2026;CA;402650;POSTE CONCRETO DUPLO T 9 M 600 DAN;MC13001;;;;CDFL;INVT;64;UN;64;UN;1.383,38;BRL;1;0;0;0;0,00;0;0,00;1;ZF 1302603;88.536,00;64
4500145217;50;4600002571;20;1006698    AMAZONPOSTES INDUSTRIA DE ARTEFATOS;NB;F;GAE;;06/02/2026;CA;400210;POSTE CONCRETO TRON CON 13M 1000KGF;MC13001;;;;CDFL;INVT;4;UN;4;UN;3.315,66;BRL;1;0;0;0;0,00;0;0,00;1;ZF 1302603;13.262,62;4
4500145238;10;4600003099;80;1006698    AMAZONPOSTES INDUSTRIA DE ARTEFATOS;NB;F;A13;;06/02/2026;CA;401127;POSTE CONCRETO ARM DUPL T 11M 600KGF;MC13001;;;;CDFL;INVT;100;UN;100;UN;1.917,66;BRL;1;0;0;0;0,00;0;0,00;1;ZF 1302603;191.766,00;100
4500145238;20;4600003099;80;1006698    AMAZONPOSTES INDUSTRIA DE ARTEFATOS;NB;F;A13;;06/02/2026;CA;401127;POSTE CONCRETO ARM DUPL T 11M 600KGF;MC13001;;;;CDFL;INVT;100;UN;100;UN;1.917,66;BRL;1;0;0;0;0,00;0;0,00;1;ZF 1302603;191.766,00;100
4500145238;30;4600002571;310;1006698    AMAZONPOSTES INDUSTRIA DE ARTEFATOS;NB;F;A13;;06/02/2026;CA;401349;POSTE CONCRETO CIRC 11M 1000DAN;MC13001;;;;CDFL;INVT;7;UN;7;UN;2.891,26;BRL;1;0;0;0;0,00;0;0,00;1;ZF 1302603;20.238,79;7
4500145245;10;4600002571;350;1006698    AMAZONPOSTES INDUSTRIA DE ARTEFATOS;NB;F;A03;;06/02/2026;CA;401296;POSTE CONCRETO TRON CON 11M 600KGF;MC13001;;;;CDFL;INVT;80;UN;80;UN;1.776,33;BRL;1;0;0;0;0,00;0;0,00;1;ZF 1302603;142.106,24;80
4500145245;20;4600002571;330;1006698    AMAZONPOSTES INDUSTRIA DE ARTEFATOS;NB;F;A03;;06/02/2026;CA;400995;POSTE CONCRETO DUPLO T 9M 1000DAN;MC13001;;;;CDFL;INVT;12;UN;12;UN;1.405,72;BRL;1;0;0;0;0,00;0;0,00;1;ZF 1302603;16.868,64;12
4500145589;10;4600002571;320;1006698    AMAZONPOSTES INDUSTRIA DE ARTEFATOS;NB;F;A03;;10/02/2026;CA;402098;POSTE CONCRETO DUPLO T 13M 1000DAN;MC13001;;;;CDFL;INVT;18;UN;18;UN;2.776,89;BRL;1;0;0;0;0,00;0;0,00;1;ZF 1302603;49.983,97;18
4500145616;10;4600003099;80;1006698    AMAZONPOSTES INDUSTRIA DE ARTEFATOS;NB;F;A13;;10/02/2026;CA;401127;POSTE CONCRETO ARM DUPL T 11M 600KGF;MC13001;;;;CDFL;INVT;119;UN;119;UN;1.917,66;BRL;1;0;0;0;0,00;0;0,00;1;ZF 1302603;228.201,54;119
4500149676;10;4600003506;10;1006698    AMAZONPOSTES INDUSTRIA DE ARTEFATOS;NB;F;GAE;;16/03/2026;CA;401127;POSTE CONCRETO ARM DUPL T 11M 600KGF;MC13001;;;;CDFL;INVT;306;UN;306;UN;1.672,14;BRL;1;0;0;0;0,00;0;0,00;1;ZF 1302603;511.674,84;306
4500150174;10;4600003522;10;1006698    AMAZONPOSTES INDUSTRIA DE ARTEFATOS;NB;F;GAE;;24/03/2026;CA;400228;POSTE CONCRETO CIRC 9M 300DAN;MC13001;;;;CDFL;INVT;14;UN;14;UN;1.170,87;BRL;1;0;0;0;0,00;0;0,00;1;ZF 1302603;16.392,18;14
4500150174;20;4600003522;20;1006698    AMAZONPOSTES INDUSTRIA DE ARTEFATOS;NB;F;GAE;;24/03/2026;CA;401252;POSTE CONCRETO TRON CON 13M 600DAN;MC13001;;;;CDFL;INVT;20;UN;20;UN;3.241,05;BRL;1;0;0;0;0,00;0;0,00;1;ZF 1302603;64.821,00;20
4500150174;30;4600003522;70;1006698    AMAZONPOSTES INDUSTRIA DE ARTEFATOS;NB;F;GAE;;24/03/2026;CA;408159;POSTE CONC ARM DUPL T 12M 300KGF;MC13001;;;;CDFL;INVT;5;UN;5;UN;1.594,95;BRL;1;0;0;0;0,00;0;0,00;1;ZF 1302603;7.974,75;5
4500150174;40;4600003522;30;1006698    AMAZONPOSTES INDUSTRIA DE ARTEFATOS;NB;F;GAE;;24/03/2026;CA;402188;POSTE CONCRETO TRON CON 11M 300KGF;MC13001;;;;CDFL;INVT;10;UN;10;UN;1.627,50;BRL;1;0;0;0;0,00;0;0,00;1;ZF 1302603;16.275,00;10
4500150174;50;4600003522;40;1006698    AMAZONPOSTES INDUSTRIA DE ARTEFATOS;NB;F;GAE;;24/03/2026;CA;402526;POSTE CONC DUPL T 13/400;MC13001;;;;CDFL;INVT;3;UN;3;UN;1.908,36;BRL;1;0;0;0;0,00;0;0,00;1;ZF 1302603;5.725,08;3
4500150174;60;4600003522;50;1006698    AMAZONPOSTES INDUSTRIA DE ARTEFATOS;NB;F;GAE;;24/03/2026;CA;402533;POSTE CONC DUPL T 11/1000;MC13001;;;;CDFL;INVT;50;UN;50;UN;2.357,55;BRL;1;0;0;1;2.357,55;1;2.357,55;1;ZF 1302603;117.877,50;49
4500150174;70;4600003522;60;1006698    AMAZONPOSTES INDUSTRIA DE ARTEFATOS;NB;F;GAE;;24/03/2026;CA;402624;POSTE CONC DUPL T 13/600;MC13001;;;;CDFL;INVT;40;UN;40;UN;2.148,30;BRL;1;0;0;0;0,00;0;0,00;1;ZF 1302603;85.932,00;40
4500151487;10;4600003522;10;1006698    AMAZONPOSTES INDUSTRIA DE ARTEFATOS;NB;F;GAE;;14/04/2026;CA;400228;POSTE CONCRETO CIRC 9M 300DAN;MC13001;;;;CDFL;INVT;17;UN;17;UN;1.170,87;BRL;1;0;0;17;19.904,79;17;19.904,79;1;ZF 1302603;19.904,79;0
4500151487;30;4600003522;30;1006698    AMAZONPOSTES INDUSTRIA DE ARTEFATOS;NB;F;GAE;;14/04/2026;CA;402188;POSTE CONCRETO TRON CON 11M 300KGF;MC13001;;;;CDFL;INVT;10;UN;10;UN;1.627,50;BRL;1;0;0;10;16.275,00;10;16.275,00;1;ZF 1302603;16.275,00;0
4500151487;40;4600003522;40;1006698    AMAZONPOSTES INDUSTRIA DE ARTEFATOS;NB;F;GAE;;14/04/2026;CA;402526;POSTE CONC DUPL T 13/400;MC13001;;;;CDFL;INVT;7;UN;7;UN;1.908,36;BRL;1;0;0;3;5.725,08;3;5.725,08;1;ZF 1302603;13.358,52;4
4500151487;50;4600003522;50;1006698    AMAZONPOSTES INDUSTRIA DE ARTEFATOS;NB;F;GAE;;14/04/2026;CA;402533;POSTE CONC DUPL T 11/1000;MC13001;;;;CDFL;INVT;54;UN;54;UN;2.357,55;BRL;1;0;0;54;127.307,70;54;127.307,70;1;ZF 1302603;127.307,70;0
4500151487;60;4600003522;60;1006698    AMAZONPOSTES INDUSTRIA DE ARTEFATOS;NB;F;GAE;;14/04/2026;CA;402624;POSTE CONC DUPL T 13/600;MC13001;;;;CDFL;INVT;57;UN;57;UN;2.148,30;BRL;1;0;0;57;122.453,10;57;122.453,10;1;ZF 1302603;122.453,10;0
4500151487;70;4600003522;20;1006698    AMAZONPOSTES INDUSTRIA DE ARTEFATOS;NB;F;GAE;;14/04/2026;CA;401252;POSTE CONCRETO TRON CON 13M 600DAN;MC13001;;;;CDFL;INVT;15;UN;15;UN;3.241,05;BRL;1;0;0;15;48.615,75;15;48.615,75;1;ZF 1302603;48.615,75;0
4500151896;10;4600003522;110;1006698    AMAZONPOSTES INDUSTRIA DE ARTEFATOS;NB;F;GAE;;16/04/2026;CA;402526;POSTE CONC DUPL T 13/400;MC13001;;;;CDFL;INVT;60;UN;60;UN;1.668,89;BRL;1;0;0;60;100.133,10;60;100.133,10;1;ZF 1302603;100.133,10;0
4500153244;10;4600003522;10;1006698    AMAZONPOSTES INDUSTRIA DE ARTEFATOS;NB;F;GAE;;06/05/2026;C0;400228;POSTE CONCRETO CIRC 9M 300DAN;MC13001;;;;CDFL;INVT;5;UN;5;UN;1.259,00;BRL;1;0;0;5;6.295,00;5;6.295,00;1;ZF 1302603;6.295,00;0
4500153244;20;4600003522;20;1006698    AMAZONPOSTES INDUSTRIA DE ARTEFATOS;NB;F;GAE;;06/05/2026;C0;401252;POSTE CONCRETO TRON CON 13M 600DAN;MC13001;;;;CDFL;INVT;25;UN;25;UN;3.485,00;BRL;1;0;0;25;87.125,00;25;87.125,00;1;ZF 1302603;87.125,00;0
4500153244;30;4600003522;50;1006698    AMAZONPOSTES INDUSTRIA DE ARTEFATOS;NB;F;GAE;;06/05/2026;C0;402533;POSTE CONC DUPL T 11/1000;MC13001;;;;CDFL;INVT;45;UN;45;UN;2.535,00;BRL;1;0;0;45;114.075,00;45;114.075,00;1;ZF 1302603;114.075,00;0
4500153244;40;4600003522;60;1006698    AMAZONPOSTES INDUSTRIA DE ARTEFATOS;NB;F;GAE;;06/05/2026;C0;402624;POSTE CONC DUPL T 13/600;MC13001;;;;CDFL;INVT;58;UN;58;UN;2.310,00;BRL;1;0;0;58;133.980,00;58;133.980,00;1;ZF 1302603;133.980,00;0
4500153244;50;4600003522;110;1006698    AMAZONPOSTES INDUSTRIA DE ARTEFATOS;NB;F;GAE;;06/05/2026;CA;402526;POSTE CONC DUPL T 13/400;MC13001;;;;CDFL;INVT;40;UN;40;UN;1.668,89;BRL;1;0;0;40;66.755,40;40;66.755,40;1;ZF 1302603;66.755,40;0
4500153347;10;4600002571;330;1006698    AMAZONPOSTES INDUSTRIA DE ARTEFATOS;NB;F;A03;;11/05/2026;C0;400995;POSTE CONCRETO DUPLO T 9M 1000DAN;MC13001;;;;CDFL;INVT;20;UN;20;UN;1.757,15;BRL;1;0;0;20;35.143,00;20;35.143,00;1;ZF 1302603;35.143,00;0
4500153347;20;4600002571;350;1006698    AMAZONPOSTES INDUSTRIA DE ARTEFATOS;NB;F;A03;;11/05/2026;C0;401296;POSTE CONCRETO TRON CON 11M 600KGF;MC13001;;;;CDFL;INVT;42;UN;42;UN;2.220,41;BRL;1;0;0;42;93.257,22;42;93.257,22;1;ZF 1302603;93.257,22;0
4500153349;10;4600002571;70;1006698    AMAZONPOSTES INDUSTRIA DE ARTEFATOS;NB;F;GAE;;11/05/2026;CA;402650;POSTE CONCRETO DUPLO T 9 M 600 DAN;MC13001;;;;CDFL;INVT;57;UN;57;UN;1.383,37;BRL;1;0;0;57;78.852,37;57;78.852,37;1;ZF 1302603;78.852,37;0
4500153356;10;4600003522;120;1006698    AMAZONPOSTES INDUSTRIA DE ARTEFATOS;NB;F;A01;;11/05/2026;C0;402335;POSTE CONCRETO TRON CON 13M 400KGF;MC13001;;;;CDFL;INVT;1;UN;1;UN;2.052,00;BRL;1;0;0;1;2.052,00;1;2.052,00;1;ZF 1302603;2.052,00;0
4500153356;20;;0;1006698    AMAZONPOSTES INDUSTRIA DE ARTEFATOS;NB;F;A01;;11/05/2026;A0;408161;POSTE CONCRETO ARM TRON CON 12M 600KGF;MC13001;;;;CDFL;INVT;1;UN;1;UN;2.847,50;BRL;1;0;0;1;2.847,50;1;2.847,50;1;ZF 1302603;2.847,50;0
4500154427;10;;0;1006972    LANDIS+GYR EQUIPAMENTOS DE MEDICAO;ZCDR;F;GAE;;18/05/2026;C1;802130;BATERIA DE LITÍO. 1/2AA 3,6V 1,2AH S/T;MC20101;;;;CDFL;CUST;810;UN;810;UN;22,83;BRL;1;0;0;810;18.493,51;810;18.493,51;1;ZF 1302603;18.493,51;0
4500155548;10;4600003149;30;1006972    LANDIS+GYR EQUIPAMENTOS DE MEDICAO;NB;F;A01;;21/05/2026;C1;402423;MED IN 3E 4F 67 120 240V 10A ACL D;MC12501;;;;CDFL;INVT;43;UN;43;UN;4.271,45;BRL;1;0;0;43;183.672,47;43;183.672,47;1;ZF 1302603;183.672,47;0
4500143382;10;4600003024;40;1007001    TECFIBRAS INDUSTRIA E COMERCIO IMPO;NB;F;A03;;16/01/2026;C1;401574;BRACO ANTIBALANCO PA PT 15KV 320MM;MC12002;;;;CDFL;INVT;455;UN;455;UN;18,55;BRL;1;0;0;0;0,00;0;0,00;1;ZF 1302603;8.441,84;455
4500143382;20;4600003024;20;1007001    TECFIBRAS INDUSTRIA E COMERCIO IMPO;NB;F;A03;;16/01/2026;C1;404084;ESPACADOR LOSANG CLASSE 15KV C/ GARRAS;MC12002;;;;CDFL;INVT;6.996;UN;6.996;UN;18,55;BRL;1;0;0;0;0,00;0;0,00;1;ZF 1302603;129.800,29;6.996
4500143382;30;4600003024;10;1007001    TECFIBRAS INDUSTRIA E COMERCIO IMPO;NB;F;A03;;16/01/2026;C1;803452;ESPACADOR LOSANG CLASSE 15KV C/ GARRAS;MC12002;;;;CDFL;CUST;547;UN;547;UN;18,13;BRL;1;0;0;0;0,00;0;0,00;1;ZF 1302603;9.919,84;547
4500144240;10;4600003045;10;1007001    TECFIBRAS INDUSTRIA E COMERCIO IMPO;NB;F;GAE;;22/01/2026;C1;407355;CRUZETA POL FBV/RES 2400X112,5X90MM DAT;MC12001;;;;CDFL;INVT;517;UN;517;UN;151,12;BRL;1;0;0;0;0,00;0;0,00;1;ZF 1302603;78.131,62;517
4500144240;20;4600003045;20;1007001    TECFIBRAS INDUSTRIA E COMERCIO IMPO;NB;F;GAE;;22/01/2026;C1;401959;CRUZETA POL FBV/RES PES 2400X112,5X90MM;MC12001;;;;CDFL;INVT;420;UN;420;UN;151,13;BRL;1;0;0;0;0,00;0;0,00;1;ZF 1302603;63.472,50;420
4500144240;30;4600003045;30;1007001    TECFIBRAS INDUSTRIA E COMERCIO IMPO;NB;F;GAE;;22/01/2026;C1;401547;CRUZETA POL PE/FBN 90X112,5X2400MM;MC12001;;;;CDFL;INVT;507;UN;507;UN;230,17;BRL;1;0;0;507;116.698,72;507;116.698,72;1;ZF 1302603;116.698,72;0
4500144260;10;4600003045;70;1007001    TECFIBRAS INDUSTRIA E COMERCIO IMPO;NB;F;GAE;;22/01/2026;C1;800847;CRUZETA POL PE/FBN 90X112,5X2400MM;MC12001;;;;CDFL;CUST;1.195;UN;1.195;UN;230,17;BRL;1;0;0;1.195;275.059,12;1.195;275.059,12;1;ZF 1302603;275.059,12;0
4500144260;20;4600003045;70;1007001    TECFIBRAS INDUSTRIA E COMERCIO IMPO;NB;F;GAE;;22/01/2026;C1;800847;CRUZETA POL PE/FBN 90X112,5X2400MM;MC12001;;;;CDFL;CUST;1.195;UN;1.195;UN;230,17;BRL;1;0;0;1.195;275.059,12;1.195;275.059,12;1;ZF 1302603;275.059,12;0
4500144461;10;4600003439;20;1007001    TECFIBRAS INDUSTRIA E COMERCIO IMPO;NB;F;A12;;22/01/2026;C1;403161;PONTALETE FBV 100MM 6M;MC02201;;;;CDFL;INVT;780;UN;780;UN;276,00;BRL;1;0;0;0;0,00;0;0,00;1;ZF 1302603;215.276,96;780
4500155753;20;4600003439;30;1007001    TECFIBRAS INDUSTRIA E COMERCIO IMPO;NB;F;A12;;26/05/2026;C1;803470;PONTALETE FBV 100MM 6M;MC02001;;;;CDFL;CUST;340;UN;340;UN;276,00;BRL;1;0;0;340;93.838,67;340;93.838,67;1;ZF 1302603;93.838,67;0
4500143290;10;4600003060;140;1007262    CENTROACO INDUSTRIA E COMERCIO DE A;NB;F;A03;;16/01/2026;C1;400930;PARAFUSO CAB ABA AC 10MM 115MM;MC01301;;;;CDFL;INVT;9.106;UN;9.106;UN;2,22;BRL;1;0;0;0;0,00;0;0,00;1;ZF 1302603;20.193,47;9.106
4500143290;20;4600003060;20;1007262    CENTROACO INDUSTRIA E COMERCIO DE A;NB;F;A03;;16/01/2026;C1;801064;PARAFUSO CAB ABA AC 10MM 115MM;MC01301;;;;CDFL;CUST;2.842;UN;2.842;UN;2,22;BRL;1;0;0;0;0,00;0;0,00;1;ZF 1302603;6.302,42;2.842
4500143290;30;4600003060;210;1007262    CENTROACO INDUSTRIA E COMERCIO DE A;NB;F;A03;;16/01/2026;C1;401086;PARAFUSO CAB QD MAQ AC 5/8X6P;MC01301;;;;CDFL;INVT;13;UN;13;UN;6,82;BRL;1;0;0;0;0,00;0;0,00;1;ZF 1302603;88,66;13
4500143290;40;4600003060;110;1007262    CENTROACO INDUSTRIA E COMERCIO DE A;NB;F;A03;;16/01/2026;C1;801191;PARAFUSO CAB QD MAQ AC 5/8X6P;MC01301;;;;CDFL;CUST;5;UN;5;UN;6,82;BRL;1;0;0;0;0,00;0;0,00;1;ZF 1302603;34,10;5
4500143290;50;4600003060;100;1007262    CENTROACO INDUSTRIA E COMERCIO DE A;NB;F;A03;;16/01/2026;C1;800520;PARAFUSO CAB QD MAQ AC 5/8X16P;MC01301;;;;CDFL;CUST;122;UN;122;UN;14,74;BRL;1;0;0;0;0,00;0;0,00;1;ZF 1302603;1.798,28;122
4500143290;70;4600003060;150;1007262    CENTROACO INDUSTRIA E COMERCIO DE A;NB;F;A03;;16/01/2026;C1;401239;PARAFUSO CAB QD AC 16MM 450MM;MC01301;;;;CDFL;INVT;5.505;UN;5.505;UN;19,40;BRL;1;0;0;0;0,00;0;0,00;1;ZF 1302603;106.819,02;5.505
4500143290;80;4600003060;30;1007262    CENTROACO INDUSTRIA E COMERCIO DE A;NB;F;A03;;16/01/2026;C1;800922;PARAFUSO CAB QD AC 16MM 450MM;MC01301;;;;CDFL;CUST;2.132;UN;2.132;UN;19,40;BRL;1;0;0;0;0,00;0;0,00;1;ZF 1302603;41.369,33;2.132
4500143290;90;4600003060;160;1007262    CENTROACO INDUSTRIA E COMERCIO DE A;NB;F;A03;;16/01/2026;C1;401155;PARAFUSO CAB QD AC 16MM 500MM;MC01301;;;;CDFL;INVT;1.290;UN;1.290;UN;17,59;BRL;1;0;0;0;0,00;0;0,00;1;ZF 1302603;22.692,65;1.290
4500143290;100;4600003060;40;1007262    CENTROACO INDUSTRIA E COMERCIO DE A;NB;F;A03;;16/01/2026;C1;800118;PARAFUSO CAB QD AC 16MM 500MM;MC01301;;;;CDFL;CUST;226;UN;226;UN;17,59;BRL;1;0;0;0;0,00;0;0,00;1;ZF 1302603;3.975,61;226
4500143290;110;4600003060;180;1007262    CENTROACO INDUSTRIA E COMERCIO DE A;NB;F;A03;;16/01/2026;C1;401706;PARAFUSO CAB QD AC 16MM 2P 350MM;MC01301;;;;CDFL;INVT;199;UN;199;UN;12,31;BRL;1;0;0;0;0,00;0;0,00;1;ZF 1302603;2.449,93;199
4500143290;120;4600003060;60;1007262    CENTROACO INDUSTRIA E COMERCIO DE A;NB;F;A03;;16/01/2026;C1;801391;PARAFUSO CAB QD AC 16MM 2P 350MM;MC01301;;;;CDFL;CUST;426;UN;426;UN;12,31;BRL;1;0;0;0;0,00;0;0,00;1;ZF 1302603;5.244,57;426
4500143290;130;4600003060;130;1007262    CENTROACO INDUSTRIA E COMERCIO DE A;NB;F;A03;;16/01/2026;C1;401131;PARAFUSO CAB QD AC 16MM 225MM 300MM;MC01301;;;;CDFL;INVT;27.232;UN;27.232;UN;10,54;BRL;1;0;0;0;0,00;0;0,00;1;ZF 1302603;287.090,64;27.232
4500143290;140;4600003060;200;1007262    CENTROACO INDUSTRIA E COMERCIO DE A;NB;F;A03;;16/01/2026;C1;400951;PARAFUSO MAQ CAB QD AC 5/8X24P;MC01301;;;;CDFL;INVT;87;UN;87;UN;25,18;BRL;1;0;0;0;0,00;0;0,00;1;ZF 1302603;2.190,38;87
4500143335;10;4600003077;40;1007262    CENTROACO INDUSTRIA E COMERCIO DE A;NB;F;A03;;16/01/2026;C1;401485;BRACO SUPORTE TIPO C 580X365MM 851/6;MC12002;;;;CDFL;INVT;144;UN;144;UN;116,12;BRL;1;0;0;0;0,00;0;0,00;1;ZF 1302603;16.721,97;144
4500143335;20;4600003077;220;1007262    CENTROACO INDUSTRIA E COMERCIO DE A;NB;F;A03;;16/01/2026;C1;800256;BRACO SUPORTE TIPO C 580X365MM 851/6;MC12002;;;;CDFL;CUST;154;UN;154;UN;116,12;BRL;1;0;0;0;0,00;0;0,00;1;ZF 1302603;17.883,22;154
4500143335;30;4600003077;110;1007262    CENTROACO INDUSTRIA E COMERCIO DE A;NB;F;A03;;16/01/2026;C1;403931;BRAÇO SUPORTE TIPO L HORIZONTAL  15 KV;MC12002;;;;CDFL;INVT;40;UN;40;UN;99,91;BRL;1;0;0;0;0,00;0;0,00;1;ZF 1302603;3.996,26;40
4500143335;40;4600003077;280;1007262    CENTROACO INDUSTRIA E COMERCIO DE A;NB;F;A03;;16/01/2026;C1;802303;BRAÇO SUPORTE TIPO L HORIZONTAL  15 KV;MC25001;;;;CDFL;CUST;31;UN;31;UN;99,91;BRL;1;0;0;0;0,00;0;0,00;1;ZF 1302603;3.097,10;31
4500143335;50;4600003077;130;1007262    CENTROACO INDUSTRIA E COMERCIO DE A;NB;F;A03;;16/01/2026;C1;404972;BRACO TIPO J;MC12002;;;;CDFL;INVT;30;UN;30;UN;420,07;BRL;1;0;0;0;0,00;0;0,00;1;ZF 1302603;12.602,04;30
4500143335;60;4600003077;20;1007262    CENTROACO INDUSTRIA E COMERCIO DE A;NB;F;A03;;16/01/2026;C1;402106;BRACO L A1010/1020 3/8P16P;MC12002;;;;CDFL;INVT;771;UN;771;UN;62,20;BRL;1;0;0;0;0,00;0;0,00;1;ZF 1302603;47.954,97;771
4500143335;70;4600003077;200;1007262    CENTROACO INDUSTRIA E COMERCIO DE A;NB;F;A03;;16/01/2026;C1;800473;BRACO L A1010/1020 3/8P16P;MC12002;;;;CDFL;CUST;23;UN;23;UN;62,20;BRL;1;0;0;0;0,00;0;0,00;1;ZF 1302603;1.430,56;23
4500143335;90;4600003077;30;1007262    CENTROACO INDUSTRIA E COMERCIO DE A;NB;F;A03;;16/01/2026;C1;402373;ESTRIBO BRACO L-EST-01 FOFO 200DAN;MC12002;;;;CDFL;INVT;590;UN;590;UN;8,24;BRL;1;0;0;0;0,00;0;0,00;1;ZF 1302603;4.859,71;590
4500143335;100;4600003077;210;1007262    CENTROACO INDUSTRIA E COMERCIO DE A;NB;F;A03;;16/01/2026;C1;800352;ESTRIBO BRACO L-EST-01 FOFO 200DAN;MC12002;;;;CDFL;CUST;95;UN;95;UN;8,24;BRL;1;0;0;0;0,00;0;0,00;1;ZF 1302603;782,50;95
4500143335;110;4600003077;240;1007262    CENTROACO INDUSTRIA E COMERCIO DE A;NB;F;A03;;16/01/2026;C1;800392;FIXADOR PERFIL U AC 150DAN 300DAN;MC10701;;;;CDFL;CUST;39;UN;39;UN;18,50;BRL;1;0;0;0;0,00;0;0,00;1;ZF 1302603;721,41;39
4500143335;120;4600003077;60;1007262    CENTROACO INDUSTRIA E COMERCIO DE A;NB;F;A03;;16/01/2026;C1;404719;FIXADOR PERFIL U AC 150DAN 300DAN;MC10701;;;;CDFL;INVT;168;UN;168;UN;18,50;BRL;1;0;0;0;0,00;0;0,00;1;ZF 1302603;3.107,60;168
4500143335;140;4600003077;70;1007262    CENTROACO INDUSTRIA E COMERCIO DE A;NB;F;A03;;16/01/2026;C1;401844;PERFIL U PARA REDE COMPACTA;MC01206;;;;CDFL;INVT;200;UN;200;UN;110,49;BRL;1;0;0;0;0,00;0;0,00;1;ZF 1302603;22.098,56;200
4500143335;150;4600003077;290;1007262    CENTROACO INDUSTRIA E COMERCIO DE A;NB;F;A03;;16/01/2026;C1;801256;PERFIL U AC 76X900MM REDE COMPACTA;MC10701;;;;CDFL;CUST;87;UN;87;UN;110,49;BRL;1;0;0;0;0,00;0;0,00;1;ZF 1302603;9.612,87;87
4500143335;170;4600003077;260;1007262    CENTROACO INDUSTRIA E COMERCIO DE A;NB;F;A03;;16/01/2026;C1;803100;SUPORTE AFAST HORIZ C/PRENSA REDE 15KV;MC12002;;;;CDFL;CUST;26;UN;26;UN;267,10;BRL;1;0;0;0;0,00;0;0,00;1;ZF 1302603;6.944,54;26
4500143335;180;4600003077;100;1007262    CENTROACO INDUSTRIA E COMERCIO DE A;NB;F;A03;;16/01/2026;C1;402017;SUPORTE TRANSF POSTE DUP T AC 210X125MM;MC12002;;;;CDFL;INVT;38;UN;38;UN;124,99;BRL;1;0;0;0;0,00;0;0,00;1;ZF 1302603;4.749,48;38
4500143335;190;4600003077;270;1007262    CENTROACO INDUSTRIA E COMERCIO DE A;NB;F;A03;;16/01/2026;C1;801386;SUPORTE TRANSF POSTE DUP T AC 210X125MM;MC12002;;;;CDFL;CUST;15;UN;15;UN;124,99;BRL;1;0;0;0;0,00;0;0,00;1;ZF 1302603;1.874,80;15
4500143335;220;4600003077;80;1007262    CENTROACO INDUSTRIA E COMERCIO DE A;NB;F;A03;;16/01/2026;C1;401657;MAO FRANCESA BECO AC 2135MM 35MMX5MM;MC10701;;;;CDFL;INVT;33;UN;33;UN;105,00;BRL;1;0;0;0;0,00;0;0,00;1;ZF 1302603;3.465,05;33
4500143335;230;4600003077;250;1007262    CENTROACO INDUSTRIA E COMERCIO DE A;NB;F;A03;;16/01/2026;C1;800991;MAO FRANCESA BECO AC 2135MM 35MMX5MM;MC10701;;;;CDFL;CUST;134;UN;134;UN;105,00;BRL;1;0;0;0;0,00;0;0,00;1;ZF 1302603;14.070,21;134
4500143335;240;4600003077;170;1007262    CENTROACO INDUSTRIA E COMERCIO DE A;NB;F;A03;;16/01/2026;C1;402875;SUPORTE TIPO T PARA CHAVE/PARA-RAIO;MC12002;;;;CDFL;INVT;22;UN;22;UN;76,34;BRL;1;0;0;0;0,00;0;0,00;1;ZF 1302603;1.679,48;22
4500151893;10;4600003077;330;1007262    CENTROACO INDUSTRIA E COMERCIO DE A;NB;F;GAE;;16/04/2026;C1;402106;BRACO L A1010/1020 3/8P16P;MC12002;;;;CDFL;;225;UN;225;UN;62,20;BRL;1;0;0;225;13.994,64;225;13.994,64;1;ZF 1302603;13.994,64;0
4500151893;20;4600003077;340;1007262    CENTROACO INDUSTRIA E COMERCIO DE A;NB;F;GAE;;16/04/2026;C1;801376;SUPORTE TRANSF POSTE MAD AC 15-75KV;MC12002;;;;CDFL;;300;UN;300;UN;83,34;BRL;1;0;0;300;25.003,44;300;25.003,44;1;ZF 1302603;25.003,44;0
4500151893;30;4600003077;350;1007262    CENTROACO INDUSTRIA E COMERCIO DE A;NB;F;GAE;;16/04/2026;C1;800991;MAO FRANCESA BECO AC 2135MM 35MMX5MM;MC10701;;;;CDFL;;40;UN;40;UN;105,00;BRL;1;0;0;40;4.200,06;40;4.200,06;1;ZF 1302603;4.200,06;0
4500151893;40;4600003077;360;1007262    CENTROACO INDUSTRIA E COMERCIO DE A;NB;F;GAE;;16/04/2026;C1;801386;SUPORTE TRANSF POSTE DUP T AC 210X125MM;MC12002;;;;CDFL;;43;UN;43;UN;124,99;BRL;1;0;0;43;5.374,42;43;5.374,42;1;ZF 1302603;5.374,42;0
4500152178;10;4600003559;110;1007262    CENTROACO INDUSTRIA E COMERCIO DE A;NB;F;GAE;;17/04/2026;C1;402106;BRACO L A1010/1020 3/8P16P;MC12002;;;;CDFL;;610;UN;610;UN;62,88;BRL;1;0;0;610;38.354,36;610;38.354,36;1;ZF 1302603;38.354,36;0
4500152178;20;4600003559;90;1007262    CENTROACO INDUSTRIA E COMERCIO DE A;NB;F;GAE;;17/04/2026;C1;404972;BRACO TIPO J;MC12002;;;;CDFL;;110;UN;110;UN;328,26;BRL;1;0;0;110;36.108,34;110;36.108,34;1;ZF 1302603;36.108,34;0
4500152178;30;4600003559;100;1007262    CENTROACO INDUSTRIA E COMERCIO DE A;NB;F;GAE;;17/04/2026;C1;800991;MAO FRANCESA BECO AC 2135MM 35MMX5MM;MC10701;;;;CDFL;;40;UN;40;UN;108,13;BRL;1;0;0;40;4.325,38;40;4.325,38;1;ZF 1302603;4.325,38;0
4500152180;10;4600003572;140;1007262    CENTROACO INDUSTRIA E COMERCIO DE A;NB;F;GAE;;17/04/2026;C1;800110;PARAFUSO CAB ABA PESC QD AC 3/8PX115MM;MC01301;;;;CDFL;CUST;85;UN;85;UN;1,53;BRL;1;0;0;85;130,15;85;130,15;1;ZF 1302603;130,15;0
4500152180;20;4600003572;130;1007262    CENTROACO INDUSTRIA E COMERCIO DE A;NB;F;GAE;;17/04/2026;C1;401706;PARAFUSO CAB QD AC 16MM 2P 350MM;MC01301;;;;CDFL;INVT;240;UN;240;UN;9,58;BRL;1;0;0;240;2.299,97;240;2.299,97;1;ZF 1302603;2.299,97;0
4500152180;30;4600003572;120;1007262    CENTROACO INDUSTRIA E COMERCIO DE A;NB;F;GAE;;17/04/2026;C1;800520;PARAFUSO CAB QD MAQ AC 5/8X16P;MC01301;;;;CDFL;CUST;340;UN;340;UN;12,59;BRL;1;0;0;340;4.281,55;340;4.281,55;1;ZF 1302603;4.281,55;0
4500146591;10;4600003028;30;1007593    MACLEAN POWER SYSTEMS DO BRASIL LTD;NB;F;A03;;13/02/2026;C1;401435;ALCA PREFORM CA/CAA 2AWG 6/1P 2AWG 625MM;MC11001;;;;CDFL;INVT;3.000;UN;3.000;UN;3,29;BRL;1;0;0;0;0,00;0;0,00;1;ZF 1302603;9.876,60;3.000
4500146591;20;4600003028;20;1007593    MACLEAN POWER SYSTEMS DO BRASIL LTD;NB;F;A03;;13/02/2026;C1;800794;ALCA PREFORM CA/CAA 2AWG 6/1P 2AWG 625MM;MC11001;;;;CDFL;CUST;40;UN;40;UN;3,29;BRL;1;0;0;0;0,00;0;0,00;1;ZF 1302603;131,69;40
4500146591;30;4600003028;60;1007593    MACLEAN POWER SYSTEMS DO BRASIL LTD;NB;F;A03;;13/02/2026;C1;400366;ALCA PREFORM DIST 4/0 AWG 120MM2;MC11001;;;;CDFL;INVT;505;UN;505;UN;10,51;BRL;1;0;0;0;0,00;0;0,00;1;ZF 1302603;5.307,04;505
4500146591;40;4600003028;50;1007593    MACLEAN POWER SYSTEMS DO BRASIL LTD;NB;F;A03;;13/02/2026;C1;801199;ALCA PREFORM DIST 4/0 AWG 120MM2;MC11001;;;;CDFL;CUST;493;UN;493;UN;10,51;BRL;1;0;0;0;0,00;0;0,00;1;ZF 1302603;5.180,94;493
4500146591;50;4600003028;70;1007593    MACLEAN POWER SYSTEMS DO BRASIL LTD;NB;F;A03;;13/02/2026;C1;401753;ALCA PREFORM DIST CAA/CA 1/0AWG 50MM2;MC11001;;;;CDFL;INVT;1.150;UN;1.150;UN;4,82;BRL;1;0;0;0;0,00;0;0,00;1;ZF 1302603;5.540,01;1.150
4500146591;60;4600003028;100;1007593    MACLEAN POWER SYSTEMS DO BRASIL LTD;NB;F;A03;;13/02/2026;C1;400375;ALCA PREFORM DIST CAA/CA 2/0AWG 70MM2;MC11001;;;;CDFL;INVT;2.000;UN;2.000;UN;5,19;BRL;1;0;0;0;0,00;0;0,00;1;ZF 1302603;10.378,80;2.000
4500146591;70;4600003028;110;1007593    MACLEAN POWER SYSTEMS DO BRASIL LTD;NB;F;A03;;13/02/2026;C1;801272;ALCA PREFORM DIST 2AWG 33,63MM2 660MM;MC11001;;;;CDFL;CUST;639;UN;639;UN;3,29;BRL;1;0;0;0;0,00;0;0,00;1;ZF 1302603;2.103,72;639
4500146591;80;4600003028;90;1007593    MACLEAN POWER SYSTEMS DO BRASIL LTD;NB;F;A03;;13/02/2026;C1;800808;ALCA PREFORM DIST CAA/CA 2/0AWG 70MM2;MC11001;;;;CDFL;CUST;1.000;UN;1.000;UN;5,19;BRL;1;0;0;0;0,00;0;0,00;1;ZF 1302603;5.189,40;1.000
4500146591;90;4600003028;140;1007593    MACLEAN POWER SYSTEMS DO BRASIL LTD;NB;F;A03;;13/02/2026;C1;403804;ALCA PREFORM 6,4MM 1/4P AM 635MM;MC11001;;;;CDFL;INVT;288;UN;288;UN;4,19;BRL;1;0;0;0;0,00;0;0,00;1;ZF 1302603;1.205,28;288
4500146591;100;4600003028;150;1007593    MACLEAN POWER SYSTEMS DO BRASIL LTD;NB;F;A03;;13/02/2026;C1;802405;ALCA PREFORM 6,4MM 1/4P AM 635MM;MC11001;;;;CDFL;CUST;4.209;UN;4.209;UN;4,18;BRL;1;0;0;0;0,00;0;0,00;1;ZF 1302603;17.614,66;4.209
4500146591;110;4600003028;160;1007593    MACLEAN POWER SYSTEMS DO BRASIL LTD;NB;F;A03;;13/02/2026;C1;403830;ALCA PREFORM CABO CONC 3X50 + 50;MC11001;;;;CDFL;INVT;99;UN;99;UN;10,42;BRL;1;0;0;0;0,00;0;0,00;1;ZF 1302603;1.031,18;99
4500146591;120;4600003028;170;1007593    MACLEAN POWER SYSTEMS DO BRASIL LTD;NB;F;A03;;13/02/2026;C1;403593;ALCA PREFORM CABO CONC 3X70 + 50;MC11001;;;;CDFL;INVT;5;UN;5;UN;11,72;BRL;1;0;0;0;0,00;0;0,00;1;ZF 1302603;58,59;5
4500146591;130;4600003028;180;1007593    MACLEAN POWER SYSTEMS DO BRASIL LTD;NB;F;A03;;13/02/2026;C1;403647;ALCA PREFORM CABO CONC 3X95 +70;MC11001;;;;CDFL;INVT;6;UN;6;UN;16,55;BRL;1;0;0;0;0,00;0;0,00;1;ZF 1302603;99,32;6
4500146591;140;4600003028;260;1007593    MACLEAN POWER SYSTEMS DO BRASIL LTD;NB;F;A03;;13/02/2026;C1;400851;EMENDA PREF COND AL 2/0 AWG 1016MM;MC10401;;;;CDFL;INVT;1.202;UN;1.202;UN;18,32;BRL;1;0;0;0;0,00;0;0,00;1;ZF 1302603;22.021,84;1.202
4500146591;150;4600003028;370;1007593    MACLEAN POWER SYSTEMS DO BRASIL LTD;NB;F;A03;;13/02/2026;C1;800917;LACO PREF CA 2AWG PESC 57MM PURPURA;MC11001;;;;CDFL;CUST;1.402;UN;1.402;UN;2,56;BRL;1;0;0;0;0,00;0;0,00;1;ZF 1302603;3.585,61;1.402
4500154854;10;4600003638;130;1007593    MACLEAN POWER SYSTEMS DO BRASIL LTD;NB;F;GAE;;19/05/2026;C1;400366;ALCA PREFORM DIST 4/0 AWG 120MM2;MC11001;;;;CDFL;INVT;2.000;UN;2.000;UN;11,32;BRL;1;0;0;2.000;22.636,20;2.000;22.636,20;1;ZF 1302603;22.636,20;0
4500154854;20;4600003638;140;1007593    MACLEAN POWER SYSTEMS DO BRASIL LTD;NB;F;GAE;;19/05/2026;C1;400375;ALCA PREFORM DIST CAA/CA 2/0AWG 70MM2;MC11001;;;;CDFL;INVT;2.000;UN;2.000;UN;5,51;BRL;1;0;0;2.000;11.029,80;2.000;11.029,80;1;ZF 1302603;11.029,80;0
4500154854;30;4600003638;150;1007593    MACLEAN POWER SYSTEMS DO BRASIL LTD;NB;F;GAE;;19/05/2026;C1;800808;ALCA PREFORM DIST CAA/CA 2/0AWG 70MM2;MC11001;;;;CDFL;CUST;1.000;UN;1.000;UN;5,51;BRL;1;0;0;1.000;5.514,90;1.000;5.514,90;1;ZF 1302603;5.514,90;0
4500154854;40;4600003638;160;1007593    MACLEAN POWER SYSTEMS DO BRASIL LTD;NB;F;GAE;;19/05/2026;C1;400137;LACO PREF CA 2AWG PESC 57MM PURPURA;MC11001;;;;CDFL;INVT;1.500;UN;1.500;UN;2,72;BRL;1;0;0;1.500;4.073,40;1.500;4.073,40;1;ZF 1302603;4.073,40;0
4500154854;50;4600003638;170;1007593    MACLEAN POWER SYSTEMS DO BRASIL LTD;NB;F;GAE;;19/05/2026;C1;403593;ALCA PREFORM CABO CONC 3X70 + 50;MC11001;;;;CDFL;INVT;270;UN;270;UN;12,28;BRL;1;0;0;270;3.314,52;270;3.314,52;1;ZF 1302603;3.314,52;0
4500150406;10;4600003563;10;1007763    SIEMENS BRASIL LTDA;NB;F;GAE;;06/04/2026;C1;404892;DISJ 3P 17,5KV 1.250A 25KA SION 3AE 1284;MC20502;;;;CDFL;INVT;2;UN;2;UN;205.004,51;BRL;1;0;0;2;410.009,01;2;410.009,01;1;ZF 1302603;410.009,01;0
4500150406;20;4600003563;20;1007763    SIEMENS BRASIL LTDA;NB;F;GAE;;06/04/2026;C1;409816;DISJ 3P 15KV 2000A 31,5KA 3AH3165-4;MC20501;;;;CDFL;INVT;1;UN;1;UN;157.853,47;BRL;1;0;0;1;157.853,47;1;157.853,47;1;ZF 1302603;157.853,47;0
4500150406;30;4600003563;30;1007763    SIEMENS BRASIL LTDA;NB;F;GAE;;06/04/2026;C1;409817;DISJ 3P 17,5KV 1250A 25KA 3AH5214-2;MC20501;;;;CDFL;INVT;1;UN;1;UN;153.753,38;BRL;1;0;0;1;153.753,38;1;153.753,38;1;ZF 1302603;153.753,38;0
4500150407;10;4600003563;40;1007763    SIEMENS BRASIL LTDA;NB;F;GAE;;06/04/2026;C1;409232;CAMPANULAS DISJUNTOR SION;MC10902;;;;CDFL;INVT;30;UN;30;UN;1.025,02;BRL;1;0;0;30;30.750,62;30;30.750,62;1;ZF 1302603;30.750,62;0
4500150407;20;4600003563;50;1007763    SIEMENS BRASIL LTDA;NB;F;GAE;;06/04/2026;C1;409233;BUCHA DE PASSAGEM GVL-2215E;MC10902;;;;CDFL;INVT;15;UN;15;UN;1.640,04;BRL;1;0;0;15;24.600,53;15;24.600,53;1;ZF 1302603;24.600,53;0
4500152664;10;;0;1008101    ARENA COMERCIO DE TINTAS LTDA;NB;F;GAE;;27/04/2026;C0;803748;DILUENTE ORGANICO COMPOSTO P/ EQUIP 5L;MC01901;;;;CDFL;CUST;5;UN;5;UN;198,55;BRL;1;0;0;5;992,75;5;992,75;1;ZF 1302603;992,75;0
4500152664;20;;0;1008101    ARENA COMERCIO DE TINTAS LTDA;NB;F;GAE;;27/04/2026;C0;803749;TINTA DIELETRICA CVP P/ EQUIPAMENTOS;MC01901;;;;CDFL;CUST;15;UN;15;UN;255,28;BRL;1;0;0;15;3.829,20;15;3.829,20;1;ZF 1302603;3.829,20;0
4500152664;30;;0;1008101    ARENA COMERCIO DE TINTAS LTDA;NB;F;GAE;;27/04/2026;C0;804102;TINTA RDV CINZA N 6,5 DUPLA FUNÇAO 3.6L;MC03301;;;;CDFL;CUST;90;UN;90;UN;193,35;BRL;1;0;0;90;17.401,50;90;17.401,50;1;ZF 1302603;17.401,50;0
4500145002;10;4600003228;40;1008595    WASION DA AMAZONIA INDUSTRIA DE INS;NB;F;A13;;04/02/2026;C1;402592;MED EL 3E 4F 120V 120A GD B;MC12501;;;;CDFL;INVT;1.647;UN;1.647;UN;97,60;BRL;1;0;0;0;0,00;0;0,00;1;ZF 1302603;160.747,20;1.647
4500155693;10;4600003590;60;1008595    WASION DA AMAZONIA INDUSTRIA DE INS;NB;F;GAE;;22/05/2026;C0;400937;MED EL 2E 3F 120V 120A GD B;MC12501;;;;CDFL;INVT;25.000;UN;25.000;UN;82,00;BRL;1;0;0;25.000;2.050.000,00;25.000;2.050.000,00;1;ZF 1302603;2.050.000,00;0
4500155693;20;4600003590;70;1008595    WASION DA AMAZONIA INDUSTRIA DE INS;NB;F;GAE;;22/05/2026;C0;402592;MED EL 3E 4F 120V 120A GD B;MC12501;;;;CDFL;INVT;10.000;UN;10.000;UN;104,00;BRL;1;0;0;10.000;1.040.000,00;10.000;1.040.000,00;1;ZF 1302603;1.040.000,00;0
4500155693;30;4600003590;80;1008595    WASION DA AMAZONIA INDUSTRIA DE INS;NB;F;GAE;;22/05/2026;C0;402824;MED EL 1E 2F 120V 100A GD B;MC12501;;;;CDFL;INVT;3.400;UN;3.400;UN;48,00;BRL;1;0;0;3.400;163.200,00;3.400;163.200,00;1;ZF 1302603;163.200,00;0
4500155693;40;4600003590;90;1008595    WASION DA AMAZONIA INDUSTRIA DE INS;NB;F;GAE;;22/05/2026;C0;402322;MED EL 3E 4F 120V 120A TB GD B;MC12501;;;;CDFL;INVT;50;UN;50;UN;85,00;BRL;1;0;0;50;4.250,00;50;4.250,00;1;ZF 1302603;4.250,00;0
4500147577;20;;0;1008610    L J GUERRA E CIA LTDA;ZCDR;F;A14;;24/02/2026;C0;410213;TINTA SPRAY 400ML;MC03301;;;;CDFL;INVT;26;UN;26;UN;21,06;BRL;1;0;0;0;0,00;0;0,00;1;ZF 1302603;547,56;26
4500148663;10;;0;1008610    L J GUERRA E CIA LTDA;ZCDR;F;GAE;;11/03/2026;C0;805521;MULTIMETRO DIGITAL FLUKE 15B+;MC10401;;;;CDFL;CUST;9;UN;9;UN;902,48;BRL;1;0;0;0;0,00;0;0,00;1;ZF 1302603;8.122,32;9
4500150232;10;;0;1008610    L J GUERRA E CIA LTDA;ZCDR;F;GAE;;26/03/2026;CA;403306;MARCADOR IND PLAS 60ML MET ESF 3MM AM;MC02301;;;;CDFL;INVT;120;UN;120;UN;15,12;BRL;1;0;0;0;0,00;0;0,00;1;ZF 1302603;1.814,40;120
4500150232;20;;0;1008610    L J GUERRA E CIA LTDA;ZCDR;F;GAE;;26/03/2026;CA;802178;MARCADOR IND PLAS 60ML MET ESF 3MM AM;MC02301;;;;CDFL;CUST;48;UN;48;UN;15,12;BRL;1;0;0;0;0,00;0;0,00;1;ZF 1302603;725,76;48
4500152667;10;;0;1008610    L J GUERRA E CIA LTDA;NB;F;GAE;;27/04/2026;C0;803078;ROLO PINTURA  LA  23CM;MC03301;;;;CDFL;CUST;50;UN;50;UN;7,51;BRL;1;0;0;50;375,50;50;375,50;1;ZF 1302603;375,50;0
4500152667;20;;0;1008610    L J GUERRA E CIA LTDA;NB;F;GAE;;27/04/2026;C0;803085;ROLO PINTURA PELO CARNEIRO 90MM C/ CABO;MC03301;;;;CDFL;CUST;80;UN;80;UN;6,25;BRL;1;0;0;80;500,00;80;500,00;1;ZF 1302603;500,00;0
4500152667;30;;0;1008610    L J GUERRA E CIA LTDA;NB;F;GAE;;27/04/2026;C0;803084;ROLO PINTURA PELO DE CARNEIRO  150MM;MC03301;;;;CDFL;CUST;50;UN;50;UN;9,00;BRL;1;0;0;50;450,00;50;450,00;1;ZF 1302603;450,00;0
4500147585;10;;0;1008630    CASA DO ELETRICISTA LTDA;ZCDR;F;A14;;24/02/2026;C0;410212;FITA AUTOADESIVA BLINDAGEM 10cmX10m;MC03701;;;;CDFL;INVT;82;UN;82;UN;22,95;BRL;1;0;0;0;0,00;0;0,00;1;ZF 1302603;1.881,90;82
4500152619;10;4600003562;40;1008989    BOREAL INDUSTRIA DE FIOS E CABOS LT;NB;F;GAE;;24/04/2026;C0;400347;CABO COMANDO/CONTR 4X1,5MM2 0,6/1KV SBE;MC10101;;;;CDFL;;1.000;M;1.000;M;13,58;BRL;1;0;0;1.000;13.580,00;1.000;13.580,00;1;ZF 1302603;13.580,00;0
4500152619;20;4600003562;50;1008989    BOREAL INDUSTRIA DE FIOS E CABOS LT;NB;F;GAE;;24/04/2026;C0;805497;CABO COMANDO/CONTR 6X1,5MM2 0,6/1KV SBE;MC10101;;;;CDFL;;500;UN;500;UN;18,91;BRL;1;0;0;500;9.455,00;500;9.455,00;1;ZF 1302603;9.455,00;0
4500154298;10;4600003318;20;1009099    SAFELOCK PRODUTOS DE SEGURANCA INDU;NB;F;GAE;;15/05/2026;C1;403513;ENVELOPE DE PLAST COM FECHO DE SEG;MC12503;;;;CDFL;INVT;12.100;UN;12.100;UN;4,05;BRL;1;0;0;12.100;48.950,55;12.100;48.950,55;1;ZF 1302603;48.950,55;0
4500153286;10;4600003332;10;1009270    CAS TECNOLOGIA S.A.;NB;F;A16;;07/05/2026;C1;404234;MODULO DE COMUNICACAO REMOTA;MC20601;;;;CDFL;INVT;168;UN;168;UN;1.389,14;BRL;1;0;0;108;150.027,23;108;150.027,23;1;ZF 1302603;233.375,69;60
4500153318;10;4600002704;90;1009270    CAS TECNOLOGIA S.A.;NB;F;GAE;;08/05/2026;C1;404236;BLUETOOTH 4.0 DE COMUNICACAO DE  DADOS;MC25001;;;;CDFL;INVT;90;UN;90;UN;257,56;BRL;1;0;0;90;23.180,71;90;23.180,71;1;ZF 1302603;23.180,71;0
4500150237;30;4600003561;10;1009313    ANDRA S A ELECTRIC SOLUTIONS;NB;F;A13;;26/03/2026;C1;402105;CONECTOR AUTO PERF DU 70-240 / 70-240MM2;MC12002;;;;CDFL;INVT;1.500;UN;1.500;UN;51,15;BRL;1;0;0;0;0,00;0;0,00;1;ZF 1302603;76.725,00;1.500
4500150237;40;4600003561;20;1009313    ANDRA S A ELECTRIC SOLUTIONS;NB;F;A13;;26/03/2026;C1;800872;CONECTOR AUTO PERF DU 70-240 / 70-240MM2;MC12002;;;;CDFL;CUST;888;UN;888;UN;51,15;BRL;1;0;0;0;0,00;0;0,00;1;ZF 1302603;45.421,20;888
4500150237;50;4600003561;50;1009313    ANDRA S A ELECTRIC SOLUTIONS;NB;F;A13;;26/03/2026;C1;402105;CONECTOR AUTO PERF DU 70-240 / 70-240MM2;MC12002;;;;CDFL;INVT;4.060;UN;4.060;UN;51,15;BRL;1;0;0;0;0,00;0;0,00;1;ZF 1302603;207.669,00;4.060
4500151897;10;;0;1009313    ANDRA S A ELECTRIC SOLUTIONS;ZCDR;F;A14;;16/04/2026;C1;403121;FITA ISOLANTE ELET PVC 19X0,19MM 20M PT;MC10903;;;;CDFL;INVT;1.700;UN;1.700;UN;10,70;BRL;1;0;0;0;0,00;0;0,00;1;ZF 1302603;18.181,50;1.700
4500152615;10;4600003561;30;1009313    ANDRA S A ELECTRIC SOLUTIONS;NB;F;GAE;;24/04/2026;C1;402105;CONECTOR AUTO PERF DU 70-240 / 70-240MM2;MC12002;;;;CDFL;INVT;10.000;UN;10.000;UN;51,15;BRL;1;0;0;8.000;409.200,00;8.000;409.200,00;1;ZF 1302603;511.500,00;2.000
4500152615;20;4600003561;40;1009313    ANDRA S A ELECTRIC SOLUTIONS;NB;F;GAE;;24/04/2026;C1;800872;CONECTOR AUTO PERF DU 70-240 / 70-240MM2;MC12002;;;;CDFL;CUST;3.000;UN;3.000;UN;51,15;BRL;1;0;0;2.000;102.300,00;2.000;102.300,00;1;ZF 1302603;153.450,00;1.000
4500155692;10;4600003639;30;1009313    ANDRA S A ELECTRIC SOLUTIONS;NB;F;A14;;22/05/2026;C1;403121;FITA ISOLANTE ELET PVC 19X0,19MM 20M PT;MC10903;;;;CDFL;INVT;4.000;UN;4.000;UN;8,99;BRL;1;0;0;4.000;35.972,40;4.000;35.972,40;1;ZF 1302603;35.972,40;0
4500155692;20;4600003639;40;1009313    ANDRA S A ELECTRIC SOLUTIONS;NB;F;A14;;22/05/2026;C1;800852;FITA ISOLANTE ELET PVC 19X0,19MM 20M PT;MC10903;;;;CDFL;CUST;500;UN;500;UN;8,99;BRL;1;0;0;500;4.496,55;500;4.496,55;1;ZF 1302603;4.496,55;0
4500144206;10;4600003089;50;1009464    FISCHER INDUSTRIA MECANICA LTDA;NB;F;A03;;22/01/2026;C1;800105;MANILHA AC 16MM 80MM 22MM 13500DAN;MC12002;;;;CDFL;CUST;3;UN;3;UN;57,44;BRL;1;0;0;3;172,31;3;172,31;1;ZF 1302603;172,31;0
4500144206;20;4600003089;10;1009464    FISCHER INDUSTRIA MECANICA LTDA;NB;F;A03;;22/01/2026;C1;401927;MANILHA SAPATILHA 5000DAN ETELB-054/2013;MC12002;;;;CDFL;INVT;1.150;UN;1.150;UN;19,24;BRL;1;0;0;1.150;22.127,95;1.150;22.127,95;1;ZF 1302603;22.127,95;0
4500144206;30;4600003089;30;1009464    FISCHER INDUSTRIA MECANICA LTDA;NB;F;A03;;22/01/2026;C1;800496;MANILHA SAPATILHA 5000DAN ETELB-054/2013;MC12002;;;;CDFL;CUST;152;UN;152;UN;19,24;BRL;1;0;0;152;2.924,74;152;2.924,74;1;ZF 1302603;2.924,74;0
4500144206;40;4600003089;20;1009464    FISCHER INDUSTRIA MECANICA LTDA;NB;F;A03;;22/01/2026;C1;400164;MANILHA SAPATILHA 6800KGF;MC12002;;;;CDFL;INVT;1.653;UN;1.653;UN;19,73;BRL;1;0;0;1.653;32.621,29;1.653;32.621,29;1;ZF 1302603;32.621,29;0
4500153117;10;4600003574;60;1009464    FISCHER INDUSTRIA MECANICA LTDA;NB;F;GAE;;05/05/2026;C1;805260;GRAMPO DE SUSPENSÃO PARA CABO 954 MCM MA;MC10001;;;;CDFL;CUST;40;UN;40;UN;952,98;BRL;1;0;0;40;38.119,21;40;38.119,21;1;ZF 1302603;38.119,21;0
4500153117;20;4600003574;70;1009464    FISCHER INDUSTRIA MECANICA LTDA;NB;F;GAE;;05/05/2026;C1;400164;MANILHA SAPATILHA 6800KGF;MC12002;;;;CDFL;INVT;2.982;UN;2.982;UN;17,61;BRL;1;0;0;2.982;52.525,54;2.982;52.525,54;1;ZF 1302603;52.525,54;0
4500153117;30;4600003574;80;1009464    FISCHER INDUSTRIA MECANICA LTDA;NB;F;GAE;;05/05/2026;C1;800105;MANILHA AC 16MM 80MM 22MM 13500DAN;MC12002;;;;CDFL;CUST;68;UN;68;UN;64,87;BRL;1;0;0;68;4.410,99;68;4.410,99;1;ZF 1302603;4.410,99;0
4500153117;40;4600003574;90;1009464    FISCHER INDUSTRIA MECANICA LTDA;NB;F;GAE;;05/05/2026;C1;801081;MANILHA SAPATILHA 6800KGF;MC12002;;;;CDFL;CUST;461;UN;461;UN;17,61;BRL;1;0;0;461;8.120,15;461;8.120,15;1;ZF 1302603;8.120,15;0
4500148300;10;4600003232;30;1009535    NANSEN INSTRUMENTOS DE PRECISAO LTD;NB;F;A16;;06/03/2026;CA;400937;MEDIDOR ELETR 2F 120V 15/120A 2EL BIDIRE;MC12501;;;;CDFL;INVT;3.865;UN;3.865;UN;80,00;BRL;1;0;0;1.000;80.000,00;1.000;80.000,00;1;ZF 1302603;309.200,00;2.865
4500148493;20;4600003232;40;1009535    NANSEN INSTRUMENTOS DE PRECISAO LTD;NB;F;A16;;10/03/2026;CA;402824;MED EL 1E 2F 120V 100A GD B;MC12501;;;;CDFL;INVT;11.605;UN;11.605;UN;48,00;BRL;1;0;0;1.045;50.160,00;1.045;50.160,00;1;ZF 1302603;557.040,00;16.449
4500148493;30;4600003232;50;1009535    NANSEN INSTRUMENTOS DE PRECISAO LTD;NB;F;A16;;10/03/2026;CA;400937;MED EL 2E 3F 120V 120A GD B;MC12501;;;;CDFL;INVT;4.889;UN;4.889;UN;80,00;BRL;1;0;0;2.000;160.000,00;2.000;160.000,00;1;ZF 1302603;391.120,00;2.889
4500154674;10;4600003232;10;1009535    NANSEN INSTRUMENTOS DE PRECISAO LTD;NB;F;A16;;19/05/2026;C1;403562;MEDIDOR ELETR 1F 3 FIOS 240V 15/100A RUR;MC12501;;;;CDFL;INVT;2.016;UN;2.016;UN;72,00;BRL;1;0;0;2.016;145.152,00;2.016;145.152,00;1;ZF 1302603;145.152,00;0
4500145288;10;4600002620;150;1009609    CROSSFOX COMERCIO DE CONDUTORES ELE;NB;F;A03;;09/02/2026;C1;805459;CONECTOR PERF 50-185MM2 15KV COM ESTRIBO;MC12002;;;;CDFL;CUST;3.020;UN;3.020;UN;131,12;BRL;1;0;0;0;0,00;0;0,00;1;ZF 1302603;395.982,40;3.020
4500145289;10;4600002620;90;1009609    CROSSFOX COMERCIO DE CONDUTORES ELE;NB;F;GAE;;09/02/2026;C1;402105;CONECTOR AUTO PERF DU 70-240 / 70-240MM2;MC12002;;;;CDFL;INVT;500;UN;500;UN;32,35;BRL;1;0;0;0;0,00;0;0,00;1;ZF 1302603;16.174,40;500
4500145747;10;4600002530;70;1009609    CROSSFOX COMERCIO DE CONDUTORES ELE;NB;F;GAE;;10/02/2026;C1;400594;CABO DE AÇO REVESTIDOS DE COBRE 35MM²;MC00201;;;;CDFL;INVT;7.635;KG;7.635;KG;77,22;BRL;1;0;0;0;0,00;0;0,00;1;ZF 1302603;589.574,70;7.635
4500147515;10;;0;1009609    CROSSFOX COMERCIO DE CONDUTORES ELE;NB;F;GAE;;23/02/2026;C1;803907;CABO DE AÇO REVESTIDOS DE COBRE 35MM²;MC00201;;;;CDFL;CUST;2.000;KG;2.000;KG;77,22;BRL;1;0;0;0;0,00;0;0,00;1;ZF 1302603;154.440,00;2.000
4500147613;10;4600002234;50;1009609    CROSSFOX COMERCIO DE CONDUTORES ELE;NB;F;A03;;24/02/2026;C1;400906;HASTE ATERRAMENTO CI AC 14,3X2438MM;MC01208;;;;CDFL;INVT;3.866;UN;3.866;UN;80,61;BRL;1;0;0;0;0,00;0;0,00;1;ZF 1302603;311.630,53;3.866
4500147811;10;4600003514;10;1009904    TAF INDUSTRIA DE PLASTICOS LTDA;NB;F;A01;;02/03/2026;C1;401465;CONECTOR PERF AL 16-120MM2 / 16-120MM2;MC12002;;;;CDFL;INVT;4.080;UN;4.080;UN;9,77;BRL;1;0;0;4.080;39.879,14;4.080;39.879,14;1;ZF 1302603;39.879,14;0
4500154306;10;4600003550;30;1009904    TAF INDUSTRIA DE PLASTICOS LTDA;NB;F;GAE;;15/05/2026;C1;801400;HASTE ATERRAMENTO CI AC 14,3X2438MM;MC01208;;;;CDFL;;1.934;UN;1.934;UN;77,38;BRL;1;0;0;1.934;149.645,18;1.934;149.645,18;1;ZF 1302603;149.645,18;0
4500154306;20;4600003550;40;1009904    TAF INDUSTRIA DE PLASTICOS LTDA;NB;F;GAE;;15/05/2026;C1;400906;HASTE ATERRAMENTO CI AC 14,3X2438MM;MC01208;;;;CDFL;;3.495;UN;3.495;UN;77,38;BRL;1;0;0;3.495;270.429,12;3.495;270.429,12;1;ZF 1302603;270.429,12;0
4500152853;10;4600003519;20;1010257    MATCH SOLUTIONS FIOS E CABOS ELETRI;NB;F;GAE;;29/04/2026;C1;400594;CABO DE AÇO REVESTIDOS DE COBRE 35MM²;MC00201;;;;CDFL;INVT;8.000;KG;8.000;KG;70,68;BRL;1;0;0;8.000;565.440,00;8.000;565.440,00;1;ZF 1302603;565.440,00;0
4500152853;20;4600003519;30;1010257    MATCH SOLUTIONS FIOS E CABOS ELETRI;NB;F;GAE;;29/04/2026;C1;803907;CABO DE AÇO REVESTIDOS DE COBRE 35MM²;MC00201;;;;CDFL;CUST;2.000;KG;2.000;KG;70,68;BRL;1;0;0;2.000;141.360,00;2.000;141.360,00;1;ZF 1302603;141.360,00;0
4500144303;10;4600003062;70;1010868    ONIX DISTRIBUIDORA DE PRODUTOS ELET;NB;F;A03;;22/01/2026;C1;402296;GANCHO OLHAL AC 17MM 5000KGF;MC12002;;;;CDFL;INVT;4.067;UN;4.067;UN;10,17;BRL;1;0;0;0;0,00;0;0,00;1;ZF 1302603;41.378,47;4.067
4500144303;20;4600003062;20;1010868    ONIX DISTRIBUIDORA DE PRODUTOS ELET;NB;F;A03;;22/01/2026;C1;801087;GANCHO OLHAL AC 17MM 5000KGF;MC12002;;;;CDFL;CUST;746;UN;746;UN;10,17;BRL;1;0;0;0;0,00;0;0,00;1;ZF 1302603;7.589,95;746
4500144303;30;4600003062;30;1010868    ONIX DISTRIBUIDORA DE PRODUTOS ELET;NB;F;A03;;22/01/2026;C1;801186;OLHAL PARAFUSO AC 16MM 5000DAN;MC10401;;;;CDFL;CUST;833;UN;833;UN;13,07;BRL;1;0;0;0;0,00;0;0,00;1;ZF 1302603;10.884,39;833
4500144303;40;4600003062;90;1010868    ONIX DISTRIBUIDORA DE PRODUTOS ELET;NB;F;A03;;22/01/2026;C1;401264;PINO ISOLADOR AC 25X294X19MM;MC10902;;;;CDFL;INVT;1.356;UN;1.356;UN;21,44;BRL;1;0;0;0;0,00;0;0,00;1;ZF 1302603;29.067,89;1.356
4500144468;20;4600003074;40;1010868    ONIX DISTRIBUIDORA DE PRODUTOS ELET;NB;F;A01;;22/01/2026;C1;400140;ISOLADOR RODL PORC 15KV 81X47MM 1350DAN;MC10902;;;;CDFL;INVT;3.500;UN;3.500;UN;7,06;BRL;1;0;0;0;0,00;0;0,00;1;ZF 1302603;24.705,45;3.500
4500144468;30;4600003074;30;1010868    ONIX DISTRIBUIDORA DE PRODUTOS ELET;NB;F;A01;;22/01/2026;C1;400111;ISOLADOR CAST PORC 13,8KV 90MM 3400DAN;MC10902;;;;CDFL;INVT;131;UN;131;UN;11,09;BRL;1;0;0;0;0,00;0;0,00;1;ZF 1302603;1.452,21;131
4500151162;10;4600003074;50;1010868    ONIX DISTRIBUIDORA DE PRODUTOS ELET;NB;F;GAE;;13/04/2026;C1;400111;ISOLADOR CAST PORC 13,8KV 90MM 3400DAN;MC10902;;;;CDFL;INVT;573;UN;573;UN;11,09;BRL;1;0;0;573;6.352,05;573;6.352,05;1;ZF 1302603;6.352,05;0
4500151162;20;4600003074;10;1010868    ONIX DISTRIBUIDORA DE PRODUTOS ELET;NB;F;GAE;;13/04/2026;C1;800630;ISOLADOR CAST PORC 13,8KV 90MM 3400DAN;MC10902;;;;CDFL;CUST;570;UN;570;UN;11,09;BRL;1;0;0;570;6.318,79;570;6.318,79;1;ZF 1302603;6.318,79;0
4500153038;10;4600003074;40;1010868    ONIX DISTRIBUIDORA DE PRODUTOS ELET;NB;F;A01;;30/04/2026;C1;400140;ISOLADOR RODL PORC 15KV 81X47MM 1350DAN;MC10902;;;;CDFL;INVT;5.000;UN;5.000;UN;7,06;BRL;1;0;0;5.000;35.293,50;5.000;35.293,50;1;ZF 1302603;35.293,50;0
4500153038;20;4600003074;20;1010868    ONIX DISTRIBUIDORA DE PRODUTOS ELET;NB;F;A01;;30/04/2026;C1;800944;ISOLADOR RODL PORC 15KV 81X47MM 1350DAN;MC10902;;;;CDFL;CUST;500;UN;500;UN;7,06;BRL;1;0;0;500;3.529,35;500;3.529,35;1;ZF 1302603;3.529,35;0
4500156090;10;4600003573;80;1010868    ONIX DISTRIBUIDORA DE PRODUTOS ELET;NB;F;GAE;;01/06/2026;C1;400827;ARRUELA LIS QD AC 17MM 11/16 57X57MM 5MM;MC01301;;;;CDFL;INVT;52.630;UN;52.630;UN;2,44;BRL;1;0;0;52.630;128.238,26;52.630;128.238,26;1;ZF 1302603;128.238,26;0
4500156090;20;4600003573;90;1010868    ONIX DISTRIBUIDORA DE PRODUTOS ELET;NB;F;GAE;;01/06/2026;C1;801313;PINO ISOLADOR AC 25X294X19MM;MC10902;;;;CDFL;CUST;2.164;UN;2.164;UN;21,95;BRL;1;0;0;2.164;47.495,47;2.164;47.495,47;1;ZF 1302603;47.495,47;0
4500156090;30;4600003573;100;1010868    ONIX DISTRIBUIDORA DE PRODUTOS ELET;NB;F;GAE;;01/06/2026;C1;401264;PINO ISOLADOR AC 25X294X19MM;MC10902;;;;CDFL;INVT;7.941;UN;7.941;UN;21,95;BRL;1;0;0;7.941;174.289,07;7.941;174.289,07;1;ZF 1302603;174.289,07;0
4500156090;40;4600003573;110;1010868    ONIX DISTRIBUIDORA DE PRODUTOS ELET;NB;F;GAE;;01/06/2026;C1;801047;ARRUELA LIS QD AC 17MM 11/16 57X57MM 5MM;MC01301;;;;CDFL;CUST;1.472;UN;1.472;UN;2,44;BRL;1;0;0;1.472;3.586,68;1.472;3.586,68;1;ZF 1302603;3.586,68;0
4500156090;50;4600003573;120;1010868    ONIX DISTRIBUIDORA DE PRODUTOS ELET;NB;F;GAE;;01/06/2026;C1;800966;PARAFUSO OLH AC 16MM 450MM;MC01301;;;;CDFL;CUST;92;UN;92;UN;29,18;BRL;1;0;0;92;2.684,87;92;2.684,87;1;ZF 1302603;2.684,87;0
4500156090;60;4600003573;130;1010868    ONIX DISTRIBUIDORA DE PRODUTOS ELET;NB;F;GAE;;01/06/2026;C1;402160;PARAFUSO OLH AC 16MM 450MM;MC01301;;;;CDFL;INVT;72;UN;72;UN;29,18;BRL;1;0;0;72;2.101,20;72;2.101,20;1;ZF 1302603;2.101,20;0
4500156090;70;4600003573;140;1010868    ONIX DISTRIBUIDORA DE PRODUTOS ELET;NB;F;GAE;;01/06/2026;C1;804883;ARRUELA QD AC 17,00MM 50,00MM 3,00MM;MC01301;;;;CDFL;CUST;1.156;UN;1.156;UN;1,25;BRL;1;0;0;1.156;1.440,61;1.156;1.440,61;1;ZF 1302603;1.440,61;0
4500156133;10;;0;1010913    SILICA SUL INDUSTRIA E COMERCIO LTD;ZCDR;F;GAE;;01/06/2026;C1;805458;SILICA-GEL DESSEC 4 A 8MM AZUL;MC03001;;;;CDFL;CUST;300;KG;300;KG;36,74;BRL;1;0;0;300;11.020,50;300;11.020,50;1;ZF 1302603;11.020,50;0
4500150370;10;;0;1010988    C V INDUSTRIA E COMERCIO DE PRODUTO;ZCDR;F;GAE;;02/04/2026;CA;803076;DESENGRAXANTE LIQUI CONCENTRADO 5L;MC00301;;;;CDFL;CUST;115;UN;115;UN;29,00;BRL;1;0;0;0;0,00;0;0,00;1;ZF 1302603;3.334,70;115
4500150370;20;;0;1010988    C V INDUSTRIA E COMERCIO DE PRODUTO;ZCDR;F;GAE;;02/04/2026;CA;804499;DETERGENTE 5L;MC01901;;;;CDFL;CUST;20;UN;20;UN;17,93;BRL;1;0;0;0;0,00;0;0,00;1;ZF 1302603;358,61;20
4500144675;10;4600002545;140;1011711    POOL ENGENHARIA, SERVICO, INDUSTRIA;NB;F;A03;;26/01/2026;CA;400968;POSTE FIBRA VIDRO 11M 200DAN;MC12001;;;;CDFL;INVT;50;UN;50;UN;1.674,93;BRL;1;0;0;0;0,00;0;0,00;1;ZF 1302603;83.746,50;50
4500144675;30;4600002545;140;1011711    POOL ENGENHARIA, SERVICO, INDUSTRIA;NB;F;A03;;26/01/2026;CA;400968;POSTE FIBRA VIDRO 11M 200DAN;MC12001;;;;CDFL;INVT;50;UN;50;UN;1.674,93;BRL;1;0;0;0;0,00;0;0,00;1;ZF 1302603;83.746,50;50
4500147049;10;4600003492;10;1011711    POOL ENGENHARIA, SERVICO, INDUSTRIA;NB;F;GAE;;20/02/2026;CA;400216;POSTE FIBRA VIDRO 9M 200DAN;MC12001;;;;CDFL;INVT;3;UN;3;UN;1.381,49;BRL;1;0;0;0;0,00;0;0,00;1;ZF 1302603;4.144,46;3
4500147049;20;4600003492;20;1011711    POOL ENGENHARIA, SERVICO, INDUSTRIA;NB;F;GAE;;20/02/2026;CA;400221;POSTE FIBRA VIDRO E-CR 11M 300DAN;MC12001;;;;CDFL;INVT;100;UN;100;UN;1.999,50;BRL;1;0;0;0;0,00;0;0,00;1;ZF 1302603;199.950,00;100
4500147049;30;4600003492;30;1011711    POOL ENGENHARIA, SERVICO, INDUSTRIA;NB;F;GAE;;20/02/2026;CA;401360;POSTE FIBRA VIDRO E-CR 9M 300DAN;MC12001;;;;CDFL;INVT;124;UN;124;UN;1.551,36;BRL;1;0;0;0;0,00;0;0,00;1;ZF 1302603;192.368,75;124
4500149689;10;4600003492;30;1011711    POOL ENGENHARIA, SERVICO, INDUSTRIA;NB;F;GAE;;16/03/2026;CA;401360;POSTE FIBRA VIDRO E-CR 9M 300DAN;MC12001;;;;CDFL;INVT;100;UN;100;UN;1.551,36;BRL;1;0;0;0;0,00;0;0,00;1;ZF 1302603;155.136,09;100
4500151168;10;4600002545;150;1011711    POOL ENGENHARIA, SERVICO, INDUSTRIA;NB;F;GAE;;13/04/2026;CA;400968;POSTE FIBRA VIDRO 11M 200DAN;MC12001;;;;CDFL;INVT;50;UN;50;UN;1.674,93;BRL;1;0;0;0;0,00;0;0,00;1;ZF 1302603;83.746,50;50
4500151168;20;4600002545;150;1011711    POOL ENGENHARIA, SERVICO, INDUSTRIA;NB;F;GAE;;13/04/2026;CA;400968;POSTE FIBRA VIDRO 11M 200DAN;MC12001;;;;CDFL;INVT;50;UN;50;UN;1.674,93;BRL;1;0;0;0;0,00;0;0,00;1;ZF 1302603;83.746,50;50
4500152175;10;4600003492;30;1011711    POOL ENGENHARIA, SERVICO, INDUSTRIA;NB;F;GAE;;17/04/2026;CA;401360;POSTE FIBRA VIDRO E-CR 9M 300DAN;MC12001;;;;CDFL;INVT;50;UN;50;UN;1.551,36;BRL;1;0;0;0;0,00;0;0,00;1;ZF 1302603;77.568,04;50
4500152175;20;4600003492;30;1011711    POOL ENGENHARIA, SERVICO, INDUSTRIA;NB;F;GAE;;17/04/2026;CA;401360;POSTE FIBRA VIDRO E-CR 9M 300DAN;MC12001;;;;CDFL;INVT;50;UN;50;UN;1.551,36;BRL;1;0;0;0;0,00;0;0,00;1;ZF 1302603;77.568,04;50
4500152236;10;4600002545;150;1011711    POOL ENGENHARIA, SERVICO, INDUSTRIA;NB;F;GAE;;17/04/2026;CA;400968;POSTE FIBRA VIDRO 11M 200DAN;MC12001;;;;CDFL;INVT;50;UN;50;UN;1.674,93;BRL;1;0;0;0;0,00;0;0,00;1;ZF 1302603;83.746,50;50
4500152236;20;4600002545;150;1011711    POOL ENGENHARIA, SERVICO, INDUSTRIA;NB;F;GAE;;17/04/2026;CA;400968;POSTE FIBRA VIDRO 11M 200DAN;MC12001;;;;CDFL;INVT;50;UN;50;UN;1.674,93;BRL;1;0;0;0;0,00;0;0,00;1;ZF 1302603;83.746,50;50
4500153387;10;4600002545;150;1011711    POOL ENGENHARIA, SERVICO, INDUSTRIA;NB;F;GAE;;11/05/2026;CA;400968;POSTE FIBRA VIDRO 11M 200DAN;MC12001;;;;CDFL;INVT;100;UN;100;UN;1.674,93;BRL;1;0;0;0;0,00;0;0,00;1;ZF 1302603;167.493,00;100
4500144262;20;4600003029;20;1011918    STEEL LOOP INDUSTRIAL DO BRASIL LTD;NB;F;A03;;22/01/2026;C1;403675;ALCA PREFORM CABO CONC  3X25 + 25;MC11001;;;;CDFL;INVT;600;UN;600;UN;12,88;BRL;1;0;0;0;0,00;0;0,00;1;ZF 1302603;7.728,30;600
4500144262;30;4600003029;30;1011918    STEEL LOOP INDUSTRIAL DO BRASIL LTD;NB;F;A03;;22/01/2026;C1;403580;ALCA PREFORM CABO CONC 3X35 + 35;MC11001;;;;CDFL;INVT;700;UN;700;UN;13,49;BRL;1;0;0;0;0,00;0;0,00;1;ZF 1302603;9.439,50;700
4500146810;10;4600003029;20;1011918    STEEL LOOP INDUSTRIAL DO BRASIL LTD;NB;F;A03;;19/02/2026;C1;403675;ALCA PREFORM CABO CONC  3X25 + 25;MC11001;;;;CDFL;INVT;5.959;UN;5.959;UN;12,88;BRL;1;0;0;5.959;76.754,90;5.959;76.754,90;1;ZF 1302603;76.754,90;0
4500146810;20;4600003029;30;1011918    STEEL LOOP INDUSTRIAL DO BRASIL LTD;NB;F;A03;;19/02/2026;C1;403580;ALCA PREFORM CABO CONC 3X35 + 35;MC11001;;;;CDFL;INVT;721;UN;721;UN;13,48;BRL;1;0;0;721;9.722,68;721;9.722,68;1;ZF 1302603;9.722,68;0
4500152671;10;;0;1012174    DISMONZA - DISTRIBUIDORA DE TINTAS;NB;F;GAE;;27/04/2026;C0;803968;TINTA ESMALTE SINTÉTICO 900 ML PRETO N 1;MC03301;;;;CDFL;CUST;15;UN;15;UN;25,97;BRL;1;0;0;15;389,55;15;389,55;1;ZF 1302603;389,55;0
4500152671;20;;0;1012174    DISMONZA - DISTRIBUIDORA DE TINTAS;NB;F;GAE;;27/04/2026;C0;802160;TINTA ESM SINT PT ACAB FOS AUT 3,6L;MC03301;;;;CDFL;CUST;5;UN;5;UN;89,99;BRL;1;0;0;5;449,95;5;449,95;1;ZF 1302603;449,95;0
4500145246;10;4600003179;10;1012258    G.O. CARDOSO INDUSTRIA E COMERCIO D;NB;F;A03;;06/02/2026;C1;403390;PRENSA CABO PVC 1P;MC10701;;;;CDFL;INVT;3.938;UN;3.938;UN;6,99;BRL;1;0;0;0;0,00;0;0,00;1;ZF 1302603;27.540,80;3.938
4500147721;10;;0;1012258    G.O. CARDOSO INDUSTRIA E COMERCIO D;NB;F;GAE;;27/02/2026;C1;403579;CABO AL CONCENTRICO 3F 3X35+35MM2;MC10101;;;;CDFL;INVT;30.000;M;30.000;M;27,82;BRL;1;0;0;20.000;556.326,00;20.000;556.326,00;1;ZF 1302603;834.489,00;10.000
4500147721;20;;0;1012258    G.O. CARDOSO INDUSTRIA E COMERCIO D;NB;F;GAE;;27/02/2026;C1;403579;CABO AL CONCENTRICO 3F 3X35+35MM2;MC10101;;;;CDFL;INVT;30.000;M;30.000;M;27,82;BRL;1;0;0;30.000;834.489,00;30.000;834.489,00;1;ZF 1302603;834.489,00;0
4500147721;30;;0;1012258    G.O. CARDOSO INDUSTRIA E COMERCIO D;NB;F;GAE;;27/02/2026;C1;403579;CABO AL CONCENTRICO 3F 3X35+35MM2;MC10101;;;;CDFL;INVT;40.000;M;40.000;M;27,82;BRL;1;0;0;40.000;1.112.652,00;40.000;1.112.652,00;1;ZF 1302603;1.112.652,00;0
4500147721;40;;0;1012258    G.O. CARDOSO INDUSTRIA E COMERCIO D;NB;F;GAE;;27/02/2026;C1;403579;CABO AL CONCENTRICO 3F 3X35+35MM2;MC10101;;;;CDFL;INVT;45.409;M;45.409;M;27,82;BRL;1;0;0;45.409;1.263.110,37;45.409;1.263.110,37;1;ZF 1302603;1.263.110,37;0
4500147721;50;;0;1012258    G.O. CARDOSO INDUSTRIA E COMERCIO D;NB;F;GAE;;27/02/2026;C1;804632;CABO AL CONCENTRICO 2F 2X10+10MM2;MC10101;;;;CDFL;CUST;1.000;M;1.000;M;8,01;BRL;1;0;0;1.000;8.007,30;1.000;8.007,30;1;ZF 1302603;8.007,30;0
4500147721;60;;0;1012258    G.O. CARDOSO INDUSTRIA E COMERCIO D;NB;F;GAE;;27/02/2026;C1;804633;CABO AL CONCENTRICO 2F 2X16+16MM2;MC10101;;;;CDFL;CUST;1.000;M;1.000;M;11,32;BRL;1;0;0;1.000;11.318,10;1.000;11.318,10;1;ZF 1302603;11.318,10;0
4500147721;70;;0;1012258    G.O. CARDOSO INDUSTRIA E COMERCIO D;NB;F;GAE;;27/02/2026;C1;804642;CABO AL CONCENTRICO 3F 3X35+35MM2;MC10101;;;;CDFL;CUST;1.000;M;1.000;M;27,82;BRL;1;0;0;1.000;27.816,30;1.000;27.816,30;1;ZF 1302603;27.816,30;0
4500147864;10;4600003502;10;1012258    G.O. CARDOSO INDUSTRIA E COMERCIO D;NB;F;GAE;;03/03/2026;C1;407096;PROTETOR P/ CABO BT PVC COMP 2000MM;MC01204;;;;CDFL;INVT;6.882;PEÇ;6.882;PEÇ;183,78;BRL;1;0;0;4.300;790.242,39;4.300;790.242,39;1;ZF 1302603;1.264.755,38;2.582
4500147864;20;4600003502;20;1012258    G.O. CARDOSO INDUSTRIA E COMERCIO D;NB;F;GAE;;03/03/2026;C1;407094;SEALTUBO 1.1/2 FLEX ESP. AÇO CAPA PVC;MC03501;;;;CDFL;INVT;3.330;M;3.330;M;59,91;BRL;1;0;0;3.330;199.502,30;3.330;199.502,30;1;ZF 1302603;199.502,30;0
4500152327;10;;0;1012258    G.O. CARDOSO INDUSTRIA E COMERCIO D;NB;F;GAE;;20/04/2026;C1;410247;PRENSA-CABO FIXELE 2P LP 40 DAN PARA SEA;MC10701;;;;CDFL;INVT;2.800;UN;2.800;UN;145,71;BRL;1;0;0;2.800;407.994,72;2.800;407.994,72;1;ZF 1302603;407.994,72;0
4500152327;20;;0;1012258    G.O. CARDOSO INDUSTRIA E COMERCIO D;NB;F;GAE;;20/04/2026;C1;410247;PRENSA-CABO FIXELE 2P LP 40 DAN PARA SEA;MC10701;;;;CDFL;INVT;200;UN;200;UN;145,71;BRL;1;0;0;200;29.142,48;200;29.142,48;1;ZF 1302603;29.142,48;0
4500144981;110;4600003141;220;1012848    SERTA TRANSFORMADORES IND. COM. IMP;NB;F;GAE;;03/02/2026;C0;404161;"CONJ MEDICAO 15KV; 70:1; 15-5A; USO EXT";MC22104;;;;CDFL;INVT;27;UN;27;UN;30.500,00;BRL;1;0;0;27;823.500,00;27;823.500,00;1;ZF 1302603;823.500,00;0
4500144981;120;4600003141;230;1012848    SERTA TRANSFORMADORES IND. COM. IMP;NB;F;GAE;;03/02/2026;C0;404164;"CONJ MEDICAO 15KV; 70:1; 30-5A; USO EXT";MC22104;;;;CDFL;INVT;9;UN;9;UN;30.500,00;BRL;1;0;0;9;274.500,00;9;274.500,00;1;ZF 1302603;274.500,00;0
4500144981;130;4600003141;240;1012848    SERTA TRANSFORMADORES IND. COM. IMP;NB;F;GAE;;03/02/2026;C0;404169;"CONJ MEDICAO 15KV; 70:1; 150-5A; USO EXT";MC22104;;;;CDFL;INVT;10;UN;10;UN;30.500,00;BRL;1;0;0;10;305.000,00;10;305.000,00;1;ZF 1302603;305.000,00;0
4500144981;140;4600003141;250;1012848    SERTA TRANSFORMADORES IND. COM. IMP;NB;F;GAE;;03/02/2026;C0;404170;"CONJ MEDICAO 15KV; 70:1; 200-5A; USO EXT";MC22104;;;;CDFL;INVT;4;UN;4;UN;30.500,00;BRL;1;0;0;4;122.000,00;4;122.000,00;1;ZF 1302603;122.000,00;0
4500144981;150;4600003141;260;1012848    SERTA TRANSFORMADORES IND. COM. IMP;NB;F;GAE;;03/02/2026;C0;404171;"CONJ MEDICAO 15KV; 70:1; 300-5A; USO EXT";MC22104;;;;CDFL;INVT;2;UN;2;UN;32.000,00;BRL;1;0;0;2;64.000,00;2;64.000,00;1;ZF 1302603;64.000,00;0
4500144981;160;4600003141;270;1012848    SERTA TRANSFORMADORES IND. COM. IMP;NB;F;GAE;;03/02/2026;C0;404172;"CONJ MEDICAO 15KV; 70:1; 100-5A; USO EXT";MC22104;;;;CDFL;INVT;11;UN;11;UN;30.500,00;BRL;1;0;0;11;335.500,00;11;335.500,00;1;ZF 1302603;335.500,00;0
4500144981;170;4600003141;280;1012848    SERTA TRANSFORMADORES IND. COM. IMP;NB;F;GAE;;03/02/2026;C0;404159;"CONJ MEDICAO 15KV; 70:1; 5-5A; USO EXT";MC22104;;;;CDFL;INVT;45;UN;45;UN;30.500,00;BRL;1;0;0;45;1.372.500,00;45;1.372.500,00;1;ZF 1302603;1.372.500,00;0
4500144981;180;4600003141;290;1012848    SERTA TRANSFORMADORES IND. COM. IMP;NB;F;GAE;;03/02/2026;C0;404160;"CONJ MEDICAO 15KV; 70:1; 10-5A; USO EXT";MC22104;;;;CDFL;INVT;43;UN;43;UN;30.500,00;BRL;1;0;0;43;1.311.500,00;43;1.311.500,00;1;ZF 1302603;1.311.500,00;0
4500144981;190;4600003141;300;1012848    SERTA TRANSFORMADORES IND. COM. IMP;NB;F;GAE;;03/02/2026;C0;404166;"CONJ MEDICAO 15KV; 70:1; 50-5A; USO EXT";MC22104;;;;CDFL;INVT;15;UN;15;UN;30.500,00;BRL;1;0;0;15;457.500,00;15;457.500,00;1;ZF 1302603;457.500,00;0
4500144981;200;4600003141;310;1012848    SERTA TRANSFORMADORES IND. COM. IMP;NB;F;GAE;;03/02/2026;C0;404167;"CONJ MEDICAO 15KV; 70:1; 75-5A; USO EXT";MC22104;;;;CDFL;INVT;20;UN;20;UN;30.500,00;BRL;1;0;0;20;610.000,00;20;610.000,00;1;ZF 1302603;610.000,00;0
4500144981;210;4600003141;320;1012848    SERTA TRANSFORMADORES IND. COM. IMP;NB;F;GAE;;03/02/2026;C0;404162;"CONJ MEDICAO 15KV; 70:1; 20-5A; USO EXT";MC22104;;;;CDFL;INVT;24;UN;24;UN;30.500,00;BRL;1;0;0;24;732.000,00;24;732.000,00;1;ZF 1302603;732.000,00;0
4500147200;10;4600003494;10;1012974    FRONTEC INDUSTRIA DE COMPONENTES DE;NB;F;GAE;;20/02/2026;C1;410177;ABRACADEIRA AÇO INOX 304 – 362X7,90MM;MC02901;;;;CDFL;INVT;6.400;UN;6.400;UN;1,72;BRL;1;0;0;0;0,00;0;0,00;1;ZF 1302603;11.011,20;6.400
4500147679;10;4600003494;10;1012974    FRONTEC INDUSTRIA DE COMPONENTES DE;NB;F;GAE;;26/02/2026;C1;410177;ABRACADEIRA AÇO INOX 304 – 362X7,90MM;MC02901;;;;CDFL;INVT;6.800;UN;6.800;UN;1,72;BRL;1;0;0;0;0,00;0;0,00;1;ZF 1302603;11.699,40;6.800
4500147685;10;4600003165;100;1012974    FRONTEC INDUSTRIA DE COMPONENTES DE;NB;F;GAE;;26/02/2026;C1;403602;ABRACADEIRA PLAS UV 525X8,90MM TRI;MC02901;;;;CDFL;INVT;40.000;UN;40.000;UN;0,99;BRL;1;0;0;0;0,00;0;0,00;1;ZF 1302603;39.432,00;40.000
4500147685;20;4600003165;110;1012974    FRONTEC INDUSTRIA DE COMPONENTES DE;NB;F;GAE;;26/02/2026;C1;403499;ABRACADEIRA PLAS 300 X 4,80MM;MC02901;;;;CDFL;INVT;55.500;UN;55.500;UN;0,15;BRL;1;0;0;0;0,00;0;0,00;1;ZF 1302603;8.258,40;55.500
4500147685;30;4600003165;120;1012974    FRONTEC INDUSTRIA DE COMPONENTES DE;NB;F;GAE;;26/02/2026;C1;803129;ABRACADEIRA NYLON 5MMX300MM;MC02901;;;;CDFL;CUST;400;UN;400;UN;0,33;BRL;1;0;0;0;0,00;0;0,00;1;ZF 1302603;133,92;400
4500148303;10;4600003494;10;1012974    FRONTEC INDUSTRIA DE COMPONENTES DE;NB;F;GAE;;06/03/2026;C1;410177;ABRACADEIRA AÇO INOX 304 – 362X7,90MM;MC02901;;;;CDFL;INVT;23.300;UN;23.300;UN;1,72;BRL;1;0;0;0;0,00;0;0,00;1;ZF 1302603;40.087,65;23.300
4500150121;10;;0;1012974    FRONTEC INDUSTRIA DE COMPONENTES DE;NB;F;A13;;23/03/2026;C1;403499;ABRACADEIRA PLAS 300 X 4,80MM;MC02901;;;;CDFL;INVT;210.400;UN;210.400;UN;0,15;BRL;1;0;0;0;0,00;0;0,00;1;ZF 1302603;31.307,52;210.400
4500150121;20;;0;1012974    FRONTEC INDUSTRIA DE COMPONENTES DE;NB;F;A13;;23/03/2026;C1;403602;ABRACADEIRA PLAS UV 525X8,90MM TRI;MC02901;;;;CDFL;INVT;113.300;UN;113.300;UN;0,49;BRL;1;0;0;0;0,00;0;0,00;1;ZF 1302603;55.845,57;113.300
4500150391;20;4600003494;10;1012974    FRONTEC INDUSTRIA DE COMPONENTES DE;NB;F;GAE;;06/04/2026;C1;410177;ABRACADEIRA AÇO INOX 304 – 362X7,90MM;MC02901;;;;CDFL;INVT;52.600;UN;52.600;UN;1,72;BRL;1;0;0;30.600;52.647,30;30.600;52.647,30;1;ZF 1302603;90.498,30;22.000
4500153539;10;4600003580;130;1012974    FRONTEC INDUSTRIA DE COMPONENTES DE;NB;F;A13;;13/05/2026;C1;403499;ABRACADEIRA PLAS 300 X 4,80MM;MC02901;;;;CDFL;INVT;55.000;UN;55.000;UN;0,15;BRL;1;0;0;55.000;8.184,00;55.000;8.184,00;1;ZF 1302603;8.184,00;0
4500153539;20;4600003580;140;1012974    FRONTEC INDUSTRIA DE COMPONENTES DE;NB;F;A13;;13/05/2026;C1;403602;ABRACADEIRA PLAS UV 525X8,90MM TRI;MC02901;;;;CDFL;INVT;25.000;UN;25.000;UN;0,49;BRL;1;0;0;25.000;12.322,50;25.000;12.322,50;1;ZF 1302603;12.322,50;0
4500153539;30;4600003580;80;1012974    FRONTEC INDUSTRIA DE COMPONENTES DE;NB;F;A13;;13/05/2026;C1;803129;ABRACADEIRA NYLON 5MMX300MM;MC02901;;;;CDFL;CUST;500;UN;500;UN;0,33;BRL;1;0;0;500;167,40;500;167,40;1;ZF 1302603;167,40;0
4500153539;40;4600003580;90;1012974    FRONTEC INDUSTRIA DE COMPONENTES DE;NB;F;A13;;13/05/2026;C1;804125;ABRACADEIRA NYLON 2,5MMX144MM;MC02901;;;;CDFL;CUST;500;UN;500;UN;0,04;BRL;1;0;0;500;18,60;500;18,60;1;ZF 1302603;18,60;0
4500153539;50;4600003580;100;1012974    FRONTEC INDUSTRIA DE COMPONENTES DE;NB;F;A13;;13/05/2026;C1;803128;ABRACADEIRA NYLON 150MMX3,5MM;MC02901;;;;CDFL;CUST;500;UN;500;UN;0,06;BRL;1;0;0;500;27,90;500;27,90;1;ZF 1302603;27,90;0
4500153539;60;4600003580;110;1012974    FRONTEC INDUSTRIA DE COMPONENTES DE;NB;F;A13;;13/05/2026;C1;802301;ABRACADEIRA NYLON 2,5MMX108MM;MC01301;;;;CDFL;CUST;500;UN;500;UN;0,02;BRL;1;0;0;500;9,30;500;9,30;1;ZF 1302603;9,30;0
4500153539;70;4600003580;120;1012974    FRONTEC INDUSTRIA DE COMPONENTES DE;NB;F;A13;;13/05/2026;C1;803225;ABRACADEIRA NYLON 2,8MMX240MM;MC02901;;;;CDFL;CUST;500;UN;500;UN;0,07;BRL;1;0;0;500;37,20;500;37,20;1;ZF 1302603;37,20;0
4500147281;10;;0;1013036    ISOPOWER INDUSTRIA E COMERCIO DE PR;NB;F;GAE;;20/02/2026;C1;408995;GRAMPO ANCOR UNIVERSAL 35MM2 A 185MM2;MC12002;;;;CDFL;INVT;1.138;UN;1.138;UN;20,41;BRL;1;0;0;1.138;23.230,56;1.138;23.230,56;1;ZF 1302603;23.230,56;0
4500155601;10;4600003641;40;1013273    CERAMICA SANTA TEREZINHA SOCIEDADE;NB;F;GAE;;21/05/2026;C1;401711;ISOLADOR PINO PORC 15KV 102MM 1350KGF;MC10902;;;;CDFL;INVT;6.000;UN;6.000;UN;22,32;BRL;1;0;0;6.000;133.920,00;6.000;133.920,00;1;ZF 1302603;133.920,00;0
4500155601;20;4600003641;50;1013273    CERAMICA SANTA TEREZINHA SOCIEDADE;NB;F;GAE;;21/05/2026;C1;800100;ISOLADOR PINO PORC 15KV 102MM 1350KGF;MC10902;;;;CDFL;CUST;1.000;UN;1.000;UN;22,32;BRL;1;0;0;1.000;22.320,00;1.000;22.320,00;1;ZF 1302603;22.320,00;0
4500155601;30;4600003641;40;1013273    CERAMICA SANTA TEREZINHA SOCIEDADE;NB;F;GAE;;21/05/2026;C1;401711;ISOLADOR PINO PORC 15KV 102MM 1350KGF;MC10902;;;;CDFL;INVT;4.000;UN;4.000;UN;22,32;BRL;1;0;0;4.000;89.280,00;4.000;89.280,00;1;ZF 1302603;89.280,00;0
4500155601;40;4600003641;50;1013273    CERAMICA SANTA TEREZINHA SOCIEDADE;NB;F;GAE;;21/05/2026;C1;800100;ISOLADOR PINO PORC 15KV 102MM 1350KGF;MC10902;;;;CDFL;CUST;2.000;UN;2.000;UN;22,32;BRL;1;0;0;2.000;44.640,00;2.000;44.640,00;1;ZF 1302603;44.640,00;0
4500148066;10;4600003500;10;1013808    PREFORMAX DO BRASIL LTDA;NB;F;A03;;03/03/2026;C1;403804;ALCA PREFORM 6,4MM 1/4P AM 635MM;MC11001;;;;CDFL;INVT;1.300;UN;1.300;UN;5,49;BRL;1;0;0;0;0,00;0;0,00;1;ZF 1302603;7.133,10;1.300
4500148096;10;4600003517;20;1013808    PREFORMAX DO BRASIL LTDA;NB;F;A03;;04/03/2026;C1;400359;ALCA PREFORM ESTAI 3/8P 9,5MM 889MM;MC11001;;;;CDFL;INVT;963;UN;963;UN;16,09;BRL;1;0;0;0;0,00;0;0,00;1;ZF 1302603;15.493,71;963
4500148096;30;4600003517;40;1013808    PREFORMAX DO BRASIL LTDA;NB;F;A03;;04/03/2026;C1;403647;ALCA PREFORM CABO CONC 3X95 +70;MC11001;;;;CDFL;INVT;6.930;UN;6.930;UN;31,89;BRL;1;0;0;0;0,00;0;0,00;1;ZF 1302603;220.995,62;6.930
4500148096;40;4600003517;50;1013808    PREFORMAX DO BRASIL LTDA;NB;F;A03;;04/03/2026;C1;410047;ALCA PREFORM CABO CONC  2X25 + 25;MC11001;;;;CDFL;INVT;6.234;UN;6.234;UN;7,33;BRL;1;0;0;0;0,00;0;0,00;1;ZF 1302603;45.685,25;6.234
4500148096;50;4600003517;60;1013808    PREFORMAX DO BRASIL LTDA;NB;F;A03;;04/03/2026;C1;403580;ALCA PREFORM CABO CONC 3X35 + 35;MC11001;;;;CDFL;INVT;6.162;UN;6.162;UN;12,42;BRL;1;0;0;0;0,00;0;0,00;1;ZF 1302603;76.561,62;6.162
4500148096;60;4600003517;70;1013808    PREFORMAX DO BRASIL LTDA;NB;F;A03;;04/03/2026;C1;403675;ALCA PREFORM CABO CONC  3X25 + 25;MC11001;;;;CDFL;INVT;7.675;UN;7.675;UN;7,69;BRL;1;0;0;0;0,00;0;0,00;1;ZF 1302603;59.029,19;7.675
4500148096;70;4600003517;80;1013808    PREFORMAX DO BRASIL LTDA;NB;F;A03;;04/03/2026;C1;802405;ALCA PREFORM 6,4MM 1/4P AM 635MM;MC11001;;;;CDFL;CUST;85;UN;85;UN;5,77;BRL;1;0;0;0;0,00;0;0,00;1;ZF 1302603;490,11;85
4500148914;10;4600003500;20;1013808    PREFORMAX DO BRASIL LTDA;NB;F;A03;;11/03/2026;C1;403804;ALCA PREFORM 6,4MM 1/4P AM 635MM;MC11001;;;;CDFL;INVT;8.994;UN;8.994;UN;5,49;BRL;1;0;0;0;0,00;0;0,00;1;ZF 1302603;49.350,08;8.994
4500150248;10;4600003517;90;1013808    PREFORMAX DO BRASIL LTDA;NB;F;GAE;;27/03/2026;C1;403804;ALCA PREFORM 6,4MM 1/4P AM 635MM;MC11001;;;;CDFL;INVT;2.029;UN;2.029;UN;5,49;BRL;1;0;0;0;0,00;0;0,00;1;ZF 1302603;11.133,12;2.029
4500150248;20;4600003517;100;1013808    PREFORMAX DO BRASIL LTDA;NB;F;GAE;;27/03/2026;C1;403647;ALCA PREFORM CABO CONC 3X95 +70;MC11001;;;;CDFL;INVT;122;UN;122;UN;31,89;BRL;1;0;0;0;0,00;0;0,00;1;ZF 1302603;3.890,54;122
4500150248;30;4600003517;110;1013808    PREFORMAX DO BRASIL LTDA;NB;F;GAE;;27/03/2026;C1;410047;ALCA PREFORM CABO CONC  2X25 + 25;MC11001;;;;CDFL;INVT;1.856;UN;1.856;UN;7,33;BRL;1;0;0;0;0,00;0;0,00;1;ZF 1302603;13.601,51;1.856
4500150248;40;4600003517;120;1013808    PREFORMAX DO BRASIL LTDA;NB;F;GAE;;27/03/2026;C1;403580;ALCA PREFORM CABO CONC 3X35 + 35;MC11001;;;;CDFL;INVT;6.609;UN;6.609;UN;12,42;BRL;1;0;0;0;0,00;0;0,00;1;ZF 1302603;82.115,50;6.609
4500153556;10;4600003517;130;1013808    PREFORMAX DO BRASIL LTDA;NB;F;GAE;;13/05/2026;C1;403580;ALCA PREFORM CABO CONC 3X35 + 35;MC11001;;;;CDFL;INVT;7.064;UN;7.064;UN;12,42;BRL;1;0;0;7.064;87.768,79;7.064;87.768,79;1;ZF 1302603;87.768,79;0
4500153556;20;4600003517;140;1013808    PREFORMAX DO BRASIL LTDA;NB;F;GAE;;13/05/2026;C1;403647;ALCA PREFORM CABO CONC 3X95 +70;MC11001;;;;CDFL;INVT;11.337;UN;11.337;UN;31,89;BRL;1;0;0;11.337;361.533,53;11.337;361.533,53;1;ZF 1302603;361.533,53;0
4500153556;30;4600003517;150;1013808    PREFORMAX DO BRASIL LTDA;NB;F;GAE;;13/05/2026;C1;401753;ALCA PREFORM DIST CAA/CA 1/0AWG 50MM2;MC11001;;;;CDFL;INVT;462;UN;462;UN;6,79;BRL;1;0;0;462;3.136,52;462;3.136,52;1;ZF 1302603;3.136,52;0
4500153556;40;4600003517;160;1013808    PREFORMAX DO BRASIL LTDA;NB;F;GAE;;13/05/2026;C1;410047;ALCA PREFORM CABO CONC  2X25 + 25;MC11001;;;;CDFL;INVT;8.595;UN;8.595;UN;7,33;BRL;1;0;0;8.595;62.987,60;8.595;62.987,60;1;ZF 1302603;62.987,60;0
4500153556;50;4600003517;170;1013808    PREFORMAX DO BRASIL LTDA;NB;F;GAE;;13/05/2026;C1;403675;ALCA PREFORM CABO CONC  3X25 + 25;MC11001;;;;CDFL;INVT;24.669;UN;24.669;UN;7,69;BRL;1;0;0;24.669;189.731,75;24.669;189.731,75;1;ZF 1302603;189.731,75;0
4500153556;60;4600003517;180;1013808    PREFORMAX DO BRASIL LTDA;NB;F;GAE;;13/05/2026;C1;400359;ALCA PREFORM ESTAI 3/8P 9,5MM 889MM;MC11001;;;;CDFL;INVT;782;UN;782;UN;16,09;BRL;1;0;0;782;12.581,60;782;12.581,60;1;ZF 1302603;12.581,60;0
4500153556;70;4600003517;190;1013808    PREFORMAX DO BRASIL LTDA;NB;F;GAE;;13/05/2026;C1;800228;ALCA PREFORM DIST CAA/CA 1/0AWG 50MM2;MC11001;;;;CDFL;CUST;339;UN;339;UN;6,79;BRL;1;0;0;339;2.301,47;339;2.301,47;1;ZF 1302603;2.301,47;0
4500154443;10;4600003611;120;1013808    PREFORMAX DO BRASIL LTDA;NB;F;GAE;;18/05/2026;C1;410048;ALCA PREFORM CABO CONC  2X35 + 35;MC11001;;;;CDFL;INVT;1.680;UN;1.680;UN;12,56;BRL;1;0;0;1.680;21.092,40;1.680;21.092,40;1;ZF 1302603;21.092,40;0
4500154443;20;4600003611;130;1013808    PREFORMAX DO BRASIL LTDA;NB;F;GAE;;18/05/2026;C1;803368;EMENDA PREF COND AL 1/0 AWG 965MM;MC10701;;;;CDFL;CUST;842;UN;842;UN;26,00;BRL;1;0;0;842;21.894,36;842;21.894,36;1;ZF 1302603;21.894,36;0
4500154443;30;4600003611;160;1013808    PREFORMAX DO BRASIL LTDA;NB;F;GAE;;18/05/2026;C1;800794;ALCA PREFORM CA/CAA 2AWG 6/1P 2AWG 625MM;MC11001;;;;CDFL;CUST;4.881;UN;4.881;UN;4,01;BRL;1;0;0;4.881;19.564,51;4.881;19.564,51;1;ZF 1302603;19.564,51;0
4500154443;40;4600003611;170;1013808    PREFORMAX DO BRASIL LTDA;NB;F;GAE;;18/05/2026;C1;402286;ALCA PREFORM DIST 2AWG 33,63MM2 660MM;MC11001;;;;CDFL;INVT;2.550;UN;2.550;UN;4,01;BRL;1;0;0;2.550;10.221,16;2.550;10.221,16;1;ZF 1302603;10.221,16;0
4500154443;50;4600003611;140;1013808    PREFORMAX DO BRASIL LTDA;NB;F;GAE;;18/05/2026;C1;410045;ALCA PREFORM CABO CONC  1X25+25;MC11001;;;;CDFL;INVT;432;UN;432;UN;2,60;BRL;1;0;0;432;1.124,93;432;1.124,93;1;ZF 1302603;1.124,93;0
4500154443;60;4600003611;150;1013808    PREFORMAX DO BRASIL LTDA;NB;F;GAE;;18/05/2026;C1;410049;ALCA PREFORM 95MM2;MC11001;;;;CDFL;INVT;331;UN;331;UN;12,56;BRL;1;0;0;331;4.158,78;331;4.158,78;1;ZF 1302603;4.158,78;0
4500152896;10;;0;1014316    DISBRAL DISTRIBUIDORA BRASILEIRA LT;ZCDR;F;A14;;30/04/2026;C0;110159;CLIPE PAPEL AC NIQ TAM 6/0;MC02301;;;;CDFL;CUST;6;CX;6;CX;2,35;BRL;1;0;0;6;14,10;6;14,10;1;ZF 1302603;14,10;0
4500152896;20;;0;1014316    DISBRAL DISTRIBUIDORA BRASILEIRA LT;ZCDR;F;A14;;30/04/2026;CA;805642;FLANELA LIMPEZA BORDA CHUL AM 330X580MM;MC01901;;;;CDFL;CUST;60;UN;60;UN;2,24;BRL;1;0;0;0;0,00;0;0,00;1;ZF 1302603;134,40;60
4500152896;30;;0;1014316    DISBRAL DISTRIBUIDORA BRASILEIRA LT;ZCDR;F;A14;;30/04/2026;C0;112910;CANETA ESFER VERMELHA 1MM EMB C/50UN;MC02301;;;;CDFL;CUST;50;UN;50;UN;0,46;BRL;1;0;0;50;23,00;50;23,00;1;ZF 1302603;23,00;0
4500152896;40;;0;1014316    DISBRAL DISTRIBUIDORA BRASILEIRA LT;ZCDR;F;A14;;30/04/2026;CA;112109;LAPIS;MC02301;;;;CDFL;CUST;1;CX;1;CX;26,20;BRL;1;0;0;0;0,00;0;0,00;1;ZF 1302603;26,20;1
4500152896;50;;0;1014316    DISBRAL DISTRIBUIDORA BRASILEIRA LT;ZCDR;F;A14;;30/04/2026;CA;110516;PRENDEDOR PAPEL AI 51MM 100FL;MC02301;;;;CDFL;CUST;1;UN;1;UN;12,76;BRL;1;0;0;0;0,00;0;0,00;1;ZF 1302603;12,76;1
4500152896;60;;0;1014316    DISBRAL DISTRIBUIDORA BRASILEIRA LT;ZCDR;F;A14;;30/04/2026;CA;110097;APONTADOR LAPIS, COM DEPOSITO;MC02301;;;;CDFL;CUST;5;UN;5;UN;0,85;BRL;1;0;0;0;0,00;0;0,00;1;ZF 1302603;4,23;5
4500145339;10;4600003164;10;1014880    ANDRA S A ELECTRIC SOLUTIONS;NB;F;A14;;09/02/2026;C1;402587;FITA ISOL EPR 0,76X19MM 10M PT;MC10903;;;;CDFL;INVT;1.521;UN;1.521;UN;24,18;BRL;1;0;0;0;0,00;0;0,00;1;ZF 1302603;36.777,78;1.521
4500145339;20;4600003164;20;1014880    ANDRA S A ELECTRIC SOLUTIONS;NB;F;A14;;09/02/2026;C1;800344;FITA ISOL EPR 0,76X19MM 10M PT;MC10903;;;;CDFL;CUST;1.380;UN;1.380;UN;24,18;BRL;1;0;0;0;0,00;0;0,00;1;ZF 1302603;33.368,40;1.380
4500145339;30;4600003164;30;1014880    ANDRA S A ELECTRIC SOLUTIONS;NB;F;A14;;09/02/2026;C1;800852;FITA ISOLANTE ELET PVC 19X0,19MM 20M PT;MC10903;;;;CDFL;CUST;1.155;UN;1.155;UN;20,12;BRL;1;0;0;0;0,00;0;0,00;1;ZF 1302603;23.233,86;1.155
4500147933;10;;0;1014880    ANDRA S A ELECTRIC SOLUTIONS;ZCDR;F;GAE;;03/03/2026;C1;410200; CONECTOR COMP TIPO H 95-95;MC12002;;;;CDFL;INVT;2.820;UN;2.820;UN;9,77;BRL;1;0;0;0;0,00;0;0,00;1;ZF 1302603;27.537,30;2.820
4500150739;10;;0;1015558    BUNZL EQUIPAMENTOS PARA PROTECAO IN;ZCDR;F;GAE;;08/04/2026;CA;120170;CAPACETE SEG ABA FRONT B BR PEAD;MC01204;;;;CDFL;;50;UN;50;UN;41,84;BRL;1;0;0;0;0,00;0;0,00;1;ZF 1302603;2.092,00;50
4500150739;20;;0;1015558    BUNZL EQUIPAMENTOS PARA PROTECAO IN;ZCDR;F;GAE;;08/04/2026;CA;120114;CARNEIRA AJUST PEBD CZ;MC01204;;;;CDFL;;30;UN;30;UN;22,08;BRL;1;0;0;0;0,00;0;0,00;1;ZF 1302603;662,40;30
4500148670;10;;0;1016114    B A ELETRICA LTDA;NB;F;GAE;;11/03/2026;C0;402331;BRACO C/GRAMPO SUSPE SECU 500DAN;MC12002;;;;CDFL;INVT;303;UN;303;UN;53,95;BRL;1;0;0;0;0,00;0;0,00;1;ZF 1302603;16.346,85;303
4500152607;10;;0;1016114    B A ELETRICA LTDA;ZCDR;F;GAE;;24/04/2026;C0;400930;PARAFUSO CAB ABA AC 10MM 115MM;MC01301;;;;CDFL;INVT;1.103;UN;1.103;UN;2,81;BRL;1;0;0;0;0,00;0;0,00;1;ZF 1302603;3.099,43;1.103
4500152607;20;;0;1016114    B A ELETRICA LTDA;ZCDR;F;GAE;;24/04/2026;C0;801064;PARAFUSO CAB ABA AC 10MM 115MM;MC01301;;;;CDFL;CUST;621;UN;621;UN;2,81;BRL;1;0;0;0;0,00;0;0,00;1;ZF 1302603;1.745,01;621
4500152895;30;;0;1016114    B A ELETRICA LTDA;ZCDR;F;A14;;30/04/2026;C0;805643;DISCOLIXA 115D P036 283C 3M 634;MC01401;;;;CDFL;CUST;360;UN;360;UN;3,91;BRL;1;0;0;360;1.407,60;360;1.407,60;1;ZF 1302603;1.407,60;0
4500152895;40;;0;1016114    B A ELETRICA LTDA;ZCDR;F;A14;;30/04/2026;C0;804471;TRENA FINA FIBRA 50 M;MC20802;;;;CDFL;CUST;2;UN;2;UN;69,02;BRL;1;0;0;2;138,04;2;138,04;1;ZF 1302603;138,04;0
4500152895;50;;0;1016114    B A ELETRICA LTDA;ZCDR;F;A14;;30/04/2026;CA;804904;TRENA ANALOGICA DE RODA 10KM;MC20802;;;;CDFL;CUST;2;UN;2;UN;191,76;BRL;1;0;0;0;0,00;0;0,00;1;ZF 1302603;383,52;2
4500153200;10;;0;1016114    B A ELETRICA LTDA;ZCDR;F;A14;;05/05/2026;C0;401465;CONECTOR PERF AL 16-120MM2 / 16-120MM2;MC12002;;;;CDFL;INVT;1.000;UN;1.000;UN;20,00;BRL;1;0;0;51;1.020,00;51;1.020,00;1;ZF 1302603;20.000,00;949
4500153201;10;;0;1016114    B A ELETRICA LTDA;ZCDR;F;A14;;05/05/2026;C0;401465;CONECTOR PERF AL 16-120MM2 / 16-120MM2;MC12002;;;;CDFL;INVT;785;UN;785;UN;25,47;BRL;1;0;0;0;0,00;0;0,00;1;ZF 1302603;19.993,95;785
4500153558;10;;0;1016114    B A ELETRICA LTDA;ZCDR;F;GAE;;13/05/2026;CA;120254;CALÇADO DE SEG. BOTINA C/C N37;MC01213;;;;CDFL;CUST;10;PAR;10;PAR;91,80;BRL;1;0;0;0;0,00;0;0,00;1;ZF 1302603;918,00;10
4500153558;20;;0;1016114    B A ELETRICA LTDA;ZCDR;F;GAE;;13/05/2026;CA;120255;CALÇADO DE SEG. BOTINA C/C N38;MC01213;;;;CDFL;CUST;15;PAR;15;PAR;91,80;BRL;1;0;0;0;0,00;0;0,00;1;ZF 1302603;1.377,00;15
4500153558;30;;0;1016114    B A ELETRICA LTDA;ZCDR;F;GAE;;13/05/2026;CA;120107;CALÇADO DE SEG. BOTINA C/C N39;MC01213;;;;CDFL;CUST;35;PAR;35;PAR;91,80;BRL;1;0;0;0;0,00;0;0,00;1;ZF 1302603;3.213,00;35
4500153558;40;;0;1016114    B A ELETRICA LTDA;ZCDR;F;GAE;;13/05/2026;CA;120110;CALÇADO DE SEG. BOTINA C/C N40;MC01213;;;;CDFL;CUST;60;PAR;60;PAR;91,80;BRL;1;0;0;0;0,00;0;0,00;1;ZF 1302603;5.508,00;60
4500153558;50;;0;1016114    B A ELETRICA LTDA;ZCDR;F;GAE;;13/05/2026;CA;120136;CALÇADO DE SEG. BOTINA C/C N41;MC01213;;;;CDFL;CUST;75;PAR;75;PAR;91,80;BRL;1;0;0;0;0,00;0;0,00;1;ZF 1302603;6.885,00;75
4500153558;60;;0;1016114    B A ELETRICA LTDA;ZCDR;F;GAE;;13/05/2026;CA;120050;CALÇADO DE SEG. BOTINA C/C N42;MC01213;;;;CDFL;CUST;70;PAR;70;PAR;91,80;BRL;1;0;0;0;0,00;0;0,00;1;ZF 1302603;6.426,00;70
4500153558;70;;0;1016114    B A ELETRICA LTDA;ZCDR;F;GAE;;13/05/2026;CA;120167;CALÇADO DE SEG. BOTINA C/C N43;MC01213;;;;CDFL;CUST;30;PAR;30;PAR;91,80;BRL;1;0;0;0;0,00;0;0,00;1;ZF 1302603;2.754,00;30
4500153558;80;;0;1016114    B A ELETRICA LTDA;ZCDR;F;GAE;;13/05/2026;CA;120118;CALÇADO DE SEG. BOTINA C/C N44;MC01213;;;;CDFL;CUST;5;PAR;5;PAR;91,80;BRL;1;0;0;0;0,00;0;0,00;1;ZF 1302603;459,00;5
4500155604;10;;0;1016114    B A ELETRICA LTDA;ZCDR;F;GAE;;22/05/2026;C0;401465;CONECTOR PERF AL 16-120MM2 / 16-120MM2;MC12002;;;;CDFL;INVT;500;UN;500;UN;25,47;BRL;1;0;0;0;0,00;0;0,00;1;ZF 1302603;12.735,00;500
4500155720;10;;0;1016114    B A ELETRICA LTDA;ZCDR;F;GAE;;25/05/2026;C0;802205;LAMPADA LED BULBO;MC02201;;;;CDFL;CUST;60;UN;60;UN;2,04;BRL;1;0;0;60;122,40;60;122,40;1;ZF 1302603;122,40;0
4500155780;10;;0;1016114    B A ELETRICA LTDA;ZCDR;F;A14;;27/05/2026;C0;800100;ISOLADOR PINO PORC 15KV 102MM 1350KGF;MC10902;;;;CDFL;CUST;513;UN;513;UN;38,95;BRL;1;0;0;0;0,00;0;0,00;1;ZF 1302603;19.981,35;513
4500155781;10;;0;1016114    B A ELETRICA LTDA;ZCDR;F;A14;;27/05/2026;C0;401711;ISOLADOR PINO PORC 15KV 102MM 1350KGF;MC10902;;;;CDFL;INVT;513;UN;513;UN;38,95;BRL;1;0;0;0;0,00;0;0,00;1;ZF 1302603;19.981,35;513
4500156189;10;;0;1016114    B A ELETRICA LTDA;ZCDR;F;GAE;;01/06/2026;C0;802145;LIMPA CONTATO SPRAY 300ML;MC01901;;;;CDFL;CUST;59;UN;59;UN;12,71;BRL;1;0;0;59;749,89;59;749,89;1;ZF 1302603;749,89;0
4500156189;20;;0;1016114    B A ELETRICA LTDA;ZCDR;F;GAE;;01/06/2026;C0;802167;SELANTE ADESIVO SIL INC 300ML;MC02201;;;;CDFL;CUST;30;UN;30;UN;19,55;BRL;1;0;0;30;586,50;30;586,50;1;ZF 1302603;586,50;0
4500156189;30;;0;1016114    B A ELETRICA LTDA;ZCDR;F;GAE;;01/06/2026;S0;805525;DISCO DESBASTE 115X22MM FLAP GRAO 60;MC01401;;;;CDFL;CUST;100;UN;100;UN;3,23;BRL;1;0;0;100;323,00;100;323,00;1;ZF 1302603;323,00;0
4500151493;10;;0;1018865    KAMILA DA S SOARES LTDA;ZCDR;F;GAE;;14/04/2026;S0;805492;CHICOTE DE 2 VIAS FIO 4MM;MC25001;;;;CDFL;CUST;40;UN;40;UN;12,00;BRL;1;0;0;40;480,00;40;480,00;1;ZF 1302603;480,00;0
4500145805;10;4600003135;30;1018867    JCARVALHO CABOS LTDA;NB;F;A15;;11/02/2026;C1;401823;CORDOALHA AC 6,3MM 1/4P 7F;MC10001;;;;CDFL;INVT;2.500;KG;2.500;KG;22,92;BRL;1;0;0;0;0,00;0;0,00;1;ZF 1302603;57.311,25;2.500
4500149141;10;;0;1018867    JCARVALHO CABOS LTDA;NB;F;GAE;;12/03/2026;C1;401823;CORDOALHA AC 6,3MM 1/4P 7F;MC10001;;;;CDFL;INVT;13.000;KG;13.000;KG;22,92;BRL;1;0;0;0;0,00;0;0,00;1;ZF 1302603;298.018,50;13.000
4500152915;10;4600003585;60;1018867    JCARVALHO CABOS LTDA;NB;F;GAE;;30/04/2026;C1;401036;CORDOALHA AC 9,5MM 3/8P 7F 4900DAN;MC10001;;;;CDFL;INVT;20.264;KG;20.264;KG;15,86;BRL;1;0;0;20.264;321.316,12;20.264;321.316,12;1;ZF 1302603;321.316,12;0
4500152915;20;4600003585;70;1018867    JCARVALHO CABOS LTDA;NB;F;GAE;;30/04/2026;C1;801316;CORDOALHA AC 9,5MM 3/8P 7F 4900DAN;MC10001;;;;CDFL;CUST;300;KG;300;KG;15,86;BRL;1;0;0;300;4.756,95;300;4.756,95;1;ZF 1302603;4.756,95;0
4500152915;30;4600003585;80;1018867    JCARVALHO CABOS LTDA;NB;F;GAE;;30/04/2026;C1;401823;CORDOALHA AC 6,3MM 1/4P 7F;MC10001;;;;CDFL;INVT;33.732;KG;33.732;KG;18,00;BRL;1;0;0;33.732;607.024,21;33.732;607.024,21;1;ZF 1302603;607.024,21;0
4500152915;40;4600003585;90;1018867    JCARVALHO CABOS LTDA;NB;F;GAE;;30/04/2026;C1;800327;CORDOALHA AC 6,3MM 1/4P 7F;MC10001;;;;CDFL;CUST;700;KG;700;KG;18,00;BRL;1;0;0;700;12.596,85;700;12.596,85;1;ZF 1302603;12.596,85;0
4500152915;50;4600003585;100;1018867    JCARVALHO CABOS LTDA;NB;F;GAE;;30/04/2026;C1;803659;CORDOALHA AC 7,94MM 5/16P 7F (EHS);MC10701;;;;CDFL;CUST;1.550;KG;1.550;KG;17,14;BRL;1;0;0;1.550;26.566,84;1.550;26.566,84;1;ZF 1302603;26.566,84;0
4500144973;10;4600003055;20;1020062    CROSSFOX COMERCIO;NB;F;A03;;03/02/2026;C1;404732;CONECTOR PERFUR 50-185MM MED TENSAO 15KV;MC10301;;;;CDFL;INVT;1.414;UN;1.414;UN;75,68;BRL;1;0;0;0;0,00;0;0,00;1;ZF 1302603;107.011,52;1.414
4500144973;20;4600003055;60;1020062    CROSSFOX COMERCIO;NB;F;A03;;03/02/2026;C1;800872;CONECTOR AUTO PERF DU 70-240 / 70-240MM2;MC12002;;;;CDFL;CUST;1.088;UN;1.088;UN;45,58;BRL;1;0;0;0;0,00;0;0,00;1;ZF 1302603;49.595,39;1.088
4500144973;30;4600003055;40;1020062    CROSSFOX COMERCIO;NB;F;A03;;03/02/2026;C1;803344;CONECTOR PERFUR 50-185MM MED TENSAO 15KV;MC10301;;;;CDFL;CUST;3.486;UN;3.486;UN;75,68;BRL;1;0;0;0;0,00;0;0,00;1;ZF 1302603;263.820,48;3.486
4500145290;10;4600003055;20;1020062    CROSSFOX COMERCIO;NB;F;A03;;09/02/2026;C1;404732;CONECTOR PERFUR 50-185MM MED TENSAO 15KV;MC10301;;;;CDFL;INVT;153;UN;153;UN;75,68;BRL;1;0;0;0;0,00;0;0,00;1;ZF 1302603;11.579,04;153
4500148053;10;4600003515;20;1020062    CROSSFOX COMERCIO;NB;F;A01;;03/03/2026;C1;400506;CONECTOR DER CU 13-34MM2;MC12002;;;;CDFL;INVT;1.000;UN;1.000;UN;8,36;BRL;1;0;0;0;0,00;0;0,00;1;ZF 1302603;8.360,00;1.000
4500148053;20;4600003515;30;1020062    CROSSFOX COMERCIO;NB;F;A01;;03/03/2026;C1;404732;CONECTOR PERFUR 50-185MM MED TENSAO 15KV;MC10301;;;;CDFL;INVT;2.000;UN;2.000;UN;75,68;BRL;1;0;0;0;0,00;0;0,00;1;ZF 1302603;151.360,00;2.000
4500148053;30;4600003515;40;1020062    CROSSFOX COMERCIO;NB;F;A01;;03/03/2026;C1;400790;CONECTOR ATERR REFORÇ HAST/CAB 5/8-35MM2;MC10301;;;;CDFL;INVT;5.500;UN;5.500;UN;11,62;BRL;1;0;0;5.500;63.888,00;5.500;63.888,00;1;ZF 1302603;63.888,00;0
4500148053;50;4600003515;60;1020062    CROSSFOX COMERCIO;NB;F;A01;;03/03/2026;C1;801215;CONECTOR DER CU 13-34MM2;MC12002;;;;CDFL;CUST;1.044;UN;1.044;UN;8,36;BRL;1;0;0;0;0,00;0;0,00;1;ZF 1302603;8.727,84;1.044
4500148053;60;4600003515;70;1020062    CROSSFOX COMERCIO;NB;F;A01;;03/03/2026;C1;400318;CONECTOR AUTO PERF 50-120/4-35MM2;MC12002;;;;CDFL;INVT;7.000;UN;7.000;UN;11,00;BRL;1;0;0;0;0,00;0;0,00;1;ZF 1302603;77.000,00;7.000
4500150195;10;4600003515;10;1020062    CROSSFOX COMERCIO;NB;F;A01;;25/03/2026;C1;401500;CONECTOR DER CUNHA AL 2/0AWG 4/0AWG;MC12002;;;;CDFL;INVT;582;UN;582;UN;13,90;BRL;1;0;0;0;0,00;0;0,00;1;ZF 1302603;8.092,13;582
4500150257;10;4600003515;30;1020062    CROSSFOX COMERCIO;NB;F;A01;;27/03/2026;C1;404732;CONECTOR PERFUR 50-185MM MED TENSAO 15KV;MC10301;;;;CDFL;INVT;4.000;UN;4.000;UN;75,68;BRL;1;0;0;0;0,00;0;0,00;1;ZF 1302603;302.720,00;4.000
4500151649;10;4600003515;20;1020062    CROSSFOX COMERCIO;NB;F;A01;;15/04/2026;C1;400506;CONECTOR DER CU 13-34MM2;MC12002;;;;CDFL;INVT;2.330;UN;2.330;UN;8,36;BRL;1;0;0;0;0,00;0;0,00;1;ZF 1302603;19.478,80;2.330
4500145810;10;4600003117;20;1020771    ELETRO EPI COMERCIO E DISTRIBUICAO;NB;F;A12;;11/02/2026;C1;409258;TERMINAL A COMP OLHAL BIMETALICO 150MM2;MC10401;;;;CDFL;INVT;100;UN;100;UN;42,87;BRL;1;0;0;0;0,00;0;0,00;1;ZF 1302603;4.287,30;100
4500145810;20;4600003117;30;1020771    ELETRO EPI COMERCIO E DISTRIBUICAO;NB;F;A12;;11/02/2026;C1;409259;TERMINAL A COMP OLHAL BIMETALICO 185MM2;MC10401;;;;CDFL;INVT;100;UN;100;UN;65,38;BRL;1;0;0;0;0,00;0;0,00;1;ZF 1302603;6.537,90;100
4500145810;30;4600003117;40;1020771    ELETRO EPI COMERCIO E DISTRIBUICAO;NB;F;A12;;11/02/2026;C1;409260;TERMINAL A COMP PARA BORNE PINO 95MM;MC10401;;;;CDFL;INVT;40;UN;40;UN;16,28;BRL;1;0;0;0;0,00;0;0,00;1;ZF 1302603;651,00;40
4500156080;10;;0;1020771    ELETRO EPI COMERCIO E DISTRIBUICAO;ZCDR;F;GAE;;29/05/2026;C1;804258;REFLETOR LED 400/500W BIVOLT IP67;MC01501;;;;CDFL;CUST;50;UN;50;UN;172,05;BRL;1;0;0;50;8.602,50;50;8.602,50;1;ZF 1302603;8.602,50;0
4500142861;10;4600002961;260;1021472    VOLTZ INDUSTRIA E COMERCIO DE MATER;NB;F;GAE;;15/01/2026;C0;402312;OLHAL PARAFUSO AC 16MM 5000DAN;MC10401;;;;CDFL;INVT;6.635;UN;6.635;UN;15,35;BRL;1;0;0;0;0,00;0;0,00;1;ZF 1302603;101.847,25;6.635
4500142861;20;4600002961;290;1021472    VOLTZ INDUSTRIA E COMERCIO DE MATER;NB;F;GAE;;15/01/2026;C0;400974;PORCA QUADRADA AC 16MM 2MM;MC01301;;;;CDFL;INVT;10.000;UN;10.000;UN;2,60;BRL;1;0;0;0;0,00;0;0,00;1;ZF 1302603;26.000,00;10.000
4500142962;10;4600003061;10;1021472    VOLTZ INDUSTRIA E COMERCIO DE MATER;NB;F;A03;;15/01/2026;C0;801047;ARRUELA LIS QD AC 17MM 11/16 57X57MM 5MM;MC01301;;;;CDFL;CUST;666;UN;666;UN;2,93;BRL;1;0;0;0;0,00;0;0,00;1;ZF 1302603;1.951,38;666
4500142962;20;4600003061;80;1021472    VOLTZ INDUSTRIA E COMERCIO DE MATER;NB;F;A03;;15/01/2026;C0;400193;PARAFUSO OLHAL AC 5/8P 20P;MC01301;;;;CDFL;INVT;927;UN;927;UN;29,86;BRL;1;0;0;0;0,00;0;0,00;1;ZF 1302603;27.680,22;927
4500142962;30;4600003061;100;1021472    VOLTZ INDUSTRIA E COMERCIO DE MATER;NB;F;A03;;15/01/2026;C0;402448;PARAFUSO OLH AC 5/8P 24P;MC01301;;;;CDFL;INVT;243;UN;243;UN;29,89;BRL;1;0;0;0;0,00;0;0,00;1;ZF 1302603;7.263,27;243
4500142962;40;4600003061;60;1021472    VOLTZ INDUSTRIA E COMERCIO DE MATER;NB;F;A03;;15/01/2026;C0;800528;PARAFUSO OLH AC 5/8P 650MM;MC01301;;;;CDFL;CUST;479;UN;479;UN;37,61;BRL;1;0;0;0;0,00;0;0,00;1;ZF 1302603;18.015,19;479
4500142962;50;4600003061;20;1021472    VOLTZ INDUSTRIA E COMERCIO DE MATER;NB;F;A03;;15/01/2026;C0;800982;PARAFUSO OLHAL AC 5/8P 20P;MC01301;;;;CDFL;CUST;1.284;UN;1.284;UN;29,86;BRL;1;0;0;0;0,00;0;0,00;1;ZF 1302603;38.340,24;1.284
4500142962;60;4600003061;50;1021472    VOLTZ INDUSTRIA E COMERCIO DE MATER;NB;F;A03;;15/01/2026;C0;801225;PARAFUSO OLH AC 5/8P 24P;MC01301;;;;CDFL;CUST;351;UN;351;UN;29,89;BRL;1;0;0;0;0,00;0;0,00;1;ZF 1302603;10.491,39;351
4500142962;70;4600003061;90;1021472    VOLTZ INDUSTRIA E COMERCIO DE MATER;NB;F;A03;;15/01/2026;C0;402401;PINO ISOLADOR POLIMERICO AC 15KV 200MM;MC10902;;;;CDFL;INVT;3.481;UN;3.481;UN;28,58;BRL;1;0;0;0;0,00;0;0,00;1;ZF 1302603;99.486,98;3.481
4500142962;80;4600003061;30;1021472    VOLTZ INDUSTRIA E COMERCIO DE MATER;NB;F;A03;;15/01/2026;C0;801164;PINO ISOLADOR POLIMERICO AC 15KV 200MM;MC10902;;;;CDFL;CUST;1.088;UN;1.088;UN;28,58;BRL;1;0;0;0;0,00;0;0,00;1;ZF 1302603;31.095,04;1.088
4500142962;90;4600003061;70;1021472    VOLTZ INDUSTRIA E COMERCIO DE MATER;NB;F;A03;;15/01/2026;C0;400827;ARRUELA LIS QD AC 17MM 11/16 57X57MM 5MM;MC01301;;;;CDFL;INVT;5.165;UN;5.165;UN;2,93;BRL;1;0;0;0;0,00;0;0,00;1;ZF 1302603;15.133,45;5.165
4500148260;10;4600003061;70;1021472    VOLTZ INDUSTRIA E COMERCIO DE MATER;NB;F;A03;;05/03/2026;C0;400827;ARRUELA LIS QD AC 17MM 11/16 57X57MM 5MM;MC01301;;;;CDFL;INVT;58.881;UN;58.881;UN;2,93;BRL;1;0;0;0;0,00;0;0,00;1;ZF 1302603;172.521,33;58.881
4500148260;20;4600003061;100;1021472    VOLTZ INDUSTRIA E COMERCIO DE MATER;NB;F;A03;;05/03/2026;C0;402448;PARAFUSO OLH AC 5/8P 24P;MC01301;;;;CDFL;INVT;120;UN;120;UN;29,89;BRL;1;0;0;0;0,00;0;0,00;1;ZF 1302603;3.586,80;120
4500148260;30;4600003061;90;1021472    VOLTZ INDUSTRIA E COMERCIO DE MATER;NB;F;A03;;05/03/2026;C0;402401;PINO ISOLADOR POLIMERICO AC 15KV 200MM;MC10902;;;;CDFL;INVT;1.027;UN;1.027;UN;28,58;BRL;1;0;0;514;14.690,12;514;14.690,12;1;ZF 1302603;29.351,66;513
4500148260;40;4600003061;10;1021472    VOLTZ INDUSTRIA E COMERCIO DE MATER;NB;F;A03;;05/03/2026;C0;801047;ARRUELA LIS QD AC 17MM 11/16 57X57MM 5MM;MC01301;;;;CDFL;CUST;6.703;UN;6.703;UN;2,93;BRL;1;0;0;0;0,00;0;0,00;1;ZF 1302603;19.639,79;6.703
4500148260;50;4600003061;110;1021472    VOLTZ INDUSTRIA E COMERCIO DE MATER;NB;F;A03;;05/03/2026;C0;401497;ARRUELA PRES AC PARAF 3/8P 15MM;MC01301;;;;CDFL;INVT;638;UN;638;UN;1,99;BRL;1;0;0;0;0,00;0;0,00;1;ZF 1302603;1.269,62;638
4500148261;10;4600003078;20;1021472    VOLTZ INDUSTRIA E COMERCIO DE MATER;NB;F;A03;;05/03/2026;C0;800499;MAO-FRANCESA NORMAL AC 710X32X6,5MM;MC10701;;;;CDFL;CUST;1.993;UN;1.993;UN;19,85;BRL;1;0;0;0;0,00;0;0,00;1;ZF 1302603;39.561,05;1.993
4500148261;20;4600003078;10;1021472    VOLTZ INDUSTRIA E COMERCIO DE MATER;NB;F;A03;;05/03/2026;C0;401117;MAO-FRANCESA NORMAL AC 710X32X6,5MM;MC10701;;;;CDFL;INVT;9.520;UN;9.520;UN;19,85;BRL;1;0;0;0;0,00;0;0,00;1;ZF 1302603;188.972,00;9.520
4500150701;10;;0;1021693    FIBRACEM TELEINFORMATICA LTDA;ZCDR;F;GAE;;07/04/2026;C1;800816;CAIXA EMENDA OPTICA 48F;MC10001;;;;CDFL;CUST;20;UN;20;UN;156,91;BRL;1;0;0;20;3.138,19;20;3.138,19;1;ZF 1302603;3.138,19;0
4500150292;10;4600003533;10;1023763    WHITE MARTINS GASES INDUSTRIAIS DO;NB;F;A12;;31/03/2026;CA;800454;GAS HEXAFLUORETO ENXOFRE SF6;MC03001;;;;CDFL;CUST;150;KG;150;KG;363,41;BRL;1;0;0;0;0,00;0;0,00;1;ZF 1302603;54.511,20;150
4500150292;20;4600003533;20;1023763    WHITE MARTINS GASES INDUSTRIAIS DO;NB;F;A12;;31/03/2026;C1;800454;GAS HEXAFLUORETO ENXOFRE SF6;MC03001;;;;CDFL;CUST;100;KG;100;KG;363,41;BRL;1;0;0;100;36.340,80;100;36.340,80;1;ZF 1302603;36.340,80;0
4500150292;30;4600003533;30;1023763    WHITE MARTINS GASES INDUSTRIAIS DO;NB;F;A12;;31/03/2026;C1;800454;GAS HEXAFLUORETO ENXOFRE SF6;MC03001;;;;CDFL;CUST;150;KG;150;KG;363,41;BRL;1;0;0;150;54.511,20;150;54.511,20;1;ZF 1302603;54.511,20;0
4500144413;10;4600003057;210;1024046    ELETRO FUSI INDUSTRIA ELETROMETALUR;NB;F;A03;;22/01/2026;C1;402117;ELO FUSIVEL BOTAO DISTRIB K 20A 500MM;MC10801;;;;CDFL;INVT;210;UN;210;UN;4,82;BRL;1;0;0;0;0,00;0;0,00;1;ZF 1302603;1.011,65;210
4500144413;20;4600003057;70;1024046    ELETRO FUSI INDUSTRIA ELETROMETALUR;NB;F;A03;;22/01/2026;C1;402265;ELO FUSIVEL BOTAO DISTRIB H 3A 500MM;MC10801;;;;CDFL;INVT;348;UN;348;UN;4,77;BRL;1;0;0;0;0,00;0;0,00;1;ZF 1302603;1.660,27;348
4500144413;30;4600003057;170;1024046    ELETRO FUSI INDUSTRIA ELETROMETALUR;NB;F;A03;;22/01/2026;C1;801010;ELO FUSIVEL BOTAO DISTRIB H 3A 500MM;MC10801;;;;CDFL;CUST;2.646;UN;2.646;UN;4,77;BRL;1;0;0;0;0,00;0;0,00;1;ZF 1302603;12.623,80;2.646
4500144413;40;4600003057;90;1024046    ELETRO FUSI INDUSTRIA ELETROMETALUR;NB;F;A03;;22/01/2026;C1;400805;ELO FUSIVEL BOTAO DISTRIB H 5A 500MM;MC10801;;;;CDFL;INVT;153;UN;153;UN;4,77;BRL;1;0;0;0;0,00;0;0,00;1;ZF 1302603;729,95;153
4500144413;50;4600003057;190;1024046    ELETRO FUSI INDUSTRIA ELETROMETALUR;NB;F;A03;;22/01/2026;C1;801375;ELO FUSIVEL BOTAO DISTRIB H 5A 500MM;MC10801;;;;CDFL;CUST;4.881;UN;4.881;UN;4,77;BRL;1;0;0;0;0,00;0;0,00;1;ZF 1302603;23.286,76;4.881
4500144413;60;4600003057;150;1024046    ELETRO FUSI INDUSTRIA ELETROMETALUR;NB;F;A03;;22/01/2026;C1;801352;ELO FUSIVEL BOTAO DISTRIB K 10A 500MM;MC10801;;;;CDFL;CUST;3.390;UN;3.390;UN;4,82;BRL;1;0;0;0;0,00;0;0,00;1;ZF 1302603;16.330,99;3.390
4500144413;70;4600003057;60;1024046    ELETRO FUSI INDUSTRIA ELETROMETALUR;NB;F;A03;;22/01/2026;C1;402123;ELO FUSIVEL BOTAO DISTRIB K 12A 500MM;MC10801;;;;CDFL;INVT;140;UN;140;UN;4,82;BRL;1;0;0;0;0,00;0;0,00;1;ZF 1302603;674,44;140
4500144413;80;4600003057;160;1024046    ELETRO FUSI INDUSTRIA ELETROMETALUR;NB;F;A03;;22/01/2026;C1;801303;ELO FUSIVEL BOTAO DISTRIB K 12A 500MM;MC10801;;;;CDFL;CUST;3.587;UN;3.587;UN;4,82;BRL;1;0;0;0;0,00;0;0,00;1;ZF 1302603;17.280,01;3.587
4500144413;90;4600003057;200;1024046    ELETRO FUSI INDUSTRIA ELETROMETALUR;NB;F;A03;;22/01/2026;C1;801233;ELO FUSIVEL BOTAO DISTRIB K 15A 500MM;MC10801;;;;CDFL;CUST;1.976;UN;1.976;UN;4,82;BRL;1;0;0;0;0,00;0;0,00;1;ZF 1302603;9.519,18;1.976
4500144413;100;4600003057;30;1024046    ELETRO FUSI INDUSTRIA ELETROMETALUR;NB;F;A03;;22/01/2026;C1;402111;ELO FUSIVEL BOTAO DISTRIB UN K 8A 500MM;MC10801;;;;CDFL;INVT;5;UN;5;UN;4,82;BRL;1;0;0;0;0,00;0;0,00;1;ZF 1302603;24,09;5
4500144413;110;4600003057;130;1024046    ELETRO FUSI INDUSTRIA ELETROMETALUR;NB;F;A03;;22/01/2026;C1;800894;ELO FUSIVEL BOTAO DISTRIB UN K 8A 500MM;MC10801;;;;CDFL;CUST;5.388;UN;5.388;UN;4,82;BRL;1;0;0;0;0,00;0;0,00;1;ZF 1302603;25.956,15;5.388
4500144413;120;4600003057;10;1024046    ELETRO FUSI INDUSTRIA ELETROMETALUR;NB;F;A03;;22/01/2026;C1;402733;ELO FUSIVEL H 1A 500MM;MC10801;;;;CDFL;INVT;611;UN;611;UN;4,77;BRL;1;0;0;0;0,00;0;0,00;1;ZF 1302603;2.915,02;611
4500144413;130;4600003057;110;1024046    ELETRO FUSI INDUSTRIA ELETROMETALUR;NB;F;A03;;22/01/2026;C1;801834;ELO FUSIVEL H 1A 500MM;MC10801;;;;CDFL;CUST;5.760;UN;5.760;UN;4,77;BRL;1;0;0;0;0,00;0;0,00;1;ZF 1302603;27.480,38;5.760
4500144413;140;4600003057;20;1024046    ELETRO FUSI INDUSTRIA ELETROMETALUR;NB;F;A03;;22/01/2026;C1;402741;ELO FUSIVEL BOTAO K 6A 500MM;MC10801;;;;CDFL;INVT;113;UN;113;UN;4,82;BRL;1;0;0;0;0,00;0;0,00;1;ZF 1302603;544,37;113
4500144413;150;4600003057;120;1024046    ELETRO FUSI INDUSTRIA ELETROMETALUR;NB;F;A03;;22/01/2026;C1;801826;ELO FUSIVEL BOTAO K 6A 500MM;MC10801;;;;CDFL;CUST;5.673;UN;5.673;UN;4,82;BRL;1;0;0;0;0,00;0;0,00;1;ZF 1302603;27.329,11;5.673
4500144413;160;4600003057;40;1024046    ELETRO FUSI INDUSTRIA ELETROMETALUR;NB;F;A03;;22/01/2026;C1;402660;ELO FUSIVEL DISTRIB H 2A 500MM;MC10801;;;;CDFL;INVT;143;UN;143;UN;4,77;BRL;1;0;0;0;0,00;0;0,00;1;ZF 1302603;682,24;143
4500144413;170;4600003057;140;1024046    ELETRO FUSI INDUSTRIA ELETROMETALUR;NB;F;A03;;22/01/2026;C1;801955;ELO FUSIVEL DISTRIB H 2A 500MM;MC10801;;;;CDFL;CUST;2.728;UN;2.728;UN;4,77;BRL;1;0;0;0;0,00;0;0,00;1;ZF 1302603;13.015,02;2.728
4500145740;10;4600003057;90;1024046    ELETRO FUSI INDUSTRIA ELETROMETALUR;NB;F;A03;;10/02/2026;C1;400805;ELO FUSIVEL BOTAO DISTRIB H 5A 500MM;MC10801;;;;CDFL;INVT;569;UN;569;UN;4,77;BRL;1;0;0;0;0,00;0;0,00;1;ZF 1302603;2.714,64;569
4500147195;10;;0;1024046    ELETRO FUSI INDUSTRIA ELETROMETALUR;NB;F;GAE;;20/02/2026;C1;401056;ELO FUSIVEL BOTAO DISTRIB K 10A 500MM;MC10801;;;;CDFL;INVT;550;UN;550;UN;4,72;BRL;1;0;0;550;2.598,42;550;2.598,42;1;ZF 1302603;2.598,42;0
4500144937;10;4600003067;120;1024047    RBL INDUSTRIA E COMERCIO DE CONDUTO;NB;F;A01;;30/01/2026;C1;800741;CABO ELET CU 120MM2 90°XLPE 0,6/1KV;MC10101;;;;CDFL;CUST;1.197;M;1.197;M;84,62;BRL;1;0;0;1.197;101.290,98;1.197;101.290,98;1;ZF 1302603;101.290,98;0
4500144937;20;4600003067;130;1024047    RBL INDUSTRIA E COMERCIO DE CONDUTO;NB;F;A01;;30/01/2026;C1;804894;CABO ELET CU 185MM2 90°XLPE 0,6/1KV;MC20101;;;;CDFL;CUST;721;M;721;M;118,94;BRL;1;0;0;721;85.754,08;721;85.754,08;1;ZF 1302603;85.754,08;0
4500144937;30;4600003067;90;1024047    RBL INDUSTRIA E COMERCIO DE CONDUTO;NB;F;A01;;30/01/2026;C1;800177;CABO ELET FLEXIVEL PVC 750V 2,5MM2 CZ;MC10101;;;;CDFL;CUST;500;M;500;M;0,97;BRL;1;0;0;500;483,60;500;483,60;1;ZF 1302603;483,60;0
4500154780;10;4600003528;160;1024079    KRAUSMULLER INDÚSTRIA E COMÉRCIO LT;NB;F;GAE;;19/05/2026;C1;403642;CABO AL CONCENTRICO 2F 2X16+16MM2;MC10101;;;;CDFL;INVT;150.000;M;150.000;M;11,82;BRL;1;0;0;150.000;1.773.045,00;150.000;1.773.045,00;1;ZF 1302603;1.773.045,00;0
4500155718;10;4600003528;160;1024079    KRAUSMULLER INDÚSTRIA E COMÉRCIO LT;NB;F;GAE;;25/05/2026;C1;403642;CABO AL CONCENTRICO 2F 2X16+16MM2;MC10101;;;;CDFL;INVT;180.000;M;180.000;M;11,82;BRL;1;0;0;180.000;2.127.654,00;180.000;2.127.654,00;1;ZF 1302603;2.127.654,00;0
4500155613;10;4600003551;40;1024877    AEA DISTRIBUIDORA DE MATERIAIS ELET;NB;F;GAE;;22/05/2026;C0;403390;PRENSA CABO PVC 1P;MC10701;;;;CDFL;INVT;25.000;UN;25.000;UN;7,52;BRL;1;0;0;25.000;188.000,00;25.000;188.000,00;1;ZF 1302603;188.000,00;0
4500155613;20;4600003551;50;1024877    AEA DISTRIBUIDORA DE MATERIAIS ELET;NB;F;GAE;;22/05/2026;C0;403572;PRENSA CABO NYLON CURTO 1/2P;MC10401;;;;CDFL;INVT;3.300;UN;3.300;UN;3,33;BRL;1;0;0;3.300;10.989,00;3.300;10.989,00;1;ZF 1302603;10.989,00;0
4500155613;30;4600003551;60;1024877    AEA DISTRIBUIDORA DE MATERIAIS ELET;NB;F;GAE;;22/05/2026;C0;802018;PRENSA-CABOS AL 1.3/4P;MC10401;;;;CDFL;CUST;400;UN;400;UN;58,27;BRL;1;0;0;400;23.308,00;400;23.308,00;1;ZF 1302603;23.308,00;0
4500147050;10;4600003493;10;1027479    ASW BRASIL TECNOLOGIA EM PLASTICOS;NB;F;GAE;;20/02/2026;C1;402242;POSTE FIBRA VIDRO E-CR 11M 600DAN;MC12001;;;;CDFL;INVT;144;UN;144;UN;2.162,50;BRL;1;0;0;0;0,00;0;0,00;1;ZF 1302603;311.400,16;144
4500147050;20;4600003493;10;1027479    ASW BRASIL TECNOLOGIA EM PLASTICOS;NB;F;GAE;;20/02/2026;C1;402242;POSTE FIBRA VIDRO E-CR 11M 600DAN;MC12001;;;;CDFL;INVT;144;UN;144;UN;2.162,50;BRL;1;0;0;0;0,00;0;0,00;1;ZF 1302603;311.400,16;144
4500152868;10;4600003577;50;1027479    ASW BRASIL TECNOLOGIA EM PLASTICOS;NB;F;GAE;;29/04/2026;C1;401959;CRUZETA POL FBV/RES PES 2400X112,5X90MM;MC12001;;;;CDFL;INVT;1.500;UN;1.500;UN;138,56;BRL;1;0;0;1.500;207.841,05;1.500;207.841,05;1;ZF 1302603;207.841,05;0
4500152868;20;4600003577;60;1027479    ASW BRASIL TECNOLOGIA EM PLASTICOS;NB;F;GAE;;29/04/2026;C1;801112;CRUZETA POL FBV/RES PES 2400X112,5X90MM;MC12001;;;;CDFL;CUST;1.000;UN;1.000;UN;138,56;BRL;1;0;0;1.000;138.560,70;1.000;138.560,70;1;ZF 1302603;138.560,70;0
4500155815;10;4600003577;50;1027479    ASW BRASIL TECNOLOGIA EM PLASTICOS;NB;F;GAE;;28/05/2026;C1;401959;CRUZETA POL FBV/RES PES 2400X112,5X90MM;MC12001;;;;CDFL;INVT;2.000;UN;2.000;UN;138,56;BRL;1;0;0;2.000;277.121,40;2.000;277.121,40;1;ZF 1302603;277.121,40;0
4500155815;20;4600003577;60;1027479    ASW BRASIL TECNOLOGIA EM PLASTICOS;NB;F;GAE;;28/05/2026;C1;801112;CRUZETA POL FBV/RES PES 2400X112,5X90MM;MC12001;;;;CDFL;;1.000;UN;1.000;UN;138,56;BRL;1;0;0;1.000;138.560,70;1.000;138.560,70;1;ZF 1302603;138.560,70;0
4500155815;30;4600003577;50;1027479    ASW BRASIL TECNOLOGIA EM PLASTICOS;NB;F;GAE;;28/05/2026;C1;401959;CRUZETA POL FBV/RES PES 2400X112,5X90MM;MC12001;;;;CDFL;INVT;1.500;UN;1.500;UN;138,56;BRL;1;0;0;1.500;207.841,05;1.500;207.841,05;1;ZF 1302603;207.841,05;0
4500155815;40;4600003577;60;1027479    ASW BRASIL TECNOLOGIA EM PLASTICOS;NB;F;GAE;;28/05/2026;C1;801112;CRUZETA POL FBV/RES PES 2400X112,5X90MM;MC12001;;;;CDFL;;1.000;UN;1.000;UN;138,56;BRL;1;0;0;1.000;138.560,70;1.000;138.560,70;1;ZF 1302603;138.560,70;0
4500148074;10;;0;1027532    JM COMERCIO VAREJISTA DE TINTAS E M;ZCDR;F;GAE;;04/03/2026;C0;410213;TINTA SPRAY 400ML;MC03301;;;;CDFL;INVT;504;UN;504;UN;18,00;BRL;1;0;0;0;0,00;0;0,00;1;ZF 1302603;9.072,00;504
4500148075;10;;0;1027532    JM COMERCIO VAREJISTA DE TINTAS E M;ZCDR;F;GAE;;04/03/2026;C0;410213;TINTA SPRAY 400ML;MC03301;;;;CDFL;INVT;60;UN;60;UN;18,00;BRL;1;0;0;0;0,00;0;0,00;1;ZF 1302603;1.080,00;60
4500148095;20;;0;1027540    CLEICY DE L BATISTA E CIA LTDA;ZCDR;F;A03;;04/03/2026;C0;410041;PARAFUSO AUTO BROC CHAT phillips 4.2x25m;MC01301;;;;CDFL;INVT;46.000;UN;46.000;UN;0,43;BRL;1;0;0;0;0,00;0;0,00;1;ZF 1302603;19.780,00;46.000
4500149809;10;;0;1027540    CLEICY DE L BATISTA E CIA LTDA;NB;F;GAE;;18/03/2026;C0;410041;PARAFUSO AUTO BROC CHAT phillips 4.2x25m;MC01301;;;;CDFL;INVT;70.000;UN;70.000;UN;0,43;BRL;1;0;0;0;0,00;0;0,00;1;ZF 1302603;30.100,00;70.000
4500156086;10;4600003571;20;1027540    CLEICY DE L BATISTA E CIA LTDA;NB;F;GAE;;01/06/2026;C0;410041;PARAFUSO AUTO BROC CHAT phillips 4.2x25m;MC01301;;;;CDFL;INVT;83.500;UN;83.500;UN;0,43;BRL;1;0;0;83.500;35.905,00;83.500;35.905,00;1;ZF 1302603;35.905,00;0
4500146775;10;;0;1027545    SOPREMA LTDA;ZCDR;F;GAE;;19/02/2026;C1;410212;FITA AUTOADESIVA BLINDAGEM 10cmX10m;MC03701;;;;CDFL;INVT;1.090;UN;1.090;UN;16,83;BRL;1;0;0;0;0,00;0;0,00;1;ZF 1302603;18.347,97;1.090
4500150379;10;;0;1027680    JOYCE GUERRA BATISTA MAGALHAES;ZCDR;F;GAE;;02/04/2026;C0;802911;SACO P/LIMPEZA ALG 80X55CM;MC01901;;;;CDFL;CUST;1.050;UN;1.050;UN;4,94;BRL;1;0;0;0;0,00;0;0,00;1;ZF 1302603;5.187,00;1.050
4500155816;10;;0;1027680    JOYCE GUERRA BATISTA MAGALHAES;ZCDR;F;A14;;28/05/2026;C0;805555;OLEO DE PEROBA TRADICIONAL  200ML;MC01901;;;;CDFL;CUST;96;UN;96;UN;8,70;BRL;1;0;0;96;835,20;96;835,20;1;ZF 1302603;835,20;0
4500153370;10;;0;1027868    J. T COMERCIO DE FERRAMENTAS LTDA;ZCDR;F;A01;;11/05/2026;C0;406364;LAVADORA À PRESSÃO;MC02101;;;;CDFL;INVT;1;UN;1;UN;2.796,50;BRL;1;0;0;1;2.796,50;1;2.796,50;1;ZF 1302603;2.796,50;0
4500154296;10;;0;1027911    VETHERM INDUSTRIA E COMERCIO DE VED;ZCDR;F;GAE;;15/05/2026;C0;803925;JUNTA INF NITRILICA 1,3KV 160A 33X45X4MM;MC00401;;;;CDFL;CUST;750;UN;750;UN;90,19;BRL;100;0;0;750;676,43;750;676,43;1;ZF 1302603;676,43;0
4500154296;20;;0;1027911    VETHERM INDUSTRIA E COMERCIO DE VED;ZCDR;F;GAE;;15/05/2026;C0;803926;JUNTA INF NITRILICA 1,3KV 400A 48X60X4MM;MC00401;;;;CDFL;CUST;500;UN;500;UN;10,64;BRL;10;0;0;500;532,00;500;532,00;1;ZF 1302603;532,00;0
4500154296;30;;0;1027911    VETHERM INDUSTRIA E COMERCIO DE VED;ZCDR;F;GAE;;15/05/2026;C0;803927;JUNTA INF NITRILICA 1,3KV 800A 67X80X6MM;MC00401;;;;CDFL;CUST;400;UN;400;UN;151,05;BRL;100;0;0;400;604,20;400;604,20;1;ZF 1302603;604,20;0
4500154296;40;;0;1027911    VETHERM INDUSTRIA E COMERCIO DE VED;ZCDR;F;GAE;;15/05/2026;C0;803929;JUNTA SUP NITRI 1,3KV 160A 10X24X30X4 MM;MC00401;;;;CDFL;CUST;750;UN;750;UN;4,72;BRL;10;0;0;750;354,00;750;354,00;1;ZF 1302603;354,00;0
4500154296;50;;0;1027911    VETHERM INDUSTRIA E COMERCIO DE VED;ZCDR;F;GAE;;15/05/2026;C0;803961;JUNTA SUP NITRI 1,3KV 400A 16X36X42X4 MM;MC00401;;;;CDFL;CUST;900;UN;900;UN;998,60;BRL;1.000;0;0;900;898,74;900;898,74;1;ZF 1302603;898,74;0
4500154296;60;;0;1027911    VETHERM INDUSTRIA E COMERCIO DE VED;ZCDR;F;GAE;;15/05/2026;C0;803962;JUNTA SUP NITRI 1,3KV 800A 27X47X55X4 MM;MC00401;;;;CDFL;CUST;400;UN;400;UN;110,95;BRL;100;0;0;400;443,80;400;443,80;1;ZF 1302603;443,80;0
4500154296;70;;0;1027911    VETHERM INDUSTRIA E COMERCIO DE VED;ZCDR;F;GAE;;15/05/2026;C0;803921;CORDÃO BORRACHA NITRILICA 12,7MM COM ABA;MC00401;;;;CDFL;CUST;900;M;900;M;1.193,77;BRL;100;0;0;900;10.743,93;900;10.743,93;1;ZF 1302603;10.743,93;0
4500153751;10;;0;1027913    DICOMP DISTRIBUIDORA DE ELETRONICOS;ZCDR;F;GAE;;14/05/2026;C0;410068;MICROTIK CCR2004-16G-2S+;MC20001;;;;CDFL;INVT;2;UN;2;UN;3.849,00;BRL;1;0;0;2;7.698,00;2;7.698,00;1;ZF 1302603;7.698,00;0
