Documento de compras;Item;Contrato básico;It.contrato superior;ValFix.(cabeç.);Valor pendente;Fornecedor/centro fornecedor;Tipo doc.compras;Ctg.doc.compras;Grupo de compradores;Histórico pedido/docum.SolRem.;Data do documento;Código de imposto;Material;Texto breve;Grupo de mercadorias;Código de eliminação;Categoria do item;Ctg.class.cont.;Centro;Depósito;Qtd.pedido;UM pedido;Qtd.na UnidGestEstoq;Unidade manutenção estoque;Preço líquido;Moeda;Unidade preço;Quantidade prevista;Qtd.prev.pendente;a ser fornecida (quantidade);a ser fornecido (valor;Ãinda a faturar (quantidade);Ainda a faturar (valor);Núm.itens;Domicílio fiscal;Valor líquido pedido
4500144903;10;4600003047;20;0,00;0,00;1003137    INCESA INDUSTRIA DE COMPONENTES ELE;NB;F;A03;;29/01/2026;C1;402307;CONECTOR PERF AL 25-185MM2 / 1,5-35MM2;MC12002;;;;CDFL;INVT;29.450;UN;29.450;UN;61,60;BRL;1;0;0;29.450;1.814.214,24;29.450;1.814.214,24;1;ZF 1302603;1.814.214,24
4500144903;20;4600003047;30;0,00;0,00;1003137    INCESA INDUSTRIA DE COMPONENTES ELE;NB;F;A03;;29/01/2026;C1;801240;CONECTOR PERF AL 25-185MM2 / 1,5-35MM2;MC12002;;;;CDFL;CUST;3.000;UN;3.000;UN;61,60;BRL;1;0;0;3.000;184.809,60;3.000;184.809,60;1;ZF 1302603;184.809,60
4500145746;10;4600003113;10;0,00;0,00;1003137    INCESA INDUSTRIA DE COMPONENTES ELE;NB;F;A12;;10/02/2026;C1;401834;CONECTOR PARAL AL 10AWG-1/0AWG;MC10301;;;;CDFL;INVT;2.230;UN;2.230;UN;9,64;BRL;1;0;0;2.230;21.506,34;2.230;21.506,34;1;ZF 1302603;21.506,34
4500145746;20;4600003113;20;0,00;0,00;1003137    INCESA INDUSTRIA DE COMPONENTES ELE;NB;F;A12;;10/02/2026;C1;801373;CONECTOR PARAL AL 10AWG-1/0AWG;MC10301;;;;CDFL;CUST;2.780;UN;2.780;UN;9,64;BRL;1;0;0;2.780;26.810,60;2.780;26.810,60;1;ZF 1302603;26.810,60
4500150061;10;4600003556;10;0,00;0,00;1003137    INCESA INDUSTRIA DE COMPONENTES ELE;NB;F;GAE;;20/03/2026;C1;800717;GRAMPO LV OLHAL 18MM 10-120/10-70MM2;MC12002;;;;CDFL;CUST;997;UN;997;UN;59,96;BRL;1;0;0;997;59.777,23;997;59.777,23;1;ZF 1302603;59.777,23
4500150182;10;4600003529;10;0,00;0,00;1003137    INCESA INDUSTRIA DE COMPONENTES ELE;NB;F;A12;;24/03/2026;C1;400512;CONECTOR DER CUNHA AL 1/0AWG 336,4MCM;MC12002;;;;CDFL;INVT;352;UN;352;UN;32,35;BRL;1;0;0;352;11.385,58;352;11.385,58;1;ZF 1302603;11.385,58
4500150182;20;4600003529;20;0,00;0,00;1003137    INCESA INDUSTRIA DE COMPONENTES ELE;NB;F;A12;;24/03/2026;C1;401034;CONECTOR DER CUNH AZ AL 4/0 2/0 336,4MCM;MC12002;;;;CDFL;INVT;1.327;UN;1.327;UN;10,76;BRL;1;0;0;1.327;14.278,65;1.327;14.278,65;1;ZF 1302603;14.278,65
4500150182;30;4600003529;30;0,00;0,00;1003137    INCESA INDUSTRIA DE COMPONENTES ELE;NB;F;A12;;24/03/2026;C1;402185;CONECTOR DER CUNHA ESTRIBO 336,4 MCM;MC12002;;;;CDFL;INVT;47;UN;47;UN;28,81;BRL;1;0;0;47;1.354,14;47;1.354,14;1;ZF 1302603;1.354,14
4500150182;40;4600003529;40;0,00;0,00;1003137    INCESA INDUSTRIA DE COMPONENTES ELE;NB;F;A12;;24/03/2026;C1;800813;CONECTOR DER CUNH AZ AL 2/0 4/0 336,4MCM;MC12002;;;;CDFL;CUST;549;UN;549;UN;10,76;BRL;1;0;0;549;5.907,29;549;5.907,29;1;ZF 1302603;5.907,29
4500150182;50;4600003529;50;0,00;0,00;1003137    INCESA INDUSTRIA DE COMPONENTES ELE;NB;F;A12;;24/03/2026;C1;800557;CONECTOR DER CUNHA ESTRIBO 336,4 MCM;MC12002;;;;CDFL;CUST;6;UN;6;UN;28,81;BRL;1;0;0;6;172,87;6;172,87;1;ZF 1302603;172,87
4500150184;10;4600003516;10;0,00;0,00;1003137    INCESA INDUSTRIA DE COMPONENTES ELE;NB;F;A01;;25/03/2026;C1;401566;CONECTOR PARAL AL 4/0AWG 1/0AWG;MC10301;;;;CDFL;INVT;3.000;UN;3.000;UN;9,20;BRL;1;0;0;3.000;27.593,10;3.000;27.593,10;1;ZF 1302603;27.593,10
4500150184;20;4600003516;20;0,00;0,00;1003137    INCESA INDUSTRIA DE COMPONENTES ELE;NB;F;A01;;25/03/2026;C1;800889;CONECTOR PARAL AL 4/0AWG 1/0AWG;MC10301;;;;CDFL;CUST;1.300;UN;1.300;UN;9,20;BRL;1;0;0;1.300;11.957,01;1.300;11.957,01;1;ZF 1302603;11.957,01
4500150197;10;4600003516;30;0,00;0,00;1003137    INCESA INDUSTRIA DE COMPONENTES ELE;NB;F;A01;;25/03/2026;C1;410200; CONECTOR COMP TIPO H 95-95;MC12002;;;;CDFL;INVT;6.000;UN;6.000;UN;4,22;BRL;1;0;0;6.000;25.333,20;6.000;25.333,20;1;ZF 1302603;25.333,20
4500147275;10;;0;0,00;0,00;1003152    ROMAGNOLE PRODUTOS ELETRICOS S.A.;NB;F;GAE;;20/02/2026;C1;800966;PARAFUSO OLH AC 16MM 450MM;MC01301;;;;CDFL;CUST;145;UN;145;UN;20,96;BRL;1;0;0;145;3.039,52;145;3.039,52;1;ZF 1302603;3.039,52
4500147275;20;;0;0,00;0,00;1003152    ROMAGNOLE PRODUTOS ELETRICOS S.A.;NB;F;GAE;;20/02/2026;C1;800108;PARAFUSO CAB ABA AC 16MM 45MM;MC01301;;;;CDFL;CUST;371;UN;371;UN;2,42;BRL;1;0;0;371;897,08;371;897,08;1;ZF 1302603;897,08
4500147431;10;;0;0,00;0,00;1003224    BENY MATERIAIS DE CONSTRUCAO LTDA;ZCDR;F;GAE;;23/02/2026;CA;407223;MANTA ALUMINIZADA 10CM x 10M;MC00901;;;;CDFL;INVT;458;UN;458;UN;19,69;BRL;1;0;0;0;0,00;0;0,00;1;ZF 1302603;9.017,10
4500148647;10;;0;0,00;0,00;1003224    BENY MATERIAIS DE CONSTRUCAO LTDA;ZCDR;F;GAE;;11/03/2026;CA;410212;FITA AUTOADESIVA BLINDAGEM 10cmX10m;MC03701;;;;CDFL;INVT;150;UN;150;UN;19,68;BRL;1;0;0;0;0,00;0;0,00;1;ZF 1302603;2.952,00
4500144983;10;4600001961;680;0,00;0,00;1003291    INDUSTRIA DE TRANSFORMADORES AMAZON;NB;F;GAE;;03/02/2026;CA;400072;TRAFO AER 1F 7,96KV 5KVA 240/120V 7TP;MC22103;;;;CDFL;INVT;338;UN;338;UN;4.229,89;BRL;1;0;0;338;1.429.703,21;338;1.429.703,21;1;ZF 1302603;1.429.703,21
4500144983;20;4600001961;690;0,00;0,00;1003291    INDUSTRIA DE TRANSFORMADORES AMAZON;NB;F;GAE;;03/02/2026;CA;402447;TRAFO AER 1F 7,96KV 10KVA 240/120V 7TP;MC22103;;;;CDFL;INVT;15;UN;15;UN;5.064,79;BRL;1;0;0;0;0,00;0;0,00;1;ZF 1302603;75.971,79
4500144983;30;4600001961;700;0,00;0,00;1003291    INDUSTRIA DE TRANSFORMADORES AMAZON;NB;F;GAE;;03/02/2026;CA;401193;TRAFO AER 1F 7,96KV 15KVA 240/120V 7TP;MC22103;;;;CDFL;INVT;14;UN;14;UN;6.713,25;BRL;1;0;0;14;93.985,56;14;93.985,56;1;ZF 1302603;93.985,56
4500144983;40;4600001961;710;0,00;0,00;1003291    INDUSTRIA DE TRANSFORMADORES AMAZON;NB;F;GAE;;03/02/2026;CA;402132;TRAFO AER 1F 15KV 25KVA 240/120V 7TP;MC22103;;;;CDFL;INVT;20;UN;20;UN;9.443,94;BRL;1;0;0;20;188.878,72;20;188.878,72;1;ZF 1302603;188.878,72
4500144983;50;4600001961;720;0,00;0,00;1003291    INDUSTRIA DE TRANSFORMADORES AMAZON;NB;F;GAE;;03/02/2026;CA;401324;TRAFO AER 3F 15KV 30KVA 220/127V 7TP;MC22103;;;;CDFL;INVT;10;UN;10;UN;11.509,42;BRL;1;0;0;10;115.094,20;10;115.094,20;1;ZF 1302603;115.094,20
4500144983;60;4600001961;730;0,00;0,00;1003291    INDUSTRIA DE TRANSFORMADORES AMAZON;NB;F;GAE;;03/02/2026;CA;400073;TRAFO AER 3F 15KV 45KVA 220/127V 7TP;MC22103;;;;CDFL;INVT;42;UN;42;UN;14.117,36;BRL;1;0;0;42;592.929,24;42;592.929,24;1;ZF 1302603;592.929,24
4500144983;70;4600001961;740;0,00;0,00;1003291    INDUSTRIA DE TRANSFORMADORES AMAZON;NB;F;GAE;;03/02/2026;CA;400040;TRAFO AER 3F 15KV 75KVA 220/127V 7TP;MC22103;;;;CDFL;INVT;40;UN;40;UN;16.789,02;BRL;1;0;0;40;671.560,64;40;671.560,64;1;ZF 1302603;671.560,64
4500144983;80;4600001961;750;0,00;0,00;1003291    INDUSTRIA DE TRANSFORMADORES AMAZON;NB;F;GAE;;03/02/2026;CA;400288;TRAFO AER 3F 15KV 112,5KVA 220/127V 7TP;MC22103;;;;CDFL;INVT;66;UN;66;UN;23.061,66;BRL;1;0;0;66;1.522.069,30;66;1.522.069,30;1;ZF 1302603;1.522.069,30
4500144983;110;4600001961;780;0,00;0,00;1003291    INDUSTRIA DE TRANSFORMADORES AMAZON;NB;F;GAE;;03/02/2026;CA;402447;TRAFO AER 1F 7,96KV 10KVA 240/120V 7TP;MC22103;;;;CDFL;INVT;15;UN;15;UN;5.064,79;BRL;1;0;0;0;0,00;0;0,00;1;ZF 1302603;75.971,79
4500148071;10;4600001961;790;0,00;0,00;1003291    INDUSTRIA DE TRANSFORMADORES AMAZON;NB;F;GAE;;04/03/2026;C1;410116;TRAFO AER 1F 7,96KV 5KVA 240/120V 7TP VG;MC22103;;;;CDFL;INVT;256;UN;256;UN;3.817,86;BRL;1;0;0;256;977.371,06;256;977.371,06;1;ZF 1302603;977.371,06
4500148071;20;4600001961;800;0,00;0,00;1003291    INDUSTRIA DE TRANSFORMADORES AMAZON;NB;F;GAE;;04/03/2026;C1;410117;TRAFO AER 1F 7,9KV 10KVA 240/120V 7TP VG;MC22103;;;;CDFL;INVT;45;UN;45;UN;4.205,92;BRL;1;0;0;45;189.266,22;45;189.266,22;1;ZF 1302603;189.266,22
4500148071;30;4600001961;810;0,00;0,00;1003291    INDUSTRIA DE TRANSFORMADORES AMAZON;NB;F;GAE;;04/03/2026;C1;410118;TRAFO AER 1F 7,9KV 15KVA 240/120V 7TP VG;MC22103;;;;CDFL;INVT;36;UN;36;UN;5.342,32;BRL;1;0;0;36;192.323,44;36;192.323,44;1;ZF 1302603;192.323,44
4500148071;40;4600001961;820;0,00;0,00;1003291    INDUSTRIA DE TRANSFORMADORES AMAZON;NB;F;GAE;;04/03/2026;C1;410119;TRAFO AER 1F 15KV 25KVA 240/120V 7TP VG;MC22103;;;;CDFL;INVT;15;UN;15;UN;6.143,97;BRL;1;0;0;15;92.159,50;15;92.159,50;1;ZF 1302603;92.159,50
4500148071;50;4600001961;830;0,00;0,00;1003291    INDUSTRIA DE TRANSFORMADORES AMAZON;NB;F;GAE;;04/03/2026;C1;410120;TRAFO AER 3F 15KV 30KVA 220/127V 7TP VG;MC22103;;;;CDFL;INVT;25;UN;25;UN;9.366,51;BRL;1;0;0;25;234.162,80;25;234.162,80;1;ZF 1302603;234.162,80
4500148071;60;4600001961;840;0,00;0,00;1003291    INDUSTRIA DE TRANSFORMADORES AMAZON;NB;F;GAE;;04/03/2026;C1;410126;TRAFO AER 3F 15KV 45KVA 220/127V 7TP VG;MC22103;;;;CDFL;INVT;88;UN;88;UN;10.925,24;BRL;1;0;0;88;961.420,70;88;961.420,70;1;ZF 1302603;961.420,70
4500148071;70;4600001961;850;0,00;0,00;1003291    INDUSTRIA DE TRANSFORMADORES AMAZON;NB;F;GAE;;04/03/2026;C1;410122;TRAFO AER 3F 15KV 75KVA 220/127V 7TP VG;MC22103;;;;CDFL;INVT;361;UN;361;UN;14.452,65;BRL;1;0;0;361;5.217.407,56;361;5.217.407,56;1;ZF 1302603;5.217.407,56
4500142027;10;;0;0,00;0,00;1003333    METALACRE INDUSTRIA E COMERCIO DE L;NB;F;A03;;12/01/2026;C1;401632;LACRE SEG MET 11DIG BR;MC12505;;;;CDFL;INVT;145.100;UN;145.100;UN;1,79;BRL;1;0;0;0;0,00;0;0,00;1;ZF 1302603;259.090,56
4500149234;10;;0;0,00;0,00;1003333    METALACRE INDUSTRIA E COMERCIO DE L;NB;F;GAE;;12/03/2026;C1;401632;LACRE SEG MET 11DIG BR;MC12505;;;;CDFL;INVT;223.000;UN;223.000;UN;1,79;BRL;1;0;0;223.000;398.188,80;223.000;398.188,80;1;ZF 1302603;398.188,80
4500149684;10;4600003150;10;0,00;0,00;1003382    ELETRA INDUSTRIA E COMERCIO DE MEDI;NB;F;A01;;16/03/2026;C1;402816;MEDIDOR ELETR PROGR 3F 120V 2,5/10A THS;MC12501;;;;CDFL;INVT;268;UN;268;UN;511,19;BRL;1;0;0;268;136.999,46;268;136.999,46;1;ZF 1302603;136.999,46
4500144585;10;4600003072;10;0,00;0,00;1003412    MAURIZIO  CIA LTDA;NB;F;A01;;23/01/2026;C1;800515;ISOLADOR ANCOR POLIM 15KV 5000DAN;MC10902;;;;CDFL;CUST;605;UN;605;UN;29,76;BRL;1;0;0;0;0,00;0;0,00;1;ZF 1302603;18.004,80
4500144585;20;4600003072;20;0,00;0,00;1003412    MAURIZIO  CIA LTDA;NB;F;A01;;23/01/2026;C1;401116;ISOLADOR ANCOR POLIM 15KV 5000DAN;MC10902;;;;CDFL;INVT;2.095;UN;2.095;UN;29,76;BRL;1;0;0;0;0,00;0;0,00;1;ZF 1302603;62.347,20
4500145769;10;4600003075;40;0,00;0,00;1003412    MAURIZIO  CIA LTDA;NB;F;A02;;10/02/2026;C1;402433;PARA-RAIO DISTRIB POL 12KV 10KA S/CENT;MC21101;;;;CDFL;INVT;797;UN;797;UN;130,20;BRL;1;0;0;797;103.769,40;797;103.769,40;1;ZF 1302603;103.769,40
4500145784;10;4600003086;70;0,00;0,00;1003412    MAURIZIO  CIA LTDA;NB;F;A02;;11/02/2026;C1;401857;CHAVE FUSIVEL DIST 15KV 100A/10KA PORC;MC10801;;;;CDFL;INVT;2.535;UN;2.535;UN;268,77;BRL;1;0;0;2.535;681.331,95;2.535;681.331,95;1;ZF 1302603;681.331,95
4500147521;10;4600003086;40;0,00;0,00;1003412    MAURIZIO  CIA LTDA;NB;F;A02;;23/02/2026;C1;800817;CHAVE FUSIVEL DIST 15KV 100A/10KA PORC;MC10801;;;;CDFL;CUST;1.117;UN;1.117;UN;268,77;BRL;1;0;0;1.117;300.216,09;1.117;300.216,09;1;ZF 1302603;300.216,09
4500147552;10;4600003072;10;0,00;0,00;1003412    MAURIZIO  CIA LTDA;NB;F;A01;;23/02/2026;C0;800515;ISOLADOR ANCOR POLIM 15KV 5000DAN;MC10902;;;;CDFL;CUST;405;UN;405;UN;32,00;BRL;1;0;0;405;12.960,00;405;12.960,00;1;ZF 1302603;12.960,00
4500147692;10;4600003086;30;0,00;0,00;1003412    MAURIZIO  CIA LTDA;NB;F;A02;;26/02/2026;C1;400758;CHAVE SECC 1P 15KV 630A 110KV 25KA;MC10202;;;;CDFL;INVT;550;UN;550;UN;483,60;BRL;1;0;0;550;265.980,00;550;265.980,00;1;ZF 1302603;265.980,00
4500147697;10;4600003042;10;0,00;0,00;1003412    MAURIZIO  CIA LTDA;NB;F;A02;;26/02/2026;C1;800959;PORTA-FUSIVEL 15KV 100A;MC10801;;;;CDFL;CUST;817;UN;817;UN;88,81;BRL;1;0;0;817;72.561,85;817;72.561,85;1;ZF 1302603;72.561,85
4500150291;10;4600003086;30;0,00;0,00;1003412    MAURIZIO  CIA LTDA;NB;F;A02;;31/03/2026;C1;400758;CHAVE SECC 1P 15KV 630A 110KV 25KA;MC10202;;;;CDFL;INVT;1.000;UN;1.000;UN;483,60;BRL;1;0;0;1.000;483.600,00;1.000;483.600,00;1;ZF 1302603;483.600,00
4500150308;10;4600003554;60;0,00;0,00;1003412    MAURIZIO  CIA LTDA;NB;F;A01;;31/03/2026;C1;401857;CHAVE FUSIVEL DIST 15KV 100A/10KA PORC;MC10801;;;;CDFL;INVT;2.547;UN;2.547;UN;239,94;BRL;1;0;0;2.547;611.127,18;2.547;611.127,18;1;ZF 1302603;611.127,18
4500150308;20;4600003554;70;0,00;0,00;1003412    MAURIZIO  CIA LTDA;NB;F;A01;;31/03/2026;C1;800817;CHAVE FUSIVEL DIST 15KV 100A/10KA PORC;MC10801;;;;CDFL;CUST;2.347;UN;2.347;UN;239,94;BRL;1;0;0;2.347;563.139,18;2.347;563.139,18;1;ZF 1302603;563.139,18
4500144463;10;4600003058;70;0,00;0,00;1003489    INDEL BAURU INDUSTRIA ELETROMETALUR;NB;F;A03;;22/01/2026;C1;801216;ELO FUSIVEL BOTAO DISTRIB K 50A 500MM;MC10801;;;;CDFL;CUST;231;UN;231;UN;7,25;BRL;1;0;0;0;0,00;0;0,00;1;ZF 1302603;1.675,67
4500144463;20;4600003058;40;0,00;0,00;1003489    INDEL BAURU INDUSTRIA ELETROMETALUR;NB;F;A03;;22/01/2026;C1;801220;ELO FUSIVEL BOTAO DISTRIB K 25A 500MM;MC10801;;;;CDFL;CUST;1.962;UN;1.962;UN;5,41;BRL;1;0;0;0;0,00;0;0,00;1;ZF 1302603;10.619,52
4500144463;30;4600003058;30;0,00;0,00;1003489    INDEL BAURU INDUSTRIA ELETROMETALUR;NB;F;A03;;22/01/2026;C1;800824;ELO FUSIVEL BOTAO DISTR K 40A 500MM;MC10801;;;;CDFL;CUST;1.418;UN;1.418;UN;6,84;BRL;1;0;0;0;0,00;0;0,00;1;ZF 1302603;9.692,74
4500144463;40;4600003058;10;0,00;0,00;1003489    INDEL BAURU INDUSTRIA ELETROMETALUR;NB;F;A03;;22/01/2026;C1;402025;ELO FUSIVEL BOTAO DISTRIB K 25A 500MM;MC10801;;;;CDFL;INVT;42;UN;42;UN;5,41;BRL;1;0;0;0;0,00;0;0,00;1;ZF 1302603;227,33
4500145004;10;;0;0,00;0,00;1003515    S V INSTALACOES LTDA;ZCDR;F;GAE;;04/02/2026;C0;400359;ALCA PREFORM ESTAI 3/8P 9,5MM 889MM;MC11001;;;;CDFL;INVT;44;UN;44;UN;26,80;BRL;1;0;0;0;0,00;0;0,00;1;ZF 1302603;1.179,20
4500147801;10;;0;0,00;0,00;1003515    S V INSTALACOES LTDA;ZCDR;F;GAE;;02/03/2026;C0;401465;CONECTOR PERF AL 16-120MM2 / 16-120MM2;MC12002;;;;CDFL;INVT;500;UN;500;UN;17,50;BRL;1;0;0;0;0,00;0;0,00;1;ZF 1302603;8.750,00
4500147803;10;;0;0,00;0,00;1003515    S V INSTALACOES LTDA;NB;F;GAE;;02/03/2026;C0;401465;CONECTOR PERF AL 16-120MM2 / 16-120MM2;MC12002;;;;CDFL;INVT;4.500;UN;4.500;UN;17,50;BRL;1;0;0;4.500;78.750,00;4.500;78.750,00;1;ZF 1302603;78.750,00
4500147804;10;;0;0,00;0,00;1003515    S V INSTALACOES LTDA;ZCDR;F;GAE;;02/03/2026;C0;410200; CONECTOR COMP TIPO H 95-95;MC12002;;;;CDFL;INVT;200;UN;200;UN;17,50;BRL;1;0;0;180;3.150,00;180;3.150,00;1;ZF 1302603;3.500,00
4500149691;10;;0;0,00;0,00;1003515    S V INSTALACOES LTDA;NB;F;A13;;16/03/2026;C0;405491;TERMINAL TUBULAR CU ESTANHADO 35MM2;MC10401;;;;CDFL;INVT;30.000;UN;30.000;UN;0,90;BRL;1;0;0;30.000;27.000,00;30.000;27.000,00;1;ZF 1302603;27.000,00
4500144696;10;;0;0,00;0,00;1003592    FIXAR INDUSTRIAL -INDUSTRIA DE META;ZCDR;F;GAE;;27/01/2026;C1;410147;CX BLIND P/ MED MONO C/ ABERT INTEL;MC12503;;;;CDFL;INVT;15;UN;15;UN;336,76;BRL;1;0;0;0;0,00;0;0,00;1;ZF 1302603;5.051,38
4500144696;20;;0;0,00;0,00;1003592    FIXAR INDUSTRIAL -INDUSTRIA DE META;ZCDR;F;GAE;;27/01/2026;C1;410152;CX BLIND P/ MED BI C/ ABERT INTEL;MC12503;;;;CDFL;INVT;13;UN;13;UN;377,68;BRL;1;0;0;0;0,00;0;0,00;1;ZF 1302603;4.909,82
4500144696;30;;0;0,00;0,00;1003592    FIXAR INDUSTRIAL -INDUSTRIA DE META;ZCDR;F;GAE;;27/01/2026;C1;410153;CX BLIND P/ MED TRI C/ ABERT INTEL;MC12503;;;;CDFL;INVT;2;UN;2;UN;377,68;BRL;1;0;0;0;0,00;0;0,00;1;ZF 1302603;755,36
4500147723;10;4600003496;20;0,00;0,00;1003592    FIXAR INDUSTRIAL -INDUSTRIA DE META;NB;F;GAE;;27/02/2026;C0;410155;CX BLIND P/ CONEXAO C/ ABERT INTEL;MC10301;;;;CDFL;INVT;250;UN;250;UN;1.665,00;BRL;1;0;0;250;416.250,00;250;416.250,00;1;ZF 1302603;416.250,00
4500148085;10;4600003496;10;0,00;0,00;1003592    FIXAR INDUSTRIAL -INDUSTRIA DE META;NB;F;GAE;;04/03/2026;C1;410152;CX BLIND P/ MED BI C/ ABERT INTEL;MC12503;;;;CDFL;INVT;637;UN;637;UN;281,60;BRL;1;0;0;637;179.379,20;637;179.379,20;1;ZF 1302603;179.379,20
4500148085;20;4600003496;20;0,00;0,00;1003592    FIXAR INDUSTRIAL -INDUSTRIA DE META;NB;F;GAE;;04/03/2026;C1;410155;CX BLIND P/ CONEXAO C/ ABERT INTEL;MC10301;;;;CDFL;INVT;2.250;UN;2.250;UN;1.465,20;BRL;1;0;0;2.250;3.296.700,00;2.250;3.296.700,00;1;ZF 1302603;3.296.700,00
4500148085;30;4600003496;30;0,00;0,00;1003592    FIXAR INDUSTRIAL -INDUSTRIA DE META;NB;F;GAE;;04/03/2026;C1;410147;CX BLIND P/ MED MONO C/ ABERT INTEL;MC12503;;;;CDFL;INVT;306;UN;306;UN;240,68;BRL;1;0;0;306;73.648,08;306;73.648,08;1;ZF 1302603;73.648,08
4500148085;40;4600003496;40;0,00;0,00;1003592    FIXAR INDUSTRIAL -INDUSTRIA DE META;NB;F;GAE;;04/03/2026;C1;410153;CX BLIND P/ MED TRI C/ ABERT INTEL;MC12503;;;;CDFL;INVT;1.057;UN;1.057;UN;281,60;BRL;1;0;0;1.057;297.651,20;1.057;297.651,20;1;ZF 1302603;297.651,20
4500148999;10;4600003496;50;0,00;0,00;1003592    FIXAR INDUSTRIAL -INDUSTRIA DE META;NB;F;GAE;;11/03/2026;C1;410155;CX BLIND P/ CONEXAO C/ ABERT INTEL;MC10301;;;;CDFL;INVT;2.500;UN;2.500;UN;1.465,20;BRL;1;0;0;2.500;3.663.000,00;2.500;3.663.000,00;1;ZF 1302603;3.663.000,00
4500148999;20;4600003496;60;0,00;0,00;1003592    FIXAR INDUSTRIAL -INDUSTRIA DE META;NB;F;GAE;;11/03/2026;C1;410147;CX BLIND P/ MED MONO C/ ABERT INTEL;MC12503;;;;CDFL;INVT;306;UN;306;UN;240,68;BRL;1;0;0;306;73.648,08;306;73.648,08;1;ZF 1302603;73.648,08
4500148999;30;4600003496;70;0,00;0,00;1003592    FIXAR INDUSTRIAL -INDUSTRIA DE META;NB;F;GAE;;11/03/2026;CA;410152;CX BLIND P/ MED BI C/ ABERT INTEL;MC12503;;;;CDFL;INVT;637;UN;637;UN;281,60;BRL;1;0;0;637;179.379,20;637;179.379,20;1;ZF 1302603;179.379,20
4500148999;40;4600003496;80;0,00;0,00;1003592    FIXAR INDUSTRIAL -INDUSTRIA DE META;NB;F;GAE;;11/03/2026;CA;410153;CX BLIND P/ MED TRI C/ ABERT INTEL;MC12503;;;;CDFL;INVT;1.057;UN;1.057;UN;281,60;BRL;1;0;0;1.057;297.651,20;1.057;297.651,20;1;ZF 1302603;297.651,20
4500144395;10;4600002059;60;0,00;0,00;1003624    POOL ENGENHARIA, SERVICO, INDUSTRIA;NB;F;A12;;22/01/2026;CA;401959;CRUZETA POL FBV/RES PES 2400X112,5X90MM;MC12001;;;;CDFL;INVT;500;UN;500;UN;170,61;BRL;1;0;0;0;0,00;0;0,00;1;ZF 1302603;85.305,35
4500144395;20;4600002059;70;0,00;0,00;1003624    POOL ENGENHARIA, SERVICO, INDUSTRIA;NB;F;A12;;22/01/2026;CA;801112;CRUZETA POL FBV/RES PES 2400X112,5X90MM;MC12001;;;;CDFL;CUST;309;UN;309;UN;170,61;BRL;1;0;0;0;0,00;0;0,00;1;ZF 1302603;52.718,71
4500144395;30;4600002059;60;0,00;0,00;1003624    POOL ENGENHARIA, SERVICO, INDUSTRIA;NB;F;A12;;22/01/2026;CA;401959;CRUZETA POL FBV/RES PES 2400X112,5X90MM;MC12001;;;;CDFL;INVT;500;UN;500;UN;170,61;BRL;1;0;0;0;0,00;0;0,00;1;ZF 1302603;85.305,35
4500144462;10;4600003438;20;0,00;0,00;1003624    POOL ENGENHARIA, SERVICO, INDUSTRIA;NB;F;A12;;22/01/2026;CA;803470;PONTALETE FBV 100MM 6M;MC02001;;;;CDFL;CUST;860;UN;860;UN;318,17;BRL;1;0;0;0;0,00;0;0,00;1;ZF 1302603;273.622,67
4500145738;10;4600002059;60;0,00;0,00;1003624    POOL ENGENHARIA, SERVICO, INDUSTRIA;NB;F;A12;;10/02/2026;CA;401959;CRUZETA POL FBV/RES PES 2400X112,5X90MM;MC12001;;;;CDFL;INVT;1.000;UN;1.000;UN;170,61;BRL;1;0;0;0;0,00;0;0,00;1;ZF 1302603;170.610,70
4500147599;10;4600003063;40;0,00;0,00;1003672    TAG COMERCIO DE TINTAS EIRELI;NB;F;A03;;24/02/2026;C0;404183;"PARAFUSO AUTO BROCANTE 14 X 1"" CHAV. 3/8";MC01301;;;;CDFL;INVT;240;UN;240;UN;0,26;BRL;1;0;0;240;62,40;240;62,40;1;ZF 1302603;62,40
4500147599;30;4600003063;20;0,00;0,00;1003672    TAG COMERCIO DE TINTAS EIRELI;NB;F;A03;;24/02/2026;C1;803176;"PARAFUSO AUTO BROCANTE 14 X 1"" CHAV. 3/8";MC01301;;;;CDFL;CUST;1.076;UN;1.076;UN;0,21;BRL;1;0;0;1.076;223,81;1.076;223,81;1;ZF 1302603;223,81
4500144854;10;4600003185;10;0,00;0,00;1003685    S&C ELECTRIC DO BRASIL LTDA;NB;F;A03;;28/01/2026;A7;401004;RELIGADOR 1F AUTOMAT 7,96 KV 100A 6,3kA;MC21701;;;;CDFL;INVT;6;UN;6;UN;17.251,14;BRL;1;0;0;6;103.506,84;6;103.506,84;1;ZF 1302603;103.506,84
4500148060;10;4600003530;10;0,00;0,00;1003780    INTELLI INDUSTRIA DE TERMINAIS ELET;NB;F;A12;;03/03/2026;C1;402155;CONECTOR DER CUNHA AL 2AWG 336,4MCM;MC12002;;;;CDFL;INVT;271;UN;271;UN;11,22;BRL;1;0;0;271;3.039,48;271;3.039,48;1;ZF 1302603;3.039,48
4500148060;20;4600003530;30;0,00;0,00;1003780    INTELLI INDUSTRIA DE TERMINAIS ELET;NB;F;A12;;03/03/2026;C1;800886;CONECTOR DER CUNHA AL 2/0AWG 336,4MCM;MC12002;;;;CDFL;CUST;240;UN;240;UN;32,50;BRL;1;0;0;240;7.800,84;240;7.800,84;1;ZF 1302603;7.800,84
4500148060;30;4600003530;20;0,00;0,00;1003780    INTELLI INDUSTRIA DE TERMINAIS ELET;NB;F;A12;;03/03/2026;C1;400506;CONECTOR DER CU 13-34MM2;MC12002;;;;CDFL;INVT;5.710;UN;5.710;UN;8,97;BRL;1;0;0;5.710;51.191,29;5.710;51.191,29;1;ZF 1302603;51.191,29
4500148060;40;4600003530;40;0,00;0,00;1003780    INTELLI INDUSTRIA DE TERMINAIS ELET;NB;F;A12;;03/03/2026;C1;801215;CONECTOR DER CU 13-34MM2;MC12002;;;;CDFL;CUST;1.044;UN;1.044;UN;8,97;BRL;1;0;0;1.044;9.359,67;1.044;9.359,67;1;ZF 1302603;9.359,67
4500144683;10;4600003204;20;0,00;0,00;1003799    CONIMEL EMPRESA DE MATERIAL ELETRIC;NB;F;A12;;26/01/2026;C1;401566;CONECTOR PARAL AL 4/0AWG 1/0AWG;MC10301;;;;CDFL;INVT;1.000;UN;1.000;UN;17,38;BRL;1;0;0;1.000;17.381,70;1.000;17.381,70;1;ZF 1302603;17.381,70
4500144683;20;4600003204;10;0,00;0,00;1003799    CONIMEL EMPRESA DE MATERIAL ELETRIC;NB;F;A12;;26/01/2026;C1;400790;CONECTOR ATERR REFORÇ HAST/CAB 5/8-35MM2;MC10301;;;;CDFL;INVT;1.294;UN;1.294;UN;17,54;BRL;1;0;0;1.294;22.696,50;1.294;22.696,50;1;ZF 1302603;22.696,50
4500144684;20;4600003204;40;0,00;0,00;1003799    CONIMEL EMPRESA DE MATERIAL ELETRIC;NB;F;A12;;26/01/2026;C1;800889;CONECTOR PARAL AL 4/0AWG 1/0AWG;MC10301;;;;CDFL;CUST;890;UN;890;UN;17,38;BRL;1;0;0;890;15.469,71;890;15.469,71;1;ZF 1302603;15.469,71
4500145719;10;4600003093;20;0,00;0,00;1003799    CONIMEL EMPRESA DE MATERIAL ELETRIC;NB;F;A03;;10/02/2026;C1;801232;CONECTOR CUNHA AM AL 336,4MCM 336,4MCM;MC12002;;;;CDFL;CUST;1.835;UN;1.835;UN;33,55;BRL;1;0;0;1.835;61.572,32;1.835;61.572,32;1;ZF 1302603;61.572,32
4500145719;20;4600003093;40;0,00;0,00;1003799    CONIMEL EMPRESA DE MATERIAL ELETRIC;NB;F;A03;;10/02/2026;C1;800884;CONECTOR CUNHA LIGA AL AZ 120MM2 4/0AWG;MC12002;;;;CDFL;CUST;600;UN;600;UN;11,30;BRL;1;0;0;600;6.779,70;600;6.779,70;1;ZF 1302603;6.779,70
4500145719;30;4600003093;50;0,00;0,00;1003799    CONIMEL EMPRESA DE MATERIAL ELETRIC;NB;F;A03;;10/02/2026;C1;801215;CONECTOR DER CU 13-34MM2;MC12002;;;;CDFL;CUST;590;UN;590;UN;7,36;BRL;1;0;0;590;4.340,22;590;4.340,22;1;ZF 1302603;4.340,22
4500145719;40;4600003093;90;0,00;0,00;1003799    CONIMEL EMPRESA DE MATERIAL ELETRIC;NB;F;A03;;10/02/2026;C1;400506;CONECTOR DER CU 13-34MM2;MC12002;;;;CDFL;INVT;2.535;UN;2.535;UN;7,36;BRL;1;0;0;2.535;18.648,22;2.535;18.648,22;1;ZF 1302603;18.648,22
4500145719;60;4600003093;120;0,00;0,00;1003799    CONIMEL EMPRESA DE MATERIAL ELETRIC;NB;F;A03;;10/02/2026;C1;402185;CONECTOR DER CUNHA ESTRIBO 336,4 MCM;MC12002;;;;CDFL;INVT;685;UN;685;UN;35,04;BRL;1;0;0;685;24.004,04;685;24.004,04;1;ZF 1302603;24.004,04
4500145719;70;4600003093;70;0,00;0,00;1003799    CONIMEL EMPRESA DE MATERIAL ELETRIC;NB;F;A03;;10/02/2026;C1;400512;CONECTOR DER CUNHA AL 1/0AWG 336,4MCM;MC12002;;;;CDFL;INVT;45;UN;45;UN;43,86;BRL;1;0;0;45;1.973,65;45;1.973,65;1;ZF 1302603;1.973,65
4500145743;10;4600003204;10;0,00;0,00;1003799    CONIMEL EMPRESA DE MATERIAL ELETRIC;NB;F;A12;;10/02/2026;C1;400790;CONECTOR ATERR REFORÇ HAST/CAB 5/8-35MM2;MC10301;;;;CDFL;INVT;4.055;UN;4.055;UN;17,54;BRL;1;0;0;4.055;71.123,89;4.055;71.123,89;1;ZF 1302603;71.123,89
4500145743;20;4600003204;20;0,00;0,00;1003799    CONIMEL EMPRESA DE MATERIAL ELETRIC;NB;F;A12;;10/02/2026;C1;401566;CONECTOR PARAL AL 4/0AWG 1/0AWG;MC10301;;;;CDFL;INVT;3.200;UN;3.200;UN;17,38;BRL;1;0;0;3.200;55.621,44;3.200;55.621,44;1;ZF 1302603;55.621,44
4500145786;10;4600003112;160;0,00;0,00;1003799    CONIMEL EMPRESA DE MATERIAL ELETRIC;NB;F;A12;;11/02/2026;C1;400507;CONECTOR PARAL AL 10-2/0AWG (6-70MM2);MC10301;;;;CDFL;INVT;210;UN;210;UN;5,96;BRL;1;0;0;210;1.251,87;210;1.251,87;1;ZF 1302603;1.251,87
4500145786;20;4600003112;140;0,00;0,00;1003799    CONIMEL EMPRESA DE MATERIAL ELETRIC;NB;F;A12;;11/02/2026;C1;403182;CONECTOR CHAVE SEC 1P FACA CU 10-300MM2;MC12002;;;;CDFL;INVT;1.000;UN;1.000;UN;173,22;BRL;1;0;0;1.000;173.221,80;1.000;173.221,80;1;ZF 1302603;173.221,80
4500145786;30;4600003112;170;0,00;0,00;1003799    CONIMEL EMPRESA DE MATERIAL ELETRIC;NB;F;A12;;11/02/2026;C1;802249;CONECTOR CHAVE SEC 1P FACA CU 10-300MM2;MC12002;;;;CDFL;CUST;1.000;UN;1.000;UN;173,22;BRL;1;0;0;1.000;173.221,80;1.000;173.221,80;1;ZF 1302603;173.221,80
4500146982;10;4600003204;40;0,00;0,00;1003799    CONIMEL EMPRESA DE MATERIAL ELETRIC;NB;F;A12;;20/02/2026;C1;800889;CONECTOR PARAL AL 4/0AWG 1/0AWG;MC10301;;;;CDFL;CUST;500;UN;500;UN;17,38;BRL;1;0;0;500;8.690,85;500;8.690,85;1;ZF 1302603;8.690,85
4500146983;10;4600003204;20;0,00;0,00;1003799    CONIMEL EMPRESA DE MATERIAL ELETRIC;NB;F;A12;;20/02/2026;C1;401566;CONECTOR PARAL AL 4/0AWG 1/0AWG;MC10301;;;;CDFL;INVT;2.000;UN;2.000;UN;17,38;BRL;1;0;0;2.000;34.763,40;2.000;34.763,40;1;ZF 1302603;34.763,40
4500150326;10;4600003204;30;0,00;0,00;1003799    CONIMEL EMPRESA DE MATERIAL ELETRIC;NB;F;A12;;01/04/2026;C1;800054;CONECTOR ATERRAMENTO HAST/CABO 3,5-9,4MM;MC10301;;;;CDFL;CUST;7.086;UN;7.086;UN;17,54;BRL;1;0;0;7.086;124.287,02;7.086;124.287,02;1;ZF 1302603;124.287,02
4500150222;10;;0;0,00;0,00;1003813    CECIL CONCORDE COMERCIO INDUSTRIA I;ZCDR;F;GAE;;26/03/2026;C0;112065;CANETA MARCA TEXTO AM;MC02301;;;;CDFL;CUST;10;UN;10;UN;1,00;BRL;1;0;0;10;10,00;10;10,00;1;ZF 1302603;10,00
4500150222;20;;0;0,00;0,00;1003813    CECIL CONCORDE COMERCIO INDUSTRIA I;ZCDR;F;GAE;;26/03/2026;C7;802464;CLIPE ACO NIQ N 4/0 CX 50UN;MC02301;;;;CDFL;CUST;20;UN;20;UN;3,11;BRL;1;0;0;20;62,26;20;62,26;1;ZF 1302603;62,26
4500150222;30;;0;0,00;0,00;1003813    CECIL CONCORDE COMERCIO INDUSTRIA I;ZCDR;F;GAE;;26/03/2026;C7;110649;CLIPE PAPEL AC NIQ TAM N 3/0;MC02301;;;;CDFL;CUST;10;CX;10;CX;2,76;BRL;1;0;0;10;27,60;10;27,60;1;ZF 1302603;27,60
4500150222;40;;0;0,00;0,00;1003813    CECIL CONCORDE COMERCIO INDUSTRIA I;ZCDR;F;GAE;;26/03/2026;C0;110356;PASTA L PLAST AZ 31X22CM;MC02301;;;;CDFL;CUST;20;UN;20;UN;0,70;BRL;1;0;0;20;14,00;20;14,00;1;ZF 1302603;14,00
4500150222;50;;0;0,00;0,00;1003813    CECIL CONCORDE COMERCIO INDUSTRIA I;ZCDR;F;GAE;;26/03/2026;C0;804453;PRANCHETA MAD COMP C/PREND MET 230X340M;MC02301;;;;CDFL;CUST;5;UN;5;UN;4,77;BRL;1;0;0;5;23,85;5;23,85;1;ZF 1302603;23,85
4500150222;60;;0;0,00;0,00;1003813    CECIL CONCORDE COMERCIO INDUSTRIA I;ZCDR;F;GAE;;26/03/2026;C1;110215;CAIXA ARQUIVO PLAST CORRUG 360X135X250MM;MC02301;;;;CDFL;CUST;150;UN;150;UN;3,50;BRL;1;0;0;150;525,60;150;525,60;1;ZF 1302603;525,60
4500150222;70;;0;0,00;0,00;1003813    CECIL CONCORDE COMERCIO INDUSTRIA I;ZCDR;F;GAE;;26/03/2026;C0;112242;CLIPE PAPEL AC NIQ TAM 8/0;MC02301;;;;CDFL;CUST;10;CX;10;CX;4,80;BRL;1;0;0;10;48,00;10;48,00;1;ZF 1302603;48,00
4500150222;80;;0;0,00;0,00;1003813    CECIL CONCORDE COMERCIO INDUSTRIA I;ZCDR;F;GAE;;26/03/2026;C0;110708;EXTRATOR GRAMPOS ESPATULA AI 150MM;MC02301;;;;CDFL;CUST;10;UN;10;UN;1,40;BRL;1;0;0;10;14,00;10;14,00;1;ZF 1302603;14,00
4500150222;90;;0;0,00;0,00;1003813    CECIL CONCORDE COMERCIO INDUSTRIA I;ZCDR;F;GAE;;26/03/2026;C0;110404;ENVELOPE CORRES PAP 80G/M2 NT 340X240MM;MC02301;;;;CDFL;CUST;2;UN;2;UN;7,12;BRL;1;0;0;2;14,24;2;14,24;1;ZF 1302603;14,24
4500150222;100;;0;0,00;0,00;1003813    CECIL CONCORDE COMERCIO INDUSTRIA I;ZCDR;F;GAE;;26/03/2026;C0;112066;PAPEL AUTO ADES 38X50MM 100FL POST IT;MC02301;;;;CDFL;CUST;10;CX;10;CX;5,37;BRL;1;0;0;10;53,70;10;53,70;1;ZF 1302603;53,70
4500150222;110;;0;0,00;0,00;1003813    CECIL CONCORDE COMERCIO INDUSTRIA I;ZCDR;F;GAE;;26/03/2026;C0;804398;ESTILETE 18 MM;MC01401;;;;CDFL;CUST;6;UN;6;UN;6,60;BRL;1;0;0;6;39,60;6;39,60;1;ZF 1302603;39,60
4500145134;10;;0;0,00;0,00;1003818    B A ELETRICA LTDA;ZCDR;F;A14;;05/02/2026;C0;110418;DISCO CORTE ACO 7P;MC01401;;;;CDFL;CUST;100;UN;100;UN;5,27;BRL;1;0;0;0;0,00;0;0,00;1;ZF 1302603;527,00
4500146047;10;;0;0,00;0,00;1003818    B A ELETRICA LTDA;ZCDR;F;GAE;;13/02/2026;C0;804842;BATERIA VEICULAR 100A;MC20101;;;;CDFL;CUST;1;UN;1;UN;1.285,63;BRL;1;0;0;0;0,00;0;0,00;1;ZF 1302603;1.285,63
4500147553;10;;0;0,00;0,00;1003818    B A ELETRICA LTDA;ZCDR;F;GAE;;24/02/2026;C0;114242;"""DISCO CORTE P/ FERRO 7""""X1,6 X PC 50,00";MC01401;;;;CDFL;CUST;50;UN;50;UN;5,27;BRL;1;0;0;0;0,00;0;0,00;1;ZF 1302603;263,50
4500147645;10;;0;0,00;0,00;1003818    B A ELETRICA LTDA;ZCDR;F;A14;;25/02/2026;C0;403602;ABRACADEIRA PLAS UV 525X8,90MM TRI;MC02901;;;;CDFL;INVT;629;UN;629;UN;2,17;BRL;1;0;0;0;0,00;0;0,00;1;ZF 1302603;1.364,93
4500147694;10;4600003162;50;0,00;0,00;1003818    B A ELETRICA LTDA;NB;F;A14;;26/02/2026;C0;802141;FITA ISOL ELET 19MMX20M 0,19MM AZ;MC10903;;;;CDFL;CUST;50;UN;50;UN;53,44;BRL;1;0;0;0;0,00;0;0,00;1;ZF 1302603;2.672,00
4500147694;20;4600003162;60;0,00;0,00;1003818    B A ELETRICA LTDA;NB;F;A14;;26/02/2026;C0;802158;FITA ISOL ELET 19MMX20M 0,19MM BR;MC10903;;;;CDFL;CUST;50;UN;50;UN;53,44;BRL;1;0;0;0;0,00;0;0,00;1;ZF 1302603;2.672,00
4500147694;30;4600003162;70;0,00;0,00;1003818    B A ELETRICA LTDA;NB;F;A14;;26/02/2026;C0;802138;FITA ISOL ELET 19MMX20M 0,19MM VM;MC10903;;;;CDFL;CUST;27;UN;27;UN;53,44;BRL;1;0;0;0;0,00;0;0,00;1;ZF 1302603;1.442,88
4500148056;10;;0;0,00;0,00;1003818    B A ELETRICA LTDA;ZCDR;F;GAE;;03/03/2026;CA;403602;ABRACADEIRA PLAS UV 525X8,90MM TRI;MC02901;;;;CDFL;INVT;2.000;UN;2.000;UN;1,74;BRL;1;0;0;0;0,00;0;0,00;1;ZF 1302603;3.472,00
4500148056;20;;0;0,00;0,00;1003818    B A ELETRICA LTDA;ZCDR;F;GAE;;03/03/2026;C0;401465;CONECTOR PERF AL 16-120MM2 / 16-120MM2;MC12002;;;;CDFL;INVT;500;UN;500;UN;10,29;BRL;1;0;0;0;0,00;0;0,00;1;ZF 1302603;5.145,00
4500148056;30;;0;0,00;0,00;1003818    B A ELETRICA LTDA;ZCDR;F;GAE;;03/03/2026;C0;400359;ALCA PREFORM ESTAI 3/8P 9,5MM 889MM;MC11001;;;;CDFL;INVT;410;UN;410;UN;25,23;BRL;1;0;0;0;0,00;0;0,00;1;ZF 1302603;10.344,30
4500150256;10;;0;0,00;0,00;1003818    B A ELETRICA LTDA;ZCDR;F;GAE;;27/03/2026;C0;805627;TERMINAL COMPRESSÃO 400MM2;MC10401;;;;CDFL;CUST;4;UN;4;UN;89,23;BRL;1;0;0;4;356,92;4;356,92;1;ZF 1302603;356,92
4500145239;10;4600003195;50;0,00;0,00;1003866    ARCOMA DA AMAZONIA IND E COM LTDA;NB;F;A03;;06/02/2026;CA;400224;POSTE CONC DUPL T 11 M 300 DAN;MC13001;;;;CDFL;INVT;200;UN;200;UN;1.506,60;BRL;1;0;0;75;112.995,00;75;112.995,00;1;ZF 1302603;301.320,00
4500145239;20;4600003195;50;0,00;0,00;1003866    ARCOMA DA AMAZONIA IND E COM LTDA;NB;F;A03;;06/02/2026;CA;400224;POSTE CONC DUPL T 11 M 300 DAN;MC13001;;;;CDFL;INVT;115;UN;115;UN;1.506,60;BRL;1;0;0;115;173.259,00;115;173.259,00;1;ZF 1302603;173.259,00
4500150142;10;;0;0,00;0,00;1003874    COCIL CONSTRUCOES CIVIS E INDUSTRIA;ZCDR;F;GAE;;24/03/2026;C0;410212;FITA AUTOADESIVA BLINDAGEM 10cmX10m;MC03701;;;;CDFL;INVT;350;UN;350;UN;20,43;BRL;1;0;0;350;7.150,50;350;7.150,50;1;ZF 1302603;7.150,50
4500145027;10;4600003213;210;0,00;0,00;1003949    FLEX INDUSTRIA DE FIOS E CABOS ELET;NB;F;A15;;04/02/2026;C0;402318;CABO  MULT 3X120+1X70MM² XLPE 0,6/1 KV;MC10101;;;;CDFL;INVT;8.073;M;8.073;M;47,31;BRL;1;0;0;8.073;381.933,63;8.073;381.933,63;1;ZF 1302603;381.933,63
4500146770;10;4600003068;110;0,00;0,00;1003949    FLEX INDUSTRIA DE FIOS E CABOS ELET;NB;F;GAE;;19/02/2026;CA;402152;CABO ELET CU 95MM2 90°XLPE 0,6/1KV;MC10101;;;;CDFL;INVT;500;M;500;M;60,35;BRL;1;0;0;0;0,00;0;0,00;1;ZF 1302603;30.173,85
4500147222;10;4600003213;330;0,00;0,00;1003949    FLEX INDUSTRIA DE FIOS E CABOS ELET;NB;F;A16;;20/02/2026;CA;402318;CABO  MULT 3X120+1X70MM² XLPE 0,6/1 KV;MC10101;;;;CDFL;INVT;34.000;M;34.000;M;44,00;BRL;1;0;0;0;0,00;0;0,00;1;ZF 1302603;1.495.942,20
4500147616;10;4600003068;130;0,00;0,00;1003949    FLEX INDUSTRIA DE FIOS E CABOS ELET;NB;F;GAE;;25/02/2026;CA;402152;CABO ELET CU 95MM2 90°XLPE 0,6/1KV;MC10101;;;;CDFL;INVT;1.187;M;1.187;M;60,35;BRL;1;0;0;0;0,00;0;0,00;1;ZF 1302603;71.632,72
4500148070;10;4600003213;340;0,00;0,00;1003949    FLEX INDUSTRIA DE FIOS E CABOS ELET;NB;F;A03;;04/03/2026;CA;801185;CABO  MULT 2X10+1X10 MM² XLPE 0,6/1 KV;MC10101;;;;CDFL;CUST;600;M;600;M;2,78;BRL;1;0;0;0;0,00;0;0,00;1;ZF 1302603;1.670,40
4500148070;20;4600003213;350;0,00;0,00;1003949    FLEX INDUSTRIA DE FIOS E CABOS ELET;NB;F;A03;;04/03/2026;CA;400443;CABO  MULT 2X25+1X25MM² XLPE 0,6/1 KV;MC10101;;;;CDFL;INVT;3.000;M;3.000;M;5,94;BRL;1;0;0;0;0,00;0;0,00;1;ZF 1302603;17.832,00
4500148070;30;4600003213;360;0,00;0,00;1003949    FLEX INDUSTRIA DE FIOS E CABOS ELET;NB;F;A03;;04/03/2026;CA;400474;CABO  MULT 3X70+1X70 MM² XLPE 0,6/1 KV;MC10101;;;;CDFL;INVT;16.608;M;16.608;M;22,40;BRL;1;0;0;0;0,00;0;0,00;1;ZF 1302603;372.019,20
4500148070;40;4600003213;370;0,00;0,00;1003949    FLEX INDUSTRIA DE FIOS E CABOS ELET;NB;F;A03;;04/03/2026;CA;400487;CABO  MULT 3X120+1X120MM² XLPE 0,6/1 KV;MC10101;;;;CDFL;INVT;7.000;M;7.000;M;43,84;BRL;1;0;0;0;0,00;0;0,00;1;ZF 1302603;306.880,00
4500148087;10;4600003048;210;0,00;0,00;1003949    FLEX INDUSTRIA DE FIOS E CABOS ELET;NB;F;GAE;;04/03/2026;CA;401886;CABO AL NU C/ALMA ACO CAA-2AWG SPAROW;MC10101;;;;CDFL;INVT;1.076;KG;1.076;KG;24,00;BRL;1;0;0;1.076;25.824,00;1.076;25.824,00;1;ZF 1302603;25.824,00
4500148087;20;4600003048;220;0,00;0,00;1003949    FLEX INDUSTRIA DE FIOS E CABOS ELET;NB;F;GAE;;04/03/2026;CA;402397;CABO ELET NU CA 1/0AWG 53,5 MM2 POPPY;MC10101;;;;CDFL;INVT;35.616;KG;35.616;KG;26,97;BRL;1;0;0;28.353;764.680,41;28.353;764.680,41;1;ZF 1302603;960.563,52
4500148087;30;4600003048;230;0,00;0,00;1003949    FLEX INDUSTRIA DE FIOS E CABOS ELET;NB;F;GAE;;04/03/2026;CA;400460;CABO ELET NU CA AL 2/0AWG 67,40MM2 ASTER;MC10101;;;;CDFL;INVT;15.363;KG;15.363;KG;23,20;BRL;1;0;0;2.307;53.522,40;2.307;53.522,40;1;ZF 1302603;356.421,60
4500148087;40;4600003048;240;0,00;0,00;1003949    FLEX INDUSTRIA DE FIOS E CABOS ELET;NB;F;GAE;;04/03/2026;CA;400434;CABO ELET NU CA AL 2AWG 33,54MM2 IRIS;MC10101;;;;CDFL;INVT;6.576;KG;6.576;KG;26,97;BRL;1;0;0;0;0,00;0;0,00;1;ZF 1302603;177.354,72
4500148087;50;4600003048;250;0,00;0,00;1003949    FLEX INDUSTRIA DE FIOS E CABOS ELET;NB;F;GAE;;04/03/2026;CA;800682;CABO NU CA AL 4/0 AWG 7X4,417MM OXLIP;MC10101;;;;CDFL;CUST;6.615;KG;6.615;KG;23,20;BRL;1;0;0;4.498;104.353,60;4.498;104.353,60;1;ZF 1302603;153.468,00
4500148814;20;;0;0,00;0,00;1003949    FLEX INDUSTRIA DE FIOS E CABOS ELET;NB;F;GAE;;11/03/2026;CA;400708;CABO ELETR 15KV AL PROT XLPE 50MM2 1F MT;MC10101;;;;CDFL;INVT;33.303;M;33.303;M;5,20;BRL;1;0;0;0;0,00;0;0,00;1;ZF 1302603;173.175,60
4500144522;10;4600003262;90;0,00;0,00;1003953    CONDUMAX - ELETRO METALURGICA CIAFU;NB;F;A02;;23/01/2026;C1;404009;CABO AL CONCENTRICO 1F 1x16+16MM2;MC10101;;;;CDFL;INVT;86.908;M;86.908;M;4,77;BRL;1;0;0;86.908;414.629,38;86.908;414.629,38;1;ZF 1302603;414.629,38
4500144522;20;4600003262;50;0,00;0,00;1003953    CONDUMAX - ELETRO METALURGICA CIAFU;NB;F;A02;;23/01/2026;C1;403656;CABO AL CONCENTRICO 3F 3X25+25MM2;MC10101;;;;CDFL;INVT;54.000;M;54.000;M;20,61;BRL;1;0;0;54.000;1.112.875,20;54.000;1.112.875,20;1;ZF 1302603;1.112.875,20
4500147470;10;;0;0,00;0,00;1003953    CONDUMAX - ELETRO METALURGICA CIAFU;NB;F;A13;;23/02/2026;C0;403574;CABO AL CONCENTRICO 3F 3X95+95MM2;MC10101;;;;CDFL;INVT;36.000;M;36.000;M;64,64;BRL;1;0;0;36.000;2.327.040,00;36.000;2.327.040,00;1;ZF 1302603;2.327.040,00
4500147470;20;;0;0,00;0,00;1003953    CONDUMAX - ELETRO METALURGICA CIAFU;NB;F;A13;;23/02/2026;C0;403574;CABO AL CONCENTRICO 3F 3X95+95MM2;MC10101;;;;CDFL;INVT;36.000;M;36.000;M;64,64;BRL;1;0;0;36.000;2.327.040,00;36.000;2.327.040,00;1;ZF 1302603;2.327.040,00
4500147470;30;;0;0,00;0,00;1003953    CONDUMAX - ELETRO METALURGICA CIAFU;NB;F;A13;;23/02/2026;C0;403574;CABO AL CONCENTRICO 3F 3X95+95MM2;MC10101;;;;CDFL;INVT;43.000;M;43.000;M;64,64;BRL;1;0;0;43.000;2.779.520,00;43.000;2.779.520,00;1;ZF 1302603;2.779.520,00
4500147470;40;;0;0,00;0,00;1003953    CONDUMAX - ELETRO METALURGICA CIAFU;NB;F;A13;;23/02/2026;C0;403656;CABO AL CONCENTRICO 3F 3X25+25MM2;MC10101;;;;CDFL;INVT;56.000;M;56.000;M;22,14;BRL;1;0;0;56.000;1.239.840,00;56.000;1.239.840,00;1;ZF 1302603;1.239.840,00
4500147470;50;;0;0,00;0,00;1003953    CONDUMAX - ELETRO METALURGICA CIAFU;NB;F;A13;;23/02/2026;C0;404009;CABO AL CONCENTRICO 1F 1x16+16MM2;MC10101;;;;CDFL;INVT;58.000;M;58.000;M;5,13;BRL;1;0;0;58.000;297.540,00;58.000;297.540,00;1;ZF 1302603;297.540,00
4500147470;60;;0;0,00;0,00;1003953    CONDUMAX - ELETRO METALURGICA CIAFU;NB;F;A13;;23/02/2026;C0;408291;CABO AL CONCENTRICO 2F 2X25+25MM2;MC00201;;;;CDFL;INVT;25.000;M;25.000;M;16,06;BRL;1;0;0;25.000;401.500,00;25.000;401.500,00;1;ZF 1302603;401.500,00
4500147470;70;;0;0,00;0,00;1003953    CONDUMAX - ELETRO METALURGICA CIAFU;NB;F;A13;;23/02/2026;C0;408291;CABO AL CONCENTRICO 2F 2X25+25MM2;MC00201;;;;CDFL;INVT;30.000;M;30.000;M;16,06;BRL;1;0;0;30.000;481.800,00;30.000;481.800,00;1;ZF 1302603;481.800,00
4500147470;80;;0;0,00;0,00;1003953    CONDUMAX - ELETRO METALURGICA CIAFU;NB;F;A13;;23/02/2026;C0;408291;CABO AL CONCENTRICO 2F 2X25+25MM2;MC00201;;;;CDFL;INVT;117.000;M;117.000;M;16,06;BRL;1;0;0;117.000;1.879.020,00;117.000;1.879.020,00;1;ZF 1302603;1.879.020,00
4500147470;90;;0;0,00;0,00;1003953    CONDUMAX - ELETRO METALURGICA CIAFU;NB;F;A13;;23/02/2026;C0;403954;CABO AL CONCENTRICO 3F 3X50+50MM2;MC10101;;;;CDFL;INVT;3.827;M;3.827;M;36,82;BRL;1;0;0;3.827;140.910,14;3.827;140.910,14;1;ZF 1302603;140.910,14
4500147470;100;;0;0,00;0,00;1003953    CONDUMAX - ELETRO METALURGICA CIAFU;NB;F;A13;;23/02/2026;C0;804637;CABO AL CONCENTRICO 3F 3X10+10MM2;MC10101;;;;CDFL;CUST;1.000;M;1.000;M;10,21;BRL;1;0;0;1.000;10.210,00;1.000;10.210,00;1;ZF 1302603;10.210,00
4500147470;110;;0;0,00;0,00;1003953    CONDUMAX - ELETRO METALURGICA CIAFU;NB;F;A13;;23/02/2026;C0;804638;CABO AL CONCENTRICO 2F 2X25+25MM2;MC10101;;;;CDFL;CUST;1.000;M;1.000;M;16,82;BRL;1;0;0;1.000;16.820,00;1.000;16.820,00;1;ZF 1302603;16.820,00
4500147470;120;;0;0,00;0,00;1003953    CONDUMAX - ELETRO METALURGICA CIAFU;NB;F;A13;;23/02/2026;C0;804639;CABO AL CONCENTRICO 3F 3X25+25MM2;MC10101;;;;CDFL;CUST;1.000;M;1.000;M;22,14;BRL;1;0;0;1.000;22.140,00;1.000;22.140,00;1;ZF 1302603;22.140,00
4500147470;130;;0;0,00;0,00;1003953    CONDUMAX - ELETRO METALURGICA CIAFU;NB;F;A13;;23/02/2026;C0;804640;CABO AL CONCENTRICO 3F 3X16+16MM2;MC10101;;;;CDFL;CUST;1.000;M;1.000;M;13,29;BRL;1;0;0;1.000;13.290,00;1.000;13.290,00;1;ZF 1302603;13.290,00
4500147470;140;;0;0,00;0,00;1003953    CONDUMAX - ELETRO METALURGICA CIAFU;NB;F;A13;;23/02/2026;C0;804663;CABO AL CONCENTRICO 3F 3X50+50MM2;MC10101;;;;CDFL;CUST;1.000;M;1.000;M;36,82;BRL;1;0;0;1.000;36.820,00;1.000;36.820,00;1;ZF 1302603;36.820,00
4500147470;150;;0;0,00;0,00;1003953    CONDUMAX - ELETRO METALURGICA CIAFU;NB;F;A13;;23/02/2026;C0;804666;CABO AL CONCENTRICO 1F 1x16+16MM2;MC10101;;;;CDFL;CUST;1.000;M;1.000;M;5,13;BRL;1;0;0;1.000;5.130,00;1.000;5.130,00;1;ZF 1302603;5.130,00
4500149150;10;4600003262;100;0,00;0,00;1003953    CONDUMAX - ELETRO METALURGICA CIAFU;NB;F;GAE;;12/03/2026;C1;403843;CABO AL CONCENTRICO 3F 3X16+16MM2;MC10101;;;;CDFL;INVT;16.663;M;16.663;M;12,37;BRL;1;0;0;16.663;206.104,65;16.663;206.104,65;1;ZF 1302603;206.104,65
4500149830;10;4600003524;160;0,00;0,00;1003953    CONDUMAX - ELETRO METALURGICA CIAFU;NB;F;GAE;;18/03/2026;C0;404009;CABO AL CONCENTRICO 1F 1x16+16MM2;MC10101;;;;CDFL;INVT;100.000;M;100.000;M;5,13;BRL;1;0;0;100.000;513.000,00;100.000;513.000,00;1;ZF 1302603;513.000,00
4500149830;20;4600003524;170;0,00;0,00;1003953    CONDUMAX - ELETRO METALURGICA CIAFU;NB;F;GAE;;18/03/2026;C0;408291;CABO AL CONCENTRICO 2F 2X25+25MM2;MC00201;;;;CDFL;INVT;15.700;M;15.700;M;16,06;BRL;1;0;0;15.700;252.142,00;15.700;252.142,00;1;ZF 1302603;252.142,00
4500149830;30;4600003524;180;0,00;0,00;1003953    CONDUMAX - ELETRO METALURGICA CIAFU;NB;F;GAE;;18/03/2026;C0;403656;CABO AL CONCENTRICO 3F 3X25+25MM2;MC10101;;;;CDFL;INVT;94.200;M;94.200;M;22,16;BRL;1;0;0;94.200;2.087.472,00;94.200;2.087.472,00;1;ZF 1302603;2.087.472,00
4500149830;40;4600003524;190;0,00;0,00;1003953    CONDUMAX - ELETRO METALURGICA CIAFU;NB;F;GAE;;18/03/2026;C0;403574;CABO AL CONCENTRICO 3F 3X95+95MM2;MC10101;;;;CDFL;INVT;800;M;800;M;57,96;BRL;1;0;0;800;46.368,00;800;46.368,00;1;ZF 1302603;46.368,00
4500150279;10;4600003524;210;0,00;0,00;1003953    CONDUMAX - ELETRO METALURGICA CIAFU;NB;F;GAE;;30/03/2026;C1;403574;CABO AL CONCENTRICO 3F 3X95+95MM2;MC10101;;;;CDFL;INVT;36.000;M;36.000;M;60,12;BRL;1;0;0;36.000;2.164.147,20;36.000;2.164.147,20;1;ZF 1302603;2.164.147,20
4500150279;20;4600003524;220;0,00;0,00;1003953    CONDUMAX - ELETRO METALURGICA CIAFU;NB;F;GAE;;30/03/2026;C1;403574;CABO AL CONCENTRICO 3F 3X95+95MM2;MC10101;;;;CDFL;INVT;36.000;M;36.000;M;60,12;BRL;1;0;0;36.000;2.164.147,20;36.000;2.164.147,20;1;ZF 1302603;2.164.147,20
4500150279;30;4600003524;230;0,00;0,00;1003953    CONDUMAX - ELETRO METALURGICA CIAFU;NB;F;GAE;;30/03/2026;C1;403574;CABO AL CONCENTRICO 3F 3X95+95MM2;MC10101;;;;CDFL;INVT;43.000;M;43.000;M;60,12;BRL;1;0;0;43.000;2.584.953,60;43.000;2.584.953,60;1;ZF 1302603;2.584.953,60
4500150279;40;4600003524;240;0,00;0,00;1003953    CONDUMAX - ELETRO METALURGICA CIAFU;NB;F;GAE;;30/03/2026;C1;403656;CABO AL CONCENTRICO 3F 3X25+25MM2;MC10101;;;;CDFL;INVT;56.000;M;56.000;M;20,59;BRL;1;0;0;56.000;1.153.051,20;56.000;1.153.051,20;1;ZF 1302603;1.153.051,20
4500150279;50;4600003524;250;0,00;0,00;1003953    CONDUMAX - ELETRO METALURGICA CIAFU;NB;F;GAE;;30/03/2026;C1;404009;CABO AL CONCENTRICO 1F 1x16+16MM2;MC10101;;;;CDFL;INVT;58.000;M;58.000;M;4,77;BRL;1;0;0;58.000;276.712,20;58.000;276.712,20;1;ZF 1302603;276.712,20
4500150279;60;4600003524;260;0,00;0,00;1003953    CONDUMAX - ELETRO METALURGICA CIAFU;NB;F;GAE;;30/03/2026;C1;408291;CABO AL CONCENTRICO 2F 2X25+25MM2;MC00201;;;;CDFL;INVT;25.000;M;25.000;M;14,94;BRL;1;0;0;25.000;373.395,00;25.000;373.395,00;1;ZF 1302603;373.395,00
4500150279;70;4600003524;270;0,00;0,00;1003953    CONDUMAX - ELETRO METALURGICA CIAFU;NB;F;GAE;;30/03/2026;C1;408291;CABO AL CONCENTRICO 2F 2X25+25MM2;MC00201;;;;CDFL;INVT;30.000;M;30.000;M;14,94;BRL;1;0;0;30.000;448.074,00;30.000;448.074,00;1;ZF 1302603;448.074,00
4500150279;80;4600003524;280;0,00;0,00;1003953    CONDUMAX - ELETRO METALURGICA CIAFU;NB;F;GAE;;30/03/2026;C1;408291;CABO AL CONCENTRICO 2F 2X25+25MM2;MC00201;;;;CDFL;INVT;117.000;M;117.000;M;14,94;BRL;1;0;0;117.000;1.747.488,60;117.000;1.747.488,60;1;ZF 1302603;1.747.488,60
4500150279;90;4600003524;290;0,00;0,00;1003953    CONDUMAX - ELETRO METALURGICA CIAFU;NB;F;GAE;;30/03/2026;C1;403954;CABO AL CONCENTRICO 3F 3X50+50MM2;MC10101;;;;CDFL;INVT;3.827;M;3.827;M;34,24;BRL;1;0;0;3.827;131.046,43;3.827;131.046,43;1;ZF 1302603;131.046,43
4500150279;100;4600003524;300;0,00;0,00;1003953    CONDUMAX - ELETRO METALURGICA CIAFU;NB;F;GAE;;30/03/2026;C1;804637;CABO AL CONCENTRICO 3F 3X10+10MM2;MC10101;;;;CDFL;CUST;1.000;M;1.000;M;9,50;BRL;1;0;0;1.000;9.495,30;1.000;9.495,30;1;ZF 1302603;9.495,30
4500150279;110;4600003524;320;0,00;0,00;1003953    CONDUMAX - ELETRO METALURGICA CIAFU;NB;F;GAE;;30/03/2026;C1;804639;CABO AL CONCENTRICO 3F 3X25+25MM2;MC10101;;;;CDFL;CUST;1.000;M;1.000;M;20,59;BRL;1;0;0;1.000;20.590,20;1.000;20.590,20;1;ZF 1302603;20.590,20
4500150279;120;4600003524;330;0,00;0,00;1003953    CONDUMAX - ELETRO METALURGICA CIAFU;NB;F;GAE;;30/03/2026;C1;804640;CABO AL CONCENTRICO 3F 3X16+16MM2;MC10101;;;;CDFL;CUST;1.000;M;1.000;M;12,36;BRL;1;0;0;1.000;12.359,70;1.000;12.359,70;1;ZF 1302603;12.359,70
4500150279;130;4600003524;340;0,00;0,00;1003953    CONDUMAX - ELETRO METALURGICA CIAFU;NB;F;GAE;;30/03/2026;C1;804663;CABO AL CONCENTRICO 3F 3X50+50MM2;MC10101;;;;CDFL;CUST;1.000;M;1.000;M;34,24;BRL;1;0;0;1.000;34.242,60;1.000;34.242,60;1;ZF 1302603;34.242,60
4500150279;140;4600003524;350;0,00;0,00;1003953    CONDUMAX - ELETRO METALURGICA CIAFU;NB;F;GAE;;30/03/2026;C1;804666;CABO AL CONCENTRICO 1F 1x16+16MM2;MC10101;;;;CDFL;CUST;1.000;M;1.000;M;4,77;BRL;1;0;0;1.000;4.770,90;1.000;4.770,90;1;ZF 1302603;4.770,90
4500147276;10;4600003495;10;0,00;0,00;1004058    ECOFIBRA INDUSTRIA E COMERCIO DE CO;NB;F;GAE;;20/02/2026;C1;400221;POSTE FIBRA VIDRO E-CR 11M 300DAN;MC12001;;;;CDFL;INVT;100;UN;100;UN;1.720,02;BRL;1;0;0;100;172.001,64;100;172.001,64;1;ZF 1302603;172.001,64
4500147276;20;4600003495;20;0,00;0,00;1004058    ECOFIBRA INDUSTRIA E COMERCIO DE CO;NB;F;GAE;;20/02/2026;C1;402425;POSTE FIBRA VIDRO 15M 600DAN;MC12001;;;;CDFL;INVT;10;UN;10;UN;4.442,85;BRL;1;0;0;10;44.428,52;10;44.428,52;1;ZF 1302603;44.428,52
4500147276;30;4600003495;40;0,00;0,00;1004058    ECOFIBRA INDUSTRIA E COMERCIO DE CO;NB;F;GAE;;20/02/2026;C1;401699;POSTE FIBRA VIDRO E-CR 13M 400DAN;MC12001;;;;CDFL;INVT;5;UN;5;UN;2.476,99;BRL;1;0;0;5;12.384,95;5;12.384,95;1;ZF 1302603;12.384,95
4500147276;40;4600003495;50;0,00;0,00;1004058    ECOFIBRA INDUSTRIA E COMERCIO DE CO;NB;F;GAE;;20/02/2026;C7;401931;POSTE FIBRA VIDRO E-CR 13M 600DAN;MC12001;;;;CDFL;INVT;10;UN;10;UN;2.824,56;BRL;1;0;0;10;28.245,61;10;28.245,61;1;ZF 1302603;28.245,61
4500147276;50;4600003495;70;0,00;0,00;1004058    ECOFIBRA INDUSTRIA E COMERCIO DE CO;NB;F;GAE;;20/02/2026;C7;401318;POSTE FIBRA VIDRO E-CR 9M 600DAN;MC12001;;;;CDFL;INVT;100;UN;100;UN;1.702,44;BRL;1;0;0;100;170.243,65;100;170.243,65;1;ZF 1302603;170.243,65
4500148305;20;4600003495;30;0,00;0,00;1004058    ECOFIBRA INDUSTRIA E COMERCIO DE CO;NB;F;GAE;;06/03/2026;C1;401987;POSTE FIBRA VIDRO 22M 1000DAN;MC12001;;;;CDFL;INVT;10;UN;10;UN;13.426,25;BRL;1;0;0;10;134.262,52;10;134.262,52;1;ZF 1302603;134.262,52
4500148305;30;4600003495;60;0,00;0,00;1004058    ECOFIBRA INDUSTRIA E COMERCIO DE CO;NB;F;GAE;;06/03/2026;C1;400227;POSTE FIBRA VIDRO E-CR 18M 600DAN;MC12001;;;;CDFL;INVT;16;UN;16;UN;5.844,75;BRL;1;0;0;16;93.516,04;16;93.516,04;1;ZF 1302603;93.516,04
4500148305;40;4600003495;20;0,00;0,00;1004058    ECOFIBRA INDUSTRIA E COMERCIO DE CO;NB;F;GAE;;06/03/2026;C1;402425;POSTE FIBRA VIDRO 15M 600DAN;MC12001;;;;CDFL;INVT;5;UN;5;UN;4.442,85;BRL;1;0;0;5;22.214,26;5;22.214,26;1;ZF 1302603;22.214,26
4500150252;10;4600003495;10;0,00;0,00;1004058    ECOFIBRA INDUSTRIA E COMERCIO DE CO;NB;F;GAE;;27/03/2026;C1;400221;POSTE FIBRA VIDRO E-CR 11M 300DAN;MC12001;;;;CDFL;INVT;150;UN;150;UN;1.720,02;BRL;1;0;0;150;258.002,46;150;258.002,46;1;ZF 1302603;258.002,46
4500150252;20;4600003495;10;0,00;0,00;1004058    ECOFIBRA INDUSTRIA E COMERCIO DE CO;NB;F;GAE;;27/03/2026;C1;400221;POSTE FIBRA VIDRO E-CR 11M 300DAN;MC12001;;;;CDFL;INVT;100;UN;100;UN;1.720,02;BRL;1;0;0;100;172.001,64;100;172.001,64;1;ZF 1302603;172.001,64
4500144577;10;4600003073;10;0,00;0,00;1004591    REAL ENERGIA EIRELI;NB;F;GAE;;23/01/2026;C1;804421;ISOLADOR PINO, POLIMERICO COM TRAVAS;MC12002;;;;CDFL;CUST;1.747;UN;1.747;UN;20,46;BRL;1;0;0;1.747;35.743,62;1.747;35.743,62;1;ZF 1302603;35.743,62
4500148635;10;4600003073;30;0,00;0,00;1004591    REAL ENERGIA EIRELI;NB;F;A01;;11/03/2026;C1;408994;ISOLADOR PINO, POLIMERICO COM TRAVAS;MC12002;;;;CDFL;INVT;2.833;UN;2.833;UN;20,46;BRL;1;0;0;2.833;57.963,18;2.833;57.963,18;1;ZF 1302603;57.963,18
4500145199;10;4600003099;80;0,00;0,00;1006698    AMAZONPOSTES INDUSTRIA DE ARTEFATOS;NB;F;A03;;06/02/2026;CA;401127;POSTE CONCRETO ARM DUPL T 11M 600KGF;MC13001;;;;CDFL;INVT;24;UN;24;UN;1.917,66;BRL;1;0;0;0;0,00;0;0,00;1;ZF 1302603;46.023,84
4500145199;20;4600003099;60;0,00;0,00;1006698    AMAZONPOSTES INDUSTRIA DE ARTEFATOS;NB;F;A03;;06/02/2026;CA;400988;POSTE CONCRETO TRON CON 9M 600KGF;MC13001;;;;CDFL;INVT;8;UN;8;UN;1.822,75;BRL;1;0;0;0;0,00;0;0,00;1;ZF 1302603;14.582,03
4500145199;30;4600003099;50;0,00;0,00;1006698    AMAZONPOSTES INDUSTRIA DE ARTEFATOS;NB;F;A03;;06/02/2026;CA;401260;POSTE CONCRETO TRON CON 9M 1000KGF;MC13001;;;;CDFL;INVT;23;UN;23;UN;2.467,15;BRL;1;0;0;0;0,00;0;0,00;1;ZF 1302603;56.744,46
4500145204;10;4600002571;360;0,00;0,00;1006698    AMAZONPOSTES INDUSTRIA DE ARTEFATOS;NB;F;A03;;06/02/2026;CA;402650;POSTE CONCRETO DUPLO T 9 M 600 DAN;MC13001;;;;CDFL;INVT;12;UN;12;UN;1.190,00;BRL;1;0;0;0;0,00;0;0,00;1;ZF 1302603;14.280,00
4500145217;10;4600002571;80;0,00;0,00;1006698    AMAZONPOSTES INDUSTRIA DE ARTEFATOS;NB;F;GAE;;06/02/2026;CA;402847;POSTE CONC DUPL T 9 M 300 DAN;MC13001;;;;CDFL;INVT;100;UN;100;UN;880,60;BRL;1;0;0;16;14.089,60;16;14.089,60;1;ZF 1302603;88.060,00
4500145217;20;4600002571;80;0,00;0,00;1006698    AMAZONPOSTES INDUSTRIA DE ARTEFATOS;NB;F;GAE;;06/02/2026;CA;402847;POSTE CONC DUPL T 9 M 300 DAN;MC13001;;;;CDFL;INVT;103;UN;103;UN;880,60;BRL;1;0;0;39;34.343,40;39;34.343,40;1;ZF 1302603;90.701,80
4500145217;30;4600002571;70;0,00;0,00;1006698    AMAZONPOSTES INDUSTRIA DE ARTEFATOS;NB;F;GAE;;06/02/2026;CA;402650;POSTE CONCRETO DUPLO T 9 M 600 DAN;MC13001;;;;CDFL;INVT;32;UN;32;UN;1.190,00;BRL;1;0;0;0;0,00;0;0,00;1;ZF 1302603;38.080,00
4500145217;40;4600002571;70;0,00;0,00;1006698    AMAZONPOSTES INDUSTRIA DE ARTEFATOS;NB;F;GAE;;06/02/2026;CA;402650;POSTE CONCRETO DUPLO T 9 M 600 DAN;MC13001;;;;CDFL;INVT;70;UN;70;UN;1.190,00;BRL;1;0;0;6;7.140,00;6;7.140,00;1;ZF 1302603;83.300,00
4500145217;50;4600002571;20;0,00;0,00;1006698    AMAZONPOSTES INDUSTRIA DE ARTEFATOS;NB;F;GAE;;06/02/2026;CA;400210;POSTE CONCRETO TRON CON 13M 1000KGF;MC13001;;;;CDFL;INVT;4;UN;4;UN;3.315,66;BRL;1;0;0;0;0,00;0;0,00;1;ZF 1302603;13.262,62
4500145238;10;4600003099;80;0,00;0,00;1006698    AMAZONPOSTES INDUSTRIA DE ARTEFATOS;NB;F;A13;;06/02/2026;CA;401127;POSTE CONCRETO ARM DUPL T 11M 600KGF;MC13001;;;;CDFL;INVT;100;UN;100;UN;1.917,66;BRL;1;0;0;0;0,00;0;0,00;1;ZF 1302603;191.766,00
4500145238;20;4600003099;80;0,00;0,00;1006698    AMAZONPOSTES INDUSTRIA DE ARTEFATOS;NB;F;A13;;06/02/2026;CA;401127;POSTE CONCRETO ARM DUPL T 11M 600KGF;MC13001;;;;CDFL;INVT;100;UN;100;UN;1.917,66;BRL;1;0;0;50;95.883,00;50;95.883,00;1;ZF 1302603;191.766,00
4500145238;30;4600002571;310;0,00;0,00;1006698    AMAZONPOSTES INDUSTRIA DE ARTEFATOS;NB;F;A13;;06/02/2026;CA;401349;POSTE CONCRETO CIRC 11M 1000DAN;MC13001;;;;CDFL;INVT;7;UN;7;UN;2.891,26;BRL;1;0;0;0;0,00;0;0,00;1;ZF 1302603;20.238,79
4500145245;10;4600002571;350;0,00;0,00;1006698    AMAZONPOSTES INDUSTRIA DE ARTEFATOS;NB;F;A03;;06/02/2026;CA;401296;POSTE CONCRETO TRON CON 11M 600KGF;MC13001;;;;CDFL;INVT;80;UN;80;UN;1.776,33;BRL;1;0;0;0;0,00;0;0,00;1;ZF 1302603;142.106,24
4500145245;20;4600002571;330;0,00;0,00;1006698    AMAZONPOSTES INDUSTRIA DE ARTEFATOS;NB;F;A03;;06/02/2026;CA;400995;POSTE CONCRETO DUPLO T 9M 1000DAN;MC13001;;;;CDFL;INVT;12;UN;12;UN;1.405,72;BRL;1;0;0;0;0,00;0;0,00;1;ZF 1302603;16.868,64
4500145589;10;4600002571;320;0,00;0,00;1006698    AMAZONPOSTES INDUSTRIA DE ARTEFATOS;NB;F;A03;;10/02/2026;CA;402098;POSTE CONCRETO DUPLO T 13M 1000DAN;MC13001;;;;CDFL;INVT;18;UN;18;UN;2.776,89;BRL;1;0;0;0;0,00;0;0,00;1;ZF 1302603;49.983,97
4500145616;10;4600003099;80;0,00;0,00;1006698    AMAZONPOSTES INDUSTRIA DE ARTEFATOS;NB;F;A13;;10/02/2026;CA;401127;POSTE CONCRETO ARM DUPL T 11M 600KGF;MC13001;;;;CDFL;INVT;119;UN;119;UN;1.917,66;BRL;1;0;0;0;0,00;0;0,00;1;ZF 1302603;228.201,54
4500149676;10;4600003506;10;0,00;0,00;1006698    AMAZONPOSTES INDUSTRIA DE ARTEFATOS;NB;F;GAE;;16/03/2026;C0;401127;POSTE CONCRETO ARM DUPL T 11M 600KGF;MC13001;;;;CDFL;INVT;306;UN;306;UN;1.798,00;BRL;1;0;0;306;550.188,00;306;550.188,00;1;ZF 1302603;550.188,00
4500150174;10;4600003522;10;0,00;0,00;1006698    AMAZONPOSTES INDUSTRIA DE ARTEFATOS;NB;F;GAE;;24/03/2026;CA;400228;POSTE CONCRETO CIRC 9M 300DAN;MC13001;;;;CDFL;INVT;14;UN;14;UN;1.032,38;BRL;1;0;0;14;14.453,32;14;14.453,32;1;ZF 1302603;14.453,32
4500150174;20;4600003522;20;0,00;0,00;1006698    AMAZONPOSTES INDUSTRIA DE ARTEFATOS;NB;F;GAE;;24/03/2026;CA;401252;POSTE CONCRETO TRON CON 13M 600DAN;MC13001;;;;CDFL;INVT;20;UN;20;UN;2.788,00;BRL;1;0;0;20;55.760,00;20;55.760,00;1;ZF 1302603;55.760,00
4500150174;30;4600003522;70;0,00;0,00;1006698    AMAZONPOSTES INDUSTRIA DE ARTEFATOS;NB;F;GAE;;24/03/2026;CA;408159;POSTE CONC ARM DUPL T 12M 300KGF;MC13001;;;;CDFL;INVT;5;UN;5;UN;1.594,95;BRL;1;0;0;5;7.974,75;5;7.974,75;1;ZF 1302603;7.974,75
4500150174;40;4600003522;30;0,00;0,00;1006698    AMAZONPOSTES INDUSTRIA DE ARTEFATOS;NB;F;GAE;;24/03/2026;CA;402188;POSTE CONCRETO TRON CON 11M 300KGF;MC13001;;;;CDFL;INVT;10;UN;10;UN;1.627,50;BRL;1;0;0;10;16.275,00;10;16.275,00;1;ZF 1302603;16.275,00
4500150174;50;4600003522;40;0,00;0,00;1006698    AMAZONPOSTES INDUSTRIA DE ARTEFATOS;NB;F;GAE;;24/03/2026;CA;402526;POSTE CONC DUPL T 13/400;MC13001;;;;CDFL;INVT;3;UN;3;UN;1.641,60;BRL;1;0;0;3;4.924,80;3;4.924,80;1;ZF 1302603;4.924,80
4500150174;60;4600003522;50;0,00;0,00;1006698    AMAZONPOSTES INDUSTRIA DE ARTEFATOS;NB;F;GAE;;24/03/2026;CA;402533;POSTE CONC DUPL T 11/1000;MC13001;;;;CDFL;INVT;50;UN;50;UN;2.028,00;BRL;1;0;0;50;101.400,00;50;101.400,00;1;ZF 1302603;101.400,00
4500150174;70;4600003522;60;0,00;0,00;1006698    AMAZONPOSTES INDUSTRIA DE ARTEFATOS;NB;F;GAE;;24/03/2026;CA;402624;POSTE CONC DUPL T 13/600;MC13001;;;;CDFL;INVT;40;UN;40;UN;1.848,00;BRL;1;0;0;40;73.920,00;40;73.920,00;1;ZF 1302603;73.920,00
4500143382;10;4600003024;40;0,00;0,00;1007001    TECFIBRAS INDUSTRIA E COMERCIO IMPO;NB;F;A03;;16/01/2026;C1;401574;BRACO ANTIBALANCO PA PT 15KV 320MM;MC12002;;;;CDFL;INVT;455;UN;455;UN;18,55;BRL;1;0;0;455;8.441,84;455;8.441,84;1;ZF 1302603;8.441,84
4500143382;20;4600003024;20;0,00;0,00;1007001    TECFIBRAS INDUSTRIA E COMERCIO IMPO;NB;F;A03;;16/01/2026;C1;404084;ESPACADOR LOSANG CLASSE 15KV C/ GARRAS;MC12002;;;;CDFL;INVT;6.996;UN;6.996;UN;18,55;BRL;1;0;0;872;16.178,65;872;16.178,65;1;ZF 1302603;129.800,29
4500143382;30;4600003024;10;0,00;0,00;1007001    TECFIBRAS INDUSTRIA E COMERCIO IMPO;NB;F;A03;;16/01/2026;C1;803452;ESPACADOR LOSANG CLASSE 15KV C/ GARRAS;MC12002;;;;CDFL;CUST;547;UN;547;UN;18,13;BRL;1;0;0;547;9.919,84;547;9.919,84;1;ZF 1302603;9.919,84
4500144240;10;4600003045;10;0,00;0,00;1007001    TECFIBRAS INDUSTRIA E COMERCIO IMPO;NB;F;GAE;;22/01/2026;C1;407355;CRUZETA POL FBV/RES 2400X112,5X90MM DAT;MC12001;;;;CDFL;INVT;517;UN;517;UN;151,12;BRL;1;0;0;517;78.131,62;517;78.131,62;1;ZF 1302603;78.131,62
4500144240;20;4600003045;20;0,00;0,00;1007001    TECFIBRAS INDUSTRIA E COMERCIO IMPO;NB;F;GAE;;22/01/2026;C0;401959;CRUZETA POL FBV/RES PES 2400X112,5X90MM;MC12001;;;;CDFL;INVT;420;UN;420;UN;162,50;BRL;1;0;0;420;68.250,00;420;68.250,00;1;ZF 1302603;68.250,00
4500144240;30;4600003045;30;0,00;0,00;1007001    TECFIBRAS INDUSTRIA E COMERCIO IMPO;NB;F;GAE;;22/01/2026;A1;401547;CRUZETA POL PE/FBN 90X112,5X2400MM;MC12001;;;;CDFL;INVT;507;UN;507;UN;230,17;BRL;1;0;0;507;116.698,72;507;116.698,72;1;ZF 1302603;116.698,72
4500144260;10;4600003045;70;0,00;0,00;1007001    TECFIBRAS INDUSTRIA E COMERCIO IMPO;NB;F;GAE;;22/01/2026;C1;800847;CRUZETA POL PE/FBN 90X112,5X2400MM;MC12001;;;;CDFL;CUST;1.195;UN;1.195;UN;230,17;BRL;1;0;0;1.195;275.059,12;1.195;275.059,12;1;ZF 1302603;275.059,12
4500144260;20;4600003045;70;0,00;0,00;1007001    TECFIBRAS INDUSTRIA E COMERCIO IMPO;NB;F;GAE;;22/01/2026;C1;800847;CRUZETA POL PE/FBN 90X112,5X2400MM;MC12001;;;;CDFL;CUST;1.195;UN;1.195;UN;230,17;BRL;1;0;0;1.195;275.059,12;1.195;275.059,12;1;ZF 1302603;275.059,12
4500144461;10;4600003439;20;0,00;0,00;1007001    TECFIBRAS INDUSTRIA E COMERCIO IMPO;NB;F;A12;;22/01/2026;C1;403161;PONTALETE FBV 100MM 6M;MC02201;;;;CDFL;INVT;780;UN;780;UN;276,00;BRL;1;0;0;0;0,00;0;0,00;1;ZF 1302603;215.276,96
4500143290;10;4600003060;140;0,00;0,00;1007262    CENTROACO INDUSTRIA E COMERCIO DE A;NB;F;A03;;16/01/2026;C1;400930;PARAFUSO CAB ABA AC 10MM 115MM;MC01301;;;;CDFL;INVT;9.106;UN;9.106;UN;2,22;BRL;1;0;0;9.106;20.193,47;9.106;20.193,47;1;ZF 1302603;20.193,47
4500143290;20;4600003060;20;0,00;0,00;1007262    CENTROACO INDUSTRIA E COMERCIO DE A;NB;F;A03;;16/01/2026;C1;801064;PARAFUSO CAB ABA AC 10MM 115MM;MC01301;;;;CDFL;CUST;2.842;UN;2.842;UN;2,22;BRL;1;0;0;2.842;6.302,42;2.842;6.302,42;1;ZF 1302603;6.302,42
4500143290;30;4600003060;210;0,00;0,00;1007262    CENTROACO INDUSTRIA E COMERCIO DE A;NB;F;A03;;16/01/2026;C1;401086;PARAFUSO CAB QD MAQ AC 5/8X6P;MC01301;;;;CDFL;INVT;13;UN;13;UN;6,82;BRL;1;0;0;13;88,66;13;88,66;1;ZF 1302603;88,66
4500143290;40;4600003060;110;0,00;0,00;1007262    CENTROACO INDUSTRIA E COMERCIO DE A;NB;F;A03;;16/01/2026;C1;801191;PARAFUSO CAB QD MAQ AC 5/8X6P;MC01301;;;;CDFL;CUST;5;UN;5;UN;6,82;BRL;1;0;0;5;34,10;5;34,10;1;ZF 1302603;34,10
4500143290;50;4600003060;100;0,00;0,00;1007262    CENTROACO INDUSTRIA E COMERCIO DE A;NB;F;A03;;16/01/2026;C1;800520;PARAFUSO CAB QD MAQ AC 5/8X16P;MC01301;;;;CDFL;CUST;122;UN;122;UN;14,74;BRL;1;0;0;122;1.798,28;122;1.798,28;1;ZF 1302603;1.798,28
4500143290;70;4600003060;150;0,00;0,00;1007262    CENTROACO INDUSTRIA E COMERCIO DE A;NB;F;A03;;16/01/2026;C1;401239;PARAFUSO CAB QD AC 16MM 450MM;MC01301;;;;CDFL;INVT;5.505;UN;5.505;UN;19,40;BRL;1;0;0;5.505;106.819,02;5.505;106.819,02;1;ZF 1302603;106.819,02
4500143290;80;4600003060;30;0,00;0,00;1007262    CENTROACO INDUSTRIA E COMERCIO DE A;NB;F;A03;;16/01/2026;C1;800922;PARAFUSO CAB QD AC 16MM 450MM;MC01301;;;;CDFL;CUST;2.132;UN;2.132;UN;19,40;BRL;1;0;0;2.132;41.369,33;2.132;41.369,33;1;ZF 1302603;41.369,33
4500143290;90;4600003060;160;0,00;0,00;1007262    CENTROACO INDUSTRIA E COMERCIO DE A;NB;F;A03;;16/01/2026;C1;401155;PARAFUSO CAB QD AC 16MM 500MM;MC01301;;;;CDFL;INVT;1.290;UN;1.290;UN;17,59;BRL;1;0;0;1.290;22.692,65;1.290;22.692,65;1;ZF 1302603;22.692,65
4500143290;100;4600003060;40;0,00;0,00;1007262    CENTROACO INDUSTRIA E COMERCIO DE A;NB;F;A03;;16/01/2026;C1;800118;PARAFUSO CAB QD AC 16MM 500MM;MC01301;;;;CDFL;CUST;226;UN;226;UN;17,59;BRL;1;0;0;226;3.975,61;226;3.975,61;1;ZF 1302603;3.975,61
4500143290;110;4600003060;180;0,00;0,00;1007262    CENTROACO INDUSTRIA E COMERCIO DE A;NB;F;A03;;16/01/2026;C1;401706;PARAFUSO CAB QD AC 16MM 2P 350MM;MC01301;;;;CDFL;INVT;199;UN;199;UN;12,31;BRL;1;0;0;199;2.449,93;199;2.449,93;1;ZF 1302603;2.449,93
4500143290;120;4600003060;60;0,00;0,00;1007262    CENTROACO INDUSTRIA E COMERCIO DE A;NB;F;A03;;16/01/2026;C1;801391;PARAFUSO CAB QD AC 16MM 2P 350MM;MC01301;;;;CDFL;CUST;426;UN;426;UN;12,31;BRL;1;0;0;426;5.244,57;426;5.244,57;1;ZF 1302603;5.244,57
4500143290;130;4600003060;130;0,00;0,00;1007262    CENTROACO INDUSTRIA E COMERCIO DE A;NB;F;A03;;16/01/2026;C1;401131;PARAFUSO CAB QD AC 16MM 225MM 300MM;MC01301;;;;CDFL;INVT;27.232;UN;27.232;UN;10,54;BRL;1;0;0;27.232;287.090,64;27.232;287.090,64;1;ZF 1302603;287.090,64
4500143290;140;4600003060;200;0,00;0,00;1007262    CENTROACO INDUSTRIA E COMERCIO DE A;NB;F;A03;;16/01/2026;C1;400951;PARAFUSO MAQ CAB QD AC 5/8X24P;MC01301;;;;CDFL;INVT;87;UN;87;UN;25,18;BRL;1;0;0;87;2.190,38;87;2.190,38;1;ZF 1302603;2.190,38
4500143335;10;4600003077;40;0,00;0,00;1007262    CENTROACO INDUSTRIA E COMERCIO DE A;NB;F;A03;;16/01/2026;C1;401485;BRACO SUPORTE TIPO C 580X365MM 851/6;MC12002;;;;CDFL;INVT;144;UN;144;UN;116,12;BRL;1;0;0;144;16.721,97;144;16.721,97;1;ZF 1302603;16.721,97
4500143335;20;4600003077;220;0,00;0,00;1007262    CENTROACO INDUSTRIA E COMERCIO DE A;NB;F;A03;;16/01/2026;C1;800256;BRACO SUPORTE TIPO C 580X365MM 851/6;MC12002;;;;CDFL;CUST;154;UN;154;UN;116,12;BRL;1;0;0;154;17.883,22;154;17.883,22;1;ZF 1302603;17.883,22
4500143335;30;4600003077;110;0,00;0,00;1007262    CENTROACO INDUSTRIA E COMERCIO DE A;NB;F;A03;;16/01/2026;C1;403931;BRAÇO SUPORTE TIPO L HORIZONTAL  15 KV;MC12002;;;;CDFL;INVT;40;UN;40;UN;99,91;BRL;1;0;0;40;3.996,26;40;3.996,26;1;ZF 1302603;3.996,26
4500143335;40;4600003077;280;0,00;0,00;1007262    CENTROACO INDUSTRIA E COMERCIO DE A;NB;F;A03;;16/01/2026;C1;802303;BRAÇO SUPORTE TIPO L HORIZONTAL  15 KV;MC25001;;;;CDFL;CUST;31;UN;31;UN;99,91;BRL;1;0;0;31;3.097,10;31;3.097,10;1;ZF 1302603;3.097,10
4500143335;50;4600003077;130;0,00;0,00;1007262    CENTROACO INDUSTRIA E COMERCIO DE A;NB;F;A03;;16/01/2026;C1;404972;BRACO TIPO J;MC12002;;;;CDFL;INVT;30;UN;30;UN;420,07;BRL;1;0;0;30;12.602,04;30;12.602,04;1;ZF 1302603;12.602,04
4500143335;60;4600003077;20;0,00;0,00;1007262    CENTROACO INDUSTRIA E COMERCIO DE A;NB;F;A03;;16/01/2026;C1;402106;BRACO L A1010/1020 3/8P16P;MC12002;;;;CDFL;INVT;771;UN;771;UN;62,20;BRL;1;0;0;771;47.954,97;771;47.954,97;1;ZF 1302603;47.954,97
4500143335;70;4600003077;200;0,00;0,00;1007262    CENTROACO INDUSTRIA E COMERCIO DE A;NB;F;A03;;16/01/2026;C1;800473;BRACO L A1010/1020 3/8P16P;MC12002;;;;CDFL;CUST;23;UN;23;UN;62,20;BRL;1;0;0;23;1.430,56;23;1.430,56;1;ZF 1302603;1.430,56
4500143335;90;4600003077;30;0,00;0,00;1007262    CENTROACO INDUSTRIA E COMERCIO DE A;NB;F;A03;;16/01/2026;C1;402373;ESTRIBO BRACO L-EST-01 FOFO 200DAN;MC12002;;;;CDFL;INVT;590;UN;590;UN;8,24;BRL;1;0;0;590;4.859,71;590;4.859,71;1;ZF 1302603;4.859,71
4500143335;100;4600003077;210;0,00;0,00;1007262    CENTROACO INDUSTRIA E COMERCIO DE A;NB;F;A03;;16/01/2026;C1;800352;ESTRIBO BRACO L-EST-01 FOFO 200DAN;MC12002;;;;CDFL;CUST;95;UN;95;UN;8,24;BRL;1;0;0;95;782,50;95;782,50;1;ZF 1302603;782,50
4500143335;110;4600003077;240;0,00;0,00;1007262    CENTROACO INDUSTRIA E COMERCIO DE A;NB;F;A03;;16/01/2026;C1;800392;FIXADOR PERFIL U AC 150DAN 300DAN;MC10701;;;;CDFL;CUST;39;UN;39;UN;18,50;BRL;1;0;0;39;721,41;39;721,41;1;ZF 1302603;721,41
4500143335;120;4600003077;60;0,00;0,00;1007262    CENTROACO INDUSTRIA E COMERCIO DE A;NB;F;A03;;16/01/2026;C1;404719;FIXADOR PERFIL U AC 150DAN 300DAN;MC10701;;;;CDFL;INVT;168;UN;168;UN;18,50;BRL;1;0;0;168;3.107,60;168;3.107,60;1;ZF 1302603;3.107,60
4500143335;140;4600003077;70;0,00;0,00;1007262    CENTROACO INDUSTRIA E COMERCIO DE A;NB;F;A03;;16/01/2026;C1;401844;PERFIL U PARA REDE COMPACTA;MC01206;;;;CDFL;INVT;200;UN;200;UN;110,49;BRL;1;0;0;200;22.098,56;200;22.098,56;1;ZF 1302603;22.098,56
4500143335;150;4600003077;290;0,00;0,00;1007262    CENTROACO INDUSTRIA E COMERCIO DE A;NB;F;A03;;16/01/2026;C1;801256;PERFIL U AC 76X900MM REDE COMPACTA;MC10701;;;;CDFL;CUST;87;UN;87;UN;110,49;BRL;1;0;0;87;9.612,87;87;9.612,87;1;ZF 1302603;9.612,87
4500143335;170;4600003077;260;0,00;0,00;1007262    CENTROACO INDUSTRIA E COMERCIO DE A;NB;F;A03;;16/01/2026;C1;803100;SUPORTE AFAST HORIZ C/PRENSA REDE 15KV;MC12002;;;;CDFL;CUST;26;UN;26;UN;267,10;BRL;1;0;0;26;6.944,54;26;6.944,54;1;ZF 1302603;6.944,54
4500143335;180;4600003077;100;0,00;0,00;1007262    CENTROACO INDUSTRIA E COMERCIO DE A;NB;F;A03;;16/01/2026;C1;402017;SUPORTE TRANSF POSTE DUP T AC 210X125MM;MC12002;;;;CDFL;INVT;38;UN;38;UN;124,99;BRL;1;0;0;38;4.749,48;38;4.749,48;1;ZF 1302603;4.749,48
4500143335;190;4600003077;270;0,00;0,00;1007262    CENTROACO INDUSTRIA E COMERCIO DE A;NB;F;A03;;16/01/2026;C1;801386;SUPORTE TRANSF POSTE DUP T AC 210X125MM;MC12002;;;;CDFL;CUST;15;UN;15;UN;124,99;BRL;1;0;0;15;1.874,80;15;1.874,80;1;ZF 1302603;1.874,80
4500143335;220;4600003077;80;0,00;0,00;1007262    CENTROACO INDUSTRIA E COMERCIO DE A;NB;F;A03;;16/01/2026;C1;401657;MAO FRANCESA BECO AC 2135MM 35MMX5MM;MC10701;;;;CDFL;INVT;33;UN;33;UN;105,00;BRL;1;0;0;33;3.465,05;33;3.465,05;1;ZF 1302603;3.465,05
4500143335;230;4600003077;250;0,00;0,00;1007262    CENTROACO INDUSTRIA E COMERCIO DE A;NB;F;A03;;16/01/2026;C1;800991;MAO FRANCESA BECO AC 2135MM 35MMX5MM;MC10701;;;;CDFL;CUST;134;UN;134;UN;105,00;BRL;1;0;0;134;14.070,21;134;14.070,21;1;ZF 1302603;14.070,21
4500143335;240;4600003077;170;0,00;0,00;1007262    CENTROACO INDUSTRIA E COMERCIO DE A;NB;F;A03;;16/01/2026;C1;402875;SUPORTE TIPO T PARA CHAVE/PARA-RAIO;MC12002;;;;CDFL;INVT;22;UN;22;UN;76,34;BRL;1;0;0;22;1.679,48;22;1.679,48;1;ZF 1302603;1.679,48
4500146591;10;4600003028;30;0,00;0,00;1007593    MACLEAN POWER SYSTEMS DO BRASIL LTD;NB;F;A03;;13/02/2026;C1;401435;ALCA PREFORM CA/CAA 2AWG 6/1P 2AWG 625MM;MC11001;;;;CDFL;INVT;3.000;UN;3.000;UN;3,29;BRL;1;0;0;3.000;9.876,60;3.000;9.876,60;1;ZF 1302603;9.876,60
4500146591;20;4600003028;20;0,00;0,00;1007593    MACLEAN POWER SYSTEMS DO BRASIL LTD;NB;F;A03;;13/02/2026;C1;800794;ALCA PREFORM CA/CAA 2AWG 6/1P 2AWG 625MM;MC11001;;;;CDFL;CUST;40;UN;40;UN;3,29;BRL;1;0;0;40;131,69;40;131,69;1;ZF 1302603;131,69
4500146591;30;4600003028;60;0,00;0,00;1007593    MACLEAN POWER SYSTEMS DO BRASIL LTD;NB;F;A03;;13/02/2026;C1;400366;ALCA PREFORM DIST 4/0 AWG 120MM2;MC11001;;;;CDFL;INVT;505;UN;505;UN;10,51;BRL;1;0;0;505;5.307,04;505;5.307,04;1;ZF 1302603;5.307,04
4500146591;40;4600003028;50;0,00;0,00;1007593    MACLEAN POWER SYSTEMS DO BRASIL LTD;NB;F;A03;;13/02/2026;C1;801199;ALCA PREFORM DIST 4/0 AWG 120MM2;MC11001;;;;CDFL;CUST;493;UN;493;UN;10,51;BRL;1;0;0;493;5.180,94;493;5.180,94;1;ZF 1302603;5.180,94
4500146591;50;4600003028;70;0,00;0,00;1007593    MACLEAN POWER SYSTEMS DO BRASIL LTD;NB;F;A03;;13/02/2026;C1;401753;ALCA PREFORM DIST CAA/CA 1/0AWG 50MM2;MC11001;;;;CDFL;INVT;1.150;UN;1.150;UN;4,82;BRL;1;0;0;1.150;5.540,01;1.150;5.540,01;1;ZF 1302603;5.540,01
4500146591;60;4600003028;100;0,00;0,00;1007593    MACLEAN POWER SYSTEMS DO BRASIL LTD;NB;F;A03;;13/02/2026;C1;400375;ALCA PREFORM DIST CAA/CA 2/0AWG 70MM2;MC11001;;;;CDFL;INVT;2.000;UN;2.000;UN;5,19;BRL;1;0;0;2.000;10.378,80;2.000;10.378,80;1;ZF 1302603;10.378,80
4500146591;70;4600003028;110;0,00;0,00;1007593    MACLEAN POWER SYSTEMS DO BRASIL LTD;NB;F;A03;;13/02/2026;C1;801272;ALCA PREFORM DIST 2AWG 33,63MM2 660MM;MC11001;;;;CDFL;CUST;639;UN;639;UN;3,29;BRL;1;0;0;639;2.103,72;639;2.103,72;1;ZF 1302603;2.103,72
4500146591;80;4600003028;90;0,00;0,00;1007593    MACLEAN POWER SYSTEMS DO BRASIL LTD;NB;F;A03;;13/02/2026;C1;800808;ALCA PREFORM DIST CAA/CA 2/0AWG 70MM2;MC11001;;;;CDFL;CUST;1.000;UN;1.000;UN;5,19;BRL;1;0;0;1.000;5.189,40;1.000;5.189,40;1;ZF 1302603;5.189,40
4500146591;90;4600003028;140;0,00;0,00;1007593    MACLEAN POWER SYSTEMS DO BRASIL LTD;NB;F;A03;;13/02/2026;C1;403804;ALCA PREFORM 6,4MM 1/4P AM 635MM;MC11001;;;;CDFL;INVT;288;UN;288;UN;4,19;BRL;1;0;0;288;1.205,28;288;1.205,28;1;ZF 1302603;1.205,28
4500146591;100;4600003028;150;0,00;0,00;1007593    MACLEAN POWER SYSTEMS DO BRASIL LTD;NB;F;A03;;13/02/2026;C1;802405;ALCA PREFORM 6,4MM 1/4P AM 635MM;MC11001;;;;CDFL;CUST;4.209;UN;4.209;UN;4,18;BRL;1;0;0;4.209;17.614,66;4.209;17.614,66;1;ZF 1302603;17.614,66
4500146591;110;4600003028;160;0,00;0,00;1007593    MACLEAN POWER SYSTEMS DO BRASIL LTD;NB;F;A03;;13/02/2026;C1;403830;ALCA PREFORM CABO CONC 3X50 + 50;MC11001;;;;CDFL;INVT;99;UN;99;UN;10,41;BRL;170;0;0;99;6,06;99;6,06;1;ZF 1302603;6,06
4500146591;120;4600003028;170;0,00;0,00;1007593    MACLEAN POWER SYSTEMS DO BRASIL LTD;NB;F;A03;;13/02/2026;C1;403593;ALCA PREFORM CABO CONC 3X70 + 50;MC11001;;;;CDFL;INVT;5;UN;5;UN;11,72;BRL;1;0;0;5;58,59;5;58,59;1;ZF 1302603;58,59
4500146591;130;4600003028;180;0,00;0,00;1007593    MACLEAN POWER SYSTEMS DO BRASIL LTD;NB;F;A03;;13/02/2026;C1;403647;ALCA PREFORM CABO CONC 3X95 +70;MC11001;;;;CDFL;INVT;6;UN;6;UN;16,55;BRL;1;0;0;6;99,32;6;99,32;1;ZF 1302603;99,32
4500146591;140;4600003028;260;0,00;0,00;1007593    MACLEAN POWER SYSTEMS DO BRASIL LTD;NB;F;A03;;13/02/2026;C1;400851;EMENDA PREF COND AL 2/0 AWG 1016MM;MC10401;;;;CDFL;INVT;1.202;UN;1.202;UN;18,32;BRL;1;0;0;1.202;22.021,84;1.202;22.021,84;1;ZF 1302603;22.021,84
4500146591;150;4600003028;370;0,00;0,00;1007593    MACLEAN POWER SYSTEMS DO BRASIL LTD;NB;F;A03;;13/02/2026;C1;800917;LACO PREF CA 2AWG PESC 57MM PURPURA;MC11001;;;;CDFL;CUST;1.402;UN;1.402;UN;2,56;BRL;1;0;0;1.402;3.585,61;1.402;3.585,61;1;ZF 1302603;3.585,61
4500145002;10;4600003228;40;0,00;0,00;1008595    WASION DA AMAZONIA INDUSTRIA DE INS;NB;F;A13;;04/02/2026;C0;402592;MED EL 3E 4F 120V 120A GD B;MC12501;;;;CDFL;INVT;1.647;UN;1.647;UN;122,00;BRL;1;0;0;1.647;200.934,00;1.647;200.934,00;1;ZF 1302603;200.934,00
4500147577;20;;0;0,00;0,00;1008610    L J GUERRA E CIA LTDA;ZCDR;F;A14;;24/02/2026;C0;410213;TINTA SPRAY 400ML;MC03301;;;;CDFL;INVT;26;UN;26;UN;21,06;BRL;1;0;0;0;0,00;0;0,00;1;ZF 1302603;547,56
4500148663;10;;0;0,00;0,00;1008610    L J GUERRA E CIA LTDA;ZCDR;F;GAE;;11/03/2026;C0;805521;MULTIMETRO DIGITAL FLUKE 15B+;MC10401;;;;CDFL;CUST;9;UN;9;UN;902,48;BRL;1;0;0;9;8.122,32;9;8.122,32;1;ZF 1302603;8.122,32
4500150232;10;;0;0,00;0,00;1008610    L J GUERRA E CIA LTDA;ZCDR;F;GAE;;26/03/2026;C0;403306;MARCADOR IND PLAS 60ML MET ESF 3MM AM;MC02301;;;;CDFL;INVT;120;UN;120;UN;18,90;BRL;1;0;0;120;2.268,00;120;2.268,00;1;ZF 1302603;2.268,00
4500150232;20;;0;0,00;0,00;1008610    L J GUERRA E CIA LTDA;ZCDR;F;GAE;;26/03/2026;C0;802178;MARCADOR IND PLAS 60ML MET ESF 3MM AM;MC02301;;;;CDFL;CUST;48;UN;48;UN;18,90;BRL;1;0;0;48;907,20;48;907,20;1;ZF 1302603;907,20
4500147585;10;;0;0,00;0,00;1008630    CASA DO ELETRICISTA LTDA;ZCDR;F;A14;;24/02/2026;C0;410212;FITA AUTOADESIVA BLINDAGEM 10cmX10m;MC03701;;;;CDFL;INVT;82;UN;82;UN;22,95;BRL;1;0;0;0;0,00;0;0,00;1;ZF 1302603;1.881,90
4500150237;30;4600003561;10;0,00;0,00;1009313    ANDRA S A ELECTRIC SOLUTIONS;NB;F;A13;;26/03/2026;C1;402105;CONECTOR AUTO PERF DU 70-240 / 70-240MM2;MC12002;;;;CDFL;INVT;4.060;UN;4.060;UN;51,15;BRL;1;0;0;4.060;207.669,00;4.060;207.669,00;1;ZF 1302603;207.669,00
4500150237;40;4600003561;20;0,00;0,00;1009313    ANDRA S A ELECTRIC SOLUTIONS;NB;F;A13;;26/03/2026;C1;800872;CONECTOR AUTO PERF DU 70-240 / 70-240MM2;MC12002;;;;CDFL;CUST;2.388;UN;2.388;UN;51,15;BRL;1;0;0;2.388;122.146,20;2.388;122.146,20;1;ZF 1302603;122.146,20
4500144206;10;4600003089;50;0,00;0,00;1009464    FISCHER INDUSTRIA MECANICA LTDA;NB;F;A03;;22/01/2026;C1;800105;MANILHA AC 16MM 80MM 22MM 13500DAN;MC12002;;;;CDFL;CUST;3;UN;3;UN;57,44;BRL;1;0;0;3;172,31;3;172,31;1;ZF 1302603;172,31
4500144206;20;4600003089;10;0,00;0,00;1009464    FISCHER INDUSTRIA MECANICA LTDA;NB;F;A03;;22/01/2026;C1;401927;MANILHA SAPATILHA 5000DAN ETELB-054/2013;MC12002;;;;CDFL;INVT;1.150;UN;1.150;UN;19,24;BRL;1;0;0;1.150;22.127,95;1.150;22.127,95;1;ZF 1302603;22.127,95
4500144206;30;4600003089;30;0,00;0,00;1009464    FISCHER INDUSTRIA MECANICA LTDA;NB;F;A03;;22/01/2026;C1;800496;MANILHA SAPATILHA 5000DAN ETELB-054/2013;MC12002;;;;CDFL;CUST;152;UN;152;UN;19,24;BRL;1;0;0;152;2.924,74;152;2.924,74;1;ZF 1302603;2.924,74
4500144206;40;4600003089;20;0,00;0,00;1009464    FISCHER INDUSTRIA MECANICA LTDA;NB;F;A03;;22/01/2026;C1;400164;MANILHA SAPATILHA 6800KGF;MC12002;;;;CDFL;INVT;1.653;UN;1.653;UN;19,73;BRL;1;0;0;1.653;32.621,29;1.653;32.621,29;1;ZF 1302603;32.621,29
4500148300;10;4600003232;30;0,00;0,00;1009535    NANSEN INSTRUMENTOS DE PRECISAO LTD;NB;F;A16;;06/03/2026;C1;400937;MEDIDOR ELETR 2F 120V 15/120A 2EL BIDIRE;MC12501;;;;CDFL;INVT;3.865;UN;3.865;UN;80,00;BRL;1;0;0;3.865;309.200,00;3.865;309.200,00;1;ZF 1302603;309.200,00
4500148493;20;4600003232;40;0,00;0,00;1009535    NANSEN INSTRUMENTOS DE PRECISAO LTD;NB;F;A16;;10/03/2026;C1;402824;MED EL 1E 2F 120V 100A GD B;MC12501;;;;CDFL;INVT;11.605;UN;11.605;UN;48,00;BRL;1;0;0;11.605;557.040,00;11.605;557.040,00;1;ZF 1302603;557.040,00
4500148493;30;4600003232;50;0,00;0,00;1009535    NANSEN INSTRUMENTOS DE PRECISAO LTD;NB;F;A16;;10/03/2026;C1;400937;MED EL 2E 3F 120V 120A GD B;MC12501;;;;CDFL;INVT;4.889;UN;4.889;UN;80,00;BRL;1;0;0;4.889;391.120,00;4.889;391.120,00;1;ZF 1302603;391.120,00
4500145288;10;4600002620;150;0,00;0,00;1009609    CROSSFOX COMERCIO DE CONDUTORES ELE;NB;F;A03;;09/02/2026;C1;805459;CONECTOR PERF 50-185MM2 15KV COM ESTRIBO;MC12002;;;;CDFL;CUST;3.020;UN;3.020;UN;131,12;BRL;1;0;0;2.020;264.862,40;2.020;264.862,40;1;ZF 1302603;395.982,40
4500145289;10;4600002620;90;0,00;0,00;1009609    CROSSFOX COMERCIO DE CONDUTORES ELE;NB;F;GAE;;09/02/2026;C1;402105;CONECTOR AUTO PERF DU 70-240 / 70-240MM2;MC12002;;;;CDFL;INVT;500;UN;500;UN;32,35;BRL;1;0;0;0;0,00;0;0,00;1;ZF 1302603;16.174,40
4500145747;10;4600002530;70;0,00;0,00;1009609    CROSSFOX COMERCIO DE CONDUTORES ELE;NB;F;GAE;;10/02/2026;C1;400594;CABO DE AÇO REVESTIDOS DE COBRE 35MM²;MC00201;;;;CDFL;INVT;7.635;KG;7.635;KG;81,61;BRL;1;0;0;7.635;623.073,26;7.635;623.073,26;1;ZF 1302603;623.073,26
4500147515;10;;0;0,00;0,00;1009609    CROSSFOX COMERCIO DE CONDUTORES ELE;NB;F;GAE;;23/02/2026;C1;803907;CABO DE AÇO REVESTIDOS DE COBRE 35MM²;MC00201;;;;CDFL;CUST;2.000;KG;2.000;KG;81,61;BRL;1;0;0;2.000;163.215,00;2.000;163.215,00;1;ZF 1302603;163.215,00
4500147613;10;4600002234;50;0,00;0,00;1009609    CROSSFOX COMERCIO DE CONDUTORES ELE;NB;F;A03;;24/02/2026;C1;400906;HASTE ATERRAMENTO CI AC 14,3X2438MM;MC01208;;;;CDFL;INVT;3.866;UN;3.866;UN;85,19;BRL;1;0;0;3.866;329.336,81;3.866;329.336,81;1;ZF 1302603;329.336,81
4500147811;10;4600003514;10;0,00;0,00;1009904    TAF INDUSTRIA DE PLASTICOS LTDA;NB;F;A01;;02/03/2026;C1;401465;CONECTOR PERF AL 16-120MM2 / 16-120MM2;MC12002;;;;CDFL;INVT;25.933;UN;25.933;UN;9,77;BRL;1;0;0;25.933;253.476,92;25.933;253.476,92;1;ZF 1302603;253.476,92
4500144303;10;4600003062;70;0,00;0,00;1010868    ONIX DISTRIBUIDORA DE PRODUTOS ELET;NB;F;A03;;22/01/2026;C1;402296;GANCHO OLHAL AC 17MM 5000KGF;MC12002;;;;CDFL;INVT;4.067;UN;4.067;UN;10,17;BRL;1;0;0;0;0,00;0;0,00;1;ZF 1302603;41.378,47
4500144303;20;4600003062;20;0,00;0,00;1010868    ONIX DISTRIBUIDORA DE PRODUTOS ELET;NB;F;A03;;22/01/2026;C1;801087;GANCHO OLHAL AC 17MM 5000KGF;MC12002;;;;CDFL;CUST;746;UN;746;UN;10,17;BRL;1;0;0;0;0,00;0;0,00;1;ZF 1302603;7.589,95
4500144303;30;4600003062;30;0,00;0,00;1010868    ONIX DISTRIBUIDORA DE PRODUTOS ELET;NB;F;A03;;22/01/2026;C1;801186;OLHAL PARAFUSO AC 16MM 5000DAN;MC10401;;;;CDFL;CUST;833;UN;833;UN;13,07;BRL;1;0;0;0;0,00;0;0,00;1;ZF 1302603;10.884,39
4500144303;40;4600003062;90;0,00;0,00;1010868    ONIX DISTRIBUIDORA DE PRODUTOS ELET;NB;F;A03;;22/01/2026;C1;401264;PINO ISOLADOR AC 25X294X19MM;MC10902;;;;CDFL;INVT;1.356;UN;1.356;UN;21,44;BRL;1;0;0;0;0,00;0;0,00;1;ZF 1302603;29.067,89
4500144468;20;4600003074;40;0,00;0,00;1010868    ONIX DISTRIBUIDORA DE PRODUTOS ELET;NB;F;A01;;22/01/2026;C1;400140;ISOLADOR RODL PORC 15KV 81X47MM 1350DAN;MC10902;;;;CDFL;INVT;3.500;UN;3.500;UN;7,06;BRL;1;0;0;0;0,00;0;0,00;1;ZF 1302603;24.705,45
4500144468;30;4600003074;30;0,00;0,00;1010868    ONIX DISTRIBUIDORA DE PRODUTOS ELET;NB;F;A01;;22/01/2026;C1;400111;ISOLADOR CAST PORC 13,8KV 90MM 3400DAN;MC10902;;;;CDFL;INVT;131;UN;131;UN;11,09;BRL;1;0;0;0;0,00;0;0,00;1;ZF 1302603;1.452,21
4500144675;10;4600002545;140;0,00;0,00;1011711    POOL ENGENHARIA, SERVICO, INDUSTRIA;NB;F;A03;;26/01/2026;CA;400968;POSTE FIBRA VIDRO 11M 200DAN;MC12001;;;;CDFL;INVT;50;UN;50;UN;1.674,93;BRL;1;0;0;0;0,00;0;0,00;1;ZF 1302603;83.746,50
4500144675;30;4600002545;140;0,00;0,00;1011711    POOL ENGENHARIA, SERVICO, INDUSTRIA;NB;F;A03;;26/01/2026;CA;400968;POSTE FIBRA VIDRO 11M 200DAN;MC12001;;;;CDFL;INVT;50;UN;50;UN;1.674,93;BRL;1;0;0;0;0,00;0;0,00;1;ZF 1302603;83.746,50
4500147049;10;4600003492;10;0,00;0,00;1011711    POOL ENGENHARIA, SERVICO, INDUSTRIA;NB;F;GAE;;20/02/2026;CA;400216;POSTE FIBRA VIDRO 9M 200DAN;MC12001;;;;CDFL;INVT;3;UN;3;UN;1.381,49;BRL;1;0;0;0;0,00;0;0,00;1;ZF 1302603;4.144,46
4500147049;20;4600003492;20;0,00;0,00;1011711    POOL ENGENHARIA, SERVICO, INDUSTRIA;NB;F;GAE;;20/02/2026;CA;400221;POSTE FIBRA VIDRO E-CR 11M 300DAN;MC12001;;;;CDFL;INVT;100;UN;100;UN;1.999,50;BRL;1;0;0;0;0,00;0;0,00;1;ZF 1302603;199.950,00
4500147049;30;4600003492;30;0,00;0,00;1011711    POOL ENGENHARIA, SERVICO, INDUSTRIA;NB;F;GAE;;20/02/2026;CA;401360;POSTE FIBRA VIDRO E-CR 9M 300DAN;MC12001;;;;CDFL;INVT;124;UN;124;UN;1.551,36;BRL;1;0;0;0;0,00;0;0,00;1;ZF 1302603;192.368,75
4500149689;10;4600003492;30;0,00;0,00;1011711    POOL ENGENHARIA, SERVICO, INDUSTRIA;NB;F;GAE;;16/03/2026;CA;401360;POSTE FIBRA VIDRO E-CR 9M 300DAN;MC12001;;;;CDFL;INVT;100;UN;100;UN;1.551,36;BRL;1;0;0;0;0,00;0;0,00;1;ZF 1302603;155.136,09
4500144262;20;4600003029;20;0,00;0,00;1011918    STEEL LOOP INDUSTRIAL DO BRASIL LTD;NB;F;A03;;22/01/2026;C1;403675;ALCA PREFORM CABO CONC  3X25 + 25;MC11001;;;;CDFL;INVT;600;UN;600;UN;12,88;BRL;1;0;0;600;7.728,30;600;7.728,30;1;ZF 1302603;7.728,30
4500144262;30;4600003029;30;0,00;0,00;1011918    STEEL LOOP INDUSTRIAL DO BRASIL LTD;NB;F;A03;;22/01/2026;C1;403580;ALCA PREFORM CABO CONC 3X35 + 35;MC11001;;;;CDFL;INVT;700;UN;700;UN;13,49;BRL;1;0;0;700;9.439,50;700;9.439,50;1;ZF 1302603;9.439,50
4500146810;10;4600003029;20;0,00;0,00;1011918    STEEL LOOP INDUSTRIAL DO BRASIL LTD;NB;F;A03;;19/02/2026;C1;403675;ALCA PREFORM CABO CONC  3X25 + 25;MC11001;;;;CDFL;INVT;5.959;UN;5.959;UN;12,88;BRL;1;0;0;5.959;76.754,90;5.959;76.754,90;1;ZF 1302603;76.754,90
4500146810;20;4600003029;30;0,00;0,00;1011918    STEEL LOOP INDUSTRIAL DO BRASIL LTD;NB;F;A03;;19/02/2026;C1;403580;ALCA PREFORM CABO CONC 3X35 + 35;MC11001;;;;CDFL;INVT;721;UN;721;UN;13,48;BRL;1;0;0;721;9.722,68;721;9.722,68;1;ZF 1302603;9.722,68
4500145246;10;4600003179;10;0,00;0,00;1012258    G.O. CARDOSO INDUSTRIA E COMERCIO D;NB;F;A03;;06/02/2026;C1;403390;PRENSA CABO PVC 1P;MC10701;;;;CDFL;INVT;3.938;UN;3.938;UN;6,99;BRL;1;0;0;3.938;27.540,80;3.938;27.540,80;1;ZF 1302603;27.540,80
4500147721;10;;0;0,00;0,00;1012258    G.O. CARDOSO INDUSTRIA E COMERCIO D;NB;F;GAE;;27/02/2026;C1;403579;CABO AL CONCENTRICO 3F 3X35+35MM2;MC10101;;;;CDFL;INVT;30.000;M;30.000;M;27,82;BRL;1;0;0;30.000;834.489,00;30.000;834.489,00;1;ZF 1302603;834.489,00
4500147721;20;;0;0,00;0,00;1012258    G.O. CARDOSO INDUSTRIA E COMERCIO D;NB;F;GAE;;27/02/2026;C1;403579;CABO AL CONCENTRICO 3F 3X35+35MM2;MC10101;;;;CDFL;INVT;30.000;M;30.000;M;27,82;BRL;1;0;0;30.000;834.489,00;30.000;834.489,00;1;ZF 1302603;834.489,00
4500147721;30;;0;0,00;0,00;1012258    G.O. CARDOSO INDUSTRIA E COMERCIO D;NB;F;GAE;;27/02/2026;C1;403579;CABO AL CONCENTRICO 3F 3X35+35MM2;MC10101;;;;CDFL;INVT;40.000;M;40.000;M;27,82;BRL;1;0;0;40.000;1.112.652,00;40.000;1.112.652,00;1;ZF 1302603;1.112.652,00
4500147721;40;;0;0,00;0,00;1012258    G.O. CARDOSO INDUSTRIA E COMERCIO D;NB;F;GAE;;27/02/2026;C1;403579;CABO AL CONCENTRICO 3F 3X35+35MM2;MC10101;;;;CDFL;INVT;45.409;M;45.409;M;27,82;BRL;1;0;0;45.409;1.263.110,37;45.409;1.263.110,37;1;ZF 1302603;1.263.110,37
4500147721;50;;0;0,00;0,00;1012258    G.O. CARDOSO INDUSTRIA E COMERCIO D;NB;F;GAE;;27/02/2026;C1;804632;CABO AL CONCENTRICO 2F 2X10+10MM2;MC10101;;;;CDFL;CUST;1.000;M;1.000;M;8,01;BRL;1;0;0;1.000;8.007,30;1.000;8.007,30;1;ZF 1302603;8.007,30
4500147721;60;;0;0,00;0,00;1012258    G.O. CARDOSO INDUSTRIA E COMERCIO D;NB;F;GAE;;27/02/2026;C1;804633;CABO AL CONCENTRICO 2F 2X16+16MM2;MC10101;;;;CDFL;CUST;1.000;M;1.000;M;11,32;BRL;1;0;0;1.000;11.318,10;1.000;11.318,10;1;ZF 1302603;11.318,10
4500147721;70;;0;0,00;0,00;1012258    G.O. CARDOSO INDUSTRIA E COMERCIO D;NB;F;GAE;;27/02/2026;C1;804642;CABO AL CONCENTRICO 3F 3X35+35MM2;MC10101;;;;CDFL;CUST;1.000;M;1.000;M;27,82;BRL;1;0;0;1.000;27.816,30;1.000;27.816,30;1;ZF 1302603;27.816,30
4500147864;10;4600003502;10;0,00;0,00;1012258    G.O. CARDOSO INDUSTRIA E COMERCIO D;NB;F;GAE;;03/03/2026;C1;407096;PROTETOR P/ CABO BT PVC COMP 2000MM;MC01204;;;;CDFL;INVT;6.882;PEÇ;6.882;PEÇ;183,78;BRL;1;0;0;6.882;1.264.755,38;0;0,00;1;ZF 1302603;1.264.755,38
4500147864;20;4600003502;20;0,00;0,00;1012258    G.O. CARDOSO INDUSTRIA E COMERCIO D;NB;F;GAE;;03/03/2026;C1;407094;SEALTUBO 1.1/2 FLEX ESP. AÇO CAPA PVC;MC03501;;;;CDFL;INVT;3.330;M;3.330;M;59,91;BRL;1;0;0;3.330;199.502,30;3.330;199.502,30;1;ZF 1302603;199.502,30
4500144981;110;4600003141;220;0,00;0,00;1012848    SERTA TRANSFORMADORES IND. COM. IMP;NB;F;GAE;;03/02/2026;C0;404161;"CONJ MEDICAO 15KV; 70:1; 15-5A; USO EXT";MC22104;;;;CDFL;INVT;27;UN;27;UN;30.500,00;BRL;1;0;0;27;823.500,00;27;823.500,00;1;ZF 1302603;823.500,00
4500144981;120;4600003141;230;0,00;0,00;1012848    SERTA TRANSFORMADORES IND. COM. IMP;NB;F;GAE;;03/02/2026;C0;404164;"CONJ MEDICAO 15KV; 70:1; 30-5A; USO EXT";MC22104;;;;CDFL;INVT;9;UN;9;UN;30.500,00;BRL;1;0;0;9;274.500,00;9;274.500,00;1;ZF 1302603;274.500,00
4500144981;130;4600003141;240;0,00;0,00;1012848    SERTA TRANSFORMADORES IND. COM. IMP;NB;F;GAE;;03/02/2026;C0;404169;"CONJ MEDICAO 15KV; 70:1; 150-5A; USO EXT";MC22104;;;;CDFL;INVT;10;UN;10;UN;30.500,00;BRL;1;0;0;10;305.000,00;10;305.000,00;1;ZF 1302603;305.000,00
4500144981;140;4600003141;250;0,00;0,00;1012848    SERTA TRANSFORMADORES IND. COM. IMP;NB;F;GAE;;03/02/2026;C0;404170;"CONJ MEDICAO 15KV; 70:1; 200-5A; USO EXT";MC22104;;;;CDFL;INVT;4;UN;4;UN;30.500,00;BRL;1;0;0;4;122.000,00;4;122.000,00;1;ZF 1302603;122.000,00
4500144981;150;4600003141;260;0,00;0,00;1012848    SERTA TRANSFORMADORES IND. COM. IMP;NB;F;GAE;;03/02/2026;C0;404171;"CONJ MEDICAO 15KV; 70:1; 300-5A; USO EXT";MC22104;;;;CDFL;INVT;2;UN;2;UN;32.000,00;BRL;1;0;0;2;64.000,00;2;64.000,00;1;ZF 1302603;64.000,00
4500144981;160;4600003141;270;0,00;0,00;1012848    SERTA TRANSFORMADORES IND. COM. IMP;NB;F;GAE;;03/02/2026;C0;404172;"CONJ MEDICAO 15KV; 70:1; 100-5A; USO EXT";MC22104;;;;CDFL;INVT;11;UN;11;UN;30.500,00;BRL;1;0;0;11;335.500,00;11;335.500,00;1;ZF 1302603;335.500,00
4500144981;170;4600003141;280;0,00;0,00;1012848    SERTA TRANSFORMADORES IND. COM. IMP;NB;F;GAE;;03/02/2026;C0;404159;"CONJ MEDICAO 15KV; 70:1; 5-5A; USO EXT";MC22104;;;;CDFL;INVT;45;UN;45;UN;30.500,00;BRL;1;0;0;45;1.372.500,00;45;1.372.500,00;1;ZF 1302603;1.372.500,00
4500144981;180;4600003141;290;0,00;0,00;1012848    SERTA TRANSFORMADORES IND. COM. IMP;NB;F;GAE;;03/02/2026;C0;404160;"CONJ MEDICAO 15KV; 70:1; 10-5A; USO EXT";MC22104;;;;CDFL;INVT;43;UN;43;UN;30.500,00;BRL;1;0;0;43;1.311.500,00;43;1.311.500,00;1;ZF 1302603;1.311.500,00
4500144981;190;4600003141;300;0,00;0,00;1012848    SERTA TRANSFORMADORES IND. COM. IMP;NB;F;GAE;;03/02/2026;C0;404166;"CONJ MEDICAO 15KV; 70:1; 50-5A; USO EXT";MC22104;;;;CDFL;INVT;15;UN;15;UN;30.500,00;BRL;1;0;0;15;457.500,00;15;457.500,00;1;ZF 1302603;457.500,00
4500144981;200;4600003141;310;0,00;0,00;1012848    SERTA TRANSFORMADORES IND. COM. IMP;NB;F;GAE;;03/02/2026;C0;404167;"CONJ MEDICAO 15KV; 70:1; 75-5A; USO EXT";MC22104;;;;CDFL;INVT;20;UN;20;UN;30.500,00;BRL;1;0;0;20;610.000,00;20;610.000,00;1;ZF 1302603;610.000,00
4500144981;210;4600003141;320;0,00;0,00;1012848    SERTA TRANSFORMADORES IND. COM. IMP;NB;F;GAE;;03/02/2026;C0;404162;"CONJ MEDICAO 15KV; 70:1; 20-5A; USO EXT";MC22104;;;;CDFL;INVT;24;UN;24;UN;30.500,00;BRL;1;0;0;24;732.000,00;24;732.000,00;1;ZF 1302603;732.000,00
4500147200;10;4600003494;10;0,00;0,00;1012974    FRONTEC INDUSTRIA DE COMPONENTES DE;NB;F;GAE;;20/02/2026;C1;410177;ABRACADEIRA AÇO INOX 304 – 362X7,90MM;MC02901;;;;CDFL;INVT;6.400;UN;6.400;UN;1,72;BRL;1;0;0;0;0,00;0;0,00;1;ZF 1302603;11.011,20
4500147679;10;4600003494;10;0,00;0,00;1012974    FRONTEC INDUSTRIA DE COMPONENTES DE;NB;F;GAE;;26/02/2026;C1;410177;ABRACADEIRA AÇO INOX 304 – 362X7,90MM;MC02901;;;;CDFL;INVT;6.800;UN;6.800;UN;1,72;BRL;1;0;0;0;0,00;0;0,00;1;ZF 1302603;11.699,40
4500147685;10;4600003165;100;0,00;0,00;1012974    FRONTEC INDUSTRIA DE COMPONENTES DE;NB;F;GAE;;26/02/2026;C1;403602;ABRACADEIRA PLAS UV 525X8,90MM TRI;MC02901;;;;CDFL;INVT;40.000;UN;40.000;UN;0,99;BRL;1;0;0;0;0,00;0;0,00;1;ZF 1302603;39.432,00
4500147685;20;4600003165;110;0,00;0,00;1012974    FRONTEC INDUSTRIA DE COMPONENTES DE;NB;F;GAE;;26/02/2026;C1;403499;ABRACADEIRA PLAS 300 X 4,80MM;MC02901;;;;CDFL;INVT;55.500;UN;55.500;UN;0,15;BRL;1;0;0;0;0,00;0;0,00;1;ZF 1302603;8.258,40
4500147685;30;4600003165;120;0,00;0,00;1012974    FRONTEC INDUSTRIA DE COMPONENTES DE;NB;F;GAE;;26/02/2026;C1;803129;ABRACADEIRA NYLON 5MMX300MM;MC02901;;;;CDFL;CUST;400;UN;400;UN;0,33;BRL;1;0;0;0;0,00;0;0,00;1;ZF 1302603;133,92
4500148303;10;4600003494;10;0,00;0,00;1012974    FRONTEC INDUSTRIA DE COMPONENTES DE;NB;F;GAE;;06/03/2026;C1;410177;ABRACADEIRA AÇO INOX 304 – 362X7,90MM;MC02901;;;;CDFL;INVT;23.296;UN;23.296;UN;1,72;BRL;1;0;0;13.296;22.875,77;13.296;22.875,77;1;ZF 1302603;40.080,77
4500150121;10;;0;0,00;0,00;1012974    FRONTEC INDUSTRIA DE COMPONENTES DE;NB;F;A13;;23/03/2026;C1;403499;ABRACADEIRA PLAS 300 X 4,80MM;MC02901;;;;CDFL;INVT;210.400;UN;210.400;UN;0,15;BRL;1;0;0;210.400;31.307,52;210.400;31.307,52;1;ZF 1302603;31.307,52
4500150121;20;;0;0,00;0,00;1012974    FRONTEC INDUSTRIA DE COMPONENTES DE;NB;F;A13;;23/03/2026;C1;403602;ABRACADEIRA PLAS UV 525X8,90MM TRI;MC02901;;;;CDFL;INVT;113.300;UN;113.300;UN;0,49;BRL;1;0;0;113.300;55.845,57;113.300;55.845,57;1;ZF 1302603;55.845,57
4500147281;10;;0;0,00;0,00;1013036    ISOPOWER INDUSTRIA E COMERCIO DE PR;NB;F;GAE;;20/02/2026;C1;408995;GRAMPO ANCOR UNIVERSAL 35MM2 A 185MM2;MC12002;;;;CDFL;INVT;1.138;UN;1.138;UN;20,41;BRL;1;0;0;1.138;23.230,56;1.138;23.230,56;1;ZF 1302603;23.230,56
4500148066;10;4600003500;10;0,00;0,00;1013808    PREFORMAX DO BRASIL LTDA;NB;F;A03;;03/03/2026;C1;403804;ALCA PREFORM 6,4MM 1/4P AM 635MM;MC11001;;;;CDFL;INVT;1.300;UN;1.300;UN;5,49;BRL;1;0;0;1.300;7.133,10;1.300;7.133,10;1;ZF 1302603;7.133,10
4500148096;10;4600003517;20;0,00;0,00;1013808    PREFORMAX DO BRASIL LTDA;NB;F;A03;;04/03/2026;C1;400359;ALCA PREFORM ESTAI 3/8P 9,5MM 889MM;MC11001;;;;CDFL;INVT;963;UN;963;UN;16,09;BRL;1;0;0;963;15.493,71;963;15.493,71;1;ZF 1302603;15.493,71
4500148096;30;4600003517;40;0,00;0,00;1013808    PREFORMAX DO BRASIL LTDA;NB;F;A03;;04/03/2026;C1;403647;ALCA PREFORM CABO CONC 3X95 +70;MC11001;;;;CDFL;INVT;6.930;UN;6.930;UN;31,89;BRL;1;0;0;6.930;220.995,62;6.930;220.995,62;1;ZF 1302603;220.995,62
4500148096;40;4600003517;50;0,00;0,00;1013808    PREFORMAX DO BRASIL LTDA;NB;F;A03;;04/03/2026;C1;410047;ALCA PREFORM CABO CONC  2X25 + 25;MC11001;;;;CDFL;INVT;6.234;UN;6.234;UN;7,33;BRL;1;0;0;6.234;45.685,25;6.234;45.685,25;1;ZF 1302603;45.685,25
4500148096;50;4600003517;60;0,00;0,00;1013808    PREFORMAX DO BRASIL LTDA;NB;F;A03;;04/03/2026;C1;403580;ALCA PREFORM CABO CONC 3X35 + 35;MC11001;;;;CDFL;INVT;6.162;UN;6.162;UN;12,42;BRL;1;0;0;6.162;76.561,62;6.162;76.561,62;1;ZF 1302603;76.561,62
4500148096;60;4600003517;70;0,00;0,00;1013808    PREFORMAX DO BRASIL LTDA;NB;F;A03;;04/03/2026;C1;403675;ALCA PREFORM CABO CONC  3X25 + 25;MC11001;;;;CDFL;INVT;7.675;UN;7.675;UN;7,69;BRL;1;0;0;7.675;59.029,19;7.675;59.029,19;1;ZF 1302603;59.029,19
4500148096;70;4600003517;80;0,00;0,00;1013808    PREFORMAX DO BRASIL LTDA;NB;F;A03;;04/03/2026;C1;802405;ALCA PREFORM 6,4MM 1/4P AM 635MM;MC11001;;;;CDFL;CUST;85;UN;85;UN;5,77;BRL;1;0;0;85;490,11;85;490,11;1;ZF 1302603;490,11
4500148914;10;4600003500;20;0,00;0,00;1013808    PREFORMAX DO BRASIL LTDA;NB;F;A03;;11/03/2026;C1;403804;ALCA PREFORM 6,4MM 1/4P AM 635MM;MC11001;;;;CDFL;INVT;8.994;UN;8.994;UN;5,49;BRL;1;0;0;8.994;49.350,08;8.994;49.350,08;1;ZF 1302603;49.350,08
4500150248;10;4600003517;90;0,00;0,00;1013808    PREFORMAX DO BRASIL LTDA;NB;F;GAE;;27/03/2026;C1;403804;ALCA PREFORM 6,4MM 1/4P AM 635MM;MC11001;;;;CDFL;INVT;2.029;UN;2.029;UN;5,49;BRL;1;0;0;2.029;11.133,12;2.029;11.133,12;1;ZF 1302603;11.133,12
4500150248;20;4600003517;100;0,00;0,00;1013808    PREFORMAX DO BRASIL LTDA;NB;F;GAE;;27/03/2026;C1;403647;ALCA PREFORM CABO CONC 3X95 +70;MC11001;;;;CDFL;INVT;122;UN;122;UN;31,89;BRL;1;0;0;122;3.890,54;122;3.890,54;1;ZF 1302603;3.890,54
4500150248;30;4600003517;110;0,00;0,00;1013808    PREFORMAX DO BRASIL LTDA;NB;F;GAE;;27/03/2026;C1;410047;ALCA PREFORM CABO CONC  2X25 + 25;MC11001;;;;CDFL;INVT;1.856;UN;1.856;UN;7,33;BRL;1;0;0;1.856;13.601,51;1.856;13.601,51;1;ZF 1302603;13.601,51
4500150248;40;4600003517;120;0,00;0,00;1013808    PREFORMAX DO BRASIL LTDA;NB;F;GAE;;27/03/2026;C1;403580;ALCA PREFORM CABO CONC 3X35 + 35;MC11001;;;;CDFL;INVT;6.609;UN;6.609;UN;12,42;BRL;1;0;0;6.609;82.115,50;6.609;82.115,50;1;ZF 1302603;82.115,50
4500145339;10;4600003164;10;0,00;0,00;1014880    ANDRA S A ELECTRIC SOLUTIONS;NB;F;A14;;09/02/2026;C1;402587;FITA ISOL EPR 0,76X19MM 10M PT;MC10903;;;;CDFL;INVT;1.521;UN;1.521;UN;24,18;BRL;1;0;0;0;0,00;0;0,00;1;ZF 1302603;36.777,78
4500145339;20;4600003164;20;0,00;0,00;1014880    ANDRA S A ELECTRIC SOLUTIONS;NB;F;A14;;09/02/2026;C1;800344;FITA ISOL EPR 0,76X19MM 10M PT;MC10903;;;;CDFL;CUST;1.380;UN;1.380;UN;24,18;BRL;1;0;0;0;0,00;0;0,00;1;ZF 1302603;33.368,40
4500145339;30;4600003164;30;0,00;0,00;1014880    ANDRA S A ELECTRIC SOLUTIONS;NB;F;A14;;09/02/2026;C1;800852;FITA ISOLANTE ELET PVC 19X0,19MM 20M PT;MC10903;;;;CDFL;CUST;1.155;UN;1.155;UN;20,12;BRL;1;0;0;0;0,00;0;0,00;1;ZF 1302603;23.233,86
4500147933;10;;0;0,00;0,00;1014880    ANDRA S A ELECTRIC SOLUTIONS;ZCDR;F;GAE;;03/03/2026;C1;410200; CONECTOR COMP TIPO H 95-95;MC12002;;;;CDFL;INVT;2.820;UN;2.820;UN;9,77;BRL;1;0;0;0;0,00;0;0,00;1;ZF 1302603;27.537,30
4500148670;10;;0;0,00;0,00;1016114    B A ELETRICA LTDA;NB;F;GAE;;11/03/2026;C0;402331;BRACO C/GRAMPO SUSPE SECU 500DAN;MC12002;;;;CDFL;INVT;303;UN;303;UN;53,95;BRL;1;0;0;0;0,00;0;0,00;1;ZF 1302603;16.346,85
4500145805;10;4600003135;30;0,00;0,00;1018867    JCARVALHO CABOS LTDA;NB;F;A15;;11/02/2026;C1;401823;CORDOALHA AC 6,3MM 1/4P 7F;MC10001;;;;CDFL;INVT;2.500;KG;2.500;KG;22,92;BRL;1;0;0;0;0,00;0;0,00;1;ZF 1302603;57.311,25
4500149141;10;;0;0,00;0,00;1018867    JCARVALHO CABOS LTDA;NB;F;GAE;;12/03/2026;C1;401823;CORDOALHA AC 6,3MM 1/4P 7F;MC10001;;;;CDFL;INVT;13.000;KG;13.000;KG;22,92;BRL;1;0;0;13.000;298.018,50;13.000;298.018,50;1;ZF 1302603;298.018,50
4500144973;10;4600003055;20;0,00;0,00;1020062    CROSSFOX COMERCIO;NB;F;A03;;03/02/2026;C1;404732;CONECTOR PERFUR 50-185MM MED TENSAO 15KV;MC10301;;;;CDFL;INVT;1.414;UN;1.414;UN;75,68;BRL;1;0;0;414;31.331,52;414;31.331,52;1;ZF 1302603;107.011,52
4500144973;20;4600003055;60;0,00;0,00;1020062    CROSSFOX COMERCIO;NB;F;A03;;03/02/2026;C1;800872;CONECTOR AUTO PERF DU 70-240 / 70-240MM2;MC12002;;;;CDFL;CUST;1.088;UN;1.088;UN;45,58;BRL;1;0;0;0;0,00;0;0,00;1;ZF 1302603;49.595,39
4500144973;30;4600003055;40;0,00;0,00;1020062    CROSSFOX COMERCIO;NB;F;A03;;03/02/2026;C1;803344;CONECTOR PERFUR 50-185MM MED TENSAO 15KV;MC10301;;;;CDFL;CUST;3.486;UN;3.486;UN;75,68;BRL;1;0;0;2.766;209.330,88;2.766;209.330,88;1;ZF 1302603;263.820,48
4500145290;10;4600003055;20;0,00;0,00;1020062    CROSSFOX COMERCIO;NB;F;A03;;09/02/2026;C1;404732;CONECTOR PERFUR 50-185MM MED TENSAO 15KV;MC10301;;;;CDFL;INVT;153;UN;153;UN;75,68;BRL;1;0;0;153;11.579,04;153;11.579,04;1;ZF 1302603;11.579,04
4500148053;10;4600003515;20;0,00;0,00;1020062    CROSSFOX COMERCIO;NB;F;A01;;03/03/2026;C1;400506;CONECTOR DER CU 13-34MM2;MC12002;;;;CDFL;INVT;1.000;UN;1.000;UN;8,36;BRL;1;0;0;1.000;8.360,00;1.000;8.360,00;1;ZF 1302603;8.360,00
4500148053;20;4600003515;30;0,00;0,00;1020062    CROSSFOX COMERCIO;NB;F;A01;;03/03/2026;C1;404732;CONECTOR PERFUR 50-185MM MED TENSAO 15KV;MC10301;;;;CDFL;INVT;2.000;UN;2.000;UN;75,68;BRL;1;0;0;2.000;151.360,00;2.000;151.360,00;1;ZF 1302603;151.360,00
4500148053;30;4600003515;40;0,00;0,00;1020062    CROSSFOX COMERCIO;NB;F;A01;;03/03/2026;C1;400790;CONECTOR ATERR REFORÇ HAST/CAB 5/8-35MM2;MC10301;;;;CDFL;INVT;5.500;UN;5.500;UN;11,62;BRL;1;0;0;5.500;63.888,00;5.500;63.888,00;1;ZF 1302603;63.888,00
4500148053;40;4600003515;50;0,00;0,00;1020062    CROSSFOX COMERCIO;NB;F;A01;;03/03/2026;C1;405537;CONECTOR PERF PRINC 16-120 DER 4-36 2AMP;MC10301;;;;CDFL;INVT;7.000;UN;7.000;UN;11,00;BRL;1;0;0;7.000;77.000,00;7.000;77.000,00;1;ZF 1302603;77.000,00
4500148053;50;4600003515;60;0,00;0,00;1020062    CROSSFOX COMERCIO;NB;F;A01;;03/03/2026;C1;801215;CONECTOR DER CU 13-34MM2;MC12002;;;;CDFL;CUST;1.044;UN;1.044;UN;8,36;BRL;1;0;0;1.044;8.727,84;0;0,00;1;ZF 1302603;8.727,84
4500150195;10;4600003515;10;0,00;0,00;1020062    CROSSFOX COMERCIO;NB;F;A01;;25/03/2026;C1;401500;CONECTOR DER CUNHA AL 2/0AWG 4/0AWG;MC12002;;;;CDFL;INVT;582;UN;582;UN;13,90;BRL;1;0;0;582;8.092,13;582;8.092,13;1;ZF 1302603;8.092,13
4500150257;10;4600003515;30;0,00;0,00;1020062    CROSSFOX COMERCIO;NB;F;A01;;27/03/2026;C1;404732;CONECTOR PERFUR 50-185MM MED TENSAO 15KV;MC10301;;;;CDFL;INVT;4.000;UN;4.000;UN;75,68;BRL;1;0;0;4.000;302.720,00;4.000;302.720,00;1;ZF 1302603;302.720,00
4500145810;10;4600003117;20;0,00;0,00;1020771    ELETRO EPI COMERCIO E DISTRIBUICAO;NB;F;A12;;11/02/2026;C1;409258;TERMINAL A COMP OLHAL BIMETALICO 150MM2;MC10401;;;;CDFL;INVT;100;UN;100;UN;42,87;BRL;1;0;0;100;4.287,30;100;4.287,30;1;ZF 1302603;4.287,30
4500145810;20;4600003117;30;0,00;0,00;1020771    ELETRO EPI COMERCIO E DISTRIBUICAO;NB;F;A12;;11/02/2026;C1;409259;TERMINAL A COMP OLHAL BIMETALICO 185MM2;MC10401;;;;CDFL;INVT;100;UN;100;UN;65,38;BRL;1;0;0;100;6.537,90;100;6.537,90;1;ZF 1302603;6.537,90
4500145810;30;4600003117;40;0,00;0,00;1020771    ELETRO EPI COMERCIO E DISTRIBUICAO;NB;F;A12;;11/02/2026;C1;409260;TERMINAL A COMP PARA BORNE PINO 95MM;MC10401;;;;CDFL;INVT;40;UN;40;UN;16,28;BRL;1;0;0;40;651,00;40;651,00;1;ZF 1302603;651,00
4500142861;10;4600002961;260;0,00;0,00;1021472    VOLTZ INDUSTRIA E COMERCIO DE MATER;NB;F;GAE;;15/01/2026;C1;402312;OLHAL PARAFUSO AC 16MM 5000DAN;MC10401;;;;CDFL;INVT;6.635;UN;6.635;UN;14,28;BRL;1;0;0;6.635;94.717,94;6.635;94.717,94;1;ZF 1302603;94.717,94
4500142861;20;4600002961;290;0,00;0,00;1021472    VOLTZ INDUSTRIA E COMERCIO DE MATER;NB;F;GAE;;15/01/2026;C1;400974;PORCA QUADRADA AC 16MM 2MM;MC01301;;;;CDFL;INVT;10.000;UN;10.000;UN;2,42;BRL;1;0;0;10.000;24.180,00;10.000;24.180,00;1;ZF 1302603;24.180,00
4500142962;10;4600003061;10;0,00;0,00;1021472    VOLTZ INDUSTRIA E COMERCIO DE MATER;NB;F;A03;;15/01/2026;C1;801047;ARRUELA LIS QD AC 17MM 11/16 57X57MM 5MM;MC01301;;;;CDFL;CUST;666;UN;666;UN;2,72;BRL;1;0;0;666;1.814,78;666;1.814,78;1;ZF 1302603;1.814,78
4500142962;20;4600003061;80;0,00;0,00;1021472    VOLTZ INDUSTRIA E COMERCIO DE MATER;NB;F;A03;;15/01/2026;C1;400193;PARAFUSO OLHAL AC 5/8P 20P;MC01301;;;;CDFL;INVT;927;UN;927;UN;27,77;BRL;1;0;0;927;25.742,60;927;25.742,60;1;ZF 1302603;25.742,60
4500142962;30;4600003061;100;0,00;0,00;1021472    VOLTZ INDUSTRIA E COMERCIO DE MATER;NB;F;A03;;15/01/2026;C1;402448;PARAFUSO OLH AC 5/8P 24P;MC01301;;;;CDFL;INVT;243;UN;243;UN;27,80;BRL;1;0;0;243;6.754,84;243;6.754,84;1;ZF 1302603;6.754,84
4500142962;40;4600003061;60;0,00;0,00;1021472    VOLTZ INDUSTRIA E COMERCIO DE MATER;NB;F;A03;;15/01/2026;C1;800528;PARAFUSO OLH AC 5/8P 650MM;MC01301;;;;CDFL;CUST;479;UN;479;UN;34,98;BRL;1;0;0;479;16.754,13;479;16.754,13;1;ZF 1302603;16.754,13
4500142962;50;4600003061;20;0,00;0,00;1021472    VOLTZ INDUSTRIA E COMERCIO DE MATER;NB;F;A03;;15/01/2026;C1;800982;PARAFUSO OLHAL AC 5/8P 20P;MC01301;;;;CDFL;CUST;1.284;UN;1.284;UN;27,77;BRL;1;0;0;1.284;35.656,42;1.284;35.656,42;1;ZF 1302603;35.656,42
4500142962;60;4600003061;50;0,00;0,00;1021472    VOLTZ INDUSTRIA E COMERCIO DE MATER;NB;F;A03;;15/01/2026;C1;801225;PARAFUSO OLH AC 5/8P 24P;MC01301;;;;CDFL;CUST;351;UN;351;UN;27,80;BRL;1;0;0;351;9.756,99;351;9.756,99;1;ZF 1302603;9.756,99
4500142962;70;4600003061;90;0,00;0,00;1021472    VOLTZ INDUSTRIA E COMERCIO DE MATER;NB;F;A03;;15/01/2026;C1;402401;PINO ISOLADOR POLIMERICO AC 15KV 200MM;MC10902;;;;CDFL;INVT;3.481;UN;3.481;UN;26,58;BRL;1;0;0;3.481;92.522,89;3.481;92.522,89;1;ZF 1302603;92.522,89
4500142962;80;4600003061;30;0,00;0,00;1021472    VOLTZ INDUSTRIA E COMERCIO DE MATER;NB;F;A03;;15/01/2026;C1;801164;PINO ISOLADOR POLIMERICO AC 15KV 200MM;MC10902;;;;CDFL;CUST;1.088;UN;1.088;UN;26,58;BRL;1;0;0;1.088;28.918,39;1.088;28.918,39;1;ZF 1302603;28.918,39
4500142962;90;4600003061;70;0,00;0,00;1021472    VOLTZ INDUSTRIA E COMERCIO DE MATER;NB;F;A03;;15/01/2026;C1;400827;ARRUELA LIS QD AC 17MM 11/16 57X57MM 5MM;MC01301;;;;CDFL;INVT;5.165;UN;5.165;UN;2,72;BRL;1;0;0;5.165;14.074,11;5.165;14.074,11;1;ZF 1302603;14.074,11
4500148260;10;4600003061;70;0,00;0,00;1021472    VOLTZ INDUSTRIA E COMERCIO DE MATER;NB;F;A03;;05/03/2026;C1;400827;ARRUELA LIS QD AC 17MM 11/16 57X57MM 5MM;MC01301;;;;CDFL;INVT;58.881;UN;58.881;UN;2,72;BRL;1;0;0;58.881;160.444,84;58.881;160.444,84;1;ZF 1302603;160.444,84
4500148260;20;4600003061;100;0,00;0,00;1021472    VOLTZ INDUSTRIA E COMERCIO DE MATER;NB;F;A03;;05/03/2026;C1;402448;PARAFUSO OLH AC 5/8P 24P;MC01301;;;;CDFL;INVT;120;UN;120;UN;27,80;BRL;1;0;0;120;3.335,72;120;3.335,72;1;ZF 1302603;3.335,72
4500148260;30;4600003061;90;0,00;0,00;1021472    VOLTZ INDUSTRIA E COMERCIO DE MATER;NB;F;A03;;05/03/2026;C1;402401;PINO ISOLADOR POLIMERICO AC 15KV 200MM;MC10902;;;;CDFL;INVT;1.027;UN;1.027;UN;26,58;BRL;1;0;0;1.027;27.297,04;1.027;27.297,04;1;ZF 1302603;27.297,04
4500148260;40;4600003061;10;0,00;0,00;1021472    VOLTZ INDUSTRIA E COMERCIO DE MATER;NB;F;A03;;05/03/2026;C1;801047;ARRUELA LIS QD AC 17MM 11/16 57X57MM 5MM;MC01301;;;;CDFL;CUST;6.703;UN;6.703;UN;2,72;BRL;1;0;0;6.703;18.265,00;6.703;18.265,00;1;ZF 1302603;18.265,00
4500148260;50;4600003061;110;0,00;0,00;1021472    VOLTZ INDUSTRIA E COMERCIO DE MATER;NB;F;A03;;05/03/2026;C1;401497;ARRUELA PRES AC PARAF 3/8P 15MM;MC01301;;;;CDFL;INVT;638;UN;638;UN;1,85;BRL;1;0;0;638;1.180,75;638;1.180,75;1;ZF 1302603;1.180,75
4500148261;10;4600003078;20;0,00;0,00;1021472    VOLTZ INDUSTRIA E COMERCIO DE MATER;NB;F;A03;;05/03/2026;C1;800499;MAO-FRANCESA NORMAL AC 710X32X6,5MM;MC10701;;;;CDFL;CUST;1.993;UN;1.993;UN;18,46;BRL;1;0;0;1.993;36.791,78;1.993;36.791,78;1;ZF 1302603;36.791,78
4500148261;20;4600003078;10;0,00;0,00;1021472    VOLTZ INDUSTRIA E COMERCIO DE MATER;NB;F;A03;;05/03/2026;C1;401117;MAO-FRANCESA NORMAL AC 710X32X6,5MM;MC10701;;;;CDFL;INVT;9.520;UN;9.520;UN;18,46;BRL;1;0;0;9.520;175.743,96;9.520;175.743,96;1;ZF 1302603;175.743,96
4500150292;10;4600003533;10;0,00;0,00;1023763    WHITE MARTINS GASES INDUSTRIAIS DO;NB;F;A12;;31/03/2026;C1;800454;GAS HEXAFLUORETO ENXOFRE SF6;MC03001;;;;CDFL;CUST;150;KG;150;KG;363,41;BRL;1;0;0;150;54.511,20;150;54.511,20;1;ZF 1302603;54.511,20
4500150292;20;4600003533;20;0,00;0,00;1023763    WHITE MARTINS GASES INDUSTRIAIS DO;NB;F;A12;;31/03/2026;C1;800454;GAS HEXAFLUORETO ENXOFRE SF6;MC03001;;;;CDFL;CUST;100;KG;100;KG;363,41;BRL;1;0;0;100;36.340,80;100;36.340,80;1;ZF 1302603;36.340,80
4500150292;30;4600003533;30;0,00;0,00;1023763    WHITE MARTINS GASES INDUSTRIAIS DO;NB;F;A12;;31/03/2026;C1;800454;GAS HEXAFLUORETO ENXOFRE SF6;MC03001;;;;CDFL;CUST;150;KG;150;KG;363,41;BRL;1;0;0;150;54.511,20;150;54.511,20;1;ZF 1302603;54.511,20
4500144413;10;4600003057;210;0,00;0,00;1024046    ELETRO FUSI INDUSTRIA ELETROMETALUR;NB;F;A03;;22/01/2026;C1;402117;ELO FUSIVEL BOTAO DISTRIB K 20A 500MM;MC10801;;;;CDFL;INVT;210;UN;210;UN;4,82;BRL;1;0;0;210;1.011,65;210;1.011,65;1;ZF 1302603;1.011,65
4500144413;20;4600003057;70;0,00;0,00;1024046    ELETRO FUSI INDUSTRIA ELETROMETALUR;NB;F;A03;;22/01/2026;C1;402265;ELO FUSIVEL BOTAO DISTRIB H 3A 500MM;MC10801;;;;CDFL;INVT;348;UN;348;UN;4,77;BRL;1;0;0;348;1.660,27;348;1.660,27;1;ZF 1302603;1.660,27
4500144413;30;4600003057;170;0,00;0,00;1024046    ELETRO FUSI INDUSTRIA ELETROMETALUR;NB;F;A03;;22/01/2026;C1;801010;ELO FUSIVEL BOTAO DISTRIB H 3A 500MM;MC10801;;;;CDFL;CUST;2.646;UN;2.646;UN;4,77;BRL;1;0;0;2.646;12.623,80;2.646;12.623,80;1;ZF 1302603;12.623,80
4500144413;40;4600003057;90;0,00;0,00;1024046    ELETRO FUSI INDUSTRIA ELETROMETALUR;NB;F;A03;;22/01/2026;C1;400805;ELO FUSIVEL BOTAO DISTRIB H 5A 500MM;MC10801;;;;CDFL;INVT;153;UN;153;UN;4,77;BRL;1;0;0;153;729,95;153;729,95;1;ZF 1302603;729,95
4500144413;50;4600003057;190;0,00;0,00;1024046    ELETRO FUSI INDUSTRIA ELETROMETALUR;NB;F;A03;;22/01/2026;C1;801375;ELO FUSIVEL BOTAO DISTRIB H 5A 500MM;MC10801;;;;CDFL;CUST;4.881;UN;4.881;UN;4,77;BRL;1;0;0;4.881;23.286,76;4.881;23.286,76;1;ZF 1302603;23.286,76
4500144413;60;4600003057;150;0,00;0,00;1024046    ELETRO FUSI INDUSTRIA ELETROMETALUR;NB;F;A03;;22/01/2026;C1;801352;ELO FUSIVEL BOTAO DISTRIB K 10A 500MM;MC10801;;;;CDFL;CUST;3.390;UN;3.390;UN;4,82;BRL;1;0;0;3.390;16.330,99;3.390;16.330,99;1;ZF 1302603;16.330,99
4500144413;70;4600003057;60;0,00;0,00;1024046    ELETRO FUSI INDUSTRIA ELETROMETALUR;NB;F;A03;;22/01/2026;C1;402123;ELO FUSIVEL BOTAO DISTRIB K 12A 500MM;MC10801;;;;CDFL;INVT;140;UN;140;UN;4,82;BRL;1;0;0;140;674,44;140;674,44;1;ZF 1302603;674,44
4500144413;80;4600003057;160;0,00;0,00;1024046    ELETRO FUSI INDUSTRIA ELETROMETALUR;NB;F;A03;;22/01/2026;C1;801303;ELO FUSIVEL BOTAO DISTRIB K 12A 500MM;MC10801;;;;CDFL;CUST;3.587;UN;3.587;UN;4,82;BRL;1;0;0;3.587;17.280,01;3.587;17.280,01;1;ZF 1302603;17.280,01
4500144413;90;4600003057;200;0,00;0,00;1024046    ELETRO FUSI INDUSTRIA ELETROMETALUR;NB;F;A03;;22/01/2026;C1;801233;ELO FUSIVEL BOTAO DISTRIB K 15A 500MM;MC10801;;;;CDFL;CUST;1.976;UN;1.976;UN;4,82;BRL;1;0;0;1.976;9.519,18;1.976;9.519,18;1;ZF 1302603;9.519,18
4500144413;100;4600003057;30;0,00;0,00;1024046    ELETRO FUSI INDUSTRIA ELETROMETALUR;NB;F;A03;;22/01/2026;C1;402111;ELO FUSIVEL BOTAO DISTRIB UN K 8A 500MM;MC10801;;;;CDFL;INVT;5;UN;5;UN;4,82;BRL;1;0;0;5;24,09;5;24,09;1;ZF 1302603;24,09
4500144413;110;4600003057;130;0,00;0,00;1024046    ELETRO FUSI INDUSTRIA ELETROMETALUR;NB;F;A03;;22/01/2026;C1;800894;ELO FUSIVEL BOTAO DISTRIB UN K 8A 500MM;MC10801;;;;CDFL;CUST;5.388;UN;5.388;UN;4,82;BRL;1;0;0;5.388;25.956,15;5.388;25.956,15;1;ZF 1302603;25.956,15
4500144413;120;4600003057;10;0,00;0,00;1024046    ELETRO FUSI INDUSTRIA ELETROMETALUR;NB;F;A03;;22/01/2026;C1;402733;ELO FUSIVEL H 1A 500MM;MC10801;;;;CDFL;INVT;611;UN;611;UN;4,77;BRL;1;0;0;611;2.915,02;611;2.915,02;1;ZF 1302603;2.915,02
4500144413;130;4600003057;110;0,00;0,00;1024046    ELETRO FUSI INDUSTRIA ELETROMETALUR;NB;F;A03;;22/01/2026;C1;801834;ELO FUSIVEL H 1A 500MM;MC10801;;;;CDFL;CUST;5.760;UN;5.760;UN;4,77;BRL;1;0;0;5.760;27.480,38;5.760;27.480,38;1;ZF 1302603;27.480,38
4500144413;140;4600003057;20;0,00;0,00;1024046    ELETRO FUSI INDUSTRIA ELETROMETALUR;NB;F;A03;;22/01/2026;C1;402741;ELO FUSIVEL BOTAO K 6A 500MM;MC10801;;;;CDFL;INVT;113;UN;113;UN;4,82;BRL;1;0;0;113;544,37;113;544,37;1;ZF 1302603;544,37
4500144413;150;4600003057;120;0,00;0,00;1024046    ELETRO FUSI INDUSTRIA ELETROMETALUR;NB;F;A03;;22/01/2026;C1;801826;ELO FUSIVEL BOTAO K 6A 500MM;MC10801;;;;CDFL;CUST;5.673;UN;5.673;UN;4,82;BRL;1;0;0;5.673;27.329,11;5.673;27.329,11;1;ZF 1302603;27.329,11
4500144413;160;4600003057;40;0,00;0,00;1024046    ELETRO FUSI INDUSTRIA ELETROMETALUR;NB;F;A03;;22/01/2026;C1;402660;ELO FUSIVEL DISTRIB H 2A 500MM;MC10801;;;;CDFL;INVT;143;UN;143;UN;4,77;BRL;1;0;0;143;682,24;143;682,24;1;ZF 1302603;682,24
4500144413;170;4600003057;140;0,00;0,00;1024046    ELETRO FUSI INDUSTRIA ELETROMETALUR;NB;F;A03;;22/01/2026;C1;801955;ELO FUSIVEL DISTRIB H 2A 500MM;MC10801;;;;CDFL;CUST;2.728;UN;2.728;UN;4,77;BRL;1;0;0;2.728;13.015,02;2.728;13.015,02;1;ZF 1302603;13.015,02
4500145740;10;4600003057;90;0,00;0,00;1024046    ELETRO FUSI INDUSTRIA ELETROMETALUR;NB;F;A03;;10/02/2026;C1;400805;ELO FUSIVEL BOTAO DISTRIB H 5A 500MM;MC10801;;;;CDFL;INVT;569;UN;569;UN;4,77;BRL;1;0;0;0;0,00;0;0,00;1;ZF 1302603;2.714,64
4500147195;10;;0;0,00;0,00;1024046    ELETRO FUSI INDUSTRIA ELETROMETALUR;NB;F;GAE;;20/02/2026;C1;401056;ELO FUSIVEL BOTAO DISTRIB K 10A 500MM;MC10801;;;;CDFL;INVT;550;UN;550;UN;4,72;BRL;1;0;0;550;2.598,42;550;2.598,42;1;ZF 1302603;2.598,42
4500144937;10;4600003067;120;0,00;0,00;1024047    RBL INDUSTRIA E COMERCIO DE CONDUTO;NB;F;A01;;30/01/2026;C1;800741;CABO ELET CU 120MM2 90°XLPE 0,6/1KV;MC10101;;;;CDFL;CUST;1.197;M;1.197;M;84,62;BRL;1;0;0;1.197;101.290,98;1.197;101.290,98;1;ZF 1302603;101.290,98
4500144937;20;4600003067;130;0,00;0,00;1024047    RBL INDUSTRIA E COMERCIO DE CONDUTO;NB;F;A01;;30/01/2026;C1;804894;CABO ELET CU 185MM2 90°XLPE 0,6/1KV;MC20101;;;;CDFL;CUST;721;M;721;M;118,94;BRL;1;0;0;721;85.754,08;721;85.754,08;1;ZF 1302603;85.754,08
4500144937;30;4600003067;90;0,00;0,00;1024047    RBL INDUSTRIA E COMERCIO DE CONDUTO;NB;F;A01;;30/01/2026;C1;800177;CABO ELET FLEXIVEL PVC 750V 2,5MM2 CZ;MC10101;;;;CDFL;CUST;500;M;500;M;0,97;BRL;1;0;0;500;483,60;500;483,60;1;ZF 1302603;483,60
4500147050;10;4600003493;10;0,00;0,00;1027479    ASW BRASIL TECNOLOGIA EM PLASTICOS;NB;F;GAE;;20/02/2026;C1;402242;POSTE FIBRA VIDRO E-CR 11M 600DAN;MC12001;;;;CDFL;INVT;144;UN;144;UN;2.162,50;BRL;1;0;0;36;77.850,04;36;77.850,04;1;ZF 1302603;311.400,16
4500147050;20;4600003493;10;0,00;0,00;1027479    ASW BRASIL TECNOLOGIA EM PLASTICOS;NB;F;GAE;;20/02/2026;C1;402242;POSTE FIBRA VIDRO E-CR 11M 600DAN;MC12001;;;;CDFL;INVT;144;UN;144;UN;2.162,50;BRL;1;0;0;144;311.400,16;144;311.400,16;1;ZF 1302603;311.400,16
4500148074;10;;0;0,00;0,00;1027532    JM COMERCIO VAREJISTA DE TINTAS E M;ZCDR;F;GAE;;04/03/2026;C0;410213;TINTA SPRAY 400ML;MC03301;;;;CDFL;INVT;500;UN;500;UN;18,00;BRL;1;0;0;296;5.328,00;296;5.328,00;1;ZF 1302603;9.000,00
4500148075;10;;0;0,00;0,00;1027532    JM COMERCIO VAREJISTA DE TINTAS E M;ZCDR;F;GAE;;04/03/2026;C0;410213;TINTA SPRAY 400ML;MC03301;;;;CDFL;INVT;60;UN;60;UN;18,00;BRL;1;0;0;0;0,00;0;0,00;1;ZF 1302603;1.080,00
4500148095;20;;0;0,00;0,00;1027540    CLEICY DE L BATISTA E CIA LTDA;ZCDR;F;A03;;04/03/2026;C0;410041;PARAFUSO AUTO BROC CHAT phillips 4.2x25m;MC01301;;;;CDFL;INVT;46.000;UN;46.000;UN;0,43;BRL;1;0;0;0;0,00;0;0,00;1;ZF 1302603;19.780,00
4500149809;10;;0;0,00;0,00;1027540    CLEICY DE L BATISTA E CIA LTDA;NB;F;GAE;;18/03/2026;C0;410041;PARAFUSO AUTO BROC CHAT phillips 4.2x25m;MC01301;;;;CDFL;INVT;70.000;UN;70.000;UN;0,43;BRL;1;0;0;20.000;8.600,00;20.000;8.600,00;1;ZF 1302603;30.100,00
4500146775;10;;0;0,00;0,00;1027545    SOPREMA LTDA;ZCDR;F;GAE;;19/02/2026;C1;410212;FITA AUTOADESIVA BLINDAGEM 10cmX10m;MC03701;;;;CDFL;INVT;1.090;UN;1.090;UN;16,83;BRL;1;0;0;1.090;18.347,97;1.090;18.347,97;1;ZF 1302603;18.347,97
