Divisão da remessa;Tipo doc.compras;Ctg.doc.compras;Grupo de compradores;Histórico pedido/docum.SolRem.;Data do documento;Material;Texto breve;Grupo de mercadorias;Código de eliminação;Categoria do item;Ctg.class.cont.;Centro;Depósito;Qtd.pedido;UM pedido;Preço líquido;Moeda;Unidade preço;Qtd.divisão;Data de remessa;Hora;Dat.rem.estatística;Quantidade anterior;Qtd.entrada;Quantidade saída;Qtd.fornecida;Requisição de compra;Item ReqC;Código de criação;Núm.itens;Contrato básico;a ser fornecido (valor;a ser fornecida (quantidade);Ãinda a faturar (quantidade);Ainda a faturar (valor);Categoria do item;Código de controle;Código de imposto;Código de liberação;Ctg.externa hierarquia;Den.característica 1;Denominação da característica 1;Denominação da característica 2;Denominação da característica 2;Denominação da característica 3;Denominação da característica 3;Dep.saída (do estq.);Documento de compras;Domicílio fiscal;Estado de liberação;Estrat.de liberação;Fim da validade;Fornecedor/centro fornecedor;Grupo de liberação;Grupo PSST;Histórico do consumo de componentes;Incompleto;Início per.validade;It.contrato superior;Item;Nº acompanhamento;Número da hierarquia;Número de documento configurável;Nº externo ordenação;Nº pacote;Nome de fornecedor;Organização compras;PriorNeces.;Prz.apresent.cotação;Qtd.na UnidGestEstoq;Qtd.notificada;Qtd.prev.pendente;Qtd.solicit.anterior;Quantidade prevista;Reg. info compras;Regra de agrupamento PSST;RFQ coletiva;Segmento de estoque;Segmento necessidade;Origem;Unid.prç.pedido;Unidade manutenção estoque;Urgência necessidade;ValFix.(cabeç.);Valor global pendente;Valor líquido pedido;Valor pendente;Valor solicitado
1;NB;F;A03;;29/01/2026;402307;CONECTOR PERF AL 25-185MM2 / 1,5-35MM2;MC12002;;;;CDFL;INVT;29450;UN;61,6;BRL;1;29450;46141;0;46141;0;0;0;0;10100687;10;R;1;4600003047;1814214,24;29450;29450;1814214,24;0;;C1;G;;;;;;;;;4500144903;ZF 1302603;X;19;;1003137    INCESA INDUSTRIA DE COMPONENTES ELE;2;;;;;20;10;;;;0;0;1003137    INCESA INDUSTRIA DE COMP;OA01;0;;29450;0;0;0;0;5300024416;;;;;;UN;UN;0;0;0;1814214,24;0;0
1;NB;F;A03;;29/01/2026;801240;CONECTOR PERF AL 25-185MM2 / 1,5-35MM2;MC12002;;;;CDFL;CUST;3000;UN;61,6;BRL;1;3000;46141;0;46141;0;0;0;0;10100687;30;R;1;4600003047;184809,6;3000;3000;184809,6;0;;C1;G;;;;;;;;;4500144903;ZF 1302603;X;19;;1003137    INCESA INDUSTRIA DE COMPONENTES ELE;2;;;;;30;20;;;;0;0;1003137    INCESA INDUSTRIA DE COMP;OA01;0;;3000;0;0;0;0;5300024883;;;;;;UN;UN;0;0;0;184809,6;0;0
1;NB;F;A12;;10/02/2026;401834;CONECTOR PARAL AL 10AWG-1/0AWG;MC10301;;;;CDFL;INVT;2230;UN;9,64;BRL;1;2230;46139;0;46139;0;0;0;0;10102526;40;R;1;4600003113;21506,34;2230;2230;21506,34;0;;C1;G;;;;;;;;;4500145746;ZF 1302603;X;19;;1003137    INCESA INDUSTRIA DE COMPONENTES ELE;2;;;;;10;10;;;;0;0;1003137    INCESA INDUSTRIA DE COMP;OA01;0;;2230;0;0;0;0;5300027064;;;;;;UN;UN;0;0;0;21506,34;0;0
1;NB;F;A12;;10/02/2026;801373;CONECTOR PARAL AL 10AWG-1/0AWG;MC10301;;;;CDFL;CUST;2780;UN;9,64;BRL;1;2780;46139;0;46139;0;0;0;0;10102526;20;R;1;4600003113;26810,6;2780;2780;26810,6;0;;C1;G;;;;;;;;;4500145746;ZF 1302603;X;19;;1003137    INCESA INDUSTRIA DE COMPONENTES ELE;2;;;;;20;20;;;;0;0;1003137    INCESA INDUSTRIA DE COMP;OA01;0;;2780;0;0;0;0;5300000005;;;;;;UN;UN;0;0;0;26810,6;0;0
1;NB;F;GAE;;20/03/2026;800717;GRAMPO LV OLHAL 18MM 10-120/10-70MM2;MC12002;;;;CDFL;CUST;997;UN;59,96;BRL;1;997;46150;0;46150;0;0;0;0;10128118;10;R;1;4600003556;59777,23;997;997;59777,23;0;;C1;G;;;;;;;;;4500150061;ZF 1302603;X;19;;1003137    INCESA INDUSTRIA DE COMPONENTES ELE;2;;;;;10;10;;;;0;0;1003137    INCESA INDUSTRIA DE COMP;OA01;0;;997;0;0;0;0;5300017022;;;;;;UN;UN;0;0;0;59777,23;0;0
1;NB;F;A12;;24/03/2026;400512;CONECTOR DER CUNHA AL 1/0AWG 336,4MCM;MC12002;;;;CDFL;INVT;352;UN;32,35;BRL;1;352;46165;0;46165;0;0;0;0;10130290;10;R;1;4600003529;11385,58;352;352;11385,58;0;;C1;G;;;;;;;;;4500150182;ZF 1302603;X;19;;1003137    INCESA INDUSTRIA DE COMPONENTES ELE;2;;;;;10;10;;;;0;0;1003137    INCESA INDUSTRIA DE COMP;OA01;0;;352;0;0;0;0;5300032209;;;;;;UN;UN;0;0;0;11385,58;0;0
1;NB;F;A12;;24/03/2026;401034;CONECTOR DER CUNH AZ AL 4/0 2/0 336,4MCM;MC12002;;;;CDFL;INVT;1327;UN;10,76;BRL;1;1327;46165;0;46165;0;0;0;0;10130290;20;R;1;4600003529;14278,65;1327;1327;14278,65;0;;C1;G;;;;;;;;;4500150182;ZF 1302603;X;19;;1003137    INCESA INDUSTRIA DE COMPONENTES ELE;2;;;;;20;20;;;;0;0;1003137    INCESA INDUSTRIA DE COMP;OA01;0;;1327;0;0;0;0;5300017626;;;;;;UN;UN;0;0;0;14278,65;0;0
1;NB;F;A12;;24/03/2026;402185;CONECTOR DER CUNHA ESTRIBO 336,4 MCM;MC12002;;;;CDFL;INVT;47;UN;28,81;BRL;1;47;46165;0;46165;0;0;0;0;10130290;30;R;1;4600003529;1354,14;47;47;1354,14;0;;C1;G;;;;;;;;;4500150182;ZF 1302603;X;19;;1003137    INCESA INDUSTRIA DE COMPONENTES ELE;2;;;;;30;30;;;;0;0;1003137    INCESA INDUSTRIA DE COMP;OA01;0;;47;0;0;0;0;5300032210;;;;;;UN;UN;0;0;0;1354,14;0;0
1;NB;F;A12;;24/03/2026;800813;CONECTOR DER CUNH AZ AL 2/0 4/0 336,4MCM;MC12002;;;;CDFL;CUST;549;UN;10,76;BRL;1;549;46165;0;46165;0;0;0;0;10130290;40;R;1;4600003529;5907,29;549;549;5907,29;0;;C1;G;;;;;;;;;4500150182;ZF 1302603;X;19;;1003137    INCESA INDUSTRIA DE COMPONENTES ELE;2;;;;;40;40;;;;0;0;1003137    INCESA INDUSTRIA DE COMP;OA01;0;;549;0;0;0;0;5300017629;;;;;;UN;UN;0;0;0;5907,29;0;0
1;NB;F;A12;;24/03/2026;800557;CONECTOR DER CUNHA ESTRIBO 336,4 MCM;MC12002;;;;CDFL;CUST;6;UN;28,81;BRL;1;6;46165;0;46165;0;0;0;0;10130290;50;R;1;4600003529;172,87;6;6;172,87;0;;C1;G;;;;;;;;;4500150182;ZF 1302603;X;19;;1003137    INCESA INDUSTRIA DE COMPONENTES ELE;2;;;;;50;50;;;;0;0;1003137    INCESA INDUSTRIA DE COMP;OA01;0;;6;0;0;0;0;5300032211;;;;;;UN;UN;0;0;0;172,87;0;0
1;NB;F;A01;;25/03/2026;401566;CONECTOR PARAL AL 4/0AWG 1/0AWG;MC10301;;;;CDFL;INVT;3000;UN;9,2;BRL;1;3000;46167;0;46167;0;0;0;0;10130232;10;R;1;4600003516;27593,1;3000;3000;27593,1;0;;C1;G;;;;;;;;;4500150184;ZF 1302603;X;19;;1003137    INCESA INDUSTRIA DE COMPONENTES ELE;2;;;;;10;10;;;;0;0;1003137    INCESA INDUSTRIA DE COMP;OA01;0;;3000;0;0;0;0;5300001040;;;;;;UN;UN;0;0;0;27593,1;0;0
1;NB;F;A01;;25/03/2026;800889;CONECTOR PARAL AL 4/0AWG 1/0AWG;MC10301;;;;CDFL;CUST;1300;UN;9,2;BRL;1;1300;46167;0;46167;0;0;0;0;10130232;20;R;1;4600003516;11957,01;1300;1300;11957,01;0;;C1;G;;;;;;;;;4500150184;ZF 1302603;X;19;;1003137    INCESA INDUSTRIA DE COMPONENTES ELE;2;;;;;20;20;;;;0;0;1003137    INCESA INDUSTRIA DE COMP;OA01;0;;1300;0;0;0;0;5300000006;;;;;;UN;UN;0;0;0;11957,01;0;0
1;NB;F;A01;;25/03/2026;410200; CONECTOR COMP TIPO H 95-95;MC12002;;;;CDFL;INVT;6000;UN;4,22;BRL;1;6000;46167;0;46167;0;0;0;0;10132598;10;R;1;4600003516;25333,2;6000;6000;25333,2;0;;C1;G;;;;;;;;;4500150197;ZF 1302603;X;19;;1003137    INCESA INDUSTRIA DE COMPONENTES ELE;2;;;;;30;10;;;;0;0;1003137    INCESA INDUSTRIA DE COMP;OA01;0;;6000;0;0;0;0;5300032219;;;;;;UN;UN;0;0;0;25333,2;0;0
1;NB;F;GAE;;20/02/2026;800966;PARAFUSO OLH AC 16MM 450MM;MC01301;;;;CDFL;CUST;145;UN;20,96;BRL;1;145;46153;0;46153;0;0;0;0;10128113;10;R;1;;3039,52;145;145;3039,52;0;;C1;G;;;;;;;;;4500147275;ZF 1302603;X;19;;1003152    ROMAGNOLE PRODUTOS ELETRICOS S.A.;2;;;;;0;10;;;;0;0;1003152    ROMAGNOLE PRODUTOS ELETR;OA01;0;;145;0;0;0;0;5300016098;;;;;;UN;UN;0;0;0;3039,52;0;0
1;NB;F;GAE;;20/02/2026;800108;PARAFUSO CAB ABA AC 16MM 45MM;MC01301;;;;CDFL;CUST;371;UN;2,42;BRL;1;371;46153;0;46153;0;0;0;0;10128113;20;R;1;;897,08;371;371;897,08;0;;C1;G;;;;;;;;;4500147275;ZF 1302603;X;19;;1003152    ROMAGNOLE PRODUTOS ELETRICOS S.A.;2;;;;;0;20;;;;0;0;1003152    ROMAGNOLE PRODUTOS ELETR;OA01;0;;371;0;0;0;0;5300031763;;;;;;UN;UN;0;0;0;897,08;0;0
1;ZCDR;F;GAE;;23/02/2026;407223;MANTA ALUMINIZADA 10CM x 10M;MC00901;;;;CDFL;INVT;458;UN;19,69;BRL;1;458;46073;0;46073;0;458;0;0;10130011;10;R;1;;0;0;0;0;0;;CA;G;;;;;;;;;4500147431;ZF 1302603;X;15;;1003224    BENY MATERIAIS DE CONSTRUCAO LTDA;2;;;;;0;10;;;;0;0;1003224    BENY MATERIAIS DE CONSTR;OA01;0;;458;458;0;0;0;5300031765;;;;;;PEÇ;UN;0;0;0;9017,1;0;0
1;ZCDR;F;GAE;;11/03/2026;410212;FITA AUTOADESIVA BLINDAGEM 10cmX10m;MC03701;;;;CDFL;INVT;150;UN;19,68;BRL;1;150;46092;0;46092;0;150;0;0;10131217;10;R;1;;0;0;0;0;0;;CA;G;;;;;;;;;4500148647;ZF 1302603;X;15;;1003224    BENY MATERIAIS DE CONSTRUCAO LTDA;2;;;;;0;10;;;;0;0;1003224    BENY MATERIAIS DE CONSTR;OA01;0;;150;150;0;0;0;5300031967;;;;;;UN;UN;0;0;0;2952;0;0
1;NB;F;GAE;;03/02/2026;400072;TRAFO AER 1F 7,96KV 5KVA 240/120V 7TP;MC22103;;;;CDFL;INVT;338;UN;4229,89;BRL;1;338;46153;0;46153;0;0;0;0;10128154;10;R;1;4600001961;1429703,21;338;338;1429703,21;0;;CA;G;;;;;;;;;4500144983;ZF 1302603;X;19;;1003291    INDUSTRIA DE TRANSFORMADORES AMAZON;2;;;;;680;10;;;;0;0;1003291    INDUSTRIA DE TRANSFORMAD;OA01;0;;338;0;0;0;0;5300002775;;;;;;UN;UN;0;0;0;1429703,21;0;0
1;NB;F;GAE;;03/02/2026;402447;TRAFO AER 1F 7,96KV 10KVA 240/120V 7TP;MC22103;;;;CDFL;INVT;15;UN;5064,79;BRL;1;15;46081;0;46081;0;15;0;0;10128154;20;R;1;4600001961;0;0;0;0;0;;CA;G;;;;;;;;;4500144983;ZF 1302603;X;19;;1003291    INDUSTRIA DE TRANSFORMADORES AMAZON;2;;;;;690;20;;;;0;0;1003291    INDUSTRIA DE TRANSFORMAD;OA01;0;;15;15;0;0;0;5300004584;;;;;;UN;UN;0;0;0;75971,79;0;0
1;NB;F;GAE;;03/02/2026;401193;TRAFO AER 1F 7,96KV 15KVA 240/120V 7TP;MC22103;;;;CDFL;INVT;14;UN;6713,25;BRL;1;14;46153;0;46153;0;0;0;0;10128154;30;R;1;4600001961;93985,56;14;14;93985,56;0;;CA;G;;;;;;;;;4500144983;ZF 1302603;X;19;;1003291    INDUSTRIA DE TRANSFORMADORES AMAZON;2;;;;;700;30;;;;0;0;1003291    INDUSTRIA DE TRANSFORMAD;OA01;0;;14;0;0;0;0;5300005080;;;;;;UN;UN;0;0;0;93985,56;0;0
1;NB;F;GAE;;03/02/2026;402132;TRAFO AER 1F 15KV 25KVA 240/120V 7TP;MC22103;;;;CDFL;INVT;20;UN;9443,94;BRL;1;20;46153;0;46153;0;0;0;0;10128154;40;R;1;4600001961;188878,72;20;20;188878,72;0;;CA;G;;;;;;;;;4500144983;ZF 1302603;X;19;;1003291    INDUSTRIA DE TRANSFORMADORES AMAZON;2;;;;;710;40;;;;0;0;1003291    INDUSTRIA DE TRANSFORMAD;OA01;0;;20;0;0;0;0;5300004583;;;;;;UN;UN;0;0;0;188878,72;0;0
1;NB;F;GAE;;03/02/2026;401324;TRAFO AER 3F 15KV 30KVA 220/127V 7TP;MC22103;;;;CDFL;INVT;10;UN;11509,42;BRL;1;10;46153;0;46153;0;0;0;0;10128154;50;R;1;4600001961;115094,2;10;10;115094,2;0;;CA;G;;;;;;;;;4500144983;ZF 1302603;X;19;;1003291    INDUSTRIA DE TRANSFORMADORES AMAZON;2;;;;;720;50;;;;0;0;1003291    INDUSTRIA DE TRANSFORMAD;OA01;0;;10;0;0;0;0;5300004585;;;;;;UN;UN;0;0;0;115094,2;0;0
1;NB;F;GAE;;03/02/2026;400073;TRAFO AER 3F 15KV 45KVA 220/127V 7TP;MC22103;;;;CDFL;INVT;42;UN;14117,36;BRL;1;42;46153;0;46153;0;0;0;0;10128154;60;R;1;4600001961;592929,24;42;42;592929,24;0;;CA;G;;;;;;;;;4500144983;ZF 1302603;X;19;;1003291    INDUSTRIA DE TRANSFORMADORES AMAZON;2;;;;;730;60;;;;0;0;1003291    INDUSTRIA DE TRANSFORMAD;OA01;0;;42;0;0;0;0;5300000472;;;;;;UN;UN;0;0;0;592929,24;0;0
1;NB;F;GAE;;03/02/2026;400040;TRAFO AER 3F 15KV 75KVA 220/127V 7TP;MC22103;;;;CDFL;INVT;40;UN;16789,02;BRL;1;40;46153;0;46153;0;0;0;0;10128154;70;R;1;4600001961;671560,64;40;40;671560,64;0;;CA;G;;;;;;;;;4500144983;ZF 1302603;X;19;;1003291    INDUSTRIA DE TRANSFORMADORES AMAZON;2;;;;;740;70;;;;0;0;1003291    INDUSTRIA DE TRANSFORMAD;OA01;0;;40;0;0;0;0;5300000471;;;;;;UN;UN;0;0;0;671560,64;0;0
1;NB;F;GAE;;03/02/2026;400288;TRAFO AER 3F 15KV 112,5KVA 220/127V 7TP;MC22103;;;;CDFL;INVT;66;UN;23061,66;BRL;1;66;46153;0;46153;0;0;0;0;10128154;80;R;1;4600001961;1522069,3;66;66;1522069,3;0;;CA;G;;;;;;;;;4500144983;ZF 1302603;X;19;;1003291    INDUSTRIA DE TRANSFORMADORES AMAZON;2;;;;;750;80;;;;0;0;1003291    INDUSTRIA DE TRANSFORMAD;OA01;0;;66;0;0;0;0;5300000473;;;;;;UN;UN;0;0;0;1522069,3;0;0
1;NB;F;GAE;;04/02/2026;402447;TRAFO AER 1F 7,96KV 10KVA 240/120V 7TP;MC22103;;;;CDFL;INVT;15;UN;5064,79;BRL;1;15;46101;0;46101;0;15;0;0;10128154;110;R;1;4600001961;0;0;0;0;0;;CA;G;;;;;;;;;4500144983;ZF 1302603;X;19;;1003291    INDUSTRIA DE TRANSFORMADORES AMAZON;2;;;;;780;110;;;;0;0;1003291    INDUSTRIA DE TRANSFORMAD;OA01;0;;15;15;0;0;0;5300004584;;;;;;UN;UN;0;0;0;75971,79;0;0
1;NB;F;GAE;;04/03/2026;410116;TRAFO AER 1F 7,96KV 5KVA 240/120V 7TP VG;MC22103;;;;CDFL;INVT;256;UN;3817,86;BRL;1;256;46146;0;46146;0;0;0;0;10130243;10;R;1;4600001961;977371,06;256;256;977371,06;0;;C1;G;;;;;;;;;4500148071;ZF 1302603;X;19;;1003291    INDUSTRIA DE TRANSFORMADORES AMAZON;2;;;;;790;10;;;;0;0;1003291    INDUSTRIA DE TRANSFORMAD;OA01;0;;256;0;0;0;0;5300031910;;;;;;UN;UN;0;0;0;977371,06;0;0
1;NB;F;GAE;;04/03/2026;410117;TRAFO AER 1F 7,9KV 10KVA 240/120V 7TP VG;MC22103;;;;CDFL;INVT;45;UN;4205,92;BRL;1;45;46146;0;46146;0;0;0;0;10130243;20;R;1;4600001961;189266,22;45;45;189266,22;0;;C1;G;;;;;;;;;4500148071;ZF 1302603;X;19;;1003291    INDUSTRIA DE TRANSFORMADORES AMAZON;2;;;;;800;20;;;;0;0;1003291    INDUSTRIA DE TRANSFORMAD;OA01;0;;45;0;0;0;0;5300031911;;;;;;UN;UN;0;0;0;189266,22;0;0
1;NB;F;GAE;;04/03/2026;410118;TRAFO AER 1F 7,9KV 15KVA 240/120V 7TP VG;MC22103;;;;CDFL;INVT;36;UN;5342,32;BRL;1;36;46146;0;46146;0;0;0;0;10130243;30;R;1;4600001961;192323,44;36;36;192323,44;0;;C1;G;;;;;;;;;4500148071;ZF 1302603;X;19;;1003291    INDUSTRIA DE TRANSFORMADORES AMAZON;2;;;;;810;30;;;;0;0;1003291    INDUSTRIA DE TRANSFORMAD;OA01;0;;36;0;0;0;0;5300031912;;;;;;UN;UN;0;0;0;192323,44;0;0
1;NB;F;GAE;;04/03/2026;410119;TRAFO AER 1F 15KV 25KVA 240/120V 7TP VG;MC22103;;;;CDFL;INVT;15;UN;6143,97;BRL;1;15;46146;0;46146;0;0;0;0;10130243;40;R;1;4600001961;92159,5;15;15;92159,5;0;;C1;G;;;;;;;;;4500148071;ZF 1302603;X;19;;1003291    INDUSTRIA DE TRANSFORMADORES AMAZON;2;;;;;820;40;;;;0;0;1003291    INDUSTRIA DE TRANSFORMAD;OA01;0;;15;0;0;0;0;5300031913;;;;;;UN;UN;0;0;0;92159,5;0;0
1;NB;F;GAE;;04/03/2026;410120;TRAFO AER 3F 15KV 30KVA 220/127V 7TP VG;MC22103;;;;CDFL;INVT;25;UN;9366,51;BRL;1;25;46146;0;46146;0;0;0;0;10130243;50;R;1;4600001961;234162,8;25;25;234162,8;0;;C1;G;;;;;;;;;4500148071;ZF 1302603;X;19;;1003291    INDUSTRIA DE TRANSFORMADORES AMAZON;2;;;;;830;50;;;;0;0;1003291    INDUSTRIA DE TRANSFORMAD;OA01;0;;25;0;0;0;0;5300031914;;;;;;UN;UN;0;0;0;234162,8;0;0
1;NB;F;GAE;;04/03/2026;410126;TRAFO AER 3F 15KV 45KVA 220/127V 7TP VG;MC22103;;;;CDFL;INVT;88;UN;10925,24;BRL;1;88;46146;0;46146;0;0;0;0;10130243;60;R;1;4600001961;961420,7;88;88;961420,7;0;;C1;G;;;;;;;;;4500148071;ZF 1302603;X;19;;1003291    INDUSTRIA DE TRANSFORMADORES AMAZON;2;;;;;840;60;;;;0;0;1003291    INDUSTRIA DE TRANSFORMAD;OA01;0;;88;0;0;0;0;5300031915;;;;;;UN;UN;0;0;0;961420,7;0;0
1;NB;F;GAE;;04/03/2026;410122;TRAFO AER 3F 15KV 75KVA 220/127V 7TP VG;MC22103;;;;CDFL;INVT;361;UN;14452,65;BRL;1;361;46146;0;46146;0;0;0;0;10130243;70;R;1;4600001961;5217407,56;361;361;5217407,56;0;;C1;G;;;;;;;;;4500148071;ZF 1302603;X;19;;1003291    INDUSTRIA DE TRANSFORMADORES AMAZON;2;;;;;850;70;;;;0;0;1003291    INDUSTRIA DE TRANSFORMAD;OA01;0;;361;0;0;0;0;5300031916;;;;;;UN;UN;0;0;0;5217407,56;0;0
1;NB;F;A03;;12/01/2026;401632;LACRE SEG MET 11DIG BR;MC12505;;;;CDFL;INVT;145100;UN;1,79;BRL;1;145100;46094;0;46094;0;145100;0;0;10124052;10;R;1;;0;0;0;0;0;;C1;G;;;;;;;;;4500142027;ZF 1302603;X;19;;1003333    METALACRE INDUSTRIA E COMERCIO DE L;2;;;;;0;10;;;;0;0;1003333    METALACRE INDUSTRIA E CO;OA01;0;;145100;145100;0;0;0;5300000887;;;;;;UN;UN;0;0;0;259090,56;0;0
1;NB;F;GAE;;12/03/2026;401632;LACRE SEG MET 11DIG BR;MC12505;;;;CDFL;INVT;223000;UN;1,79;BRL;1;223000;46155;0;46155;0;0;0;0;10130884;10;R;1;;398188,8;223000;223000;398188,8;0;;C1;G;;;;;;;;;4500149234;ZF 1302603;X;19;;1003333    METALACRE INDUSTRIA E COMERCIO DE L;2;;;;;0;10;;;;0;0;1003333    METALACRE INDUSTRIA E CO;OA01;0;;223000;0;0;0;0;5300000887;;;;;;UN;UN;0;0;0;398188,8;0;0
1;NB;F;A01;;16/03/2026;402816;MEDIDOR ELETR PROGR 3F 120V 2,5/10A THS;MC12501;;;;CDFL;INVT;268;UN;511,19;BRL;1;268;46167;0;46167;0;0;0;0;10103130;30;R;1;4600003150;136999,46;268;268;136999,46;0;;C1;G;;;;;;;;;4500149684;ZF 1302603;X;19;;1003382    ELETRA INDUSTRIA E COMERCIO DE MEDI;2;;;;;10;10;;;;0;0;1003382    ELETRA INDUSTRIA E COMER;OA01;0;;268;0;0;0;0;5300005575;;;;;;UN;UN;0;0;0;136999,46;0;0
1;NB;F;A01;;23/01/2026;800515;ISOLADOR ANCOR POLIM 15KV 5000DAN;MC10902;;;;CDFL;CUST;605;UN;29,76;BRL;1;605;46106;0;46097;0;605;0;0;10100954;10;R;1;4600003072;0;0;0;0;0;;C1;G;;;;;;;;;4500144585;ZF 1302603;X;19;;1003412    MAURIZIO  CIA LTDA;2;;;;;10;10;;;;0;0;1003412    MAURIZIO  CIA LTDA;OA01;0;;605;605;0;0;0;5300026814;;;;;;UN;UN;0;0;0;18004,8;0;0
1;NB;F;A01;;23/01/2026;401116;ISOLADOR ANCOR POLIM 15KV 5000DAN;MC10902;;;;CDFL;INVT;2095;UN;29,76;BRL;1;2095;46106;0;46097;0;2095;0;0;10100954;20;R;1;4600003072;0;0;0;0;0;;C1;G;;;;;;;;;4500144585;ZF 1302603;X;19;;1003412    MAURIZIO  CIA LTDA;2;;;;;20;20;;;;0;0;1003412    MAURIZIO  CIA LTDA;OA01;0;;2095;2095;0;0;0;5300026815;;;;;;UN;UN;0;0;0;62347,2;0;0
1;NB;F;A02;;10/02/2026;402433;PARA-RAIO DISTRIB POL 12KV 10KA S/CENT;MC21101;;;;CDFL;INVT;797;UN;130,2;BRL;1;797;46125;0;46125;0;0;0;0;10101106;30;R;1;4600003075;103769,4;797;797;103769,4;0;;C1;G;;;;;;;;;4500145769;ZF 1302603;X;19;;1003412    MAURIZIO  CIA LTDA;2;;;;;40;10;;;;0;0;1003412    MAURIZIO  CIA LTDA;OA01;0;;797;797;0;0;0;5300014965;;;;;;UN;UN;0;0;0;103769,4;0;0
1;NB;F;A02;;11/02/2026;401857;CHAVE FUSIVEL DIST 15KV 100A/10KA PORC;MC10801;;;;CDFL;INVT;2535;UN;268,77;BRL;1;2535;46153;0;46153;0;0;0;0;10101510;80;R;1;4600003086;681331,95;2535;2535;681331,95;0;;C1;G;;;;;;;;;4500145784;ZF 1302603;X;19;;1003412    MAURIZIO  CIA LTDA;2;;;;;70;10;;;;0;0;1003412    MAURIZIO  CIA LTDA;OA01;0;;2535;0;0;0;0;5300000806;;;;;;UN;UN;0;0;0;681331,95;0;0
1;NB;F;A02;;23/02/2026;800817;CHAVE FUSIVEL DIST 15KV 100A/10KA PORC;MC10801;;;;CDFL;CUST;1117;UN;268,77;BRL;1;1117;46172;0;46172;0;0;0;0;10101512;10;R;1;4600003086;300216,09;1117;1117;300216,09;0;;C1;G;;;;;;;;;4500147521;ZF 1302603;X;19;;1003412    MAURIZIO  CIA LTDA;2;;;;;40;10;;;;0;0;1003412    MAURIZIO  CIA LTDA;OA01;0;;1117;0;0;0;0;5300000809;;;;;;UN;UN;0;0;0;300216,09;0;0
1;NB;F;A01;;23/02/2026;800515;ISOLADOR ANCOR POLIM 15KV 5000DAN;MC10902;;;;CDFL;CUST;405;UN;32;BRL;1;405;46126;0;46126;0;0;0;0;10100954;10;R;1;4600003072;12960;405;405;12960;0;;C0;G;;;;;;;;;4500147552;ZF 1302603;X;19;;1003412    MAURIZIO  CIA LTDA;2;;;;;10;10;;;;0;0;1003412    MAURIZIO  CIA LTDA;OA01;0;;405;0;0;0;0;5300026814;;;;;;UN;UN;0;0;0;12960;0;0
1;NB;F;A02;;26/02/2026;400758;CHAVE SECC 1P 15KV 630A 110KV 25KA;MC10202;;;;CDFL;INVT;550;UN;483,6;BRL;1;550;46139;0;46139;0;0;0;0;10101510;90;R;1;4600003086;265980;550;550;265980;0;;C1;G;;;;;;;;;4500147692;ZF 1302603;X;19;;1003412    MAURIZIO  CIA LTDA;2;;;;;30;10;;;;0;0;1003412    MAURIZIO  CIA LTDA;OA01;0;;550;0;0;0;0;5300026917;;;;;;UN;UN;0;0;0;265980;0;0
1;NB;F;A02;;26/02/2026;800959;PORTA-FUSIVEL 15KV 100A;MC10801;;;;CDFL;CUST;817;UN;88,81;BRL;1;817;46139;0;46139;0;0;0;0;10099353;10;R;1;4600003042;72561,85;817;817;72561,85;0;;C1;G;;;;;;;;;4500147697;ZF 1302603;X;19;;1003412    MAURIZIO  CIA LTDA;2;;;;;10;10;;;;0;0;1003412    MAURIZIO  CIA LTDA;OA01;0;;817;0;0;0;0;5300000808;;;;;;UN;UN;0;0;0;72561,85;0;0
1;NB;F;A02;;31/03/2026;400758;CHAVE SECC 1P 15KV 630A 110KV 25KA;MC10202;;;;CDFL;INVT;1000;UN;483,6;BRL;1;1000;46175;0;46175;0;0;0;0;10132100;10;R;1;4600003086;483600;1000;1000;483600;0;;C1;G;;;;;;;;;4500150291;ZF 1302603;X;19;;1003412    MAURIZIO  CIA LTDA;2;;;;;30;10;;;;0;0;1003412    MAURIZIO  CIA LTDA;OA01;0;;1000;0;0;0;0;5300026917;;;;;;UN;UN;0;0;0;483600;0;0
1;NB;F;A01;;31/03/2026;401857;CHAVE FUSIVEL DIST 15KV 100A/10KA PORC;MC10801;;;;CDFL;INVT;2547;UN;239,94;BRL;1;2547;46157;0;46157;0;0;0;0;10132567;10;R;1;4600003554;611127,18;2547;2547;611127,18;0;;C1;G;;;;;;;;;4500150308;ZF 1302603;X;19;;1003412    MAURIZIO  CIA LTDA;2;;;;;60;10;;;;0;0;1003412    MAURIZIO  CIA LTDA;OA01;0;;2547;0;0;0;0;5300000806;;;;;;UN;UN;0;0;0;611127,18;0;0
1;NB;F;A01;;31/03/2026;800817;CHAVE FUSIVEL DIST 15KV 100A/10KA PORC;MC10801;;;;CDFL;CUST;2347;UN;239,94;BRL;1;2347;46157;0;46157;0;0;0;0;10132567;20;R;1;4600003554;563139,18;2347;2347;563139,18;0;;C1;G;;;;;;;;;4500150308;ZF 1302603;X;19;;1003412    MAURIZIO  CIA LTDA;2;;;;;70;20;;;;0;0;1003412    MAURIZIO  CIA LTDA;OA01;0;;2347;0;0;0;0;5300000809;;;;;;UN;UN;0;0;0;563139,18;0;0
1;NB;F;A03;;22/01/2026;801216;ELO FUSIVEL BOTAO DISTRIB K 50A 500MM;MC10801;;;;CDFL;CUST;231;UN;7,25;BRL;1;231;46116;0;46116;0;231;0;0;10100104;70;R;1;4600003058;0;0;0;0;0;;C1;G;;;;;;;;;4500144463;ZF 1302603;X;19;;1003489    INDEL BAURU INDUSTRIA ELETROMETALUR;2;;;;;70;10;;;;0;0;1003489    INDEL BAURU INDUSTRIA EL;OA01;0;;231;231;0;0;0;5300031419;;;;;;UN;UN;0;0;0;1675,67;0;0
1;NB;F;A03;;22/01/2026;801220;ELO FUSIVEL BOTAO DISTRIB K 25A 500MM;MC10801;;;;CDFL;CUST;1962;UN;5,41;BRL;1;1962;46116;0;46111;0;1962;0;0;10100104;40;R;1;4600003058;0;0;0;0;0;;C1;G;;;;;;;;;4500144463;ZF 1302603;X;19;;1003489    INDEL BAURU INDUSTRIA ELETROMETALUR;2;;;;;40;20;;;;0;0;1003489    INDEL BAURU INDUSTRIA EL;OA01;0;;1962;1962;0;0;0;5300000032;;;;;;UN;UN;0;0;0;10619,52;0;0
1;NB;F;A03;;22/01/2026;800824;ELO FUSIVEL BOTAO DISTR K 40A 500MM;MC10801;;;;CDFL;CUST;1418;UN;6,84;BRL;1;1418;46116;0;46111;0;1418;0;0;10100104;30;R;1;4600003058;0;0;0;0;0;;C1;G;;;;;;;;;4500144463;ZF 1302603;X;19;;1003489    INDEL BAURU INDUSTRIA ELETROMETALUR;2;;;;;30;30;;;;0;0;1003489    INDEL BAURU INDUSTRIA EL;OA01;0;;1418;1418;0;0;0;5300021616;;;;;;UN;UN;0;0;0;9692,74;0;0
1;NB;F;A03;;22/01/2026;402025;ELO FUSIVEL BOTAO DISTRIB K 25A 500MM;MC10801;;;;CDFL;INVT;42;UN;5,41;BRL;1;42;46116;0;46111;0;42;0;0;10100104;10;R;1;4600003058;0;0;0;0;0;;C1;G;;;;;;;;;4500144463;ZF 1302603;X;19;;1003489    INDEL BAURU INDUSTRIA ELETROMETALUR;2;;;;;10;40;;;;0;0;1003489    INDEL BAURU INDUSTRIA EL;OA01;0;;42;42;0;0;0;5300031420;;;;;;UN;UN;0;0;0;227,33;0;0
1;ZCDR;F;GAE;;04/02/2026;400359;ALCA PREFORM ESTAI 3/8P 9,5MM 889MM;MC11001;;;;CDFL;INVT;44;UN;26,8;BRL;1;44;46050;0;46050;0;44;0;0;10127974;10;R;1;;0;0;0;0;0;;C0;G;;;;;;;;;4500145004;ZF 1302603;X;15;;1003515    S V INSTALACOES LTDA;2;;;;;0;10;;;;0;0;1003515    S V INSTALACOES LTDA;OA01;0;;44;44;0;0;0;5300031534;;;;;;UN;UN;0;0;0;1179,2;0;0
1;ZCDR;F;GAE;;02/03/2026;401465;CONECTOR PERF AL 16-120MM2 / 16-120MM2;MC12002;;;;CDFL;INVT;500;UN;17,5;BRL;1;500;46100;0;46100;0;500;0;0;10130412;20;R;1;;0;0;0;0;0;;C0;G;;;;;;;;;4500147801;ZF 1302603;X;15;;1003515    S V INSTALACOES LTDA;2;;;;;0;10;;;;0;0;1003515    S V INSTALACOES LTDA;OA01;0;;500;500;0;0;0;5300031891;;;;;;UN;UN;0;0;0;8750;0;0
1;NB;F;GAE;;02/03/2026;401465;CONECTOR PERF AL 16-120MM2 / 16-120MM2;MC12002;;;;CDFL;INVT;4500;UN;17,5;BRL;1;4500;46118;0;46387;0;0;0;0;10130412;20;R;1;;78750;4500;4500;78750;0;;C0;G;;;;;;;;;4500147803;ZF 1302603;X;19;;1003515    S V INSTALACOES LTDA;2;;;;;0;10;;;;0;0;1003515    S V INSTALACOES LTDA;OA01;0;;4500;0;0;0;0;5300031891;;;;;;UN;UN;0;0;0;78750;0;0
1;ZCDR;F;GAE;;02/03/2026;410200; CONECTOR COMP TIPO H 95-95;MC12002;;;;CDFL;INVT;200;UN;17,5;BRL;1;200;46107;0;46387;0;20;0;0;10130412;10;R;1;;3150;180;180;3150;0;;C0;G;;;;;;;;;4500147804;ZF 1302603;X;15;;1003515    S V INSTALACOES LTDA;2;;;;;0;10;;;;0;0;1003515    S V INSTALACOES LTDA;OA01;0;;200;20;0;0;0;5300031892;;;;;;UN;UN;0;0;0;3500;0;0
1;NB;F;A13;;16/03/2026;405491;TERMINAL TUBULAR CU ESTANHADO 35MM2;MC10401;;;;CDFL;INVT;30000;UN;0,9;BRL;1;30000;46091;0;46091;0;0;0;0;10131041;10;R;1;;27000;30000;30000;27000;0;;C0;G;;;;;;;;;4500149691;ZF 1302603;X;19;;1003515    S V INSTALACOES LTDA;2;;;;;0;10;;;;0;0;1003515    S V INSTALACOES LTDA;OA01;0;;30000;0;0;0;0;5300032006;;;;;;UN;UN;0;0;0;27000;0;0
1;ZCDR;F;GAE;;27/01/2026;410147;CX BLIND P/ MED MONO C/ ABERT INTEL;MC12503;;;;CDFL;INVT;15;UN;336,76;BRL;1;15;46038;0;46038;0;15;0;0;10127314;10;R;1;;0;0;0;0;0;;C1;G;;;;;;;;;4500144696;ZF 1302603;X;15;;1003592    FIXAR INDUSTRIAL -INDUSTRIA DE META;2;;;;;0;10;;;;0;0;1003592    FIXAR INDUSTRIAL -INDUST;OA01;0;;15;30;0;0;0;5300031478;;;;;;UN;UN;0;0;0;5051,38;0;0
1;ZCDR;F;GAE;;27/01/2026;410152;CX BLIND P/ MED BI C/ ABERT INTEL;MC12503;;;;CDFL;INVT;13;UN;377,68;BRL;1;13;46038;0;46038;0;13;0;0;10127314;20;R;1;;0;0;0;0;0;;C1;G;;;;;;;;;4500144696;ZF 1302603;X;15;;1003592    FIXAR INDUSTRIAL -INDUSTRIA DE META;2;;;;;0;20;;;;0;0;1003592    FIXAR INDUSTRIAL -INDUST;OA01;0;;13;26;0;0;0;5300031479;;;;;;UN;UN;0;0;0;4909,82;0;0
1;ZCDR;F;GAE;;27/01/2026;410153;CX BLIND P/ MED TRI C/ ABERT INTEL;MC12503;;;;CDFL;INVT;2;UN;377,68;BRL;1;2;46038;0;46038;0;2;0;0;10127314;30;R;1;;0;0;0;0;0;;C1;G;;;;;;;;;4500144696;ZF 1302603;X;15;;1003592    FIXAR INDUSTRIAL -INDUSTRIA DE META;2;;;;;0;30;;;;0;0;1003592    FIXAR INDUSTRIAL -INDUST;OA01;0;;2;4;0;0;0;5300031480;;;;;;UN;UN;0;0;0;755,36;0;0
1;NB;F;GAE;;27/02/2026;410155;CX BLIND P/ CONEXAO C/ ABERT INTEL;MC10301;;;;CDFL;INVT;250;UN;1665;BRL;1;250;46107;0;46107;0;0;0;0;10129014;20;R;1;4600003496;416250;250;250;416250;0;;C0;G;;;;;;;;;4500147723;ZF 1302603;X;19;;1003592    FIXAR INDUSTRIAL -INDUSTRIA DE META;2;;;;;20;10;;;;0;0;1003592    FIXAR INDUSTRIAL -INDUST;OA01;0;;250;0;0;0;0;5300031883;;;;;;UN;UN;0;0;0;416250;0;0
1;NB;F;GAE;;04/03/2026;410152;CX BLIND P/ MED BI C/ ABERT INTEL;MC12503;;;;CDFL;INVT;637;UN;281,6;BRL;1;637;46122;0;46122;0;0;0;0;10129014;10;R;1;4600003496;179379,2;637;637;179379,2;0;;C1;G;;;;;;;;;4500148085;ZF 1302603;X;19;;1003592    FIXAR INDUSTRIAL -INDUSTRIA DE META;2;;;;;10;10;;;;0;0;1003592    FIXAR INDUSTRIAL -INDUST;OA01;0;;637;0;0;0;0;5300031479;;;;;;UN;UN;0;0;0;179379,2;0;0
1;NB;F;GAE;;04/03/2026;410155;CX BLIND P/ CONEXAO C/ ABERT INTEL;MC10301;;;;CDFL;INVT;2250;UN;1465,2;BRL;1;2250;46122;0;46122;0;0;0;0;10129014;20;R;1;4600003496;3296700;2250;2250;3296700;0;;C1;G;;;;;;;;;4500148085;ZF 1302603;X;19;;1003592    FIXAR INDUSTRIAL -INDUSTRIA DE META;2;;;;;20;20;;;;0;0;1003592    FIXAR INDUSTRIAL -INDUST;OA01;0;;2250;0;0;0;0;5300031883;;;;;;UN;UN;0;0;0;3296700;0;0
1;NB;F;GAE;;04/03/2026;410147;CX BLIND P/ MED MONO C/ ABERT INTEL;MC12503;;;;CDFL;INVT;306;UN;240,68;BRL;1;306;46122;0;46122;0;0;0;0;10129014;30;R;1;4600003496;73648,08;306;306;73648,08;0;;C1;G;;;;;;;;;4500148085;ZF 1302603;X;19;;1003592    FIXAR INDUSTRIAL -INDUSTRIA DE META;2;;;;;30;30;;;;0;0;1003592    FIXAR INDUSTRIAL -INDUST;OA01;0;;306;0;0;0;0;5300031478;;;;;;UN;UN;0;0;0;73648,08;0;0
1;NB;F;GAE;;04/03/2026;410153;CX BLIND P/ MED TRI C/ ABERT INTEL;MC12503;;;;CDFL;INVT;1057;UN;281,6;BRL;1;1057;46122;0;46122;0;0;0;0;10129014;40;R;1;4600003496;297651,2;1057;1057;297651,2;0;;C1;G;;;;;;;;;4500148085;ZF 1302603;X;19;;1003592    FIXAR INDUSTRIAL -INDUSTRIA DE META;2;;;;;40;40;;;;0;0;1003592    FIXAR INDUSTRIAL -INDUST;OA01;0;;1057;0;0;0;0;5300031480;;;;;;UN;UN;0;0;0;297651,2;0;0
1;NB;F;GAE;;11/03/2026;410155;CX BLIND P/ CONEXAO C/ ABERT INTEL;MC10301;;;;CDFL;INVT;2500;UN;1465,2;BRL;1;2500;46193;0;46193;0;0;0;0;10130628;10;R;1;4600003496;3663000;2500;2500;3663000;0;;C1;G;;;;;;;;;4500148999;ZF 1302603;X;19;;1003592    FIXAR INDUSTRIAL -INDUSTRIA DE META;2;;;;;50;10;;;;0;0;1003592    FIXAR INDUSTRIAL -INDUST;OA01;0;;2500;0;0;0;0;5300031883;;;;;;UN;UN;0;0;0;3663000;0;0
1;NB;F;GAE;;11/03/2026;410147;CX BLIND P/ MED MONO C/ ABERT INTEL;MC12503;;;;CDFL;INVT;306;UN;240,68;BRL;1;306;46193;0;46193;0;0;0;0;10130628;20;R;1;4600003496;73648,08;306;306;73648,08;0;;C1;G;;;;;;;;;4500148999;ZF 1302603;X;19;;1003592    FIXAR INDUSTRIAL -INDUSTRIA DE META;2;;;;;60;20;;;;0;0;1003592    FIXAR INDUSTRIAL -INDUST;OA01;0;;306;0;0;0;0;5300031478;;;;;;UN;UN;0;0;0;73648,08;0;0
1;NB;F;GAE;;11/03/2026;410152;CX BLIND P/ MED BI C/ ABERT INTEL;MC12503;;;;CDFL;INVT;637;UN;281,6;BRL;1;637;46193;0;46193;0;0;0;0;10130628;30;R;1;4600003496;179379,2;637;637;179379,2;0;;CA;G;;;;;;;;;4500148999;ZF 1302603;X;19;;1003592    FIXAR INDUSTRIAL -INDUSTRIA DE META;2;;;;;70;30;;;;0;0;1003592    FIXAR INDUSTRIAL -INDUST;OA01;0;;637;0;0;0;0;5300031479;;;;;;UN;UN;0;0;0;179379,2;0;0
1;NB;F;GAE;;11/03/2026;410153;CX BLIND P/ MED TRI C/ ABERT INTEL;MC12503;;;;CDFL;INVT;1057;UN;281,6;BRL;1;1057;46193;0;46193;0;0;0;0;10130628;40;R;1;4600003496;297651,2;1057;1057;297651,2;0;;CA;G;;;;;;;;;4500148999;ZF 1302603;X;19;;1003592    FIXAR INDUSTRIAL -INDUSTRIA DE META;2;;;;;80;40;;;;0;0;1003592    FIXAR INDUSTRIAL -INDUST;OA01;0;;1057;0;0;0;0;5300031480;;;;;;UN;UN;0;0;0;297651,2;0;0
1;NB;F;A12;;22/01/2026;401959;CRUZETA POL FBV/RES PES 2400X112,5X90MM;MC12001;;;;CDFL;INVT;500;UN;170,61;BRL;1;500;46086;0;46077;0;500;0;0;10107658;10;R;1;4600002059;0;0;0;0;0;;CA;G;;;;;;;;;4500144395;ZF 1302603;X;19;;1003624    POOL ENGENHARIA, SERVICO, INDUSTRIA;2;;;;;60;10;;;;0;0;1003624    POOL ENGENHARIA, SERVICO;OA01;0;;500;500;0;0;0;5300001042;;;;;;UN;UN;0;0;0;85305,35;0;0
1;NB;F;A12;;22/01/2026;801112;CRUZETA POL FBV/RES PES 2400X112,5X90MM;MC12001;;;;CDFL;CUST;309;UN;170,61;BRL;1;309;46086;0;46077;0;309;0;0;10107658;20;R;1;4600002059;0;0;0;0;0;;CA;G;;;;;;;;;4500144395;ZF 1302603;X;19;;1003624    POOL ENGENHARIA, SERVICO, INDUSTRIA;2;;;;;70;20;;;;0;0;1003624    POOL ENGENHARIA, SERVICO;OA01;0;;309;309;0;0;0;5300018702;;;;;;UN;UN;0;0;0;52718,71;0;0
1;NB;F;A12;;22/01/2026;401959;CRUZETA POL FBV/RES PES 2400X112,5X90MM;MC12001;;;;CDFL;INVT;500;UN;170,61;BRL;1;500;46117;0;46105;0;500;0;0;10107658;10;R;1;4600002059;0;0;0;0;0;;CA;G;;;;;;;;;4500144395;ZF 1302603;X;19;;1003624    POOL ENGENHARIA, SERVICO, INDUSTRIA;2;;;;;60;30;;;;0;0;1003624    POOL ENGENHARIA, SERVICO;OA01;0;;500;500;0;0;0;5300001042;;;;;;UN;UN;0;0;0;85305,35;0;0
1;NB;F;A12;;22/01/2026;803470;PONTALETE FBV 100MM 6M;MC02001;;;;CDFL;CUST;860;UN;318,17;BRL;1;860;46081;0;46081;0;860;0;0;10118053;20;R;1;4600003438;0;0;0;0;0;;CA;G;;;;;;;;;4500144462;ZF 1302603;X;19;;1003624    POOL ENGENHARIA, SERVICO, INDUSTRIA;2;;;;;20;10;;;;0;0;1003624    POOL ENGENHARIA, SERVICO;OA01;0;;860;860;0;0;0;5300013741;;;;;;UN;UN;0;0;0;273622,67;0;0
1;NB;F;A12;;10/02/2026;401959;CRUZETA POL FBV/RES PES 2400X112,5X90MM;MC12001;;;;CDFL;INVT;1000;UN;170,61;BRL;1;1000;46093;0;46093;0;1000;0;0;10107658;10;R;1;4600002059;0;0;0;0;0;;CA;G;;;;;;;;;4500145738;ZF 1302603;X;19;;1003624    POOL ENGENHARIA, SERVICO, INDUSTRIA;2;;;;;60;10;;;;0;0;1003624    POOL ENGENHARIA, SERVICO;OA01;0;;1000;1000;0;0;0;5300001042;;;;;;UN;UN;0;0;0;170610,7;0;0
1;NB;F;A03;;24/02/2026;404183;"PARAFUSO AUTO BROCANTE 14 X 1"" CHAV. 3/8";MC01301;;;;CDFL;INVT;240;UN;0,26;BRL;1;240;46111;0;46111;0;0;0;0;10100430;40;R;1;4600003063;62,4;240;240;62,4;0;;C0;G;;;;;;;;;4500147599;ZF 1302603;X;19;;1003672    TAG COMERCIO DE TINTAS EIRELI;2;;;;;40;10;;;;0;0;1003672    TAG COMERCIO DE TINTAS E;OA01;0;;240;0;0;0;0;5300031802;;;;;;UN;UN;0;0;0;62,4;0;0
1;NB;F;A03;;24/02/2026;803176;"PARAFUSO AUTO BROCANTE 14 X 1"" CHAV. 3/8";MC01301;;;;CDFL;CUST;1076;UN;0,21;BRL;1;1076;46111;0;46111;0;0;0;0;10100430;20;R;1;4600003063;223,81;1076;1076;223,81;0;;C1;G;;;;;;;;;4500147599;ZF 1302603;X;19;;1003672    TAG COMERCIO DE TINTAS EIRELI;2;;;;;20;30;;;;0;0;1003672    TAG COMERCIO DE TINTAS E;OA01;0;;1076;0;0;0;0;5300027522;;;;;;UN;UN;0;0;0;223,81;0;0
1;NB;F;A03;;28/01/2026;401004;RELIGADOR 1F AUTOMAT 7,96 KV 100A 6,3kA;MC21701;;;;CDFL;INVT;6;UN;17251,14;BRL;1;6;46191;0;46178;0;0;0;0;10103893;10;R;1;4600003185;103506,84;6;6;103506,84;0;;A7;G;;;;;;;;;4500144854;ZF 1302603;X;19;;1003685    S&C ELECTRIC DO BRASIL LTDA;2;;;;;10;10;;;;0;0;1003685    S&C ELECTRIC DO BRASIL L;OA01;0;;6;0;0;0;0;5300001155;;;;;;UN;UN;0;0;0;103506,84;0;0
1;NB;F;A12;;03/03/2026;402155;CONECTOR DER CUNHA AL 2AWG 336,4MCM;MC12002;;;;CDFL;INVT;271;UN;11,22;BRL;1;271;46195;0;46132;0;0;0;0;10130291;10;R;1;4600003530;3039,48;271;271;3039,48;0;;C1;G;;;;;;;;;4500148060;ZF 1302603;X;19;;1003780    INTELLI INDUSTRIA DE TERMINAIS ELET;2;;;;;10;10;;;;0;0;1003780    INTELLI INDUSTRIA DE TER;OA01;0;;271;0;0;0;0;5300032132;;;;;;UN;UN;0;0;0;3039,48;0;0
1;NB;F;A12;;03/03/2026;800886;CONECTOR DER CUNHA AL 2/0AWG 336,4MCM;MC12002;;;;CDFL;CUST;240;UN;32,5;BRL;1;240;46195;0;46132;0;0;0;0;10130291;30;R;1;4600003530;7800,84;240;240;7800,84;0;;C1;G;;;;;;;;;4500148060;ZF 1302603;X;19;;1003780    INTELLI INDUSTRIA DE TERMINAIS ELET;2;;;;;30;20;;;;0;0;1003780    INTELLI INDUSTRIA DE TER;OA01;0;;240;0;0;0;0;5300032133;;;;;;UN;UN;0;0;0;7800,84;0;0
1;NB;F;A12;;20/03/2026;400506;CONECTOR DER CU 13-34MM2;MC12002;;;;CDFL;INVT;5710;UN;8,97;BRL;1;5710;46195;0;46195;0;0;0;0;10130291;20;R;1;4600003530;51191,29;5710;5710;51191,29;0;;C1;G;;;;;;;;;4500148060;ZF 1302603;X;19;;1003780    INTELLI INDUSTRIA DE TERMINAIS ELET;2;;;;;20;30;;;;0;0;1003780    INTELLI INDUSTRIA DE TER;OA01;0;;5710;0;0;0;0;5300000716;;;;;;UN;UN;0;0;0;51191,29;0;0
1;NB;F;A12;;20/03/2026;801215;CONECTOR DER CU 13-34MM2;MC12002;;;;CDFL;CUST;1044;UN;8,97;BRL;1;1044;46195;0;46195;0;0;0;0;10130291;40;R;1;4600003530;9359,67;1044;1044;9359,67;0;;C1;G;;;;;;;;;4500148060;ZF 1302603;X;19;;1003780    INTELLI INDUSTRIA DE TERMINAIS ELET;2;;;;;40;40;;;;0;0;1003780    INTELLI INDUSTRIA DE TER;OA01;0;;1044;0;0;0;0;5300000069;;;;;;UN;UN;0;0;0;9359,67;0;0
1;NB;F;A12;;26/01/2026;401566;CONECTOR PARAL AL 4/0AWG 1/0AWG;MC10301;;;;CDFL;INVT;1000;UN;17,38;BRL;1;1000;46139;0;46139;0;0;0;0;10104854;50;R;1;4600003204;17381,7;1000;1000;17381,7;0;;C1;G;;;;;;;;;4500144683;ZF 1302603;X;19;;1003799    CONIMEL EMPRESA DE MATERIAL ELETRIC;2;;;;;20;10;;;;0;0;1003799    CONIMEL EMPRESA DE MATER;OA01;0;;1000;0;0;0;0;5300002927;;;;;;UN;UN;0;0;0;17381,7;0;0
1;NB;F;A12;;26/01/2026;400790;CONECTOR ATERR REFORÇ HAST/CAB 5/8-35MM2;MC10301;;;;CDFL;INVT;1294;UN;17,54;BRL;1;1294;46139;0;46139;0;0;0;0;10104854;70;R;1;4600003204;22696,5;1294;1294;22696,5;0;;C1;G;;;;;;;;;4500144683;ZF 1302603;X;19;;1003799    CONIMEL EMPRESA DE MATERIAL ELETRIC;2;;;;;10;20;;;;0;0;1003799    CONIMEL EMPRESA DE MATER;OA01;0;;1294;0;0;0;0;5300002931;;;;;;UN;UN;0;0;0;22696,5;0;0
1;NB;F;A12;;26/01/2026;800889;CONECTOR PARAL AL 4/0AWG 1/0AWG;MC10301;;;;CDFL;CUST;890;UN;17,38;BRL;1;890;46139;0;46139;0;0;0;0;10105454;20;R;1;4600003204;15469,71;890;890;15469,71;0;;C1;G;;;;;;;;;4500144684;ZF 1302603;X;19;;1003799    CONIMEL EMPRESA DE MATERIAL ELETRIC;2;;;;;40;20;;;;0;0;1003799    CONIMEL EMPRESA DE MATER;OA01;0;;890;0;0;0;0;5300007364;;;;;;UN;UN;0;0;0;15469,71;0;0
1;NB;F;A03;;10/02/2026;801232;CONECTOR CUNHA AM AL 336,4MCM 336,4MCM;MC12002;;;;CDFL;CUST;1835;UN;33,55;BRL;1;1835;46153;0;46153;0;0;0;0;10100845;20;R;1;4600003093;61572,32;1835;1835;61572,32;0;;C1;G;;;;;;;;;4500145719;ZF 1302603;X;19;;1003799    CONIMEL EMPRESA DE MATERIAL ELETRIC;2;;;;;20;10;;;;0;0;1003799    CONIMEL EMPRESA DE MATER;OA01;0;;1835;0;0;0;0;5300014297;;;;;;UN;UN;0;0;0;61572,32;0;0
1;NB;F;A03;;10/02/2026;800884;CONECTOR CUNHA LIGA AL AZ 120MM2 4/0AWG;MC12002;;;;CDFL;CUST;600;UN;11,3;BRL;1;600;46153;0;46153;0;0;0;0;10100845;40;R;1;4600003093;6779,7;600;600;6779,7;0;;C1;G;;;;;;;;;4500145719;ZF 1302603;X;19;;1003799    CONIMEL EMPRESA DE MATERIAL ELETRIC;2;;;;;40;20;;;;0;0;1003799    CONIMEL EMPRESA DE MATER;OA01;0;;600;0;0;0;0;5300021402;;;;;;UN;UN;0;0;0;6779,7;0;0
1;NB;F;A03;;10/02/2026;801215;CONECTOR DER CU 13-34MM2;MC12002;;;;CDFL;CUST;590;UN;7,36;BRL;1;590;46153;0;46153;0;0;0;0;10100845;50;R;1;4600003093;4340,22;590;590;4340,22;0;;C1;G;;;;;;;;;4500145719;ZF 1302603;X;19;;1003799    CONIMEL EMPRESA DE MATERIAL ELETRIC;2;;;;;50;30;;;;0;0;1003799    CONIMEL EMPRESA DE MATER;OA01;0;;590;0;0;0;0;5300008466;;;;;;UN;UN;0;0;0;4340,22;0;0
1;NB;F;A03;;10/02/2026;400506;CONECTOR DER CU 13-34MM2;MC12002;;;;CDFL;INVT;2535;UN;7,36;BRL;1;2535;46153;0;46153;0;0;0;0;10100845;190;R;1;4600003093;18648,22;2535;2535;18648,22;0;;C1;G;;;;;;;;;4500145719;ZF 1302603;X;19;;1003799    CONIMEL EMPRESA DE MATERIAL ELETRIC;2;;;;;90;40;;;;0;0;1003799    CONIMEL EMPRESA DE MATER;OA01;0;;2535;0;0;0;0;5300002928;;;;;;UN;UN;0;0;0;18648,22;0;0
1;NB;F;A03;;10/02/2026;402185;CONECTOR DER CUNHA ESTRIBO 336,4 MCM;MC12002;;;;CDFL;INVT;685;UN;35,04;BRL;1;685;46153;0;46153;0;0;0;0;10100845;200;R;1;4600003093;24004,04;685;685;24004,04;0;;C1;G;;;;;;;;;4500145719;ZF 1302603;X;19;;1003799    CONIMEL EMPRESA DE MATERIAL ELETRIC;2;;;;;120;60;;;;0;0;1003799    CONIMEL EMPRESA DE MATER;OA01;0;;685;0;0;0;0;5300005019;;;;;;UN;UN;0;0;0;24004,04;0;0
1;NB;F;A03;;10/02/2026;400512;CONECTOR DER CUNHA AL 1/0AWG 336,4MCM;MC12002;;;;CDFL;INVT;45;UN;43,86;BRL;1;45;46153;0;46153;0;0;0;0;10100845;70;R;1;4600003093;1973,65;45;45;1973,65;0;;C1;G;;;;;;;;;4500145719;ZF 1302603;X;19;;1003799    CONIMEL EMPRESA DE MATERIAL ELETRIC;2;;;;;70;70;;;;0;0;1003799    CONIMEL EMPRESA DE MATER;OA01;0;;45;0;0;0;0;5300031639;;;;;;UN;UN;0;0;0;1973,65;0;0
1;NB;F;A12;;10/02/2026;400790;CONECTOR ATERR REFORÇ HAST/CAB 5/8-35MM2;MC10301;;;;CDFL;INVT;4055;UN;17,54;BRL;1;4055;46154;0;46154;0;0;0;0;10104854;80;R;1;4600003204;71123,89;4055;4055;71123,89;0;;C1;G;;;;;;;;;4500145743;ZF 1302603;X;19;;1003799    CONIMEL EMPRESA DE MATERIAL ELETRIC;2;;;;;10;10;;;;0;0;1003799    CONIMEL EMPRESA DE MATER;OA01;0;;4055;0;0;0;0;5300002931;;;;;;UN;UN;0;0;0;71123,89;0;0
1;NB;F;A12;;10/02/2026;401566;CONECTOR PARAL AL 4/0AWG 1/0AWG;MC10301;;;;CDFL;INVT;3200;UN;17,38;BRL;1;3200;46154;0;46154;0;0;0;0;10104854;90;R;1;4600003204;55621,44;3200;3200;55621,44;0;;C1;G;;;;;;;;;4500145743;ZF 1302603;X;19;;1003799    CONIMEL EMPRESA DE MATERIAL ELETRIC;2;;;;;20;20;;;;0;0;1003799    CONIMEL EMPRESA DE MATER;OA01;0;;3200;0;0;0;0;5300002927;;;;;;UN;UN;0;0;0;55621,44;0;0
1;NB;F;A12;;11/02/2026;400507;CONECTOR PARAL AL 10-2/0AWG (6-70MM2);MC10301;;;;CDFL;INVT;210;UN;5,96;BRL;1;210;46153;0;46153;0;0;0;0;10102524;160;R;1;4600003112;1251,87;210;210;1251,87;0;;C1;G;;;;;;;;;4500145786;ZF 1302603;X;19;;1003799    CONIMEL EMPRESA DE MATERIAL ELETRIC;2;;;;;160;10;;;;0;0;1003799    CONIMEL EMPRESA DE MATER;OA01;0;;210;0;0;0;0;5300014295;;;;;;UN;UN;0;0;0;1251,87;0;0
1;NB;F;A12;;11/02/2026;403182;CONECTOR CHAVE SEC 1P FACA CU 10-300MM2;MC12002;;;;CDFL;INVT;1000;UN;173,22;BRL;1;1000;46153;0;46153;0;0;0;0;10102524;150;R;1;4600003112;173221,8;1000;1000;173221,8;0;;C1;G;;;;;;;;;4500145786;ZF 1302603;X;19;;1003799    CONIMEL EMPRESA DE MATERIAL ELETRIC;2;;;;;140;20;;;;0;0;1003799    CONIMEL EMPRESA DE MATER;OA01;0;;1000;0;0;0;0;5300027552;;;;;;UN;UN;0;0;0;173221,8;0;0
1;NB;F;A12;;11/02/2026;802249;CONECTOR CHAVE SEC 1P FACA CU 10-300MM2;MC12002;;;;CDFL;CUST;1000;UN;173,22;BRL;1;1000;46153;0;46153;0;0;0;0;10102524;50;R;1;4600003112;173221,8;1000;1000;173221,8;0;;C1;G;;;;;;;;;4500145786;ZF 1302603;X;19;;1003799    CONIMEL EMPRESA DE MATERIAL ELETRIC;2;;;;;170;30;;;;0;0;1003799    CONIMEL EMPRESA DE MATER;OA01;0;;1000;0;0;0;0;5300027553;;;;;;UN;UN;0;0;0;173221,8;0;0
1;NB;F;A12;;20/02/2026;800889;CONECTOR PARAL AL 4/0AWG 1/0AWG;MC10301;;;;CDFL;CUST;500;UN;17,38;BRL;1;500;46163;0;46163;0;0;0;0;10105454;20;R;1;4600003204;8690,85;500;500;8690,85;0;;C1;G;;;;;;;;;4500146982;ZF 1302603;X;19;;1003799    CONIMEL EMPRESA DE MATERIAL ELETRIC;2;;;;;40;10;;;;0;0;1003799    CONIMEL EMPRESA DE MATER;OA01;0;;500;0;0;0;0;5300007364;;;;;;UN;UN;0;0;0;8690,85;0;0
1;NB;F;A12;;20/02/2026;401566;CONECTOR PARAL AL 4/0AWG 1/0AWG;MC10301;;;;CDFL;INVT;2000;UN;17,38;BRL;1;2000;46163;0;46163;0;0;0;0;10104854;90;R;1;4600003204;34763,4;2000;2000;34763,4;0;;C1;G;;;;;;;;;4500146983;ZF 1302603;X;19;;1003799    CONIMEL EMPRESA DE MATERIAL ELETRIC;2;;;;;20;10;;;;0;0;1003799    CONIMEL EMPRESA DE MATER;OA01;0;;2000;0;0;0;0;5300002927;;;;;;UN;UN;0;0;0;34763,4;0;0
1;NB;F;A12;;01/04/2026;800054;CONECTOR ATERRAMENTO HAST/CABO 3,5-9,4MM;MC10301;;;;CDFL;CUST;7086;UN;17,54;BRL;1;7086;46203;0;46203;0;0;0;0;10105454;10;R;1;4600003204;124287,02;7086;7086;124287,02;0;;C1;G;;;;;;;;;4500150326;ZF 1302603;X;19;;1003799    CONIMEL EMPRESA DE MATERIAL ELETRIC;2;;;;;30;10;;;;0;0;1003799    CONIMEL EMPRESA DE MATER;OA01;0;;7086;0;0;0;0;5300004657;;;;;;UN;UN;0;0;0;124287,02;0;0
1;ZCDR;F;GAE;;26/03/2026;112065;CANETA MARCA TEXTO AM;MC02301;;;;CDFL;CUST;10;UN;1;BRL;1;10;46142;0;46142;0;0;0;0;10131015;10;R;1;;10;10;10;10;0;;C0;G;;;;;;;;;4500150222;ZF 1302603;X;15;;1003813    CECIL CONCORDE COMERCIO INDUSTRIA I;2;;;;;0;10;;;;0;0;1003813    CECIL CONCORDE COMERCIO;OA01;0;;10;0;0;0;0;5300012650;;;;;;UN;UN;0;0;0;10;0;0
1;ZCDR;F;GAE;;26/03/2026;802464;CLIPE ACO NIQ N 4/0 CX 50UN;MC02301;;;;CDFL;CUST;20;UN;3,11;BRL;1;20;46142;0;46142;0;0;0;0;10131015;20;R;1;;62,26;20;20;62,26;0;;C7;G;;;;;;;;;4500150222;ZF 1302603;X;15;;1003813    CECIL CONCORDE COMERCIO INDUSTRIA I;2;;;;;0;20;;;;0;0;1003813    CECIL CONCORDE COMERCIO;OA01;0;;20;0;0;0;0;5300009307;;;;;;UN;UN;0;0;0;62,26;0;0
1;ZCDR;F;GAE;;26/03/2026;110649;CLIPE PAPEL AC NIQ TAM N 3/0;MC02301;;;;CDFL;CUST;10;CX;2,76;BRL;1;10;46142;0;46142;0;0;0;0;10131015;30;R;1;;27,6;10;10;27,6;0;;C7;G;;;;;;;;;4500150222;ZF 1302603;X;15;;1003813    CECIL CONCORDE COMERCIO INDUSTRIA I;2;;;;;0;30;;;;0;0;1003813    CECIL CONCORDE COMERCIO;OA01;0;;10;0;0;0;0;5300009306;;;;;;CX;CX;0;0;0;27,6;0;0
1;ZCDR;F;GAE;;26/03/2026;110356;PASTA L PLAST AZ 31X22CM;MC02301;;;;CDFL;CUST;20;UN;0,7;BRL;1;20;46142;0;46142;0;0;0;0;10131015;40;R;1;;14;20;20;14;0;;C0;G;;;;;;;;;4500150222;ZF 1302603;X;15;;1003813    CECIL CONCORDE COMERCIO INDUSTRIA I;2;;;;;0;40;;;;0;0;1003813    CECIL CONCORDE COMERCIO;OA01;0;;20;0;0;0;0;5300014879;;;;;;UN;UN;0;0;0;14;0;0
1;ZCDR;F;GAE;;26/03/2026;804453;PRANCHETA MAD COMP C/PREND MET 230X340M;MC02301;;;;CDFL;CUST;5;UN;4,77;BRL;1;5;46142;0;46142;0;0;0;0;10131015;50;R;1;;23,85;5;5;23,85;0;;C0;G;;;;;;;;;4500150222;ZF 1302603;X;15;;1003813    CECIL CONCORDE COMERCIO INDUSTRIA I;2;;;;;0;50;;;;0;0;1003813    CECIL CONCORDE COMERCIO;OA01;0;;5;0;0;0;0;5300032225;;;;;;UN;UN;0;0;0;23,85;0;0
1;ZCDR;F;GAE;;26/03/2026;110215;CAIXA ARQUIVO PLAST CORRUG 360X135X250MM;MC02301;;;;CDFL;CUST;150;UN;3,5;BRL;1;150;46142;0;46142;0;0;0;0;10131015;60;R;1;;525,6;150;150;525,6;0;;C1;G;;;;;;;;;4500150222;ZF 1302603;X;15;;1003813    CECIL CONCORDE COMERCIO INDUSTRIA I;2;;;;;0;60;;;;0;0;1003813    CECIL CONCORDE COMERCIO;OA01;0;;150;0;0;0;0;5300013294;;;;;;UN;UN;0;0;0;525,6;0;0
1;ZCDR;F;GAE;;26/03/2026;112242;CLIPE PAPEL AC NIQ TAM 8/0;MC02301;;;;CDFL;CUST;10;CX;4,8;BRL;1;10;46142;0;46142;0;0;0;0;10131015;70;R;1;;48;10;10;48;0;;C0;G;;;;;;;;;4500150222;ZF 1302603;X;15;;1003813    CECIL CONCORDE COMERCIO INDUSTRIA I;2;;;;;0;70;;;;0;0;1003813    CECIL CONCORDE COMERCIO;OA01;0;;10;0;0;0;0;5300012653;;;;;;CX;CX;0;0;0;48;0;0
1;ZCDR;F;GAE;;26/03/2026;110708;EXTRATOR GRAMPOS ESPATULA AI 150MM;MC02301;;;;CDFL;CUST;10;UN;1,4;BRL;1;10;46142;0;46142;0;0;0;0;10131015;80;R;1;;14;10;10;14;0;;C0;G;;;;;;;;;4500150222;ZF 1302603;X;15;;1003813    CECIL CONCORDE COMERCIO INDUSTRIA I;2;;;;;0;80;;;;0;0;1003813    CECIL CONCORDE COMERCIO;OA01;0;;10;0;0;0;0;5300032226;;;;;;UN;UN;0;0;0;14;0;0
1;ZCDR;F;GAE;;26/03/2026;110404;ENVELOPE CORRES PAP 80G/M2 NT 340X240MM;MC02301;;;;CDFL;CUST;2;UN;7,12;BRL;1;2;46142;0;46142;0;0;0;0;10131015;90;R;1;;14,24;2;2;14,24;0;;C0;G;;;;;;;;;4500150222;ZF 1302603;X;15;;1003813    CECIL CONCORDE COMERCIO INDUSTRIA I;2;;;;;0;90;;;;0;0;1003813    CECIL CONCORDE COMERCIO;OA01;0;;2;0;0;0;0;5300032227;;;;;;UN;UN;0;0;0;14,24;0;0
1;ZCDR;F;GAE;;26/03/2026;112066;PAPEL AUTO ADES 38X50MM 100FL POST IT;MC02301;;;;CDFL;CUST;10;CX;5,37;BRL;1;10;46142;0;46142;0;0;0;0;10131015;100;R;1;;53,7;10;10;53,7;0;;C0;G;;;;;;;;;4500150222;ZF 1302603;X;15;;1003813    CECIL CONCORDE COMERCIO INDUSTRIA I;2;;;;;0;100;;;;0;0;1003813    CECIL CONCORDE COMERCIO;OA01;0;;10;0;0;0;0;5300032228;;;;;;CX;CX;0;0;0;53,7;0;0
1;ZCDR;F;GAE;;26/03/2026;804398;ESTILETE 18 MM;MC01401;;;;CDFL;CUST;6;UN;6,6;BRL;1;6;46142;0;46142;0;0;0;0;10131015;110;R;1;;39,6;6;6;39,6;0;;C0;G;;;;;;;;;4500150222;ZF 1302603;X;15;;1003813    CECIL CONCORDE COMERCIO INDUSTRIA I;2;;;;;0;110;;;;0;0;1003813    CECIL CONCORDE COMERCIO;OA01;0;;6;0;0;0;0;5300032229;;;;;;UN;UN;0;0;0;39,6;0;0
1;ZCDR;F;A14;;05/02/2026;110418;DISCO CORTE ACO 7P;MC01401;;;;CDFL;CUST;100;UN;5,27;BRL;1;100;46112;0;46112;0;100;0;0;10127904;10;R;1;;0;0;0;0;0;;C0;G;;;;;;;;;4500145134;ZF 1302603;X;15;;1003818    B A ELETRICA LTDA;2;;;;;0;10;;;;0;0;1003818    B A ELETRICA LTDA;OA01;0;;100;100;0;0;0;5300031573;;;;;;UN;UN;0;0;0;527;0;0
1;ZCDR;F;GAE;;13/02/2026;804842;BATERIA VEICULAR 100A;MC20101;;;;CDFL;CUST;1;UN;1285,63;BRL;1;1;46081;0;46081;0;1;0;0;10129259;10;R;1;;0;0;0;0;0;;C0;G;;;;;;;;;4500146047;ZF 1302603;X;15;;1003818    B A ELETRICA LTDA;2;;;;;0;10;;;;0;0;1003818    B A ELETRICA LTDA;OA01;0;;1;1;0;0;0;5300028174;;;;;;UN;UN;0;0;0;1285,63;0;0
1;ZCDR;F;GAE;;24/02/2026;114242;"""DISCO CORTE P/ FERRO 7""""X1,6 X PC 50,00";MC01401;;;;CDFL;CUST;50;UN;5,27;BRL;1;50;46073;0;46073;0;50;0;0;10130049;10;R;1;;0;0;0;0;0;;C0;G;;;;;;;;;4500147553;ZF 1302603;X;15;;1003818    B A ELETRICA LTDA;2;;;;;0;10;;;;0;0;1003818    B A ELETRICA LTDA;OA01;0;;50;50;0;0;0;5300031773;;;;;;UN;UN;0;0;0;263,5;0;0
1;ZCDR;F;A14;;25/02/2026;403602;ABRACADEIRA PLAS UV 525X8,90MM TRI;MC02901;;;;CDFL;INVT;629;UN;2,17;BRL;1;629;46203;0;46203;0;629;0;0;10129513;10;R;1;;0;0;0;0;0;;C0;G;;;;;;;;;4500147645;ZF 1302603;X;15;;1003818    B A ELETRICA LTDA;2;;;;;0;10;;;;0;0;1003818    B A ELETRICA LTDA;OA01;0;;629;629;0;0;0;5300005747;;;;;;UN;UN;0;0;0;1364,93;0;0
1;NB;F;A14;;26/02/2026;802141;FITA ISOL ELET 19MMX20M 0,19MM AZ;MC10903;;;;CDFL;CUST;50;UN;53,44;BRL;1;50;46139;0;46139;0;50;0;0;10102704;60;R;1;4600003162;0;0;0;0;0;;C0;G;;;;;;;;;4500147694;ZF 1302603;X;19;;1003818    B A ELETRICA LTDA;2;;;;;50;10;;;;0;0;1003818    B A ELETRICA LTDA;OA01;0;;50;50;0;0;0;5300004233;;;;;;UN;UN;0;0;0;2672;0;0
1;NB;F;A14;;26/02/2026;802158;FITA ISOL ELET 19MMX20M 0,19MM BR;MC10903;;;;CDFL;CUST;50;UN;53,44;BRL;1;50;46139;0;46139;0;50;0;0;10102704;70;R;1;4600003162;0;0;0;0;0;;C0;G;;;;;;;;;4500147694;ZF 1302603;X;19;;1003818    B A ELETRICA LTDA;2;;;;;60;20;;;;0;0;1003818    B A ELETRICA LTDA;OA01;0;;50;75;0;0;0;5300004234;;;;;;UN;UN;0;0;0;2672;0;0
1;NB;F;A14;;26/02/2026;802138;FITA ISOL ELET 19MMX20M 0,19MM VM;MC10903;;;;CDFL;CUST;27;UN;53,44;BRL;1;27;46139;0;46139;0;27;0;0;10102704;80;R;1;4600003162;0;0;0;0;0;;C0;G;;;;;;;;;4500147694;ZF 1302603;X;19;;1003818    B A ELETRICA LTDA;2;;;;;70;30;;;;0;0;1003818    B A ELETRICA LTDA;OA01;0;;27;27;0;0;0;5300004235;;;;;;UN;UN;0;0;0;1442,88;0;0
1;ZCDR;F;GAE;;03/03/2026;403602;ABRACADEIRA PLAS UV 525X8,90MM TRI;MC02901;;;;CDFL;INVT;2000;UN;1,74;BRL;1;2000;46086;0;46086;0;2000;0;0;10130337;10;R;1;;0;0;0;0;0;;CA;G;;;;;;;;;4500148056;ZF 1302603;X;15;;1003818    B A ELETRICA LTDA;2;;;;;0;10;;;;0;0;1003818    B A ELETRICA LTDA;OA01;0;;2000;2000;0;0;0;5300005747;;;;;;UN;UN;0;0;0;3472;0;0
1;ZCDR;F;GAE;;03/03/2026;401465;CONECTOR PERF AL 16-120MM2 / 16-120MM2;MC12002;;;;CDFL;INVT;500;UN;10,29;BRL;1;500;46086;0;46086;0;500;0;0;10130337;20;R;1;;0;0;0;0;0;;C0;G;;;;;;;;;4500148056;ZF 1302603;X;15;;1003818    B A ELETRICA LTDA;2;;;;;0;20;;;;0;0;1003818    B A ELETRICA LTDA;OA01;0;;500;500;0;0;0;5300012711;;;;;;UN;UN;0;0;0;5145;0;0
1;ZCDR;F;GAE;;03/03/2026;400359;ALCA PREFORM ESTAI 3/8P 9,5MM 889MM;MC11001;;;;CDFL;INVT;410;UN;25,23;BRL;1;410;46086;0;46079;0;410;0;0;10130337;30;R;1;;0;0;0;0;0;;C0;G;;;;;;;;;4500148056;ZF 1302603;X;15;;1003818    B A ELETRICA LTDA;2;;;;;0;30;;;;0;0;1003818    B A ELETRICA LTDA;OA01;0;;410;410;0;0;0;5300006641;;;;;;UN;UN;0;0;0;10344,3;0;0
1;ZCDR;F;GAE;;27/03/2026;805627;TERMINAL COMPRESSÃO 400MM2;MC10401;;;;CDFL;CUST;4;UN;89,23;BRL;1;4;45777;0;45777;0;0;0;0;10132692;10;R;1;;356,92;4;4;356,92;0;;C0;G;;;;;;;;;4500150256;ZF 1302603;X;15;;1003818    B A ELETRICA LTDA;2;;;;;0;10;;;;0;0;1003818    B A ELETRICA LTDA;OA01;0;;4;0;0;0;0;5300032247;;;;;;UN;UN;0;0;0;356,92;0;0
1;NB;F;A03;;06/02/2026;400224;POSTE CONC DUPL T 11 M 300 DAN;MC13001;;;;CDFL;INVT;200;UN;1506,6;BRL;1;200;46107;0;46104;0;125;0;0;10102602;80;R;1;4600003195;112995;75;75;112995;0;;CA;G;;;;;;;;;4500145239;ZF 1302603;X;19;;1003866    ARCOMA DA AMAZONIA IND E COM LTDA;2;;;;;50;10;;;;0;0;1003866    ARCOMA DA AMAZONIA IND E;OA01;0;;200;125;0;0;0;5300001959;;;;;;UN;UN;0;0;0;301320;0;0
1;NB;F;A03;;06/02/2026;400224;POSTE CONC DUPL T 11 M 300 DAN;MC13001;;;;CDFL;INVT;115;UN;1506,6;BRL;1;115;46153;0;46149;0;0;0;0;10102602;80;R;1;4600003195;173259;115;115;173259;0;;CA;G;;;;;;;;;4500145239;ZF 1302603;X;19;;1003866    ARCOMA DA AMAZONIA IND E COM LTDA;2;;;;;50;20;;;;0;0;1003866    ARCOMA DA AMAZONIA IND E;OA01;0;;115;0;0;0;0;5300001959;;;;;;UN;UN;0;0;0;173259;0;0
1;ZCDR;F;GAE;;24/03/2026;410212;FITA AUTOADESIVA BLINDAGEM 10cmX10m;MC03701;;;;CDFL;INVT;350;UN;20,43;BRL;1;350;46106;0;46106;0;0;0;0;10132495;10;R;1;;7150,5;350;350;7150,5;0;;C0;G;;;;;;;;;4500150142;ZF 1302603;X;15;;1003874    COCIL CONSTRUCOES CIVIS E INDUSTRIA;2;;;;;0;10;;;;0;0;1003874    COCIL CONSTRUCOES CIVIS;OA01;0;;350;0;0;0;0;5300032187;;;;;;UN;UN;0;0;0;7150,5;0;0
1;NB;F;A15;;04/02/2026;402318;CABO  MULT 3X120+1X70MM² XLPE 0,6/1 KV;MC10101;;;;CDFL;INVT;8073;M;47,31;BRL;1;8073;46138;0;46138;0;0;0;0;10103148;80;R;1;4600003213;381933,63;8073;8073;381933,63;0;;C0;G;;;;;;;;;4500145027;ZF 1302603;X;19;;1003949    FLEX INDUSTRIA DE FIOS E CABOS ELET;2;;;;;210;10;;;;0;0;1003949    FLEX INDUSTRIA DE FIOS E;OA01;0;;8073;0;0;0;0;5300022370;;;;;;M;M;0;0;0;381933,63;0;0
1;NB;F;GAE;;19/02/2026;402152;CABO ELET CU 95MM2 90°XLPE 0,6/1KV;MC10101;;;;CDFL;INVT;500;M;60,35;BRL;1;500;46102;0;46069;0;500;0;0;10101099;60;R;1;4600003068;0;0;0;0;0;;CA;G;;;;;;;;;4500146770;ZF 1302603;X;19;;1003949    FLEX INDUSTRIA DE FIOS E CABOS ELET;2;;;;;110;10;;;;0;0;1003949    FLEX INDUSTRIA DE FIOS E;OA01;0;;500;500;0;0;0;5300024047;;;;;;M;M;0;0;0;30173,85;0;0
1;NB;F;A16;;20/02/2026;402318;CABO  MULT 3X120+1X70MM² XLPE 0,6/1 KV;MC10101;;;;CDFL;INVT;34000;M;44;BRL;1;34000;46118;0;46118;0;34000;0;0;10129511;10;R;1;4600003213;0;0;0;0;0;;CA;G;;;;;;;;;4500147222;ZF 1302603;X;19;;1003949    FLEX INDUSTRIA DE FIOS E CABOS ELET;2;;;;;330;10;;;;0;0;1003949    FLEX INDUSTRIA DE FIOS E;OA01;0;;34000;34000;0;0;0;5300022370;;;;;;M;M;0;0;0;1495942,2;0;0
1;NB;F;GAE;;25/02/2026;402152;CABO ELET CU 95MM2 90°XLPE 0,6/1KV;MC10101;;;;CDFL;INVT;1187;M;60,35;BRL;1;1187;46128;0;46128;0;1187;0;0;10130171;10;R;1;4600003068;0;0;0;0;0;;CA;G;;;;;;;;;4500147616;ZF 1302603;X;19;;1003949    FLEX INDUSTRIA DE FIOS E CABOS ELET;2;;;;;130;10;;;;0;0;1003949    FLEX INDUSTRIA DE FIOS E;OA01;0;;1187;1187;0;0;0;5300024047;;;;;;M;M;0;0;0;71632,72;0;0
1;NB;F;A03;;04/03/2026;801185;CABO  MULT 2X10+1X10 MM² XLPE 0,6/1 KV;MC10101;;;;CDFL;CUST;600;M;2,78;BRL;1;600;46132;0;46132;0;600;0;0;10130252;10;R;1;4600003213;0;0;0;0;0;;CA;G;;;;;;;;;4500148070;ZF 1302603;X;19;;1003949    FLEX INDUSTRIA DE FIOS E CABOS ELET;2;;;;;340;10;;;;0;0;1003949    FLEX INDUSTRIA DE FIOS E;OA01;0;;600;600;0;0;0;5300026037;;;;;;M;M;0;0;0;1670,4;0;0
1;NB;F;A03;;04/03/2026;400443;CABO  MULT 2X25+1X25MM² XLPE 0,6/1 KV;MC10101;;;;CDFL;INVT;3000;M;5,94;BRL;1;3000;46132;0;46132;0;3000;0;0;10130252;20;R;1;4600003213;0;0;0;0;0;;CA;G;;;;;;;;;4500148070;ZF 1302603;X;19;;1003949    FLEX INDUSTRIA DE FIOS E CABOS ELET;2;;;;;350;20;;;;0;0;1003949    FLEX INDUSTRIA DE FIOS E;OA01;0;;3000;3000;0;0;0;5300023744;;;;;;M;M;0;0;0;17832;0;0
1;NB;F;A03;;04/03/2026;400474;CABO  MULT 3X70+1X70 MM² XLPE 0,6/1 KV;MC10101;;;;CDFL;INVT;16608;M;22,4;BRL;1;16608;46132;0;46132;0;16608;0;0;10130252;30;R;1;4600003213;0;0;0;0;0;;CA;G;;;;;;;;;4500148070;ZF 1302603;X;19;;1003949    FLEX INDUSTRIA DE FIOS E CABOS ELET;2;;;;;360;30;;;;0;0;1003949    FLEX INDUSTRIA DE FIOS E;OA01;0;;16608;16608;0;0;0;5300022374;;;;;;M;M;0;0;0;372019,2;0;0
1;NB;F;A03;;04/03/2026;400487;CABO  MULT 3X120+1X120MM² XLPE 0,6/1 KV;MC10101;;;;CDFL;INVT;7000;M;43,84;BRL;1;7000;46132;0;46132;0;7000;0;0;10130252;40;R;1;4600003213;0;0;0;0;0;;CA;G;;;;;;;;;4500148070;ZF 1302603;X;19;;1003949    FLEX INDUSTRIA DE FIOS E CABOS ELET;2;;;;;370;40;;;;0;0;1003949    FLEX INDUSTRIA DE FIOS E;OA01;0;;7000;7000;0;0;0;5300027896;;;;;;M;M;0;0;0;306880;0;0
1;NB;F;GAE;;04/03/2026;401886;CABO AL NU C/ALMA ACO CAA-2AWG SPAROW;MC10101;;;;CDFL;INVT;1076;KG;24;BRL;1;1076;46125;0;46125;0;0;0;0;10130345;10;R;1;4600003048;25824;1076;1076;25824;0;;CA;G;;;;;;;;;4500148087;ZF 1302603;X;19;;1003949    FLEX INDUSTRIA DE FIOS E CABOS ELET;2;;;;;210;10;;;;0;0;1003949    FLEX INDUSTRIA DE FIOS E;OA01;0;;1076;0;0;0;0;5300026558;;;;;;KG;KG;0;0;0;25824;0;0
1;NB;F;GAE;;04/03/2026;402397;CABO ELET NU CA 1/0AWG 53,5 MM2 POPPY;MC10101;;;;CDFL;INVT;35616;KG;26,97;BRL;1;35616;46125;0;46125;0;7263;0;0;10130345;20;R;1;4600003048;764680,41;28353;28353;764680,41;0;;CA;G;;;;;;;;;4500148087;ZF 1302603;X;19;;1003949    FLEX INDUSTRIA DE FIOS E CABOS ELET;2;;;;;220;20;;;;0;0;1003949    FLEX INDUSTRIA DE FIOS E;OA01;0;;35616;7263;0;0;0;5300022122;;;;;;KG;KG;0;0;0;960563,52;0;0
1;NB;F;GAE;;04/03/2026;400460;CABO ELET NU CA AL 2/0AWG 67,40MM2 ASTER;MC10101;;;;CDFL;INVT;15363;KG;23,2;BRL;1;15363;46125;0;46125;0;13056;0;0;10130345;30;R;1;4600003048;53522,4;2307;2307;53522,4;0;;CA;G;;;;;;;;;4500148087;ZF 1302603;X;19;;1003949    FLEX INDUSTRIA DE FIOS E CABOS ELET;2;;;;;230;30;;;;0;0;1003949    FLEX INDUSTRIA DE FIOS E;OA01;0;;15363;13056;0;0;0;5300022123;;;;;;KG;KG;0;0;0;356421,6;0;0
1;NB;F;GAE;;04/03/2026;400434;CABO ELET NU CA AL 2AWG 33,54MM2 IRIS;MC10101;;;;CDFL;INVT;6576;KG;26,97;BRL;1;6576;46125;0;46125;0;6576;0;0;10130345;40;R;1;4600003048;0;0;0;0;0;;CA;G;;;;;;;;;4500148087;ZF 1302603;X;19;;1003949    FLEX INDUSTRIA DE FIOS E CABOS ELET;2;;;;;240;40;;;;0;0;1003949    FLEX INDUSTRIA DE FIOS E;OA01;0;;6576;6576;0;0;0;5300026557;;;;;;KG;KG;0;0;0;177354,72;0;0
1;NB;F;GAE;;04/03/2026;800682;CABO NU CA AL 4/0 AWG 7X4,417MM OXLIP;MC10101;;;;CDFL;CUST;6615;KG;23,2;BRL;1;6615;46125;0;46125;0;2117;0;0;10130345;50;R;1;4600003048;104353,6;4498;4498;104353,6;0;;CA;G;;;;;;;;;4500148087;ZF 1302603;X;19;;1003949    FLEX INDUSTRIA DE FIOS E CABOS ELET;2;;;;;250;50;;;;0;0;1003949    FLEX INDUSTRIA DE FIOS E;OA01;0;;6615;2117;0;0;0;5300026590;;;;;;KG;KG;0;0;0;153468;0;0
1;NB;F;GAE;;11/03/2026;400708;CABO ELETR 15KV AL PROT XLPE 50MM2 1F MT;MC10101;;;;CDFL;INVT;33303;M;5,2;BRL;1;33303;46112;0;46112;0;33303;0;0;10128402;10;R;1;;0;0;0;0;0;;CA;G;;;;;;;;;4500148814;ZF 1302603;X;19;;1003949    FLEX INDUSTRIA DE FIOS E CABOS ELET;2;;;;;0;20;;;;0;0;1003949    FLEX INDUSTRIA DE FIOS E;OA01;0;;33303;33303;0;0;0;5300026876;;;;;;M;M;0;0;0;173175,6;0;0
1;NB;F;A02;;23/01/2026;404009;CABO AL CONCENTRICO 1F 1x16+16MM2;MC10101;;;;CDFL;INVT;86908;M;4,77;BRL;1;86908;46153;0;46141;0;0;0;0;10108747;100;R;1;4600003262;414629,38;86908;86908;414629,38;0;;C1;G;;;;;;;;;4500144522;ZF 1302603;X;19;;1003953    CONDUMAX - ELETRO METALURGICA CIAFU;2;;;;;90;10;;;;0;0;1003953    CONDUMAX - ELETRO METALU;OA01;0;;86908;0;0;0;0;5300002813;;;;;;M;M;0;0;0;414629,38;0;0
1;NB;F;A02;;23/01/2026;403656;CABO AL CONCENTRICO 3F 3X25+25MM2;MC10101;;;;CDFL;INVT;54000;M;20,61;BRL;1;54000;46153;0;46141;0;0;0;0;10108747;50;R;1;4600003262;1112875,2;54000;54000;1112875,2;0;;C1;G;;;;;;;;;4500144522;ZF 1302603;X;19;;1003953    CONDUMAX - ELETRO METALURGICA CIAFU;2;;;;;50;20;;;;0;0;1003953    CONDUMAX - ELETRO METALU;OA01;0;;54000;0;0;0;0;5300002809;;;;;;M;M;0;0;0;1112875,2;0;0
1;NB;F;A13;;23/02/2026;403574;CABO AL CONCENTRICO 3F 3X95+95MM2;MC10101;;;;CDFL;INVT;36000;M;64,64;BRL;1;36000;46122;0;46122;0;0;0;0;;0;R;1;;2327040;36000;36000;2327040;0;;C0;;;;;;;;;;4500147470;ZF 1302603;;;;1003953    CONDUMAX - ELETRO METALURGICA CIAFU;;;;X;;0;10;;;;0;0;1003953    CONDUMAX - ELETRO METALU;OA01;0;;36000;0;0;0;0;5300014245;;;;;;M;M;0;0;0;2327040;0;0
1;NB;F;A13;;23/02/2026;403574;CABO AL CONCENTRICO 3F 3X95+95MM2;MC10101;;;;CDFL;INVT;36000;M;64,64;BRL;1;36000;46166;0;46166;0;0;0;0;;0;R;1;;2327040;36000;36000;2327040;0;;C0;;;;;;;;;;4500147470;ZF 1302603;;;;1003953    CONDUMAX - ELETRO METALURGICA CIAFU;;;;X;;0;20;;;;0;0;1003953    CONDUMAX - ELETRO METALU;OA01;0;;36000;0;0;0;0;5300014245;;;;;;M;M;0;0;0;2327040;0;0
1;NB;F;A13;;23/02/2026;403574;CABO AL CONCENTRICO 3F 3X95+95MM2;MC10101;;;;CDFL;INVT;43000;M;64,64;BRL;1;43000;46191;0;46191;0;0;0;0;;0;R;1;;2779520;43000;43000;2779520;0;;C0;;;;;;;;;;4500147470;ZF 1302603;;;;1003953    CONDUMAX - ELETRO METALURGICA CIAFU;;;;X;;0;30;;;;0;0;1003953    CONDUMAX - ELETRO METALU;OA01;0;;43000;0;0;0;0;5300014245;;;;;;M;M;0;0;0;2779520;0;0
1;NB;F;A13;;23/02/2026;403656;CABO AL CONCENTRICO 3F 3X25+25MM2;MC10101;;;;CDFL;INVT;56000;M;22,14;BRL;1;56000;46191;0;46191;0;0;0;0;;0;R;1;;1239840;56000;56000;1239840;0;;C0;;;;;;;;;;4500147470;ZF 1302603;;;;1003953    CONDUMAX - ELETRO METALURGICA CIAFU;;;;X;;0;40;;;;0;0;1003953    CONDUMAX - ELETRO METALU;OA01;0;;56000;0;0;0;0;5300002809;;;;;;M;M;0;0;0;1239840;0;0
1;NB;F;A13;;23/02/2026;404009;CABO AL CONCENTRICO 1F 1x16+16MM2;MC10101;;;;CDFL;INVT;58000;M;5,13;BRL;1;58000;46166;0;46166;0;0;0;0;;0;R;1;;297540;58000;58000;297540;0;;C0;;;;;;;;;;4500147470;ZF 1302603;;;;1003953    CONDUMAX - ELETRO METALURGICA CIAFU;;;;X;;0;50;;;;0;0;1003953    CONDUMAX - ELETRO METALU;OA01;0;;58000;0;0;0;0;5300002813;;;;;;M;M;0;0;0;297540;0;0
1;NB;F;A13;;23/02/2026;408291;CABO AL CONCENTRICO 2F 2X25+25MM2;MC00201;;;;CDFL;INVT;25000;M;16,06;BRL;1;25000;46122;0;46122;0;0;0;0;;0;R;1;;401500;25000;25000;401500;0;;C0;;;;;;;;;;4500147470;ZF 1302603;;;;1003953    CONDUMAX - ELETRO METALURGICA CIAFU;;;;X;;0;60;;;;0;0;1003953    CONDUMAX - ELETRO METALU;OA01;0;;25000;0;0;0;0;5300014244;;;;;;M;M;0;0;0;401500;0;0
1;NB;F;A13;;23/02/2026;408291;CABO AL CONCENTRICO 2F 2X25+25MM2;MC00201;;;;CDFL;INVT;30000;M;16,06;BRL;1;30000;46166;0;46166;0;0;0;0;;0;R;1;;481800;30000;30000;481800;0;;C0;;;;;;;;;;4500147470;ZF 1302603;;;;1003953    CONDUMAX - ELETRO METALURGICA CIAFU;;;;X;;0;70;;;;0;0;1003953    CONDUMAX - ELETRO METALU;OA01;0;;30000;0;0;0;0;5300014244;;;;;;M;M;0;0;0;481800;0;0
1;NB;F;A13;;23/02/2026;408291;CABO AL CONCENTRICO 2F 2X25+25MM2;MC00201;;;;CDFL;INVT;117000;M;16,06;BRL;1;117000;46191;0;46191;0;0;0;0;;0;R;1;;1879020;117000;117000;1879020;0;;C0;;;;;;;;;;4500147470;ZF 1302603;;;;1003953    CONDUMAX - ELETRO METALURGICA CIAFU;;;;X;;0;80;;;;0;0;1003953    CONDUMAX - ELETRO METALU;OA01;0;;117000;0;0;0;0;5300014244;;;;;;M;M;0;0;0;1879020;0;0
1;NB;F;A13;;23/02/2026;403954;CABO AL CONCENTRICO 3F 3X50+50MM2;MC10101;;;;CDFL;INVT;3827;M;36,82;BRL;1;3827;46122;0;46122;0;0;0;0;;0;R;1;;140910,14;3827;3827;140910,14;0;;C0;;;;;;;;;;4500147470;ZF 1302603;;;;1003953    CONDUMAX - ELETRO METALURGICA CIAFU;;;;X;;0;90;;;;0;0;1003953    CONDUMAX - ELETRO METALU;OA01;0;;3827;0;0;0;0;5300002815;;;;;;M;M;0;0;0;140910,14;0;0
1;NB;F;A13;;23/02/2026;804637;CABO AL CONCENTRICO 3F 3X10+10MM2;MC10101;;;;CDFL;CUST;1000;M;10,21;BRL;1;1000;46122;0;46122;0;0;0;0;;0;R;1;;10210;1000;1000;10210;0;;C0;;;;;;;;;;4500147470;ZF 1302603;;;;1003953    CONDUMAX - ELETRO METALURGICA CIAFU;;;;X;;0;100;;;;0;0;1003953    CONDUMAX - ELETRO METALU;OA01;0;;1000;0;0;0;0;;;;;;;M;M;0;0;0;10210;0;0
1;NB;F;A13;;23/02/2026;804638;CABO AL CONCENTRICO 2F 2X25+25MM2;MC10101;;;;CDFL;CUST;1000;M;16,82;BRL;1;1000;46122;0;46122;0;0;0;0;;0;R;1;;16820;1000;1000;16820;0;;C0;;;;;;;;;;4500147470;ZF 1302603;;;;1003953    CONDUMAX - ELETRO METALURGICA CIAFU;;;;X;;0;110;;;;0;0;1003953    CONDUMAX - ELETRO METALU;OA01;0;;1000;0;0;0;0;;;;;;;M;M;0;0;0;16820;0;0
1;NB;F;A13;;23/02/2026;804639;CABO AL CONCENTRICO 3F 3X25+25MM2;MC10101;;;;CDFL;CUST;1000;M;22,14;BRL;1;1000;46122;0;46122;0;0;0;0;;0;R;1;;22140;1000;1000;22140;0;;C0;;;;;;;;;;4500147470;ZF 1302603;;;;1003953    CONDUMAX - ELETRO METALURGICA CIAFU;;;;X;;0;120;;;;0;0;1003953    CONDUMAX - ELETRO METALU;OA01;0;;1000;0;0;0;0;;;;;;;M;M;0;0;0;22140;0;0
1;NB;F;A13;;23/02/2026;804640;CABO AL CONCENTRICO 3F 3X16+16MM2;MC10101;;;;CDFL;CUST;1000;M;13,29;BRL;1;1000;46122;0;46122;0;0;0;0;;0;R;1;;13290;1000;1000;13290;0;;C0;;;;;;;;;;4500147470;ZF 1302603;;;;1003953    CONDUMAX - ELETRO METALURGICA CIAFU;;;;X;;0;130;;;;0;0;1003953    CONDUMAX - ELETRO METALU;OA01;0;;1000;0;0;0;0;;;;;;;M;M;0;0;0;13290;0;0
1;NB;F;A13;;23/02/2026;804663;CABO AL CONCENTRICO 3F 3X50+50MM2;MC10101;;;;CDFL;CUST;1000;M;36,82;BRL;1;1000;46122;0;46122;0;0;0;0;;0;R;1;;36820;1000;1000;36820;0;;C0;;;;;;;;;;4500147470;ZF 1302603;;;;1003953    CONDUMAX - ELETRO METALURGICA CIAFU;;;;X;;0;140;;;;0;0;1003953    CONDUMAX - ELETRO METALU;OA01;0;;1000;0;0;0;0;;;;;;;M;M;0;0;0;36820;0;0
1;NB;F;A13;;23/02/2026;804666;CABO AL CONCENTRICO 1F 1x16+16MM2;MC10101;;;;CDFL;CUST;1000;M;5,13;BRL;1;1000;46122;0;46122;0;0;0;0;;0;R;1;;5130;1000;1000;5130;0;;C0;;;;;;;;;;4500147470;ZF 1302603;;;;1003953    CONDUMAX - ELETRO METALURGICA CIAFU;;;;X;;0;150;;;;0;0;1003953    CONDUMAX - ELETRO METALU;OA01;0;;1000;0;0;0;0;;;;;;;M;M;0;0;0;5130;0;0
1;NB;F;GAE;;12/03/2026;403843;CABO AL CONCENTRICO 3F 3X16+16MM2;MC10101;;;;CDFL;INVT;16663;M;12,37;BRL;1;16663;46183;0;46183;0;0;0;0;10130276;10;R;1;4600003262;206104,65;16663;16663;206104,65;0;;C1;G;;;;;;;;;4500149150;ZF 1302603;X;19;;1003953    CONDUMAX - ELETRO METALURGICA CIAFU;2;;;;;100;10;;;;0;0;1003953    CONDUMAX - ELETRO METALU;OA01;0;;16663;0;0;0;0;5300002814;;;;;;M;M;0;0;0;206104,65;0;0
1;NB;F;GAE;;18/03/2026;404009;CABO AL CONCENTRICO 1F 1x16+16MM2;MC10101;;;;CDFL;INVT;100000;M;5,13;BRL;1;100000;46196;0;46196;0;0;0;0;10132092;10;R;1;4600003524;513000;100000;100000;513000;0;;C0;B;;;;;;;;;4500149830;ZF 1302603;;19;;1003953    CONDUMAX - ELETRO METALURGICA CIAFU;2;;;;;160;10;;;;0;0;1003953    CONDUMAX - ELETRO METALU;OA01;0;;100000;0;0;0;0;5300002813;;;;;;M;M;0;0;0;513000;0;0
1;NB;F;GAE;;18/03/2026;408291;CABO AL CONCENTRICO 2F 2X25+25MM2;MC00201;;;;CDFL;INVT;15700;M;16,06;BRL;1;15700;46196;0;46196;0;0;0;0;10132092;20;R;1;4600003524;252142;15700;15700;252142;0;;C0;B;;;;;;;;;4500149830;ZF 1302603;;19;;1003953    CONDUMAX - ELETRO METALURGICA CIAFU;2;;;;;170;20;;;;0;0;1003953    CONDUMAX - ELETRO METALU;OA01;0;;15700;0;0;0;0;5300014244;;;;;;M;M;0;0;0;252142;0;0
1;NB;F;GAE;;18/03/2026;403656;CABO AL CONCENTRICO 3F 3X25+25MM2;MC10101;;;;CDFL;INVT;94200;M;22,16;BRL;1;94200;46196;0;46196;0;0;0;0;10132092;30;R;1;4600003524;2087472;94200;94200;2087472;0;;C0;B;;;;;;;;;4500149830;ZF 1302603;;19;;1003953    CONDUMAX - ELETRO METALURGICA CIAFU;2;;;;;180;30;;;;0;0;1003953    CONDUMAX - ELETRO METALU;OA01;0;;94200;0;0;0;0;5300002809;;;;;;M;M;0;0;0;2087472;0;0
1;NB;F;GAE;;18/03/2026;403574;CABO AL CONCENTRICO 3F 3X95+95MM2;MC10101;;;;CDFL;INVT;800;M;57,96;BRL;1;800;46098;0;46098;0;0;0;0;10132092;40;R;1;4600003524;46368;800;800;46368;0;;C0;B;;;;;;;;;4500149830;ZF 1302603;;19;;1003953    CONDUMAX - ELETRO METALURGICA CIAFU;2;;;;;190;40;;;;0;0;1003953    CONDUMAX - ELETRO METALU;OA01;0;;800;0;0;0;0;5300014245;;;;;;M;M;0;0;0;46368;0;0
1;NB;F;GAE;;30/03/2026;403574;CABO AL CONCENTRICO 3F 3X95+95MM2;MC10101;;;;CDFL;INVT;36000;M;60,12;BRL;1;36000;46122;0;46122;0;0;0;0;10132238;10;R;1;4600003524;2164147,2;36000;36000;2164147,2;0;;C1;G;;;;;;;;;4500150279;ZF 1302603;X;19;;1003953    CONDUMAX - ELETRO METALURGICA CIAFU;2;;;;;210;10;;;;0;0;1003953    CONDUMAX - ELETRO METALU;OA01;0;;36000;0;0;0;0;5300014245;;;;;;M;M;0;0;0;2164147,2;0;0
1;NB;F;GAE;;30/03/2026;403574;CABO AL CONCENTRICO 3F 3X95+95MM2;MC10101;;;;CDFL;INVT;36000;M;60,12;BRL;1;36000;46166;0;46166;0;0;0;0;10132238;20;R;1;4600003524;2164147,2;36000;36000;2164147,2;0;;C1;G;;;;;;;;;4500150279;ZF 1302603;X;19;;1003953    CONDUMAX - ELETRO METALURGICA CIAFU;2;;;;;220;20;;;;0;0;1003953    CONDUMAX - ELETRO METALU;OA01;0;;36000;0;0;0;0;5300014245;;;;;;M;M;0;0;0;2164147,2;0;0
1;NB;F;GAE;;30/03/2026;403574;CABO AL CONCENTRICO 3F 3X95+95MM2;MC10101;;;;CDFL;INVT;43000;M;60,12;BRL;1;43000;46191;0;46191;0;0;0;0;10132238;30;R;1;4600003524;2584953,6;43000;43000;2584953,6;0;;C1;G;;;;;;;;;4500150279;ZF 1302603;X;19;;1003953    CONDUMAX - ELETRO METALURGICA CIAFU;2;;;;;230;30;;;;0;0;1003953    CONDUMAX - ELETRO METALU;OA01;0;;43000;0;0;0;0;5300014245;;;;;;M;M;0;0;0;2584953,6;0;0
1;NB;F;GAE;;30/03/2026;403656;CABO AL CONCENTRICO 3F 3X25+25MM2;MC10101;;;;CDFL;INVT;56000;M;20,59;BRL;1;56000;46191;0;46191;0;0;0;0;10132238;40;R;1;4600003524;1153051,2;56000;56000;1153051,2;0;;C1;G;;;;;;;;;4500150279;ZF 1302603;X;19;;1003953    CONDUMAX - ELETRO METALURGICA CIAFU;2;;;;;240;40;;;;0;0;1003953    CONDUMAX - ELETRO METALU;OA01;0;;56000;0;0;0;0;5300002809;;;;;;M;M;0;0;0;1153051,2;0;0
1;NB;F;GAE;;30/03/2026;404009;CABO AL CONCENTRICO 1F 1x16+16MM2;MC10101;;;;CDFL;INVT;58000;M;4,77;BRL;1;58000;46166;0;46166;0;0;0;0;10132238;50;R;1;4600003524;276712,2;58000;58000;276712,2;0;;C1;G;;;;;;;;;4500150279;ZF 1302603;X;19;;1003953    CONDUMAX - ELETRO METALURGICA CIAFU;2;;;;;250;50;;;;0;0;1003953    CONDUMAX - ELETRO METALU;OA01;0;;58000;0;0;0;0;5300002813;;;;;;M;M;0;0;0;276712,2;0;0
1;NB;F;GAE;;30/03/2026;408291;CABO AL CONCENTRICO 2F 2X25+25MM2;MC00201;;;;CDFL;INVT;25000;M;14,94;BRL;1;25000;46122;0;46122;0;0;0;0;10132238;60;R;1;4600003524;373395;25000;25000;373395;0;;C1;G;;;;;;;;;4500150279;ZF 1302603;X;19;;1003953    CONDUMAX - ELETRO METALURGICA CIAFU;2;;;;;260;60;;;;0;0;1003953    CONDUMAX - ELETRO METALU;OA01;0;;25000;0;0;0;0;5300014244;;;;;;M;M;0;0;0;373395;0;0
1;NB;F;GAE;;30/03/2026;408291;CABO AL CONCENTRICO 2F 2X25+25MM2;MC00201;;;;CDFL;INVT;30000;M;14,94;BRL;1;30000;46166;0;46166;0;0;0;0;10132238;70;R;1;4600003524;448074;30000;30000;448074;0;;C1;G;;;;;;;;;4500150279;ZF 1302603;X;19;;1003953    CONDUMAX - ELETRO METALURGICA CIAFU;2;;;;;270;70;;;;0;0;1003953    CONDUMAX - ELETRO METALU;OA01;0;;30000;0;0;0;0;5300014244;;;;;;M;M;0;0;0;448074;0;0
1;NB;F;GAE;;30/03/2026;408291;CABO AL CONCENTRICO 2F 2X25+25MM2;MC00201;;;;CDFL;INVT;117000;M;14,94;BRL;1;117000;46191;0;46191;0;0;0;0;10132238;80;R;1;4600003524;1747488,6;117000;117000;1747488,6;0;;C1;G;;;;;;;;;4500150279;ZF 1302603;X;19;;1003953    CONDUMAX - ELETRO METALURGICA CIAFU;2;;;;;280;80;;;;0;0;1003953    CONDUMAX - ELETRO METALU;OA01;0;;117000;0;0;0;0;5300014244;;;;;;M;M;0;0;0;1747488,6;0;0
1;NB;F;GAE;;30/03/2026;403954;CABO AL CONCENTRICO 3F 3X50+50MM2;MC10101;;;;CDFL;INVT;3827;M;34,24;BRL;1;3827;46122;0;46122;0;0;0;0;10132238;90;R;1;4600003524;131046,43;3827;3827;131046,43;0;;C1;G;;;;;;;;;4500150279;ZF 1302603;X;19;;1003953    CONDUMAX - ELETRO METALURGICA CIAFU;2;;;;;290;90;;;;0;0;1003953    CONDUMAX - ELETRO METALU;OA01;0;;3827;0;0;0;0;5300002815;;;;;;M;M;0;0;0;131046,43;0;0
1;NB;F;GAE;;30/03/2026;804637;CABO AL CONCENTRICO 3F 3X10+10MM2;MC10101;;;;CDFL;CUST;1000;M;9,5;BRL;1;1000;46122;0;46122;0;0;0;0;10132238;100;R;1;4600003524;9495,3;1000;1000;9495,3;0;;C1;G;;;;;;;;;4500150279;ZF 1302603;X;19;;1003953    CONDUMAX - ELETRO METALURGICA CIAFU;2;;;;;300;100;;;;0;0;1003953    CONDUMAX - ELETRO METALU;OA01;0;;1000;0;0;0;0;5300032242;;;;;;M;M;0;0;0;9495,3;0;0
1;NB;F;GAE;;30/03/2026;804639;CABO AL CONCENTRICO 3F 3X25+25MM2;MC10101;;;;CDFL;CUST;1000;M;20,59;BRL;1;1000;46122;0;46122;0;0;0;0;10132238;120;R;1;4600003524;20590,2;1000;1000;20590,2;0;;C1;G;;;;;;;;;4500150279;ZF 1302603;X;19;;1003953    CONDUMAX - ELETRO METALURGICA CIAFU;2;;;;;320;110;;;;0;0;1003953    CONDUMAX - ELETRO METALU;OA01;0;;1000;0;0;0;0;5300032243;;;;;;M;M;0;0;0;20590,2;0;0
1;NB;F;GAE;;30/03/2026;804640;CABO AL CONCENTRICO 3F 3X16+16MM2;MC10101;;;;CDFL;CUST;1000;M;12,36;BRL;1;1000;46122;0;46122;0;0;0;0;10132238;130;R;1;4600003524;12359,7;1000;1000;12359,7;0;;C1;G;;;;;;;;;4500150279;ZF 1302603;X;19;;1003953    CONDUMAX - ELETRO METALURGICA CIAFU;2;;;;;330;120;;;;0;0;1003953    CONDUMAX - ELETRO METALU;OA01;0;;1000;0;0;0;0;5300032244;;;;;;M;M;0;0;0;12359,7;0;0
1;NB;F;GAE;;30/03/2026;804663;CABO AL CONCENTRICO 3F 3X50+50MM2;MC10101;;;;CDFL;CUST;1000;M;34,24;BRL;1;1000;46122;0;46122;0;0;0;0;10132238;140;R;1;4600003524;34242,6;1000;1000;34242,6;0;;C1;G;;;;;;;;;4500150279;ZF 1302603;X;19;;1003953    CONDUMAX - ELETRO METALURGICA CIAFU;2;;;;;340;130;;;;0;0;1003953    CONDUMAX - ELETRO METALU;OA01;0;;1000;0;0;0;0;5300032245;;;;;;M;M;0;0;0;34242,6;0;0
1;NB;F;GAE;;30/03/2026;804666;CABO AL CONCENTRICO 1F 1x16+16MM2;MC10101;;;;CDFL;CUST;1000;M;4,77;BRL;1;1000;46122;0;46122;0;0;0;0;10132238;150;R;1;4600003524;4770,9;1000;1000;4770,9;0;;C1;G;;;;;;;;;4500150279;ZF 1302603;X;19;;1003953    CONDUMAX - ELETRO METALURGICA CIAFU;2;;;;;350;140;;;;0;0;1003953    CONDUMAX - ELETRO METALU;OA01;0;;1000;0;0;0;0;5300032246;;;;;;M;M;0;0;0;4770,9;0;0
1;NB;F;GAE;;20/02/2026;400221;POSTE FIBRA VIDRO E-CR 11M 300DAN;MC12001;;;;CDFL;INVT;100;UN;1720,02;BRL;1;100;46136;0;46136;0;0;0;0;10128274;10;R;1;4600003495;172001,64;100;100;172001,64;0;;C1;G;;;;;;;;;4500147276;ZF 1302603;X;19;;1004058    ECOFIBRA INDUSTRIA E COMERCIO DE CO;2;;;;;10;10;;;;0;0;1004058    ECOFIBRA INDUSTRIA E COM;OA01;0;;100;0;0;0;0;5300000601;;;;;;UN;UN;0;0;0;172001,64;0;0
1;NB;F;GAE;;20/02/2026;402425;POSTE FIBRA VIDRO 15M 600DAN;MC12001;;;;CDFL;INVT;10;UN;4442,85;BRL;1;10;46136;0;46136;0;0;0;0;10128274;20;R;1;4600003495;44428,52;10;10;44428,52;0;;C1;G;;;;;;;;;4500147276;ZF 1302603;X;19;;1004058    ECOFIBRA INDUSTRIA E COMERCIO DE CO;2;;;;;20;20;;;;0;0;1004058    ECOFIBRA INDUSTRIA E COM;OA01;0;;10;0;0;0;0;5300031901;;;;;;UN;UN;0;0;0;44428,52;0;0
1;NB;F;GAE;;20/02/2026;401699;POSTE FIBRA VIDRO E-CR 13M 400DAN;MC12001;;;;CDFL;INVT;5;UN;2476,99;BRL;1;5;46136;0;46136;0;0;0;0;10128274;40;R;1;4600003495;12384,95;5;5;12384,95;0;;C1;G;;;;;;;;;4500147276;ZF 1302603;X;19;;1004058    ECOFIBRA INDUSTRIA E COMERCIO DE CO;2;;;;;40;30;;;;0;0;1004058    ECOFIBRA INDUSTRIA E COM;OA01;0;;5;0;0;0;0;5300031902;;;;;;UN;UN;0;0;0;12384,95;0;0
1;NB;F;GAE;;20/02/2026;401931;POSTE FIBRA VIDRO E-CR 13M 600DAN;MC12001;;;;CDFL;INVT;10;UN;2824,56;BRL;1;10;46136;0;46136;0;0;0;0;10128274;50;R;1;4600003495;28245,61;10;10;28245,61;0;;C7;G;;;;;;;;;4500147276;ZF 1302603;X;19;;1004058    ECOFIBRA INDUSTRIA E COMERCIO DE CO;2;;;;;50;40;;;;0;0;1004058    ECOFIBRA INDUSTRIA E COM;OA01;0;;10;0;0;0;0;5300005868;;;;;;UN;UN;0;0;0;28245,61;0;0
1;NB;F;GAE;;20/02/2026;401318;POSTE FIBRA VIDRO E-CR 9M 600DAN;MC12001;;;;CDFL;INVT;100;UN;1702,44;BRL;1;100;46136;0;46136;0;0;0;0;10128274;70;R;1;4600003495;170243,65;100;100;170243,65;0;;C7;G;;;;;;;;;4500147276;ZF 1302603;X;19;;1004058    ECOFIBRA INDUSTRIA E COMERCIO DE CO;2;;;;;70;50;;;;0;0;1004058    ECOFIBRA INDUSTRIA E COM;OA01;0;;100;0;0;0;0;5300000606;;;;;;UN;UN;0;0;0;170243,65;0;0
1;NB;F;GAE;;06/03/2026;401987;POSTE FIBRA VIDRO 22M 1000DAN;MC12001;;;;CDFL;INVT;10;UN;13426,25;BRL;1;10;46132;0;46132;0;0;0;0;10128274;30;R;1;4600003495;134262,52;10;10;134262,52;0;;C1;G;;;;;;;;;4500148305;ZF 1302603;X;19;;1004058    ECOFIBRA INDUSTRIA E COMERCIO DE CO;2;;;;;30;20;;;;0;0;1004058    ECOFIBRA INDUSTRIA E COM;OA01;0;;10;0;0;0;0;5300000608;;;;;;UN;UN;0;0;0;134262,52;0;0
1;NB;F;GAE;;06/03/2026;400227;POSTE FIBRA VIDRO E-CR 18M 600DAN;MC12001;;;;CDFL;INVT;16;UN;5844,75;BRL;1;16;46132;0;46132;0;0;0;0;10128274;60;R;1;4600003495;93516,04;16;16;93516,04;0;;C1;G;;;;;;;;;4500148305;ZF 1302603;X;19;;1004058    ECOFIBRA INDUSTRIA E COMERCIO DE CO;2;;;;;60;30;;;;0;0;1004058    ECOFIBRA INDUSTRIA E COM;OA01;0;;16;0;0;0;0;5300000607;;;;;;UN;UN;0;0;0;93516,04;0;0
1;NB;F;GAE;;06/03/2026;402425;POSTE FIBRA VIDRO 15M 600DAN;MC12001;;;;CDFL;INVT;5;UN;4442,85;BRL;1;5;46132;0;46132;0;0;0;0;10128274;20;R;1;4600003495;22214,26;5;5;22214,26;0;;C1;G;;;;;;;;;4500148305;ZF 1302603;X;19;;1004058    ECOFIBRA INDUSTRIA E COMERCIO DE CO;2;;;;;20;40;;;;0;0;1004058    ECOFIBRA INDUSTRIA E COM;OA01;0;;5;0;0;0;0;5300031901;;;;;;UN;UN;0;0;0;22214,26;0;0
1;NB;F;GAE;;27/03/2026;400221;POSTE FIBRA VIDRO E-CR 11M 300DAN;MC12001;;;;CDFL;INVT;150;UN;1720,02;BRL;1;150;46153;0;46153;0;0;0;0;10128274;10;R;1;4600003495;258002,46;150;150;258002,46;0;;C1;G;;;;;;;;;4500150252;ZF 1302603;X;19;;1004058    ECOFIBRA INDUSTRIA E COMERCIO DE CO;2;;;;;10;10;;;;0;0;1004058    ECOFIBRA INDUSTRIA E COM;OA01;0;;150;0;0;0;0;5300000601;;;;;;UN;UN;0;0;0;258002,46;0;0
1;NB;F;GAE;;27/03/2026;400221;POSTE FIBRA VIDRO E-CR 11M 300DAN;MC12001;;;;CDFL;INVT;100;UN;1720,02;BRL;1;100;46198;0;46198;0;0;0;0;10128274;10;R;1;4600003495;172001,64;100;100;172001,64;0;;C1;G;;;;;;;;;4500150252;ZF 1302603;X;19;;1004058    ECOFIBRA INDUSTRIA E COMERCIO DE CO;2;;;;;10;20;;;;0;0;1004058    ECOFIBRA INDUSTRIA E COM;OA01;0;;100;0;0;0;0;5300000601;;;;;;UN;UN;0;0;0;172001,64;0;0
1;NB;F;GAE;;23/01/2026;804421;ISOLADOR PINO, POLIMERICO COM TRAVAS;MC12002;;;;CDFL;CUST;1747;UN;20,46;BRL;1;1747;46123;0;46112;0;0;0;0;10100907;10;R;1;4600003073;35743,62;1747;1747;35743,62;0;;C1;G;;;;;;;;;4500144577;ZF 1302603;X;19;;1004591    REAL ENERGIA EIRELI;2;;;;;10;10;;;;0;0;1004591    REAL ENERGIA EIRELI;OA01;0;;1747;1747;0;0;0;5300026822;;;;;;UN;UN;0;0;0;35743,62;0;0
1;NB;F;A01;;11/03/2026;408994;ISOLADOR PINO, POLIMERICO COM TRAVAS;MC12002;;;;CDFL;INVT;2833;UN;20,46;BRL;1;2833;46160;0;46160;0;0;0;0;10100907;30;R;1;4600003073;57963,18;2833;2833;57963,18;0;;C1;G;;;;;;;;;4500148635;ZF 1302603;X;19;;1004591    REAL ENERGIA EIRELI;2;;;;;30;10;;;;0;0;1004591    REAL ENERGIA EIRELI;OA01;0;;2833;0;0;0;0;5300026823;;;;;;UN;UN;0;0;0;57963,18;0;0
1;NB;F;A03;;06/02/2026;401127;POSTE CONCRETO ARM DUPL T 11M 600KGF;MC13001;;;;CDFL;INVT;24;UN;1917,66;BRL;1;24;46104;0;46104;0;24;0;0;10101060;330;R;1;4600003099;0;0;0;0;0;;CA;G;;;;;;;;;4500145199;ZF 1302603;X;19;;1006698    AMAZONPOSTES INDUSTRIA DE ARTEFATOS;2;;;;;80;10;;;;0;0;1006698    AMAZONPOSTES INDUSTRIA D;OA01;0;;24;24;0;0;0;5300000280;;;;;;UN;UN;0;0;0;46023,84;0;0
1;NB;F;A03;;06/02/2026;400988;POSTE CONCRETO TRON CON 9M 600KGF;MC13001;;;;CDFL;INVT;8;UN;1822,75;BRL;1;8;46104;0;46104;0;8;0;0;10101060;220;R;1;4600003099;0;0;0;0;0;;CA;G;;;;;;;;;4500145199;ZF 1302603;X;19;;1006698    AMAZONPOSTES INDUSTRIA DE ARTEFATOS;2;;;;;60;20;;;;0;0;1006698    AMAZONPOSTES INDUSTRIA D;OA01;0;;8;8;0;0;0;5300000285;;;;;;UN;UN;0;0;0;14582,03;0;0
1;NB;F;A03;;06/02/2026;401260;POSTE CONCRETO TRON CON 9M 1000KGF;MC13001;;;;CDFL;INVT;23;UN;2467,15;BRL;1;23;46104;0;46104;0;23;0;0;10101060;310;R;1;4600003099;0;0;0;0;0;;CA;G;;;;;;;;;4500145199;ZF 1302603;X;19;;1006698    AMAZONPOSTES INDUSTRIA DE ARTEFATOS;2;;;;;50;30;;;;0;0;1006698    AMAZONPOSTES INDUSTRIA D;OA01;0;;23;23;0;0;0;5300005053;;;;;;UN;UN;0;0;0;56744,46;0;0
1;NB;F;A03;;06/02/2026;402650;POSTE CONCRETO DUPLO T 9 M 600 DAN;MC13001;;;;CDFL;INVT;12;UN;1190;BRL;1;12;46104;0;46104;0;12;0;0;10102602;50;R;1;4600002571;0;0;0;0;0;;CA;G;;;;;;;;;4500145204;ZF 1302603;X;19;;1006698    AMAZONPOSTES INDUSTRIA DE ARTEFATOS;2;;;;;360;10;;;;0;0;1006698    AMAZONPOSTES INDUSTRIA D;OA01;0;;12;12;0;0;0;5300000281;;;;;;UN;UN;0;0;0;14280;0;0
1;NB;F;GAE;;06/02/2026;402847;POSTE CONC DUPL T 9 M 300 DAN;MC13001;;;;CDFL;INVT;100;UN;880,6;BRL;1;100;46104;0;46104;0;84;0;0;10075024;170;R;1;4600002571;14089,6;16;16;14089,6;0;;CA;G;;;;;;;;;4500145217;ZF 1302603;X;19;;1006698    AMAZONPOSTES INDUSTRIA DE ARTEFATOS;2;;;;;80;10;;;;0;0;1006698    AMAZONPOSTES INDUSTRIA D;OA01;0;;100;84;0;0;0;5300000282;;;;;;UN;UN;0;0;0;88060;0;0
1;NB;F;GAE;;06/02/2026;402847;POSTE CONC DUPL T 9 M 300 DAN;MC13001;;;;CDFL;INVT;103;UN;880,6;BRL;1;103;46149;0;46149;0;64;0;0;10075024;170;R;1;4600002571;34343,4;39;39;34343,4;0;;CA;G;;;;;;;;;4500145217;ZF 1302603;X;19;;1006698    AMAZONPOSTES INDUSTRIA DE ARTEFATOS;2;;;;;80;20;;;;0;0;1006698    AMAZONPOSTES INDUSTRIA D;OA01;0;;103;64;0;0;0;5300000282;;;;;;UN;UN;0;0;0;90701,8;0;0
1;NB;F;GAE;;06/02/2026;402650;POSTE CONCRETO DUPLO T 9 M 600 DAN;MC13001;;;;CDFL;INVT;32;UN;1190;BRL;1;32;46104;0;46104;0;32;0;0;10075024;160;R;1;4600002571;0;0;0;0;0;;CA;G;;;;;;;;;4500145217;ZF 1302603;X;19;;1006698    AMAZONPOSTES INDUSTRIA DE ARTEFATOS;2;;;;;70;30;;;;0;0;1006698    AMAZONPOSTES INDUSTRIA D;OA01;0;;32;32;0;0;0;5300000281;;;;;;UN;UN;0;0;0;38080;0;0
1;NB;F;GAE;;06/02/2026;402650;POSTE CONCRETO DUPLO T 9 M 600 DAN;MC13001;;;;CDFL;INVT;70;UN;1190;BRL;1;70;46149;0;46149;0;64;0;0;10075024;160;R;1;4600002571;7140;6;6;7140;0;;CA;G;;;;;;;;;4500145217;ZF 1302603;X;19;;1006698    AMAZONPOSTES INDUSTRIA DE ARTEFATOS;2;;;;;70;40;;;;0;0;1006698    AMAZONPOSTES INDUSTRIA D;OA01;0;;70;64;0;0;0;5300000281;;;;;;UN;UN;0;0;0;83300;0;0
1;NB;F;GAE;;06/02/2026;400210;POSTE CONCRETO TRON CON 13M 1000KGF;MC13001;;;;CDFL;INVT;4;UN;3315,66;BRL;1;4;46104;0;46104;0;4;0;0;10075024;20;R;1;4600002571;0;0;0;0;0;;CA;G;;;;;;;;;4500145217;ZF 1302603;X;19;;1006698    AMAZONPOSTES INDUSTRIA DE ARTEFATOS;2;;;;;20;50;;;;0;0;1006698    AMAZONPOSTES INDUSTRIA D;OA01;0;;4;4;0;0;0;5300000288;;;;;;UN;UN;0;0;0;13262,62;0;0
1;NB;F;A13;;06/02/2026;401127;POSTE CONCRETO ARM DUPL T 11M 600KGF;MC13001;;;;CDFL;INVT;100;UN;1917,66;BRL;1;100;46104;0;46104;0;100;0;0;10101060;350;R;1;4600003099;0;0;0;0;0;;CA;G;;;;;;;;;4500145238;ZF 1302603;X;19;;1006698    AMAZONPOSTES INDUSTRIA DE ARTEFATOS;2;;;;;80;10;;;;0;0;1006698    AMAZONPOSTES INDUSTRIA D;OA01;0;;100;100;0;0;0;5300000280;;;;;;UN;UN;0;0;0;191766;0;0
1;NB;F;A13;;06/02/2026;401127;POSTE CONCRETO ARM DUPL T 11M 600KGF;MC13001;;;;CDFL;INVT;100;UN;1917,66;BRL;1;100;46149;0;46149;0;50;0;0;10101060;350;R;1;4600003099;95883;50;50;95883;0;;CA;G;;;;;;;;;4500145238;ZF 1302603;X;19;;1006698    AMAZONPOSTES INDUSTRIA DE ARTEFATOS;2;;;;;80;20;;;;0;0;1006698    AMAZONPOSTES INDUSTRIA D;OA01;0;;100;50;0;0;0;5300000280;;;;;;UN;UN;0;0;0;191766;0;0
1;NB;F;A13;;06/02/2026;401349;POSTE CONCRETO CIRC 11M 1000DAN;MC13001;;;;CDFL;INVT;7;UN;2891,26;BRL;1;7;46104;0;46104;0;7;0;0;10101060;320;R;1;4600002571;0;0;0;0;0;;CA;G;;;;;;;;;4500145238;ZF 1302603;X;19;;1006698    AMAZONPOSTES INDUSTRIA DE ARTEFATOS;2;;;;;310;30;;;;0;0;1006698    AMAZONPOSTES INDUSTRIA D;OA01;0;;7;7;0;0;0;5300000284;;;;;;UN;UN;0;0;0;20238,79;0;0
1;NB;F;A03;;06/02/2026;401296;POSTE CONCRETO TRON CON 11M 600KGF;MC13001;;;;CDFL;INVT;80;UN;1776,33;BRL;1;80;46104;0;46104;0;80;0;0;10101060;280;R;1;4600002571;0;0;0;0;0;;CA;G;;;;;;;;;4500145245;ZF 1302603;X;19;;1006698    AMAZONPOSTES INDUSTRIA DE ARTEFATOS;2;;;;;350;10;;;;0;0;1006698    AMAZONPOSTES INDUSTRIA D;OA01;0;;80;80;0;0;0;5300000287;;;;;;UN;UN;0;0;0;142106,24;0;0
1;NB;F;A03;;06/02/2026;400995;POSTE CONCRETO DUPLO T 9M 1000DAN;MC13001;;;;CDFL;INVT;12;UN;1405,72;BRL;1;12;46104;0;46104;0;12;0;0;10101060;210;R;1;4600002571;0;0;0;0;0;;CA;G;;;;;;;;;4500145245;ZF 1302603;X;19;;1006698    AMAZONPOSTES INDUSTRIA DE ARTEFATOS;2;;;;;330;20;;;;0;0;1006698    AMAZONPOSTES INDUSTRIA D;OA01;0;;12;12;0;0;0;5300014932;;;;;;UN;UN;0;0;0;16868,64;0;0
1;NB;F;A03;;10/02/2026;402098;POSTE CONCRETO DUPLO T 13M 1000DAN;MC13001;;;;CDFL;INVT;18;UN;2776,89;BRL;1;18;46108;0;46108;0;18;0;0;10101060;360;R;1;4600002571;0;0;0;0;0;;CA;G;;;;;;;;;4500145589;ZF 1302603;X;19;;1006698    AMAZONPOSTES INDUSTRIA DE ARTEFATOS;2;;;;;320;10;;;;0;0;1006698    AMAZONPOSTES INDUSTRIA D;OA01;0;;18;18;0;0;0;5300000294;;;;;;UN;UN;0;0;0;49983,97;0;0
1;NB;F;A13;;10/02/2026;401127;POSTE CONCRETO ARM DUPL T 11M 600KGF;MC13001;;;;CDFL;INVT;119;UN;1917,66;BRL;1;119;46113;0;46113;0;119;0;0;10101060;350;R;1;4600003099;0;0;0;0;0;;CA;G;;;;;;;;;4500145616;ZF 1302603;X;19;;1006698    AMAZONPOSTES INDUSTRIA DE ARTEFATOS;2;;;;;80;10;;;;0;0;1006698    AMAZONPOSTES INDUSTRIA D;OA01;0;;119;119;0;0;0;5300000280;;;;;;UN;UN;0;0;0;228201,54;0;0
1;NB;F;GAE;;16/03/2026;401127;POSTE CONCRETO ARM DUPL T 11M 600KGF;MC13001;;;;CDFL;INVT;306;UN;1798;BRL;1;306;46149;0;46149;0;0;0;0;10129067;10;R;1;4600003506;550188;306;306;550188;0;;C0;G;;;;;;;;;4500149676;ZF 1302603;X;19;;1006698    AMAZONPOSTES INDUSTRIA DE ARTEFATOS;2;;;;;10;10;;;;0;0;1006698    AMAZONPOSTES INDUSTRIA D;OA01;0;;306;0;0;0;0;5300000280;;;;;;UN;UN;0;0;0;550188;0;0
1;NB;F;GAE;;24/03/2026;400228;POSTE CONCRETO CIRC 9M 300DAN;MC13001;;;;CDFL;INVT;14;UN;1032,38;BRL;1;14;46150;0;46150;0;0;0;0;10127955;10;R;1;4600003522;14453,32;14;14;14453,32;0;;CA;G;;;;;;;;;4500150174;ZF 1302603;X;19;;1006698    AMAZONPOSTES INDUSTRIA DE ARTEFATOS;2;;;;;10;10;;;;0;0;1006698    AMAZONPOSTES INDUSTRIA D;OA01;0;;14;0;0;0;0;5300000278;;;;;;UN;UN;0;0;0;14453,32;0;0
1;NB;F;GAE;;24/03/2026;401252;POSTE CONCRETO TRON CON 13M 600DAN;MC13001;;;;CDFL;INVT;20;UN;2788;BRL;1;20;46150;0;46150;0;0;0;0;10127955;20;R;1;4600003522;55760;20;20;55760;0;;CA;G;;;;;;;;;4500150174;ZF 1302603;X;19;;1006698    AMAZONPOSTES INDUSTRIA DE ARTEFATOS;2;;;;;20;20;;;;0;0;1006698    AMAZONPOSTES INDUSTRIA D;OA01;0;;20;0;0;0;0;5300000283;;;;;;UN;UN;0;0;0;55760;0;0
1;NB;F;GAE;;24/03/2026;408159;POSTE CONC ARM DUPL T 12M 300KGF;MC13001;;;;CDFL;INVT;5;UN;1594,95;BRL;1;5;46150;0;46150;0;0;0;0;10127955;70;R;1;4600003522;7974,75;5;5;7974,75;0;;CA;G;;;;;;;;;4500150174;ZF 1302603;X;19;;1006698    AMAZONPOSTES INDUSTRIA DE ARTEFATOS;2;;;;;70;30;;;;0;0;1006698    AMAZONPOSTES INDUSTRIA D;OA01;0;;5;0;0;0;0;5300015178;;;;;;UN;UN;0;0;0;7974,75;0;0
1;NB;F;GAE;;24/03/2026;402188;POSTE CONCRETO TRON CON 11M 300KGF;MC13001;;;;CDFL;INVT;10;UN;1627,5;BRL;1;10;46150;0;46150;0;0;0;0;10127955;30;R;1;4600003522;16275;10;10;16275;0;;CA;G;;;;;;;;;4500150174;ZF 1302603;X;19;;1006698    AMAZONPOSTES INDUSTRIA DE ARTEFATOS;2;;;;;30;40;;;;0;0;1006698    AMAZONPOSTES INDUSTRIA D;OA01;0;;10;0;0;0;0;5300000286;;;;;;UN;UN;0;0;0;16275;0;0
1;NB;F;GAE;;24/03/2026;402526;POSTE CONC DUPL T 13/400;MC13001;;;;CDFL;INVT;3;UN;1641,6;BRL;1;3;46150;0;46150;0;0;0;0;10127955;40;R;1;4600003522;4924,8;3;3;4924,8;0;;CA;G;;;;;;;;;4500150174;ZF 1302603;X;19;;1006698    AMAZONPOSTES INDUSTRIA DE ARTEFATOS;2;;;;;40;50;;;;0;0;1006698    AMAZONPOSTES INDUSTRIA D;OA01;0;;3;0;0;0;0;5300000293;;;;;;UN;UN;0;0;0;4924,8;0;0
1;NB;F;GAE;;24/03/2026;402533;POSTE CONC DUPL T 11/1000;MC13001;;;;CDFL;INVT;50;UN;2028;BRL;1;50;46150;0;46150;0;0;0;0;10127955;50;R;1;4600003522;101400;50;50;101400;0;;CA;G;;;;;;;;;4500150174;ZF 1302603;X;19;;1006698    AMAZONPOSTES INDUSTRIA DE ARTEFATOS;2;;;;;50;60;;;;0;0;1006698    AMAZONPOSTES INDUSTRIA D;OA01;0;;50;0;0;0;0;5300000291;;;;;;UN;UN;0;0;0;101400;0;0
1;NB;F;GAE;;24/03/2026;402624;POSTE CONC DUPL T 13/600;MC13001;;;;CDFL;INVT;40;UN;1848;BRL;1;40;46150;0;46150;0;0;0;0;10127955;60;R;1;4600003522;73920;40;40;73920;0;;CA;G;;;;;;;;;4500150174;ZF 1302603;X;19;;1006698    AMAZONPOSTES INDUSTRIA DE ARTEFATOS;2;;;;;60;70;;;;0;0;1006698    AMAZONPOSTES INDUSTRIA D;OA01;0;;40;0;0;0;0;5300000292;;;;;;UN;UN;0;0;0;73920;0;0
1;NB;F;A03;;16/01/2026;401574;BRACO ANTIBALANCO PA PT 15KV 320MM;MC12002;;;;CDFL;INVT;455;UN;18,55;BRL;1;455;46138;0;46105;0;0;0;0;10098868;40;R;1;4600003024;8441,84;455;455;8441,84;0;;C1;G;;;;;;;;;4500143382;ZF 1302603;X;19;;1007001    TECFIBRAS INDUSTRIA E COMERCIO IMPO;2;;;;;40;10;;;;0;0;1007001    TECFIBRAS INDUSTRIA E CO;OA01;0;;455;0;0;0;0;5300031389;;;;;;UN;UN;0;0;0;8441,84;0;0
1;NB;F;A03;;16/01/2026;404084;ESPACADOR LOSANG CLASSE 15KV C/ GARRAS;MC12002;;;;CDFL;INVT;6996;UN;18,55;BRL;1;6996;46138;0;46105;0;6124;0;0;10098868;20;R;1;4600003024;16178,65;872;872;16178,65;0;;C1;G;;;;;;;;;4500143382;ZF 1302603;X;19;;1007001    TECFIBRAS INDUSTRIA E COMERCIO IMPO;2;;;;;20;20;;;;0;0;1007001    TECFIBRAS INDUSTRIA E CO;OA01;0;;6996;6124;0;0;0;5300026433;;;;;;UN;UN;0;0;0;129800,29;0;0
1;NB;F;A03;;16/01/2026;803452;ESPACADOR LOSANG CLASSE 15KV C/ GARRAS;MC12002;;;;CDFL;CUST;547;UN;18,13;BRL;1;547;46138;0;46105;0;0;0;0;10098868;10;R;1;4600003024;9919,84;547;547;9919,84;0;;C1;G;;;;;;;;;4500143382;ZF 1302603;X;19;;1007001    TECFIBRAS INDUSTRIA E COMERCIO IMPO;2;;;;;10;30;;;;0;0;1007001    TECFIBRAS INDUSTRIA E CO;OA01;0;;547;0;0;0;0;5300026434;;;;;;UN;UN;0;0;0;9919,84;0;0
1;NB;F;GAE;;22/01/2026;407355;CRUZETA POL FBV/RES 2400X112,5X90MM DAT;MC12001;;;;CDFL;INVT;517;UN;151,12;BRL;1;517;46116;0;46104;0;0;0;0;10099953;10;R;1;4600003045;78131,62;517;517;78131,62;0;;C1;G;;;;;;;;;4500144240;ZF 1302603;X;19;;1007001    TECFIBRAS INDUSTRIA E COMERCIO IMPO;2;;;;;10;10;;;;0;0;1007001    TECFIBRAS INDUSTRIA E CO;OA01;0;;517;0;0;0;0;5300010590;;;;;;UN;UN;0;0;0;78131,62;0;0
1;NB;F;GAE;;22/01/2026;401959;CRUZETA POL FBV/RES PES 2400X112,5X90MM;MC12001;;;;CDFL;INVT;420;UN;162,5;BRL;1;420;46116;0;46104;0;0;0;0;10099953;20;R;1;4600003045;68250;420;420;68250;0;;C0;G;;;;;;;;;4500144240;ZF 1302603;X;19;;1007001    TECFIBRAS INDUSTRIA E COMERCIO IMPO;2;;;;;20;20;;;;0;0;1007001    TECFIBRAS INDUSTRIA E CO;OA01;0;;420;0;0;0;0;5300003480;;;;;;UN;UN;0;0;0;68250;0;0
1;NB;F;GAE;;22/01/2026;401547;CRUZETA POL PE/FBN 90X112,5X2400MM;MC12001;;;;CDFL;INVT;507;UN;230,17;BRL;1;507;46116;0;46104;0;0;0;0;10099953;30;R;1;4600003045;116698,72;507;507;116698,72;0;;A1;G;;;;;;;;;4500144240;ZF 1302603;X;19;;1007001    TECFIBRAS INDUSTRIA E COMERCIO IMPO;2;;;;;30;30;;;;0;0;1007001    TECFIBRAS INDUSTRIA E CO;OA01;0;;507;0;0;0;0;5300000035;;;;;;UN;UN;0;0;0;116698,72;0;0
1;NB;F;GAE;;22/01/2026;800847;CRUZETA POL PE/FBN 90X112,5X2400MM;MC12001;;;;CDFL;CUST;1195;UN;230,17;BRL;1;1195;46116;0;46104;0;0;0;0;10099954;40;R;1;4600003045;275059,12;1195;1195;275059,12;0;;C1;G;;;;;;;;;4500144260;ZF 1302603;X;19;;1007001    TECFIBRAS INDUSTRIA E COMERCIO IMPO;2;;;;;70;10;;;;0;0;1007001    TECFIBRAS INDUSTRIA E CO;OA01;0;;1195;0;0;0;0;5300000342;;;;;;UN;UN;0;0;0;275059,12;0;0
1;NB;F;GAE;;30/01/2026;800847;CRUZETA POL PE/FBN 90X112,5X2400MM;MC12001;;;;CDFL;CUST;1195;UN;230,17;BRL;1;1195;46146;0;46165;0;0;0;0;10099954;40;R;1;4600003045;275059,12;1195;1195;275059,12;0;;C1;G;;;;;;;;;4500144260;ZF 1302603;X;19;;1007001    TECFIBRAS INDUSTRIA E COMERCIO IMPO;2;;;;;70;20;;;;0;0;1007001    TECFIBRAS INDUSTRIA E CO;OA01;0;;1195;0;0;0;0;5300000342;;;;;;UN;UN;0;0;0;275059,12;0;0
1;NB;F;A12;;22/01/2026;403161;PONTALETE FBV 100MM 6M;MC02201;;;;CDFL;INVT;780;UN;276;BRL;1;780;46081;0;46081;0;780;0;0;10118053;10;R;1;4600003439;0;0;0;0;0;;C1;G;;;;;;;;;4500144461;ZF 1302603;X;19;;1007001    TECFIBRAS INDUSTRIA E COMERCIO IMPO;2;;;;;20;10;;;;0;0;1007001    TECFIBRAS INDUSTRIA E CO;OA01;0;;780;780;0;0;0;5300003506;;;;;;UN;UN;0;0;0;215276,96;0;0
1;NB;F;A03;;16/01/2026;400930;PARAFUSO CAB ABA AC 10MM 115MM;MC01301;;;;CDFL;INVT;9106;UN;2,22;BRL;1;9106;46142;0;46115;0;0;0;0;10100435;140;R;1;4600003060;20193,47;9106;9106;20193,47;0;;C1;G;;;;;;;;;4500143290;ZF 1302603;X;19;;1007262    CENTROACO INDUSTRIA E COMERCIO DE A;2;;;;;140;10;;;;0;0;1007262    CENTROACO INDUSTRIA E CO;OA01;0;;9106;0;0;0;0;5300001376;;;;;;UN;UN;0;0;0;20193,47;0;0
1;NB;F;A03;;16/01/2026;801064;PARAFUSO CAB ABA AC 10MM 115MM;MC01301;;;;CDFL;CUST;2842;UN;2,22;BRL;1;2842;46142;0;46115;0;0;0;0;10100435;20;R;1;4600003060;6302,42;2842;2842;6302,42;0;;C1;G;;;;;;;;;4500143290;ZF 1302603;X;19;;1007262    CENTROACO INDUSTRIA E COMERCIO DE A;2;;;;;20;20;;;;0;0;1007262    CENTROACO INDUSTRIA E CO;OA01;0;;2842;0;0;0;0;5300026637;;;;;;UN;UN;0;0;0;6302,42;0;0
1;NB;F;A03;;16/01/2026;401086;PARAFUSO CAB QD MAQ AC 5/8X6P;MC01301;;;;CDFL;INVT;13;UN;6,82;BRL;1;13;46142;0;46115;0;0;0;0;10100435;210;R;1;4600003060;88,66;13;13;88,66;0;;C1;G;;;;;;;;;4500143290;ZF 1302603;X;19;;1007262    CENTROACO INDUSTRIA E COMERCIO DE A;2;;;;;210;30;;;;0;0;1007262    CENTROACO INDUSTRIA E CO;OA01;0;;13;0;0;0;0;5300028235;;;;;;UN;UN;0;0;0;88,66;0;0
1;NB;F;A03;;16/01/2026;801191;PARAFUSO CAB QD MAQ AC 5/8X6P;MC01301;;;;CDFL;CUST;5;UN;6,82;BRL;1;5;46142;0;46115;0;0;0;0;10100435;110;R;1;4600003060;34,1;5;5;34,1;0;;C1;G;;;;;;;;;4500143290;ZF 1302603;X;19;;1007262    CENTROACO INDUSTRIA E COMERCIO DE A;2;;;;;110;40;;;;0;0;1007262    CENTROACO INDUSTRIA E CO;OA01;0;;5;0;0;0;0;5300031382;;;;;;UN;UN;0;0;0;34,1;0;0
1;NB;F;A03;;16/01/2026;800520;PARAFUSO CAB QD MAQ AC 5/8X16P;MC01301;;;;CDFL;CUST;122;UN;14,74;BRL;1;122;46142;0;46115;0;0;0;0;10100435;100;R;1;4600003060;1798,28;122;122;1798,28;0;;C1;G;;;;;;;;;4500143290;ZF 1302603;X;19;;1007262    CENTROACO INDUSTRIA E COMERCIO DE A;2;;;;;100;50;;;;0;0;1007262    CENTROACO INDUSTRIA E CO;OA01;0;;122;0;0;0;0;5300031383;;;;;;UN;UN;0;0;0;1798,28;0;0
1;NB;F;A03;;16/01/2026;401239;PARAFUSO CAB QD AC 16MM 450MM;MC01301;;;;CDFL;INVT;5505;UN;19,4;BRL;1;5505;46142;0;46115;0;0;0;0;10100435;150;R;1;4600003060;106819,02;5505;5505;106819,02;0;;C1;G;;;;;;;;;4500143290;ZF 1302603;X;19;;1007262    CENTROACO INDUSTRIA E COMERCIO DE A;2;;;;;150;70;;;;0;0;1007262    CENTROACO INDUSTRIA E CO;OA01;0;;5505;0;0;0;0;5300001381;;;;;;UN;UN;0;0;0;106819,02;0;0
1;NB;F;A03;;16/01/2026;800922;PARAFUSO CAB QD AC 16MM 450MM;MC01301;;;;CDFL;CUST;2132;UN;19,4;BRL;1;2132;46142;0;46115;0;0;0;0;10100435;30;R;1;4600003060;41369,33;2132;2132;41369,33;0;;C1;G;;;;;;;;;4500143290;ZF 1302603;X;19;;1007262    CENTROACO INDUSTRIA E COMERCIO DE A;2;;;;;30;80;;;;0;0;1007262    CENTROACO INDUSTRIA E CO;OA01;0;;2132;0;0;0;0;5300029697;;;;;;UN;UN;0;0;0;41369,33;0;0
1;NB;F;A03;;16/01/2026;401155;PARAFUSO CAB QD AC 16MM 500MM;MC01301;;;;CDFL;INVT;1290;UN;17,59;BRL;1;1290;46142;0;46115;0;0;0;0;10100435;160;R;1;4600003060;22692,65;1290;1290;22692,65;0;;C1;G;;;;;;;;;4500143290;ZF 1302603;X;19;;1007262    CENTROACO INDUSTRIA E COMERCIO DE A;2;;;;;160;90;;;;0;0;1007262    CENTROACO INDUSTRIA E CO;OA01;0;;1290;0;0;0;0;5300003068;;;;;;UN;UN;0;0;0;22692,65;0;0
1;NB;F;A03;;16/01/2026;800118;PARAFUSO CAB QD AC 16MM 500MM;MC01301;;;;CDFL;CUST;226;UN;17,59;BRL;1;226;46142;0;46115;0;0;0;0;10100435;40;R;1;4600003060;3975,61;226;226;3975,61;0;;C1;G;;;;;;;;;4500143290;ZF 1302603;X;19;;1007262    CENTROACO INDUSTRIA E COMERCIO DE A;2;;;;;40;100;;;;0;0;1007262    CENTROACO INDUSTRIA E CO;OA01;0;;226;0;0;0;0;5300027520;;;;;;UN;UN;0;0;0;3975,61;0;0
1;NB;F;A03;;16/01/2026;401706;PARAFUSO CAB QD AC 16MM 2P 350MM;MC01301;;;;CDFL;INVT;199;UN;12,31;BRL;1;199;46142;0;46115;0;0;0;0;10100435;180;R;1;4600003060;2449,93;199;199;2449,93;0;;C1;G;;;;;;;;;4500143290;ZF 1302603;X;19;;1007262    CENTROACO INDUSTRIA E COMERCIO DE A;2;;;;;180;110;;;;0;0;1007262    CENTROACO INDUSTRIA E CO;OA01;0;;199;0;0;0;0;5300003070;;;;;;UN;UN;0;0;0;2449,93;0;0
1;NB;F;A03;;16/01/2026;801391;PARAFUSO CAB QD AC 16MM 2P 350MM;MC01301;;;;CDFL;CUST;426;UN;12,31;BRL;1;426;46142;0;46115;0;0;0;0;10100435;60;R;1;4600003060;5244,57;426;426;5244,57;0;;C1;G;;;;;;;;;4500143290;ZF 1302603;X;19;;1007262    CENTROACO INDUSTRIA E COMERCIO DE A;2;;;;;60;120;;;;0;0;1007262    CENTROACO INDUSTRIA E CO;OA01;0;;426;0;0;0;0;5300027519;;;;;;UN;UN;0;0;0;5244,57;0;0
1;NB;F;A03;;16/01/2026;401131;PARAFUSO CAB QD AC 16MM 225MM 300MM;MC01301;;;;CDFL;INVT;27232;UN;10,54;BRL;1;27232;46142;0;46115;0;0;0;0;10100435;130;R;1;4600003060;287090,64;27232;27232;287090,64;0;;C1;G;;;;;;;;;4500143290;ZF 1302603;X;19;;1007262    CENTROACO INDUSTRIA E COMERCIO DE A;2;;;;;130;130;;;;0;0;1007262    CENTROACO INDUSTRIA E CO;OA01;0;;27232;0;0;0;0;5300001380;;;;;;UN;UN;0;0;0;287090,64;0;0
1;NB;F;A03;;16/01/2026;400951;PARAFUSO MAQ CAB QD AC 5/8X24P;MC01301;;;;CDFL;INVT;87;UN;25,18;BRL;1;87;46142;0;46115;0;0;0;0;10100435;200;R;1;4600003060;2190,38;87;87;2190,38;0;;C1;G;;;;;;;;;4500143290;ZF 1302603;X;19;;1007262    CENTROACO INDUSTRIA E COMERCIO DE A;2;;;;;200;140;;;;0;0;1007262    CENTROACO INDUSTRIA E CO;OA01;0;;87;0;0;0;0;5300001393;;;;;;UN;UN;0;0;0;2190,38;0;0
1;NB;F;A03;;16/01/2026;401485;BRACO SUPORTE TIPO C 580X365MM 851/6;MC12002;;;;CDFL;INVT;144;UN;116,12;BRL;1;144;46115;0;46115;0;0;0;0;10101048;50;R;1;4600003077;16721,97;144;144;16721,97;0;;C1;G;;;;;;;;;4500143335;ZF 1302603;X;19;;1007262    CENTROACO INDUSTRIA E COMERCIO DE A;2;;;;;40;10;;;;0;0;1007262    CENTROACO INDUSTRIA E CO;OA01;0;;144;0;0;0;0;5300001383;;;;;;UN;UN;0;0;0;16721,97;0;0
1;NB;F;A03;;16/01/2026;800256;BRACO SUPORTE TIPO C 580X365MM 851/6;MC12002;;;;CDFL;CUST;154;UN;116,12;BRL;1;154;46115;0;46115;0;0;0;0;10101048;250;R;1;4600003077;17883,22;154;154;17883,22;0;;C1;G;;;;;;;;;4500143335;ZF 1302603;X;19;;1007262    CENTROACO INDUSTRIA E COMERCIO DE A;2;;;;;220;20;;;;0;0;1007262    CENTROACO INDUSTRIA E CO;OA01;0;;154;0;0;0;0;5300027512;;;;;;UN;UN;0;0;0;17883,22;0;0
1;NB;F;A03;;16/01/2026;403931;BRAÇO SUPORTE TIPO L HORIZONTAL  15 KV;MC12002;;;;CDFL;INVT;40;UN;99,91;BRL;1;40;46115;0;46115;0;0;0;0;10101048;130;R;1;4600003077;3996,26;40;40;3996,26;0;;C1;G;;;;;;;;;4500143335;ZF 1302603;X;19;;1007262    CENTROACO INDUSTRIA E COMERCIO DE A;2;;;;;110;30;;;;0;0;1007262    CENTROACO INDUSTRIA E CO;OA01;0;;40;0;0;0;0;5300026733;;;;;;UN;UN;0;0;0;3996,26;0;0
1;NB;F;A03;;16/01/2026;802303;BRAÇO SUPORTE TIPO L HORIZONTAL  15 KV;MC25001;;;;CDFL;CUST;31;UN;99,91;BRL;1;31;46115;0;46115;0;0;0;0;10101048;320;R;1;4600003077;3097,1;31;31;3097,1;0;;C1;G;;;;;;;;;4500143335;ZF 1302603;X;19;;1007262    CENTROACO INDUSTRIA E COMERCIO DE A;2;;;;;280;40;;;;0;0;1007262    CENTROACO INDUSTRIA E CO;OA01;0;;31;0;0;0;0;5300026737;;;;;;UN;UN;0;0;0;3097,1;0;0
1;NB;F;A03;;16/01/2026;404972;BRACO TIPO J;MC12002;;;;CDFL;INVT;30;UN;420,07;BRL;1;30;46115;0;46115;0;0;0;0;10101048;150;R;1;4600003077;12602,04;30;30;12602,04;0;;C1;G;;;;;;;;;4500143335;ZF 1302603;X;19;;1007262    CENTROACO INDUSTRIA E COMERCIO DE A;2;;;;;130;50;;;;0;0;1007262    CENTROACO INDUSTRIA E CO;OA01;0;;30;0;0;0;0;5300026735;;;;;;UN;UN;0;0;0;12602,04;0;0
1;NB;F;A03;;16/01/2026;402106;BRACO L A1010/1020 3/8P16P;MC12002;;;;CDFL;INVT;771;UN;62,2;BRL;1;771;46115;0;46115;0;0;0;0;10101048;30;R;1;4600003077;47954,97;771;771;47954,97;0;;C1;G;;;;;;;;;4500143335;ZF 1302603;X;19;;1007262    CENTROACO INDUSTRIA E COMERCIO DE A;2;;;;;20;60;;;;0;0;1007262    CENTROACO INDUSTRIA E CO;OA01;0;;771;0;0;0;0;5300001384;;;;;;UN;UN;0;0;0;47954,97;0;0
1;NB;F;A03;;16/01/2026;800473;BRACO L A1010/1020 3/8P16P;MC12002;;;;CDFL;CUST;23;UN;62,2;BRL;1;23;46133;0;46115;0;0;0;0;10101048;230;R;1;4600003077;1430,56;23;23;1430,56;0;;C1;G;;;;;;;;;4500143335;ZF 1302603;X;19;;1007262    CENTROACO INDUSTRIA E COMERCIO DE A;2;;;;;200;70;;;;0;0;1007262    CENTROACO INDUSTRIA E CO;OA01;0;;23;0;0;0;0;5300027511;;;;;;UN;UN;0;0;0;1430,56;0;0
1;NB;F;A03;;16/01/2026;402373;ESTRIBO BRACO L-EST-01 FOFO 200DAN;MC12002;;;;CDFL;INVT;590;UN;8,24;BRL;1;590;46133;0;46115;0;0;0;0;10101048;40;R;1;4600003077;4859,71;590;590;4859,71;0;;C1;G;;;;;;;;;4500143335;ZF 1302603;X;19;;1007262    CENTROACO INDUSTRIA E COMERCIO DE A;2;;;;;30;90;;;;0;0;1007262    CENTROACO INDUSTRIA E CO;OA01;0;;590;0;0;0;0;5300031385;;;;;;UN;UN;0;0;0;4859,71;0;0
1;NB;F;A03;;16/01/2026;800352;ESTRIBO BRACO L-EST-01 FOFO 200DAN;MC12002;;;;CDFL;CUST;95;UN;8,24;BRL;1;95;46133;0;46115;0;0;0;0;10101048;240;R;1;4600003077;782,5;95;95;782,5;0;;C1;G;;;;;;;;;4500143335;ZF 1302603;X;19;;1007262    CENTROACO INDUSTRIA E COMERCIO DE A;2;;;;;210;100;;;;0;0;1007262    CENTROACO INDUSTRIA E CO;OA01;0;;95;0;0;0;0;5300027513;;;;;;UN;UN;0;0;0;782,5;0;0
1;NB;F;A03;;16/01/2026;800392;FIXADOR PERFIL U AC 150DAN 300DAN;MC10701;;;;CDFL;CUST;39;UN;18,5;BRL;1;39;46133;0;46115;0;0;0;0;10101048;270;R;1;4600003077;721,41;39;39;721,41;0;;C1;G;;;;;;;;;4500143335;ZF 1302603;X;19;;1007262    CENTROACO INDUSTRIA E COMERCIO DE A;2;;;;;240;110;;;;0;0;1007262    CENTROACO INDUSTRIA E CO;OA01;0;;39;0;0;0;0;5300026736;;;;;;UN;UN;0;0;0;721,41;0;0
1;NB;F;A03;;16/01/2026;404719;FIXADOR PERFIL U AC 150DAN 300DAN;MC10701;;;;CDFL;INVT;168;UN;18,5;BRL;1;168;46133;0;46115;0;0;0;0;10101048;70;R;1;4600003077;3107,6;168;168;3107,6;0;;C1;G;;;;;;;;;4500143335;ZF 1302603;X;19;;1007262    CENTROACO INDUSTRIA E COMERCIO DE A;2;;;;;60;120;;;;0;0;1007262    CENTROACO INDUSTRIA E CO;OA01;0;;168;0;0;0;0;5300026734;;;;;;UN;UN;0;0;0;3107,6;0;0
1;NB;F;A03;;16/01/2026;401844;PERFIL U PARA REDE COMPACTA;MC01206;;;;CDFL;INVT;200;UN;110,49;BRL;1;200;46133;0;46115;0;0;0;0;10101048;80;R;1;4600003077;22098,56;200;200;22098,56;0;;C1;G;;;;;;;;;4500143335;ZF 1302603;X;19;;1007262    CENTROACO INDUSTRIA E COMERCIO DE A;2;;;;;70;140;;;;0;0;1007262    CENTROACO INDUSTRIA E CO;OA01;0;;200;0;0;0;0;5300001391;;;;;;UN;UN;0;0;0;22098,56;0;0
1;NB;F;A03;;16/01/2026;801256;PERFIL U AC 76X900MM REDE COMPACTA;MC10701;;;;CDFL;CUST;87;UN;110,49;BRL;1;87;46133;0;46115;0;0;0;0;10101048;340;R;1;4600003077;9612,87;87;87;9612,87;0;;C1;G;;;;;;;;;4500143335;ZF 1302603;X;19;;1007262    CENTROACO INDUSTRIA E COMERCIO DE A;2;;;;;290;150;;;;0;0;1007262    CENTROACO INDUSTRIA E CO;OA01;0;;87;0;0;0;0;5300027514;;;;;;UN;UN;0;0;0;9612,87;0;0
1;NB;F;A03;;16/01/2026;803100;SUPORTE AFAST HORIZ C/PRENSA REDE 15KV;MC12002;;;;CDFL;CUST;26;UN;267,1;BRL;1;26;46133;0;46115;0;0;0;0;10101048;290;R;1;4600003077;6944,54;26;26;6944,54;0;;C1;G;;;;;;;;;4500143335;ZF 1302603;X;19;;1007262    CENTROACO INDUSTRIA E COMERCIO DE A;2;;;;;260;170;;;;0;0;1007262    CENTROACO INDUSTRIA E CO;OA01;0;;26;0;0;0;0;5300027161;;;;;;UN;UN;0;0;0;6944,54;0;0
1;NB;F;A03;;16/01/2026;402017;SUPORTE TRANSF POSTE DUP T AC 210X125MM;MC12002;;;;CDFL;INVT;38;UN;124,99;BRL;1;38;46133;0;46115;0;0;0;0;10101048;110;R;1;4600003077;4749,48;38;38;4749,48;0;;C1;G;;;;;;;;;4500143335;ZF 1302603;X;19;;1007262    CENTROACO INDUSTRIA E COMERCIO DE A;2;;;;;100;180;;;;0;0;1007262    CENTROACO INDUSTRIA E CO;OA01;0;;38;0;0;0;0;5300027510;;;;;;UN;UN;0;0;0;4749,48;0;0
1;NB;F;A03;;16/01/2026;801386;SUPORTE TRANSF POSTE DUP T AC 210X125MM;MC12002;;;;CDFL;CUST;15;UN;124,99;BRL;1;15;46133;0;46115;0;0;0;0;10101048;300;R;1;4600003077;1874,8;15;15;1874,8;0;;C1;G;;;;;;;;;4500143335;ZF 1302603;X;19;;1007262    CENTROACO INDUSTRIA E COMERCIO DE A;2;;;;;270;190;;;;0;0;1007262    CENTROACO INDUSTRIA E CO;OA01;0;;15;0;0;0;0;5300027515;;;;;;UN;UN;0;0;0;1874,8;0;0
1;NB;F;A03;;16/01/2026;401657;MAO FRANCESA BECO AC 2135MM 35MMX5MM;MC10701;;;;CDFL;INVT;33;UN;105;BRL;1;33;46115;0;46115;0;0;0;0;10101048;90;R;1;4600003077;3465,05;33;33;3465,05;0;;C1;G;;;;;;;;;4500143335;ZF 1302603;X;19;;1007262    CENTROACO INDUSTRIA E COMERCIO DE A;2;;;;;80;220;;;;0;0;1007262    CENTROACO INDUSTRIA E CO;OA01;0;;33;0;0;0;0;5300012588;;;;;;UN;UN;0;0;0;3465,05;0;0
1;NB;F;A03;;16/01/2026;800991;MAO FRANCESA BECO AC 2135MM 35MMX5MM;MC10701;;;;CDFL;CUST;134;UN;105;BRL;1;134;46133;0;46115;0;0;0;0;10101048;280;R;1;4600003077;14070,21;134;134;14070,21;0;;C1;G;;;;;;;;;4500143335;ZF 1302603;X;19;;1007262    CENTROACO INDUSTRIA E COMERCIO DE A;2;;;;;250;230;;;;0;0;1007262    CENTROACO INDUSTRIA E CO;OA01;0;;134;0;0;0;0;5300015017;;;;;;UN;UN;0;0;0;14070,21;0;0
1;NB;F;A03;;16/01/2026;402875;SUPORTE TIPO T PARA CHAVE/PARA-RAIO;MC12002;;;;CDFL;INVT;22;UN;76,34;BRL;1;22;46133;0;46115;0;0;0;0;10101048;190;R;1;4600003077;1679,48;22;22;1679,48;0;;C1;G;;;;;;;;;4500143335;ZF 1302603;X;19;;1007262    CENTROACO INDUSTRIA E COMERCIO DE A;2;;;;;170;240;;;;0;0;1007262    CENTROACO INDUSTRIA E CO;OA01;0;;22;0;0;0;0;5300030819;;;;;;UN;UN;0;0;0;1679,48;0;0
1;NB;F;A03;;13/02/2026;401435;ALCA PREFORM CA/CAA 2AWG 6/1P 2AWG 625MM;MC11001;;;;CDFL;INVT;3000;UN;3,29;BRL;1;3000;46126;0;46126;0;0;0;0;10099357;30;R;1;4600003028;9876,6;3000;3000;9876,6;0;;C1;G;;;;;;;;;4500146591;ZF 1302603;X;19;;1007593    MACLEAN POWER SYSTEMS DO BRASIL LTD;2;;;;;30;10;;;;0;0;1007593    MACLEAN POWER SYSTEMS DO;OA01;0;;3000;0;0;0;0;5300000384;;;;;;UN;UN;0;0;0;9876,6;0;0
1;NB;F;A03;;13/02/2026;800794;ALCA PREFORM CA/CAA 2AWG 6/1P 2AWG 625MM;MC11001;;;;CDFL;CUST;40;UN;3,29;BRL;1;40;46126;0;46126;0;0;0;0;10099357;20;R;1;4600003028;131,69;40;40;131,69;0;;C1;G;;;;;;;;;4500146591;ZF 1302603;X;19;;1007593    MACLEAN POWER SYSTEMS DO BRASIL LTD;2;;;;;20;20;;;;0;0;1007593    MACLEAN POWER SYSTEMS DO;OA01;0;;40;0;0;0;0;5300000449;;;;;;UN;UN;0;0;0;131,69;0;0
1;NB;F;A03;;13/02/2026;400366;ALCA PREFORM DIST 4/0 AWG 120MM2;MC11001;;;;CDFL;INVT;505;UN;10,51;BRL;1;505;46126;0;46126;0;0;0;0;10099357;60;R;1;4600003028;5307,04;505;505;5307,04;0;;C1;G;;;;;;;;;4500146591;ZF 1302603;X;19;;1007593    MACLEAN POWER SYSTEMS DO BRASIL LTD;2;;;;;60;30;;;;0;0;1007593    MACLEAN POWER SYSTEMS DO;OA01;0;;505;0;0;0;0;5300026294;;;;;;UN;UN;0;0;0;5307,04;0;0
1;NB;F;A03;;13/02/2026;801199;ALCA PREFORM DIST 4/0 AWG 120MM2;MC11001;;;;CDFL;CUST;493;UN;10,51;BRL;1;493;46126;0;46126;0;0;0;0;10099357;50;R;1;4600003028;5180,94;493;493;5180,94;0;;C1;G;;;;;;;;;4500146591;ZF 1302603;X;19;;1007593    MACLEAN POWER SYSTEMS DO BRASIL LTD;2;;;;;50;40;;;;0;0;1007593    MACLEAN POWER SYSTEMS DO;OA01;0;;493;0;0;0;0;5300026295;;;;;;UN;UN;0;0;0;5180,94;0;0
1;NB;F;A03;;13/02/2026;401753;ALCA PREFORM DIST CAA/CA 1/0AWG 50MM2;MC11001;;;;CDFL;INVT;1150;UN;4,82;BRL;1;1150;46126;0;46126;0;0;0;0;10099357;70;R;1;4600003028;5540,01;1150;1150;5540,01;0;;C1;G;;;;;;;;;4500146591;ZF 1302603;X;19;;1007593    MACLEAN POWER SYSTEMS DO BRASIL LTD;2;;;;;70;50;;;;0;0;1007593    MACLEAN POWER SYSTEMS DO;OA01;0;;1150;0;0;0;0;5300000385;;;;;;UN;UN;0;0;0;5540,01;0;0
1;NB;F;A03;;13/02/2026;400375;ALCA PREFORM DIST CAA/CA 2/0AWG 70MM2;MC11001;;;;CDFL;INVT;2000;UN;5,19;BRL;1;2000;46126;0;46126;0;0;0;0;10099357;100;R;1;4600003028;10378,8;2000;2000;10378,8;0;;C1;G;;;;;;;;;4500146591;ZF 1302603;X;19;;1007593    MACLEAN POWER SYSTEMS DO BRASIL LTD;2;;;;;100;60;;;;0;0;1007593    MACLEAN POWER SYSTEMS DO;OA01;0;;2000;0;0;0;0;5300000386;;;;;;UN;UN;0;0;0;10378,8;0;0
1;NB;F;A03;;13/02/2026;801272;ALCA PREFORM DIST 2AWG 33,63MM2 660MM;MC11001;;;;CDFL;CUST;639;UN;3,29;BRL;1;639;46126;0;46126;0;0;0;0;10099357;110;R;1;4600003028;2103,72;639;639;2103,72;0;;C1;G;;;;;;;;;4500146591;ZF 1302603;X;19;;1007593    MACLEAN POWER SYSTEMS DO BRASIL LTD;2;;;;;110;70;;;;0;0;1007593    MACLEAN POWER SYSTEMS DO;OA01;0;;639;0;0;0;0;5300031086;;;;;;UN;UN;0;0;0;2103,72;0;0
1;NB;F;A03;;13/02/2026;800808;ALCA PREFORM DIST CAA/CA 2/0AWG 70MM2;MC11001;;;;CDFL;CUST;1000;UN;5,19;BRL;1;1000;46126;0;46126;0;0;0;0;10099357;90;R;1;4600003028;5189,4;1000;1000;5189,4;0;;C1;G;;;;;;;;;4500146591;ZF 1302603;X;19;;1007593    MACLEAN POWER SYSTEMS DO BRASIL LTD;2;;;;;90;80;;;;0;0;1007593    MACLEAN POWER SYSTEMS DO;OA01;0;;1000;0;0;0;0;5300000451;;;;;;UN;UN;0;0;0;5189,4;0;0
1;NB;F;A03;;13/02/2026;403804;ALCA PREFORM 6,4MM 1/4P AM 635MM;MC11001;;;;CDFL;INVT;288;UN;4,19;BRL;1;288;46126;0;46126;0;0;0;0;10099357;140;R;1;4600003028;1205,28;288;288;1205,28;0;;C1;G;;;;;;;;;4500146591;ZF 1302603;X;19;;1007593    MACLEAN POWER SYSTEMS DO BRASIL LTD;2;;;;;140;90;;;;0;0;1007593    MACLEAN POWER SYSTEMS DO;OA01;0;;288;0;0;0;0;5300002159;;;;;;UN;UN;0;0;0;1205,28;0;0
1;NB;F;A03;;13/02/2026;802405;ALCA PREFORM 6,4MM 1/4P AM 635MM;MC11001;;;;CDFL;CUST;4209;UN;4,18;BRL;1;4209;46126;0;46126;0;0;0;0;10099357;150;R;1;4600003028;17614,66;4209;4209;17614,66;0;;C1;G;;;;;;;;;4500146591;ZF 1302603;X;19;;1007593    MACLEAN POWER SYSTEMS DO BRASIL LTD;2;;;;;150;100;;;;0;0;1007593    MACLEAN POWER SYSTEMS DO;OA01;0;;4209;0;0;0;0;5300031707;;;;;;UN;UN;0;0;0;17614,66;0;0
1;NB;F;A03;;13/02/2026;403830;ALCA PREFORM CABO CONC 3X50 + 50;MC11001;;;;CDFL;INVT;99;UN;10,41;BRL;170;99;46126;0;46126;0;0;0;0;10099357;160;R;1;4600003028;6,06;99;99;6,06;0;;C1;G;;;;;;;;;4500146591;ZF 1302603;X;19;;1007593    MACLEAN POWER SYSTEMS DO BRASIL LTD;2;;;;;160;110;;;;0;0;1007593    MACLEAN POWER SYSTEMS DO;OA01;0;;99;0;0;0;0;5300002756;;;;;;UN;UN;0;0;0;6,06;0;0
1;NB;F;A03;;13/02/2026;403593;ALCA PREFORM CABO CONC 3X70 + 50;MC11001;;;;CDFL;INVT;5;UN;11,72;BRL;1;5;46126;0;46126;0;0;0;0;10099357;170;R;1;4600003028;58,59;5;5;58,59;0;;C1;G;;;;;;;;;4500146591;ZF 1302603;X;19;;1007593    MACLEAN POWER SYSTEMS DO BRASIL LTD;2;;;;;170;120;;;;0;0;1007593    MACLEAN POWER SYSTEMS DO;OA01;0;;5;0;0;0;0;5300002755;;;;;;UN;UN;0;0;0;58,59;0;0
1;NB;F;A03;;13/02/2026;403647;ALCA PREFORM CABO CONC 3X95 +70;MC11001;;;;CDFL;INVT;6;UN;16,55;BRL;1;6;46126;0;46126;0;0;0;0;10099357;180;R;1;4600003028;99,32;6;6;99,32;0;;C1;G;;;;;;;;;4500146591;ZF 1302603;X;19;;1007593    MACLEAN POWER SYSTEMS DO BRASIL LTD;2;;;;;180;130;;;;0;0;1007593    MACLEAN POWER SYSTEMS DO;OA01;0;;6;0;0;0;0;5300002754;;;;;;UN;UN;0;0;0;99,32;0;0
1;NB;F;A03;;13/02/2026;400851;EMENDA PREF COND AL 2/0 AWG 1016MM;MC10401;;;;CDFL;INVT;1202;UN;18,32;BRL;1;1202;46126;0;46126;0;0;0;0;10099357;260;R;1;4600003028;22021,84;1202;1202;22021,84;0;;C1;G;;;;;;;;;4500146591;ZF 1302603;X;19;;1007593    MACLEAN POWER SYSTEMS DO BRASIL LTD;2;;;;;260;140;;;;0;0;1007593    MACLEAN POWER SYSTEMS DO;OA01;0;;1202;0;0;0;0;5300000388;;;;;;UN;UN;0;0;0;22021,84;0;0
1;NB;F;A03;;13/02/2026;800917;LACO PREF CA 2AWG PESC 57MM PURPURA;MC11001;;;;CDFL;CUST;1402;UN;2,56;BRL;1;1402;46126;0;46126;0;0;0;0;10099357;380;R;1;4600003028;3585,61;1402;1402;3585,61;0;;C1;G;;;;;;;;;4500146591;ZF 1302603;X;19;;1007593    MACLEAN POWER SYSTEMS DO BRASIL LTD;2;;;;;370;150;;;;0;0;1007593    MACLEAN POWER SYSTEMS DO;OA01;0;;1402;0;0;0;0;5300031085;;;;;;UN;UN;0;0;0;3585,61;0;0
1;NB;F;A13;;04/02/2026;402592;MED EL 3E 4F 120V 120A GD B;MC12501;;;;CDFL;INVT;1647;UN;122;BRL;1;1647;46135;0;46127;0;0;0;0;10122890;10;R;1;4600003228;200934;1647;1647;200934;0;;C0;G;;;;;;;;;4500145002;ZF 1302603;X;19;;1008595    WASION DA AMAZONIA INDUSTRIA DE INS;2;;;;;40;10;;;;0;0;1008595    WASION DA AMAZONIA INDUS;OA01;0;;1647;0;0;0;0;5300017385;;;;;;UN;UN;0;0;0;200934;0;0
1;ZCDR;F;A14;;25/02/2026;410213;TINTA SPRAY 400ML;MC03301;;;;CDFL;INVT;26;UN;21,06;BRL;1;26;46078;0;46078;0;26;0;0;10129539;20;R;1;;0;0;0;0;0;;C0;G;;;;;;;;;4500147577;ZF 1302603;X;15;;1008610    L J GUERRA E CIA LTDA;2;;;;;0;20;;;;0;0;1008610    L J GUERRA E CIA LTDA;OA01;0;;26;26;0;0;0;5300031853;;;;;;UN;UN;0;0;0;547,56;0;0
1;ZCDR;F;GAE;;11/03/2026;805521;MULTIMETRO DIGITAL FLUKE 15B+;MC10401;;;;CDFL;CUST;9;UN;902,48;BRL;1;9;46112;0;46112;0;0;0;0;10130479;10;R;1;;8122,32;9;9;8122,32;0;;C0;G;;;;;;;;;4500148663;ZF 1302603;X;15;;1008610    L J GUERRA E CIA LTDA;2;;;;;0;10;;;;0;0;1008610    L J GUERRA E CIA LTDA;OA01;0;;9;0;0;0;0;5300031971;;;;;;UN;UN;0;0;0;8122,32;0;0
1;ZCDR;F;GAE;;26/03/2026;403306;MARCADOR IND PLAS 60ML MET ESF 3MM AM;MC02301;;;;CDFL;INVT;120;UN;18,9;BRL;1;120;46203;0;46203;0;0;0;0;10132587;10;R;1;;2268;120;120;2268;0;;C0;G;;;;;;;;;4500150232;ZF 1302603;X;15;;1008610    L J GUERRA E CIA LTDA;2;;;;;0;10;;;;0;0;1008610    L J GUERRA E CIA LTDA;OA01;0;;120;0;0;0;0;5300032234;;;;;;UN;UN;0;0;0;2268;0;0
1;ZCDR;F;GAE;;26/03/2026;802178;MARCADOR IND PLAS 60ML MET ESF 3MM AM;MC02301;;;;CDFL;CUST;48;UN;18,9;BRL;1;48;46203;0;46203;0;0;0;0;10132587;20;R;1;;907,2;48;48;907,2;0;;C0;G;;;;;;;;;4500150232;ZF 1302603;X;15;;1008610    L J GUERRA E CIA LTDA;2;;;;;0;20;;;;0;0;1008610    L J GUERRA E CIA LTDA;OA01;0;;48;0;0;0;0;5300030342;;;;;;UN;UN;0;0;0;907,2;0;0
1;ZCDR;F;A14;;24/02/2026;410212;FITA AUTOADESIVA BLINDAGEM 10cmX10m;MC03701;;;;CDFL;INVT;82;UN;22,95;BRL;1;82;46203;0;46203;0;82;0;0;10129514;10;R;1;;0;0;0;0;0;;C0;G;;;;;;;;;4500147585;ZF 1302603;X;15;;1008630    CASA DO ELETRICISTA LTDA;2;;;;;0;10;;;;0;0;1008630    CASA DO ELETRICISTA LTDA;OA01;0;;82;82;0;0;0;5300031599;;;;;;UN;UN;0;0;0;1881,9;0;0
1;NB;F;A13;;26/03/2026;402105;CONECTOR AUTO PERF DU 70-240 / 70-240MM2;MC12002;;;;CDFL;INVT;4060;UN;51,15;BRL;1;4060;46122;0;46122;0;0;0;0;10132589;10;R;1;4600003561;207669;4060;4060;207669;0;;C1;G;;;;;;;;;4500150237;ZF 1302603;X;19;;1009313    ANDRA S A ELECTRIC SOLUTIONS;2;;;;;10;30;;;;0;0;1009313    ANDRA S A ELECTRIC SOLUT;OA01;0;;4060;0;0;0;0;5300013338;;;;;;UN;UN;0;0;0;207669;0;0
1;NB;F;A13;;26/03/2026;800872;CONECTOR AUTO PERF DU 70-240 / 70-240MM2;MC12002;;;;CDFL;CUST;2388;UN;51,15;BRL;1;2388;46122;0;46122;0;0;0;0;10132589;20;R;1;4600003561;122146,2;2388;2388;122146,2;0;;C1;G;;;;;;;;;4500150237;ZF 1302603;X;19;;1009313    ANDRA S A ELECTRIC SOLUTIONS;2;;;;;20;40;;;;0;0;1009313    ANDRA S A ELECTRIC SOLUT;OA01;0;;2388;0;0;0;0;5300013623;;;;;;UN;UN;0;0;0;122146,2;0;0
1;NB;F;A03;;22/01/2026;800105;MANILHA AC 16MM 80MM 22MM 13500DAN;MC12002;;;;CDFL;CUST;3;UN;57,44;BRL;1;3;46175;0;46139;0;0;0;0;10101094;50;R;1;4600003089;172,31;3;3;172,31;0;;C1;G;;;;;;;;;4500144206;ZF 1302603;X;19;;1009464    FISCHER INDUSTRIA MECANICA LTDA;2;;;;;50;10;;;;0;0;1009464    FISCHER INDUSTRIA MECANI;OA01;0;;3;0;0;0;0;5300030801;;;;;;UN;UN;0;0;0;172,31;0;0
1;NB;F;A03;;22/01/2026;401927;MANILHA SAPATILHA 5000DAN ETELB-054/2013;MC12002;;;;CDFL;INVT;1150;UN;19,24;BRL;1;1150;46175;0;46139;0;0;0;0;10101094;10;R;1;4600003089;22127,95;1150;1150;22127,95;0;;C1;G;;;;;;;;;4500144206;ZF 1302603;X;19;;1009464    FISCHER INDUSTRIA MECANICA LTDA;2;;;;;10;20;;;;0;0;1009464    FISCHER INDUSTRIA MECANI;OA01;0;;1150;0;0;0;0;5300026866;;;;;;UN;UN;0;0;0;22127,95;0;0
1;NB;F;A03;;22/01/2026;800496;MANILHA SAPATILHA 5000DAN ETELB-054/2013;MC12002;;;;CDFL;CUST;152;UN;19,24;BRL;1;152;46175;0;46139;0;0;0;0;10101094;30;R;1;4600003089;2924,74;152;152;2924,74;0;;C1;G;;;;;;;;;4500144206;ZF 1302603;X;19;;1009464    FISCHER INDUSTRIA MECANICA LTDA;2;;;;;30;30;;;;0;0;1009464    FISCHER INDUSTRIA MECANI;OA01;0;;152;0;0;0;0;5300027010;;;;;;UN;UN;0;0;0;2924,74;0;0
1;NB;F;A03;;22/01/2026;400164;MANILHA SAPATILHA 6800KGF;MC12002;;;;CDFL;INVT;1653;UN;19,73;BRL;1;1653;46175;0;46139;0;0;0;0;10101094;20;R;1;4600003089;32621,29;1653;1653;32621,29;0;;C1;G;;;;;;;;;4500144206;ZF 1302603;X;19;;1009464    FISCHER INDUSTRIA MECANICA LTDA;2;;;;;20;40;;;;0;0;1009464    FISCHER INDUSTRIA MECANI;OA01;0;;1653;0;0;0;0;5300026865;;;;;;UN;UN;0;0;0;32621,29;0;0
1;NB;F;A16;;06/03/2026;400937;MEDIDOR ELETR 2F 120V 15/120A 2EL BIDIRE;MC12501;;;;CDFL;INVT;3865;UN;80;BRL;1;3865;46181;0;46181;0;0;0;0;10105125;30;R;1;4600003232;309200;3865;3865;309200;0;;C1;G;;;;;;;;;4500148300;ZF 1302603;X;19;;1009535    NANSEN INSTRUMENTOS DE PRECISAO LTD;2;;;;;30;10;;;;0;0;1009535    NANSEN INSTRUMENTOS DE P;OA01;0;;3865;0;0;0;0;5300028010;;;;;;UN;UN;0;0;0;309200;0;0
1;NB;F;A16;;10/03/2026;402824;MED EL 1E 2F 120V 100A GD B;MC12501;;;;CDFL;INVT;11605;UN;48;BRL;1;11605;46181;0;46181;0;0;0;0;10105125;40;R;1;4600003232;557040;11605;11605;557040;0;;C1;G;;;;;;;;;4500148493;ZF 1302603;X;19;;1009535    NANSEN INSTRUMENTOS DE PRECISAO LTD;2;;;;;40;20;;;;0;0;1009535    NANSEN INSTRUMENTOS DE P;OA01;0;;11605;0;0;0;0;5300028009;;;;;;UN;UN;0;0;0;557040;0;0
1;NB;F;A16;;10/03/2026;400937;MED EL 2E 3F 120V 120A GD B;MC12501;;;;CDFL;INVT;4889;UN;80;BRL;1;4889;46181;0;46181;0;0;0;0;10105125;50;R;1;4600003232;391120;4889;4889;391120;0;;C1;G;;;;;;;;;4500148493;ZF 1302603;X;19;;1009535    NANSEN INSTRUMENTOS DE PRECISAO LTD;2;;;;;50;30;;;;0;0;1009535    NANSEN INSTRUMENTOS DE P;OA01;0;;4889;0;0;0;0;5300028010;;;;;;UN;UN;0;0;0;391120;0;0
1;NB;F;A03;;09/02/2026;805459;CONECTOR PERF 50-185MM2 15KV COM ESTRIBO;MC12002;;;;CDFL;CUST;3020;UN;131,12;BRL;1;3020;46107;0;46107;0;1000;0;0;10102697;30;R;1;4600002620;264862,4;2020;2020;264862,4;0;;C1;G;;;;;;;;;4500145288;ZF 1302603;X;19;;1009609    CROSSFOX COMERCIO DE CONDUTORES ELE;2;;;;;150;10;;;;0;0;1009609    CROSSFOX COMERCIO DE CON;OA01;0;;3020;1000;0;0;0;5300030393;;;;;;UN;UN;0;0;0;395982,4;0;0
1;NB;F;GAE;;09/02/2026;402105;CONECTOR AUTO PERF DU 70-240 / 70-240MM2;MC12002;;;;CDFL;INVT;500;UN;32,35;BRL;1;500;46104;0;46104;0;500;0;0;10094010;20;R;1;4600002620;0;0;0;0;0;;C1;G;;;;;;;;;4500145289;ZF 1302603;X;19;;1009609    CROSSFOX COMERCIO DE CONDUTORES ELE;2;;;;;90;10;;;;0;0;1009609    CROSSFOX COMERCIO DE CON;OA01;0;;500;500;0;0;0;5300013315;;;;;;UN;UN;0;0;0;16174,4;0;0
1;NB;F;GAE;;10/02/2026;400594;CABO DE AÇO REVESTIDOS DE COBRE 35MM²;MC00201;;;;CDFL;INVT;7635;KG;81,61;BRL;1;7635;46108;0;46108;0;0;0;0;10128390;10;R;1;4600002530;623073,26;7635;7635;623073,26;0;;C1;G;;;;;;;;;4500145747;ZF 1302603;X;19;;1009609    CROSSFOX COMERCIO DE CONDUTORES ELE;2;;;;;70;10;;;;0;0;1009609    CROSSFOX COMERCIO DE CON;OA01;0;;7635;0;0;0;0;5300004550;;;;;;KG;KG;0;0;0;623073,26;0;0
1;NB;F;GAE;;23/02/2026;803907;CABO DE AÇO REVESTIDOS DE COBRE 35MM²;MC00201;;;;CDFL;CUST;2000;KG;81,61;BRL;1;2000;46121;0;46022;0;0;0;0;10102786;10;R;1;;163215;2000;2000;163215;0;;C1;G;;;;;;;;;4500147515;ZF 1302603;X;19;;1009609    CROSSFOX COMERCIO DE CONDUTORES ELE;2;;;;;0;10;;;;0;0;1009609    CROSSFOX COMERCIO DE CON;OA01;0;;2000;0;0;0;0;5300017413;;;;;;KG;KG;0;0;0;163215;0;0
1;NB;F;A03;;24/02/2026;400906;HASTE ATERRAMENTO CI AC 14,3X2438MM;MC01208;;;;CDFL;INVT;3866;UN;85,19;BRL;1;3866;46121;0;46121;0;0;0;0;10052599;30;R;1;4600002234;329336,81;3866;3866;329336,81;0;;C1;G;;;;;;;;;4500147613;ZF 1302603;X;19;;1009609    CROSSFOX COMERCIO DE CONDUTORES ELE;2;;;;;50;10;;;;0;0;1009609    CROSSFOX COMERCIO DE CON;OA01;0;;3866;0;0;0;0;5300016038;;;;;;UN;UN;0;0;0;329336,81;0;0
1;NB;F;A01;;02/03/2026;401465;CONECTOR PERF AL 16-120MM2 / 16-120MM2;MC12002;;;;CDFL;INVT;25933;UN;9,77;BRL;1;25933;46147;0;46147;0;0;0;0;10130238;10;R;1;4600003514;253476,92;25933;25933;253476,92;0;;C1;G;;;;;;;;;4500147811;ZF 1302603;X;19;;1009904    TAF INDUSTRIA DE PLASTICOS LTDA;2;;;;;10;10;;;;0;0;1009904    TAF INDUSTRIA DE PLASTIC;OA01;0;;25933;0;0;0;0;5300032030;;;;;;UN;UN;0;0;0;253476,92;0;0
1;NB;F;A03;;22/01/2026;402296;GANCHO OLHAL AC 17MM 5000KGF;MC12002;;;;CDFL;INVT;4067;UN;10,17;BRL;1;4067;46151;0;46134;0;4067;0;0;10100422;70;R;1;4600003062;0;0;0;0;0;;C1;G;;;;;;;;;4500144303;ZF 1302603;X;19;;1010868    ONIX DISTRIBUIDORA DE PRODUTOS ELET;2;;;;;70;10;;;;0;0;1010868    ONIX DISTRIBUIDORA DE PR;OA01;0;;4067;4067;0;0;0;5300027525;;;;;;UN;UN;0;0;0;41378,47;0;0
1;NB;F;A03;;22/01/2026;801087;GANCHO OLHAL AC 17MM 5000KGF;MC12002;;;;CDFL;CUST;746;UN;10,17;BRL;1;746;46151;0;46134;0;746;0;0;10100422;20;R;1;4600003062;0;0;0;0;0;;C1;G;;;;;;;;;4500144303;ZF 1302603;X;19;;1010868    ONIX DISTRIBUIDORA DE PRODUTOS ELET;2;;;;;20;20;;;;0;0;1010868    ONIX DISTRIBUIDORA DE PR;OA01;0;;746;746;0;0;0;5300027526;;;;;;UN;UN;0;0;0;7589,95;0;0
1;NB;F;A03;;22/01/2026;801186;OLHAL PARAFUSO AC 16MM 5000DAN;MC10401;;;;CDFL;CUST;833;UN;13,07;BRL;1;833;46151;0;46134;0;833;0;0;10100422;30;R;1;4600003062;0;0;0;0;0;;C1;G;;;;;;;;;4500144303;ZF 1302603;X;19;;1010868    ONIX DISTRIBUIDORA DE PRODUTOS ELET;2;;;;;30;30;;;;0;0;1010868    ONIX DISTRIBUIDORA DE PR;OA01;0;;833;833;0;0;0;5300031404;;;;;;UN;UN;0;0;0;10884,39;0;0
1;NB;F;A03;;22/01/2026;401264;PINO ISOLADOR AC 25X294X19MM;MC10902;;;;CDFL;INVT;1356;UN;21,44;BRL;1;1356;46151;0;46134;0;1356;0;0;10100422;90;R;1;4600003062;0;0;0;0;0;;C1;G;;;;;;;;;4500144303;ZF 1302603;X;19;;1010868    ONIX DISTRIBUIDORA DE PRODUTOS ELET;2;;;;;90;40;;;;0;0;1010868    ONIX DISTRIBUIDORA DE PR;OA01;0;;1356;1356;0;0;0;5300028237;;;;;;UN;UN;0;0;0;29067,89;0;0
1;NB;F;A01;;22/01/2026;400140;ISOLADOR RODL PORC 15KV 81X47MM 1350DAN;MC10902;;;;CDFL;INVT;3500;UN;7,06;BRL;1;3500;46136;0;46125;0;3500;0;0;10100930;40;R;1;4600003074;0;0;0;0;0;;C1;G;;;;;;;;;4500144468;ZF 1302603;X;19;;1010868    ONIX DISTRIBUIDORA DE PRODUTOS ELET;2;;;;;40;20;;;;0;0;1010868    ONIX DISTRIBUIDORA DE PR;OA01;0;;3500;3500;0;0;0;5300026775;;;;;;UN;UN;0;0;0;24705,45;0;0
1;NB;F;A01;;22/01/2026;400111;ISOLADOR CAST PORC 13,8KV 90MM 3400DAN;MC10902;;;;CDFL;INVT;131;UN;11,09;BRL;1;131;46136;0;46125;0;131;0;0;10100930;30;R;1;4600003074;0;0;0;0;0;;C1;G;;;;;;;;;4500144468;ZF 1302603;X;19;;1010868    ONIX DISTRIBUIDORA DE PRODUTOS ELET;2;;;;;30;30;;;;0;0;1010868    ONIX DISTRIBUIDORA DE PR;OA01;0;;131;131;0;0;0;5300006644;;;;;;UN;UN;0;0;0;1452,21;0;0
1;NB;F;A03;;26/01/2026;400968;POSTE FIBRA VIDRO 11M 200DAN;MC12001;;;;CDFL;INVT;50;UN;1674,93;BRL;1;50;46058;0;46058;0;50;0;0;10111761;30;R;1;4600002545;0;0;0;0;0;;CA;G;;;;;;;;;4500144675;ZF 1302603;X;19;;1011711    POOL ENGENHARIA, SERVICO, INDUSTRIA;2;;;;;140;10;;;;0;0;1011711    POOL ENGENHARIA, SERVICO;OA01;0;;50;50;0;0;0;5300013243;;;;;;UN;UN;0;0;0;83746,5;0;0
1;NB;F;A03;;26/01/2026;400968;POSTE FIBRA VIDRO 11M 200DAN;MC12001;;;;CDFL;INVT;50;UN;1674,93;BRL;1;50;46068;0;46068;0;50;0;0;10111761;30;R;1;4600002545;0;0;0;0;0;;CA;G;;;;;;;;;4500144675;ZF 1302603;X;19;;1011711    POOL ENGENHARIA, SERVICO, INDUSTRIA;2;;;;;140;30;;;;0;0;1011711    POOL ENGENHARIA, SERVICO;OA01;0;;50;50;0;0;0;5300013243;;;;;;UN;UN;0;0;0;83746,5;0;0
1;NB;F;GAE;;20/02/2026;400216;POSTE FIBRA VIDRO 9M 200DAN;MC12001;;;;CDFL;INVT;3;UN;1381,49;BRL;1;3;46083;0;46083;0;3;0;0;10128267;10;R;1;4600003492;0;0;0;0;0;;CA;G;;;;;;;;;4500147049;ZF 1302603;X;19;;1011711    POOL ENGENHARIA, SERVICO, INDUSTRIA;2;;;;;10;10;;;;0;0;1011711    POOL ENGENHARIA, SERVICO;OA01;0;;3;3;0;0;0;5300010117;;;;;;UN;UN;0;0;0;4144,46;0;0
1;NB;F;GAE;;20/02/2026;400221;POSTE FIBRA VIDRO E-CR 11M 300DAN;MC12001;;;;CDFL;INVT;100;UN;1999,5;BRL;1;100;46083;0;46083;0;100;0;0;10128267;20;R;1;4600003492;0;0;0;0;0;;CA;G;;;;;;;;;4500147049;ZF 1302603;X;19;;1011711    POOL ENGENHARIA, SERVICO, INDUSTRIA;2;;;;;20;20;;;;0;0;1011711    POOL ENGENHARIA, SERVICO;OA01;0;;100;100;0;0;0;5300012216;;;;;;UN;UN;0;0;0;199950;0;0
1;NB;F;GAE;;20/02/2026;401360;POSTE FIBRA VIDRO E-CR 9M 300DAN;MC12001;;;;CDFL;INVT;124;UN;1551,36;BRL;1;124;46083;0;46083;0;124;0;0;10128267;30;R;1;4600003492;0;0;0;0;0;;CA;G;;;;;;;;;4500147049;ZF 1302603;X;19;;1011711    POOL ENGENHARIA, SERVICO, INDUSTRIA;2;;;;;30;30;;;;0;0;1011711    POOL ENGENHARIA, SERVICO;OA01;0;;124;124;0;0;0;5300010118;;;;;;UN;UN;0;0;0;192368,75;0;0
1;NB;F;GAE;;16/03/2026;401360;POSTE FIBRA VIDRO E-CR 9M 300DAN;MC12001;;;;CDFL;INVT;100;UN;1551,36;BRL;1;100;46104;0;46104;0;100;0;0;10128267;30;R;1;4600003492;0;0;0;0;0;;CA;G;;;;;;;;;4500149689;ZF 1302603;X;19;;1011711    POOL ENGENHARIA, SERVICO, INDUSTRIA;2;;;;;30;10;;;;0;0;1011711    POOL ENGENHARIA, SERVICO;OA01;0;;100;100;0;0;0;5300010118;;;;;;UN;UN;0;0;0;155136,09;0;0
1;NB;F;A03;;22/01/2026;403675;ALCA PREFORM CABO CONC  3X25 + 25;MC11001;;;;CDFL;INVT;600;UN;12,88;BRL;1;600;46119;0;46119;0;0;0;0;10099358;20;R;1;4600003029;7728,3;600;600;7728,3;0;;C1;G;;;;;;;;;4500144262;ZF 1302603;X;19;;1011918    STEEL LOOP INDUSTRIAL DO BRASIL LTD;2;;;;;20;20;;;;0;0;1011918    STEEL LOOP INDUSTRIAL DO;OA01;0;;600;0;0;0;0;5300023581;;;;;;UN;UN;0;0;0;7728,3;0;0
1;NB;F;A03;;22/01/2026;403580;ALCA PREFORM CABO CONC 3X35 + 35;MC11001;;;;CDFL;INVT;700;UN;13,49;BRL;1;700;46119;0;46119;0;0;0;0;10099358;30;R;1;4600003029;9439,5;700;700;9439,5;0;;C1;G;;;;;;;;;4500144262;ZF 1302603;X;19;;1011918    STEEL LOOP INDUSTRIAL DO BRASIL LTD;2;;;;;30;30;;;;0;0;1011918    STEEL LOOP INDUSTRIAL DO;OA01;0;;700;0;0;0;0;5300022853;;;;;;UN;UN;0;0;0;9439,5;0;0
1;NB;F;A03;;19/02/2026;403675;ALCA PREFORM CABO CONC  3X25 + 25;MC11001;;;;CDFL;INVT;5959;UN;12,88;BRL;1;5959;46132;0;46132;0;0;0;0;10099358;20;R;1;4600003029;76754,9;5959;5959;76754,9;0;;C1;G;;;;;;;;;4500146810;ZF 1302603;X;19;;1011918    STEEL LOOP INDUSTRIAL DO BRASIL LTD;2;;;;;20;10;;;;0;0;1011918    STEEL LOOP INDUSTRIAL DO;OA01;0;;5959;0;0;0;0;5300023581;;;;;;UN;UN;0;0;0;76754,9;0;0
1;NB;F;A03;;19/02/2026;403580;ALCA PREFORM CABO CONC 3X35 + 35;MC11001;;;;CDFL;INVT;721;UN;13,48;BRL;1;721;46132;0;46132;0;0;0;0;10099358;30;R;1;4600003029;9722,68;721;721;9722,68;0;;C1;G;;;;;;;;;4500146810;ZF 1302603;X;19;;1011918    STEEL LOOP INDUSTRIAL DO BRASIL LTD;2;;;;;30;20;;;;0;0;1011918    STEEL LOOP INDUSTRIAL DO;OA01;0;;721;0;0;0;0;5300022853;;;;;;UN;UN;0;0;0;9722,68;0;0
1;NB;F;A03;;06/02/2026;403390;PRENSA CABO PVC 1P;MC10701;;;;CDFL;INVT;3938;UN;6,99;BRL;1;3938;46111;0;46111;0;0;0;0;10104820;10;R;1;4600003179;27540,8;3938;3938;27540,8;0;;C1;G;;;;;;;;;4500145246;ZF 1302603;X;19;;1012258    G.O. CARDOSO INDUSTRIA E COMERCIO D;2;;;;;10;10;;;;0;0;1012258    G.O. CARDOSO INDUSTRIA E;OA01;0;;3938;0;0;0;0;5300029833;;;;;;UN;UN;0;0;0;27540,8;0;0
1;NB;F;GAE;;27/02/2026;403579;CABO AL CONCENTRICO 3F 3X35+35MM2;MC10101;;;;CDFL;INVT;30000;M;27,82;BRL;1;30000;46101;0;46101;0;0;0;0;;0;R;1;;834489;30000;30000;834489;0;;C1;;;;;;;;;;4500147721;ZF 1302603;;;;1012258    G.O. CARDOSO INDUSTRIA E COMERCIO D;;;;X;;0;10;;;;0;0;1012258    G.O. CARDOSO INDUSTRIA E;OA01;0;;30000;0;0;0;0;;;;;;;M;M;0;0;0;834489;0;0
1;NB;F;GAE;;27/02/2026;403579;CABO AL CONCENTRICO 3F 3X35+35MM2;MC10101;;;;CDFL;INVT;30000;M;27,82;BRL;1;30000;46122;0;46122;0;0;0;0;;0;R;1;;834489;30000;30000;834489;0;;C1;;;;;;;;;;4500147721;ZF 1302603;;;;1012258    G.O. CARDOSO INDUSTRIA E COMERCIO D;;;;X;;0;20;;;;0;0;1012258    G.O. CARDOSO INDUSTRIA E;OA01;0;;30000;0;0;0;0;;;;;;;M;M;0;0;0;834489;0;0
1;NB;F;GAE;;27/02/2026;403579;CABO AL CONCENTRICO 3F 3X35+35MM2;MC10101;;;;CDFL;INVT;40000;M;27,82;BRL;1;40000;46152;0;46152;0;0;0;0;;0;R;1;;1112652;40000;40000;1112652;0;;C1;;;;;;;;;;4500147721;ZF 1302603;;;;1012258    G.O. CARDOSO INDUSTRIA E COMERCIO D;;;;X;;0;30;;;;0;0;1012258    G.O. CARDOSO INDUSTRIA E;OA01;0;;40000;0;0;0;0;;;;;;;M;M;0;0;0;1112652;0;0
1;NB;F;GAE;;27/02/2026;403579;CABO AL CONCENTRICO 3F 3X35+35MM2;MC10101;;;;CDFL;INVT;45409;M;27,82;BRL;1;45409;46183;0;46183;0;0;0;0;;0;R;1;;1263110,37;45409;45409;1263110,37;0;;C1;;;;;;;;;;4500147721;ZF 1302603;;;;1012258    G.O. CARDOSO INDUSTRIA E COMERCIO D;;;;X;;0;40;;;;0;0;1012258    G.O. CARDOSO INDUSTRIA E;OA01;0;;45409;0;0;0;0;;;;;;;M;M;0;0;0;1263110,37;0;0
1;NB;F;GAE;;27/02/2026;804632;CABO AL CONCENTRICO 2F 2X10+10MM2;MC10101;;;;CDFL;CUST;1000;M;8,01;BRL;1;1000;46101;0;46101;0;0;0;0;;0;R;1;;8007,3;1000;1000;8007,3;0;;C1;;;;;;;;;;4500147721;ZF 1302603;;;;1012258    G.O. CARDOSO INDUSTRIA E COMERCIO D;;;;X;;0;50;;;;0;0;1012258    G.O. CARDOSO INDUSTRIA E;OA01;0;;1000;0;0;0;0;;;;;;;M;M;0;0;0;8007,3;0;0
1;NB;F;GAE;;27/02/2026;804633;CABO AL CONCENTRICO 2F 2X16+16MM2;MC10101;;;;CDFL;CUST;1000;M;11,32;BRL;1;1000;46101;0;46101;0;0;0;0;;0;R;1;;11318,1;1000;1000;11318,1;0;;C1;;;;;;;;;;4500147721;ZF 1302603;;;;1012258    G.O. CARDOSO INDUSTRIA E COMERCIO D;;;;X;;0;60;;;;0;0;1012258    G.O. CARDOSO INDUSTRIA E;OA01;0;;1000;0;0;0;0;;;;;;;M;M;0;0;0;11318,1;0;0
1;NB;F;GAE;;27/02/2026;804642;CABO AL CONCENTRICO 3F 3X35+35MM2;MC10101;;;;CDFL;CUST;1000;M;27,82;BRL;1;1000;46101;0;46101;0;0;0;0;;0;R;1;;27816,3;1000;1000;27816,3;0;;C1;;;;;;;;;;4500147721;ZF 1302603;;;;1012258    G.O. CARDOSO INDUSTRIA E COMERCIO D;;;;X;;0;70;;;;0;0;1012258    G.O. CARDOSO INDUSTRIA E;OA01;0;;1000;0;0;0;0;;;;;;;M;M;0;0;0;27816,3;0;0
1;NB;F;GAE;;03/03/2026;407096;PROTETOR P/ CABO BT PVC COMP 2000MM;MC01204;;;;CDFL;INVT;6882;PEÇ;183,78;BRL;1;6882;46101;0;46101;0;0;0;0;10129003;20;R;1;4600003502;1264755,38;6882;0;0;0;;C1;G;;;;;;;;;4500147864;ZF 1302603;X;19;;1012258    G.O. CARDOSO INDUSTRIA E COMERCIO D;2;;;;;10;10;;;;0;0;1012258    G.O. CARDOSO INDUSTRIA E;OA01;0;;6882;0;0;0;0;5300014040;;;;;;PEÇ;PEÇ;0;0;0;1264755,38;0;0
1;NB;F;GAE;;03/03/2026;407094;SEALTUBO 1.1/2 FLEX ESP. AÇO CAPA PVC;MC03501;;;;CDFL;INVT;3330;M;59,91;BRL;1;3330;46101;0;46101;0;0;0;0;10130292;10;R;1;4600003502;199502,3;3330;3330;199502,3;0;;C1;G;;;;;;;;;4500147864;ZF 1302603;X;19;;1012258    G.O. CARDOSO INDUSTRIA E COMERCIO D;2;;;;;20;20;;;;0;0;1012258    G.O. CARDOSO INDUSTRIA E;OA01;0;;3330;0;0;0;0;5300014038;;;;;;UN;M;0;0;0;199502,3;0;0
1;NB;F;GAE;;02/03/2026;404161;"CONJ MEDICAO 15KV; 70:1; 15-5A; USO EXT";MC22104;;;;CDFL;INVT;27;UN;30500;BRL;1;27;46208;0;46208;0;0;0;0;10128020;10;R;1;4600003141;823500;27;27;823500;0;;C0;G;;;;;;;;;4500144981;ZF 1302603;X;19;;1012848    SERTA TRANSFORMADORES IND. COM. IMP;2;;;;;220;110;;;;0;0;1012848    SERTA TRANSFORMADORES IN;OA01;0;;27;0;0;0;0;5300017427;;;;;;UN;UN;0;0;0;823500;0;0
1;NB;F;GAE;;02/03/2026;404164;"CONJ MEDICAO 15KV; 70:1; 30-5A; USO EXT";MC22104;;;;CDFL;INVT;9;UN;30500;BRL;1;9;46208;0;46208;0;0;0;0;10128020;20;R;1;4600003141;274500;9;9;274500;0;;C0;G;;;;;;;;;4500144981;ZF 1302603;X;19;;1012848    SERTA TRANSFORMADORES IND. COM. IMP;2;;;;;230;120;;;;0;0;1012848    SERTA TRANSFORMADORES IN;OA01;0;;9;0;0;0;0;5300017429;;;;;;UN;UN;0;0;0;274500;0;0
1;NB;F;GAE;;02/03/2026;404169;"CONJ MEDICAO 15KV; 70:1; 150-5A; USO EXT";MC22104;;;;CDFL;INVT;10;UN;30500;BRL;1;10;46208;0;46208;0;0;0;0;10128020;30;R;1;4600003141;305000;10;10;305000;0;;C0;G;;;;;;;;;4500144981;ZF 1302603;X;19;;1012848    SERTA TRANSFORMADORES IND. COM. IMP;2;;;;;240;130;;;;0;0;1012848    SERTA TRANSFORMADORES IN;OA01;0;;10;0;0;0;0;5300017433;;;;;;UN;UN;0;0;0;305000;0;0
1;NB;F;GAE;;02/03/2026;404170;"CONJ MEDICAO 15KV; 70:1; 200-5A; USO EXT";MC22104;;;;CDFL;INVT;4;UN;30500;BRL;1;4;46208;0;46208;0;0;0;0;10128020;40;R;1;4600003141;122000;4;4;122000;0;;C0;G;;;;;;;;;4500144981;ZF 1302603;X;19;;1012848    SERTA TRANSFORMADORES IND. COM. IMP;2;;;;;250;140;;;;0;0;1012848    SERTA TRANSFORMADORES IN;OA01;0;;4;0;0;0;0;5300017434;;;;;;UN;UN;0;0;0;122000;0;0
1;NB;F;GAE;;02/03/2026;404171;"CONJ MEDICAO 15KV; 70:1; 300-5A; USO EXT";MC22104;;;;CDFL;INVT;2;UN;32000;BRL;1;2;46208;0;46208;0;0;0;0;10128020;50;R;1;4600003141;64000;2;2;64000;0;;C0;G;;;;;;;;;4500144981;ZF 1302603;X;19;;1012848    SERTA TRANSFORMADORES IND. COM. IMP;2;;;;;260;150;;;;0;0;1012848    SERTA TRANSFORMADORES IN;OA01;0;;2;0;0;0;0;5300028438;;;;;;UN;UN;0;0;0;64000;0;0
1;NB;F;GAE;;02/03/2026;404172;"CONJ MEDICAO 15KV; 70:1; 100-5A; USO EXT";MC22104;;;;CDFL;INVT;11;UN;30500;BRL;1;11;46208;0;46208;0;0;0;0;10128020;60;R;1;4600003141;335500;11;11;335500;0;;C0;G;;;;;;;;;4500144981;ZF 1302603;X;19;;1012848    SERTA TRANSFORMADORES IND. COM. IMP;2;;;;;270;160;;;;0;0;1012848    SERTA TRANSFORMADORES IN;OA01;0;;11;0;0;0;0;5300017435;;;;;;UN;UN;0;0;0;335500;0;0
1;NB;F;GAE;;02/03/2026;404159;"CONJ MEDICAO 15KV; 70:1; 5-5A; USO EXT";MC22104;;;;CDFL;INVT;45;UN;30500;BRL;1;45;46208;0;46208;0;0;0;0;10128020;70;R;1;4600003141;1372500;45;45;1372500;0;;C0;G;;;;;;;;;4500144981;ZF 1302603;X;19;;1012848    SERTA TRANSFORMADORES IND. COM. IMP;2;;;;;280;170;;;;0;0;1012848    SERTA TRANSFORMADORES IN;OA01;0;;45;0;0;0;0;5300017436;;;;;;UN;UN;0;0;0;1372500;0;0
1;NB;F;GAE;;02/03/2026;404160;"CONJ MEDICAO 15KV; 70:1; 10-5A; USO EXT";MC22104;;;;CDFL;INVT;43;UN;30500;BRL;1;43;46208;0;46208;0;0;0;0;10128020;80;R;1;4600003141;1311500;43;43;1311500;0;;C0;G;;;;;;;;;4500144981;ZF 1302603;X;19;;1012848    SERTA TRANSFORMADORES IND. COM. IMP;2;;;;;290;180;;;;0;0;1012848    SERTA TRANSFORMADORES IN;OA01;0;;43;0;0;0;0;5300017437;;;;;;UN;UN;0;0;0;1311500;0;0
1;NB;F;GAE;;02/03/2026;404166;"CONJ MEDICAO 15KV; 70:1; 50-5A; USO EXT";MC22104;;;;CDFL;INVT;15;UN;30500;BRL;1;15;46208;0;46208;0;0;0;0;10128020;90;R;1;4600003141;457500;15;15;457500;0;;C0;G;;;;;;;;;4500144981;ZF 1302603;X;19;;1012848    SERTA TRANSFORMADORES IND. COM. IMP;2;;;;;300;190;;;;0;0;1012848    SERTA TRANSFORMADORES IN;OA01;0;;15;0;0;0;0;5300017431;;;;;;UN;UN;0;0;0;457500;0;0
1;NB;F;GAE;;02/03/2026;404167;"CONJ MEDICAO 15KV; 70:1; 75-5A; USO EXT";MC22104;;;;CDFL;INVT;20;UN;30500;BRL;1;20;46208;0;46208;0;0;0;0;10128020;100;R;1;4600003141;610000;20;20;610000;0;;C0;G;;;;;;;;;4500144981;ZF 1302603;X;19;;1012848    SERTA TRANSFORMADORES IND. COM. IMP;2;;;;;310;200;;;;0;0;1012848    SERTA TRANSFORMADORES IN;OA01;0;;20;0;0;0;0;5300017432;;;;;;UN;UN;0;0;0;610000;0;0
1;NB;F;GAE;;02/03/2026;404162;"CONJ MEDICAO 15KV; 70:1; 20-5A; USO EXT";MC22104;;;;CDFL;INVT;24;UN;30500;BRL;1;24;46208;0;46208;0;0;0;0;10128020;110;R;1;4600003141;732000;24;24;732000;0;;C0;G;;;;;;;;;4500144981;ZF 1302603;X;19;;1012848    SERTA TRANSFORMADORES IND. COM. IMP;2;;;;;320;210;;;;0;0;1012848    SERTA TRANSFORMADORES IN;OA01;0;;24;0;0;0;0;5300017428;;;;;;UN;UN;0;0;0;732000;0;0
1;NB;F;GAE;;20/02/2026;410177;ABRACADEIRA AÇO INOX 304 – 362X7,90MM;MC02901;;;;CDFL;INVT;6400;UN;1,72;BRL;1;6400;46093;0;46093;0;6400;0;0;10128879;10;R;1;4600003494;0;0;0;0;0;;C1;G;;;;;;;;;4500147200;ZF 1302603;X;19;;1012974    FRONTEC INDUSTRIA DE COMPONENTES DE;2;;;;;10;10;;;;0;0;1012974    FRONTEC INDUSTRIA DE COM;OA01;0;;6400;6400;0;0;0;5300031735;;;;;;UN;UN;0;0;0;11011,2;0;0
1;NB;F;GAE;;26/02/2026;410177;ABRACADEIRA AÇO INOX 304 – 362X7,90MM;MC02901;;;;CDFL;INVT;6800;UN;1,72;BRL;1;6800;46099;0;46099;0;6800;0;0;10128879;10;R;1;4600003494;0;0;0;0;0;;C1;G;;;;;;;;;4500147679;ZF 1302603;X;19;;1012974    FRONTEC INDUSTRIA DE COMPONENTES DE;2;;;;;10;10;;;;0;0;1012974    FRONTEC INDUSTRIA DE COM;OA01;0;;6800;6800;0;0;0;5300031735;;;;;;UN;UN;0;0;0;11699,4;0;0
1;NB;F;GAE;;26/02/2026;403602;ABRACADEIRA PLAS UV 525X8,90MM TRI;MC02901;;;;CDFL;INVT;40000;UN;0,99;BRL;1;40000;46087;0;46087;0;40000;0;0;10130299;10;R;1;4600003165;0;0;0;0;0;;C1;G;;;;;;;;;4500147685;ZF 1302603;X;19;;1012974    FRONTEC INDUSTRIA DE COMPONENTES DE;2;;;;;100;10;;;;0;0;1012974    FRONTEC INDUSTRIA DE COM;OA01;0;;40000;40000;0;0;0;5300027310;;;;;;UN;UN;0;0;0;39432;0;0
1;NB;F;GAE;;26/02/2026;403499;ABRACADEIRA PLAS 300 X 4,80MM;MC02901;;;;CDFL;INVT;55500;UN;0,15;BRL;1;55500;46087;0;46087;0;55500;0;0;10130299;20;R;1;4600003165;0;0;0;0;0;;C1;G;;;;;;;;;4500147685;ZF 1302603;X;19;;1012974    FRONTEC INDUSTRIA DE COMPONENTES DE;2;;;;;110;20;;;;0;0;1012974    FRONTEC INDUSTRIA DE COM;OA01;0;;55500;55500;0;0;0;5300011971;;;;;;UN;UN;0;0;0;8258,4;0;0
1;NB;F;GAE;;26/02/2026;803129;ABRACADEIRA NYLON 5MMX300MM;MC02901;;;;CDFL;CUST;400;UN;0,33;BRL;1;400;46087;0;46087;0;400;0;0;10130299;30;R;1;4600003165;0;0;0;0;0;;C1;G;;;;;;;;;4500147685;ZF 1302603;X;19;;1012974    FRONTEC INDUSTRIA DE COMPONENTES DE;2;;;;;120;30;;;;0;0;1012974    FRONTEC INDUSTRIA DE COM;OA01;0;;400;400;0;0;0;5300027307;;;;;;UN;UN;0;0;0;133,92;0;0
1;NB;F;GAE;;06/03/2026;410177;ABRACADEIRA AÇO INOX 304 – 362X7,90MM;MC02901;;;;CDFL;INVT;23296;UN;1,72;BRL;1;23296;46107;0;46107;0;10000;0;0;10128879;10;R;1;4600003494;22875,77;13296;13296;22875,77;0;;C1;G;;;;;;;;;4500148303;ZF 1302603;X;19;;1012974    FRONTEC INDUSTRIA DE COMPONENTES DE;2;;;;;10;10;;;;0;0;1012974    FRONTEC INDUSTRIA DE COM;OA01;0;;23296;10000;0;0;0;5300031735;;;;;;UN;UN;0;0;0;40080,77;0;0
1;NB;F;A13;;23/03/2026;403499;ABRACADEIRA PLAS 300 X 4,80MM;MC02901;;;;CDFL;INVT;210400;UN;0,15;BRL;1;210400;46111;0;46111;0;0;0;0;10131720;10;R;1;;31307,52;210400;210400;31307,52;0;;C1;G;;;;;;;;;4500150121;ZF 1302603;X;19;;1012974    FRONTEC INDUSTRIA DE COMPONENTES DE;2;;;;;0;10;;;;0;0;1012974    FRONTEC INDUSTRIA DE COM;OA01;0;;210400;0;0;0;0;5300011971;;;;;;UN;UN;0;0;0;31307,52;0;0
1;NB;F;A13;;23/03/2026;403602;ABRACADEIRA PLAS UV 525X8,90MM TRI;MC02901;;;;CDFL;INVT;113300;UN;0,49;BRL;1;113300;46111;0;46111;0;0;0;0;10131720;20;R;1;;55845,57;113300;113300;55845,57;0;;C1;G;;;;;;;;;4500150121;ZF 1302603;X;19;;1012974    FRONTEC INDUSTRIA DE COMPONENTES DE;2;;;;;0;20;;;;0;0;1012974    FRONTEC INDUSTRIA DE COM;OA01;0;;113300;0;0;0;0;5300027310;;;;;;UN;UN;0;0;0;55845,57;0;0
1;NB;F;GAE;;20/02/2026;408995;GRAMPO ANCOR UNIVERSAL 35MM2 A 185MM2;MC12002;;;;CDFL;INVT;1138;UN;20,41;BRL;1;1138;46118;0;46118;0;0;0;0;10128117;10;R;1;;23230,56;1138;1138;23230,56;0;;C1;G;;;;;;;;;4500147281;ZF 1302603;X;19;;1013036    ISOPOWER INDUSTRIA E COMERCIO DE PR;2;;;;;0;10;;;;0;0;1013036    ISOPOWER INDUSTRIA E COM;OA01;0;;1138;0;0;0;0;5300021072;;;;;;UN;UN;0;0;0;23230,56;0;0
1;NB;F;A03;;03/03/2026;403804;ALCA PREFORM 6,4MM 1/4P AM 635MM;MC11001;;;;CDFL;INVT;1300;UN;5,49;BRL;1;1300;46145;0;46124;0;0;0;0;10129046;20;R;1;4600003500;7133,1;1300;1300;7133,1;0;;C1;G;;;;;;;;;4500148066;ZF 1302603;X;19;;1013808    PREFORMAX DO BRASIL LTDA;2;;;;;10;10;;;;0;0;1013808    PREFORMAX DO BRASIL LTDA;OA01;0;;1300;0;0;0;0;5300017313;;;;;;UN;UN;0;0;0;7133,1;0;0
1;NB;F;A03;;04/03/2026;400359;ALCA PREFORM ESTAI 3/8P 9,5MM 889MM;MC11001;;;;CDFL;INVT;963;UN;16,09;BRL;1;963;46125;0;46125;0;0;0;0;10130250;10;R;1;4600003517;15493,71;963;963;15493,71;0;;C1;G;;;;;;;;;4500148096;ZF 1302603;X;19;;1013808    PREFORMAX DO BRASIL LTDA;2;;;;;20;10;;;;0;0;1013808    PREFORMAX DO BRASIL LTDA;OA01;0;;963;0;0;0;0;5300031922;;;;;;UN;UN;0;0;0;15493,71;0;0
1;NB;F;A03;;04/03/2026;403647;ALCA PREFORM CABO CONC 3X95 +70;MC11001;;;;CDFL;INVT;6930;UN;31,89;BRL;1;6930;46125;0;46125;0;0;0;0;10130250;30;R;1;4600003517;220995,62;6930;6930;220995,62;0;;C1;G;;;;;;;;;4500148096;ZF 1302603;X;19;;1013808    PREFORMAX DO BRASIL LTDA;2;;;;;40;30;;;;0;0;1013808    PREFORMAX DO BRASIL LTDA;OA01;0;;6930;0;0;0;0;5300031923;;;;;;UN;UN;0;0;0;220995,62;0;0
1;NB;F;A03;;04/03/2026;410047;ALCA PREFORM CABO CONC  2X25 + 25;MC11001;;;;CDFL;INVT;6234;UN;7,33;BRL;1;6234;46125;0;46125;0;0;0;0;10130250;40;R;1;4600003517;45685,25;6234;6234;45685,25;0;;C1;G;;;;;;;;;4500148096;ZF 1302603;X;19;;1013808    PREFORMAX DO BRASIL LTDA;2;;;;;50;40;;;;0;0;1013808    PREFORMAX DO BRASIL LTDA;OA01;0;;6234;0;0;0;0;5300031924;;;;;;UN;UN;0;0;0;45685,25;0;0
1;NB;F;A03;;04/03/2026;403580;ALCA PREFORM CABO CONC 3X35 + 35;MC11001;;;;CDFL;INVT;6162;UN;12,42;BRL;1;6162;46125;0;46125;0;0;0;0;10130250;50;R;1;4600003517;76561,62;6162;6162;76561,62;0;;C1;G;;;;;;;;;4500148096;ZF 1302603;X;19;;1013808    PREFORMAX DO BRASIL LTDA;2;;;;;60;50;;;;0;0;1013808    PREFORMAX DO BRASIL LTDA;OA01;0;;6162;0;0;0;0;5300031925;;;;;;UN;UN;0;0;0;76561,62;0;0
1;NB;F;A03;;04/03/2026;403675;ALCA PREFORM CABO CONC  3X25 + 25;MC11001;;;;CDFL;INVT;7675;UN;7,69;BRL;1;7675;46125;0;46125;0;0;0;0;10130250;60;R;1;4600003517;59029,19;7675;7675;59029,19;0;;C1;G;;;;;;;;;4500148096;ZF 1302603;X;19;;1013808    PREFORMAX DO BRASIL LTDA;2;;;;;70;60;;;;0;0;1013808    PREFORMAX DO BRASIL LTDA;OA01;0;;7675;0;0;0;0;5300031926;;;;;;UN;UN;0;0;0;59029,19;0;0
1;NB;F;A03;;04/03/2026;802405;ALCA PREFORM 6,4MM 1/4P AM 635MM;MC11001;;;;CDFL;CUST;85;UN;5,77;BRL;1;85;46125;0;46125;0;0;0;0;10130250;70;R;1;4600003517;490,11;85;85;490,11;0;;C1;G;;;;;;;;;4500148096;ZF 1302603;X;19;;1013808    PREFORMAX DO BRASIL LTDA;2;;;;;80;70;;;;0;0;1013808    PREFORMAX DO BRASIL LTDA;OA01;0;;85;0;0;0;0;5300016023;;;;;;UN;UN;0;0;0;490,11;0;0
1;NB;F;A03;;11/03/2026;403804;ALCA PREFORM 6,4MM 1/4P AM 635MM;MC11001;;;;CDFL;INVT;8994;UN;5,49;BRL;1;8994;46125;0;46125;0;0;0;0;10130250;20;R;1;4600003500;49350,08;8994;8994;49350,08;0;;C1;G;;;;;;;;;4500148914;ZF 1302603;X;19;;1013808    PREFORMAX DO BRASIL LTDA;2;;;;;20;10;;;;0;0;1013808    PREFORMAX DO BRASIL LTDA;OA01;0;;8994;0;0;0;0;5300017313;;;;;;UN;UN;0;0;0;49350,08;0;0
1;NB;F;GAE;;27/03/2026;403804;ALCA PREFORM 6,4MM 1/4P AM 635MM;MC11001;;;;CDFL;INVT;2029;UN;5,49;BRL;1;2029;46153;0;46153;0;0;0;0;10132638;10;R;1;4600003517;11133,12;2029;2029;11133,12;0;;C1;G;;;;;;;;;4500150248;ZF 1302603;X;19;;1013808    PREFORMAX DO BRASIL LTDA;2;;;;;90;10;;;;0;0;1013808    PREFORMAX DO BRASIL LTDA;OA01;0;;2029;0;0;0;0;5300017313;;;;;;UN;UN;0;0;0;11133,12;0;0
1;NB;F;GAE;;27/03/2026;403647;ALCA PREFORM CABO CONC 3X95 +70;MC11001;;;;CDFL;INVT;122;UN;31,89;BRL;1;122;46153;0;46153;0;0;0;0;10132638;20;R;1;4600003517;3890,54;122;122;3890,54;0;;C1;G;;;;;;;;;4500150248;ZF 1302603;X;19;;1013808    PREFORMAX DO BRASIL LTDA;2;;;;;100;20;;;;0;0;1013808    PREFORMAX DO BRASIL LTDA;OA01;0;;122;0;0;0;0;5300031923;;;;;;UN;UN;0;0;0;3890,54;0;0
1;NB;F;GAE;;27/03/2026;410047;ALCA PREFORM CABO CONC  2X25 + 25;MC11001;;;;CDFL;INVT;1856;UN;7,33;BRL;1;1856;46153;0;46153;0;0;0;0;10132638;30;R;1;4600003517;13601,51;1856;1856;13601,51;0;;C1;G;;;;;;;;;4500150248;ZF 1302603;X;19;;1013808    PREFORMAX DO BRASIL LTDA;2;;;;;110;30;;;;0;0;1013808    PREFORMAX DO BRASIL LTDA;OA01;0;;1856;0;0;0;0;5300031924;;;;;;UN;UN;0;0;0;13601,51;0;0
1;NB;F;GAE;;27/03/2026;403580;ALCA PREFORM CABO CONC 3X35 + 35;MC11001;;;;CDFL;INVT;6609;UN;12,42;BRL;1;6609;46153;0;46153;0;0;0;0;10132638;40;R;1;4600003517;82115,5;6609;6609;82115,5;0;;C1;G;;;;;;;;;4500150248;ZF 1302603;X;19;;1013808    PREFORMAX DO BRASIL LTDA;2;;;;;120;40;;;;0;0;1013808    PREFORMAX DO BRASIL LTDA;OA01;0;;6609;0;0;0;0;5300031925;;;;;;UN;UN;0;0;0;82115,5;0;0
1;NB;F;A14;;09/02/2026;402587;FITA ISOL EPR 0,76X19MM 10M PT;MC10903;;;;CDFL;INVT;1521;UN;24,18;BRL;1;1521;46073;0;46073;0;1521;0;0;10102704;50;R;1;4600003164;0;0;0;0;0;;C1;G;;;;;;;;;4500145339;ZF 1302603;X;19;;1014880    ANDRA S A ELECTRIC SOLUTIONS;2;;;;;10;10;;;;0;0;1014880    ANDRA S A ELECTRIC SOLUT;OA01;0;;1521;1521;0;0;0;5300027314;;;;;;UN;UN;0;0;0;36777,78;0;0
1;NB;F;A14;;09/02/2026;800344;FITA ISOL EPR 0,76X19MM 10M PT;MC10903;;;;CDFL;CUST;1380;UN;24,18;BRL;1;1380;46073;0;46073;0;1380;0;0;10102704;90;R;1;4600003164;0;0;0;0;0;;C1;G;;;;;;;;;4500145339;ZF 1302603;X;19;;1014880    ANDRA S A ELECTRIC SOLUTIONS;2;;;;;20;20;;;;0;0;1014880    ANDRA S A ELECTRIC SOLUT;OA01;0;;1380;1380;0;0;0;5300027313;;;;;;UN;UN;0;0;0;33368,4;0;0
1;NB;F;A14;;09/02/2026;800852;FITA ISOLANTE ELET PVC 19X0,19MM 20M PT;MC10903;;;;CDFL;CUST;1155;UN;20,12;BRL;1;1155;46073;0;46073;0;1155;0;0;10102704;120;R;1;4600003164;0;0;0;0;0;;C1;G;;;;;;;;;4500145339;ZF 1302603;X;19;;1014880    ANDRA S A ELECTRIC SOLUTIONS;2;;;;;30;30;;;;0;0;1014880    ANDRA S A ELECTRIC SOLUT;OA01;0;;1155;1155;0;0;0;5300027315;;;;;;UN;UN;0;0;0;23233,86;0;0
1;ZCDR;F;GAE;;03/03/2026;410200; CONECTOR COMP TIPO H 95-95;MC12002;;;;CDFL;INVT;2820;UN;9,77;BRL;1;2820;46084;0;46084;0;2820;0;0;10130522;10;R;1;;0;0;0;0;0;;C1;G;;;;;;;;;4500147933;ZF 1302603;X;17;;1014880    ANDRA S A ELECTRIC SOLUTIONS;2;;;;;0;10;;;;0;0;1014880    ANDRA S A ELECTRIC SOLUT;OA01;0;;2820;2820;0;0;0;5300031962;;;;;;UN;UN;0;0;0;27537,3;0;0
1;NB;F;GAE;;11/03/2026;402331;BRACO C/GRAMPO SUSPE SECU 500DAN;MC12002;;;;CDFL;INVT;303;UN;53,95;BRL;1;303;46093;0;46093;0;303;0;0;10131430;10;R;1;;0;0;0;0;0;;C0;G;;;;;;;;;4500148670;ZF 1302603;X;19;;1016114    B A ELETRICA LTDA;2;;;;;0;10;;;;0;0;1016114    B A ELETRICA LTDA;OA01;0;;303;303;0;0;0;5300031973;;;;;;UN;UN;0;0;0;16346,85;0;0
1;NB;F;A15;;11/02/2026;401823;CORDOALHA AC 6,3MM 1/4P 7F;MC10001;;;;CDFL;INVT;2500;KG;22,92;BRL;1;2500;46107;0;46111;0;2500;0;0;10123273;10;R;1;4600003135;0;0;0;0;0;;C1;G;;;;;;;;;4500145805;ZF 1302603;X;19;;1018867    JCARVALHO CABOS LTDA;2;;;;;30;10;;;;0;0;1018867    JCARVALHO CABOS LTDA;OA01;0;;2500;2500;0;0;0;5300029162;;;;;;KG;KG;0;0;0;57311,25;0;0
1;NB;F;GAE;;12/03/2026;401823;CORDOALHA AC 6,3MM 1/4P 7F;MC10001;;;;CDFL;INVT;13000;KG;22,92;BRL;1;13000;46138;0;46138;0;0;0;0;10130641;10;R;1;;298018,5;13000;13000;298018,5;0;;C1;G;;;;;;;;;4500149141;ZF 1302603;X;19;;1018867    JCARVALHO CABOS LTDA;2;;;;;0;10;;;;0;0;1018867    JCARVALHO CABOS LTDA;OA01;0;;13000;0;0;0;0;5300029162;;;;;;KG;KG;0;0;0;298018,5;0;0
1;NB;F;A03;;03/02/2026;404732;CONECTOR PERFUR 50-185MM MED TENSAO 15KV;MC10301;;;;CDFL;INVT;1414;UN;75,68;BRL;1;1414;46106;0;46106;0;1000;0;0;10100803;80;R;1;4600003055;31331,52;414;414;31331,52;0;;C1;G;;;;;;;;;4500144973;ZF 1302603;X;19;;1020062    CROSSFOX COMERCIO;2;;;;;20;10;;;;0;0;1020062    CROSSFOX COMERCIO;OA01;0;;1414;1000;0;0;0;5300026647;;;;;;UN;UN;0;0;0;107011,52;0;0
1;NB;F;A03;;03/02/2026;800872;CONECTOR AUTO PERF DU 70-240 / 70-240MM2;MC12002;;;;CDFL;CUST;1088;UN;45,58;BRL;1;1088;46106;0;46106;0;1088;0;0;10100803;60;R;1;4600003055;0;0;0;0;0;;C1;G;;;;;;;;;4500144973;ZF 1302603;X;19;;1020062    CROSSFOX COMERCIO;2;;;;;60;20;;;;0;0;1020062    CROSSFOX COMERCIO;OA01;0;;1088;1088;0;0;0;5300027746;;;;;;UN;UN;0;0;0;49595,39;0;0
1;NB;F;A03;;03/02/2026;803344;CONECTOR PERFUR 50-185MM MED TENSAO 15KV;MC10301;;;;CDFL;CUST;3486;UN;75,68;BRL;1;3486;46106;0;46106;0;720;0;0;10100803;40;R;1;4600003055;209330,88;2766;2766;209330,88;0;;C1;G;;;;;;;;;4500144973;ZF 1302603;X;19;;1020062    CROSSFOX COMERCIO;2;;;;;40;30;;;;0;0;1020062    CROSSFOX COMERCIO;OA01;0;;3486;720;0;0;0;5300026648;;;;;;UN;UN;0;0;0;263820,48;0;0
1;NB;F;A03;;09/02/2026;404732;CONECTOR PERFUR 50-185MM MED TENSAO 15KV;MC10301;;;;CDFL;INVT;153;UN;75,68;BRL;1;153;46104;0;46104;0;0;0;0;10100803;70;R;1;4600003055;11579,04;153;153;11579,04;0;;C1;G;;;;;;;;;4500145290;ZF 1302603;X;19;;1020062    CROSSFOX COMERCIO;2;;;;;20;10;;;;0;0;1020062    CROSSFOX COMERCIO;OA01;0;;153;0;0;0;0;5300026647;;;;;;UN;UN;0;0;0;11579,04;0;0
1;NB;F;A01;;03/03/2026;400506;CONECTOR DER CU 13-34MM2;MC12002;;;;CDFL;INVT;1000;UN;8,36;BRL;1;1000;46132;0;46132;0;0;0;0;10130253;20;R;1;4600003515;8360;1000;1000;8360;0;;C1;G;;;;;;;;;4500148053;ZF 1302603;X;19;;1020062    CROSSFOX COMERCIO;2;;;;;20;10;;;;0;0;1020062    CROSSFOX COMERCIO;OA01;0;;1000;0;0;0;0;5300031897;;;;;;UN;UN;0;0;0;8360;0;0
1;NB;F;A01;;03/03/2026;404732;CONECTOR PERFUR 50-185MM MED TENSAO 15KV;MC10301;;;;CDFL;INVT;2000;UN;75,68;BRL;1;2000;46132;0;46132;0;0;0;0;10130253;30;R;1;4600003515;151360;2000;2000;151360;0;;C1;G;;;;;;;;;4500148053;ZF 1302603;X;19;;1020062    CROSSFOX COMERCIO;2;;;;;30;20;;;;0;0;1020062    CROSSFOX COMERCIO;OA01;0;;2000;0;0;0;0;5300026647;;;;;;UN;UN;0;0;0;151360;0;0
1;NB;F;A01;;03/03/2026;400790;CONECTOR ATERR REFORÇ HAST/CAB 5/8-35MM2;MC10301;;;;CDFL;INVT;5500;UN;11,62;BRL;1;5500;46132;0;46132;0;0;0;0;10130253;40;R;1;4600003515;63888;5500;5500;63888;0;;C1;G;;;;;;;;;4500148053;ZF 1302603;X;19;;1020062    CROSSFOX COMERCIO;2;;;;;40;30;;;;0;0;1020062    CROSSFOX COMERCIO;OA01;0;;5500;0;0;0;0;5300031898;;;;;;UN;UN;0;0;0;63888;0;0
1;NB;F;A01;;03/03/2026;405537;CONECTOR PERF PRINC 16-120 DER 4-36 2AMP;MC10301;;;;CDFL;INVT;7000;UN;11;BRL;1;7000;46132;0;46132;0;0;0;0;10130253;50;R;1;4600003515;77000;7000;7000;77000;0;;C1;G;;;;;;;;;4500148053;ZF 1302603;X;19;;1020062    CROSSFOX COMERCIO;2;;;;;50;40;;;;0;0;1020062    CROSSFOX COMERCIO;OA01;0;;7000;0;0;0;0;5300031899;;;;;;UN;UN;0;0;0;77000;0;0
1;NB;F;A01;;03/03/2026;801215;CONECTOR DER CU 13-34MM2;MC12002;;;;CDFL;CUST;1044;UN;8,36;BRL;1;1044;46132;0;46132;0;0;0;0;10130253;80;R;1;4600003515;8727,84;1044;0;0;0;;C1;G;;;;;;;;;4500148053;ZF 1302603;X;19;;1020062    CROSSFOX COMERCIO;2;;;;;60;50;;;;0;0;1020062    CROSSFOX COMERCIO;OA01;0;;1044;0;0;0;0;5300031900;;;;;;UN;UN;0;0;0;8727,84;0;0
1;NB;F;A01;;25/03/2026;401500;CONECTOR DER CUNHA AL 2/0AWG 4/0AWG;MC12002;;;;CDFL;INVT;582;UN;13,9;BRL;1;582;46151;0;46151;0;0;0;0;10130253;10;R;1;4600003515;8092,13;582;582;8092,13;0;;C1;G;;;;;;;;;4500150195;ZF 1302603;X;19;;1020062    CROSSFOX COMERCIO;2;;;;;10;10;;;;0;0;1020062    CROSSFOX COMERCIO;OA01;0;;582;0;0;0;0;5300032213;;;;;;UN;UN;0;0;0;8092,13;0;0
1;NB;F;A01;;27/03/2026;404732;CONECTOR PERFUR 50-185MM MED TENSAO 15KV;MC10301;;;;CDFL;INVT;4000;UN;75,68;BRL;1;4000;46153;0;46153;0;0;0;0;10130253;30;R;1;4600003515;302720;4000;4000;302720;0;;C1;;;;;;;;;;4500150257;ZF 1302603;;;;1020062    CROSSFOX COMERCIO;;;;X;;30;10;;;;0;0;1020062    CROSSFOX COMERCIO;OA01;0;;4000;0;0;0;0;5300026647;;;;;;UN;UN;0;0;0;302720;0;0
1;NB;F;A12;;11/02/2026;409258;TERMINAL A COMP OLHAL BIMETALICO 150MM2;MC10401;;;;CDFL;INVT;100;UN;42,87;BRL;1;100;46129;0;46129;0;0;0;0;10102584;20;R;1;4600003117;4287,3;100;100;4287,3;0;;C1;G;;;;;;;;;4500145810;ZF 1302603;X;19;;1020771    ELETRO EPI COMERCIO E DISTRIBUICAO;2;;;;;20;10;;;;0;0;1020771    ELETRO EPI COMERCIO E DI;OA01;0;;100;0;0;0;0;5300031647;;;;;;UN;UN;0;0;0;4287,3;0;0
1;NB;F;A12;;11/02/2026;409259;TERMINAL A COMP OLHAL BIMETALICO 185MM2;MC10401;;;;CDFL;INVT;100;UN;65,38;BRL;1;100;46129;0;46129;0;0;0;0;10102584;30;R;1;4600003117;6537,9;100;100;6537,9;0;;C1;G;;;;;;;;;4500145810;ZF 1302603;X;19;;1020771    ELETRO EPI COMERCIO E DISTRIBUICAO;2;;;;;30;20;;;;0;0;1020771    ELETRO EPI COMERCIO E DI;OA01;0;;100;0;0;0;0;5300031648;;;;;;UN;UN;0;0;0;6537,9;0;0
1;NB;F;A12;;11/02/2026;409260;TERMINAL A COMP PARA BORNE PINO 95MM;MC10401;;;;CDFL;INVT;40;UN;16,28;BRL;1;40;46129;0;46129;0;0;0;0;10102584;40;R;1;4600003117;651;40;40;651;0;;C1;G;;;;;;;;;4500145810;ZF 1302603;X;19;;1020771    ELETRO EPI COMERCIO E DISTRIBUICAO;2;;;;;40;30;;;;0;0;1020771    ELETRO EPI COMERCIO E DI;OA01;0;;40;0;0;0;0;5300031649;;;;;;UN;UN;0;0;0;651;0;0
1;NB;F;GAE;;15/01/2026;402312;OLHAL PARAFUSO AC 16MM 5000DAN;MC10401;;;;CDFL;INVT;6635;UN;14,28;BRL;1;6635;46128;0;46105;0;0;0;0;10094824;120;R;1;4600002961;94717,94;6635;6635;94717,94;0;;C1;G;;;;;;;;;4500142861;ZF 1302603;X;19;;1021472    VOLTZ INDUSTRIA E COMERCIO DE MATER;2;;;;;260;10;;;;0;0;1021472    VOLTZ INDUSTRIA E COMERC;OA01;0;;6635;0;0;0;0;5300025203;;;;;;UN;UN;0;0;0;94717,94;0;0
1;NB;F;GAE;;15/01/2026;400974;PORCA QUADRADA AC 16MM 2MM;MC01301;;;;CDFL;INVT;10000;UN;2,42;BRL;1;10000;46128;0;46105;0;0;0;0;10094824;150;R;1;4600002961;24180;10000;10000;24180;0;;C1;G;;;;;;;;;4500142861;ZF 1302603;X;19;;1021472    VOLTZ INDUSTRIA E COMERCIO DE MATER;2;;;;;290;20;;;;0;0;1021472    VOLTZ INDUSTRIA E COMERC;OA01;0;;10000;0;0;0;0;5300025200;;;;;;UN;UN;0;0;0;24180;0;0
1;NB;F;A03;;15/01/2026;801047;ARRUELA LIS QD AC 17MM 11/16 57X57MM 5MM;MC01301;;;;CDFL;CUST;666;UN;2,72;BRL;1;666;46128;0;46107;0;0;0;0;10100429;10;R;1;4600003061;1814,78;666;666;1814,78;0;;C1;G;;;;;;;;;4500142962;ZF 1302603;X;19;;1021472    VOLTZ INDUSTRIA E COMERCIO DE MATER;2;;;;;10;10;;;;0;0;1021472    VOLTZ INDUSTRIA E COMERC;OA01;0;;666;0;0;0;0;5300026643;;;;;;UN;UN;0;0;0;1814,78;0;0
1;NB;F;A03;;15/01/2026;400193;PARAFUSO OLHAL AC 5/8P 20P;MC01301;;;;CDFL;INVT;927;UN;27,77;BRL;1;927;46128;0;46107;0;0;0;0;10100429;80;R;1;4600003061;25742,6;927;927;25742,6;0;;C1;G;;;;;;;;;4500142962;ZF 1302603;X;19;;1021472    VOLTZ INDUSTRIA E COMERCIO DE MATER;2;;;;;80;20;;;;0;0;1021472    VOLTZ INDUSTRIA E COMERC;OA01;0;;927;0;0;0;0;5300026638;;;;;;UN;UN;0;0;0;25742,6;0;0
1;NB;F;A03;;15/01/2026;402448;PARAFUSO OLH AC 5/8P 24P;MC01301;;;;CDFL;INVT;243;UN;27,8;BRL;1;243;46128;0;46107;0;0;0;0;10100429;100;R;1;4600003061;6754,84;243;243;6754,84;0;;C1;G;;;;;;;;;4500142962;ZF 1302603;X;19;;1021472    VOLTZ INDUSTRIA E COMERCIO DE MATER;2;;;;;100;30;;;;0;0;1021472    VOLTZ INDUSTRIA E COMERC;OA01;0;;243;0;0;0;0;5300026641;;;;;;UN;UN;0;0;0;6754,84;0;0
1;NB;F;A03;;15/01/2026;800528;PARAFUSO OLH AC 5/8P 650MM;MC01301;;;;CDFL;CUST;479;UN;34,98;BRL;1;479;46128;0;46107;0;0;0;0;10100429;60;R;1;4600003061;16754,13;479;479;16754,13;0;;C1;G;;;;;;;;;4500142962;ZF 1302603;X;19;;1021472    VOLTZ INDUSTRIA E COMERCIO DE MATER;2;;;;;60;40;;;;0;0;1021472    VOLTZ INDUSTRIA E COMERC;OA01;0;;479;0;0;0;0;5300029146;;;;;;UN;UN;0;0;0;16754,13;0;0
1;NB;F;A03;;15/01/2026;800982;PARAFUSO OLHAL AC 5/8P 20P;MC01301;;;;CDFL;CUST;1284;UN;27,77;BRL;1;1284;46128;0;46107;0;0;0;0;10100429;20;R;1;4600003061;35656,42;1284;1284;35656,42;0;;C1;G;;;;;;;;;4500142962;ZF 1302603;X;19;;1021472    VOLTZ INDUSTRIA E COMERCIO DE MATER;2;;;;;20;50;;;;0;0;1021472    VOLTZ INDUSTRIA E COMERC;OA01;0;;1284;0;0;0;0;5300026642;;;;;;UN;UN;0;0;0;35656,42;0;0
1;NB;F;A03;;15/01/2026;801225;PARAFUSO OLH AC 5/8P 24P;MC01301;;;;CDFL;CUST;351;UN;27,8;BRL;1;351;46128;0;46107;0;0;0;0;10100429;50;R;1;4600003061;9756,99;351;351;9756,99;0;;C1;G;;;;;;;;;4500142962;ZF 1302603;X;19;;1021472    VOLTZ INDUSTRIA E COMERCIO DE MATER;2;;;;;50;60;;;;0;0;1021472    VOLTZ INDUSTRIA E COMERC;OA01;0;;351;0;0;0;0;5300026644;;;;;;UN;UN;0;0;0;9756,99;0;0
1;NB;F;A03;;15/01/2026;402401;PINO ISOLADOR POLIMERICO AC 15KV 200MM;MC10902;;;;CDFL;INVT;3481;UN;26,58;BRL;1;3481;46128;0;46107;0;0;0;0;10100429;90;R;1;4600003061;92522,89;3481;3481;92522,89;0;;C1;G;;;;;;;;;4500142962;ZF 1302603;X;19;;1021472    VOLTZ INDUSTRIA E COMERCIO DE MATER;2;;;;;90;70;;;;0;0;1021472    VOLTZ INDUSTRIA E COMERC;OA01;0;;3481;0;0;0;0;5300025204;;;;;;UN;UN;0;0;0;92522,89;0;0
1;NB;F;A03;;15/01/2026;801164;PINO ISOLADOR POLIMERICO AC 15KV 200MM;MC10902;;;;CDFL;CUST;1088;UN;26,58;BRL;1;1088;46128;0;46107;0;0;0;0;10100429;30;R;1;4600003061;28918,39;1088;1088;28918,39;0;;C1;G;;;;;;;;;4500142962;ZF 1302603;X;19;;1021472    VOLTZ INDUSTRIA E COMERCIO DE MATER;2;;;;;30;80;;;;0;0;1021472    VOLTZ INDUSTRIA E COMERC;OA01;0;;1088;0;0;0;0;5300025186;;;;;;UN;UN;0;0;0;28918,39;0;0
1;NB;F;A03;;15/01/2026;400827;ARRUELA LIS QD AC 17MM 11/16 57X57MM 5MM;MC01301;;;;CDFL;INVT;5165;UN;2,72;BRL;1;5165;46128;0;46107;0;0;0;0;10100429;70;R;1;4600003061;14074,11;5165;5165;14074,11;0;;C1;G;;;;;;;;;4500142962;ZF 1302603;X;19;;1021472    VOLTZ INDUSTRIA E COMERCIO DE MATER;2;;;;;70;90;;;;0;0;1021472    VOLTZ INDUSTRIA E COMERC;OA01;0;;5165;0;0;0;0;5300026639;;;;;;UN;UN;0;0;0;14074,11;0;0
1;NB;F;A03;;05/03/2026;400827;ARRUELA LIS QD AC 17MM 11/16 57X57MM 5MM;MC01301;;;;CDFL;INVT;58881;UN;2,72;BRL;1;58881;46145;0;46145;0;0;0;0;10100429;70;R;1;4600003061;160444,84;58881;58881;160444,84;0;;C1;G;;;;;;;;;4500148260;ZF 1302603;X;19;;1021472    VOLTZ INDUSTRIA E COMERCIO DE MATER;2;;;;;70;10;;;;0;0;1021472    VOLTZ INDUSTRIA E COMERC;OA01;0;;58881;0;0;0;0;5300026639;;;;;;UN;UN;0;0;0;160444,84;0;0
1;NB;F;A03;;05/03/2026;402448;PARAFUSO OLH AC 5/8P 24P;MC01301;;;;CDFL;INVT;120;UN;27,8;BRL;1;120;46145;0;46145;0;0;0;0;10100429;100;R;1;4600003061;3335,72;120;120;3335,72;0;;C1;G;;;;;;;;;4500148260;ZF 1302603;X;19;;1021472    VOLTZ INDUSTRIA E COMERCIO DE MATER;2;;;;;100;20;;;;0;0;1021472    VOLTZ INDUSTRIA E COMERC;OA01;0;;120;0;0;0;0;5300026641;;;;;;UN;UN;0;0;0;3335,72;0;0
1;NB;F;A03;;05/03/2026;402401;PINO ISOLADOR POLIMERICO AC 15KV 200MM;MC10902;;;;CDFL;INVT;1027;UN;26,58;BRL;1;1027;46145;0;46145;0;0;0;0;10100429;90;R;1;4600003061;27297,04;1027;1027;27297,04;0;;C1;G;;;;;;;;;4500148260;ZF 1302603;X;19;;1021472    VOLTZ INDUSTRIA E COMERCIO DE MATER;2;;;;;90;30;;;;0;0;1021472    VOLTZ INDUSTRIA E COMERC;OA01;0;;1027;0;0;0;0;5300025204;;;;;;UN;UN;0;0;0;27297,04;0;0
1;NB;F;A03;;05/03/2026;801047;ARRUELA LIS QD AC 17MM 11/16 57X57MM 5MM;MC01301;;;;CDFL;CUST;6703;UN;2,72;BRL;1;6703;46145;0;46145;0;0;0;0;10100429;10;R;1;4600003061;18265;6703;6703;18265;0;;C1;G;;;;;;;;;4500148260;ZF 1302603;X;19;;1021472    VOLTZ INDUSTRIA E COMERCIO DE MATER;2;;;;;10;40;;;;0;0;1021472    VOLTZ INDUSTRIA E COMERC;OA01;0;;6703;0;0;0;0;5300026643;;;;;;UN;UN;0;0;0;18265;0;0
1;NB;F;A03;;05/03/2026;401497;ARRUELA PRES AC PARAF 3/8P 15MM;MC01301;;;;CDFL;INVT;638;UN;1,85;BRL;1;638;46145;0;46145;0;0;0;0;10100429;110;R;1;4600003061;1180,75;638;638;1180,75;0;;C1;G;;;;;;;;;4500148260;ZF 1302603;X;19;;1021472    VOLTZ INDUSTRIA E COMERCIO DE MATER;2;;;;;110;50;;;;0;0;1021472    VOLTZ INDUSTRIA E COMERC;OA01;0;;638;0;0;0;0;5300026640;;;;;;UN;UN;0;0;0;1180,75;0;0
1;NB;F;A03;;05/03/2026;800499;MAO-FRANCESA NORMAL AC 710X32X6,5MM;MC10701;;;;CDFL;CUST;1993;UN;18,46;BRL;1;1993;46145;0;46145;0;0;0;0;10101048;210;R;1;4600003078;36791,78;1993;1993;36791,78;0;;C1;G;;;;;;;;;4500148261;ZF 1302603;X;19;;1021472    VOLTZ INDUSTRIA E COMERCIO DE MATER;2;;;;;20;10;;;;0;0;1021472    VOLTZ INDUSTRIA E COMERC;OA01;0;;1993;0;0;0;0;5300028203;;;;;;UN;UN;0;0;0;36791,78;0;0
1;NB;F;A03;;05/03/2026;401117;MAO-FRANCESA NORMAL AC 710X32X6,5MM;MC10701;;;;CDFL;INVT;9520;UN;18,46;BRL;1;9520;46145;0;46145;0;0;0;0;10101048;10;R;1;4600003078;175743,96;9520;9520;175743,96;0;;C1;G;;;;;;;;;4500148261;ZF 1302603;X;19;;1021472    VOLTZ INDUSTRIA E COMERCIO DE MATER;2;;;;;10;20;;;;0;0;1021472    VOLTZ INDUSTRIA E COMERC;OA01;0;;9520;0;0;0;0;5300031931;;;;;;UN;UN;0;0;0;175743,96;0;0
1;NB;F;A12;;31/03/2026;800454;GAS HEXAFLUORETO ENXOFRE SF6;MC03001;;;;CDFL;CUST;150;KG;363,41;BRL;1;150;46142;0;46142;0;0;0;0;10127922;10;R;1;4600003533;54511,2;150;150;54511,2;0;;C1;G;;;;;;;;;4500150292;ZF 1302603;X;19;;1023763    WHITE MARTINS GASES INDUSTRIAIS DO;2;;;;;10;10;;;;0;0;1023763    WHITE MARTINS GASES INDU;OA01;0;;150;0;0;0;0;5300026266;;;;;;KG;KG;0;0;0;54511,2;0;0
1;NB;F;A12;;31/03/2026;800454;GAS HEXAFLUORETO ENXOFRE SF6;MC03001;;;;CDFL;CUST;100;KG;363,41;BRL;1;100;46203;0;46203;0;0;0;0;10127922;20;R;1;4600003533;36340,8;100;100;36340,8;0;;C1;G;;;;;;;;;4500150292;ZF 1302603;X;19;;1023763    WHITE MARTINS GASES INDUSTRIAIS DO;2;;;;;20;20;;;;0;0;1023763    WHITE MARTINS GASES INDU;OA01;0;;100;0;0;0;0;5300026266;;;;;;KG;KG;0;0;0;36340,8;0;0
1;NB;F;A12;;31/03/2026;800454;GAS HEXAFLUORETO ENXOFRE SF6;MC03001;;;;CDFL;CUST;150;KG;363,41;BRL;1;150;46265;0;46265;0;0;0;0;10127922;30;R;1;4600003533;54511,2;150;150;54511,2;0;;C1;G;;;;;;;;;4500150292;ZF 1302603;X;19;;1023763    WHITE MARTINS GASES INDUSTRIAIS DO;2;;;;;30;30;;;;0;0;1023763    WHITE MARTINS GASES INDU;OA01;0;;150;0;0;0;0;5300026266;;;;;;KG;KG;0;0;0;54511,2;0;0
1;NB;F;A03;;22/01/2026;402117;ELO FUSIVEL BOTAO DISTRIB K 20A 500MM;MC10801;;;;CDFL;INVT;210;UN;4,82;BRL;1;210;46101;0;46101;0;0;0;0;10100117;210;R;1;4600003057;1011,65;210;210;1011,65;0;;C1;G;;;;;;;;;4500144413;ZF 1302603;X;19;;1024046    ELETRO FUSI INDUSTRIA ELETROMETALUR;2;;;;;210;10;;;;0;0;1024046    ELETRO FUSI INDUSTRIA EL;OA01;0;;210;0;0;0;0;5300026752;;;;;;UN;UN;0;0;0;1011,65;0;0
1;NB;F;A03;;22/01/2026;402265;ELO FUSIVEL BOTAO DISTRIB H 3A 500MM;MC10801;;;;CDFL;INVT;348;UN;4,77;BRL;1;348;46101;0;46101;0;0;0;0;10100117;70;R;1;4600003057;1660,27;348;348;1660,27;0;;C1;G;;;;;;;;;4500144413;ZF 1302603;X;19;;1024046    ELETRO FUSI INDUSTRIA ELETROMETALUR;2;;;;;70;20;;;;0;0;1024046    ELETRO FUSI INDUSTRIA EL;OA01;0;;348;0;0;0;0;5300028248;;;;;;UN;UN;0;0;0;1660,27;0;0
1;NB;F;A03;;22/01/2026;801010;ELO FUSIVEL BOTAO DISTRIB H 3A 500MM;MC10801;;;;CDFL;CUST;2646;UN;4,77;BRL;1;2646;46101;0;46101;0;0;0;0;10100117;170;R;1;4600003057;12623,8;2646;2646;12623,8;0;;C1;G;;;;;;;;;4500144413;ZF 1302603;X;19;;1024046    ELETRO FUSI INDUSTRIA ELETROMETALUR;2;;;;;170;30;;;;0;0;1024046    ELETRO FUSI INDUSTRIA EL;OA01;0;;2646;0;0;0;0;5300027503;;;;;;UN;UN;0;0;0;12623,8;0;0
1;NB;F;A03;;22/01/2026;400805;ELO FUSIVEL BOTAO DISTRIB H 5A 500MM;MC10801;;;;CDFL;INVT;153;UN;4,77;BRL;1;153;46101;0;46101;0;0;0;0;10100117;90;R;1;4600003057;729,95;153;153;729,95;0;;C1;G;;;;;;;;;4500144413;ZF 1302603;X;19;;1024046    ELETRO FUSI INDUSTRIA ELETROMETALUR;2;;;;;90;40;;;;0;0;1024046    ELETRO FUSI INDUSTRIA EL;OA01;0;;153;0;0;0;0;5300031416;;;;;;UN;UN;0;0;0;729,95;0;0
1;NB;F;A03;;22/01/2026;801375;ELO FUSIVEL BOTAO DISTRIB H 5A 500MM;MC10801;;;;CDFL;CUST;4881;UN;4,77;BRL;1;4881;46101;0;46101;0;0;0;0;10100117;190;R;1;4600003057;23286,76;4881;4881;23286,76;0;;C1;G;;;;;;;;;4500144413;ZF 1302603;X;19;;1024046    ELETRO FUSI INDUSTRIA ELETROMETALUR;2;;;;;190;50;;;;0;0;1024046    ELETRO FUSI INDUSTRIA EL;OA01;0;;4881;0;0;0;0;5300027504;;;;;;UN;UN;0;0;0;23286,76;0;0
1;NB;F;A03;;22/01/2026;801352;ELO FUSIVEL BOTAO DISTRIB K 10A 500MM;MC10801;;;;CDFL;CUST;3390;UN;4,82;BRL;1;3390;46101;0;46101;0;0;0;0;10100117;150;R;1;4600003057;16330,99;3390;3390;16330,99;0;;C1;G;;;;;;;;;4500144413;ZF 1302603;X;19;;1024046    ELETRO FUSI INDUSTRIA ELETROMETALUR;2;;;;;150;60;;;;0;0;1024046    ELETRO FUSI INDUSTRIA EL;OA01;0;;3390;0;0;0;0;5300026744;;;;;;UN;UN;0;0;0;16330,99;0;0
1;NB;F;A03;;22/01/2026;402123;ELO FUSIVEL BOTAO DISTRIB K 12A 500MM;MC10801;;;;CDFL;INVT;140;UN;4,82;BRL;1;140;46101;0;46101;0;0;0;0;10100117;60;R;1;4600003057;674,44;140;140;674,44;0;;C1;G;;;;;;;;;4500144413;ZF 1302603;X;19;;1024046    ELETRO FUSI INDUSTRIA ELETROMETALUR;2;;;;;60;70;;;;0;0;1024046    ELETRO FUSI INDUSTRIA EL;OA01;0;;140;0;0;0;0;5300031417;;;;;;UN;UN;0;0;0;674,44;0;0
1;NB;F;A03;;22/01/2026;801303;ELO FUSIVEL BOTAO DISTRIB K 12A 500MM;MC10801;;;;CDFL;CUST;3587;UN;4,82;BRL;1;3587;46101;0;46101;0;0;0;0;10100117;160;R;1;4600003057;17280,01;3587;3587;17280,01;0;;C1;G;;;;;;;;;4500144413;ZF 1302603;X;19;;1024046    ELETRO FUSI INDUSTRIA ELETROMETALUR;2;;;;;160;80;;;;0;0;1024046    ELETRO FUSI INDUSTRIA EL;OA01;0;;3587;0;0;0;0;5300027505;;;;;;UN;UN;0;0;0;17280,01;0;0
1;NB;F;A03;;22/01/2026;801233;ELO FUSIVEL BOTAO DISTRIB K 15A 500MM;MC10801;;;;CDFL;CUST;1976;UN;4,82;BRL;1;1976;46101;0;46101;0;0;0;0;10100117;200;R;1;4600003057;9519,18;1976;1976;9519,18;0;;C1;G;;;;;;;;;4500144413;ZF 1302603;X;19;;1024046    ELETRO FUSI INDUSTRIA ELETROMETALUR;2;;;;;200;90;;;;0;0;1024046    ELETRO FUSI INDUSTRIA EL;OA01;0;;1976;0;0;0;0;5300027506;;;;;;UN;UN;0;0;0;9519,18;0;0
1;NB;F;A03;;22/01/2026;402111;ELO FUSIVEL BOTAO DISTRIB UN K 8A 500MM;MC10801;;;;CDFL;INVT;5;UN;4,82;BRL;1;5;46101;0;46101;0;0;0;0;10100117;30;R;1;4600003057;24,09;5;5;24,09;0;;C1;G;;;;;;;;;4500144413;ZF 1302603;X;19;;1024046    ELETRO FUSI INDUSTRIA ELETROMETALUR;2;;;;;30;100;;;;0;0;1024046    ELETRO FUSI INDUSTRIA EL;OA01;0;;5;0;0;0;0;5300031052;;;;;;UN;UN;0;0;0;24,09;0;0
1;NB;F;A03;;22/01/2026;800894;ELO FUSIVEL BOTAO DISTRIB UN K 8A 500MM;MC10801;;;;CDFL;CUST;5388;UN;4,82;BRL;1;5388;46101;0;46101;0;0;0;0;10100117;130;R;1;4600003057;25956,15;5388;5388;25956,15;0;;C1;G;;;;;;;;;4500144413;ZF 1302603;X;19;;1024046    ELETRO FUSI INDUSTRIA ELETROMETALUR;2;;;;;130;110;;;;0;0;1024046    ELETRO FUSI INDUSTRIA EL;OA01;0;;5388;0;0;0;0;5300027507;;;;;;UN;UN;0;0;0;25956,15;0;0
1;NB;F;A03;;22/01/2026;402733;ELO FUSIVEL H 1A 500MM;MC10801;;;;CDFL;INVT;611;UN;4,77;BRL;1;611;46101;0;46101;0;0;0;0;10100117;10;R;1;4600003057;2915,02;611;611;2915,02;0;;C1;G;;;;;;;;;4500144413;ZF 1302603;X;19;;1024046    ELETRO FUSI INDUSTRIA ELETROMETALUR;2;;;;;10;120;;;;0;0;1024046    ELETRO FUSI INDUSTRIA EL;OA01;0;;611;0;0;0;0;5300031418;;;;;;UN;UN;0;0;0;2915,02;0;0
1;NB;F;A03;;22/01/2026;801834;ELO FUSIVEL H 1A 500MM;MC10801;;;;CDFL;CUST;5760;UN;4,77;BRL;1;5760;46101;0;46101;0;0;0;0;10100117;110;R;1;4600003057;27480,38;5760;5760;27480,38;0;;C1;G;;;;;;;;;4500144413;ZF 1302603;X;19;;1024046    ELETRO FUSI INDUSTRIA ELETROMETALUR;2;;;;;110;130;;;;0;0;1024046    ELETRO FUSI INDUSTRIA EL;OA01;0;;5760;0;0;0;0;5300027509;;;;;;UN;UN;0;0;0;27480,38;0;0
1;NB;F;A03;;22/01/2026;402741;ELO FUSIVEL BOTAO K 6A 500MM;MC10801;;;;CDFL;INVT;113;UN;4,82;BRL;1;113;46101;0;46101;0;0;0;0;10100117;20;R;1;4600003057;544,37;113;113;544,37;0;;C1;G;;;;;;;;;4500144413;ZF 1302603;X;19;;1024046    ELETRO FUSI INDUSTRIA ELETROMETALUR;2;;;;;20;140;;;;0;0;1024046    ELETRO FUSI INDUSTRIA EL;OA01;0;;113;0;0;0;0;5300031051;;;;;;UN;UN;0;0;0;544,37;0;0
1;NB;F;A03;;22/01/2026;801826;ELO FUSIVEL BOTAO K 6A 500MM;MC10801;;;;CDFL;CUST;5673;UN;4,82;BRL;1;5673;46101;0;46101;0;0;0;0;10100117;120;R;1;4600003057;27329,11;5673;5673;27329,11;0;;C1;G;;;;;;;;;4500144413;ZF 1302603;X;19;;1024046    ELETRO FUSI INDUSTRIA ELETROMETALUR;2;;;;;120;150;;;;0;0;1024046    ELETRO FUSI INDUSTRIA EL;OA01;0;;5673;0;0;0;0;5300027508;;;;;;UN;UN;0;0;0;27329,11;0;0
1;NB;F;A03;;22/01/2026;402660;ELO FUSIVEL DISTRIB H 2A 500MM;MC10801;;;;CDFL;INVT;143;UN;4,77;BRL;1;143;46101;0;46101;0;0;0;0;10100117;40;R;1;4600003057;682,24;143;143;682,24;0;;C1;G;;;;;;;;;4500144413;ZF 1302603;X;19;;1024046    ELETRO FUSI INDUSTRIA ELETROMETALUR;2;;;;;40;160;;;;0;0;1024046    ELETRO FUSI INDUSTRIA EL;OA01;0;;143;0;0;0;0;5300031053;;;;;;UN;UN;0;0;0;682,24;0;0
1;NB;F;A03;;22/01/2026;801955;ELO FUSIVEL DISTRIB H 2A 500MM;MC10801;;;;CDFL;CUST;2728;UN;4,77;BRL;1;2728;46101;0;46101;0;0;0;0;10100117;140;R;1;4600003057;13015,02;2728;2728;13015,02;0;;C1;G;;;;;;;;;4500144413;ZF 1302603;X;19;;1024046    ELETRO FUSI INDUSTRIA ELETROMETALUR;2;;;;;140;170;;;;0;0;1024046    ELETRO FUSI INDUSTRIA EL;OA01;0;;2728;0;0;0;0;5300026745;;;;;;UN;UN;0;0;0;13015,02;0;0
1;NB;F;A03;;10/02/2026;400805;ELO FUSIVEL BOTAO DISTRIB H 5A 500MM;MC10801;;;;CDFL;INVT;569;UN;4,77;BRL;1;569;46113;0;46113;0;569;0;0;10100117;90;R;1;4600003057;0;0;0;0;0;;C1;G;;;;;;;;;4500145740;ZF 1302603;X;19;;1024046    ELETRO FUSI INDUSTRIA ELETROMETALUR;2;;;;;90;10;;;;0;0;1024046    ELETRO FUSI INDUSTRIA EL;OA01;0;;569;569;0;0;0;5300031416;;;;;;UN;UN;0;0;0;2714,64;0;0
1;NB;F;GAE;;20/02/2026;401056;ELO FUSIVEL BOTAO DISTRIB K 10A 500MM;MC10801;;;;CDFL;INVT;550;UN;4,72;BRL;1;550;46090;0;46090;0;0;0;0;10128114;10;R;1;;2598,42;550;550;2598,42;0;;C1;G;;;;;;;;;4500147195;ZF 1302603;X;19;;1024046    ELETRO FUSI INDUSTRIA ELETROMETALUR;2;;;;;0;10;;;;0;0;1024046    ELETRO FUSI INDUSTRIA EL;OA01;0;;550;0;0;0;0;5300026742;;;;;;UN;UN;0;0;0;2598,42;0;0
1;NB;F;A01;;30/01/2026;800741;CABO ELET CU 120MM2 90°XLPE 0,6/1KV;MC10101;;;;CDFL;CUST;1197;M;84,62;BRL;1;1197;46114;0;46114;0;0;0;0;10101097;60;R;1;4600003067;101290,98;1197;1197;101290,98;0;;C1;G;;;;;;;;;4500144937;ZF 1302603;X;19;;1024047    RBL INDUSTRIA E COMERCIO DE CONDUTO;2;;;;;120;10;;;;0;0;1024047    RBL INDUSTRIA E COMERCIO;OA01;0;;1197;0;0;0;0;5300026859;;;;;;M;M;0;0;0;101290,98;0;0
1;NB;F;A01;;30/01/2026;804894;CABO ELET CU 185MM2 90°XLPE 0,6/1KV;MC20101;;;;CDFL;CUST;721;M;118,94;BRL;1;721;46114;0;46114;0;0;0;0;10101097;70;R;1;4600003067;85754,08;721;721;85754,08;0;;C1;G;;;;;;;;;4500144937;ZF 1302603;X;19;;1024047    RBL INDUSTRIA E COMERCIO DE CONDUTO;2;;;;;130;20;;;;0;0;1024047    RBL INDUSTRIA E COMERCIO;OA01;0;;721;0;0;0;0;5300026860;;;;;;M;M;0;0;0;85754,08;0;0
1;NB;F;A01;;30/01/2026;800177;CABO ELET FLEXIVEL PVC 750V 2,5MM2 CZ;MC10101;;;;CDFL;CUST;500;M;0,97;BRL;1;500;46114;0;46114;0;0;0;0;10101097;30;R;1;4600003067;483,6;500;500;483,6;0;;C1;G;;;;;;;;;4500144937;ZF 1302603;X;19;;1024047    RBL INDUSTRIA E COMERCIO DE CONDUTO;2;;;;;90;30;;;;0;0;1024047    RBL INDUSTRIA E COMERCIO;OA01;0;;500;0;0;0;0;5300031526;;;;;;M;M;0;0;0;483,6;0;0
1;NB;F;GAE;;20/02/2026;402242;POSTE FIBRA VIDRO E-CR 11M 600DAN;MC12001;;;;CDFL;INVT;144;UN;2162,5;BRL;1;144;46104;0;46104;0;108;0;0;10128271;10;R;1;4600003493;77850,04;36;36;77850,04;0;;C1;G;;;;;;;;;4500147050;ZF 1302603;X;19;;1027479    ASW BRASIL TECNOLOGIA EM PLASTICOS;2;;;;;10;10;;;;0;0;1027479    ASW BRASIL TECNOLOGIA EM;OA01;0;;144;108;0;0;0;5300031734;;;;;;UN;UN;0;0;0;311400,16;0;0
1;NB;F;GAE;;20/02/2026;402242;POSTE FIBRA VIDRO E-CR 11M 600DAN;MC12001;;;;CDFL;INVT;144;UN;2162,5;BRL;1;144;46133;0;46133;0;0;0;0;10128271;10;R;1;4600003493;311400,16;144;144;311400,16;0;;C1;G;;;;;;;;;4500147050;ZF 1302603;X;19;;1027479    ASW BRASIL TECNOLOGIA EM PLASTICOS;2;;;;;10;20;;;;0;0;1027479    ASW BRASIL TECNOLOGIA EM;OA01;0;;144;0;0;0;0;5300031734;;;;;;UN;UN;0;0;0;311400,16;0;0
1;ZCDR;F;GAE;;04/03/2026;410213;TINTA SPRAY 400ML;MC03301;;;;CDFL;INVT;500;UN;18;BRL;1;500;46095;0;46095;0;204;0;0;10130257;10;R;1;;5328;296;296;5328;0;;C0;G;;;;;;;;;4500148074;ZF 1302603;X;15;;1027532    JM COMERCIO VAREJISTA DE TINTAS E M;2;;;;;0;10;;;;0;0;1027532    JM COMERCIO VAREJISTA DE;OA01;0;;500;204;0;0;0;5300031917;;;;;;UN;UN;0;0;0;9000;0;0
1;ZCDR;F;GAE;;04/03/2026;410213;TINTA SPRAY 400ML;MC03301;;;;CDFL;INVT;60;UN;18;BRL;1;60;46087;0;46087;0;60;0;0;10130383;10;R;1;;0;0;0;0;0;;C0;G;;;;;;;;;4500148075;ZF 1302603;X;15;;1027532    JM COMERCIO VAREJISTA DE TINTAS E M;2;;;;;0;10;;;;0;0;1027532    JM COMERCIO VAREJISTA DE;OA01;0;;60;60;0;0;0;5300031917;;;;;;UN;UN;0;0;0;1080;0;0
1;ZCDR;F;A03;;06/03/2026;410041;PARAFUSO AUTO BROC CHAT phillips 4.2x25m;MC01301;;;;CDFL;INVT;46000;UN;0,43;BRL;1;46000;46091;0;46091;0;46000;0;0;;0;R;1;;0;0;0;0;0;;C0;G;;;;;;;;;4500148095;ZF 1302603;X;15;;1027540    CLEICY DE L BATISTA E CIA LTDA;2;;;;;0;20;;;;0;0;1027540    CLEICY DE L BATISTA E CI;OA01;0;;46000;46000;0;0;0;5300031921;;;;;;UN;UN;0;0;0;19780;0;0
1;NB;F;GAE;;18/03/2026;410041;PARAFUSO AUTO BROC CHAT phillips 4.2x25m;MC01301;;;;CDFL;INVT;70000;UN;0,43;BRL;1;70000;46101;0;46101;0;50000;0;0;10132097;10;R;1;;8600;20000;20000;8600;0;;C0;G;;;;;;;;;4500149809;ZF 1302603;X;19;;1027540    CLEICY DE L BATISTA E CIA LTDA;2;;;;;0;10;;;;0;0;1027540    CLEICY DE L BATISTA E CI;OA01;0;;70000;50000;0;0;0;5300031921;;;;;;UN;UN;0;0;0;30100;0;0
1;ZCDR;F;GAE;;19/02/2026;410212;FITA AUTOADESIVA BLINDAGEM 10cmX10m;MC03701;;;;CDFL;INVT;1090;UN;16,83;BRL;1;1090;46101;0;46101;0;0;0;0;10129792;10;R;1;;18347,97;1090;1090;18347,97;0;;C1;G;;;;;;;;;4500146775;ZF 1302603;X;15;;1027545    SOPREMA LTDA;2;;;;;0;10;;;;0;0;1027545    SOPREMA LTDA;OA01;0;;1090;0;0;0;0;5300031948;;;;;;UN;UN;0;0;0;18347,97;0;0
