material,descricao,classe,periodo_necessidade,data_pedido,lead_time_dias,data_chegada,periodo_entrega,quantidade
110057,PAPEL AUTO ADES AM 76X76MM 100FL,C,2026-10,01/10/2026,30,01/11/2026,2026-11,30
110077,TESOURA MULTIUSO AI CABO PLAS 21CM,C,2026-10,01/10/2026,30,01/11/2026,2026-11,30
110091,COLA PLAST BR ACET POLIV,C,2026-10,01/10/2026,30,01/11/2026,2026-11,30
110097,"APONTADOR LAPIS, COM DEPOSITO",C,2026-10,01/10/2026,30,01/11/2026,2026-11,30
110157,EXTRATOR GRAMPO ESPAT AI 15C,C,2026-10,01/10/2026,30,01/11/2026,2026-11,30
110158,ESCADA FBV EXT 420X720MM 23DEG 454KG,C,2026-05,01/05/2026,30,01/06/2026,2026-06,16
110159,CLIPE PAPEL AC NIQ TAM 6/0,C,2026-10,01/10/2026,30,01/11/2026,2026-11,30
110182,CARREGADOR DE PILHA BIVOLT,C,2026-04,01/04/2026,30,01/05/2026,2026-05,2
110185,CANETA ESFER AZ 1MM EMB C/50UN,C,2026-10,01/10/2026,30,01/11/2026,2026-11,20
110210,"BORRACHA DES PLAST BR 44X22,5X12MM",C,2026-10,01/10/2026,30,01/11/2026,2026-11,30
110215,CAIXA ARQUIVO PLAST CORRUG 360X135X250MM,C,2026-03,25/03/2026,30,24/04/2026,2026-04,300
110248,REGUA PLAS TRANSP 40CM ESC MM,C,2026-10,01/10/2026,30,01/11/2026,2026-11,40
110256,ENVELOPE CORRES PAP 80G/M2 NT 410X310MM,C,2026-03,25/03/2026,30,24/04/2026,2026-04,40
110282,FITA ADES PVC TRANSP 50MMX50M,C,2026-10,01/10/2026,30,01/11/2026,2026-11,60
110288,PILHA RECARREGAVEL PEQUENA AA,C,2026-04,01/04/2026,30,01/05/2026,2026-05,12
110356,PASTA L PLAST AZ 31X22CM,C,2026-03,25/03/2026,30,24/04/2026,2026-04,40
110384,ALICATE UNIV 8P ACR FORJ,C,2026-03,25/03/2026,30,24/04/2026,2026-04,12
110384,ALICATE UNIV 8P ACR FORJ,C,2026-08,01/08/2026,30,01/09/2026,2026-09,6
110404,ENVELOPE CORRES PAP 80G/M2 NT 340X240MM,C,2026-03,25/03/2026,30,24/04/2026,2026-04,40
110418,DISCO CORTE ACO 7P,C,2026-03,25/03/2026,30,24/04/2026,2026-04,200
110487,BOLSA FERRAM LONA VD 500X200X380MM,C,2026-03,25/03/2026,30,24/04/2026,2026-04,12
110487,BOLSA FERRAM LONA VD 500X200X380MM,C,2026-08,01/08/2026,30,01/09/2026,2026-09,6
110555,CLIPE ACO NIQ N 2/0 CX 50 UM,C,2026-10,01/10/2026,30,01/11/2026,2026-11,30
110557,GRAMPO AC COB 26/6 CX 5000UN,C,2026-10,01/10/2026,30,01/11/2026,2026-11,30
110649,CLIPE PAPEL AC NIQ TAM N 3/0,C,2026-03,25/03/2026,30,24/04/2026,2026-04,20
110649,CLIPE PAPEL AC NIQ TAM N 3/0,C,2026-10,01/10/2026,30,01/11/2026,2026-11,20
110690,PINCEL MARC PERM REC PONTA RET/CHANF PT,C,2026-10,01/10/2026,30,01/11/2026,2026-11,40
110708,EXTRATOR GRAMPOS ESPATULA AI 150MM,C,2026-03,25/03/2026,30,24/04/2026,2026-04,20
110713,LONA IMPERM FERRAM LONIL DUPLA FACE 4X3M,C,2026-03,25/03/2026,30,24/04/2026,2026-04,9
110713,LONA IMPERM FERRAM LONIL DUPLA FACE 4X3M,C,2026-05,01/05/2026,30,01/06/2026,2026-06,3
110719,PRANCHETA PORT ACR FUME 230X340X3MM,C,2026-10,01/10/2026,30,01/11/2026,2026-11,40
110730,ALICATE AMPERIMETRO DIGITAL CAT III 600V,C,2026-09,01/09/2026,30,01/10/2026,2026-10,8
110841,"ELETRODO 6013 OK SERRAL 3,5MM",C,2026-03,25/03/2026,30,24/04/2026,2026-04,80
110960,LIMA P/MOTOSERRA GROSSA 8X7/32P S/CABO,C,2026-06,01/06/2026,30,01/07/2026,2026-07,8
111059,MOTOSERRA MS-250 16 28DT 30CM,C,2026-05,01/05/2026,30,01/06/2026,2026-06,2
111352,CORRENTE FINA 3/8 STIHL MS210/250 PICCO,C,2026-06,01/06/2026,30,01/07/2026,2026-07,10
111453,LIMA P/MOTOSERRA FINA 8X3/16P S/CABO,C,2026-06,01/06/2026,30,01/07/2026,2026-07,20
111596,CORRENTE FINA 3/8 STIHL MS-170/180 22DT,C,2026-06,01/06/2026,30,01/07/2026,2026-07,20
111811,KIT FERRAMENTAS C/ CHAVES FENDA/PHILIPS,C,2026-10,01/10/2026,30,01/11/2026,2026-11,2
112008,GASOLINA COMUM,C,2026-03,25/03/2026,30,24/04/2026,2026-04,90
112008,GASOLINA COMUM,C,2026-06,01/06/2026,30,01/07/2026,2026-07,100
112008,GASOLINA COMUM,C,2026-10,01/10/2026,30,01/11/2026,2026-11,50
112065,CANETA MARCA TEXTO AM,C,2026-03,25/03/2026,30,24/04/2026,2026-04,20
112066,PAPEL AUTO ADES 38X50MM 100FL POST IT,C,2026-03,25/03/2026,30,24/04/2026,2026-04,20
112066,PAPEL AUTO ADES 38X50MM 100FL POST IT,C,2026-10,01/10/2026,30,01/11/2026,2026-11,20
112068,BLOCO COLORIDO PARA RECADO,C,2026-10,01/10/2026,30,01/11/2026,2026-11,30
112104,CANETA MARCA TEXTO VD,C,2026-10,01/10/2026,30,01/11/2026,2026-11,20
112242,CLIPE PAPEL AC NIQ TAM 8/0,C,2026-03,25/03/2026,30,24/04/2026,2026-04,20
112242,CLIPE PAPEL AC NIQ TAM 8/0,C,2026-10,01/10/2026,30,01/11/2026,2026-11,20
112331,SOLDA ESTANHO CARRETEL,C,2026-08,01/08/2026,30,01/09/2026,2026-09,40
113893,MULTIMETRO DIG 10A AC/DC TEMP 17B+ FLUKE,C,2026-10,01/10/2026,30,01/11/2026,2026-11,2
120117,CONE SINALIZACAO PVC LJ 75CM,C,2026-05,01/05/2026,30,01/06/2026,2026-06,66
120144,"VARA MANOBRA TELESC FIB VID TRIANG 7,77M",C,2026-05,01/05/2026,30,01/06/2026,2026-06,16
120226,FITA SINAL LJ 30M ATENC AFASTE-SE PERIGO,C,2026-05,01/05/2026,30,01/06/2026,2026-06,24
400011,SUPORTE TRANSF POSTE DUP T AC 210X115MM,C,2026-07,01/07/2026,30,01/08/2026,2026-08,1130
400011,SUPORTE TRANSF POSTE DUP T AC 210X115MM,C,2026-10,01/10/2026,30,01/11/2026,2026-11,22
400019,SUPORTE HORIZONTAL,C,2026-03,25/03/2026,30,24/04/2026,2026-04,135
400019,SUPORTE HORIZONTAL,C,2026-06,01/06/2026,30,01/07/2026,2026-07,118
400019,SUPORTE HORIZONTAL,C,2026-09,01/09/2026,30,01/10/2026,2026-10,25
400028,SWITCH OPTICO RUGGEDCOM 19P RSG2100,C,2026-06,01/06/2026,30,01/07/2026,2026-07,25
400030,SUPORTE AUXILIAR P/BRACO TIPO C,C,2026-03,25/03/2026,30,24/04/2026,2026-04,73
400030,SUPORTE AUXILIAR P/BRACO TIPO C,C,2026-07,01/07/2026,30,01/08/2026,2026-08,64
400040,TRAFO AER 3F 15KV 75KVA 220/127V 7TP,A,2026-03,25/03/2026,30,24/04/2026,2026-04,437
400040,TRAFO AER 3F 15KV 75KVA 220/127V 7TP,A,2026-04,01/04/2026,30,01/05/2026,2026-05,145
400040,TRAFO AER 3F 15KV 75KVA 220/127V 7TP,A,2026-05,01/05/2026,30,01/06/2026,2026-06,292
400040,TRAFO AER 3F 15KV 75KVA 220/127V 7TP,A,2026-06,01/06/2026,30,01/07/2026,2026-07,156
400040,TRAFO AER 3F 15KV 75KVA 220/127V 7TP,A,2026-07,01/07/2026,30,01/08/2026,2026-08,310
400040,TRAFO AER 3F 15KV 75KVA 220/127V 7TP,A,2026-08,01/08/2026,30,01/09/2026,2026-09,172
400040,TRAFO AER 3F 15KV 75KVA 220/127V 7TP,A,2026-09,01/09/2026,30,01/10/2026,2026-10,9
400051,TRAFO AER 3F 15KV 225KVA 220/127V 7TP,A,2026-07,01/07/2026,30,01/08/2026,2026-08,7
400051,TRAFO AER 3F 15KV 225KVA 220/127V 7TP,A,2026-08,01/08/2026,30,01/09/2026,2026-09,9
400051,TRAFO AER 3F 15KV 225KVA 220/127V 7TP,A,2026-09,01/09/2026,30,01/10/2026,2026-10,2
400069,"TRAFO CRTE 15KV; 5-5A; 0,3C12,5 BARRA",C,2026-08,01/08/2026,30,01/09/2026,2026-09,8
400072,"TRAFO AER 1F 7,96KV 5KVA 240/120V 7TP",A,2026-03,25/03/2026,30,24/04/2026,2026-04,542
400072,"TRAFO AER 1F 7,96KV 5KVA 240/120V 7TP",A,2026-05,01/05/2026,30,01/06/2026,2026-06,406
400072,"TRAFO AER 1F 7,96KV 5KVA 240/120V 7TP",A,2026-07,01/07/2026,30,01/08/2026,2026-08,296
400073,TRAFO AER 3F 15KV 45KVA 220/127V 7TP,A,2026-03,25/03/2026,30,24/04/2026,2026-04,143
400073,TRAFO AER 3F 15KV 45KVA 220/127V 7TP,A,2026-05,01/05/2026,30,01/06/2026,2026-06,74
400073,TRAFO AER 3F 15KV 45KVA 220/127V 7TP,A,2026-06,01/06/2026,30,01/07/2026,2026-07,7
400073,TRAFO AER 3F 15KV 45KVA 220/127V 7TP,A,2026-07,01/07/2026,30,01/08/2026,2026-08,57
400073,TRAFO AER 3F 15KV 45KVA 220/127V 7TP,A,2026-08,01/08/2026,30,01/09/2026,2026-09,3
400074,"TRAFO CRTE 15KV; 150-5A; 0,3C12,5 BARRA",C,2026-06,01/06/2026,30,01/07/2026,2026-07,22
400078,"TRAFO CRTE 15KV; 300-5A; 0,3C12,5 BARRA",C,2026-03,25/03/2026,30,24/04/2026,2026-04,12
400078,"TRAFO CRTE 15KV; 300-5A; 0,3C12,5 BARRA",C,2026-09,01/09/2026,30,01/10/2026,2026-10,6
400091,"TRAFO CRTE 15KV 20-5A 13,8KV 0,3C12,5",C,2026-03,25/03/2026,30,24/04/2026,2026-04,2
400091,"TRAFO CRTE 15KV 20-5A 13,8KV 0,3C12,5",C,2026-09,01/09/2026,30,01/10/2026,2026-10,1
400106,LUVA EMENDA 185MM 251MM,C,2026-10,01/10/2026,30,01/11/2026,2026-11,1
400111,"ISOLADOR CAST PORC 13,8KV 90MM 3400DAN",C,2026-05,01/05/2026,30,01/06/2026,2026-06,445
400111,"ISOLADOR CAST PORC 13,8KV 90MM 3400DAN",C,2026-09,01/09/2026,30,01/10/2026,2026-10,111
400111,"ISOLADOR CAST PORC 13,8KV 90MM 3400DAN",C,2026-10,01/10/2026,30,01/11/2026,2026-11,2
400137,LACO PREF CA 2AWG PESC 57MM PURPURA,C,2026-03,25/03/2026,30,24/04/2026,2026-04,2599
400137,LACO PREF CA 2AWG PESC 57MM PURPURA,C,2026-07,01/07/2026,30,01/08/2026,2026-08,2199
400140,ISOLADOR RODL PORC 15KV 81X47MM 1350DAN,C,2026-06,01/06/2026,30,01/07/2026,2026-07,7151
400140,ISOLADOR RODL PORC 15KV 81X47MM 1350DAN,C,2026-09,01/09/2026,30,01/10/2026,2026-10,2307
400140,ISOLADOR RODL PORC 15KV 81X47MM 1350DAN,C,2026-10,01/10/2026,30,01/11/2026,2026-11,57
400142,GRAMPO LV OLHAL 18MM 10-120/10-70MM2,C,2026-04,01/04/2026,30,01/05/2026,2026-05,2274
400142,GRAMPO LV OLHAL 18MM 10-120/10-70MM2,C,2026-07,01/07/2026,30,01/08/2026,2026-08,2515
400152,MED EL 3E 4F 120 240V 200A TB GD C,A,2026-08,01/08/2026,30,01/09/2026,2026-09,2664
400152,MED EL 3E 4F 120 240V 200A TB GD C,A,2026-10,01/10/2026,30,01/11/2026,2026-11,2664
400164,MANILHA SAPATILHA 6800KGF,C,2026-03,25/03/2026,30,24/04/2026,2026-04,1328
400164,MANILHA SAPATILHA 6800KGF,C,2026-06,01/06/2026,30,01/07/2026,2026-07,1668
400164,MANILHA SAPATILHA 6800KGF,C,2026-09,01/09/2026,30,01/10/2026,2026-10,527
400183,MED EL 2E 3F 120V 120A TB GD B,C,2026-03,25/03/2026,30,24/04/2026,2026-04,1536
400183,MED EL 2E 3F 120V 120A TB GD B,C,2026-07,01/07/2026,30,01/08/2026,2026-08,2290
400183,MED EL 2E 3F 120V 120A TB GD B,C,2026-10,01/10/2026,30,01/11/2026,2026-11,210
400188,MONITOR 19P LCD 1680X1050,C,2026-05,01/05/2026,30,01/06/2026,2026-06,36
400193,PARAFUSO OLHAL AC 5/8P 20P,C,2026-03,25/03/2026,30,24/04/2026,2026-04,2465
400193,PARAFUSO OLHAL AC 5/8P 20P,C,2026-07,01/07/2026,30,01/08/2026,2026-08,3518
400210,POSTE CONCRETO TRON CON 13M 1000KGF,C,2026-03,25/03/2026,30,24/04/2026,2026-04,24
400210,POSTE CONCRETO TRON CON 13M 1000KGF,C,2026-06,01/06/2026,30,01/07/2026,2026-07,23
400210,POSTE CONCRETO TRON CON 13M 1000KGF,C,2026-09,01/09/2026,30,01/10/2026,2026-10,9
400210,POSTE CONCRETO TRON CON 13M 1000KGF,C,2026-10,01/10/2026,30,01/11/2026,2026-11,1
400216,POSTE FIBRA VIDRO 9M 200DAN,C,2026-03,25/03/2026,30,24/04/2026,2026-04,9
400221,POSTE FIBRA VIDRO E-CR 11M 300DAN,C,2026-03,25/03/2026,30,24/04/2026,2026-04,233
400221,POSTE FIBRA VIDRO E-CR 11M 300DAN,C,2026-07,01/07/2026,30,01/08/2026,2026-08,259
400224,POSTE CONC DUPL T 11 M 300 DAN,A,2026-03,25/03/2026,30,24/04/2026,2026-04,639
400224,POSTE CONC DUPL T 11 M 300 DAN,A,2026-04,01/04/2026,30,01/05/2026,2026-05,11
400224,POSTE CONC DUPL T 11 M 300 DAN,A,2026-05,01/05/2026,30,01/06/2026,2026-06,517
400224,POSTE CONC DUPL T 11 M 300 DAN,A,2026-06,01/06/2026,30,01/07/2026,2026-07,65
400224,POSTE CONC DUPL T 11 M 300 DAN,A,2026-07,01/07/2026,30,01/08/2026,2026-08,402
400224,POSTE CONC DUPL T 11 M 300 DAN,A,2026-08,01/08/2026,30,01/09/2026,2026-09,31
400227,POSTE FIBRA VIDRO E-CR 18M 600DAN,C,2026-03,25/03/2026,30,24/04/2026,2026-04,27
400227,POSTE FIBRA VIDRO E-CR 18M 600DAN,C,2026-07,01/07/2026,30,01/08/2026,2026-08,18
400228,POSTE CONCRETO CIRC 9M 300DAN,C,2026-03,25/03/2026,30,24/04/2026,2026-04,25
400228,POSTE CONCRETO CIRC 9M 300DAN,C,2026-07,01/07/2026,30,01/08/2026,2026-08,22
400243,TRAFO AER 3F 15KV 150KVA 220/127V 7TP,A,2026-03,25/03/2026,30,24/04/2026,2026-04,113
400243,TRAFO AER 3F 15KV 150KVA 220/127V 7TP,A,2026-04,01/04/2026,30,01/05/2026,2026-05,22
400243,TRAFO AER 3F 15KV 150KVA 220/127V 7TP,A,2026-05,01/05/2026,30,01/06/2026,2026-06,51
400243,TRAFO AER 3F 15KV 150KVA 220/127V 7TP,A,2026-06,01/06/2026,30,01/07/2026,2026-07,51
400243,TRAFO AER 3F 15KV 150KVA 220/127V 7TP,A,2026-07,01/07/2026,30,01/08/2026,2026-08,100
400243,TRAFO AER 3F 15KV 150KVA 220/127V 7TP,A,2026-08,01/08/2026,30,01/09/2026,2026-09,76
400243,TRAFO AER 3F 15KV 150KVA 220/127V 7TP,A,2026-09,01/09/2026,30,01/10/2026,2026-10,25
400252,"TRAFO DE CORRENTE 0,6KV 600-5A 0,3C",C,2026-03,25/03/2026,30,24/04/2026,2026-04,3
400252,"TRAFO DE CORRENTE 0,6KV 600-5A 0,3C",C,2026-07,01/07/2026,30,01/08/2026,2026-08,2
400288,"TRAFO AER 3F 15KV 112,5KVA 220/127V 7TP",A,2026-03,25/03/2026,30,24/04/2026,2026-04,159
400288,"TRAFO AER 3F 15KV 112,5KVA 220/127V 7TP",A,2026-04,01/04/2026,30,01/05/2026,2026-05,39
400288,"TRAFO AER 3F 15KV 112,5KVA 220/127V 7TP",A,2026-05,01/05/2026,30,01/06/2026,2026-06,109
400288,"TRAFO AER 3F 15KV 112,5KVA 220/127V 7TP",A,2026-06,01/06/2026,30,01/07/2026,2026-07,82
400288,"TRAFO AER 3F 15KV 112,5KVA 220/127V 7TP",A,2026-07,01/07/2026,30,01/08/2026,2026-08,173
400288,"TRAFO AER 3F 15KV 112,5KVA 220/127V 7TP",A,2026-08,01/08/2026,30,01/09/2026,2026-09,104
400288,"TRAFO AER 3F 15KV 112,5KVA 220/127V 7TP",A,2026-09,01/09/2026,30,01/10/2026,2026-10,27
400292,"TRAFO CRTE 0,6KV;300-5A 0,3C12,5 JANELA",C,2026-04,01/04/2026,30,01/05/2026,2026-05,117
400292,"TRAFO CRTE 0,6KV;300-5A 0,3C12,5 JANELA",C,2026-07,01/07/2026,30,01/08/2026,2026-08,101
400316,"CABO ELETR 0,6/1KV CU PVC 16MM2 BT",C,2026-08,01/08/2026,30,01/09/2026,2026-09,392
400318,CONECTOR AUTO PERF 50-120/4-35MM2,C,2026-03,25/03/2026,30,24/04/2026,2026-04,98
400318,CONECTOR AUTO PERF 50-120/4-35MM2,C,2026-07,01/07/2026,30,01/08/2026,2026-08,106
400340,ESPACADOR MONOFAS COM GARRA 15KV,C,2026-03,25/03/2026,30,24/04/2026,2026-04,35
400340,ESPACADOR MONOFAS COM GARRA 15KV,C,2026-07,01/07/2026,30,01/08/2026,2026-08,33
400344,CINTA POSTE ACO 290MM,C,2026-03,25/03/2026,30,24/04/2026,2026-04,275
400344,CINTA POSTE ACO 290MM,C,2026-07,01/07/2026,30,01/08/2026,2026-08,219
400359,"ALCA PREFORM ESTAI 3/8P 9,5MM 889MM",C,2026-03,25/03/2026,30,24/04/2026,2026-04,1890
400359,"ALCA PREFORM ESTAI 3/8P 9,5MM 889MM",C,2026-07,01/07/2026,30,01/08/2026,2026-08,1570
400366,ALCA PREFORM DIST 4/0 AWG 120MM2,C,2026-05,01/05/2026,30,01/06/2026,2026-06,1563
400366,ALCA PREFORM DIST 4/0 AWG 120MM2,C,2026-09,01/09/2026,30,01/10/2026,2026-10,358
400366,ALCA PREFORM DIST 4/0 AWG 120MM2,C,2026-10,01/10/2026,30,01/11/2026,2026-11,31
400375,ALCA PREFORM DIST CAA/CA 2/0AWG 70MM2,C,2026-03,25/03/2026,30,24/04/2026,2026-04,2910
400375,ALCA PREFORM DIST CAA/CA 2/0AWG 70MM2,C,2026-07,01/07/2026,30,01/08/2026,2026-08,2628
400385,BANCO DE CAPACITOR 3F 15KV 150KVAR FIXO,C,2026-06,01/06/2026,30,01/07/2026,2026-07,6
400385,BANCO DE CAPACITOR 3F 15KV 150KVAR FIXO,C,2026-09,01/09/2026,30,01/10/2026,2026-10,2
400434,"CABO ELET NU CA AL 2AWG 33,54MM2 IRIS",C,2026-03,25/03/2026,30,24/04/2026,2026-04,3101
400434,"CABO ELET NU CA AL 2AWG 33,54MM2 IRIS",C,2026-06,01/06/2026,30,01/07/2026,2026-07,2662
400434,"CABO ELET NU CA AL 2AWG 33,54MM2 IRIS",C,2026-09,01/09/2026,30,01/10/2026,2026-10,809
400436,"CHAVE 1P 15KV 400A 12,5KA AUT VACUO 125K",C,2026-10,01/10/2026,30,01/11/2026,2026-11,60
400442,"CABO  MULT 2X16+1X16MM² XLPE 0,6/1 KV",C,2026-03,25/03/2026,30,24/04/2026,2026-04,2275
400442,"CABO  MULT 2X16+1X16MM² XLPE 0,6/1 KV",C,2026-07,01/07/2026,30,01/08/2026,2026-08,3050
400442,"CABO  MULT 2X16+1X16MM² XLPE 0,6/1 KV",C,2026-10,01/10/2026,30,01/11/2026,2026-11,40
400443,"CABO  MULT 2X25+1X25MM² XLPE 0,6/1 KV",C,2026-04,01/04/2026,30,01/05/2026,2026-05,2958
400443,"CABO  MULT 2X25+1X25MM² XLPE 0,6/1 KV",C,2026-08,01/08/2026,30,01/09/2026,2026-09,5067
400459,CABO ELETR 15KV AL PROT XLPE 35MM2 1F MT,C,2026-09,01/09/2026,30,01/10/2026,2026-10,660
400460,"CABO ELET NU CA AL 2/0AWG 67,40MM2 ASTER",C,2026-03,25/03/2026,30,24/04/2026,2026-04,3664
400460,"CABO ELET NU CA AL 2/0AWG 67,40MM2 ASTER",C,2026-06,01/06/2026,30,01/07/2026,2026-07,5221
400460,"CABO ELET NU CA AL 2/0AWG 67,40MM2 ASTER",C,2026-09,01/09/2026,30,01/10/2026,2026-10,1991
400473,"CABO  MULT 3X50+1X50MM² XLPE 0,6/1 KV",C,2026-10,01/10/2026,30,01/11/2026,2026-11,2936
400474,"CABO  MULT 3X70+1X70 MM² XLPE 0,6/1 KV",B,2026-05,01/05/2026,30,01/06/2026,2026-06,126
400474,"CABO  MULT 3X70+1X70 MM² XLPE 0,6/1 KV",B,2026-06,01/06/2026,30,01/07/2026,2026-07,1331
400474,"CABO  MULT 3X70+1X70 MM² XLPE 0,6/1 KV",B,2026-07,01/07/2026,30,01/08/2026,2026-08,1324
400474,"CABO  MULT 3X70+1X70 MM² XLPE 0,6/1 KV",B,2026-08,01/08/2026,30,01/09/2026,2026-09,4055
400474,"CABO  MULT 3X70+1X70 MM² XLPE 0,6/1 KV",B,2026-10,01/10/2026,30,01/11/2026,2026-11,2849
400478,CINTA POSTE CIRC ACO 190MM,C,2026-03,25/03/2026,30,24/04/2026,2026-04,258
400478,CINTA POSTE CIRC ACO 190MM,C,2026-06,01/06/2026,30,01/07/2026,2026-07,187
400478,CINTA POSTE CIRC ACO 190MM,C,2026-09,01/09/2026,30,01/10/2026,2026-10,64
400481,"CABO  MULT 3X16+1X16MM² XLPE 0,6/1 KV",C,2026-03,25/03/2026,30,24/04/2026,2026-04,1750
400481,"CABO  MULT 3X16+1X16MM² XLPE 0,6/1 KV",C,2026-06,01/06/2026,30,01/07/2026,2026-07,2385
400481,"CABO  MULT 3X16+1X16MM² XLPE 0,6/1 KV",C,2026-09,01/09/2026,30,01/10/2026,2026-10,813
400487,"CABO  MULT 3X120+1X120MM² XLPE 0,6/1 KV",C,2026-07,01/07/2026,30,01/08/2026,2026-08,1732
400496,CINTA POSTE CIRC ACO 240MM,C,2026-03,25/03/2026,30,24/04/2026,2026-04,293
400496,CINTA POSTE CIRC ACO 240MM,C,2026-07,01/07/2026,30,01/08/2026,2026-08,275
400506,CONECTOR DER CU 13-34MM2,C,2026-03,25/03/2026,30,24/04/2026,2026-04,2993
400506,CONECTOR DER CU 13-34MM2,C,2026-06,01/06/2026,30,01/07/2026,2026-07,3752
400506,CONECTOR DER CU 13-34MM2,C,2026-09,01/09/2026,30,01/10/2026,2026-10,1407
400506,CONECTOR DER CU 13-34MM2,C,2026-10,01/10/2026,30,01/11/2026,2026-11,94
400507,CONECTOR PARAL AL 10-2/0AWG (6-70MM2),C,2026-04,01/04/2026,30,01/05/2026,2026-05,978
400507,CONECTOR PARAL AL 10-2/0AWG (6-70MM2),C,2026-07,01/07/2026,30,01/08/2026,2026-08,1250
400512,"CONECTOR DER CUNHA AL 1/0AWG 336,4MCM",C,2026-03,25/03/2026,30,24/04/2026,2026-04,206
400512,"CONECTOR DER CUNHA AL 1/0AWG 336,4MCM",C,2026-07,01/07/2026,30,01/08/2026,2026-08,171
400534,CONECTOR CU PARAF FEND CAB ATERR 10-95MM,C,2026-04,01/04/2026,30,01/05/2026,2026-05,288
400534,CONECTOR CU PARAF FEND CAB ATERR 10-95MM,C,2026-07,01/07/2026,30,01/08/2026,2026-08,350
400594,CABO DE AÇO REVESTIDOS DE COBRE 35MM²,C,2026-03,25/03/2026,30,24/04/2026,2026-04,6002
400594,CABO DE AÇO REVESTIDOS DE COBRE 35MM²,C,2026-07,01/07/2026,30,01/08/2026,2026-08,7370
400655,GRAMPO ANCOR CUNHA AL 185MM2 400DAN,C,2026-04,01/04/2026,30,01/05/2026,2026-05,1158
400655,GRAMPO ANCOR CUNHA AL 185MM2 400DAN,C,2026-08,01/08/2026,30,01/09/2026,2026-09,884
400665,GRAMPO ANCOR CUNHA AL 50MM2 400DAN,C,2026-03,25/03/2026,30,24/04/2026,2026-04,519
400665,GRAMPO ANCOR CUNHA AL 50MM2 400DAN,C,2026-06,01/06/2026,30,01/07/2026,2026-07,637
400665,GRAMPO ANCOR CUNHA AL 50MM2 400DAN,C,2026-09,01/09/2026,30,01/10/2026,2026-10,232
400665,GRAMPO ANCOR CUNHA AL 50MM2 400DAN,C,2026-10,01/10/2026,30,01/11/2026,2026-11,3
400710,"CABO  MULT 3X95+1X70MM² XLPE 0,6/1 KV",C,2026-10,01/10/2026,30,01/11/2026,2026-11,5364
400733,"CABO ELET BT 70MM2 CU PVC PT 0,6/1KV",C,2026-03,25/03/2026,30,24/04/2026,2026-04,79
400733,"CABO ELET BT 70MM2 CU PVC PT 0,6/1KV",C,2026-07,01/07/2026,30,01/08/2026,2026-08,58
400734,"CABO ELET FLEXIVEL PVC 750V 2,5MM2 PT",C,2026-06,01/06/2026,30,01/07/2026,2026-07,800
400734,"CABO ELET FLEXIVEL PVC 750V 2,5MM2 PT",C,2026-10,01/10/2026,30,01/11/2026,2026-11,400
400758,CHAVE SECC 1P 15KV 630A 110KV 25KA,A,2026-03,25/03/2026,30,24/04/2026,2026-04,739
400758,CHAVE SECC 1P 15KV 630A 110KV 25KA,A,2026-04,01/04/2026,30,01/05/2026,2026-05,131
400758,CHAVE SECC 1P 15KV 630A 110KV 25KA,A,2026-05,01/05/2026,30,01/06/2026,2026-06,569
400758,CHAVE SECC 1P 15KV 630A 110KV 25KA,A,2026-06,01/06/2026,30,01/07/2026,2026-07,196
400758,CHAVE SECC 1P 15KV 630A 110KV 25KA,A,2026-07,01/07/2026,30,01/08/2026,2026-08,509
400758,CHAVE SECC 1P 15KV 630A 110KV 25KA,A,2026-08,01/08/2026,30,01/09/2026,2026-09,173
400790,CONECTOR ATERR REFORÇ HAST/CAB 5/8-35MM2,C,2026-04,01/04/2026,30,01/05/2026,2026-05,5983
400790,CONECTOR ATERR REFORÇ HAST/CAB 5/8-35MM2,C,2026-07,01/07/2026,30,01/08/2026,2026-08,6481
400805,ELO FUSIVEL BOTAO DISTRIB H 5A 500MM,C,2026-04,01/04/2026,30,01/05/2026,2026-05,1735
400805,ELO FUSIVEL BOTAO DISTRIB H 5A 500MM,C,2026-07,01/07/2026,30,01/08/2026,2026-08,1992
400806,ELO FUSIVEL DISTRIB 30K 15KV 500MM,C,2026-08,01/08/2026,30,01/09/2026,2026-09,28
400817,CONECTOR PERF AL 35-150MM2 / 35-150MM2,C,2026-10,01/10/2026,30,01/11/2026,2026-11,3576
400821,CABO ELET 15KV AL PROT XLPE 120MM2 1F MT,C,2026-05,01/05/2026,30,01/06/2026,2026-06,984
400827,ARRUELA LIS QD AC 17MM 11/16 57X57MM 5MM,C,2026-03,25/03/2026,30,24/04/2026,2026-04,8586
400827,ARRUELA LIS QD AC 17MM 11/16 57X57MM 5MM,C,2026-06,01/06/2026,30,01/07/2026,2026-07,5163
400827,ARRUELA LIS QD AC 17MM 11/16 57X57MM 5MM,C,2026-10,01/10/2026,30,01/11/2026,2026-11,578
400889,HASTE ANCORA AC 2400MM 16MM,C,2026-03,25/03/2026,30,24/04/2026,2026-04,356
400889,HASTE ANCORA AC 2400MM 16MM,C,2026-07,01/07/2026,30,01/08/2026,2026-08,322
400906,"HASTE ATERRAMENTO CI AC 14,3X2438MM",C,2026-03,25/03/2026,30,24/04/2026,2026-04,6286
400906,"HASTE ATERRAMENTO CI AC 14,3X2438MM",C,2026-06,01/06/2026,30,01/07/2026,2026-07,6145
400906,"HASTE ATERRAMENTO CI AC 14,3X2438MM",C,2026-09,01/09/2026,30,01/10/2026,2026-10,2370
400906,"HASTE ATERRAMENTO CI AC 14,3X2438MM",C,2026-10,01/10/2026,30,01/11/2026,2026-11,212
400930,PARAFUSO CAB ABA AC 10MM 115MM,C,2026-03,25/03/2026,30,24/04/2026,2026-04,4869
400930,PARAFUSO CAB ABA AC 10MM 115MM,C,2026-06,01/06/2026,30,01/07/2026,2026-07,5771
400930,PARAFUSO CAB ABA AC 10MM 115MM,C,2026-09,01/09/2026,30,01/10/2026,2026-10,2126
400930,PARAFUSO CAB ABA AC 10MM 115MM,C,2026-10,01/10/2026,30,01/11/2026,2026-11,122
400937,MED EL 2E 3F 120V 120A GD B,B,2026-08,01/08/2026,30,01/09/2026,2026-09,7680
400937,MED EL 2E 3F 120V 120A GD B,B,2026-10,01/10/2026,30,01/11/2026,2026-11,11302
400951,PARAFUSO MAQ CAB QD AC 5/8X24P,C,2026-08,01/08/2026,30,01/09/2026,2026-09,202
400968,POSTE FIBRA VIDRO 11M 200DAN,A,2026-03,25/03/2026,30,24/04/2026,2026-04,374
400968,POSTE FIBRA VIDRO 11M 200DAN,A,2026-05,01/05/2026,30,01/06/2026,2026-06,217
400968,POSTE FIBRA VIDRO 11M 200DAN,A,2026-07,01/07/2026,30,01/08/2026,2026-08,137
400972,PARAFUSO OLH AC 5/8P 800MM,C,2026-05,01/05/2026,30,01/06/2026,2026-06,191
400972,PARAFUSO OLH AC 5/8P 800MM,C,2026-08,01/08/2026,30,01/09/2026,2026-09,140
400973,PARA-RAIO DISTR POL 12KV 10KV,C,2026-03,25/03/2026,30,24/04/2026,2026-04,2800
400973,PARA-RAIO DISTR POL 12KV 10KV,C,2026-08,01/08/2026,30,01/09/2026,2026-09,841
400974,PORCA QUADRADA AC 16MM 2MM,C,2026-05,01/05/2026,30,01/06/2026,2026-06,6861
400974,PORCA QUADRADA AC 16MM 2MM,C,2026-08,01/08/2026,30,01/09/2026,2026-09,5575
400984,POSTE FIBRA VIDRO 11M 1000DAN,C,2026-03,25/03/2026,30,24/04/2026,2026-04,2
400984,POSTE FIBRA VIDRO 11M 1000DAN,C,2026-07,01/07/2026,30,01/08/2026,2026-08,1
400988,POSTE CONCRETO TRON CON 9M 600KGF,C,2026-05,01/05/2026,30,01/06/2026,2026-06,24
400988,POSTE CONCRETO TRON CON 9M 600KGF,C,2026-10,01/10/2026,30,01/11/2026,2026-11,4
400995,POSTE CONCRETO DUPLO T 9M 1000DAN,C,2026-05,01/05/2026,30,01/06/2026,2026-06,33
400995,POSTE CONCRETO DUPLO T 9M 1000DAN,C,2026-08,01/08/2026,30,01/09/2026,2026-09,29
401004,"RELIGADOR 1F AUTOMAT 7,96 KV 100A 6,3kA",C,2026-03,25/03/2026,30,24/04/2026,2026-04,7
401004,"RELIGADOR 1F AUTOMAT 7,96 KV 100A 6,3kA",C,2026-05,01/05/2026,30,01/06/2026,2026-06,6
401004,"RELIGADOR 1F AUTOMAT 7,96 KV 100A 6,3kA",C,2026-09,01/09/2026,30,01/10/2026,2026-10,3
401014,SUPORTE TRANSF POSTE CIRC AC 280MM,C,2026-06,01/06/2026,30,01/07/2026,2026-07,73
401014,SUPORTE TRANSF POSTE CIRC AC 280MM,C,2026-09,01/09/2026,30,01/10/2026,2026-10,32
401034,"CONECTOR DER CUNH AZ AL 4/0 2/0 336,4MCM",C,2026-03,25/03/2026,30,24/04/2026,2026-04,563
401034,"CONECTOR DER CUNH AZ AL 4/0 2/0 336,4MCM",C,2026-06,01/06/2026,30,01/07/2026,2026-07,490
401034,"CONECTOR DER CUNH AZ AL 4/0 2/0 336,4MCM",C,2026-10,01/10/2026,30,01/11/2026,2026-11,221
401036,"CORDOALHA AC 9,5MM 3/8P 7F 4900DAN",C,2026-03,25/03/2026,30,24/04/2026,2026-04,3985
401036,"CORDOALHA AC 9,5MM 3/8P 7F 4900DAN",C,2026-06,01/06/2026,30,01/07/2026,2026-07,4860
401036,"CORDOALHA AC 9,5MM 3/8P 7F 4900DAN",C,2026-09,01/09/2026,30,01/10/2026,2026-10,1925
401036,"CORDOALHA AC 9,5MM 3/8P 7F 4900DAN",C,2026-10,01/10/2026,30,01/11/2026,2026-11,32
401040,CONECTOR TERMINAL CU FUND 10-300MM2,C,2026-04,01/04/2026,30,01/05/2026,2026-05,30
401040,CONECTOR TERMINAL CU FUND 10-300MM2,C,2026-08,01/08/2026,30,01/09/2026,2026-09,24
401040,CONECTOR TERMINAL CU FUND 10-300MM2,C,2026-10,01/10/2026,30,01/11/2026,2026-11,2
401050,CONECTORES CUNHA 1/0AWG-50MM2 2AWG-25MM2,C,2026-09,01/09/2026,30,01/10/2026,2026-10,27
401086,PARAFUSO CAB QD MAQ AC 5/8X6P,C,2026-07,01/07/2026,30,01/08/2026,2026-08,28
401090,LACO LATERAL DUPLO CA 2AWG,C,2026-03,25/03/2026,30,24/04/2026,2026-04,715
401090,LACO LATERAL DUPLO CA 2AWG,C,2026-07,01/07/2026,30,01/08/2026,2026-08,899
401108,LACO DISTRIBUICAO PREF CAA 1/0AWG,C,2026-06,01/06/2026,30,01/07/2026,2026-07,1406
401108,LACO DISTRIBUICAO PREF CAA 1/0AWG,C,2026-09,01/09/2026,30,01/10/2026,2026-10,555
401108,LACO DISTRIBUICAO PREF CAA 1/0AWG,C,2026-10,01/10/2026,30,01/11/2026,2026-11,33
401116,ISOLADOR ANCOR POLIM 15KV 5000DAN,C,2026-05,01/05/2026,30,01/06/2026,2026-06,4953
401116,ISOLADOR ANCOR POLIM 15KV 5000DAN,C,2026-08,01/08/2026,30,01/09/2026,2026-09,4264
401117,"MAO-FRANCESA NORMAL AC 710X32X6,5MM",C,2026-07,01/07/2026,30,01/08/2026,2026-08,4260
401127,POSTE CONCRETO ARM DUPL T 11M 600KGF,A,2026-03,25/03/2026,30,24/04/2026,2026-04,524
401127,POSTE CONCRETO ARM DUPL T 11M 600KGF,A,2026-04,01/04/2026,30,01/05/2026,2026-05,149
401127,POSTE CONCRETO ARM DUPL T 11M 600KGF,A,2026-05,01/05/2026,30,01/06/2026,2026-06,584
401127,POSTE CONCRETO ARM DUPL T 11M 600KGF,A,2026-06,01/06/2026,30,01/07/2026,2026-07,210
401127,POSTE CONCRETO ARM DUPL T 11M 600KGF,A,2026-07,01/07/2026,30,01/08/2026,2026-08,505
401127,POSTE CONCRETO ARM DUPL T 11M 600KGF,A,2026-08,01/08/2026,30,01/09/2026,2026-09,195
401131,PARAFUSO CAB QD AC 16MM 225MM 300MM,C,2026-03,25/03/2026,30,24/04/2026,2026-04,10808
401131,PARAFUSO CAB QD AC 16MM 225MM 300MM,C,2026-05,01/05/2026,30,01/06/2026,2026-06,6101
401131,PARAFUSO CAB QD AC 16MM 225MM 300MM,C,2026-10,01/10/2026,30,01/11/2026,2026-11,1814
401155,PARAFUSO CAB QD AC 16MM 500MM,C,2026-05,01/05/2026,30,01/06/2026,2026-06,1644
401155,PARAFUSO CAB QD AC 16MM 500MM,C,2026-08,01/08/2026,30,01/09/2026,2026-09,1074
401193,"TRAFO AER 1F 7,96KV 15KVA 240/120V 7TP",B,2026-03,25/03/2026,30,24/04/2026,2026-04,96
401193,"TRAFO AER 1F 7,96KV 15KVA 240/120V 7TP",B,2026-05,01/05/2026,30,01/06/2026,2026-06,50
401193,"TRAFO AER 1F 7,96KV 15KVA 240/120V 7TP",B,2026-07,01/07/2026,30,01/08/2026,2026-08,31
401239,PARAFUSO CAB QD AC 16MM 450MM,C,2026-08,01/08/2026,30,01/09/2026,2026-09,3899
401252,POSTE CONCRETO TRON CON 13M 600DAN,C,2026-03,25/03/2026,30,24/04/2026,2026-04,39
401252,POSTE CONCRETO TRON CON 13M 600DAN,C,2026-07,01/07/2026,30,01/08/2026,2026-08,39
401260,POSTE CONCRETO TRON CON 9M 1000KGF,C,2026-06,01/06/2026,30,01/07/2026,2026-07,31
401260,POSTE CONCRETO TRON CON 9M 1000KGF,C,2026-09,01/09/2026,30,01/10/2026,2026-10,12
401264,PINO ISOLADOR AC 25X294X19MM,C,2026-05,01/05/2026,30,01/06/2026,2026-06,4333
401264,PINO ISOLADOR AC 25X294X19MM,C,2026-08,01/08/2026,30,01/09/2026,2026-09,3397
401271,,C,2026-03,25/03/2026,30,24/04/2026,2026-04,137
401271,,C,2026-07,01/07/2026,30,01/08/2026,2026-08,132
401296,POSTE CONCRETO TRON CON 11M 600KGF,B,2026-03,25/03/2026,30,24/04/2026,2026-04,100
401296,POSTE CONCRETO TRON CON 11M 600KGF,B,2026-04,01/04/2026,30,01/05/2026,2026-05,7
401296,POSTE CONCRETO TRON CON 11M 600KGF,B,2026-05,01/05/2026,30,01/06/2026,2026-06,48
401296,POSTE CONCRETO TRON CON 11M 600KGF,B,2026-06,01/06/2026,30,01/07/2026,2026-07,19
401296,POSTE CONCRETO TRON CON 11M 600KGF,B,2026-07,01/07/2026,30,01/08/2026,2026-08,44
401296,POSTE CONCRETO TRON CON 11M 600KGF,B,2026-08,01/08/2026,30,01/09/2026,2026-09,14
401308,"TRAFO CRTE 15KV; 10-5A; 0,3C12,5 BARRA",C,2026-09,01/09/2026,30,01/10/2026,2026-10,22
401309,"TRAFO CRTE 15KV; 20-5A; 0,3C12,5 BARRA",C,2026-08,01/08/2026,30,01/09/2026,2026-09,30
401318,POSTE FIBRA VIDRO E-CR 9M 600DAN,C,2026-03,25/03/2026,30,24/04/2026,2026-04,314
401318,POSTE FIBRA VIDRO E-CR 9M 600DAN,C,2026-07,01/07/2026,30,01/08/2026,2026-08,258
401324,TRAFO AER 3F 15KV 30KVA 220/127V 7TP,A,2026-03,25/03/2026,30,24/04/2026,2026-04,48
401324,TRAFO AER 3F 15KV 30KVA 220/127V 7TP,A,2026-05,01/05/2026,30,01/06/2026,2026-06,29
401324,TRAFO AER 3F 15KV 30KVA 220/127V 7TP,A,2026-06,01/06/2026,30,01/07/2026,2026-07,5
401324,TRAFO AER 3F 15KV 30KVA 220/127V 7TP,A,2026-07,01/07/2026,30,01/08/2026,2026-08,24
401324,TRAFO AER 3F 15KV 30KVA 220/127V 7TP,A,2026-08,01/08/2026,30,01/09/2026,2026-09,6
401349,POSTE CONCRETO CIRC 11M 1000DAN,B,2026-03,25/03/2026,30,24/04/2026,2026-04,89
401349,POSTE CONCRETO CIRC 11M 1000DAN,B,2026-04,01/04/2026,30,01/05/2026,2026-05,22
401349,POSTE CONCRETO CIRC 11M 1000DAN,B,2026-05,01/05/2026,30,01/06/2026,2026-06,43
401349,POSTE CONCRETO CIRC 11M 1000DAN,B,2026-06,01/06/2026,30,01/07/2026,2026-07,24
401349,POSTE CONCRETO CIRC 11M 1000DAN,B,2026-07,01/07/2026,30,01/08/2026,2026-08,29
401349,POSTE CONCRETO CIRC 11M 1000DAN,B,2026-08,01/08/2026,30,01/09/2026,2026-09,14
401356,"TRAFO CRTE 15KV; 15-5A; 0,3C12,5 BARRA",C,2026-09,01/09/2026,30,01/10/2026,2026-10,13
401358,TERMINAL OLHAL COMP P/ CABO COBRE 95MM,C,2026-03,25/03/2026,30,24/04/2026,2026-04,71
401358,TERMINAL OLHAL COMP P/ CABO COBRE 95MM,C,2026-07,01/07/2026,30,01/08/2026,2026-08,143
401360,POSTE FIBRA VIDRO E-CR 9M 300DAN,C,2026-03,25/03/2026,30,24/04/2026,2026-04,414
401360,POSTE FIBRA VIDRO E-CR 9M 300DAN,C,2026-07,01/07/2026,30,01/08/2026,2026-08,299
401372,TERMINAL PRESSAO CU 120MM2 C/SAPATA,C,2026-04,01/04/2026,30,01/05/2026,2026-05,116
401372,TERMINAL PRESSAO CU 120MM2 C/SAPATA,C,2026-08,01/08/2026,30,01/09/2026,2026-09,118
401375,AFASTADOR REDE SEC AC 700MM 500MM,C,2026-04,01/04/2026,30,01/05/2026,2026-05,834
401396,"CABO  MULT 3X25+1X25 MM² XLPE 0,6/1 KV",C,2026-04,01/04/2026,30,01/05/2026,2026-05,2110
401396,"CABO  MULT 3X25+1X25 MM² XLPE 0,6/1 KV",C,2026-08,01/08/2026,30,01/09/2026,2026-09,2498
401399,ELO FUSIVEL DISTRIB 20K 15KV 500MM,C,2026-03,25/03/2026,30,24/04/2026,2026-04,12
401399,ELO FUSIVEL DISTRIB 20K 15KV 500MM,C,2026-07,01/07/2026,30,01/08/2026,2026-08,37
401405,"CHAVE SECC 3P 15KV 400A 12,5KA",C,2026-10,01/10/2026,30,01/11/2026,2026-11,12
401436,CONECTOR DER AL 1/0-4/0AWG,C,2026-03,25/03/2026,30,24/04/2026,2026-04,427
401436,CONECTOR DER AL 1/0-4/0AWG,C,2026-06,01/06/2026,30,01/07/2026,2026-07,390
401436,CONECTOR DER AL 1/0-4/0AWG,C,2026-09,01/09/2026,30,01/10/2026,2026-10,155
401436,CONECTOR DER AL 1/0-4/0AWG,C,2026-10,01/10/2026,30,01/11/2026,2026-11,41
401438,CINTA POSTE CIRC ACO 270MM,C,2026-04,01/04/2026,30,01/05/2026,2026-05,312
401438,CINTA POSTE CIRC ACO 270MM,C,2026-07,01/07/2026,30,01/08/2026,2026-08,261
401465,CONECTOR PERF AL 16-120MM2 / 16-120MM2,C,2026-03,25/03/2026,30,24/04/2026,2026-04,11554
401465,CONECTOR PERF AL 16-120MM2 / 16-120MM2,C,2026-06,01/06/2026,30,01/07/2026,2026-07,10647
401465,CONECTOR PERF AL 16-120MM2 / 16-120MM2,C,2026-09,01/09/2026,30,01/10/2026,2026-10,21237
401465,CONECTOR PERF AL 16-120MM2 / 16-120MM2,C,2026-10,01/10/2026,30,01/11/2026,2026-11,17214
401471,CONECTOR CUN ESTRIBO 1/0 2/0AWG C/ CARTU,C,2026-07,01/07/2026,30,01/08/2026,2026-08,462
401471,CONECTOR CUN ESTRIBO 1/0 2/0AWG C/ CARTU,C,2026-10,01/10/2026,30,01/11/2026,2026-11,4
401485,BRACO SUPORTE TIPO C 580X365MM 851/6,C,2026-03,25/03/2026,30,24/04/2026,2026-04,899
401485,BRACO SUPORTE TIPO C 580X365MM 851/6,C,2026-06,01/06/2026,30,01/07/2026,2026-07,1245
401485,BRACO SUPORTE TIPO C 580X365MM 851/6,C,2026-09,01/09/2026,30,01/10/2026,2026-10,433
401485,BRACO SUPORTE TIPO C 580X365MM 851/6,C,2026-10,01/10/2026,30,01/11/2026,2026-11,12
401497,ARRUELA PRES AC PARAF 3/8P 15MM,C,2026-03,25/03/2026,30,24/04/2026,2026-04,338
401497,ARRUELA PRES AC PARAF 3/8P 15MM,C,2026-06,01/06/2026,30,01/07/2026,2026-07,359
401497,ARRUELA PRES AC PARAF 3/8P 15MM,C,2026-10,01/10/2026,30,01/11/2026,2026-11,168
401500,CONECTOR DER CUNHA AL 2/0AWG 4/0AWG,C,2026-07,01/07/2026,30,01/08/2026,2026-08,648
401500,CONECTOR DER CUNHA AL 2/0AWG 4/0AWG,C,2026-10,01/10/2026,30,01/11/2026,2026-11,9
401505,FIO ELETRICO NU CU 16MM2 MEIO DURO,C,2026-03,25/03/2026,30,24/04/2026,2026-04,1354
401505,FIO ELETRICO NU CU 16MM2 MEIO DURO,C,2026-07,01/07/2026,30,01/08/2026,2026-08,958
401531,"CABO ELET ISOL PVC PT 10MM2 0,6/1KV",C,2026-03,25/03/2026,30,24/04/2026,2026-04,214
401531,"CABO ELET ISOL PVC PT 10MM2 0,6/1KV",C,2026-07,01/07/2026,30,01/08/2026,2026-08,325
401547,"CRUZETA POL PE/FBN 90X112,5X2400MM",C,2026-03,25/03/2026,30,24/04/2026,2026-04,1718
401547,"CRUZETA POL PE/FBN 90X112,5X2400MM",C,2026-07,01/07/2026,30,01/08/2026,2026-08,1604
401552,CONECTOR CUNHA CA 336 MCM CA 4/0 AWG,C,2026-03,25/03/2026,30,24/04/2026,2026-04,184
401552,CONECTOR CUNHA CA 336 MCM CA 4/0 AWG,C,2026-07,01/07/2026,30,01/08/2026,2026-08,118
401562,CONECTOR GRAM LV CU 6AWG-4/0(DESATIVADO),C,2026-03,25/03/2026,30,24/04/2026,2026-04,10
401562,CONECTOR GRAM LV CU 6AWG-4/0(DESATIVADO),C,2026-08,01/08/2026,30,01/09/2026,2026-09,2
401566,CONECTOR PARAL AL 4/0AWG 1/0AWG,C,2026-05,01/05/2026,30,01/06/2026,2026-06,3172
401566,CONECTOR PARAL AL 4/0AWG 1/0AWG,C,2026-09,01/09/2026,30,01/10/2026,2026-10,1019
401566,CONECTOR PARAL AL 4/0AWG 1/0AWG,C,2026-10,01/10/2026,30,01/11/2026,2026-11,95
401574,BRACO ANTIBALANCO PA PT 15KV 320MM,C,2026-05,01/05/2026,30,01/06/2026,2026-06,714
401574,BRACO ANTIBALANCO PA PT 15KV 320MM,C,2026-09,01/09/2026,30,01/10/2026,2026-10,223
401575,CONECTOR PERF 15KV 50-185MM2 / 50-185MM2,C,2026-03,25/03/2026,30,24/04/2026,2026-04,679
401575,CONECTOR PERF 15KV 50-185MM2 / 50-185MM2,C,2026-07,01/07/2026,30,01/08/2026,2026-08,640
401576,CINTA POSTE CIRC ACO 220MM,C,2026-04,01/04/2026,30,01/05/2026,2026-05,280
401576,CINTA POSTE CIRC ACO 220MM,C,2026-07,01/07/2026,30,01/08/2026,2026-08,259
401608,PARA-RAIO DISTRIB POL 280V 10KA ISOL,C,2026-07,01/07/2026,30,01/08/2026,2026-08,1504
401608,PARA-RAIO DISTRIB POL 280V 10KA ISOL,C,2026-10,01/10/2026,30,01/11/2026,2026-11,8
401620,LACO PREF ROLD CA 2/0AWG LJ,C,2026-07,01/07/2026,30,01/08/2026,2026-08,1326
401629,POSTE FIBRA VIDRO 33M 1000KGF,C,2026-03,25/03/2026,30,24/04/2026,2026-04,4
401629,POSTE FIBRA VIDRO 33M 1000KGF,C,2026-07,01/07/2026,30,01/08/2026,2026-08,2
401632,LACRE SEG MET 11DIG BR,C,2026-10,01/10/2026,30,01/11/2026,2026-11,7166
401657,MAO FRANCESA BECO AC 2135MM 35MMX5MM,C,2026-04,01/04/2026,30,01/05/2026,2026-05,33
401657,MAO FRANCESA BECO AC 2135MM 35MMX5MM,C,2026-07,01/07/2026,30,01/08/2026,2026-08,32
401678,"TRAFO POT 13,8 3KV 115 REL70 1 0,3P75",C,2026-09,01/09/2026,30,01/10/2026,2026-10,130
401685,"TRAFO CRTE 0,6KV;600-5A 0,3C12,5 JANELA",C,2026-07,01/07/2026,30,01/08/2026,2026-08,172
401686,PINO TOPO AC 25MM 389MM 2F 18X32MM,C,2026-07,01/07/2026,30,01/08/2026,2026-08,709
401699,POSTE FIBRA VIDRO E-CR 13M 400DAN,C,2026-03,25/03/2026,30,24/04/2026,2026-04,4
401706,PARAFUSO CAB QD AC 16MM 2P 350MM,C,2026-03,25/03/2026,30,24/04/2026,2026-04,209
401706,PARAFUSO CAB QD AC 16MM 2P 350MM,C,2026-07,01/07/2026,30,01/08/2026,2026-08,325
401709,SUPORTE TRANSF POSTE CIRC AC 290MM,C,2026-07,01/07/2026,30,01/08/2026,2026-08,93
401711,ISOLADOR PINO PORC 15KV 102MM 1350KGF,C,2026-04,01/04/2026,30,01/05/2026,2026-05,5141
401711,ISOLADOR PINO PORC 15KV 102MM 1350KGF,C,2026-08,01/08/2026,30,01/09/2026,2026-09,3779
401711,ISOLADOR PINO PORC 15KV 102MM 1350KGF,C,2026-10,01/10/2026,30,01/11/2026,2026-11,888
401733,TERMINAL PRESSAO CU 70MM2,C,2026-05,01/05/2026,30,01/06/2026,2026-06,67
401733,TERMINAL PRESSAO CU 70MM2,C,2026-08,01/08/2026,30,01/09/2026,2026-09,52
401735,"TRAFO CRTE 0,6KV;800-5A 0,3C12,5 JANELA",C,2026-04,01/04/2026,30,01/05/2026,2026-05,134
401735,"TRAFO CRTE 0,6KV;800-5A 0,3C12,5 JANELA",C,2026-07,01/07/2026,30,01/08/2026,2026-08,81
401753,ALCA PREFORM DIST CAA/CA 1/0AWG 50MM2,C,2026-03,25/03/2026,30,24/04/2026,2026-04,1985
401753,ALCA PREFORM DIST CAA/CA 1/0AWG 50MM2,C,2026-07,01/07/2026,30,01/08/2026,2026-08,2244
401763,PARAFUSO OLH AC 5/8P 650MM,C,2026-05,01/05/2026,30,01/06/2026,2026-06,424
401763,PARAFUSO OLH AC 5/8P 650MM,C,2026-09,01/09/2026,30,01/10/2026,2026-10,219
401783,"ARMACAO SEC PRESB 2EST 4,5MM ACO",C,2026-03,25/03/2026,30,24/04/2026,2026-04,5515
401783,"ARMACAO SEC PRESB 2EST 4,5MM ACO",C,2026-07,01/07/2026,30,01/08/2026,2026-08,3939
401786,"CABO  MULT 3X35+1X35 MM² XLPE 0,6/1 KV",C,2026-04,01/04/2026,30,01/05/2026,2026-05,4785
401786,"CABO  MULT 3X35+1X35 MM² XLPE 0,6/1 KV",C,2026-08,01/08/2026,30,01/09/2026,2026-09,4796
401786,"CABO  MULT 3X35+1X35 MM² XLPE 0,6/1 KV",C,2026-10,01/10/2026,30,01/11/2026,2026-11,820
401803,CINTA POSTE CIRC ACO 340MM,C,2026-05,01/05/2026,30,01/06/2026,2026-06,59
401803,CINTA POSTE CIRC ACO 340MM,C,2026-08,01/08/2026,30,01/09/2026,2026-09,43
401823,"CORDOALHA AC 6,3MM 1/4P 7F",C,2026-03,25/03/2026,30,24/04/2026,2026-04,5502
401823,"CORDOALHA AC 6,3MM 1/4P 7F",C,2026-07,01/07/2026,30,01/08/2026,2026-08,2529
401834,CONECTOR PARAL AL 10AWG-1/0AWG,C,2026-03,25/03/2026,30,24/04/2026,2026-04,2875
401834,CONECTOR PARAL AL 10AWG-1/0AWG,C,2026-07,01/07/2026,30,01/08/2026,2026-08,2512
401844,PERFIL U AC 76X900MM REDE COMPACTA,C,2026-03,25/03/2026,30,24/04/2026,2026-04,568
401844,PERFIL U AC 76X900MM REDE COMPACTA,C,2026-06,01/06/2026,30,01/07/2026,2026-07,667
401844,PERFIL U AC 76X900MM REDE COMPACTA,C,2026-09,01/09/2026,30,01/10/2026,2026-10,216
401857,CHAVE FUSIVEL DIST 15KV 100A/10KA PORC,A,2026-03,25/03/2026,30,24/04/2026,2026-04,2147
401857,CHAVE FUSIVEL DIST 15KV 100A/10KA PORC,A,2026-04,01/04/2026,30,01/05/2026,2026-05,685
401857,CHAVE FUSIVEL DIST 15KV 100A/10KA PORC,A,2026-05,01/05/2026,30,01/06/2026,2026-06,1143
401857,CHAVE FUSIVEL DIST 15KV 100A/10KA PORC,A,2026-06,01/06/2026,30,01/07/2026,2026-07,778
401857,CHAVE FUSIVEL DIST 15KV 100A/10KA PORC,A,2026-07,01/07/2026,30,01/08/2026,2026-08,1149
401857,CHAVE FUSIVEL DIST 15KV 100A/10KA PORC,A,2026-08,01/08/2026,30,01/09/2026,2026-09,760
401874,CARTUCHO MET P/CUNHA AM FEST CALIB 22,C,2026-10,01/10/2026,30,01/11/2026,2026-11,1
401886,CABO AL NU C/ALMA ACO CAA-2AWG SPAROW,C,2026-04,01/04/2026,30,01/05/2026,2026-05,1500
401892,CINTA POSTE CIRC ACO 200MM,C,2026-03,25/03/2026,30,24/04/2026,2026-04,365
401892,CINTA POSTE CIRC ACO 200MM,C,2026-07,01/07/2026,30,01/08/2026,2026-08,359
401908,"CABO ELET NU CA 336,4MCM 170MM2 TULIP",C,2026-03,25/03/2026,30,24/04/2026,2026-04,158
401908,"CABO ELET NU CA 336,4MCM 170MM2 TULIP",C,2026-07,01/07/2026,30,01/08/2026,2026-08,325
401910,ELO FUSIVEL BOTAO DISTRIB K 15A 500MM,C,2026-05,01/05/2026,30,01/06/2026,2026-06,153
401910,ELO FUSIVEL BOTAO DISTRIB K 15A 500MM,C,2026-10,01/10/2026,30,01/11/2026,2026-11,45
401927,MANILHA SAPATILHA 5000DAN,C,2026-05,01/05/2026,30,01/06/2026,2026-06,3621
401927,MANILHA SAPATILHA 5000DAN,C,2026-08,01/08/2026,30,01/09/2026,2026-09,2278
401927,MANILHA SAPATILHA 5000DAN,C,2026-10,01/10/2026,30,01/11/2026,2026-11,14
401931,POSTE FIBRA VIDRO E-CR 13M 600DAN,C,2026-05,01/05/2026,30,01/06/2026,2026-06,14
401935,PINO ISOLADOR POLIMERICO AC 15KV 145MM,C,2026-04,01/04/2026,30,01/05/2026,2026-05,10
401959,"CRUZETA POL FBV/RES PES 2400X112,5X90MM",B,2026-03,25/03/2026,30,24/04/2026,2026-04,1478
401959,"CRUZETA POL FBV/RES PES 2400X112,5X90MM",B,2026-04,01/04/2026,30,01/05/2026,2026-05,395
401959,"CRUZETA POL FBV/RES PES 2400X112,5X90MM",B,2026-05,01/05/2026,30,01/06/2026,2026-06,1300
401959,"CRUZETA POL FBV/RES PES 2400X112,5X90MM",B,2026-06,01/06/2026,30,01/07/2026,2026-07,562
401959,"CRUZETA POL FBV/RES PES 2400X112,5X90MM",B,2026-07,01/07/2026,30,01/08/2026,2026-08,1176
401959,"CRUZETA POL FBV/RES PES 2400X112,5X90MM",B,2026-08,01/08/2026,30,01/09/2026,2026-09,526
401987,POSTE FIBRA VIDRO 22M 1000DAN,C,2026-03,25/03/2026,30,24/04/2026,2026-04,24
401987,POSTE FIBRA VIDRO 22M 1000DAN,C,2026-07,01/07/2026,30,01/08/2026,2026-08,17
401992,"TRAFO CRTE 0,6KV 400-5A; 0,3C12,5 BARRA",C,2026-04,01/04/2026,30,01/05/2026,2026-05,136
401992,"TRAFO CRTE 0,6KV 400-5A; 0,3C12,5 BARRA",C,2026-07,01/07/2026,30,01/08/2026,2026-08,130
401992,"TRAFO CRTE 0,6KV 400-5A; 0,3C12,5 BARRA",C,2026-10,01/10/2026,30,01/11/2026,2026-11,18
402017,SUPORTE TRANSF POSTE DUP T AC 210X125MM,C,2026-04,01/04/2026,30,01/05/2026,2026-05,48
402017,SUPORTE TRANSF POSTE DUP T AC 210X125MM,C,2026-07,01/07/2026,30,01/08/2026,2026-08,60
402025,ELO FUSIVEL BOTAO DISTRIB K 25A 500MM,C,2026-03,25/03/2026,30,24/04/2026,2026-04,10
402025,ELO FUSIVEL BOTAO DISTRIB K 25A 500MM,C,2026-07,01/07/2026,30,01/08/2026,2026-08,2
402036,TERMINAL PRESSAO CU 150MM2 C/SAPATA,C,2026-03,25/03/2026,30,24/04/2026,2026-04,45
402036,TERMINAL PRESSAO CU 150MM2 C/SAPATA,C,2026-07,01/07/2026,30,01/08/2026,2026-08,87
402081,"CABO ELET CU 120MM2 90°XLPE 0,6/1KV",C,2026-05,01/05/2026,30,01/06/2026,2026-06,3202
402081,"CABO ELET CU 120MM2 90°XLPE 0,6/1KV",C,2026-09,01/09/2026,30,01/10/2026,2026-10,1974
402092,BANCO DE CAPACITOR 3F 15KV 75KVAR FIXO,C,2026-09,01/09/2026,30,01/10/2026,2026-10,4
402098,POSTE CONCRETO DUPLO T 13M 1000DAN,C,2026-03,25/03/2026,30,24/04/2026,2026-04,21
402098,POSTE CONCRETO DUPLO T 13M 1000DAN,C,2026-07,01/07/2026,30,01/08/2026,2026-08,19
402105,CONECTOR AUTO PERF DU 70-240 / 70-240MM2,C,2026-03,25/03/2026,30,24/04/2026,2026-04,3259
402105,CONECTOR AUTO PERF DU 70-240 / 70-240MM2,C,2026-07,01/07/2026,30,01/08/2026,2026-08,4403
402106,BRACO L A1010/1020 3/8P16P,C,2026-03,25/03/2026,30,24/04/2026,2026-04,771
402106,BRACO L A1010/1020 3/8P16P,C,2026-07,01/07/2026,30,01/08/2026,2026-08,770
402111,ELO FUSIVEL BOTAO DISTRIB UN K 8A 500MM,C,2026-07,01/07/2026,30,01/08/2026,2026-08,278
402117,ELO FUSIVEL BOTAO DISTRIB K 20A 500MM,C,2026-08,01/08/2026,30,01/09/2026,2026-09,697
402123,ELO FUSIVEL BOTAO DISTRIB K 12A 500MM,C,2026-09,01/09/2026,30,01/10/2026,2026-10,33
402132,TRAFO AER 1F 15KV 25KVA 240/120V 7TP,B,2026-03,25/03/2026,30,24/04/2026,2026-04,26
402132,TRAFO AER 1F 15KV 25KVA 240/120V 7TP,B,2026-05,01/05/2026,30,01/06/2026,2026-06,13
402132,TRAFO AER 1F 15KV 25KVA 240/120V 7TP,B,2026-07,01/07/2026,30,01/08/2026,2026-08,8
402136,"CABO ELET FLEXIVEL PVC 750V 2,5MM2 VD",C,2026-03,25/03/2026,30,24/04/2026,2026-04,1544
402136,"CABO ELET FLEXIVEL PVC 750V 2,5MM2 VD",C,2026-06,01/06/2026,30,01/07/2026,2026-07,1576
402136,"CABO ELET FLEXIVEL PVC 750V 2,5MM2 VD",C,2026-10,01/10/2026,30,01/11/2026,2026-11,923
402152,"CABO ELET CU 95MM2 90°XLPE 0,6/1KV",C,2026-03,25/03/2026,30,24/04/2026,2026-04,4046
402152,"CABO ELET CU 95MM2 90°XLPE 0,6/1KV",C,2026-04,01/04/2026,30,01/05/2026,2026-05,2351
402152,"CABO ELET CU 95MM2 90°XLPE 0,6/1KV",C,2026-10,01/10/2026,30,01/11/2026,2026-11,988
402155,"CONECTOR DER CUNHA AL 2AWG 336,4MCM",C,2026-05,01/05/2026,30,01/06/2026,2026-06,190
402155,"CONECTOR DER CUNHA AL 2AWG 336,4MCM",C,2026-10,01/10/2026,30,01/11/2026,2026-11,13
402160,PARAFUSO OLH AC 16MM 450MM,C,2026-03,25/03/2026,30,24/04/2026,2026-04,75
402160,PARAFUSO OLH AC 16MM 450MM,C,2026-07,01/07/2026,30,01/08/2026,2026-08,100
402161,MANILHA AC 16MM 80MM 22MM 13500DAN,C,2026-03,25/03/2026,30,24/04/2026,2026-04,40
402161,MANILHA AC 16MM 80MM 22MM 13500DAN,C,2026-07,01/07/2026,30,01/08/2026,2026-08,19
402185,"CONECTOR DER CUNHA ESTRIBO 336,4 MCM",C,2026-04,01/04/2026,30,01/05/2026,2026-05,343
402185,"CONECTOR DER CUNHA ESTRIBO 336,4 MCM",C,2026-07,01/07/2026,30,01/08/2026,2026-08,347
402188,POSTE CONCRETO TRON CON 11M 300KGF,C,2026-03,25/03/2026,30,24/04/2026,2026-04,11
402188,POSTE CONCRETO TRON CON 11M 300KGF,C,2026-07,01/07/2026,30,01/08/2026,2026-08,20
402202,CINTA POSTE CIRC ACO 250MM,C,2026-03,25/03/2026,30,24/04/2026,2026-04,226
402202,CINTA POSTE CIRC ACO 250MM,C,2026-06,01/06/2026,30,01/07/2026,2026-07,196
402202,CINTA POSTE CIRC ACO 250MM,C,2026-09,01/09/2026,30,01/10/2026,2026-10,67
402202,CINTA POSTE CIRC ACO 250MM,C,2026-10,01/10/2026,30,01/11/2026,2026-11,3
402221,"ARMACAO SEC PRESB 4EST 4,5MM ACO",C,2026-05,01/05/2026,30,01/06/2026,2026-06,276
402221,"ARMACAO SEC PRESB 4EST 4,5MM ACO",C,2026-09,01/09/2026,30,01/10/2026,2026-10,76
402221,"ARMACAO SEC PRESB 4EST 4,5MM ACO",C,2026-10,01/10/2026,30,01/11/2026,2026-11,4
402229,"CABO ELET FLEXIVEL PVC 750V 2,5MM2 VM",C,2026-06,01/06/2026,30,01/07/2026,2026-07,800
402229,"CABO ELET FLEXIVEL PVC 750V 2,5MM2 VM",C,2026-10,01/10/2026,30,01/11/2026,2026-11,400
402230,CONECTOR DER CUNHA AL 1/0AWG 4/0AWG,C,2026-03,25/03/2026,30,24/04/2026,2026-04,227
402230,CONECTOR DER CUNHA AL 1/0AWG 4/0AWG,C,2026-07,01/07/2026,30,01/08/2026,2026-08,255
402235,"CABO ELET ISOL AZ 2,5MM2",C,2026-06,01/06/2026,30,01/07/2026,2026-07,800
402235,"CABO ELET ISOL AZ 2,5MM2",C,2026-10,01/10/2026,30,01/11/2026,2026-11,400
402242,POSTE FIBRA VIDRO E-CR 11M 600DAN,C,2026-03,25/03/2026,30,24/04/2026,2026-04,277
402242,POSTE FIBRA VIDRO E-CR 11M 600DAN,C,2026-07,01/07/2026,30,01/08/2026,2026-08,208
402251,"EMENDA PREF COND AL 300MCM 336,4MCM",C,2026-07,01/07/2026,30,01/08/2026,2026-08,6
402251,"EMENDA PREF COND AL 300MCM 336,4MCM",C,2026-10,01/10/2026,30,01/11/2026,2026-11,1
402265,ELO FUSIVEL BOTAO DISTRIB H 3A 500MM,C,2026-03,25/03/2026,30,24/04/2026,2026-04,343
402265,ELO FUSIVEL BOTAO DISTRIB H 3A 500MM,C,2026-07,01/07/2026,30,01/08/2026,2026-08,351
402275,"CABO ELET BT 1X95MM2 0,6/1KV COBRE XLPE",C,2026-03,25/03/2026,30,24/04/2026,2026-04,256
402275,"CABO ELET BT 1X95MM2 0,6/1KV COBRE XLPE",C,2026-07,01/07/2026,30,01/08/2026,2026-08,291
402275,"CABO ELET BT 1X95MM2 0,6/1KV COBRE XLPE",C,2026-10,01/10/2026,30,01/11/2026,2026-11,3
402276,CHAVE FUSIVEL INDIC 15KV 200A/95KV BUC,C,2026-07,01/07/2026,30,01/08/2026,2026-08,77
402277,BANCO DE CAPACITOR 3F 15KV 300KVAR FIXO,C,2026-06,01/06/2026,30,01/07/2026,2026-07,17
402277,BANCO DE CAPACITOR 3F 15KV 300KVAR FIXO,C,2026-10,01/10/2026,30,01/11/2026,2026-11,5
402286,"ALCA PREFORM DIST 2AWG 33,63MM2 660MM",C,2026-03,25/03/2026,30,24/04/2026,2026-04,3047
402286,"ALCA PREFORM DIST 2AWG 33,63MM2 660MM",C,2026-07,01/07/2026,30,01/08/2026,2026-08,2159
402296,GANCHO OLHAL AC 17MM 5000KGF,C,2026-03,25/03/2026,30,24/04/2026,2026-04,5827
402296,GANCHO OLHAL AC 17MM 5000KGF,C,2026-07,01/07/2026,30,01/08/2026,2026-08,5877
402296,GANCHO OLHAL AC 17MM 5000KGF,C,2026-10,01/10/2026,30,01/11/2026,2026-11,333
402299,"CONECTOR PERF AL 70-150MM2 / 1,5-35MM2",C,2026-03,25/03/2026,30,24/04/2026,2026-04,1750
402299,"CONECTOR PERF AL 70-150MM2 / 1,5-35MM2",C,2026-07,01/07/2026,30,01/08/2026,2026-08,2275
402312,OLHAL PARAFUSO AC 16MM 5000DAN,C,2026-03,25/03/2026,30,24/04/2026,2026-04,6151
402312,OLHAL PARAFUSO AC 16MM 5000DAN,C,2026-07,01/07/2026,30,01/08/2026,2026-08,7190
402318,"CABO  MULT 3X120+1X70MM² XLPE 0,6/1 KV",B,2026-04,01/04/2026,30,01/05/2026,2026-05,2341
402318,"CABO  MULT 3X120+1X70MM² XLPE 0,6/1 KV",B,2026-06,01/06/2026,30,01/07/2026,2026-07,2155
402318,"CABO  MULT 3X120+1X70MM² XLPE 0,6/1 KV",B,2026-07,01/07/2026,30,01/08/2026,2026-08,115
402318,"CABO  MULT 3X120+1X70MM² XLPE 0,6/1 KV",B,2026-08,01/08/2026,30,01/09/2026,2026-09,2818
402320,DISJUNTOR 3P 15KV 110KV 1250A 25KA,C,2026-07,01/07/2026,30,01/08/2026,2026-08,5
402322,MED EL 3E 4F 120V 120A TB GD B,C,2026-03,25/03/2026,30,24/04/2026,2026-04,2500
402322,MED EL 3E 4F 120V 120A TB GD B,C,2026-07,01/07/2026,30,01/08/2026,2026-08,3349
402322,MED EL 3E 4F 120V 120A TB GD B,C,2026-10,01/10/2026,30,01/11/2026,2026-11,99
402324,SELA CRUZETA POSTE AC 115MM 18MM,C,2026-03,25/03/2026,30,24/04/2026,2026-04,497
402324,SELA CRUZETA POSTE AC 115MM 18MM,C,2026-07,01/07/2026,30,01/08/2026,2026-08,558
402331,BRACO C/GRAMPO SUSPE SECU 500DAN,C,2026-04,01/04/2026,30,01/05/2026,2026-05,192
402331,BRACO C/GRAMPO SUSPE SECU 500DAN,C,2026-10,01/10/2026,30,01/11/2026,2026-11,40
402332,CINTA POSTE CIRC ACO 150MM,C,2026-04,01/04/2026,30,01/05/2026,2026-05,61
402332,CINTA POSTE CIRC ACO 150MM,C,2026-07,01/07/2026,30,01/08/2026,2026-08,76
402333,"CABO ELET QUAD 3X1X50+1X50MM2 0,6/1KV",C,2026-03,25/03/2026,30,24/04/2026,2026-04,500
402333,"CABO ELET QUAD 3X1X50+1X50MM2 0,6/1KV",C,2026-07,01/07/2026,30,01/08/2026,2026-08,650
402359,PARAFUSO CAB ABA AC 16MM 125MM,C,2026-03,25/03/2026,30,24/04/2026,2026-04,381
402359,PARAFUSO CAB ABA AC 16MM 125MM,C,2026-06,01/06/2026,30,01/07/2026,2026-07,309
402359,PARAFUSO CAB ABA AC 16MM 125MM,C,2026-10,01/10/2026,30,01/11/2026,2026-11,105
402373,ESTRIBO BRACO L-EST-01 FOFO 200DAN,C,2026-03,25/03/2026,30,24/04/2026,2026-04,462
402373,ESTRIBO BRACO L-EST-01 FOFO 200DAN,C,2026-07,01/07/2026,30,01/08/2026,2026-08,589
402397,"CABO ELET NU CA 1/0AWG 53,5 MM2 POPPY",C,2026-03,25/03/2026,30,24/04/2026,2026-04,8057
402397,"CABO ELET NU CA 1/0AWG 53,5 MM2 POPPY",C,2026-06,01/06/2026,30,01/07/2026,2026-07,9041
402397,"CABO ELET NU CA 1/0AWG 53,5 MM2 POPPY",C,2026-09,01/09/2026,30,01/10/2026,2026-10,3722
402397,"CABO ELET NU CA 1/0AWG 53,5 MM2 POPPY",C,2026-10,01/10/2026,30,01/11/2026,2026-11,104
402401,PINO ISOLADOR POLIMERICO AC 15KV 200MM,C,2026-03,25/03/2026,30,24/04/2026,2026-04,3630
402401,PINO ISOLADOR POLIMERICO AC 15KV 200MM,C,2026-06,01/06/2026,30,01/07/2026,2026-07,4678
402401,PINO ISOLADOR POLIMERICO AC 15KV 200MM,C,2026-09,01/09/2026,30,01/10/2026,2026-10,1661
402401,PINO ISOLADOR POLIMERICO AC 15KV 200MM,C,2026-10,01/10/2026,30,01/11/2026,2026-11,48
402404,CONECTOR CUNHA LIGA AL AZ 120MM2 4/0AWG,C,2026-05,01/05/2026,30,01/06/2026,2026-06,410
402404,CONECTOR CUNHA LIGA AL AZ 120MM2 4/0AWG,C,2026-08,01/08/2026,30,01/09/2026,2026-09,235
402407,"TRAFO CRTE 0,6KV;200-5A 0,3C12,5 JANELA",C,2026-04,01/04/2026,30,01/05/2026,2026-05,183
402407,"TRAFO CRTE 0,6KV;200-5A 0,3C12,5 JANELA",C,2026-07,01/07/2026,30,01/08/2026,2026-08,114
402407,"TRAFO CRTE 0,6KV;200-5A 0,3C12,5 JANELA",C,2026-10,01/10/2026,30,01/11/2026,2026-11,17
402423,MED IN 3E 4F 67 120 240V 10A ACL D,B,2026-08,01/08/2026,30,01/09/2026,2026-09,42
402423,MED IN 3E 4F 67 120 240V 10A ACL D,B,2026-10,01/10/2026,30,01/11/2026,2026-11,132
402425,POSTE FIBRA VIDRO 15M 600DAN,C,2026-03,25/03/2026,30,24/04/2026,2026-04,14
402425,POSTE FIBRA VIDRO 15M 600DAN,C,2026-07,01/07/2026,30,01/08/2026,2026-08,4
402433,PARA-RAIO DISTRIB POL 12KV 10KA S/CENT,C,2026-05,01/05/2026,30,01/06/2026,2026-06,3835
402433,PARA-RAIO DISTRIB POL 12KV 10KA S/CENT,C,2026-08,01/08/2026,30,01/09/2026,2026-09,1861
402447,"TRAFO AER 1F 7,96KV 10KVA 240/120V 7TP",B,2026-03,25/03/2026,30,24/04/2026,2026-04,94
402447,"TRAFO AER 1F 7,96KV 10KVA 240/120V 7TP",B,2026-05,01/05/2026,30,01/06/2026,2026-06,50
402447,"TRAFO AER 1F 7,96KV 10KVA 240/120V 7TP",B,2026-07,01/07/2026,30,01/08/2026,2026-08,36
402448,PARAFUSO OLH AC 5/8P 24P,C,2026-03,25/03/2026,30,24/04/2026,2026-04,250
402448,PARAFUSO OLH AC 5/8P 24P,C,2026-07,01/07/2026,30,01/08/2026,2026-08,325
402460,UNIDADE COMPUTACIONAL FANLESS P/ PAINEL,C,2026-07,01/07/2026,30,01/08/2026,2026-08,25
402490,SUPORTE AFAST HORIZ C/PRENSA REDE 15KV,C,2026-03,25/03/2026,30,24/04/2026,2026-04,139
402490,SUPORTE AFAST HORIZ C/PRENSA REDE 15KV,C,2026-06,01/06/2026,30,01/07/2026,2026-07,117
402490,SUPORTE AFAST HORIZ C/PRENSA REDE 15KV,C,2026-09,01/09/2026,30,01/10/2026,2026-10,35
402526,POSTE CONC DUPL T 13/400,C,2026-03,25/03/2026,30,24/04/2026,2026-04,6
402527,MED IN 1E 2F 120V 100A SMC DR B,C,2026-10,01/10/2026,30,01/11/2026,2026-11,6708
402533,POSTE CONC DUPL T 11/1000,C,2026-03,25/03/2026,30,24/04/2026,2026-04,109
402533,POSTE CONC DUPL T 11/1000,C,2026-07,01/07/2026,30,01/08/2026,2026-08,90
402554,MEDIDOR/REGIST GRAND SIST ELET MT TRIF,C,2026-05,01/05/2026,30,01/06/2026,2026-06,10
402587,"FITA ISOL EPR 0,76X19MM 10M PT",C,2026-03,25/03/2026,30,24/04/2026,2026-04,578
402587,"FITA ISOL EPR 0,76X19MM 10M PT",C,2026-07,01/07/2026,30,01/08/2026,2026-08,916
402592,MED EL 3E 4F 120V 120A GD B,C,2026-10,01/10/2026,30,01/11/2026,2026-11,25792
402595,COLETOR DADOS RF MESH N2450 - SMC,C,2026-10,01/10/2026,30,01/11/2026,2026-11,10
402607,TRAFO MEDIDA POT 69KV 69/V3KV/115/115/V3,C,2026-10,01/10/2026,30,01/11/2026,2026-11,12
402608,ROTEADOR RF N660 - COMUNICAÇÃO SMC,C,2026-10,01/10/2026,30,01/11/2026,2026-11,10
402609,"MEDIDOR ELETR POLIF MULT PROGR 120V 2,5A",C,2026-03,25/03/2026,30,24/04/2026,2026-04,20
402609,"MEDIDOR ELETR POLIF MULT PROGR 120V 2,5A",C,2026-07,01/07/2026,30,01/08/2026,2026-08,26
402611,ANEL AMAR SIL CZ 110MM 160MM,C,2026-03,25/03/2026,30,24/04/2026,2026-04,558
402611,ANEL AMAR SIL CZ 110MM 160MM,C,2026-07,01/07/2026,30,01/08/2026,2026-08,487
402617,"REGULADOR TENSAO 1F 167 KVA 7,96KV 219A",C,2026-03,25/03/2026,30,24/04/2026,2026-04,18
402617,"REGULADOR TENSAO 1F 167 KVA 7,96KV 219A",C,2026-08,01/08/2026,30,01/09/2026,2026-09,3
402624,POSTE CONC DUPL T 13/600,C,2026-03,25/03/2026,30,24/04/2026,2026-04,107
402624,POSTE CONC DUPL T 13/600,C,2026-07,01/07/2026,30,01/08/2026,2026-08,97
402625,GABINETE CONCENTR 12MOD 120V C/RADIO SMC,C,2026-10,01/10/2026,30,01/11/2026,2026-11,3736
402650,POSTE CONCRETO DUPLO T 9 M 600 DAN,B,2026-03,25/03/2026,30,24/04/2026,2026-04,159
402650,POSTE CONCRETO DUPLO T 9 M 600 DAN,B,2026-05,01/05/2026,30,01/06/2026,2026-06,208
402650,POSTE CONCRETO DUPLO T 9 M 600 DAN,B,2026-06,01/06/2026,30,01/07/2026,2026-07,3
402650,POSTE CONCRETO DUPLO T 9 M 600 DAN,B,2026-07,01/07/2026,30,01/08/2026,2026-08,153
402670,BANCO DE CAPACITOR 3F 15KV 600KVAR FIXO,C,2026-04,01/04/2026,30,01/05/2026,2026-05,10
402670,BANCO DE CAPACITOR 3F 15KV 600KVAR FIXO,C,2026-08,01/08/2026,30,01/09/2026,2026-09,10
402701,CHAVE SEC 1P 15KV 630A CONEXÃO TER CUNHA,C,2026-03,25/03/2026,30,24/04/2026,2026-04,376
402701,CHAVE SEC 1P 15KV 630A CONEXÃO TER CUNHA,C,2026-06,01/06/2026,30,01/07/2026,2026-07,271
402701,CHAVE SEC 1P 15KV 630A CONEXÃO TER CUNHA,C,2026-10,01/10/2026,30,01/11/2026,2026-11,91
402712,CINTA POSTE CIRC ACO 265MM,C,2026-03,25/03/2026,30,24/04/2026,2026-04,50
402712,CINTA POSTE CIRC ACO 265MM,C,2026-07,01/07/2026,30,01/08/2026,2026-08,65
402714,CONECTOR CUNHA C/ESTRIBO 95-120MM2 2 AWG,C,2026-03,25/03/2026,30,24/04/2026,2026-04,212
402714,CONECTOR CUNHA C/ESTRIBO 95-120MM2 2 AWG,C,2026-07,01/07/2026,30,01/08/2026,2026-08,161
402729,CONECTOR DERIV CUNHA AL 2/0AWG 4/0AWG,C,2026-07,01/07/2026,30,01/08/2026,2026-08,2
402739,CONECTOR PF/KS 95-1807MM,C,2026-04,01/04/2026,30,01/05/2026,2026-05,78
402739,CONECTOR PF/KS 95-1807MM,C,2026-08,01/08/2026,30,01/09/2026,2026-09,72
402741,ELO FUSIVEL BOTAO K 6A 500MM,C,2026-10,01/10/2026,30,01/11/2026,2026-11,22
402807,MED IN 3E 4F 120V 100A SMC DR B,C,2026-10,01/10/2026,30,01/11/2026,2026-11,3851
402816,MED IN 3E 4F 120 240V 10A TB GD C,B,2026-05,01/05/2026,30,01/06/2026,2026-06,9
402816,MED IN 3E 4F 120 240V 10A TB GD C,B,2026-06,01/06/2026,30,01/07/2026,2026-07,17
402816,MED IN 3E 4F 120 240V 10A TB GD C,B,2026-07,01/07/2026,30,01/08/2026,2026-08,23
402816,MED IN 3E 4F 120 240V 10A TB GD C,B,2026-08,01/08/2026,30,01/09/2026,2026-09,401
402816,MED IN 3E 4F 120 240V 10A TB GD C,B,2026-10,01/10/2026,30,01/11/2026,2026-11,384
402824,MED EL 1E 2F 120V 100A GD B,C,2026-10,01/10/2026,30,01/11/2026,2026-11,10562
402847,POSTE CONC DUPL T 9 M 300 DAN,A,2026-03,25/03/2026,30,24/04/2026,2026-04,383
402847,POSTE CONC DUPL T 9 M 300 DAN,A,2026-05,01/05/2026,30,01/06/2026,2026-06,362
402847,POSTE CONC DUPL T 9 M 300 DAN,A,2026-07,01/07/2026,30,01/08/2026,2026-08,260
402860,"REGULADOR TENSAO 1F 250 KVA 7,62KV 328A",C,2026-08,01/08/2026,30,01/09/2026,2026-09,7
402866,REGISTRADOR DIG PERT RPV-311 GE/REASON,C,2026-03,25/03/2026,30,24/04/2026,2026-04,6
402875,SUPORTE TIPO T PARA CHAVE/PARA-RAIO,C,2026-03,25/03/2026,30,24/04/2026,2026-04,95
402875,SUPORTE TIPO T PARA CHAVE/PARA-RAIO,C,2026-07,01/07/2026,30,01/08/2026,2026-08,113
402882,SUPORTE TRIANG CHAVE FACA 235X202X80MM,C,2026-03,25/03/2026,30,24/04/2026,2026-04,10
402882,SUPORTE TRIANG CHAVE FACA 235X202X80MM,C,2026-07,01/07/2026,30,01/08/2026,2026-08,3
403033,BANCO DE BATERIAS SELADA 48VCC 300AH,C,2026-04,01/04/2026,30,01/05/2026,2026-05,10
403077,MED EL 3E 4F 120 240V 120A TB GD C,B,2026-04,01/04/2026,30,01/05/2026,2026-05,26
403077,MED EL 3E 4F 120 240V 120A TB GD C,B,2026-05,01/05/2026,30,01/06/2026,2026-06,150
403077,MED EL 3E 4F 120 240V 120A TB GD C,B,2026-06,01/06/2026,30,01/07/2026,2026-07,150
403077,MED EL 3E 4F 120 240V 120A TB GD C,B,2026-07,01/07/2026,30,01/08/2026,2026-08,200
403077,MED EL 3E 4F 120 240V 120A TB GD C,B,2026-08,01/08/2026,30,01/09/2026,2026-09,1176
403077,MED EL 3E 4F 120 240V 120A TB GD C,B,2026-10,01/10/2026,30,01/11/2026,2026-11,1026
403113,DISJUNTOR 1P 127/220V 400VCA 32A,C,2026-04,01/04/2026,30,01/05/2026,2026-05,2548
403113,DISJUNTOR 1P 127/220V 400VCA 32A,C,2026-07,01/07/2026,30,01/08/2026,2026-08,3000
403121,"FITA ISOLANTE ELET PVC 19X0,19MM 20M PT",C,2026-03,25/03/2026,30,24/04/2026,2026-04,1158
403121,"FITA ISOLANTE ELET PVC 19X0,19MM 20M PT",C,2026-07,01/07/2026,30,01/08/2026,2026-08,1019
403161,PONTALETE FBV 100MM 6M,B,2026-03,25/03/2026,30,24/04/2026,2026-04,358
403161,PONTALETE FBV 100MM 6M,B,2026-04,01/04/2026,30,01/05/2026,2026-05,200
403161,PONTALETE FBV 100MM 6M,B,2026-05,01/05/2026,30,01/06/2026,2026-06,300
403161,PONTALETE FBV 100MM 6M,B,2026-06,01/06/2026,30,01/07/2026,2026-07,300
403161,PONTALETE FBV 100MM 6M,B,2026-07,01/07/2026,30,01/08/2026,2026-08,400
403161,PONTALETE FBV 100MM 6M,B,2026-08,01/08/2026,30,01/09/2026,2026-09,300
403182,CONECTOR CHAVE SEC 1P FACA CU 10-300MM2,C,2026-04,01/04/2026,30,01/05/2026,2026-05,2210
403182,CONECTOR CHAVE SEC 1P FACA CU 10-300MM2,C,2026-07,01/07/2026,30,01/08/2026,2026-08,2257
403182,CONECTOR CHAVE SEC 1P FACA CU 10-300MM2,C,2026-10,01/10/2026,30,01/11/2026,2026-11,79
403251,"TRAFO CRTE 15KV; 200-5A; 0,3C12,5 BARRA",C,2026-07,01/07/2026,30,01/08/2026,2026-08,18
403306,MARCADOR IND PLAS 60ML MET ESF 3MM AM,C,2026-03,25/03/2026,30,24/04/2026,2026-04,50
403306,MARCADOR IND PLAS 60ML MET ESF 3MM AM,C,2026-07,01/07/2026,30,01/08/2026,2026-08,65
403323,"CABO ELET FLEX 2X1,5MM2 0,6/1KV",C,2026-03,25/03/2026,30,24/04/2026,2026-04,186
403323,"CABO ELET FLEX 2X1,5MM2 0,6/1KV",C,2026-06,01/06/2026,30,01/07/2026,2026-07,203
403323,"CABO ELET FLEX 2X1,5MM2 0,6/1KV",C,2026-10,01/10/2026,30,01/11/2026,2026-11,97
403327,DISJUNTOR 2P 127/220V 400VCA 32A,C,2026-03,25/03/2026,30,24/04/2026,2026-04,2288
403327,DISJUNTOR 2P 127/220V 400VCA 32A,C,2026-07,01/07/2026,30,01/08/2026,2026-08,3250
403353,"CABO ELET CU 150MM2 90°XLPE 0,6/1KV",C,2026-09,01/09/2026,30,01/10/2026,2026-10,477
403353,"CABO ELET CU 150MM2 90°XLPE 0,6/1KV",C,2026-10,01/10/2026,30,01/11/2026,2026-11,20
403371,DISJUNTOR 3P 127/220V 400VCA 40A,C,2026-03,25/03/2026,30,24/04/2026,2026-04,1451
403371,DISJUNTOR 3P 127/220V 400VCA 40A,C,2026-07,01/07/2026,30,01/08/2026,2026-08,1950
403376,POSTE CONCRETO CIRC 15M 400DAN,C,2026-04,01/04/2026,30,01/05/2026,2026-05,2
403390,PRENSA CABO PVC 1P,C,2026-03,25/03/2026,30,24/04/2026,2026-04,1093
403390,PRENSA CABO PVC 1P,C,2026-07,01/07/2026,30,01/08/2026,2026-08,4904
403390,PRENSA CABO PVC 1P,C,2026-10,01/10/2026,30,01/11/2026,2026-11,3364
403409,"RELIGADOR 3F AUTOMATICO 15KV 630A 12,5kA",C,2026-04,01/04/2026,30,01/05/2026,2026-05,86
403409,"RELIGADOR 3F AUTOMATICO 15KV 630A 12,5kA",C,2026-10,01/10/2026,30,01/11/2026,2026-11,26
403502,CAIXA BARRAMENTO 250A,C,2026-03,25/03/2026,30,24/04/2026,2026-04,10
403502,CAIXA BARRAMENTO 250A,C,2026-07,01/07/2026,30,01/08/2026,2026-08,5
403513,ENVELOPE DE PLAST COM FECHO DE SEG,C,2026-10,01/10/2026,30,01/11/2026,2026-11,13471
403531,BANCO DE BATERIAS ESTAC 125VCC - 500AH,C,2026-03,25/03/2026,30,24/04/2026,2026-04,8
403531,BANCO DE BATERIAS ESTAC 125VCC - 500AH,C,2026-04,01/04/2026,30,01/05/2026,2026-05,5
403553,TV LED 43P,C,2026-03,25/03/2026,30,24/04/2026,2026-04,6
403563,CHAVE SEC 1P 15KV 400A 95KA/S F. FACA,C,2026-03,25/03/2026,30,24/04/2026,2026-04,13
403563,CHAVE SEC 1P 15KV 400A 95KA/S F. FACA,C,2026-07,01/07/2026,30,01/08/2026,2026-08,12
403564,"TRANSFORMADOR DE CORRENTE 72,5KV IT40KA",C,2026-10,01/10/2026,30,01/11/2026,2026-11,12
403572,PRENSA CABO NYLON CURTO 1/2P,C,2026-10,01/10/2026,30,01/11/2026,2026-11,17674
403574,CABO AL CONCENTRICO 3F 3X95+95MM2,C,2026-03,25/03/2026,30,24/04/2026,2026-04,817
403574,CABO AL CONCENTRICO 3F 3X95+95MM2,C,2026-07,01/07/2026,30,01/08/2026,2026-08,4201
403574,CABO AL CONCENTRICO 3F 3X95+95MM2,C,2026-10,01/10/2026,30,01/11/2026,2026-11,3129
403580,ALCA PREFORM CABO CONC 3X35 + 35,C,2026-10,01/10/2026,30,01/11/2026,2026-11,5736
403593,ALCA PREFORM CABO CONC 3X70 + 50,C,2026-03,25/03/2026,30,24/04/2026,2026-04,60
403593,ALCA PREFORM CABO CONC 3X70 + 50,C,2026-07,01/07/2026,30,01/08/2026,2026-08,187
403593,ALCA PREFORM CABO CONC 3X70 + 50,C,2026-10,01/10/2026,30,01/11/2026,2026-11,120
403663,CABO CONCENTRICO CU 3X70+70MM,C,2026-08,01/08/2026,30,01/09/2026,2026-09,361
403666,CINTA POSTE CIRC ACO 365MM,C,2026-07,01/07/2026,30,01/08/2026,2026-08,64
403675,ALCA PREFORM CABO CONC  3X25 + 25,C,2026-10,01/10/2026,30,01/11/2026,2026-11,8537
403741,PARAFUSO BUCHA S8,C,2026-03,25/03/2026,30,24/04/2026,2026-04,1500
403741,PARAFUSO BUCHA S8,C,2026-07,01/07/2026,30,01/08/2026,2026-08,1950
403770,PRENSA CABO 1.1/2P AL C/BUCHA NEOP NPT,C,2026-06,01/06/2026,30,01/07/2026,2026-07,825
403770,PRENSA CABO 1.1/2P AL C/BUCHA NEOP NPT,C,2026-09,01/09/2026,30,01/10/2026,2026-10,300
403804,"ALCA PREFORM 6,4MM 1/4P AM 635MM",C,2026-08,01/08/2026,30,01/09/2026,2026-09,644
403807,TERMINAL PRESSAO CU 95MM2 C/SAPATA,C,2026-04,01/04/2026,30,01/05/2026,2026-05,222
403807,TERMINAL PRESSAO CU 95MM2 C/SAPATA,C,2026-08,01/08/2026,30,01/09/2026,2026-09,332
403830,ALCA PREFORM CABO CONC 3X50 + 50,C,2026-03,25/03/2026,30,24/04/2026,2026-04,68
403830,ALCA PREFORM CABO CONC 3X50 + 50,C,2026-07,01/07/2026,30,01/08/2026,2026-08,1213
403830,ALCA PREFORM CABO CONC 3X50 + 50,C,2026-10,01/10/2026,30,01/11/2026,2026-11,1159
403843,CABO AL CONCENTRICO 3F 3X16+16MM2,C,2026-03,25/03/2026,30,24/04/2026,2026-04,185
403843,CABO AL CONCENTRICO 3F 3X16+16MM2,C,2026-05,01/05/2026,30,01/06/2026,2026-06,453
403843,CABO AL CONCENTRICO 3F 3X16+16MM2,C,2026-08,01/08/2026,30,01/09/2026,2026-09,10688
403843,CABO AL CONCENTRICO 3F 3X16+16MM2,C,2026-10,01/10/2026,30,01/11/2026,2026-11,10369
403868,SWITCH LAYER 3 GER 8P 10/100/1000MBPS,C,2026-06,01/06/2026,30,01/07/2026,2026-07,10
403931,BRAÇO SUPORTE TIPO L HORIZONTAL  15 KV,C,2026-03,25/03/2026,30,24/04/2026,2026-04,40
403931,BRAÇO SUPORTE TIPO L HORIZONTAL  15 KV,C,2026-07,01/07/2026,30,01/08/2026,2026-08,52
403954,CABO AL CONCENTRICO 3F 3X50+50MM2,C,2026-03,25/03/2026,30,24/04/2026,2026-04,2085
403954,CABO AL CONCENTRICO 3F 3X50+50MM2,C,2026-07,01/07/2026,30,01/08/2026,2026-08,5231
403954,CABO AL CONCENTRICO 3F 3X50+50MM2,C,2026-10,01/10/2026,30,01/11/2026,2026-11,3000
404005,CONJ MEDICAO P/ BALANCO TRAFO 500A C/ RF,C,2026-10,01/10/2026,30,01/11/2026,2026-11,396
404009,CABO AL CONCENTRICO 1F 1x16+16MM2,C,2026-10,01/10/2026,30,01/11/2026,2026-11,444
404054,CINTA POSTE CIRC ACO 380MM,C,2026-03,25/03/2026,30,24/04/2026,2026-04,268
404054,CINTA POSTE CIRC ACO 380MM,C,2026-07,01/07/2026,30,01/08/2026,2026-08,195
404071,CONECTOR PERF 50-185MM2 15KV COM ESTRIBO,C,2026-03,25/03/2026,30,24/04/2026,2026-04,1472
404071,CONECTOR PERF 50-185MM2 15KV COM ESTRIBO,C,2026-06,01/06/2026,30,01/07/2026,2026-07,1098
404071,CONECTOR PERF 50-185MM2 15KV COM ESTRIBO,C,2026-09,01/09/2026,30,01/10/2026,2026-10,409
404071,CONECTOR PERF 50-185MM2 15KV COM ESTRIBO,C,2026-10,01/10/2026,30,01/11/2026,2026-11,15
404084,ESPACADOR LOSANG CLASSE 15KV C/ GARRAS,C,2026-03,25/03/2026,30,24/04/2026,2026-04,7557
404084,ESPACADOR LOSANG CLASSE 15KV C/ GARRAS,C,2026-07,01/07/2026,30,01/08/2026,2026-08,7050
404113,,C,2026-03,25/03/2026,30,24/04/2026,2026-04,807
404113,,C,2026-07,01/07/2026,30,01/08/2026,2026-08,2636
404113,,C,2026-10,01/10/2026,30,01/11/2026,2026-11,1552
404115,MED IN 3E 4F 120 240V 120A TB QE GD B,C,2026-10,01/10/2026,30,01/11/2026,2026-11,366
404149,RETIFIC CHAVEAD 380VCA/3F/125VCC/160A,C,2026-03,25/03/2026,30,24/04/2026,2026-04,3
404154,DETECTOR DE TENSAO POR APROXIMACAO 15KV,C,2026-03,25/03/2026,30,24/04/2026,2026-04,7
404154,DETECTOR DE TENSAO POR APROXIMACAO 15KV,C,2026-08,01/08/2026,30,01/09/2026,2026-09,6
404155,PARAFUSADEIRA FURADEIRA 18V PROFISSIONAL,C,2026-04,01/04/2026,30,01/05/2026,2026-05,5
404159,CONJ MEDICAO 15KV; 70:1; 5-5A; USO EXT,A,2026-03,25/03/2026,30,24/04/2026,2026-04,32
404159,CONJ MEDICAO 15KV; 70:1; 5-5A; USO EXT,A,2026-04,01/04/2026,30,01/05/2026,2026-05,26
404159,CONJ MEDICAO 15KV; 70:1; 5-5A; USO EXT,A,2026-05,01/05/2026,30,01/06/2026,2026-06,52
404160,CONJ MEDICAO 15KV; 70:1; 10-5A; USO EXT,A,2026-03,25/03/2026,30,24/04/2026,2026-04,40
404160,CONJ MEDICAO 15KV; 70:1; 10-5A; USO EXT,A,2026-04,01/04/2026,30,01/05/2026,2026-05,22
404160,CONJ MEDICAO 15KV; 70:1; 10-5A; USO EXT,A,2026-05,01/05/2026,30,01/06/2026,2026-06,29
404161,CONJ MEDICAO 15KV; 70:1; 15-5A; USO EXT,A,2026-03,25/03/2026,30,24/04/2026,2026-04,20
404161,CONJ MEDICAO 15KV; 70:1; 15-5A; USO EXT,A,2026-04,01/04/2026,30,01/05/2026,2026-05,14
404161,CONJ MEDICAO 15KV; 70:1; 15-5A; USO EXT,A,2026-05,01/05/2026,30,01/06/2026,2026-06,14
404161,CONJ MEDICAO 15KV; 70:1; 15-5A; USO EXT,A,2026-06,01/06/2026,30,01/07/2026,2026-07,10
404162,CONJ MEDICAO 15KV; 70:1; 20-5A; USO EXT,B,2026-03,25/03/2026,30,24/04/2026,2026-04,3
404162,CONJ MEDICAO 15KV; 70:1; 20-5A; USO EXT,B,2026-04,01/04/2026,30,01/05/2026,2026-05,7
404162,CONJ MEDICAO 15KV; 70:1; 20-5A; USO EXT,B,2026-05,01/05/2026,30,01/06/2026,2026-06,4
404162,CONJ MEDICAO 15KV; 70:1; 20-5A; USO EXT,B,2026-06,01/06/2026,30,01/07/2026,2026-07,2
404164,CONJ MEDICAO 15KV; 70:1; 30-5A; USO EXT,B,2026-03,25/03/2026,30,24/04/2026,2026-04,5
404164,CONJ MEDICAO 15KV; 70:1; 30-5A; USO EXT,B,2026-04,01/04/2026,30,01/05/2026,2026-05,5
404164,CONJ MEDICAO 15KV; 70:1; 30-5A; USO EXT,B,2026-05,01/05/2026,30,01/06/2026,2026-06,4
404166,CONJ MEDICAO 15KV; 70:1; 50-5A; USO EXT,B,2026-04,01/04/2026,30,01/05/2026,2026-05,5
404166,CONJ MEDICAO 15KV; 70:1; 50-5A; USO EXT,B,2026-05,01/05/2026,30,01/06/2026,2026-06,6
404166,CONJ MEDICAO 15KV; 70:1; 50-5A; USO EXT,B,2026-06,01/06/2026,30,01/07/2026,2026-07,3
404167,CONJ MEDICAO 15KV; 70:1; 75-5A; USO EXT,B,2026-05,01/05/2026,30,01/06/2026,2026-06,4
404167,CONJ MEDICAO 15KV; 70:1; 75-5A; USO EXT,B,2026-06,01/06/2026,30,01/07/2026,2026-07,1
404168,CONJ MEDICAO 15KV; 70:1; 60-5A; USO EXT,C,2026-10,01/10/2026,30,01/11/2026,2026-11,2
404169,CONJ MEDICAO 15KV; 70:1; 150-5A; USO EXT,C,2026-05,01/05/2026,30,01/06/2026,2026-06,5
404169,CONJ MEDICAO 15KV; 70:1; 150-5A; USO EXT,C,2026-07,01/07/2026,30,01/08/2026,2026-08,2
404170,CONJ MEDICAO 15KV; 70:1; 200-5A; USO EXT,C,2026-06,01/06/2026,30,01/07/2026,2026-07,5
404170,CONJ MEDICAO 15KV; 70:1; 200-5A; USO EXT,C,2026-10,01/10/2026,30,01/11/2026,2026-11,1
404171,CONJ MEDICAO 15KV; 70:1; 300-5A; USO EXT,C,2026-06,01/06/2026,30,01/07/2026,2026-07,2
404172,CONJ MEDICAO 15KV; 70:1; 100-5A; USO EXT,B,2026-03,25/03/2026,30,24/04/2026,2026-04,5
404172,CONJ MEDICAO 15KV; 70:1; 100-5A; USO EXT,B,2026-04,01/04/2026,30,01/05/2026,2026-05,3
404172,CONJ MEDICAO 15KV; 70:1; 100-5A; USO EXT,B,2026-05,01/05/2026,30,01/06/2026,2026-06,5
404183,"PARAFUSO AUTO BROCANTE 14 X 1"" CHAV. 3/8",C,2026-03,25/03/2026,30,24/04/2026,2026-04,365
404183,"PARAFUSO AUTO BROCANTE 14 X 1"" CHAV. 3/8",C,2026-07,01/07/2026,30,01/08/2026,2026-08,477
404195,MODULO DE COMUNIC REMOTA 3G/4G TNC,C,2026-06,01/06/2026,30,01/07/2026,2026-07,800
404195,MODULO DE COMUNIC REMOTA 3G/4G TNC,C,2026-10,01/10/2026,30,01/11/2026,2026-11,400
404196,MODULO COMUNIC. INT. 4G P/ MEDIDOR,C,2026-03,25/03/2026,30,24/04/2026,2026-04,280
404196,MODULO COMUNIC. INT. 4G P/ MEDIDOR,C,2026-07,01/07/2026,30,01/08/2026,2026-08,240
404199,COMUTADORES KVM 4 PORTAS USB TECL ACESSO,C,2026-05,01/05/2026,30,01/06/2026,2026-06,28
404203,TERMINAL SERVER 16 PORTAS TS1000 32MB,C,2026-04,01/04/2026,30,01/05/2026,2026-05,8
404208,CONJ MEDICAO P/ BALANCO TRAFO 800A C/ RC,C,2026-10,01/10/2026,30,01/11/2026,2026-11,1604
404213,"FIBRA OPTICA POF 2,2MM 100M",C,2026-05,01/05/2026,30,01/06/2026,2026-06,224
404213,"FIBRA OPTICA POF 2,2MM 100M",C,2026-08,01/08/2026,30,01/09/2026,2026-09,48
404215,KIT COM ROLDANAS PARAFUSO E SUPORTE,C,2026-04,01/04/2026,30,01/05/2026,2026-05,313
404215,KIT COM ROLDANAS PARAFUSO E SUPORTE,C,2026-08,01/08/2026,30,01/09/2026,2026-09,56
404223,TERMINAL PINO A COMP BORNE BIMETAL 50MM2,C,2026-03,25/03/2026,30,24/04/2026,2026-04,375
404223,TERMINAL PINO A COMP BORNE BIMETAL 50MM2,C,2026-07,01/07/2026,30,01/08/2026,2026-08,7570
404223,TERMINAL PINO A COMP BORNE BIMETAL 50MM2,C,2026-10,01/10/2026,30,01/11/2026,2026-11,7080
404231,MODULO AQUISICAO DADOS 8 ENTR DIGITAIS,C,2026-04,01/04/2026,30,01/05/2026,2026-05,4
404234,MODULO DE COMUNICACAO REMOTA,A,2026-03,25/03/2026,30,24/04/2026,2026-04,1480
404234,MODULO DE COMUNICACAO REMOTA,A,2026-04,01/04/2026,30,01/05/2026,2026-05,632
404234,MODULO DE COMUNICACAO REMOTA,A,2026-05,01/05/2026,30,01/06/2026,2026-06,303
404234,MODULO DE COMUNICACAO REMOTA,A,2026-06,01/06/2026,30,01/07/2026,2026-07,365
404234,MODULO DE COMUNICACAO REMOTA,A,2026-10,01/10/2026,30,01/11/2026,2026-11,201
404251,FONTE DE ALIMENTACAO PS,C,2026-04,01/04/2026,30,01/05/2026,2026-05,4
404264,MODULOS MEDICAO 3 BUCHAS CAPACITIVAS,C,2026-04,01/04/2026,30,01/05/2026,2026-05,4
404265,MODULO INTERFACE MONITORACAO 9 BUCHAS,C,2026-04,01/04/2026,30,01/05/2026,2026-05,4
404282,CABO OPTICO CALIBRAVEL RS232 ABNT,C,2026-06,01/06/2026,30,01/07/2026,2026-07,1226
404282,CABO OPTICO CALIBRAVEL RS232 ABNT,C,2026-10,01/10/2026,30,01/11/2026,2026-11,588
404284,CONVERSOR 4 PORT. 10/100M+2 FIBRA,C,2026-04,01/04/2026,30,01/05/2026,2026-05,4
404467,"CAPACITOR 1F 200KVAR 7,96KV AUTOM",C,2026-03,25/03/2026,30,24/04/2026,2026-04,92
404467,"CAPACITOR 1F 200KVAR 7,96KV AUTOM",C,2026-06,01/06/2026,30,01/07/2026,2026-07,88
404468,"CAPACITOR MONOPOLAR 700KVAR 8,66KV",C,2026-06,01/06/2026,30,01/07/2026,2026-07,10
404508,FERRO SOLDA  220 V PONTA TRATADA 60W,C,2026-08,01/08/2026,30,01/09/2026,2026-09,2
404517,MULTIMETRO LCD 3 5/6 IP65 CAT IV 600V,C,2026-03,25/03/2026,30,24/04/2026,2026-04,12
404517,MULTIMETRO LCD 3 5/6 IP65 CAT IV 600V,C,2026-08,01/08/2026,30,01/09/2026,2026-09,6
404535,"REGULADOR TENSAO 1F 250 KVA 7,96KV 328A",C,2026-03,25/03/2026,30,24/04/2026,2026-04,15
404535,"REGULADOR TENSAO 1F 250 KVA 7,96KV 328A",C,2026-07,01/07/2026,30,01/08/2026,2026-08,3
404554,SWITCH ETHERNET,C,2026-03,25/03/2026,30,24/04/2026,2026-04,8
404613,"TRAFO CRTE 15KV; 40-5A; 0,3C12,5 BARRA",C,2026-03,25/03/2026,30,24/04/2026,2026-04,22
404613,"TRAFO CRTE 15KV; 40-5A; 0,3C12,5 BARRA",C,2026-07,01/07/2026,30,01/08/2026,2026-08,39
404617,MEDIDOR INTEL  3EL 4F 120V/220V 30/200A,C,2026-10,01/10/2026,30,01/11/2026,2026-11,496
404622,CONECTOR PARAFUSO FENDIDO KS-26,C,2026-03,25/03/2026,30,24/04/2026,2026-04,1682
404622,CONECTOR PARAFUSO FENDIDO KS-26,C,2026-07,01/07/2026,30,01/08/2026,2026-08,2850
404719,FIXADOR PERFIL U AC 150DAN 300DAN,C,2026-03,25/03/2026,30,24/04/2026,2026-04,529
404719,FIXADOR PERFIL U AC 150DAN 300DAN,C,2026-06,01/06/2026,30,01/07/2026,2026-07,605
404719,FIXADOR PERFIL U AC 150DAN 300DAN,C,2026-09,01/09/2026,30,01/10/2026,2026-10,203
404719,FIXADOR PERFIL U AC 150DAN 300DAN,C,2026-10,01/10/2026,30,01/11/2026,2026-11,4
404732,CONECTOR PERFUR 50-185MM MED TENSAO 15KV,C,2026-03,25/03/2026,30,24/04/2026,2026-04,3470
404732,CONECTOR PERFUR 50-185MM MED TENSAO 15KV,C,2026-06,01/06/2026,30,01/07/2026,2026-07,3232
404732,CONECTOR PERFUR 50-185MM MED TENSAO 15KV,C,2026-09,01/09/2026,30,01/10/2026,2026-10,1289
404732,CONECTOR PERFUR 50-185MM MED TENSAO 15KV,C,2026-10,01/10/2026,30,01/11/2026,2026-11,136
404738,TERMINAL CHAVE SEC 1F 35-185MM2,C,2026-03,25/03/2026,30,24/04/2026,2026-04,933
404738,TERMINAL CHAVE SEC 1F 35-185MM2,C,2026-07,01/07/2026,30,01/08/2026,2026-08,663
404745,CHAVE FIM DE  CURSO METALTEX FM 1307,C,2026-09,01/09/2026,30,01/10/2026,2026-10,47
404892,"DISJ 3P 17,5KV 1.250A 25KA SION 3AE 1284",C,2026-04,01/04/2026,30,01/05/2026,2026-05,3
404894,ANTENA COLINEAR 8EL 160/174MHZ ARS 13DBI,C,2026-05,01/05/2026,30,01/06/2026,2026-06,2
404972,BRACO TIPO J,C,2026-03,25/03/2026,30,24/04/2026,2026-04,127
404972,BRACO TIPO J,C,2026-07,01/07/2026,30,01/08/2026,2026-08,99
404987,SWITCH UNIFI 24P+802.3AT/BT 2P SFP+10,C,2026-03,25/03/2026,30,24/04/2026,2026-04,6
405382,MED IN 3E 4F 120 240V 10A TB GD DF C,C,2026-10,01/10/2026,30,01/11/2026,2026-11,1431
405456,DRONE,C,2026-03,25/03/2026,30,24/04/2026,2026-04,3
405473,"CABO ELET CU 185MM2 90°XLPE 0,6/1KV",C,2026-06,01/06/2026,30,01/07/2026,2026-07,434
405492,TERMINAL TUBULAR CU ESTANHADO 50MM3,C,2026-10,01/10/2026,30,01/11/2026,2026-11,590
405537,CONECTOR PERF PRINC 16-120 DER 4-36 2AMP,C,2026-03,25/03/2026,30,24/04/2026,2026-04,69
405537,CONECTOR PERF PRINC 16-120 DER 4-36 2AMP,C,2026-07,01/07/2026,30,01/08/2026,2026-08,87
405770,CAMERA TERMOGRAFICA TERMOVISOR -40-2000º,C,2026-03,25/03/2026,30,24/04/2026,2026-04,2
406016,"PARAFUSO AUTOBROCANTE 4,2X13MM",C,2026-03,25/03/2026,30,24/04/2026,2026-04,1280
406016,"PARAFUSO AUTOBROCANTE 4,2X13MM",C,2026-06,01/06/2026,30,01/07/2026,2026-07,1212
406016,"PARAFUSO AUTOBROCANTE 4,2X13MM",C,2026-10,01/10/2026,30,01/11/2026,2026-11,872
406361,HIPOT TENSÃO ATÉ 60kV; CRTE TESTE 100mA,C,2026-03,25/03/2026,30,24/04/2026,2026-04,2
406364,LAVADORA À PRESSÃO,C,2026-05,01/05/2026,30,01/06/2026,2026-06,2
406389,ANALISADOR DE BATERIA AVANCADO C/MOCHILA,C,2026-03,25/03/2026,30,24/04/2026,2026-04,2
406859,ALCA PREFORM 70MM2,C,2026-10,01/10/2026,30,01/11/2026,2026-11,251
407032,BUCHA NYLON S8,C,2026-03,25/03/2026,30,24/04/2026,2026-04,2500
407032,BUCHA NYLON S8,C,2026-07,01/07/2026,30,01/08/2026,2026-08,3250
407094,SEALTUBO 1.1/2 FLEX ESP. AÇO CAPA PVC,C,2026-07,01/07/2026,30,01/08/2026,2026-08,2684
407095,,C,2026-03,25/03/2026,30,24/04/2026,2026-04,3826
407095,,C,2026-06,01/06/2026,30,01/07/2026,2026-07,148
407126,TERMINAL COMP OLHAL BIMETÁLICO 35MM2,C,2026-06,01/06/2026,30,01/07/2026,2026-07,146
407128,TERMINAL COMP OLHAL BIMETÁLICO 95MM2,C,2026-06,01/06/2026,30,01/07/2026,2026-07,523
407128,TERMINAL COMP OLHAL BIMETÁLICO 95MM2,C,2026-10,01/10/2026,30,01/11/2026,2026-11,82
407129,CONECTOR PARAF FENDIDO BIMETAL PFB-25,C,2026-10,01/10/2026,30,01/11/2026,2026-11,13165
407130,"RELIGADOR 1F AUTOMATICO 15KV 200A 6,3kA",C,2026-08,01/08/2026,30,01/09/2026,2026-09,6
407270,DISCO DE CORTE P/ESMERI 4.1/2X3/64X7/8,C,2026-03,25/03/2026,30,24/04/2026,2026-04,64
407355,"CRUZETA POL FBV/RES 2400X112,5X90MM DAT",C,2026-05,01/05/2026,30,01/06/2026,2026-06,535
407355,"CRUZETA POL FBV/RES 2400X112,5X90MM DAT",C,2026-08,01/08/2026,30,01/09/2026,2026-09,409
407355,"CRUZETA POL FBV/RES 2400X112,5X90MM DAT",C,2026-10,01/10/2026,30,01/11/2026,2026-11,7
407399,"PARAFUSO AUTOBROCANTE 4,2X19 PHILLIPS",C,2026-03,25/03/2026,30,24/04/2026,2026-04,1280
407399,"PARAFUSO AUTOBROCANTE 4,2X19 PHILLIPS",C,2026-06,01/06/2026,30,01/07/2026,2026-07,1212
407399,"PARAFUSO AUTOBROCANTE 4,2X19 PHILLIPS",C,2026-10,01/10/2026,30,01/11/2026,2026-11,872
407438,DISCO DE CORTE ESMERILHADEIRA 7X1/16X7/8,C,2026-03,25/03/2026,30,24/04/2026,2026-04,64
407439,MED IN 1E 2F 120 240V 100A TB GD B,C,2026-10,01/10/2026,30,01/11/2026,2026-11,366
407440,MED IN 2E 3F 120 240V 120A TB GD B,C,2026-10,01/10/2026,30,01/11/2026,2026-11,11592
407441,MED IN 3E 4F 120 240V 120A TB GD B,C,2026-10,01/10/2026,30,01/11/2026,2026-11,11784
407443,MOSTRADOR REMOTO MEDIDORES 1003 AC/BAT,C,2026-03,25/03/2026,30,24/04/2026,2026-04,137
407443,MOSTRADOR REMOTO MEDIDORES 1003 AC/BAT,C,2026-07,01/07/2026,30,01/08/2026,2026-08,331
407737,"CABO ELET FLEXIVEL PVC 750V 2,5MM2 CZ",C,2026-03,25/03/2026,30,24/04/2026,2026-04,572
407737,"CABO ELET FLEXIVEL PVC 750V 2,5MM2 CZ",C,2026-06,01/06/2026,30,01/07/2026,2026-07,568
407737,"CABO ELET FLEXIVEL PVC 750V 2,5MM2 CZ",C,2026-10,01/10/2026,30,01/11/2026,2026-11,475
407815,"SIRENE COM AUDIO E VOZ 12V 1,5A 115dB",C,2026-03,25/03/2026,30,24/04/2026,2026-04,104
407815,"SIRENE COM AUDIO E VOZ 12V 1,5A 115dB",C,2026-09,01/09/2026,30,01/10/2026,2026-10,52
407816,FECHADURA ELETRONICA ULTRA CARD,C,2026-03,25/03/2026,30,24/04/2026,2026-04,104
407816,FECHADURA ELETRONICA ULTRA CARD,C,2026-09,01/09/2026,30,01/10/2026,2026-10,52
407970,PARAFUSO PHIL BICROM CAB CHATA AGUL 45MM,C,2026-03,25/03/2026,30,24/04/2026,2026-04,2000
407970,PARAFUSO PHIL BICROM CAB CHATA AGUL 45MM,C,2026-07,01/07/2026,30,01/08/2026,2026-08,2600
408159,POSTE CONC ARM DUPL T 12M 300KGF,C,2026-03,25/03/2026,30,24/04/2026,2026-04,4
408159,POSTE CONC ARM DUPL T 12M 300KGF,C,2026-04,01/04/2026,30,01/05/2026,2026-05,1
408159,POSTE CONC ARM DUPL T 12M 300KGF,C,2026-09,01/09/2026,30,01/10/2026,2026-10,2
408161,POSTE CONCRETO ARM TRON CON 12M 600KGF,C,2026-03,25/03/2026,30,24/04/2026,2026-04,3
408165,POSTE CONCRETO ARM TRON CON 12M 300KGF,C,2026-03,25/03/2026,30,24/04/2026,2026-04,3
408291,CABO AL CONCENTRICO 2F 2X25+25MM2,C,2026-03,25/03/2026,30,24/04/2026,2026-04,111
408291,CABO AL CONCENTRICO 2F 2X25+25MM2,C,2026-07,01/07/2026,30,01/08/2026,2026-08,3830
408291,CABO AL CONCENTRICO 2F 2X25+25MM2,C,2026-10,01/10/2026,30,01/11/2026,2026-11,3715
408742,BATERIA DRONE DJI MAVIC 3,C,2026-06,01/06/2026,30,01/07/2026,2026-07,6
408896,MED IN 3E 4F 120 240V 200A TB QE GD DR C,C,2026-07,01/07/2026,30,01/08/2026,2026-08,373
408896,MED IN 3E 4F 120 240V 200A TB QE GD DR C,C,2026-10,01/10/2026,30,01/11/2026,2026-11,250
408949,ANALISADOR DE MEDIÇAO ADR 4000,C,2026-03,25/03/2026,30,24/04/2026,2026-04,6
408951,MOSTRADOR REMOTO RF MED STAR MEASURE,C,2026-07,01/07/2026,30,01/08/2026,2026-08,372
408951,MOSTRADOR REMOTO RF MED STAR MEASURE,C,2026-10,01/10/2026,30,01/11/2026,2026-11,250
408994,"ISOLADOR PINO, POLIMERICO COM TRAVAS",C,2026-04,01/04/2026,30,01/05/2026,2026-05,4132
408994,"ISOLADOR PINO, POLIMERICO COM TRAVAS",C,2026-07,01/07/2026,30,01/08/2026,2026-08,3877
408994,"ISOLADOR PINO, POLIMERICO COM TRAVAS",C,2026-10,01/10/2026,30,01/11/2026,2026-11,18
408995,GRAMPO ANCOR UNIVERSAL 35MM2 A 185MM2,C,2026-03,25/03/2026,30,24/04/2026,2026-04,2245
408995,GRAMPO ANCOR UNIVERSAL 35MM2 A 185MM2,C,2026-07,01/07/2026,30,01/08/2026,2026-08,2678
409150,DISJUNTOR 3P 15KV 110KV 2500A 25KA,C,2026-07,01/07/2026,30,01/08/2026,2026-08,5
409232,CAMPANULAS DISJUNTOR SION,C,2026-04,01/04/2026,30,01/05/2026,2026-05,60
409232,CAMPANULAS DISJUNTOR SION,C,2026-09,01/09/2026,30,01/10/2026,2026-10,12
409233,BUCHA DE PASSAGEM GVL-2215E,C,2026-04,01/04/2026,30,01/05/2026,2026-05,30
409233,BUCHA DE PASSAGEM GVL-2215E,C,2026-09,01/09/2026,30,01/10/2026,2026-10,15
409249,MEGOHMETRO - MEGGER,C,2026-06,01/06/2026,30,01/07/2026,2026-07,3
409257,TERMINAL A COMP OLHAL BIMETALICO 120MM2,C,2026-10,01/10/2026,30,01/11/2026,2026-11,28
409258,TERMINAL A COMP OLHAL BIMETALICO 150MM2,C,2026-06,01/06/2026,30,01/07/2026,2026-07,63
409258,TERMINAL A COMP OLHAL BIMETALICO 150MM2,C,2026-10,01/10/2026,30,01/11/2026,2026-11,44
409259,TERMINAL A COMP OLHAL BIMETALICO 185MM2,C,2026-06,01/06/2026,30,01/07/2026,2026-07,40
409259,TERMINAL A COMP OLHAL BIMETALICO 185MM2,C,2026-10,01/10/2026,30,01/11/2026,2026-11,40
409260,TERMINAL A COMP PARA BORNE PINO 95MM,C,2026-03,25/03/2026,30,24/04/2026,2026-04,686
409260,TERMINAL A COMP PARA BORNE PINO 95MM,C,2026-06,01/06/2026,30,01/07/2026,2026-07,557
409260,TERMINAL A COMP PARA BORNE PINO 95MM,C,2026-09,01/09/2026,30,01/10/2026,2026-10,1111
409260,TERMINAL A COMP PARA BORNE PINO 95MM,C,2026-10,01/10/2026,30,01/11/2026,2026-11,816
409268,UNID REMOTA ESENSOR-BT C/TC IP67 UL94HB,C,2026-05,01/05/2026,30,01/06/2026,2026-06,298
409268,UNID REMOTA ESENSOR-BT C/TC IP67 UL94HB,C,2026-08,01/08/2026,30,01/09/2026,2026-09,175
409301,UNID REMOTA ESENSOR-RL IP67 UL94HB,C,2026-05,01/05/2026,30,01/06/2026,2026-06,133
409302,SENSOR DE CRTE TIPO ABRT 400A-5 P/ URBT,B,2026-03,25/03/2026,30,24/04/2026,2026-04,294
409302,SENSOR DE CRTE TIPO ABRT 400A-5 P/ URBT,B,2026-04,01/04/2026,30,01/05/2026,2026-05,300
409302,SENSOR DE CRTE TIPO ABRT 400A-5 P/ URBT,B,2026-05,01/05/2026,30,01/06/2026,2026-06,750
409302,SENSOR DE CRTE TIPO ABRT 400A-5 P/ URBT,B,2026-06,01/06/2026,30,01/07/2026,2026-07,450
409302,SENSOR DE CRTE TIPO ABRT 400A-5 P/ URBT,B,2026-07,01/07/2026,30,01/08/2026,2026-08,600
409302,SENSOR DE CRTE TIPO ABRT 400A-5 P/ URBT,B,2026-08,01/08/2026,30,01/09/2026,2026-09,450
409373,TERMINAL PINO A COMP BORNE BIMETAL 70MM2,C,2026-03,25/03/2026,30,24/04/2026,2026-04,606
409373,TERMINAL PINO A COMP BORNE BIMETAL 70MM2,C,2026-06,01/06/2026,30,01/07/2026,2026-07,592
409373,TERMINAL PINO A COMP BORNE BIMETAL 70MM2,C,2026-09,01/09/2026,30,01/10/2026,2026-10,1093
409373,TERMINAL PINO A COMP BORNE BIMETAL 70MM2,C,2026-10,01/10/2026,30,01/11/2026,2026-11,791
409374,"TRAFO CRTE 72,5KV; 50/100/200-5-5-; 0,3C",C,2026-04,01/04/2026,30,01/05/2026,2026-05,2
409376,CAIXA PARA MEDIDOR POLIFASICA VIS. VIDRO,C,2026-07,01/07/2026,30,01/08/2026,2026-08,1383
409524,KIT STARLINK,C,2026-09,01/09/2026,30,01/10/2026,2026-10,6
409628,TELEFONE GRANDSTREAM IP BASICO,C,2026-08,01/08/2026,30,01/09/2026,2026-09,40
409737,CONJ MEDICAO 15KV; 70:1; 400-5A; USO EXT,C,2026-07,01/07/2026,30,01/08/2026,2026-08,1
409738,ANTENA 4G/GSM 5BAND 8DBI SMA-M,C,2026-03,25/03/2026,30,24/04/2026,2026-04,582
409738,ANTENA 4G/GSM 5BAND 8DBI SMA-M,C,2026-06,01/06/2026,30,01/07/2026,2026-07,546
409738,ANTENA 4G/GSM 5BAND 8DBI SMA-M,C,2026-10,01/10/2026,30,01/11/2026,2026-11,478
409743,"CONJ MEDICAO 0,6KV; 200-5A ;USO EXT",C,2026-03,25/03/2026,30,24/04/2026,2026-04,100
409743,"CONJ MEDICAO 0,6KV; 200-5A ;USO EXT",C,2026-07,01/07/2026,30,01/08/2026,2026-08,610
409743,"CONJ MEDICAO 0,6KV; 200-5A ;USO EXT",C,2026-10,01/10/2026,30,01/11/2026,2026-11,480
409744,"CONJ MEDICAO 0,6KV; 400-5A ;USO EXT",C,2026-03,25/03/2026,30,24/04/2026,2026-04,50
409744,"CONJ MEDICAO 0,6KV; 400-5A ;USO EXT",C,2026-07,01/07/2026,30,01/08/2026,2026-08,185
409744,"CONJ MEDICAO 0,6KV; 400-5A ;USO EXT",C,2026-10,01/10/2026,30,01/11/2026,2026-11,120
409778,BANCO DE CAPACITOR 3F 15KV 300KVAR AUTOM,C,2026-09,01/09/2026,30,01/10/2026,2026-10,4
409779,BANCO DE CAPACITOR 3F 15KV 600KVAR AUTOM,C,2026-09,01/09/2026,30,01/10/2026,2026-10,4
409785,ANALISADOR PORTATIL DE GAS E UMIDADE,C,2026-08,01/08/2026,30,01/09/2026,2026-09,2
409787,KIT DE VERIFICACAO DO SISTEMA KITT000012,C,2026-08,01/08/2026,30,01/09/2026,2026-09,2
409788,KIT DE AMOSTRA DE GAS KITT00005,C,2026-08,01/08/2026,30,01/09/2026,2026-09,2
409789,OIL SAMPLE COOLER,C,2026-08,01/08/2026,30,01/09/2026,2026-09,2
409790,FILTRO DE TEFLON,C,2026-08,01/08/2026,30,01/09/2026,2026-09,100
409791,ROLO DE PAPEL TERMICO PARA IMPRESSORA,C,2026-08,01/08/2026,30,01/09/2026,2026-09,20
409792,MALA DE TRANSPORTE CASE01017,C,2026-08,01/08/2026,30,01/09/2026,2026-09,2
409805,SWITCH ETHERNET RUGGEDCOM RMC40,C,2026-03,25/03/2026,30,24/04/2026,2026-04,6
409816,"DISJ 3P 15KV 2000A 31,5KA 3AH3165-4",C,2026-04,01/04/2026,30,01/05/2026,2026-05,2
409817,"DISJ 3P 17,5KV 1250A 25KA 3AH5214-2",C,2026-04,01/04/2026,30,01/05/2026,2026-05,2
409885,RELÉ DE PROTEÇAO DIFERENCIAL,C,2026-10,01/10/2026,30,01/11/2026,2026-11,2
409901,GATEWAY DE COMUNICAÇÃO_SDG,C,2026-04,01/04/2026,30,01/05/2026,2026-05,2
409944,RETIFIC CHAVEAD 220VCA/3F/125VCC/150A,C,2026-03,25/03/2026,30,24/04/2026,2026-04,2
409945,SIST INVERSOR (N+1) C/ CHAVE ESTATICA,C,2026-03,25/03/2026,30,24/04/2026,2026-04,2
409963,SEPARADOR FASE BT 4/0 AWG 700 MM,C,2026-07,01/07/2026,30,01/08/2026,2026-08,38
410019,EXTENSOR GRANDSTREAM - GXP2200,C,2026-05,01/05/2026,30,01/06/2026,2026-06,20
410020,TELEFONE IP GRANDSTREAN MOD GXP2170,C,2026-05,01/05/2026,30,01/06/2026,2026-06,20
410029,REPETIDORA SLR5100 VHF,C,2026-05,01/05/2026,30,01/06/2026,2026-06,2
410031,GATEWAY COMUNICACAO C/ CABOS(BMS),C,2026-03,25/03/2026,30,24/04/2026,2026-04,2
410032,CONTROLADOR S0 C/ CABEAMENTO (BMS),C,2026-03,25/03/2026,30,24/04/2026,2026-04,4
410033,SENSOR MEDIÇÃO SN C/CABEAMENTO(BMS),C,2026-03,25/03/2026,30,24/04/2026,2026-04,240
410034,SENSOR HALL C/ CABOS(BMS),C,2026-03,25/03/2026,30,24/04/2026,2026-04,4
410035,BOX+FONTE C/ CABOS(BMS),C,2026-03,25/03/2026,30,24/04/2026,2026-04,4
410036,"DESCARREGADOR DE BATERIAS 220 A, 300 V",C,2026-03,25/03/2026,30,24/04/2026,2026-04,2
410041,PARAFUSO AUTO BROC CONIC PHILIPS 4.2X25M,C,2026-03,25/03/2026,30,24/04/2026,2026-04,75
410041,PARAFUSO AUTO BROC CONIC PHILIPS 4.2X25M,C,2026-07,01/07/2026,30,01/08/2026,2026-08,9228
410041,PARAFUSO AUTO BROC CONIC PHILIPS 4.2X25M,C,2026-10,01/10/2026,30,01/11/2026,2026-11,9150
410044,RELE DE PROTEÇÃO E CONTROLE,C,2026-08,01/08/2026,30,01/09/2026,2026-09,4
410045,ALCA PREFORM CABO CONC  1X25+25,C,2026-10,01/10/2026,30,01/11/2026,2026-11,2142
410046,CABO AL CONCENTRICO 1F 1x25+25MM2,C,2026-10,01/10/2026,30,01/11/2026,2026-11,3719
410047,ALCA PREFORM CABO CONC  2X25 + 25,C,2026-03,25/03/2026,30,24/04/2026,2026-04,12
410047,ALCA PREFORM CABO CONC  2X25 + 25,C,2026-07,01/07/2026,30,01/08/2026,2026-08,8686
410047,ALCA PREFORM CABO CONC  2X25 + 25,C,2026-10,01/10/2026,30,01/11/2026,2026-11,8675
410048,ALCA PREFORM CABO CONC  2X35 + 35,C,2026-10,01/10/2026,30,01/11/2026,2026-11,8740
410049,ALCA PREFORM 95MM2,C,2026-10,01/10/2026,30,01/11/2026,2026-11,302
410050,CABO AL CONCENTRICO 2F 2X35+35MM2,C,2026-10,01/10/2026,30,01/11/2026,2026-11,12541
410052,MODULO DE COMUNIC REMOTA NB CAT-M SMA,C,2026-03,25/03/2026,30,24/04/2026,2026-04,60
410052,MODULO DE COMUNIC REMOTA NB CAT-M SMA,C,2026-07,01/07/2026,30,01/08/2026,2026-08,40
410062,ANTENA GPS GNSS GE REASON RT 420 30,C,2026-03,25/03/2026,30,24/04/2026,2026-04,10
410063,FANLESS SIEMENS IPC BX-39A,C,2026-05,01/05/2026,30,01/06/2026,2026-06,28
410066,FONTE SOBRESSALENTE GE REASON RPV 311,C,2026-03,25/03/2026,30,24/04/2026,2026-04,20
410067,SWITCH RUDDECOM i803 FO LC  ETHERNET,C,2026-03,25/03/2026,30,24/04/2026,2026-04,6
410068,MICROTIK CCR2004-16G-2S+,C,2026-03,25/03/2026,30,24/04/2026,2026-04,4
410147,CX BLIND P/ MED MONO C/ ABERT INTEL,C,2026-03,25/03/2026,30,24/04/2026,2026-04,1064
410147,CX BLIND P/ MED MONO C/ ABERT INTEL,C,2026-07,01/07/2026,30,01/08/2026,2026-08,1076
410152,CX BLIND P/ MED BI C/ ABERT INTEL,C,2026-03,25/03/2026,30,24/04/2026,2026-04,2216
410152,CX BLIND P/ MED BI C/ ABERT INTEL,C,2026-07,01/07/2026,30,01/08/2026,2026-08,2244
410153,CX BLIND P/ MED TRI C/ ABERT INTEL,C,2026-03,25/03/2026,30,24/04/2026,2026-04,3679
410153,CX BLIND P/ MED TRI C/ ABERT INTEL,C,2026-07,01/07/2026,30,01/08/2026,2026-08,3726
410154,UNIDADE REMOTA INT P/ MED C/ CONECT SMA,C,2026-03,25/03/2026,30,24/04/2026,2026-04,300
410154,UNIDADE REMOTA INT P/ MED C/ CONECT SMA,C,2026-07,01/07/2026,30,01/08/2026,2026-08,200
410155,CX BLIND P/ CONEXAO C/ ABERT INTEL,C,2026-04,01/04/2026,30,01/05/2026,2026-05,2922
410155,CX BLIND P/ CONEXAO C/ ABERT INTEL,C,2026-06,01/06/2026,30,01/07/2026,2026-07,294
410176,CAIXA DE PROTEÇÃO DA BUCHA 600X209X160,C,2026-03,25/03/2026,30,24/04/2026,2026-04,16
410176,CAIXA DE PROTEÇÃO DA BUCHA 600X209X160,C,2026-06,01/06/2026,30,01/07/2026,2026-07,25
410176,CAIXA DE PROTEÇÃO DA BUCHA 600X209X160,C,2026-09,01/09/2026,30,01/10/2026,2026-10,9
410177,"ABRACADEIRA PLAS UV 150X3,50MM",C,2026-04,01/04/2026,30,01/05/2026,2026-05,46
410177,"ABRACADEIRA PLAS UV 150X3,50MM",C,2026-07,01/07/2026,30,01/08/2026,2026-08,48
410200, CONECTOR COMP TIPO H 95-95,C,2026-04,01/04/2026,30,01/05/2026,2026-05,9
410200, CONECTOR COMP TIPO H 95-95,C,2026-07,01/07/2026,30,01/08/2026,2026-08,8
410212,FITA AUTOADESIVA BLINDAGEM 10cmX10m,C,2026-03,25/03/2026,30,24/04/2026,2026-04,1296
410212,FITA AUTOADESIVA BLINDAGEM 10cmX10m,C,2026-07,01/07/2026,30,01/08/2026,2026-08,1315
410213,TINTA SPRAY 400ML,C,2026-03,25/03/2026,30,24/04/2026,2026-04,132
410213,TINTA SPRAY 400ML,C,2026-07,01/07/2026,30,01/08/2026,2026-08,133
800012,TERMINAL PRE ISOL PINO TUBULAR 95MM2 AZ,C,2026-06,01/06/2026,30,01/07/2026,2026-07,1775
800012,TERMINAL PRE ISOL PINO TUBULAR 95MM2 AZ,C,2026-10,01/10/2026,30,01/11/2026,2026-11,880
800013,SUPORTE TRANSF POSTE CIRC AC 270MM,C,2026-05,01/05/2026,30,01/06/2026,2026-06,118
800014,TERMINAL COMPRESSAO OLHAL 120MM2 1F,C,2026-07,01/07/2026,30,01/08/2026,2026-08,57
800021,"CABO ELET CU 95MM2 90°XLPE 0,6/1KV",C,2026-03,25/03/2026,30,24/04/2026,2026-04,2333
800021,"CABO ELET CU 95MM2 90°XLPE 0,6/1KV",C,2026-07,01/07/2026,30,01/08/2026,2026-08,4897
800033,CABO ELETR 15KV AL PROT XLPE 50MM2 1F MT,C,2026-03,25/03/2026,30,24/04/2026,2026-04,2247
800033,CABO ELETR 15KV AL PROT XLPE 50MM2 1F MT,C,2026-07,01/07/2026,30,01/08/2026,2026-08,2635
800036,HASTE ATERRAMENTO PADRAO A 16X2400MM,C,2026-03,25/03/2026,30,24/04/2026,2026-04,115
800036,HASTE ATERRAMENTO PADRAO A 16X2400MM,C,2026-07,01/07/2026,30,01/08/2026,2026-08,152
800041,"CABO  MULT 3X50+1X50MM² XLPE 0,6/1 KV",C,2026-03,25/03/2026,30,24/04/2026,2026-04,1495
800041,"CABO  MULT 3X50+1X50MM² XLPE 0,6/1 KV",C,2026-07,01/07/2026,30,01/08/2026,2026-08,1946
800052,CABO NU AL CAA 4/0 AWG 107MM2 PEGUIN,C,2026-03,25/03/2026,30,24/04/2026,2026-04,272
800052,CABO NU AL CAA 4/0 AWG 107MM2 PEGUIN,C,2026-06,01/06/2026,30,01/07/2026,2026-07,244
800052,CABO NU AL CAA 4/0 AWG 107MM2 PEGUIN,C,2026-09,01/09/2026,30,01/10/2026,2026-10,107
800054,CONECTOR ATERR REFORÇ HAST/CAB 5/8-35MM2,C,2026-10,01/10/2026,30,01/11/2026,2026-11,10871
800059,"CABO ELET NU CA 336,4MCM 170MM2 TULIP",C,2026-06,01/06/2026,30,01/07/2026,2026-07,461
800059,"CABO ELET NU CA 336,4MCM 170MM2 TULIP",C,2026-09,01/09/2026,30,01/10/2026,2026-10,200
800060,CABO ELET 15KV AL PROT XLPE 185MM2 1F MT,C,2026-03,25/03/2026,30,24/04/2026,2026-04,1150
800060,CABO ELET 15KV AL PROT XLPE 185MM2 1F MT,C,2026-07,01/07/2026,30,01/08/2026,2026-08,1495
800062,"CABO  MULT 2X16+1X16MM² XLPE 0,6/1 KV",C,2026-03,25/03/2026,30,24/04/2026,2026-04,843
800062,"CABO  MULT 2X16+1X16MM² XLPE 0,6/1 KV",C,2026-07,01/07/2026,30,01/08/2026,2026-08,2316
800100,ISOLADOR PINO PORC 15KV 102MM 1350KGF,C,2026-05,01/05/2026,30,01/06/2026,2026-06,3154
800100,ISOLADOR PINO PORC 15KV 102MM 1350KGF,C,2026-08,01/08/2026,30,01/09/2026,2026-09,2383
800105,MANILHA AC 16MM 80MM 22MM 13500DAN,C,2026-10,01/10/2026,30,01/11/2026,2026-11,26
800108,PARAFUSO CAB ABA AC 16MM 45MM,C,2026-03,25/03/2026,30,24/04/2026,2026-04,792
800108,PARAFUSO CAB ABA AC 16MM 45MM,C,2026-07,01/07/2026,30,01/08/2026,2026-08,1279
800110,PARAFUSO CAB ABA PESC QD AC 3/8PX115MM,C,2026-03,25/03/2026,30,24/04/2026,2026-04,65
800110,PARAFUSO CAB ABA PESC QD AC 3/8PX115MM,C,2026-07,01/07/2026,30,01/08/2026,2026-08,87
800118,PARAFUSO CAB QD AC 16MM 500MM,C,2026-08,01/08/2026,30,01/09/2026,2026-09,652
800119,PARAFUSO CAB QD AC 16MM 225MM 300MM,C,2026-03,25/03/2026,30,24/04/2026,2026-04,4073
800119,PARAFUSO CAB QD AC 16MM 225MM 300MM,C,2026-07,01/07/2026,30,01/08/2026,2026-08,5280
800119,PARAFUSO CAB QD AC 16MM 225MM 300MM,C,2026-10,01/10/2026,30,01/11/2026,2026-11,61
800145,CABO ELÉTRICO CU 35MM AZUL FLEXIVEL 750V,C,2026-03,25/03/2026,30,24/04/2026,2026-04,1000
800163,"CABO ELET NU CA AL 2/0AWG 67,40MM2",C,2026-03,25/03/2026,30,24/04/2026,2026-04,3695
800163,"CABO ELET NU CA AL 2/0AWG 67,40MM2",C,2026-07,01/07/2026,30,01/08/2026,2026-08,7666
800192,AFASTADOR REDE SEC AC 700MM 500MM,C,2026-08,01/08/2026,30,01/09/2026,2026-09,16
800202,ELO FUSIVEL BOTAO K 80A 500MM,C,2026-05,01/05/2026,30,01/06/2026,2026-06,261
800202,ELO FUSIVEL BOTAO K 80A 500MM,C,2026-08,01/08/2026,30,01/09/2026,2026-09,126
800203,ELO FUSIVEL DISTRIB 30K 15KV 500MM,C,2026-03,25/03/2026,30,24/04/2026,2026-04,4
800215,ARRUELA LIS 3/8P 1119,C,2026-06,01/06/2026,30,01/07/2026,2026-07,886
800228,ALCA PREFORM DIST CAA/CA 1/0AWG 50MM2,C,2026-05,01/05/2026,30,01/06/2026,2026-06,1256
800228,ALCA PREFORM DIST CAA/CA 1/0AWG 50MM2,C,2026-08,01/08/2026,30,01/09/2026,2026-09,1004
800243,ARRUELA PRES AC PARAF 3/8P 5/8P,C,2026-06,01/06/2026,30,01/07/2026,2026-07,249
800256,BRACO SUPORTE TIPO C 580X365MM 851/6,C,2026-03,25/03/2026,30,24/04/2026,2026-04,204
800256,BRACO SUPORTE TIPO C 580X365MM 851/6,C,2026-07,01/07/2026,30,01/08/2026,2026-08,273
800260,CINTA POSTE CIRC ACO 340MM,C,2026-04,01/04/2026,30,01/05/2026,2026-05,40
800260,CINTA POSTE CIRC ACO 340MM,C,2026-07,01/07/2026,30,01/08/2026,2026-08,57
800262,CHAVE FUSIVEL INDIC 15KV 200A/95KV BUC,C,2026-06,01/06/2026,30,01/07/2026,2026-07,134
800262,CHAVE FUSIVEL INDIC 15KV 200A/95KV BUC,C,2026-09,01/09/2026,30,01/10/2026,2026-10,59
800263,CINTA POSTE CIRC ACO 320MM,C,2026-07,01/07/2026,30,01/08/2026,2026-08,91
800272,"CONECTOR CUNHA AZ AL 336,4MCM 336,4MCM",C,2026-03,25/03/2026,30,24/04/2026,2026-04,175
800272,"CONECTOR CUNHA AZ AL 336,4MCM 336,4MCM",C,2026-07,01/07/2026,30,01/08/2026,2026-08,230
800304,CONECTOR T AL 477MCM,C,2026-06,01/06/2026,30,01/07/2026,2026-07,80
800337,EMENDA PREF COND AL 4/0AWG AM 1295MM,C,2026-03,25/03/2026,30,24/04/2026,2026-04,721
800337,EMENDA PREF COND AL 4/0AWG AM 1295MM,C,2026-07,01/07/2026,30,01/08/2026,2026-08,1266
800344,"FITA ISOL EPR 0,76X19MM 10M PT",C,2026-03,25/03/2026,30,24/04/2026,2026-04,536
800344,"FITA ISOL EPR 0,76X19MM 10M PT",C,2026-07,01/07/2026,30,01/08/2026,2026-08,1218
800352,ESTRIBO BRACO L-EST-01 FOFO 200DAN,C,2026-07,01/07/2026,30,01/08/2026,2026-08,212
800356,"EMENDA ELET TERM-CON 8,7/15KV 240-630MM2",C,2026-07,01/07/2026,30,01/08/2026,2026-08,24
800357,EMENDA PREF COND AL 2AWG 711MM,C,2026-09,01/09/2026,30,01/10/2026,2026-10,266
800362,ELO FUSIVEL BOTAO DISTRIB K 30A 500MM,C,2026-06,01/06/2026,30,01/07/2026,2026-07,2532
800362,ELO FUSIVEL BOTAO DISTRIB K 30A 500MM,C,2026-09,01/09/2026,30,01/10/2026,2026-10,958
800364,"CONECTOR PARAF FEND DER CU 2,5-70MM²",C,2026-03,25/03/2026,30,24/04/2026,2026-04,99
800364,"CONECTOR PARAF FEND DER CU 2,5-70MM²",C,2026-07,01/07/2026,30,01/08/2026,2026-08,195
800369,CINTA POSTE CIRC ACO 200MM,C,2026-03,25/03/2026,30,24/04/2026,2026-04,78
800369,CINTA POSTE CIRC ACO 200MM,C,2026-07,01/07/2026,30,01/08/2026,2026-08,104
800392,FIXADOR PERFIL U AC 150DAN 300DAN,C,2026-03,25/03/2026,30,24/04/2026,2026-04,65
800392,FIXADOR PERFIL U AC 150DAN 300DAN,C,2026-07,01/07/2026,30,01/08/2026,2026-08,87
800398,"GRAMPO ANCOR PAS AL 874,5~954MCM",C,2026-06,01/06/2026,30,01/07/2026,2026-07,100
800417,"ARMACAO SEC PRESB 4EST 4,5MM ACO",C,2026-05,01/05/2026,30,01/06/2026,2026-06,308
800417,"ARMACAO SEC PRESB 4EST 4,5MM ACO",C,2026-08,01/08/2026,30,01/09/2026,2026-09,255
800423,"ARMACAO SEC PRESB 2EST 4,5MM ACO",C,2026-03,25/03/2026,30,24/04/2026,2026-04,925
800423,"ARMACAO SEC PRESB 2EST 4,5MM ACO",C,2026-07,01/07/2026,30,01/08/2026,2026-08,1205
800426,"CABO ELET BT 70MM2 CU PVC PT 0,6/1KV",C,2026-07,01/07/2026,30,01/08/2026,2026-08,118
800431,CINTA POSTE CIRC ACO 250MM,C,2026-03,25/03/2026,30,24/04/2026,2026-04,189
800431,CINTA POSTE CIRC ACO 250MM,C,2026-07,01/07/2026,30,01/08/2026,2026-08,242
800436,CINTA POSTE CIRC ACO 240MM,C,2026-03,25/03/2026,30,24/04/2026,2026-04,69
800436,CINTA POSTE CIRC ACO 240MM,C,2026-07,01/07/2026,30,01/08/2026,2026-08,103
800473,BRACO L A1010/1020 3/8P16P,C,2026-08,01/08/2026,30,01/09/2026,2026-09,52
800496,MANILHA SAPATILHA 5000DAN,C,2026-07,01/07/2026,30,01/08/2026,2026-08,1190
800499,"MAO-FRANCESA NORMAL AC 710X32X6,5MM",C,2026-05,01/05/2026,30,01/06/2026,2026-06,3291
800499,"MAO-FRANCESA NORMAL AC 710X32X6,5MM",C,2026-08,01/08/2026,30,01/09/2026,2026-09,2559
800503,GRAMPO SUSPENSAO AL MONOARTIC CAA 477MCM,C,2026-06,01/06/2026,30,01/07/2026,2026-07,40
800511,SUPORTE HORIZONTAL,C,2026-03,25/03/2026,30,24/04/2026,2026-04,2
800515,ISOLADOR ANCOR POLIM 15KV 5000DAN,C,2026-07,01/07/2026,30,01/08/2026,2026-08,2047
800520,PARAFUSO CAB QD MAQ AC 5/8X16P,C,2026-03,25/03/2026,30,24/04/2026,2026-04,300
800520,PARAFUSO CAB QD MAQ AC 5/8X16P,C,2026-07,01/07/2026,30,01/08/2026,2026-08,390
800522,MAO FRANCESA BECO AC 1970MM 45X45X45MM,C,2026-09,01/09/2026,30,01/10/2026,2026-10,13
800528,PARAFUSO OLH AC 5/8P 650MM,C,2026-05,01/05/2026,30,01/06/2026,2026-06,596
800528,PARAFUSO OLH AC 5/8P 650MM,C,2026-08,01/08/2026,30,01/09/2026,2026-09,481
800530,PARAFUSO OLH AC 16MM 5/8P 475MM,C,2026-07,01/07/2026,30,01/08/2026,2026-08,52
800541,PORCA QUADRADA AC 16MM 2MM,C,2026-09,01/09/2026,30,01/10/2026,2026-10,411
800557,"CONECTOR DER CUNHA ESTRIBO 336,4 MCM",C,2026-10,01/10/2026,30,01/11/2026,2026-11,4
800592,CONECTOR PERF AL 16-120MM2 /16-120MM2,C,2026-03,25/03/2026,30,24/04/2026,2026-04,2500
800592,CONECTOR PERF AL 16-120MM2 /16-120MM2,C,2026-07,01/07/2026,30,01/08/2026,2026-08,3479
800595,LACO LATERAL DUPLO 4/0AWG,C,2026-08,01/08/2026,30,01/09/2026,2026-09,1438
800654,PARA-RAIO DISTRIB POL 12KV 10KA S/CENT,C,2026-07,01/07/2026,30,01/08/2026,2026-08,1952
800671,SUPORTE TRANSF POSTE CIRC AC 220MM,C,2026-07,01/07/2026,30,01/08/2026,2026-08,22
800676,"CABO  MULT 3X95+1X70MM² XLPE 0,6/1 KV",C,2026-03,25/03/2026,30,24/04/2026,2026-04,644
800676,"CABO  MULT 3X95+1X70MM² XLPE 0,6/1 KV",C,2026-09,01/09/2026,30,01/10/2026,2026-10,500
800682,"CABO NU CA AL 4/0 AWG 7X4,417MM OXLIP",C,2026-03,25/03/2026,30,24/04/2026,2026-04,4067
800682,"CABO NU CA AL 4/0 AWG 7X4,417MM OXLIP",C,2026-07,01/07/2026,30,01/08/2026,2026-08,6877
800705,ISOLADOR DISCO 152X140MM 60KV 4500KGF,C,2026-03,25/03/2026,30,24/04/2026,2026-04,570
800705,ISOLADOR DISCO 152X140MM 60KV 4500KGF,C,2026-07,01/07/2026,30,01/08/2026,2026-08,746
800712,SUPORTE TRANSF POSTE CIRC AC 200MM,C,2026-05,01/05/2026,30,01/06/2026,2026-06,66
800717,GRAMPO LV OLHAL 18MM 10-120/10-70MM2,C,2026-03,25/03/2026,30,24/04/2026,2026-04,741
800717,GRAMPO LV OLHAL 18MM 10-120/10-70MM2,C,2026-07,01/07/2026,30,01/08/2026,2026-08,1190
800741,"CABO ELET CU 120MM2 90°XLPE 0,6/1KV",C,2026-09,01/09/2026,30,01/10/2026,2026-10,1409
800750,"CABO  MULT 3X35+1X35 MM² XLPE 0,6/1 KV",C,2026-03,25/03/2026,30,24/04/2026,2026-04,1745
800750,"CABO  MULT 3X35+1X35 MM² XLPE 0,6/1 KV",C,2026-07,01/07/2026,30,01/08/2026,2026-08,2271
800762,"CABO  MULT 3X70+1X70 MM² XLPE 0,6/1 KV",C,2026-07,01/07/2026,30,01/08/2026,2026-08,1316
800774,"TERMINAL PINO TUBULAR 2,5MM2",C,2026-06,01/06/2026,30,01/07/2026,2026-07,1369
800774,"TERMINAL PINO TUBULAR 2,5MM2",C,2026-10,01/10/2026,30,01/11/2026,2026-11,820
800775,"CABO  MULT 2X25+1X25MM² XLPE 0,6/1 KV",C,2026-05,01/05/2026,30,01/06/2026,2026-06,1488
800775,"CABO  MULT 2X25+1X25MM² XLPE 0,6/1 KV",C,2026-10,01/10/2026,30,01/11/2026,2026-11,48
800794,ALCA PREFORM CA/CAA 2AWG 6/1P 2AWG 625MM,C,2026-03,25/03/2026,30,24/04/2026,2026-04,3636
800794,ALCA PREFORM CA/CAA 2AWG 6/1P 2AWG 625MM,C,2026-09,01/09/2026,30,01/10/2026,2026-10,276
800804,"CABO  MULT 1X16+1X16MM² XLPE 0,6/1 KV",C,2026-03,25/03/2026,30,24/04/2026,2026-04,975
800804,"CABO  MULT 1X16+1X16MM² XLPE 0,6/1 KV",C,2026-07,01/07/2026,30,01/08/2026,2026-08,1321
800808,ALCA PREFORM DIST CAA/CA 2/0AWG 70MM2,C,2026-03,25/03/2026,30,24/04/2026,2026-04,1568
800808,ALCA PREFORM DIST CAA/CA 2/0AWG 70MM2,C,2026-07,01/07/2026,30,01/08/2026,2026-08,2592
800813,"CONECTOR DER CUNH AZ AL 2/0 4/0 336,4MCM",C,2026-07,01/07/2026,30,01/08/2026,2026-08,510
800815,CONECTOR CUNHA AL 4/0 (4/0) AWG,C,2026-03,25/03/2026,30,24/04/2026,2026-04,190
800815,CONECTOR CUNHA AL 4/0 (4/0) AWG,C,2026-07,01/07/2026,30,01/08/2026,2026-08,247
800816,CAIXA EMENDA OPTICA 48F,C,2026-07,01/07/2026,30,01/08/2026,2026-08,38
800817,CHAVE FUSIVEL DIST 15KV 100A/10KA PORC,B,2026-03,25/03/2026,30,24/04/2026,2026-04,618
800817,CHAVE FUSIVEL DIST 15KV 100A/10KA PORC,B,2026-04,01/04/2026,30,01/05/2026,2026-05,370
800817,CHAVE FUSIVEL DIST 15KV 100A/10KA PORC,B,2026-05,01/05/2026,30,01/06/2026,2026-06,554
800817,CHAVE FUSIVEL DIST 15KV 100A/10KA PORC,B,2026-06,01/06/2026,30,01/07/2026,2026-07,554
800817,CHAVE FUSIVEL DIST 15KV 100A/10KA PORC,B,2026-07,01/07/2026,30,01/08/2026,2026-08,738
800817,CHAVE FUSIVEL DIST 15KV 100A/10KA PORC,B,2026-08,01/08/2026,30,01/09/2026,2026-09,554
800824,ELO FUSIVEL BOTAO DISTR K 40A 500MM,C,2026-04,01/04/2026,30,01/05/2026,2026-05,2655
800824,ELO FUSIVEL BOTAO DISTR K 40A 500MM,C,2026-07,01/07/2026,30,01/08/2026,2026-08,3103
800836,CONECTOR T AL 954 MCM,C,2026-06,01/06/2026,30,01/07/2026,2026-07,10
800839,GRAMPO ANCOR PAS AL 4/0AWG~636MCM,C,2026-06,01/06/2026,30,01/07/2026,2026-07,75
800847,"CRUZETA POL PE/FBN 90X112,5X2400MM",C,2026-03,25/03/2026,30,24/04/2026,2026-04,2273
800847,"CRUZETA POL PE/FBN 90X112,5X2400MM",C,2026-07,01/07/2026,30,01/08/2026,2026-08,4298
800869,FIO ELETRICO CU NU 16MM2 MEIO DURO,C,2026-03,25/03/2026,30,24/04/2026,2026-04,129
800869,FIO ELETRICO CU NU 16MM2 MEIO DURO,C,2026-07,01/07/2026,30,01/08/2026,2026-08,164
800872,CONECTOR AUTO PERF DU 70-240 / 70-240MM2,C,2026-06,01/06/2026,30,01/07/2026,2026-07,4318
800872,CONECTOR AUTO PERF DU 70-240 / 70-240MM2,C,2026-09,01/09/2026,30,01/10/2026,2026-10,1592
800874,GRAMPO ANCOR CUNHA AL 170MM2 400DAN,C,2026-03,25/03/2026,30,24/04/2026,2026-04,30
800874,GRAMPO ANCOR CUNHA AL 170MM2 400DAN,C,2026-07,01/07/2026,30,01/08/2026,2026-08,39
800877,CONECTOR T AL 477MCM 954MCM,C,2026-06,01/06/2026,30,01/07/2026,2026-07,60
800884,CONECTOR CUNHA LIGA AL AZ 120MM2 4/0AWG,C,2026-10,01/10/2026,30,01/11/2026,2026-11,389
800886,"CONECTOR DER CUNHA AL 2/0AWG 336,4MCM",C,2026-03,25/03/2026,30,24/04/2026,2026-04,100
800886,"CONECTOR DER CUNHA AL 2/0AWG 336,4MCM",C,2026-07,01/07/2026,30,01/08/2026,2026-08,130
800894,ELO FUSIVEL BOTAO DISTRIB UN K 8A 500MM,C,2026-04,01/04/2026,30,01/05/2026,2026-05,2208
800894,ELO FUSIVEL BOTAO DISTRIB UN K 8A 500MM,C,2026-07,01/07/2026,30,01/08/2026,2026-08,3297
800897,"ALCA PREFORM 6,4MM 1/4P AM 1219MM",C,2026-05,01/05/2026,30,01/06/2026,2026-06,108
800897,"ALCA PREFORM 6,4MM 1/4P AM 1219MM",C,2026-08,01/08/2026,30,01/09/2026,2026-09,94
800922,PARAFUSO CAB QD AC 16MM 450MM,C,2026-03,25/03/2026,30,24/04/2026,2026-04,1908
800922,PARAFUSO CAB QD AC 16MM 450MM,C,2026-07,01/07/2026,30,01/08/2026,2026-08,2803
800929,PARAFUSO CAB QD AC 16MM 250MM,C,2026-06,01/06/2026,30,01/07/2026,2026-07,317
800929,PARAFUSO CAB QD AC 16MM 250MM,C,2026-09,01/09/2026,30,01/10/2026,2026-10,126
800944,ISOLADOR RODL PORC 15KV 81X47MM 1350DAN,C,2026-10,01/10/2026,30,01/11/2026,2026-11,10817
800950,"MUFLA TERMINAL 8,7/15KV 25-95MM2",C,2026-03,25/03/2026,30,24/04/2026,2026-04,50
800950,"MUFLA TERMINAL 8,7/15KV 25-95MM2",C,2026-05,01/05/2026,30,01/06/2026,2026-06,38
800950,"MUFLA TERMINAL 8,7/15KV 25-95MM2",C,2026-10,01/10/2026,30,01/11/2026,2026-11,1
800959,PORTA-FUSIVEL 15KV 100A,C,2026-04,01/04/2026,30,01/05/2026,2026-05,2753
800959,PORTA-FUSIVEL 15KV 100A,C,2026-07,01/07/2026,30,01/08/2026,2026-08,3240
800965,PARAFUSO OLH AC 5/8P 800MM,C,2026-06,01/06/2026,30,01/07/2026,2026-07,235
800965,PARAFUSO OLH AC 5/8P 800MM,C,2026-09,01/09/2026,30,01/10/2026,2026-10,91
800966,PARAFUSO OLH AC 16MM 450MM,C,2026-03,25/03/2026,30,24/04/2026,2026-04,90
800966,PARAFUSO OLH AC 16MM 450MM,C,2026-07,01/07/2026,30,01/08/2026,2026-08,117
800975,"CABO  MULT 3X16+1X16MM² XLPE 0,6/1 KV",C,2026-03,25/03/2026,30,24/04/2026,2026-04,1685
800975,"CABO  MULT 3X16+1X16MM² XLPE 0,6/1 KV",C,2026-07,01/07/2026,30,01/08/2026,2026-08,2733
800977,TERMINAL ELET CU ELET 35MM2 LING RET 1F,C,2026-04,01/04/2026,30,01/05/2026,2026-05,18
800981,CABO ELETR 15KV AL PROT XLPE 35MM2 1F MT,C,2026-03,25/03/2026,30,24/04/2026,2026-04,900
800981,CABO ELETR 15KV AL PROT XLPE 35MM2 1F MT,C,2026-05,01/05/2026,30,01/06/2026,2026-06,1490
800981,CABO ELETR 15KV AL PROT XLPE 35MM2 1F MT,C,2026-08,01/08/2026,30,01/09/2026,2026-09,655
800982,PARAFUSO OLHAL AC 5/8P 20P,C,2026-03,25/03/2026,30,24/04/2026,2026-04,1777
800982,PARAFUSO OLHAL AC 5/8P 20P,C,2026-07,01/07/2026,30,01/08/2026,2026-08,2551
800991,MAO FRANCESA BECO AC 2135MM 35MMX5MM,C,2026-03,25/03/2026,30,24/04/2026,2026-04,105
800991,MAO FRANCESA BECO AC 2135MM 35MMX5MM,C,2026-07,01/07/2026,30,01/08/2026,2026-08,204
800999,"CABO ELET BT 3X10MM2 0,6/1 KV",C,2026-03,25/03/2026,30,24/04/2026,2026-04,835
801011,CONECTOR CU PARAF FEND CAB ATERR 10-95MM,C,2026-09,01/09/2026,30,01/10/2026,2026-10,168
801018,RESISTENCIA AQUEC 150W 220V,C,2026-06,01/06/2026,30,01/07/2026,2026-07,100
801044,CINTA POSTE CIRC ACO 190MM,C,2026-04,01/04/2026,30,01/05/2026,2026-05,93
801044,CINTA POSTE CIRC ACO 190MM,C,2026-07,01/07/2026,30,01/08/2026,2026-08,107
801047,ARRUELA LIS QD AC 17MM 11/16 57X57MM 5MM,C,2026-06,01/06/2026,30,01/07/2026,2026-07,2489
801061,CONECTOR CUNHA CA 336 MCM CA 4/0 AWG,C,2026-06,01/06/2026,30,01/07/2026,2026-07,136
801062,LACO PREF ROLD CA 4/0AWG LJ,C,2026-08,01/08/2026,30,01/09/2026,2026-09,189
801064,PARAFUSO CAB ABA AC 10MM 115MM,C,2026-05,01/05/2026,30,01/06/2026,2026-06,3944
801064,PARAFUSO CAB ABA AC 10MM 115MM,C,2026-08,01/08/2026,30,01/09/2026,2026-09,2932
801066,PINO ISOLADOR POLIMERICO AC 15KV 145MM,C,2026-04,01/04/2026,30,01/05/2026,2026-05,20
801066,PINO ISOLADOR POLIMERICO AC 15KV 145MM,C,2026-07,01/07/2026,30,01/08/2026,2026-08,27
801068,CONECTOR PERF AL 35-150MM2 / 35-150MM2,C,2026-05,01/05/2026,30,01/06/2026,2026-06,128
801079,"CABO ELET NU CA 1/0AWG 53,5 MM2 POPPY",C,2026-06,01/06/2026,30,01/07/2026,2026-07,2340
801083,PORCA SEXT AI304 3/8P UNC,C,2026-06,01/06/2026,30,01/07/2026,2026-07,403
801087,GANCHO OLHAL AC 17MM 5000KGF,C,2026-04,01/04/2026,30,01/05/2026,2026-05,1173
801087,GANCHO OLHAL AC 17MM 5000KGF,C,2026-07,01/07/2026,30,01/08/2026,2026-08,1534
801112,"CRUZETA POL FBV/RES PES 2400X112,5X90MM",B,2026-03,25/03/2026,30,24/04/2026,2026-04,315
801112,"CRUZETA POL FBV/RES PES 2400X112,5X90MM",B,2026-04,01/04/2026,30,01/05/2026,2026-05,526
801112,"CRUZETA POL FBV/RES PES 2400X112,5X90MM",B,2026-05,01/05/2026,30,01/06/2026,2026-06,800
801112,"CRUZETA POL FBV/RES PES 2400X112,5X90MM",B,2026-06,01/06/2026,30,01/07/2026,2026-07,850
801112,"CRUZETA POL FBV/RES PES 2400X112,5X90MM",B,2026-07,01/07/2026,30,01/08/2026,2026-08,1074
801112,"CRUZETA POL FBV/RES PES 2400X112,5X90MM",B,2026-08,01/08/2026,30,01/09/2026,2026-09,800
801112,"CRUZETA POL FBV/RES PES 2400X112,5X90MM",B,2026-09,01/09/2026,30,01/10/2026,2026-10,50
801114,ELO FUSIVEL BOTAO DISTRIB K 20A 500MM,C,2026-05,01/05/2026,30,01/06/2026,2026-06,1812
801114,ELO FUSIVEL BOTAO DISTRIB K 20A 500MM,C,2026-08,01/08/2026,30,01/09/2026,2026-09,1342
801128,GRAMPO ANCOR CABO 477MCM 8000KGF,C,2026-06,01/06/2026,30,01/07/2026,2026-07,80
801146,LACO LATERAL PREF DUPLO 2/0AWG,C,2026-08,01/08/2026,30,01/09/2026,2026-09,1229
801164,PINO ISOLADOR POLIMERICO AC 15KV 200MM,C,2026-05,01/05/2026,30,01/06/2026,2026-06,884
801164,PINO ISOLADOR POLIMERICO AC 15KV 200MM,C,2026-08,01/08/2026,30,01/09/2026,2026-09,611
801178,"ARMACAO SEC PRESB 1EST 4,2MM ACO",C,2026-10,01/10/2026,30,01/11/2026,2026-11,6174
801185,"CABO  MULT 2X10+1X10 MM² XLPE 0,6/1 KV",C,2026-03,25/03/2026,30,24/04/2026,2026-04,1336
801185,"CABO  MULT 2X10+1X10 MM² XLPE 0,6/1 KV",C,2026-07,01/07/2026,30,01/08/2026,2026-08,1000
801186,OLHAL PARAFUSO AC 16MM 5000DAN,C,2026-04,01/04/2026,30,01/05/2026,2026-05,1503
801186,OLHAL PARAFUSO AC 16MM 5000DAN,C,2026-07,01/07/2026,30,01/08/2026,2026-08,2027
801189,"CABO  MULT 3X25+1X25 MM² XLPE 0,6/1 KV",C,2026-07,01/07/2026,30,01/08/2026,2026-08,1816
801191,PARAFUSO CAB QD MAQ AC 5/8X6P,C,2026-10,01/10/2026,30,01/11/2026,2026-11,17
801195,"TERMINAL P/ CABO 2,5MM2 OLHAL FURO 4,3MM",C,2026-10,01/10/2026,30,01/11/2026,2026-11,460
801199,ALCA PREFORM DIST 4/0 AWG 120MM2,C,2026-04,01/04/2026,30,01/05/2026,2026-05,1066
801199,ALCA PREFORM DIST 4/0 AWG 120MM2,C,2026-07,01/07/2026,30,01/08/2026,2026-08,1264
801215,CONECTOR DER CU 13-34MM2,C,2026-04,01/04/2026,30,01/05/2026,2026-05,601
801215,CONECTOR DER CU 13-34MM2,C,2026-07,01/07/2026,30,01/08/2026,2026-08,727
801216,ELO FUSIVEL BOTAO DISTRIB K 50A 500MM,C,2026-08,01/08/2026,30,01/09/2026,2026-09,1236
801220,ELO FUSIVEL BOTAO DISTRIB K 25A 500MM,C,2026-03,25/03/2026,30,24/04/2026,2026-04,3270
801220,ELO FUSIVEL BOTAO DISTRIB K 25A 500MM,C,2026-07,01/07/2026,30,01/08/2026,2026-08,4244
801223,CONECTOR PARAL AL RETA 954MCM,C,2026-06,01/06/2026,30,01/07/2026,2026-07,100
801225,PARAFUSO OLH AC 5/8P 24P,C,2026-05,01/05/2026,30,01/06/2026,2026-06,466
801225,PARAFUSO OLH AC 5/8P 24P,C,2026-08,01/08/2026,30,01/09/2026,2026-09,383
801232,"CONECTOR CUNHA AM AL 336,4MCM 336,4MCM",C,2026-06,01/06/2026,30,01/07/2026,2026-07,1230
801232,"CONECTOR CUNHA AM AL 336,4MCM 336,4MCM",C,2026-09,01/09/2026,30,01/10/2026,2026-10,507
801233,ELO FUSIVEL BOTAO DISTRIB K 15A 500MM,C,2026-03,25/03/2026,30,24/04/2026,2026-04,3743
801233,ELO FUSIVEL BOTAO DISTRIB K 15A 500MM,C,2026-08,01/08/2026,30,01/09/2026,2026-09,1283
801237,CINTA POSTE CIRC ACO 140MM,C,2026-09,01/09/2026,30,01/10/2026,2026-10,46
801256,PERFIL U AC 76X900MM REDE COMPACTA,C,2026-03,25/03/2026,30,24/04/2026,2026-04,86
801256,PERFIL U AC 76X900MM REDE COMPACTA,C,2026-07,01/07/2026,30,01/08/2026,2026-08,130
801272,"ALCA PREFORM DIST 2AWG 33,63MM2 660MM",C,2026-06,01/06/2026,30,01/07/2026,2026-07,7
801272,"ALCA PREFORM DIST 2AWG 33,63MM2 660MM",C,2026-09,01/09/2026,30,01/10/2026,2026-10,3
801274,CABO ELET ISOL CU PT 8AWG PVC 750V,C,2026-06,01/06/2026,30,01/07/2026,2026-07,574
801274,CABO ELET ISOL CU PT 8AWG PVC 750V,C,2026-09,01/09/2026,30,01/10/2026,2026-10,232
801277,ELO FUSIVEL K 50A,C,2026-08,01/08/2026,30,01/09/2026,2026-09,200
801303,ELO FUSIVEL BOTAO DISTRIB K 12A 500MM,C,2026-07,01/07/2026,30,01/08/2026,2026-08,1410
801305,"EMENDA PREF COND AL 300MCM 336,4MCM",C,2026-03,25/03/2026,30,24/04/2026,2026-04,25
801305,"EMENDA PREF COND AL 300MCM 336,4MCM",C,2026-07,01/07/2026,30,01/08/2026,2026-08,35
801313,PINO ISOLADOR AC 25X294X19MM,C,2026-05,01/05/2026,30,01/06/2026,2026-06,2070
801313,PINO ISOLADOR AC 25X294X19MM,C,2026-08,01/08/2026,30,01/09/2026,2026-09,1641
801346,CINTA POSTE CIRC ACO 220MM,C,2026-07,01/07/2026,30,01/08/2026,2026-08,124
801352,ELO FUSIVEL BOTAO DISTRIB K 10A 500MM,C,2026-03,25/03/2026,30,24/04/2026,2026-04,6125
801352,ELO FUSIVEL BOTAO DISTRIB K 10A 500MM,C,2026-09,01/09/2026,30,01/10/2026,2026-10,1292
801373,CONECTOR PARAL AL 10AWG-1/0AWG,C,2026-04,01/04/2026,30,01/05/2026,2026-05,1021
801373,CONECTOR PARAL AL 10AWG-1/0AWG,C,2026-07,01/07/2026,30,01/08/2026,2026-08,1279
801374,TERMINAL COMPRESSAO 95MM,C,2026-04,01/04/2026,30,01/05/2026,2026-05,138
801374,TERMINAL COMPRESSAO 95MM,C,2026-10,01/10/2026,30,01/11/2026,2026-11,106
801375,ELO FUSIVEL BOTAO DISTRIB H 5A 500MM,C,2026-03,25/03/2026,30,24/04/2026,2026-04,2909
801375,ELO FUSIVEL BOTAO DISTRIB H 5A 500MM,C,2026-07,01/07/2026,30,01/08/2026,2026-08,3296
801376,SUPORTE TRANSF POSTE MAD AC 15-75KV,C,2026-07,01/07/2026,30,01/08/2026,2026-08,374
801379,SELA CRUZETA POSTE AC 115MM 18MM,C,2026-03,25/03/2026,30,24/04/2026,2026-04,55
801379,SELA CRUZETA POSTE AC 115MM 18MM,C,2026-07,01/07/2026,30,01/08/2026,2026-08,69
801386,SUPORTE TRANSF POSTE DUP T AC 210X125MM,C,2026-05,01/05/2026,30,01/06/2026,2026-06,20
801386,SUPORTE TRANSF POSTE DUP T AC 210X125MM,C,2026-08,01/08/2026,30,01/09/2026,2026-09,14
801391,PARAFUSO CAB QD AC 16MM 2P 350MM,C,2026-04,01/04/2026,30,01/05/2026,2026-05,441
801391,PARAFUSO CAB QD AC 16MM 2P 350MM,C,2026-07,01/07/2026,30,01/08/2026,2026-08,521
801391,PARAFUSO CAB QD AC 16MM 2P 350MM,C,2026-10,01/10/2026,30,01/11/2026,2026-11,64
801400,"HASTE ATERRAMENTO CI AC 14,3X2438MM",C,2026-10,01/10/2026,30,01/11/2026,2026-11,14314
801593,SUPORTE TIPO T PARA CHAVE/PARA-RAIO,C,2026-03,25/03/2026,30,24/04/2026,2026-04,25
801593,SUPORTE TIPO T PARA CHAVE/PARA-RAIO,C,2026-07,01/07/2026,30,01/08/2026,2026-08,35
801612,ANEL AMAR SIL CZ 110MM 160MM,C,2026-03,25/03/2026,30,24/04/2026,2026-04,860
801612,ANEL AMAR SIL CZ 110MM 160MM,C,2026-07,01/07/2026,30,01/08/2026,2026-08,1118
801664,"ARMACAO SEC PRESB 3EST 4,5MM ACO",C,2026-03,25/03/2026,30,24/04/2026,2026-04,690
801664,"ARMACAO SEC PRESB 3EST 4,5MM ACO",C,2026-07,01/07/2026,30,01/08/2026,2026-08,897
801720,DISPOSITIVO ANTI-QUEDA CARTUCHO,C,2026-06,01/06/2026,30,01/07/2026,2026-07,42
801826,ELO FUSIVEL BOTAO K 6A 500MM,C,2026-03,25/03/2026,30,24/04/2026,2026-04,1955
801826,ELO FUSIVEL BOTAO K 6A 500MM,C,2026-07,01/07/2026,30,01/08/2026,2026-08,3943
801834,ELO FUSIVEL H 1A 500MM,C,2026-10,01/10/2026,30,01/11/2026,2026-11,57
801955,ELO FUSIVEL DISTRIB H 2A 500MM,C,2026-03,25/03/2026,30,24/04/2026,2026-04,4275
801955,ELO FUSIVEL DISTRIB H 2A 500MM,C,2026-09,01/09/2026,30,01/10/2026,2026-10,295
802018,PRENSA-CABOS AL 1.3/4P,B,2026-03,25/03/2026,30,24/04/2026,2026-04,640
802018,PRENSA-CABOS AL 1.3/4P,B,2026-04,01/04/2026,30,01/05/2026,2026-05,160
802018,PRENSA-CABOS AL 1.3/4P,B,2026-05,01/05/2026,30,01/06/2026,2026-06,240
802018,PRENSA-CABOS AL 1.3/4P,B,2026-06,01/06/2026,30,01/07/2026,2026-07,240
802018,PRENSA-CABOS AL 1.3/4P,B,2026-07,01/07/2026,30,01/08/2026,2026-08,320
802018,PRENSA-CABOS AL 1.3/4P,B,2026-08,01/08/2026,30,01/09/2026,2026-09,240
802119,CURVA ELET PVC 90G 1P,C,2026-03,25/03/2026,30,24/04/2026,2026-04,225
802119,CURVA ELET PVC 90G 1P,C,2026-07,01/07/2026,30,01/08/2026,2026-08,295
802130,"BATERIA MED. 1/2AA 3,6V 1,2AH S/T",C,2026-05,01/05/2026,30,01/06/2026,2026-06,1400
802130,"BATERIA MED. 1/2AA 3,6V 1,2AH S/T",C,2026-08,01/08/2026,30,01/09/2026,2026-09,300
802138,"FITA ISOL ELET 19MMX20M 0,19MM VM",C,2026-03,25/03/2026,30,24/04/2026,2026-04,16
802138,"FITA ISOL ELET 19MMX20M 0,19MM VM",C,2026-07,01/07/2026,30,01/08/2026,2026-08,250
802141,"FITA ISOL ELET 19MMX20M 0,19MM AZ",C,2026-03,25/03/2026,30,24/04/2026,2026-04,10
802141,"FITA ISOL ELET 19MMX20M 0,19MM AZ",C,2026-07,01/07/2026,30,01/08/2026,2026-08,250
802142,FOLHA N/TEC FIB SINT S-ULT FIN 134X240MM,C,2026-06,01/06/2026,30,01/07/2026,2026-07,1000
802145,LIMPA CONTATO SPRAY 300ML,C,2026-06,01/06/2026,30,01/07/2026,2026-07,118
802147,"MUFLA POLIM TERM 8,7/15KV 240-630MM2",C,2026-05,01/05/2026,30,01/06/2026,2026-06,60
802158,"FITA ISOL ELET 19MMX20M 0,19MM BR",C,2026-03,25/03/2026,30,24/04/2026,2026-04,10
802158,"FITA ISOL ELET 19MMX20M 0,19MM BR",C,2026-07,01/07/2026,30,01/08/2026,2026-08,250
802159,"TINTA ESM SINTE VERM SECAGEM RAP 3,6L",C,2026-03,25/03/2026,30,24/04/2026,2026-04,20
802160,"TINTA ESM SINT PT ACAB FOS AUT 3,6L",C,2026-04,01/04/2026,30,01/05/2026,2026-05,10
802163,TRINCHA CERDA NR2,C,2026-03,25/03/2026,30,24/04/2026,2026-04,100
802166,LUBRIFICANTE ANTICORROSIVO SPRAY 300ML,C,2026-05,01/05/2026,30,01/06/2026,2026-06,210
802166,LUBRIFICANTE ANTICORROSIVO SPRAY 300ML,C,2026-06,01/06/2026,30,01/07/2026,2026-07,195
802167,SELANTE ADESIVO SIL INC 300ML,C,2026-06,01/06/2026,30,01/07/2026,2026-07,60
802178,MARCADOR IND PLAS 60ML MET ESF 3MM AM,C,2026-04,01/04/2026,30,01/05/2026,2026-05,36
802178,MARCADOR IND PLAS 60ML MET ESF 3MM AM,C,2026-10,01/10/2026,30,01/11/2026,2026-11,12
802203,"FITA ISOL ELET 19MMX20M 0,19MM VD",C,2026-03,25/03/2026,30,24/04/2026,2026-04,20
802232,ALICATE UNIVERSAL 160MM C/ ISOLAMENTO,C,2026-03,25/03/2026,30,24/04/2026,2026-04,12
802232,ALICATE UNIVERSAL 160MM C/ ISOLAMENTO,C,2026-08,01/08/2026,30,01/09/2026,2026-09,6
802245,SEPARADOR FASE BT  4/0 AWG 700 MM,C,2026-03,25/03/2026,30,24/04/2026,2026-04,85
802245,SEPARADOR FASE BT  4/0 AWG 700 MM,C,2026-07,01/07/2026,30,01/08/2026,2026-08,113
802246,CONECTOR PERF 50-185MM2 15KV COM ESTRIBO,C,2026-03,25/03/2026,30,24/04/2026,2026-04,50
802246,CONECTOR PERF 50-185MM2 15KV COM ESTRIBO,C,2026-07,01/07/2026,30,01/08/2026,2026-08,54
802249,CONECTOR CHAVE SEC 1P FACA CU 10-300MM2,C,2026-10,01/10/2026,30,01/11/2026,2026-11,81
802303,BRAÇO SUPORTE TIPO L HORIZONTAL  15 KV,C,2026-05,01/05/2026,30,01/06/2026,2026-06,39
802303,BRAÇO SUPORTE TIPO L HORIZONTAL  15 KV,C,2026-08,01/08/2026,30,01/09/2026,2026-09,30
802387,CANETA CORRETIVA MULTIUSO 8ML,C,2026-10,01/10/2026,30,01/11/2026,2026-11,20
802464,CLIPE ACO NIQ N 4/0 CX 50UN,C,2026-03,25/03/2026,30,24/04/2026,2026-04,40
802464,CLIPE ACO NIQ N 4/0 CX 50UN,C,2026-10,01/10/2026,30,01/11/2026,2026-11,10
802479,LUVA ELET PVC RIG PT 1,C,2026-03,25/03/2026,30,24/04/2026,2026-04,285
802479,LUVA ELET PVC RIG PT 1,C,2026-07,01/07/2026,30,01/08/2026,2026-08,373
802539,ESTILETE LARG 8MM,C,2026-10,01/10/2026,30,01/11/2026,2026-11,30
802637,"PASTA PLAST FINA ABAS ELAS 24,5X34CM",C,2026-10,01/10/2026,30,01/11/2026,2026-11,30
802656,PASTA SUSP PP 361X240MM,C,2026-07,01/07/2026,30,01/08/2026,2026-08,200
802766,VISOR PASTA SUSPENSA PP 80X30MM CX 50UN,C,2026-07,01/07/2026,30,01/08/2026,2026-08,110
802837,FAROLETE MAO CAPIVARA 12V CABO 5M,C,2026-05,01/05/2026,30,01/06/2026,2026-06,16
802911,SACO P/LIMPEZA ALG 80X55CM,C,2026-03,25/03/2026,30,24/04/2026,2026-04,3
802992,CINTA POSTE CIRC ACO 365MM,C,2026-03,25/03/2026,30,24/04/2026,2026-04,55
802992,CINTA POSTE CIRC ACO 365MM,C,2026-07,01/07/2026,30,01/08/2026,2026-08,74
803028,LUVA EMENDA COMPR COBRE NU 95MM,C,2026-06,01/06/2026,30,01/07/2026,2026-07,200
803075,LIXA FERRO 20X28.5CM GRAO 220,C,2026-06,01/06/2026,30,01/07/2026,2026-07,200
803076,DESENGRAXANTE LIQUI CONCENTRADO 5L,C,2026-05,01/05/2026,30,01/06/2026,2026-06,230
803078,ROLO PINTURA  LA  23CM,C,2026-03,25/03/2026,30,24/04/2026,2026-04,100
803080,"TINTA ESM SINTE AMARELO SEC RAP 3,6L",C,2026-04,01/04/2026,30,01/05/2026,2026-05,22
803083,DISSOLVENTE THINNER 5L,C,2026-04,01/04/2026,30,01/05/2026,2026-05,240
803083,DISSOLVENTE THINNER 5L,C,2026-06,01/06/2026,30,01/07/2026,2026-07,75
803084,ROLO PINTURA PELO DE CARNEIRO  150MM,C,2026-03,25/03/2026,30,24/04/2026,2026-04,100
803085,ROLO PINTURA PELO CARNEIRO 90MM C/ CABO,C,2026-03,25/03/2026,30,24/04/2026,2026-04,160
803086,TRINCHA COM CERDAS DE NYLON TAMANHO 3,C,2026-03,25/03/2026,30,24/04/2026,2026-04,60
803100,SUPORTE AFAST HORIZ C/PRENSA REDE 15KV,C,2026-05,01/05/2026,30,01/06/2026,2026-06,43
803100,SUPORTE AFAST HORIZ C/PRENSA REDE 15KV,C,2026-08,01/08/2026,30,01/09/2026,2026-09,33
803123,"LAMINA SERRA ACO RAP 300X13MM 0,65MM 24D",C,2026-04,01/04/2026,30,01/05/2026,2026-05,9
803128,"ABRACADEIRA NYLON 150MMX3,5MM",C,2026-03,25/03/2026,30,24/04/2026,2026-04,1000
803129,ABRACADEIRA NYLON 5MMX300MM,C,2026-03,25/03/2026,30,24/04/2026,2026-04,900
803142,TERCADO COM CABO DE MADEIRA 28 (70CM),C,2026-06,01/06/2026,30,01/07/2026,2026-07,24
803146,"MOTOPODA 131 1,4KW 36,3CIL CAP 530ML",C,2026-05,01/05/2026,30,01/06/2026,2026-06,6
803148,CONECTOR CUNHA C/ESTRIBO 95-120MM2 2 AWG,C,2026-03,25/03/2026,30,24/04/2026,2026-04,25
803148,CONECTOR CUNHA C/ESTRIBO 95-120MM2 2 AWG,C,2026-07,01/07/2026,30,01/08/2026,2026-08,35
803151,SUPORTE AUXILIAR P/BRACO TIPO C,C,2026-03,25/03/2026,30,24/04/2026,2026-04,24
803151,SUPORTE AUXILIAR P/BRACO TIPO C,C,2026-07,01/07/2026,30,01/08/2026,2026-08,28
803158,SUPORTE TRANSF POSTE CIRC AC 230MM,C,2026-07,01/07/2026,30,01/08/2026,2026-08,88
803176,"PARAFUSO AUTO BROCANTE 14 X 1"" CHAV. 3/8",C,2026-03,25/03/2026,30,24/04/2026,2026-04,1460
803176,"PARAFUSO AUTO BROCANTE 14 X 1"" CHAV. 3/8",C,2026-07,01/07/2026,30,01/08/2026,2026-08,2277
803176,"PARAFUSO AUTO BROCANTE 14 X 1"" CHAV. 3/8",C,2026-10,01/10/2026,30,01/11/2026,2026-11,22
803196,"CONECTOR FIBRA OPTICA CLICK  POF 2,2MM",C,2026-07,01/07/2026,30,01/08/2026,2026-08,1374
803206,"TERMINAL PRE ISOLADO TIPO PINO 2,5MM AZ",C,2026-06,01/06/2026,30,01/07/2026,2026-07,1640
803206,"TERMINAL PRE ISOLADO TIPO PINO 2,5MM AZ",C,2026-10,01/10/2026,30,01/11/2026,2026-11,820
803245,CINTA POSTE DUPLO T ACO 230X125MM,C,2026-03,25/03/2026,30,24/04/2026,2026-04,5
803245,CINTA POSTE DUPLO T ACO 230X125MM,C,2026-07,01/07/2026,30,01/08/2026,2026-08,9
803250,CONVERSOR DE FIBRA MONOMODO SM,C,2026-06,01/06/2026,30,01/07/2026,2026-07,25
803254,BATERIA 12VCC SEL 24-28AH ISENTA MANUT,C,2026-03,25/03/2026,30,24/04/2026,2026-04,117
803254,BATERIA 12VCC SEL 24-28AH ISENTA MANUT,C,2026-07,01/07/2026,30,01/08/2026,2026-08,152
803324,CONECTOR ATERR 35 A 95MM2,C,2026-09,01/09/2026,30,01/10/2026,2026-10,42
803339,CINTA POSTE CIRC ACO 210MM,C,2026-06,01/06/2026,30,01/07/2026,2026-07,102
803339,CINTA POSTE CIRC ACO 210MM,C,2026-09,01/09/2026,30,01/10/2026,2026-10,43
803344,CONECTOR PERFUR 50-185MM MED TENSAO 15KV,C,2026-07,01/07/2026,30,01/08/2026,2026-08,2553
803367,EMENDA PREF COND AL 2/0 AWG 1016MM,C,2026-04,01/04/2026,30,01/05/2026,2026-05,716
803367,EMENDA PREF COND AL 2/0 AWG 1016MM,C,2026-07,01/07/2026,30,01/08/2026,2026-08,864
803368,EMENDA PREF COND AL 1/0 AWG 965MM,C,2026-04,01/04/2026,30,01/05/2026,2026-05,832
803368,EMENDA PREF COND AL 1/0 AWG 965MM,C,2026-07,01/07/2026,30,01/08/2026,2026-08,974
803378,CINTA POSTE CIRC ACO 265MM,C,2026-03,25/03/2026,30,24/04/2026,2026-04,53
803378,CINTA POSTE CIRC ACO 265MM,C,2026-07,01/07/2026,30,01/08/2026,2026-08,67
803443,PACOTE ESTOPA ALG ESP BR LIMP,C,2026-05,01/05/2026,30,01/06/2026,2026-06,500
803452,ESPACADOR LOSANG CLASSE 15KV C/ GARRAS,C,2026-03,25/03/2026,30,24/04/2026,2026-04,1596
803452,ESPACADOR LOSANG CLASSE 15KV C/ GARRAS,C,2026-07,01/07/2026,30,01/08/2026,2026-08,2257
803456,TERMINAL ELET 507MM2  COMP DUPLA,C,2026-05,01/05/2026,30,01/06/2026,2026-06,100
803461,TERMINAL CHAVE SEC 1F 35-185MM2,C,2026-03,25/03/2026,30,24/04/2026,2026-04,805
803461,TERMINAL CHAVE SEC 1F 35-185MM2,C,2026-07,01/07/2026,30,01/08/2026,2026-08,1049
803470,PONTALETE FBV 100MM 6M,A,2026-03,25/03/2026,30,24/04/2026,2026-04,396
803470,PONTALETE FBV 100MM 6M,A,2026-04,01/04/2026,30,01/05/2026,2026-05,224
803470,PONTALETE FBV 100MM 6M,A,2026-05,01/05/2026,30,01/06/2026,2026-06,336
803470,PONTALETE FBV 100MM 6M,A,2026-06,01/06/2026,30,01/07/2026,2026-07,336
803470,PONTALETE FBV 100MM 6M,A,2026-07,01/07/2026,30,01/08/2026,2026-08,448
803470,PONTALETE FBV 100MM 6M,A,2026-08,01/08/2026,30,01/09/2026,2026-09,7560
803470,PONTALETE FBV 100MM 6M,A,2026-10,01/10/2026,30,01/11/2026,2026-11,7224
803497,BROCA ACO PARA METAL  6MM2,C,2026-03,25/03/2026,30,24/04/2026,2026-04,40
803497,BROCA ACO PARA METAL  6MM2,C,2026-06,01/06/2026,30,01/07/2026,2026-07,10
803498,BROCA ACO PARA METAL  8MM2,C,2026-03,25/03/2026,30,24/04/2026,2026-04,40
803498,BROCA ACO PARA METAL  8MM2,C,2026-06,01/06/2026,30,01/07/2026,2026-07,10
803499,BROCA ACO PARA METAL  10MM2,C,2026-03,25/03/2026,30,24/04/2026,2026-04,40
803499,BROCA ACO PARA METAL  10MM2,C,2026-06,01/06/2026,30,01/07/2026,2026-07,10
803509,CONECTOR PARALELO CABO CAA 477 MCM,C,2026-06,01/06/2026,30,01/07/2026,2026-07,160
803510,GRAMPO ANCORAGEM  CORDOALHA  5/16,C,2026-06,01/06/2026,30,01/07/2026,2026-07,95
803558,GRAMPO TENSÃO 90° CORDOALHA  AÇO 5/16,C,2026-06,01/06/2026,30,01/07/2026,2026-07,95
803559,GRAMPO SUSP MONOART 5 A 11 CORDOALHA5/16,C,2026-06,01/06/2026,30,01/07/2026,2026-07,40
803579,PARAFUSO AUTO BROC FLANG PHILIPS 4.2X25M,C,2026-07,01/07/2026,30,01/08/2026,2026-08,1375
803593,DPS CLASSE II VCL SLIM - 15KA - 275V,C,2026-06,01/06/2026,30,01/07/2026,2026-07,400
803598,BATERIA PARA TERMOVISORES 7.2V,C,2026-05,01/05/2026,30,01/06/2026,2026-06,4
803637,BROCA 12MM PARA FERRO,C,2026-06,01/06/2026,30,01/07/2026,2026-07,20
803643,FLUXO PARA SOLDA DE PRATA 250G,C,2026-03,25/03/2026,30,24/04/2026,2026-04,4
803646,"PILHA MÉDIA ALCALINA TIPO C 1,5 V",C,2026-06,01/06/2026,30,01/07/2026,2026-07,100
803647,SOPRADOR TÉRMICO 1800W 220V,C,2026-05,01/05/2026,30,01/06/2026,2026-06,2
803692,"TALHA MANUAL DE ALAVANCA CAPACIDADE 0,75",C,2026-06,01/06/2026,30,01/07/2026,2026-07,12
803748,DILUENTE ORGANICO COMPOSTO P/ EQUIP 5L,C,2026-06,01/06/2026,30,01/07/2026,2026-07,10
803749,TINTA DIELETRICA CVP P/ EQUIPAMENTOS,C,2026-03,25/03/2026,30,24/04/2026,2026-04,30
803810,ALICATE DE CORTE DIAGONAL 6,C,2026-03,25/03/2026,30,24/04/2026,2026-04,34
803813,ALICATE DESENCAPADOR DE FIO,C,2026-03,25/03/2026,30,24/04/2026,2026-04,11
803814,ALICATE UNIVERSAL 8,C,2026-03,25/03/2026,30,24/04/2026,2026-04,58
803816,BALDE DE LONA PARA IÇAR FERRAMENTAS,C,2026-05,01/05/2026,30,01/06/2026,2026-06,64
803828,JOGO DE CHAVE ALLEN  EM T ISOLADA,C,2026-10,01/10/2026,30,01/11/2026,2026-11,2
803830,JOGO CHAVES SOQUETE ESTRIADA COM 18 PÇS,C,2026-04,01/04/2026,30,01/05/2026,2026-05,4
803840,CHAVE AJUSTÁVEL 8 ISOLADA 1000V 203MM,C,2026-05,01/05/2026,30,01/06/2026,2026-06,16
803866,LANTERNA TATICA DE LONGO ALCANCE,C,2026-03,25/03/2026,30,24/04/2026,2026-04,20
803874,RELE FALTA DE FASE 2NA+2NF 125 VCC,C,2026-04,01/04/2026,30,01/05/2026,2026-05,40
803907,CABO DE AÇO REVESTIDOS DE COBRE 35MM²,C,2026-08,01/08/2026,30,01/09/2026,2026-09,1599
803920,COLA INSTANT P/ BORRACHA NITRÍLICA 100 G,C,2026-05,01/05/2026,30,01/06/2026,2026-06,48
803921,"CORDÃO BORRACHA NITRILICA 12,7MM COM ABA",C,2026-06,01/06/2026,30,01/07/2026,2026-07,1800
803925,"JUNTA INF NITRILICA 1,3KV 160A 33X45X4MM",C,2026-06,01/06/2026,30,01/07/2026,2026-07,1500
803926,"JUNTA INF NITRILICA 1,3KV 400A 48X60X4MM",C,2026-06,01/06/2026,30,01/07/2026,2026-07,1000
803927,"JUNTA INF NITRILICA 1,3KV 800A 67X80X6MM",C,2026-06,01/06/2026,30,01/07/2026,2026-07,800
803929,"JUNTA SUP NITRI 1,3KV 160A 10X24X30X4 MM",C,2026-06,01/06/2026,30,01/07/2026,2026-07,1500
803961,"JUNTA SUP NITRI 1,3KV 400A 16X36X42X4 MM",C,2026-06,01/06/2026,30,01/07/2026,2026-07,1800
803962,"JUNTA SUP NITRI 1,3KV 800A 27X47X55X4 MM",C,2026-06,01/06/2026,30,01/07/2026,2026-07,800
803968,TINTA ESMALTE SINTÉTICO 900 ML PRETO N 1,C,2026-03,25/03/2026,30,24/04/2026,2026-04,30
803991,ALICATE CRIMPADOR PARA TERMINAIS,C,2026-04,01/04/2026,30,01/05/2026,2026-05,10
803993,ALICATE REBITADOR PROFISSIONAL,C,2026-03,25/03/2026,30,24/04/2026,2026-04,12
803993,ALICATE REBITADOR PROFISSIONAL,C,2026-08,01/08/2026,30,01/09/2026,2026-09,7
803996,CADEADO 30MMx33MMx15MM,C,2026-06,01/06/2026,30,01/07/2026,2026-07,80
803996,CADEADO 30MMx33MMx15MM,C,2026-10,01/10/2026,30,01/11/2026,2026-11,22
804002,CHAVE AJUSTAVEL AMERICANA DE 10,C,2026-03,25/03/2026,30,24/04/2026,2026-04,28
804016,CONJUNTO DE ASSISTENTES PARA SOLDAGEM 6P,C,2026-08,01/08/2026,30,01/09/2026,2026-09,6
804017,ESTAÇÃO DE SOLDA POTÊNCIA DE 80 W,C,2026-08,01/08/2026,30,01/09/2026,2026-09,3
804019,JOGO CHAVE PHILIPS 7P 1/8X3 A 5/16X6,C,2026-04,01/04/2026,30,01/05/2026,2026-05,4
804025,LAMINA PARA ARCO DE SERRA DE 12 POL,C,2026-03,25/03/2026,30,24/04/2026,2026-04,22
804025,LAMINA PARA ARCO DE SERRA DE 12 POL,C,2026-05,01/05/2026,30,01/06/2026,2026-06,7
804026,LANTERNA DE LED COM BASE MAGNÉTICA,C,2026-03,25/03/2026,30,24/04/2026,2026-04,4
804031,TRENA DE BOLSO DE 5M,C,2026-03,25/03/2026,30,24/04/2026,2026-04,22
804031,TRENA DE BOLSO DE 5M,C,2026-08,01/08/2026,30,01/09/2026,2026-09,1
804050,DISJUNTOR 2P 127/220V 400VCA 32A,C,2026-04,01/04/2026,30,01/05/2026,2026-05,191
804050,DISJUNTOR 2P 127/220V 400VCA 32A,C,2026-07,01/07/2026,30,01/08/2026,2026-08,5814
804050,DISJUNTOR 2P 127/220V 400VCA 32A,C,2026-10,01/10/2026,30,01/11/2026,2026-11,5544
804102,"TINTA RDV CINZA N 6,5 DUPLA FUNÇAO 3.6L",C,2026-03,25/03/2026,30,24/04/2026,2026-04,180
804104,PARAFUSO PHILIPS/FENDA S8,C,2026-03,25/03/2026,30,24/04/2026,2026-04,7
804104,PARAFUSO PHILIPS/FENDA S8,C,2026-07,01/07/2026,30,01/08/2026,2026-08,9
804115,CAIXA PARA MEDIDOR POLIFASICA VIS. VIDRO,B,2026-06,01/06/2026,30,01/07/2026,2026-07,440
804115,CAIXA PARA MEDIDOR POLIFASICA VIS. VIDRO,B,2026-07,01/07/2026,30,01/08/2026,2026-08,704
804115,CAIXA PARA MEDIDOR POLIFASICA VIS. VIDRO,B,2026-08,01/08/2026,30,01/09/2026,2026-09,7772
804115,CAIXA PARA MEDIDOR POLIFASICA VIS. VIDRO,B,2026-10,01/10/2026,30,01/11/2026,2026-11,7244
804118,LUVA DE EMENDA CABO ISOLADO 500MM²,C,2026-04,01/04/2026,30,01/05/2026,2026-05,100
804125,"ABRACADEIRA NYLON 2,5MMX144MM",C,2026-03,25/03/2026,30,24/04/2026,2026-04,1000
804145,ESMERILHADEIRA ANGULAR 125MM 220V,C,2026-05,01/05/2026,30,01/06/2026,2026-06,2
804146,CORDA TRANC MULT 8MM 5/16 BRANCA RL/220,C,2026-03,25/03/2026,30,24/04/2026,2026-04,6
804165,BINÓCULO PELICANO 7X50,C,2026-05,01/05/2026,30,01/06/2026,2026-06,12
804167,CANIVETE PARA ELETRICISTA,C,2026-03,25/03/2026,30,24/04/2026,2026-04,70
804169,CARRETILHA AL CORDA 5/8P C/GANCH AC FORJ,C,2026-05,01/05/2026,30,01/06/2026,2026-06,16
804238,TRENA C FITA DE FIBRA DE VIDRO 50MM,C,2026-03,25/03/2026,30,24/04/2026,2026-04,4
804252,ROTULADORA COM CARTUCHOS DE REPOSICAO,C,2026-03,25/03/2026,30,24/04/2026,2026-04,2
804258,REFLETOR LED 400/500W BIVOLT IP67,C,2026-08,01/08/2026,30,01/09/2026,2026-09,100
804259,FITA ROTULADORA 12MM,C,2026-03,25/03/2026,30,24/04/2026,2026-04,30
804261,CORDA ESTATICA PA 12MM 2200KGF 48F,C,2026-03,25/03/2026,30,24/04/2026,2026-04,600
804274,SSD 480GB,C,2026-07,01/07/2026,30,01/08/2026,2026-08,50
804295,PARAFUSADEIRA 18V BOSCH,C,2026-08,01/08/2026,30,01/09/2026,2026-09,16
804311,CARTAO DE MEMORIA,C,2026-06,01/06/2026,30,01/07/2026,2026-07,2
804337,"CONECTOR PERF 15KV 35-70/6,1MM ESTRIBO",C,2026-08,01/08/2026,30,01/09/2026,2026-09,67
804344,PLACA DE PROTOBOARD 400 PONTOS,C,2026-10,01/10/2026,30,01/11/2026,2026-11,4
804346,BALANÇA DIGITAL DE BANCADA 100KG,C,2026-10,01/10/2026,30,01/11/2026,2026-11,2
804349,JOGO DE MINI RETIFICA 180W 110V,C,2026-10,01/10/2026,30,01/11/2026,2026-11,2
804361,FONTE DE ALIMENTAÇÃO DIGITAL 30V 5A,C,2026-10,01/10/2026,30,01/11/2026,2026-11,2
804374,"FUSIVEL DE VIDRO RAPIDO 5 X 20MM 1,5A 25",C,2026-05,01/05/2026,30,01/06/2026,2026-06,1200
804397,ALICATE DECAPADOR DE FIOS COM REGULAGEM,C,2026-10,01/10/2026,30,01/11/2026,2026-11,2
804398,ESTILETE 18 MM,C,2026-03,25/03/2026,30,24/04/2026,2026-04,12
804409,MULTIMETRO OSCILOSCOPIO,C,2026-10,01/10/2026,30,01/11/2026,2026-11,2
804421,"ISOLADOR PINO, POLIMERICO COM TRAVAS",C,2026-06,01/06/2026,30,01/07/2026,2026-07,681
804421,"ISOLADOR PINO, POLIMERICO COM TRAVAS",C,2026-09,01/09/2026,30,01/10/2026,2026-10,224
804422,GRAMPO ANCOR UNIVERSAL 35MM2 A 185MM2,C,2026-03,25/03/2026,30,24/04/2026,2026-04,583
804422,GRAMPO ANCOR UNIVERSAL 35MM2 A 185MM2,C,2026-07,01/07/2026,30,01/08/2026,2026-08,1053
804425,MODULO RETIFICADOR 125VCC,C,2026-04,01/04/2026,30,01/05/2026,2026-05,8
804426,CONTROLADOR IHM 125VCC,C,2026-04,01/04/2026,30,01/05/2026,2026-05,9
804427,MODULO RETIFICADOR 48 VCC,C,2026-04,01/04/2026,30,01/05/2026,2026-05,4
804437,SUGADOR DE SOLDA COM PROTECAO DE BICO,C,2026-04,01/04/2026,30,01/05/2026,2026-05,4
804437,SUGADOR DE SOLDA COM PROTECAO DE BICO,C,2026-08,01/08/2026,30,01/09/2026,2026-09,4
804444,CHAVE PHILIPS 1/4 X 6  POLEGADAS,C,2026-03,25/03/2026,30,24/04/2026,2026-04,28
804450,DETECTOR TENSAO MT DETEC APROX 1-15KV,C,2026-06,01/06/2026,30,01/07/2026,2026-07,18
804453,PRANCHETA MAD COMP C/PREND MET 230X340M,C,2026-03,25/03/2026,30,24/04/2026,2026-04,10
804454,"LOADBUSTER INTERRUPTOR DE CARGA 13,8KV",C,2026-05,01/05/2026,30,01/06/2026,2026-06,12
804455,CHAVE FENDA PONTA CHATA ACO 6X100MM,C,2026-03,25/03/2026,30,24/04/2026,2026-04,28
804459,"ALICATE UNIVERSAL 8"""" ISOLADO P/ 600V",C,2026-04,01/04/2026,30,01/05/2026,2026-05,4
804461,VARA MANOBRA TELESC VID 7 ELEM,C,2026-05,01/05/2026,30,01/06/2026,2026-06,16
804462,BASTAO GRAMPO DE LINHA VIVA (3M),C,2026-05,01/05/2026,30,01/06/2026,2026-06,16
804469,ESTICADOR BRACO CABO 2 A 1/0,C,2026-06,01/06/2026,30,01/07/2026,2026-07,16
804470,"ESTICADOR BRAZO CABO 2/0 A 336,4",C,2026-06,01/06/2026,30,01/07/2026,2026-07,16
804483,"GRAMPO ANCOR CABO 266,8 PARTRIDGE",C,2026-06,01/06/2026,30,01/07/2026,2026-07,70
804484,GRAMPO ANCOR CABO 795 TERN,C,2026-06,01/06/2026,30,01/07/2026,2026-07,10
804487,"CONECTOR PARALELO 266,8 PARTRIDGE",C,2026-06,01/06/2026,30,01/07/2026,2026-07,100
804490,CONECTOR EMENDA RETA 954 MAGNOLIA,C,2026-06,01/06/2026,30,01/07/2026,2026-07,60
804499,DETERGENTE 5L,C,2026-05,01/05/2026,30,01/06/2026,2026-06,40
804537,JG CHAVE COMBINADA 6 A 22MM COM 17 PÇS,C,2026-10,01/10/2026,30,01/11/2026,2026-11,2
804548,JOGO CHAVE FENDA 7P 1/8X3 A 5/16X6,C,2026-04,01/04/2026,30,01/05/2026,2026-05,4
804554,ALICATE AMPERIM 750/1000V 1000A ET-3200A,C,2026-03,25/03/2026,30,24/04/2026,2026-04,10
804562,"EMENDA MUFLA ENFITADA 25-70MM 3,6/35KV",C,2026-04,01/04/2026,30,01/05/2026,2026-05,25
804562,"EMENDA MUFLA ENFITADA 25-70MM 3,6/35KV",C,2026-07,01/07/2026,30,01/08/2026,2026-08,30
804565,"CRUZETA POL FBV/RES 2400X112,5X90MM DAT",C,2026-07,01/07/2026,30,01/08/2026,2026-08,52
804566,JOGO CHAVE COMBINADA BOCA E ESTRELA,C,2026-04,01/04/2026,30,01/05/2026,2026-05,4
804573,LUVA DE EMENDA TORQUIMÉTRICO 185MM2,C,2026-09,01/09/2026,30,01/10/2026,2026-10,82
804574,CARREGADOR USB TIPO C SM-T595,C,2026-04,01/04/2026,30,01/05/2026,2026-05,2
804594,"TINTA ESM SINTE AZUL SECAGEM RAP 3,6L",C,2026-03,25/03/2026,30,24/04/2026,2026-04,20
804595,"TINTA ESM SINTE BRANCO SECAGEM RAP 3,6L",C,2026-03,25/03/2026,30,24/04/2026,2026-04,20
804596,BATERIA SELADA 12V,C,2026-04,01/04/2026,30,01/05/2026,2026-05,80
804596,BATERIA SELADA 12V,C,2026-10,01/10/2026,30,01/11/2026,2026-11,20
804597,CORDA TRANC MULT 12MM BRANCA,C,2026-05,01/05/2026,30,01/06/2026,2026-06,1000
804598,CAPACIMETRO MODELO MC-154A,C,2026-06,01/06/2026,30,01/07/2026,2026-07,6
804602,ESMERILHADEIRA AN 115MM 4.1/2P 840W 127V,C,2026-05,01/05/2026,30,01/06/2026,2026-06,2
804603,TALHA MANUAL CORRENTE CAP. 2TON,C,2026-05,01/05/2026,30,01/06/2026,2026-06,2
804631,KIT SOBRESSALENTE PARA CONVERSOR CC-CC,C,2026-04,01/04/2026,30,01/05/2026,2026-05,4
804632,CABO AL CONCENTRICO 2F 2X10+10MM2,C,2026-03,25/03/2026,30,24/04/2026,2026-04,1500
804632,CABO AL CONCENTRICO 2F 2X10+10MM2,C,2026-09,01/09/2026,30,01/10/2026,2026-10,500
804633,CABO AL CONCENTRICO 2F 2X16+16MM2,C,2026-06,01/06/2026,30,01/07/2026,2026-07,1000
804637,CABO AL CONCENTRICO 3F 3X10+10MM2,C,2026-03,25/03/2026,30,24/04/2026,2026-04,501
804637,CABO AL CONCENTRICO 3F 3X10+10MM2,C,2026-09,01/09/2026,30,01/10/2026,2026-10,500
804638,CABO AL CONCENTRICO 2F 2X25+25MM2,C,2026-03,25/03/2026,30,24/04/2026,2026-04,1243
804638,CABO AL CONCENTRICO 2F 2X25+25MM2,C,2026-09,01/09/2026,30,01/10/2026,2026-10,500
804639,CABO AL CONCENTRICO 3F 3X25+25MM2,C,2026-03,25/03/2026,30,24/04/2026,2026-04,533
804639,CABO AL CONCENTRICO 3F 3X25+25MM2,C,2026-09,01/09/2026,30,01/10/2026,2026-10,500
804640,CABO AL CONCENTRICO 3F 3X16+16MM2,C,2026-03,25/03/2026,30,24/04/2026,2026-04,1500
804640,CABO AL CONCENTRICO 3F 3X16+16MM2,C,2026-09,01/09/2026,30,01/10/2026,2026-10,500
804642,CABO AL CONCENTRICO 3F 3X35+35MM2,C,2026-03,25/03/2026,30,24/04/2026,2026-04,1500
804642,CABO AL CONCENTRICO 3F 3X35+35MM2,C,2026-09,01/09/2026,30,01/10/2026,2026-10,500
804645,"ELETRODO ALUMÍNIO 6013 2,5MM",C,2026-03,25/03/2026,30,24/04/2026,2026-04,80
804651,MANOMETRO EM ACO INOXIDAVEL WIKA B071751,C,2026-10,01/10/2026,30,01/11/2026,2026-11,40
804654,LIXA MADEIRA 120,C,2026-06,01/06/2026,30,01/07/2026,2026-07,40
804656,CHAVE GRIFO 12POL CHAVE GRIFO 12POL,C,2026-03,25/03/2026,30,24/04/2026,2026-04,12
804659,"ELETRODO 7018 2,5MM ACO CARBONICO",C,2026-03,25/03/2026,30,24/04/2026,2026-04,40
804660,"ADAPTADOR SOQUETE 1/4""""1/2""""1/8"""" 50MM",C,2026-05,01/05/2026,30,01/06/2026,2026-06,4
804663,CABO AL CONCENTRICO 3F 3X50+50MM2,C,2026-03,25/03/2026,30,24/04/2026,2026-04,1500
804663,CABO AL CONCENTRICO 3F 3X50+50MM2,C,2026-09,01/09/2026,30,01/10/2026,2026-10,500
804666,CABO AL CONCENTRICO 1F 1x16+16MM2,C,2026-03,25/03/2026,30,24/04/2026,2026-04,1500
804666,CABO AL CONCENTRICO 1F 1x16+16MM2,C,2026-09,01/09/2026,30,01/10/2026,2026-10,500
804670,FUSIVEL HH 1A 358C 52L MM,C,2026-06,01/06/2026,30,01/07/2026,2026-07,6
804671,FUSIVEL HH 10A 358C 52L MM,C,2026-06,01/06/2026,30,01/07/2026,2026-07,6
804677,FURADEIRA DE BANCADA PROFISSIONAL 220V,C,2026-10,01/10/2026,30,01/11/2026,2026-11,2
804734,"ESCADA A 2,73M, LARGURA 0,71M",C,2026-03,25/03/2026,30,24/04/2026,2026-04,4
804735,"ESCADA A 3,96M, LARGURA 0,85M",C,2026-03,25/03/2026,30,24/04/2026,2026-04,4
804740,CONJUNTO ATERRAMENTOS BT MULTIPLEXADO,C,2026-05,01/05/2026,30,01/06/2026,2026-06,32
804741,BASTAO DE ATERRAMENTOS BT CONVENCIONAL,C,2026-05,01/05/2026,30,01/06/2026,2026-06,32
804742,CONJ ATER. TEMP. P/ RED DE DIST ATE 22KV,C,2026-05,01/05/2026,30,01/06/2026,2026-06,24
804743,BANQUETA ISOLANTE 120DAN 40KV,C,2026-05,01/05/2026,30,01/06/2026,2026-06,12
804826,TRELIÇA METÁLICA P/ TORRE,C,2026-07,01/07/2026,30,01/08/2026,2026-08,6
804842,BATERIA VEICULAR 100A,C,2026-04,01/04/2026,30,01/05/2026,2026-05,4
804881,DISJUNTOR 1P 127/220V 400VCA 32A,C,2026-10,01/10/2026,30,01/11/2026,2026-11,596
804883,"ARRUELA QD AC 17,00MM 50,00MM 3,00MM",C,2026-05,01/05/2026,30,01/06/2026,2026-06,1250
804883,"ARRUELA QD AC 17,00MM 50,00MM 3,00MM",C,2026-08,01/08/2026,30,01/09/2026,2026-09,875
804894,"CABO ELET CU 185MM2 90°XLPE 0,6/1KV",C,2026-10,01/10/2026,30,01/11/2026,2026-11,528
805098,BATERIA ÍONS DE LITIO GBA 18V 2.0AH,C,2026-05,01/05/2026,30,01/06/2026,2026-06,8
805116,BOMBA SUBMERSIVEL 220V,C,2026-03,25/03/2026,30,24/04/2026,2026-04,4
805139,MARTELETE COMBINADO MAKITA A BATERIA,C,2026-05,01/05/2026,30,01/06/2026,2026-06,4
805190,CONTROLADOR IHM 48VCC,C,2026-03,25/03/2026,30,24/04/2026,2026-04,2
805191,VEDACAO EPDM 70 SHORE DISJ EDFSK1,C,2026-06,01/06/2026,30,01/07/2026,2026-07,240
805219,"CHAVE CANHAO SEXTAVADA T, 210X19MM",C,2026-03,25/03/2026,30,24/04/2026,2026-04,14
805229,RELE BIESTAVEL MOD BS 02 - BC,C,2026-04,01/04/2026,30,01/05/2026,2026-05,40
805230,CHAVE LOCAL REMOTO,C,2026-06,01/06/2026,30,01/07/2026,2026-07,20
805232,CHAVE GRIFO 14POL,C,2026-04,01/04/2026,30,01/05/2026,2026-05,12
805244,ESCOVA DE ACO CIRCULAR P/ ESMERILHADEIRA,C,2026-03,25/03/2026,30,24/04/2026,2026-04,28
805245,ESCOVA CIRCULAR TRANCADA EM ACO EN1083-2,C,2026-03,25/03/2026,30,24/04/2026,2026-04,20
805254,JOGO SACA PINO PARALELO,C,2026-04,01/04/2026,30,01/05/2026,2026-05,7
805260,GRAMPO DE SUSPENSÃO PARA CABO 954 MCM MA,C,2026-03,25/03/2026,30,24/04/2026,2026-04,80
805262,CABO CONDUTOR 266 MCM PARTRIDGE,C,2026-06,01/06/2026,30,01/07/2026,2026-07,555
805266,GRAMPO DE SUSPENSÃO PARA CABO 954 MCM MA,C,2026-06,01/06/2026,30,01/07/2026,2026-07,60
805268,CONECTOR TIPO T P/ CABO 266 MCM PARTRIDG,C,2026-06,01/06/2026,30,01/07/2026,2026-07,80
805283,PARAFUSADEIRA FURADEIRA 18V PROFISSIONAL,C,2026-10,01/10/2026,30,01/11/2026,2026-11,2
805288,JOGO SOQUETE SEXTAVADO ESTOJO 25 A 30PCS,C,2026-10,01/10/2026,30,01/11/2026,2026-11,2
805341,CABO ELET CU 35MM2 VERM FLEXIVEL 750V,C,2026-03,25/03/2026,30,24/04/2026,2026-04,1000
805342,CABO ELET CU 35MM2 PR FLEXIVEL 750V,C,2026-03,25/03/2026,30,24/04/2026,2026-04,1000
805343,CABO ELET CU 35MM2 VD FLEXIVEL 750V,C,2026-03,25/03/2026,30,24/04/2026,2026-04,400
805344,CABO ELET CU 25MM2 VERM FLEXIVEL 750V,C,2026-03,25/03/2026,30,24/04/2026,2026-04,1000
805345,CABO ELET CU 25MM2 AZUL FLEXIVEL 750V,C,2026-03,25/03/2026,30,24/04/2026,2026-04,1000
805346,CABO ELETR CU 25MM2 PR FLEXIVEL 750V,C,2026-03,25/03/2026,30,24/04/2026,2026-04,400
805388,BAT. RECARREGAVEL 18650 3.7v 2200MAH,C,2026-05,01/05/2026,30,01/06/2026,2026-06,16
805397,PARAFUSO SEXTAVADO M8x30MM ZINCADO,C,2026-03,25/03/2026,30,24/04/2026,2026-04,600
805398,"ARRUELA LISA, M8, ZINCADA",C,2026-03,25/03/2026,30,24/04/2026,2026-04,600
805399,"ARRUELA DE PRESSÃO, M8, ZINCADA",C,2026-03,25/03/2026,30,24/04/2026,2026-04,600
805400,"PORCA SEXTAVADA, M8, ZINCADA",C,2026-03,25/03/2026,30,24/04/2026,2026-04,570
805401,"CABO ELET BT 2X10MM2 0,6/1kV",C,2026-03,25/03/2026,30,24/04/2026,2026-04,400
805403,FUSIVEL RAPIDO 30A,C,2026-03,25/03/2026,30,24/04/2026,2026-04,2
805404,LUVA EMENDA COMPRESSAO CABO DE AL 120MM2,C,2026-03,25/03/2026,30,24/04/2026,2026-04,50
805404,LUVA EMENDA COMPRESSAO CABO DE AL 120MM2,C,2026-07,01/07/2026,30,01/08/2026,2026-08,65
805405,QUADRO GERAL DISTRIBUICAO P/ INVERSOR,C,2026-03,25/03/2026,30,24/04/2026,2026-04,2
805406,MODULO CONTROL/SUPERV P/ INVERSOR 15KVA,C,2026-03,25/03/2026,30,24/04/2026,2026-04,2
805407,SOBRESSAL VENTILADOR CARREGADOR-RETIF,C,2026-03,25/03/2026,30,24/04/2026,2026-04,2
805410,TRENA FIBRA ABERTA 100MT - 537B STARRETT,C,2026-03,25/03/2026,30,24/04/2026,2026-04,4
805426,ESPUMA DE PEDREIRO 220MMX130MM,C,2026-04,01/04/2026,30,01/05/2026,2026-05,40
805427, FITA TEFLON 18MMX50M,C,2026-04,01/04/2026,30,01/05/2026,2026-05,100
805437,CORDAO OPTICO SM 9/125 LC-UPC/LC-UPC 10M,C,2026-08,01/08/2026,30,01/09/2026,2026-09,100
805443,CORDAO OPTICO SM 9/125 SC-PC/SC-PC 10M#,C,2026-08,01/08/2026,30,01/09/2026,2026-09,100
805444,CORDAO OPTICO SM 9/125 SC-PC/SC-PC 04M,C,2026-08,01/08/2026,30,01/09/2026,2026-09,100
805445,CORDAO OPTICO SM 9/125 SC-PC/SC-PC 20M,C,2026-08,01/08/2026,30,01/09/2026,2026-09,100
805446,"CORD OPT MM62,5/125 MTRJ-MACHO/ST-PC 25M",C,2026-08,01/08/2026,30,01/09/2026,2026-09,100
805447,"CORDAO OPTICO MM 62,5/125 LC-PC/LC-PC25M",C,2026-08,01/08/2026,30,01/09/2026,2026-09,100
805458,SILICA-GEL DESSEC 4 A 8MM AZUL,C,2026-06,01/06/2026,30,01/07/2026,2026-07,600
805459,CONECTOR PERF 50-185MM2 15KV COM ESTRIBO,C,2026-03,25/03/2026,30,24/04/2026,2026-04,1248
805459,CONECTOR PERF 50-185MM2 15KV COM ESTRIBO,C,2026-07,01/07/2026,30,01/08/2026,2026-08,2145
805478,SEPARADOR FASE BT  4/0 AWG 700 MM,C,2026-03,25/03/2026,30,24/04/2026,2026-04,1642
805478,SEPARADOR FASE BT  4/0 AWG 700 MM,C,2026-07,01/07/2026,30,01/08/2026,2026-08,2210
805491,BATERIA RADIO PORTATIL IP-57/67,C,2026-07,01/07/2026,30,01/08/2026,2026-08,60
805492,CHICOTE DE 2 VIAS FIO 4MM,C,2026-05,01/05/2026,30,01/06/2026,2026-06,80
805498,SOBRESSAL VENTILADOR CARREGADOR-RETIF,C,2026-04,01/04/2026,30,01/05/2026,2026-05,10
805499,PLACA DE CONTROLE UIB P RET 125V,C,2026-03,25/03/2026,30,24/04/2026,2026-04,4
805500,GATEWAY MODBUS SERIAL/TCP-IP ETHERNET,C,2026-03,25/03/2026,30,24/04/2026,2026-04,38
805502,QDCC RACK 19P COM 10+10 DJ 16-50MM2,C,2026-04,01/04/2026,30,01/05/2026,2026-05,20
805505,"MOTOPODA TOYAMA TPP33TX 2T 1,2HP33CC",C,2026-06,01/06/2026,30,01/07/2026,2026-07,8
805506,MOTOSSERRA TOYAMA TCS58F-20TSN,C,2026-06,01/06/2026,30,01/07/2026,2026-07,2
805507,"CORRENTE TOYAMA TC37558-68OR 1,5MM 34D",C,2026-06,01/06/2026,30,01/07/2026,2026-07,2
805508,CORRENTE 3/8 1.1MM 22 DNT HT/135,C,2026-06,01/06/2026,30,01/07/2026,2026-07,440
805509,CONVERSOR BLACKBOX LH1708A-SC,C,2026-06,01/06/2026,30,01/07/2026,2026-07,40
805511,TERMINAL PINO PARA BORNE 35 MM,C,2026-03,25/03/2026,30,24/04/2026,2026-04,500
805511,TERMINAL PINO PARA BORNE 35 MM,C,2026-07,01/07/2026,30,01/08/2026,2026-08,650
805514,CPU CS SMC SGPM,C,2026-10,01/10/2026,30,01/11/2026,2026-11,164
805515,RADIO MESH IP CS SMC SGPM LANDIS GYR,C,2026-10,01/10/2026,30,01/11/2026,2026-11,164
805516,RADIO CS SMC SGPM LANDIS GYR,C,2026-10,01/10/2026,30,01/11/2026,2026-11,164
805518,CONECTOR TERMINAL RETO LIGAÇAO,C,2026-07,01/07/2026,30,01/08/2026,2026-08,40
805519,CONECTOR PARALELO 3 PARAFUSOS 2250MCM,C,2026-07,01/07/2026,30,01/08/2026,2026-08,40
805520,CONECTOR TERMINAL RETO,C,2026-07,01/07/2026,30,01/08/2026,2026-08,40
805525,DISCO DESBASTE 115X22MM FLAP GRAO 60,C,2026-03,25/03/2026,30,24/04/2026,2026-04,200
805526,"VARETA SOLDA PARA 15% 1/16 1,60MM 46 CM",C,2026-03,25/03/2026,30,24/04/2026,2026-04,2
805527,BATERIA MOEDA CR-2032-3V,C,2026-03,25/03/2026,30,24/04/2026,2026-04,40
805528,CABECOTE PARA DE GRAMPOS DE ATERRAMENTO,C,2026-03,25/03/2026,30,24/04/2026,2026-04,12
805529,HELICE DJI MAVIC 3 ENTERPRISE,C,2026-06,01/06/2026,30,01/07/2026,2026-07,2
805530,CAIXA DE SOM PARA PC USB,C,2026-04,01/04/2026,30,01/05/2026,2026-05,20
805535,FITA ROTULADOR TZE 251 COR PRETO/BRANCA,C,2026-10,01/10/2026,30,01/11/2026,2026-11,16
805536,FITA ROTULADOR TZE 651 COR PRETO/AMARELO,C,2026-10,01/10/2026,30,01/11/2026,2026-11,8
805537,FITA ROTULADOR TZE 661 COR PRETO/AMARELO,C,2026-10,01/10/2026,30,01/11/2026,2026-11,8
805538,LIMA ROTATIVA 6MM METAL DURO,C,2026-10,01/10/2026,30,01/11/2026,2026-11,2
805539,CONJ. BROCAS ESCALONADAS 3 PÇS,C,2026-10,01/10/2026,30,01/11/2026,2026-11,2
