Tipo de depósito	Posição no depósito	Produto	Descrição breve do produto	UM básica	Qtd.disponível UMB	Tipo de estoque	Denominação do tipo de estoque	Preço do material	Valor total
GA01	1G-01-01A	400744	CABO ELETRICO CU NU 25MM2	KG	65	L2	Utilização livre depósito INVT	30,36	1973,4
GA01	1G-01-01A	800027	CABO ELET NU CU 50MM2 19/1,889MM	KG	735	F3	Utilização livre depósito CUST	34,39	25276,65
GA01	1G-01-01B	110893	CABO FLEX 16MM 450/750V PT	UN	300	F3	Utilização livre depósito CUST	0,01	3
GA01	1G-01-01B	404621	CABO ELET SING FLEX 0,75/1KV 2,5MM2 VM	M	300	L2	Utilização livre depósito INVT	1,94	582
GA01	1G-01-01B	800148	CABO ELET FLEX 1X1,5MM2 CU TEMP MOLE	M	1000	F3	Utilização livre depósito CUST	0,84	840
GA01	1G-01-01B	803159	CABO ELET ISOL 1X1,5MM2 CU VD 750V	M	26	F3	Utilização livre depósito CUST	0,56	14,56
GA01	1G-01-01C	400712	CABO DE FORCA 1X25MM2 0,6/1KV SBE	M	200	L2	Utilização livre depósito INVT	16,27	3254
GA01	1G-01-01C	401428	CABO DE FORCA 1X10MM2 0,6/1KV SBE	M	200	L2	Utilização livre depósito INVT	6,99	1398
GA01	1G-01-01C	404292	CABO OPTICO 62,5/125 MICRONS ANTI-ROEDOR	UN	1000	L2	Utilização livre depósito INVT	17,76	17760
GA01	1G-01-01C	805374	CABO COAXIAL RGC213 RIGIDO	M	300	F3	Utilização livre depósito CUST	19,9	5970
GA01	1G-01-01D	400832	CABO ELET BT 3X10MM2 0,6/1 KV	M	30	L2	Utilização livre depósito INVT	25,8	774
GA01	1G-01-01D	402395	CABO ELET CONT 12X1,5MM2 600/1000V	M	377	L2	Utilização livre depósito INVT	5,11	1926,47
GA01	1G-01-01D	403592	CABO OPTICO AUTOSUST 12F MONOMODO	UN	236	L2	Utilização livre depósito INVT	4,77	1125,72
GA01	1G-01-01D	403840	CABO OPTICO AUTOSUST 24F MONOMODO	UN	344	L2	Utilização livre depósito INVT	4,32	1486,08
GA01	1G-01-02A	400822	CABO ELET NU 1X35MM21AWG CU	KG	512	L2	Utilização livre depósito INVT	31,23	15989,76
GA01	1G-01-02A	800141	CABO ELET NU 1X35MM21AWG CU	KG	203	F3	Utilização livre depósito CUST	31,23	6339,69
GA01	1G-01-02B	402303	CABO  MULT 2X10+1X10 MM² XLPE 0,6/1 KV	M	335	L2	Utilização livre depósito INVT	3,19	1068,65
GA01	1G-01-02B	402381	CABO ELET FLEX PVC 6MM AZ	M	600	L2	Utilização livre depósito INVT	4,43	2658
GA01	1G-01-02B	402397	CABO ELET NU CA 1/0AWG 53,5 MM2 POPPY	KG	35	L2	Utilização livre depósito INVT	27,35	957,25
GA01	1G-01-02B	409002	CABO FLEXIVEL 0.75MM 750V VM	M	200	L2	Utilização livre depósito INVT	0,81	162
GA01	1G-01-02B	409003	CABO FLEXIVEL 0.75MM 750V AZ	M	200	L2	Utilização livre depósito INVT	0,81	162
GA01	1G-01-02B	801006	CABO ELET ISOL 4MM2 PVC 750V	M	100	F3	Utilização livre depósito CUST	1,48	148
GA01	1G-01-02C	400433	CABO ELETR 750V CU PVC 35MM2 AZUL BT	M	45	L2	Utilização livre depósito INVT	30,5	1372,5
GA01	1G-01-02C	400723	CABO ELET CU 4X4MM2 0,6/1KV BT	M	36	L2	Utilização livre depósito INVT	29,35	1056,6
GA01	1G-01-02C	400760	CABO DE FORCA 1X16MM2 0,6/1KV SBE	M	200	L2	Utilização livre depósito INVT	13,81	2762
GA01	1G-01-02C	401806	CABO COMANDO/CONTR 6X2,5MM2 0,6/1KV SBE	M	70	L2	Utilização livre depósito INVT	32,23	2256,1
GA01	1G-01-02C	402352	CABO ELET CU 1X6MM2 0,6/1KV - SUBESTACAO	M	3284	L2	Utilização livre depósito INVT	4,41	14482,44
GA01	1G-01-02D	400358	CABO COMANDO/CONTROLE 4X10MM2	M	79	L2	Utilização livre depósito INVT	18,87	1490,73
GA01	1G-01-02D	404832	CABO ELET 15KV AL PROT XLPE 150MM2 6F MT	M	122	L2	Utilização livre depósito INVT	6,54	797,88
GA01	1G-01-02D	800985	CABO ELET FLEX 3X16MM2 CU TEMP MOLE	M	70	F3	Utilização livre depósito CUST	20,03	1402,1
GA01	1G-01-02E	401383	COBERTURA PROT PLASTI 2AWG PT	M	235	L2	Utilização livre depósito INVT	2,36	554,6
GA01	1G-01-02E	801653	METROS FIBRA MONOMODO SM	UN	838	F3	Utilização livre depósito CUST	2,99	2505,62
GA01	1G-01-03B	800026	CABO ELET FLEXIVEL PVC 750V 2,5MM2 VM	M	400	F3	Utilização livre depósito CUST	1,2	480
GA01	1G-01-03B	801157	CABO ELET FLEXIVEL PVC 750V 2,5MM2 PT	M	250	F3	Utilização livre depósito CUST	1,41	352,5
GA01	1G-01-03B	801274	CABO ELET ISOL CU PT 8AWG PVC 750V	M	528	F3	Utilização livre depósito CUST	4,89	2581,92
GA01	1G-01-03D	400695	CABO ELETR 0,6/1KV CU FLEX 3X16MM2 BT	M	188	L2	Utilização livre depósito INVT	24,25	4559
GA01	1G-01-03D	404042	CABO ELETRICO BT 2X16MM2 0,6/1KV	M	16	L2	Utilização livre depósito INVT	23,76	380,16
GA01	1G-01-03D	404043	CABO ELETRICO BT 4X10MM2 0,6/1KV	M	62	L2	Utilização livre depósito INVT	43,86	2719,32
GA01	1G-01-03E	400813	CABO ELETRICO ISOLADO SINGELO 6MM2	M	20000	L2	Utilização livre depósito INVT	1,75	35000
GA01	1G-01-04B	401548	CABO ELET AL TRIP 2X35+1X35 MM2 0,6/1KV	M	29	L2	Utilização livre depósito INVT	7,2	208,8
GA01	1G-01-04B	403716	CORDOALHA AC 7,94MM 5/16P 7F (EHS)	KG	23	L2	Utilização livre depósito INVT	14,39	330,97
GA01	1G-01-04B	803160	CABO ELET NU CU 95MM2 MEIO DURO	KG	2	F3	Utilização livre depósito CUST	0,26	0,52
GA01	1G-01-04C	400822	CABO ELET NU 1X35MM21AWG CU	KG	235	L2	Utilização livre depósito INVT	31,23	7339,05
GA01	1G-01-04C	401501	CABO CU ISOL  2,5MM2 COR VD 1KV ENCORD 2	M	250	L2	Utilização livre depósito INVT	2,16	540
GA01	1G-01-04D	400670	CABO ELET ISOL SING 1.5MM2 PT	M	21	L2	Utilização livre depósito INVT	0,56	11,76
GA01	1G-01-04D	400718	CABO ELETR 750V CU SING PVC 1,5MM2 AZUL	M	227	L2	Utilização livre depósito INVT	0,56	127,12
GA01	1G-01-04D	403194	CABO ELET SING FLEX 0,75/1KV 2,5MM2 AM	M	5	L2	Utilização livre depósito INVT	1,64	8,2
GA01	1G-01-04D	800129	CABO ELETR 0,6/1KV CU PVC 25MM2 BT	M	230	F3	Utilização livre depósito CUST	3,78	869,4
GA01	1G-01-04D	800429	CABO CU SING 2,5MM2 VD 0,6/1KV ANTI-CHAM	M	402	F3	Utilização livre depósito CUST	1,29	518,58
GA01	1G-01-04E	400813	CABO ELETRICO ISOLADO SINGELO 6MM2	M	20000	L2	Utilização livre depósito INVT	1,75	35000
GA01	1G-01-05A	407971	CABO DE COBRE NU 150MM² MEIO-DURO	M	39	L2	Utilização livre depósito INVT	127,08	4956,12
GA01	1G-01-05B	400813	CABO ELETRICO ISOLADO SINGELO 6MM2	M	4495	L2	Utilização livre depósito INVT	1,75	7866,25
GA01	1G-01-05B	800158	CABO ELETRICO ISOLADO SINGELO 6MM2	M	21442	F3	Utilização livre depósito CUST	1,74	37309,08
GA01	1G-01-05C	401806	CABO COMANDO/CONTR 6X2,5MM2 0,6/1KV SBE	M	700	L2	Utilização livre depósito INVT	32,23	22561
GA01	1G-01-05D	803152	CABO ELET FLEX 3X2,5MM2 CU TEMP MOLE	M	798	F3	Utilização livre depósito CUST	2,63	2098,74
GA01	1G-01-06A	401531	CABO ELET ISOL PVC PT 10MM2 0,6/1KV	M	36	L2	Utilização livre depósito INVT	8,7	313,2
GA01	1G-01-06A	800426	CABO ELET BT 70MM2 CU PVC PT 0,6/1KV	M	51	F3	Utilização livre depósito CUST	56,98	2905,98
GA01	1G-01-06A	800763	CABO ELET ISOL PVC PT 10MM2 0,6/1KV	M	936	F3	Utilização livre depósito CUST	8,67	8115,12
GA01	1G-01-06B	402136	CABO ELET FLEXIVEL PVC 750V 2,5MM2 VD	M	161	L2	Utilização livre depósito INVT	1,96	315,56
GA01	1G-01-06B	402310	CABO ELET ISOL VM 2,5MM2	M	1354	L2	Utilização livre depósito INVT	0,72	974,88
GA01	1G-01-06B	404186	CABO ELET FLEX TEMP MOLE 1X4MM2 CU 750V	M	6414	L2	Utilização livre depósito INVT	2,58	16548,12
GA01	1G-01-06C	800141	CABO ELET NU 1X35MM21AWG CU	KG	453,5	F3	Utilização livre depósito CUST	31,23	14162,81
GA01	1G-01-06C	801013	CABO ELET FLEX 4X1,5MM2 0,6/1KV	M	2164	F3	Utilização livre depósito CUST	1,93	4176,52
GA01	1G-01-06D	404044	CABO ELET CU EPR 4X16MM2 0,6/1KV BT	M	92	L2	Utilização livre depósito INVT	62,78	5775,76
GA01	1G-01-06D	801829	FIO TELEFONICO FDG 2 COND CU EST 0,50MM2	M	2313	F3	Utilização livre depósito CUST	0,49	1133,37
GA01	1G-01-06D	802385	CABO TELEFONICO CCI 6P TERMOPLAS	UN	1317	F3	Utilização livre depósito CUST	1,19	1567,23
GA01	1G-01-06D	802396	CABO TELEFONICO CCI 4P TERMOPLAS	UN	436	F3	Utilização livre depósito CUST	0,79	344,44
GA01	1G-02-01A	403323	CABO ELET FLEX 2X1,5MM2 0,6/1KV	M	87	L2	Utilização livre depósito INVT	3,07	267,09
GA01	1G-02-01A	403840	CABO OPTICO AUTOSUST 24F MONOMODO	UN	6121	L2	Utilização livre depósito INVT	4,32	26442,72
GA01	1G-02-01A	800810	CABO ELET 15KV AL PROT XLPE 120MM2 1F MT	M	202	F3	Utilização livre depósito CUST	12,42	2508,84
GA01	1G-02-01B	801263	CABO  MULT 1X10+1X10MM² XLPE 0,6/1 KV	M	7200	F3	Utilização livre depósito CUST	1,74	12528
GA01	1G-02-01C	401981	CABO  MULT 1X10+1X10MM² XLPE 0,6/1 KV	M	2150	L2	Utilização livre depósito INVT	1,79	3848,5
GA01	1G-02-01D	401981	CABO  MULT 1X10+1X10MM² XLPE 0,6/1 KV	M	8400	L2	Utilização livre depósito INVT	1,79	15036
GA01	1G-02-02A	403840	CABO OPTICO AUTOSUST 24F MONOMODO	UN	4214	L2	Utilização livre depósito INVT	4,32	18204,48
GA01	1G-02-02B	800174	CABO ELET CU PVC 1X10MM2 7FIOS 750V	M	63	F3	Utilização livre depósito CUST	8,67	546,21
GA01	1G-02-02B	803800	CABO ELET FLEX 2X1,5MM2 0,6/1KV	M	1259	F3	Utilização livre depósito CUST	3,11	3915,49
GA01	1G-02-02C	801341	CABO ELETR 0,6/1KV CU PVC 16MM2 BT	M	819	F3	Utilização livre depósito CUST	6,19	5069,61
GA01	1G-02-02D	404418	CABO MANGA 4V P/ REFLETOR LED 10M	M	1890	L2	Utilização livre depósito INVT	3,15	5953,5
GA01	1G-02-03A	403592	CABO OPTICO AUTOSUST 12F MONOMODO	UN	3700	L2	Utilização livre depósito INVT	4,77	17649
GA01	1G-02-03B	403840	CABO OPTICO AUTOSUST 24F MONOMODO	UN	653	L2	Utilização livre depósito INVT	4,32	2820,96
GA01	1G-02-04A	802276	CABO OPTICO AUTOSUST 12F MONOMODO	UN	1678	F3	Utilização livre depósito CUST	4,77	8004,06
GA01	1G-02-04B	800803	CABO FIBRA OTIC MULTIM 4F 625	M	4029	F3	Utilização livre depósito CUST	2,59	10435,11
GA01	1G-02-04D	402757	FIBRA OPTICA MM 12F LAN OM4 10GB IN/OUT	UN	1616	L2	Utilização livre depósito INVT	45,73	73899,68
GA01	1G-02-04E	401826	CABO ELET MT 1X35MM2 EPR 8,7/15KV	M	166	L2	Utilização livre depósito INVT	98,58	16364,28
GA01	1G-02-05B	400316	CABO ELETR 0,6/1KV CU PVC 16MM2 BT	M	758	L2	Utilização livre depósito INVT	18,84	14280,72
GA01	1G-02-05B	402083	CABO ELET FLEX CU 1X2,5MM2	M	734	L2	Utilização livre depósito INVT	1,25	917,5
GA01	1G-02-05B	407737	CABO ELET FLEXIVEL PVC 750V 2,5MM2 CZ	M	13	L2	Utilização livre depósito INVT	0,97	12,61
GA01	1G-02-05C	405486	FIO AL COB XLPE 1X 10,00MM2 MOLE AMARRA	M	10183	L2	Utilização livre depósito INVT	4,99	50813,17
GA01	1G-02-05D	401817	CABO ELET CU 4X6MM2 0,6/1KV SBE	M	237	L2	Utilização livre depósito INVT	37,74	8944,38
GA01	1G-02-05D	405486	FIO AL COB XLPE 1X 10,00MM2 MOLE AMARRA	M	4000	L2	Utilização livre depósito INVT	4,99	19960
GA01	1G-02-06B	400458	CABO ELETR 1KV CU PVC 20X1,5MM2 CONTROLE	M	164	L2	Utilização livre depósito INVT	21,09	3458,76
GA01	1G-02-06B	400709	CABO ELET CU 4X1,5MM2 0,6/1KV SBE	M	29	L2	Utilização livre depósito INVT	2,82	81,78
GA01	1G-02-06B	401411	CABO ELET CU ISOL PVC 2X4MM2	M	33	L2	Utilização livre depósito INVT	6,02	198,66
GA01	1G-02-06B	402226	CABO ELET MT 1X35MM2 8,7/15KV	M	46	L2	Utilização livre depósito INVT	4,66	214,36
GA01	1G-02-06C	405486	FIO AL COB XLPE 1X 10,00MM2 MOLE AMARRA	M	8000	L2	Utilização livre depósito INVT	4,99	39920
GA01	1G-02-06D	400325	CABO COMANDO/CONTR 2X6MM2 0,6/1KV SBE	M	140	L2	Utilização livre depósito INVT	15,95	2233
GA01	1G-02-06D	401543	CABO COMANDO/CONTR 20X1,5MM2 0,6/1KV SBE	M	46	L2	Utilização livre depósito INVT	28,51	1311,46
GA01	1G-02-06D	402350	CABO COMANDO/CONTR 4X4MM2 0,6/1KV SBE	M	104	L2	Utilização livre depósito INVT	14,26	1483,04
GA01	1G-02-06E	403592	CABO OPTICO AUTOSUST 12F MONOMODO	UN	4000	L2	Utilização livre depósito INVT	4,77	19080
GA01	1G-02-06E	403840	CABO OPTICO AUTOSUST 24F MONOMODO	UN	4020	L2	Utilização livre depósito INVT	4,32	17366,4
GA01	1G-03-01C	800048	CABO ELET ISOL SING 1.5MM2 VERMELHA	M	152	F3	Utilização livre depósito CUST	0,56	85,12
GA01	1G-03-01E	402187	FIO ELETRICO CU ISOL 1,5MM2 750V	M	43200	L2	Utilização livre depósito INVT	0,25	10800
GA01	1G-04-01A	402152	CABO ELET CU 95MM2 90°XLPE 0,6/1KV	M	8	L2	Utilização livre depósito INVT	63,74	509,92
GA01	1G-04-01A	403693	CABO CONCENTRICO CU 3X35+35MM	M	1281	L2	Utilização livre depósito INVT	184,23	235998,63
GA01	1G-04-01A	404010	CABO AL CONCENTRICO 3F 3X95+50MM2	M	3725	L2	Utilização livre depósito INVT	100,36	373841
GA01	1G-04-01A	800021	CABO ELET CU 95MM2 90°XLPE 0,6/1KV	M	1432	F3	Utilização livre depósito CUST	67,31	96387,92
GA01	1G-04-01A	803907	CABO DE AÇO REVESTIDOS DE COBRE 35MM²	KG	3411	F3	Utilização livre depósito CUST	95,69	326398,59
GA01	1G-04-02A	400443	CABO  MULT 2X25+1X25MM² XLPE 0,6/1 KV	M	2068	L2	Utilização livre depósito INVT	6,41	13255,88
GA01	1G-04-02A	400694	CABO ELETR 0,6/1KV CU PVC 25MM2 BT	M	2488	L2	Utilização livre depósito INVT	6	14928
GA01	1G-04-02A	401543	CABO COMANDO/CONTR 20X1,5MM2 0,6/1KV SBE	M	295	L2	Utilização livre depósito INVT	28,51	8410,45
GA01	1G-04-02A	401544	CABO ELET FLEX 2X6MM2 0,6/1KV	M	308	L2	Utilização livre depósito INVT	8,59	2645,72
GA01	1G-04-02A	401826	CABO ELET MT 1X35MM2 EPR 8,7/15KV	M	1760	L2	Utilização livre depósito INVT	98,58	173500,8
GA01	1G-04-02A	401908	CABO ELET NU CA 336,4MCM 170MM2 TULIP	KG	92	L2	Utilização livre depósito INVT	18,37	1690,04
GA01	1G-04-02A	402070	CABO ELET CONT 15X1,5MM2 1KV 19F	M	374	L2	Utilização livre depósito INVT	4,85	1813,9
GA01	1G-04-02A	402072	CABO COMANDO/CONTR 8X1,5MM2 0,6/1KV SBE	M	1200	L2	Utilização livre depósito INVT	20,72	24864
GA01	1G-04-02A	402081	CABO ELET CU 120MM2 90°XLPE 0,6/1KV	M	2726	L2	Utilização livre depósito INVT	97,36	265403,36
GA01	1G-04-02A	402248	CABO ELET MULTIP AUTOS 3X240MM2+120MM2	M	190	L2	Utilização livre depósito INVT	53,26	10119,4
GA01	1G-04-02A	402396	CABO AL NU C/ALMA ACO 4AWG	KG	119	L2	Utilização livre depósito INVT	16,99	2021,81
GA01	1G-04-02A	402654	CABO ACO ZINCADO 3X2,25MM 1430DAN	KG	1264	L2	Utilização livre depósito INVT	17,48	22094,72
GA01	1G-04-02A	403204	CABO COMANDO/CONTR 7X2,5MM2 0,6/1KV SBE	M	1662	L2	Utilização livre depósito INVT	2,77	4603,74
GA01	1G-04-02A	403353	CABO ELET CU 150MM2 90°XLPE 0,6/1KV	M	3078	L2	Utilização livre depósito INVT	120,17	369883,26
GA01	1G-04-02A	403487	CABO ELET MULTIP AUTOS 3X1X35+1X70MM2	M	348	L2	Utilização livre depósito INVT	5,92	2060,16
GA01	1G-04-02A	403823	CABO CONCENTRICO CU 3X25+25MM	M	1020	L2	Utilização livre depósito INVT	106,06	108181,2
GA01	1G-04-02A	403826	CABO CU CONCENTRICO 1F 1X16+16MM2	M	1000	L2	Utilização livre depósito INVT	31,98	31980
GA01	1G-04-02A	403870	CABO EL 15KV AL PROT XLPE 170,5MM2 1F MT	UN	481	L2	Utilização livre depósito INVT	6,93	3333,33
GA01	1G-04-02A	404832	CABO ELET 15KV AL PROT XLPE 150MM2 6F MT	M	662	L2	Utilização livre depósito INVT	6,54	4329,48
GA01	1G-04-02A	800059	CABO ELET NU CA 336,4MCM 170MM2 TULIP	KG	489	F3	Utilização livre depósito CUST	24,44	11951,16
GA01	1G-04-02A	800426	CABO ELET BT 70MM2 CU PVC PT 0,6/1KV	M	52	F3	Utilização livre depósito CUST	56,98	2962,96
GA01	1G-04-02A	800741	CABO ELET CU 120MM2 90°XLPE 0,6/1KV	M	389	F3	Utilização livre depósito CUST	96,14	37398,46
GA01	1G-04-02A	800804	CABO  MULT 1X16+1X16MM² XLPE 0,6/1 KV	M	770	F3	Utilização livre depósito CUST	3,23	2487,1
GA01	1G-04-02A	800985	CABO ELET FLEX 3X16MM2 CU TEMP MOLE	M	300	F3	Utilização livre depósito CUST	20,03	6009
GA01	1G-04-02A	800999	CABO ELET BT 3X10MM2 0,6/1 KV	M	165	F3	Utilização livre depósito CUST	10,45	1724,25
GA01	1G-04-02A	801185	CABO  MULT 2X10+1X10 MM² XLPE 0,6/1 KV	M	164	F3	Utilização livre depósito CUST	3,03	496,92
GA01	1G-04-02A	802451	CABO TELEFONICO CTP APL 30P TERMOPLAS	UN	2016	F3	Utilização livre depósito CUST	4,32	8709,12
GA01	1G-04-02A	803144	CABO ELET 15KV AL PROT XLPE 150MM2 1F MT	M	1017	F3	Utilização livre depósito CUST	16,97	17258,49
GA01	1G-04-02A	804633	CABO AL CONCENTRICO 2F 2X16+16MM2	M	1000	F3	Utilização livre depósito CUST	12,63	12630
GA01	1G-04-02A	804637	CABO AL CONCENTRICO 3F 3X10+10MM2	M	999	F3	Utilização livre depósito CUST	12,1	12087,9
GA01	1G-04-02A	804638	CABO AL CONCENTRICO 2F 2X25+25MM2	M	257	F3	Utilização livre depósito CUST	16,96	4358,72
GA01	1G-04-02A	804639	CABO AL CONCENTRICO 3F 3X25+25MM2	M	967	F3	Utilização livre depósito CUST	22,88	22124,96
GA01	1G-04-02A	805324	CABO MULT 3X120+1X95MM² XLPE 0,6/1 KV	M	136	F3	Utilização livre depósito CUST	46,94	6383,84
GA01	1G-04-03A	401447	CABO CU PROTEGIDO EPR 500MM2 8,7/15KV	M	1918	L2	Utilização livre depósito INVT	424,41	814018,38
GA01	1G-04-03A	403663	CABO CONCENTRICO CU 3X70+70MM	M	584	L2	Utilização livre depósito INVT	328,27	191709,68
GA01	1G-04-03A	403852	CABO AL CONCENTRICO 3F 3X70+70MM2	M	9953	L2	Utilização livre depósito INVT	64,46	641570,38
GA01	1G-05-01A	400301	CABO ELETR NU AL CAA 795MCM TERN - LDR	KG	1183	L2	Utilização livre depósito INVT	24,35	28806,05
GA01	1G-05-01A	400713	CABO ELETR NU CAA AL 954MCM MAGNOLIA LDR	KG	15621	L2	Utilização livre depósito INVT	10	156210
GA01	1G-05-01A	400719	CABO ELETR NU CAA AL 477MCM HAWK	KG	2739	L2	Utilização livre depósito INVT	22,55	61764,45
GA01	1G-05-01A	800741	CABO ELET CU 120MM2 90°XLPE 0,6/1KV	M	3966	F3	Utilização livre depósito CUST	96,14	381291,24
GA01	1G-05-02A	403656	CABO AL CONCENTRICO 3F 3X25+25MM2	M	44834	L2	Utilização livre depósito INVT	24,04	1077809,36
GA01	1G-05-03A	402269	CABO ELET NU CU 95MM2 MEIO DURO	KG	5065	L2	Utilização livre depósito INVT	162,73	824227,45
GA01	1G-05-03A	402303	CABO  MULT 2X10+1X10 MM² XLPE 0,6/1 KV	M	850	L2	Utilização livre depósito INVT	3,19	2711,5
GA01	1G-05-03A	405473	CABO ELET CU 185MM2 90°XLPE 0,6/1KV	M	4386	L2	Utilização livre depósito INVT	134	587724
GA01	1G-05-03A	803659	CORDOALHA AC 7,94MM 5/16P 7F (EHS)	KG	616	F3	Utilização livre depósito CUST	29,69	18289,04
GA01	1G-05-03A	804894	CABO ELET CU 185MM2 90°XLPE 0,6/1KV	M	3971	F3	Utilização livre depósito CUST	149,23	592592,33
GA01	1G-05-04A	400460	CABO ELET NU CA AL 2/0AWG 67,40MM2 ASTER	KG	936	L2	Utilização livre depósito INVT	24,68	23100,48
GA01	1G-05-04A	400594	CABO DE AÇO REVESTIDOS DE COBRE 35MM²	KG	2698	L2	Utilização livre depósito INVT	94,86	255932,28
GA01	1G-05-04A	401981	CABO  MULT 1X10+1X10MM² XLPE 0,6/1 KV	M	138503	L2	Utilização livre depósito INVT	1,79	247920,37
GA01	1G-05-04A	403574	CABO AL CONCENTRICO 3F 3X95+95MM2	M	562	L2	Utilização livre depósito INVT	64,34	36159,08
GA01	1G-05-04A	800682	CABO NU CA AL 4/0 AWG 7X4,417MM OXLIP	KG	186	F3	Utilização livre depósito CUST	28,27	5258,22
GA01	1G-05-04A	800775	CABO  MULT 2X25+1X25MM² XLPE 0,6/1 KV	M	1155	F3	Utilização livre depósito CUST	6,35	7334,25
GA01	1G-05-05A	400442	CABO  MULT 2X16+1X16MM² XLPE 0,6/1 KV	M	1087	L2	Utilização livre depósito INVT	4,89	5315,43
GA01	1G-05-05A	400450	CABO  MULT 1X16+1X16MM² XLPE 0,6/1 KV	M	15	L2	Utilização livre depósito INVT	3,33	49,95
GA01	1G-05-05A	400603	CABO NU CA AL 4/0 AWG 7X4,417MM OXLIP	KG	358,5	L2	Utilização livre depósito INVT	28,6	10253,1
GA01	1G-05-05A	401786	CABO  MULT 3X35+1X35 MM² XLPE 0,6/1 KV	M	2088	L2	Utilização livre depósito INVT	14,2	29649,6
GA01	1G-05-05A	401791	CABO AL CONCENTRICO 1F 1X10+10MM2	M	600	L2	Utilização livre depósito INVT	4,44	2664
GA01	1G-05-05A	402269	CABO ELET NU CU 95MM2 MEIO DURO	KG	10	L2	Utilização livre depósito INVT	162,73	1627,3
GA01	1G-05-05A	407336	CABO ELETR 15KV AL PROT XLPE 70MM2 1F MT	M	89	L2	Utilização livre depósito INVT	8,15	725,35
GA01	1G-05-05A	407971	CABO DE COBRE NU 150MM² MEIO-DURO	M	56	L2	Utilização livre depósito INVT	127,08	7116,48
GA01	1G-05-05A	800062	CABO  MULT 2X16+1X16MM² XLPE 0,6/1 KV	M	802	F3	Utilização livre depósito CUST	4,75	3809,5
GA01	1G-05-05A	800762	CABO  MULT 3X70+1X70 MM² XLPE 0,6/1 KV	M	40	F3	Utilização livre depósito CUST	26,01	1040,4
GA01	1G-05-05A	800810	CABO ELET 15KV AL PROT XLPE 120MM2 1F MT	M	251	F3	Utilização livre depósito CUST	12,42	3117,42
GA01	1G-05-05A	801316	CORDOALHA AC 9,5MM 3/8P 7F 4900DAN	KG	170	F3	Utilização livre depósito CUST	24,07	4091,9
GA01	BLOCO 01	402623	CONJUNTO CUBICULOS 15KV	CJ	1	L2	Utilização livre depósito INVT	881158,03	881158,03
GA02	2G-01-01A	800651	PARAFUSO CAB ABA PESC QD EM AC 5/8PX45MM	UN	176	F3	Utilização livre depósito CUST	4,85	853,6
GA02	2G-01-01A	800700	LUVA EMENDA COMPR 185MM2	UN	260	F3	Utilização livre depósito CUST	4,99	1297,4
GA02	2G-01-01A	800722	PARAFUSO CAB ABA AC 16MM 125MM	UN	188	F3	Utilização livre depósito CUST	6	1128
GA02	2G-01-01A	800746	PARAFUSO CAB QD AC 12MM 300MM	UN	5	F3	Utilização livre depósito CUST	2,58	12,9
GA02	2G-01-01A	800749	PARAFUSO CAB ABA AC 5/8X6P	UN	843	F3	Utilização livre depósito CUST	5,78	4872,54
GA02	2G-01-01A	800924	PARAFUSO ANTIVANDALISMO 5/8X2P	UN	853	F3	Utilização livre depósito CUST	22,58	19260,74
GA02	2G-01-01A	800976	PARAFUSO SXT AC 11,11MM 7/16P 31,75MM	UN	563	F3	Utilização livre depósito CUST	1,05	591,15
GA02	2G-01-01A	801191	PARAFUSO CAB QD MAQ AC 5/8X6P	UN	158	F3	Utilização livre depósito CUST	6,48	1023,84
GA02	2G-01-01A	801347	PARAFUSO CAB QD MAQ AC 5/8X8P	UN	265	F3	Utilização livre depósito CUST	4,81	1274,65
GA02	2G-01-01A	801745	BUCHA NYLON PARAFUSO S-8	UN	12955	F3	Utilização livre depósito CUST	0,14	1813,7
GA02	2G-01-01A	803203	TERMINAL DE PRESSÃO 6MM2	UN	400	F3	Utilização livre depósito CUST	0,96	384
GA02	2G-01-01A	804326	TERMINAL DE PRESSAO 16MM²	UN	400	F3	Utilização livre depósito CUST	0,85	340
GA02	2G-01-01A	805548	PARAFUSO AUTO BROCANTE 14 X 1" CHAV. 3/8	UN	1520	F3	Utilização livre depósito CUST	0,29	440,8
GA02	2G-01-01B	410017	TERMINAL PRE ISOL TUB SIMPLES 2,5MM² AZ	UN	100	L2	Utilização livre depósito INVT	0,59	59
GA02	2G-01-01B	800012	TERMINAL PRE ISOL PINO TUBULAR 95MM2 AZ	UN	150	F3	Utilização livre depósito CUST	5,16	774
GA02	2G-01-01B	800014	TERMINAL COMPRESSAO OLHAL 120MM2 1F	UN	115	F3	Utilização livre depósito CUST	6,31	725,65
GA02	2G-01-01B	800150	TERMINAL PRESSAO CU 50MM2	UN	190	F3	Utilização livre depósito CUST	1,94	368,6
GA02	2G-01-01B	800486	LUVA EMENDA HASTE PROL 5/8PX70MM	UN	8	F3	Utilização livre depósito CUST	9,12	72,96
GA02	2G-01-01B	800733	TERMINAL ELET CU ELET 240MM2 LING RET 2F	UN	10	F3	Utilização livre depósito CUST	71,63	716,3
GA02	2G-01-01B	800769	PARA-RAIO FRANKLIN CU 300MM 4P 3/4PBSP	UN	28	F3	Utilização livre depósito CUST	10,95	306,6
GA02	2G-01-01B	800939	PARAFUSO CAB CHATA 4,2X25 S6	UN	4675	F3	Utilização livre depósito CUST	0,09	420,75
GA02	2G-01-01B	800979	TERMINAL PRESSAO CU 120MM2	UN	127	F3	Utilização livre depósito CUST	8,25	1047,75
GA02	2G-01-01B	801195	TERMINAL P/ CABO 2,5MM2 OLHAL FURO 4,3MM	UN	2000	F3	Utilização livre depósito CUST	0,67	1340
GA02	2G-01-01B	801374	TERMINAL COMPRESSAO 95MM	UN	180	F3	Utilização livre depósito CUST	2,39	430,2
GA02	2G-01-01B	801708	TERMINAL ELET PINO 1,5-2,5MM2	UN	200	F3	Utilização livre depósito CUST	0,5	100
GA02	2G-01-01B	802247	LUVA EMENDA CABO ALUM 35MM COMP 90 MM	UN	321	F3	Utilização livre depósito CUST	6,99	2243,79
GA02	2G-01-01B	802596	LUVA EMENDA COMPR CU 120MM2	UN	500	F3	Utilização livre depósito CUST	17,13	8565
GA02	2G-01-01B	803202	TERMINAL DE PRESSÃO 4MM2	UN	80	F3	Utilização livre depósito CUST	0,85	68
GA02	2G-01-01B	803579	PARAFUSO AUTO BROC FLANG PHILIPS 4.2X25M	UN	1500	F3	Utilização livre depósito CUST	0,13	195
GA02	2G-01-01B	803583	TERMINAL PRE ISOL TUB SIMPLES 2,5MM² AZ	UN	606	F3	Utilização livre depósito CUST	0,59	357,54
GA02	2G-01-01C	800007	TERMINAL PRESSAO CU 70MM2	UN	578	F3	Utilização livre depósito CUST	4,59	2653,02
GA02	2G-01-01C	800243	ARRUELA PRES AC PARAF 3/8P 5/8P	UN	892	F3	Utilização livre depósito CUST	0,54	481,68
GA02	2G-01-01C	800357	EMENDA PREF COND AL 2AWG 711MM	UN	915	F3	Utilização livre depósito CUST	8,26	7557,9
GA02	2G-01-01C	800526	PARAFUSO SXT 7/16 S/PORCA	UN	470	F3	Utilização livre depósito CUST	2,14	1005,8
GA02	2G-01-01C	800624	PARAFUSO CAB ABA AC PESC QD 5/8X2.1/2P	UN	167	F3	Utilização livre depósito CUST	7,04	1175,68
GA02	2G-01-01C	801083	PORCA SEXT AI304 3/8P UNC	UN	738	F3	Utilização livre depósito CUST	0,43	317,34
GA02	2G-01-01C	803584	TERMINAL PRE ISOL TUB DUPLO 2,5MM² AZUL	UN	800	F3	Utilização livre depósito CUST	0,6	480
GA02	2G-01-01D	800596	LACO DISTRIBUICAO PREF CAA 1/0AWG	UN	3040	F3	Utilização livre depósito CUST	2,13	6475,2
GA02	2G-01-01E	800767	CAPA PROTETORA CONEC CUNHA 15KV AZ/BR	UN	1440	F3	Utilização livre depósito CUST	23,06	33206,4
GA02	2G-01-01E	801146	LACO LATERAL PREF DUPLO 2/0AWG	UN	2654	F3	Utilização livre depósito CUST	3,1	8227,4
GA02	2G-01-02A	800817	CHAVE FUSIVEL DIST 15KV 100A/10KA PORC	UN	4	F3	Utilização livre depósito CUST	331,63	1326,52
GA02	2G-01-02A	804421	ISOLADOR PINO, POLIMERICO COM TRAVAS	UN	517	F3	Utilização livre depósito CUST	26,06	13473,02
GA02	2G-01-02B	800794	ALCA PREFORM CA/CAA 2AWG 6/1P 2AWG 625MM	UN	639	F3	Utilização livre depósito CUST	5,07	3239,73
GA02	2G-01-02B	800952	LACO PREF ROLD CA 2/0AWG LJ	UN	3851	F3	Utilização livre depósito CUST	2,88	11090,88
GA02	2G-01-02C	800779	ALCA PREFORM DIST CAA 336,4MCM VERDE	UN	950	F3	Utilização livre depósito CUST	22,74	21603
GA02	2G-01-02D	800500	LACO ROLD PREF 336,4MCM	UN	1920	F3	Utilização livre depósito CUST	1,61	3091,2
GA02	2G-01-02D	800600	LACO DISTRIBUICAO PREF CAA 2/0AWG AC	UN	2880	F3	Utilização livre depósito CUST	1,43	4118,4
GA02	2G-01-03A	400910	ISOLADOR DISCO 152X140MM 60KV 4500KGF	UN	60	L2	Utilização livre depósito INVT	22,48	1348,8
GA02	2G-01-03A	800345	GANCHO OLHAL AC 17MM 7000KGF	UN	1553	F3	Utilização livre depósito CUST	18,71	29056,63
GA02	2G-01-03B	408994	ISOLADOR PINO, POLIMERICO COM TRAVAS	UN	4	L2	Utilização livre depósito INVT	26,07	104,28
GA02	2G-01-03B	800808	ALCA PREFORM DIST CAA/CA 2/0AWG 70MM2	UN	422	F3	Utilização livre depósito CUST	9,43	3979,46
GA02	2G-01-04A	801186	OLHAL PARAFUSO AC 16MM 5000DAN	UN	1141	F3	Utilização livre depósito CUST	15,31	17468,71
GA02	2G-01-04A	803452	ESPACADOR LOSANG CLASSE 15KV C/ GARRAS	UN	144	F3	Utilização livre depósito CUST	22,45	3232,8
GA02	2G-01-04B	405483	LUVA DE EMENDA CABO ISOLADO 25MM²	UN	317	L2	Utilização livre depósito INVT	3,38	1071,46
GA02	2G-01-04B	800596	LACO DISTRIBUICAO PREF CAA 1/0AWG	UN	4446	F3	Utilização livre depósito CUST	2,13	9469,98
GA02	2G-01-04B	800734	PARA-RAIO DISTRIB POL 280V 10KA ISOL	UN	576	F3	Utilização livre depósito CUST	40,61	23391,36
GA02	2G-01-04C	800596	LACO DISTRIBUICAO PREF CAA 1/0AWG	UN	4900	F3	Utilização livre depósito CUST	2,13	10437
GA02	2G-01-04D	403209	PRENSA CABO PVC 3/4P	UN	24000	L2	Utilização livre depósito INVT	5,77	138480
GA02	2G-01-05A	800417	ARMACAO SEC PRESB 4EST 4,5MM ACO	UN	270	F3	Utilização livre depósito CUST	46,42	12533,4
GA02	2G-01-05A	801199	ALCA PREFORM DIST 4/0 AWG 120MM2	UN	234	F3	Utilização livre depósito CUST	7,53	1762,02
GA02	2G-01-05B	800341	GRAMPO ANCOR CUNHA AL 185MM2 400DAN	UN	545	F3	Utilização livre depósito CUST	37,3	20328,5
GA02	2G-01-05B	800341	GRAMPO ANCOR CUNHA AL 185MM2 400DAN	UN	3	L2	Utilização livre depósito INVT	37,3	111,9
GA02	2G-01-05B	800709	LACO PREF ISOLADOR ROLD CA 2AWG LJ 33MM2	UN	1671	F3	Utilização livre depósito CUST	1,86	3108,06
GA02	2G-01-05C	800500	LACO ROLD PREF 336,4MCM	UN	1557	F3	Utilização livre depósito CUST	1,61	2506,77
GA02	2G-01-06A	800715	PARAFUSO CAB ABA PESC QD AC 16MM 70MM	UN	12194	F3	Utilização livre depósito CUST	1,49	18169,06
GA02	2G-01-06A	801081	MANILHA SAPATILHA 6800KGF	UN	787	F3	Utilização livre depósito CUST	25,93	20406,91
GA02	2G-01-06B	802214	CHAVE SEC MONOP FACA 15KV 630A C/TER CUN	UN	57	F3	Utilização livre depósito CUST	402,5	22942,5
GA02	2G-01-06C	800064	CHAVE SEC 1P 36,2KV 400A 34,5KV	UN	17	F3	Utilização livre depósito CUST	238,24	4050,08
GA02	2G-01-06C	800595	LACO LATERAL DUPLO 4/0AWG	UN	1200	F3	Utilização livre depósito CUST	3,22	3864
GA02	2G-01-07A	800119	PARAFUSO CAB QD AC 16MM 225MM 300MM	UN	8	F3	Utilização livre depósito CUST	12,74	101,92
GA02	2G-01-07A	800496	MANILHA SAPATILHA 5000DAN	UN	633	F3	Utilização livre depósito CUST	23,63	14957,79
GA02	2G-01-07B	800515	ISOLADOR ANCOR POLIM 15KV 5000DAN	UN	842	F3	Utilização livre depósito CUST	37,61	31667,62
GA02	2G-01-07C	800515	ISOLADOR ANCOR POLIM 15KV 5000DAN	UN	1000	F3	Utilização livre depósito CUST	37,61	37610
GA02	2G-01-07D	800515	ISOLADOR ANCOR POLIM 15KV 5000DAN	UN	1000	F3	Utilização livre depósito CUST	37,61	37610
GA02	2G-01-08A	801178	ARMACAO SEC PRESB 1EST 4,2MM ACO	UN	1794	F3	Utilização livre depósito CUST	13,75	24667,5
GA02	2G-01-08B	403875	PORTA-FUSIVEL 15KV 100A	UN	1120	L2	Utilização livre depósito INVT	107,97	120926,4
GA02	2G-01-08B	800959	PORTA-FUSIVEL 15KV 100A	UN	13	F3	Utilização livre depósito CUST	109,46	1422,98
GA02	2G-01-08C	800959	PORTA-FUSIVEL 15KV 100A	UN	1446	F3	Utilização livre depósito CUST	109,46	158279,16
GA02	2G-01-08D	800654	PARA-RAIO DISTRIB POL 12KV 10KA S/CENT	UN	336	F3	Utilização livre depósito CUST	151,65	50954,4
GA02	2G-01-09A	800944	ISOLADOR RODL PORC 15KV 81X47MM 1350DAN	UN	4748	F3	Utilização livre depósito CUST	9,13	43349,24
GA02	2G-01-09B	801240	CONECTOR PERF AL 25-185MM2 / 1,5-35MM2	UN	1725	F3	Utilização livre depósito CUST	72,64	125304
GA02	2G-01-09C	801240	CONECTOR PERF AL 25-185MM2 / 1,5-35MM2	UN	1775	F3	Utilização livre depósito CUST	72,64	128936
GA02	2G-01-09D	801240	CONECTOR PERF AL 25-185MM2 / 1,5-35MM2	UN	1875	F3	Utilização livre depósito CUST	72,64	136200
GA02	2G-01-10A	800262	CHAVE FUSIVEL INDIC 15KV 200A/95KV BUC	UN	11	F3	Utilização livre depósito CUST	404,88	4453,68
GA02	2G-01-10A	800654	PARA-RAIO DISTRIB POL 12KV 10KA S/CENT	UN	76	F3	Utilização livre depósito CUST	151,65	11525,4
GA02	2G-01-10B	800337	EMENDA PREF COND AL 4/0AWG AM 1295MM	UN	249	F3	Utilização livre depósito CUST	70,17	17472,33
GA02	2G-01-10B	800623	LACO PLAST TOP ISOL 57MM CAB 120 MM 15KV	UN	108	F3	Utilização livre depósito CUST	19,57	2113,56
GA02	2G-01-10D	800654	PARA-RAIO DISTRIB POL 12KV 10KA S/CENT	UN	240	F3	Utilização livre depósito CUST	151,65	36396
GA02	2G-01-11A	401632	LACRE SEG MET 11DIG BR	UN	18649	L2	Utilização livre depósito INVT	2,21	41214,29
GA02	2G-01-11A	405382	MED IN 3E 4F 120 240V 10A TB GD DF C	UN	62	L2	Utilização livre depósito INVT	1903,46	118014,52
GA02	2G-01-11B	401753	ALCA PREFORM DIST CAA/CA 1/0AWG 50MM2	UN	1	L2	Utilização livre depósito INVT	8,86	8,86
GA02	2G-01-11B	405382	MED IN 3E 4F 120 240V 10A TB GD DF C	UN	160	L2	Utilização livre depósito INVT	1903,46	304553,6
GA02	2G-01-11C	405382	MED IN 3E 4F 120 240V 10A TB GD DF C	UN	320	L2	Utilização livre depósito INVT	1903,46	609107,2
GA02	2G-01-12A	400937	MED EL 2E 3F 120V 120A GD B	UN	244	L2	Utilização livre depósito INVT	100,54	24531,76
GA02	2G-01-12A	402824	MED EL 1E 2F 120V 100A GD B	UN	156	L2	Utilização livre depósito INVT	58,07	9058,92
GA02	2G-01-12B	400909	MED EL 1E 3F 240V 100A TB GD B	UN	35	L2	Utilização livre depósito INVT	82,25	2878,75
GA02	2G-01-12B	402816	MED IN 3E 4F 120 240V 10A TB GD C	UN	63	L2	Utilização livre depósito INVT	830,3	52308,9
GA02	2G-01-12B	404112	MED IN 1E 2F 120 240V 120A TB QE GD B	UN	282	L2	Utilização livre depósito INVT	350,08	98722,56
GA02	2G-01-12B	404115	MED IN 3E 4F 120 240V 120A TB QE GD B	UN	26	L2	Utilização livre depósito INVT	714,85	18586,1
GA02	2G-01-12B	408749	MEDIDOR INT 3F 3EL 4FIO 120-220V 15/120A	UN	10	L2	Utilização livre depósito INVT	752,47	7524,7
GA02	2G-01-13A	402407	TRAFO CRTE 0,6KV;200-5A 0,3C12,5 JANELA	UN	53	L2	Utilização livre depósito INVT	575,55	30504,15
GA02	2G-01-13A	409793	TRAFO POTENCIAL 13,8KV/RAIZ3-115V/0,3P75	UN	10	L2	Utilização livre depósito INVT	4316,63	43166,3
GA02	2G-01-13B	404114	MED IN 2E 3F 120 240V 120A TB QE GD B	UN	66	L2	Utilização livre depósito INVT	546,21	36049,86
GA02	2G-01-13B	407439	MED IN 1E 2F 120 240V 100A TB GD B	UN	162	L2	Utilização livre depósito INVT	658,29	106642,98
GA02	2G-01-14A	400292	TRAFO CRTE 0,6KV;300-5A 0,3C12,5 JANELA	UN	160	L2	Utilização livre depósito INVT	408,64	65382,4
GA02	2G-01-14A	401685	TRAFO CRTE 0,6KV;600-5A 0,3C12,5 JANELA	UN	144	L2	Utilização livre depósito INVT	410,87	59165,28
GA02	2G-01-14B	400183	MED EL 2E 3F 120V 120A TB GD B	UN	41	L2	Utilização livre depósito INVT	303,43	12440,63
GA02	2G-01-14B	407443	MOSTRADOR REMOTO MEDIDORES 1003 AC/BAT	UN	155	L2	Utilização livre depósito INVT	795,59	123316,45
GA02	2G-01-14C	804287	DISJUNTOR ELETROMAG 380VCA 1F 32A 10KA	UN	3	F3	Utilização livre depósito CUST	6,6	19,8
GA02	2G-01-14C	805413	DISJUNTOR TERM 3P 40A 240/380VCA	UN	148	F3	Utilização livre depósito CUST	31,06	4596,88
GA02	2G-01-14C	805414	DISJUNTOR TERM 3P 50A 127/220VCA	UN	131	F3	Utilização livre depósito CUST	33,52	4391,12
GA02	2G-01-14D	402824	MED EL 1E 2F 120V 100A GD B	UN	1706	L2	Utilização livre depósito INVT	58,07	99067,42
GA02	2G-01-15A	400041	TRAFO CRTE 0,6KV100-5A	UN	43	L2	Utilização livre depósito INVT	173,28	7451,04
GA02	2G-01-15A	401356	TRAFO CRTE 15KV; 15-5A; 0,3C12,5 BARRA	UN	6	L2	Utilização livre depósito INVT	1448,53	8691,18
GA02	2G-01-15A	404113	MED IN 1E 3F 240V 120A TB QE GD B	UN	67	L2	Utilização livre depósito INVT	433,82	29065,94
GA02	2G-01-15B	110130	DISJUNTOR TERM 2P 400V 25A	UN	3	F3	Utilização livre depósito CUST	33,33	99,99
GA02	2G-01-15B	110164	DISJUNTOR TERM 2P 380V 10A 60HZ	UN	1	F3	Utilização livre depósito CUST	0,01	0,01
GA02	2G-01-15B	110253	DISJUNTOR NEMA BIPOLAR 20A	UN	20	F3	Utilização livre depósito CUST	16,02	320,4
GA02	2G-01-15B	110401	DISJUNTOR 1P 380VCA 40A	UN	81	F3	Utilização livre depósito CUST	5,24	424,44
GA02	2G-01-15B	110494	DISJUNTOR 1P 16A 230/400VCA CURVA C	UN	2	F3	Utilização livre depósito CUST	30,16	60,32
GA02	2G-01-15B	110595	DISJUNTOR 2P 380VCA 50A	UN	3	F3	Utilização livre depósito CUST	20,02	60,06
GA02	2G-01-15B	110630	DISJUNTOR 1P 380VCA 10A	UN	33	F3	Utilização livre depósito CUST	4,45	146,85
GA02	2G-01-15B	403327	DISJUNTOR 2P 127/220V 400VCA 32A	UN	212	L2	Utilização livre depósito INVT	16,2	3434,4
GA02	2G-01-15B	403371	DISJUNTOR 3P 127/220V 400VCA 40A	UN	49	L2	Utilização livre depósito INVT	24,48	1199,52
GA02	2G-01-15B	805413	DISJUNTOR TERM 3P 40A 240/380VCA	UN	8	F3	Utilização livre depósito CUST	31,06	248,48
GA02	2G-01-15C	402675	CHAVE AFERICAO SOBREPOR 6P CORR/4P TENS	UN	373	L2	Utilização livre depósito INVT	342,19	127636,87
GA02	2G-01-15C	801786	CHAVE AFERICAO SOBREPOR 6P CORR/4P TENS	UN	244	F3	Utilização livre depósito CUST	342,19	83494,36
GA02	2G-01-15E	402824	MED EL 1E 2F 120V 100A GD B	UN	1712	L2	Utilização livre depósito INVT	58,07	99415,84
GA02	2G-01-16A	400069	TRAFO CRTE 15KV; 5-5A; 0,3C12,5 BARRA	UN	1	L2	Utilização livre depósito INVT	1494,54	1494,54
GA02	2G-01-16A	401771	TRAFO CRTE 15KV; 60-5A; 0,3C12,5 BARRA	UN	22	L2	Utilização livre depósito INVT	1353,32	29773,04
GA02	2G-01-16A	803440	ENVELOPE DE PLAST COM FECHO DE SEG	UN	80	F3	Utilização livre depósito CUST	4,79	383,2
GA02	2G-01-16B	400074	TRAFO CRTE 15KV; 150-5A; 0,3C12,5 BARRA	UN	6	L2	Utilização livre depósito INVT	1584,83	9508,98
GA02	2G-01-16B	401226	TRAFO CRTE 0,6KV; 200-5A; 0,3C2,5 INT	UN	1	L2	Utilização livre depósito INVT	425,45	425,45
GA02	2G-01-16B	401308	TRAFO CRTE 15KV; 10-5A; 0,3C12,5 BARRA	UN	25	L2	Utilização livre depósito INVT	1440,74	36018,5
GA02	2G-01-16B	404613	TRAFO CRTE 15KV; 40-5A; 0,3C12,5 BARRA	UN	17	L2	Utilização livre depósito INVT	1184,19	20131,23
GA02	2G-01-16C	403513	ENVELOPE DE PLAST COM FECHO DE SEG	UN	4842	L2	Utilização livre depósito INVT	4,99	24161,58
GA02	2G-02-01A	800965	PARAFUSO OLH AC 5/8P 800MM	UN	194	F3	Utilização livre depósito CUST	23,35	4529,9
GA02	2G-02-01A	800982	PARAFUSO OLHAL AC 5/8P 20P	UN	23	F3	Utilização livre depósito CUST	24,69	567,87
GA02	2G-02-01B	800596	LACO DISTRIBUICAO PREF CAA 1/0AWG	UN	199	F3	Utilização livre depósito CUST	2,13	423,87
GA02	2G-02-01B	801857	CONTROLADOR REGULADOR TENSAO CTR 2 ITB	UN	14	F3	Utilização livre depósito CUST	4585,56	64197,84
GA02	2G-02-01B	802164	BUCHA C/ARRUELA PVC 1.1/2P	UN	274	F3	Utilização livre depósito CUST	0	0
GA02	2G-02-01B	803072	BUCHA PVC DIAMETRO  1 POL  COM ARRUELA	UN	3700	F3	Utilização livre depósito CUST	1,36	5032
GA02	2G-02-01B	803177	ABRACADEIRA TIPO U  1 1/2P	UN	271	F3	Utilização livre depósito CUST	0,01	2,71
GA02	2G-02-01B	803367	EMENDA PREF COND AL 2/0 AWG 1016MM	UN	233	F3	Utilização livre depósito CUST	34,15	7956,95
GA02	2G-02-01C	800595	LACO LATERAL DUPLO 4/0AWG	UN	445	F3	Utilização livre depósito CUST	3,22	1432,9
GA02	2G-02-01C	801228	LACO PREF TOPO CAA/CA 4/0AWG VM	UN	1652	F3	Utilização livre depósito CUST	2,03	3353,56
GA02	2G-02-01D	800616	LACO LATERAL PREF CAA E CA 1/0AWG DUPLO	UN	2000	F3	Utilização livre depósito CUST	4,86	9720
GA02	2G-02-01E	800254	BRACO ANTIBALANCO PA PT 15KV 320MM	UN	410	F3	Utilização livre depósito CUST	14,46	5928,6
GA02	2G-02-01E	800595	LACO LATERAL DUPLO 4/0AWG	UN	1200	F3	Utilização livre depósito CUST	3,22	3864
GA02	2G-02-02A	801225	PARAFUSO OLH AC 5/8P 24P	UN	407	F3	Utilização livre depósito CUST	29,31	11929,17
GA02	2G-02-02A	805173	PARAFUSO CAB QD AC 12MM 350MM	UN	335	F3	Utilização livre depósito CUST	17,26	5782,1
GA02	2G-02-02B	800226	ALCA PREFORM SERV CA 16MM2 305MM	UN	75	F3	Utilização livre depósito CUST	2,8	210
GA02	2G-02-02B	800254	BRACO ANTIBALANCO PA PT 15KV 320MM	UN	28	F3	Utilização livre depósito CUST	14,46	404,88
GA02	2G-02-02B	800494	LACO PREF ROLD CA 1/0AWG LJ	UN	249	F3	Utilização livre depósito CUST	2,63	654,87
GA02	2G-02-02B	801203	ALCA PREFORM SERV 10MM2 3,7-4,1MM2	UN	235	F3	Utilização livre depósito CUST	1,65	387,75
GA02	2G-02-02B	801849	ESTICADOR P/CABO ACO 5/16P	UN	81	L2	Utilização livre depósito INVT	0,01	0,81
GA02	2G-02-02B	803368	EMENDA PREF COND AL 1/0 AWG 965MM	UN	55	F3	Utilização livre depósito CUST	29,49	1621,95
GA02	2G-02-02C	800779	ALCA PREFORM DIST CAA 336,4MCM VERDE	UN	225	F3	Utilização livre depósito CUST	22,74	5116,5
GA02	2G-02-02C	802180	EMENDA PREF CA 2/0AWG 7F AM	UN	334	F3	Utilização livre depósito CUST	20,81	6950,54
GA02	2G-02-02D	800494	LACO PREF ROLD CA 1/0AWG LJ	UN	1350	F3	Utilização livre depósito CUST	2,63	3550,5
GA02	2G-02-02D	800614	LACO LATERAL DUPLO CA 2AWG	UN	3052	F3	Utilização livre depósito CUST	3,9	11902,8
GA02	2G-02-02E	800614	LACO LATERAL DUPLO CA 2AWG	UN	900	F3	Utilização livre depósito CUST	3,9	3510
GA02	2G-02-02E	800779	ALCA PREFORM DIST CAA 336,4MCM VERDE	UN	500	F3	Utilização livre depósito CUST	22,74	11370
GA02	2G-02-03A	800216	ARRUELA QD 5/8P	UN	40	F3	Utilização livre depósito CUST	1,53	61,2
GA02	2G-02-03A	801047	ARRUELA LIS QD AC 17MM 11/16 57X57MM 5MM	UN	1689	F3	Utilização livre depósito CUST	2,87	4847,43
GA02	2G-02-03A	801206	GANCHO SUSP OLHAL AC 18MM 11000KGF	UN	950	F3	Utilização livre depósito CUST	33,68	31996
GA02	2G-02-03B	800360	GRAMPO ANCOR CUNHA AL 50MM2 400DAN	UN	350	F3	Utilização livre depósito CUST	32,56	11396
GA02	2G-02-03B	800614	LACO LATERAL DUPLO CA 2AWG	UN	126	F3	Utilização livre depósito CUST	3,9	491,4
GA02	2G-02-03B	801039	ALCA PREFORM SERV 50MM2 45MM2	UN	40	F3	Utilização livre depósito CUST	7,41	296,4
GA02	2G-02-03C	800262	CHAVE FUSIVEL INDIC 15KV 200A/95KV BUC	UN	132	F3	Utilização livre depósito CUST	404,88	53444,16
GA02	2G-02-03D	800077	CONECTOR COMP DER 1/0-4/0AWG 9,4-14,3	UN	9919	F3	Utilização livre depósito CUST	1,52	15076,88
GA02	2G-02-03E	800505	LACO PREF TOPO DUPLO CA 336,4MCM VM	UN	3294	F3	Utilização livre depósito CUST	2,18	7180,92
GA02	2G-02-04A	800528	PARAFUSO OLH AC 5/8P 650MM	UN	494	F3	Utilização livre depósito CUST	28,31	13985,14
GA02	2G-02-04A	800963	PARAFUSO CAB QD MAQ AC 5/8X20P	UN	1981	F3	Utilização livre depósito CUST	20,16	39936,96
GA02	2G-02-04B	800427	BRACO C/GRAMPO SUSPE SECU 500DAN	UN	90	F3	Utilização livre depósito CUST	41,44	3729,6
GA02	2G-02-04B	800767	CAPA PROTETORA CONEC CUNHA 15KV AZ/BR	UN	518	F3	Utilização livre depósito CUST	23,06	11945,08
GA02	2G-02-04B	800774	TERMINAL PINO TUBULAR 2,5MM2	UN	271	F3	Utilização livre depósito CUST	0,23	62,33
GA02	2G-02-04B	800917	LACO PREF CA 2AWG PESC 57MM PURPURA	UN	248	F3	Utilização livre depósito CUST	3,5	868
GA02	2G-02-04C	800061	CARTUCHO PLA P/CUNHA VM FEST CALIB 20	UN	134	F3	Utilização livre depósito CUST	1,15	154,1
GA02	2G-02-05A	400512	CONECTOR DER CUNHA AL 1/0AWG 336,4MCM	UN	31	L2	Utilização livre depósito INVT	16,3	505,3
GA02	2G-02-05A	800118	PARAFUSO CAB QD AC 16MM 500MM	UN	1280	F3	Utilização livre depósito CUST	17,15	21952
GA02	2G-02-05A	800536	PARAFUSO MAQ CAB QD AC 5/8X24P	UN	990	F3	Utilização livre depósito CUST	23,13	22898,7
GA02	2G-02-05B	800600	LACO DISTRIBUICAO PREF CAA 2/0AWG AC	UN	1001	F3	Utilização livre depósito CUST	1,43	1431,43
GA02	2G-02-05B	800897	ALCA PREFORM 6,4MM 1/4P AM 1219MM	UN	102	F3	Utilização livre depósito CUST	6,08	620,16
GA02	2G-02-05B	801170	CARTUCHO PLA P/CUNHA AM FEST CALIB 20	UN	362	F3	Utilização livre depósito CUST	2,6	941,2
GA02	2G-02-05D	800817	CHAVE FUSIVEL DIST 15KV 100A/10KA PORC	UN	66	F3	Utilização livre depósito CUST	331,63	21887,58
GA02	2G-02-05E	800817	CHAVE FUSIVEL DIST 15KV 100A/10KA PORC	UN	132	F3	Utilização livre depósito CUST	331,63	43775,16
GA02	2G-02-06A	800116	PARAFUSO CAB ABA AC 16MM 150MM	UN	856	F3	Utilização livre depósito CUST	5,84	4999,04
GA02	2G-02-06A	800922	PARAFUSO CAB QD AC 16MM 450MM	UN	2	F3	Utilização livre depósito CUST	14,41	28,82
GA02	2G-02-06B	801028	ALCA PREFORM SERV 16MM2 5,0-5,7MM2	UN	305	F3	Utilização livre depósito CUST	1,95	594,75
GA02	2G-02-06B	802405	ALCA PREFORM 6,4MM 1/4P AM 635MM	UN	163	F3	Utilização livre depósito CUST	8,35	1361,05
GA02	2G-02-06B	803507	EMENDA PREF AC 5/16 1067MM	UN	40	F3	Utilização livre depósito CUST	478,16	19126,4
GA02	2G-02-06C	400422	CARTUCHO PLA P/CUNHA AM FEST CALIB 20	UN	246	L2	Utilização livre depósito INVT	2,6	639,6
GA02	2G-02-06C	400815	CARTUCHO PLA P/CUNHA VM FEST CALIB 20	UN	4484	L2	Utilização livre depósito INVT	1,15	5156,6
GA02	2G-02-06C	805478	SEPARADOR FASE BT  4/0 AWG 700 MM	UN	58	F3	Utilização livre depósito CUST	15,59	904,22
GA02	2G-02-06D	800817	CHAVE FUSIVEL DIST 15KV 100A/10KA PORC	UN	132	F3	Utilização livre depósito CUST	331,63	43775,16
GA02	2G-02-06E	800817	CHAVE FUSIVEL DIST 15KV 100A/10KA PORC	UN	132	F3	Utilização livre depósito CUST	331,63	43775,16
GA02	2G-02-07A	800521	PARAFUSO CAB QD 16X400MM AC	UN	298	F3	Utilização livre depósito CUST	13,56	4040,88
GA02	2G-02-07A	801064	PARAFUSO CAB ABA AC 10MM 115MM	UN	14	F3	Utilização livre depósito CUST	1,73	24,22
GA02	2G-02-07A	801087	GANCHO OLHAL AC 17MM 5000KGF	UN	15	F3	Utilização livre depósito CUST	11,43	171,45
GA02	2G-02-07A	801313	PINO ISOLADOR AC 25X294X19MM	UN	13	F3	Utilização livre depósito CUST	28,5	370,5
GA02	2G-02-07A	801391	PARAFUSO CAB QD AC 16MM 2P 350MM	UN	57	F3	Utilização livre depósito CUST	9,21	524,97
GA02	2G-02-07B	402348	MINI DISJUNTOR 1P 25A 230/127VCA C	UN	217	L2	Utilização livre depósito INVT	7,18	1558,06
GA02	2G-02-07B	403040	DISJUNTOR ELETROMAG 380VCA 1F 32A 10KA	UN	428	L2	Utilização livre depósito INVT	5,78	2473,84
GA02	2G-02-07B	404411	DISJUNTOR MONOFASICO DE 10A	UN	110	L2	Utilização livre depósito INVT	8	880
GA02	2G-02-07B	804050	DISJUNTOR 2P 127/220V 400VCA 32A	UN	160	F3	Utilização livre depósito CUST	16,2	2592
GA02	2G-02-07D	800817	CHAVE FUSIVEL DIST 15KV 100A/10KA PORC	UN	132	F3	Utilização livre depósito CUST	331,63	43775,16
GA02	2G-02-07E	800817	CHAVE FUSIVEL DIST 15KV 100A/10KA PORC	UN	132	F3	Utilização livre depósito CUST	331,63	43775,16
GA02	2G-02-08A	800108	PARAFUSO CAB ABA AC 16MM 45MM	UN	198	F3	Utilização livre depósito CUST	4,37	865,26
GA02	2G-02-08A	800530	PARAFUSO OLH AC 16MM 5/8P 475MM	UN	63	F3	Utilização livre depósito CUST	33,26	2095,38
GA02	2G-02-08A	800536	PARAFUSO MAQ CAB QD AC 5/8X24P	UN	360	F3	Utilização livre depósito CUST	23,13	8326,8
GA02	2G-02-08B	403113	DISJUNTOR 1P 127/220V 400VCA 32A	UN	1352	L2	Utilização livre depósito INVT	7,8	10545,6
GA02	2G-02-08B	407229	DISJUNTORES BIPOLAR 20A	UN	4	L2	Utilização livre depósito INVT	23,05	92,2
GA02	2G-02-08B	408192	DISJUNTOR CAIXA MOLDADA 200A	UN	6	L2	Utilização livre depósito INVT	166,98	1001,88
GA02	2G-02-08B	409826	DISJUNTOR 3P 380VCA 100A	UN	6	L2	Utilização livre depósito INVT	62,45	374,7
GA02	2G-02-08B	804881	DISJUNTOR 1P 127/220V 400VCA 32A	UN	2260	F3	Utilização livre depósito CUST	7,3	16498
GA02	2G-02-08B	804882	DISJUNTOR 3P 127/220V 400VCA 40A	UN	592	F3	Utilização livre depósito CUST	24,48	14492,16
GA02	2G-02-08E	800817	CHAVE FUSIVEL DIST 15KV 100A/10KA PORC	UN	132	F3	Utilização livre depósito CUST	331,63	43775,16
GA02	2G-02-09A	800929	PARAFUSO CAB QD AC 16MM 250MM	UN	119	F3	Utilização livre depósito CUST	12,92	1537,48
GA02	2G-02-09A	801256	PERFIL U AC 76X900MM REDE COMPACTA	UN	9	F3	Utilização livre depósito CUST	85,31	767,79
GA02	2G-02-09B	801154	LUVA EMENDA 185MM 251MM	UN	850	F3	Utilização livre depósito CUST	38,26	32521
GA02	2G-02-10E	403337	MED EL 3E 4F 120V 200A TB GD B	UN	256	L2	Utilização livre depósito INVT	1034,36	264796,16
GA02	2G-02-11A	402423	MED IN 3E 4F 67 120 240V 10A ACL D	UN	90	L2	Utilização livre depósito INVT	5286,96	475826,4
GA02	2G-02-11A	404112	MED IN 1E 2F 120 240V 120A TB QE GD B	UN	97	L2	Utilização livre depósito INVT	350,08	33957,76
GA02	2G-02-11A	408332	MED IN 3E 4F 67 120 240V 10A ACL DF D	UN	105	L2	Utilização livre depósito INVT	5709,39	599485,95
GA02	2G-02-11C	400937	MED EL 2E 3F 120V 120A GD B	UN	720	L2	Utilização livre depósito INVT	100,54	72388,8
GA02	2G-02-11D	403337	MED EL 3E 4F 120V 200A TB GD B	UN	255	L2	Utilização livre depósito INVT	1034,36	263761,8
GA02	2G-02-12A	402592	MED EL 3E 4F 120V 120A GD B	UN	532	L2	Utilização livre depósito INVT	121,43	64600,76
GA02	2G-02-12A	403337	MED EL 3E 4F 120V 200A TB GD B	UN	38	L2	Utilização livre depósito INVT	1034,36	39305,68
GA02	2G-02-12A	408332	MED IN 3E 4F 67 120 240V 10A ACL DF D	UN	23	L2	Utilização livre depósito INVT	5709,39	131315,97
GA02	2G-02-12B	403077	MED EL 3E 4F 120 240V 120A TB GD C	UN	237	L2	Utilização livre depósito INVT	546,18	129444,66
GA02	2G-02-12D	403337	MED EL 3E 4F 120V 200A TB GD B	UN	256	L2	Utilização livre depósito INVT	1034,36	264796,16
GA02	2G-02-13A	401356	TRAFO CRTE 15KV; 15-5A; 0,3C12,5 BARRA	UN	49	L2	Utilização livre depósito INVT	1448,53	70977,97
GA02	2G-02-13A	401678	TRAFO POT 13,8 3KV 115 REL70 1 0,3P75	UN	36	L2	Utilização livre depósito INVT	2532,42	91167,12
GA02	2G-02-13C	400937	MED EL 2E 3F 120V 120A GD B	UN	1344	L2	Utilização livre depósito INVT	100,54	135125,76
GA02	2G-02-13D	403337	MED EL 3E 4F 120V 200A TB GD B	UN	256	L2	Utilização livre depósito INVT	1034,36	264796,16
GA02	2G-02-14A	400069	TRAFO CRTE 15KV; 5-5A; 0,3C12,5 BARRA	UN	45	L2	Utilização livre depósito INVT	1494,54	67254,3
GA02	2G-02-14A	401678	TRAFO POT 13,8 3KV 115 REL70 1 0,3P75	UN	36	L2	Utilização livre depósito INVT	2532,42	91167,12
GA02	2G-02-15A	401678	TRAFO POT 13,8 3KV 115 REL70 1 0,3P75	UN	77	L2	Utilização livre depósito INVT	2532,42	194996,34
GA02	2G-02-15B	402824	MED EL 1E 2F 120V 100A GD B	UN	1728	L2	Utilização livre depósito INVT	58,07	100344,96
GA02	2G-02-15C	402824	MED EL 1E 2F 120V 100A GD B	UN	1800	L2	Utilização livre depósito INVT	58,07	104526
GA02	2G-02-15D	402824	MED EL 1E 2F 120V 100A GD B	UN	1800	L2	Utilização livre depósito INVT	58,07	104526
GA02	2G-02-16A	401308	TRAFO CRTE 15KV; 10-5A; 0,3C12,5 BARRA	UN	51	L2	Utilização livre depósito INVT	1440,74	73477,74
GA02	2G-02-16A	401992	TRAFO CRTE 0,6KV 400-5A; 0,3C12,5 BARRA	UN	163	L2	Utilização livre depósito INVT	408,64	66608,32
GA02	2G-02-16B	402824	MED EL 1E 2F 120V 100A GD B	UN	1712	L2	Utilização livre depósito INVT	58,07	99415,84
GA02	2G-02-16C	402824	MED EL 1E 2F 120V 100A GD B	UN	1712	L2	Utilização livre depósito INVT	58,07	99415,84
GA02	2G-02-16D	402824	MED EL 1E 2F 120V 100A GD B	UN	2000	L2	Utilização livre depósito INVT	58,07	116140
GA02	2G-03-02B	400054	TERMINAL ISOL  GARFO CABO 2,5MM2 - 5,2MM	UN	35	L2	Utilização livre depósito INVT	0,55	19,25
GA02	2G-03-02B	403712	LUVA EMENDA CB AL COB 50MM2	UN	52	L2	Utilização livre depósito INVT	6,71	348,92
GA02	2G-03-06B	801010	ELO FUSIVEL BOTAO DISTRIB H 3A 500MM	UN	31	F3	Utilização livre depósito CUST	5,79	179,49
GA02	2G-03-06B	801834	ELO FUSIVEL H 1A 500MM	UN	3396	F3	Utilização livre depósito CUST	5,79	19662,84
GA02	2G-03-06B	801955	ELO FUSIVEL DISTRIB H 2A 500MM	UN	168	F3	Utilização livre depósito CUST	5,88	987,84
GA02	2G-03-06C	801635	ELO FUSIVEL BOTAO K 65A 500MM	UN	5474	F3	Utilização livre depósito CUST	13,83	75705,42
GA02	2G-03-06D	401033	CONECTOR DER CUNHA ESTR AL 336,4MCM 2AWG	UN	46	L2	Utilização livre depósito INVT	22,48	1034,08
GA02	2G-03-07A	802249	CONECTOR CHAVE SEC 1P FACA CU 10-300MM2	UN	1341	F3	Utilização livre depósito CUST	218,67	293236,47
GA02	2G-03-07B	800894	ELO FUSIVEL BOTAO DISTRIB UN K 8A 500MM	UN	1703	F3	Utilização livre depósito CUST	6,18	10524,54
GA02	2G-03-07B	801352	ELO FUSIVEL BOTAO DISTRIB K 10A 500MM	UN	3	F3	Utilização livre depósito CUST	5,84	17,52
GA02	2G-03-07B	801375	ELO FUSIVEL BOTAO DISTRIB H 5A 500MM	UN	156	F3	Utilização livre depósito CUST	5,7	889,2
GA02	2G-03-07B	801826	ELO FUSIVEL BOTAO K 6A 500MM	UN	179	F3	Utilização livre depósito CUST	5,7	1020,3
GA02	2G-03-07E	800859	ESTRIBO C/CONEC CUNHA NORM 25~35MM2	UN	988	F3	Utilização livre depósito CUST	20,15	19908,2
GA02	2G-03-08A	802249	CONECTOR CHAVE SEC 1P FACA CU 10-300MM2	UN	1536	F3	Utilização livre depósito CUST	218,67	335877,12
GA02	2G-03-08B	401071	CONECTOR DER CUNHA AL 10MM2-6AWG	UN	67	L2	Utilização livre depósito INVT	7,94	531,98
GA02	2G-03-08B	800717	GRAMPO LV OLHAL 18MM 10-120/10-70MM2	UN	184	F3	Utilização livre depósito CUST	70,92	13049,28
GA02	2G-03-08B	801303	ELO FUSIVEL BOTAO DISTRIB K 12A 500MM	UN	732	F3	Utilização livre depósito CUST	5,86	4289,52
GA02	2G-03-08C	801522	ELO FUSIVEL BOTAO K 80A 500MM	UN	725	F3	Utilização livre depósito CUST	14,78	10715,5
GA02	2G-03-08C	802213	ELO FUSIVEL K 30A 500MM	UN	1130	F3	Utilização livre depósito CUST	7,06	7977,8
GA02	2G-03-08D	803365	CONECTOR CUNHA  ESTRIBO 50MM2  70 MM2	UN	517	F3	Utilização livre depósito CUST	32,17	16631,89
GA02	2G-03-09A	800054	CONECTOR ATERR REFORÇ HAST/CAB 5/8-35MM2	UN	8759	F3	Utilização livre depósito CUST	19,5	170800,5
GA02	2G-03-09A	801135	PINO TOPO AC 25MM 389MM 2F 18X32MM	UN	497	F3	Utilização livre depósito CUST	11,42	5675,74
GA02	2G-03-09B	402087	ELO FUSIVEL BOTAO DISTRIB K 30A 500MM	UN	1450	L2	Utilização livre depósito INVT	6,82	9889
GA02	2G-03-09B	800344	FITA ISOL EPR 0,76X19MM 10M PT	UN	279	F3	Utilização livre depósito CUST	28,31	7898,49
GA02	2G-03-09B	800362	ELO FUSIVEL BOTAO DISTRIB K 30A 500MM	UN	2012	F3	Utilização livre depósito CUST	6,82	13721,84
GA02	2G-03-09B	800557	CONECTOR DER CUNHA ESTRIBO 336,4 MCM	UN	111	F3	Utilização livre depósito CUST	24,91	2765,01
GA02	2G-03-09B	800824	ELO FUSIVEL BOTAO DISTR K 40A 500MM	UN	1380	F3	Utilização livre depósito CUST	7,77	10722,6
GA02	2G-03-09B	801215	CONECTOR DER CU 13-34MM2	UN	233	F3	Utilização livre depósito CUST	10,79	2514,07
GA02	2G-03-09B	804883	ARRUELA QD AC 17,00MM 50,00MM 3,00MM	UN	750	F3	Utilização livre depósito CUST	1,78	1335
GA02	2G-03-09C	800280	CONECTOR COMP DER 4/0AWG 3/0-4/0AWG	UN	35	F3	Utilização livre depósito CUST	1,24	43,4
GA02	2G-03-09C	800445	CONECTOR DER CUNHA  2/0 1/0 2/0AWG	UN	210	F3	Utilização livre depósito CUST	6,45	1354,5
GA02	2G-03-09C	800880	CONECTOR PERF SIMP 6-35 / 6-35MM2	UN	1010	F3	Utilização livre depósito CUST	10,22	10322,2
GA02	2G-03-09C	800892	CONECTOR PERF SIMP 10-25 / 16-25MM2	UN	1290	F3	Utilização livre depósito CUST	7,54	9726,6
GA02	2G-03-09C	800906	CONECTOR DER CUNHA AL 2/0AWG 4/0AWG	UN	356	F3	Utilização livre depósito CUST	10,09	3592,04
GA02	2G-03-09C	803156	CONECTOR DERIV CUNHA 336,4MCM 1/0AWGM	UN	131	F3	Utilização livre depósito CUST	13,62	1784,22
GA02	2G-03-09D	801213	CONECTOR CUNHA AL 1/0;2 AWG 1/0;2/0AWG	UN	271	F3	Utilização livre depósito CUST	12,51	3390,21
GA02	2G-03-09D	801232	CONECTOR CUNHA AM AL 336,4MCM 336,4MCM	UN	1175	F3	Utilização livre depósito CUST	36,3	42652,5
GA02	2G-03-09D	803387	CONECTOR DER CUNHA 3364 C/ 3364 AL AZUL	UN	1350	F3	Utilização livre depósito CUST	13,08	17658
GA02	2G-03-10A	800630	ISOLADOR CAST PORC 13,8KV 90MM 3400DAN	UN	855	F3	Utilização livre depósito CUST	3,5	2992,5
GA02	2G-03-10A	800884	CONECTOR CUNHA LIGA AL AZ 120MM2 4/0AWG	UN	3581	F3	Utilização livre depósito CUST	12,63	45228,03
GA02	2G-03-10B	800291	CONECTOR DER CUNHA AL 1/0AWG 4/0AWG	UN	432	F3	Utilização livre depósito CUST	10,96	4734,72
GA02	2G-03-10B	800822	CONECTOR CUNHA ESTRIBO 1/0 2/0 4/0 AWG	UN	437	F3	Utilização livre depósito CUST	22,94	10024,78
GA02	2G-03-10B	800825	CONECTOR PARAL AL 1/0AWG	UN	2983	F3	Utilização livre depósito CUST	6,16	18375,28
GA02	2G-03-10B	800852	FITA ISOLANTE ELET PVC 19X0,19MM 20M PT	UN	417	F3	Utilização livre depósito CUST	19,1	7964,7
GA02	2G-03-10D	800905	CONECTOR DER CUNHA AL 4-2AWG 2AWG	UN	1232	F3	Utilização livre depósito CUST	8,72	10743,04
GA02	2G-03-10D	802858	CONECTOR DER CUNHA AZ AL 336,4MCM 1/0AWG	UN	1335	F3	Utilização livre depósito CUST	12,41	16567,35
GA02	2G-03-10E	800822	CONECTOR CUNHA ESTRIBO 1/0 2/0 4/0 AWG	UN	1250	F3	Utilização livre depósito CUST	22,94	28675
GA02	2G-03-10E	804115	CAIXA PARA MEDIDOR POLIFASICA VIS. VIDRO	UN	154	F3	Utilização livre depósito CUST	63,31	9749,74
GA02	2G-03-11A	800034	CONECTOR TORQ EMENDA TRIFASICA 35MM2	UN	14	F3	Utilização livre depósito CUST	3,26	45,64
GA02	2G-03-11A	800944	ISOLADOR RODL PORC 15KV 81X47MM 1350DAN	UN	3360	F3	Utilização livre depósito CUST	9,13	30676,8
GA02	2G-03-11B	800077	CONECTOR COMP DER 1/0-4/0AWG 9,4-14,3	UN	305	F3	Utilização livre depósito CUST	1,52	463,6
GA02	2G-03-11B	800564	CONECTOR DER AL 1/0-4/0AWG 1/0-4/0AWG	UN	120	F3	Utilização livre depósito CUST	8,27	992,4
GA02	2G-03-11B	801098	ESTRIBO C/CONEC CUNHA 120-185MM2	UN	198	F3	Utilização livre depósito CUST	33,08	6549,84
GA02	2G-03-11B	801125	CONECTOR CUN ESTRIBO 1/0 2/0AWG C/ CARTU	UN	119	F3	Utilização livre depósito CUST	34,37	4090,03
GA02	2G-03-11B	801182	CONECTOR CUNHA AL 2AWG	UN	1438	F3	Utilização livre depósito CUST	3,89	5593,82
GA02	2G-03-11B	802138	FITA ISOL ELET 19MMX20M 0,19MM VM	UN	58	F3	Utilização livre depósito CUST	53,44	3099,52
GA02	2G-03-11B	802141	FITA ISOL ELET 19MMX20M 0,19MM AZ	UN	70	F3	Utilização livre depósito CUST	53,44	3740,8
GA02	2G-03-11B	802158	FITA ISOL ELET 19MMX20M 0,19MM BR	UN	70	F3	Utilização livre depósito CUST	53,44	3740,8
GA02	2G-03-11C	800813	CONECTOR DER CUNH AZ AL 2/0 4/0 336,4MCM	UN	447	F3	Utilização livre depósito CUST	13,22	5909,34
GA02	2G-03-11C	800848	ELO FUSIVEL BOTAO DISTRIB K 100A 500MM	UN	1917	F3	Utilização livre depósito CUST	15,53	29771,01
GA02	2G-03-11C	802703	ABRACADEIRA 1P	UN	2193	F3	Utilização livre depósito CUST	0	0
GA02	2G-03-11C	804573	LUVA DE EMENDA TORQUIMÉTRICO 185MM2	UN	309	F3	Utilização livre depósito CUST	317	97953
GA02	2G-03-11D	800852	FITA ISOLANTE ELET PVC 19X0,19MM 20M PT	UN	2547	F3	Utilização livre depósito CUST	19,1	48647,7
GA02	2G-03-11D	800876	CONECTOR DER CUNHA ESTRIBO 4/0AWG	UN	190	F3	Utilização livre depósito CUST	22,13	4204,7
GA02	2G-03-11D	801011	CONECTOR CU PARAF FEND CAB ATERR 10-95MM	UN	522	F3	Utilização livre depósito CUST	18,52	9667,44
GA02	2G-03-11D	801109	ESTRIBO NORMAL CU EST 2 4AWG	UN	40	F3	Utilização livre depósito CUST	5,81	232,4
GA02	2G-03-11D	803379	CONECTOR PERF SIMPLES 10-35/DR 25-35MM²	UN	658	F3	Utilização livre depósito CUST	5,79	3809,82
GA02	2G-03-11E	804115	CAIXA PARA MEDIDOR POLIFASICA VIS. VIDRO	UN	192	F3	Utilização livre depósito CUST	63,31	12155,52
GA02	2G-03-12A	800889	CONECTOR PARAL AL 4/0AWG 1/0AWG	UN	5364	F3	Utilização livre depósito CUST	19,66	105456,24
GA02	2G-03-12B	800287	CONECTOR DER CUNHA AL 10MM2-6AWG	UN	400	F3	Utilização livre depósito CUST	7,94	3176
GA02	2G-03-12B	800364	CONECTOR PARAF FEND DER CU 2,5-70MM²	UN	51	F3	Utilização livre depósito CUST	13,89	708,39
GA02	2G-03-12B	801182	CONECTOR CUNHA AL 2AWG	UN	1710	F3	Utilização livre depósito CUST	3,89	6651,9
GA02	2G-03-12B	801373	CONECTOR PARAL AL 10AWG-1/0AWG	UN	560	F3	Utilização livre depósito CUST	9,18	5140,8
GA02	2G-03-12B	802260	CONECTOR DER CUNHA 336MCM 2/0AWG	UN	73	F3	Utilização livre depósito CUST	8,74	638,02
GA02	2G-03-12B	802301	ABRACADEIRA NYLON 2,5MMX108MM	UN	200	F3	Utilização livre depósito CUST	1,2	240
GA02	2G-03-12B	802860	CONECTOR DER CUNHA AZ AL 336,4MCM 2/0AWG	UN	23	F3	Utilização livre depósito CUST	7,73	177,79
GA02	2G-03-12B	803129	ABRACADEIRA NYLON 5MMX300MM	UN	100	F3	Utilização livre depósito CUST	0,41	41
GA02	2G-03-12B	803225	ABRACADEIRA NYLON 2,8MMX240MM	UN	150	F3	Utilização livre depósito CUST	0,06	9
GA02	2G-03-12B	803313	CONECTOR CUNHA AT 35MM2 E 25MM2 VM	UN	890	F3	Utilização livre depósito CUST	0,01	8,9
GA02	2G-03-12C	800202	ELO FUSIVEL BOTAO K 80A 500MM	UN	327	F3	Utilização livre depósito CUST	14,43	4718,61
GA02	2G-03-12C	801216	ELO FUSIVEL BOTAO DISTRIB K 50A 500MM	UN	2549	F3	Utilização livre depósito CUST	7,38	18811,62
GA02	2G-03-12C	801522	ELO FUSIVEL BOTAO K 80A 500MM	UN	1583	F3	Utilização livre depósito CUST	14,78	23396,74
GA02	2G-03-12D	800277	CONECTOR DER CU 4-1/0AWG	UN	21	F3	Utilização livre depósito CUST	1,22	25,62
GA02	2G-03-12D	800470	ABRACADEIRA PA 250X9,0X3,00MM	UN	1938	F3	Utilização livre depósito CUST	0,46	891,48
GA02	2G-03-12D	803864	CONECTOR PERF PRINC 16-120 DER 4-36 1AMP	UN	2143	F3	Utilização livre depósito CUST	31,44	67375,92
GA02	2G-03-12D	804292	PLACA PVC 1MM  DIMENSÃO 250MMX180MM	UN	989	F3	Utilização livre depósito CUST	23,17	22915,13
GA02	2G-03-12E	804115	CAIXA PARA MEDIDOR POLIFASICA VIS. VIDRO	UN	192	F3	Utilização livre depósito CUST	63,31	12155,52
GA02	2G-03-13A	801311	CONECTOR DER CUNHA AM AL 4/0AWG 336,4MCM	UN	2293	F3	Utilização livre depósito CUST	30,18	69202,74
GA02	2G-03-13B	801066	PINO ISOLADOR POLIMERICO AC 15KV 145MM	UN	13	F3	Utilização livre depósito CUST	36,58	475,54
GA02	2G-03-13B	801166	CONECTOR CUNHA AL 4/0(2) AWG	UN	6146	F3	Utilização livre depósito CUST	4,34	26673,64
GA02	2G-03-13C	800289	CONECTOR PARAL AL 10-2/0AWG (6-70MM2)	UN	2300	F3	Utilização livre depósito CUST	7,38	16974
GA02	2G-03-13C	800448	CONECTOR DER CUNHA ESTR AL 336,4MCM 2AWG	UN	697	F3	Utilização livre depósito CUST	22,48	15668,56
GA02	2G-03-13D	801125	CONECTOR CUN ESTRIBO 1/0 2/0AWG C/ CARTU	UN	2650	F3	Utilização livre depósito CUST	34,37	91080,5
GA02	2G-03-13D	802215	ABRACADEIRA BAP 3 1200MMX381MM PARAF	UN	806	F3	Utilização livre depósito CUST	14,09	11356,54
GA02	2G-03-13E	804115	CAIXA PARA MEDIDOR POLIFASICA VIS. VIDRO	UN	192	F3	Utilização livre depósito CUST	63,31	12155,52
GA02	2G-03-14A	800569	TERMINAL CU CHAVE SEC  70-120MM2	UN	1331	F3	Utilização livre depósito CUST	154,83	206078,73
GA02	2G-03-14B	800070	CARTUCHO MET P/CUNHA AZ FEST CALIB 22	UN	8897	F3	Utilização livre depósito CUST	1,05	9341,85
GA02	2G-03-14B	800294	CONECTOR PARAL AL 1/0-4/0AWG ET-ELB	UN	2439	F3	Utilização livre depósito CUST	8,41	20511,99
GA02	2G-03-14B	800681	CARTUCHO MET P/CUNHA AM FEST CALIB 22	UN	3241	F3	Utilização livre depósito CUST	1,45	4699,45
GA02	2G-03-14B	801020	CARTUCHO FP MET P/CUNHA VM FEST CALIB 22	UN	19600	F3	Utilização livre depósito CUST	1,63	31948
GA02	2G-03-14B	801048	CONECTOR DER CUNHA AL 70MM2	UN	47	F3	Utilização livre depósito CUST	4,23	198,81
GA02	2G-03-14C	400142	GRAMPO LV OLHAL 18MM 10-120/10-70MM2	UN	600	F3	Utilização livre depósito CUST	70,91	42546
GA02	2G-03-14C	400505	CONECTOR CUNHA DE AL 2/0 (1/0) AWG	UN	256	L2	Utilização livre depósito INVT	11,85	3033,6
GA02	2G-03-14C	800274	CONECTOR CUNHA DE AL 2/0 (1/0) AWG	UN	2523	F3	Utilização livre depósito CUST	11,85	29897,55
GA02	2G-03-14D	800310	CONECTORES CUNHA 1/0AWG-50MM2 2AWG-25MM2	UN	1949	F3	Utilização livre depósito CUST	3,87	7542,63
GA02	2G-03-14D	802804	CONECTOR DER CU 4/0AWG	UN	419	F3	Utilização livre depósito CUST	15,6	6536,4
GA02	2G-03-14D	802892	LUVA EMENDA CB AL COB 50MM2	UN	1977	F3	Utilização livre depósito CUST	8,58	16962,66
GA02	2G-03-14D	803324	CONECTOR ATERR 35 A 95MM2	UN	188	F3	Utilização livre depósito CUST	17,36	3263,68
GA02	2G-03-14D	803865	CONECTOR PERF PRINC 16-120 DER 4-36 2AMP	UN	1573	F3	Utilização livre depósito CUST	48,78	76730,94
GA02	2G-03-14E	804115	CAIXA PARA MEDIDOR POLIFASICA VIS. VIDRO	UN	192	F3	Utilização livre depósito CUST	63,31	12155,52
GA02	2G-03-15E	804115	CAIXA PARA MEDIDOR POLIFASICA VIS. VIDRO	UN	192	F3	Utilização livre depósito CUST	63,31	12155,52
GA02	2G-03-16A	800360	GRAMPO ANCOR CUNHA AL 50MM2 400DAN	UN	328	F3	Utilização livre depósito CUST	32,56	10679,68
GA02	2G-03-16A	801164	PINO ISOLADOR POLIMERICO AC 15KV 200MM	UN	641	F3	Utilização livre depósito CUST	25,7	16473,7
GA02	2G-03-16A	803344	CONECTOR PERFUR 50-185MM MED TENSAO 15KV	UN	17	F3	Utilização livre depósito CUST	92,04	1564,68
GA02	2G-03-16B	803344	CONECTOR PERFUR 50-185MM MED TENSAO 15KV	UN	720	F3	Utilização livre depósito CUST	92,04	66268,8
GA02	2G-03-16C	803344	CONECTOR PERFUR 50-185MM MED TENSAO 15KV	UN	1440	F3	Utilização livre depósito CUST	92,04	132537,6
GA02	2G-03-16D	400937	MED EL 2E 3F 120V 120A GD B	UN	720	L2	Utilização livre depósito INVT	100,54	72388,8
GA02	2G-03-17A	800668	SAPATILHA CABO DE ACO 3/8P	UN	25517	F3	Utilização livre depósito CUST	2,84	72468,28
GA02	2G-03-17B	408995	GRAMPO ANCOR UNIVERSAL 35MM2 A 185MM2	UN	366	L2	Utilização livre depósito INVT	26,31	9629,46
GA02	2G-03-17B	804337	CONECTOR PERF 15KV 35-70/6,1MM ESTRIBO	UN	187	F3	Utilização livre depósito CUST	68,87	12878,69
GA02	2G-03-17B	804422	GRAMPO ANCOR UNIVERSAL 35MM2 A 185MM2	UN	227	F3	Utilização livre depósito CUST	26,31	5972,37
GA02	2G-03-17C	800654	PARA-RAIO DISTRIB POL 12KV 10KA S/CENT	UN	480	F3	Utilização livre depósito CUST	151,65	72792
GA02	2G-03-17D	400937	MED EL 2E 3F 120V 120A GD B	UN	720	L2	Utilização livre depósito INVT	100,54	72388,8
GA02	2G-03-18A	401937	SAPATILHA CABO DE ACO 3/8P	UN	17751	L2	Utilização livre depósito INVT	4,09	72601,59
GA02	2G-03-18C	800654	PARA-RAIO DISTRIB POL 12KV 10KA S/CENT	UN	480	F3	Utilização livre depósito CUST	151,65	72792
GA02	2G-03-18D	400937	MED EL 2E 3F 120V 120A GD B	UN	720	L2	Utilização livre depósito INVT	100,54	72388,8
GA02	2G-03-19A	401678	TRAFO POT 13,8 3KV 115 REL70 1 0,3P75	UN	36	L2	Utilização livre depósito INVT	2532,42	91167,12
GA02	2G-03-19A	401771	TRAFO CRTE 15KV; 60-5A; 0,3C12,5 BARRA	UN	23	L2	Utilização livre depósito INVT	1353,32	31126,36
GA02	2G-03-19A	800872	CONECTOR AUTO PERF DU 70-240 / 70-240MM2	UN	8	F3	Utilização livre depósito CUST	48,6	388,8
GA02	2G-03-19B	400655	GRAMPO ANCOR CUNHA AL 185MM2 400DAN	UN	586	L2	Utilização livre depósito INVT	42,56	24940,16
GA02	2G-03-19B	800341	GRAMPO ANCOR CUNHA AL 185MM2 400DAN	UN	656	F3	Utilização livre depósito CUST	37,3	24468,8
GA02	2G-03-19C	800654	PARA-RAIO DISTRIB POL 12KV 10KA S/CENT	UN	480	F3	Utilização livre depósito CUST	151,65	72792
GA02	2G-03-20A	401309	TRAFO CRTE 15KV; 20-5A; 0,3C12,5 BARRA	UN	32	L2	Utilização livre depósito INVT	1492,48	47759,36
GA02	2G-03-20A	401678	TRAFO POT 13,8 3KV 115 REL70 1 0,3P75	UN	18	L2	Utilização livre depósito INVT	2532,42	45583,56
GA02	2G-03-20A	800105	MANILHA AC 16MM 80MM 22MM 13500DAN	UN	87	F3	Utilização livre depósito CUST	36,87	3207,69
GA02	2G-03-20A	800239	ALCA PREFORM SERV CA 25MM2 330MM	UN	115	F3	Utilização livre depósito CUST	2,07	238,05
GA02	2G-03-20A	801240	CONECTOR PERF AL 25-185MM2 / 1,5-35MM2	UN	17	F3	Utilização livre depósito CUST	72,64	1234,88
GA02	2G-03-20A	803510	GRAMPO ANCORAGEM  CORDOALHA  5/16	UN	5	F3	Utilização livre depósito CUST	169,41	847,05
GA02	2G-03-20A	803558	GRAMPO TENSÃO 90° CORDOALHA  AÇO 5/16	UN	5	F3	Utilização livre depósito CUST	283,8	1419
GA02	2G-03-20B	800348	GRAMPO ANCOR CUNHA AL 35MM2 400DAN	UN	1200	F3	Utilização livre depósito CUST	18,18	21816
GA02	2G-03-20B	800352	ESTRIBO BRACO L-EST-01 FOFO 200DAN	UN	253	F3	Utilização livre depósito CUST	13,76	3481,28
GA02	2G-03-20C	800654	PARA-RAIO DISTRIB POL 12KV 10KA S/CENT	UN	480	F3	Utilização livre depósito CUST	151,65	72792
GA02	2G-03-20D	804115	CAIXA PARA MEDIDOR POLIFASICA VIS. VIDRO	UN	160	F3	Utilização livre depósito CUST	63,31	10129,6
GA02	2G-03-21A	401309	TRAFO CRTE 15KV; 20-5A; 0,3C12,5 BARRA	UN	32	L2	Utilização livre depósito INVT	1492,48	47759,36
GA02	2G-03-21A	401735	TRAFO CRTE 0,6KV;800-5A 0,3C12,5 JANELA	UN	78	L2	Utilização livre depósito INVT	408,64	31873,92
GA02	2G-03-21A	800215	ARRUELA LIS 3/8P 1119	UN	874	F3	Utilização livre depósito CUST	0,44	384,56
GA02	2G-03-21A	800223	ARRUELA QD 50X50X3MM 18MM AC	UN	1324	F3	Utilização livre depósito CUST	1,31	1734,44
GA02	2G-03-21A	801331	ESTRIBO BRACO L AC 200DAN	UN	83	F3	Utilização livre depósito CUST	23,18	1923,94
GA02	2G-03-21B	407126	TERMINAL COMP OLHAL BIMETÁLICO 35MM2	UN	354	L2	Utilização livre depósito INVT	22,79	8067,66
GA02	2G-03-21B	409258	TERMINAL A COMP OLHAL BIMETALICO 150MM2	UN	120	L2	Utilização livre depósito INVT	48,58	5829,6
GA02	2G-03-21B	409259	TERMINAL A COMP OLHAL BIMETALICO 185MM2	UN	120	L2	Utilização livre depósito INVT	86,1	10332
GA02	2G-03-21C	800654	PARA-RAIO DISTRIB POL 12KV 10KA S/CENT	UN	177	F3	Utilização livre depósito CUST	151,65	26842,05
GA02	2G-03-21D	804115	CAIXA PARA MEDIDOR POLIFASICA VIS. VIDRO	UN	192	F3	Utilização livre depósito CUST	63,31	12155,52
GA02	2G-04-00A	801400	HASTE ATERRAMENTO CI AC 14,3X2438MM	UN	3966	F3	Utilização livre depósito CUST	99,66	395251,56
GA02	2G-04-01A	400116	ISOLADOR PINO PORC VID 70KV 102X120MM	UN	11	L2	Utilização livre depósito INVT	24,75	272,25
GA02	2G-04-01A	401117	MAO-FRANCESA NORMAL AC 710X32X6,5MM	UN	3812	L2	Utilização livre depósito INVT	12,26	46735,12
GA02	2G-04-01B	400805	ELO FUSIVEL BOTAO DISTRIB H 5A 500MM	UN	962	L2	Utilização livre depósito INVT	5,5	5291
GA02	2G-04-01B	402265	ELO FUSIVEL BOTAO DISTRIB H 3A 500MM	UN	1	L2	Utilização livre depósito INVT	5,68	5,68
GA02	2G-04-01B	402660	ELO FUSIVEL DISTRIB H 2A 500MM	UN	394	L2	Utilização livre depósito INVT	5,82	2293,08
GA02	2G-04-01B	402733	ELO FUSIVEL H 1A 500MM	UN	2846	L2	Utilização livre depósito INVT	5,85	16649,1
GA02	2G-04-01C	402518	ELO FUSIVEL BOTAO K 80A 500MM	UN	4073	L2	Utilização livre depósito INVT	13,52	55066,96
GA02	2G-04-01C	403559	CONECTOR TIPO CUNHA  35MM  1/0 AWG	UN	2160	L2	Utilização livre depósito INVT	10,85	23436
GA02	2G-04-01D	800822	CONECTOR CUNHA ESTRIBO 1/0 2/0 4/0 AWG	UN	3500	F3	Utilização livre depósito CUST	22,94	80290
GA02	2G-04-01E	402307	CONECTOR PERF 4 SAÍDAS 25-240MM2/1,5-35M	UN	1750	L2	Utilização livre depósito INVT	71,29	124757,5
GA02	2G-04-02A	400546	CONECTOR PARAF 10-120MM2	UN	351	L2	Utilização livre depósito INVT	19,88	6977,88
GA02	2G-04-02A	402143	CONECTOR DER CUNHA 336,4MCM AL	UN	206	L2	Utilização livre depósito INVT	9,57	1971,42
GA02	2G-04-02B	400661	ELO FUSIVEL BOTAO DISTR K 40A 500MM	UN	14	L2	Utilização livre depósito INVT	7,69	107,66
GA02	2G-04-02B	400806	ELO FUSIVEL DISTRIB 30K 15KV 500MM	UN	44	L2	Utilização livre depósito INVT	6,64	292,16
GA02	2G-04-02B	402111	ELO FUSIVEL BOTAO DISTRIB UN K 8A 500MM	UN	1	L2	Utilização livre depósito INVT	5,23	5,23
GA02	2G-04-02B	402138	ELO FUSIVEL BOTAO DISTRIB K 100A 500MM	UN	476	L2	Utilização livre depósito INVT	15,28	7273,28
GA02	2G-04-02B	402686	ELO FUSIVEL BOTAO K 65A 500MM	UN	389	L2	Utilização livre depósito INVT	13,73	5340,97
GA02	2G-04-02B	402741	ELO FUSIVEL BOTAO K 6A 500MM	UN	782	L2	Utilização livre depósito INVT	9,14	7147,48
GA02	2G-04-02C	400527	CONECTOR DER CUNHA AL 4-2AWG 2AWG	UN	3200	L2	Utilização livre depósito INVT	8,29	26528
GA02	2G-04-02C	400547	CONECTOR PARAL CP 25 1/0-1/0 - 6-1/0 AWG	UN	2200	L2	Utilização livre depósito INVT	11,69	25718
GA02	2G-04-02D	401451	CONECTOR CUNHA ESTRIBO 1/0 2/0 4/0 AWG	UN	2100	L2	Utilização livre depósito INVT	23,65	49665
GA02	2G-04-02E	402307	CONECTOR PERF 4 SAÍDAS 25-240MM2/1,5-35M	UN	1750	L2	Utilização livre depósito INVT	71,29	124757,5
GA02	2G-04-03A	400867	LUVA EMENDA HASTE PROL 5/8PX70MM	UN	149	L2	Utilização livre depósito INVT	21,55	3210,95
GA02	2G-04-03A	401056	ELO FUSIVEL BOTAO DISTRIB K 10A 500MM	UN	544	L2	Utilização livre depósito INVT	5,75	3128
GA02	2G-04-03A	403182	CONECTOR CHAVE SEC 1P FACA CU 10-300MM2	UN	403	L2	Utilização livre depósito INVT	210,09	84666,27
GA02	2G-04-03B	402123	ELO FUSIVEL BOTAO DISTRIB K 12A 500MM	UN	300	L2	Utilização livre depósito INVT	5,86	1758
GA02	2G-04-03C	408344	ESPAÇADOR  POLIMÉRICO MONOFÁSICO 15KV	UN	249	L2	Utilização livre depósito INVT	73,18	18221,82
GA02	2G-04-03D	401451	CONECTOR CUNHA ESTRIBO 1/0 2/0 4/0 AWG	UN	3500	L2	Utilização livre depósito INVT	23,65	82775
GA02	2G-04-03E	402307	CONECTOR PERF 4 SAÍDAS 25-240MM2/1,5-35M	UN	1825	L2	Utilização livre depósito INVT	71,29	130104,25
GA02	2G-04-04A	400828	CONECTOR DER CUNHA AM AL 4/0AWG 336,4MCM	UN	3065	L2	Utilização livre depósito INVT	34,79	106631,35
GA02	2G-04-04C	400518	CONECTOR  CUNHA AL 1/0;2 AWG 1/0;2/0AWG	UN	1894	L2	Utilização livre depósito INVT	9,43	17860,42
GA02	2G-04-04D	401451	CONECTOR CUNHA ESTRIBO 1/0 2/0 4/0 AWG	UN	3840	L2	Utilização livre depósito INVT	23,65	90816
GA02	2G-04-04E	402307	CONECTOR PERF 4 SAÍDAS 25-240MM2/1,5-35M	UN	1725	L2	Utilização livre depósito INVT	71,29	122975,25
GA02	2G-04-05A	401568	CONECTOR COMP DER 4/0AWG 3/0-4/0AWG	UN	3517	L2	Utilização livre depósito INVT	1,24	4361,08
GA02	2G-04-05A	402117	ELO FUSIVEL BOTAO DISTRIB K 20A 500MM	UN	103	L2	Utilização livre depósito INVT	5,89	606,67
GA02	2G-04-05A	402716	CONECTOR DERIV CUNHA 336,4MCM 1/0AWGM	UN	85	L2	Utilização livre depósito INVT	13,61	1156,85
GA02	2G-04-05B	400545	CONECTOR PARAF FEND DER CU 2,5-70MM²	UN	1569	L2	Utilização livre depósito INVT	16,29	25559,01
GA02	2G-04-05B	407125	TERMINAL COMP OLHAL BIMETÁLICO 70MM2	UN	4460	L2	Utilização livre depósito INVT	25,9	115514
GA02	2G-04-05C	401568	CONECTOR COMP DER 4/0AWG 3/0-4/0AWG	UN	2400	L2	Utilização livre depósito INVT	1,24	2976
GA02	2G-04-05C	402934	CONECTOR PERF 4-70 MM2 PADRAO ENTRADA	UN	3921	L2	Utilização livre depósito INVT	7,41	29054,61
GA02	2G-04-05D	401451	CONECTOR CUNHA ESTRIBO 1/0 2/0 4/0 AWG	UN	3840	L2	Utilização livre depósito INVT	23,65	90816
GA02	2G-04-05E	402307	CONECTOR PERF 4 SAÍDAS 25-240MM2/1,5-35M	UN	1750	L2	Utilização livre depósito INVT	71,29	124757,5
GA02	2G-04-06A	400518	CONECTOR  CUNHA AL 1/0;2 AWG 1/0;2/0AWG	UN	915	L2	Utilização livre depósito INVT	9,43	8628,45
GA02	2G-04-06A	400543	CONECTOR CUNHA AZ AL 336,4MCM 336,4MCM	UN	2200	L2	Utilização livre depósito INVT	11,9	26180
GA02	2G-04-06A	402149	TERMINAL CU CHAVE SEC  70-120MM2	UN	69	L2	Utilização livre depósito INVT	140,68	9706,92
GA02	2G-04-06B	400142	GRAMPO LV OLHAL 18MM 10-120/10-70MM2	UN	460	L2	Utilização livre depósito INVT	70,91	32618,6
GA02	2G-04-06B	400790	CONECTOR ATERR REFORÇ HAST/CAB 5/8-35MM2	UN	1145	L2	Utilização livre depósito INVT	18,9	21640,5
GA02	2G-04-06B	401888	CONECTOR DER CUNHA ESTRIBO 4/0AWG	UN	836	L2	Utilização livre depósito INVT	30,38	25397,68
GA02	2G-04-06C	401568	CONECTOR COMP DER 4/0AWG 3/0-4/0AWG	UN	2400	L2	Utilização livre depósito INVT	1,24	2976
GA02	2G-04-06D	401451	CONECTOR CUNHA ESTRIBO 1/0 2/0 4/0 AWG	UN	3200	L2	Utilização livre depósito INVT	23,65	75680
GA02	2G-04-06E	402307	CONECTOR PERF 4 SAÍDAS 25-240MM2/1,5-35M	UN	1750	L2	Utilização livre depósito INVT	71,29	124757,5
GA02	2G-04-07A	401856	CONECTOR PARAL AL 1/0-4/0AWG ET-ELB	UN	934	L2	Utilização livre depósito INVT	28,29	26422,86
GA02	2G-04-07A	403860	CONECTOR DER CUNHA AZ AL 336,4MCM 1/0AWG	UN	170	L2	Utilização livre depósito INVT	9,27	1575,9
GA02	2G-04-07A	404084	ESPACADOR LOSANG CLASSE 15KV C/ GARRAS	UN	7	L2	Utilização livre depósito INVT	21,41	149,87
GA02	2G-04-07B	400008	TERMINAL COMPRESSAO CU 95MM	UN	30	L2	Utilização livre depósito INVT	140,25	4207,5
GA02	2G-04-07B	401489	ESTRIBO NORMAL CU EST 2 4AWG	UN	1468	L2	Utilização livre depósito INVT	5,81	8529,08
GA02	2G-04-07B	401755	ARRUELA RED ELET RIG AL 1P	UN	53	L2	Utilização livre depósito INVT	0,54	28,62
GA02	2G-04-07B	404157	PLACA PVC 1MM  DIMENSÃO 250MMX180MM	UN	3459	L2	Utilização livre depósito INVT	23,16	80110,44
GA02	2G-04-07B	404539	CONECTOR CU PARAF FEND CAB ATERR 35-95MM	UN	89	L2	Utilização livre depósito INVT	16,19	1440,91
GA02	2G-04-07B	404808	CONECTOR GRAMPO DUPLO ATERRA 5/8	UN	56	L2	Utilização livre depósito INVT	27,04	1514,24
GA02	2G-04-07B	404822	CONECTOR PARAFUSO FENDIDO KS 150MM	UN	5	L2	Utilização livre depósito INVT	20,51	102,55
GA02	2G-04-07C	404157	PLACA PVC 1MM  DIMENSÃO 250MMX180MM	UN	9940	L2	Utilização livre depósito INVT	23,16	230210,4
GA02	2G-04-07D	401451	CONECTOR CUNHA ESTRIBO 1/0 2/0 4/0 AWG	UN	3642	L2	Utilização livre depósito INVT	23,65	86133,3
GA02	2G-04-07E	402307	CONECTOR PERF 4 SAÍDAS 25-240MM2/1,5-35M	UN	1750	L2	Utilização livre depósito INVT	71,29	124757,5
GA02	2G-04-08A	400527	CONECTOR DER CUNHA AL 4-2AWG 2AWG	UN	265	L2	Utilização livre depósito INVT	8,29	2196,85
GA02	2G-04-08A	403377	FITA ISOL ELET 19MMX20M 0,19MM VD	UN	33	L2	Utilização livre depósito INVT	53,86	1777,38
GA02	2G-04-08A	407127	TERMINAL COMP OLHAL BIMETÁLICO 50MM2	UN	643	L2	Utilização livre depósito INVT	25,31	16274,33
GA02	2G-04-08A	407129	CONECTOR PARAF FENDIDO BIMETAL PFB-25	UN	10266	L2	Utilização livre depósito INVT	8,28	85002,48
GA02	2G-04-08B	402155	CONECTOR DER CUNHA AL 2AWG 336,4MCM	UN	157	L2	Utilização livre depósito INVT	10,1	1585,7
GA02	2G-04-08B	402185	CONECTOR DER CUNHA ESTRIBO 336,4 MCM	UN	229	L2	Utilização livre depósito INVT	41,08	9407,32
GA02	2G-04-08B	404805	CONECTOR ESTRIBO CUNHA 1/0-2/0AWG	UN	80	L2	Utilização livre depósito INVT	13,6	1088
GA02	2G-04-08C	402934	CONECTOR PERF 4-70 MM2 PADRAO ENTRADA	UN	6750	L2	Utilização livre depósito INVT	7,41	50017,5
GA02	2G-04-08C	407127	TERMINAL COMP OLHAL BIMETÁLICO 50MM2	UN	7300	L2	Utilização livre depósito INVT	25,31	184763
GA02	2G-04-08D	407127	TERMINAL COMP OLHAL BIMETÁLICO 50MM2	UN	16000	L2	Utilização livre depósito INVT	25,31	404960
GA02	2G-04-08E	402307	CONECTOR PERF 4 SAÍDAS 25-240MM2/1,5-35M	UN	1800	L2	Utilização livre depósito INVT	71,29	128322
GA02	2G-04-09A	400111	ISOLADOR CAST PORC 13,8KV 90MM 3400DAN	UN	453	L2	Utilização livre depósito INVT	3,49	1580,97
GA02	2G-04-09A	401323	TERMINAL PINO TUBULAR 120MM2	UN	1086	L2	Utilização livre depósito INVT	11,65	12651,9
GA02	2G-04-09A	405482	TERMINAL COMPRESSAO OLHAL ESTANHAD 95MM2	UN	929	L2	Utilização livre depósito INVT	11,74	10906,46
GA02	2G-04-09A	405493	TERMINAL TUBULAR CU ESTANHADO 70MM3	UN	2208	L2	Utilização livre depósito INVT	6,39	14109,12
GA02	2G-04-09A	409257	TERMINAL A COMP OLHAL BIMETALICO 120MM2	UN	172	L2	Utilização livre depósito INVT	46,79	8047,88
GA02	2G-04-09B	400507	CONECTOR PARAL AL 10-2/0AWG (6-70MM2)	UN	647	L2	Utilização livre depósito INVT	6,97	4509,59
GA02	2G-04-09B	402587	FITA ISOL EPR 0,76X19MM 10M PT	UN	222	L2	Utilização livre depósito INVT	29,33	6511,26
GA02	2G-04-09B	403121	FITA ISOLANTE ELET PVC 19X0,19MM 20M PT	UN	13	L2	Utilização livre depósito INVT	6,94	90,22
GA02	2G-04-09B	403559	CONECTOR TIPO CUNHA  35MM  1/0 AWG	UN	156	L2	Utilização livre depósito INVT	10,85	1692,6
GA02	2G-04-09B	403710	CONECTOR DER CUNHA 336MCM 2/0AWG	UN	85	L2	Utilização livre depósito INVT	8,74	742,9
GA02	2G-04-09B	404222	TERMINAL PRE ISOL PIN TUB  6MM-10AWG AM	UN	1100	L2	Utilização livre depósito INVT	0,73	803
GA02	2G-04-09B	405537	CONECTOR PERF PRINC 16-120 DER 4-36 2AMP	UN	2	L2	Utilização livre depósito INVT	12,2	24,4
GA02	2G-04-09B	405984	CONECTOR PARAFUSO FENDIDO 50MM	UN	18	L2	Utilização livre depósito INVT	0,01	0,18
GA02	2G-04-09D	405539	CONECTOR PERF PRINC 16-120 DER 4-36 1AMP	UN	10000	L2	Utilização livre depósito INVT	18,96	189600
GA02	2G-04-09E	402307	CONECTOR PERF 4 SAÍDAS 25-240MM2/1,5-35M	UN	1800	L2	Utilização livre depósito INVT	71,29	128322
GA02	2G-04-10A	400534	CONECTOR CU PARAF FEND CAB ATERR 10-95MM	UN	167	L2	Utilização livre depósito INVT	19,57	3268,19
GA02	2G-04-10A	400797	CONECTOR DER CUNHA AL 2/0AWG 336,4MCM	UN	15	L2	Utilização livre depósito INVT	22,44	336,6
GA02	2G-04-10A	401500	CONECTOR DER CUNHA AL 2/0AWG 4/0AWG	UN	655	L2	Utilização livre depósito INVT	11,35	7434,25
GA02	2G-04-10A	402085	CONECTOR DER CUNHA  2/0 1/0 2/0AWG	UN	85	L2	Utilização livre depósito INVT	6,45	548,25
GA02	2G-04-10A	402230	CONECTOR DER CUNHA AL 1/0AWG 4/0AWG	UN	90	L2	Utilização livre depósito INVT	10,87	978,3
GA02	2G-04-10A	402365	CONECTOR DER AL 1/0-4/0AWG 1/0-4/0AWG	UN	359	L2	Utilização livre depósito INVT	20	7180
GA02	2G-04-10A	402729	CONECTOR DERIV CUNHA AL 2/0AWG 4/0AWG	UN	11	L2	Utilização livre depósito INVT	11,9	130,9
GA02	2G-04-10A	403696	CONECTOR CB-BAR 35MM2	UN	8538	L2	Utilização livre depósito INVT	9,27	79147,26
GA02	2G-04-10A	403807	TERMINAL PRESSAO CU 95MM2 C/SAPATA	UN	136	L2	Utilização livre depósito INVT	64,13	8721,68
GA02	2G-04-10A	407128	TERMINAL COMP OLHAL BIMETÁLICO 95MM2	UN	388	L2	Utilização livre depósito INVT	24,47	9494,36
GA02	2G-04-10A	800291	CONECTOR DER CUNHA AL 1/0AWG 4/0AWG	UN	6	F3	Utilização livre depósito CUST	10,96	65,76
GA02	2G-04-10B	400793	CONECTOR PERF SIMP 6-35 / 6-35MM2	UN	2260	L2	Utilização livre depósito INVT	10,89	24611,4
GA02	2G-04-10B	401773	TERMINAL TUBULAR CU ESTANHADO 10MM2	UN	70846	L2	Utilização livre depósito INVT	1,08	76513,68
GA02	2G-04-10B	404040	ABRACADEIRA PLAS UV 150X3,50MM	UN	50000	L2	Utilização livre depósito INVT	0,14	7000
GA02	2G-04-10D	407127	TERMINAL COMP OLHAL BIMETÁLICO 50MM2	UN	14400	L2	Utilização livre depósito INVT	25,31	364464
GA02	2G-04-10E	402307	CONECTOR PERF 4 SAÍDAS 25-240MM2/1,5-35M	UN	1800	L2	Utilização livre depósito INVT	71,29	128322
GA02	2G-04-11A	401050	CONECTORES CUNHA 1/0AWG-50MM2 2AWG-25MM2	UN	88	L2	Utilização livre depósito INVT	3,87	340,56
GA02	2G-04-11A	401285	TERMINAL TUBULAR COMPRESSAO 70MM2	UN	9600	L2	Utilização livre depósito INVT	6,15	59040
GA02	2G-04-11A	402646	ABRACADEIRA PA 250X9,0X3,00MM	UN	2453	L2	Utilização livre depósito INVT	0,46	1128,38
GA02	2G-04-11A	403961	ABRACADEIRA PA 200X2,5MM	UN	8581	L2	Utilização livre depósito INVT	0,04	343,24
GA02	2G-04-11A	404040	ABRACADEIRA PLAS UV 150X3,50MM	UN	53298	L2	Utilização livre depósito INVT	0,14	7461,72
GA02	2G-04-11A	409203	LUVA DE EMENDA TORQUIMÉTRICO 185MM2	UN	91	L2	Utilização livre depósito INVT	317	28847
GA02	2G-04-11B	400778	CONECTOR DER AL 2(7) 1(7) 2AWG	UN	779	L2	Utilização livre depósito INVT	5,26	4097,54
GA02	2G-04-11B	401451	CONECTOR CUNHA ESTRIBO 1/0 2/0 4/0 AWG	UN	622	L2	Utilização livre depósito INVT	23,65	14710,3
GA02	2G-04-11C	404733	CONECTOR CUNHA  ESTRIBO 50MM2 70MM2	UN	291	L2	Utilização livre depósito INVT	38,6	11232,6
GA02	2G-04-11D	400778	CONECTOR DER AL 2(7) 1(7) 2AWG	UN	3560	L2	Utilização livre depósito INVT	5,26	18725,6
GA02	2G-04-11E	402307	CONECTOR PERF 4 SAÍDAS 25-240MM2/1,5-35M	UN	1740	L2	Utilização livre depósito INVT	71,29	124044,6
GA02	2G-04-12A	400133	LUVA EMENDA COMPR CB MAGNOLIA 954MCM	UN	23	L2	Utilização livre depósito INVT	538,9	12394,7
GA02	2G-04-12A	400506	CONECTOR DER CU 13-34MM2	UN	31	L2	Utilização livre depósito INVT	10,57	327,67
GA02	2G-04-12A	401471	CONECTOR CUN ESTRIBO 1/0 2/0AWG C/ CARTU	UN	385	L2	Utilização livre depósito INVT	28,58	11003,3
GA02	2G-04-12A	403558	CONECTOR TIPO CUNHA  50MM  1/0 AWG	UN	719	L2	Utilização livre depósito INVT	10,83	7786,77
GA02	2G-04-12A	405488	TERMINAL COMPRESSAO OLHAL ESTAN 10MM2 M6	UN	18483	L2	Utilização livre depósito INVT	0,94	17374,02
GA02	2G-04-12A	405489	TERMINAL COMPRESSAO OLHAL ESTAN 16MM2 M6	UN	11401	L2	Utilização livre depósito INVT	1,51	17215,51
GA02	2G-04-12A	405495	TERMINAL COMPRESSAO OLHAL ESTANHAD 35MM2	UN	525	L2	Utilização livre depósito INVT	2,99	1569,75
GA02	2G-04-12B	400531	CONECTOR DER CUNHA AL VER 2AWG	UN	616	L2	Utilização livre depósito INVT	2,63	1620,08
GA02	2G-04-12B	400809	CARTUCHO FP MET P/CUNHA VM FEST CALIB 22	UN	3753	L2	Utilização livre depósito INVT	1,63	6117,39
GA02	2G-04-12B	401449	CONECTOR CUNHA AL 4/0(2) AWG	UN	561	L2	Utilização livre depósito INVT	4,34	2434,74
GA02	2G-04-12B	401463	CONECTOR DER CUNHA AL 2/0-3/0 1/0-2AWG	UN	50	L2	Utilização livre depósito INVT	6,27	313,5
GA02	2G-04-12B	401870	CARTUCHO MET P/CUNHA AZ FEST CALIB 22	UN	11023	L2	Utilização livre depósito INVT	1,02	11243,46
GA02	2G-04-12B	401874	CARTUCHO MET P/CUNHA AM FEST CALIB 22	UN	45	L2	Utilização livre depósito INVT	1,04	46,8
GA02	2G-04-12B	401895	CONECTOR DER CUNHA AL 70MM2	UN	548	L2	Utilização livre depósito INVT	4,23	2318,04
GA02	2G-04-12B	403683	CONECTOR DER CUNHA AZ AL 336,4MCM 2/0AWG	UN	653	L2	Utilização livre depósito INVT	7,73	5047,69
GA02	2G-04-12D	400778	CONECTOR DER AL 2(7) 1(7) 2AWG	UN	4800	L2	Utilização livre depósito INVT	5,26	25248
GA02	2G-04-12E	402307	CONECTOR PERF 4 SAÍDAS 25-240MM2/1,5-35M	UN	1800	L2	Utilização livre depósito INVT	71,29	128322
GA02	2G-04-13A	400532	CONECTOR DER CUNHA AL 2AWG 1/0AWG	UN	845	L2	Utilização livre depósito INVT	2,65	2239,25
GA02	2G-04-13A	401694	TERMINAL COMPRESSAO OLHAL CU 95MM2	UN	1660	L2	Utilização livre depósito INVT	8,89	14757,4
GA02	2G-04-13A	405539	CONECTOR PERF PRINC 16-120 DER 4-36 1AMP	UN	35	L2	Utilização livre depósito INVT	18,96	663,6
GA02	2G-04-13B	402027	TERMINAL TUBULAR CU ESTANHADO 16MM2 AZ	UN	29073	L2	Utilização livre depósito INVT	1,29	37504,17
GA02	2G-04-13B	402260	CONECTOR CUNHA CU 5/8P 25-35MM	UN	2174	L2	Utilização livre depósito INVT	4,94	10739,56
GA02	2G-04-13B	402268	CONECTOR CUNHA S/CART 25X25-0MM2 CCR III	UN	5328	L2	Utilização livre depósito INVT	0,86	4582,08
GA02	2G-04-13B	402354	CONECTOR CUNHA AT AL VM 25-50MM2	UN	1632	L2	Utilização livre depósito INVT	5,25	8568
GA02	2G-04-13D	401566	CONECTOR PARAL AL 4/0AWG 1/0AWG	UN	3058	L2	Utilização livre depósito INVT	23,93	73177,94
GA02	2G-04-13E	402307	CONECTOR PERF 4 SAÍDAS 25-240MM2/1,5-35M	UN	1750	L2	Utilização livre depósito INVT	71,29	124757,5
GA02	2G-04-14A	401566	CONECTOR PARAL AL 4/0AWG 1/0AWG	UN	167	L2	Utilização livre depósito INVT	23,93	3996,31
GA02	2G-04-14A	403499	ABRACADEIRA PLAS 300 X 4,80MM	UN	23512	L2	Utilização livre depósito INVT	0,19	4467,28
GA02	2G-04-14A	403602	ABRACADEIRA PLAS UV 525X8,90MM TRI	UN	1413	L2	Utilização livre depósito INVT	2,1	2967,3
GA02	2G-04-14B	400758	CHAVE SECC 1P 15KV 630A 110KV 25KA	UN	2	L2	Utilização livre depósito INVT	399,16	798,32
GA02	2G-04-14B	403682	BUCHA LOK 01	UN	88334	L2	Utilização livre depósito INVT	0,85	75083,9
GA02	2G-04-14D	401449	CONECTOR CUNHA AL 4/0(2) AWG	UN	9900	L2	Utilização livre depósito INVT	4,34	42966
GA02	2G-04-14E	401105	LACO LATERAL DUPLO 4/0AWG	UN	1000	L2	Utilização livre depósito INVT	3,21	3210
GA02	2G-04-14E	402027	TERMINAL TUBULAR CU ESTANHADO 16MM2 AZ	UN	256000	L2	Utilização livre depósito INVT	1,29	330240
GA02	2G-04-14E	402307	CONECTOR PERF 4 SAÍDAS 25-240MM2/1,5-35M	UN	875	L2	Utilização livre depósito INVT	71,29	62378,75
GA02	2G-04-15E	408172	ALCA PREFORM CABO CONC 3X95 +50	UN	623	L2	Utilização livre depósito INVT	20,21	12590,83
GA02	2G-04-16A	404071	CONECTOR PERF 50-185MM2 15KV COM ESTRIBO	UN	27	L2	Utilização livre depósito INVT	164,18	4432,86
GA02	2G-04-16A	805459	CONECTOR PERF 50-185MM2 15KV COM ESTRIBO	UN	402	F3	Utilização livre depósito CUST	165,38	66482,76
GA02	2G-04-16B	400793	CONECTOR PERF SIMP 6-35 / 6-35MM2	UN	7500	L2	Utilização livre depósito INVT	10,89	81675
GA02	2G-04-17A	404732	CONECTOR PERFUR 50-185MM MED TENSAO 15KV	UN	613	L2	Utilização livre depósito INVT	87,88	53870,44
GA02	2G-04-17A	404741	CONECTOR PERF 15KV 35-70/6,1MM ESTRIBO	UN	287	L2	Utilização livre depósito INVT	68,87	19765,69
GA02	2G-04-17B	404741	CONECTOR PERF 15KV 35-70/6,1MM ESTRIBO	UN	1600	L2	Utilização livre depósito INVT	68,87	110192
GA02	2G-04-17C	404741	CONECTOR PERF 15KV 35-70/6,1MM ESTRIBO	UN	1600	L2	Utilização livre depósito INVT	68,87	110192
GA02	2G-04-17D	404741	CONECTOR PERF 15KV 35-70/6,1MM ESTRIBO	UN	1600	L2	Utilização livre depósito INVT	68,87	110192
GA02	2G-04-18A	404740	CONECTOR PERF 15KV 35-70 / 35-70MM2	UN	440	L2	Utilização livre depósito INVT	77,04	33897,6
GA02	2G-04-18D	404741	CONECTOR PERF 15KV 35-70/6,1MM ESTRIBO	UN	1600	L2	Utilização livre depósito INVT	68,87	110192
GA02	2G-04-19B	401116	ISOLADOR ANCOR POLIM 15KV 5000DAN	UN	1000	L2	Utilização livre depósito INVT	36,24	36240
GA02	2G-04-19C	401116	ISOLADOR ANCOR POLIM 15KV 5000DAN	UN	1000	L2	Utilização livre depósito INVT	36,24	36240
GA02	2G-04-19D	401116	ISOLADOR ANCOR POLIM 15KV 5000DAN	UN	1000	L2	Utilização livre depósito INVT	36,24	36240
GA02	2G-04-20C	401116	ISOLADOR ANCOR POLIM 15KV 5000DAN	UN	740	L2	Utilização livre depósito INVT	36,24	26817,6
GA02	2G-04-20D	402672	ARAME GALV 14AWG	UN	496	L2	Utilização livre depósito INVT	23,11	11462,56
GA02	2G-05-03A	401864	GANCHO OLHAL AC 17MM 7000KGF	UN	191	L2	Utilização livre depósito INVT	3,49	666,59
GA02	2G-05-03A	402312	OLHAL PARAFUSO AC 16MM 5000DAN	UN	2584	L2	Utilização livre depósito INVT	11,26	29095,84
GA02	2G-05-03C	120052	CAPA CHUVA IMPERMEAVEL M	UN	26	F3	Utilização livre depósito CUST	65	1690
GA02	2G-05-03C	120140	CAPA CHUVA IMPERMEAVEL G	UN	7	F3	Utilização livre depósito CUST	65	455
GA02	2G-05-03C	120259	CALCA RESIST ARCO ELET/CHAMA 38	UN	5	F3	Utilização livre depósito CUST	158,87	794,35
GA02	2G-05-03C	120260	CALCA RESIST ARCO ELET/CHAMA 40	UN	8	F3	Utilização livre depósito CUST	158,87	1270,96
GA02	2G-05-03C	120272	CAMISA MASC MANGA LG CZ PANT P	UN	5	F3	Utilização livre depósito CUST	61,3	306,5
GA02	2G-05-03C	120276	CAPA CHUVA IMPERMEAVEL GG	UN	10	F3	Utilização livre depósito CUST	65	650
GA02	2G-05-03C	120335	CAMISA GG RESIST ARCO ELE/CHAMA ATPV 9.0	UN	10	F3	Utilização livre depósito CUST	159,09	1590,9
GA02	2G-05-03C	120336	CAMISA EG RESIST ARCO ELE/CHAMA ATPV 9.0	UN	20	F3	Utilização livre depósito CUST	155,59	3111,8
GA02	2G-05-03C	120343	CALCA RESIST ARCO ELET/CHAMA 46 ATPV 9.0	UN	19	F3	Utilização livre depósito CUST	158,87	3018,53
GA02	2G-05-03C	120349	CALCA RESIST ARCO ELET/CHAMA 58 ATPV 9.0	UN	4	F3	Utilização livre depósito CUST	109,34	437,36
GA02	2G-05-03E	409376	CAIXA PARA MEDIDOR POLIFASICA VIS. VIDRO	UN	192	L2	Utilização livre depósito INVT	63,31	12155,52
GA02	2G-05-04A	400130	LACO PREF ROLD CA 4/0AWG LJ	UN	970	L2	Utilização livre depósito INVT	2,98	2890,6
GA02	2G-05-04A	400588	EMENDA PREF COND AL 4/0AWG AM 1295MM	UN	133	L2	Utilização livre depósito INVT	57,07	7590,31
GA02	2G-05-04A	400974	PORCA QUADRADA AC 16MM 2MM	UN	1	L2	Utilização livre depósito INVT	1,97	1,97
GA02	2G-05-04A	400989	PORCA OLHAL AC 16MM BSW	UN	83	L2	Utilização livre depósito INVT	7,81	648,23
GA02	2G-05-04C	120141	CALCA RESIST ARCO ELET/CHAMA 44	UN	23	F3	Utilização livre depósito CUST	158,87	3654,01
GA02	2G-05-04C	120261	CALCA RESIST ARCO ELET/CHAMA 42	UN	8	F3	Utilização livre depósito CUST	158,87	1270,96
GA02	2G-05-04C	120332	CAMISA P RESIST ARCO ELET/CHAMA ATPV 9.0	UN	14	F3	Utilização livre depósito CUST	159,09	2227,26
GA02	2G-05-04C	120334	CAMISA G RESIST ARCO ELET/CHAMA ATPV 9.0	UN	22	F3	Utilização livre depósito CUST	159,09	3499,98
GA02	2G-05-04C	120344	CALCA RESIST ARCO ELET/CHAMA 48 ATPV 9.0	UN	15	F3	Utilização livre depósito CUST	158,87	2383,05
GA02	2G-05-04C	120347	CALCA RESIST ARCO ELET/CHAMA 54 ATPV 9.0	UN	7	F3	Utilização livre depósito CUST	126,6	886,2
GA02	2G-05-04C	120458	MASCARA CIRURGICA TRIPLA COM FILTRO	UN	5	F3	Utilização livre depósito CUST	12,28	61,4
GA02	2G-05-04E	409376	CAIXA PARA MEDIDOR POLIFASICA VIS. VIDRO	UN	192	L2	Utilização livre depósito INVT	63,31	12155,52
GA02	2G-05-05A	401620	LACO PREF ROLD CA 2/0AWG LJ	UN	225	L2	Utilização livre depósito INVT	2,91	654,75
GA02	2G-05-05A	402373	ESTRIBO BRACO L-EST-01 FOFO 200DAN	UN	300	L2	Utilização livre depósito INVT	12,46	3738
GA02	2G-05-05A	403515	ABRACADEIRA BAP 3 1200MMX381MM PARAF	UN	860	L2	Utilização livre depósito INVT	13,85	11911
GA02	2G-05-05B	400137	LACO PREF CA 2AWG PESC 57MM PURPURA	UN	282	L2	Utilização livre depósito INVT	3,15	888,3
GA02	2G-05-05C	120042	CINTO SEG PARA-QUEDISTA TAM 2	UN	19	F3	Utilização livre depósito CUST	876,09	16645,71
GA02	2G-05-05C	120128	PERNEIRA SEG COU SINT 15MM	PAR	8	F3	Utilização livre depósito CUST	44,87	358,96
GA02	2G-05-05C	120170	CAPACETE SEG ABA FRONT B BR PEAD	UN	19	F3	Utilização livre depósito CUST	51,4	976,6
GA02	2G-05-05C	120182	CAMISA M RESIST ARCO ELET/CHAMA ATPV 9.0	UN	20	F3	Utilização livre depósito CUST	158,2	3164
GA02	2G-05-05E	409376	CAIXA PARA MEDIDOR POLIFASICA VIS. VIDRO	UN	192	L2	Utilização livre depósito INVT	63,31	12155,52
GA02	2G-05-06A	400855	EMENDA PREF COND AL 1/0 AWG 965MM	UN	1163	L2	Utilização livre depósito INVT	19,13	22248,19
GA02	2G-05-06A	403580	ALCA PREFORM CABO CONC 3X35 + 35	UN	456	L2	Utilização livre depósito INVT	15,7	7159,2
GA02	2G-05-06B	400683	ALCA PREFORM SERV 16MM2 5,0-5,7MM2	UN	731	L2	Utilização livre depósito INVT	1,94	1418,14
GA02	2G-05-06B	401090	LACO LATERAL DUPLO CA 2AWG	UN	423	L2	Utilização livre depósito INVT	3,14	1328,22
GA02	2G-05-06B	406859	ALCA PREFORM 70MM2	PEÇ	117	L2	Utilização livre depósito INVT	6,79	794,43
GA02	2G-05-06C	120114	CARNEIRA AJUST PEBD CZ	UN	21	F3	Utilização livre depósito CUST	26,98	566,58
GA02	2G-05-06C	120452	LUVA ALGODAO M	UN	518	F3	Utilização livre depósito CUST	2,55	1320,9
GA02	2G-05-06C	802944	LUVA ALGODAO M	UN	12	F3	Utilização livre depósito CUST	2,52	30,24
GA02	2G-05-06C	803816	BALDE DE LONA PARA IÇAR FERRAMENTAS	UN	12	F3	Utilização livre depósito CUST	93,5	1122
GA02	2G-05-06C	803818	BOLSA P/FERRAMENTAS EM LONA (REFORÇADA)	UN	4	F3	Utilização livre depósito CUST	141,01	564,04
GA02	2G-05-06E	409376	CAIXA PARA MEDIDOR POLIFASICA VIS. VIDRO	UN	192	L2	Utilização livre depósito INVT	63,31	12155,52
GA02	2G-05-07A	401574	BRACO ANTIBALANCO PA PT 15KV 320MM	UN	551	L2	Utilização livre depósito INVT	16,06	8849,06
GA02	2G-05-07A	402327	ESTRIBO BRACO L AC 200DAN	UN	1484	L2	Utilização livre depósito INVT	21,71	32217,64
GA02	2G-05-07B	403572	PRENSA CABO NYLON CURTO 1/2P	UN	8285	L2	Utilização livre depósito INVT	3,75	31068,75
GA02	2G-05-07C	120007	LUVA COBERTURA VAQ 345MM	PAR	44	F3	Utilização livre depósito CUST	32,08	1411,52
GA02	2G-05-07C	120065	LUVA VAQUETA G	PAR	49	F3	Utilização livre depósito CUST	19,57	958,93
GA02	2G-05-07C	120068	OCULOS SEG VISOR 100 PC S/ARM ANT INC	UN	12	F3	Utilização livre depósito CUST	8,41	100,92
GA02	2G-05-07C	120092	LUVA VAQUETA M	PAR	50	F3	Utilização livre depósito CUST	18,19	909,5
GA02	2G-05-07C	120100	OCULOS SEG VISOR 100 PC S/ARM ANT CZ	UN	126	F3	Utilização livre depósito CUST	14,9	1877,4
GA02	2G-05-07C	120188	OCULOS SEG PC CZ LENTE OPTIC	UN	6	F3	Utilização livre depósito CUST	8,59	51,54
GA02	2G-05-07C	120297	OCULOS SEG SOBREPOR	UN	6	F3	Utilização livre depósito CUST	8,59	51,54
GA02	2G-05-07E	409376	CAIXA PARA MEDIDOR POLIFASICA VIS. VIDRO	UN	192	L2	Utilização livre depósito INVT	63,31	12155,52
GA02	2G-05-08A	403675	ALCA PREFORM CABO CONC  3X25 + 25	UN	593	L2	Utilização livre depósito INVT	11,85	7027,05
GA02	2G-05-08A	403803	ALCA PREFORM CABO CONC  3X10 + 10	UN	1027	L2	Utilização livre depósito INVT	8,7	8934,9
GA02	2G-05-08B	400366	ALCA PREFORM DIST 4/0 AWG 120MM2	UN	97	L2	Utilização livre depósito INVT	6,22	603,34
GA02	2G-05-08B	400782	COBERTURA PROT CONEC ESTRIB/GRAMP LV	UN	24	L2	Utilização livre depósito INVT	61,51	1476,24
GA02	2G-05-08B	401827	ALCA PREFORM SERV 10MM2 3,7-4,1MM2	UN	3463	L2	Utilização livre depósito INVT	1,65	5713,95
GA02	2G-05-08E	409376	CAIXA PARA MEDIDOR POLIFASICA VIS. VIDRO	UN	192	L2	Utilização livre depósito INVT	63,31	12155,52
GA02	2G-05-09A	400375	ALCA PREFORM DIST CAA/CA 2/0AWG 70MM2	UN	55	L2	Utilização livre depósito INVT	8,8	484
GA02	2G-05-09A	400699	ALCA PREFORM SERV CA 25MM2 330MM	UN	184	L2	Utilização livre depósito INVT	2	368
GA02	2G-05-09A	401105	LACO LATERAL DUPLO 4/0AWG	UN	12	L2	Utilização livre depósito INVT	3,21	38,52
GA02	2G-05-09A	401706	PARAFUSO CAB QD AC 16MM 2P 350MM	UN	41	L2	Utilização livre depósito INVT	14,44	592,04
GA02	2G-05-09A	401840	LACO PREF ROLD CA 336,4 MCM LARANJA	UN	199	L2	Utilização livre depósito INVT	2,35	467,65
GA02	2G-05-09A	405260	EMENDA PREF CA 2/0AWG 7F AM	UN	59	L2	Utilização livre depósito INVT	24	1416
GA02	2G-05-09B	400851	EMENDA PREF COND AL 2/0 AWG 1016MM	UN	145	L2	Utilização livre depósito INVT	22,43	3252,35
GA02	2G-05-09B	402706	CONECTOR CUNHA 8,12-3,17MM 5,21-3,17MM	UN	1327	L2	Utilização livre depósito INVT	2,2	2919,4
GA02	2G-05-09B	803367	EMENDA PREF COND AL 2/0 AWG 1016MM	UN	170	F3	Utilização livre depósito CUST	34,15	5805,5
GA02	2G-05-09E	409376	CAIXA PARA MEDIDOR POLIFASICA VIS. VIDRO	UN	192	L2	Utilização livre depósito INVT	63,31	12155,52
GA02	2G-05-10A	400673	ARRUELA QD 50X50X3MM 18MM AC	UN	37186	L2	Utilização livre depósito INVT	1,39	51688,54
GA02	2G-05-10A	400827	ARRUELA LIS QD AC 17MM 11/16 57X57MM 5MM	UN	1625	L2	Utilização livre depósito INVT	2,81	4566,25
GA02	2G-05-10B	400122	LACO PREF TOPO CAA/CA 4/0AWG VM	UN	50	L2	Utilização livre depósito INVT	2,03	101,5
GA02	2G-05-10B	400860	LUVA EMENDA PREFORMADA LS -0118	UN	98	L2	Utilização livre depósito INVT	9,45	926,1
GA02	2G-05-10B	401520	ALCA PREFORM DIST CA 477MCM CAA 336,4MCM	UN	14	L2	Utilização livre depósito INVT	32,03	448,42
GA02	2G-05-10B	401916	LACO LATERAL PREF DUPLO 2/0AWG	UN	79	L2	Utilização livre depósito INVT	3,08	243,32
GA02	2G-05-10B	402768	LACO ROLD PREF CA-CAA 3,09-4/0AWG	UN	41	L2	Utilização livre depósito INVT	3,15	129,15
GA02	2G-05-10E	409376	CAIXA PARA MEDIDOR POLIFASICA VIS. VIDRO	UN	192	L2	Utilização livre depósito INVT	63,31	12155,52
GA02	2G-05-11A	400378	ALCA PREFORM SERV 10MM2, 3,7-4,1 MM	UN	123	L2	Utilização livre depósito INVT	1,22	150,06
GA02	2G-05-11A	400848	LACO PREF DUPLO LATERAL 1/0AWG	UN	5	L2	Utilização livre depósito INVT	6,5	32,5
GA02	2G-05-11A	401435	ALCA PREFORM CA/CAA 2AWG 6/1P 2AWG 625MM	UN	28	L2	Utilização livre depósito INVT	5,65	158,2
GA02	2G-05-11A	403593	ALCA PREFORM CABO CONC 3X70 + 50	UN	16	L2	Utilização livre depósito INVT	9,85	157,6
GA02	2G-05-11B	401608	PARA-RAIO DISTRIB POL 280V 10KA ISOL	UN	159	L2	Utilização livre depósito INVT	50,42	8016,78
GA02	2G-05-11B	403739	PRENSA CABO 1.1/4P AL C/BUCHA NEOP	UN	1668	L2	Utilização livre depósito INVT	21,9	36529,2
GA02	2G-05-11B	403770	PRENSA CABO 1.1/2P AL C/BUCHA NEOP NPT	UN	600	L2	Utilização livre depósito INVT	30,7	18420
GA02	2G-05-11B	800842	ALCA PREFORM ESTAI 3/8P 9,5MM 889MM	UN	4	F3	Utilização livre depósito CUST	25,26	101,04
GA02	2G-05-11E	409376	CAIXA PARA MEDIDOR POLIFASICA VIS. VIDRO	UN	192	L2	Utilização livre depósito INVT	63,31	12155,52
GA02	2G-05-12A	402353	ARRUELA LIS 3/8P 1119	UN	17690	L2	Utilização livre depósito INVT	0,44	7783,6
GA02	2G-05-12B	402120	ALCA PREFORM DIST CAA 336,4MCM VERDE	UN	809	L2	Utilização livre depósito INVT	20,09	16252,81
GA02	2G-05-12E	409376	CAIXA PARA MEDIDOR POLIFASICA VIS. VIDRO	UN	109	L2	Utilização livre depósito INVT	63,31	6900,79
GA02	2G-05-13B	401088	LACO LATERAL PREF CAA E CA 1/0AWG DUPLO	UN	816	L2	Utilização livre depósito INVT	2,18	1778,88
GA02	2G-05-13B	401234	LACO PREF ROLD CA 1/0AWG LJ	UN	1723	L2	Utilização livre depósito INVT	6,47	11147,81
GA02	2G-05-14A	401927	MANILHA SAPATILHA 5000DAN	UN	961	L2	Utilização livre depósito INVT	20,99	20171,39
GA02	2G-05-14A	801314	EMENDA PREF COND AL 4/0AWG PT	UN	17	F3	Utilização livre depósito CUST	64	1088
GA02	2G-05-14B	401102	LACO DISTRIBUICAO PREF CAA 2/0AWG AC	UN	1578	L2	Utilização livre depósito INVT	1,33	2098,74
GA02	2G-05-14B	401546	EMENDA PREF COND AL 2AWG 711MM	UN	405	L2	Utilização livre depósito INVT	7,1	2875,5
GA02	2G-05-14E	402120	ALCA PREFORM DIST CAA 336,4MCM VERDE	UN	500	L2	Utilização livre depósito INVT	20,09	10045
GA02	2G-05-15A	409963	SEPARADOR FASE BT 4/0 AWG 700 MM	UN	40	L2	Utilização livre depósito INVT	15,59	623,6
GA02	2G-05-15B	400106	LUVA EMENDA 185MM 251MM	UN	43	L2	Utilização livre depósito INVT	38,75	1666,25
GA02	2G-05-15B	401616	LACO PREF LATERAL DUPLO CA/CAA 336,4MCM	UN	90	L2	Utilização livre depósito INVT	3,42	307,8
GA02	2G-05-15B	402331	BRACO C/GRAMPO SUSPE SECU 500DAN	UN	20	L2	Utilização livre depósito INVT	41,37	827,4
GA02	2G-05-15B	403209	PRENSA CABO PVC 3/4P	UN	60	L2	Utilização livre depósito INVT	5,77	346,2
GA02	2G-05-15E	402307	CONECTOR PERF 4 SAÍDAS 25-240MM2/1,5-35M	UN	710	L2	Utilização livre depósito INVT	71,29	50615,9
GA02	2G-05-15E	801062	LACO PREF ROLD CA 4/0AWG LJ	UN	400	F3	Utilização livre depósito CUST	2,6	1040
GA02	2G-05-16A	400307	FIXADOR PREFORMADO 6,4MM 1/4P AM 1219MM	UN	6618	L2	Utilização livre depósito INVT	6,36	42090,48
GA02	2G-05-16B	403804	ALCA PREFORM 6,4MM 1/4P AM 635MM	UN	1920	L2	Utilização livre depósito INVT	8,12	15590,4
GA02	2G-05-16E	402307	CONECTOR PERF 4 SAÍDAS 25-240MM2/1,5-35M	UN	1750	L2	Utilização livre depósito INVT	71,29	124757,5
GA02	2G-05-17D	401089	LACO DISTRIBUICAO P/CABO 2/0AWG	UN	2854	L2	Utilização livre depósito INVT	2,01	5736,54
GA02	2G-05-17E	402307	CONECTOR PERF 4 SAÍDAS 25-240MM2/1,5-35M	UN	1750	L2	Utilização livre depósito INVT	71,29	124757,5
GA02	2G-05-18A	401842	HASTE ATERRAMENTO PROLONGAVEL 5/8PX2,40M	UN	205	L2	Utilização livre depósito INVT	126,59	25950,95
GA02	2G-05-18B	400373	ALCA PREFORM SERV 25MM2 45MM2	UN	4579	L2	Utilização livre depósito INVT	0,78	3571,62
GA02	2G-05-18B	405491	TERMINAL TUBULAR CU ESTANHADO 35MM2	UN	19200	L2	Utilização livre depósito INVT	0,98	18816
GA02	2G-05-18B	407596	TERMINAL OLHAL COMPRESSAO 120MM²	UN	2400	L2	Utilização livre depósito INVT	13,43	32232
GA02	2G-05-18C	405487	TERMINAL TUBULAR CU ESTANHADO 25MM2 AZ	UN	195426	L2	Utilização livre depósito INVT	0,74	144615,24
GA02	2G-05-18E	402307	CONECTOR PERF 4 SAÍDAS 25-240MM2/1,5-35M	UN	1750	L2	Utilização livre depósito INVT	71,29	124757,5
GA02	2G-05-19A	402276	CHAVE FUSIVEL INDIC 15KV 200A/95KV BUC	UN	6	L2	Utilização livre depósito INVT	418,86	2513,16
GA02	2G-05-19A	403563	CHAVE SEC 1P 15KV 400A 95KA/S F. FACA	UN	2	L2	Utilização livre depósito INVT	169,98	339,96
GA02	2G-05-19B	402359	PARAFUSO CAB ABA AC 16MM 125MM	UN	54	L2	Utilização livre depósito INVT	6,4	345,6
GA02	2G-05-19B	404032	ANILHA NUMERO "2" 4-16MM	UN	1750	L2	Utilização livre depósito INVT	0,08	140
GA02	2G-05-19B	404719	FIXADOR PERFIL U AC 150DAN 300DAN	UN	21	L2	Utilização livre depósito INVT	22,43	471,03
GA02	2G-05-19B	407098	PRENSA-CABO ROSCA BSP 1.1/4 LP+P/ 40 DAN	PEÇ	1900	L2	Utilização livre depósito INVT	45,46	86374
GA02	2G-05-19E	402307	CONECTOR PERF 4 SAÍDAS 25-240MM2/1,5-35M	UN	1690	L2	Utilização livre depósito INVT	71,29	120480,1
GA02	2G-05-20A	402627	RELIGADOR 1F AUTOMATICO 15KV 200A 4,2kA	UN	16	L2	Utilização livre depósito INVT	24057,99	384927,84
GA02	2G-05-20B	404030	ANILHA NUMERO "0" 4-16MM	UN	3374	L2	Utilização livre depósito INVT	0,08	269,92
GA02	2G-05-20B	404033	ANILHA NUMERO "3" 4-16MM	UN	1850	L2	Utilização livre depósito INVT	0,08	148
GA02	2G-05-20B	404034	ANILHA NUMERO "4" 4-16MM	UN	3236	L2	Utilização livre depósito INVT	0,08	258,88
GA02	2G-05-20B	404035	ANILHA NUMERO "5" 4-16MM	UN	1590	L2	Utilização livre depósito INVT	0,08	127,2
GA02	2G-05-20B	404036	ANILHA NUMERO "6" 4-16MM	UN	2270	L2	Utilização livre depósito INVT	0,08	181,6
GA02	2G-05-20B	404037	ANILHA NUMERO "7" 4-16MM	UN	2586	L2	Utilização livre depósito INVT	0,08	206,88
GA02	2G-05-20B	404038	ANILHA NUMERO "8" 4-16MM	UN	2000	L2	Utilização livre depósito INVT	0,08	160
GA02	2G-05-20B	404039	ANILHA NUMERO "9" 4-16MM	UN	2003	L2	Utilização livre depósito INVT	0,08	160,24
GA02	2G-05-20B	404057	ANILHA IDENT PVC COND 1,5-4,0MM2 AM C	UN	18072	L2	Utilização livre depósito INVT	0,77	13915,44
GA02	2G-05-20B	404058	ANILHA IDENT PVC COND 1,5-4,0MM2 AM N0	UN	4054	L2	Utilização livre depósito INVT	0,1	405,4
GA02	2G-05-20B	404059	ANILHA IDENT PVC COND 1,5-4,0MM2 AM N1	UN	4101	L2	Utilização livre depósito INVT	0,06	246,06
GA02	2G-05-20B	404060	ANILHA IDENT PVC COND 1,5-4,0MM2 AM N2	UN	2428	L2	Utilização livre depósito INVT	0,05	121,4
GA02	2G-05-20B	404061	ANILHA IDENT PVC COND 1,5-4,0MM2 AM N3	UN	2124	L2	Utilização livre depósito INVT	0,05	106,2
GA02	2G-05-20B	404062	ANILHA IDENT PVC COND 1,5-4,0MM2 AM N4	UN	2993	L2	Utilização livre depósito INVT	0,18	538,74
GA02	2G-05-20B	404063	ANILHA IDENT PVC COND 1,5-4,0MM2 AM N5	UN	3830	L2	Utilização livre depósito INVT	0,27	1034,1
GA02	2G-05-20B	404064	ANILHA IDENT PVC COND 1,5-4,0MM2 AM N6	UN	1903	L2	Utilização livre depósito INVT	0,06	114,18
GA02	2G-05-20B	404069	ANILHA IDENT PVC COND 1,5-4,0MM2 AM P	UN	6092	L2	Utilização livre depósito INVT	1,01	6152,92
GA02	2G-05-20B	404070	ANILHA IDENT PVC COND 1,5-4,0MM2 AM S	UN	3098	L2	Utilização livre depósito INVT	0,06	185,88
GA02	2G-05-20B	405095	ANILHA MARC LETRA C CABO 4-16MM2	UN	10500	L2	Utilização livre depósito INVT	0,77	8085
GA02	2G-05-20B	405098	ANILHA MARC LETRA S CABO 4-16MM2	UN	13100	L2	Utilização livre depósito INVT	0,06	786
GA02	2G-05-20E	402307	CONECTOR PERF 4 SAÍDAS 25-240MM2/1,5-35M	UN	1750	L2	Utilização livre depósito INVT	71,29	124757,5
GA02	2G-05-21B	403580	ALCA PREFORM CABO CONC 3X35 + 35	UN	1500	L2	Utilização livre depósito INVT	15,7	23550
GA02	2G-05-21E	402307	CONECTOR PERF 4 SAÍDAS 25-240MM2/1,5-35M	UN	1750	L2	Utilização livre depósito INVT	71,29	124757,5
GA02	2G-05-22A	401857	CHAVE FUSIVEL DIST 15KV 100A/10KA PORC	UN	69	L2	Utilização livre depósito INVT	324,51	22391,19
GA02	2G-05-22C	401857	CHAVE FUSIVEL DIST 15KV 100A/10KA PORC	UN	132	L2	Utilização livre depósito INVT	324,51	42835,32
GA02	2G-05-22E	402307	CONECTOR PERF 4 SAÍDAS 25-240MM2/1,5-35M	UN	1750	L2	Utilização livre depósito INVT	71,29	124757,5
GA02	2G-05-23A	404072	CANTONEIRA C AC ABA IG 65X900MM 600DAN	UN	2555	L2	Utilização livre depósito INVT	53,53	136769,15
GA02	2G-05-23A	800434	CANTONEIRA C AC ABA IG 65X900MM 600DAN	UN	180	F3	Utilização livre depósito CUST	88,66	15958,8
GA02	2G-06-01A	401108	LACO DISTRIBUICAO PREF CAA 1/0AWG	UN	1318	L2	Utilização livre depósito INVT	3,02	3980,36
GA02	2G-06-01A	403667	ALCA PREFORM CABO CONC  2X10 + 10	UN	353	L2	Utilização livre depósito INVT	7,46	2633,38
GA02	2G-06-01B	403409	RELIGADOR 3F AUTOMATICO 15KV 630A 12,5kA	UN	1	L2	Utilização livre depósito INVT	57529,13	57529,13
GA02	2G-06-01C	403409	RELIGADOR 3F AUTOMATICO 15KV 630A 12,5kA	UN	1	L2	Utilização livre depósito INVT	57529,13	57529,13
GA02	2G-06-01D	404030	ANILHA NUMERO "0" 4-16MM	UN	50	L2	Utilização livre depósito INVT	0,08	4
GA02	2G-06-01D	404031	ANILHA NUMERO "1" 4-16MM	UN	320	L2	Utilização livre depósito INVT	0,08	25,6
GA02	2G-06-01D	404034	ANILHA NUMERO "4" 4-16MM	UN	34	L2	Utilização livre depósito INVT	0,08	2,72
GA02	2G-06-01D	405095	ANILHA MARC LETRA C CABO 4-16MM2	UN	248	L2	Utilização livre depósito INVT	0,77	190,96
GA02	2G-06-01D	405098	ANILHA MARC LETRA S CABO 4-16MM2	UN	1018	L2	Utilização livre depósito INVT	0,06	61,08
GA02	2G-06-02A	400034	TERMINAL PINO TUBULAR 70MM2	UN	3887	L2	Utilização livre depósito INVT	6,26	24332,62
GA02	2G-06-02A	401733	TERMINAL PRESSAO CU 70MM2	UN	66	L2	Utilização livre depósito INVT	1,78	117,48
GA02	2G-06-02A	402163	PARAFUSO 4,8X35MM AC	UN	6822	L2	Utilização livre depósito INVT	0,8	5457,6
GA02	2G-06-02A	402353	ARRUELA LIS 3/8P 1119	UN	2162	L2	Utilização livre depósito INVT	0,44	951,28
GA02	2G-06-02A	403366	CONECTOR DER BARRAMENTO 10MM	UN	9346	L2	Utilização livre depósito INVT	2,57	24019,22
GA02	2G-06-02A	404985	PARAFUSO AUTO BROC FLANG PHILIPS 4.2X25M	UN	65842	L2	Utilização livre depósito INVT	0,13	8559,46
GA02	2G-06-02A	405494	TERMINAL TUBULAR CU ESTANHADO 95MM3	UN	938	L2	Utilização livre depósito INVT	6,44	6040,72
GA02	2G-06-02B	400669	ARRUELA LIS AC PARAF 1/4P	UN	2935	L2	Utilização livre depósito INVT	0,04	117,4
GA02	2G-06-02B	401191	TERMINAL COMPRESSAO OLHAL CU 240MM2	UN	129	L2	Utilização livre depósito INVT	11,8	1522,2
GA02	2G-06-02B	401218	LUVA EMENDA COMPR 185MM2	UN	193	L2	Utilização livre depósito INVT	6,16	1188,88
GA02	2G-06-02B	401371	ARRUELA PRES AC PARAF 3/8P 5/8P	UN	2361	L2	Utilização livre depósito INVT	0,54	1274,94
GA02	2G-06-02B	401372	TERMINAL PRESSAO CU 120MM2 C/SAPATA	UN	24	L2	Utilização livre depósito INVT	11,31	271,44
GA02	2G-06-02B	401907	PORCA SEXT AC 1/2P WW	UN	736	L2	Utilização livre depósito INVT	0,71	522,56
GA02	2G-06-02B	402036	TERMINAL PRESSAO CU 150MM2 C/SAPATA	UN	20	L2	Utilização livre depósito INVT	0,35	7
GA02	2G-06-02B	402172	PORCA SEXT AI304 3/8P UNC	UN	4062	L2	Utilização livre depósito INVT	0,43	1746,66
GA02	2G-06-02B	402774	LUVA EMENDA CABO AL 35 MM2	UN	156	L2	Utilização livre depósito INVT	3,63	566,28
GA02	2G-06-02B	404220	TERMINAL DE PRESSÃO 4MM2	UN	6418	L2	Utilização livre depósito INVT	5,33	34207,94
GA02	2G-06-02B	404221	TERMINAL DE PRESSÃO 6MM2	UN	10660	L2	Utilização livre depósito INVT	5,18	55218,8
GA02	2G-06-02B	405480	TERMINAL COMPRESSAO OLHAL ESTANHAD 50MM2	UN	80	L2	Utilização livre depósito INVT	0,67	53,6
GA02	2G-06-02B	406535	TERMINAL PINO PRÉ-ISOL. 2,5MM AZ	UN	1800	L2	Utilização livre depósito INVT	0,3	540
GA02	2G-06-02C	403409	RELIGADOR 3F AUTOMATICO 15KV 630A 12,5kA	UN	2	L2	Utilização livre depósito INVT	57529,13	115058,26
GA02	2G-06-02D	403409	RELIGADOR 3F AUTOMATICO 15KV 630A 12,5kA	UN	2	L2	Utilização livre depósito INVT	57529,13	115058,26
GA02	2G-06-02E	403409	RELIGADOR 3F AUTOMATICO 15KV 630A 12,5kA	UN	2	L2	Utilização livre depósito INVT	57529,13	115058,26
GA02	2G-06-03A	400202	PARAFUSO CAB PAN AUTO ATARR 4,2X16MM	UN	4248	L2	Utilização livre depósito INVT	0,88	3738,24
GA02	2G-06-03A	400283	TERMINAL PRESSAO CU 240MM2 C/SAPATA	UN	139	L2	Utilização livre depósito INVT	5,76	800,64
GA02	2G-06-03A	400925	PARAFUSO CAB ABA AC 5/8X6P	UN	143	L2	Utilização livre depósito INVT	5,59	799,37
GA02	2G-06-03A	400953	PARAFUSO CAB QD AC 12MM 300MM	UN	5	L2	Utilização livre depósito INVT	2,59	12,95
GA02	2G-06-03A	401086	PARAFUSO CAB QD MAQ AC 5/8X6P	UN	32	L2	Utilização livre depósito INVT	8,7	278,4
GA02	2G-06-03A	401232	TERMINAL PRESSAO CU 50MM2	UN	236	L2	Utilização livre depósito INVT	1,94	457,84
GA02	2G-06-03A	401259	PARAFUSO CAB QD 16X150MM AC	UN	15	L2	Utilização livre depósito INVT	10,23	153,45
GA02	2G-06-03A	401738	TERMINAL PRESSAO 185MM2	UN	372	L2	Utilização livre depósito INVT	6,84	2544,48
GA02	2G-06-03A	402191	PARAFUSO SXT AC 11,11MM 7/16P 31,75MM	UN	2822	L2	Utilização livre depósito INVT	1,33	3753,26
GA02	2G-06-03A	402252	PARAFUSO MAD CAB QD AC 12,7MM 4P 33/16P	UN	270	L2	Utilização livre depósito INVT	2,55	688,5
GA02	2G-06-03A	403763	PRENSA CABO 1P AL C/BUCHA NEOP	UN	690	L2	Utilização livre depósito INVT	11,78	8128,2
GA02	2G-06-03A	405063	PARAFUSO M8X50MM CAB CHATA FEND PHILLIPS	UN	1760	L2	Utilização livre depósito INVT	0,16	281,6
GA02	2G-06-03A	405481	TERMINAL COMPRESSAO OLHAL ESTANHAD 70MM2	UN	489	L2	Utilização livre depósito INVT	3,18	1555,02
GA02	2G-06-03B	401096	PARAFUSO CAB ABA AC PESC QD 5/8X2.1/2P	UN	151	L2	Utilização livre depósito INVT	8,04	1214,04
GA02	2G-06-03B	401120	LUVA EMENDA COMPR AL 240MM2	UN	16	L2	Utilização livre depósito INVT	11,69	187,04
GA02	2G-06-03B	401455	CONECTOR PARALELO AL 1/0-336,4CA/CAA	UN	32	L2	Utilização livre depósito INVT	0,01	0,32
GA02	2G-06-03B	401933	PARAFUSO SXT 7/16 S/PORCA	UN	356	L2	Utilização livre depósito INVT	0,97	345,32
GA02	2G-06-03B	402128	PARAFUSO CAB SXT LIGA AC 1/2X1.1/2P	UN	1559	L2	Utilização livre depósito INVT	9,29	14483,11
GA02	2G-06-03B	403709	LUVA EMENDA COMPR CU 120MM2	UN	116	L2	Utilização livre depósito INVT	3,92	454,72
GA02	2G-06-03B	403849	PRENSA CABO 3/4P AL C/BUCHA NEOP	UN	89	L2	Utilização livre depósito INVT	5,68	505,52
GA02	2G-06-03B	403945	LUVA PRE-ISOLADA EMEND CABO 2,5MM2 COMPR	UN	1144	L2	Utilização livre depósito INVT	25,26	28897,44
GA02	2G-06-03B	404737	TERMINAL CHAVE SEC 1F 15KV 35-120MM2	CJ	6	L2	Utilização livre depósito INVT	112	672
GA02	2G-06-03B	404743	LUVA EMENDA CABO ISOLADO 10MM	UN	110	L2	Utilização livre depósito INVT	1,64	180,4
GA02	2G-06-03B	404744	LUVA EMENDA CABO ISOLADO 16MM	UN	273	L2	Utilização livre depósito INVT	2,21	603,33
GA02	2G-06-03B	405482	TERMINAL COMPRESSAO OLHAL ESTANHAD 95MM2	UN	186	L2	Utilização livre depósito INVT	11,74	2183,64
GA02	2G-06-03B	405484	LUVA EMENDA CABO AL COB 70MM2	UN	237	L2	Utilização livre depósito INVT	12,16	2881,92
GA02	2G-06-03B	406534	TERMINAL GARFO PRÉ-ISOL. 4MMx6MM	UN	500	L2	Utilização livre depósito INVT	0,37	185
GA02	2G-06-03C	403409	RELIGADOR 3F AUTOMATICO 15KV 630A 12,5kA	UN	2	L2	Utilização livre depósito INVT	57529,13	115058,26
GA02	2G-06-03D	403409	RELIGADOR 3F AUTOMATICO 15KV 630A 12,5kA	UN	2	L2	Utilização livre depósito INVT	57529,13	115058,26
GA02	2G-06-04A	401132	PARAFUSO CAB SXT AC 3/8X1.1/2P UNC	UN	1942	L2	Utilização livre depósito INVT	0,44	854,48
GA02	2G-06-04A	402067	ARRUELA PARAF SXT 3/8P	UN	6848	L2	Utilização livre depósito INVT	0,1	684,8
GA02	2G-06-04A	402431	PARAFUSO CAB SXT AC 7/16X1.1/4P	UN	1920	L2	Utilização livre depósito INVT	1,2	2304
GA02	2G-06-04A	404287	PARAFUSO CAB SXT COBRE ESTANHADO 12X45MM	UN	247	L2	Utilização livre depósito INVT	13,86	3423,42
GA02	2G-06-04B	400017	TERMINAL PRE ISOL PINO TUBULAR 95MM2 AZ	UN	50	L2	Utilização livre depósito INVT	2,03	101,5
GA02	2G-06-04B	400022	TERMINAL P/ CABO 2,5MM2 OLHAL FURO 4,3MM	UN	13759	L2	Utilização livre depósito INVT	0,67	9218,53
GA02	2G-06-04B	401358	TERMINAL OLHAL COMP P/ CABO COBRE 95MM	UN	39	L2	Utilização livre depósito INVT	2,39	93,21
GA02	2G-06-04B	402005	TERMINAL COMPRESSAO OLHAL 120MM2 1F	UN	2036	L2	Utilização livre depósito INVT	5,84	11890,24
GA02	2G-06-04B	402165	ARRUELA RED ELET RIG AL 1/2P ROS NPT	UN	400	L2	Utilização livre depósito INVT	1,11	444
GA02	2G-06-04B	402456	TERMINAL OLHAL 4MM2 AM	UN	1781	L2	Utilização livre depósito INVT	0,78	1389,18
GA02	2G-06-04B	402783	LUVA PRE-ISOLADA EMENDA CABO CU 6,0MM2	UN	1249	L2	Utilização livre depósito INVT	0,18	224,82
GA02	2G-06-04B	402888	TERMINAL PRE-ISOLADO ENC AM 4-6MM2	UN	1148	L2	Utilização livre depósito INVT	0,2	229,6
GA02	2G-06-04B	402902	TERMINAL PRE-ISOL ENC MACH 1,5-2,5MM2 AZ	UN	1248	L2	Utilização livre depósito INVT	0,19	237,12
GA02	2G-06-04B	404031	ANILHA NUMERO "1" 4-16MM	UN	2721	L2	Utilização livre depósito INVT	0,08	217,68
GA02	2G-06-04B	404224	TERMINAL ISOL TIPO PINO 2,5MM AZ	UN	900	L2	Utilização livre depósito INVT	0,12	108
GA02	2G-06-04B	404250	TERMINAL PINO TUBULAR 4,0MM2	UN	3297	L2	Utilização livre depósito INVT	0,36	1186,92
GA02	2G-06-04B	404441	TERMINAL PRE-ISOL PINO 6MM2 LING OLHAL	UN	1159	L2	Utilização livre depósito INVT	0,75	869,25
GA02	2G-06-04B	405490	TERMINAL COMPRESSAO OLHAL ESTAN 25MM2 M6	UN	3718	L2	Utilização livre depósito INVT	2,61	9703,98
GA02	2G-06-04B	406533	TERMINAL TIPO OLHAL PRÉ-ISOL. 4MMx6MM AM	UN	67	L2	Utilização livre depósito INVT	0,01	0,67
GA02	2G-06-04B	408877	TERMINAL COBRE FEMEA 1.5-2.5MM	UN	1633	L2	Utilização livre depósito INVT	0,46	751,18
GA02	2G-06-04C	403409	RELIGADOR 3F AUTOMATICO 15KV 630A 12,5kA	UN	2	L2	Utilização livre depósito INVT	57529,13	115058,26
GA02	2G-06-04D	403409	RELIGADOR 3F AUTOMATICO 15KV 630A 12,5kA	UN	2	L2	Utilização livre depósito INVT	57529,13	115058,26
GA02	2G-06-04E	400736	CAPA PROTETORA CONEC CUNHA 15KV AZ/BR	UN	1566	L2	Utilização livre depósito INVT	28,53	44677,98
GA02	2G-06-04E	403594	ALCA PREFORM CABO CONC  2X16 + 16	UN	2250	L2	Utilização livre depósito INVT	10,04	22590
GA02	2G-06-05A	402287	ARMACAO SEC PRESB 1EST 4,2MM ACO	UN	1461	L2	Utilização livre depósito INVT	10,87	15881,07
GA02	2G-06-05A	800499	MAO-FRANCESA NORMAL AC 710X32X6,5MM	UN	2563	F3	Utilização livre depósito CUST	9,42	24143,46
GA02	2G-06-05B	401004	RELIGADOR 1F AUTOMAT 7,96 KV 100A 6,3kA	UN	1	L2	Utilização livre depósito INVT	21987,01	21987,01
GA02	2G-06-05B	401620	LACO PREF ROLD CA 2/0AWG LJ	UN	2138	L2	Utilização livre depósito INVT	2,91	6221,58
GA02	2G-06-05B	407130	RELIGADOR 1F AUTOMATICO 15KV 200A 6,3kA	PEÇ	9	L2	Utilização livre depósito INVT	14945,42	134508,78
GA02	2G-06-05C	400635	CONECTOR CUNHA 6,20-11,32MMX1, 36-5,10MM	UN	98	L2	Utilização livre depósito INVT	1,74	170,52
GA02	2G-06-05C	402672	ARAME GALV 14AWG	UN	450	L2	Utilização livre depósito INVT	23,11	10399,5
GA02	2G-06-05C	404011	BUCHA PVC DIAMETRO  1 POL  COM ARRUELA	UN	5552	L2	Utilização livre depósito INVT	1,73	9604,96
GA02	2G-06-05D	403594	ALCA PREFORM CABO CONC  2X16 + 16	UN	4500	L2	Utilização livre depósito INVT	10,04	45180
GA02	2G-06-06A	400665	GRAMPO ANCOR CUNHA AL 50MM2 400DAN	UN	2	L2	Utilização livre depósito INVT	26,89	53,78
GA02	2G-06-06A	402374	GRAMPO ANCOR CUNHA AL 35MM2 400DAN	UN	553	L2	Utilização livre depósito INVT	20,54	11358,62
GA02	2G-06-06B	400651	GRAMPO ANCOR CABO 477MCM 8000KGF	UN	1151	L2	Utilização livre depósito INVT	6,84	7872,84
GA02	2G-06-06B	400667	ALCA PREFORM COND CONC 10MM2	UN	594	L2	Utilização livre depósito INVT	2,36	1401,84
GA02	2G-06-06C	401952	LACO PREF TOPO DUPLO CA 336,4MCM VM	UN	1210	L2	Utilização livre depósito INVT	2,18	2637,8
GA02	2G-06-06D	403594	ALCA PREFORM CABO CONC  2X16 + 16	UN	4950	L2	Utilização livre depósito INVT	10,04	49698
GA02	2G-06-07A	400972	PARAFUSO OLH AC 5/8P 800MM	UN	129	L2	Utilização livre depósito INVT	25,36	3271,44
GA02	2G-06-07A	402401	PINO ISOLADOR POLIMERICO AC 15KV 200MM	UN	1262	L2	Utilização livre depósito INVT	26,28	33165,36
GA02	2G-06-07B	403594	ALCA PREFORM CABO CONC  2X16 + 16	UN	1215	L2	Utilização livre depósito INVT	10,04	12198,6
GA02	2G-06-07B	403647	ALCA PREFORM CABO CONC 3X95 +70	UN	439	L2	Utilização livre depósito INVT	20,49	8995,11
GA02	2G-06-07C	401105	LACO LATERAL DUPLO 4/0AWG	UN	2200	L2	Utilização livre depósito INVT	3,21	7062
GA02	2G-06-07D	403594	ALCA PREFORM CABO CONC  2X16 + 16	UN	5400	L2	Utilização livre depósito INVT	10,04	54216
GA02	2G-06-08A	400678	ALCA PREFORM SERV 35MM2 45MM2	UN	7687	L2	Utilização livre depósito INVT	1,09	8378,83
GA02	2G-06-08A	400942	PARAFUSO CAB ABA PESC QD AC 16MM 70MM	UN	11748	L2	Utilização livre depósito INVT	4,68	54980,64
GA02	2G-06-08A	401853	HASTE ANCORA AC 600MM 16MM 5000DAN	UN	285	L2	Utilização livre depósito INVT	27,72	7900,2
GA02	2G-06-08B	403045	BUCHA C/ARRUELA PVC 1.1/2P	UN	6200	L2	Utilização livre depósito INVT	3,59	22258
GA02	2G-06-08C	401105	LACO LATERAL DUPLO 4/0AWG	UN	2570	L2	Utilização livre depósito INVT	3,21	8249,7
GA02	2G-06-08D	403594	ALCA PREFORM CABO CONC  2X16 + 16	UN	5400	L2	Utilização livre depósito INVT	10,04	54216
GA02	2G-06-09A	403594	ALCA PREFORM CABO CONC  2X16 + 16	UN	559	L2	Utilização livre depósito INVT	10,04	5612,36
GA02	2G-06-09B	400848	LACO PREF DUPLO LATERAL 1/0AWG	UN	500	L2	Utilização livre depósito INVT	6,5	3250
GA02	2G-06-09B	403515	ABRACADEIRA BAP 3 1200MMX381MM PARAF	UN	2240	L2	Utilização livre depósito INVT	13,85	31024
GA02	2G-06-09B	800093	LACO PREF LATERAL DUPLO CA/CAA 336,4MCM	UN	490	F3	Utilização livre depósito CUST	3,42	1675,8
GA02	2G-06-09C	400351	ALCA PREFORM SERV 1X16+16MM2	UN	4613	L2	Utilização livre depósito INVT	0,94	4336,22
GA02	2G-06-09C	402374	GRAMPO ANCOR CUNHA AL 35MM2 400DAN	UN	1680	L2	Utilização livre depósito INVT	20,54	34507,2
GA02	2G-06-09D	403594	ALCA PREFORM CABO CONC  2X16 + 16	UN	5400	L2	Utilização livre depósito INVT	10,04	54216
GA02	2G-06-10A	400192	PARAFUSO CAB QD AC 16MM 250MM	UN	3217	L2	Utilização livre depósito INVT	14,51	46678,67
GA02	2G-06-10B	400860	LUVA EMENDA PREFORMADA LS -0118	UN	1920	L2	Utilização livre depósito INVT	9,45	18144
GA02	2G-06-10C	401827	ALCA PREFORM SERV 10MM2 3,7-4,1MM2	UN	23635	L2	Utilização livre depósito INVT	1,65	38997,75
GA02	2G-06-10C	403641	ALCA PREFORM CABO CONC  3X16 + 16	UN	1480	L2	Utilização livre depósito INVT	10,32	15273,6
GA02	2G-06-10D	403594	ALCA PREFORM CABO CONC  2X16 + 16	UN	5400	L2	Utilização livre depósito INVT	10,04	54216
GA02	2G-06-11A	400193	PARAFUSO OLHAL AC 5/8P 20P	UN	1419	L2	Utilização livre depósito INVT	29,47	41817,93
GA02	2G-06-11B	400851	EMENDA PREF COND AL 2/0 AWG 1016MM	UN	700	L2	Utilização livre depósito INVT	22,43	15701
GA02	2G-06-11C	401608	PARA-RAIO DISTRIB POL 280V 10KA ISOL	UN	1571	L2	Utilização livre depósito INVT	50,42	79209,82
GA02	2G-06-11C	401840	LACO PREF ROLD CA 336,4 MCM LARANJA	UN	1280	L2	Utilização livre depósito INVT	2,35	3008
GA02	2G-06-11D	403594	ALCA PREFORM CABO CONC  2X16 + 16	UN	5400	L2	Utilização livre depósito INVT	10,04	54216
GA02	2G-06-12A	400954	PARAFUSO CAB QD MAQ AC 5/8X20P	UN	1040	L2	Utilização livre depósito INVT	18,95	19708
GA02	2G-06-12A	401155	PARAFUSO CAB QD AC 16MM 500MM	UN	1236	L2	Utilização livre depósito INVT	14,63	18082,68
GA02	2G-06-12B	401546	EMENDA PREF COND AL 2AWG 711MM	UN	1800	L2	Utilização livre depósito INVT	7,1	12780
GA02	2G-06-12B	404289	ABRACADEIRA U FE GALV 1 P	UN	8729	L2	Utilização livre depósito INVT	0,01	87,29
GA02	2G-06-12C	401916	LACO LATERAL PREF DUPLO 2/0AWG	UN	3224	L2	Utilização livre depósito INVT	3,08	9929,92
GA02	2G-06-12C	401952	LACO PREF TOPO DUPLO CA 336,4MCM VM	UN	2340	L2	Utilização livre depósito INVT	2,18	5101,2
GA02	2G-06-12D	403594	ALCA PREFORM CABO CONC  2X16 + 16	UN	5400	L2	Utilização livre depósito INVT	10,04	54216
GA02	2G-06-13A	400951	PARAFUSO MAQ CAB QD AC 5/8X24P	UN	413	L2	Utilização livre depósito INVT	25,76	10638,88
GA02	2G-06-13B	402374	GRAMPO ANCOR CUNHA AL 35MM2 400DAN	UN	1320	L2	Utilização livre depósito INVT	20,54	27112,8
GA02	2G-06-13B	403515	ABRACADEIRA BAP 3 1200MMX381MM PARAF	UN	2000	L2	Utilização livre depósito INVT	13,85	27700
GA02	2G-06-13C	403675	ALCA PREFORM CABO CONC  3X25 + 25	UN	1680	L2	Utilização livre depósito INVT	11,85	19908
GA02	2G-06-13D	403682	BUCHA LOK 01	UN	219064	L2	Utilização livre depósito INVT	0,85	186204,4
GA02	2G-06-14A	400181	PARAFUSO CAB QD 16X500MM EM AC	UN	3105	L2	Utilização livre depósito INVT	7,62	23660,1
GA02	2G-06-14A	402127	PARAFUSO CAB ABA AC 16MM 45MM	UN	1676	L2	Utilização livre depósito INVT	4,41	7391,16
GA02	2G-06-14B	400880	LACO PREF ISOLADOR ROLD CA 2AWG LJ 33MM2	UN	336	L2	Utilização livre depósito INVT	1,91	641,76
GA02	2G-06-14B	403647	ALCA PREFORM CABO CONC 3X95 +70	UN	266	L2	Utilização livre depósito INVT	20,49	5450,34
GA02	2G-06-14C	403675	ALCA PREFORM CABO CONC  3X25 + 25	UN	1680	L2	Utilização livre depósito INVT	11,85	19908
GA02	2G-06-14D	400122	LACO PREF TOPO CAA/CA 4/0AWG VM	UN	3515	L2	Utilização livre depósito INVT	2,03	7135,45
GA02	2G-06-14D	400373	ALCA PREFORM SERV 25MM2 45MM2	UN	13350	L2	Utilização livre depósito INVT	0,78	10413
GA02	2G-06-15A	401655	PARAFUSO CAB QD 16X400MM AC	UN	5526	L2	Utilização livre depósito INVT	12,34	68190,84
GA02	2G-06-15B	403838	ALCA PREFORM CABO CONC  1X16 + 16	UN	9600	L2	Utilização livre depósito INVT	3,07	29472
GA02	2G-06-15C	402365	CONECTOR DER AL 1/0-4/0AWG 1/0-4/0AWG	UN	7313	L2	Utilização livre depósito INVT	20	146260
GA02	2G-06-15D	401088	LACO LATERAL PREF CAA E CA 1/0AWG DUPLO	UN	4000	L2	Utilização livre depósito INVT	2,18	8720
GA02	2G-06-16A	400955	PARAFUSO CAB ABA AC 16MM 150MM	UN	2092	L2	Utilização livre depósito INVT	4,21	8807,32
GA02	2G-06-16A	401763	PARAFUSO OLH AC 5/8P 650MM	UN	376	L2	Utilização livre depósito INVT	37,57	14126,32
GA02	2G-06-16A	800528	PARAFUSO OLH AC 5/8P 650MM	UN	7	F3	Utilização livre depósito CUST	28,31	198,17
GA02	2G-06-16B	403838	ALCA PREFORM CABO CONC  1X16 + 16	UN	17366	L2	Utilização livre depósito INVT	3,07	53313,62
GA02	2G-06-16C	401105	LACO LATERAL DUPLO 4/0AWG	UN	2200	L2	Utilização livre depósito INVT	3,21	7062
GA02	2G-06-16C	403641	ALCA PREFORM CABO CONC  3X16 + 16	UN	1480	L2	Utilização livre depósito INVT	10,32	15273,6
GA02	2G-06-16D	403675	ALCA PREFORM CABO CONC  3X25 + 25	UN	2115	L2	Utilização livre depósito INVT	11,85	25062,75
GA02	2G-06-17A	401692	PARAFUSO OLH AC 16MM 5/8P 475MM	UN	115	L2	Utilização livre depósito INVT	32,2	3703
GA02	2G-06-17B	409296	PRENSA-CABO ROSCA BSP 1.1/2 LP+P/ 40 DAN	PEÇ	4144	L2	Utilização livre depósito INVT	45,46	188386,24
GA02	2G-06-17D	400880	LACO PREF ISOLADOR ROLD CA 2AWG LJ 33MM2	UN	5000	L2	Utilização livre depósito INVT	1,91	9550
GA02	2G-06-17D	402331	BRACO C/GRAMPO SUSPE SECU 500DAN	UN	600	L2	Utilização livre depósito INVT	41,37	24822
GA02	2G-06-18A	400758	CHAVE SECC 1P 15KV 630A 110KV 25KA	UN	21	L2	Utilização livre depósito INVT	399,16	8382,36
GA02	2G-06-18A	402276	CHAVE FUSIVEL INDIC 15KV 200A/95KV BUC	UN	46	L2	Utilização livre depósito INVT	418,86	19267,56
GA02	2G-06-18B	401105	LACO LATERAL DUPLO 4/0AWG	UN	2100	L2	Utilização livre depósito INVT	3,21	6741
GA02	2G-06-18B	403838	ALCA PREFORM CABO CONC  1X16 + 16	UN	49	L2	Utilização livre depósito INVT	3,07	150,43
GA02	2G-06-18C	400588	EMENDA PREF COND AL 4/0AWG AM 1295MM	UN	478	L2	Utilização livre depósito INVT	57,07	27279,46
GA02	2G-06-19A	402433	PARA-RAIO DISTRIB POL 12KV 10KA S/CENT	UN	208	L2	Utilização livre depósito INVT	155,29	32300,32
GA02	2G-06-19B	400130	LACO PREF ROLD CA 4/0AWG LJ	UN	591	L2	Utilização livre depósito INVT	2,98	1761,18
GA02	2G-06-19C	402433	PARA-RAIO DISTRIB POL 12KV 10KA S/CENT	UN	240	L2	Utilização livre depósito INVT	155,29	37269,6
GA02	2G-06-19C	403739	PRENSA CABO 1.1/4P AL C/BUCHA NEOP	UN	6750	L2	Utilização livre depósito INVT	21,9	147825
GA02	2G-06-20A	400140	ISOLADOR RODL PORC 15KV 81X47MM 1350DAN	UN	3457	L2	Utilização livre depósito INVT	7,21	24924,97
GA02	2G-06-20B	402433	PARA-RAIO DISTRIB POL 12KV 10KA S/CENT	UN	480	L2	Utilização livre depósito INVT	155,29	74539,2
GA02	2G-06-21A	401686	PINO TOPO AC 25MM 389MM 2F 18X32MM	UN	693	L2	Utilização livre depósito INVT	11,9	8246,7
GA02	2G-06-21D	401616	LACO PREF LATERAL DUPLO CA/CAA 336,4MCM	UN	4280	L2	Utilização livre depósito INVT	3,42	14637,6
GA02	2G-06-22A	401711	ISOLADOR PINO PORC 15KV 102MM 1350KGF	UN	27	L2	Utilização livre depósito INVT	21,65	584,55
GA02	2G-06-22C	403641	ALCA PREFORM CABO CONC  3X16 + 16	UN	2960	L2	Utilização livre depósito INVT	10,32	30547,2
GA02	2G-06-23A	402221	ARMACAO SEC PRESB 4EST 4,5MM ACO	UN	160	L2	Utilização livre depósito INVT	40,84	6534,4
GA02	2G-06-23C	401088	LACO LATERAL PREF CAA E CA 1/0AWG DUPLO	UN	4880	L2	Utilização livre depósito INVT	2,18	10638,4
GA02	2G-06-23D	403641	ALCA PREFORM CABO CONC  3X16 + 16	UN	2438	L2	Utilização livre depósito INVT	10,32	25160,16
GA03	3G-01-11A	403168	SUPORTE PARA CAIXA SMC	UN	100	L2	Utilização livre depósito INVT	187,83	18783
GA03	3G-01-11A	403409	RELIGADOR 3F AUTOMATICO 15KV 630A 12,5kA	UN	1	L2	Utilização livre depósito INVT	57529,13	57529,13
GA03	3G-01-11B	402527	MED IN 1E 2F 120V 100A SMC DR B	UN	192	L2	Utilização livre depósito INVT	213,78	41045,76
GA03	3G-01-11B	402570	UNIDADE DE LEITURA INDIVIDUAL TLI - SMC	UN	192	L2	Utilização livre depósito INVT	125,79	24151,68
GA03	3G-01-11B	402625	GABINETE CONCENTR 12MOD 120V C/RADIO SMC	UN	1	L2	Utilização livre depósito INVT	2878,54	2878,54
GA03	3G-01-11C	402527	MED IN 1E 2F 120V 100A SMC DR B	UN	192	L2	Utilização livre depósito INVT	213,78	41045,76
GA03	3G-01-11C	402570	UNIDADE DE LEITURA INDIVIDUAL TLI - SMC	UN	192	L2	Utilização livre depósito INVT	125,79	24151,68
GA03	3G-01-11C	402625	GABINETE CONCENTR 12MOD 120V C/RADIO SMC	UN	16	L2	Utilização livre depósito INVT	2878,54	46056,64
GA03	3G-01-11D	402527	MED IN 1E 2F 120V 100A SMC DR B	UN	144	L2	Utilização livre depósito INVT	213,78	30784,32
GA03	3G-01-11D	402570	UNIDADE DE LEITURA INDIVIDUAL TLI - SMC	UN	144	L2	Utilização livre depósito INVT	125,79	18113,76
GA03	3G-01-11D	402625	GABINETE CONCENTR 12MOD 120V C/RADIO SMC	UN	12	L2	Utilização livre depósito INVT	2878,54	34542,48
GA03	3G-01-12A	403168	SUPORTE PARA CAIXA SMC	UN	100	L2	Utilização livre depósito INVT	187,83	18783
GA03	3G-01-12A	403409	RELIGADOR 3F AUTOMATICO 15KV 630A 12,5kA	UN	1	L2	Utilização livre depósito INVT	57529,13	57529,13
GA03	3G-01-12B	402527	MED IN 1E 2F 120V 100A SMC DR B	UN	192	L2	Utilização livre depósito INVT	213,78	41045,76
GA03	3G-01-12B	402570	UNIDADE DE LEITURA INDIVIDUAL TLI - SMC	UN	192	L2	Utilização livre depósito INVT	125,79	24151,68
GA03	3G-01-12B	402625	GABINETE CONCENTR 12MOD 120V C/RADIO SMC	UN	16	L2	Utilização livre depósito INVT	2878,54	46056,64
GA03	3G-01-12C	402527	MED IN 1E 2F 120V 100A SMC DR B	UN	192	L2	Utilização livre depósito INVT	213,78	41045,76
GA03	3G-01-12C	402570	UNIDADE DE LEITURA INDIVIDUAL TLI - SMC	UN	192	L2	Utilização livre depósito INVT	125,79	24151,68
GA03	3G-01-12C	402625	GABINETE CONCENTR 12MOD 120V C/RADIO SMC	UN	16	L2	Utilização livre depósito INVT	2878,54	46056,64
GA03	3G-01-12D	402527	MED IN 1E 2F 120V 100A SMC DR B	UN	144	L2	Utilização livre depósito INVT	213,78	30784,32
GA03	3G-01-12D	402570	UNIDADE DE LEITURA INDIVIDUAL TLI - SMC	UN	144	L2	Utilização livre depósito INVT	125,79	18113,76
GA03	3G-01-12D	402625	GABINETE CONCENTR 12MOD 120V C/RADIO SMC	UN	12	L2	Utilização livre depósito INVT	2878,54	34542,48
GA03	3G-01-13A	403168	SUPORTE PARA CAIXA SMC	UN	100	L2	Utilização livre depósito INVT	187,83	18783
GA03	3G-01-13A	403409	RELIGADOR 3F AUTOMATICO 15KV 630A 12,5kA	UN	1	L2	Utilização livre depósito INVT	57529,13	57529,13
GA03	3G-01-13B	402527	MED IN 1E 2F 120V 100A SMC DR B	UN	192	L2	Utilização livre depósito INVT	213,78	41045,76
GA03	3G-01-13B	402570	UNIDADE DE LEITURA INDIVIDUAL TLI - SMC	UN	192	L2	Utilização livre depósito INVT	125,79	24151,68
GA03	3G-01-13B	402625	GABINETE CONCENTR 12MOD 120V C/RADIO SMC	UN	16	L2	Utilização livre depósito INVT	2878,54	46056,64
GA03	3G-01-13C	402527	MED IN 1E 2F 120V 100A SMC DR B	UN	192	L2	Utilização livre depósito INVT	213,78	41045,76
GA03	3G-01-13C	402570	UNIDADE DE LEITURA INDIVIDUAL TLI - SMC	UN	192	L2	Utilização livre depósito INVT	125,79	24151,68
GA03	3G-01-13C	402625	GABINETE CONCENTR 12MOD 120V C/RADIO SMC	UN	16	L2	Utilização livre depósito INVT	2878,54	46056,64
GA03	3G-01-13D	402527	MED IN 1E 2F 120V 100A SMC DR B	UN	144	L2	Utilização livre depósito INVT	213,78	30784,32
GA03	3G-01-13D	402570	UNIDADE DE LEITURA INDIVIDUAL TLI - SMC	UN	144	L2	Utilização livre depósito INVT	125,79	18113,76
GA03	3G-01-13D	402625	GABINETE CONCENTR 12MOD 120V C/RADIO SMC	UN	12	L2	Utilização livre depósito INVT	2878,54	34542,48
GA03	3G-01-14A	403168	SUPORTE PARA CAIXA SMC	UN	100	L2	Utilização livre depósito INVT	187,83	18783
GA03	3G-01-14A	403409	RELIGADOR 3F AUTOMATICO 15KV 630A 12,5kA	UN	1	L2	Utilização livre depósito INVT	57529,13	57529,13
GA03	3G-01-14B	402527	MED IN 1E 2F 120V 100A SMC DR B	UN	192	L2	Utilização livre depósito INVT	213,78	41045,76
GA03	3G-01-14B	402570	UNIDADE DE LEITURA INDIVIDUAL TLI - SMC	UN	192	L2	Utilização livre depósito INVT	125,79	24151,68
GA03	3G-01-14B	402625	GABINETE CONCENTR 12MOD 120V C/RADIO SMC	UN	16	L2	Utilização livre depósito INVT	2878,54	46056,64
GA03	3G-01-14C	402527	MED IN 1E 2F 120V 100A SMC DR B	UN	192	L2	Utilização livre depósito INVT	213,78	41045,76
GA03	3G-01-14C	402570	UNIDADE DE LEITURA INDIVIDUAL TLI - SMC	UN	192	L2	Utilização livre depósito INVT	125,79	24151,68
GA03	3G-01-14C	402625	GABINETE CONCENTR 12MOD 120V C/RADIO SMC	UN	16	L2	Utilização livre depósito INVT	2878,54	46056,64
GA03	3G-01-14D	402527	MED IN 1E 2F 120V 100A SMC DR B	UN	72	L2	Utilização livre depósito INVT	213,78	15392,16
GA03	3G-01-14D	402570	UNIDADE DE LEITURA INDIVIDUAL TLI - SMC	UN	72	L2	Utilização livre depósito INVT	125,79	9056,88
GA03	3G-01-14D	402625	GABINETE CONCENTR 12MOD 120V C/RADIO SMC	UN	6	L2	Utilização livre depósito INVT	2878,54	17271,24
GA03	3G-01-15A	403168	SUPORTE PARA CAIXA SMC	UN	100	L2	Utilização livre depósito INVT	187,83	18783
GA03	3G-01-15B	402527	MED IN 1E 2F 120V 100A SMC DR B	UN	192	L2	Utilização livre depósito INVT	213,78	41045,76
GA03	3G-01-15B	402570	UNIDADE DE LEITURA INDIVIDUAL TLI - SMC	UN	192	L2	Utilização livre depósito INVT	125,79	24151,68
GA03	3G-01-15B	402625	GABINETE CONCENTR 12MOD 120V C/RADIO SMC	UN	16	L2	Utilização livre depósito INVT	2878,54	46056,64
GA03	3G-01-15C	402527	MED IN 1E 2F 120V 100A SMC DR B	UN	192	L2	Utilização livre depósito INVT	213,78	41045,76
GA03	3G-01-15C	402570	UNIDADE DE LEITURA INDIVIDUAL TLI - SMC	UN	192	L2	Utilização livre depósito INVT	125,79	24151,68
GA03	3G-01-15C	402625	GABINETE CONCENTR 12MOD 120V C/RADIO SMC	UN	16	L2	Utilização livre depósito INVT	2878,54	46056,64
GA03	3G-01-15D	402527	MED IN 1E 2F 120V 100A SMC DR B	UN	144	L2	Utilização livre depósito INVT	213,78	30784,32
GA03	3G-01-15D	402570	UNIDADE DE LEITURA INDIVIDUAL TLI - SMC	UN	144	L2	Utilização livre depósito INVT	125,79	18113,76
GA03	3G-01-15D	402625	GABINETE CONCENTR 12MOD 120V C/RADIO SMC	UN	12	L2	Utilização livre depósito INVT	2878,54	34542,48
GA03	3G-02-07B	405095	ANILHA MARC LETRA C CABO 4-16MM2	UN	40000	L2	Utilização livre depósito INVT	0,77	30800
GA03	3G-02-07B	405097	ANILHA MARC LETRA P CABO 4-16MM2	UN	50000	L2	Utilização livre depósito INVT	1,01	50500
GA03	3G-02-07B	405098	ANILHA MARC LETRA S CABO 4-16MM2	UN	45000	L2	Utilização livre depósito INVT	0,06	2700
GA03	3G-02-11A	403168	SUPORTE PARA CAIXA SMC	UN	200	L2	Utilização livre depósito INVT	187,83	37566
GA03	3G-02-11B	402625	GABINETE CONCENTR 12MOD 120V C/RADIO SMC	UN	19	L2	Utilização livre depósito INVT	2878,54	54692,26
GA03	3G-02-11C	402625	GABINETE CONCENTR 12MOD 120V C/RADIO SMC	UN	24	L2	Utilização livre depósito INVT	2878,54	69084,96
GA03	3G-02-11D	402625	GABINETE CONCENTR 12MOD 120V C/RADIO SMC	UN	40	L2	Utilização livre depósito INVT	2878,54	115141,6
GA03	3G-02-12A	403168	SUPORTE PARA CAIXA SMC	UN	200	L2	Utilização livre depósito INVT	187,83	37566
GA03	3G-02-12B	402625	GABINETE CONCENTR 12MOD 120V C/RADIO SMC	UN	24	L2	Utilização livre depósito INVT	2878,54	69084,96
GA03	3G-02-12C	402625	GABINETE CONCENTR 12MOD 120V C/RADIO SMC	UN	24	L2	Utilização livre depósito INVT	2878,54	69084,96
GA03	3G-02-12D	402625	GABINETE CONCENTR 12MOD 120V C/RADIO SMC	UN	40	L2	Utilização livre depósito INVT	2878,54	115141,6
GA03	3G-02-13A	403168	SUPORTE PARA CAIXA SMC	UN	200	L2	Utilização livre depósito INVT	187,83	37566
GA03	3G-02-13B	402625	GABINETE CONCENTR 12MOD 120V C/RADIO SMC	UN	24	L2	Utilização livre depósito INVT	2878,54	69084,96
GA03	3G-02-13C	402625	GABINETE CONCENTR 12MOD 120V C/RADIO SMC	UN	24	L2	Utilização livre depósito INVT	2878,54	69084,96
GA03	3G-02-13D	402625	GABINETE CONCENTR 12MOD 120V C/RADIO SMC	UN	40	L2	Utilização livre depósito INVT	2878,54	115141,6
GA03	3G-02-14A	403168	SUPORTE PARA CAIXA SMC	UN	200	L2	Utilização livre depósito INVT	187,83	37566
GA03	3G-02-14B	402625	GABINETE CONCENTR 12MOD 120V C/RADIO SMC	UN	24	L2	Utilização livre depósito INVT	2878,54	69084,96
GA03	3G-02-14C	402625	GABINETE CONCENTR 12MOD 120V C/RADIO SMC	UN	24	L2	Utilização livre depósito INVT	2878,54	69084,96
GA03	3G-02-14D	402625	GABINETE CONCENTR 12MOD 120V C/RADIO SMC	UN	36	L2	Utilização livre depósito INVT	2878,54	103627,44
GA03	3G-02-15A	403168	SUPORTE PARA CAIXA SMC	UN	200	L2	Utilização livre depósito INVT	187,83	37566
GA03	3G-02-15B	402625	GABINETE CONCENTR 12MOD 120V C/RADIO SMC	UN	24	L2	Utilização livre depósito INVT	2878,54	69084,96
GA03	3G-02-15C	402625	GABINETE CONCENTR 12MOD 120V C/RADIO SMC	UN	24	L2	Utilização livre depósito INVT	2878,54	69084,96
GA03	3G-02-15D	402625	GABINETE CONCENTR 12MOD 120V C/RADIO SMC	UN	40	L2	Utilização livre depósito INVT	2878,54	115141,6
GA03	3G-03-01A	110559	TALABARTE DE POSICIONAMENTO EM CORDA	UN	40	F3	Utilização livre depósito CUST	216,67	8666,8
GA03	3G-03-01A	120083	PROTETOR TALABARTE 700X150X2,5MM 230G	PAR	223	F3	Utilização livre depósito CUST	32,4	7225,2
GA03	3G-03-01A	120154	TRAVA-QUEDAS AI 12MM 2200KGF	UN	180	F3	Utilização livre depósito CUST	286,38	51548,4
GA03	3G-03-01A	801615	CABECOTE MANOBRA C/ENCAIXE UNIV ME-U	UN	29	F3	Utilização livre depósito CUST	33	957
GA03	3G-03-01A	803744	CABECOTE MANOBRA CHAVES TRABALHO  ALTURA	UN	30	F3	Utilização livre depósito CUST	3,55	106,5
GA03	3G-03-01A	803747	CABECOTE PARA MANOBRA DE CHAVES	UN	30	F3	Utilização livre depósito CUST	24,22	726,6
GA03	3G-03-01A	803908	MOITAO TRIPLO PLAST C/CORDA 5/8P 750KG	UN	6	F3	Utilização livre depósito CUST	158	948
GA03	3G-03-01A	805400	PORCA SEXTAVADA, M8, ZINCADA	UN	30	F3	Utilização livre depósito CUST	0,31	9,3
GA03	3G-03-01B	120348	CALCA RESIST ARCO ELET/CHAMA 56 ATPV 9.0	UN	8	F3	Utilização livre depósito CUST	113,66	909,28
GA03	3G-03-01C	120296	BOLSA/MOCHILA KIT DE TRABALHO EM ALTURA	UN	69	F3	Utilização livre depósito CUST	241,87	16689,03
GA03	3G-03-01C	400685	ATERRAMENTO TEMP CJ SERV LINHA MT 15KV	UN	51	L2	Utilização livre depósito INVT	1692,9	86337,9
GA03	3G-03-01D	120013	MACACAO PROF MASC 46 CAQUI PANT	UN	20	F3	Utilização livre depósito CUST	85	1700
GA03	3G-03-01D	120038	GANCHO ANCORAGEM AC	UN	49	F3	Utilização livre depósito CUST	138,75	6798,75
GA03	3G-03-01D	120060	MACACAO DESC MANGA CP TYVEK BR 50	UN	35	F3	Utilização livre depósito CUST	27,91	976,85
GA03	3G-03-01D	120089	MOSQUETAO P/CORDA FLV 3506 150G	UN	24	F3	Utilização livre depósito CUST	65,56	1573,44
GA03	3G-03-01D	120195	FREIO ABS AL 99X48X30MM	UN	44	F3	Utilização livre depósito CUST	404,7	17806,8
GA03	3G-03-01D	120227	FITA ANCORAGEM LV PES 25MM 2,5MM 1500KGF	UN	90	F3	Utilização livre depósito CUST	116,55	10489,5
GA03	3G-03-01D	402917	ROLDANA FERGON FG232R	UN	21	L2	Utilização livre depósito INVT	0,01	0,21
GA03	3G-03-01D	403627	MOITAO TRIPLO PLAST C/CORDA 5/8P 750KG	UN	118	L2	Utilização livre depósito INVT	158	18644
GA03	3G-03-01E	407094	SEALTUBO 1.1/2 FLEX ESP. AÇO CAPA PVC	M	960	L2	Utilização livre depósito INVT	70,33	67516,8
GA03	3G-03-02A	120010	LUVA NITRÍLICA	PAR	1614	F3	Utilização livre depósito CUST	4,59	7408,26
GA03	3G-03-02A	120295	MÁSCARA DESCARTÁVEL CONTRA POEIRAS PFF1	UN	1830	F3	Utilização livre depósito CUST	3,33	6093,9
GA03	3G-03-02C	110502	AUTO TRAFO BIV CANE MET 1500VA	UN	20	F3	Utilização livre depósito CUST	108,49	2169,8
GA03	3G-03-02C	110614	AUTO TRAFO BIV CANE MET 2000VA	UN	9	F3	Utilização livre depósito CUST	124,6	1121,4
GA03	3G-03-02C	110615	AUTO TRAFO BIV CANE MET 1010VA	UN	29	F3	Utilização livre depósito CUST	95	2755
GA03	3G-03-02C	801534	QUADRO DISTRIB EMB 12/16 DISJ	UN	24	F3	Utilização livre depósito CUST	159,02	3816,48
GA03	3G-03-02C	802926	LANTERNA 3 ELEM 3 PILHAS GRD	UN	12	F3	Utilização livre depósito CUST	7,46	89,52
GA03	3G-03-02D	120164	TALABARTE SEG Y CAD 35M 1600MM	UN	5	F3	Utilização livre depósito CUST	293,66	1468,3
GA03	3G-03-02D	120181	DISPOSITIVO ANCORAGEM AGULHAO C/OLHAL	UN	25	F3	Utilização livre depósito CUST	96,68	2417
GA03	3G-03-02D	402648	QUADRO DISTRIB EMB 180MM 3 DISJ MON	UN	8	L2	Utilização livre depósito INVT	1,16	9,28
GA03	3G-03-02D	403662	COMPOSTO ANTI-OXIDO CONEXAO COND AL 1KG	UN	20	L2	Utilização livre depósito INVT	19,47	389,4
GA03	3G-03-02D	403888	CONTATOR MAGNETICO 2NF+2NA 220VCA	UN	4	L2	Utilização livre depósito INVT	44,9	179,6
GA03	3G-03-02D	800463	FITA ANCORAGEM PES 25MM 1500KGF	UN	148	F3	Utilização livre depósito CUST	104,76	15504,48
GA03	3G-03-02D	800904	FITA ANCORAGEM PES 1200MM	UN	223	F3	Utilização livre depósito CUST	69,93	15594,39
GA03	3G-03-02D	801461	QUADRO DISTRIB SOB 27/36 DISJ	UN	52	F3	Utilização livre depósito CUST	216,82	11274,64
GA03	3G-03-02E	407094	SEALTUBO 1.1/2 FLEX ESP. AÇO CAPA PVC	M	441	L2	Utilização livre depósito INVT	70,33	31015,53
GA03	3G-03-02E	800800	SEALTUBO ACO ZINC 1.1/2P 436X382MM	M	44	F3	Utilização livre depósito CUST	70,33	3094,52
GA03	3G-03-03A	120016	PLACA SINAL SEG PVC 67X47CM UOPO	UN	66	F3	Utilização livre depósito CUST	68,99	4553,34
GA03	3G-03-03A	120074	PLACA SINAL DOB PE 30X50CM 3MM	UN	23	F3	Utilização livre depósito CUST	28	644
GA03	3G-03-03A	120094	PLACA SINAL SEG 67X47CM PERI RISCO MORTE	UN	47	F3	Utilização livre depósito CUST	72	3384
GA03	3G-03-03A	120101	PLACA SINAL REGUL PLAS 25X18CM LUZ	UN	44	F3	Utilização livre depósito CUST	12,79	562,76
GA03	3G-03-03A	120117	CONE SINALIZACAO PVC LJ 75CM	UN	30	F3	Utilização livre depósito CUST	197,65	5929,5
GA03	3G-03-03A	120131	PLACA SINAL REGUL PLAS 25X18CM OC SEG	UN	4	F3	Utilização livre depósito CUST	12,79	51,16
GA03	3G-03-03A	120150	PLACA SINAL SEG PVC 67X47CM PER AT	UN	132	F3	Utilização livre depósito CUST	72	9504
GA03	3G-03-03A	120166	PLACA SINAL SEG PVC 67X47CM PNF	UN	46	F3	Utilização livre depósito CUST	66,43	3055,78
GA03	3G-03-03A	120175	CINTO SEG PARA-QUEDISTA TAM 1	UN	9	F3	Utilização livre depósito CUST	1035,99	9323,91
GA03	3G-03-03A	120298	PLACA PERIGO SOMENTE PESSOAL AUTORIZADO	UN	150	F3	Utilização livre depósito CUST	72	10800
GA03	3G-03-03B	120457	AVENTAL DESCARTAVEL TNT MANGA LONGA	UN	10	F3	Utilização livre depósito CUST	46,05	460,5
GA03	3G-03-03B	803443	PACOTE ESTOPA ALG ESP BR LIMP	PAC	80	F3	Utilização livre depósito CUST	11,07	885,6
GA03	3G-03-03C	110020	LUMINARIA PERFIL TRAPEZ SOB/BEM 1X20W	UN	40	F3	Utilização livre depósito CUST	3,7	148
GA03	3G-03-03C	110106	BANDEJAS PARA RACK	UN	68	F3	Utilização livre depósito CUST	43,53	2960,04
GA03	3G-03-03C	110337	LUMINARIA PERFIL TRAPEZ SOB/BEM 40W	UN	5	F3	Utilização livre depósito CUST	6,82	34,1
GA03	3G-03-03C	110578	LUMINARIA PERFIL TRAPEZ SOB/BEM 2X20W	UN	15	F3	Utilização livre depósito CUST	4,66	69,9
GA03	3G-03-03C	400132	LUMINARIA INDUSTRIAL AC 32W	UN	25	L2	Utilização livre depósito INVT	126	3150
GA03	3G-03-03C	400147	LUMINARIA PLAFONIER 150W	UN	24	L2	Utilização livre depósito INVT	72	1728
GA03	3G-03-03C	401999	LUMINARIA ARANDELA 45G ALF 20W	UN	8	L2	Utilização livre depósito INVT	50	400
GA03	3G-03-03D	407094	SEALTUBO 1.1/2 FLEX ESP. AÇO CAPA PVC	M	960	L2	Utilização livre depósito INVT	70,33	67516,8
GA03	3G-03-04A	110186	CANALETA PLAST CZ 50X50X2000MM	UN	245	F3	Utilização livre depósito CUST	9,87	2418,15
GA03	3G-03-04A	120099	VARA MANOBRA SECC TUB VID 6,45M	UN	16	F3	Utilização livre depósito CUST	630,37	10085,92
GA03	3G-03-04B	120285	FITA ZEBRADA AM/PT 70MMX200M	UN	48	F3	Utilização livre depósito CUST	13,55	650,4
GA03	3G-03-04B	407044	ESPIRAL DE 1/2 BRANCO	M	185	L2	Utilização livre depósito INVT	4,9	906,5
GA03	3G-03-04B	802839	PREGO CABECA CHATA 2.1/2X10POL	UN	175	F3	Utilização livre depósito CUST	17,77	3109,75
GA03	3G-03-04B	803080	TINTA ESM SINTE AMARELO SEC RAP 3,6L	UN	2	F3	Utilização livre depósito CUST	123,92	247,84
GA03	3G-03-04B	803916	MANTA DE BLINDAGEM MET. 10CMx1M	PEÇ	12	F3	Utilização livre depósito CUST	54,58	654,96
GA03	3G-03-04B	803965	PISTOLA  CORPO METÁ GRAVIDADE COM CANECA	UN	4	F3	Utilização livre depósito CUST	775,99	3103,96
GA03	3G-03-04B	804256	TINTA ACRILICA COR CONCRETO  PISO 18L	UN	2	F3	Utilização livre depósito CUST	241,94	483,88
GA03	3G-03-04C	110276	DOBRADICA DIVISORIA MET FRIS 1701	UN	109	F3	Utilização livre depósito CUST	9,4	1024,6
GA03	3G-03-04C	400330	CHAVE ESTRIA ACV N14 ISOL 1000V NBR9699	UN	24	L2	Utilização livre depósito INVT	75,43	1810,32
GA03	3G-03-04C	400337	CHAVE FENDA CRUZ ACV RED 3/16X6P	UN	21	L2	Utilização livre depósito INVT	8,3	174,3
GA03	3G-03-04C	400342	CHAVE ESTRIA ACV N19 ISOL 1000V NBR9699	UN	5	L2	Utilização livre depósito INVT	78,72	393,6
GA03	3G-03-04C	400437	CHAVE BOCA ESTR ACV 17MM TOT 175,5MM	UN	10	L2	Utilização livre depósito INVT	25,77	257,7
GA03	3G-03-04C	400643	CHAVE ESTRIA ACV N09 ISOL 1000V NBR9699	UN	41	L2	Utilização livre depósito INVT	67,03	2748,23
GA03	3G-03-04C	400659	CHAVE ESTRIA ACV N10 ISOL 1000V NBR9699	UN	45	L2	Utilização livre depósito INVT	68,18	3068,1
GA03	3G-03-04C	400703	ARRUELA AL SILICIO ELET 3P	UN	80	L2	Utilização livre depósito INVT	1,42	113,6
GA03	3G-03-04C	400747	CHAVE FIX ACV N11 ISOL 1000V NBR9699	UN	25	L2	Utilização livre depósito INVT	46,98	1174,5
GA03	3G-03-04C	401533	CHAVE BOCA ESTR ACV 14MM TOT 150,5MM	UN	12	L2	Utilização livre depósito INVT	21,22	254,64
GA03	3G-03-04C	401550	CHAVE ESTRIA ACV N11 ISOL 1000V NBR9699	UN	24	L2	Utilização livre depósito INVT	68,31	1639,44
GA03	3G-03-04C	401675	LUMINARIA PLAFONIER AC 20W	UN	1	L2	Utilização livre depósito INVT	54	54
GA03	3G-03-04C	401810	CHAVE ESTRIA ACV N17 ISOL 1000V NBR9699	UN	29	L2	Utilização livre depósito INVT	79,92	2317,68
GA03	3G-03-04C	401896	CHAVE FIX ACV N17 ISOL 1000V NBR9699	UN	24	L2	Utilização livre depósito INVT	56,09	1346,16
GA03	3G-03-04C	402110	CHAVE ESTRIA ACV N12 ISOL 1000V NBR9699	UN	48	L2	Utilização livre depósito INVT	70,5	3384
GA03	3G-03-04C	403644	CAIXA PASSAG AL FUND 3/4P FORMA LB	UN	25	L2	Utilização livre depósito INVT	5,81	145,25
GA03	3G-03-04C	403655	CAIXA PASSAG AL FUND 1P FORMA LR	UN	25	L2	Utilização livre depósito INVT	7,17	179,25
GA03	3G-03-04C	403657	BUCHA FERRO 20MM NPT	UN	92	L2	Utilização livre depósito INVT	1,06	97,52
GA03	3G-03-04C	403665	CAIXA PASSAG AL FUND 1P FORMA LB	UN	2	L2	Utilização livre depósito INVT	8,87	17,74
GA03	3G-03-04C	403695	CAIXA PASSAG AL FUND 1P FORMA C	UN	4	L2	Utilização livre depósito INVT	5,7	22,8
GA03	3G-03-04C	403786	CAIXA PASSAG AL FUND 1P FORMA TB	UN	2	L2	Utilização livre depósito INVT	9,97	19,94
GA03	3G-03-04C	404505	LIMA CHATA MURCA DE 4P COM CABO	UN	2	L2	Utilização livre depósito INVT	36,99	73,98
GA03	3G-03-04D	407094	SEALTUBO 1.1/2 FLEX ESP. AÇO CAPA PVC	M	960	L2	Utilização livre depósito INVT	70,33	67516,8
GA03	3G-03-05A	407356	SUPORTE TIPO L AÇO PERFILADO ZINCADO DAT	UN	200	L2	Utilização livre depósito INVT	191,39	38278
GA03	3G-03-05B	110325	LUMINARIA EMERGENCIA 19 LED LANTERNA	UN	11	F3	Utilização livre depósito CUST	33,7	370,7
GA03	3G-03-05B	113996	PLACA FOTOLUMINESCENTE SAÍDA EMERGÊNCIA	UN	25	F3	Utilização livre depósito CUST	10	250
GA03	3G-03-05B	113997	PLACA FOTOLUMINE ROTA FUGA SETA DIREITA	UN	1	F3	Utilização livre depósito CUST	10	10
GA03	3G-03-05B	113998	PLACA FOTOLUMINE ROTA FUGA SETA ESQUERDA	UN	11	F3	Utilização livre depósito CUST	10	110
GA03	3G-03-05B	120242	SUPORTE DE PISO TIPO TRIPE PARA EXTINTOR	UN	30	F3	Utilização livre depósito CUST	33,72	1011,6
GA03	3G-03-05B	120440	PLACA EXTINTOR GAS CARBONICO CO2	UN	39	F3	Utilização livre depósito CUST	10	390
GA03	3G-03-05B	120441	PLACA EXTINTOR AGUA H2O	UN	11	F3	Utilização livre depósito CUST	10	110
GA03	3G-03-05B	408896	MED IN 3E 4F 120 240V 200A TB QE GD DR C	UN	116	L2	Utilização livre depósito INVT	1968,93	228395,88
GA03	3G-03-05B	408951	MOSTRADOR REMOTO RF MED STAR MEASURE	UN	117	L2	Utilização livre depósito INVT	142,67	16692,39
GA03	3G-03-05C	110410	CAIXA TOMADA TPLA SOB 2MOD RJ45 CAT5E FM	UN	135	F3	Utilização livre depósito CUST	2,85	384,75
GA03	3G-03-05C	110560	CAIXA ALLBOX COMPLETA CONECTOR RJ 45 FM	UN	55	F3	Utilização livre depósito CUST	11,06	608,3
GA03	3G-03-05C	801698	QUADRO DISTRIB SOB 18/24 DISJ	UN	21	F3	Utilização livre depósito CUST	219,51	4609,71
GA03	3G-03-05C	801712	QUADRO DISTRIB SOB 6/8 DISJ	UN	28	F3	Utilização livre depósito CUST	25,82	722,96
GA03	3G-03-05C	801718	QUADRO DISTRIB SOB 12/16 DISJ	UN	16	F3	Utilização livre depósito CUST	146,93	2350,88
GA03	3G-03-05D	407094	SEALTUBO 1.1/2 FLEX ESP. AÇO CAPA PVC	M	960	L2	Utilização livre depósito INVT	70,33	67516,8
GA03	3G-03-06A	407356	SUPORTE TIPO L AÇO PERFILADO ZINCADO DAT	UN	200	L2	Utilização livre depósito INVT	191,39	38278
GA03	3G-03-06B	110011	CHAVE FIX UMA BOCA 1000 V ACV NIQ 12 MM	UN	2	F3	Utilização livre depósito CUST	69,38	138,76
GA03	3G-03-06B	110052	MACHADINHA P/CORTE MADEIRA	UN	78	F3	Utilização livre depósito CUST	58	4524
GA03	3G-03-06B	110442	MACHADO P/CORTE 4P	UN	38	F3	Utilização livre depósito CUST	54	2052
GA03	3G-03-06B	400349	CHAVE FIX UMA BOCA 1000 V ACV NIQ 12 MM	UN	10	L2	Utilização livre depósito INVT	69,38	693,8
GA03	3G-03-06B	401727	CHAVE FIX ACV N09 ISOL 1000V NBR9699	UN	50	L2	Utilização livre depósito INVT	41,07	2053,5
GA03	3G-03-06B	402305	CHAVE FIX ACV N10 ISOL 1000V NBR9699	UN	22	L2	Utilização livre depósito INVT	43,06	947,32
GA03	3G-03-06B	403915	MEDIDOR CORRENTE REDE PRIMARIA	UN	2	L2	Utilização livre depósito INVT	19310,4	38620,8
GA03	3G-03-06B	404146	TERCADO COM CABO DE MADEIRA 28 (70CM)	UN	17	L2	Utilização livre depósito INVT	67,31	1144,27
GA03	3G-03-06B	405153	ARCO SERRA ISOL 1000V	UN	13	L2	Utilização livre depósito INVT	1	13
GA03	3G-03-06B	802248	LUVA EMENDA CABO ALUM 50MM COMP 210 MM	UN	178	F3	Utilização livre depósito CUST	12,79	2276,62
GA03	3G-03-06B	803126	ROLAMENTO ESFERA INT 17X40X12MM	UN	36	F3	Utilização livre depósito CUST	23,83	857,88
GA03	3G-03-06B	803127	ROLAMENTO ESFERA INT 20X47X14MM	UN	31	F3	Utilização livre depósito CUST	32,2	998,2
GA03	3G-03-06B	803744	CABECOTE MANOBRA CHAVES TRABALHO  ALTURA	UN	1	F3	Utilização livre depósito CUST	3,55	3,55
GA03	3G-03-06B	804109	SERRA COPO P/ METAL 3/4 (19MM)	UN	2	F3	Utilização livre depósito CUST	22,77	45,54
GA03	3G-03-06B	804279	CHAVE FIX ACV N13 ISOL 1000V NBR9699	UN	2	F3	Utilização livre depósito CUST	58,45	116,9
GA03	3G-03-06B	804319	SUPORTE GUIA SERRACOPO  1.3/8´´ 35MM	UN	1	F3	Utilização livre depósito CUST	128,86	128,86
GA03	3G-03-06B	804605	SERRA COPO ACO BIMETAL 1.1/4 A 8.9/32MM	UN	32	F3	Utilização livre depósito CUST	61,47	1967,04
GA03	3G-03-06C	400361	ANTENA PLANO TERRA OD 9DBI 50OHMS 200W	UN	24	L2	Utilização livre depósito INVT	400	9600
GA03	3G-03-06D	407094	SEALTUBO 1.1/2 FLEX ESP. AÇO CAPA PVC	M	480	L2	Utilização livre depósito INVT	70,33	33758,4
GA03	3G-03-07A	407356	SUPORTE TIPO L AÇO PERFILADO ZINCADO DAT	UN	100	L2	Utilização livre depósito INVT	191,39	19139
GA03	3G-03-07A	801135	PINO TOPO AC 25MM 389MM 2F 18X32MM	UN	1440	F3	Utilização livre depósito CUST	11,42	16444,8
GA03	3G-03-07B	110026	INTERRUPTOR 03TECL SIMP 250V 10A	UN	24	F3	Utilização livre depósito CUST	13,62	326,88
GA03	3G-03-07B	110036	INTERRUPTOR SOBREPOR 02 TECLAS	UN	2	F3	Utilização livre depósito CUST	3,09	6,18
GA03	3G-03-07B	110235	INTERRUPTOR 02TECL 250V 10A	UN	5	F3	Utilização livre depósito CUST	5,29	26,45
GA03	3G-03-07B	110244	REBITE REPUXO AL 4,8MM BROCA 4,9MM	UN	30067	F3	Utilização livre depósito CUST	0,11	3307,37
GA03	3G-03-07B	110352	INTERRUPTOR SOBREPOR 1 TECLA	UN	297	F3	Utilização livre depósito CUST	0,76	225,72
GA03	3G-03-07B	404219	PREGO COMUM 2.1/2 X 12BWG	UN	147	L2	Utilização livre depósito INVT	18,9	2778,3
GA03	3G-03-07C	110303	LAMPADA VAP MET 150W 220V OV E27	UN	21	F3	Utilização livre depósito CUST	25,66	538,86
GA03	3G-03-07C	110370	TE ESGOTO PVC RIG 100X75MM	UN	3	F3	Utilização livre depósito CUST	5,02	15,06
GA03	3G-03-07C	110460	TE ESGOTO PVC RIG 100X50MM	UN	2	F3	Utilização livre depósito CUST	4,78	9,56
GA03	3G-03-07C	110466	TE ESGOTO PVC RIG 50X50MM	UN	11	F3	Utilização livre depósito CUST	2,47	27,17
GA03	3G-03-07C	110467	TE ESGOTO PVC RIG 100X100MM	UN	4	F3	Utilização livre depósito CUST	4,91	19,64
GA03	3G-03-07C	403820	BUCHA ELETRODUTO RIG OIT FOFO 50MM	UN	20	L2	Utilização livre depósito INVT	7,88	157,6
GA03	3G-03-07C	801925	LUVA CORRER AGUA FRIA PVC RIG 40MM	UN	6	F3	Utilização livre depósito CUST	13,24	79,44
GA03	3G-03-07C	802503	LUVA TUBO COND AGUA FRIA PVC RIG 60MM	UN	10	F3	Utilização livre depósito CUST	10,75	107,5
GA03	3G-03-07C	802605	LUVA TUBO COND AGUA FRIA PVC RIG 40MM	UN	12	F3	Utilização livre depósito CUST	2,66	31,92
GA03	3G-03-07C	802618	LUVA TUBO COND AGUA FRIA PVC RIG 32MM	UN	8	F3	Utilização livre depósito CUST	1,61	12,88
GA03	3G-03-07C	802690	TE TUBO COND AGUA FRIA PVC RIG 3/4P	UN	3	F3	Utilização livre depósito CUST	1,43	4,29
GA03	3G-03-07C	802760	TE TUBO COND AGUA FRIA PVC RIG 20MMX1/2P	UN	2	F3	Utilização livre depósito CUST	3,65	7,3
GA03	3G-03-07C	802891	LUVA CORRER AGUA FRIA PVC RIG 50MM	UN	8	F3	Utilização livre depósito CUST	16,45	131,6
GA03	3G-03-07C	802903	LUVA RED AGUA FRIA PVC RIG 50MMX1.1/2P	UN	5	F3	Utilização livre depósito CUST	2,79	13,95
GA03	3G-03-07C	802923	LUVA RED AGUA FRIA PVC RIG 50X25MM	UN	13	F3	Utilização livre depósito CUST	2,21	28,73
GA03	3G-03-07C	802942	LUVA RED AGUA FRIA PVC RIG 60X50MM	UN	12	F3	Utilização livre depósito CUST	5,09	61,08
GA03	3G-03-07C	802963	LUVA RED AGUA FRIA PVC RIG 1X3/4P	UN	11	F3	Utilização livre depósito CUST	1,52	16,72
GA03	3G-03-07C	803019	LUVA CORRER AGUA FRIA PVC RIG 60MM	UN	8	F3	Utilização livre depósito CUST	21,79	174,32
GA03	3G-03-07C	803023	LUVA RED AGUA FRIA PVC RIG 40X32MM	UN	9	F3	Utilização livre depósito CUST	2,58	23,22
GA03	3G-03-07D	407094	SEALTUBO 1.1/2 FLEX ESP. AÇO CAPA PVC	M	960	L2	Utilização livre depósito INVT	70,33	67516,8
GA03	3G-03-08A	402287	ARMACAO SEC PRESB 1EST 4,2MM ACO	UN	2240	L2	Utilização livre depósito INVT	10,87	24348,8
GA03	3G-03-08A	407356	SUPORTE TIPO L AÇO PERFILADO ZINCADO DAT	UN	100	L2	Utilização livre depósito INVT	191,39	19139
GA03	3G-03-08B	110021	TE ESGOTO PVC RIG 75X50MM	UN	2	F3	Utilização livre depósito CUST	4,63	9,26
GA03	3G-03-08B	403357	BUCHA FIXACAO NYLON S6 CZ	UN	39458	L2	Utilização livre depósito INVT	0,05	1972,9
GA03	3G-03-08B	800873	JOELHO 90G AG FR PVC RIG 60MM	UN	17	F3	Utilização livre depósito CUST	23,4	397,8
GA03	3G-03-08B	802285	BUCHA NYLON S-10	UN	14880	F3	Utilização livre depósito CUST	0,23	3422,4
GA03	3G-03-08B	802347	TE TUBO COND AGUA FRIA PVC RIG 1P	UN	13	F3	Utilização livre depósito CUST	5,05	65,65
GA03	3G-03-08B	802354	TE TUBO COND AGUA FRIA PVC RIG 32MM	UN	13	F3	Utilização livre depósito CUST	2,14	27,82
GA03	3G-03-08B	802675	TE TUBO COND PVC SOLD TUBO PVC 50MM	UN	10	F3	Utilização livre depósito CUST	5,93	59,3
GA03	3G-03-08B	802740	TE TUBO COND AGUA FRIA PVC RIG 32MMX3/4P	UN	6	F3	Utilização livre depósito CUST	8,81	52,86
GA03	3G-03-08C	110520	JOELHO 90G ESGOTO PVC RIG 75MM	UN	12	F3	Utilização livre depósito CUST	2,63	31,56
GA03	3G-03-08C	110633	JOELHO 90G ESGOTO PVC RIG 150MM	UN	1	F3	Utilização livre depósito CUST	23,75	23,75
GA03	3G-03-08C	800620	JOELHO 90G RED AG FR PVC RIG 32MMX3/4P	UN	2	F3	Utilização livre depósito CUST	4,84	9,68
GA03	3G-03-08C	800626	JOELHO 90G AG FR PVC RIG 50MM	UN	21	F3	Utilização livre depósito CUST	6,07	127,47
GA03	3G-03-08C	800629	JOELHO 90G AG FR PVC RIG 1.1/4P	UN	11	F3	Utilização livre depósito CUST	6,22	68,42
GA03	3G-03-08C	800927	JOELHO 90G AG FR PVC RIG 2P	UN	28	F3	Utilização livre depósito CUST	10,27	287,56
GA03	3G-03-08C	800936	JOELHO 90G AG FR PVC RIG 1P	UN	12	F3	Utilização livre depósito CUST	2,32	27,84
GA03	3G-03-08C	802280	BUCHA RED CT PVC RIG 60X50MM	UN	11	F3	Utilização livre depósito CUST	2,71	29,81
GA03	3G-03-08C	802307	BUCHA RED PVC RIG 1.1/2X1.1/4P	UN	8	F3	Utilização livre depósito CUST	2,72	21,76
GA03	3G-03-08C	802368	BUCHA RED CT PVC RIG 1.1/4X1P	UN	16	F3	Utilização livre depósito CUST	1,41	22,56
GA03	3G-03-08C	802373	BUCHA RED CT PVC RIG 50X40MM	UN	6	F3	Utilização livre depósito CUST	1,8	10,8
GA03	3G-03-08C	802382	BUCHA RED CT PVC RIG 1.1/4X3/4P	UN	12	F3	Utilização livre depósito CUST	1,88	22,56
GA03	3G-03-08C	802414	BUCHA RED CT PVC RIG 1.1/2X1P	UN	14	F3	Utilização livre depósito CUST	2,15	30,1
GA03	3G-03-08C	802436	BUCHA RED CT PVC RIG 2X1P	UN	6	F3	Utilização livre depósito CUST	5,04	30,24
GA03	3G-03-08C	802719	BUCHA RED CT PVC RIG 40X32MM	UN	3	F3	Utilização livre depósito CUST	0,87	2,61
GA03	3G-03-08C	802739	BUCHA RED CT PVC RIG 1X3/4P	UN	8	F3	Utilização livre depósito CUST	1,26	10,08
GA03	3G-03-08C	802768	BUCHA RED CT PVC RIG 1X1/2P	UN	8	F3	Utilização livre depósito CUST	1,33	10,64
GA03	3G-03-08C	802779	BUCHA RED CT PVC RIG 1.1/2X3/4P	UN	3	F3	Utilização livre depósito CUST	2,71	8,13
GA03	3G-03-08D	405293	CAIXA DE CABO UTP CAT 6	UN	36	L2	Utilização livre depósito INVT	968	34848
GA03	3G-03-08D	407094	SEALTUBO 1.1/2 FLEX ESP. AÇO CAPA PVC	M	480	L2	Utilização livre depósito INVT	70,33	33758,4
GA03	3G-03-09A	402287	ARMACAO SEC PRESB 1EST 4,2MM ACO	UN	4160	L2	Utilização livre depósito INVT	10,87	45219,2
GA03	3G-03-09B	110665	UNIAO ELET RIG MC-FM AL 65MM (2.1/2P)	UN	3	F3	Utilização livre depósito CUST	18,07	54,21
GA03	3G-03-09B	403706	LUVA TUBO COND AGUA FRIA PVC RIG 2P	UN	4	L2	Utilização livre depósito INVT	4,73	18,92
GA03	3G-03-09B	403980	LUVA TUBO COND AGUA FRIA PVC RIG 1.1/2P	UN	9	L2	Utilização livre depósito INVT	0,8	7,2
GA03	3G-03-09B	404869	TE SOLDAVEL 60MM PVC AGUA FRIA	UN	20	L2	Utilização livre depósito INVT	0,01	0,2
GA03	3G-03-09B	802286	ADAPTADOR CAIXA DAGUA PVC 1P	UN	9	F3	Utilização livre depósito CUST	9,5	85,5
GA03	3G-03-09B	802355	UNIAO TUBO COND AGUA FRIA PVC RIG 40MM	UN	7	F3	Utilização livre depósito CUST	14,72	103,04
GA03	3G-03-09B	802369	ADAPTADOR CAIXA DAGUA PVC 50MM	UN	9	F3	Utilização livre depósito CUST	22,53	202,77
GA03	3G-03-09B	802372	ADAPTADOR CAIXA DAGUA PVC 25MM	UN	30	F3	Utilização livre depósito CUST	8,53	255,9
GA03	3G-03-09B	802412	ADAPTADOR CAIXA DAGUA PVC 1.1/4P	UN	6	F3	Utilização livre depósito CUST	14,25	85,5
GA03	3G-03-09B	802431	ADAPTADOR CAIXA DAGUA PVC 32MM	UN	6	F3	Utilização livre depósito CUST	11,1	66,6
GA03	3G-03-09B	802439	ADAPTADOR CAIXA DAGUA PVC 40MM	UN	10	F3	Utilização livre depósito CUST	19,75	197,5
GA03	3G-03-09B	802502	LUVA CORRER AGUA FRIA PVC RIG 1/1.4P	UN	6	F3	Utilização livre depósito CUST	8,24	49,44
GA03	3G-03-09B	802548	LUVA CORRER AGUA FRIA PVC RIG 75MM	UN	6	F3	Utilização livre depósito CUST	14,18	85,08
GA03	3G-03-09B	802567	LUVA TUBO COND AGUA FRIA PVC RIG 2P	UN	4	F3	Utilização livre depósito CUST	4,73	18,92
GA03	3G-03-09B	802590	NIPLE TUBO COND AGUA FRIA PVC RIG 1.1/4P	UN	10	F3	Utilização livre depósito CUST	2,8	28
GA03	3G-03-09B	802710	ADAPTADOR CAIXA DAGUA PVC 60MM	UN	11	F3	Utilização livre depósito CUST	29,37	323,07
GA03	3G-03-09B	802738	ADAPTADOR CAIXA DAGUA PVC 20MM	UN	30	F3	Utilização livre depósito CUST	6,19	185,7
GA03	3G-03-09B	802782	ADAPTADOR CAIXA DAGUA PVC 1/2P C/ANEL	UN	13	F3	Utilização livre depósito CUST	5,22	67,86
GA03	3G-03-09B	802957	LUVA TUBO COND AGUA FRIA PVC RIG 50MM	UN	6	F3	Utilização livre depósito CUST	3,34	20,04
GA03	3G-03-09B	802960	LUVA CORRER AGUA FRIA PVC RIG 2P	UN	11	F3	Utilização livre depósito CUST	16,09	176,99
GA03	3G-03-09B	802976	NIPLE TUBO COND AGUA FRIA PVC RIG 1P	UN	2	F3	Utilização livre depósito CUST	1,4	2,8
GA03	3G-03-09B	803010	ADAPTADOR CAIXA DAGUA PVC 2P	UN	6	F3	Utilização livre depósito CUST	28,5	171
GA03	3G-03-09C	110336	TE TUBO COND AGUA FRIA PVC RIG 1.1/4P	UN	20	F3	Utilização livre depósito CUST	9,86	197,2
GA03	3G-03-09C	110657	TE ESGOTO PVC RIG 40X40MM	UN	14	F3	Utilização livre depósito CUST	0,88	12,32
GA03	3G-03-09C	110662	TE ESGOTO PVC RIG 75X75MM	UN	3	F3	Utilização livre depósito CUST	4,98	14,94
GA03	3G-03-09C	111225	ENGATE FLEX PLAS 50CMX1/2P	UN	10	F3	Utilização livre depósito CUST	2,84	28,4
GA03	3G-03-09C	802262	TE TUBO COND AGUA FRIA PVC RIG 2P	UN	20	F3	Utilização livre depósito CUST	15,78	315,6
GA03	3G-03-09C	802294	PLUG AGUA FRIA PVC RIG 2P	UN	26	F3	Utilização livre depósito CUST	4,75	123,5
GA03	3G-03-09C	802308	ENGATE FLEXIVEL PVC 1/2P 40CM	UN	9	F3	Utilização livre depósito CUST	2,45	22,05
GA03	3G-03-09C	802328	UNIAO TUBO COND AGUA FRIA PVC RIG 60MM	UN	8	F3	Utilização livre depósito CUST	39,91	319,28
GA03	3G-03-09C	802331	UNIAO TUBO COND AGUA FRIA PVC RIG 1.1/4P	UN	12	F3	Utilização livre depósito CUST	11,4	136,8
GA03	3G-03-09C	802343	UNIAO TUBO COND AGUA FRIA PVC RIG 1.1/2P	UN	13	F3	Utilização livre depósito CUST	11,4	148,2
GA03	3G-03-09C	802350	TE TUBO COND AGUA FRIA PVC RIG 25MM	UN	11	F3	Utilização livre depósito CUST	0,69	7,59
GA03	3G-03-09C	802376	CAP TUBO COND AGUA FRIA PVC RIG 1.1/4P	UN	30	F3	Utilização livre depósito CUST	5,7	171
GA03	3G-03-09C	802432	CAP TUBO COND AGUA FRIA PVC RIG 40MM	UN	13	F3	Utilização livre depósito CUST	2,16	28,08
GA03	3G-03-09C	802453	CAP TUBO COND AGUA FRIA PVC RIG 50MM	UN	14	F3	Utilização livre depósito CUST	3,38	47,32
GA03	3G-03-09C	802613	NIPLE TUBO COND AGUA FRIA PVC RIG 1.1/2P	UN	7	F3	Utilização livre depósito CUST	2,81	19,67
GA03	3G-03-09C	802625	PLUG AGUA FRIA PVC RIG 1.1/2P	UN	14	F3	Utilização livre depósito CUST	2,58	36,12
GA03	3G-03-09C	802659	PLUG AGUA FRIA PVC RIG 1P	UN	5	F3	Utilização livre depósito CUST	1,28	6,4
GA03	3G-03-09C	802712	CAP TUBO COND AGUA FRIA PVC RIG 60MM	UN	9	F3	Utilização livre depósito CUST	6,14	55,26
GA03	3G-03-09C	802732	UNIAO TUBO COND AGUA FRIA PVC RIG 25MM	UN	20	F3	Utilização livre depósito CUST	4,29	85,8
GA03	3G-03-09C	802753	UNIAO TUBO COND AGUA FRIA PVC RIG 2P	UN	9	F3	Utilização livre depósito CUST	14,25	128,25
GA03	3G-03-09C	802886	UNIAO TUBO COND AGUA FRIA PVC RIG 50MM	UN	5	F3	Utilização livre depósito CUST	13,79	68,95
GA03	3G-03-09C	802913	TE TUBO COND AGUA FRIA PVC RIG 40MM	UN	16	F3	Utilização livre depósito CUST	5,34	85,44
GA03	3G-03-09C	802931	NIPLE TUBO COND AGUA FRIA PVC RIG 2P	UN	4	F3	Utilização livre depósito CUST	5,22	20,88
GA03	3G-03-09C	802949	TE TUBO COND AGUA FRIA PVC RIG 25MMX1/2P	UN	46	F3	Utilização livre depósito CUST	11,61	534,06
GA03	3G-03-09C	803005	CAP TUBO COND AGUA FRIA PVC RIG 1.1/2P	UN	13	F3	Utilização livre depósito CUST	4,74	61,62
GA03	3G-03-09D	402215	LUMINARIA INDUSTRIAL AC 16W	UN	20	L2	Utilização livre depósito INVT	67,7	1354
GA03	3G-03-09D	407094	SEALTUBO 1.1/2 FLEX ESP. AÇO CAPA PVC	M	480	L2	Utilização livre depósito INVT	70,33	33758,4
GA03	3G-03-10A	403168	SUPORTE PARA CAIXA SMC	UN	76	L2	Utilização livre depósito INVT	187,83	14275,08
GA03	3G-03-10A	407356	SUPORTE TIPO L AÇO PERFILADO ZINCADO DAT	UN	100	L2	Utilização livre depósito INVT	191,39	19139
GA03	3G-03-10B	111772	ALICATE PRENSA TERMINAIS AP-056	UN	1	F3	Utilização livre depósito CUST	256,05	256,05
GA03	3G-03-10B	120366	CAPUZ DE SEGURANCA TIPO BALACLAVA	UN	48	F3	Utilização livre depósito CUST	115,11	5525,28
GA03	3G-03-10B	404156	ALICATE PRENSA TERMINAIS AP-056	UN	3	L2	Utilização livre depósito INVT	256,05	768,15
GA03	3G-03-10B	404508	FERRO SOLDA  220 V PONTA TRATADA 60W	UN	4	L2	Utilização livre depósito INVT	57,8	231,2
GA03	3G-03-10B	803123	LAMINA SERRA ACO RAP 300X13MM 0,65MM 24D	UN	190	F3	Utilização livre depósito CUST	8,86	1683,4
GA03	3G-03-10B	803631	LAMINA SERRA ACO RAP 300X13MM 0,65MM 18D	UN	369	F3	Utilização livre depósito CUST	0,05	18,45
GA03	3G-03-10B	804022	JOGO DE CHAVE COMBINADA COM CATRACA 16P	UN	2	F3	Utilização livre depósito CUST	788,41	1576,82
GA03	3G-03-10B	804027	LIMA CHATA BASTARDA DE 6	UN	7	F3	Utilização livre depósito CUST	29,01	203,07
GA03	3G-03-10B	804028	LIMA REDONDA MURÇA DE 6	UN	7	F3	Utilização livre depósito CUST	36,53	255,71
GA03	3G-03-10B	804556	JOGO CHAVES  ALLEN TIPO CANIVETE 09 PCS	UN	8	F3	Utilização livre depósito CUST	57,64	461,12
GA03	3G-03-10B	805254	JOGO SACA PINO PARALELO	UN	7	F3	Utilização livre depósito CUST	206,42	1444,94
GA03	3G-03-10B	805551	CHAVE COMBINADA CATRACA 32MM	UN	1	F3	Utilização livre depósito CUST	150,41	150,41
GA03	3G-03-10C	110071	REATOR ELETRONICO DUP 2X30/32W 127/220V	UN	110	F3	Utilização livre depósito CUST	14,54	1599,4
GA03	3G-03-10C	110341	TE ESGOTO PVC RIG 150X100MM	UN	3	F3	Utilização livre depósito CUST	23,75	71,25
GA03	3G-03-10C	110567	REATOR ELETRONICO DUP 2X22W 127/220V	UN	97	F3	Utilização livre depósito CUST	14,5	1406,5
GA03	3G-03-10C	401571	ARQUIVO AC 133X49X72CM 4GAV CZ	UN	14	L2	Utilização livre depósito INVT	441,99	6187,86
GA03	3G-03-10D	110029	MALETA FERRAM AC 5GAV RODA 605X200X390MM	UN	32	F3	Utilização livre depósito CUST	42,04	1345,28
GA03	3G-03-10D	403324	CAIXA DERIVACAO 4F	UN	147	L2	Utilização livre depósito INVT	42,58	6259,26
GA03	3G-03-11A	402287	ARMACAO SEC PRESB 1EST 4,2MM ACO	UN	2240	L2	Utilização livre depósito INVT	10,87	24348,8
GA03	3G-03-11A	801178	ARMACAO SEC PRESB 1EST 4,2MM ACO	UN	2240	F3	Utilização livre depósito CUST	13,75	30800
GA03	3G-03-11B	110109	CAVADEIRA BOCA LOBO AC 165X1880MM C/CAB	UN	11	F3	Utilização livre depósito CUST	6,51	71,61
GA03	3G-03-11C	402625	GABINETE CONCENTR 12MOD 120V C/RADIO SMC	UN	24	L2	Utilização livre depósito INVT	2878,54	69084,96
GA03	3G-03-11D	802173	CAIXA DERIVACAO 4F	UN	467	F3	Utilização livre depósito CUST	15,1	7051,7
GA03	3G-03-12A	801178	ARMACAO SEC PRESB 1EST 4,2MM ACO	UN	4480	F3	Utilização livre depósito CUST	13,75	61600
GA03	3G-03-12B	110191	CANALETA PVC BR 30X30X2,20MM	UN	13	F3	Utilização livre depósito CUST	22,02	286,26
GA03	3G-03-12B	120000	VARA MANOBRA TELESC TUB VID TRIAN 6420MM	UN	3	F3	Utilização livre depósito CUST	1190,81	3572,43
GA03	3G-03-12B	409659	CANALETA PVC BR 30X30X2,20MM	UN	223	L2	Utilização livre depósito INVT	9,59	2138,57
GA03	3G-03-12C	402625	GABINETE CONCENTR 12MOD 120V C/RADIO SMC	UN	24	L2	Utilização livre depósito INVT	2878,54	69084,96
GA03	3G-03-12D	402527	MED IN 1E 2F 120V 100A SMC DR B	UN	96	L2	Utilização livre depósito INVT	213,78	20522,88
GA03	3G-03-12D	402570	UNIDADE DE LEITURA INDIVIDUAL TLI - SMC	UN	96	L2	Utilização livre depósito INVT	125,79	12075,84
GA03	3G-03-12D	402625	GABINETE CONCENTR 12MOD 120V C/RADIO SMC	UN	8	L2	Utilização livre depósito INVT	2878,54	23028,32
GA03	3G-03-12D	802173	CAIXA DERIVACAO 4F	UN	330	F3	Utilização livre depósito CUST	15,1	4983
GA03	3G-03-13A	402287	ARMACAO SEC PRESB 1EST 4,2MM ACO	UN	4480	L2	Utilização livre depósito INVT	10,87	48697,6
GA03	3G-03-13B	120456	EXTINTOR PORTATIL AGUA PRESSURIZADA 10 L	UN	19	F3	Utilização livre depósito CUST	230	4370
GA03	3G-03-13B	407014	CAIXA DE COMUNICACAO RELIGADOR MONOFAS	UN	5	L2	Utilização livre depósito INVT	24253,5	121267,5
GA03	3G-03-13C	402625	GABINETE CONCENTR 12MOD 120V C/RADIO SMC	UN	24	L2	Utilização livre depósito INVT	2878,54	69084,96
GA03	3G-03-14A	402287	ARMACAO SEC PRESB 1EST 4,2MM ACO	UN	2240	L2	Utilização livre depósito INVT	10,87	24348,8
GA03	3G-03-14A	801178	ARMACAO SEC PRESB 1EST 4,2MM ACO	UN	2240	F3	Utilização livre depósito CUST	13,75	30800
GA03	3G-03-14B	120453	EXTINTOR PORTATIL PO QUIMICO ABC 12KG	UN	4	F3	Utilização livre depósito CUST	370	1480
GA03	3G-03-14B	120454	EXTINTOR PORTATIL PO QUIMICO ABC 6KG	UN	15	F3	Utilização livre depósito CUST	200	3000
GA03	3G-03-14B	120455	EXTINTOR PORTATIL PO QUIMICO BC 6KG	UN	4	F3	Utilização livre depósito CUST	199,75	799
GA03	3G-03-14C	402625	GABINETE CONCENTR 12MOD 120V C/RADIO SMC	UN	24	L2	Utilização livre depósito INVT	2878,54	69084,96
GA03	3G-03-15A	402287	ARMACAO SEC PRESB 1EST 4,2MM ACO	UN	2240	L2	Utilização livre depósito INVT	10,87	24348,8
GA03	3G-03-15A	801178	ARMACAO SEC PRESB 1EST 4,2MM ACO	UN	2240	F3	Utilização livre depósito CUST	13,75	30800
GA03	3G-03-15B	402625	GABINETE CONCENTR 12MOD 120V C/RADIO SMC	UN	24	L2	Utilização livre depósito INVT	2878,54	69084,96
GA03	3G-03-15C	402625	GABINETE CONCENTR 12MOD 120V C/RADIO SMC	UN	24	L2	Utilização livre depósito INVT	2878,54	69084,96
GA03	3G-03-15D	402527	MED IN 1E 2F 120V 100A SMC DR B	UN	96	L2	Utilização livre depósito INVT	213,78	20522,88
GA03	3G-03-15D	402570	UNIDADE DE LEITURA INDIVIDUAL TLI - SMC	UN	96	L2	Utilização livre depósito INVT	125,79	12075,84
GA03	3G-03-15D	402625	GABINETE CONCENTR 12MOD 120V C/RADIO SMC	UN	8	L2	Utilização livre depósito INVT	2878,54	23028,32
GA03	3G-03-16A	402287	ARMACAO SEC PRESB 1EST 4,2MM ACO	UN	4480	L2	Utilização livre depósito INVT	10,87	48697,6
GA03	3G-03-16C	402625	GABINETE CONCENTR 12MOD 120V C/RADIO SMC	UN	24	L2	Utilização livre depósito INVT	2878,54	69084,96
GA03	3G-03-16D	402527	MED IN 1E 2F 120V 100A SMC DR B	UN	192	L2	Utilização livre depósito INVT	213,78	41045,76
GA03	3G-03-16D	402570	UNIDADE DE LEITURA INDIVIDUAL TLI - SMC	UN	192	L2	Utilização livre depósito INVT	125,79	24151,68
GA03	3G-03-16D	402625	GABINETE CONCENTR 12MOD 120V C/RADIO SMC	UN	16	L2	Utilização livre depósito INVT	2878,54	46056,64
GA03	3G-04-01A	404818	SUPORTE TRAFO CIRCULAR 285MM	UN	144	L2	Utilização livre depósito INVT	68,6	9878,4
GA03	3G-04-01A	407356	SUPORTE TIPO L AÇO PERFILADO ZINCADO DAT	UN	100	L2	Utilização livre depósito INVT	191,39	19139
GA03	3G-04-01B	402625	GABINETE CONCENTR 12MOD 120V C/RADIO SMC	UN	24	L2	Utilização livre depósito INVT	2878,54	69084,96
GA03	3G-04-01C	402625	GABINETE CONCENTR 12MOD 120V C/RADIO SMC	UN	24	L2	Utilização livre depósito INVT	2878,54	69084,96
GA03	3G-04-01D	402625	GABINETE CONCENTR 12MOD 120V C/RADIO SMC	UN	32	L2	Utilização livre depósito INVT	2878,54	92113,28
GA03	3G-04-02A	403686	BARRA P/2 CAIXAS	UN	2098	L2	Utilização livre depósito INVT	56,7	118956,6
GA03	3G-04-02B	402625	GABINETE CONCENTR 12MOD 120V C/RADIO SMC	UN	24	L2	Utilização livre depósito INVT	2878,54	69084,96
GA03	3G-04-02C	402625	GABINETE CONCENTR 12MOD 120V C/RADIO SMC	UN	24	L2	Utilização livre depósito INVT	2878,54	69084,96
GA03	3G-04-02D	402625	GABINETE CONCENTR 12MOD 120V C/RADIO SMC	UN	32	L2	Utilização livre depósito INVT	2878,54	92113,28
GA03	3G-04-03A	407356	SUPORTE TIPO L AÇO PERFILADO ZINCADO DAT	UN	100	L2	Utilização livre depósito INVT	191,39	19139
GA03	3G-04-03A	408824	CAIXA QUADRO COMANDO S/F 60X50X20 IP65	UN	3	L2	Utilização livre depósito INVT	647,69	1943,07
GA03	3G-04-03A	805471	ELETRODUTO CORRUG KANAFLEX 6P	UN	50	F3	Utilização livre depósito CUST	46,71	2335,5
GA03	3G-04-03B	402625	GABINETE CONCENTR 12MOD 120V C/RADIO SMC	UN	24	L2	Utilização livre depósito INVT	2878,54	69084,96
GA03	3G-04-03C	402625	GABINETE CONCENTR 12MOD 120V C/RADIO SMC	UN	24	L2	Utilização livre depósito INVT	2878,54	69084,96
GA03	3G-04-03D	402625	GABINETE CONCENTR 12MOD 120V C/RADIO SMC	UN	32	L2	Utilização livre depósito INVT	2878,54	92113,28
GA03	3G-04-04A	403686	BARRA P/2 CAIXAS	UN	1200	L2	Utilização livre depósito INVT	56,7	68040
GA03	3G-04-04A	407356	SUPORTE TIPO L AÇO PERFILADO ZINCADO DAT	UN	100	L2	Utilização livre depósito INVT	191,39	19139
GA03	3G-04-04B	402625	GABINETE CONCENTR 12MOD 120V C/RADIO SMC	UN	24	L2	Utilização livre depósito INVT	2878,54	69084,96
GA03	3G-04-04C	402625	GABINETE CONCENTR 12MOD 120V C/RADIO SMC	UN	24	L2	Utilização livre depósito INVT	2878,54	69084,96
GA03	3G-04-04D	402625	GABINETE CONCENTR 12MOD 120V C/RADIO SMC	UN	32	L2	Utilização livre depósito INVT	2878,54	92113,28
GA03	3G-04-05A	403168	SUPORTE PARA CAIXA SMC	UN	200	L2	Utilização livre depósito INVT	187,83	37566
GA03	3G-04-05B	402625	GABINETE CONCENTR 12MOD 120V C/RADIO SMC	UN	24	L2	Utilização livre depósito INVT	2878,54	69084,96
GA03	3G-04-05C	402625	GABINETE CONCENTR 12MOD 120V C/RADIO SMC	UN	24	L2	Utilização livre depósito INVT	2878,54	69084,96
GA03	3G-04-05D	402625	GABINETE CONCENTR 12MOD 120V C/RADIO SMC	UN	32	L2	Utilização livre depósito INVT	2878,54	92113,28
GA03	3G-04-06A	403168	SUPORTE PARA CAIXA SMC	UN	100	L2	Utilização livre depósito INVT	187,83	18783
GA03	3G-04-06A	407356	SUPORTE TIPO L AÇO PERFILADO ZINCADO DAT	UN	100	L2	Utilização livre depósito INVT	191,39	19139
GA03	3G-04-06B	402625	GABINETE CONCENTR 12MOD 120V C/RADIO SMC	UN	24	L2	Utilização livre depósito INVT	2878,54	69084,96
GA03	3G-04-06C	402625	GABINETE CONCENTR 12MOD 120V C/RADIO SMC	UN	24	L2	Utilização livre depósito INVT	2878,54	69084,96
GA03	3G-04-06D	402625	GABINETE CONCENTR 12MOD 120V C/RADIO SMC	UN	28	L2	Utilização livre depósito INVT	2878,54	80599,12
GA03	3G-04-07A	407356	SUPORTE TIPO L AÇO PERFILADO ZINCADO DAT	UN	200	L2	Utilização livre depósito INVT	191,39	38278
GA03	3G-04-07B	402625	GABINETE CONCENTR 12MOD 120V C/RADIO SMC	UN	24	L2	Utilização livre depósito INVT	2878,54	69084,96
GA03	3G-04-07C	402625	GABINETE CONCENTR 12MOD 120V C/RADIO SMC	UN	24	L2	Utilização livre depósito INVT	2878,54	69084,96
GA03	3G-04-07D	402625	GABINETE CONCENTR 12MOD 120V C/RADIO SMC	UN	32	L2	Utilização livre depósito INVT	2878,54	92113,28
GA03	3G-04-08A	407356	SUPORTE TIPO L AÇO PERFILADO ZINCADO DAT	UN	200	L2	Utilização livre depósito INVT	191,39	38278
GA03	3G-04-08B	402625	GABINETE CONCENTR 12MOD 120V C/RADIO SMC	UN	24	L2	Utilização livre depósito INVT	2878,54	69084,96
GA03	3G-04-08C	402625	GABINETE CONCENTR 12MOD 120V C/RADIO SMC	UN	24	L2	Utilização livre depósito INVT	2878,54	69084,96
GA03	3G-04-08D	402625	GABINETE CONCENTR 12MOD 120V C/RADIO SMC	UN	32	L2	Utilização livre depósito INVT	2878,54	92113,28
GA03	3G-04-09A	403168	SUPORTE PARA CAIXA SMC	UN	100	L2	Utilização livre depósito INVT	187,83	18783
GA03	3G-04-09A	407356	SUPORTE TIPO L AÇO PERFILADO ZINCADO DAT	UN	100	L2	Utilização livre depósito INVT	191,39	19139
GA03	3G-04-09B	402625	GABINETE CONCENTR 12MOD 120V C/RADIO SMC	UN	24	L2	Utilização livre depósito INVT	2878,54	69084,96
GA03	3G-04-09C	402625	GABINETE CONCENTR 12MOD 120V C/RADIO SMC	UN	24	L2	Utilização livre depósito INVT	2878,54	69084,96
GA03	3G-04-09D	402625	GABINETE CONCENTR 12MOD 120V C/RADIO SMC	UN	32	L2	Utilização livre depósito INVT	2878,54	92113,28
GA03	3G-04-10A	403168	SUPORTE PARA CAIXA SMC	UN	200	L2	Utilização livre depósito INVT	187,83	37566
GA03	3G-04-10B	402625	GABINETE CONCENTR 12MOD 120V C/RADIO SMC	UN	24	L2	Utilização livre depósito INVT	2878,54	69084,96
GA03	3G-04-10C	402625	GABINETE CONCENTR 12MOD 120V C/RADIO SMC	UN	24	L2	Utilização livre depósito INVT	2878,54	69084,96
GA03	3G-04-10D	402625	GABINETE CONCENTR 12MOD 120V C/RADIO SMC	UN	32	L2	Utilização livre depósito INVT	2878,54	92113,28
GA03	3G-04-11A	403168	SUPORTE PARA CAIXA SMC	UN	200	L2	Utilização livre depósito INVT	187,83	37566
GA03	3G-04-11B	402625	GABINETE CONCENTR 12MOD 120V C/RADIO SMC	UN	24	L2	Utilização livre depósito INVT	2878,54	69084,96
GA03	3G-04-11C	402625	GABINETE CONCENTR 12MOD 120V C/RADIO SMC	UN	24	L2	Utilização livre depósito INVT	2878,54	69084,96
GA03	3G-04-11D	402625	GABINETE CONCENTR 12MOD 120V C/RADIO SMC	UN	32	L2	Utilização livre depósito INVT	2878,54	92113,28
GA03	3G-04-12A	403168	SUPORTE PARA CAIXA SMC	UN	200	L2	Utilização livre depósito INVT	187,83	37566
GA03	3G-04-12B	402625	GABINETE CONCENTR 12MOD 120V C/RADIO SMC	UN	24	L2	Utilização livre depósito INVT	2878,54	69084,96
GA03	3G-04-12C	402625	GABINETE CONCENTR 12MOD 120V C/RADIO SMC	UN	24	L2	Utilização livre depósito INVT	2878,54	69084,96
GA03	3G-04-12D	402625	GABINETE CONCENTR 12MOD 120V C/RADIO SMC	UN	32	L2	Utilização livre depósito INVT	2878,54	92113,28
GA03	3G-04-13A	403168	SUPORTE PARA CAIXA SMC	UN	200	L2	Utilização livre depósito INVT	187,83	37566
GA03	3G-04-13B	402625	GABINETE CONCENTR 12MOD 120V C/RADIO SMC	UN	24	L2	Utilização livre depósito INVT	2878,54	69084,96
GA03	3G-04-13C	402625	GABINETE CONCENTR 12MOD 120V C/RADIO SMC	UN	24	L2	Utilização livre depósito INVT	2878,54	69084,96
GA03	3G-04-13D	402625	GABINETE CONCENTR 12MOD 120V C/RADIO SMC	UN	32	L2	Utilização livre depósito INVT	2878,54	92113,28
GA03	3G-04-14A	407356	SUPORTE TIPO L AÇO PERFILADO ZINCADO DAT	UN	200	L2	Utilização livre depósito INVT	191,39	38278
GA03	3G-04-14B	402625	GABINETE CONCENTR 12MOD 120V C/RADIO SMC	UN	24	L2	Utilização livre depósito INVT	2878,54	69084,96
GA03	3G-04-14C	402625	GABINETE CONCENTR 12MOD 120V C/RADIO SMC	UN	24	L2	Utilização livre depósito INVT	2878,54	69084,96
GA03	3G-04-14D	402625	GABINETE CONCENTR 12MOD 120V C/RADIO SMC	UN	32	L2	Utilização livre depósito INVT	2878,54	92113,28
GA03	3G-04-15A	403168	SUPORTE PARA CAIXA SMC	UN	200	L2	Utilização livre depósito INVT	187,83	37566
GA03	3G-04-15B	402625	GABINETE CONCENTR 12MOD 120V C/RADIO SMC	UN	24	L2	Utilização livre depósito INVT	2878,54	69084,96
GA03	3G-04-15C	402625	GABINETE CONCENTR 12MOD 120V C/RADIO SMC	UN	24	L2	Utilização livre depósito INVT	2878,54	69084,96
GA03	3G-04-15D	402625	GABINETE CONCENTR 12MOD 120V C/RADIO SMC	UN	28	L2	Utilização livre depósito INVT	2878,54	80599,12
GA03	3G-04-16A	407356	SUPORTE TIPO L AÇO PERFILADO ZINCADO DAT	UN	200	L2	Utilização livre depósito INVT	191,39	38278
GA03	3G-04-16B	402625	GABINETE CONCENTR 12MOD 120V C/RADIO SMC	UN	24	L2	Utilização livre depósito INVT	2878,54	69084,96
GA03	3G-04-16C	402625	GABINETE CONCENTR 12MOD 120V C/RADIO SMC	UN	24	L2	Utilização livre depósito INVT	2878,54	69084,96
GA03	3G-04-16D	402625	GABINETE CONCENTR 12MOD 120V C/RADIO SMC	UN	32	L2	Utilização livre depósito INVT	2878,54	92113,28
GA03	3G-05-01A	400484	CINTA POSTE CIRC ACO 280MM	UN	1500	L2	Utilização livre depósito INVT	16,02	24030
GA03	3G-05-01A	407356	SUPORTE TIPO L AÇO PERFILADO ZINCADO DAT	UN	100	L2	Utilização livre depósito INVT	191,39	19139
GA03	3G-05-01B	400751	CANCELA ACIONAMENTO AUT 6M AC	UN	2	L2	Utilização livre depósito INVT	4010,71	8021,42
GA03	3G-05-01B	800816	CAIXA EMENDA OPTICA 48F	UN	2	F3	Utilização livre depósito CUST	217,15	434,3
GA03	3G-05-01B	804130	JUMPER DE LINHA VIVA	UN	3	F3	Utilização livre depósito CUST	48	144
GA03	3G-05-01B	805226	INVERSOR AMBIENTE SEMI-INT 15~45GC 100%	UN	6	F3	Utilização livre depósito CUST	263,72	1582,32
GA03	3G-05-01C	404720	CAIXA POLIMERICA P/ DISJUN 195X290X140MM	UN	480	L2	Utilização livre depósito INVT	35,64	17107,2
GA03	3G-05-02B	402195	TRAFO CRTE 15KV; 75-5A; 0,3C12,5 BARRA	UN	84	L2	Utilização livre depósito INVT	324,68	27273,12
GA03	3G-05-02C	404720	CAIXA POLIMERICA P/ DISJUN 195X290X140MM	UN	240	L2	Utilização livre depósito INVT	35,64	8553,6
GA03	3G-05-03A	407356	SUPORTE TIPO L AÇO PERFILADO ZINCADO DAT	UN	100	L2	Utilização livre depósito INVT	191,39	19139
GA03	3G-05-03B	401389	TRAFO CRTE 15KV 100-5A 0,3C 1,5X	UN	84	L2	Utilização livre depósito INVT	233,73	19633,32
GA03	3G-05-03B	402195	TRAFO CRTE 15KV; 75-5A; 0,3C12,5 BARRA	UN	84	L2	Utilização livre depósito INVT	324,68	27273,12
GA03	3G-05-03C	404720	CAIXA POLIMERICA P/ DISJUN 195X290X140MM	UN	480	L2	Utilização livre depósito INVT	35,64	17107,2
GA03	3G-05-04A	404228	TRAFO CRTE 15KV 50-5A 13,8KV 0,3C12,5	UN	34	L2	Utilização livre depósito INVT	322,05	10949,7
GA03	3G-05-04B	401389	TRAFO CRTE 15KV 100-5A 0,3C 1,5X	UN	70	L2	Utilização livre depósito INVT	233,73	16361,1
GA03	3G-05-04C	404720	CAIXA POLIMERICA P/ DISJUN 195X290X140MM	UN	233	L2	Utilização livre depósito INVT	35,64	8304,12
GA03	3G-05-05A	402026	CINTA POSTE CIRC ACO 230MM	UN	1048	L2	Utilização livre depósito INVT	24,49	25665,52
GA03	3G-05-05A	403812	TRAFO CRTE 600V 150-5A	UN	14	L2	Utilização livre depósito INVT	326,57	4571,98
GA03	3G-05-05A	409301	UNID REMOTA ESENSOR-RL IP67 UL94HB	UN	17	L2	Utilização livre depósito INVT	2659,5	45211,5
GA03	3G-05-05B	401743	TRAFO CRTE 15KV; 100-5A; 0,3C12,5 BARRA	UN	66	L2	Utilização livre depósito INVT	714,33	47145,78
GA03	3G-05-05B	402400	TRAFO CRTE 15KV; 50-5A; 0,3C12,5 BARRA	UN	84	L2	Utilização livre depósito INVT	322,05	27052,2
GA03	3G-05-05C	404720	CAIXA POLIMERICA P/ DISJUN 195X290X140MM	UN	480	L2	Utilização livre depósito INVT	35,64	17107,2
GA03	3G-05-06A	402796	CONJUNTO MEDIÇÃO INTEG 03 TP'S/03 TC'S	UN	2	L2	Utilização livre depósito INVT	22158,45	44316,9
GA03	3G-05-06B	402400	TRAFO CRTE 15KV; 50-5A; 0,3C12,5 BARRA	UN	84	L2	Utilização livre depósito INVT	322,05	27052,2
GA03	3G-05-06C	404720	CAIXA POLIMERICA P/ DISJUN 195X290X140MM	UN	240	L2	Utilização livre depósito INVT	35,64	8553,6
GA03	3G-05-07A	402796	CONJUNTO MEDIÇÃO INTEG 03 TP'S/03 TC'S	UN	6	L2	Utilização livre depósito INVT	22158,45	132950,7
GA03	3G-05-07B	400275	TRAFO CRTE 15KV 400-5A 0,3C	UN	27	L2	Utilização livre depósito INVT	735,33	19853,91
GA03	3G-05-07B	402400	TRAFO CRTE 15KV; 50-5A; 0,3C12,5 BARRA	UN	84	L2	Utilização livre depósito INVT	322,05	27052,2
GA03	3G-05-07B	404614	TRAFO CRTE 15KV; 80-5A; 0,3C12,5 BARRA	UN	34	L2	Utilização livre depósito INVT	1584,83	53884,22
GA03	3G-05-07C	404451	CAIXA POLIMERICA PARA DISPLAY	UN	987	L2	Utilização livre depósito INVT	17,46	17233,02
GA03	3G-05-07C	404720	CAIXA POLIMERICA P/ DISJUN 195X290X140MM	UN	249	L2	Utilização livre depósito INVT	35,64	8874,36
GA03	3G-05-08A	402796	CONJUNTO MEDIÇÃO INTEG 03 TP'S/03 TC'S	UN	2	L2	Utilização livre depósito INVT	22158,45	44316,9
GA03	3G-05-08B	403477	TRAFO CRTE SIST DIST 15KV INT BAR 80-5A	UN	65	L2	Utilização livre depósito INVT	783,64	50936,6
GA03	3G-05-08C	404451	CAIXA POLIMERICA PARA DISPLAY	UN	1568	L2	Utilização livre depósito INVT	17,46	27377,28
GA03	3G-05-09A	401356	TRAFO CRTE 15KV; 15-5A; 0,3C12,5 BARRA	UN	8	L2	Utilização livre depósito INVT	1448,53	11588,24
GA03	3G-05-09A	401781	TRAFO CRTE 15KV 95KV	UN	19	L2	Utilização livre depósito INVT	330,99	6288,81
GA03	3G-05-09A	401996	TRAFO CRTE 15KV 10-5A 12,5VA	UN	2	L2	Utilização livre depósito INVT	764,95	1529,9
GA03	3G-05-09A	404612	TRAFO CRTE 15KV; 5:1; 25-5A; 0,3C12,5 BA	UN	32	L2	Utilização livre depósito INVT	882,45	28238,4
GA03	3G-05-09B	403251	TRAFO CRTE 15KV; 200-5A; 0,3C12,5 BARRA	UN	8	L2	Utilização livre depósito INVT	1364,34	10914,72
GA03	3G-05-09B	404229	TRAFO CRTE 15KV; 30-5A; 0,3C12,5 BARRA	UN	65	L2	Utilização livre depósito INVT	853,26	55461,9
GA03	3G-05-09B	404613	TRAFO CRTE 15KV; 40-5A; 0,3C12,5 BARRA	UN	9	L2	Utilização livre depósito INVT	1184,19	10657,71
GA03	3G-05-09C	404451	CAIXA POLIMERICA PARA DISPLAY	UN	3136	L2	Utilização livre depósito INVT	17,46	54754,56
GA03	3G-05-10A	403480	TRAFO CRTE 15KV; 25-5A; 0,3C12,5 BARRA	UN	57	L2	Utilização livre depósito INVT	618,28	35241,96
GA03	3G-05-10B	403248	TRAFO CRTE SIST DIST 15KV INT BAR 40-5A	UN	1	L2	Utilização livre depósito INVT	739,4	739,4
GA03	3G-05-10B	404229	TRAFO CRTE 15KV; 30-5A; 0,3C12,5 BARRA	UN	42	L2	Utilização livre depósito INVT	853,26	35836,92
GA03	3G-05-10C	404451	CAIXA POLIMERICA PARA DISPLAY	UN	1568	L2	Utilização livre depósito INVT	17,46	27377,28
GA03	3G-05-11A	400091	TRAFO CRTE 15KV 20-5A 13,8KV 0,3C12,5	UN	1	L2	Utilização livre depósito INVT	571,9	571,9
GA03	3G-05-11A	402106	BRACO L A1010/1020 3/8P16P	UN	100	L2	Utilização livre depósito INVT	83,77	8377
GA03	3G-05-11A	402195	TRAFO CRTE 15KV; 75-5A; 0,3C12,5 BARRA	UN	41	L2	Utilização livre depósito INVT	324,68	13311,88
GA03	3G-05-11B	407096	PROTETOR P/ CABO BT PVC COMP 2000MM	PEÇ	960	L2	Utilização livre depósito INVT	215,73	207100,8
GA03	3G-05-11C	404451	CAIXA POLIMERICA PARA DISPLAY	UN	3136	L2	Utilização livre depósito INVT	17,46	54754,56
GA03	3G-05-12A	400092	TRAFO CRTE 15KV 30-5A 6:1; 0,3C12,5	UN	29	L2	Utilização livre depósito INVT	322,35	9348,15
GA03	3G-05-12B	407096	PROTETOR P/ CABO BT PVC COMP 2000MM	PEÇ	848	L2	Utilização livre depósito INVT	215,73	182939,04
GA03	3G-05-12C	404451	CAIXA POLIMERICA PARA DISPLAY	UN	1568	L2	Utilização livre depósito INVT	17,46	27377,28
GA03	3G-05-13A	407096	PROTETOR P/ CABO BT PVC COMP 2000MM	PEÇ	422	L2	Utilização livre depósito INVT	215,73	91038,06
GA03	3G-05-13B	407096	PROTETOR P/ CABO BT PVC COMP 2000MM	PEÇ	960	L2	Utilização livre depósito INVT	215,73	207100,8
GA03	3G-05-13C	407096	PROTETOR P/ CABO BT PVC COMP 2000MM	PEÇ	112	L2	Utilização livre depósito INVT	215,73	24161,76
GA03	3G-05-14B	404232	CAIXA QUADRO COMANDO C/F 60X50X20 IP65	UN	28	L2	Utilização livre depósito INVT	462,69	12955,32
GA03	3G-05-14C	404451	CAIXA POLIMERICA PARA DISPLAY	UN	1568	L2	Utilização livre depósito INVT	17,46	27377,28
GA03	3G-05-15A	402400	TRAFO CRTE 15KV; 50-5A; 0,3C12,5 BARRA	UN	23	L2	Utilização livre depósito INVT	322,05	7407,15
GA03	3G-05-15B	404232	CAIXA QUADRO COMANDO C/F 60X50X20 IP65	UN	56	L2	Utilização livre depósito INVT	462,69	25910,64
GA03	3G-05-15C	404232	CAIXA QUADRO COMANDO C/F 60X50X20 IP65	UN	49	L2	Utilização livre depósito INVT	462,69	22671,81
GA03	3G-05-16B	404232	CAIXA QUADRO COMANDO C/F 60X50X20 IP65	UN	24	L2	Utilização livre depósito INVT	462,69	11104,56
GA03	3G-05-16C	404232	CAIXA QUADRO COMANDO C/F 60X50X20 IP65	UN	23	L2	Utilização livre depósito INVT	462,69	10641,87
GA03	3G-06-01B	402570	UNIDADE DE LEITURA INDIVIDUAL TLI - SMC	UN	96	L2	Utilização livre depósito INVT	125,79	12075,84
GA03	3G-06-01B	402625	GABINETE CONCENTR 12MOD 120V C/RADIO SMC	UN	16	L2	Utilização livre depósito INVT	2878,54	46056,64
GA03	3G-06-01B	402767	MED IN 2E 3F 120V 100A SMC DR B	UN	96	L2	Utilização livre depósito INVT	426,01	40896,96
GA03	3G-06-01C	402570	UNIDADE DE LEITURA INDIVIDUAL TLI - SMC	UN	96	L2	Utilização livre depósito INVT	125,79	12075,84
GA03	3G-06-01C	402625	GABINETE CONCENTR 12MOD 120V C/RADIO SMC	UN	16	L2	Utilização livre depósito INVT	2878,54	46056,64
GA03	3G-06-01C	402767	MED IN 2E 3F 120V 100A SMC DR B	UN	96	L2	Utilização livre depósito INVT	426,01	40896,96
GA03	3G-06-01D	402570	UNIDADE DE LEITURA INDIVIDUAL TLI - SMC	UN	96	L2	Utilização livre depósito INVT	125,79	12075,84
GA03	3G-06-01D	402625	GABINETE CONCENTR 12MOD 120V C/RADIO SMC	UN	16	L2	Utilização livre depósito INVT	2878,54	46056,64
GA03	3G-06-01D	402767	MED IN 2E 3F 120V 100A SMC DR B	UN	96	L2	Utilização livre depósito INVT	426,01	40896,96
GA03	3G-06-02B	402570	UNIDADE DE LEITURA INDIVIDUAL TLI - SMC	UN	96	L2	Utilização livre depósito INVT	125,79	12075,84
GA03	3G-06-02B	402625	GABINETE CONCENTR 12MOD 120V C/RADIO SMC	UN	16	L2	Utilização livre depósito INVT	2878,54	46056,64
GA03	3G-06-02B	402767	MED IN 2E 3F 120V 100A SMC DR B	UN	96	L2	Utilização livre depósito INVT	426,01	40896,96
GA03	3G-06-02C	402570	UNIDADE DE LEITURA INDIVIDUAL TLI - SMC	UN	96	L2	Utilização livre depósito INVT	125,79	12075,84
GA03	3G-06-02C	402625	GABINETE CONCENTR 12MOD 120V C/RADIO SMC	UN	16	L2	Utilização livre depósito INVT	2878,54	46056,64
GA03	3G-06-02C	402767	MED IN 2E 3F 120V 100A SMC DR B	UN	96	L2	Utilização livre depósito INVT	426,01	40896,96
GA03	3G-06-02D	402570	UNIDADE DE LEITURA INDIVIDUAL TLI - SMC	UN	48	L2	Utilização livre depósito INVT	125,79	6037,92
GA03	3G-06-02D	402625	GABINETE CONCENTR 12MOD 120V C/RADIO SMC	UN	8	L2	Utilização livre depósito INVT	2878,54	23028,32
GA03	3G-06-02D	402767	MED IN 2E 3F 120V 100A SMC DR B	UN	48	L2	Utilização livre depósito INVT	426,01	20448,48
GA03	3G-06-03B	402570	UNIDADE DE LEITURA INDIVIDUAL TLI - SMC	UN	96	L2	Utilização livre depósito INVT	125,79	12075,84
GA03	3G-06-03B	402625	GABINETE CONCENTR 12MOD 120V C/RADIO SMC	UN	16	L2	Utilização livre depósito INVT	2878,54	46056,64
GA03	3G-06-03B	402767	MED IN 2E 3F 120V 100A SMC DR B	UN	96	L2	Utilização livre depósito INVT	426,01	40896,96
GA03	3G-06-03C	402570	UNIDADE DE LEITURA INDIVIDUAL TLI - SMC	UN	96	L2	Utilização livre depósito INVT	125,79	12075,84
GA03	3G-06-03C	402625	GABINETE CONCENTR 12MOD 120V C/RADIO SMC	UN	16	L2	Utilização livre depósito INVT	2878,54	46056,64
GA03	3G-06-03C	402767	MED IN 2E 3F 120V 100A SMC DR B	UN	96	L2	Utilização livre depósito INVT	426,01	40896,96
GA03	3G-06-03D	402570	UNIDADE DE LEITURA INDIVIDUAL TLI - SMC	UN	96	L2	Utilização livre depósito INVT	125,79	12075,84
GA03	3G-06-03D	402625	GABINETE CONCENTR 12MOD 120V C/RADIO SMC	UN	16	L2	Utilização livre depósito INVT	2878,54	46056,64
GA03	3G-06-03D	402767	MED IN 2E 3F 120V 100A SMC DR B	UN	96	L2	Utilização livre depósito INVT	426,01	40896,96
GA03	3G-06-04A	402570	UNIDADE DE LEITURA INDIVIDUAL TLI - SMC	UN	96	L2	Utilização livre depósito INVT	125,79	12075,84
GA03	3G-06-04A	402625	GABINETE CONCENTR 12MOD 120V C/RADIO SMC	UN	16	L2	Utilização livre depósito INVT	2878,54	46056,64
GA03	3G-06-04A	402767	MED IN 2E 3F 120V 100A SMC DR B	UN	96	L2	Utilização livre depósito INVT	426,01	40896,96
GA03	3G-06-04B	402570	UNIDADE DE LEITURA INDIVIDUAL TLI - SMC	UN	96	L2	Utilização livre depósito INVT	125,79	12075,84
GA03	3G-06-04B	402625	GABINETE CONCENTR 12MOD 120V C/RADIO SMC	UN	16	L2	Utilização livre depósito INVT	2878,54	46056,64
GA03	3G-06-04B	402767	MED IN 2E 3F 120V 100A SMC DR B	UN	96	L2	Utilização livre depósito INVT	426,01	40896,96
GA03	3G-06-04C	402570	UNIDADE DE LEITURA INDIVIDUAL TLI - SMC	UN	96	L2	Utilização livre depósito INVT	125,79	12075,84
GA03	3G-06-04C	402625	GABINETE CONCENTR 12MOD 120V C/RADIO SMC	UN	16	L2	Utilização livre depósito INVT	2878,54	46056,64
GA03	3G-06-04C	402767	MED IN 2E 3F 120V 100A SMC DR B	UN	96	L2	Utilização livre depósito INVT	426,01	40896,96
GA03	3G-06-04D	402570	UNIDADE DE LEITURA INDIVIDUAL TLI - SMC	UN	48	L2	Utilização livre depósito INVT	125,79	6037,92
GA03	3G-06-04D	402625	GABINETE CONCENTR 12MOD 120V C/RADIO SMC	UN	8	L2	Utilização livre depósito INVT	2878,54	23028,32
GA03	3G-06-04D	402767	MED IN 2E 3F 120V 100A SMC DR B	UN	48	L2	Utilização livre depósito INVT	426,01	20448,48
GA03	3G-06-05A	402570	UNIDADE DE LEITURA INDIVIDUAL TLI - SMC	UN	96	L2	Utilização livre depósito INVT	125,79	12075,84
GA03	3G-06-05A	402625	GABINETE CONCENTR 12MOD 120V C/RADIO SMC	UN	16	L2	Utilização livre depósito INVT	2878,54	46056,64
GA03	3G-06-05A	402767	MED IN 2E 3F 120V 100A SMC DR B	UN	96	L2	Utilização livre depósito INVT	426,01	40896,96
GA03	3G-06-05B	402570	UNIDADE DE LEITURA INDIVIDUAL TLI - SMC	UN	96	L2	Utilização livre depósito INVT	125,79	12075,84
GA03	3G-06-05B	402625	GABINETE CONCENTR 12MOD 120V C/RADIO SMC	UN	16	L2	Utilização livre depósito INVT	2878,54	46056,64
GA03	3G-06-05B	402767	MED IN 2E 3F 120V 100A SMC DR B	UN	96	L2	Utilização livre depósito INVT	426,01	40896,96
GA03	3G-06-05C	402570	UNIDADE DE LEITURA INDIVIDUAL TLI - SMC	UN	96	L2	Utilização livre depósito INVT	125,79	12075,84
GA03	3G-06-05C	402625	GABINETE CONCENTR 12MOD 120V C/RADIO SMC	UN	16	L2	Utilização livre depósito INVT	2878,54	46056,64
GA03	3G-06-05C	402767	MED IN 2E 3F 120V 100A SMC DR B	UN	96	L2	Utilização livre depósito INVT	426,01	40896,96
GA03	3G-06-05D	402570	UNIDADE DE LEITURA INDIVIDUAL TLI - SMC	UN	96	L2	Utilização livre depósito INVT	125,79	12075,84
GA03	3G-06-05D	402625	GABINETE CONCENTR 12MOD 120V C/RADIO SMC	UN	16	L2	Utilização livre depósito INVT	2878,54	46056,64
GA03	3G-06-05D	402767	MED IN 2E 3F 120V 100A SMC DR B	UN	96	L2	Utilização livre depósito INVT	426,01	40896,96
GA03	3G-06-06A	402570	UNIDADE DE LEITURA INDIVIDUAL TLI - SMC	UN	96	L2	Utilização livre depósito INVT	125,79	12075,84
GA03	3G-06-06A	402625	GABINETE CONCENTR 12MOD 120V C/RADIO SMC	UN	16	L2	Utilização livre depósito INVT	2878,54	46056,64
GA03	3G-06-06A	402767	MED IN 2E 3F 120V 100A SMC DR B	UN	96	L2	Utilização livre depósito INVT	426,01	40896,96
GA03	3G-06-06B	402570	UNIDADE DE LEITURA INDIVIDUAL TLI - SMC	UN	96	L2	Utilização livre depósito INVT	125,79	12075,84
GA03	3G-06-06B	402625	GABINETE CONCENTR 12MOD 120V C/RADIO SMC	UN	16	L2	Utilização livre depósito INVT	2878,54	46056,64
GA03	3G-06-06B	402767	MED IN 2E 3F 120V 100A SMC DR B	UN	96	L2	Utilização livre depósito INVT	426,01	40896,96
GA03	3G-06-06C	402570	UNIDADE DE LEITURA INDIVIDUAL TLI - SMC	UN	96	L2	Utilização livre depósito INVT	125,79	12075,84
GA03	3G-06-06C	402625	GABINETE CONCENTR 12MOD 120V C/RADIO SMC	UN	16	L2	Utilização livre depósito INVT	2878,54	46056,64
GA03	3G-06-06C	402767	MED IN 2E 3F 120V 100A SMC DR B	UN	96	L2	Utilização livre depósito INVT	426,01	40896,96
GA03	3G-06-06D	402570	UNIDADE DE LEITURA INDIVIDUAL TLI - SMC	UN	96	L2	Utilização livre depósito INVT	125,79	12075,84
GA03	3G-06-06D	402625	GABINETE CONCENTR 12MOD 120V C/RADIO SMC	UN	16	L2	Utilização livre depósito INVT	2878,54	46056,64
GA03	3G-06-06D	402767	MED IN 2E 3F 120V 100A SMC DR B	UN	96	L2	Utilização livre depósito INVT	426,01	40896,96
GA03	3G-06-07A	402570	UNIDADE DE LEITURA INDIVIDUAL TLI - SMC	UN	96	L2	Utilização livre depósito INVT	125,79	12075,84
GA03	3G-06-07A	402625	GABINETE CONCENTR 12MOD 120V C/RADIO SMC	UN	16	L2	Utilização livre depósito INVT	2878,54	46056,64
GA03	3G-06-07A	402767	MED IN 2E 3F 120V 100A SMC DR B	UN	96	L2	Utilização livre depósito INVT	426,01	40896,96
GA03	3G-06-07B	402570	UNIDADE DE LEITURA INDIVIDUAL TLI - SMC	UN	96	L2	Utilização livre depósito INVT	125,79	12075,84
GA03	3G-06-07B	402625	GABINETE CONCENTR 12MOD 120V C/RADIO SMC	UN	16	L2	Utilização livre depósito INVT	2878,54	46056,64
GA03	3G-06-07B	402767	MED IN 2E 3F 120V 100A SMC DR B	UN	96	L2	Utilização livre depósito INVT	426,01	40896,96
GA03	3G-06-07C	402570	UNIDADE DE LEITURA INDIVIDUAL TLI - SMC	UN	96	L2	Utilização livre depósito INVT	125,79	12075,84
GA03	3G-06-07C	402625	GABINETE CONCENTR 12MOD 120V C/RADIO SMC	UN	16	L2	Utilização livre depósito INVT	2878,54	46056,64
GA03	3G-06-07C	402767	MED IN 2E 3F 120V 100A SMC DR B	UN	96	L2	Utilização livre depósito INVT	426,01	40896,96
GA03	3G-06-07D	402570	UNIDADE DE LEITURA INDIVIDUAL TLI - SMC	UN	96	L2	Utilização livre depósito INVT	125,79	12075,84
GA03	3G-06-07D	402625	GABINETE CONCENTR 12MOD 120V C/RADIO SMC	UN	16	L2	Utilização livre depósito INVT	2878,54	46056,64
GA03	3G-06-07D	402767	MED IN 2E 3F 120V 100A SMC DR B	UN	96	L2	Utilização livre depósito INVT	426,01	40896,96
GA03	3G-06-08A	402570	UNIDADE DE LEITURA INDIVIDUAL TLI - SMC	UN	96	L2	Utilização livre depósito INVT	125,79	12075,84
GA03	3G-06-08A	402625	GABINETE CONCENTR 12MOD 120V C/RADIO SMC	UN	16	L2	Utilização livre depósito INVT	2878,54	46056,64
GA03	3G-06-08A	402767	MED IN 2E 3F 120V 100A SMC DR B	UN	96	L2	Utilização livre depósito INVT	426,01	40896,96
GA03	3G-06-08B	402570	UNIDADE DE LEITURA INDIVIDUAL TLI - SMC	UN	96	L2	Utilização livre depósito INVT	125,79	12075,84
GA03	3G-06-08B	402625	GABINETE CONCENTR 12MOD 120V C/RADIO SMC	UN	16	L2	Utilização livre depósito INVT	2878,54	46056,64
GA03	3G-06-08B	402767	MED IN 2E 3F 120V 100A SMC DR B	UN	96	L2	Utilização livre depósito INVT	426,01	40896,96
GA03	3G-06-08C	402570	UNIDADE DE LEITURA INDIVIDUAL TLI - SMC	UN	96	L2	Utilização livre depósito INVT	125,79	12075,84
GA03	3G-06-08C	402625	GABINETE CONCENTR 12MOD 120V C/RADIO SMC	UN	16	L2	Utilização livre depósito INVT	2878,54	46056,64
GA03	3G-06-08C	402767	MED IN 2E 3F 120V 100A SMC DR B	UN	96	L2	Utilização livre depósito INVT	426,01	40896,96
GA03	3G-06-08D	402570	UNIDADE DE LEITURA INDIVIDUAL TLI - SMC	UN	96	L2	Utilização livre depósito INVT	125,79	12075,84
GA03	3G-06-08D	402625	GABINETE CONCENTR 12MOD 120V C/RADIO SMC	UN	16	L2	Utilização livre depósito INVT	2878,54	46056,64
GA03	3G-06-08D	402767	MED IN 2E 3F 120V 100A SMC DR B	UN	96	L2	Utilização livre depósito INVT	426,01	40896,96
GA03	3G-06-09A	402570	UNIDADE DE LEITURA INDIVIDUAL TLI - SMC	UN	96	L2	Utilização livre depósito INVT	125,79	12075,84
GA03	3G-06-09A	402625	GABINETE CONCENTR 12MOD 120V C/RADIO SMC	UN	16	L2	Utilização livre depósito INVT	2878,54	46056,64
GA03	3G-06-09A	402767	MED IN 2E 3F 120V 100A SMC DR B	UN	96	L2	Utilização livre depósito INVT	426,01	40896,96
GA03	3G-06-09B	402570	UNIDADE DE LEITURA INDIVIDUAL TLI - SMC	UN	96	L2	Utilização livre depósito INVT	125,79	12075,84
GA03	3G-06-09B	402625	GABINETE CONCENTR 12MOD 120V C/RADIO SMC	UN	16	L2	Utilização livre depósito INVT	2878,54	46056,64
GA03	3G-06-09B	402767	MED IN 2E 3F 120V 100A SMC DR B	UN	96	L2	Utilização livre depósito INVT	426,01	40896,96
GA03	3G-06-09C	402570	UNIDADE DE LEITURA INDIVIDUAL TLI - SMC	UN	96	L2	Utilização livre depósito INVT	125,79	12075,84
GA03	3G-06-09C	402625	GABINETE CONCENTR 12MOD 120V C/RADIO SMC	UN	16	L2	Utilização livre depósito INVT	2878,54	46056,64
GA03	3G-06-09C	402767	MED IN 2E 3F 120V 100A SMC DR B	UN	96	L2	Utilização livre depósito INVT	426,01	40896,96
GA03	3G-06-09D	402570	UNIDADE DE LEITURA INDIVIDUAL TLI - SMC	UN	96	L2	Utilização livre depósito INVT	125,79	12075,84
GA03	3G-06-09D	402625	GABINETE CONCENTR 12MOD 120V C/RADIO SMC	UN	16	L2	Utilização livre depósito INVT	2878,54	46056,64
GA03	3G-06-09D	402767	MED IN 2E 3F 120V 100A SMC DR B	UN	96	L2	Utilização livre depósito INVT	426,01	40896,96
GA03	3G-06-10A	402570	UNIDADE DE LEITURA INDIVIDUAL TLI - SMC	UN	96	L2	Utilização livre depósito INVT	125,79	12075,84
GA03	3G-06-10A	402625	GABINETE CONCENTR 12MOD 120V C/RADIO SMC	UN	16	L2	Utilização livre depósito INVT	2878,54	46056,64
GA03	3G-06-10A	402767	MED IN 2E 3F 120V 100A SMC DR B	UN	96	L2	Utilização livre depósito INVT	426,01	40896,96
GA03	3G-06-10B	402570	UNIDADE DE LEITURA INDIVIDUAL TLI - SMC	UN	96	L2	Utilização livre depósito INVT	125,79	12075,84
GA03	3G-06-10B	402625	GABINETE CONCENTR 12MOD 120V C/RADIO SMC	UN	16	L2	Utilização livre depósito INVT	2878,54	46056,64
GA03	3G-06-10B	402767	MED IN 2E 3F 120V 100A SMC DR B	UN	96	L2	Utilização livre depósito INVT	426,01	40896,96
GA03	3G-06-10C	402570	UNIDADE DE LEITURA INDIVIDUAL TLI - SMC	UN	96	L2	Utilização livre depósito INVT	125,79	12075,84
GA03	3G-06-10C	402625	GABINETE CONCENTR 12MOD 120V C/RADIO SMC	UN	16	L2	Utilização livre depósito INVT	2878,54	46056,64
GA03	3G-06-10C	402767	MED IN 2E 3F 120V 100A SMC DR B	UN	96	L2	Utilização livre depósito INVT	426,01	40896,96
GA03	3G-06-10D	402570	UNIDADE DE LEITURA INDIVIDUAL TLI - SMC	UN	96	L2	Utilização livre depósito INVT	125,79	12075,84
GA03	3G-06-10D	402625	GABINETE CONCENTR 12MOD 120V C/RADIO SMC	UN	16	L2	Utilização livre depósito INVT	2878,54	46056,64
GA03	3G-06-10D	402767	MED IN 2E 3F 120V 100A SMC DR B	UN	96	L2	Utilização livre depósito INVT	426,01	40896,96
GA03	3G-06-11A	402570	UNIDADE DE LEITURA INDIVIDUAL TLI - SMC	UN	96	L2	Utilização livre depósito INVT	125,79	12075,84
GA03	3G-06-11A	402625	GABINETE CONCENTR 12MOD 120V C/RADIO SMC	UN	16	L2	Utilização livre depósito INVT	2878,54	46056,64
GA03	3G-06-11A	402767	MED IN 2E 3F 120V 100A SMC DR B	UN	96	L2	Utilização livre depósito INVT	426,01	40896,96
GA03	3G-06-11B	402570	UNIDADE DE LEITURA INDIVIDUAL TLI - SMC	UN	96	L2	Utilização livre depósito INVT	125,79	12075,84
GA03	3G-06-11B	402625	GABINETE CONCENTR 12MOD 120V C/RADIO SMC	UN	16	L2	Utilização livre depósito INVT	2878,54	46056,64
GA03	3G-06-11B	402767	MED IN 2E 3F 120V 100A SMC DR B	UN	96	L2	Utilização livre depósito INVT	426,01	40896,96
GA03	3G-06-11C	402570	UNIDADE DE LEITURA INDIVIDUAL TLI - SMC	UN	96	L2	Utilização livre depósito INVT	125,79	12075,84
GA03	3G-06-11C	402625	GABINETE CONCENTR 12MOD 120V C/RADIO SMC	UN	16	L2	Utilização livre depósito INVT	2878,54	46056,64
GA03	3G-06-11C	402767	MED IN 2E 3F 120V 100A SMC DR B	UN	96	L2	Utilização livre depósito INVT	426,01	40896,96
GA03	3G-06-11D	402570	UNIDADE DE LEITURA INDIVIDUAL TLI - SMC	UN	96	L2	Utilização livre depósito INVT	125,79	12075,84
GA03	3G-06-11D	402625	GABINETE CONCENTR 12MOD 120V C/RADIO SMC	UN	16	L2	Utilização livre depósito INVT	2878,54	46056,64
GA03	3G-06-11D	402767	MED IN 2E 3F 120V 100A SMC DR B	UN	96	L2	Utilização livre depósito INVT	426,01	40896,96
GA03	3G-06-12A	402570	UNIDADE DE LEITURA INDIVIDUAL TLI - SMC	UN	96	L2	Utilização livre depósito INVT	125,79	12075,84
GA03	3G-06-12A	402625	GABINETE CONCENTR 12MOD 120V C/RADIO SMC	UN	16	L2	Utilização livre depósito INVT	2878,54	46056,64
GA03	3G-06-12A	402767	MED IN 2E 3F 120V 100A SMC DR B	UN	96	L2	Utilização livre depósito INVT	426,01	40896,96
GA03	3G-06-12B	402570	UNIDADE DE LEITURA INDIVIDUAL TLI - SMC	UN	96	L2	Utilização livre depósito INVT	125,79	12075,84
GA03	3G-06-12B	402625	GABINETE CONCENTR 12MOD 120V C/RADIO SMC	UN	16	L2	Utilização livre depósito INVT	2878,54	46056,64
GA03	3G-06-12B	402767	MED IN 2E 3F 120V 100A SMC DR B	UN	96	L2	Utilização livre depósito INVT	426,01	40896,96
GA03	3G-06-12C	402570	UNIDADE DE LEITURA INDIVIDUAL TLI - SMC	UN	96	L2	Utilização livre depósito INVT	125,79	12075,84
GA03	3G-06-12C	402625	GABINETE CONCENTR 12MOD 120V C/RADIO SMC	UN	16	L2	Utilização livre depósito INVT	2878,54	46056,64
GA03	3G-06-12C	402767	MED IN 2E 3F 120V 100A SMC DR B	UN	96	L2	Utilização livre depósito INVT	426,01	40896,96
GA03	3G-06-12D	402570	UNIDADE DE LEITURA INDIVIDUAL TLI - SMC	UN	96	L2	Utilização livre depósito INVT	125,79	12075,84
GA03	3G-06-12D	402625	GABINETE CONCENTR 12MOD 120V C/RADIO SMC	UN	16	L2	Utilização livre depósito INVT	2878,54	46056,64
GA03	3G-06-12D	402767	MED IN 2E 3F 120V 100A SMC DR B	UN	96	L2	Utilização livre depósito INVT	426,01	40896,96
GA03	3G-06-13A	402570	UNIDADE DE LEITURA INDIVIDUAL TLI - SMC	UN	96	L2	Utilização livre depósito INVT	125,79	12075,84
GA03	3G-06-13A	402625	GABINETE CONCENTR 12MOD 120V C/RADIO SMC	UN	16	L2	Utilização livre depósito INVT	2878,54	46056,64
GA03	3G-06-13A	402767	MED IN 2E 3F 120V 100A SMC DR B	UN	96	L2	Utilização livre depósito INVT	426,01	40896,96
GA03	3G-06-13B	402570	UNIDADE DE LEITURA INDIVIDUAL TLI - SMC	UN	96	L2	Utilização livre depósito INVT	125,79	12075,84
GA03	3G-06-13B	402625	GABINETE CONCENTR 12MOD 120V C/RADIO SMC	UN	16	L2	Utilização livre depósito INVT	2878,54	46056,64
GA03	3G-06-13B	402767	MED IN 2E 3F 120V 100A SMC DR B	UN	96	L2	Utilização livre depósito INVT	426,01	40896,96
GA03	3G-06-13C	402570	UNIDADE DE LEITURA INDIVIDUAL TLI - SMC	UN	96	L2	Utilização livre depósito INVT	125,79	12075,84
GA03	3G-06-13C	402625	GABINETE CONCENTR 12MOD 120V C/RADIO SMC	UN	16	L2	Utilização livre depósito INVT	2878,54	46056,64
GA03	3G-06-13C	402767	MED IN 2E 3F 120V 100A SMC DR B	UN	96	L2	Utilização livre depósito INVT	426,01	40896,96
GA03	3G-06-13D	402570	UNIDADE DE LEITURA INDIVIDUAL TLI - SMC	UN	96	L2	Utilização livre depósito INVT	125,79	12075,84
GA03	3G-06-13D	402625	GABINETE CONCENTR 12MOD 120V C/RADIO SMC	UN	16	L2	Utilização livre depósito INVT	2878,54	46056,64
GA03	3G-06-13D	402767	MED IN 2E 3F 120V 100A SMC DR B	UN	96	L2	Utilização livre depósito INVT	426,01	40896,96
GA03	3G-06-14A	402570	UNIDADE DE LEITURA INDIVIDUAL TLI - SMC	UN	96	L2	Utilização livre depósito INVT	125,79	12075,84
GA03	3G-06-14A	402625	GABINETE CONCENTR 12MOD 120V C/RADIO SMC	UN	16	L2	Utilização livre depósito INVT	2878,54	46056,64
GA03	3G-06-14A	402767	MED IN 2E 3F 120V 100A SMC DR B	UN	96	L2	Utilização livre depósito INVT	426,01	40896,96
GA03	3G-06-14B	402570	UNIDADE DE LEITURA INDIVIDUAL TLI - SMC	UN	96	L2	Utilização livre depósito INVT	125,79	12075,84
GA03	3G-06-14B	402625	GABINETE CONCENTR 12MOD 120V C/RADIO SMC	UN	16	L2	Utilização livre depósito INVT	2878,54	46056,64
GA03	3G-06-14B	402767	MED IN 2E 3F 120V 100A SMC DR B	UN	96	L2	Utilização livre depósito INVT	426,01	40896,96
GA03	3G-06-14C	402570	UNIDADE DE LEITURA INDIVIDUAL TLI - SMC	UN	96	L2	Utilização livre depósito INVT	125,79	12075,84
GA03	3G-06-14C	402625	GABINETE CONCENTR 12MOD 120V C/RADIO SMC	UN	16	L2	Utilização livre depósito INVT	2878,54	46056,64
GA03	3G-06-14C	402767	MED IN 2E 3F 120V 100A SMC DR B	UN	96	L2	Utilização livre depósito INVT	426,01	40896,96
GA03	3G-06-14D	402570	UNIDADE DE LEITURA INDIVIDUAL TLI - SMC	UN	96	L2	Utilização livre depósito INVT	125,79	12075,84
GA03	3G-06-14D	402625	GABINETE CONCENTR 12MOD 120V C/RADIO SMC	UN	16	L2	Utilização livre depósito INVT	2878,54	46056,64
GA03	3G-06-14D	402767	MED IN 2E 3F 120V 100A SMC DR B	UN	96	L2	Utilização livre depósito INVT	426,01	40896,96
GA03	3G-06-15A	402570	UNIDADE DE LEITURA INDIVIDUAL TLI - SMC	UN	96	L2	Utilização livre depósito INVT	125,79	12075,84
GA03	3G-06-15A	402625	GABINETE CONCENTR 12MOD 120V C/RADIO SMC	UN	16	L2	Utilização livre depósito INVT	2878,54	46056,64
GA03	3G-06-15A	402767	MED IN 2E 3F 120V 100A SMC DR B	UN	96	L2	Utilização livre depósito INVT	426,01	40896,96
GA03	3G-06-15B	402570	UNIDADE DE LEITURA INDIVIDUAL TLI - SMC	UN	96	L2	Utilização livre depósito INVT	125,79	12075,84
GA03	3G-06-15B	402625	GABINETE CONCENTR 12MOD 120V C/RADIO SMC	UN	16	L2	Utilização livre depósito INVT	2878,54	46056,64
GA03	3G-06-15B	402767	MED IN 2E 3F 120V 100A SMC DR B	UN	96	L2	Utilização livre depósito INVT	426,01	40896,96
GA03	3G-06-15C	402570	UNIDADE DE LEITURA INDIVIDUAL TLI - SMC	UN	96	L2	Utilização livre depósito INVT	125,79	12075,84
GA03	3G-06-15C	402625	GABINETE CONCENTR 12MOD 120V C/RADIO SMC	UN	16	L2	Utilização livre depósito INVT	2878,54	46056,64
GA03	3G-06-15C	402767	MED IN 2E 3F 120V 100A SMC DR B	UN	96	L2	Utilização livre depósito INVT	426,01	40896,96
GA03	3G-06-15D	402570	UNIDADE DE LEITURA INDIVIDUAL TLI - SMC	UN	96	L2	Utilização livre depósito INVT	125,79	12075,84
GA03	3G-06-15D	402625	GABINETE CONCENTR 12MOD 120V C/RADIO SMC	UN	16	L2	Utilização livre depósito INVT	2878,54	46056,64
GA03	3G-06-15D	402767	MED IN 2E 3F 120V 100A SMC DR B	UN	96	L2	Utilização livre depósito INVT	426,01	40896,96
GA03	3G-06-16A	402570	UNIDADE DE LEITURA INDIVIDUAL TLI - SMC	UN	96	L2	Utilização livre depósito INVT	125,79	12075,84
GA03	3G-06-16A	402625	GABINETE CONCENTR 12MOD 120V C/RADIO SMC	UN	16	L2	Utilização livre depósito INVT	2878,54	46056,64
GA03	3G-06-16A	402767	MED IN 2E 3F 120V 100A SMC DR B	UN	96	L2	Utilização livre depósito INVT	426,01	40896,96
GA03	3G-06-16B	402570	UNIDADE DE LEITURA INDIVIDUAL TLI - SMC	UN	96	L2	Utilização livre depósito INVT	125,79	12075,84
GA03	3G-06-16B	402625	GABINETE CONCENTR 12MOD 120V C/RADIO SMC	UN	16	L2	Utilização livre depósito INVT	2878,54	46056,64
GA03	3G-06-16B	402767	MED IN 2E 3F 120V 100A SMC DR B	UN	96	L2	Utilização livre depósito INVT	426,01	40896,96
GA03	3G-06-16C	402570	UNIDADE DE LEITURA INDIVIDUAL TLI - SMC	UN	96	L2	Utilização livre depósito INVT	125,79	12075,84
GA03	3G-06-16C	402625	GABINETE CONCENTR 12MOD 120V C/RADIO SMC	UN	16	L2	Utilização livre depósito INVT	2878,54	46056,64
GA03	3G-06-16C	402767	MED IN 2E 3F 120V 100A SMC DR B	UN	96	L2	Utilização livre depósito INVT	426,01	40896,96
GA03	3G-06-16D	402570	UNIDADE DE LEITURA INDIVIDUAL TLI - SMC	UN	96	L2	Utilização livre depósito INVT	125,79	12075,84
GA03	3G-06-16D	402625	GABINETE CONCENTR 12MOD 120V C/RADIO SMC	UN	16	L2	Utilização livre depósito INVT	2878,54	46056,64
GA03	3G-06-16D	402767	MED IN 2E 3F 120V 100A SMC DR B	UN	96	L2	Utilização livre depósito INVT	426,01	40896,96
GA03	3G-06-17A	402570	UNIDADE DE LEITURA INDIVIDUAL TLI - SMC	UN	96	L2	Utilização livre depósito INVT	125,79	12075,84
GA03	3G-06-17A	402625	GABINETE CONCENTR 12MOD 120V C/RADIO SMC	UN	16	L2	Utilização livre depósito INVT	2878,54	46056,64
GA03	3G-06-17A	402767	MED IN 2E 3F 120V 100A SMC DR B	UN	96	L2	Utilização livre depósito INVT	426,01	40896,96
GA03	3G-06-17B	402570	UNIDADE DE LEITURA INDIVIDUAL TLI - SMC	UN	96	L2	Utilização livre depósito INVT	125,79	12075,84
GA03	3G-06-17B	402625	GABINETE CONCENTR 12MOD 120V C/RADIO SMC	UN	16	L2	Utilização livre depósito INVT	2878,54	46056,64
GA03	3G-06-17B	402767	MED IN 2E 3F 120V 100A SMC DR B	UN	96	L2	Utilização livre depósito INVT	426,01	40896,96
GA03	3G-06-17C	402570	UNIDADE DE LEITURA INDIVIDUAL TLI - SMC	UN	96	L2	Utilização livre depósito INVT	125,79	12075,84
GA03	3G-06-17C	402625	GABINETE CONCENTR 12MOD 120V C/RADIO SMC	UN	16	L2	Utilização livre depósito INVT	2878,54	46056,64
GA03	3G-06-17C	402767	MED IN 2E 3F 120V 100A SMC DR B	UN	96	L2	Utilização livre depósito INVT	426,01	40896,96
GA03	3G-06-17D	402570	UNIDADE DE LEITURA INDIVIDUAL TLI - SMC	UN	48	L2	Utilização livre depósito INVT	125,79	6037,92
GA03	3G-06-17D	402625	GABINETE CONCENTR 12MOD 120V C/RADIO SMC	UN	8	L2	Utilização livre depósito INVT	2878,54	23028,32
GA03	3G-06-17D	402767	MED IN 2E 3F 120V 100A SMC DR B	UN	48	L2	Utilização livre depósito INVT	426,01	20448,48
GA03	3G-06-18A	402570	UNIDADE DE LEITURA INDIVIDUAL TLI - SMC	UN	96	L2	Utilização livre depósito INVT	125,79	12075,84
GA03	3G-06-18A	402625	GABINETE CONCENTR 12MOD 120V C/RADIO SMC	UN	16	L2	Utilização livre depósito INVT	2878,54	46056,64
GA03	3G-06-18A	402767	MED IN 2E 3F 120V 100A SMC DR B	UN	96	L2	Utilização livre depósito INVT	426,01	40896,96
GA03	3G-06-18B	402570	UNIDADE DE LEITURA INDIVIDUAL TLI - SMC	UN	96	L2	Utilização livre depósito INVT	125,79	12075,84
GA03	3G-06-18B	402625	GABINETE CONCENTR 12MOD 120V C/RADIO SMC	UN	16	L2	Utilização livre depósito INVT	2878,54	46056,64
GA03	3G-06-18B	402767	MED IN 2E 3F 120V 100A SMC DR B	UN	96	L2	Utilização livre depósito INVT	426,01	40896,96
GA03	3G-06-18C	402570	UNIDADE DE LEITURA INDIVIDUAL TLI - SMC	UN	96	L2	Utilização livre depósito INVT	125,79	12075,84
GA03	3G-06-18C	402625	GABINETE CONCENTR 12MOD 120V C/RADIO SMC	UN	16	L2	Utilização livre depósito INVT	2878,54	46056,64
GA03	3G-06-18C	402767	MED IN 2E 3F 120V 100A SMC DR B	UN	96	L2	Utilização livre depósito INVT	426,01	40896,96
GA03	3G-06-18D	402570	UNIDADE DE LEITURA INDIVIDUAL TLI - SMC	UN	96	L2	Utilização livre depósito INVT	125,79	12075,84
GA03	3G-06-18D	402625	GABINETE CONCENTR 12MOD 120V C/RADIO SMC	UN	16	L2	Utilização livre depósito INVT	2878,54	46056,64
GA03	3G-06-18D	402767	MED IN 2E 3F 120V 100A SMC DR B	UN	96	L2	Utilização livre depósito INVT	426,01	40896,96
GA03	3G-07-01A	400011	SUPORTE TRANSF POSTE DUP T AC 210X115MM	UN	240	L2	Utilização livre depósito INVT	104,74	25137,6
GA03	3G-07-01D	407097	PROT. EMENDA ANTIFURTO 400X208X131,8MM	PEÇ	204	L2	Utilização livre depósito INVT	206,79	42185,16
GA03	3G-07-02A	400011	SUPORTE TRANSF POSTE DUP T AC 210X115MM	UN	240	L2	Utilização livre depósito INVT	104,74	25137,6
GA03	3G-07-02B	404031	ANILHA NUMERO "1" 4-16MM	UN	6000	L2	Utilização livre depósito INVT	0,08	480
GA03	3G-07-02B	404032	ANILHA NUMERO "2" 4-16MM	UN	5000	L2	Utilização livre depósito INVT	0,08	400
GA03	3G-07-02B	404033	ANILHA NUMERO "3" 4-16MM	UN	5000	L2	Utilização livre depósito INVT	0,08	400
GA03	3G-07-02B	404034	ANILHA NUMERO "4" 4-16MM	UN	4000	L2	Utilização livre depósito INVT	0,08	320
GA03	3G-07-02B	404035	ANILHA NUMERO "5" 4-16MM	UN	5800	L2	Utilização livre depósito INVT	0,08	464
GA03	3G-07-02B	404036	ANILHA NUMERO "6" 4-16MM	UN	5400	L2	Utilização livre depósito INVT	0,08	432
GA03	3G-07-02B	404037	ANILHA NUMERO "7" 4-16MM	UN	6000	L2	Utilização livre depósito INVT	0,08	480
GA03	3G-07-02B	404038	ANILHA NUMERO "8" 4-16MM	UN	5000	L2	Utilização livre depósito INVT	0,08	400
GA03	3G-07-02B	404039	ANILHA NUMERO "9" 4-16MM	UN	6000	L2	Utilização livre depósito INVT	0,08	480
GA03	3G-07-02B	404057	ANILHA IDENT PVC COND 1,5-4,0MM2 AM C	UN	60000	L2	Utilização livre depósito INVT	0,77	46200
GA03	3G-07-02B	404058	ANILHA IDENT PVC COND 1,5-4,0MM2 AM N0	UN	106000	L2	Utilização livre depósito INVT	0,1	10600
GA03	3G-07-02B	404059	ANILHA IDENT PVC COND 1,5-4,0MM2 AM N1	UN	5000	L2	Utilização livre depósito INVT	0,06	300
GA03	3G-07-02B	404060	ANILHA IDENT PVC COND 1,5-4,0MM2 AM N2	UN	3900	L2	Utilização livre depósito INVT	0,05	195
GA03	3G-07-02B	404061	ANILHA IDENT PVC COND 1,5-4,0MM2 AM N3	UN	2900	L2	Utilização livre depósito INVT	0,05	145
GA03	3G-07-02B	404062	ANILHA IDENT PVC COND 1,5-4,0MM2 AM N4	UN	3000	L2	Utilização livre depósito INVT	0,18	540
GA03	3G-07-02B	404069	ANILHA IDENT PVC COND 1,5-4,0MM2 AM P	UN	75000	L2	Utilização livre depósito INVT	1,01	75750
GA03	3G-07-02B	404070	ANILHA IDENT PVC COND 1,5-4,0MM2 AM S	UN	76000	L2	Utilização livre depósito INVT	0,06	4560
GA03	3G-07-02D	407097	PROT. EMENDA ANTIFURTO 400X208X131,8MM	PEÇ	120	L2	Utilização livre depósito INVT	206,79	24814,8
GA03	3G-07-03A	400011	SUPORTE TRANSF POSTE DUP T AC 210X115MM	UN	240	L2	Utilização livre depósito INVT	104,74	25137,6
GA03	3G-07-03B	400122	LACO PREF TOPO CAA/CA 4/0AWG VM	UN	180	L2	Utilização livre depósito INVT	2,03	365,4
GA03	3G-07-03B	400137	LACO PREF CA 2AWG PESC 57MM PURPURA	UN	218	L2	Utilização livre depósito INVT	3,15	686,7
GA03	3G-07-03B	400880	LACO PREF ISOLADOR ROLD CA 2AWG LJ 33MM2	UN	90	L2	Utilização livre depósito INVT	1,91	171,9
GA03	3G-07-03B	401088	LACO LATERAL PREF CAA E CA 1/0AWG DUPLO	UN	10	L2	Utilização livre depósito INVT	2,18	21,8
GA03	3G-07-03B	401090	LACO LATERAL DUPLO CA 2AWG	UN	146	L2	Utilização livre depósito INVT	3,14	458,44
GA03	3G-07-03B	401108	LACO DISTRIBUICAO PREF CAA 1/0AWG	UN	259	L2	Utilização livre depósito INVT	3,02	782,18
GA03	3G-07-03B	401234	LACO PREF ROLD CA 1/0AWG LJ	UN	335	L2	Utilização livre depósito INVT	6,47	2167,45
GA03	3G-07-03B	401385	ALCA PREFORM SERV 1X1010MM2 200DAN	UN	60	L2	Utilização livre depósito INVT	0,94	56,4
GA03	3G-07-03B	403804	ALCA PREFORM 6,4MM 1/4P AM 635MM	UN	10	L2	Utilização livre depósito INVT	8,12	81,2
GA03	3G-07-03B	800357	EMENDA PREF COND AL 2AWG 711MM	UN	420	F3	Utilização livre depósito CUST	8,26	3469,2
GA03	3G-07-03B	801146	LACO LATERAL PREF DUPLO 2/0AWG	UN	400	F3	Utilização livre depósito CUST	3,1	1240
GA03	3G-07-03C	402527	MED IN 1E 2F 120V 100A SMC DR B	UN	36	L2	Utilização livre depósito INVT	213,78	7696,08
GA03	3G-07-03C	402570	UNIDADE DE LEITURA INDIVIDUAL TLI - SMC	UN	36	L2	Utilização livre depósito INVT	125,79	4528,44
GA03	3G-07-03C	402625	GABINETE CONCENTR 12MOD 120V C/RADIO SMC	UN	6	L2	Utilização livre depósito INVT	2878,54	17271,24
GA03	3G-07-03D	407097	PROT. EMENDA ANTIFURTO 400X208X131,8MM	PEÇ	240	L2	Utilização livre depósito INVT	206,79	49629,6
GA03	3G-07-04A	400011	SUPORTE TRANSF POSTE DUP T AC 210X115MM	UN	240	L2	Utilização livre depósito INVT	104,74	25137,6
GA03	3G-07-04B	402307	CONECTOR PERF 4 SAÍDAS 25-240MM2/1,5-35M	UN	533	L2	Utilização livre depósito INVT	71,29	37997,57
GA03	3G-07-04B	803368	EMENDA PREF COND AL 1/0 AWG 965MM	UN	375	F3	Utilização livre depósito CUST	29,49	11058,75
GA03	3G-07-04C	402527	MED IN 1E 2F 120V 100A SMC DR B	UN	90	L2	Utilização livre depósito INVT	213,78	19240,2
GA03	3G-07-04C	402570	UNIDADE DE LEITURA INDIVIDUAL TLI - SMC	UN	90	L2	Utilização livre depósito INVT	125,79	11321,1
GA03	3G-07-04C	402625	GABINETE CONCENTR 12MOD 120V C/RADIO SMC	UN	12	L2	Utilização livre depósito INVT	2878,54	34542,48
GA03	3G-07-04D	407097	PROT. EMENDA ANTIFURTO 400X208X131,8MM	PEÇ	120	L2	Utilização livre depósito INVT	206,79	24814,8
GA03	3G-07-05A	400011	SUPORTE TRANSF POSTE DUP T AC 210X115MM	UN	240	L2	Utilização livre depósito INVT	104,74	25137,6
GA03	3G-07-05B	401105	LACO LATERAL DUPLO 4/0AWG	UN	450	L2	Utilização livre depósito INVT	3,21	1444,5
GA03	3G-07-05C	402527	MED IN 1E 2F 120V 100A SMC DR B	UN	144	L2	Utilização livre depósito INVT	213,78	30784,32
GA03	3G-07-05C	402570	UNIDADE DE LEITURA INDIVIDUAL TLI - SMC	UN	144	L2	Utilização livre depósito INVT	125,79	18113,76
GA03	3G-07-05C	402625	GABINETE CONCENTR 12MOD 120V C/RADIO SMC	UN	12	L2	Utilização livre depósito INVT	2878,54	34542,48
GA03	3G-07-05D	407097	PROT. EMENDA ANTIFURTO 400X208X131,8MM	PEÇ	240	L2	Utilização livre depósito INVT	206,79	49629,6
GA03	3G-07-06A	407356	SUPORTE TIPO L AÇO PERFILADO ZINCADO DAT	UN	100	L2	Utilização livre depósito INVT	191,39	19139
GA03	3G-07-06B	800600	LACO DISTRIBUICAO PREF CAA 2/0AWG AC	UN	5280	F3	Utilização livre depósito CUST	1,43	7550,4
GA03	3G-07-06C	402527	MED IN 1E 2F 120V 100A SMC DR B	UN	144	L2	Utilização livre depósito INVT	213,78	30784,32
GA03	3G-07-06C	402570	UNIDADE DE LEITURA INDIVIDUAL TLI - SMC	UN	144	L2	Utilização livre depósito INVT	125,79	18113,76
GA03	3G-07-06C	402625	GABINETE CONCENTR 12MOD 120V C/RADIO SMC	UN	12	L2	Utilização livre depósito INVT	2878,54	34542,48
GA03	3G-07-06D	407097	PROT. EMENDA ANTIFURTO 400X208X131,8MM	PEÇ	240	L2	Utilização livre depósito INVT	206,79	49629,6
GA03	3G-07-07A	407356	SUPORTE TIPO L AÇO PERFILADO ZINCADO DAT	UN	100	L2	Utilização livre depósito INVT	191,39	19139
GA03	3G-07-07A	801398	SUPORTE TRANSF POSTE DUP T AC 230X125MM	UN	120	F3	Utilização livre depósito CUST	161,67	19400,4
GA03	3G-07-07B	800600	LACO DISTRIBUICAO PREF CAA 2/0AWG AC	UN	5440	F3	Utilização livre depósito CUST	1,43	7779,2
GA03	3G-07-07C	402527	MED IN 1E 2F 120V 100A SMC DR B	UN	144	L2	Utilização livre depósito INVT	213,78	30784,32
GA03	3G-07-07C	402570	UNIDADE DE LEITURA INDIVIDUAL TLI - SMC	UN	144	L2	Utilização livre depósito INVT	125,79	18113,76
GA03	3G-07-07C	402625	GABINETE CONCENTR 12MOD 120V C/RADIO SMC	UN	12	L2	Utilização livre depósito INVT	2878,54	34542,48
GA03	3G-07-07D	407097	PROT. EMENDA ANTIFURTO 400X208X131,8MM	PEÇ	240	L2	Utilização livre depósito INVT	206,79	49629,6
GA03	3G-07-08A	402452	SUPORTE TRANSF POSTE CIRC AC 200MM	UN	160	L2	Utilização livre depósito INVT	98,14	15702,4
GA03	3G-07-08A	404818	SUPORTE TRAFO CIRCULAR 285MM	UN	144	L2	Utilização livre depósito INVT	68,6	9878,4
GA03	3G-07-08B	800600	LACO DISTRIBUICAO PREF CAA 2/0AWG AC	UN	5430	F3	Utilização livre depósito CUST	1,43	7764,9
GA03	3G-07-08C	402527	MED IN 1E 2F 120V 100A SMC DR B	UN	144	L2	Utilização livre depósito INVT	213,78	30784,32
GA03	3G-07-08C	402570	UNIDADE DE LEITURA INDIVIDUAL TLI - SMC	UN	144	L2	Utilização livre depósito INVT	125,79	18113,76
GA03	3G-07-08C	402625	GABINETE CONCENTR 12MOD 120V C/RADIO SMC	UN	12	L2	Utilização livre depósito INVT	2878,54	34542,48
GA03	3G-07-08D	407097	PROT. EMENDA ANTIFURTO 400X208X131,8MM	PEÇ	120	L2	Utilização livre depósito INVT	206,79	24814,8
GA03	3G-07-09A	801398	SUPORTE TRANSF POSTE DUP T AC 230X125MM	UN	240	F3	Utilização livre depósito CUST	161,67	38800,8
GA03	3G-07-09B	401234	LACO PREF ROLD CA 1/0AWG LJ	UN	7700	L2	Utilização livre depósito INVT	6,47	49819
GA03	3G-07-09C	402527	MED IN 1E 2F 120V 100A SMC DR B	UN	144	L2	Utilização livre depósito INVT	213,78	30784,32
GA03	3G-07-09C	402570	UNIDADE DE LEITURA INDIVIDUAL TLI - SMC	UN	144	L2	Utilização livre depósito INVT	125,79	18113,76
GA03	3G-07-09C	402625	GABINETE CONCENTR 12MOD 120V C/RADIO SMC	UN	12	L2	Utilização livre depósito INVT	2878,54	34542,48
GA03	3G-07-09D	401385	ALCA PREFORM SERV 1X1010MM2 200DAN	UN	17600	L2	Utilização livre depósito INVT	0,94	16544
GA03	3G-07-10A	401683	SUPORTE TRANSF POSTE DUP T AC 230X125MM	UN	120	L2	Utilização livre depósito INVT	187,8	22536
GA03	3G-07-10A	805184	SUPORTE TRANSF POSTE CIRC AC 250MM	UN	144	F3	Utilização livre depósito CUST	75,67	10896,48
GA03	3G-07-10B	401385	ALCA PREFORM SERV 1X1010MM2 200DAN	UN	1334	L2	Utilização livre depósito INVT	0,94	1253,96
GA03	3G-07-10B	401866	ALCA PREFORM SERV 16MM2, 5,5-5,7MM	UN	1361	L2	Utilização livre depósito INVT	3,04	4137,44
GA03	3G-07-10C	402527	MED IN 1E 2F 120V 100A SMC DR B	UN	144	L2	Utilização livre depósito INVT	213,78	30784,32
GA03	3G-07-10C	402570	UNIDADE DE LEITURA INDIVIDUAL TLI - SMC	UN	144	L2	Utilização livre depósito INVT	125,79	18113,76
GA03	3G-07-10C	402625	GABINETE CONCENTR 12MOD 120V C/RADIO SMC	UN	12	L2	Utilização livre depósito INVT	2878,54	34542,48
GA03	3G-07-10D	407097	PROT. EMENDA ANTIFURTO 400X208X131,8MM	PEÇ	120	L2	Utilização livre depósito INVT	206,79	24814,8
GA03	3G-07-11A	401683	SUPORTE TRANSF POSTE DUP T AC 230X125MM	UN	240	L2	Utilização livre depósito INVT	187,8	45072
GA03	3G-07-11B	401102	LACO DISTRIBUICAO PREF CAA 2/0AWG AC	UN	1800	L2	Utilização livre depósito INVT	1,33	2394
GA03	3G-07-11C	402527	MED IN 1E 2F 120V 100A SMC DR B	UN	144	L2	Utilização livre depósito INVT	213,78	30784,32
GA03	3G-07-11C	402570	UNIDADE DE LEITURA INDIVIDUAL TLI - SMC	UN	144	L2	Utilização livre depósito INVT	125,79	18113,76
GA03	3G-07-11C	402625	GABINETE CONCENTR 12MOD 120V C/RADIO SMC	UN	12	L2	Utilização livre depósito INVT	2878,54	34542,48
GA03	3G-07-11D	407097	PROT. EMENDA ANTIFURTO 400X208X131,8MM	PEÇ	240	L2	Utilização livre depósito INVT	206,79	49629,6
GA03	3G-07-12A	401683	SUPORTE TRANSF POSTE DUP T AC 230X125MM	UN	240	L2	Utilização livre depósito INVT	187,8	45072
GA03	3G-07-12C	402527	MED IN 1E 2F 120V 100A SMC DR B	UN	144	L2	Utilização livre depósito INVT	213,78	30784,32
GA03	3G-07-12C	402570	UNIDADE DE LEITURA INDIVIDUAL TLI - SMC	UN	144	L2	Utilização livre depósito INVT	125,79	18113,76
GA03	3G-07-12C	402625	GABINETE CONCENTR 12MOD 120V C/RADIO SMC	UN	12	L2	Utilização livre depósito INVT	2878,54	34542,48
GA03	3G-07-12D	400380	ALCA PREFORM SERV 50MM2 45MM2	UN	11550	L2	Utilização livre depósito INVT	2,92	33726
GA03	3G-07-13A	401683	SUPORTE TRANSF POSTE DUP T AC 230X125MM	UN	240	L2	Utilização livre depósito INVT	187,8	45072
GA03	3G-07-13C	402527	MED IN 1E 2F 120V 100A SMC DR B	UN	144	L2	Utilização livre depósito INVT	213,78	30784,32
GA03	3G-07-13C	402570	UNIDADE DE LEITURA INDIVIDUAL TLI - SMC	UN	144	L2	Utilização livre depósito INVT	125,79	18113,76
GA03	3G-07-13C	402625	GABINETE CONCENTR 12MOD 120V C/RADIO SMC	UN	12	L2	Utilização livre depósito INVT	2878,54	34542,48
GA03	3G-07-13D	407097	PROT. EMENDA ANTIFURTO 400X208X131,8MM	PEÇ	240	L2	Utilização livre depósito INVT	206,79	49629,6
GA03	3G-07-14A	401683	SUPORTE TRANSF POSTE DUP T AC 230X125MM	UN	120	L2	Utilização livre depósito INVT	187,8	22536
GA03	3G-07-14A	409641	SUPORTE TRANSF POSTE CIRC AC 210MM	UN	192	L2	Utilização livre depósito INVT	61,42	11792,64
GA03	3G-07-14C	402527	MED IN 1E 2F 120V 100A SMC DR B	UN	144	L2	Utilização livre depósito INVT	213,78	30784,32
GA03	3G-07-14C	402570	UNIDADE DE LEITURA INDIVIDUAL TLI - SMC	UN	144	L2	Utilização livre depósito INVT	125,79	18113,76
GA03	3G-07-14C	402625	GABINETE CONCENTR 12MOD 120V C/RADIO SMC	UN	12	L2	Utilização livre depósito INVT	2878,54	34542,48
GA03	3G-07-14D	407097	PROT. EMENDA ANTIFURTO 400X208X131,8MM	PEÇ	240	L2	Utilização livre depósito INVT	206,79	49629,6
GA03	3G-07-15A	409641	SUPORTE TRANSF POSTE CIRC AC 210MM	UN	384	L2	Utilização livre depósito INVT	61,42	23585,28
GA03	3G-07-15B	800600	LACO DISTRIBUICAO PREF CAA 2/0AWG AC	UN	2400	F3	Utilização livre depósito CUST	1,43	3432
GA03	3G-07-15C	402527	MED IN 1E 2F 120V 100A SMC DR B	UN	144	L2	Utilização livre depósito INVT	213,78	30784,32
GA03	3G-07-15C	402570	UNIDADE DE LEITURA INDIVIDUAL TLI - SMC	UN	144	L2	Utilização livre depósito INVT	125,79	18113,76
GA03	3G-07-15C	402625	GABINETE CONCENTR 12MOD 120V C/RADIO SMC	UN	12	L2	Utilização livre depósito INVT	2878,54	34542,48
GA03	3G-07-15D	400380	ALCA PREFORM SERV 50MM2 45MM2	UN	5550	L2	Utilização livre depósito INVT	2,92	16206
GA03	3G-07-16A	409641	SUPORTE TRANSF POSTE CIRC AC 210MM	UN	384	L2	Utilização livre depósito INVT	61,42	23585,28
GA03	3G-07-16B	401385	ALCA PREFORM SERV 1X1010MM2 200DAN	UN	21200	L2	Utilização livre depósito INVT	0,94	19928
GA03	3G-07-16C	402527	MED IN 1E 2F 120V 100A SMC DR B	UN	144	L2	Utilização livre depósito INVT	213,78	30784,32
GA03	3G-07-16C	402570	UNIDADE DE LEITURA INDIVIDUAL TLI - SMC	UN	144	L2	Utilização livre depósito INVT	125,79	18113,76
GA03	3G-07-16C	402625	GABINETE CONCENTR 12MOD 120V C/RADIO SMC	UN	12	L2	Utilização livre depósito INVT	2878,54	34542,48
GA03	3G-07-16D	400380	ALCA PREFORM SERV 50MM2 45MM2	UN	5422	L2	Utilização livre depósito INVT	2,92	15832,24
GA03	3G-07-16D	407097	PROT. EMENDA ANTIFURTO 400X208X131,8MM	PEÇ	120	L2	Utilização livre depósito INVT	206,79	24814,8
GA03	3G-07-17A	409641	SUPORTE TRANSF POSTE CIRC AC 210MM	UN	384	L2	Utilização livre depósito INVT	61,42	23585,28
GA03	3G-07-17B	401385	ALCA PREFORM SERV 1X1010MM2 200DAN	UN	10772	L2	Utilização livre depósito INVT	0,94	10125,68
GA03	3G-07-17C	402527	MED IN 1E 2F 120V 100A SMC DR B	UN	144	L2	Utilização livre depósito INVT	213,78	30784,32
GA03	3G-07-17C	402570	UNIDADE DE LEITURA INDIVIDUAL TLI - SMC	UN	144	L2	Utilização livre depósito INVT	125,79	18113,76
GA03	3G-07-17C	402625	GABINETE CONCENTR 12MOD 120V C/RADIO SMC	UN	12	L2	Utilização livre depósito INVT	2878,54	34542,48
GA03	3G-07-18A	409641	SUPORTE TRANSF POSTE CIRC AC 210MM	UN	384	L2	Utilização livre depósito INVT	61,42	23585,28
GA03	3G-07-18B	400683	ALCA PREFORM SERV 16MM2 5,0-5,7MM2	UN	12360	L2	Utilização livre depósito INVT	1,94	23978,4
GA03	3G-07-18B	801039	ALCA PREFORM SERV 50MM2 45MM2	UN	5450	F3	Utilização livre depósito CUST	7,41	40384,5
GA03	3G-07-18C	402527	MED IN 1E 2F 120V 100A SMC DR B	UN	144	L2	Utilização livre depósito INVT	213,78	30784,32
GA03	3G-07-18C	402570	UNIDADE DE LEITURA INDIVIDUAL TLI - SMC	UN	144	L2	Utilização livre depósito INVT	125,79	18113,76
GA03	3G-07-18C	402625	GABINETE CONCENTR 12MOD 120V C/RADIO SMC	UN	12	L2	Utilização livre depósito INVT	2878,54	34542,48
GA03	3G-07-18D	407097	PROT. EMENDA ANTIFURTO 400X208X131,8MM	PEÇ	240	L2	Utilização livre depósito INVT	206,79	49629,6
GA03	3G-08-01A	400955	PARAFUSO CAB ABA AC 16MM 150MM	UN	15000	L2	Utilização livre depósito INVT	4,21	63150
GA03	3G-08-01B	110452	LUXIMETRO DIG LCD 4DIG 0,01~999900LUX	UN	2	F3	Utilização livre depósito CUST	672,04	1344,08
GA03	3G-08-01B	401317	MED EL 1E 2F 120V 100A TB GD B	UN	99	L2	Utilização livre depósito INVT	148,63	14714,37
GA03	3G-08-01B	800055	LACRE SEG PP 6DIG AM	UN	2000	F3	Utilização livre depósito CUST	0,13	260
GA03	3G-08-01B	800170	LACRE SEG MET 7DIG AM	UN	1702	F3	Utilização livre depósito CUST	1,66	2825,32
GA03	3G-08-01B	802540	FUSIVEL NH ULTRA-RAPIDO TAM 1 100A 500V	UN	11	F3	Utilização livre depósito CUST	6,2	68,2
GA03	3G-08-01C	402570	UNIDADE DE LEITURA INDIVIDUAL TLI - SMC	UN	96	L2	Utilização livre depósito INVT	125,79	12075,84
GA03	3G-08-01C	402625	GABINETE CONCENTR 12MOD 120V C/RADIO SMC	UN	16	L2	Utilização livre depósito INVT	2878,54	46056,64
GA03	3G-08-01C	402767	MED IN 2E 3F 120V 100A SMC DR B	UN	96	L2	Utilização livre depósito INVT	426,01	40896,96
GA03	3G-08-02A	400955	PARAFUSO CAB ABA AC 16MM 150MM	UN	15000	L2	Utilização livre depósito INVT	4,21	63150
GA03	3G-08-02B	408804	MED IN 1E 2F 120V 100A TB GD SMC DR B	UN	338	L2	Utilização livre depósito INVT	165,96	56094,48
GA03	3G-08-02B	408806	MED IN 3E 4F 120V 100A TB GD SMC DR B	UN	126	L2	Utilização livre depósito INVT	497,91	62736,66
GA03	3G-08-02B	408809	MOSTRADOR REMOTO P100	UN	464	L2	Utilização livre depósito INVT	97,75	45356
GA03	3G-08-02C	402570	UNIDADE DE LEITURA INDIVIDUAL TLI - SMC	UN	96	L2	Utilização livre depósito INVT	125,79	12075,84
GA03	3G-08-02C	402625	GABINETE CONCENTR 12MOD 120V C/RADIO SMC	UN	16	L2	Utilização livre depósito INVT	2878,54	46056,64
GA03	3G-08-02C	402767	MED IN 2E 3F 120V 100A SMC DR B	UN	96	L2	Utilização livre depósito INVT	426,01	40896,96
GA03	3G-08-02D	403594	ALCA PREFORM CABO CONC  2X16 + 16	UN	2700	L2	Utilização livre depósito INVT	10,04	27108
GA03	3G-08-03A	400955	PARAFUSO CAB ABA AC 16MM 150MM	UN	5000	L2	Utilização livre depósito INVT	4,21	21050
GA03	3G-08-03A	402353	ARRUELA LIS 3/8P 1119	UN	32000	L2	Utilização livre depósito INVT	0,44	14080
GA03	3G-08-03A	800116	PARAFUSO CAB ABA AC 16MM 150MM	UN	7500	F3	Utilização livre depósito CUST	5,84	43800
GA03	3G-08-03B	408805	MED IN 2E 3F 120V 100A TB GD SMC DR B	UN	684	L2	Utilização livre depósito INVT	331,94	227046,96
GA03	3G-08-03B	408809	MOSTRADOR REMOTO P100	UN	684	L2	Utilização livre depósito INVT	97,75	66861
GA03	3G-08-03C	402570	UNIDADE DE LEITURA INDIVIDUAL TLI - SMC	UN	96	L2	Utilização livre depósito INVT	125,79	12075,84
GA03	3G-08-03C	402625	GABINETE CONCENTR 12MOD 120V C/RADIO SMC	UN	16	L2	Utilização livre depósito INVT	2878,54	46056,64
GA03	3G-08-03C	402767	MED IN 2E 3F 120V 100A SMC DR B	UN	96	L2	Utilização livre depósito INVT	426,01	40896,96
GA03	3G-08-03D	403594	ALCA PREFORM CABO CONC  2X16 + 16	UN	2700	L2	Utilização livre depósito INVT	10,04	27108
GA03	3G-08-04A	800116	PARAFUSO CAB ABA AC 16MM 150MM	UN	7500	F3	Utilização livre depósito CUST	5,84	43800
GA03	3G-08-04A	800521	PARAFUSO CAB QD 16X400MM AC	UN	2880	F3	Utilização livre depósito CUST	13,56	39052,8
GA03	3G-08-04B	402527	MED IN 1E 2F 120V 100A SMC DR B	UN	96	L2	Utilização livre depósito INVT	213,78	20522,88
GA03	3G-08-04B	402570	UNIDADE DE LEITURA INDIVIDUAL TLI - SMC	UN	171	L2	Utilização livre depósito INVT	125,79	21510,09
GA03	3G-08-04B	402767	MED IN 2E 3F 120V 100A SMC DR B	UN	58	L2	Utilização livre depósito INVT	426,01	24708,58
GA03	3G-08-04C	402570	UNIDADE DE LEITURA INDIVIDUAL TLI - SMC	UN	96	L2	Utilização livre depósito INVT	125,79	12075,84
GA03	3G-08-04C	402625	GABINETE CONCENTR 12MOD 120V C/RADIO SMC	UN	16	L2	Utilização livre depósito INVT	2878,54	46056,64
GA03	3G-08-04C	402767	MED IN 2E 3F 120V 100A SMC DR B	UN	96	L2	Utilização livre depósito INVT	426,01	40896,96
GA03	3G-08-05A	800521	PARAFUSO CAB QD 16X400MM AC	UN	8640	F3	Utilização livre depósito CUST	13,56	117158,4
GA03	3G-08-05B	408811	MUX48	UN	50	L2	Utilização livre depósito INVT	1014,51	50725,5
GA03	3G-08-05C	402570	UNIDADE DE LEITURA INDIVIDUAL TLI - SMC	UN	96	L2	Utilização livre depósito INVT	125,79	12075,84
GA03	3G-08-05C	402625	GABINETE CONCENTR 12MOD 120V C/RADIO SMC	UN	16	L2	Utilização livre depósito INVT	2878,54	46056,64
GA03	3G-08-05C	402767	MED IN 2E 3F 120V 100A SMC DR B	UN	96	L2	Utilização livre depósito INVT	426,01	40896,96
GA03	3G-08-06A	402658	TENSOR GANCHO-OLHA AC 360MM 260MM	UN	1093	L2	Utilização livre depósito INVT	6,15	6721,95
GA03	3G-08-06A	402892	TENSOR GANCHO-OLHAL AC 240MM 160MM	UN	604	L2	Utilização livre depósito INVT	6,07	3666,28
GA03	3G-08-06A	800521	PARAFUSO CAB QD 16X400MM AC	UN	4320	F3	Utilização livre depósito CUST	13,56	58579,2
GA03	3G-08-06B	400183	MED EL 2E 3F 120V 120A TB GD B	UN	23	L2	Utilização livre depósito INVT	303,43	6978,89
GA03	3G-08-06B	402570	UNIDADE DE LEITURA INDIVIDUAL TLI - SMC	UN	12	L2	Utilização livre depósito INVT	125,79	1509,48
GA03	3G-08-06B	402625	GABINETE CONCENTR 12MOD 120V C/RADIO SMC	UN	2	L2	Utilização livre depósito INVT	2878,54	5757,08
GA03	3G-08-06B	402767	MED IN 2E 3F 120V 100A SMC DR B	UN	12	L2	Utilização livre depósito INVT	426,01	5112,12
GA03	3G-08-06C	402570	UNIDADE DE LEITURA INDIVIDUAL TLI - SMC	UN	96	L2	Utilização livre depósito INVT	125,79	12075,84
GA03	3G-08-06C	402625	GABINETE CONCENTR 12MOD 120V C/RADIO SMC	UN	16	L2	Utilização livre depósito INVT	2878,54	46056,64
GA03	3G-08-06C	402767	MED IN 2E 3F 120V 100A SMC DR B	UN	96	L2	Utilização livre depósito INVT	426,01	40896,96
GA03	3G-08-06D	403594	ALCA PREFORM CABO CONC  2X16 + 16	UN	5400	L2	Utilização livre depósito INVT	10,04	54216
GA03	3G-08-07A	401213	SUPORTE TRANSF POSTE CIRC AC 255MM	UN	288	L2	Utilização livre depósito INVT	69,55	20030,4
GA03	3G-08-07B	403667	ALCA PREFORM CABO CONC  2X10 + 10	UN	2000	L2	Utilização livre depósito INVT	7,46	14920
GA03	3G-08-07B	403803	ALCA PREFORM CABO CONC  3X10 + 10	UN	2000	L2	Utilização livre depósito INVT	8,7	17400
GA03	3G-08-07C	402570	UNIDADE DE LEITURA INDIVIDUAL TLI - SMC	UN	96	L2	Utilização livre depósito INVT	125,79	12075,84
GA03	3G-08-07C	402625	GABINETE CONCENTR 12MOD 120V C/RADIO SMC	UN	16	L2	Utilização livre depósito INVT	2878,54	46056,64
GA03	3G-08-07C	402767	MED IN 2E 3F 120V 100A SMC DR B	UN	96	L2	Utilização livre depósito INVT	426,01	40896,96
GA03	3G-08-07D	403594	ALCA PREFORM CABO CONC  2X16 + 16	UN	2700	L2	Utilização livre depósito INVT	10,04	27108
GA03	3G-08-07D	407097	PROT. EMENDA ANTIFURTO 400X208X131,8MM	PEÇ	120	L2	Utilização livre depósito INVT	206,79	24814,8
GA03	3G-08-08A	401165	SUPORTE TRANSF POSTE CIRC AC 240MM	UN	192	L2	Utilização livre depósito INVT	37,44	7188,48
GA03	3G-08-08A	402689	SUPORTE TRANSF POSTE CIRC AC 230MM	UN	192	L2	Utilização livre depósito INVT	63,32	12157,44
GA03	3G-08-08B	403803	ALCA PREFORM CABO CONC  3X10 + 10	UN	4000	L2	Utilização livre depósito INVT	8,7	34800
GA03	3G-08-08C	402570	UNIDADE DE LEITURA INDIVIDUAL TLI - SMC	UN	96	L2	Utilização livre depósito INVT	125,79	12075,84
GA03	3G-08-08C	402625	GABINETE CONCENTR 12MOD 120V C/RADIO SMC	UN	16	L2	Utilização livre depósito INVT	2878,54	46056,64
GA03	3G-08-08C	402767	MED IN 2E 3F 120V 100A SMC DR B	UN	96	L2	Utilização livre depósito INVT	426,01	40896,96
GA03	3G-08-08D	407097	PROT. EMENDA ANTIFURTO 400X208X131,8MM	PEÇ	360	L2	Utilização livre depósito INVT	206,79	74444,4
GA03	3G-08-09A	402292	SUPORTE TRANSF POSTE CIRC AC 220MM	UN	192	L2	Utilização livre depósito INVT	49,12	9431,04
GA03	3G-08-09A	803158	SUPORTE TRANSF POSTE CIRC AC 230MM	UN	192	F3	Utilização livre depósito CUST	66,28	12725,76
GA03	3G-08-09B	403667	ALCA PREFORM CABO CONC  2X10 + 10	UN	2000	L2	Utilização livre depósito INVT	7,46	14920
GA03	3G-08-09B	403803	ALCA PREFORM CABO CONC  3X10 + 10	UN	2000	L2	Utilização livre depósito INVT	8,7	17400
GA03	3G-08-09C	402570	UNIDADE DE LEITURA INDIVIDUAL TLI - SMC	UN	96	L2	Utilização livre depósito INVT	125,79	12075,84
GA03	3G-08-09C	402625	GABINETE CONCENTR 12MOD 120V C/RADIO SMC	UN	16	L2	Utilização livre depósito INVT	2878,54	46056,64
GA03	3G-08-09C	402767	MED IN 2E 3F 120V 100A SMC DR B	UN	96	L2	Utilização livre depósito INVT	426,01	40896,96
GA03	3G-08-09D	407097	PROT. EMENDA ANTIFURTO 400X208X131,8MM	PEÇ	240	L2	Utilização livre depósito INVT	206,79	49629,6
GA03	3G-08-10A	404818	SUPORTE TRAFO CIRCULAR 285MM	UN	144	L2	Utilização livre depósito INVT	68,6	9878,4
GA03	3G-08-10A	409641	SUPORTE TRANSF POSTE CIRC AC 210MM	UN	192	L2	Utilização livre depósito INVT	61,42	11792,64
GA03	3G-08-10B	403667	ALCA PREFORM CABO CONC  2X10 + 10	UN	4000	L2	Utilização livre depósito INVT	7,46	29840
GA03	3G-08-10C	402570	UNIDADE DE LEITURA INDIVIDUAL TLI - SMC	UN	96	L2	Utilização livre depósito INVT	125,79	12075,84
GA03	3G-08-10C	402625	GABINETE CONCENTR 12MOD 120V C/RADIO SMC	UN	16	L2	Utilização livre depósito INVT	2878,54	46056,64
GA03	3G-08-10C	402767	MED IN 2E 3F 120V 100A SMC DR B	UN	96	L2	Utilização livre depósito INVT	426,01	40896,96
GA03	3G-08-10D	407097	PROT. EMENDA ANTIFURTO 400X208X131,8MM	PEÇ	198	L2	Utilização livre depósito INVT	206,79	40944,42
GA03	3G-08-11A	404818	SUPORTE TRAFO CIRCULAR 285MM	UN	144	L2	Utilização livre depósito INVT	68,6	9878,4
GA03	3G-08-11A	409641	SUPORTE TRANSF POSTE CIRC AC 210MM	UN	192	L2	Utilização livre depósito INVT	61,42	11792,64
GA03	3G-08-11B	403667	ALCA PREFORM CABO CONC  2X10 + 10	UN	2000	L2	Utilização livre depósito INVT	7,46	14920
GA03	3G-08-11B	403803	ALCA PREFORM CABO CONC  3X10 + 10	UN	2000	L2	Utilização livre depósito INVT	8,7	17400
GA03	3G-08-11C	402570	UNIDADE DE LEITURA INDIVIDUAL TLI - SMC	UN	96	L2	Utilização livre depósito INVT	125,79	12075,84
GA03	3G-08-11C	402625	GABINETE CONCENTR 12MOD 120V C/RADIO SMC	UN	16	L2	Utilização livre depósito INVT	2878,54	46056,64
GA03	3G-08-11C	402767	MED IN 2E 3F 120V 100A SMC DR B	UN	96	L2	Utilização livre depósito INVT	426,01	40896,96
GA03	3G-08-11D	403594	ALCA PREFORM CABO CONC  2X16 + 16	UN	5400	L2	Utilização livre depósito INVT	10,04	54216
GA03	3G-08-12A	402443	SUPORTE TRANSF POSTE CIRC AC 270MM	UN	288	L2	Utilização livre depósito INVT	105,18	30291,84
GA03	3G-08-12B	403667	ALCA PREFORM CABO CONC  2X10 + 10	UN	2000	L2	Utilização livre depósito INVT	7,46	14920
GA03	3G-08-12B	403803	ALCA PREFORM CABO CONC  3X10 + 10	UN	2000	L2	Utilização livre depósito INVT	8,7	17400
GA03	3G-08-12C	402570	UNIDADE DE LEITURA INDIVIDUAL TLI - SMC	UN	299	L2	Utilização livre depósito INVT	125,79	37611,21
GA03	3G-08-12C	402767	MED IN 2E 3F 120V 100A SMC DR B	UN	180	L2	Utilização livre depósito INVT	426,01	76681,8
GA03	3G-08-12C	402807	MED IN 3E 4F 120V 100A SMC DR B	UN	119	L2	Utilização livre depósito INVT	649,99	77348,81
GA03	3G-08-12D	407097	PROT. EMENDA ANTIFURTO 400X208X131,8MM	PEÇ	240	L2	Utilização livre depósito INVT	206,79	49629,6
GA03	3G-08-13A	402443	SUPORTE TRANSF POSTE CIRC AC 270MM	UN	288	L2	Utilização livre depósito INVT	105,18	30291,84
GA03	3G-08-13B	403667	ALCA PREFORM CABO CONC  2X10 + 10	UN	2000	L2	Utilização livre depósito INVT	7,46	14920
GA03	3G-08-13B	403803	ALCA PREFORM CABO CONC  3X10 + 10	UN	2000	L2	Utilização livre depósito INVT	8,7	17400
GA03	3G-08-13C	402570	UNIDADE DE LEITURA INDIVIDUAL TLI - SMC	UN	560	L2	Utilização livre depósito INVT	125,79	70442,4
GA03	3G-08-13C	402807	MED IN 3E 4F 120V 100A SMC DR B	UN	560	L2	Utilização livre depósito INVT	649,99	363994,4
GA03	3G-08-13D	407097	PROT. EMENDA ANTIFURTO 400X208X131,8MM	PEÇ	240	L2	Utilização livre depósito INVT	206,79	49629,6
GA03	3G-08-14A	402443	SUPORTE TRANSF POSTE CIRC AC 270MM	UN	288	L2	Utilização livre depósito INVT	105,18	30291,84
GA03	3G-08-14B	403667	ALCA PREFORM CABO CONC  2X10 + 10	UN	4000	L2	Utilização livre depósito INVT	7,46	29840
GA03	3G-08-14C	402570	UNIDADE DE LEITURA INDIVIDUAL TLI - SMC	UN	560	L2	Utilização livre depósito INVT	125,79	70442,4
GA03	3G-08-14C	402807	MED IN 3E 4F 120V 100A SMC DR B	UN	560	L2	Utilização livre depósito INVT	649,99	363994,4
GA03	3G-08-14D	407097	PROT. EMENDA ANTIFURTO 400X208X131,8MM	PEÇ	240	L2	Utilização livre depósito INVT	206,79	49629,6
GA03	3G-08-15A	402443	SUPORTE TRANSF POSTE CIRC AC 270MM	UN	288	L2	Utilização livre depósito INVT	105,18	30291,84
GA03	3G-08-15B	403667	ALCA PREFORM CABO CONC  2X10 + 10	UN	4000	L2	Utilização livre depósito INVT	7,46	29840
GA03	3G-08-15C	402570	UNIDADE DE LEITURA INDIVIDUAL TLI - SMC	UN	560	L2	Utilização livre depósito INVT	125,79	70442,4
GA03	3G-08-15C	402807	MED IN 3E 4F 120V 100A SMC DR B	UN	560	L2	Utilização livre depósito INVT	649,99	363994,4
GA03	3G-08-15D	407097	PROT. EMENDA ANTIFURTO 400X208X131,8MM	PEÇ	240	L2	Utilização livre depósito INVT	206,79	49629,6
GA03	3G-08-16A	404818	SUPORTE TRAFO CIRCULAR 285MM	UN	144	L2	Utilização livre depósito INVT	68,6	9878,4
GA03	3G-08-16A	409641	SUPORTE TRANSF POSTE CIRC AC 210MM	UN	192	L2	Utilização livre depósito INVT	61,42	11792,64
GA03	3G-08-16B	403667	ALCA PREFORM CABO CONC  2X10 + 10	UN	4000	L2	Utilização livre depósito INVT	7,46	29840
GA03	3G-08-16C	402570	UNIDADE DE LEITURA INDIVIDUAL TLI - SMC	UN	560	L2	Utilização livre depósito INVT	125,79	70442,4
GA03	3G-08-16C	402807	MED IN 3E 4F 120V 100A SMC DR B	UN	560	L2	Utilização livre depósito INVT	649,99	363994,4
GA03	3G-08-16D	407097	PROT. EMENDA ANTIFURTO 400X208X131,8MM	PEÇ	240	L2	Utilização livre depósito INVT	206,79	49629,6
GA03	3G-08-17A	404818	SUPORTE TRAFO CIRCULAR 285MM	UN	144	L2	Utilização livre depósito INVT	68,6	9878,4
GA03	3G-08-17A	409641	SUPORTE TRANSF POSTE CIRC AC 210MM	UN	192	L2	Utilização livre depósito INVT	61,42	11792,64
GA03	3G-08-17B	403803	ALCA PREFORM CABO CONC  3X10 + 10	UN	2000	L2	Utilização livre depósito INVT	8,7	17400
GA03	3G-08-17C	402570	UNIDADE DE LEITURA INDIVIDUAL TLI - SMC	UN	560	L2	Utilização livre depósito INVT	125,79	70442,4
GA03	3G-08-17C	402807	MED IN 3E 4F 120V 100A SMC DR B	UN	560	L2	Utilização livre depósito INVT	649,99	363994,4
GA03	3G-08-17D	403594	ALCA PREFORM CABO CONC  2X16 + 16	UN	2700	L2	Utilização livre depósito INVT	10,04	27108
GA03	3G-08-17D	407097	PROT. EMENDA ANTIFURTO 400X208X131,8MM	PEÇ	120	L2	Utilização livre depósito INVT	206,79	24814,8
GA03	3G-08-18A	409641	SUPORTE TRANSF POSTE CIRC AC 210MM	UN	384	L2	Utilização livre depósito INVT	61,42	23585,28
GA03	3G-08-18C	401351	MEDIDOR GRAND ELETR MODBUSGATEWAY 150MB	UN	7	L2	Utilização livre depósito INVT	15279,33	106955,31
GA03	3G-08-18C	402766	MEDIDOR DIGITAL ESTATÍSTICO DE ENERGIA	UN	23	L2	Utilização livre depósito INVT	12752,64	293310,72
GA03	3G-08-18D	407097	PROT. EMENDA ANTIFURTO 400X208X131,8MM	PEÇ	240	L2	Utilização livre depósito INVT	206,79	49629,6
GA03	3G-09-01A	407356	SUPORTE TIPO L AÇO PERFILADO ZINCADO DAT	UN	154	L2	Utilização livre depósito INVT	191,39	29474,06
GA03	3G-09-02A	402247	CINTA POSTE CIRC ACO 320MM	UN	750	L2	Utilização livre depósito INVT	19,05	14287,5
GA03	3G-09-02A	407356	SUPORTE TIPO L AÇO PERFILADO ZINCADO DAT	UN	100	L2	Utilização livre depósito INVT	191,39	19139
GA03	3G-09-02B	402570	UNIDADE DE LEITURA INDIVIDUAL TLI - SMC	UN	72	L2	Utilização livre depósito INVT	125,79	9056,88
GA03	3G-09-02B	402625	GABINETE CONCENTR 12MOD 120V C/RADIO SMC	UN	12	L2	Utilização livre depósito INVT	2878,54	34542,48
GA03	3G-09-02B	402767	MED IN 2E 3F 120V 100A SMC DR B	UN	72	L2	Utilização livre depósito INVT	426,01	30672,72
GA03	3G-09-02C	402570	UNIDADE DE LEITURA INDIVIDUAL TLI - SMC	UN	72	L2	Utilização livre depósito INVT	125,79	9056,88
GA03	3G-09-02C	402625	GABINETE CONCENTR 12MOD 120V C/RADIO SMC	UN	12	L2	Utilização livre depósito INVT	2878,54	34542,48
GA03	3G-09-02C	402767	MED IN 2E 3F 120V 100A SMC DR B	UN	72	L2	Utilização livre depósito INVT	426,01	30672,72
GA03	3G-09-03A	400484	CINTA POSTE CIRC ACO 280MM	UN	495	L2	Utilização livre depósito INVT	16,02	7929,9
GA03	3G-09-03A	801202	CINTA POSTE ACO 290MM	UN	599	F3	Utilização livre depósito CUST	37,7	22582,3
GA03	3G-09-03B	402570	UNIDADE DE LEITURA INDIVIDUAL TLI - SMC	UN	72	L2	Utilização livre depósito INVT	125,79	9056,88
GA03	3G-09-03B	402625	GABINETE CONCENTR 12MOD 120V C/RADIO SMC	UN	12	L2	Utilização livre depósito INVT	2878,54	34542,48
GA03	3G-09-03B	402767	MED IN 2E 3F 120V 100A SMC DR B	UN	72	L2	Utilização livre depósito INVT	426,01	30672,72
GA03	3G-09-03C	402570	UNIDADE DE LEITURA INDIVIDUAL TLI - SMC	UN	72	L2	Utilização livre depósito INVT	125,79	9056,88
GA03	3G-09-03C	402625	GABINETE CONCENTR 12MOD 120V C/RADIO SMC	UN	12	L2	Utilização livre depósito INVT	2878,54	34542,48
GA03	3G-09-03C	402767	MED IN 2E 3F 120V 100A SMC DR B	UN	72	L2	Utilização livre depósito INVT	426,01	30672,72
GA03	3G-09-03D	402625	GABINETE CONCENTR 12MOD 120V C/RADIO SMC	UN	32	L2	Utilização livre depósito INVT	2878,54	92113,28
GA03	3G-09-04A	400446	CINTA POSTE CIRC ACO 300MM	UN	1574	L2	Utilização livre depósito INVT	39,63	62377,62
GA03	3G-09-04B	402570	UNIDADE DE LEITURA INDIVIDUAL TLI - SMC	UN	72	L2	Utilização livre depósito INVT	125,79	9056,88
GA03	3G-09-04B	402625	GABINETE CONCENTR 12MOD 120V C/RADIO SMC	UN	12	L2	Utilização livre depósito INVT	2878,54	34542,48
GA03	3G-09-04B	402767	MED IN 2E 3F 120V 100A SMC DR B	UN	72	L2	Utilização livre depósito INVT	426,01	30672,72
GA03	3G-09-04C	402570	UNIDADE DE LEITURA INDIVIDUAL TLI - SMC	UN	72	L2	Utilização livre depósito INVT	125,79	9056,88
GA03	3G-09-04C	402625	GABINETE CONCENTR 12MOD 120V C/RADIO SMC	UN	12	L2	Utilização livre depósito INVT	2878,54	34542,48
GA03	3G-09-04C	402767	MED IN 2E 3F 120V 100A SMC DR B	UN	72	L2	Utilização livre depósito INVT	426,01	30672,72
GA03	3G-09-04D	402625	GABINETE CONCENTR 12MOD 120V C/RADIO SMC	UN	26	L2	Utilização livre depósito INVT	2878,54	74842,04
GA03	3G-09-05A	400446	CINTA POSTE CIRC ACO 300MM	UN	999	L2	Utilização livre depósito INVT	39,63	39590,37
GA03	3G-09-05A	407356	SUPORTE TIPO L AÇO PERFILADO ZINCADO DAT	UN	100	L2	Utilização livre depósito INVT	191,39	19139
GA03	3G-09-05B	402570	UNIDADE DE LEITURA INDIVIDUAL TLI - SMC	UN	72	L2	Utilização livre depósito INVT	125,79	9056,88
GA03	3G-09-05B	402625	GABINETE CONCENTR 12MOD 120V C/RADIO SMC	UN	12	L2	Utilização livre depósito INVT	2878,54	34542,48
GA03	3G-09-05B	402767	MED IN 2E 3F 120V 100A SMC DR B	UN	72	L2	Utilização livre depósito INVT	426,01	30672,72
GA03	3G-09-05C	402570	UNIDADE DE LEITURA INDIVIDUAL TLI - SMC	UN	72	L2	Utilização livre depósito INVT	125,79	9056,88
GA03	3G-09-05C	402625	GABINETE CONCENTR 12MOD 120V C/RADIO SMC	UN	12	L2	Utilização livre depósito INVT	2878,54	34542,48
GA03	3G-09-05C	402767	MED IN 2E 3F 120V 100A SMC DR B	UN	72	L2	Utilização livre depósito INVT	426,01	30672,72
GA03	3G-09-05D	402625	GABINETE CONCENTR 12MOD 120V C/RADIO SMC	UN	26	L2	Utilização livre depósito INVT	2878,54	74842,04
GA03	3G-09-06A	400484	CINTA POSTE CIRC ACO 280MM	UN	900	L2	Utilização livre depósito INVT	16,02	14418
GA03	3G-09-06A	402127	PARAFUSO CAB ABA AC 16MM 45MM	UN	16750	L2	Utilização livre depósito INVT	4,41	73867,5
GA03	3G-09-06B	402570	UNIDADE DE LEITURA INDIVIDUAL TLI - SMC	UN	72	L2	Utilização livre depósito INVT	125,79	9056,88
GA03	3G-09-06B	402625	GABINETE CONCENTR 12MOD 120V C/RADIO SMC	UN	12	L2	Utilização livre depósito INVT	2878,54	34542,48
GA03	3G-09-06B	402767	MED IN 2E 3F 120V 100A SMC DR B	UN	72	L2	Utilização livre depósito INVT	426,01	30672,72
GA03	3G-09-06C	402570	UNIDADE DE LEITURA INDIVIDUAL TLI - SMC	UN	72	L2	Utilização livre depósito INVT	125,79	9056,88
GA03	3G-09-06C	402625	GABINETE CONCENTR 12MOD 120V C/RADIO SMC	UN	12	L2	Utilização livre depósito INVT	2878,54	34542,48
GA03	3G-09-06C	402767	MED IN 2E 3F 120V 100A SMC DR B	UN	72	L2	Utilização livre depósito INVT	426,01	30672,72
GA03	3G-09-06D	402625	GABINETE CONCENTR 12MOD 120V C/RADIO SMC	UN	32	L2	Utilização livre depósito INVT	2878,54	92113,28
GA03	3G-09-07A	402127	PARAFUSO CAB ABA AC 16MM 45MM	UN	24550	L2	Utilização livre depósito INVT	4,41	108265,5
GA03	3G-09-07B	402570	UNIDADE DE LEITURA INDIVIDUAL TLI - SMC	UN	72	L2	Utilização livre depósito INVT	125,79	9056,88
GA03	3G-09-07B	402625	GABINETE CONCENTR 12MOD 120V C/RADIO SMC	UN	12	L2	Utilização livre depósito INVT	2878,54	34542,48
GA03	3G-09-07B	402767	MED IN 2E 3F 120V 100A SMC DR B	UN	72	L2	Utilização livre depósito INVT	426,01	30672,72
GA03	3G-09-07C	402570	UNIDADE DE LEITURA INDIVIDUAL TLI - SMC	UN	72	L2	Utilização livre depósito INVT	125,79	9056,88
GA03	3G-09-07C	402625	GABINETE CONCENTR 12MOD 120V C/RADIO SMC	UN	12	L2	Utilização livre depósito INVT	2878,54	34542,48
GA03	3G-09-07C	402767	MED IN 2E 3F 120V 100A SMC DR B	UN	72	L2	Utilização livre depósito INVT	426,01	30672,72
GA03	3G-09-07D	402625	GABINETE CONCENTR 12MOD 120V C/RADIO SMC	UN	32	L2	Utilização livre depósito INVT	2878,54	92113,28
GA03	3G-09-08A	401403	CINTA POSTE CIRC ACO 160MM	UN	1367	L2	Utilização livre depósito INVT	10,02	13697,34
GA03	3G-09-08A	401559	CINTA POSTE CIRC ACO 140MM	UN	2009	L2	Utilização livre depósito INVT	24,03	48276,27
GA03	3G-09-08B	402570	UNIDADE DE LEITURA INDIVIDUAL TLI - SMC	UN	72	L2	Utilização livre depósito INVT	125,79	9056,88
GA03	3G-09-08B	402625	GABINETE CONCENTR 12MOD 120V C/RADIO SMC	UN	12	L2	Utilização livre depósito INVT	2878,54	34542,48
GA03	3G-09-08B	402767	MED IN 2E 3F 120V 100A SMC DR B	UN	72	L2	Utilização livre depósito INVT	426,01	30672,72
GA03	3G-09-08C	402570	UNIDADE DE LEITURA INDIVIDUAL TLI - SMC	UN	72	L2	Utilização livre depósito INVT	125,79	9056,88
GA03	3G-09-08C	402625	GABINETE CONCENTR 12MOD 120V C/RADIO SMC	UN	12	L2	Utilização livre depósito INVT	2878,54	34542,48
GA03	3G-09-08C	402767	MED IN 2E 3F 120V 100A SMC DR B	UN	72	L2	Utilização livre depósito INVT	426,01	30672,72
GA03	3G-09-08D	402625	GABINETE CONCENTR 12MOD 120V C/RADIO SMC	UN	48	L2	Utilização livre depósito INVT	2878,54	138169,92
GA03	3G-09-09A	402065	CINTA POSTE CIRC ACO 180MM	UN	1445	L2	Utilização livre depósito INVT	15,75	22758,75
GA03	3G-09-09A	801304	CINTA POSTE CIRC ACO 160MM	UN	520	F3	Utilização livre depósito CUST	16,23	8439,6
GA03	3G-09-09B	402570	UNIDADE DE LEITURA INDIVIDUAL TLI - SMC	UN	72	L2	Utilização livre depósito INVT	125,79	9056,88
GA03	3G-09-09B	402625	GABINETE CONCENTR 12MOD 120V C/RADIO SMC	UN	12	L2	Utilização livre depósito INVT	2878,54	34542,48
GA03	3G-09-09B	402767	MED IN 2E 3F 120V 100A SMC DR B	UN	72	L2	Utilização livre depósito INVT	426,01	30672,72
GA03	3G-09-09C	402570	UNIDADE DE LEITURA INDIVIDUAL TLI - SMC	UN	72	L2	Utilização livre depósito INVT	125,79	9056,88
GA03	3G-09-09C	402625	GABINETE CONCENTR 12MOD 120V C/RADIO SMC	UN	12	L2	Utilização livre depósito INVT	2878,54	34542,48
GA03	3G-09-09C	402767	MED IN 2E 3F 120V 100A SMC DR B	UN	72	L2	Utilização livre depósito INVT	426,01	30672,72
GA03	3G-09-09D	402625	GABINETE CONCENTR 12MOD 120V C/RADIO SMC	UN	32	L2	Utilização livre depósito INVT	2878,54	92113,28
GA03	3G-09-10A	402065	CINTA POSTE CIRC ACO 180MM	UN	935	L2	Utilização livre depósito INVT	15,75	14726,25
GA03	3G-09-10A	800435	CINTA POSTE CIRC ACO 180MM	UN	1388	F3	Utilização livre depósito CUST	14,82	20570,16
GA03	3G-09-10B	402570	UNIDADE DE LEITURA INDIVIDUAL TLI - SMC	UN	72	L2	Utilização livre depósito INVT	125,79	9056,88
GA03	3G-09-10B	402625	GABINETE CONCENTR 12MOD 120V C/RADIO SMC	UN	12	L2	Utilização livre depósito INVT	2878,54	34542,48
GA03	3G-09-10B	402767	MED IN 2E 3F 120V 100A SMC DR B	UN	72	L2	Utilização livre depósito INVT	426,01	30672,72
GA03	3G-09-10C	402570	UNIDADE DE LEITURA INDIVIDUAL TLI - SMC	UN	72	L2	Utilização livre depósito INVT	125,79	9056,88
GA03	3G-09-10C	402625	GABINETE CONCENTR 12MOD 120V C/RADIO SMC	UN	12	L2	Utilização livre depósito INVT	2878,54	34542,48
GA03	3G-09-10C	402767	MED IN 2E 3F 120V 100A SMC DR B	UN	72	L2	Utilização livre depósito INVT	426,01	30672,72
GA03	3G-09-10D	402625	GABINETE CONCENTR 12MOD 120V C/RADIO SMC	UN	32	L2	Utilização livre depósito INVT	2878,54	92113,28
GA03	3G-09-11A	800266	CINTA POSTE CIRC ACO 230MM	UN	880	F3	Utilização livre depósito CUST	15,8	13904
GA03	3G-09-11A	801077	CINTA POSTE CIRC ACO 270MM	UN	1050	F3	Utilização livre depósito CUST	11,75	12337,5
GA03	3G-09-11B	402570	UNIDADE DE LEITURA INDIVIDUAL TLI - SMC	UN	72	L2	Utilização livre depósito INVT	125,79	9056,88
GA03	3G-09-11B	402625	GABINETE CONCENTR 12MOD 120V C/RADIO SMC	UN	12	L2	Utilização livre depósito INVT	2878,54	34542,48
GA03	3G-09-11B	402767	MED IN 2E 3F 120V 100A SMC DR B	UN	72	L2	Utilização livre depósito INVT	426,01	30672,72
GA03	3G-09-11C	402570	UNIDADE DE LEITURA INDIVIDUAL TLI - SMC	UN	72	L2	Utilização livre depósito INVT	125,79	9056,88
GA03	3G-09-11C	402625	GABINETE CONCENTR 12MOD 120V C/RADIO SMC	UN	12	L2	Utilização livre depósito INVT	2878,54	34542,48
GA03	3G-09-11C	402767	MED IN 2E 3F 120V 100A SMC DR B	UN	72	L2	Utilização livre depósito INVT	426,01	30672,72
GA03	3G-09-11D	402625	GABINETE CONCENTR 12MOD 120V C/RADIO SMC	UN	48	L2	Utilização livre depósito INVT	2878,54	138169,92
GA03	3G-09-12A	401375	AFASTADOR REDE SEC AC 700MM 500MM	UN	88	L2	Utilização livre depósito INVT	185,95	16363,6
GA03	3G-09-12B	402570	UNIDADE DE LEITURA INDIVIDUAL TLI - SMC	UN	72	L2	Utilização livre depósito INVT	125,79	9056,88
GA03	3G-09-12B	402625	GABINETE CONCENTR 12MOD 120V C/RADIO SMC	UN	12	L2	Utilização livre depósito INVT	2878,54	34542,48
GA03	3G-09-12B	402767	MED IN 2E 3F 120V 100A SMC DR B	UN	72	L2	Utilização livre depósito INVT	426,01	30672,72
GA03	3G-09-12C	402570	UNIDADE DE LEITURA INDIVIDUAL TLI - SMC	UN	72	L2	Utilização livre depósito INVT	125,79	9056,88
GA03	3G-09-12C	402625	GABINETE CONCENTR 12MOD 120V C/RADIO SMC	UN	12	L2	Utilização livre depósito INVT	2878,54	34542,48
GA03	3G-09-12C	402767	MED IN 2E 3F 120V 100A SMC DR B	UN	72	L2	Utilização livre depósito INVT	426,01	30672,72
GA03	3G-09-12D	402570	UNIDADE DE LEITURA INDIVIDUAL TLI - SMC	UN	72	L2	Utilização livre depósito INVT	125,79	9056,88
GA03	3G-09-12D	402625	GABINETE CONCENTR 12MOD 120V C/RADIO SMC	UN	12	L2	Utilização livre depósito INVT	2878,54	34542,48
GA03	3G-09-12D	402767	MED IN 2E 3F 120V 100A SMC DR B	UN	72	L2	Utilização livre depósito INVT	426,01	30672,72
GA03	3G-09-13A	401375	AFASTADOR REDE SEC AC 700MM 500MM	UN	88	L2	Utilização livre depósito INVT	185,95	16363,6
GA03	3G-09-13B	402570	UNIDADE DE LEITURA INDIVIDUAL TLI - SMC	UN	72	L2	Utilização livre depósito INVT	125,79	9056,88
GA03	3G-09-13B	402625	GABINETE CONCENTR 12MOD 120V C/RADIO SMC	UN	12	L2	Utilização livre depósito INVT	2878,54	34542,48
GA03	3G-09-13B	402767	MED IN 2E 3F 120V 100A SMC DR B	UN	72	L2	Utilização livre depósito INVT	426,01	30672,72
GA03	3G-09-13C	402570	UNIDADE DE LEITURA INDIVIDUAL TLI - SMC	UN	72	L2	Utilização livre depósito INVT	125,79	9056,88
GA03	3G-09-13C	402625	GABINETE CONCENTR 12MOD 120V C/RADIO SMC	UN	12	L2	Utilização livre depósito INVT	2878,54	34542,48
GA03	3G-09-13C	402767	MED IN 2E 3F 120V 100A SMC DR B	UN	72	L2	Utilização livre depósito INVT	426,01	30672,72
GA03	3G-09-13D	402570	UNIDADE DE LEITURA INDIVIDUAL TLI - SMC	UN	72	L2	Utilização livre depósito INVT	125,79	9056,88
GA03	3G-09-13D	402625	GABINETE CONCENTR 12MOD 120V C/RADIO SMC	UN	12	L2	Utilização livre depósito INVT	2878,54	34542,48
GA03	3G-09-13D	402767	MED IN 2E 3F 120V 100A SMC DR B	UN	72	L2	Utilização livre depósito INVT	426,01	30672,72
GA03	3G-09-14A	401375	AFASTADOR REDE SEC AC 700MM 500MM	UN	88	L2	Utilização livre depósito INVT	185,95	16363,6
GA03	3G-09-14B	402570	UNIDADE DE LEITURA INDIVIDUAL TLI - SMC	UN	72	L2	Utilização livre depósito INVT	125,79	9056,88
GA03	3G-09-14B	402625	GABINETE CONCENTR 12MOD 120V C/RADIO SMC	UN	12	L2	Utilização livre depósito INVT	2878,54	34542,48
GA03	3G-09-14B	402767	MED IN 2E 3F 120V 100A SMC DR B	UN	72	L2	Utilização livre depósito INVT	426,01	30672,72
GA03	3G-09-14C	402570	UNIDADE DE LEITURA INDIVIDUAL TLI - SMC	UN	72	L2	Utilização livre depósito INVT	125,79	9056,88
GA03	3G-09-14C	402625	GABINETE CONCENTR 12MOD 120V C/RADIO SMC	UN	12	L2	Utilização livre depósito INVT	2878,54	34542,48
GA03	3G-09-14C	402767	MED IN 2E 3F 120V 100A SMC DR B	UN	72	L2	Utilização livre depósito INVT	426,01	30672,72
GA03	3G-09-14D	402570	UNIDADE DE LEITURA INDIVIDUAL TLI - SMC	UN	108	L2	Utilização livre depósito INVT	125,79	13585,32
GA03	3G-09-14D	402625	GABINETE CONCENTR 12MOD 120V C/RADIO SMC	UN	18	L2	Utilização livre depósito INVT	2878,54	51813,72
GA03	3G-09-14D	402767	MED IN 2E 3F 120V 100A SMC DR B	UN	108	L2	Utilização livre depósito INVT	426,01	46009,08
GA03	3G-09-15A	401375	AFASTADOR REDE SEC AC 700MM 500MM	UN	44	L2	Utilização livre depósito INVT	185,95	8181,8
GA03	3G-09-15A	407356	SUPORTE TIPO L AÇO PERFILADO ZINCADO DAT	UN	100	L2	Utilização livre depósito INVT	191,39	19139
GA03	3G-09-15B	402570	UNIDADE DE LEITURA INDIVIDUAL TLI - SMC	UN	72	L2	Utilização livre depósito INVT	125,79	9056,88
GA03	3G-09-15B	402625	GABINETE CONCENTR 12MOD 120V C/RADIO SMC	UN	12	L2	Utilização livre depósito INVT	2878,54	34542,48
GA03	3G-09-15B	402767	MED IN 2E 3F 120V 100A SMC DR B	UN	72	L2	Utilização livre depósito INVT	426,01	30672,72
GA03	3G-09-15C	402570	UNIDADE DE LEITURA INDIVIDUAL TLI - SMC	UN	192	L2	Utilização livre depósito INVT	125,79	24151,68
GA03	3G-09-15C	402625	GABINETE CONCENTR 12MOD 120V C/RADIO SMC	UN	32	L2	Utilização livre depósito INVT	2878,54	92113,28
GA03	3G-09-15C	402767	MED IN 2E 3F 120V 100A SMC DR B	UN	192	L2	Utilização livre depósito INVT	426,01	81793,92
GA03	3G-09-16A	403686	BARRA P/2 CAIXAS	UN	2400	L2	Utilização livre depósito INVT	56,7	136080
GA03	3G-09-16B	402570	UNIDADE DE LEITURA INDIVIDUAL TLI - SMC	UN	72	L2	Utilização livre depósito INVT	125,79	9056,88
GA03	3G-09-16B	402625	GABINETE CONCENTR 12MOD 120V C/RADIO SMC	UN	12	L2	Utilização livre depósito INVT	2878,54	34542,48
GA03	3G-09-16B	402767	MED IN 2E 3F 120V 100A SMC DR B	UN	72	L2	Utilização livre depósito INVT	426,01	30672,72
GA03	3G-09-16C	402570	UNIDADE DE LEITURA INDIVIDUAL TLI - SMC	UN	144	L2	Utilização livre depósito INVT	125,79	18113,76
GA03	3G-09-16C	402625	GABINETE CONCENTR 12MOD 120V C/RADIO SMC	UN	24	L2	Utilização livre depósito INVT	2878,54	69084,96
GA03	3G-09-16C	402767	MED IN 2E 3F 120V 100A SMC DR B	UN	144	L2	Utilização livre depósito INVT	426,01	61345,44
GA03	3G-09-17A	403686	BARRA P/2 CAIXAS	UN	2400	L2	Utilização livre depósito INVT	56,7	136080
GA03	3G-09-17B	402570	UNIDADE DE LEITURA INDIVIDUAL TLI - SMC	UN	72	L2	Utilização livre depósito INVT	125,79	9056,88
GA03	3G-09-17B	402625	GABINETE CONCENTR 12MOD 120V C/RADIO SMC	UN	12	L2	Utilização livre depósito INVT	2878,54	34542,48
GA03	3G-09-17B	402767	MED IN 2E 3F 120V 100A SMC DR B	UN	72	L2	Utilização livre depósito INVT	426,01	30672,72
GA03	3G-09-17C	402570	UNIDADE DE LEITURA INDIVIDUAL TLI - SMC	UN	144	L2	Utilização livre depósito INVT	125,79	18113,76
GA03	3G-09-17C	402625	GABINETE CONCENTR 12MOD 120V C/RADIO SMC	UN	24	L2	Utilização livre depósito INVT	2878,54	69084,96
GA03	3G-09-17C	402767	MED IN 2E 3F 120V 100A SMC DR B	UN	144	L2	Utilização livre depósito INVT	426,01	61345,44
GA03	3G-09-18A	403686	BARRA P/2 CAIXAS	UN	2400	L2	Utilização livre depósito INVT	56,7	136080
GA03	3G-09-18B	402570	UNIDADE DE LEITURA INDIVIDUAL TLI - SMC	UN	72	L2	Utilização livre depósito INVT	125,79	9056,88
GA03	3G-09-18B	402625	GABINETE CONCENTR 12MOD 120V C/RADIO SMC	UN	12	L2	Utilização livre depósito INVT	2878,54	34542,48
GA03	3G-09-18B	402767	MED IN 2E 3F 120V 100A SMC DR B	UN	72	L2	Utilização livre depósito INVT	426,01	30672,72
GA03	3G-09-18C	402570	UNIDADE DE LEITURA INDIVIDUAL TLI - SMC	UN	192	L2	Utilização livre depósito INVT	125,79	24151,68
GA03	3G-09-18C	402625	GABINETE CONCENTR 12MOD 120V C/RADIO SMC	UN	32	L2	Utilização livre depósito INVT	2878,54	92113,28
GA03	3G-09-18C	402767	MED IN 2E 3F 120V 100A SMC DR B	UN	192	L2	Utilização livre depósito INVT	426,01	81793,92
GA03	3M-01-01A	120224	CORDA LINHA VIVA PA 12MM 2200KGF	PEÇ	300	F3	Utilização livre depósito CUST	5	1500
GA03	3M-01-02G	120095	PROTETOR AUDITIVO PLUG SIL 17DB	UN	300	F3	Utilização livre depósito CUST	3,8	1140
GA03	3M-01-02H	120095	PROTETOR AUDITIVO PLUG SIL 17DB	UN	300	F3	Utilização livre depósito CUST	3,8	1140
GA03	3M-01-02I	120095	PROTETOR AUDITIVO PLUG SIL 17DB	UN	300	F3	Utilização livre depósito CUST	3,8	1140
GA03	3M-01-02J	120095	PROTETOR AUDITIVO PLUG SIL 17DB	UN	941	F3	Utilização livre depósito CUST	3,8	3575,8
GA03	3M-01-03H	120123	LUVA ISOLANTE CLASSE 2 TAM 10 17KV	PAR	8	F3	Utilização livre depósito CUST	537,38	4299,04
GA03	3M-01-03I	120123	LUVA ISOLANTE CLASSE 2 TAM 10 17KV	PAR	2	F3	Utilização livre depósito CUST	537,38	1074,76
GA03	3M-01-03J	120147	LUVA ISOLANTE CL 00 TAM 10 1/2 500V	PAR	13	F3	Utilização livre depósito CUST	86,42	1123,46
GA03	3M-01-04F	120392	LUVA ISOLANTE CLASSE 2 TAM 10 1/2 17KV	UN	7	F3	Utilização livre depósito CUST	519,84	3638,88
GA03	3M-01-04F	120459	LUVAS LATEX DESCARTAVEL TAMANHO M	UN	6	F3	Utilização livre depósito CUST	56	336
GA03	3M-01-04F	120460	LUVAS LATEX DESCARTAVEL TAMANHO G	UN	5	F3	Utilização livre depósito CUST	56	280
GA03	3M-01-04H	120005	LUVA ISOLANTE CLASSE 00 TAM 9 1/2 500V	PAR	3	F3	Utilização livre depósito CUST	241,73	725,19
GA03	3M-01-04J	120061	LUVA ISOLANTE CLASSE 0 TAM 10 1/2 1KV	PAR	8	F3	Utilização livre depósito CUST	682,65	5461,2
GA03	3M-01-05A	120184	PROTETOR AUDITIVO CONCHA PLAST 19DB	UN	40	F3	Utilização livre depósito CUST	253,3	10132
GA03	3M-01-05B	120184	PROTETOR AUDITIVO CONCHA PLAST 19DB	UN	20	F3	Utilização livre depósito CUST	253,3	5066
GA03	3M-01-05C	120184	PROTETOR AUDITIVO CONCHA PLAST 19DB	UN	20	F3	Utilização livre depósito CUST	253,3	5066
GA03	3M-01-05D	120184	PROTETOR AUDITIVO CONCHA PLAST 19DB	UN	6	F3	Utilização livre depósito CUST	253,3	1519,8
GA03	3M-01-05F	120212	CABECOTE UNIVERSAL PARA VARA MANOBRA	UN	4	F3	Utilização livre depósito CUST	199,14	796,56
GA03	3M-01-05F	803747	CABECOTE PARA MANOBRA DE CHAVES	UN	13	F3	Utilização livre depósito CUST	24,22	314,86
GA03	3M-01-05G	120410	RESPIRADOR  SEMIFACIAL PFF2 N95 TAM M	UN	1	F3	Utilização livre depósito CUST	181	181
GA03	3M-01-05G	805532	CARTUCHO QUIM 6003 VAPORES ORG E GASES A	UN	5	F3	Utilização livre depósito CUST	90	450
GA03	3M-01-05H	120066	LUVA ISOLANTE CLASSE 4 TAM 10	PAR	2	F3	Utilização livre depósito CUST	1396,29	2792,58
GA03	3M-01-05J	120062	LUVA ISOLANTE CLASSE 00 TAM 10 500V	PAR	21	F3	Utilização livre depósito CUST	241,73	5076,33
GA03	3M-02-01A	402867	RELE BLOQUEIO 86NUM 10NA+10NF SUP	UN	5	L2	Utilização livre depósito INVT	6603	33015
GA03	3M-02-01A	801556	RELE SOBRECARGA 125V 5A	UN	1	F3	Utilização livre depósito CUST	26	26
GA03	3M-02-01B	801468	RELE SUBTENSAO 30-120VCA 2NAF	UN	1	F3	Utilização livre depósito CUST	1	1
GA03	3M-02-01B	801682	CENTELHADOR SECCION 69KV SE/SJ	UN	2	F3	Utilização livre depósito CUST	50	100
GA03	3M-02-01B	801704	BUCHA AT 15KV 160A TRAFO	UN	1	F3	Utilização livre depósito CUST	100	100
GA03	3M-02-01C	801526	RELE SUBTENSAO 30-120VCA 6NAF	UN	1	F3	Utilização livre depósito CUST	1	1
GA03	3M-02-01C	803014	INDICADOR POT REATIVA 4-20A	UN	3	F3	Utilização livre depósito CUST	293,4	880,2
GA03	3M-02-01D	800549	RESISTOR C/SOQ 2K2OHMS 220VCA	UN	16	F3	Utilização livre depósito CUST	1	16
GA03	3M-02-01D	801692	RELE SOBRECOR 5A 125VCC	UN	2	F3	Utilização livre depósito CUST	1	2
GA03	3M-02-01E	801502	RELE SOBRECOR 125VCC 1/2A	UN	3	F3	Utilização livre depósito CUST	1	3
GA03	3M-02-01F	800990	UNIDADE PROT DIG 5A 50/60HZ	UN	1	F3	Utilização livre depósito CUST	4000	4000
GA03	3M-02-01F	801526	RELE SUBTENSAO 30-120VCA 6NAF	UN	1	F3	Utilização livre depósito CUST	1	1
GA03	3M-02-01G	403768	RELE PROT 7SA6125-5BB92-2PD4+LOS SIEMENS	UN	1	L2	Utilização livre depósito INVT	0,01	0,01
GA03	3M-02-01G	405170	RELE PROTECAO TRANSFORMADOR MICOM P642	UN	1	L2	Utilização livre depósito INVT	12717,92	12717,92
GA03	3M-02-02A	802038	RELE DIF ALTA IMPED 70/100V 67/97V	UN	3	F3	Utilização livre depósito CUST	200	600
GA03	3M-02-02B	801599	RELE TEMPO WARD TXD 250V/60HZ 0,5-10S	UN	5	F3	Utilização livre depósito CUST	25	125
GA03	3M-02-02B	801614	RELE AUXILIAR 125VCC RK221825AN	UN	6	F3	Utilização livre depósito CUST	49,54	297,24
GA03	3M-02-02C	801501	RELE TEMPO 125VDC 20-100SEG	UN	14	F3	Utilização livre depósito CUST	1	14
GA03	3M-02-02C	802037	RELE AUXILIAR 125V 4NA+2NF 5A	UN	8	F3	Utilização livre depósito CUST	1	8
GA03	3M-02-02D	801673	RELE SUB-TENSAO MONOF 60-108VCA 2NA+NF	UN	6	F3	Utilização livre depósito CUST	24,26	145,56
GA03	3M-02-02F	801007	BASE JN-DE RELE 125VDC IP-10	UN	10	F3	Utilização livre depósito CUST	243,64	2436,4
GA03	3M-02-02F	801662	RELE RELIG AUTOM 125VCC	UN	1	F3	Utilização livre depósito CUST	200	200
GA03	3M-02-02G	403768	RELE PROT 7SA6125-5BB92-2PD4+LOS SIEMENS	UN	1	L2	Utilização livre depósito INVT	0,01	0,01
GA03	3M-02-03A	801473	RELE SOBRECOR 110-125VCC 5A	UN	1	F3	Utilização livre depósito CUST	100	100
GA03	3M-02-03A	801710	DISPOSITIVO INTER WESTINGHOUSE 150DHP500	UN	3	F3	Utilização livre depósito CUST	10	30
GA03	3M-02-03A	802467	INDICADOR FASE ASEA RK276001-AA	UN	4	F3	Utilização livre depósito CUST	0,23	0,92
GA03	3M-02-03B	110194	CONECTOR OPTICO RS 951 021	UN	3	F3	Utilização livre depósito CUST	100	300
GA03	3M-02-03B	110518	LAMPADA INC 48V 20MA TS40 4MM 15MM	UN	113	F3	Utilização livre depósito CUST	0,77	87,01
GA03	3M-02-03B	110624	LAMPADA INC 6,3V 15MA B101 T3 1/4P 10MM	UN	150	F3	Utilização livre depósito CUST	0,08	12
GA03	3M-02-03B	110659	MODEM OPT ASSINC 192BPS RS232C 3KM	UN	1	F3	Utilização livre depósito CUST	1500	1500
GA03	3M-02-03C	800442	CONECTOR BORNE BG 380VCA 12~22AWG	UN	2	F3	Utilização livre depósito CUST	0,04	0,08
GA03	3M-02-03C	801639	TRANSDUTOR POT ATIVA 0-1494W	UN	7	F3	Utilização livre depósito CUST	40	280
GA03	3M-02-03C	802269	CONTATO WENCO 310C665G01	UN	2	F3	Utilização livre depósito CUST	21,82	43,64
GA03	3M-02-03C	802536	INDICADOR CORR CONTINUA 4-20MA	UN	6	F3	Utilização livre depósito CUST	139,3	835,8
GA03	3M-02-03D	402861	RELE DIGITAL PROT DIST 21+21N	UN	5	L2	Utilização livre depósito INVT	15400,65	77003,25
GA03	3M-02-03E	402861	RELE DIGITAL PROT DIST 21+21N	UN	8	L2	Utilização livre depósito INVT	15400,65	123205,2
GA03	3M-02-03F	402861	RELE DIGITAL PROT DIST 21+21N	UN	6	L2	Utilização livre depósito INVT	15400,65	92403,9
GA03	3M-02-03G	120284	CREME PROTETOR SOLAR FPS 30 120G	UN	119	F3	Utilização livre depósito CUST	18,92	2251,48
GA03	3M-02-04A	110536	CHAVE ELETRICA SELETORA 2P 4NAF 20A	UN	40	F3	Utilização livre depósito CUST	0,98	39,2
GA03	3M-02-04B	110415	CONTATOR MAGNETICO 2NA+2NF 220VCA	UN	1	F3	Utilização livre depósito CUST	0,04	0,04
GA03	3M-02-04B	802050	TERMOMETRO P/OLEO MESSKO TRAFO	UN	1	F3	Utilização livre depósito CUST	100	100
GA03	3M-02-04B	802061	TERMOMETRO ENROL MESSKO TRAFO	UN	1	F3	Utilização livre depósito CUST	100	100
GA03	3M-02-04C	110526	CHAVE ELETRICA ROTATIVA 2P 6NA+3NF 20A	UN	1	F3	Utilização livre depósito CUST	0,04	0,04
GA03	3M-02-04C	403689	BOMBA MANUAL ZELOSO D1	UN	3	L2	Utilização livre depósito INVT	2260,06	6780,18
GA03	3M-02-04C	802034	RELE AUXILIAR 125VCC 4NA+2NF 5/20A	UN	4	F3	Utilização livre depósito CUST	40	160
GA03	3M-02-04C	802898	SENSOR TEMPERATURA MESSKO ZT-F2	UN	1	F3	Utilização livre depósito CUST	100	100
GA03	3M-02-04D	801428	UNIDADE TRANSFORMACAO	UN	1	F3	Utilização livre depósito CUST	200	200
GA03	3M-02-04D	801490	RELE AUXILIAR 125VCC 6NA RK216263AP ABB	UN	7	F3	Utilização livre depósito CUST	15,14	105,98
GA03	3M-02-04D	801592	TRAFO CRTE AUX V5TRAFO	UN	2	F3	Utilização livre depósito CUST	50	100
GA03	3M-02-04D	801602	CAMARA AEG 64720	UN	1	F3	Utilização livre depósito CUST	25	25
GA03	3M-02-04E	402852	RELE AUXILIAR BIEST 8NAF BJ8-RP 125VDC	UN	10	L2	Utilização livre depósito INVT	1484,36	14843,6
GA03	3M-02-04E	801458	RELE ASEA RXMS1 RK216263AP	UN	10	F3	Utilização livre depósito CUST	23,18	231,8
GA03	3M-02-04E	801542	RELE FREQ 60VCA 60HZ 53-60HZ 2NA NAF	UN	3	F3	Utilização livre depósito CUST	43,33	129,99
GA03	3M-02-04E	802802	INDICADOR POT ATIVA 0-10MW	UN	1	F3	Utilização livre depósito CUST	247,48	247,48
GA03	3M-02-05D	112704	FITA DERMACAÇÃO DE PISO AM	UN	1	F3	Utilização livre depósito CUST	34,99	34,99
GA03	3M-02-05E	112702	FITA DERMACAÇÃO DE PISO VERMELHO	UN	1	F3	Utilização livre depósito CUST	35,93	35,93
GA03	3M-02-05E	804554	ALICATE AMPERIM 750/1000V 1000A ET-3200A	UN	11	F3	Utilização livre depósito CUST	315,38	3469,18
GA03	3M-03-01B	404176	ALICATE UNIV 8P ACR FORJ	UN	10	L2	Utilização livre depósito INVT	35,87	358,7
GA03	3M-03-01C	805429	BLOCO DE CONTATO FRONTAL 1 NA BCXMF10	UN	7	F3	Utilização livre depósito CUST	17,47	122,29
GA03	3M-03-01C	805431	BLOCO DE CONTATO 2NA+2NF AZ BFC0-22	UN	20	F3	Utilização livre depósito CUST	70,78	1415,6
GA03	3M-03-01D	402030	CONJUNTO CONTATO PRINC P/SEC 145KV C/LT	UN	4	L2	Utilização livre depósito INVT	6997,74	27990,96
GA03	3M-03-01E	803975	BLOCO ALARME MDWH AL-1	UN	5	F3	Utilização livre depósito CUST	54,46	272,3
GA03	3M-03-01E	803996	CADEADO 30MMx33MMx15MM	UN	12	F3	Utilização livre depósito CUST	17,85	214,2
GA03	3M-03-01E	805246	MINIDISJUNTOR TERMOMAGN 32A MDWH	UN	5	F3	Utilização livre depósito CUST	202,1	1010,5
GA03	3M-03-01E	805448	CONTATOR 12CWB12-11-30C13 12A	UN	15	F3	Utilização livre depósito CUST	294,22	4413,3
GA03	3M-03-01E	805484	RELE FALTA/INVER FAS 1NA/NF 220-440VCA	UN	18	F3	Utilização livre depósito CUST	200	3600
GA03	3M-03-01F	803682	MINICONTACTOR TRIF 3 CONT 2NA+2NF 125VCC	UN	20	F3	Utilização livre depósito CUST	197,5	3950
GA03	3M-03-01F	805239	DISJUNTOR MOTOR TRIFASICO 0.63 A 1 A	UN	10	F3	Utilização livre depósito CUST	393,74	3937,4
GA03	3M-03-01F	805448	CONTATOR 12CWB12-11-30C13 12A	UN	5	F3	Utilização livre depósito CUST	294,22	1471,1
GA03	3M-03-02B	404152	FERRAMENTA  ABER T 25/27KV INT 600/900A	UN	2	L2	Utilização livre depósito INVT	5505,6	11011,2
GA03	3M-03-02C	404187	CONECTOR EMENDA FIBRA OPTICA POF 2,2MM	UN	30	L2	Utilização livre depósito INVT	28,74	862,2
GA03	3M-03-02C	404246	CABO SERIAL DB9F/DBOM  50CM	UN	14	L2	Utilização livre depósito INVT	93	1302
GA03	3M-03-02C	404442	TERMINAL PRE-ISOL FORQ ISOL 6MM2	UN	1156	L2	Utilização livre depósito INVT	0,84	971,04
GA03	3M-03-02C	404465	CONECTORES RJ-45 MACHO CAT5E	UN	69	L2	Utilização livre depósito INVT	0,8	55,2
GA03	3M-03-02D	403618	SOBRESSALENTE 15KV LAMPADA SINALIZACAO	UN	1	L2	Utilização livre depósito INVT	31,83	31,83
GA03	3M-03-02D	803125	ROLAMENTO ESFERA INT 15X35X11MM	UN	60	F3	Utilização livre depósito CUST	22,3	1338
GA03	3M-03-02D	803820	CHAVE CANHÃO 6X245 MM ISOLADA	UN	5	F3	Utilização livre depósito CUST	57,53	287,65
GA03	3M-03-02D	804117	COMUTADORES KVM 4 PORTAS USB TECL ACESSO	UN	5	F3	Utilização livre depósito CUST	290	1450
GA03	3M-03-02E	803102	BATERIA 9V	UN	267	F3	Utilização livre depósito CUST	11	2937
GA03	3M-03-02F	804425	MODULO RETIFICADOR 125VCC	UN	5	F3	Utilização livre depósito CUST	6971,26	34856,3
GA03	3M-03-02G	805326	CABO RG58 KMP 95% MALHA FLEXIVEL	M	200	F3	Utilização livre depósito CUST	8,9	1780
GA03	3M-03-03A	802602	PERFURADOR PAP MT PT 2F 80MM 100FL	UN	11	F3	Utilização livre depósito CUST	117,68	1294,48
GA03	3M-03-03B	110009	CHAVE BOCA ESTR ACV 11MM TOT 130MM	UN	2	F3	Utilização livre depósito CUST	22,05	44,1
GA03	3M-03-03B	110010	CHAVE BOCA ESTR ACV 12MM TOT 135,5MM	UN	2	F3	Utilização livre depósito CUST	22,84	45,68
GA03	3M-03-03C	400476	CHAVE BOCA ESTR ACV 12MM TOT 135,5MM	UN	8	L2	Utilização livre depósito INVT	22,83	182,64
GA03	3M-03-03C	401814	CHAVE BOCA ESTR ACV 11MM TOT 130MM	UN	8	L2	Utilização livre depósito INVT	22,05	176,4
GA03	3M-03-03C	401947	CHAVE BOCA ESTR ACV 10MM TOT 125MM	UN	8	L2	Utilização livre depósito INVT	21,51	172,08
GA03	3M-03-03C	801141	PORCA SXT 1/4	UN	100	F3	Utilização livre depósito CUST	0,15	15
GA03	3M-03-03C	803123	LAMINA SERRA ACO RAP 300X13MM 0,65MM 24D	UN	1	F3	Utilização livre depósito CUST	8,86	8,86
GA03	3M-03-03C	805495	CHAVE FIX ACV N09 ISOL 1000V NBR9699	UN	1	F3	Utilização livre depósito CUST	41,07	41,07
GA03	3M-03-03D	403668	ALICATE CRIMPADOR P/ TERMINAL ISOLADO	UN	27	L2	Utilização livre depósito INVT	1283,66	34658,82
GA03	3M-03-03D	805494	ALICATE CRIMPADOR P/ TERMINAL ISOLADO	UN	2	F3	Utilização livre depósito CUST	1283,66	2567,32
GA03	3M-03-03E	404824	BROCA ACO PARA METAL  6MM2	UN	43	L2	Utilização livre depósito INVT	4,55	195,65
GA03	3M-03-03E	404826	BROCA ACO PARA METAL 10MM2	UN	33	L2	Utilização livre depósito INVT	14,7	485,1
GA03	3M-03-03F	110661	CHAVE CANH 1000V AC 6MM ACV CAB 6MM	UN	6	F3	Utilização livre depósito CUST	31	186
GA03	3M-03-03F	404511	CHAVE PHILIPS 3/16 X 4  POLEGADAS	UN	12	L2	Utilização livre depósito INVT	8	96
GA03	3M-03-03G	114221	APAGADOR PLASTICO 15X6X4CM	UN	5	F3	Utilização livre depósito CUST	5,6	28
GA03	3M-03-04A	801471	MUFLA TERMO-CONTRATIL 5/35KV 225/500MM2	UN	1	F3	Utilização livre depósito CUST	1	1
GA03	3M-03-04B	110062	PILHA ALCALINA GRANDE D2 1,5V	UN	146	F3	Utilização livre depósito CUST	6,33	924,18
GA03	3M-03-04B	802766	VISOR PASTA SUSPENSA PP 80X30MM CX 50UN	UN	90	F3	Utilização livre depósito CUST	6,02	541,8
GA03	3M-03-04C	404516	CHAVE FENDA PONTA CHATA ACO 3X75MM	UN	1	L2	Utilização livre depósito INVT	28,73	28,73
GA03	3M-03-04C	803542	BATERIA KTS ER14250 3,6V 1200MAH	UN	16	F3	Utilização livre depósito CUST	130	2080
GA03	3M-03-04C	804026	LANTERNA DE LED COM BASE MAGNÉTICA	UN	4	F3	Utilização livre depósito CUST	28,97	115,88
GA03	3M-03-04D	804257	SOLDA ESTANHO CARRETEL	UN	10	F3	Utilização livre depósito CUST	14,06	140,6
GA03	3M-03-04D	804362	KIT SOLDA MARCARICO + GAS MAP	UN	3	F3	Utilização livre depósito CUST	154,96	464,88
GA03	3M-03-04E	401103	KIT VIVA VOZ QUALCOMM GLOBALSTAR GCK1410	UN	2	L2	Utilização livre depósito INVT	3710,71	7421,42
GA03	3M-03-04F	804017	ESTAÇÃO DE SOLDA POTÊNCIA DE 80 W	UN	3	F3	Utilização livre depósito CUST	676,13	2028,39
GA03	3M-03-05A	110678	PERFURADOR PAPE 2F 80MM 40FL	UN	9	F3	Utilização livre depósito CUST	33,26	299,34
GA03	3M-03-05B	402893	TERMINAL POLIM 3,6/6-20/35KV	UN	10	L2	Utilização livre depósito INVT	196	1960
GA03	3M-03-05D	409290	RADIO MOVEL BIDIRECIONAL MOTOROLA	UN	5	L2	Utilização livre depósito INVT	7125	35625
GA03	3M-03-05D	801995	MODULO SIEMENS 6MA5510-2EE15GG	UN	1	F3	Utilização livre depósito CUST	2	2
GA03	3M-03-05E	402718	HIPSOMETRO DIGITAL LASER 10-350M	UN	1	L2	Utilização livre depósito INVT	8699,4	8699,4
GA03	3M-03-05E	804426	CONTROLADOR IHM 125VCC	UN	8	F3	Utilização livre depósito CUST	4015,61	32124,88
GA03	3M-03-05F	110348	LIVRO PROTOCOLO CAPA DURA PAP 104FL	UN	100	F3	Utilização livre depósito CUST	3,13	313
GA03	3M-04-01A	120110	BOTINA SEG ELET C/CAD N40	PAR	19	F3	Utilização livre depósito CUST	106,48	2023,12
GA03	3M-04-01A	401524	CONSOLE COMPLETO C/ COMUTADOR KVM	UN	1	L2	Utilização livre depósito INVT	6336,53	6336,53
GA03	3M-04-01B	120026	BOTINA SEG ELET C/CAD N45	PAR	3	F3	Utilização livre depósito CUST	114,25	342,75
GA03	3M-04-01B	120167	BOTINA SEG ELET C/CAD N43	PAR	3	F3	Utilização livre depósito CUST	106,47	319,41
GA03	3M-04-01B	120173	CALCADO BOTINA CANO CT C/CAD 45 PT	PAR	3	F3	Utilização livre depósito CUST	106,48	319,44
GA03	3M-04-01C	120050	CALCADO BOTINA CANO CT C/CAD 42 PT	PAR	20	F3	Utilização livre depósito CUST	106,48	2129,6
GA03	3M-04-01C	120118	BOTINA SEG ELET C/CAD N44	PAR	4	F3	Utilização livre depósito CUST	108,24	432,96
GA03	3M-04-01C	120163	BOTINA SEG ELET C/CAD N46	PAR	3	F3	Utilização livre depósito CUST	121,74	365,22
GA03	3M-04-02A	120136	BOTINA SEG ELET C/CAD N41	PAR	17	F3	Utilização livre depósito CUST	106,93	1817,81
GA03	3M-04-02B	120107	BOTINA SEG ELET C/CAD N39	PAR	15	F3	Utilização livre depósito CUST	106,48	1597,2
GA03	3M-04-02C	120255	BOTINA SEG ELET C/CAD N38	PAR	21	F3	Utilização livre depósito CUST	106,48	2236,08
GA03	3M-05-01A	120044	BOTA SEGURANCA IMPERMEÁVEL PVC TAM 42	PAR	18	F3	Utilização livre depósito CUST	42,87	771,66
GA03	3M-05-01A	120048	BOTA SEGURANCA IMPERMEÁVEL PVC TAM 39	PAR	6	F3	Utilização livre depósito CUST	47	282
GA03	3M-05-01A	120112	BOTA SEGURANCA IMPERMEÁVEL PVC TAM 43	PAR	10	F3	Utilização livre depósito CUST	47	470
GA03	3M-05-01A	401511	DISTRIBUIDOR INT OPT DIO INST PAR 48 EM	UN	20	L2	Utilização livre depósito INVT	499,25	9985
GA03	3M-05-01A	402460	UNIDADE COMPUTACIONAL FANLESS P/ PAINEL	UN	3	L2	Utilização livre depósito INVT	24398,7	73196,1
GA03	3M-05-01B	120051	BOTINA SEG ELET C/CAD N36	PAR	13	F3	Utilização livre depósito CUST	108,28	1407,64
GA03	3M-05-01B	120158	BOTINA SEG ELET C/CAD N35	PAR	4	F3	Utilização livre depósito CUST	137	548
GA03	3M-05-01B	120253	BOTINA SEG ELET C/CAD N35	PAR	4	F3	Utilização livre depósito CUST	106,48	425,92
GA03	3M-05-01B	120421	CALCADO DE SEGUR ISOL TIPO TENIS TAM 37	PAR	2	F3	Utilização livre depósito CUST	173,66	347,32
GA03	3M-05-01C	120251	BOTINA SEG ELET C/CAD N34	PAR	1	F3	Utilização livre depósito CUST	106,48	106,48
GA03	3M-05-01C	407738	EXTENSOR KVM MULTIMODO P/ FIBRA	UN	6	L2	Utilização livre depósito INVT	21788,18	130729,08
GA03	3M-05-02A	120045	BOTA SEGURANCA IMPERMEÁVEL PVC TAM 44	PAR	6	F3	Utilização livre depósito CUST	37,37	224,22
GA03	3M-05-02A	120139	BOTA SEGURANCA IMPERMEÁVEL PVC TAM 41	PAR	16	F3	Utilização livre depósito CUST	53,01	848,16
GA03	3M-05-02A	120303	BOTA SEGURANCA IMPERMEÁVEL PVC TAM 38	PAR	7	F3	Utilização livre depósito CUST	53,73	376,11
GA03	3M-05-02A	120304	BOTA SEGURANCA IMPERMEÁVEL PVC TAM 40	PAR	11	F3	Utilização livre depósito CUST	47	517
GA03	3M-05-02B	120254	BOTINA SEG ELET C/CAD N37	PAR	11	F3	Utilização livre depósito CUST	106,48	1171,28
GA03	3M-05-02C	803815	ARCO DE SERRA ISOLADO P/ 1000V  5.13/16	UN	48	F3	Utilização livre depósito CUST	733,31	35198,88
GA03	3M-06-01A	404153	TERROMETRO DIGITAL	UN	2	L2	Utilização livre depósito INVT	5364	10728
GA03	3M-06-01A	409746	RETIFICADOR PORTATIL 220VCA/1F/125VCC/12	UN	1	L2	Utilização livre depósito INVT	44986,83	44986,83
GA03	3M-06-01A	409747	RETIFICADOR PORTATIL 220VCA/1F/48VCC/100	UN	1	L2	Utilização livre depósito INVT	28219,55	28219,55
GA03	3M-06-01B	404897	SWITCH VOIP TELEFONIA OS6450-P10L	UN	4	L2	Utilização livre depósito INVT	8100	32400
GA03	3M-06-01B	409268	UNID REMOTA ESENSOR-BT C/TC IP67 UL94HB	UN	2	L2	Utilização livre depósito INVT	1970	3940
GA03	3M-06-01B	409302	SENSOR DE CRTE TIPO ABRT 400A-5 P/ URBT	UN	6	L2	Utilização livre depósito INVT	340	2040
GA03	3M-06-01B	409656	DISPOSITIVO DE SEGURANÇA FORTIWIFI 60F	UN	1	L2	Utilização livre depósito INVT	8103,19	8103,19
GA03	3M-06-01B	803537	ALICATE PRENSA TERM AP256 0,25MM À 6,0MM	UN	1	F3	Utilização livre depósito CUST	253,82	253,82
GA03	3M-06-01B	803812	ALICATE DE PRESSÃO 10 250MM	UN	1	F3	Utilização livre depósito CUST	53,02	53,02
GA03	3M-06-01B	803813	ALICATE DESENCAPADOR DE FIO	UN	1	F3	Utilização livre depósito CUST	118,45	118,45
GA03	3M-06-01B	803826	DETECTOR TENSÃO SEM CONT 90VCA A 1000VCA	UN	5	F3	Utilização livre depósito CUST	78,26	391,3
GA03	3M-06-01B	804159	ALICATE CORTA CABOS 7.1/2 POL; ACO FORJA	UN	7	F3	Utilização livre depósito CUST	219,98	1539,86
GA03	3M-06-01B	804425	MODULO RETIFICADOR 125VCC	UN	2	F3	Utilização livre depósito CUST	6971,26	13942,52
GA03	3M-06-01B	804426	CONTROLADOR IHM 125VCC	UN	2	F3	Utilização livre depósito CUST	4015,61	8031,22
GA03	3M-06-01C	400028	SWITCH OPTICO RUGGEDCOM 19P RSG2100	UN	3	L2	Utilização livre depósito INVT	12968,52	38905,56
GA03	3M-06-01C	403837	RELE DE PROTECAO SPCS SEL 451	UN	1	L2	Utilização livre depósito INVT	0,01	0,01
GA03	3M-06-01C	405125	MEDIDOR ELETRÔNICO 8600C ION POWER ETH	UN	3	L2	Utilização livre depósito INVT	13200	39600
GA03	3M-06-01C	405639	CONVERSOR ENERGIA 125 P/ 48VCC ALIM ENER	UN	2	L2	Utilização livre depósito INVT	17500,83	35001,66
GA03	3M-06-02A	804554	ALICATE AMPERIM 750/1000V 1000A ET-3200A	UN	5	F3	Utilização livre depósito CUST	315,38	1576,9
GA03	3M-06-02B	404282	CABO OPTICO CALIBRAVEL RS232 ABNT	KG	390	L2	Utilização livre depósito INVT	224,88	87703,2
GA03	3M-06-02C	403929	RELOGIO SINCRONIZACAO SATELITE GPS RT430	UN	11	L2	Utilização livre depósito INVT	18599,8	204597,8
GA03	3M-06-02C	409751	MAQUINA ENGENHARIA ECU-4784-E56SAE	UN	3	L2	Utilização livre depósito INVT	30687,93	92063,79
GA03	3M-07-01B	120361	DETECTOR DE TENSAO 100V A 15 KV	UN	24	F3	Utilização livre depósito CUST	469,38	11265,12
GA03	3M-07-01B	400276	UNIDADE PROTEÇÃO DIGITAL 1A/5A 60HZ T60	UN	1	L2	Utilização livre depósito INVT	42199,91	42199,91
GA03	3M-07-01B	402868	MODULO AQUIS DE DADOS RA-332 GE/REASON	UN	1	L2	Utilização livre depósito INVT	19402,96	19402,96
GA03	3M-07-01B	404154	DETECTOR DE TENSAO POR APROXIMACAO 15KV	UN	5	L2	Utilização livre depósito INVT	461,58	2307,9
GA03	3M-07-01B	404971	KIT ACIONAMENTO DISJUNTOR MOTORIZADO	UN	25	L2	Utilização livre depósito INVT	143,22	3580,5
GA03	3M-07-01B	801454	PASTA KETIL A POTE C/100G	UN	6	F3	Utilização livre depósito CUST	180	1080
GA03	3M-07-01B	803880	PASTA KETIL P POTE C/100G	UN	6	F3	Utilização livre depósito CUST	180	1080
GA03	3M-07-01C	402463	TRANSCEPTOR MOVEL DIGITAL DE 45W	UN	28	L2	Utilização livre depósito INVT	3687,69	103255,32
GA03	3M-07-01C	404835	RELE DIGITAL PROTECAO 50/51 E 50BF	UN	5	L2	Utilização livre depósito INVT	52376,65	261883,25
GA03	3M-07-02B	404155	PARAFUSADEIRA FURADEIRA 18V PROFISSIONAL	UN	1	L2	Utilização livre depósito INVT	1806,27	1806,27
GA03	3M-07-02B	404202	MONITOR LED 17P	UN	1	L2	Utilização livre depósito INVT	2490	2490
GA03	3M-07-02B	404554	SWITCH ETHERNET	UN	4	L2	Utilização livre depósito INVT	31270,48	125081,92
GA03	3M-07-02B	804079	ALICATE AMPERIMETRO DIGITAL CAT III 600V	UN	7	F3	Utilização livre depósito CUST	987,02	6909,14
GA03	3M-07-02C	400941	MUFLA TERMINAL 8,7/15KV 25-95MM2	UN	14	L2	Utilização livre depósito INVT	261,3	3658,2
GA03	3M-07-02C	804562	EMENDA MUFLA ENFITADA 25-70MM 3,6/35KV	UN	14	F3	Utilização livre depósito CUST	387,26	5421,64
GA03	3M-08-01B	402618	TRAFO CRTE EXT CR3110 P/TERM DIG	UN	48	L2	Utilização livre depósito INVT	690,45	33141,6
GA03	3M-08-01B	406383	MONITOR DE TEMPERATURA MFC-300/T2 	UN	3	L2	Utilização livre depósito INVT	9560	28680
GA03	3M-08-01B	406384	TC EXT P/ TERM MFC-300/T/2	UN	8	L2	Utilização livre depósito INVT	465	3720
GA03	3M-08-01B	803250	CONVERSOR DE FIBRA MONOMODO SM	UN	15	F3	Utilização livre depósito CUST	389	5835
GA03	3M-08-01C	111808	CONVERSOR DE FIBRA MULTIMODO	UN	15	F3	Utilização livre depósito CUST	395	5925
GA03	3M-08-01C	801976	MODULO PROCESSAMENTO RA331	UN	1	F3	Utilização livre depósito CUST	75083,09	75083,09
GA03	3M-08-01C	804070	FONTE DE ALIMENT CHAV DC/DC 48VCC 12VCC	UN	20	F3	Utilização livre depósito CUST	1850	37000
GA03	3M-08-02A	409885	RELÉ DE PROTEÇAO DIFERENCIAL	UN	2	L2	Utilização livre depósito INVT	68675,29	137350,58
GA03	3M-08-02B	110411	ACESSORIO CGR-N-CONN WIMAX-IT	UN	8	L2	Utilização livre depósito INVT	448,85	3590,8
GA03	3M-08-02B	401293	ROTEADOR DIGITAL CGR1240 K9 IT	UN	4	L2	Utilização livre depósito INVT	10627,29	42509,16
GA03	3M-08-02B	402806	MODULO ANT-MP-I OUTT-SS-M	UN	4	L2	Utilização livre depósito INVT	256,47	1025,88
GA03	3M-08-02B	402825	MODULO ANT-MP-INT OUT-M	UN	4	L2	Utilização livre depósito INVT	128,24	512,96
GA03	3M-08-02B	402829	MODULO CGM 3G-HSPA-G	UN	4	L2	Utilização livre depósito INVT	1538,83	6155,32
GA03	3M-08-02B	402835	MODULO CGR-PMK1000	UN	4	L2	Utilização livre depósito INVT	352,68	1410,72
GA03	3M-08-02B	402837	MODULO CGR-PWRCORD-NA	UN	4	L2	Utilização livre depósito INVT	384,73	1538,92
GA03	3M-08-02C	402866	REGISTRADOR DIG PERT RPV-311 GE/REASON	UN	4	L2	Utilização livre depósito INVT	75083,09	300332,36
GA03	3M-08-02C	803190	MODULO PSM - FONTE RC10 - NOJA POWER	UN	2	F3	Utilização livre depósito CUST	4818,2	9636,4
GA03	3M-08-02C	805207	FONTE ALIM CHAVEADA AC/DC 127/220VCA	UN	49	F3	Utilização livre depósito CUST	300	14700
GA03	GA03 LATERAL 01	407206	CAIXA BLINDADA MOD C48T	UN	46	L2	Utilização livre depósito INVT	28213,69	1297829,74
GA03	GA03 LATERAL 01	408810	CHASSI DE MEDICAO B110-CH	UN	199	L2	Utilização livre depósito INVT	1977,3	393482,7
GA04	4G-01-01C	409810	DISJ 3P 17,5KV 1250A EXE172512E-BB125M	UN	2	L2	Utilização livre depósito INVT	123969,33	247938,66
GA04	4G-01-03B	409814	DISJ 3P 17,5KV 1250A 25KA HVF 3152D	UN	2	L2	Utilização livre depósito INVT	62244,81	124489,62
GA04	4G-01-03C	802480	CONJUNTO ATER REDE DIST 22KV CAR/ST-02	UN	32	F3	Utilização livre depósito CUST	852,87	27291,84
GA04	4G-01-04B	400114	ISOLADOR PEDESTAL 15KV PORC MR 2S	UN	24	L2	Utilização livre depósito INVT	38,62	926,88
GA04	4G-01-04B	402184	CONECTOR EMENDA AL 45G 1.1/2P IPS	UN	30	L2	Utilização livre depósito INVT	120,65	3619,5
GA04	4G-01-04B	800943	LUVA EMENDA COMPR CABO 477KCMIL HAWK	UN	30	F3	Utilização livre depósito CUST	390	11700
GA04	4G-01-04B	800956	LUVA EMENDA 795MCM	UN	20	F3	Utilização livre depósito CUST	863	17260
GA04	4G-01-04B	803511	CONECTOR HASTE ATERR 7 FIOS 5/16 2.438MM	UN	200	F3	Utilização livre depósito CUST	80	16000
GA04	4G-01-04C	409242	DISJUNTOR 3P VACUO INT 17,5KV 1600A	UN	2	L2	Utilização livre depósito INVT	87995,17	175990,34
GA04	4G-01-05B	800269	CONECTOR EMENDA RETA 477MCM	UN	100	F3	Utilização livre depósito CUST	48,12	4812
GA04	4G-01-05B	800836	CONECTOR T AL 954 MCM	UN	50	F3	Utilização livre depósito CUST	71,28	3564
GA04	4G-01-05B	801287	GRAMPO ANCOR PAS AL 477MCM 4264KGF	UN	50	F3	Utilização livre depósito CUST	115,7	5785
GA04	4G-01-05B	802364	CORDAO VEDACAO BORRACHA 14X24580MM	UN	48	F3	Utilização livre depósito CUST	2	96
GA04	4G-01-05C	403272	DISJ 3P 17,5KV 2500A 25KA DIVAC 1725G	UN	1	L2	Utilização livre depósito INVT	156861,18	156861,18
GA04	4G-01-05C	404892	DISJ 3P 17,5KV 1.250A 25KA SION 3AE 1284	UN	1	L2	Utilização livre depósito INVT	43125,87	43125,87
GA04	4G-01-06A	401304	PARA-RAIO POLIM EST ZNO 120KV 10KA	UN	6	L2	Utilização livre depósito INVT	12846,96	77081,76
GA04	4G-01-06B	400690	BOBINA ABERT DISJ P/CUB 15KV	UN	1	L2	Utilização livre depósito INVT	1289,49	1289,49
GA04	4G-01-06B	401163	PARA-RAIO PORCELANA EST ZNO 36KV 10KA	UN	3	L2	Utilização livre depósito INVT	481,41	1444,23
GA04	4G-01-06B	401221	LUVA EMENDA COMPR CABO 477KCMIL HAWK	UN	10	L2	Utilização livre depósito INVT	510	5100
GA04	4G-01-06B	401586	PARA-RAIO ZNO 15KV P/CUBICULO	UN	2	L2	Utilização livre depósito INVT	4436	8872
GA04	4G-01-06B	401768	MUFLA TERM 8,7/15kV-12/20kV 240-500MM2	UN	13	L2	Utilização livre depósito INVT	92,52	1202,76
GA04	4G-01-06B	402325	ISOLADOR SUP BAR P/CUBICULO 15KV	UN	3	L2	Utilização livre depósito INVT	170,23	510,69
GA04	4G-01-06B	402421	BOBINA FECHAM DISJ P/CUB 15KV	UN	1	L2	Utilização livre depósito INVT	1289,49	1289,49
GA04	4G-01-06B	403587	SOBRESSALENTE DE TRAFO CORRENTE 15KV	UN	4	L2	Utilização livre depósito INVT	5404,4	21617,6
GA04	4G-01-06B	403622	MOTOR CARREGAM MOLA DISJ CUBICULO 15KV	UN	1	L2	Utilização livre depósito INVT	1991,97	1991,97
GA04	4G-01-06B	406821	FUSÍVEL - F15-0,5MS	UN	1	L2	Utilização livre depósito INVT	512,36	512,36
GA04	4G-01-06B	406823	BASE FUSÍVEL - B15MS	UN	1	L2	Utilização livre depósito INVT	592,98	592,98
GA04	4G-01-06B	804670	FUSIVEL HH 1A 358C 52L MM	UN	6	F3	Utilização livre depósito CUST	377,41	2264,46
GA04	4G-01-06B	804671	FUSIVEL HH 10A 358C 52L MM	UN	6	F3	Utilização livre depósito CUST	377,31	2263,86
GA04	4G-01-06C	110528	REGUA ELETRICA C/ 20TOMADAS 220V	UN	12	F3	Utilização livre depósito CUST	440,4	5284,8
GA04	4G-01-06C	110620	BANDEJA PARA VENTILADOR DE TETO	UN	3	F3	Utilização livre depósito CUST	665,52	1996,56
GA04	4G-01-06C	801495	ISOLADOR PEDESTAL 50KV 254X254MM	UN	1	F3	Utilização livre depósito CUST	29,09	29,09
GA04	4G-01-06C	801763	CAMARA INTERRUPCAO S.ENERGIE 4111110304	UN	14	F3	Utilização livre depósito CUST	694,11	9717,54
GA04	4G-01-06C	802273	COMUTADOR IRTA 6215262	UN	2	F3	Utilização livre depósito CUST	0,01	0,02
GA04	4G-01-07A	804492	EMENDA TOTAL PREFORMADA CABO 4.0 PENGUIN	UN	20	F3	Utilização livre depósito CUST	66,76	1335,2
GA04	4G-01-07B	400269	TRAFO CRTE 10/5A 15KV	UN	19	L2	Utilização livre depósito INVT	539,49	10250,31
GA04	4G-01-07B	401199	TRAFO POT 15KV 0,3P75/0,6P75	UN	3	L2	Utilização livre depósito INVT	3022,52	9067,56
GA04	4G-01-07B	401970	TRAFO CRTE 15KV 240:1 1600X1200-5A 0,3C4	UN	1	L2	Utilização livre depósito INVT	0,31	0,31
GA04	4G-01-07B	403429	ISOLADOR SUP CONT FIXO DISJ INT EFACEC	UN	14	L2	Utilização livre depósito INVT	2073,92	29034,88
GA04	4G-01-07B	403783	TRAFO DE POTENCIAL 15KV P/CUBICULO	UN	1	L2	Utilização livre depósito INVT	4371,4	4371,4
GA04	4G-01-07C	800127	RESISTENCIA ASEA 5492-13EIT103	UN	6	F3	Utilização livre depósito CUST	0,04	0,24
GA04	4G-01-07C	801422	VOLANTE SPRECHER 4811746301	UN	2	F3	Utilização livre depósito CUST	109,09	218,18
GA04	4G-01-07C	801618	BUCHA NEUTRO TRAFO SIEMENS	UN	4	F3	Utilização livre depósito CUST	75	300
GA04	4G-01-07C	801758	BUCHA ISOLADORA 15KV	UN	2	F3	Utilização livre depósito CUST	100	200
GA04	4G-01-07C	801824	EIXO SPRECHER 48117206-01	UN	2	F3	Utilização livre depósito CUST	50,91	101,82
GA04	4G-01-07C	801848	DUPLICADOR ACO FORJ ZINC F1590 135KNF	UN	6	F3	Utilização livre depósito CUST	0,33	1,98
GA04	4G-01-07C	802379	BUCHA CERM SANTANA D15	UN	2	F3	Utilização livre depósito CUST	1	2
GA04	4G-01-07C	802593	PINO SPRECHER 4161067303	UN	11	F3	Utilização livre depósito CUST	4,25	46,75
GA04	4G-01-07C	802722	TUBO SPRECHER 41613105101	UN	6	F3	Utilização livre depósito CUST	0,04	0,24
GA04	4G-01-08A	804128	EMENDA PREF COND 266MCM PARTRIDGE	UN	16	F3	Utilização livre depósito CUST	59,63	954,08
GA04	4G-01-08C	403115	DISJ 3P 17,5KV 1250A 25KA VD4/W 17.12.25	UN	1	L2	Utilização livre depósito INVT	31590,16	31590,16
GA04	4G-01-08C	800332	FUSIVEL LIMIT 15~17,5KV 2A 3,4,5KA	UN	15	F3	Utilização livre depósito CUST	3	45
GA04	4G-01-08C	801578	BUCHA PORCELANA 24KV 2000A	UN	1	F3	Utilização livre depósito CUST	0,52	0,52
GA04	4G-01-08C	802048	TERMOMETRO EXP GAS 0-150°C 130MM	UN	3	F3	Utilização livre depósito CUST	100	300
GA04	4G-01-08C	802417	BUCHA GE 0278B966G1	UN	3	F3	Utilização livre depósito CUST	0,67	2,01
GA04	4G-01-08C	802534	CONJUNTO S.SCHUH 48125101-01	UN	1	F3	Utilização livre depósito CUST	163,64	163,64
GA04	4G-01-08C	802985	CARCACA S.SCHUH 48117746-01	UN	3	F3	Utilização livre depósito CUST	45,46	136,38
GA04	4G-01-09A	401877	BUCHA PORCELANA MICAFIL 36KV 170/630A	UN	1	L2	Utilização livre depósito INVT	200	200
GA04	4G-01-09A	800144	BUCHA PORCELANA MICAFIL 36KV 170/630A	UN	1	F3	Utilização livre depósito CUST	200	200
GA04	4G-01-09B	803514	PARAFUSO Æ 3/4X16 PORCA CONTRAPORCA	UN	20	F3	Utilização livre depósito CUST	68,71	1374,2
GA04	4G-01-09B	803515	PARAFUSO Æ 3/4X18 PORCA CONTRAPORCA	UN	30	F3	Utilização livre depósito CUST	74,95	2248,5
GA04	4G-01-09B	803523	PARAFUSO Æ 3/4WX550MM 2 1/4X 1/4	UN	10	F3	Utilização livre depósito CUST	99,92	999,2
GA04	4G-01-09B	803524	PARAFUSO Æ 3/4WX600MM 2 1/4 X 1/4	UN	5	F3	Utilização livre depósito CUST	99,92	499,6
GA04	4G-01-09B	803525	PARAFUSO Æ 3/4WX650MM 2 1/4 X 1/4	UN	4	F3	Utilização livre depósito CUST	114,5	458
GA04	4G-01-09B	803526	PARAFUSO Æ 3/4WX700MM 2 1/4 X 1/4	UN	5	F3	Utilização livre depósito CUST	114,5	572,5
GA04	4G-01-09B	803528	PARAFUSO Æ 3/4W X 750MM 2 1/4X 1/4	UN	10	F3	Utilização livre depósito CUST	120,75	1207,5
GA04	4G-01-09B	803529	PARAFUSO Æ 3/4WX750MM 44MM X 4MM	UN	10	F3	Utilização livre depósito CUST	124,91	1249,1
GA04	4G-01-09B	803530	PARAFUSO Æ 3/4WX800MM  44MM X 4MM	UN	20	F3	Utilização livre depósito CUST	129,88	2597,6
GA04	4G-01-09B	803531	PARAFUSO Æ 3/4WX850MM 44MM X 4MM	UN	5	F3	Utilização livre depósito CUST	139,48	697,4
GA04	4G-01-09B	803532	PARAFUSO Æ 3/4WX900MM 44MMX4MM	UN	5	F3	Utilização livre depósito CUST	139,48	697,4
GA04	4G-01-09C	801372	CANTONEIRA ANG AC 90G ABA IG 90X90MM 2F	UN	21	F3	Utilização livre depósito CUST	0,1	2,1
GA04	4G-01-09C	801608	PARAFUSO SXT 1/2X1.1/2P GAL FOG ROS PARC	UN	420	F3	Utilização livre depósito CUST	4,72	1982,4
GA04	4G-01-09C	803512	ARRUELA QUAD 55X5MM FURO 21MM.	UN	450	F3	Utilização livre depósito CUST	4,83	2173,5
GA04	4G-01-09C	803517	PARAFUSO Æ 3/4X9 PORCA CONTRAPORCA	UN	40	F3	Utilização livre depósito CUST	33,87	1354,8
GA04	4G-01-09C	803519	PARAFUSO Æ 3/4WX300MM 2 1/4X1/4	UN	75	F3	Utilização livre depósito CUST	68,69	5151,75
GA04	4G-01-09C	803521	PARAFUSO Æ 3/4WX450MM 2 1/4 X 1/4	UN	35	F3	Utilização livre depósito CUST	84,68	2963,8
GA04	4G-01-09C	803534	PARAFUSO OLHAL Æ 19X250MM PORCAS ARRUELA	UN	20	F3	Utilização livre depósito CUST	62,46	1249,2
GA04	4G-01-09C	803559	GRAMPO SUSP MONOART 5 A 11 CORDOALHA5/16	UN	40	F3	Utilização livre depósito CUST	290,74	11629,6
GA04	4G-01-09D	800122	PRENSA CABO 1.1/2P AL C/BUCHA NEOP NPT	UN	30	F3	Utilização livre depósito CUST	26,61	798,3
GA04	4G-01-09D	803513	PARAFUSO Æ 3/4X13 PORCA CONTRAPORCA	UN	200	F3	Utilização livre depósito CUST	54,15	10830
GA04	4G-01-09D	803518	PARAFUSO Æ 3/4WX250MM  2 1/4 X 1/4	UN	75	F3	Utilização livre depósito CUST	58,35	4376,25
GA04	4G-01-09D	803520	PARAFUSO Æ 3/4WX400MM 2 1/4 X 1/4	UN	20	F3	Utilização livre depósito CUST	77,93	1558,6
GA04	4G-01-09D	803522	PARAFUSO Æ 3/4WX500MM 2 1/4X 1/4	UN	10	F3	Utilização livre depósito CUST	95,76	957,6
GA04	4G-01-09D	803533	PARAFUSO OLHAL Æ 19X200MM PORCAS ARRUELA	UN	1	F3	Utilização livre depósito CUST	58,67	58,67
GA04	4G-01-09D	803560	GRAMPO SUSP MONOART 8 A 19 CORDOALHA5/16	UN	40	F3	Utilização livre depósito CUST	327,38	13095,2
GA04	4G-01-09E	403115	DISJ 3P 17,5KV 1250A 25KA VD4/W 17.12.25	UN	1	L2	Utilização livre depósito INVT	31590,16	31590,16
GA04	4G-01-09E	409810	DISJ 3P 17,5KV 1250A EXE172512E-BB125M	UN	1	L2	Utilização livre depósito INVT	123969,33	123969,33
GA04	4G-01-10B	402869	SUPORTE SUSP BAND AC 102X51X38MM 100MM	UN	320	L2	Utilização livre depósito INVT	1,48	473,6
GA04	4G-01-10B	803505	PRESILHA BIFILAR GALV 55MM  6 A 9,5MM 35	UN	200	F3	Utilização livre depósito CUST	61,84	12368
GA04	4G-01-10D	409207	DISJ 3P VAC 17,5KV 3150A 40KA HVF-3167F	UN	2	L2	Utilização livre depósito INVT	108919,59	217839,18
GA04	4G-01-11A	403908	DISPOSITIVO DE OSCILOGRAFIA RDP RA331	UN	19	L2	Utilização livre depósito INVT	0,01	0,19
GA04	4G-01-11B	400652	CONECTOR SUPORTE CU 6-4/0AWG	UN	18	L2	Utilização livre depósito INVT	11,23	202,14
GA04	4G-01-11B	400688	ARRUELA PRES AC PARAF 5/16P	UN	998	L2	Utilização livre depósito INVT	0,03	29,94
GA04	4G-01-11B	400841	BOBINA FECHAM DISJUN MOTOR QUADRO QSACC	UN	1	L2	Utilização livre depósito INVT	1830,19	1830,19
GA04	4G-01-11B	401284	ISOLADOR SUP BAR 24KV	UN	12	L2	Utilização livre depósito INVT	120,06	1440,72
GA04	4G-01-11B	401516	ARRUELA LIS AC PARAF 1/2P 28MM	UN	1730	L2	Utilização livre depósito INVT	0,49	847,7
GA04	4G-01-11B	401831	CONECTOR T CU 203MM2 (400MCM)	UN	1	L2	Utilização livre depósito INVT	30	30
GA04	4G-01-11B	402209	PARAFUSO CAB SXT AC 1/2X3/4P WW	UN	500	L2	Utilização livre depósito INVT	1,2	600
GA04	4G-01-11B	402304	CONECTOR ATERRAMENTO CU 2COND 67-127MM2	UN	10	L2	Utilização livre depósito INVT	30,95	309,5
GA04	4G-01-11B	403912	UNIAO ELETR FLEX MAC-FEM AL 4P BSP	UN	8	L2	Utilização livre depósito INVT	17	136
GA04	4G-01-11C	400499	CONECTOR BZ 50-95MM2	UN	4	L2	Utilização livre depósito INVT	16,94	67,76
GA04	4G-01-11C	400523	CONECTOR EMENDA ALFC 550KV 3P IPS	UN	2	L2	Utilização livre depósito INVT	300	600
GA04	4G-01-11C	401039	CONECTOR TERMINAL AL 3P IPS	UN	2	L2	Utilização livre depósito INVT	0,01	0,02
GA04	4G-01-11C	401490	GRAMPO ANCOR PAS AL 350~500MCM	UN	18	L2	Utilização livre depósito INVT	1,5	27
GA04	4G-01-11C	402420	OLHAL-BOLA AC 20MM 15000KGF	UN	66	L2	Utilização livre depósito INVT	1	66
GA04	4G-01-11C	402643	ELO ACO FORJ UNIVERSAL GALV	UN	85	L2	Utilização livre depósito INVT	32	2720
GA04	4G-01-11C	402657	ELO-BOLA ACO 105MM 13500KGF	UN	196	L2	Utilização livre depósito INVT	1	196
GA04	4G-01-11D	400161	LUVA EMENDA COMPR CU 500MM2	UN	1	L2	Utilização livre depósito INVT	95,45	95,45
GA04	4G-01-11D	400623	CONECTOR PINO 90G CU	UN	2	L2	Utilização livre depósito INVT	395,9	791,8
GA04	4G-01-11D	401401	ARRUELA PRES AC CARBONO DO PARAF 1/4P	UN	56	L2	Utilização livre depósito INVT	0,03	1,68
GA04	4G-01-11D	402386	CONECTOR TERMINAL BZ 3/4P	UN	9	L2	Utilização livre depósito INVT	86,4	777,6
GA04	4G-01-11D	402470	TRANSDUTOR TENSAO 0-60MV 4-20MA ETI50	UN	11	L2	Utilização livre depósito INVT	0,01	0,11
GA04	4G-01-11D	402857	RELE INTERFACE MODULAR 220VCA 30,31	UN	10	L2	Utilização livre depósito INVT	177,21	1772,1
GA04	4G-01-11D	403735	PORCA LOSANG C/PINO AC 3/8P WW	UN	96	L2	Utilização livre depósito INVT	1,73	166,08
GA04	4G-01-11D	403987	TIRANTE AC ROSCA WW 3/8PX300MM	UN	15	L2	Utilização livre depósito INVT	2,51	37,65
GA04	4G-01-11E	401769	PARA-RAIO POLIM EST ZNO 72,5KV 10KA	UN	11	L2	Utilização livre depósito INVT	7546,86	83015,46
GA04	4G-01-12B	400153	MOTOR CARREG MOLA DISJ HAF 220VCA	UN	6	L2	Utilização livre depósito INVT	675,33	4051,98
GA04	4G-01-12B	401133	PARAFUSO CAB SXT AC 5/16X1P WW	UN	100	L2	Utilização livre depósito INVT	0,36	36
GA04	4G-01-12B	402341	PORCA SEXT AC 1/4P	UN	1	L2	Utilização livre depósito INVT	0,09	0,09
GA04	4G-01-12B	402555	PROLONGADOR GARFO-OLH AC 200MM 12000KGF	UN	140	L2	Utilização livre depósito INVT	20	2800
GA04	4G-01-12C	402154	CONECTOR TERMINAL 90G BZ 750-1000MCM	UN	3	L2	Utilização livre depósito INVT	107	321
GA04	4G-01-12C	402524	PORCA LOSANG AC GF 3/8P ROSCA NC	UN	103	L2	Utilização livre depósito INVT	1,32	135,96
GA04	4G-01-12C	402856	PROLONGADOR SUSP AC TIRANTE 3/8PX50MM WW	UN	19	L2	Utilização livre depósito INVT	3,12	59,28
GA04	4G-01-12C	403586	PORCA LOSANG C/MOLA AC 3/8X3/16P WW	UN	400	L2	Utilização livre depósito INVT	1,84	736
GA04	4G-01-12D	400524	CONECTOR PINO 90G CU 50-127MM2 M30	UN	25	L2	Utilização livre depósito INVT	133,97	3349,25
GA04	4G-01-12D	401419	ARRUELA QD 100X100 22MM	UN	24	L2	Utilização livre depósito INVT	11,94	286,56
GA04	4G-01-12D	402219	ARRUELA QD 100X100X100MM 6MM	UN	29	L2	Utilização livre depósito INVT	12,25	355,25
GA04	4G-01-12D	403846	GRAPA BANDEJA AC 63X38MM FURO 10MM	UN	200	L2	Utilização livre depósito INVT	1,42	284
GA04	4G-01-12E	802773	FILTRO P/COMUTADOR 68L/H	UN	3	F3	Utilização livre depósito CUST	15919,83	47759,49
GA04	4G-01-13A	408991	PRENSA CABO 2P	UN	96	L2	Utilização livre depósito INVT	0,05	4,8
GA04	4G-01-13A	804483	GRAMPO ANCOR CABO 266,8 PARTRIDGE	UN	10	F3	Utilização livre depósito CUST	366,53	3665,3
GA04	4G-01-13A	804484	GRAMPO ANCOR CABO 795 TERN	UN	10	F3	Utilização livre depósito CUST	924,33	9243,3
GA04	4G-01-13A	804485	GRAMPO DE SUSPENSÃO CABO 266,8 PARTRIDGE	UN	10	F3	Utilização livre depósito CUST	119,65	1196,5
GA04	4G-01-13A	804486	GRAMPO DE SUSPENSÃO CABO 795 TERN	UN	10	F3	Utilização livre depósito CUST	181,66	1816,6
GA04	4G-01-13B	401124	PARAFUSO CAB SXT AC 1/4X3/4P WW	UN	437	L2	Utilização livre depósito INVT	0,23	100,51
GA04	4G-01-13B	401668	PARAFUSO CAB SXT AC 3/8X1.1/2P WW	UN	115	L2	Utilização livre depósito INVT	0,43	49,45
GA04	4G-01-13B	402435	PARAFUSO CAB SXT AC 1/4X1.1/2P WW	UN	444	L2	Utilização livre depósito INVT	0,31	137,64
GA04	4G-01-13B	403874	PORCA LOSANG C/MOLA AC 3/8X5/16P WW	UN	150	L2	Utilização livre depósito INVT	1,84	276
GA04	4G-01-13C	400556	CONECTOR TERMINAL RETO CU 750-1000MCM	UN	11	L2	Utilização livre depósito INVT	300	3300
GA04	4G-01-13C	400680	ARRUELA LIS AC PARAF 5/16P 18MM	UN	2400	L2	Utilização livre depósito INVT	0,17	408
GA04	4G-01-13C	401220	GRAMPO SUSPENSAO BIARTIC AL 16MM 450KG	UN	31	L2	Utilização livre depósito INVT	5	155
GA04	4G-01-13C	402895	TENSOR GARFO-OLHAL AC 650MM 40MM 22MM	UN	6	L2	Utilização livre depósito INVT	121	726
GA04	4G-01-13D	400050	TERMINAL SAIDA 15P AL LING 4F 954MCM	UN	6	L2	Utilização livre depósito INVT	100	600
GA04	4G-01-13D	400554	CONECTOR TERMINAL 90G AL 1.1/2P 266,8MCM	UN	4	L2	Utilização livre depósito INVT	76,8	307,2
GA04	4G-01-13D	400574	CONECTOR TERMINAL RETO AL 1.1/2P	UN	3	L2	Utilização livre depósito INVT	58	174
GA04	4G-01-13D	401440	CONECTOR SUPORTE CU 2.1/2P	UN	5	L2	Utilização livre depósito INVT	13	65
GA04	4G-01-14A	804133	OLEO HIDRAULICO	L	340	F3	Utilização livre depósito CUST	50	17000
GA04	4G-01-14B	401030	CONECTOR SUPORTE CU 2/0AWG-500MCM	UN	5	L2	Utilização livre depósito INVT	10,82	54,1
GA04	4G-01-14B	401072	CONECTOR TERMINAL AL 2.1/2P IPS	UN	15	L2	Utilização livre depósito INVT	4	60
GA04	4G-01-14B	401450	CONECTOR T AL CAA 954MCM	UN	3	L2	Utilização livre depósito INVT	78	234
GA04	4G-01-14B	402384	CONECTOR TERMINAL RETO 954MCM	UN	3	L2	Utilização livre depósito INVT	52,78	158,34
GA04	4G-01-14C	400628	CONECTOR TERMINAL RETA AL 2/0 AWG	UN	6	L2	Utilização livre depósito INVT	42	252
GA04	4G-01-14C	401470	CONECTOR SUPORTE CU 1.1/2P IPS	UN	10	L2	Utilização livre depósito INVT	13	130
GA04	4G-01-14C	401680	PARA-RAIO POL 15KV PM DEZ - 15 - IL	UN	6	L2	Utilização livre depósito INVT	4310,12	25860,72
GA04	4G-01-14C	403707	CONDULETE T AL 2P	UN	4	L2	Utilização livre depósito INVT	8,5	34
GA04	4G-01-14D	401066	CONECTOR TERMINAL 90G 954MCM	UN	8	L2	Utilização livre depósito INVT	59,21	473,68
GA04	4G-01-14D	401453	CONECTOR SUPORTE AL 954MCM	UN	5	L2	Utilização livre depósito INVT	49,88	249,4
GA04	4G-01-14D	402315	CONECTOR DER T AL CAA 636MCM	UN	2	L2	Utilização livre depósito INVT	103,09	206,18
GA04	4G-01-14D	402891	TAMPAO ANTICOR AL PRES TUBO 1.1/2P SCH40	UN	22	L2	Utilização livre depósito INVT	14,44	317,68
GA04	4G-01-14E	402488	DISPOSITIVO DE OSCILOGRAFIA RDP RA332	UN	9	L2	Utilização livre depósito INVT	14854,01	133686,09
GA04	4G-01-14E	804136	EMENDA CABO SUBAQ 1F 20~95MM² 8,7/15kV	UN	5	F3	Utilização livre depósito CUST	2284,98	11424,9
GA04	4G-01-15A	403263	ISOLADOR SUP BARRAM TRIF 13,8KV EFACEC	UN	18	L2	Utilização livre depósito INVT	1757,45	31634,1
GA04	4G-01-15B	801506	TRAFO DEFAS 120V 50-400HZ 3PH 3W	UN	2	F3	Utilização livre depósito CUST	32,5	65
GA04	4G-01-15B	801572	MOLA DISPARO P/BANCO CAPACITOR	UN	51	F3	Utilização livre depósito CUST	2,63	134,13
GA04	4G-01-15B	801744	BLOCO TERMINAL GE 990406710	UN	15	F3	Utilização livre depósito CUST	0,01	0,15
GA04	4G-01-15B	801773	BLOCO TERMINAL GE 990406712	UN	15	F3	Utilização livre depósito CUST	0,01	0,15
GA04	4G-01-15B	801933	LATERAL WEICO 2260435G01	UN	3	F3	Utilização livre depósito CUST	0,18	0,54
GA04	4G-01-15C	800068	MOTOR ELET 220V 360RPM	UN	1	F3	Utilização livre depósito CUST	100	100
GA04	4G-01-15C	801497	DENSOSTATO ABB 1HSB425663	UN	1	F3	Utilização livre depósito CUST	100	100
GA04	4G-01-15C	801518	EIXO WEICO 4259977H01	UN	10	F3	Utilização livre depósito CUST	65,46	654,6
GA04	4G-01-15C	801733	RELE SINCRONISMO 115/220VAC	UN	1	F3	Utilização livre depósito CUST	36	36
GA04	4G-01-15C	801865	DISPARADOR LIGA AEG BR464098	UN	10	F3	Utilização livre depósito CUST	156,84	1568,4
GA04	4G-01-15C	802788	CENTELHADOR WENCO 437D493H0101	UN	3	F3	Utilização livre depósito CUST	7,27	21,81
GA04	4G-01-15D	110305	MASSA ISOLANTE ELET BOR 3MM 38MM 1,5M	UN	18	F3	Utilização livre depósito CUST	4,6	82,8
GA04	4G-01-15D	800078	MOTOR S.ENERGIE 665C107026	UN	1	F3	Utilização livre depósito CUST	0,36	0,36
GA04	4G-01-15D	800161	MOTOR ACION 125VCC 0,10CV 250W 600RPM	UN	3	F3	Utilização livre depósito CUST	83,33	249,99
GA04	4G-01-15D	801715	CAIXA SPRECHER 4811744001	UN	2	F3	Utilização livre depósito CUST	0,01	0,02
GA04	4G-01-15D	801719	LATERAL WEICO 2260436G01	UN	2	F3	Utilização livre depósito CUST	0,18	0,36
GA04	4G-01-15E	800336	EMENDA CABO SUBAQ 3F 20-95MM2 8,7/15kV	UN	9	F3	Utilização livre depósito CUST	1261,28	11351,52
GA04	4G-01-16A	400214	PARA-RAIO ESTACAO 60KV 10KA 65KA	UN	1	L2	Utilização livre depósito INVT	2688,63	2688,63
GA04	4G-01-16A	402148	MOTOR ELET TRIF 0,5CV 440V	UN	1	L2	Utilização livre depósito INVT	0,04	0,04
GA04	4G-01-16A	402406	TRAFO CRTE 15KV 110KV	UN	1	L2	Utilização livre depósito INVT	1	1
GA04	4G-01-16A	800159	CAPACITOR FIXO 1F 4490V 243KVAR 34/95KV	UN	16	F3	Utilização livre depósito CUST	1660	26560
GA04	4G-01-16A	800171	MOTOR ELET TRIF 0,5CV 440V	UN	1	F3	Utilização livre depósito CUST	0,04	0,04
GA04	4G-01-16A	800839	GRAMPO ANCOR PAS AL 4/0AWG~636MCM	UN	5	F3	Utilização livre depósito CUST	65,7	328,5
GA04	4G-01-16A	801413	TRAFO DEFASADOR 2E/3F 120V 115MA	UN	2	F3	Utilização livre depósito CUST	1	2
GA04	4G-01-16A	801516	POLO WESTINGHOUSE 543F398G01	UN	1	F3	Utilização livre depósito CUST	0,04	0,04
GA04	4G-01-16A	801737	BUCHA PORCELANA ABB GPA 150/1000 24,2KV	UN	3	F3	Utilização livre depósito CUST	66,67	200,01
GA04	4G-01-16A	801917	LATERAL WEICO 2259879	UN	3	F3	Utilização livre depósito CUST	0,12	0,36
GA04	4G-01-16A	801924	LAMINA SECCION SPIG 69KV	UN	2	F3	Utilização livre depósito CUST	16	32
GA04	4G-01-16A	801967	CHAVE AFERICAO C/BASC 407168/160 78P	UN	1	F3	Utilização livre depósito CUST	15	15
GA04	4G-01-16A	802289	INDICADOR MAGNET NIVEL OLEO TRANSF	UN	4	F3	Utilização livre depósito CUST	25,02	100,08
GA04	4G-01-16B	800176	CONCHA-OLHAL AC 60MM 13500KGF	UN	109	F3	Utilização livre depósito CUST	0,94	102,46
GA04	4G-01-16B	800301	CONECTOR T AL 75G 2.1/2P 1.1/2P	UN	7	F3	Utilização livre depósito CUST	1	7
GA04	4G-01-16B	800502	GRAMPO PARALELO 954MCM	UN	17	F3	Utilização livre depósito CUST	53,01	901,17
GA04	4G-01-16B	800570	CONECTOR ELETRICO RETO AL 3500MCM	UN	1	F3	Utilização livre depósito CUST	60,12	60,12
GA04	4G-01-16B	801679	LAMINA SECCION ATERRAMENTO LORENZETTI	UN	1	F3	Utilização livre depósito CUST	32	32
GA04	4G-01-16B	801696	DESENGATE WEICO 4260001G01	UN	14	F3	Utilização livre depósito CUST	0,91	12,74
GA04	4G-01-16B	802052	TARUGO COBRE P/BUCHA 13.8KV	UN	1	F3	Utilização livre depósito CUST	1	1
GA04	4G-01-16B	802647	ROLAMENTO ESFERA INT 45X8X19MM	UN	60	F3	Utilização livre depósito CUST	8	480
GA04	4G-01-16B	803725	CONJUNTO MOTOR 3AE5 100-125VCC 3AY14111E	UN	3	F3	Utilização livre depósito CUST	6488,85	19466,55
GA04	4G-01-16B	803726	2ª BOBINA DE ABERTURA 125VCC 3AX1101-2E	UN	3	F3	Utilização livre depósito CUST	3587,18	10761,54
GA04	4G-01-16C	800399	FUSIVEL NH RET 10A 500V TAM 00 FACA	UN	53	F3	Utilização livre depósito CUST	0,06	3,18
GA04	4G-01-16C	801279	PORTA-FUSIVEL BANCO CAPACITOR	UN	33	F3	Utilização livre depósito CUST	2,04	67,32
GA04	4G-01-16C	801909	ISOLADOR SUPORTE PORC 15KV	UN	5	F3	Utilização livre depósito CUST	29,09	145,45
GA04	4G-01-16C	802274	NUCLEO WENCO 310C718G02	UN	3	F3	Utilização livre depósito CUST	33,94	101,82
GA04	4G-01-16C	802549	CONTATO WENCO 423D153G04	UN	8	F3	Utilização livre depósito CUST	8,1	64,8
GA04	4G-01-16C	802682	ROLAMENTO ESFERA INT 40X80X18MM	UN	6	F3	Utilização livre depósito CUST	26	156
GA04	4G-01-16C	802826	CONTATO WENCO TC264508G01	UN	35	F3	Utilização livre depósito CUST	5,6	196
GA04	4G-01-16C	802873	VALVULA ESF BR-2541-462-A	UN	4	F3	Utilização livre depósito CUST	0,09	0,36
GA04	4G-01-16D	800300	CONECTOR SUPORTE AL 350-600MCM	UN	16	F3	Utilização livre depósito CUST	0,04	0,64
GA04	4G-01-16D	801370	TRAFO CRTE 600VAC 50/5A	UN	2	F3	Utilização livre depósito CUST	0,04	0,08
GA04	4G-01-16D	801416	TRAFO POT 115-67V	UN	1	F3	Utilização livre depósito CUST	43	43
GA04	4G-01-16D	801730	BLOCO SCHULUMB 316754	UN	14	F3	Utilização livre depósito CUST	0,01	0,14
GA04	4G-01-16D	802056	TERMOMETRO OLEO TRAFO COEMSA SN37964040	UN	1	F3	Utilização livre depósito CUST	0,18	0,18
GA04	4G-01-16D	802335	VALVULA BORBOLETA 10KG/CM2	UN	2	F3	Utilização livre depósito CUST	0,08	0,16
GA04	4G-01-16D	802583	POLIA S.ENERGIE 4811746601	UN	2	F3	Utilização livre depósito CUST	8,19	16,38
GA04	4G-01-16D	802689	SOLENOIDE INTERTRAVAMENTO 125V	UN	1	F3	Utilização livre depósito CUST	2	2
GA04	4G-01-16E	800807	CHIFRE CURVO CHAVE SECCION RDC-01-08	UN	3	F3	Utilização livre depósito CUST	0,01	0,03
GA04	4G-01-16E	801058	CONECTOR SUPORTE AL 558-1033MCM	UN	1	F3	Utilização livre depósito CUST	3	3
GA04	4G-01-16E	801113	CONTATO ASEA 549213EIT115	UN	7	F3	Utilização livre depósito CUST	0,02	0,14
GA04	4G-01-16E	801582	DISPARADOR DESL AEG SW667445BR463849	UN	10	F3	Utilização livre depósito CUST	184,57	1845,7
GA04	4G-01-16E	801899	ISOLADOR S.ENERGIE 6125020401	UN	4	F3	Utilização livre depósito CUST	0,03	0,12
GA04	4G-01-16E	801930	LAMINA CONT FIXO 15KV 13,8KV 3,8MVAR	UN	5	F3	Utilização livre depósito CUST	27,64	138,2
GA04	4G-01-16E	802551	DISTANCIADOR WENCO 262458	UN	10	F3	Utilização livre depósito CUST	21,82	218,2
GA04	4G-01-16E	802633	ROLAMENTO ESFERA INT 25X47X12MM	UN	48	F3	Utilização livre depósito CUST	16,5	792
GA04	4G-01-16E	802945	LAMINA WENCO 591C344H01	UN	8	F3	Utilização livre depósito CUST	6,82	54,56
GA04	4G-01-16F	800336	EMENDA CABO SUBAQ 3F 20-95MM2 8,7/15kV	UN	10	F3	Utilização livre depósito CUST	1261,28	12612,8
GA04	4G-01-16F	801609	VOLTIMETRO CA FM 0-90KV	UN	4	F3	Utilização livre depósito CUST	13,64	54,56
GA04	4G-01-16F	801650	VARIMETRO 115V 5A 60-0-60MVAR 96X96MM	UN	3	F3	Utilização livre depósito CUST	0,63	1,89
GA04	4G-01-16F	802852	HASTE WENCO 3261650G01	UN	10	F3	Utilização livre depósito CUST	14	140
GA04	4G-01-16F	802868	COMUTADOR WENCO 2260745G02	UN	7	F3	Utilização livre depósito CUST	0,05	0,35
GA04	4G-01-17A	401621	GRAMPO SUSPENSAO ARM AL 15,74X16,4MM	UN	226	L2	Utilização livre depósito INVT	126,17	28514,42
GA04	4G-01-17A	402323	GRAMPO SUSPENSAO AL MONOARTIC CAA 477MCM	UN	136	L2	Utilização livre depósito INVT	44,6	6065,6
GA04	4G-01-17A	402377	CONECTOR EMENDA RETA 1.1/2P IPS	UN	35	L2	Utilização livre depósito INVT	202,67	7093,45
GA04	4G-01-17B	403456	DISJ 3P EXT 17,5KV 630A 25KA DIVAC 1725B	UN	2	L2	Utilização livre depósito INVT	89663,92	179327,84
GA04	4G-01-17C	403272	DISJ 3P 17,5KV 2500A 25KA DIVAC 1725G	UN	1	L2	Utilização livre depósito INVT	156861,18	156861,18
GA04	4G-01-17C	403456	DISJ 3P EXT 17,5KV 630A 25KA DIVAC 1725B	UN	2	L2	Utilização livre depósito INVT	89663,92	179327,84
GA04	4G-01-18A	402046	GRAMPO ANCOR PAS AL 16,3~25,5MM	UN	206	L2	Utilização livre depósito INVT	80	16480
GA04	4G-01-19A	400107	GRAMPO SUSPENSAO AL 15,74X16,4MM	UN	317	L2	Utilização livre depósito INVT	118	37406
GA04	4G-01-19A	400750	CONCHA OLHAL AC 60MMX16MM 120KN	UN	525	L2	Utilização livre depósito INVT	50,18	26344,5
GA04	4G-01-19A	401623	GRAMPO SUSPENSAO AL MONOART 28-38MM	UN	30	L2	Utilização livre depósito INVT	1	30
GA04	4G-01-19A	401921	CONECTOR ESPAC AL 700-750MCM/605-636MCM	UN	18	L2	Utilização livre depósito INVT	227,66	4097,88
GA04	4G-02-01A	401402	RETIFIC CHAVEAD 380VCA/3F/125VCC/100A	UN	1	L2	Utilização livre depósito INVT	73757,13	73757,13
GA04	4G-02-01A	403425	RELIGADOR 1F AUTOMATICO 7,96 KV 100A 4kA	UN	8	L2	Utilização livre depósito INVT	27446,03	219568,24
GA04	4G-02-01A	403714	EMENDA PREF CABO 795KCMIL	UN	2	L2	Utilização livre depósito INVT	63,48	126,96
GA04	4G-02-01A	404123	RETIFICADOR CHAVEADO380VCA/3F/125VCC/140	UN	1	L2	Utilização livre depósito INVT	91112,32	91112,32
GA04	4G-02-01A	404124	RETIFICAD CHAVEADO 220VCA/3F/125VCC/100A	UN	3	L2	Utilização livre depósito INVT	73757,13	221271,39
GA04	4G-02-01A	404149	RETIFIC CHAVEAD 380VCA/3F/125VCC/160A	UN	1	L2	Utilização livre depósito INVT	100149,93	100149,93
GA04	4G-02-01A	406189	RETIFICADOR CHAVEADO 220VCA/1F/48VCC/100	UN	7	L2	Utilização livre depósito INVT	33661,51	235630,57
GA04	4G-02-01A	409200	CONVERSOR CC/CC 125/48VCC - 50A	UN	2	L2	Utilização livre depósito INVT	14853,97	29707,94
GA04	4G-02-01A	805193	EMENDA PREF CABO 795KCMIL	UN	23	F3	Utilização livre depósito CUST	851,37	19581,51
GA04	4G-02-02A	400084	TRAFO CRTE 72,5KV 1000x2000-5; 0,3C50	UN	6	L2	Utilização livre depósito INVT	17267,32	103603,92
GA04	4G-02-02A	400247	TRAFO POT 72,5KV 140/350KV	UN	1	L2	Utilização livre depósito INVT	10702,85	10702,85
GA04	4G-02-02A	402581	TRAFO POT IND 72,5 KV 600:1; 69/?3/115	UN	1	L2	Utilização livre depósito INVT	7784,15	7784,15
GA04	4G-02-02A	409812	DISJ 3P 24KV 1250A 25KA HAF 6142-4	UN	4	L2	Utilização livre depósito INVT	62199,72	248798,88
GA04	4G-02-02A	800105	MANILHA AC 16MM 80MM 22MM 13500DAN	UN	100	F3	Utilização livre depósito CUST	36,87	3687
GA04	4G-02-02A	801755	BUCHA PORCELANA ASEA GOB 380 84KV 1250A	UN	4	F3	Utilização livre depósito CUST	50	200
GA04	4G-02-03A	400084	TRAFO CRTE 72,5KV 1000x2000-5; 0,3C50	UN	35	L2	Utilização livre depósito INVT	17267,32	604356,2
GA04	4G-02-03A	803508	EMENDA PRE-FORMADA AL 477MCM HAWK	UN	16	F3	Utilização livre depósito CUST	184,18	2946,88
GA04	4G-02-03A	804266	EMENDA TOTAL PREFORMADA CABO 795MCM TERN	UN	12	F3	Utilização livre depósito CUST	477,71	5732,52
GA04	4G-02-04A	404143	TRAFO CRTE 72,5KV 400/800 600/1200 1A	UN	3	L2	Utilização livre depósito INVT	47833,45	143500,35
GA04	4G-02-04A	409811	DISJ 3P 24KV 2000A 25KA HAF 6144-4	UN	2	L2	Utilização livre depósito INVT	73535,34	147070,68
GA04	4G-02-04A	804493	EMENDA TOTAL PREFORMADA CABO 477 HAWK	UN	16	F3	Utilização livre depósito CUST	253,24	4051,84
GA04	4G-02-04A	804494	EMENDA TOTAL PREFORMADA CABO 266,8 PARTR	UN	16	F3	Utilização livre depósito CUST	109,35	1749,6
GA04	4G-02-04A	805265	EMENDA PREFORMADA CONDUTORA PARA CABO 79	UN	12	F3	Utilização livre depósito CUST	250,94	3011,28
GA04	4G-02-05A	402394	DISJUNTOR 3P 72,5KV; 2000A; 31,5kA; GAS	UN	1	L2	Utilização livre depósito INVT	52506,81	52506,81
GA04	4G-02-05A	402623	CONJUNTO CUBICULOS 15KV	CJ	6	L2	Utilização livre depósito INVT	881158,03	5286948,18
GA04	4G-02-05A	800175	DISJUNTOR 3P 72,5KV; 2000A; 31,5KA; GAS	UN	9	F3	Utilização livre depósito CUST	52506,81	472561,29
GA04	4G-02-06A	402834	CHAVE SECC 3P 72,5KV S/LT 2000A VERT	UN	28	L2	Utilização livre depósito INVT	18523,09	518646,52
GA04	4G-02-06A	404468	CAPACITOR MONOPOLAR 700KVAR 8,66KV	UN	10	L2	Utilização livre depósito INVT	11825,05	118250,5
GA04	4G-02-06A	409811	DISJ 3P 24KV 2000A 25KA HAF 6144-4	UN	1	L2	Utilização livre depósito INVT	73535,34	73535,34
GA04	4G-02-07A	400385	BANCO DE CAPACITOR 3F 15KV 150KVAR FIXO	UN	5	L2	Utilização livre depósito INVT	16703,62	83518,1
GA04	4G-02-07A	402092	BANCO DE CAPACITOR 3F 15KV 75KVAR FIXO	UN	9	L2	Utilização livre depósito INVT	15762,63	141863,67
GA04	4G-02-07A	402277	BANCO DE CAPACITOR 3F 15KV 300KVAR FIXO	UN	9	L2	Utilização livre depósito INVT	17562,99	158066,91
GA04	LATERAL 01	403103	BUCHA CONDENSIVA POLIMERICA 138KV 1250A	UN	6	L2	Utilização livre depósito INVT	234188,21	1405129,26
GA04	LATERAL 01	800384	GAS ACETILENO 92,3X7,7%	KG	18	F3	Utilização livre depósito CUST	122,13	2198,34
GA04	LATERAL 01	800454	GAS HEXAFLUORETO ENXOFRE SF6	KG	50	F3	Utilização livre depósito CUST	478,17	23908,5
GA04	LATERAL 01	800584	GAS OXIGENIO 99,95%	M3	90	F3	Utilização livre depósito CUST	18,64	1677,6
GA05	5G-01-01A	400042	TRAFO CRTE 15KV 1200A 0,3C50	UN	9	L2	Utilização livre depósito INVT	14997,2	134974,8
GA05	5G-01-01A	401389	TRAFO CRTE 15KV 100-5A 0,3C 1,5X	UN	10	L2	Utilização livre depósito INVT	233,73	2337,3
GA05	5G-01-01A	805469	CURVA 90G LONGA 150MM ESGOTO	UN	4	F3	Utilização livre depósito CUST	112,22	448,88
GA05	5G-01-01B	409010	BUCHA CONDENSIVA 24,2KV 1000A - MONTADA	UN	2	L2	Utilização livre depósito INVT	3552	7104
GA05	5G-01-01B	409011	BUCHA CONDENSIVA 24KV 2000A PORCELANA	UN	2	L2	Utilização livre depósito INVT	5328	10656
GA05	5G-01-01C	409014	GRADE DE PROTECAO VENTILADOR	UN	2	L2	Utilização livre depósito INVT	288,6	577,2
GA05	5G-01-01C	409020	VENTIL 0,75CV 2,85M/S WT-05	UN	2	L2	Utilização livre depósito INVT	5439	10878
GA05	5G-01-01C	409021	RELE DETECTOR GAS 50MM 4NA/NF	UN	2	L2	Utilização livre depósito INVT	2553	5106
GA05	5G-01-01D	401541	ESFERA SINALIZACAO DIU CABO OPGW FBV LJ	UN	2	L2	Utilização livre depósito INVT	1005,02	2010,04
GA05	5G-01-02A	400427	CAPACITOR 1F 350KVAR 8,66KV AUTOM	UN	9	L2	Utilização livre depósito INVT	4016,33	36146,97
GA05	5M-01-01A	401656	INVERSOR 125 VCC/220VCA FN 60HZ 5KVA	UN	8	L2	Utilização livre depósito INVT	23843,14	190745,12
GA05	5M-01-01B	401229	UNIDADE PROTEÇÃO DIGITAL 1A 60HZ B90	UN	1	L2	Utilização livre depósito INVT	36163,54	36163,54
GA05	5M-01-01B	401420	UNIDADE PROTEÇÃO DIG 1A/5A 60HZ B90	UN	1	L2	Utilização livre depósito INVT	36071,43	36071,43
GA05	5M-01-01B	402474	UNIDADE PROTEÇÃO DIG 1A/5A 125VCC T60 GE	UN	1	L2	Utilização livre depósito INVT	42199,91	42199,91
GA05	5M-01-01B	402487	RELE PROTECAO/CONTROLE TIPO EF MD	UN	1	L2	Utilização livre depósito INVT	13200	13200
GA05	5M-01-01B	402520	RELE PROTECAO/CONTROLE TIPO EF MD	UN	2	L2	Utilização livre depósito INVT	13200	26400
GA05	5M-01-01B	402602	RELE PROTECAO ALIMENTADORES MICOM P141	UN	2	L2	Utilização livre depósito INVT	12717,92	25435,84
GA05	5M-01-01B	402621	RELE PROTECAO/CONTROLE TIPO DA PT	UN	2	L2	Utilização livre depósito INVT	13200	26400
GA05	5M-01-01B	402850	RELE PROTECAO/CONTROLE TIPO EF TD	UN	1	L2	Utilização livre depósito INVT	13200	13200
GA05	5M-01-01C	403946	MODULO MICROP 2P COM3/COM4 128E/30S DIG	UN	1	L2	Utilização livre depósito INVT	39356,28	39356,28
GA05	5M-01-01C	407215	KIT SOBRESSALENTE PARA INVERSOR CC-CA	UN	3	L2	Utilização livre depósito INVT	18090,64	54271,92
GA05	5M-01-01D	400100	UNIDADE PROTEÇÃO DIGITAL 1A/5A 60HZ P143	UN	1	L2	Utilização livre depósito INVT	21304,71	21304,71
GA05	5M-01-01D	401496	BLOCO TESTE RELE P991	UN	9	L2	Utilização livre depósito INVT	1524,59	13721,31
GA05	5M-01-01D	402000	UNIDADE PROTEÇÃO DIGITAL TCP-C + PL-300	UN	1	L2	Utilização livre depósito INVT	11097	11097
GA05	5M-01-01D	402496	SOBRESSALENTE MOD AQ REM 3323111X22CC GE	UN	1	L2	Utilização livre depósito INVT	29689,55	29689,55
GA05	5M-01-02B	400023	BLOCO DE TESTES P/ PAINEIS E SPCS	UN	1	L2	Utilização livre depósito INVT	11553,54	11553,54
GA05	5M-01-02B	401754	UNIDADE PROTEÇÃO DIG 1A/5A 60HZ F650	UN	6	L2	Utilização livre depósito INVT	12318,05	73908,3
GA05	5M-01-02B	402508	MEDIDOR ION8650	UN	1	L2	Utilização livre depósito INVT	13200	13200
GA05	5M-01-02B	402809	MULTIMEDIDOR GRAND ELETR CC/AC 24-250VCC	UN	1	L2	Utilização livre depósito INVT	10200	10200
GA05	5M-01-02B	405265	MEDIDOR DE ENERGIA ION 7400	UN	1	L2	Utilização livre depósito INVT	65912,23	65912,23
GA05	5M-01-02C	110277	CONVERSOR INTERNET RMC40-48-ML00-XX	UN	4	F3	Utilização livre depósito CUST	2557,5	10230
GA05	5M-01-02C	401343	MEDIDOR ENERGIA MULTIPROCES NEXUS 1262	UN	1	L2	Utilização livre depósito INVT	10994,86	10994,86
GA05	5M-01-02C	402851	RELE CONTROLE BAY COM PROT MICOM C264P	UN	1	L2	Utilização livre depósito INVT	33814,05	33814,05
GA05	5M-01-02C	403674	ABRACADEIRA PA 765X8,8MM	UN	57	L2	Utilização livre depósito INVT	1,86	106,02
GA05	5M-01-02D	402482	RELE MICROP 110/220V IMRK002800 AC 0448	UN	1	L2	Utilização livre depósito INVT	42736,66	42736,66
GA05	5M-01-02D	402486	RELE PROT E COMANDO DE LINHA  SEL311L	UN	3	L2	Utilização livre depósito INVT	71434,79	214304,37
GA05	5M-01-02D	402531	RELE MICROP 110/220V IMRK002800 AC 0446	UN	1	L2	Utilização livre depósito INVT	40841,01	40841,01
GA05	5M-01-03B	110463	TECLADO ABNT2 MOUSE OPTICO USB GEN	UN	1	F3	Utilização livre depósito CUST	675,9	675,9
GA05	5M-01-03B	401177	SWITCH GER GRS11308T8ZTM9V9HHSE2SXXXXX	UN	1	L2	Utilização livre depósito INVT	13200	13200
GA05	5M-01-03B	401705	SWITCH COMUM 100P 10/100/1000BPS	UN	1	L2	Utilização livre depósito INVT	26206,81	26206,81
GA05	5M-01-03B	402180	SWITCH GER 19P 88 300VDC 85~264 VAC	UN	4	L2	Utilização livre depósito INVT	5615,06	22460,24
GA05	5M-01-03B	402603	RELE AUXILIAR DISJ RF-4125VCC ARTECHE	UN	21	L2	Utilização livre depósito INVT	3924,6	82416,6
GA05	5M-01-03B	402613	SOBRESSALENTE RELE PROT DIF TRAFO	UN	1	L2	Utilização livre depósito INVT	25924,55	25924,55
GA05	5M-01-03B	402899	SWITCH ETHERN GER 110-250VDC/100-240VAC	UN	1	L2	Utilização livre depósito INVT	23235,2	23235,2
GA05	5M-01-03B	404549	RELE DE PROTECAO DE TRANSFORMADOR	UN	2	L2	Utilização livre depósito INVT	65912,23	131824,46
GA05	5M-01-03C	400674	BLOCO TESTE C/4 CONT SECC P991	UN	10	L2	Utilização livre depósito INVT	2186,06	21860,6
GA05	5M-01-03C	401261	ROTEADOR 2P+8P 125VCC/ 100-240VCA	UN	1	L2	Utilização livre depósito INVT	26477,82	26477,82
GA05	5M-01-03C	402369	ROTEADOR 1P 10MBPS 110/220V	UN	2	L2	Utilização livre depósito INVT	2565,25	5130,5
GA05	5M-01-03C	402568	MODULO DE PROCESSAMENTO P/ RDP	UN	1	L2	Utilização livre depósito INVT	14002,83	14002,83
GA05	5M-01-03D	408338	RELE SOBRECOR SIPROTEC 7SJ82-P1J40424	UN	9	L2	Utilização livre depósito INVT	23011,84	207106,56
GA05	5M-01-03D	408339	RELE SOBRECOR SIPROTEC 7SJ85-P1J1271843	UN	2	L2	Utilização livre depósito INVT	38707,96	77415,92
GA05	5M-01-03D	408340	RELE DIFERENC SIPROTEC 7UT85-P1F407090	UN	1	L2	Utilização livre depósito INVT	41134,92	41134,92
GA05	5M-01-04B	400297	SOBRESSAL VENTILADOR CARREGADOR-RETIF	UN	2	L2	Utilização livre depósito INVT	56,21	112,42
GA05	5M-01-04B	401301	SWITCH ETH GER 110/250VDC 100/240VAC 8P	UN	1	L2	Utilização livre depósito INVT	19526,08	19526,08
GA05	5M-01-04B	402439	SWITCH ETH GER 110/250VDC 100/240VAC 16P	UN	1	L2	Utilização livre depósito INVT	21225,21	21225,21
GA05	5M-01-04B	403902	RELOGIO SINC SATEL RT43033NNC08A231	UN	1	L2	Utilização livre depósito INVT	11307,36	11307,36
GA05	5M-01-04B	404745	CHAVE FIM DE  CURSO METALTEX FM 1307	UN	109	L2	Utilização livre depósito INVT	50,16	5467,44
GA05	5M-01-04B	405258	SOBRESS. PORTA-FUSIVEL C/ ELO DO BANCO	UN	6	L2	Utilização livre depósito INVT	244,68	1468,08
GA05	5M-01-04B	406417	CARTAO ELET IHM GRAFICA CPU	UN	1	L2	Utilização livre depósito INVT	856,08	856,08
GA05	5M-01-04B	406418	CARTAO ELET IHM GRAFICA FONTE	UN	1	L2	Utilização livre depósito INVT	729,46	729,46
GA05	5M-01-04B	406419	TERMOSTATO TLZ 520 / TRS-A NF / TRS1-A	UN	1	L2	Utilização livre depósito INVT	126,51	126,51
GA05	5M-01-04B	406420	CALEFATOR 50W 220V	UN	1	L2	Utilização livre depósito INVT	155,17	155,17
GA05	5M-01-04B	406421	DISJUNTOR BIPOLAR 25A C 3KA 220V	UN	1	L2	Utilização livre depósito INVT	70,88	70,88
GA05	5M-01-04B	406422	DISJUNTOR MONOPOLAR 20A	UN	1	L2	Utilização livre depósito INVT	13,93	13,93
GA05	5M-01-04B	406423	DISJUNTOR MONOPOLAR 16A C	UN	1	L2	Utilização livre depósito INVT	34,24	34,24
GA05	5M-01-04B	406424	DISJUNTOR MONOPOLAR 10A	UN	1	L2	Utilização livre depósito INVT	13,93	13,93
GA05	5M-01-04B	406425	FUSIVEL DE VIDRO 5X20MM 6A	UN	5	L2	Utilização livre depósito INVT	2,12	10,6
GA05	5M-01-04B	406426	FUSIVEL DE VIDRO 5X20MM 2A	UN	5	L2	Utilização livre depósito INVT	2,12	10,6
GA05	5M-01-04B	406427	FUSIVEL DE VIDRO 5X20MM 150MA	UN	1	L2	Utilização livre depósito INVT	2,12	2,12
GA05	5M-01-04B	406428	UR PARALELO CHAVEADO 125VCC 22A	UN	1	L2	Utilização livre depósito INVT	4625,32	4625,32
GA05	5M-01-04B	801455	RELE AUXILIAR 110-125VCC 1NA+4REVER	UN	3	F3	Utilização livre depósito CUST	327,92	983,76
GA05	5M-01-04B	801645	RELE DIG SUPERVISOR 85-265V 4-20MA	UN	4	F3	Utilização livre depósito CUST	0,5	2
GA05	5M-01-04B	802032	RELE AUXILIAR 12VCC 1A SCHRACK	UN	25	F3	Utilização livre depósito CUST	21,96	549
GA05	5M-01-04B	803169	RELE SINCRONISMO SPAU140C ABB	UN	1	F3	Utilização livre depósito CUST	2620	2620
GA05	5M-01-04B	803170	RELE SIEMENS 7SJ60054EA000DAO/BB	UN	1	F3	Utilização livre depósito CUST	1500	1500
GA05	5M-01-04C	405358	RELE DE PROTECAO DE LINHA	UN	2	L2	Utilização livre depósito INVT	87394,91	174789,82
GA05	5M-01-04C	409253	RELE PROTECAO RETAGUARDA	UN	2	L2	Utilização livre depósito INVT	41317,43	82634,86
GA05	5M-01-04C	409581	RELE INGETEAM BANCO DE CAPACITORES	UN	1	L2	Utilização livre depósito INVT	42091,13	42091,13
GA05	5M-01-04D	409250	RELE DE PROTECAO PRINCIPAL	UN	2	L2	Utilização livre depósito INVT	39189,74	78379,48
GA05	5M-01-04D	409251	RELE PROTECAO RETAGUARDA	UN	2	L2	Utilização livre depósito INVT	48474,18	96948,36
GA05	5M-01-04D	409252	RELE PROTECAO PRINCIPAL DE DISTANCIA	UN	2	L2	Utilização livre depósito INVT	60466,59	120933,18
GA05	5M-02-01B	403605	RESISTOR AQUEC 3000OHM 30W	UN	4	L2	Utilização livre depósito INVT	423,12	1692,48
GA05	5M-02-01B	403677	BORNE UDK 4 MTK-P/P	UN	503	L2	Utilização livre depósito INVT	17,6	8852,8
GA05	5M-02-01B	805465	SOBRESSALENTE KIT COMP ENCHIM SF6 220V	UN	2	F3	Utilização livre depósito CUST	2231,81	4463,62
GA05	5M-02-01C	400397	BOBINA ABERT DISJ 145KV	UN	2	L2	Utilização livre depósito INVT	1871,6	3743,2
GA05	5M-02-01C	401016	RESISTENCIA AQUEC P/CHAVE SEC 145KV S/LT	UN	1	L2	Utilização livre depósito INVT	585,07	585,07
GA05	5M-02-01C	401700	RELE SUBTENSAO QUADRO QSACA 380VCA	UN	1	L2	Utilização livre depósito INVT	17992,47	17992,47
GA05	5M-02-01C	402541	RELE DISPARO RXR4 ULT RAP 4NAF 125VDC 8A	UN	8	L2	Utilização livre depósito INVT	680,48	5443,84
GA05	5M-02-01C	402859	SOBRESSALENTE RELE SUP TRIF 3UG45121BR20	UN	2	L2	Utilização livre depósito INVT	609	1218
GA05	5M-02-01C	403742	RELE AUXILIAR BJ-8	UN	3	L2	Utilização livre depósito INVT	730,33	2190,99
GA05	5M-02-01D	402477	RELE CONTATOR CF4 4NAF 125VDC 10A	UN	5	L2	Utilização livre depósito INVT	1012,59	5062,95
GA05	5M-02-01D	402481	RELE REGULADOR TENSAO AVR	UN	1	L2	Utilização livre depósito INVT	1389,58	1389,58
GA05	5M-02-01D	404181	RELE ACOPLAMENTO 250V 125VCC	UN	2	L2	Utilização livre depósito INVT	75,04	150,08
GA05	5M-02-02A	402836	SOBRESSALENTE CJ COMP ANEL VED	UN	4	L2	Utilização livre depósito INVT	2115,12	8460,48
GA05	5M-02-02A	403599	CORREIA VENTILADOR RESFRIAMENTO380/220V	UN	2	L2	Utilização livre depósito INVT	496,98	993,96
GA05	5M-02-02A	403623	MANGUEIRA BLOCO RADIADOR	UN	1	L2	Utilização livre depósito INVT	59,64	59,64
GA05	5M-02-02A	403708	JOGO JUNTAS R363/M139	UN	10	L2	Utilização livre depósito INVT	496,98	4969,8
GA05	5M-02-02A	403795	ANEL O 25X3MM	UN	10	L2	Utilização livre depósito INVT	496,98	4969,8
GA05	5M-02-02A	403825	ANILHA CONDUTOR 1,5-4,0MM2 LETRA A	UN	2200	L2	Utilização livre depósito INVT	0,02	44
GA05	5M-02-02B	401276	PENTE TESTE CORRENTE 20A 300VAC	UN	3	L2	Utilização livre depósito INVT	2411,19	7233,57
GA05	5M-02-02B	402261	BLOCO AFERICAO RTXP18	UN	1	L2	Utilização livre depósito INVT	1356,46	1356,46
GA05	5M-02-02B	402780	MEDIDOR DIGITAL MOD MICR 2P SER M232 GE	UN	1	L2	Utilização livre depósito INVT	3292,46	3292,46
GA05	5M-02-02B	403575	BORNE P/ CONEXAO OLHAL 800V 41A	UN	50	L2	Utilização livre depósito INVT	9,79	489,5
GA05	5M-02-02B	403636	BORNE PASSAGEM 800V 41A	UN	150	L2	Utilização livre depósito INVT	3,79	568,5
GA05	5M-02-02B	403669	BORNE SECC 1000V 41A	UN	25	L2	Utilização livre depósito INVT	35,62	890,5
GA05	5M-02-02B	403796	BORNE PASSAGEM 500V 32A	UN	50	L2	Utilização livre depósito INVT	20,35	1017,5
GA05	5M-02-02C	400389	BASE FN-DE RELE 4NAF FRONT IP-10	UN	5	L2	Utilização livre depósito INVT	229,06	1145,3
GA05	5M-02-02C	402539	RELE CONTATOR BF4 4NAF 125VDC 10A	UN	1	L2	Utilização livre depósito INVT	1750,44	1750,44
GA05	5M-02-02C	402858	RELE SUBTENSAO 125VCC 2NAF 10A	UN	2	L2	Utilização livre depósito INVT	561,9	1123,8
GA05	5M-02-02C	402864	RELE AUXILIAR 110-125VCC 1NA+4REVER	UN	1	L2	Utilização livre depósito INVT	327,92	327,92
GA05	5M-02-02C	403759	SOBRESSAL DISJUNTOR 145KV RELE AUX 125VC	UN	12	L2	Utilização livre depósito INVT	1984,34	23812,08
GA05	5M-02-02C	403760	RELE AUXILIAR RF-4XR	UN	6	L2	Utilização livre depósito INVT	730,33	4381,98
GA05	5M-02-02C	403850	RELE MINIMA TENSAO INSTANT 3F 2NA+NF	UN	1	L2	Utilização livre depósito INVT	1321,99	1321,99
GA05	5M-02-02C	403866	RELE MINIMA 1F 40-250V	UN	1	L2	Utilização livre depósito INVT	876,87	876,87
GA05	5M-02-02D	401114	HIGROSTATO CONTROL TEMP P/CUBICULO 15KV	UN	1	L2	Utilização livre depósito INVT	651,01	651,01
GA05	5M-02-02D	402281	MINI DISJUNTOR 3P 6A 230/400VCA C	UN	1	L2	Utilização livre depósito INVT	424,8	424,8
GA05	5M-02-02D	805466	RESISTOR AQUECIMENTO P/CUBICULO 15KV	UN	2	F3	Utilização livre depósito CUST	125,06	250,12
GA05	5M-02-02E	401012	RELE TEMPO P/CUBICULO 15KV	UN	1	L2	Utilização livre depósito INVT	455,5	455,5
GA05	5M-02-02E	401583	LAMPADA SINALIZACAO P/CUBICULO 15KV	UN	2	L2	Utilização livre depósito INVT	37,6	75,2
GA05	5M-02-02E	402857	RELE INTERFACE MODULAR 220VCA 30,31	UN	1	L2	Utilização livre depósito INVT	177,21	177,21
GA05	5M-02-02E	403746	RELE INTERFACE MODULAR 10A 1NAF 220VCA	UN	1	L2	Utilização livre depósito INVT	1893,72	1893,72
GA05	5M-02-02E	403757	MANGUEIRA RADIADOR AGUA VALVULA TERMO	UN	1	L2	Utilização livre depósito INVT	79,52	79,52
GA05	5M-02-02E	403758	RELE DE SUBTENSAO P/CUBICULO 15KV	UN	1	L2	Utilização livre depósito INVT	417,94	417,94
GA05	5M-02-02E	403937	TERMOSTATO P/CUBICULOS 15KV	UN	2	L2	Utilização livre depósito INVT	140,53	281,06
GA05	5M-02-03A	110261	DISJUNTOR 1F 10A 5SX21107 230/400V	UN	6	F3	Utilização livre depósito CUST	95,32	571,92
GA05	5M-02-03A	401054	CONTATO AUXIL S2C-H11L MINIDISJUNTOR ABB	UN	13	L2	Utilização livre depósito INVT	730,33	9494,29
GA05	5M-02-03A	401488	CONTATO AUXILIAR 5A 100KA 240V IP20	UN	40	L2	Utilização livre depósito INVT	61,58	2463,2
GA05	5M-02-03A	402418	CONTATO AUXILIAR DO MINIDISJUNTOR 1NAF	UN	20	L2	Utilização livre depósito INVT	91,71	1834,2
GA05	5M-02-03A	805218	CONTATO AUXILIAR DO MINIDISJUNTOR 1NAF	UN	18	F3	Utilização livre depósito CUST	91,71	1650,78
GA05	5M-02-03B	110383	SINALEIRO LED AM 220V 22MM	UN	5	F3	Utilização livre depósito CUST	59,64	298,2
GA05	5M-02-03B	110441	SINALEIRO VM 125VCC 22,5MM	UN	1	L2	Utilização livre depósito INVT	37,17	37,17
GA05	5M-02-03B	403065	LEDS SINALIZACAO	UN	4	L2	Utilização livre depósito INVT	865,61	3462,44
GA05	5M-02-03B	403624	SINALEIRO VERDE 125VCC	UN	1	L2	Utilização livre depósito INVT	26,62	26,62
GA05	5M-02-03B	403734	MOTOR- TERMOSTATO	UN	1	L2	Utilização livre depósito INVT	198,79	198,79
GA05	5M-02-03B	403787	SINALEIRO AM BLOCO LAMP 125VCC 22,5MM	UN	1	L2	Utilização livre depósito INVT	26,62	26,62
GA05	5M-02-03B	403810	SINALEIRO AMARELO 125VCC 22,5MM	UN	3	L2	Utilização livre depósito INVT	1018,08	3054,24
GA05	5M-02-03B	403815	SINALEIRO C/LED 125VCC VD 22MM	UN	2	L2	Utilização livre depósito INVT	1508,54	3017,08
GA05	5M-02-03B	801144	SINALEIRO VM 125VCC	UN	1	F3	Utilização livre depósito CUST	26,62	26,62
GA05	5M-02-03C	110233	SINALEIRO LED VM 12V 22MM	UN	5	F3	Utilização livre depósito CUST	59,64	298,2
GA05	5M-02-03C	110239	SINALEIRO LED VD 12V 22MM	UN	5	F3	Utilização livre depósito CUST	59,64	298,2
GA05	5M-02-03C	110345	SINALEIRO LED AM 12V 22MM	UN	5	F3	Utilização livre depósito CUST	59,64	298,2
GA05	5M-02-03C	401960	TRAFO CRTE 400-5A 0,6C	UN	1	L2	Utilização livre depósito INVT	3602,07	3602,07
GA05	5M-02-03C	403690	ALTERNADOR REGUL MOTOR DIES GER 380/220V	UN	1	L2	Utilização livre depósito INVT	993,96	993,96
GA05	5M-02-03C	403745	SINALEIRO C/LED 125VCC VM 22MM	UN	2	L2	Utilização livre depósito INVT	1508,54	3017,08
GA05	5M-02-03C	403753	MODULO ACION MOTOR 110-130V P/NSX 630A	UN	1	L2	Utilização livre depósito INVT	2407,22	2407,22
GA05	5M-02-03C	403932	TRANSDUTOR TENSAO 150V 4-20MA 125VCC	UN	1	L2	Utilização livre depósito INVT	723,59	723,59
GA05	5M-02-03C	403941	RESISTOR AQUEC 150W 220VCA	UN	1	L2	Utilização livre depósito INVT	124,29	124,29
GA05	5M-02-03D	402661	CHAVE AFERICAO KEY-S 050.	UN	1	L2	Utilização livre depósito INVT	0,01	0,01
GA05	5M-02-03D	403748	RESISTOR AQUEC 150W 110/220V	UN	1	L2	Utilização livre depósito INVT	83,28	83,28
GA05	5M-02-03D	403922	RESISTENCIA AQUECIMENTO 380/220V	UN	1	L2	Utilização livre depósito INVT	496,98	496,98
GA05	5M-02-03D	805467	CHAVE ELETRICA SELETORA ROTATIVA 3P 12A	UN	14	F3	Utilização livre depósito CUST	51,22	717,08
GA05	5M-02-03E	400429	BLOCO TESTE P991	UN	1	L2	Utilização livre depósito INVT	730,33	730,33
GA05	5M-02-03E	403680	BLOCO AUX 1NA+1NF 5SX9100	UN	42	L2	Utilização livre depósito INVT	1042,06	43766,52
GA05	5M-02-03E	403762	RESISTENCIA AQUECIMENTO 150W 220V	UN	16	L2	Utilização livre depósito INVT	301,77	4828,32
GA05	5M-02-03E	403835	FILTRO BLINDADO OLEO LUBRIFICANTE	UN	6	L2	Utilização livre depósito INVT	119,27	715,62
GA05	5M-02-03F	400391	BLOCO TESTE 14 CONT TENSAO/TENSAO P991	UN	7	L2	Utilização livre depósito INVT	2186,06	15302,42
GA05	5M-02-03F	400698	BLOCO TESTE P991 89 89 89 22 22 11 11	UN	3	L2	Utilização livre depósito INVT	730,33	2190,99
GA05	5M-02-03F	401458	BLOCO TESTE P991 89 89 89 89 22 22 11	UN	2	L2	Utilização livre depósito INVT	730,33	1460,66
GA05	5M-02-04A	400926	MINI DISJUNTOR TERM 2P 16A 220/600VCA	UN	13	L2	Utilização livre depósito INVT	68,75	893,75
GA05	5M-02-04A	401112	MINI DISJUNTOR 2P 25A 125VCC/8KA	UN	1	L2	Utilização livre depósito INVT	372,4	372,4
GA05	5M-02-04A	401225	MINIDISJUNTOR TERMOMAG P/SECC 145KV S/LT	UN	1	L2	Utilização livre depósito INVT	3510,48	3510,48
GA05	5M-02-04A	401534	MINI DISJUNTOR 1P 32A 230/127VCA C	UN	1	L2	Utilização livre depósito INVT	744,26	744,26
GA05	5M-02-04A	402379	MINI DISJUNTOR 2P 20A 125VCC/8KA	UN	1	L2	Utilização livre depósito INVT	372,4	372,4
GA05	5M-02-04B	110086	DISJUNTOR 1P 10A 230/400VCA CURVA C	UN	2	F3	Utilização livre depósito CUST	28,92	57,84
GA05	5M-02-04B	110258	DISJUNTOR 2P 10A 400VCA CURVA C	UN	6	L2	Utilização livre depósito INVT	48,71	292,26
GA05	5M-02-04B	110494	DISJUNTOR 1P 16A 230/400VCA CURVA C	UN	3	F3	Utilização livre depósito CUST	30,16	90,48
GA05	5M-02-04B	400939	MINI DISJUNTOR 2P 10A 380/220VCA 12KA	UN	2	L2	Utilização livre depósito INVT	138,44	276,88
GA05	5M-02-04B	401109	MINI DISJUNTOR 2P 6A 125VCC/8KA	UN	1	L2	Utilização livre depósito INVT	372,4	372,4
GA05	5M-02-04B	401207	MINIDISJUNTOR TERMOMAG P/DISJ 145KV	UN	2	L2	Utilização livre depósito INVT	10750,88	21501,76
GA05	5M-02-04B	401348	MINI DISJUNTOR 1P 10A 230/127VCA C	UN	1	L2	Utilização livre depósito INVT	744,26	744,26
GA05	5M-02-04B	401565	MINI DISJUNTOR 2P 10A 125VCC/8KA	UN	1	L2	Utilização livre depósito INVT	372,4	372,4
GA05	5M-02-04B	401567	MINI DISJUNTOR 3P 25A 230/400VCA C	UN	1	L2	Utilização livre depósito INVT	744,26	744,26
GA05	5M-02-04B	402430	MINI DISJUNTOR 3P 50A 230/400VCA C	UN	1	L2	Utilização livre depósito INVT	744,26	744,26
GA05	5M-02-04B	407046	CONTACTOR AUXILIAR 2NA/2NF 220V	PEÇ	2	L2	Utilização livre depósito INVT	9589,68	19179,36
GA05	5M-02-04C	401367	TERMOSTATO CON TEMP P/GRUPO MOT DIES GER	UN	1	L2	Utilização livre depósito INVT	795,17	795,17
GA05	5M-02-04C	402130	HIGROSTATO - SOBRESSALENTE	UN	2	L2	Utilização livre depósito INVT	135,04	270,08
GA05	5M-02-04C	402889	TERMOSTATO COMPACTO TIPO KTO 011	UN	22	L2	Utilização livre depósito INVT	36,02	792,44
GA05	5M-02-04C	403920	TERMOSTATO 0-60G 230VAC	UN	1	L2	Utilização livre depósito INVT	110,87	110,87
GA05	5M-02-04C	403936	TERMOSTATO P/ DISJ DO QSACA/CC 250VCA	UN	6	L2	Utilização livre depósito INVT	361,95	2171,7
GA05	5M-02-04C	403969	TERMOSTATO PARA CALEFATOR 0-60GC 1NF	UN	1	L2	Utilização livre depósito INVT	191,83	191,83
GA05	5M-02-04D	401720	PENTE TESTE PARA BLOCO TESTE 6422120G4	UN	1	L2	Utilização livre depósito INVT	2219,81	2219,81
GA05	5M-02-04D	402544	RELE AUXILIAR 125VCC 20A RK223067AP ABB	UN	4	L2	Utilização livre depósito INVT	2307,61	9230,44
GA05	5M-02-04D	403953	RELE RAP 14.9.125.0000NDIG 125VDC FINDER	UN	9	L2	Utilização livre depósito INVT	64,36	579,24
GA05	5M-02-04D	404577	PENTE DE TESTES P/ PAINEIS E SPCS	UN	1	L2	Utilização livre depósito INVT	2835,23	2835,23
GA05	5M-02-04E	401745	MINI DISJUNTOR TERM 2P 16A 125/600VCA	UN	13	L2	Utilização livre depósito INVT	63	819
GA05	5M-02-04E	402008	MINI DISJUNTOR TERM 1P 16A 220/600VCA	UN	21	L2	Utilização livre depósito INVT	22,7	476,7
GA05	5M-02-04E	402270	MINI DISJUNTOR TERMOM 3P 10A 380V 15KA	UN	11	L2	Utilização livre depósito INVT	96,05	1056,55
GA05	5M-02-04F	110476	CONVERSOR ELETRO OPT RT412 REASON	UN	2	F3	Utilização livre depósito CUST	1992,38	3984,76
GA05	5M-02-04F	400403	BLOCO TESTE 10P COR 2P RK926315	UN	1	L2	Utilização livre depósito INVT	1933,47	1933,47
GA05	5M-02-04F	401222	MINIDISJUNTOR TERMOMAG P/QD SERV AUX CA	UN	9	L2	Utilização livre depósito INVT	1225,5	11029,5
GA05	5M-02-04F	403664	CABO OPTICO 62,5/125 MICRONS MULTIMODO	UN	1	L2	Utilização livre depósito INVT	73,03	73,03
GA05	5M-02-05A	401862	MOTOR DISJUNTOR P/GRUPO MOTOR DIES GER	UN	1	L2	Utilização livre depósito INVT	1987,92	1987,92
GA05	5M-02-05B	110140	DISJUNTOR MOT MPW253DO25 1,62, 5A	UN	2	F3	Utilização livre depósito CUST	0,94	1,88
GA05	5M-02-05B	401924	MINI DISJUNTOR 2P 6A	UN	2	L2	Utilização livre depósito INVT	77,7	155,4
GA05	5M-02-05B	402270	MINI DISJUNTOR TERMOM 3P 10A 380V 15KA	UN	2	L2	Utilização livre depósito INVT	96,05	192,1
GA05	5M-02-05B	403132	MINIDISJUNTOR 1P 10A	UN	2	L2	Utilização livre depósito INVT	44,4	88,8
GA05	5M-02-05B	406423	DISJUNTOR MONOPOLAR 16A C	UN	2	L2	Utilização livre depósito INVT	34,24	68,48
GA05	5M-02-05B	409007	BLOCO CONTATO AZ ACBS-11	UN	2	L2	Utilização livre depósito INVT	31,08	62,16
GA05	5M-02-05B	409008	BLOCO CONTATO MDWH BC1-1	UN	2	L2	Utilização livre depósito INVT	44,4	88,8
GA05	5M-02-05B	409013	DISJUNTOR MOTOR P/ TRAFO DE FORÇA	UN	1	L2	Utilização livre depósito INVT	166,5	166,5
GA05	5M-02-05B	409016	MINICONTADOR AZ 10A	UN	2	L2	Utilização livre depósito INVT	77,7	155,4
GA05	5M-02-05B	409017	RELE SUB/SOBRETENSAO 15-500VCA/CC	UN	2	L2	Utilização livre depósito INVT	888	1776
GA05	5M-02-05B	409018	RELE SUB/SOBRETENSAO 304-576VCA	UN	1	L2	Utilização livre depósito INVT	832,5	832,5
GA05	5M-02-05C	403692	BORNE SEPARACAO 630V 16A	UN	1	L2	Utilização livre depósito INVT	11,17	11,17
GA05	5M-02-05C	409015	MINICONTADOR AZ 9A	UN	2	L2	Utilização livre depósito INVT	77,7	155,4
GA05	5M-02-05C	409019	RESISTOR POT 100W 6,45 KOHM	UN	6	L2	Utilização livre depósito INVT	832,5	4995
GA05	5M-02-05C	805468	MOTORIZACAO DISJUNTOR 110/125VCC	UN	1	F3	Utilização livre depósito CUST	1186,89	1186,89
GA05	5M-02-05E	402574	RELE AUXILIAR 125VCC 4NA RK216063AP/ABB	UN	2	L2	Utilização livre depósito INVT	1842,39	3684,78
GA05	5M-02-06A	403631	SOBRESSALENTE DISJ 145KV RESIS AQUEC	UN	2	L2	Utilização livre depósito INVT	609,89	1219,78
GA05	5M-02-06A	403632	SOBRESSALENTE DISJ 145KV RESISTOR AQUEC	UN	1	L2	Utilização livre depósito INVT	302,23	302,23
GA05	5M-02-06A	403776	SOBRESSAL DISJUNTOR 145KV TERMOSTATO	UN	2	L2	Utilização livre depósito INVT	434,62	869,24
GA05	5M-02-06A	403805	SOBRESSALENTE CUBIC 15KV RELE AUX	UN	3	L2	Utilização livre depósito INVT	289,57	868,71
GA05	5M-02-06A	805464	SOBRESSALENTE CUBIC 15KV BOB ABERT DISJ	UN	3	F3	Utilização livre depósito CUST	443,01	1329,03
GA05	5M-02-06B	403766	SOBRESSALENTE CUBIC 15KV PARA-R ZNO 12KV	UN	3	L2	Utilização livre depósito INVT	1845,83	5537,49
GA05	5M-02-06B	403798	SOBRESSALENTE 15KV SINALEIRO VERMELHO	UN	12	L2	Utilização livre depósito INVT	34,06	408,72
GA05	5M-02-06B	403799	SOBRESSALENTE DISJ 145KV DENSIMETRO	UN	3	L2	Utilização livre depósito INVT	2231,74	6695,22
GA05	5M-02-06C	403608	SOBRESSALENTE DISJ 145KV TERMOSTATO	UN	1	L2	Utilização livre depósito INVT	589,55	589,55
GA05	5M-02-06C	403619	SOBRESSALENTE MINIDISJ BIPOLAR S202-C10	UN	8	L2	Utilização livre depósito INVT	931,88	7455,04
GA05	5M-02-06C	403764	SOBRESSALENTE DISJ MINIDISJ MONOP	UN	1	L2	Utilização livre depósito INVT	572,84	572,84
GA05	5M-02-06C	403806	SOBRESSALENTE DISJ MINIDISJ BIPOLAR	UN	3	L2	Utilização livre depósito INVT	991,77	2975,31
GA05	5M-02-06C	403811	SOBRESSALENTE MINIDISJ MONOP S201-K4	UN	4	L2	Utilização livre depósito INVT	1084,81	4339,24
GA05	5M-02-06C	403898	SOBRESSALENTE DISJ 145KV KIT SF6	UN	1	L2	Utilização livre depósito INVT	3458,01	3458,01
GA05	5M-02-06C	403930	SOBRESSALENTE CUBIC 15KV BOBINA FECHAM	UN	3	L2	Utilização livre depósito INVT	661,59	1984,77
GA05	5M-02-06C	403949	SOBRESSALENTE DISJ 145KV BOBINA FECHAM	UN	2	L2	Utilização livre depósito INVT	1598,27	3196,54
GA05	5M-02-06C	403986	SOBRESSAL DISJUNTOR 145KV BOBINA FECHAM	UN	1	L2	Utilização livre depósito INVT	1229,45	1229,45
GA05	5M-02-06D	405424	CARGA SILICA-GEL	UN	64	L2	Utilização livre depósito INVT	88,8	5683,2
GA05	PATIO INTERNO	400045	TRAFO CRTE 15KV 1200-1600A 10B400	UN	5	L2	Utilização livre depósito INVT	14997,2	74986
GA05	PATIO INTERNO	400083	TRAFO CRTE 15KV 600/1200-5-5A 110KV	UN	1	L2	Utilização livre depósito INVT	8000	8000
GA05	PATIO INTERNO	400258	TRAFO CRTE 72,5KV 2000-5A 2X0,3C50	UN	19	L2	Utilização livre depósito INVT	12553,07	238508,33
GA05	PATIO INTERNO	401281	TRAFO CRTE 15KV 40-60A	UN	1	L2	Utilização livre depósito INVT	14997,2	14997,2
GA05	PATIO INTERNO	401373	TRAFO CRTE 0,6KV 1200-5A	UN	3	L2	Utilização livre depósito INVT	10000	30000
GA05	PATIO INTERNO	401688	TRAFO POT 115/RZ3-115V	UN	1	L2	Utilização livre depósito INVT	20309,7	20309,7
GA05	PATIO INTERNO	401898	DISJUNTOR 3P 72,5KV, 2000A, 31,5KA, GAS	UN	4	L2	Utilização livre depósito INVT	45998,77	183995,08
GA05	PATIO INTERNO	402018	CHAVE SEC 3P 15KV 600A 25KA	UN	3	L2	Utilização livre depósito INVT	20399,02	61197,06
GA05	PATIO INTERNO	402465	TRAFO DE POTENCIAL 0,6KV	UN	1	L2	Utilização livre depósito INVT	1935	1935
GA05	PATIO INTERNO	402560	ISOLADOR DISCO ANTICORONA 80KV 12000KG	UN	100	L2	Utilização livre depósito INVT	101,29	10129
GA05	PATIO INTERNO	402581	TRAFO POT IND 72,5 KV 600:1; 69/?3/115	UN	13	L2	Utilização livre depósito INVT	7784,15	101193,95
GA05	PATIO INTERNO	405261	CAPACITOR 1F 350KVAR 8,66KV MANUAL	UN	27	L2	Utilização livre depósito INVT	5143,46	138873,42
GA05	PATIO INTERNO	409009	BUCHA CONDENSIVA 650 KV 1.600A POLIMER	UN	1	L2	Utilização livre depósito INVT	50172	50172
GA06	LONADO	110147	ESCADA FBV EXT 6,10X10,80M 35DEG 26KG	UN	1	F3	Utilização livre depósito CUST	1406,48	1406,48
GA06	LONADO	110195	ESCADA FBV EXT 5,10X9,00M 29DEG 30KG	UN	28	F3	Utilização livre depósito CUST	1125,11	31503,08
GA06	LONADO	400304	CUBICULO 15KV SERV AUX TSA1/TSA2 400A EX	UN	1	L2	Utilização livre depósito INVT	54365	54365
GA06	LONADO	400325	CABO COMANDO/CONTR 2X6MM2 0,6/1KV SBE	M	125	L2	Utilização livre depósito INVT	15,95	1993,75
GA06	LONADO	400427	CAPACITOR 1F 350KVAR 8,66KV AUTOM	UN	64	L2	Utilização livre depósito INVT	4016,33	257045,12
GA06	LONADO	400691	CABO COMANDO/CONTR 12X1,5MM2 0,6/1KV SBE	M	35	L2	Utilização livre depósito INVT	28,62	1001,7
GA06	LONADO	400716	CABO COMANDO/CONTR 2X4MM2 0,6/1KV SBE	M	1595	L2	Utilização livre depósito INVT	16,02	25551,9
GA06	LONADO	401076	CUBICULO EXT 15KV 110KV 20kA 700A 1600A	UN	2	L2	Utilização livre depósito INVT	298550,99	597101,98
GA06	LONADO	401304	PARA-RAIO POLIM EST ZNO 120KV 10KA	UN	6	L2	Utilização livre depósito INVT	12846,96	77081,76
GA06	LONADO	401817	CABO ELET CU 4X6MM2 0,6/1KV SBE	M	45	L2	Utilização livre depósito INVT	37,74	1698,3
GA06	LONADO	402047	TRAFO CRTE TPY 145 KV NB 650KV 40KA	UN	18	L2	Utilização livre depósito INVT	32958,12	593246,16
GA06	LONADO	402350	CABO COMANDO/CONTR 4X4MM2 0,6/1KV SBE	M	20	L2	Utilização livre depósito INVT	14,26	285,2
GA06	LONADO	403103	BUCHA CONDENSIVA POLIMERICA 138KV 1250A	UN	1	L2	Utilização livre depósito INVT	234188,21	234188,21
GA06	LONADO	403793	TRAFO POT IND 145KV 650KV 2X0,6P75	UN	15	L2	Utilização livre depósito INVT	25372,38	380585,7
GA06	LONADO	403797	BANCO DE CAPACITOR 3F 15KV 3,6MVAR FIXO	UN	7	L2	Utilização livre depósito INVT	160365,16	1122556,12
GA06	LONADO	403856	CHAVE SECC 3P VACUO 15KV 400A	UN	1	L2	Utilização livre depósito INVT	0,01	0,01
GA06	LONADO	405258	SOBRESS. PORTA-FUSIVEL C/ ELO DO BANCO	UN	10	L2	Utilização livre depósito INVT	244,68	2446,8
GA06	LONADO	405261	CAPACITOR 1F 350KVAR 8,66KV MANUAL	UN	8	L2	Utilização livre depósito INVT	5143,46	41147,68
GA06	LONADO	409797	REATOR P/ BANCO CAP. 15KV 4,2MVAR 400A	UN	9	L2	Utilização livre depósito INVT	3669,91	33029,19
GA06	LONADO	409798	CAIXA DE COMANDO ELN MOD 4,2 MVAR	UN	2	L2	Utilização livre depósito INVT	5715,4	11430,8
GA06	LONADO	409799	MAT P/MONT BANCO CAPACITOR 15KV 4,2MVAR	UN	1	L2	Utilização livre depósito INVT	38849,29	38849,29
GA06	LONADO	804736	ESCADAS SINGELA ATE 4,0M, 12 DEGRAUS	UN	8	F3	Utilização livre depósito CUST	469,32	3754,56
GA06	LONADO	804743	BANQUETA ISOLANTE 120DAN 40KV	UN	4	F3	Utilização livre depósito CUST	173,14	692,56
PA01	PATIO01	400177	PAINEL QMFX MEDIÇÃO	UN	1	L2	Utilização livre depósito INVT	2179,27	2179,27
PA01	PATIO01	400256	TRAFO DE FORCA 26,6MVA 3F 72,5-15KV	UN	1	L2	Utilização livre depósito INVT	956959	956959
PA01	PATIO01	400282	TRAFO DE FORCA 15MVA 3F 69-13,8KV	UN	1	L2	Utilização livre depósito INVT	180566,58	180566,58
PA01	PATIO01	400473	CABO  MULT 3X50+1X50MM² XLPE 0,6/1 KV	M	1102	L2	Utilização livre depósito INVT	20,85	22976,7
PA01	PATIO01	400474	CABO  MULT 3X70+1X70 MM² XLPE 0,6/1 KV	M	6073	L2	Utilização livre depósito INVT	27,69	168161,37
PA01	PATIO01	400487	CABO  MULT 3X120+1X120MM² XLPE 0,6/1 KV	M	1770	L2	Utilização livre depósito INVT	57,26	101350,2
PA01	PATIO01	400603	CABO NU CA AL 4/0 AWG 7X4,417MM OXLIP	KG	7060	L2	Utilização livre depósito INVT	28,6	201916
PA01	PATIO01	400708	CABO ELETR 15KV AL PROT XLPE 50MM2 1F MT	M	17373	L2	Utilização livre depósito INVT	6	104238
PA01	PATIO01	400821	CABO ELET 15KV AL PROT XLPE 120MM2 1F MT	M	3519	L2	Utilização livre depósito INVT	13,68	48139,92
PA01	PATIO01	400908	MAO FRANCESA BECO AC 1970MM 45X45X45MM	UN	1943	L2	Utilização livre depósito INVT	88,97	172868,71
PA01	PATIO01	401396	CABO  MULT 3X25+1X25 MM² XLPE 0,6/1 KV	M	345	L2	Utilização livre depósito INVT	9,37	3232,65
PA01	PATIO01	401465	CONECTOR PERF AL 16-120MM2 / 16-120MM2	UN	83	L2	Utilização livre depósito INVT	12,16	1009,28
PA01	PATIO01	401556	CABO ELET SUBAQ EPR 3F 3X50MM2 8,7/15KV	M	1127	L2	Utilização livre depósito INVT	674,03	759631,81
PA01	PATIO01	401568	CONECTOR COMP DER 4/0AWG 3/0-4/0AWG	UN	20	L2	Utilização livre depósito INVT	1,24	24,8
PA01	PATIO01	401791	CABO AL CONCENTRICO 1F 1X10+10MM2	M	220034	L2	Utilização livre depósito INVT	4,44	976950,96
PA01	PATIO01	401823	CORDOALHA AC 6,3MM 1/4P 7F	KG	395	L2	Utilização livre depósito INVT	27,86	11004,7
PA01	PATIO01	402044	TRAFO DE FORCA 40MVA 3F 145-15KV	UN	4	L2	Utilização livre depósito INVT	1567870	6271480
PA01	PATIO01	402318	CABO  MULT 3X120+1X70MM² XLPE 0,6/1 KV	M	2316	L2	Utilização livre depósito INVT	46,46	107601,36
PA01	PATIO01	402397	CABO ELET NU CA 1/0AWG 53,5 MM2 POPPY	KG	1056	L2	Utilização livre depósito INVT	27,35	28881,6
PA01	PATIO01	402587	FITA ISOL EPR 0,76X19MM 10M PT	UN	2	L2	Utilização livre depósito INVT	29,33	58,66
PA01	PATIO01	403579	CABO AL CONCENTRICO 3F 3X35+35MM2	M	29812	L2	Utilização livre depósito INVT	38,6	1150743,2
PA01	PATIO01	403642	CABO AL CONCENTRICO 2F 2X16+16MM2	M	313823	L2	Utilização livre depósito INVT	15,27	4792077,21
PA01	PATIO01	403656	CABO AL CONCENTRICO 3F 3X25+25MM2	M	11511	L2	Utilização livre depósito INVT	24,04	276724,44
PA01	PATIO01	404009	CABO AL CONCENTRICO 1F 1x16+16MM2	M	17292	L2	Utilização livre depósito INVT	5,87	101504,04
PA01	PATIO01	404162	CONJ MEDICAO 15KV; 70:1; 20-5A; USO EXT	UN	2	L2	Utilização livre depósito INVT	35108,55	70217,1
PA01	PATIO01	404166	CONJ MEDICAO 15KV; 70:1; 50-5A; USO EXT	UN	10	L2	Utilização livre depósito INVT	35108,55	351085,5
PA01	PATIO01	404167	CONJ MEDICAO 15KV; 70:1; 75-5A; USO EXT	UN	10	L2	Utilização livre depósito INVT	35108,55	351085,5
PA01	PATIO01	404170	CONJ MEDICAO 15KV; 70:1; 200-5A; USO EXT	UN	2	L2	Utilização livre depósito INVT	35108,55	70217,1
PA01	PATIO01	404972	BRACO TIPO J	UN	18	L2	Utilização livre depósito INVT	486,12	8750,16
PA01	PATIO01	406694	TRAFO DE FORCA 40MVA 3F 69-13,8KV	UN	1	L2	Utilização livre depósito INVT	250000	250000
PA01	PATIO01	407336	CABO ELETR 15KV AL PROT XLPE 70MM2 1F MT	M	1981	L2	Utilização livre depósito INVT	8,15	16145,15
PA01	PATIO01	409688	TRAFO SERV AUX 112,5KVA 13,8KV 380/220V	UN	1	L2	Utilização livre depósito INVT	23289,09	23289,09
PA01	PATIO01	409696	CABO MULT 3X120+1X95MM² XLPE 0,6/1 KV	M	6215	L2	Utilização livre depósito INVT	49,5	307642,5
PA01	PATIO01	409737	CONJ MEDICAO 15KV; 70:1; 400-5A; USO EXT	UN	2	L2	Utilização livre depósito INVT	37295,64	74591,28
PA01	PATIO01	800327	CORDOALHA AC 6,3MM 1/4P 7F	KG	1675	F3	Utilização livre depósito CUST	28,37	47519,75
PA01	PATIO01	801316	CORDOALHA AC 9,5MM 3/8P 7F 4900DAN	KG	270	F3	Utilização livre depósito CUST	24,07	6498,9
PA01	PATIO01	805262	CABO CONDUTOR 266 MCM PARTRIDGE	UN	565	F3	Utilização livre depósito CUST	48,12	27187,8
PA01	PATIO01 CUSTEIO	800031	CABO ELET NU CA AL 2AWG 33,54MM2 IRIS	KG	1593	F3	Utilização livre depósito CUST	27,12	43202,16
PA01	PATIO01 CUSTEIO	800033	CABO ELETR 15KV AL PROT XLPE 50MM2 1F MT	M	28	F3	Utilização livre depósito CUST	5,93	166,04
PA01	PATIO01 CUSTEIO	800058	CABO  MULT 3X120+1X70MM² XLPE 0,6/1 KV	M	6275	F3	Utilização livre depósito CUST	45,99	288587,25
PA01	PATIO01 CUSTEIO	800163	CABO ELET NU CA AL 2/0AWG 67,40MM2	KG	2200	F3	Utilização livre depósito CUST	27,74	61028
PA01	PATIO01 CUSTEIO	800676	CABO  MULT 3X95+1X70MM² XLPE 0,6/1 KV	M	856	F3	Utilização livre depósito CUST	33,21	28427,76
PA01	PATIO01 CUSTEIO	800682	CABO NU CA AL 4/0 AWG 7X4,417MM OXLIP	KG	1037	F3	Utilização livre depósito CUST	28,27	29315,99
PA01	PATIO01 CUSTEIO	800762	CABO  MULT 3X70+1X70 MM² XLPE 0,6/1 KV	M	1280	F3	Utilização livre depósito CUST	26,01	33292,8
PA01	PATIO01 CUSTEIO	800810	CABO ELET 15KV AL PROT XLPE 120MM2 1F MT	M	744	F3	Utilização livre depósito CUST	12,42	9240,48
PA01	PATIO01 CUSTEIO	801079	CABO ELET NU CA 1/0AWG 53,5 MM2 POPPY	KG	4344	F3	Utilização livre depósito CUST	28,93	125671,92
PA01	PATIO01 CUSTEIO	801189	CABO  MULT 3X25+1X25 MM² XLPE 0,6/1 KV	M	2200	F3	Utilização livre depósito CUST	8,52	18744
PA01	PATIO01 CUSTEIO	802238	CABO  MULT 3X120+1X120MM² XLPE 0,6/1 KV	M	6230	F3	Utilização livre depósito CUST	52,23	325392,9
PA01	PATIO01 CUSTEIO	805324	CABO MULT 3X120+1X95MM² XLPE 0,6/1 KV	M	2360	F3	Utilização livre depósito CUST	46,94	110778,4
PA02	P2-01-01A	800371	CINTA POSTE CIRC ACO 150MM	UN	190	F3	Utilização livre depósito CUST	13,72	2606,8
PA02	P2-01-01A	800435	CINTA POSTE CIRC ACO 180MM	UN	38	F3	Utilização livre depósito CUST	14,82	563,16
PA02	P2-01-01A	800861	CINTA POSTE CIRC ACO 170MM	UN	214	F3	Utilização livre depósito CUST	7,51	1607,14
PA02	P2-01-01A	801049	CINTA POSTE CIRC ACO 125MM	UN	11	F3	Utilização livre depósito CUST	32,13	353,43
PA02	P2-01-01A	801237	CINTA POSTE CIRC ACO 140MM	UN	138	F3	Utilização livre depósito CUST	24,06	3320,28
PA02	P2-01-01A	801304	CINTA POSTE CIRC ACO 160MM	UN	205	F3	Utilização livre depósito CUST	16,23	3327,15
PA02	P2-01-02A	800266	CINTA POSTE CIRC ACO 230MM	UN	5	F3	Utilização livre depósito CUST	15,8	79
PA02	P2-01-02A	800369	CINTA POSTE CIRC ACO 200MM	UN	2	F3	Utilização livre depósito CUST	33,47	66,94
PA02	P2-01-02A	800436	CINTA POSTE CIRC ACO 240MM	UN	13	F3	Utilização livre depósito CUST	41,3	536,9
PA02	P2-01-02A	801044	CINTA POSTE CIRC ACO 190MM	UN	44	F3	Utilização livre depósito CUST	8,58	377,52
PA02	P2-01-02A	801346	CINTA POSTE CIRC ACO 220MM	UN	143	F3	Utilização livre depósito CUST	16,24	2322,32
PA02	P2-01-02A	803339	CINTA POSTE CIRC ACO 210MM	UN	99	F3	Utilização livre depósito CUST	37,51	3713,49
PA02	P2-01-03A	800263	CINTA POSTE CIRC ACO 320MM	UN	84	F3	Utilização livre depósito CUST	26,24	2204,16
PA02	P2-01-03A	800372	CINTA POSTE CIRC ACO 280MM	UN	150	F3	Utilização livre depósito CUST	9,02	1353
PA02	P2-01-03A	801077	CINTA POSTE CIRC ACO 270MM	UN	480	F3	Utilização livre depósito CUST	11,75	5640
PA02	P2-01-03A	801202	CINTA POSTE ACO 290MM	UN	39	F3	Utilização livre depósito CUST	37,7	1470,3
PA02	P2-01-03A	801210	CINTA POSTE CIRC ACO 300MM	UN	205	F3	Utilização livre depósito CUST	29,67	6082,35
PA02	P2-01-04A	800260	CINTA POSTE CIRC ACO 340MM	UN	32	F3	Utilização livre depósito CUST	17,95	574,4
PA02	P2-01-04A	800760	SUPORTE TRANSF POSTE DUP T AC 210X115MM	UN	71	F3	Utilização livre depósito CUST	129,59	9200,89
PA02	P2-01-04A	801386	SUPORTE TRANSF POSTE DUP T AC 210X125MM	UN	5	F3	Utilização livre depósito CUST	149,09	745,45
PA02	P2-01-04A	801398	SUPORTE TRANSF POSTE DUP T AC 230X125MM	UN	32	F3	Utilização livre depósito CUST	161,67	5173,44
PA02	P2-01-05A	800671	SUPORTE TRANSF POSTE CIRC AC 220MM	UN	84	F3	Utilização livre depósito CUST	49,34	4144,56
PA02	P2-01-05A	800712	SUPORTE TRANSF POSTE CIRC AC 200MM	UN	37	F3	Utilização livre depósito CUST	96,33	3564,21
PA02	P2-01-05A	801267	SUPORTE TRANSF POSTE CIRC AC 240MM	UN	20	F3	Utilização livre depósito CUST	43,93	878,6
PA02	P2-01-05A	803158	SUPORTE TRANSF POSTE CIRC AC 230MM	UN	10	F3	Utilização livre depósito CUST	66,28	662,8
PA02	P2-01-06A	800013	SUPORTE TRANSF POSTE CIRC AC 270MM	UN	78	F3	Utilização livre depósito CUST	109,73	8558,94
PA02	P2-01-06A	800727	SUPORTE TRANSF POSTE CIRC AC 280MM	UN	46	F3	Utilização livre depósito CUST	42,34	1947,64
PA02	P2-01-06A	800928	SUPORTE TRANSF POSTE CIRC AC 255MM	UN	15	F3	Utilização livre depósito CUST	33,85	507,75
PA02	P2-01-06A	805184	SUPORTE TRANSF POSTE CIRC AC 250MM	UN	114	F3	Utilização livre depósito CUST	75,67	8626,38
PA02	P2-01-07A	800006	SUPORTE TRANSF POSTE CIRC AC 290MM	UN	8	F3	Utilização livre depósito CUST	187,03	1496,24
PA02	P2-01-07A	800256	BRACO SUPORTE TIPO C 580X365MM 851/6	UN	6	F3	Utilização livre depósito CUST	150,53	903,18
PA02	P2-01-08A	403676	AFASTADOR 500X900MM	UN	13	L2	Utilização livre depósito INVT	151,04	1963,52
PA02	P2-01-08A	800473	BRACO L A1010/1020 3/8P16P	UN	123	F3	Utilização livre depósito CUST	65,05	8001,15
PA02	P2-01-08A	800522	MAO FRANCESA BECO AC 1970MM 45X45X45MM	UN	56	F3	Utilização livre depósito CUST	107,95	6045,2
PA02	P2-01-09A	803100	SUPORTE AFAST HORIZ C/PRENSA REDE 15KV	UN	30	F3	Utilização livre depósito CUST	342,79	10283,7
PA02	P2-01-10A	401017	SUPORTE Z AC REDE COMPACTA 400 DAN	UN	320	L2	Utilização livre depósito INVT	16,75	5360
PA02	P2-01-10A	802303	BRAÇO SUPORTE TIPO L HORIZONTAL  15 KV	UN	32	F3	Utilização livre depósito CUST	110,67	3541,44
PA02	P2-01-11A	800192	AFASTADOR REDE SEC AC 700MM 500MM	UN	19	F3	Utilização livre depósito CUST	165,02	3135,38
PA02	P2-01-11A	801161	SUPORTE Z AC REDE COMPACTA 400 DAN	UN	102	F3	Utilização livre depósito CUST	16,75	1708,5
PA02	P2-01-12A	401375	AFASTADOR REDE SEC AC 700MM 500MM	UN	35	L2	Utilização livre depósito INVT	185,95	6508,25
PA02	P2-01-13A	401375	AFASTADOR REDE SEC AC 700MM 500MM	UN	144	L2	Utilização livre depósito INVT	185,95	26776,8
PA02	P2-02-01A	400492	CINTA POSTE CIRC ACO 170MM	UN	975	L2	Utilização livre depósito INVT	7,94	7741,5
PA02	P2-02-01A	401403	CINTA POSTE CIRC ACO 160MM	UN	211	L2	Utilização livre depósito INVT	10,02	2114,22
PA02	P2-02-01A	401559	CINTA POSTE CIRC ACO 140MM	UN	164	L2	Utilização livre depósito INVT	24,03	3940,92
PA02	P2-02-01A	401576	CINTA POSTE CIRC ACO 220MM	UN	180	L2	Utilização livre depósito INVT	22,98	4136,4
PA02	P2-02-01A	402065	CINTA POSTE CIRC ACO 180MM	UN	301	L2	Utilização livre depósito INVT	15,75	4740,75
PA02	P2-02-01A	402332	CINTA POSTE CIRC ACO 150MM	UN	41	L2	Utilização livre depósito INVT	10,6	434,6
PA02	P2-02-01A	402955	CINTA POSTE CIRC ACO 210MM	UN	472	L2	Utilização livre depósito INVT	32,34	15264,48
PA02	P2-02-02A	400344	CINTA POSTE ACO 290MM	UN	3	L2	Utilização livre depósito INVT	32,3	96,9
PA02	P2-02-02A	400446	CINTA POSTE CIRC ACO 300MM	UN	26	L2	Utilização livre depósito INVT	39,63	1030,38
PA02	P2-02-02A	400484	CINTA POSTE CIRC ACO 280MM	UN	8	L2	Utilização livre depósito INVT	16,02	128,16
PA02	P2-02-02A	400771	CINTA POSTE ACO 260MM	UN	175	L2	Utilização livre depósito INVT	23,22	4063,5
PA02	P2-02-02A	401438	CINTA POSTE CIRC ACO 270MM	UN	204	L2	Utilização livre depósito INVT	11,26	2297,04
PA02	P2-02-02A	402026	CINTA POSTE CIRC ACO 230MM	UN	339	L2	Utilização livre depósito INVT	24,49	8302,11
PA02	P2-02-02A	402247	CINTA POSTE CIRC ACO 320MM	UN	15	L2	Utilização livre depósito INVT	19,05	285,75
PA02	P2-02-03A	401803	CINTA POSTE CIRC ACO 340MM	UN	43	L2	Utilização livre depósito INVT	13,23	568,89
PA02	P2-02-03A	402878	SUPORTE TRAFO POSTE CONC DUP T 185X95MM	UN	13	L2	Utilização livre depósito INVT	61,71	802,23
PA02	P2-02-03A	403666	CINTA POSTE CIRC ACO 365MM	UN	51	L2	Utilização livre depósito INVT	83,23	4244,73
PA02	P2-02-03A	404052	CINTA POSTE CIRC ACO 360MM	UN	343	L2	Utilização livre depósito INVT	14,84	5090,12
PA02	P2-02-03A	404054	CINTA POSTE CIRC ACO 380MM	UN	2	L2	Utilização livre depósito INVT	50,29	100,58
PA02	P2-02-03A	408349	CINTA POSTE CIRC ACO 370MM	UN	13	L2	Utilização livre depósito INVT	87,26	1134,38
PA02	P2-02-03A	409650	SUPORTE TRAFO POSTE CONC DUP T 185X80MM	UN	31	L2	Utilização livre depósito INVT	27,23	844,13
PA02	P2-02-04A	400011	SUPORTE TRANSF POSTE DUP T AC 210X115MM	UN	42	L2	Utilização livre depósito INVT	104,74	4399,08
PA02	P2-02-04A	401683	SUPORTE TRANSF POSTE DUP T AC 230X125MM	UN	20	L2	Utilização livre depósito INVT	187,8	3756
PA02	P2-02-04A	402452	SUPORTE TRANSF POSTE CIRC AC 200MM	UN	114	L2	Utilização livre depósito INVT	98,14	11187,96
PA02	P2-02-04A	403527	SUPORTE TRANSF POSTE DUP T AC 185X125MM	UN	45	L2	Utilização livre depósito INVT	45,68	2055,6
PA02	P2-02-04A	409641	SUPORTE TRANSF POSTE CIRC AC 210MM	UN	173	L2	Utilização livre depósito INVT	61,42	10625,66
PA02	P2-02-05A	401165	SUPORTE TRANSF POSTE CIRC AC 240MM	UN	154	L2	Utilização livre depósito INVT	37,44	5765,76
PA02	P2-02-05A	401213	SUPORTE TRANSF POSTE CIRC AC 255MM	UN	23	L2	Utilização livre depósito INVT	69,55	1599,65
PA02	P2-02-05A	402292	SUPORTE TRANSF POSTE CIRC AC 220MM	UN	91	L2	Utilização livre depósito INVT	49,12	4469,92
PA02	P2-02-05A	402689	SUPORTE TRANSF POSTE CIRC AC 230MM	UN	155	L2	Utilização livre depósito INVT	63,32	9814,6
PA02	P2-02-05A	402720	SUPORTE TRANSF POSTE CIRC AC 225MM	UN	59	L2	Utilização livre depósito INVT	11,26	664,34
PA02	P2-02-06A	401014	SUPORTE TRANSF POSTE CIRC AC 280MM	UN	79	L2	Utilização livre depósito INVT	71,2	5624,8
PA02	P2-02-06A	401709	SUPORTE TRANSF POSTE CIRC AC 290MM	UN	91	L2	Utilização livre depósito INVT	175,03	15927,73
PA02	P2-02-06A	402106	BRACO L A1010/1020 3/8P16P	UN	21	L2	Utilização livre depósito INVT	83,77	1759,17
PA02	P2-02-06A	402443	SUPORTE TRANSF POSTE CIRC AC 270MM	UN	101	L2	Utilização livre depósito INVT	105,18	10623,18
PA02	P2-02-06A	404818	SUPORTE TRAFO CIRCULAR 285MM	UN	117	L2	Utilização livre depósito INVT	68,6	8026,2
PA02	P2-02-07A	400889	HASTE ANCORA AC 2400MM 16MM	UN	92	L2	Utilização livre depósito INVT	66,05	6076,6
PA02	P2-02-07A	400908	MAO FRANCESA BECO AC 1970MM 45X45X45MM	UN	13	L2	Utilização livre depósito INVT	88,97	1156,61
PA02	P2-02-08A	401375	AFASTADOR REDE SEC AC 700MM 500MM	UN	332	L2	Utilização livre depósito INVT	185,95	61735,4
PA03	PATIO03	400040	TRAFO AER 3F 15KV 75KVA 220/127V 7TP	UN	44	L2	Utilização livre depósito INVT	13637,57	600053,08
PA03	PATIO03	400051	TRAFO AER 3F 15KV 225KVA 220/127V 7TP	UN	28	L2	Utilização livre depósito INVT	45703,56	1279699,68
PA03	PATIO03	400072	TRAFO AER 1F 7,96KV 5KVA 240/120V 7TP	UN	6	L2	Utilização livre depósito INVT	4012,43	24074,58
PA03	PATIO03	400226	REGULADOR TENSÃO 1F 276KVA 13,8KV 200A	UN	5	L2	Utilização livre depósito INVT	44619,41	223097,05
PA03	PATIO03	400243	TRAFO AER 3F 15KV 150KVA 220/127V 7TP	UN	10	L2	Utilização livre depósito INVT	30529,02	305290,2
PA03	PATIO03	400288	TRAFO AER 3F 15KV 112,5KVA 220/127V 7TP	UN	73	L2	Utilização livre depósito INVT	23262,45	1698158,85
PA03	PATIO03	401324	TRAFO AER 3F 15KV 30KVA 220/127V 7TP	UN	28	L2	Utilização livre depósito INVT	11580,9	324265,2
PA03	PATIO03	402132	TRAFO AER 1F 15KV 25KVA 240/120V 7TP	UN	2	L2	Utilização livre depósito INVT	10083,04	20166,08
PA03	PATIO03	402525	CRUZETA POLIMERICA 5000X112,5X90MM	UN	47	L2	Utilização livre depósito INVT	500,43	23520,21
PA03	PATIO03	402860	REGULADOR TENSAO 1F 250 KVA 7,62KV 328A	UN	13	L2	Utilização livre depósito INVT	89981,49	1169759,37
PA03	PATIO03	403161	PONTALETE FBV 100MM 6M	UN	442	L2	Utilização livre depósito INVT	343,9	152003,8
PA03	PATIO03	407355	CRUZETA POL FBV/RES 2400X112,5X90MM DAT	UN	76	L2	Utilização livre depósito INVT	189,55	14405,8
PA03	PATIO03	409620	REGULADOR TENSAO 1F 333KVA 7,96KV 438A	UN	15	L2	Utilização livre depósito INVT	139736,63	2096049,45
PA03	PATIO03	800847	CRUZETA POL PE/FBN 90X112,5X2400MM	UN	250	F3	Utilização livre depósito CUST	258,91	64727,5
PA03	PATIO03	800901	CRUZETA POL PE/FBN 90X112,5X1200MM	UN	219	F3	Utilização livre depósito CUST	127,72	27970,68
PA03	PATIO03	801112	CRUZETA POL FBV/RES PES 2400X112,5X90MM	UN	500	F3	Utilização livre depósito CUST	179,71	89855
PA03	PATIO03	801833	CRUZETA POLIM 5000X112,5X90MM	UN	45	F3	Utilização livre depósito CUST	500,43	22519,35
PA03	PATIO03	803470	PONTALETE FBV 100MM 6M	UN	500	F3	Utilização livre depósito CUST	345	172500
PA03	PATIO03	804565	CRUZETA POL FBV/RES 2400X112,5X90MM DAT	UN	108	F3	Utilização livre depósito CUST	188,31	20337,48
PA04	PATIO04	400210	POSTE CONCRETO TRON CON 13M 1000KGF	UN	2	L2	Utilização livre depósito INVT	3806,45	7612,9
PA04	PATIO04	400224	POSTE CONC DUPL T 11 M 300 DAN	UN	104	L2	Utilização livre depósito INVT	1615,63	168025,52
PA04	PATIO04	400228	POSTE CONCRETO CIRC 9M 300DAN	UN	1	L2	Utilização livre depósito INVT	794,52	794,52
PA04	PATIO04	400968	POSTE FIBRA VIDRO 11M 200DAN	UN	1	L2	Utilização livre depósito INVT	2012,31	2012,31
PA04	PATIO04	400978	POSTE CONC ARM VIB CIRC TRON 15M 200KG	UN	27	L2	Utilização livre depósito INVT	2539,35	68562,45
PA04	PATIO04	400985	POSTE FIBRA VIDRO E-CR 13M 1000DAN	UN	21	L2	Utilização livre depósito INVT	5219,76	109614,96
PA04	PATIO04	400988	POSTE CONCRETO TRON CON 9M 600KGF	UN	1	L2	Utilização livre depósito INVT	1655,41	1655,41
PA04	PATIO04	400992	POSTE CONCRETO TRON CON 9M 200KGF	UN	11	L2	Utilização livre depósito INVT	1203,75	13241,25
PA04	PATIO04	400995	POSTE CONCRETO DUPLO T 9M 1000DAN	UN	28	L2	Utilização livre depósito INVT	2054,63	57529,64
PA04	PATIO04	401127	POSTE CONCRETO ARM DUPL T 11M 600KGF	UN	234	L2	Utilização livre depósito INVT	2059,03	481813,02
PA04	PATIO04	401260	POSTE CONCRETO TRON CON 9M 1000KGF	UN	28	L2	Utilização livre depósito INVT	2964,49	83005,72
PA04	PATIO04	401334	POSTE CONC ARM DUPL T 15M 600DAN	UN	5	L2	Utilização livre depósito INVT	335,96	1679,8
PA04	PATIO04	401365	POSTE CONCRETO DUPLO T B-2 22M 1000KGF	UN	20	L2	Utilização livre depósito INVT	7327,33	146546,6
PA04	PATIO04	401629	POSTE FIBRA VIDRO 33M 1000KGF	UN	2	L2	Utilização livre depósito INVT	30800,54	61601,08
PA04	PATIO04	401749	POSTE CONCRETO CIRC 18M 1500DAN	UN	3	L2	Utilização livre depósito INVT	7495	22485
PA04	PATIO04	401752	POSTE CONCRETO CIRC TRON 13M 1500KG	UN	22	L2	Utilização livre depósito INVT	5420,8	119257,6
PA04	PATIO04	401931	POSTE FIBRA VIDRO E-CR 13M 600DAN	UN	8	L2	Utilização livre depósito INVT	4284,28	34274,24
PA04	PATIO04	401964	POSTE CONCRETO DUPLO T 13M 1500DAN	UN	9	L2	Utilização livre depósito INVT	4534	40806
PA04	PATIO04	401969	POSTE CONCRETO DUPLO T 15M 1000DAN	UN	8	L2	Utilização livre depósito INVT	3968,42	31747,36
PA04	PATIO04	402013	POSTE CONCRETO CIRC 15M 600DAN	UN	15	L2	Utilização livre depósito INVT	5188,23	77823,45
PA04	PATIO04	402098	POSTE CONCRETO DUPLO T 13M 1000DAN	UN	8	L2	Utilização livre depósito INVT	2994,18	23953,44
PA04	PATIO04	402188	POSTE CONCRETO TRON CON 11M 300KGF	UN	1	L2	Utilização livre depósito INVT	1447,96	1447,96
PA04	PATIO04	402515	POSTE CONC CIRCULAR 12/1000	UN	5	L2	Utilização livre depósito INVT	4315,5	21577,5
PA04	PATIO04	402624	POSTE CONC DUPL T 13/600	UN	15	L2	Utilização livre depósito INVT	2631,19	39467,85
PA04	PATIO04	402632	POSTE COMPLETO SD1P 14M	UN	6	L2	Utilização livre depósito INVT	3,33	19,98
PA04	PATIO04	402650	POSTE CONCRETO DUPLO T 9 M 600 DAN	UN	145	L2	Utilização livre depósito INVT	1428,78	207173,1
PA04	PATIO04	402802	POSTE CONC DUPL T 9M 200DAN	UN	40	L2	Utilização livre depósito INVT	851,35	34054
PA04	PATIO04	402847	POSTE CONC DUPL T 9 M 300 DAN	UN	120	L2	Utilização livre depósito INVT	1082,15	129858
PA04	PATIO04	403344	POSTE CONCRETO CIRC 18M 1000DAN	UN	5	L2	Utilização livre depósito INVT	7579,99	37899,95
PA04	PATIO04	403365	POSTE CONCRETO CIRC 15M 1500DAN	UN	22	L2	Utilização livre depósito INVT	7000,26	154005,72
PA04	PATIO04	403374	POSTE CONCRETO CIRC 15M 1000DAN	UN	10	L2	Utilização livre depósito INVT	6228,55	62285,5
PA04	PATIO04	403376	POSTE CONCRETO CIRC 15M 400DAN	UN	2	L2	Utilização livre depósito INVT	2441,92	4883,84
PA04	PATIO04	403829	POSTE FERRO GALV 80MM 6M	UN	420	L2	Utilização livre depósito INVT	305,57	128339,4
PA04	PATIO04	408161	POSTE CONCRETO ARM TRON CON 12M 600KGF	UN	1	L2	Utilização livre depósito INVT	2847,5	2847,5
PA04	PATIO04	408165	POSTE CONCRETO ARM TRON CON 12M 300KGF	UN	1	L2	Utilização livre depósito INVT	2280,84	2280,84
PA05	PATIO05	400468	CABO ELET SUBAQ EPR 1X50MM2 8,7/15KV 1F	M	1229	L2	Utilização livre depósito INVT	399,96	491550,84
PA05	PATIO05	401556	CABO ELET SUBAQ EPR 3F 3X50MM2 8,7/15KV	M	2526	L2	Utilização livre depósito INVT	674,03	1702599,78
PA05	PATIO05	401942	CABO ELET CU EPR 3X35MM2 8,7/15KV MT	M	1470	L2	Utilização livre depósito INVT	222,71	327383,7
