Centro;Pedido;Ordem;Texto cabeçalho documento;Item;Nº reserva;Nº item reserva transferência;Material;Texto breve material;Tipo de movimento;Txt.tipo movimento;Referência;Fornecedor;Doc.material;Item doc.material;Data do documento;Data de lançamento;Data de entrada;Hora do registro;Quantidade;Montante em MI;Depósito;Centro financeiro;Nome do usuário;CAMPO TEXTO DESC.;CAMPO AUTOR DESC.;Operação;Elemento PEP;Imobilizado;Conta do Razão;Classificação contábil múltipla;Estoque especial;Qtd.  UM registro;UM registro;Nome 1;Subnº;Nº roteiro operações;Qtd.em UPP;Qtd.em UM pedido;Empresa;Tipo de avaliação;Lote;Número de documento configurável;Montante externo em MI;Valor de venda;Motivo do movimento;Ordem do cliente;Divisão ord.cliente;Item ord.cliente;Centro custo;Cliente;Código de movimento;Consumo;Código entrada;Ordem do cliente;Item ord.cliente;UM básica;Ano doc.material;Diagrama de rede;Segmento de estoque;Cód.débito/crédito;Tp.transação/evento;Valor PV com IVA;Moeda;Nota acomp.mercadoria;Item gerado automaticamente;Linha original;Contador;Unid.prç.pedido;UM pedido;CAMPO VALOR ICMS;CAMPO VALOR DIFAL;Documento do depósito;Nº do depósito
CDFL;4500145134;;;10;0;0;110418;DISCO CORTE ACO 7P;101;EM Entrada mercador.;0180034873;1003818;5000252052;1;06/02/2026;20/02/2026;20/02/2026;11:08:22;100;527,00;CUST;ESTOQUE_AME;MDCOSTA;;;;;;;;;100;UN;CDFL - CD FLORES;;0;100;100;AMEN;;;;0,00;0,00;0;;0;0;;;B;;;;0;UN;2026;;;S;WE;0,00;BRL;;;0;0;UN;UN;0,00;0,00;;
CDFL;4500141530;;;10;0;0;113917;VENTILADOR INDUSTRIAL GALPAO;101;EM Entrada mercador.;0180034168;1008610;5000243745;1;17/12/2025;19/12/2025;19/12/2025;11:10:45;4;4.815,04;CUST;ESTOQUE_AME;MDCOSTA;;;;;;;;;4;UN;CDFL - CD FLORES;;0;4;4;AMEN;;;;0,00;0,00;0;;0;0;;;B;;;;0;UN;2025;;;S;WE;0,00;BRL;;;0;0;UN;UN;0,00;0,00;;
CDFL;4500138731;;;10;0;0;114174;CALCADO DE SEGUR ISOL TIPO TENIS TAM 43;101;EM Entrada mercador.;0180034029;1003818;5000240976;1;02/12/2025;11/12/2025;11/12/2025;08:58:07;1;216,24;CUST;ESTOQUE_AME;MDCOSTA;;;;;;;;;1;UN;CDFL - CD FLORES;;0;1;1;AMEN;;;;0,00;0,00;0;;0;0;;;B;;;;0;UN;2025;;;S;WE;0,00;BRL;;;0;0;UN;UN;43,25;0,00;;
CDFL;4500147553;;;10;0;0;114242;"""DISCO CORTE P/ FERRO 7""""X1,6 X PC 50,00";101;EM Entrada mercador.;0180035106;1003818;5000254394;1;24/02/2026;09/03/2026;09/03/2026;08:30:56;50;263,50;CUST;ESTOQUE_AME;MDCOSTA;;;;;;;;;50;UN;CDFL - CD FLORES;;0;50;50;AMEN;;;;0,00;0,00;0;;0;0;;;B;;;;0;UN;2026;;;S;WE;0,00;BRL;;;0;0;UN;UN;0,00;0,00;;
CDFL;4500140129;;;10;0;0;120007;LUVA COBERTURA VAQ 345MM;101;EM Entrada mercador.;0180034169;1027129;5000243746;1;15/12/2025;19/12/2025;19/12/2025;11:15:25;30;977,10;CUST;ESTOQUE_AME;MDCOSTA;;;;;;;;;30;PAR;CDFL - CD FLORES;;0;30;30;AMEN;;;;0,00;0,00;0;;0;0;;;B;;;;0;PAR;2025;;;S;WE;0,00;BRL;;;0;0;PAR;PAR;195,42;0,00;;
CDFL;4500141920;;;10;0;0;120068;OCULOS SEG VISOR 100 PC S/ARM ANT INC;101;EM Entrada mercador.;0180034322;1003818;5000244329;1;23/12/2025;30/12/2025;30/12/2025;14:57:09;36;303,13;CUST;ESTOQUE_AME;MDCOSTA;;;;;;;;;36;UN;CDFL - CD FLORES;;0;36;36;AMEN;;;;0,00;0,00;0;;0;0;;;B;;;;0;UN;2025;;;S;WE;0,00;BRL;;;0;0;UN;UN;60,62;0,00;;
CDFL;4500128795;;;90;0;0;120141;CALCA RESIST ARCO ELET/CHAMA 44;101;EM Entrada mercador.;0180033928;1011140;5000239306;9;21/11/2025;02/12/2025;02/12/2025;14:38:04;50;7.943,49;CUST;ESTOQUE_AME;MDCOSTA;;;;;;;;;50;UN;CDFL - CD FLORES;;0;50;50;AMEN;;;;0,00;0,00;0;;0;0;;;B;;;;0;UN;2025;;;S;WE;0,00;BRL;;;0;0;UN;UN;876,12;642,49;;
CDFL;4500130518;;;10;0;0;120175;CINTO SEG PARA-QUEDISTA TAM 1;101;EM Entrada mercador.;0180033733;1003763;5000236002;1;16/10/2025;14/11/2025;14/11/2025;09:41:39;10;10.359,90;CUST;ESTOQUE_AME;MDCOSTA;;;;;;;;;10;UN;CDFL - CD FLORES;;0;10;10;AMEN;;;;0,00;0,00;0;;0;0;;;B;;;;0;UN;2025;;;S;WE;0,00;BRL;;;0;0;UN;UN;630,00;1.359,90;;
CDFL;4500128795;;;20;0;0;120182;CAMISA M RESIST ARCO ELET/CHAMA ATPV 9.0;101;EM Entrada mercador.;0180033928;1011140;5000239306;2;21/11/2025;02/12/2025;02/12/2025;14:38:04;50;7.954,37;CUST;ESTOQUE_AME;MDCOSTA;;;;;;;;;50;UN;CDFL - CD FLORES;;0;50;50;AMEN;;;;0,00;0,00;0;;0;0;;;B;;;;0;UN;2025;;;S;WE;0,00;BRL;;;0;0;UN;UN;877,32;643,37;;
CDFL;4500135773;;;20;0;0;120188;OCULOS SEG PC CZ LENTE OPTIC;101;EM Entrada mercador.;0180033736;1003818;5000236014;2;04/11/2025;14/11/2025;14/11/2025;10:24:15;10;85,90;CUST;ESTOQUE_AME;MDCOSTA;;;;;;;;;10;UN;CDFL - CD FLORES;;0;10;10;AMEN;;;;0,00;0,00;0;;0;0;;;B;;;;0;UN;2025;;;S;WE;0,00;BRL;;;0;0;UN;UN;17,18;0,00;;
CDFL;4500128795;;;60;0;0;120259;CALCA RESIST ARCO ELET/CHAMA 38;101;EM Entrada mercador.;0180033928;1011140;5000239306;6;21/11/2025;02/12/2025;02/12/2025;14:38:04;10;1.588,70;CUST;ESTOQUE_AME;MDCOSTA;;;;;;;;;10;UN;CDFL - CD FLORES;;0;10;10;AMEN;;;;0,00;0,00;0;;0;0;;;B;;;;0;UN;2025;;;S;WE;0,00;BRL;;;0;0;UN;UN;175,22;128,50;;
CDFL;4500128795;;;70;0;0;120260;CALCA RESIST ARCO ELET/CHAMA 40;101;EM Entrada mercador.;0180033928;1011140;5000239306;7;21/11/2025;02/12/2025;02/12/2025;14:38:04;20;3.177,40;CUST;ESTOQUE_AME;MDCOSTA;;;;;;;;;20;UN;CDFL - CD FLORES;;0;20;20;AMEN;;;;0,00;0,00;0;;0;0;;;B;;;;0;UN;2025;;;S;WE;0,00;BRL;;;0;0;UN;UN;350,45;257,00;;
CDFL;4500128795;;;80;0;0;120261;CALCA RESIST ARCO ELET/CHAMA 42;101;EM Entrada mercador.;0180033928;1011140;5000239306;8;21/11/2025;02/12/2025;02/12/2025;14:38:04;40;6.354,79;CUST;ESTOQUE_AME;MDCOSTA;;;;;;;;;40;UN;CDFL - CD FLORES;;0;40;40;AMEN;;;;0,00;0,00;0;;0;0;;;B;;;;0;UN;2025;;;S;WE;0,00;BRL;;;0;0;UN;UN;700,90;513,99;;
CDFL;4500135773;;;10;0;0;120297;OCULOS SEG SOBREPOR;101;EM Entrada mercador.;0180033736;1003818;5000236014;1;04/11/2025;14/11/2025;14/11/2025;10:24:15;10;85,90;CUST;ESTOQUE_AME;MDCOSTA;;;;;;;;;10;UN;CDFL - CD FLORES;;0;10;10;AMEN;;;;0,00;0,00;0;;0;0;;;B;;;;0;UN;2025;;;S;WE;0,00;BRL;;;0;0;UN;UN;17,18;0,00;;
CDFL;4500128795;;;10;0;0;120332;CAMISA P RESIST ARCO ELET/CHAMA ATPV 9.0;101;EM Entrada mercador.;0180033928;1011140;5000239306;1;21/11/2025;02/12/2025;02/12/2025;14:38:04;30;4.772,62;CUST;ESTOQUE_AME;MDCOSTA;;;;;;;;;30;UN;CDFL - CD FLORES;;0;30;30;AMEN;;;;0,00;0,00;0;;0;0;;;B;;;;0;UN;2025;;;S;WE;0,00;BRL;;;0;0;UN;UN;526,39;386,02;;
CDFL;4500128795;;;30;0;0;120334;CAMISA G RESIST ARCO ELET/CHAMA ATPV 9.0;101;EM Entrada mercador.;0180033928;1011140;5000239306;3;21/11/2025;02/12/2025;02/12/2025;14:38:04;70;11.136,12;CUST;ESTOQUE_AME;MDCOSTA;;;;;;;;;70;UN;CDFL - CD FLORES;;0;70;70;AMEN;;;;0,00;0,00;0;;0;0;;;B;;;;0;UN;2025;;;S;WE;0,00;BRL;;;0;0;UN;UN;1.228,25;900,72;;
CDFL;4500128795;;;40;0;0;120335;CAMISA GG RESIST ARCO ELE/CHAMA ATPV 9.0;101;EM Entrada mercador.;0180033928;1011140;5000239306;4;21/11/2025;02/12/2025;02/12/2025;14:38:04;40;6.363,49;CUST;ESTOQUE_AME;MDCOSTA;;;;;;;;;40;UN;CDFL - CD FLORES;;0;40;40;AMEN;;;;0,00;0,00;0;;0;0;;;B;;;;0;UN;2025;;;S;WE;0,00;BRL;;;0;0;UN;UN;701,86;514,69;;
CDFL;4500128795;;;50;0;0;120336;CAMISA EG RESIST ARCO ELE/CHAMA ATPV 9.0;101;EM Entrada mercador.;0180033928;1011140;5000239306;5;21/11/2025;02/12/2025;02/12/2025;14:38:04;10;1.590,87;CUST;ESTOQUE_AME;MDCOSTA;;;;;;;;;10;UN;CDFL - CD FLORES;;0;10;10;AMEN;;;;0,00;0,00;0;;0;0;;;B;;;;0;UN;2025;;;S;WE;0,00;BRL;;;0;0;UN;UN;175,46;128,67;;
CDFL;4500128795;;;100;0;0;120343;CALCA RESIST ARCO ELET/CHAMA 46 ATPV 9.0;101;EM Entrada mercador.;0180033928;1011140;5000239306;10;21/11/2025;02/12/2025;02/12/2025;14:38:04;50;7.943,49;CUST;ESTOQUE_AME;MDCOSTA;;;;;;;;;50;UN;CDFL - CD FLORES;;0;50;50;AMEN;;;;0,00;0,00;0;;0;0;;;B;;;;0;UN;2025;;;S;WE;0,00;BRL;;;0;0;UN;UN;876,12;642,49;;
CDFL;4500128795;;;110;0;0;120344;CALCA RESIST ARCO ELET/CHAMA 48 ATPV 9.0;101;EM Entrada mercador.;0180033928;1011140;5000239306;11;21/11/2025;02/12/2025;02/12/2025;14:38:04;30;4.766,09;CUST;ESTOQUE_AME;MDCOSTA;;;;;;;;;30;UN;CDFL - CD FLORES;;0;30;30;AMEN;;;;0,00;0,00;0;;0;0;;;B;;;;0;UN;2025;;;S;WE;0,00;BRL;;;0;0;UN;UN;525,67;385,49;;
CDFL;4500140523;;;10;0;0;120366;CAPUZ DE SEGURANCA TIPO BALACLAVA;101;EM Entrada mercador.;0180034570;1027174;5000248017;1;28/01/2026;28/01/2026;28/01/2026;14:21:49;50;5.755,50;CUST;ESTOQUE_AME;MDCOSTA;;;;;;;;;50;UN;CDFL - CD FLORES;;0;50;50;AMEN;;;;0,00;0,00;0;;0;0;;;B;;;;0;UN;2026;;;S;WE;0,00;BRL;;;0;0;UN;UN;350,00;755,50;;
CDFL;4500133713;;;50;0;0;120410;RESPIRADOR  SEMIFACIAL PFF2 N95 TAM M;101;EM Entrada mercador.;0180033527;1003818;5000234221;2;21/10/2025;30/10/2025;30/10/2025;10:23:45;1;181,00;CUST;ESTOQUE_AME;MDCOSTA;;;;;;;;;1;UN;CDFL - CD FLORES;;0;1;1;AMEN;;;;0,00;0,00;0;;0;0;;;B;;;;0;UN;2025;;;S;WE;0,00;BRL;;;0;0;UN;UN;36,20;0,00;;
CDFL;4500133713;;;20;0;0;120410;RESPIRADOR  SEMIFACIAL PFF2 N95 TAM M;101;EM Entrada mercador.;0180033358;1003818;5000232561;2;13/10/2025;20/10/2025;20/10/2025;11:33:18;2;362,00;CUST;ESTOQUE_AME;MDCOSTA;;;;;;;;;2;UN;CDFL - CD FLORES;;0;2;2;AMEN;;;;0,00;0,00;0;;0;0;;;B;;;;0;UN;2025;;;S;WE;0,00;BRL;;;0;0;UN;UN;72,40;0,00;;
CDFL;4500139122;;;10;0;0;120452;LUVA ALGODAO M;101;EM Entrada mercador.;0180034081;1003818;5000241714;1;09/12/2025;15/12/2025;15/12/2025;09:38:02;600;1.530,00;CUST;ESTOQUE_AME;MDCOSTA;;;;;;;;;600;UN;CDFL - CD FLORES;;0;600;600;AMEN;;;;0,00;0,00;0;;0;0;;;B;;;;0;UN;2025;;;S;WE;0,00;BRL;;;0;0;UN;UN;107,10;0,00;;
CDFL;4500134200;;;10;0;0;120453;EXTINTOR PORTATIL PO QUIMICO ABC 12KG;101;EM Entrada mercador.;0180033461;1004023;5000234010;1;21/10/2025;27/10/2025;27/10/2025;09:09:47;10;3.700,00;CUST;ESTOQUE_AME;MDCOSTA;;;;;;;;;10;UN;CDFL - CD FLORES;;0;10;10;AMEN;;;;0,00;0,00;0;;0;0;;;B;;;;0;UN;2025;;;S;WE;0,00;BRL;;;0;0;UN;UN;0,00;0,00;;
CDFL;4500134200;;;20;0;0;120454;EXTINTOR PORTATIL PO QUIMICO ABC 6KG;101;EM Entrada mercador.;0180033461;1004023;5000234010;2;21/10/2025;27/10/2025;27/10/2025;09:09:47;30;6.000,00;CUST;ESTOQUE_AME;MDCOSTA;;;;;;;;;30;UN;CDFL - CD FLORES;;0;30;30;AMEN;;;;0,00;0,00;0;;0;0;;;B;;;;0;UN;2025;;;S;WE;0,00;BRL;;;0;0;UN;UN;0,00;0,00;;
CDFL;4500135753;;;10;0;0;120455;EXTINTOR PORTATIL PO QUIMICO BC 6KG;101;EM Entrada mercador.;0180033725;1003818;5000235939;1;04/11/2025;13/11/2025;13/11/2025;16:02:40;15;2.996,25;CUST;ESTOQUE_AME;MDCOSTA;;;;;;;;;15;UN;CDFL - CD FLORES;;0;15;15;AMEN;;;;0,00;0,00;0;;0;0;;;B;;;;0;UN;2025;;;S;WE;0,00;BRL;;;0;0;UN;UN;599,25;0,00;;
CDFL;4500134200;;;30;0;0;120456;EXTINTOR PORTATIL AGUA PRESSURIZADA 10 L;101;EM Entrada mercador.;0180033461;1004023;5000234010;3;21/10/2025;27/10/2025;27/10/2025;09:09:47;20;4.600,00;CUST;ESTOQUE_AME;MDCOSTA;;;;;;;;;20;UN;CDFL - CD FLORES;;0;20;20;AMEN;;;;0,00;0,00;0;;0;0;;;B;;;;0;UN;2025;;;S;WE;0,00;BRL;;;0;0;UN;UN;0,00;0,00;;
CDFL;4500135800;;;10;0;0;120457;AVENTAL DESCARTAVEL TNT MANGA LONGA;101;EM Entrada mercador.;0180033658;1008610;5000235334;1;05/11/2025;11/11/2025;11/11/2025;09:37:16;10;460,50;CUST;ESTOQUE_AME;MDCOSTA;;;;;;;;;10;UN;CDFL - CD FLORES;;0;10;10;AMEN;;;;0,00;0,00;0;;0;0;;;B;;;;0;UN;2025;;;S;WE;0,00;BRL;;;0;0;UN;UN;92,10;0,00;;
CDFL;4500135800;;;20;0;0;120458;MASCARA CIRURGICA TRIPLA COM FILTRO;101;EM Entrada mercador.;0180033658;1008610;5000235334;2;05/11/2025;11/11/2025;11/11/2025;09:37:16;5;61,40;CUST;ESTOQUE_AME;MDCOSTA;;;;;;;;;5;UN;CDFL - CD FLORES;;0;5;5;AMEN;;;;0,00;0,00;0;;0;0;;;B;;;;0;UN;2025;;;S;WE;0,00;BRL;;;0;0;UN;UN;12,28;0,00;;
CDFL;4500135801;;;10;0;0;120459;LUVAS LATEX DESCARTAVEL TAMANHO M;101;EM Entrada mercador.;0180033697;1006513;5000235740;1;06/11/2025;12/11/2025;12/11/2025;15:05:47;6;336,00;CUST;ESTOQUE_AME;MDCOSTA;;;;;;;;;6;UN;CDFL - CD FLORES;;0;6;6;AMEN;;;;0,00;0,00;0;;0;0;;;B;;;;0;UN;2025;;;S;WE;0,00;BRL;;;0;0;UN;UN;0,00;0,00;;
CDFL;4500135801;;;20;0;0;120460;LUVAS LATEX DESCARTAVEL TAMANHO G;101;EM Entrada mercador.;0180033697;1006513;5000235740;2;06/11/2025;12/11/2025;12/11/2025;15:05:47;5;280,00;CUST;ESTOQUE_AME;MDCOSTA;;;;;;;;;5;UN;CDFL - CD FLORES;;0;5;5;AMEN;;;;0,00;0,00;0;;0;0;;;B;;;;0;UN;2025;;;S;WE;0,00;BRL;;;0;0;UN;UN;0,00;0,00;;
CDFL;4500135773;;;30;0;0;120461;TOUCA BRANCA DESCARTAVEL;101;EM Entrada mercador.;0180034872;1003818;5000252051;1;06/02/2026;20/02/2026;20/02/2026;11:06:01;5;53,00;CUST;ESTOQUE_AME;MDCOSTA;;;;;;;;;5;UN;CDFL - CD FLORES;;0;5;5;AMEN;;;;0,00;0,00;0;;0;0;;;B;;;;0;UN;2026;;;S;WE;0,00;BRL;;;0;0;UN;UN;10,60;0,00;;
CDFL;4500133713;;;30;0;0;120462;RESPIRADOR SEMI FACIAL 6200 SERIE 6000 P;101;EM Entrada mercador.;0180033358;1003818;5000232561;1;13/10/2025;20/10/2025;20/10/2025;11:33:18;1;176,50;CUST;ESTOQUE_AME;MDCOSTA;;;;;;;;;1;UN;CDFL - CD FLORES;;0;1;1;AMEN;;;;0,00;0,00;0;;0;0;;;B;;;;0;UN;2025;;;S;WE;0,00;BRL;;;0;0;UN;UN;35,30;0,00;;
CDFL;4500139117;;;40;0;0;400040;TRAFO AER 3F 15KV 75KVA 220/127V 7TP;101;EM Entrada mercador.;0180035410;1003291;5000257324;2;23/03/2026;26/03/2026;26/03/2026;14:15:49;2;41.972,54;INVT;EST_INV_AME;MDCOSTA;;;;;;;;;2;UN;CDFL - CD FLORES;;0;2;2;AMEN;;;;0,00;0,00;0;;0;0;;;B;;;;0;UN;2026;;;S;WE;0,00;BRL;;;0;0;UN;UN;2.938,08;0,00;;
CDFL;4500139117;;;40;0;0;400040;TRAFO AER 3F 15KV 75KVA 220/127V 7TP;101;EM Entrada mercador.;0180035283;1003291;5000256524;1;13/03/2026;18/03/2026;18/03/2026;10:21:28;3;62.958,81;INVT;EST_INV_AME;MDCOSTA;;;;;;;;;3;UN;CDFL - CD FLORES;;0;3;3;AMEN;;;;0,00;0,00;0;;0;0;;;B;;;;0;UN;2026;;;S;WE;0,00;BRL;;;0;0;UN;UN;4.407,12;0,00;;
CDFL;4500139117;;;40;0;0;400040;TRAFO AER 3F 15KV 75KVA 220/127V 7TP;101;EM Entrada mercador.;0180035262;1003291;5000256495;2;16/03/2026;18/03/2026;18/03/2026;09:14:38;9;188.876,43;INVT;EST_INV_AME;MDCOSTA;;;;;;;;;9;UN;CDFL - CD FLORES;;0;9;9;AMEN;;;;0,00;0,00;0;;0;0;;;B;;;;0;UN;2026;;;S;WE;0,00;BRL;;;0;0;UN;UN;13.221,35;0,00;;
CDFL;4500139117;;;40;0;0;400040;TRAFO AER 3F 15KV 75KVA 220/127V 7TP;101;EM Entrada mercador.;0180035279;1003291;5000256517;2;13/03/2026;18/03/2026;18/03/2026;10:00:18;2;41.972,54;INVT;EST_INV_AME;MDCOSTA;;;;;;;;;2;UN;CDFL - CD FLORES;;0;2;2;AMEN;;;;0,00;0,00;0;;0;0;;;B;;;;0;UN;2026;;;S;WE;0,00;BRL;;;0;0;UN;UN;2.938,08;0,00;;
CDFL;4500139117;;;40;0;0;400040;TRAFO AER 3F 15KV 75KVA 220/127V 7TP;101;EM Entrada mercador.;0180035150;1003291;5000254710;4;04/03/2026;10/03/2026;10/03/2026;10:22:55;1;20.986,27;INVT;EST_INV_AME;MDCOSTA;;;;;;;;;1;UN;CDFL - CD FLORES;;0;1;1;AMEN;;;;0,00;0,00;0;;0;0;;;B;;;;0;UN;2026;;;S;WE;0,00;BRL;;;0;0;UN;UN;1.469,04;0,00;;
CDFL;4500139117;;;40;0;0;400040;TRAFO AER 3F 15KV 75KVA 220/127V 7TP;101;EM Entrada mercador.;0180034878;1003291;5000252090;3;13/02/2026;20/02/2026;20/02/2026;14:15:14;1;20.986,27;INVT;EST_INV_AME;MDCOSTA;;;;;;;;;1;UN;CDFL - CD FLORES;;0;1;1;AMEN;;;;0,00;0,00;0;;0;0;;;B;;;;0;UN;2026;;;S;WE;0,00;BRL;;;0;0;UN;UN;1.469,04;0,00;;
CDFL;4500139117;;;40;0;0;400040;TRAFO AER 3F 15KV 75KVA 220/127V 7TP;101;EM Entrada mercador.;0180034811;1003291;5000251536;2;11/02/2026;14/02/2026;14/02/2026;07:35:19;10;209.862,70;INVT;EST_INV_AME;MDCOSTA;;;;;;;;;10;UN;CDFL - CD FLORES;;0;10;10;AMEN;;;;0,00;0,00;0;;0;0;;;B;;;;0;UN;2026;;;S;WE;0,00;BRL;;;0;0;UN;UN;14.690,39;0,00;;
CDFL;4500139117;;;40;0;0;400040;TRAFO AER 3F 15KV 75KVA 220/127V 7TP;101;EM Entrada mercador.;0180034813;1003291;5000251538;3;10/02/2026;14/02/2026;14/02/2026;07:41:17;1;20.986,27;INVT;EST_INV_AME;MDCOSTA;;;;;;;;;1;UN;CDFL - CD FLORES;;0;1;1;AMEN;;;;0,00;0,00;0;;0;0;;;B;;;;0;UN;2026;;;S;WE;0,00;BRL;;;0;0;UN;UN;1.469,04;0,00;;
CDFL;4500129073;;;80;0;0;400040;TRAFO AER 3F 15KV 75KVA 220/127V 7TP;101;EM Entrada mercador.;0180034218;1003291;5000243959;1;17/12/2025;22/12/2025;22/12/2025;14:58:27;3;62.958,81;INVT;EST_INV_AME;MDCOSTA;;;;;;;;;3;UN;CDFL - CD FLORES;;0;3;3;AMEN;;;;0,00;0,00;0;;0;0;;;B;;;;0;UN;2025;;;S;WE;0,00;BRL;;;0;0;UN;UN;4.407,12;0,00;;
CDFL;4500129073;;;80;0;0;400040;TRAFO AER 3F 15KV 75KVA 220/127V 7TP;101;EM Entrada mercador.;0180034072;1003291;5000241666;1;09/12/2025;15/12/2025;15/12/2025;08:24:26;11;230.848,97;INVT;EST_INV_AME;MDCOSTA;;;;;;;;;11;UN;CDFL - CD FLORES;;0;11;11;AMEN;;;;0,00;0,00;0;;0;0;;;B;;;;0;UN;2025;;;S;WE;0,00;BRL;;;0;0;UN;UN;16.159,43;0,00;;
CDFL;4500129073;;;80;0;0;400040;TRAFO AER 3F 15KV 75KVA 220/127V 7TP;101;EM Entrada mercador.;0180034074;1003291;5000241669;1;09/12/2025;15/12/2025;15/12/2025;08:29:00;10;209.862,70;INVT;EST_INV_AME;MDCOSTA;;;;;;;;;10;UN;CDFL - CD FLORES;;0;10;10;AMEN;;;;0,00;0,00;0;;0;0;;;B;;;;0;UN;2025;;;S;WE;0,00;BRL;;;0;0;UN;UN;14.690,39;0,00;;
CDFL;4500129073;;;80;0;0;400040;TRAFO AER 3F 15KV 75KVA 220/127V 7TP;101;EM Entrada mercador.;0180034073;1003291;5000241667;1;09/12/2025;15/12/2025;15/12/2025;08:26:53;10;209.862,70;INVT;EST_INV_AME;MDCOSTA;;;;;;;;;10;UN;CDFL - CD FLORES;;0;10;10;AMEN;;;;0,00;0,00;0;;0;0;;;B;;;;0;UN;2025;;;S;WE;0,00;BRL;;;0;0;UN;UN;14.690,39;0,00;;
CDFL;4500121355;;;40;0;0;400040;TRAFO AER 3F 15KV 75KVA 220/127V 7TP;101;EM Entrada mercador.;0180033314;1003291;5000232018;1;06/10/2025;17/10/2025;17/10/2025;08:04:30;7;146.903,89;INVT;EST_INV_AME;MDCOSTA;;;;;;;;;7;UN;CDFL - CD FLORES;;0;7;7;AMEN;;;;0,00;0,00;0;;0;0;;;B;;;;0;UN;2025;;;S;WE;0,00;BRL;;;0;0;UN;UN;10.283,27;0,00;;
CDFL;4500121355;;;40;0;0;400040;TRAFO AER 3F 15KV 75KVA 220/127V 7TP;101;EM Entrada mercador.;0180033313;1003291;5000232017;1;06/10/2025;17/10/2025;17/10/2025;08:01:26;6;125.917,62;INVT;EST_INV_AME;MDCOSTA;;;;;;;;;6;UN;CDFL - CD FLORES;;0;6;6;AMEN;;;;0,00;0,00;0;;0;0;;;B;;;;0;UN;2025;;;S;WE;0,00;BRL;;;0;0;UN;UN;8.814,23;0,00;;
CDFL;4500114957;;;50;0;0;400040;TRAFO AER 3F 15KV 75KVA 220/127V 7TP;101;EM Entrada mercador.;0180033228;1003291;5000230756;3;01/10/2025;13/10/2025;13/10/2025;08:29:15;1;20.986,27;INVT;EST_INV_AME;MDCOSTA;;;;;;;;;1;UN;CDFL - CD FLORES;;0;1;1;AMEN;;;;0,00;0,00;0;;0;0;;;B;;;;0;UN;2025;;;S;WE;0,00;BRL;;;0;0;UN;UN;1.469,04;0,00;;
CDFL;4500125193;;;70;0;0;400051;TRAFO AER 3F 15KV 225KVA 220/127V 7TP;101;EM Entrada mercador.;0180034219;1003291;5000243960;1;17/12/2025;22/12/2025;22/12/2025;15:02:15;1;55.600,80;INVT;EST_INV_AME;MDCOSTA;;;;;;;;;1;UN;CDFL - CD FLORES;;0;1;1;AMEN;;;;0,00;0,00;0;;0;0;;;B;;;;0;UN;2025;;;S;WE;0,00;BRL;;;0;0;UN;UN;3.892,06;0,00;;
CDFL;4500118240;;;50;0;0;400051;TRAFO AER 3F 15KV 225KVA 220/127V 7TP;101;EM Entrada mercador.;0180033833;1003291;5000236845;2;07/11/2025;19/11/2025;19/11/2025;09:26:04;1;55.600,80;INVT;EST_INV_AME;MDCOSTA;;;;;;;;;1;UN;CDFL - CD FLORES;;0;1;1;AMEN;;;;0,00;0,00;0;;0;0;;;B;;;;0;UN;2025;;;S;WE;0,00;BRL;;;0;0;UN;UN;3.892,06;0,00;;
CDFL;4500125193;;;70;0;0;400051;TRAFO AER 3F 15KV 225KVA 220/127V 7TP;101;EM Entrada mercador.;0180033829;1003291;5000236826;3;13/11/2025;19/11/2025;19/11/2025;08:56:46;1;55.600,80;INVT;EST_INV_AME;MDCOSTA;;;;;;;;;1;UN;CDFL - CD FLORES;;0;1;1;AMEN;;;;0,00;0,00;0;;0;0;;;B;;;;0;UN;2025;;;S;WE;0,00;BRL;;;0;0;UN;UN;3.892,06;0,00;;
CDFL;4500125193;;;70;0;0;400051;TRAFO AER 3F 15KV 225KVA 220/127V 7TP;101;EM Entrada mercador.;0180033783;1003291;5000236389;2;07/11/2025;17/11/2025;17/11/2025;15:39:39;1;55.600,80;INVT;EST_INV_AME;LPEIXOTO;;;;;;;;;1;UN;CDFL - CD FLORES;;0;1;1;AMEN;;;;0,00;0,00;0;;0;0;;;B;;;;0;UN;2025;;;S;WE;0,00;BRL;;;0;0;UN;UN;3.892,06;0,00;;
CDFL;4500121355;;;70;0;0;400051;TRAFO AER 3F 15KV 225KVA 220/127V 7TP;101;EM Entrada mercador.;0180033382;1003291;5000232999;1;13/10/2025;21/10/2025;21/10/2025;09:11:39;5;278.004,00;INVT;EST_INV_AME;MDCOSTA;;;;;;;;;5;UN;CDFL - CD FLORES;;0;5;5;AMEN;;;;0,00;0,00;0;;0;0;;;B;;;;0;UN;2025;;;S;WE;0,00;BRL;;;0;0;UN;UN;19.460,28;0,00;;
CDFL;4500121355;;;70;0;0;400051;TRAFO AER 3F 15KV 225KVA 220/127V 7TP;101;EM Entrada mercador.;0180033377;1003291;5000232965;1;13/10/2025;21/10/2025;21/10/2025;08:03:17;5;278.004,00;INVT;EST_INV_AME;MDCOSTA;;;;;;;;;5;UN;CDFL - CD FLORES;;0;5;5;AMEN;;;;0,00;0,00;0;;0;0;;;B;;;;0;UN;2025;;;S;WE;0,00;BRL;;;0;0;UN;UN;19.460,28;0,00;;
CDFL;4500118240;;;50;0;0;400051;TRAFO AER 3F 15KV 225KVA 220/127V 7TP;101;EM Entrada mercador.;0180033231;1003291;5000230763;2;03/10/2025;13/10/2025;13/10/2025;08:38:14;2;111.201,60;INVT;EST_INV_AME;MDCOSTA;;;;;;;;;2;UN;CDFL - CD FLORES;;0;2;2;AMEN;;;;0,00;0,00;0;;0;0;;;B;;;;0;UN;2025;;;S;WE;0,00;BRL;;;0;0;UN;UN;7.784,11;0,00;;
CDFL;4500133042;;;10;0;0;400069;"TRAFO CRTE 15KV; 5-5A; 0,3C12,5 BARRA";101;EM Entrada mercador.;0180034547;1007548;5000247808;1;08/12/2025;27/01/2026;27/01/2026;10:11:26;45;67.339,35;INVT;EST_INV_AME;MDCOSTA;;;;;;;;;45;UN;CDFL - CD FLORES;;0;45;45;AMEN;;;;0,00;0,00;0;;0;0;;;B;;;;0;UN;2026;;;S;WE;0,00;BRL;;;0;0;UN;UN;4.095,00;8.839,35;;
CDFL;4500136509;;;10;0;0;400072;TRAFO AER 1F 7,96KV 5KVA 240/120V 7TP;101;EM Entrada mercador.;0180035439;1003291;5000257478;1;26/03/2026;31/03/2026;31/03/2026;09:57:32;2;9.173,28;INVT;EST_INV_AME;MDCOSTA;;;;;;;;;2;UN;CDFL - CD FLORES;;0;2;2;AMEN;;;;0,00;0,00;0;;0;0;;;B;;;;0;UN;2026;;;S;WE;0,00;BRL;;;0;0;UN;UN;642,13;0,00;;
CDFL;4500134196;;;10;0;0;400072;TRAFO AER 1F 7,96KV 5KVA 240/120V 7TP;101;EM Entrada mercador.;0180035438;1003291;5000257476;2;26/03/2026;31/03/2026;31/03/2026;09:54:06;1;4.586,64;INVT;EST_INV_AME;MDCOSTA;;;;;;;;;1;UN;CDFL - CD FLORES;;0;1;1;AMEN;;;;0,00;0,00;0;;0;0;;;B;;;;0;UN;2026;;;S;WE;0,00;BRL;;;0;0;UN;UN;321,06;0,00;;
CDFL;4500141692;;;10;0;0;400072;TRAFO AER 1F 7,96KV 5KVA 240/120V 7TP;101;EM Entrada mercador.;0180035187;1003291;5000256111;1;09/03/2026;16/03/2026;16/03/2026;08:23:46;1;4.586,64;INVT;EST_INV_AME;MDCOSTA;;;;;;;;;1;UN;CDFL - CD FLORES;;0;1;1;AMEN;;;;0,00;0,00;0;;0;0;;;B;;;;0;UN;2026;;;S;WE;0,00;BRL;;;0;0;UN;UN;321,06;0,00;;
CDFL;4500139117;;;10;0;0;400072;TRAFO AER 1F 7,96KV 5KVA 240/120V 7TP;101;EM Entrada mercador.;0180035150;1003291;5000254710;1;04/03/2026;10/03/2026;10/03/2026;10:22:55;3;13.759,92;INVT;EST_INV_AME;MDCOSTA;;;;;;;;;3;UN;CDFL - CD FLORES;;0;3;3;AMEN;;;;0,00;0,00;0;;0;0;;;B;;;;0;UN;2026;;;S;WE;0,00;BRL;;;0;0;UN;UN;963,19;0,00;;
CDFL;4500139117;;;10;0;0;400072;TRAFO AER 1F 7,96KV 5KVA 240/120V 7TP;101;EM Entrada mercador.;0180035011;1003291;5000253418;2;24/02/2026;02/03/2026;02/03/2026;10:52:16;3;13.759,92;INVT;EST_INV_AME;MDCOSTA;;;;;;;;;3;UN;CDFL - CD FLORES;;0;3;3;AMEN;;;;0,00;0,00;0;;0;0;;;B;;;;0;UN;2026;;;S;WE;0,00;BRL;;;0;0;UN;UN;963,19;0,00;;
CDFL;4500136509;;;10;0;0;400072;TRAFO AER 1F 7,96KV 5KVA 240/120V 7TP;101;EM Entrada mercador.;0180034877;1003291;5000252088;1;13/02/2026;20/02/2026;20/02/2026;14:10:57;1;4.586,64;INVT;EST_INV_AME;MDCOSTA;;;;;;;;;1;UN;CDFL - CD FLORES;;0;1;1;AMEN;;;;0,00;0,00;0;;0;0;;;B;;;;0;UN;2026;;;S;WE;0,00;BRL;;;0;0;UN;UN;321,06;0,00;;
CDFL;4500139117;;;10;0;0;400072;TRAFO AER 1F 7,96KV 5KVA 240/120V 7TP;101;EM Entrada mercador.;0180034878;1003291;5000252090;2;13/02/2026;20/02/2026;20/02/2026;14:15:14;29;133.012,56;INVT;EST_INV_AME;MDCOSTA;;;;;;;;;29;UN;CDFL - CD FLORES;;0;29;29;AMEN;;;;0,00;0,00;0;;0;0;;;B;;;;0;UN;2026;;;S;WE;0,00;BRL;;;0;0;UN;UN;9.310,88;0,00;;
CDFL;4500141692;;;10;0;0;400072;TRAFO AER 1F 7,96KV 5KVA 240/120V 7TP;101;EM Entrada mercador.;0180034880;1003291;5000252092;1;13/02/2026;20/02/2026;20/02/2026;14:17:14;3;13.759,92;INVT;EST_INV_AME;MDCOSTA;;;;;;;;;3;UN;CDFL - CD FLORES;;0;3;3;AMEN;;;;0,00;0,00;0;;0;0;;;B;;;;0;UN;2026;;;S;WE;0,00;BRL;;;0;0;UN;UN;963,19;0,00;;
CDFL;4500139117;;;10;0;0;400072;TRAFO AER 1F 7,96KV 5KVA 240/120V 7TP;101;EM Entrada mercador.;0180034809;1003291;5000251534;1;11/02/2026;14/02/2026;14/02/2026;07:28:28;45;206.398,80;INVT;EST_INV_AME;MDCOSTA;;;;;;;;;45;UN;CDFL - CD FLORES;;0;45;45;AMEN;;;;0,00;0,00;0;;0;0;;;B;;;;0;UN;2026;;;S;WE;0,00;BRL;;;0;0;UN;UN;14.447,92;0,00;;
CDFL;4500141692;;;10;0;0;400072;TRAFO AER 1F 7,96KV 5KVA 240/120V 7TP;101;EM Entrada mercador.;0180034815;1003291;5000251540;1;10/02/2026;14/02/2026;14/02/2026;07:44:43;6;27.519,84;INVT;EST_INV_AME;MDCOSTA;;;;;;;;;6;UN;CDFL - CD FLORES;;0;6;6;AMEN;;;;0,00;0,00;0;;0;0;;;B;;;;0;UN;2026;;;S;WE;0,00;BRL;;;0;0;UN;UN;1.926,39;0,00;;
CDFL;4500134196;;;10;0;0;400072;TRAFO AER 1F 7,96KV 5KVA 240/120V 7TP;101;EM Entrada mercador.;0180034814;1003291;5000251539;1;10/02/2026;14/02/2026;14/02/2026;07:43:00;1;4.586,64;INVT;EST_INV_AME;MDCOSTA;;;;;;;;;1;UN;CDFL - CD FLORES;;0;1;1;AMEN;;;;0,00;0,00;0;;0;0;;;B;;;;0;UN;2026;;;S;WE;0,00;BRL;;;0;0;UN;UN;321,06;0,00;;
CDFL;4500139117;;;10;0;0;400072;TRAFO AER 1F 7,96KV 5KVA 240/120V 7TP;101;EM Entrada mercador.;0180034812;1003291;5000251537;1;11/02/2026;14/02/2026;14/02/2026;07:38:57;50;229.332,00;INVT;EST_INV_AME;MDCOSTA;;;;;;;;;50;UN;CDFL - CD FLORES;;0;50;50;AMEN;;;;0,00;0,00;0;;0;0;;;B;;;;0;UN;2026;;;S;WE;0,00;BRL;;;0;0;UN;UN;16.053,24;0,00;;
CDFL;4500141692;;;10;0;0;400072;TRAFO AER 1F 7,96KV 5KVA 240/120V 7TP;101;EM Entrada mercador.;0180034769;1003291;5000250600;1;10/02/2026;11/02/2026;11/02/2026;15:13:05;45;206.398,80;INVT;EST_INV_AME;MDCOSTA;;;;;;;;;45;UN;CDFL - CD FLORES;;0;45;45;AMEN;;;;0,00;0,00;0;;0;0;;;B;;;;0;UN;2026;;;S;WE;0,00;BRL;;;0;0;UN;UN;14.447,92;0,00;;
CDFL;4500141692;;;10;0;0;400072;TRAFO AER 1F 7,96KV 5KVA 240/120V 7TP;101;EM Entrada mercador.;0180034768;1003291;5000250598;1;10/02/2026;11/02/2026;11/02/2026;15:11:06;45;206.398,80;INVT;EST_INV_AME;MDCOSTA;;;;;;;;;45;UN;CDFL - CD FLORES;;0;45;45;AMEN;;;;0,00;0,00;0;;0;0;;;B;;;;0;UN;2026;;;S;WE;0,00;BRL;;;0;0;UN;UN;14.447,92;0,00;;
CDFL;4500136509;;;10;0;0;400072;TRAFO AER 1F 7,96KV 5KVA 240/120V 7TP;101;EM Entrada mercador.;0180034736;1003291;5000250014;1;04/02/2026;10/02/2026;10/02/2026;11:14:58;6;27.519,84;INVT;EST_INV_AME;MDCOSTA;;;;;;;;;6;UN;CDFL - CD FLORES;;0;6;6;AMEN;;;;0,00;0,00;0;;0;0;;;B;;;;0;UN;2026;;;S;WE;0,00;BRL;;;0;0;UN;UN;1.926,39;0,00;;
CDFL;4500136509;;;10;0;0;400072;TRAFO AER 1F 7,96KV 5KVA 240/120V 7TP;101;EM Entrada mercador.;0180034470;1003291;5000246861;1;13/01/2026;21/01/2026;21/01/2026;15:53:27;42;192.638,88;INVT;EST_INV_AME;MDCOSTA;;;;;;;;;42;UN;CDFL - CD FLORES;;0;42;42;AMEN;;;;0,00;0,00;0;;0;0;;;B;;;;0;UN;2026;;;S;WE;0,00;BRL;;;0;0;UN;UN;13.484,72;0,00;;
CDFL;4500136509;;;10;0;0;400072;TRAFO AER 1F 7,96KV 5KVA 240/120V 7TP;101;EM Entrada mercador.;0180034472;1003291;5000246863;1;13/01/2026;21/01/2026;21/01/2026;15:55:53;46;210.985,44;INVT;EST_INV_AME;MDCOSTA;;;;;;;;;46;UN;CDFL - CD FLORES;;0;46;46;AMEN;;;;0,00;0,00;0;;0;0;;;B;;;;0;UN;2026;;;S;WE;0,00;BRL;;;0;0;UN;UN;14.768,98;0,00;;
CDFL;4500136509;;;10;0;0;400072;TRAFO AER 1F 7,96KV 5KVA 240/120V 7TP;101;EM Entrada mercador.;0180034469;1003291;5000246848;1;13/01/2026;21/01/2026;21/01/2026;15:20:49;40;183.465,60;INVT;EST_INV_AME;MDCOSTA;;;;;;;;;40;UN;CDFL - CD FLORES;;0;40;40;AMEN;;;;0,00;0,00;0;;0;0;;;B;;;;0;UN;2026;;;S;WE;0,00;BRL;;;0;0;UN;UN;12.842,59;0,00;;
CDFL;4500136509;;;10;0;0;400072;TRAFO AER 1F 7,96KV 5KVA 240/120V 7TP;101;EM Entrada mercador.;0180034468;1003291;5000246847;1;13/01/2026;21/01/2026;21/01/2026;15:18:56;40;183.465,60;INVT;EST_INV_AME;MDCOSTA;;;;;;;;;40;UN;CDFL - CD FLORES;;0;40;40;AMEN;;;;0,00;0,00;0;;0;0;;;B;;;;0;UN;2026;;;S;WE;0,00;BRL;;;0;0;UN;UN;12.842,59;0,00;;
CDFL;4500134196;;;10;0;0;400072;TRAFO AER 1F 7,96KV 5KVA 240/120V 7TP;101;EM Entrada mercador.;0180034467;1003291;5000246844;1;30/12/2025;21/01/2026;21/01/2026;15:16:04;3;13.759,92;INVT;EST_INV_AME;MDCOSTA;;;;;;;;;3;UN;CDFL - CD FLORES;;0;3;3;AMEN;;;;0,00;0,00;0;;0;0;;;B;;;;0;UN;2026;;;S;WE;0,00;BRL;;;0;0;UN;UN;963,19;0,00;;
CDFL;4500136509;;;10;0;0;400072;TRAFO AER 1F 7,96KV 5KVA 240/120V 7TP;101;EM Entrada mercador.;0180034474;1003291;5000246880;1;14/01/2026;21/01/2026;21/01/2026;16:07:40;19;87.146,16;INVT;EST_INV_AME;MDCOSTA;;;;;;;;;19;UN;CDFL - CD FLORES;;0;19;19;AMEN;;;;0,00;0,00;0;;0;0;;;B;;;;0;UN;2026;;;S;WE;0,00;BRL;;;0;0;UN;UN;6.100,23;0,00;;
CDFL;4500136509;;;10;0;0;400072;TRAFO AER 1F 7,96KV 5KVA 240/120V 7TP;101;EM Entrada mercador.;0180034473;1003291;5000246872;1;14/01/2026;21/01/2026;21/01/2026;16:00:28;46;210.985,44;INVT;EST_INV_AME;MDCOSTA;;;;;;;;;46;UN;CDFL - CD FLORES;;0;46;46;AMEN;;;;0,00;0,00;0;;0;0;;;B;;;;0;UN;2026;;;S;WE;0,00;BRL;;;0;0;UN;UN;14.768,98;0,00;;
CDFL;4500134196;;;10;0;0;400072;TRAFO AER 1F 7,96KV 5KVA 240/120V 7TP;101;EM Entrada mercador.;0180034078;1003291;5000241679;4;09/12/2025;15/12/2025;15/12/2025;08:47:02;5;22.933,20;INVT;EST_INV_AME;MDCOSTA;;;;;;;;;5;UN;CDFL - CD FLORES;;0;5;5;AMEN;;;;0,00;0,00;0;;0;0;;;B;;;;0;UN;2025;;;S;WE;0,00;BRL;;;0;0;UN;UN;1.605,32;0,00;;
CDFL;4500134196;;;10;0;0;400072;TRAFO AER 1F 7,96KV 5KVA 240/120V 7TP;101;EM Entrada mercador.;0180034023;1003291;5000240954;1;04/12/2025;11/12/2025;11/12/2025;08:13:05;9;41.279,76;INVT;EST_INV_AME;MDCOSTA;;;;;;;;;9;UN;CDFL - CD FLORES;;0;9;9;AMEN;;;;0,00;0,00;0;;0;0;;;B;;;;0;UN;2025;;;S;WE;0,00;BRL;;;0;0;UN;UN;2.889,58;0,00;;
CDFL;4500121355;;;10;0;0;400072;TRAFO AER 1F 7,96KV 5KVA 240/120V 7TP;101;EM Entrada mercador.;0180033946;1003291;5000239440;1;25/11/2025;03/12/2025;03/12/2025;10:40:23;1;4.586,64;INVT;EST_INV_AME;MDCOSTA;;;;;;;;;1;UN;CDFL - CD FLORES;;0;1;1;AMEN;;;;0,00;0,00;0;;0;0;;;B;;;;0;UN;2025;;;S;WE;0,00;BRL;;;0;0;UN;UN;321,06;0,00;;
CDFL;4500134196;;;10;0;0;400072;TRAFO AER 1F 7,96KV 5KVA 240/120V 7TP;101;EM Entrada mercador.;0180033941;1003291;5000239432;1;02/12/2025;03/12/2025;03/12/2025;10:24:03;40;183.465,60;INVT;EST_INV_AME;MDCOSTA;;;;;;;;;40;UN;CDFL - CD FLORES;;0;40;40;AMEN;;;;0,00;0,00;0;;0;0;;;B;;;;0;UN;2025;;;S;WE;0,00;BRL;;;0;0;UN;UN;12.842,59;0,00;;
CDFL;4500134196;;;10;0;0;400072;TRAFO AER 1F 7,96KV 5KVA 240/120V 7TP;101;EM Entrada mercador.;0180033942;1003291;5000239433;1;02/12/2025;03/12/2025;03/12/2025;10:26:10;46;210.985,44;INVT;EST_INV_AME;MDCOSTA;;;;;;;;;46;UN;CDFL - CD FLORES;;0;46;46;AMEN;;;;0,00;0,00;0;;0;0;;;B;;;;0;UN;2025;;;S;WE;0,00;BRL;;;0;0;UN;UN;14.768,98;0,00;;
CDFL;4500129073;;;30;0;0;400072;TRAFO AER 1F 7,96KV 5KVA 240/120V 7TP;101;EM Entrada mercador.;0180033787;1003291;5000236402;1;07/11/2025;17/11/2025;17/11/2025;15:50:04;20;91.732,80;INVT;EST_INV_AME;LPEIXOTO;;;;;;;;;20;UN;CDFL - CD FLORES;;0;20;20;AMEN;;;;0,00;0,00;0;;0;0;;;B;;;;0;UN;2025;;;S;WE;0,00;BRL;;;0;0;UN;UN;6.421,30;0,00;;
CDFL;4500129073;;;30;0;0;400072;TRAFO AER 1F 7,96KV 5KVA 240/120V 7TP;101;EM Entrada mercador.;0180033600;1003291;5000234790;1;31/10/2025;05/11/2025;05/11/2025;14:54:55;40;183.465,60;INVT;EST_INV_AME;MDCOSTA;;;;;;;;;40;UN;CDFL - CD FLORES;;0;40;40;AMEN;;;;0,00;0,00;0;;0;0;;;B;;;;0;UN;2025;;;S;WE;0,00;BRL;;;0;0;UN;UN;12.842,59;0,00;;
CDFL;4500129073;;;30;0;0;400072;TRAFO AER 1F 7,96KV 5KVA 240/120V 7TP;101;EM Entrada mercador.;0180033602;1003291;5000234792;1;31/10/2025;05/11/2025;05/11/2025;14:59:32;43;197.225,52;INVT;EST_INV_AME;MDCOSTA;;;;;;;;;43;UN;CDFL - CD FLORES;;0;43;43;AMEN;;;;0,00;0,00;0;;0;0;;;B;;;;0;UN;2025;;;S;WE;0,00;BRL;;;0;0;UN;UN;13.805,79;0,00;;
CDFL;4500129073;;;30;0;0;400072;TRAFO AER 1F 7,96KV 5KVA 240/120V 7TP;101;EM Entrada mercador.;0180033503;1003291;5000234169;1;22/10/2025;28/10/2025;28/10/2025;15:00:32;50;229.332,00;INVT;EST_INV_AME;MDCOSTA;;;;;;;;;50;UN;CDFL - CD FLORES;;0;50;50;AMEN;;;;0,00;0,00;0;;0;0;;;B;;;;0;UN;2025;;;S;WE;0,00;BRL;;;0;0;UN;UN;16.053,24;0,00;;
CDFL;4500121355;;;10;0;0;400072;TRAFO AER 1F 7,96KV 5KVA 240/120V 7TP;101;EM Entrada mercador.;0180033501;1003291;5000234162;1;20/10/2025;28/10/2025;28/10/2025;14:44:15;2;9.173,28;INVT;EST_INV_AME;MDCOSTA;;;;;;;;;2;UN;CDFL - CD FLORES;;0;2;2;AMEN;;;;0,00;0,00;0;;0;0;;;B;;;;0;UN;2025;;;S;WE;0,00;BRL;;;0;0;UN;UN;642,13;0,00;;
CDFL;4500121355;;;10;0;0;400072;TRAFO AER 1F 7,96KV 5KVA 240/120V 7TP;101;EM Entrada mercador.;0180033311;1003291;5000232008;1;06/10/2025;17/10/2025;17/10/2025;07:39:42;1;4.586,64;INVT;EST_INV_AME;MDCOSTA;;;;;;;;;1;UN;CDFL - CD FLORES;;0;1;1;AMEN;;;;0,00;0,00;0;;0;0;;;B;;;;0;UN;2025;;;S;WE;0,00;BRL;;;0;0;UN;UN;321,06;0,00;;
CDFL;4500125193;;;10;0;0;400072;TRAFO AER 1F 7,96KV 5KVA 240/120V 7TP;101;EM Entrada mercador.;0180033227;1003291;5000230755;2;01/10/2025;13/10/2025;13/10/2025;08:25:38;19;87.146,16;INVT;EST_INV_AME;MDCOSTA;;;;;;;;;19;UN;CDFL - CD FLORES;;0;19;19;AMEN;;;;0,00;0,00;0;;0;0;;;B;;;;0;UN;2025;;;S;WE;0,00;BRL;;;0;0;UN;UN;6.100,23;0,00;;
CDFL;4500125193;;;10;0;0;400072;TRAFO AER 1F 7,96KV 5KVA 240/120V 7TP;101;EM Entrada mercador.;0180033069;1003291;5000228913;1;26/09/2025;01/10/2025;01/10/2025;10:51:21;48;220.158,72;INVT;EST_INV_AME;MDCOSTA;;;;;;;;;48;UN;CDFL - CD FLORES;;0;48;48;AMEN;;;;0,00;0,00;0;;0;0;;;B;;;;0;UN;2025;;;S;WE;0,00;BRL;;;0;0;UN;UN;15.411,11;0,00;;
CDFL;4500129073;;;70;0;0;400073;TRAFO AER 3F 15KV 45KVA 220/127V 7TP;101;EM Entrada mercador.;0180035440;1003291;5000257481;2;26/03/2026;31/03/2026;31/03/2026;10:03:23;1;15.179,96;INVT;EST_INV_AME;MDCOSTA;;;;;;;;;1;UN;CDFL - CD FLORES;;0;1;1;AMEN;;;;0,00;0,00;0;;0;0;;;B;;;;0;UN;2026;;;S;WE;0,00;BRL;;;0;0;UN;UN;1.062,60;0,00;;
CDFL;4500139117;;;30;0;0;400073;TRAFO AER 3F 15KV 45KVA 220/127V 7TP;101;EM Entrada mercador.;0180035410;1003291;5000257324;1;23/03/2026;26/03/2026;26/03/2026;14:15:49;4;60.719,84;INVT;EST_INV_AME;MDCOSTA;;;;;;;;;4;UN;CDFL - CD FLORES;;0;4;4;AMEN;;;;0,00;0,00;0;;0;0;;;B;;;;0;UN;2026;;;S;WE;0,00;BRL;;;0;0;UN;UN;4.250,39;0,00;;
CDFL;4500139117;;;30;0;0;400073;TRAFO AER 3F 15KV 45KVA 220/127V 7TP;101;EM Entrada mercador.;0180035279;1003291;5000256517;1;13/03/2026;18/03/2026;18/03/2026;10:00:18;4;60.719,84;INVT;EST_INV_AME;MDCOSTA;;;;;;;;;4;UN;CDFL - CD FLORES;;0;4;4;AMEN;;;;0,00;0,00;0;;0;0;;;B;;;;0;UN;2026;;;S;WE;0,00;BRL;;;0;0;UN;UN;4.250,39;0,00;;
CDFL;4500139117;;;30;0;0;400073;TRAFO AER 3F 15KV 45KVA 220/127V 7TP;101;EM Entrada mercador.;0180035262;1003291;5000256495;1;16/03/2026;18/03/2026;18/03/2026;09:14:38;4;60.719,84;INVT;EST_INV_AME;MDCOSTA;;;;;;;;;4;UN;CDFL - CD FLORES;;0;4;4;AMEN;;;;0,00;0,00;0;;0;0;;;B;;;;0;UN;2026;;;S;WE;0,00;BRL;;;0;0;UN;UN;4.250,39;0,00;;
CDFL;4500129073;;;70;0;0;400073;TRAFO AER 3F 15KV 45KVA 220/127V 7TP;101;EM Entrada mercador.;0180035264;1003291;5000256498;1;16/03/2026;18/03/2026;18/03/2026;09:18:35;2;30.359,92;INVT;EST_INV_AME;MDCOSTA;;;;;;;;;2;UN;CDFL - CD FLORES;;0;2;2;AMEN;;;;0,00;0,00;0;;0;0;;;B;;;;0;UN;2026;;;S;WE;0,00;BRL;;;0;0;UN;UN;2.125,19;0,00;;
CDFL;4500139117;;;30;0;0;400073;TRAFO AER 3F 15KV 45KVA 220/127V 7TP;101;EM Entrada mercador.;0180035151;1003291;5000254711;2;04/03/2026;10/03/2026;10/03/2026;10:26:00;1;15.179,96;INVT;EST_INV_AME;MDCOSTA;;;;;;;;;1;UN;CDFL - CD FLORES;;0;1;1;AMEN;;;;0,00;0,00;0;;0;0;;;B;;;;0;UN;2026;;;S;WE;0,00;BRL;;;0;0;UN;UN;1.062,60;0,00;;
CDFL;4500139117;;;30;0;0;400073;TRAFO AER 3F 15KV 45KVA 220/127V 7TP;101;EM Entrada mercador.;0180035150;1003291;5000254710;3;04/03/2026;10/03/2026;10/03/2026;10:22:55;1;15.179,96;INVT;EST_INV_AME;MDCOSTA;;;;;;;;;1;UN;CDFL - CD FLORES;;0;1;1;AMEN;;;;0,00;0,00;0;;0;0;;;B;;;;0;UN;2026;;;S;WE;0,00;BRL;;;0;0;UN;UN;1.062,60;0,00;;
CDFL;4500139117;;;30;0;0;400073;TRAFO AER 3F 15KV 45KVA 220/127V 7TP;101;EM Entrada mercador.;0180035010;1003291;5000253417;2;24/02/2026;02/03/2026;02/03/2026;10:48:46;3;45.539,88;INVT;EST_INV_AME;MDCOSTA;;;;;;;;;3;UN;CDFL - CD FLORES;;0;3;3;AMEN;;;;0,00;0,00;0;;0;0;;;B;;;;0;UN;2026;;;S;WE;0,00;BRL;;;0;0;UN;UN;3.187,79;0,00;;
CDFL;4500139117;;;30;0;0;400073;TRAFO AER 3F 15KV 45KVA 220/127V 7TP;101;EM Entrada mercador.;0180035011;1003291;5000253418;4;24/02/2026;02/03/2026;02/03/2026;10:52:16;2;30.359,92;INVT;EST_INV_AME;MDCOSTA;;;;;;;;;2;UN;CDFL - CD FLORES;;0;2;2;AMEN;;;;0,00;0,00;0;;0;0;;;B;;;;0;UN;2026;;;S;WE;0,00;BRL;;;0;0;UN;UN;2.125,19;0,00;;
CDFL;4500139117;;;30;0;0;400073;TRAFO AER 3F 15KV 45KVA 220/127V 7TP;101;EM Entrada mercador.;0180034813;1003291;5000251538;2;10/02/2026;14/02/2026;14/02/2026;07:41:17;1;15.179,96;INVT;EST_INV_AME;MDCOSTA;;;;;;;;;1;UN;CDFL - CD FLORES;;0;1;1;AMEN;;;;0,00;0,00;0;;0;0;;;B;;;;0;UN;2026;;;S;WE;0,00;BRL;;;0;0;UN;UN;1.062,60;0,00;;
CDFL;4500139117;;;30;0;0;400073;TRAFO AER 3F 15KV 45KVA 220/127V 7TP;101;EM Entrada mercador.;0180034811;1003291;5000251536;1;11/02/2026;14/02/2026;14/02/2026;07:35:19;1;15.179,96;INVT;EST_INV_AME;MDCOSTA;;;;;;;;;1;UN;CDFL - CD FLORES;;0;1;1;AMEN;;;;0,00;0,00;0;;0;0;;;B;;;;0;UN;2026;;;S;WE;0,00;BRL;;;0;0;UN;UN;1.062,60;0,00;;
CDFL;4500129073;;;70;0;0;400073;TRAFO AER 3F 15KV 45KVA 220/127V 7TP;101;EM Entrada mercador.;0180034734;1003291;5000250005;2;04/02/2026;10/02/2026;10/02/2026;11:12:18;1;15.179,96;INVT;EST_INV_AME;MDCOSTA;;;;;;;;;1;UN;CDFL - CD FLORES;;0;1;1;AMEN;;;;0,00;0,00;0;;0;0;;;B;;;;0;UN;2026;;;S;WE;0,00;BRL;;;0;0;UN;UN;1.062,60;0,00;;
CDFL;4500129073;;;70;0;0;400073;TRAFO AER 3F 15KV 45KVA 220/127V 7TP;101;EM Entrada mercador.;0180034466;1003291;5000246842;1;30/12/2025;21/01/2026;21/01/2026;15:12:09;1;15.179,96;INVT;EST_INV_AME;MDCOSTA;;;;;;;;;1;UN;CDFL - CD FLORES;;0;1;1;AMEN;;;;0,00;0,00;0;;0;0;;;B;;;;0;UN;2026;;;S;WE;0,00;BRL;;;0;0;UN;UN;1.062,60;0,00;;
CDFL;4500125193;;;40;0;0;400073;TRAFO AER 3F 15KV 45KVA 220/127V 7TP;101;EM Entrada mercador.;0180034219;1003291;5000243960;2;17/12/2025;22/12/2025;22/12/2025;15:02:15;1;15.179,96;INVT;EST_INV_AME;MDCOSTA;;;;;;;;;1;UN;CDFL - CD FLORES;;0;1;1;AMEN;;;;0,00;0,00;0;;0;0;;;B;;;;0;UN;2025;;;S;WE;0,00;BRL;;;0;0;UN;UN;1.062,60;0,00;;
CDFL;4500129073;;;70;0;0;400073;TRAFO AER 3F 15KV 45KVA 220/127V 7TP;101;EM Entrada mercador.;0180034068;1003291;5000241648;4;04/12/2025;15/12/2025;15/12/2025;08:09:03;4;60.719,84;INVT;EST_INV_AME;MDCOSTA;;;;;;;;;4;UN;CDFL - CD FLORES;;0;4;4;AMEN;;;;0,00;0,00;0;;0;0;;;B;;;;0;UN;2025;;;S;WE;0,00;BRL;;;0;0;UN;UN;4.250,39;0,00;;
CDFL;4500129073;;;70;0;0;400073;TRAFO AER 3F 15KV 45KVA 220/127V 7TP;101;EM Entrada mercador.;0180033945;1003291;5000239438;1;25/11/2025;03/12/2025;03/12/2025;10:36:11;24;364.319,04;INVT;EST_INV_AME;MDCOSTA;;;;;;;;;24;UN;CDFL - CD FLORES;;0;24;24;AMEN;;;;0,00;0,00;0;;0;0;;;B;;;;0;UN;2025;;;S;WE;0,00;BRL;;;0;0;UN;UN;25.502,33;0,00;;
CDFL;4500129073;;;70;0;0;400073;TRAFO AER 3F 15KV 45KVA 220/127V 7TP;101;EM Entrada mercador.;0180033947;1003291;5000239441;2;02/12/2025;03/12/2025;03/12/2025;10:45:07;3;45.539,88;INVT;EST_INV_AME;MDCOSTA;;;;;;;;;3;UN;CDFL - CD FLORES;;0;3;3;AMEN;;;;0,00;0,00;0;;0;0;;;B;;;;0;UN;2025;;;S;WE;0,00;BRL;;;0;0;UN;UN;3.187,79;0,00;;
CDFL;4500125193;;;40;0;0;400073;TRAFO AER 3F 15KV 45KVA 220/127V 7TP;101;EM Entrada mercador.;0180033502;1003291;5000234163;1;20/10/2025;28/10/2025;28/10/2025;14:46:58;14;212.519,44;INVT;EST_INV_AME;MDCOSTA;;;;;;;;;14;UN;CDFL - CD FLORES;;0;14;14;AMEN;;;;0,00;0,00;0;;0;0;;;B;;;;0;UN;2025;;;S;WE;0,00;BRL;;;0;0;UN;UN;14.876,36;0,00;;
CDFL;4500121355;;;30;0;0;400073;TRAFO AER 3F 15KV 45KVA 220/127V 7TP;101;EM Entrada mercador.;0180033311;1003291;5000232008;3;06/10/2025;17/10/2025;17/10/2025;07:39:42;4;60.719,84;INVT;EST_INV_AME;MDCOSTA;;;;;;;;;4;UN;CDFL - CD FLORES;;0;4;4;AMEN;;;;0,00;0,00;0;;0;0;;;B;;;;0;UN;2025;;;S;WE;0,00;BRL;;;0;0;UN;UN;4.250,39;0,00;;
CDFL;4500114957;;;40;0;0;400073;TRAFO AER 3F 15KV 45KVA 220/127V 7TP;101;EM Entrada mercador.;0180033228;1003291;5000230756;1;01/10/2025;13/10/2025;13/10/2025;08:29:15;5;75.899,80;INVT;EST_INV_AME;MDCOSTA;;;;;;;;;5;UN;CDFL - CD FLORES;;0;5;5;AMEN;;;;0,00;0,00;0;;0;0;;;B;;;;0;UN;2025;;;S;WE;0,00;BRL;;;0;0;UN;UN;5.312,99;0,00;;
CDFL;4500114957;;;40;0;0;400073;TRAFO AER 3F 15KV 45KVA 220/127V 7TP;101;EM Entrada mercador.;0180033228;1003291;5000230756;2;01/10/2025;13/10/2025;13/10/2025;08:29:15;2;30.359,92;INVT;EST_INV_AME;MDCOSTA;;;;;;;;;2;UN;CDFL - CD FLORES;;0;2;2;AMEN;;;;0,00;0,00;0;;0;0;;;B;;;;0;UN;2025;;;S;WE;0,00;BRL;;;0;0;UN;UN;2.125,19;0,00;;
CDFL;4500144468;;;30;0;0;400111;ISOLADOR CAST PORC 13,8KV 90MM 3400DAN;101;EM Entrada mercador.;0180035382;1010868;5000257294;2;26/03/2026;26/03/2026;26/03/2026;08:16:44;131;1.797,47;INVT;EST_INV_AME;MDCOSTA;;;;;;;;;131;UN;CDFL - CD FLORES;;0;131;131;AMEN;;;;0,00;0,00;0;;0;0;;;B;;;;0;UN;2026;;;S;WE;0,00;BRL;;;0;0;UN;UN;109,31;235,95;;
CDFL;4500144468;;;20;0;0;400140;ISOLADOR RODL PORC 15KV 81X47MM 1350DAN;101;EM Entrada mercador.;0180035382;1010868;5000257294;1;26/03/2026;26/03/2026;26/03/2026;08:16:44;3.500;30.578,97;INVT;EST_INV_AME;MDCOSTA;;;;;;;;;3.500;UN;CDFL - CD FLORES;;0;3.500;3.500;AMEN;;;;0,00;0,00;0;;0;0;;;B;;;;0;UN;2026;;;S;WE;0,00;BRL;;;0;0;UN;UN;1.859,55;4.013,97;;
CDFL;4500137994;;;10;0;0;400140;ISOLADOR RODL PORC 15KV 81X47MM 1350DAN;101;EM Entrada mercador.;0180034685;1010868;5000249358;1;20/01/2026;05/02/2026;05/02/2026;16:47:16;1.230;10.746,32;INVT;EST_INV_AME;MDCOSTA;;;;;;;;;1.230;UN;CDFL - CD FLORES;;0;1.230;1.230;AMEN;;;;0,00;0,00;0;;0;0;;;B;;;;0;UN;2026;;;S;WE;0,00;BRL;;;0;0;UN;UN;653,50;1.410,62;;
CDFL;4500132618;;;10;0;0;400152;MED EL 3E 4F 120 240V 200A TB GD C;101;EM Entrada mercador.;0180034903;1003382;5000252695;1;23/02/2026;23/02/2026;23/02/2026;08:17:15;10;10.344,70;INVT;EST_INV_AME;MDCOSTA;;;;;;;;;10;UN;CDFL - CD FLORES;;0;10;10;AMEN;;;;0,00;0,00;0;;0;0;;;B;;;;0;UN;2026;;;S;WE;0,00;BRL;;;0;0;UN;UN;1.140,96;836,70;;
CDFL;4500129810;;;10;0;0;400183;MED EL 2E 3F 120V 120A TB GD B;101;EM Entrada mercador.;0180034821;1003382;5000251546;1;16/02/2026;16/02/2026;16/02/2026;07:35:02;81;53.378,25;INVT;EST_INV_AME;MDCOSTA;;;;;;;;;81;UN;CDFL - CD FLORES;;0;81;81;AMEN;;;;0,00;0,00;0;;0;0;;;B;;;;0;UN;2026;;;S;WE;0,00;BRL;;;0;0;UN;UN;5.887,31;4.317,36;;
CDFL;4500132844;;;20;0;0;400193;PARAFUSO OLHAL AC 5/8P 20P;101;EM Entrada mercador.;0180034204;1021472;5000243936;1;25/11/2025;22/12/2025;22/12/2025;11:23:33;1.100;32.846,00;INVT;EST_INV_AME;MDCOSTA;;;;;;;;;1.100;UN;CDFL - CD FLORES;;0;1.100;1.100;AMEN;;;;0,00;0,00;0;;0;0;;;B;;;;0;UN;2025;;;S;WE;0,00;BRL;;;0;0;UN;UN;0,00;0,00;;
CDFL;4500132898;;;20;0;0;400193;PARAFUSO OLHAL AC 5/8P 20P;101;EM Entrada mercador.;0180034170;1021472;5000243758;1;25/11/2025;19/12/2025;19/12/2025;11:33:04;1.100;32.846,00;INVT;EST_INV_AME;MDCOSTA;;;;;;;;;1.100;UN;CDFL - CD FLORES;;0;1.100;1.100;AMEN;;;;0,00;0,00;0;;0;0;;;B;;;;0;UN;2025;;;S;WE;0,00;BRL;;;0;0;UN;UN;0,00;0,00;;
CDFL;4500145217;;;50;0;0;400210;POSTE CONCRETO TRON CON 13M 1000KGF;101;EM Entrada mercador.;0180035401;1006698;5000257314;1;26/03/2026;26/03/2026;26/03/2026;09:54:43;4;14.260,88;INVT;EST_INV_AME;MDCOSTA;;;;;;;;;4;UN;CDFL - CD FLORES;;0;4;4;AMEN;;;;0,00;0,00;0;;0;0;;;B;;;;0;UN;2026;;;S;WE;0,00;BRL;;;0;0;UN;UN;998,26;0,00;;
CDFL;4500138262;;;40;0;0;400210;POSTE CONCRETO TRON CON 13M 1000KGF;101;EM Entrada mercador.;0180034690;1006698;5000249373;1;05/02/2026;05/02/2026;05/02/2026;17:36:17;3;10.695,66;INVT;EST_INV_AME;MDCOSTA;;;;;;;;;3;UN;CDFL - CD FLORES;;0;3;3;AMEN;;;;0,00;0,00;0;;0;0;;;B;;;;0;UN;2026;;;S;WE;0,00;BRL;;;0;0;UN;UN;748,70;0,00;;
CDFL;4500133065;;;10;0;0;400210;POSTE CONCRETO TRON CON 13M 1000KGF;101;EM Entrada mercador.;0180033828;1006698;5000236818;1;12/11/2025;19/11/2025;19/11/2025;08:43:15;5;17.826,10;INVT;EST_INV_AME;MDCOSTA;;;;;;;;;5;UN;CDFL - CD FLORES;;0;5;5;AMEN;;;;0,00;0,00;0;;0;0;;;B;;;;0;UN;2025;;;S;WE;0,00;BRL;;;0;0;UN;UN;1.247,83;0,00;;
CDFL;4500147049;;;10;0;0;400216;POSTE FIBRA VIDRO 9M 200DAN;101;EM Entrada mercador.;0180035049;1011711;5000253550;1;03/03/2026;03/03/2026;03/03/2026;11:07:15;3;4.494,00;INVT;EST_INV_AME;MDCOSTA;;;;;;;;;3;UN;CDFL - CD FLORES;;0;3;3;AMEN;;;;0,00;0,00;0;;0;0;;;B;;;;0;UN;2026;;;S;WE;0,00;BRL;;;0;0;UN;UN;349,54;0,00;;
CDFL;4500147049;;;20;0;0;400221;POSTE FIBRA VIDRO E-CR 11M 300DAN;101;EM Entrada mercador.;0180035048;1011711;5000253549;1;03/03/2026;03/03/2026;03/03/2026;11:04:54;50;107.500,00;INVT;EST_INV_AME;MDCOSTA;;;;;;;;;50;UN;CDFL - CD FLORES;;0;50;50;AMEN;;;;0,00;0,00;0;;0;0;;;B;;;;0;UN;2026;;;S;WE;0,00;BRL;;;0;0;UN;UN;7.525,00;0,00;;
CDFL;4500147049;;;20;0;0;400221;POSTE FIBRA VIDRO E-CR 11M 300DAN;101;EM Entrada mercador.;0180035044;1011711;5000253544;1;03/03/2026;03/03/2026;03/03/2026;10:48:45;50;107.500,00;INVT;EST_INV_AME;MDCOSTA;;;;;;;;;50;UN;CDFL - CD FLORES;;0;50;50;AMEN;;;;0,00;0,00;0;;0;0;;;B;;;;0;UN;2026;;;S;WE;0,00;BRL;;;0;0;UN;UN;7.525,00;0,00;;
CDFL;4500135969;;;10;0;0;400221;POSTE FIBRA VIDRO E-CR 11M 300DAN;101;EM Entrada mercador.;0180034039;1003624;5000241298;1;01/12/2025;11/12/2025;11/12/2025;14:58:18;50;108.100,00;INVT;EST_INV_AME;MDCOSTA;;;;;;;;;50;UN;CDFL - CD FLORES;;0;50;50;AMEN;;;;0,00;0,00;0;;0;0;;;B;;;;0;UN;2025;;;S;WE;0,00;BRL;;;0;0;UN;UN;7.567,00;0,00;;
CDFL;4500135969;;;10;0;0;400221;POSTE FIBRA VIDRO E-CR 11M 300DAN;101;EM Entrada mercador.;0180033937;1003624;5000239403;1;21/11/2025;03/12/2025;03/12/2025;08:42:29;50;108.100,00;INVT;EST_INV_AME;MDCOSTA;;;;;;;;;50;UN;CDFL - CD FLORES;;0;50;50;AMEN;;;;0,00;0,00;0;;0;0;;;B;;;;0;UN;2025;;;S;WE;0,00;BRL;;;0;0;UN;UN;7.567,00;0,00;;
CDFL;4500127848;;;30;0;0;400221;POSTE FIBRA VIDRO E-CR 11M 300DAN;101;EM Entrada mercador.;0180033124;1003624;5000229907;1;23/09/2025;06/10/2025;06/10/2025;14:53:49;50;108.100,00;INVT;EST_INV_AME;MDCOSTA;;;;;;;;;50;UN;CDFL - CD FLORES;;0;50;50;AMEN;;;;0,00;0,00;0;;0;0;;;B;;;;0;UN;2025;;;S;WE;0,00;BRL;;;0;0;UN;UN;7.567,00;0,00;;
CDFL;4500145239;;;10;0;0;400224;POSTE CONC DUPL T 11 M 300 DAN;101;EM Entrada mercador.;0180035378;1003866;5000257290;1;18/03/2026;26/03/2026;26/03/2026;07:53:44;25;40.500,00;INVT;EST_INV_AME;MDCOSTA;;;;;;;;;25;UN;CDFL - CD FLORES;;0;25;25;AMEN;;;;0,00;0,00;0;;0;0;;;B;;;;0;UN;2026;;;S;WE;0,00;BRL;;;0;0;UN;UN;2.835,00;0,00;;
CDFL;4500145239;;;10;0;0;400224;POSTE CONC DUPL T 11 M 300 DAN;101;EM Entrada mercador.;0180035312;1003866;5000256857;1;17/03/2026;20/03/2026;20/03/2026;07:55:25;25;40.500,00;INVT;EST_INV_AME;MDCOSTA;;;;;;;;;25;UN;CDFL - CD FLORES;;0;25;25;AMEN;;;;0,00;0,00;0;;0;0;;;B;;;;0;UN;2026;;;S;WE;0,00;BRL;;;0;0;UN;UN;2.835,00;0,00;;
CDFL;4500145239;;;10;0;0;400224;POSTE CONC DUPL T 11 M 300 DAN;101;EM Entrada mercador.;0180035292;1003866;5000256554;1;12/03/2026;18/03/2026;18/03/2026;11:38:36;25;40.500,00;INVT;EST_INV_AME;MDCOSTA;;;;;;;;;25;UN;CDFL - CD FLORES;;0;25;25;AMEN;;;;0,00;0,00;0;;0;0;;;B;;;;0;UN;2026;;;S;WE;0,00;BRL;;;0;0;UN;UN;2.835,00;0,00;;
CDFL;4500145239;;;10;0;0;400224;POSTE CONC DUPL T 11 M 300 DAN;101;EM Entrada mercador.;0180035245;1003866;5000256404;1;09/03/2026;17/03/2026;17/03/2026;10:36:25;25;40.500,00;INVT;EST_INV_AME;MDCOSTA;;;;;;;;;25;UN;CDFL - CD FLORES;;0;25;25;AMEN;;;;0,00;0,00;0;;0;0;;;B;;;;0;UN;2026;;;S;WE;0,00;BRL;;;0;0;UN;UN;2.835,00;0,00;;
CDFL;4500145239;;;10;0;0;400224;POSTE CONC DUPL T 11 M 300 DAN;101;EM Entrada mercador.;0180035244;1003866;5000256403;1;11/03/2026;17/03/2026;17/03/2026;10:33:06;25;40.500,00;INVT;EST_INV_AME;MDCOSTA;;;;;;;;;25;UN;CDFL - CD FLORES;;0;25;25;AMEN;;;;0,00;0,00;0;;0;0;;;B;;;;0;UN;2026;;;S;WE;0,00;BRL;;;0;0;UN;UN;2.835,00;0,00;;
CDFL;4500138279;;;30;0;0;400224;POSTE CONC DUPL T 11 M 300 DAN;101;EM Entrada mercador.;0180035134;1003866;5000254626;1;05/03/2026;10/03/2026;10/03/2026;08:10:16;25;40.500,00;INVT;EST_INV_AME;MDCOSTA;;;;;;;;;25;UN;CDFL - CD FLORES;;0;25;25;AMEN;;;;0,00;0,00;0;;0;0;;;B;;;;0;UN;2026;;;S;WE;0,00;BRL;;;0;0;UN;UN;2.835,00;0,00;;
CDFL;4500138279;;;30;0;0;400224;POSTE CONC DUPL T 11 M 300 DAN;101;EM Entrada mercador.;0180035135;1003866;5000254627;1;05/03/2026;10/03/2026;10/03/2026;08:13:26;10;16.200,00;INVT;EST_INV_AME;MDCOSTA;;;;;;;;;10;UN;CDFL - CD FLORES;;0;10;10;AMEN;;;;0,00;0,00;0;;0;0;;;B;;;;0;UN;2026;;;S;WE;0,00;BRL;;;0;0;UN;UN;1.134,00;0,00;;
CDFL;4500138279;;;30;0;0;400224;POSTE CONC DUPL T 11 M 300 DAN;101;EM Entrada mercador.;0180035136;1003866;5000254629;1;04/03/2026;10/03/2026;10/03/2026;08:16:09;25;40.500,00;INVT;EST_INV_AME;MDCOSTA;;;;;;;;;25;UN;CDFL - CD FLORES;;0;25;25;AMEN;;;;0,00;0,00;0;;0;0;;;B;;;;0;UN;2026;;;S;WE;0,00;BRL;;;0;0;UN;UN;2.835,00;0,00;;
CDFL;4500138279;;;30;0;0;400224;POSTE CONC DUPL T 11 M 300 DAN;101;EM Entrada mercador.;0180035127;1003866;5000254523;1;02/03/2026;09/03/2026;09/03/2026;13:50:08;5;8.100,00;INVT;EST_INV_AME;MDCOSTA;;;;;;;;;5;UN;CDFL - CD FLORES;;0;5;5;AMEN;;;;0,00;0,00;0;;0;0;;;B;;;;0;UN;2026;;;S;WE;0,00;BRL;;;0;0;UN;UN;567,00;0,00;;
CDFL;4500138279;;;30;0;0;400224;POSTE CONC DUPL T 11 M 300 DAN;101;EM Entrada mercador.;0180035121;1003866;5000254480;1;01/03/2026;09/03/2026;09/03/2026;11:09:08;25;40.500,00;INVT;EST_INV_AME;MDCOSTA;;;;;;;;;25;UN;CDFL - CD FLORES;;0;25;25;AMEN;;;;0,00;0,00;0;;0;0;;;B;;;;0;UN;2026;;;S;WE;0,00;BRL;;;0;0;UN;UN;2.835,00;0,00;;
CDFL;4500138279;;;30;0;0;400224;POSTE CONC DUPL T 11 M 300 DAN;101;EM Entrada mercador.;0180035093;1003866;5000254199;1;26/02/2026;06/03/2026;06/03/2026;08:46:27;12;19.440,00;INVT;EST_INV_AME;MDCOSTA;;;;;;;;;12;UN;CDFL - CD FLORES;;0;12;12;AMEN;;;;0,00;0,00;0;;0;0;;;B;;;;0;UN;2026;;;S;WE;0,00;BRL;;;0;0;UN;UN;1.360,80;0,00;;
CDFL;4500138279;;;30;0;0;400224;POSTE CONC DUPL T 11 M 300 DAN;101;EM Entrada mercador.;0180035104;1003866;5000254372;1;24/02/2026;06/03/2026;06/03/2026;16:32:36;15;24.300,00;INVT;EST_INV_AME;MDCOSTA;;;;;;;;;15;UN;CDFL - CD FLORES;;0;15;15;AMEN;;;;0,00;0,00;0;;0;0;;;B;;;;0;UN;2026;;;S;WE;0,00;BRL;;;0;0;UN;UN;1.701,00;0,00;;
CDFL;4500138279;;;30;0;0;400224;POSTE CONC DUPL T 11 M 300 DAN;101;EM Entrada mercador.;0180034970;1003866;5000253252;1;19/02/2026;26/02/2026;26/02/2026;07:42:56;15;24.300,00;INVT;EST_INV_AME;MDCOSTA;;;;;;;;;15;UN;CDFL - CD FLORES;;0;15;15;AMEN;;;;0,00;0,00;0;;0;0;;;B;;;;0;UN;2026;;;S;WE;0,00;BRL;;;0;0;UN;UN;1.701,00;0,00;;
CDFL;4500138279;;;30;0;0;400224;POSTE CONC DUPL T 11 M 300 DAN;101;EM Entrada mercador.;0180034952;1003866;5000253189;1;22/02/2026;25/02/2026;25/02/2026;07:56:12;25;40.500,00;INVT;EST_INV_AME;MDCOSTA;;;;;;;;;25;UN;CDFL - CD FLORES;;0;25;25;AMEN;;;;0,00;0,00;0;;0;0;;;B;;;;0;UN;2026;;;S;WE;0,00;BRL;;;0;0;UN;UN;2.835,00;0,00;;
CDFL;4500138279;;;10;0;0;400224;POSTE CONC DUPL T 11 M 300 DAN;101;EM Entrada mercador.;0180034909;1003866;5000252746;1;11/02/2026;23/02/2026;23/02/2026;08:46:49;20;32.400,00;INVT;EST_INV_AME;MDCOSTA;;;;;;;;;20;UN;CDFL - CD FLORES;;0;20;20;AMEN;;;;0,00;0,00;0;;0;0;;;B;;;;0;UN;2026;;;S;WE;0,00;BRL;;;0;0;UN;UN;2.268,00;0,00;;
CDFL;4500138279;;;10;0;0;400224;POSTE CONC DUPL T 11 M 300 DAN;101;EM Entrada mercador.;0180034910;1003866;5000252754;1;10/02/2026;23/02/2026;23/02/2026;08:53:55;10;16.200,00;INVT;EST_INV_AME;MDCOSTA;;;;;;;;;10;UN;CDFL - CD FLORES;;0;10;10;AMEN;;;;0,00;0,00;0;;0;0;;;B;;;;0;UN;2026;;;S;WE;0,00;BRL;;;0;0;UN;UN;1.134,00;0,00;;
CDFL;4500138279;;;10;0;0;400224;POSTE CONC DUPL T 11 M 300 DAN;101;EM Entrada mercador.;0180034881;1003866;5000252156;1;09/02/2026;20/02/2026;20/02/2026;14:24:22;13;21.060,00;INVT;EST_INV_AME;MDCOSTA;;;;;;;;;13;UN;CDFL - CD FLORES;;0;13;13;AMEN;;;;0,00;0,00;0;;0;0;;;B;;;;0;UN;2026;;;S;WE;0,00;BRL;;;0;0;UN;UN;1.474,20;0,00;;
CDFL;4500138279;;;10;0;0;400224;POSTE CONC DUPL T 11 M 300 DAN;101;EM Entrada mercador.;0180034885;1003866;5000252169;1;04/02/2026;20/02/2026;20/02/2026;14:31:33;22;35.640,00;INVT;EST_INV_AME;MDCOSTA;;;;;;;;;22;UN;CDFL - CD FLORES;;0;22;22;AMEN;;;;0,00;0,00;0;;0;0;;;B;;;;0;UN;2026;;;S;WE;0,00;BRL;;;0;0;UN;UN;2.494,80;0,00;;
CDFL;4500138279;;;10;0;0;400224;POSTE CONC DUPL T 11 M 300 DAN;101;EM Entrada mercador.;0180034883;1003866;5000252166;1;06/02/2026;20/02/2026;20/02/2026;14:27:46;15;24.300,00;INVT;EST_INV_AME;MDCOSTA;;;;;;;;;15;UN;CDFL - CD FLORES;;0;15;15;AMEN;;;;0,00;0,00;0;;0;0;;;B;;;;0;UN;2026;;;S;WE;0,00;BRL;;;0;0;UN;UN;1.701,00;0,00;;
CDFL;4500138279;;;10;0;0;400224;POSTE CONC DUPL T 11 M 300 DAN;101;EM Entrada mercador.;0180034700;1003866;5000249411;1;06/02/2026;06/02/2026;06/02/2026;09:39:26;10;16.200,00;INVT;EST_INV_AME;MDCOSTA;;;;;;;;;10;UN;CDFL - CD FLORES;;0;10;10;AMEN;;;;0,00;0,00;0;;0;0;;;B;;;;0;UN;2026;;;S;WE;0,00;BRL;;;0;0;UN;UN;1.134,00;0,00;;
CDFL;4500138279;;;10;0;0;400224;POSTE CONC DUPL T 11 M 300 DAN;101;EM Entrada mercador.;0180034682;1003866;5000249348;1;26/01/2026;05/02/2026;05/02/2026;16:21:54;14;22.680,00;INVT;EST_INV_AME;MDCOSTA;;;;;;;;;14;UN;CDFL - CD FLORES;;0;14;14;AMEN;;;;0,00;0,00;0;;0;0;;;B;;;;0;UN;2026;;;S;WE;0,00;BRL;;;0;0;UN;UN;1.587,60;0,00;;
CDFL;4500138279;;;10;0;0;400224;POSTE CONC DUPL T 11 M 300 DAN;101;EM Entrada mercador.;0180034687;1003866;5000249364;1;05/02/2026;05/02/2026;05/02/2026;17:05:30;20;32.400,00;INVT;EST_INV_AME;MDCOSTA;;;;;;;;;20;UN;CDFL - CD FLORES;;0;20;20;AMEN;;;;0,00;0,00;0;;0;0;;;B;;;;0;UN;2026;;;S;WE;0,00;BRL;;;0;0;UN;UN;2.268,00;0,00;;
CDFL;4500138279;;;10;0;0;400224;POSTE CONC DUPL T 11 M 300 DAN;101;EM Entrada mercador.;0180034566;1003866;5000247850;1;14/01/2026;28/01/2026;28/01/2026;07:56:25;19;30.780,00;INVT;EST_INV_AME;MDCOSTA;;;;;;;;;19;UN;CDFL - CD FLORES;;0;19;19;AMEN;;;;0,00;0,00;0;;0;0;;;B;;;;0;UN;2026;;;S;WE;0,00;BRL;;;0;0;UN;UN;2.154,60;0,00;;
CDFL;4500138279;;;10;0;0;400224;POSTE CONC DUPL T 11 M 300 DAN;101;EM Entrada mercador.;0180034534;1003866;5000247784;1;20/01/2026;27/01/2026;27/01/2026;07:48:52;12;19.440,00;INVT;EST_INV_AME;MDCOSTA;;;;;;;;;12;UN;CDFL - CD FLORES;;0;12;12;AMEN;;;;0,00;0,00;0;;0;0;;;B;;;;0;UN;2026;;;S;WE;0,00;BRL;;;0;0;UN;UN;1.360,80;0,00;;
CDFL;4500138292;;;80;0;0;400224;POSTE CONC DUPL T 11 M 300 DAN;101;EM Entrada mercador.;0180034257;1006698;5000244068;1;17/12/2025;29/12/2025;29/12/2025;08:14:15;17;27.540,00;INVT;EST_INV_AME;MDCOSTA;;;;;;;;;17;UN;CDFL - CD FLORES;;0;17;17;AMEN;;;;0,00;0,00;0;;0;0;;;B;;;;0;UN;2025;;;S;WE;0,00;BRL;;;0;0;UN;UN;1.927,80;0,00;;
CDFL;4500133731;;;10;0;0;400224;POSTE CONC DUPL T 11 M 300 DAN;101;EM Entrada mercador.;0180034253;1003866;5000244063;1;18/12/2025;29/12/2025;29/12/2025;07:49:41;8;12.960,00;INVT;EST_INV_AME;MDCOSTA;;;;;;;;;8;UN;CDFL - CD FLORES;;0;8;8;AMEN;;;;0,00;0,00;0;;0;0;;;B;;;;0;UN;2025;;;S;WE;0,00;BRL;;;0;0;UN;UN;907,20;0,00;;
CDFL;4500133731;;;10;0;0;400224;POSTE CONC DUPL T 11 M 300 DAN;101;EM Entrada mercador.;0180034250;1003866;5000244061;1;18/12/2025;29/12/2025;29/12/2025;07:46:16;4;6.480,00;INVT;EST_INV_AME;MDCOSTA;;;;;;;;;4;UN;CDFL - CD FLORES;;0;4;4;AMEN;;;;0,00;0,00;0;;0;0;;;B;;;;0;UN;2025;;;S;WE;0,00;BRL;;;0;0;UN;UN;453,60;0,00;;
CDFL;4500133731;;;10;0;0;400224;POSTE CONC DUPL T 11 M 300 DAN;101;EM Entrada mercador.;0180034200;1003866;5000243927;1;15/12/2025;22/12/2025;22/12/2025;10:28:36;15;24.300,00;INVT;EST_INV_AME;MDCOSTA;;;;;;;;;15;UN;CDFL - CD FLORES;;0;15;15;AMEN;;;;0,00;0,00;0;;0;0;;;B;;;;0;UN;2025;;;S;WE;0,00;BRL;;;0;0;UN;UN;1.701,00;0,00;;
CDFL;4500138292;;;80;0;0;400224;POSTE CONC DUPL T 11 M 300 DAN;101;EM Entrada mercador.;0180034197;1006698;5000243924;1;15/12/2025;22/12/2025;22/12/2025;10:15:47;25;40.500,00;INVT;EST_INV_AME;MDCOSTA;;;;;;;;;25;UN;CDFL - CD FLORES;;0;25;25;AMEN;;;;0,00;0,00;0;;0;0;;;B;;;;0;UN;2025;;;S;WE;0,00;BRL;;;0;0;UN;UN;2.835,00;0,00;;
CDFL;4500133731;;;10;0;0;400224;POSTE CONC DUPL T 11 M 300 DAN;101;EM Entrada mercador.;0180034199;1003866;5000243926;1;17/12/2025;22/12/2025;22/12/2025;10:26:27;10;16.200,00;INVT;EST_INV_AME;MDCOSTA;;;;;;;;;10;UN;CDFL - CD FLORES;;0;10;10;AMEN;;;;0,00;0,00;0;;0;0;;;B;;;;0;UN;2025;;;S;WE;0,00;BRL;;;0;0;UN;UN;1.134,00;0,00;;
CDFL;4500138292;;;80;0;0;400224;POSTE CONC DUPL T 11 M 300 DAN;101;EM Entrada mercador.;0180034195;1006698;5000243923;1;15/12/2025;22/12/2025;22/12/2025;10:04:20;25;40.500,00;INVT;EST_INV_AME;MDCOSTA;;;;;;;;;25;UN;CDFL - CD FLORES;;0;25;25;AMEN;;;;0,00;0,00;0;;0;0;;;B;;;;0;UN;2025;;;S;WE;0,00;BRL;;;0;0;UN;UN;2.835,00;0,00;;
CDFL;4500138292;;;80;0;0;400224;POSTE CONC DUPL T 11 M 300 DAN;101;EM Entrada mercador.;0180034194;1006698;5000243922;1;16/12/2025;22/12/2025;22/12/2025;09:58:18;25;40.500,00;INVT;EST_INV_AME;MDCOSTA;;;;;;;;;25;UN;CDFL - CD FLORES;;0;25;25;AMEN;;;;0,00;0,00;0;;0;0;;;B;;;;0;UN;2025;;;S;WE;0,00;BRL;;;0;0;UN;UN;2.835,00;0,00;;
CDFL;4500133731;;;10;0;0;400224;POSTE CONC DUPL T 11 M 300 DAN;101;EM Entrada mercador.;0180034144;1003866;5000243587;1;11/12/2025;18/12/2025;18/12/2025;09:10:58;14;22.680,00;INVT;EST_INV_AME;MDCOSTA;;;;;;;;;14;UN;CDFL - CD FLORES;;0;14;14;AMEN;;;;0,00;0,00;0;;0;0;;;B;;;;0;UN;2025;;;S;WE;0,00;BRL;;;0;0;UN;UN;1.587,60;0,00;;
CDFL;4500133731;;;10;0;0;400224;POSTE CONC DUPL T 11 M 300 DAN;101;EM Entrada mercador.;0180034085;1003866;5000241804;1;05/12/2025;15/12/2025;15/12/2025;10:47:43;7;11.340,00;INVT;EST_INV_AME;MDCOSTA;;;;;;;;;7;UN;CDFL - CD FLORES;;0;7;7;AMEN;;;;0,00;0,00;0;;0;0;;;B;;;;0;UN;2025;;;S;WE;0,00;BRL;;;0;0;UN;UN;793,80;0,00;;
CDFL;4500133731;;;10;0;0;400224;POSTE CONC DUPL T 11 M 300 DAN;101;EM Entrada mercador.;0180034024;1003866;5000240955;1;02/12/2025;11/12/2025;11/12/2025;08:18:30;20;32.400,00;INVT;EST_INV_AME;MDCOSTA;;;;;;;;;20;UN;CDFL - CD FLORES;;0;20;20;AMEN;;;;0,00;0,00;0;;0;0;;;B;;;;0;UN;2025;;;S;WE;0,00;BRL;;;0;0;UN;UN;2.268,00;0,00;;
CDFL;4500133731;;;10;0;0;400224;POSTE CONC DUPL T 11 M 300 DAN;101;EM Entrada mercador.;0180034025;1003866;5000240962;1;01/12/2025;11/12/2025;11/12/2025;08:21:18;25;40.500,00;INVT;EST_INV_AME;MDCOSTA;;;;;;;;;25;UN;CDFL - CD FLORES;;0;25;25;AMEN;;;;0,00;0,00;0;;0;0;;;B;;;;0;UN;2025;;;S;WE;0,00;BRL;;;0;0;UN;UN;2.835,00;0,00;;
CDFL;4500133731;;;10;0;0;400224;POSTE CONC DUPL T 11 M 300 DAN;101;EM Entrada mercador.;0180033938;1003866;5000239405;1;25/11/2025;03/12/2025;03/12/2025;08:53:14;8;12.960,00;INVT;EST_INV_AME;MDCOSTA;;;;;;;;;8;UN;CDFL - CD FLORES;;0;8;8;AMEN;;;;0,00;0,00;0;;0;0;;;B;;;;0;UN;2025;;;S;WE;0,00;BRL;;;0;0;UN;UN;907,20;0,00;;
CDFL;4500133731;;;10;0;0;400224;POSTE CONC DUPL T 11 M 300 DAN;101;EM Entrada mercador.;0180033939;1003866;5000239419;1;24/11/2025;03/12/2025;03/12/2025;09:58:02;25;40.500,00;INVT;EST_INV_AME;MDCOSTA;;;;;;;;;25;UN;CDFL - CD FLORES;;0;25;25;AMEN;;;;0,00;0,00;0;;0;0;;;B;;;;0;UN;2025;;;S;WE;0,00;BRL;;;0;0;UN;UN;2.835,00;0,00;;
CDFL;4500133731;;;10;0;0;400224;POSTE CONC DUPL T 11 M 300 DAN;101;EM Entrada mercador.;0180033836;1003866;5000237215;2;17/11/2025;19/11/2025;19/11/2025;14:34:15;4;6.480,00;INVT;EST_INV_AME;MDCOSTA;;;;;;;;;4;UN;CDFL - CD FLORES;;0;4;4;AMEN;;;;0,00;0,00;0;;0;0;;;B;;;;0;UN;2025;;;S;WE;0,00;BRL;;;0;0;UN;UN;453,60;0,00;;
CDFL;4500126488;;;40;0;0;400224;POSTE CONC DUPL T 11 M 300 DAN;101;EM Entrada mercador.;0180033374;1006698;5000232891;2;15/10/2025;20/10/2025;20/10/2025;16:37:32;6;9.720,00;INVT;EST_INV_AME;MDCOSTA;;;;;;;;;6;UN;CDFL - CD FLORES;;0;6;6;AMEN;;;;0,00;0,00;0;;0;0;;;B;;;;0;UN;2025;;;S;WE;0,00;BRL;;;0;0;UN;UN;680,40;0,00;;
CDFL;4500126488;;;40;0;0;400224;POSTE CONC DUPL T 11 M 300 DAN;101;EM Entrada mercador.;0180033232;1006698;5000230764;1;06/10/2025;13/10/2025;13/10/2025;08:43:27;25;40.500,00;INVT;EST_INV_AME;MDCOSTA;;;;;;;;;25;UN;CDFL - CD FLORES;;0;25;25;AMEN;;;;0,00;0,00;0;;0;0;;;B;;;;0;UN;2025;;;S;WE;0,00;BRL;;;0;0;UN;UN;2.835,00;0,00;;
CDFL;4500126488;;;40;0;0;400224;POSTE CONC DUPL T 11 M 300 DAN;101;EM Entrada mercador.;0180033242;1006698;5000230994;1;07/10/2025;13/10/2025;13/10/2025;15:55:07;25;40.500,00;INVT;EST_INV_AME;MDCOSTA;;;;;;;;;25;UN;CDFL - CD FLORES;;0;25;25;AMEN;;;;0,00;0,00;0;;0;0;;;B;;;;0;UN;2025;;;S;WE;0,00;BRL;;;0;0;UN;UN;2.835,00;0,00;;
CDFL;4500126488;;;40;0;0;400224;POSTE CONC DUPL T 11 M 300 DAN;101;EM Entrada mercador.;0180033243;1006698;5000230997;1;08/10/2025;13/10/2025;13/10/2025;15:59:14;25;40.500,00;INVT;EST_INV_AME;MDCOSTA;;;;;;;;;25;UN;CDFL - CD FLORES;;0;25;25;AMEN;;;;0,00;0,00;0;;0;0;;;B;;;;0;UN;2025;;;S;WE;0,00;BRL;;;0;0;UN;UN;2.835,00;0,00;;
CDFL;4500126488;;;40;0;0;400224;POSTE CONC DUPL T 11 M 300 DAN;101;EM Entrada mercador.;0180033209;1006698;5000230610;1;30/09/2025;10/10/2025;10/10/2025;09:47:49;25;40.500,00;INVT;EST_INV_AME;MDCOSTA;;;;;;;;;25;UN;CDFL - CD FLORES;;0;25;25;AMEN;;;;0,00;0,00;0;;0;0;;;B;;;;0;UN;2025;;;S;WE;0,00;BRL;;;0;0;UN;UN;2.835,00;0,00;;
CDFL;4500133909;;;20;0;0;400227;POSTE FIBRA VIDRO E-CR 18M 600DAN;101;EM Entrada mercador.;0180033542;1011711;5000234283;1;27/10/2025;31/10/2025;31/10/2025;08:27:21;4;32.012,00;INVT;EST_INV_AME;MDCOSTA;;;;;;;;;4;UN;CDFL - CD FLORES;;0;4;4;AMEN;;;;0,00;0,00;0;;0;0;;;B;;;;0;UN;2025;;;S;WE;0,00;BRL;;;0;0;UN;UN;2.240,84;0,00;;
CDFL;4500133731;;;30;0;0;400228;POSTE CONCRETO CIRC 9M 300DAN;101;EM Entrada mercador.;0180034250;1003866;5000244061;3;18/12/2025;29/12/2025;29/12/2025;07:46:16;1;1.550,00;INVT;EST_INV_AME;MDCOSTA;;;;;;;;;1;UN;CDFL - CD FLORES;;0;1;1;AMEN;;;;0,00;0,00;0;;0;0;;;B;;;;0;UN;2025;;;S;WE;0,00;BRL;;;0;0;UN;UN;108,50;0,00;;
CDFL;4500129073;;;50;0;0;400243;TRAFO AER 3F 15KV 150KVA 220/127V 7TP;101;EM Entrada mercador.;0180035440;1003291;5000257481;1;26/03/2026;31/03/2026;31/03/2026;10:03:23;2;79.550,99;INVT;EST_INV_AME;MDCOSTA;;;;;;;;;2;UN;CDFL - CD FLORES;;0;2;2;AMEN;;;;0,00;0,00;0;;0;0;;;B;;;;0;UN;2026;;;S;WE;0,00;BRL;;;0;0;UN;UN;5.568,57;0,00;;
CDFL;4500125193;;;60;0;0;400243;TRAFO AER 3F 15KV 150KVA 220/127V 7TP;101;EM Entrada mercador.;0180035269;1003291;5000256503;4;16/03/2026;18/03/2026;18/03/2026;09:24:53;2;79.551,00;INVT;EST_INV_AME;MDCOSTA;;;;;;;;;2;UN;CDFL - CD FLORES;;0;2;2;AMEN;;;;0,00;0,00;0;;0;0;;;B;;;;0;UN;2026;;;S;WE;0,00;BRL;;;0;0;UN;UN;5.568,57;0,00;;
CDFL;4500125193;;;60;0;0;400243;TRAFO AER 3F 15KV 150KVA 220/127V 7TP;101;EM Entrada mercador.;0180035269;1003291;5000256503;3;16/03/2026;18/03/2026;18/03/2026;09:24:53;1;39.775,50;INVT;EST_INV_AME;MDCOSTA;;;;;;;;;1;UN;CDFL - CD FLORES;;0;1;1;AMEN;;;;0,00;0,00;0;;0;0;;;B;;;;0;UN;2026;;;S;WE;0,00;BRL;;;0;0;UN;UN;2.784,29;0,00;;
CDFL;4500139117;;;50;0;0;400243;TRAFO AER 3F 15KV 150KVA 220/127V 7TP;101;EM Entrada mercador.;0180035188;1003291;5000256129;1;10/03/2026;16/03/2026;16/03/2026;08:36:01;10;397.755,00;INVT;EST_INV_AME;MDCOSTA;;;;;;;;;10;UN;CDFL - CD FLORES;;0;10;10;AMEN;;;;0,00;0,00;0;;0;0;;;B;;;;0;UN;2026;;;S;WE;0,00;BRL;;;0;0;UN;UN;27.842,85;0,00;;
CDFL;4500139117;;;50;0;0;400243;TRAFO AER 3F 15KV 150KVA 220/127V 7TP;101;EM Entrada mercador.;0180035151;1003291;5000254711;1;04/03/2026;10/03/2026;10/03/2026;10:26:00;1;39.775,50;INVT;EST_INV_AME;MDCOSTA;;;;;;;;;1;UN;CDFL - CD FLORES;;0;1;1;AMEN;;;;0,00;0,00;0;;0;0;;;B;;;;0;UN;2026;;;S;WE;0,00;BRL;;;0;0;UN;UN;2.784,29;0,00;;
CDFL;4500139117;;;50;0;0;400243;TRAFO AER 3F 15KV 150KVA 220/127V 7TP;101;EM Entrada mercador.;0180035150;1003291;5000254710;2;04/03/2026;10/03/2026;10/03/2026;10:22:55;8;318.204,00;INVT;EST_INV_AME;MDCOSTA;;;;;;;;;8;UN;CDFL - CD FLORES;;0;8;8;AMEN;;;;0,00;0,00;0;;0;0;;;B;;;;0;UN;2026;;;S;WE;0,00;BRL;;;0;0;UN;UN;22.274,28;0,00;;
CDFL;4500139117;;;50;0;0;400243;TRAFO AER 3F 15KV 150KVA 220/127V 7TP;101;EM Entrada mercador.;0180035010;1003291;5000253417;1;24/02/2026;02/03/2026;02/03/2026;10:48:46;8;318.204,00;INVT;EST_INV_AME;MDCOSTA;;;;;;;;;8;UN;CDFL - CD FLORES;;0;8;8;AMEN;;;;0,00;0,00;0;;0;0;;;B;;;;0;UN;2026;;;S;WE;0,00;BRL;;;0;0;UN;UN;22.274,28;0,00;;
CDFL;4500139117;;;50;0;0;400243;TRAFO AER 3F 15KV 150KVA 220/127V 7TP;101;EM Entrada mercador.;0180035011;1003291;5000253418;3;24/02/2026;02/03/2026;02/03/2026;10:52:16;3;119.326,50;INVT;EST_INV_AME;MDCOSTA;;;;;;;;;3;UN;CDFL - CD FLORES;;0;3;3;AMEN;;;;0,00;0,00;0;;0;0;;;B;;;;0;UN;2026;;;S;WE;0,00;BRL;;;0;0;UN;UN;8.352,86;0,00;;
CDFL;4500129073;;;50;0;0;400243;TRAFO AER 3F 15KV 150KVA 220/127V 7TP;101;EM Entrada mercador.;0180034068;1003291;5000241648;2;04/12/2025;15/12/2025;15/12/2025;08:09:03;1;39.775,50;INVT;EST_INV_AME;MDCOSTA;;;;;;;;;1;UN;CDFL - CD FLORES;;0;1;1;AMEN;;;;0,00;0,00;0;;0;0;;;B;;;;0;UN;2025;;;S;WE;0,00;BRL;;;0;0;UN;UN;2.784,29;0,00;;
CDFL;4500121355;;;60;0;0;400243;TRAFO AER 3F 15KV 150KVA 220/127V 7TP;101;EM Entrada mercador.;0180034069;1003291;5000241652;1;09/12/2025;15/12/2025;15/12/2025;08:13:09;1;39.775,50;INVT;EST_INV_AME;MDCOSTA;;;;;;;;;1;UN;CDFL - CD FLORES;;0;1;1;AMEN;;;;0,00;0,00;0;;0;0;;;B;;;;0;UN;2025;;;S;WE;0,00;BRL;;;0;0;UN;UN;2.784,29;0,00;;
CDFL;4500125193;;;60;0;0;400243;TRAFO AER 3F 15KV 150KVA 220/127V 7TP;101;EM Entrada mercador.;0180034021;1003291;5000240951;2;04/12/2025;11/12/2025;11/12/2025;08:07:12;1;39.775,50;INVT;EST_INV_AME;MDCOSTA;;;;;;;;;1;UN;CDFL - CD FLORES;;0;1;1;AMEN;;;;0,00;0,00;0;;0;0;;;B;;;;0;UN;2025;;;S;WE;0,00;BRL;;;0;0;UN;UN;2.784,29;0,00;;
CDFL;4500125193;;;60;0;0;400243;TRAFO AER 3F 15KV 150KVA 220/127V 7TP;101;EM Entrada mercador.;0180033829;1003291;5000236826;2;13/11/2025;19/11/2025;19/11/2025;08:56:46;2;79.551,00;INVT;EST_INV_AME;MDCOSTA;;;;;;;;;2;UN;CDFL - CD FLORES;;0;2;2;AMEN;;;;0,00;0,00;0;;0;0;;;B;;;;0;UN;2025;;;S;WE;0,00;BRL;;;0;0;UN;UN;5.568,57;0,00;;
CDFL;4500121355;;;60;0;0;400243;TRAFO AER 3F 15KV 150KVA 220/127V 7TP;101;EM Entrada mercador.;0180033831;1003291;5000236839;1;13/11/2025;19/11/2025;19/11/2025;09:14:05;1;39.775,50;INVT;EST_INV_AME;MDCOSTA;;;;;;;;;1;UN;CDFL - CD FLORES;;0;1;1;AMEN;;;;0,00;0,00;0;;0;0;;;B;;;;0;UN;2025;;;S;WE;0,00;BRL;;;0;0;UN;UN;2.784,29;0,00;;
CDFL;4500121355;;;60;0;0;400243;TRAFO AER 3F 15KV 150KVA 220/127V 7TP;101;EM Entrada mercador.;0180033786;1003291;5000236398;2;07/11/2025;17/11/2025;17/11/2025;15:45:03;3;119.326,50;INVT;EST_INV_AME;LPEIXOTO;;;;;;;;;3;UN;CDFL - CD FLORES;;0;3;3;AMEN;;;;0,00;0,00;0;;0;0;;;B;;;;0;UN;2025;;;S;WE;0,00;BRL;;;0;0;UN;UN;8.352,86;0,00;;
CDFL;4500125193;;;60;0;0;400243;TRAFO AER 3F 15KV 150KVA 220/127V 7TP;101;EM Entrada mercador.;0180033699;1003291;5000235744;1;05/11/2025;12/11/2025;12/11/2025;15:09:12;8;318.204,00;INVT;EST_INV_AME;MDCOSTA;;;;;;;;;8;UN;CDFL - CD FLORES;;0;8;8;AMEN;;;;0,00;0,00;0;;0;0;;;B;;;;0;UN;2025;;;S;WE;0,00;BRL;;;0;0;UN;UN;22.274,28;0,00;;
CDFL;4500125193;;;60;0;0;400243;TRAFO AER 3F 15KV 150KVA 220/127V 7TP;101;EM Entrada mercador.;0180033701;1003291;5000235749;2;05/11/2025;12/11/2025;12/11/2025;15:27:22;7;278.428,50;INVT;EST_INV_AME;MDCOSTA;;;;;;;;;7;UN;CDFL - CD FLORES;;0;7;7;AMEN;;;;0,00;0,00;0;;0;0;;;B;;;;0;UN;2025;;;S;WE;0,00;BRL;;;0;0;UN;UN;19.490,00;0,00;;
CDFL;4500121355;;;60;0;0;400243;TRAFO AER 3F 15KV 150KVA 220/127V 7TP;101;EM Entrada mercador.;0180033376;1003291;5000232963;1;13/10/2025;21/10/2025;21/10/2025;07:53:30;3;119.326,50;INVT;EST_INV_AME;MDCOSTA;;;;;;;;;3;UN;CDFL - CD FLORES;;0;3;3;AMEN;;;;0,00;0,00;0;;0;0;;;B;;;;0;UN;2025;;;S;WE;0,00;BRL;;;0;0;UN;UN;8.352,86;0,00;;
CDFL;4500121355;;;60;0;0;400243;TRAFO AER 3F 15KV 150KVA 220/127V 7TP;101;EM Entrada mercador.;0180033381;1003291;5000232997;1;13/10/2025;21/10/2025;21/10/2025;09:07:46;2;79.551,00;INVT;EST_INV_AME;MDCOSTA;;;;;;;;;2;UN;CDFL - CD FLORES;;0;2;2;AMEN;;;;0,00;0,00;0;;0;0;;;B;;;;0;UN;2025;;;S;WE;0,00;BRL;;;0;0;UN;UN;5.568,57;0,00;;
CDFL;4500121355;;;60;0;0;400243;TRAFO AER 3F 15KV 150KVA 220/127V 7TP;101;EM Entrada mercador.;0180033312;1003291;5000232013;1;06/10/2025;17/10/2025;17/10/2025;07:49:50;5;198.877,50;INVT;EST_INV_AME;MDCOSTA;;;;;;;;;5;UN;CDFL - CD FLORES;;0;5;5;AMEN;;;;0,00;0,00;0;;0;0;;;B;;;;0;UN;2025;;;S;WE;0,00;BRL;;;0;0;UN;UN;13.921,43;0,00;;
CDFL;4500121355;;;60;0;0;400243;TRAFO AER 3F 15KV 150KVA 220/127V 7TP;101;EM Entrada mercador.;0180033230;1003291;5000230761;2;03/10/2025;13/10/2025;13/10/2025;08:36:06;4;159.102,00;INVT;EST_INV_AME;MDCOSTA;;;;;;;;;4;UN;CDFL - CD FLORES;;0;4;4;AMEN;;;;0,00;0,00;0;;0;0;;;B;;;;0;UN;2025;;;S;WE;0,00;BRL;;;0;0;UN;UN;11.137,14;0,00;;
CDFL;4500121355;;;60;0;0;400243;TRAFO AER 3F 15KV 150KVA 220/127V 7TP;101;EM Entrada mercador.;0180033229;1003291;5000230759;1;03/10/2025;13/10/2025;13/10/2025;08:33:42;5;198.877,50;INVT;EST_INV_AME;MDCOSTA;;;;;;;;;5;UN;CDFL - CD FLORES;;0;5;5;AMEN;;;;0,00;0,00;0;;0;0;;;B;;;;0;UN;2025;;;S;WE;0,00;BRL;;;0;0;UN;UN;13.921,43;0,00;;
CDFL;4500121355;;;60;0;0;400243;TRAFO AER 3F 15KV 150KVA 220/127V 7TP;101;EM Entrada mercador.;0180033156;1003291;5000230120;1;29/09/2025;08/10/2025;08/10/2025;07:58:25;7;278.428,50;INVT;EST_INV_AME;MDCOSTA;;;;;;;;;7;UN;CDFL - CD FLORES;;0;7;7;AMEN;;;;0,00;0,00;0;;0;0;;;B;;;;0;UN;2025;;;S;WE;0,00;BRL;;;0;0;UN;UN;19.490,00;0,00;;
CDFL;4500121355;;;60;0;0;400243;TRAFO AER 3F 15KV 150KVA 220/127V 7TP;101;EM Entrada mercador.;0180033155;1003291;5000230119;1;29/09/2025;08/10/2025;08/10/2025;07:55:05;7;278.428,50;INVT;EST_INV_AME;MDCOSTA;;;;;;;;;7;UN;CDFL - CD FLORES;;0;7;7;AMEN;;;;0,00;0,00;0;;0;0;;;B;;;;0;UN;2025;;;S;WE;0,00;BRL;;;0;0;UN;UN;19.490,00;0,00;;
CDFL;4500125193;;;50;0;0;400288;TRAFO AER 3F 15KV 112,5KVA 220/127V 7TP;101;EM Entrada mercador.;0180035269;1003291;5000256503;1;16/03/2026;18/03/2026;18/03/2026;09:24:53;1;28.827,07;INVT;EST_INV_AME;MDCOSTA;;;;;;;;;1;UN;CDFL - CD FLORES;;0;1;1;AMEN;;;;0,00;0,00;0;;0;0;;;B;;;;0;UN;2026;;;S;WE;0,00;BRL;;;0;0;UN;UN;2.017,89;0,00;;
CDFL;4500125193;;;50;0;0;400288;TRAFO AER 3F 15KV 112,5KVA 220/127V 7TP;101;EM Entrada mercador.;0180035269;1003291;5000256503;2;16/03/2026;18/03/2026;18/03/2026;09:24:53;3;86.481,21;INVT;EST_INV_AME;MDCOSTA;;;;;;;;;3;UN;CDFL - CD FLORES;;0;3;3;AMEN;;;;0,00;0,00;0;;0;0;;;B;;;;0;UN;2026;;;S;WE;0,00;BRL;;;0;0;UN;UN;6.053,68;0,00;;
CDFL;4500129073;;;40;0;0;400288;TRAFO AER 3F 15KV 112,5KVA 220/127V 7TP;101;EM Entrada mercador.;0180034734;1003291;5000250005;1;04/02/2026;10/02/2026;10/02/2026;11:12:18;1;28.827,07;INVT;EST_INV_AME;MDCOSTA;;;;;;;;;1;UN;CDFL - CD FLORES;;0;1;1;AMEN;;;;0,00;0,00;0;;0;0;;;B;;;;0;UN;2026;;;S;WE;0,00;BRL;;;0;0;UN;UN;2.017,89;0,00;;
CDFL;4500125193;;;50;0;0;400288;TRAFO AER 3F 15KV 112,5KVA 220/127V 7TP;101;EM Entrada mercador.;0180034465;1003291;5000247589;1;30/12/2025;21/01/2026;23/01/2026;14:16:57;2;57.654,14;INVT;EST_INV_AME;MDCOSTA;;;;;;;;;2;UN;CDFL - CD FLORES;;0;2;2;AMEN;;;;0,00;0,00;0;;0;0;;;B;;;;0;UN;2026;;;S;WE;0,00;BRL;;;0;0;UN;UN;4.035,79;0,00;;
CDFL;4500125193;;;50;0;0;400288;TRAFO AER 3F 15KV 112,5KVA 220/127V 7TP;101;EM Entrada mercador.;0180034465;1003291;5000247589;2;30/12/2025;21/01/2026;23/01/2026;14:16:57;1;28.827,07;INVT;EST_INV_AME;MDCOSTA;;;;;;;;;1;UN;CDFL - CD FLORES;;0;1;1;AMEN;;;;0,00;0,00;0;;0;0;;;B;;;;0;UN;2026;;;S;WE;0,00;BRL;;;0;0;UN;UN;2.017,89;0,00;;
CDFL;4500129073;;;40;0;0;400288;TRAFO AER 3F 15KV 112,5KVA 220/127V 7TP;101;EM Entrada mercador.;0180034068;1003291;5000241648;1;04/12/2025;15/12/2025;15/12/2025;08:09:03;3;86.481,21;INVT;EST_INV_AME;MDCOSTA;;;;;;;;;3;UN;CDFL - CD FLORES;;0;3;3;AMEN;;;;0,00;0,00;0;;0;0;;;B;;;;0;UN;2025;;;S;WE;0,00;BRL;;;0;0;UN;UN;6.053,68;0,00;;
CDFL;4500129073;;;40;0;0;400288;TRAFO AER 3F 15KV 112,5KVA 220/127V 7TP;101;EM Entrada mercador.;0180034019;1003291;5000240949;1;04/12/2025;11/12/2025;11/12/2025;07:59:55;7;201.789,49;INVT;EST_INV_AME;MDCOSTA;;;;;;;;;7;UN;CDFL - CD FLORES;;0;7;7;AMEN;;;;0,00;0,00;0;;0;0;;;B;;;;0;UN;2025;;;S;WE;0,00;BRL;;;0;0;UN;UN;14.125,26;0,00;;
CDFL;4500121355;;;50;0;0;400288;TRAFO AER 3F 15KV 112,5KVA 220/127V 7TP;101;EM Entrada mercador.;0180034020;1003291;5000240950;1;04/12/2025;11/12/2025;11/12/2025;08:03:15;1;28.827,07;INVT;EST_INV_AME;MDCOSTA;;;;;;;;;1;UN;CDFL - CD FLORES;;0;1;1;AMEN;;;;0,00;0,00;0;;0;0;;;B;;;;0;UN;2025;;;S;WE;0,00;BRL;;;0;0;UN;UN;2.017,89;0,00;;
CDFL;4500125193;;;50;0;0;400288;TRAFO AER 3F 15KV 112,5KVA 220/127V 7TP;101;EM Entrada mercador.;0180034021;1003291;5000240951;1;04/12/2025;11/12/2025;11/12/2025;08:07:12;7;201.789,49;INVT;EST_INV_AME;MDCOSTA;;;;;;;;;7;UN;CDFL - CD FLORES;;0;7;7;AMEN;;;;0,00;0,00;0;;0;0;;;B;;;;0;UN;2025;;;S;WE;0,00;BRL;;;0;0;UN;UN;14.125,26;0,00;;
CDFL;4500129073;;;40;0;0;400288;TRAFO AER 3F 15KV 112,5KVA 220/127V 7TP;101;EM Entrada mercador.;0180034022;1003291;5000240953;1;04/12/2025;11/12/2025;11/12/2025;08:10:32;7;201.789,49;INVT;EST_INV_AME;MDCOSTA;;;;;;;;;7;UN;CDFL - CD FLORES;;0;7;7;AMEN;;;;0,00;0,00;0;;0;0;;;B;;;;0;UN;2025;;;S;WE;0,00;BRL;;;0;0;UN;UN;14.125,26;0,00;;
CDFL;4500118240;;;40;0;0;400288;TRAFO AER 3F 15KV 112,5KVA 220/127V 7TP;101;EM Entrada mercador.;0180033833;1003291;5000236845;1;07/11/2025;19/11/2025;19/11/2025;09:26:04;7;201.789,49;INVT;EST_INV_AME;MDCOSTA;;;;;;;;;7;UN;CDFL - CD FLORES;;0;7;7;AMEN;;;;0,00;0,00;0;;0;0;;;B;;;;0;UN;2025;;;S;WE;0,00;BRL;;;0;0;UN;UN;14.125,26;0,00;;
CDFL;4500125193;;;50;0;0;400288;TRAFO AER 3F 15KV 112,5KVA 220/127V 7TP;101;EM Entrada mercador.;0180033829;1003291;5000236826;1;13/11/2025;19/11/2025;19/11/2025;08:56:46;3;86.481,21;INVT;EST_INV_AME;MDCOSTA;;;;;;;;;3;UN;CDFL - CD FLORES;;0;3;3;AMEN;;;;0,00;0,00;0;;0;0;;;B;;;;0;UN;2025;;;S;WE;0,00;BRL;;;0;0;UN;UN;6.053,68;0,00;;
CDFL;4500125193;;;50;0;0;400288;TRAFO AER 3F 15KV 112,5KVA 220/127V 7TP;101;EM Entrada mercador.;0180033783;1003291;5000236389;1;07/11/2025;17/11/2025;17/11/2025;15:39:39;4;115.308,28;INVT;EST_INV_AME;LPEIXOTO;;;;;;;;;4;UN;CDFL - CD FLORES;;0;4;4;AMEN;;;;0,00;0,00;0;;0;0;;;B;;;;0;UN;2025;;;S;WE;0,00;BRL;;;0;0;UN;UN;8.071,58;0,00;;
CDFL;4500121355;;;50;0;0;400288;TRAFO AER 3F 15KV 112,5KVA 220/127V 7TP;101;EM Entrada mercador.;0180033786;1003291;5000236398;1;07/11/2025;17/11/2025;17/11/2025;15:45:03;4;115.308,28;INVT;EST_INV_AME;LPEIXOTO;;;;;;;;;4;UN;CDFL - CD FLORES;;0;4;4;AMEN;;;;0,00;0,00;0;;0;0;;;B;;;;0;UN;2025;;;S;WE;0,00;BRL;;;0;0;UN;UN;8.071,58;0,00;;
CDFL;4500125193;;;50;0;0;400288;TRAFO AER 3F 15KV 112,5KVA 220/127V 7TP;101;EM Entrada mercador.;0180033708;1003291;5000235799;1;05/11/2025;13/11/2025;13/11/2025;08:12:54;8;230.616,56;INVT;EST_INV_AME;MDCOSTA;;;;;;;;;8;UN;CDFL - CD FLORES;;0;8;8;AMEN;;;;0,00;0,00;0;;0;0;;;B;;;;0;UN;2025;;;S;WE;0,00;BRL;;;0;0;UN;UN;16.143,16;0,00;;
CDFL;4500125193;;;50;0;0;400288;TRAFO AER 3F 15KV 112,5KVA 220/127V 7TP;101;EM Entrada mercador.;0180033704;1003291;5000235752;1;05/11/2025;12/11/2025;12/11/2025;15:36:26;8;230.616,56;INVT;EST_INV_AME;MDCOSTA;;;;;;;;;8;UN;CDFL - CD FLORES;;0;8;8;AMEN;;;;0,00;0,00;0;;0;0;;;B;;;;0;UN;2025;;;S;WE;0,00;BRL;;;0;0;UN;UN;16.143,16;0,00;;
CDFL;4500125193;;;50;0;0;400288;TRAFO AER 3F 15KV 112,5KVA 220/127V 7TP;101;EM Entrada mercador.;0180033703;1003291;5000235751;1;05/11/2025;12/11/2025;12/11/2025;15:34:21;6;172.962,42;INVT;EST_INV_AME;MDCOSTA;;;;;;;;;6;UN;CDFL - CD FLORES;;0;6;6;AMEN;;;;0,00;0,00;0;;0;0;;;B;;;;0;UN;2025;;;S;WE;0,00;BRL;;;0;0;UN;UN;12.107,37;0,00;;
CDFL;4500125193;;;50;0;0;400288;TRAFO AER 3F 15KV 112,5KVA 220/127V 7TP;101;EM Entrada mercador.;0180033702;1003291;5000235750;1;05/11/2025;12/11/2025;12/11/2025;15:31:57;6;172.962,42;INVT;EST_INV_AME;MDCOSTA;;;;;;;;;6;UN;CDFL - CD FLORES;;0;6;6;AMEN;;;;0,00;0,00;0;;0;0;;;B;;;;0;UN;2025;;;S;WE;0,00;BRL;;;0;0;UN;UN;12.107,37;0,00;;
CDFL;4500125193;;;50;0;0;400288;TRAFO AER 3F 15KV 112,5KVA 220/127V 7TP;101;EM Entrada mercador.;0180033701;1003291;5000235749;1;05/11/2025;12/11/2025;12/11/2025;15:27:22;1;28.827,07;INVT;EST_INV_AME;MDCOSTA;;;;;;;;;1;UN;CDFL - CD FLORES;;0;1;1;AMEN;;;;0,00;0,00;0;;0;0;;;B;;;;0;UN;2025;;;S;WE;0,00;BRL;;;0;0;UN;UN;2.017,89;0,00;;
CDFL;4500121355;;;50;0;0;400288;TRAFO AER 3F 15KV 112,5KVA 220/127V 7TP;101;EM Entrada mercador.;0180033230;1003291;5000230761;1;03/10/2025;13/10/2025;13/10/2025;08:36:06;2;57.654,14;INVT;EST_INV_AME;MDCOSTA;;;;;;;;;2;UN;CDFL - CD FLORES;;0;2;2;AMEN;;;;0,00;0,00;0;;0;0;;;B;;;;0;UN;2025;;;S;WE;0,00;BRL;;;0;0;UN;UN;4.035,79;0,00;;
CDFL;4500118240;;;40;0;0;400288;TRAFO AER 3F 15KV 112,5KVA 220/127V 7TP;101;EM Entrada mercador.;0180033231;1003291;5000230763;1;03/10/2025;13/10/2025;13/10/2025;08:38:14;2;57.654,14;INVT;EST_INV_AME;MDCOSTA;;;;;;;;;2;UN;CDFL - CD FLORES;;0;2;2;AMEN;;;;0,00;0,00;0;;0;0;;;B;;;;0;UN;2025;;;S;WE;0,00;BRL;;;0;0;UN;UN;4.035,79;0,00;;
CDFL;4500121355;;;50;0;0;400288;TRAFO AER 3F 15KV 112,5KVA 220/127V 7TP;101;EM Entrada mercador.;0180033157;1003291;5000230122;1;29/09/2025;08/10/2025;08/10/2025;08:14:30;8;230.616,56;INVT;EST_INV_AME;MDCOSTA;;;;;;;;;8;UN;CDFL - CD FLORES;;0;8;8;AMEN;;;;0,00;0,00;0;;0;0;;;B;;;;0;UN;2025;;;S;WE;0,00;BRL;;;0;0;UN;UN;16.143,16;0,00;;
CDFL;4500121355;;;50;0;0;400288;TRAFO AER 3F 15KV 112,5KVA 220/127V 7TP;101;EM Entrada mercador.;0180033158;1003291;5000230124;1;29/09/2025;08/10/2025;08/10/2025;08:16:27;8;230.616,56;INVT;EST_INV_AME;MDCOSTA;;;;;;;;;8;UN;CDFL - CD FLORES;;0;8;8;AMEN;;;;0,00;0,00;0;;0;0;;;B;;;;0;UN;2025;;;S;WE;0,00;BRL;;;0;0;UN;UN;16.143,16;0,00;;
CDFL;4500121355;;;50;0;0;400288;TRAFO AER 3F 15KV 112,5KVA 220/127V 7TP;101;EM Entrada mercador.;0180033080;1003291;5000229409;1;25/09/2025;02/10/2025;02/10/2025;08:08:27;7;201.789,49;INVT;EST_INV_AME;MDCOSTA;;;;;;;;;7;UN;CDFL - CD FLORES;;0;7;7;AMEN;;;;0,00;0,00;0;;0;0;;;B;;;;0;UN;2025;;;S;WE;0,00;BRL;;;0;0;UN;UN;14.125,26;0,00;;
CDFL;4500121355;;;50;0;0;400288;TRAFO AER 3F 15KV 112,5KVA 220/127V 7TP;101;EM Entrada mercador.;0180033081;1003291;5000229410;1;25/09/2025;02/10/2025;02/10/2025;08:11:05;7;201.789,49;INVT;EST_INV_AME;MDCOSTA;;;;;;;;;7;UN;CDFL - CD FLORES;;0;7;7;AMEN;;;;0,00;0,00;0;;0;0;;;B;;;;0;UN;2025;;;S;WE;0,00;BRL;;;0;0;UN;UN;14.125,26;0,00;;
CDFL;4500126069;;;30;0;0;400292;"TRAFO CRTE 0,6KV;300-5A 0,3C12,5 JANELA";101;EM Entrada mercador.;0180034026;1007548;5000240967;3;13/11/2025;11/12/2025;11/12/2025;08:41:01;194;79.276,26;INVT;EST_INV_AME;MDCOSTA;;;;;;;;;194;UN;CDFL - CD FLORES;;0;194;194;AMEN;;;;0,00;0,00;0;;0;0;;;B;;;;0;UN;2025;;;S;WE;0,00;BRL;;;0;0;UN;UN;4.820,90;10.406,26;;
CDFL;4500131413;;;30;0;0;400292;"TRAFO CRTE 0,6KV;300-5A 0,3C12,5 JANELA";101;EM Entrada mercador.;0180034028;1007548;5000240969;2;13/11/2025;11/12/2025;11/12/2025;08:49:34;20;8.172,81;INVT;EST_INV_AME;MDCOSTA;;;;;;;;;20;UN;CDFL - CD FLORES;;0;20;20;AMEN;;;;0,00;0,00;0;;0;0;;;B;;;;0;UN;2025;;;S;WE;0,00;BRL;;;0;0;UN;UN;497,00;1.072,81;;
CDFL;4500148056;;;30;0;0;400359;ALCA PREFORM ESTAI 3/8P 9,5MM 889MM;101;EM Entrada mercador.;0180035133;1003818;5000254620;1;05/03/2026;10/03/2026;10/03/2026;07:56:04;410;10.344,30;INVT;EST_INV_AME;MDCOSTA;;;;;;;;;410;UN;CDFL - CD FLORES;;0;410;410;AMEN;;;;0,00;0,00;0;;0;0;;;B;;;;0;UN;2026;;;S;WE;0,00;BRL;;;0;0;UN;UN;0,00;0,00;;
CDFL;4500145004;;;10;0;0;400359;ALCA PREFORM ESTAI 3/8P 9,5MM 889MM;101;EM Entrada mercador.;0180034737;1003515;5000250018;1;06/02/2026;10/02/2026;10/02/2026;11:17:33;44;1.179,20;INVT;EST_INV_AME;MDCOSTA;;;;;;;;;44;UN;CDFL - CD FLORES;;0;44;44;AMEN;;;;0,00;0,00;0;;0;0;;;B;;;;0;UN;2026;;;S;WE;0,00;BRL;;;0;0;UN;UN;0,00;0,00;;
CDFL;4500148087;;;40;0;0;400434;CABO ELET NU CA AL 2AWG 33,54MM2 IRIS;101;EM Entrada mercador.;0180035360;1003949;5000257149;1;20/03/2026;24/03/2026;24/03/2026;10:01:05;904;26.216,00;INVT;EST_INV_AME;MDCOSTA;;;;;;;;;904;KG;CDFL - CD FLORES;;0;904;904;AMEN;;;;0,00;0,00;0;;0;0;;;B;;;;0;KG;2026;;;S;WE;0,00;BRL;;;0;0;KG;KG;1.835,12;0,00;;
CDFL;4500148087;;;40;0;0;400434;CABO ELET NU CA AL 2AWG 33,54MM2 IRIS;101;EM Entrada mercador.;0180035325;1003949;5000256945;1;18/03/2026;20/03/2026;20/03/2026;14:55:33;5.672;164.488,00;INVT;EST_INV_AME;MDCOSTA;;;;;;;;;5.672;KG;CDFL - CD FLORES;;0;5.672;5.672;AMEN;;;;0,00;0,00;0;;0;0;;;B;;;;0;KG;2026;;;S;WE;0,00;BRL;;;0;0;KG;KG;11.514,16;0,00;;
CDFL;4500135564;;;10;0;0;400434;CABO ELET NU CA AL 2AWG 33,54MM2 IRIS;101;EM Entrada mercador.;0180034142;1003949;5000243585;1;10/12/2025;18/12/2025;18/12/2025;09:07:08;1.900;55.100,00;INVT;EST_INV_AME;MDCOSTA;;;;;;;;;1.900;KG;CDFL - CD FLORES;;0;1.900;1.900;AMEN;;;;0,00;0,00;0;;0;0;;;B;;;;0;KG;2025;;;S;WE;0,00;BRL;;;0;0;KG;KG;3.857,00;0,00;;
CDFL;4500135638;;;30;0;0;400442;CABO  MULT 2X16+1X16MM² XLPE 0,6/1 KV;101;EM Entrada mercador.;0180034049;1003949;5000241376;1;27/11/2025;12/12/2025;12/12/2025;07:55:42;2.000;10.160,00;INVT;EST_INV_AME;MDCOSTA;;;;;;;;;2.000;M;CDFL - CD FLORES;;0;2.000;2.000;AMEN;;;;0,00;0,00;0;;0;0;;;B;;;;0;M;2025;;;S;WE;0,00;BRL;;;0;0;M;M;711,20;0,00;;
CDFL;4500148070;;;20;0;0;400443;CABO  MULT 2X25+1X25MM² XLPE 0,6/1 KV;101;EM Entrada mercador.;0180035148;1003949;5000254707;2;05/03/2026;10/03/2026;10/03/2026;10:07:52;3.000;22.290,00;INVT;EST_INV_AME;MDCOSTA;;;;;;;;;3.000;M;CDFL - CD FLORES;;0;3.000;3.000;AMEN;;;;0,00;0,00;0;;0;0;;;B;;;;0;M;2026;;;S;WE;0,00;BRL;;;0;0;M;M;1.560,30;0,00;;
CDFL;4500137857;;;20;0;0;400459;CABO ELETR 15KV AL PROT XLPE 35MM2 1F MT;101;EM Entrada mercador.;0180034832;1011333;5000251563;2;16/02/2026;16/02/2026;16/02/2026;16:51:25;2.790;13.328,00;INVT;EST_INV_AME;MDCOSTA;;;;;;;;;2.790;M;CDFL - CD FLORES;;0;2.790;2.790;AMEN;;;;0,00;0,00;0;;0;0;;;B;;;;0;M;2026;;;S;WE;0,00;BRL;;;0;0;M;M;810,49;1.749,51;;
CDFL;4500148087;;;30;0;0;400460;CABO ELET NU CA AL 2/0AWG 67,40MM2 ASTER;101;EM Entrada mercador.;0180035432;1003949;5000257420;1;24/03/2026;30/03/2026;30/03/2026;11:49:50;4.004;116.116,00;INVT;EST_INV_AME;MDCOSTA;;;;;;;;;4.004;KG;CDFL - CD FLORES;;0;4.004;4.004;AMEN;;;;0,00;0,00;0;;0;0;;;B;;;;0;KG;2026;;;S;WE;0,00;BRL;;;0;0;KG;KG;8.128,12;0,00;;
CDFL;4500148087;;;30;0;0;400460;CABO ELET NU CA AL 2/0AWG 67,40MM2 ASTER;101;EM Entrada mercador.;0180035360;1003949;5000257149;2;20/03/2026;24/03/2026;24/03/2026;10:01:05;5.025;145.725,00;INVT;EST_INV_AME;MDCOSTA;;;;;;;;;5.025;KG;CDFL - CD FLORES;;0;5.025;5.025;AMEN;;;;0,00;0,00;0;;0;0;;;B;;;;0;KG;2026;;;S;WE;0,00;BRL;;;0;0;KG;KG;10.200,75;0,00;;
CDFL;4500148087;;;30;0;0;400460;CABO ELET NU CA AL 2/0AWG 67,40MM2 ASTER;101;EM Entrada mercador.;0180035325;1003949;5000256945;2;18/03/2026;20/03/2026;20/03/2026;14:55:33;4.027;116.783,00;INVT;EST_INV_AME;MDCOSTA;;;;;;;;;4.027;KG;CDFL - CD FLORES;;0;4.027;4.027;AMEN;;;;0,00;0,00;0;;0;0;;;B;;;;0;KG;2026;;;S;WE;0,00;BRL;;;0;0;KG;KG;8.174,81;0,00;;
CDFL;4500136235;;;10;0;0;400473;CABO  MULT 3X50+1X50MM² XLPE 0,6/1 KV;101;EM Entrada mercador.;0180034050;1003949;5000241381;1;27/11/2025;12/12/2025;12/12/2025;07:59:51;2.000;42.100,00;INVT;EST_INV_AME;MDCOSTA;;;;;;;;;2.000;M;CDFL - CD FLORES;;0;2.000;2.000;AMEN;;;;0,00;0,00;0;;0;0;;;B;;;;0;M;2025;;;S;WE;0,00;BRL;;;0;0;M;M;2.947,00;0,00;;
CDFL;4500136122;;;10;0;0;400473;CABO  MULT 3X50+1X50MM² XLPE 0,6/1 KV;101;EM Entrada mercador.;0180034048;1003949;5000241364;1;01/12/2025;12/12/2025;12/12/2025;07:42:34;1.000;21.050,00;INVT;EST_INV_AME;MDCOSTA;;;;;;;;;1.000;M;CDFL - CD FLORES;;0;1.000;1.000;AMEN;;;;0,00;0,00;0;;0;0;;;B;;;;0;M;2025;;;S;WE;0,00;BRL;;;0;0;M;M;1.473,50;0,00;;
CDFL;4500136235;;;10;0;0;400473;CABO  MULT 3X50+1X50MM² XLPE 0,6/1 KV;101;EM Entrada mercador.;0180034047;1003949;5000241363;1;01/12/2025;12/12/2025;12/12/2025;07:39:13;2.112;44.457,60;INVT;EST_INV_AME;MDCOSTA;;;;;;;;;2.112;M;CDFL - CD FLORES;;0;2.112;2.112;AMEN;;;;0,00;0,00;0;;0;0;;;B;;;;0;M;2025;;;S;WE;0,00;BRL;;;0;0;M;M;3.112,03;0,00;;
CDFL;4500128928;;;10;0;0;400473;CABO  MULT 3X50+1X50MM² XLPE 0,6/1 KV;101;EM Entrada mercador.;0180033326;1003949;5000232080;1;13/10/2025;17/10/2025;17/10/2025;09:40:39;2.000;42.100,00;INVT;EST_INV_AME;MDCOSTA;;;;;;;;;2.000;M;CDFL - CD FLORES;;0;2.000;2.000;AMEN;;;;0,00;0,00;0;;0;0;;;B;;;;0;M;2025;;;S;WE;0,00;BRL;;;0;0;M;M;2.947,00;0,00;;
CDFL;4500148070;;;30;0;0;400474;CABO  MULT 3X70+1X70 MM² XLPE 0,6/1 KV;101;EM Entrada mercador.;0180035229;1003949;5000256348;1;10/03/2026;16/03/2026;16/03/2026;15:08:48;5.290;148.120,00;INVT;EST_INV_AME;MDCOSTA;;;;;;;;;5.290;M;CDFL - CD FLORES;;0;5.290;5.290;AMEN;;;;0,00;0,00;0;;0;0;;;B;;;;0;M;2026;;;S;WE;0,00;BRL;;;0;0;M;M;10.368,40;0,00;;
CDFL;4500148070;;;30;0;0;400474;CABO  MULT 3X70+1X70 MM² XLPE 0,6/1 KV;101;EM Entrada mercador.;0180035226;1003949;5000256343;1;11/03/2026;16/03/2026;16/03/2026;15:04:39;3.231;90.468,00;INVT;EST_INV_AME;MDCOSTA;;;;;;;;;3.231;M;CDFL - CD FLORES;;0;3.231;3.231;AMEN;;;;0,00;0,00;0;;0;0;;;B;;;;0;M;2026;;;S;WE;0,00;BRL;;;0;0;M;M;6.332,76;0,00;;
CDFL;4500148070;;;30;0;0;400474;CABO  MULT 3X70+1X70 MM² XLPE 0,6/1 KV;101;EM Entrada mercador.;0180035149;1003949;5000254709;1;05/03/2026;10/03/2026;10/03/2026;10:13:09;8.087;226.436,00;INVT;EST_INV_AME;MDCOSTA;;;;;;;;;8.087;M;CDFL - CD FLORES;;0;8.087;8.087;AMEN;;;;0,00;0,00;0;;0;0;;;B;;;;0;M;2026;;;S;WE;0,00;BRL;;;0;0;M;M;15.850,52;0,00;;
CDFL;4500128714;;;20;0;0;400474;CABO  MULT 3X70+1X70 MM² XLPE 0,6/1 KV;101;EM Entrada mercador.;0180033369;1003949;5000232660;1;15/10/2025;20/10/2025;20/10/2025;16:00:57;4.399;123.172,00;INVT;EST_INV_AME;MDCOSTA;;;;;;;;;4.399;M;CDFL - CD FLORES;;0;4.399;4.399;AMEN;;;;0,00;0,00;0;;0;0;;;B;;;;0;M;2025;;;S;WE;0,00;BRL;;;0;0;M;M;8.622,04;0,00;;
CDFL;4500128714;;;20;0;0;400474;CABO  MULT 3X70+1X70 MM² XLPE 0,6/1 KV;101;EM Entrada mercador.;0180033208;1003949;5000230608;1;29/09/2025;10/10/2025;10/10/2025;09:38:45;2.581;72.268,00;INVT;EST_INV_AME;MDCOSTA;;;;;;;;;2.581;M;CDFL - CD FLORES;;0;2.581;2.581;AMEN;;;;0,00;0,00;0;;0;0;;;B;;;;0;M;2025;;;S;WE;0,00;BRL;;;0;0;M;M;5.058,76;0,00;;
CDFL;4500148070;;;40;0;0;400487;CABO  MULT 3X120+1X120MM² XLPE 0,6/1 KV;101;EM Entrada mercador.;0180035288;1003949;5000256531;1;16/03/2026;18/03/2026;18/03/2026;10:42:37;4.927;269.999,60;INVT;EST_INV_AME;MDCOSTA;;;;;;;;;4.927;M;CDFL - CD FLORES;;0;4.927;4.927;AMEN;;;;0,00;0,00;0;;0;0;;;B;;;;0;M;2026;;;S;WE;0,00;BRL;;;0;0;M;M;18.899,97;0,00;;
CDFL;4500148070;;;40;0;0;400487;CABO  MULT 3X120+1X120MM² XLPE 0,6/1 KV;101;EM Entrada mercador.;0180035226;1003949;5000256343;2;11/03/2026;16/03/2026;16/03/2026;15:04:39;560;30.688,00;INVT;EST_INV_AME;MDCOSTA;;;;;;;;;560;M;CDFL - CD FLORES;;0;560;560;AMEN;;;;0,00;0,00;0;;0;0;;;B;;;;0;M;2026;;;S;WE;0,00;BRL;;;0;0;M;M;2.148,16;0,00;;
CDFL;4500148070;;;40;0;0;400487;CABO  MULT 3X120+1X120MM² XLPE 0,6/1 KV;101;EM Entrada mercador.;0180035229;1003949;5000256348;2;10/03/2026;16/03/2026;16/03/2026;15:08:48;1.513;82.912,40;INVT;EST_INV_AME;MDCOSTA;;;;;;;;;1.513;M;CDFL - CD FLORES;;0;1.513;1.513;AMEN;;;;0,00;0,00;0;;0;0;;;B;;;;0;M;2026;;;S;WE;0,00;BRL;;;0;0;M;M;5.803,87;0,00;;
CDFL;4500138328;;;30;0;0;400506;CONECTOR DER CU 13-34MM2;101;EM Entrada mercador.;0180035098;1003799;5000254308;3;06/03/2026;06/03/2026;06/03/2026;14:06:27;950;8.649,93;INVT;EST_INV_AME;MDCOSTA;;;;;;;;;950;UN;CDFL - CD FLORES;;0;950;950;AMEN;;;;0,00;0,00;0;;0;0;;;B;;;;0;UN;2026;;;S;WE;0,00;BRL;;;0;0;UN;UN;526,01;1.135,44;;
CDFL;4500130665;;;20;0;0;400506;CONECTOR DER CU 13-34MM2;101;EM Entrada mercador.;0180033955;1003799;5000239657;2;05/11/2025;04/12/2025;04/12/2025;10:23:49;200;1.821,04;INVT;EST_INV_AME;MDCOSTA;;;;;;;;;200;UN;CDFL - CD FLORES;;0;200;200;AMEN;;;;0,00;0,00;0;;0;0;;;B;;;;0;UN;2025;;;S;WE;0,00;BRL;;;0;0;UN;UN;110,74;239,04;;
CDFL;4500125463;;;20;0;0;400506;CONECTOR DER CU 13-34MM2;101;EM Entrada mercador.;0180033145;1003799;5000230030;2;05/09/2025;07/10/2025;07/10/2025;11:15:34;350;3.186,81;INVT;EST_INV_AME;MDCOSTA;;;;;;;;;350;UN;CDFL - CD FLORES;;0;350;350;AMEN;;;;0,00;0,00;0;;0;0;;;B;;;;0;UN;2025;;;S;WE;0,00;BRL;;;0;0;UN;UN;193,79;418,32;;
CDFL;4500130625;;;30;0;0;400507;CONECTOR PARAL AL 10-2/0AWG (6-70MM2);101;EM Entrada mercador.;0180033970;1003799;5000239792;2;05/11/2025;05/12/2025;05/12/2025;09:04:53;600;4.427,13;INVT;EST_INV_AME;MDCOSTA;;;;;;;;;600;UN;CDFL - CD FLORES;;0;600;600;AMEN;;;;0,00;0,00;0;;0;0;;;B;;;;0;UN;2025;;;S;WE;0,00;BRL;;;0;0;UN;UN;269,22;581,13;;
CDFL;4500130665;;;30;0;0;400545;CONECTOR PARAF FEND DER CU 2,5-70MM²;101;EM Entrada mercador.;0180033955;1003799;5000239657;3;05/11/2025;04/12/2025;04/12/2025;10:23:49;82;1.139,29;INVT;EST_INV_AME;MDCOSTA;;;;;;;;;82;UN;CDFL - CD FLORES;;0;82;82;AMEN;;;;0,00;0,00;0;;0;0;;;B;;;;0;UN;2025;;;S;WE;0,00;BRL;;;0;0;UN;UN;69,28;149,55;;
CDFL;4500125463;;;10;0;0;400545;CONECTOR PARAF FEND DER CU 2,5-70MM²;101;EM Entrada mercador.;0180033145;1003799;5000230030;1;05/09/2025;07/10/2025;07/10/2025;11:15:34;50;694,68;INVT;EST_INV_AME;MDCOSTA;;;;;;;;;50;UN;CDFL - CD FLORES;;0;50;50;AMEN;;;;0,00;0,00;0;;0;0;;;B;;;;0;UN;2025;;;S;WE;0,00;BRL;;;0;0;UN;UN;42,25;91,19;;
CDFL;4500135552;;;10;0;0;400594;CABO DE AÇO REVESTIDOS DE COBRE 35MM²;101;EM Entrada mercador.;0180034524;1009609;5000247770;1;27/11/2025;26/01/2026;26/01/2026;14:15:29;3.000;286.416,00;INVT;EST_INV_AME;MDCOSTA;;;;;;;;;3.000;KG;CDFL - CD FLORES;;0;3.000;3.000;AMEN;;;;0,00;0,00;0;;0;0;;;B;;;;0;KG;2026;;;S;WE;0,00;BRL;;;0;0;KG;KG;31.590,00;23.166,00;;
CDFL;4500129076;;;10;0;0;400594;CABO DE AÇO REVESTIDOS DE COBRE 35MM²;101;EM Entrada mercador.;0180033680;1009609;5000235527;1;13/10/2025;11/11/2025;11/11/2025;17:22:54;2.662;254.146,46;INVT;EST_INV_AME;MDCOSTA;;;;;;;;;2.662;KG;CDFL - CD FLORES;;0;2.662;2.662;AMEN;;;;0,00;0,00;0;;0;0;;;B;;;;0;KG;2025;;;S;WE;0,00;BRL;;;0;0;KG;KG;28.030,86;20.555,96;;
CDFL;4500148814;;;20;0;0;400708;CABO ELETR 15KV AL PROT XLPE 50MM2 1F MT;101;EM Entrada mercador.;0180035368;1003949;5000257207;1;16/03/2026;24/03/2026;24/03/2026;15:06:37;24.937;162.090,50;INVT;EST_INV_AME;MDCOSTA;;;;;;;;;24.937;M;CDFL - CD FLORES;;0;24.937;24.937;AMEN;;;;0,00;0,00;0;;0;0;;;B;;;;0;M;2026;;;S;WE;0,00;BRL;;;0;0;M;M;11.346,34;0,00;;
CDFL;4500148814;;;20;0;0;400708;CABO ELETR 15KV AL PROT XLPE 50MM2 1F MT;101;EM Entrada mercador.;0180035223;1003949;5000256338;1;12/03/2026;16/03/2026;16/03/2026;14:54:32;8.366;54.379,00;INVT;EST_INV_AME;MDCOSTA;;;;;;;;;8.366;M;CDFL - CD FLORES;;0;8.366;8.366;AMEN;;;;0,00;0,00;0;;0;0;;;B;;;;0;M;2026;;;S;WE;0,00;BRL;;;0;0;M;M;3.806,53;0,00;;
CDFL;4500135901;;;10;0;0;400708;CABO ELETR 15KV AL PROT XLPE 50MM2 1F MT;101;EM Entrada mercador.;0180034563;1011333;5000247841;1;27/01/2026;27/01/2026;27/01/2026;16:18:08;23.275;139.853,47;INVT;EST_INV_AME;MDCOSTA;;;;;;;;;23.275;M;CDFL - CD FLORES;;0;23.275;23.275;AMEN;;;;0,00;0,00;0;;0;0;;;B;;;;0;M;2026;;;S;WE;0,00;BRL;;;0;0;M;M;8.504,68;18.357,97;;
CDFL;4500132950;;;10;0;0;400708;CABO ELETR 15KV AL PROT XLPE 50MM2 1F MT;101;EM Entrada mercador.;0180034018;1011333;5000240935;1;21/10/2025;10/12/2025;10/12/2025;16:29:05;10.000;60.087,42;INVT;EST_INV_AME;MDCOSTA;;;;;;;;;10.000;M;CDFL - CD FLORES;;0;10.000;10.000;AMEN;;;;0,00;0,00;0;;0;0;;;B;;;;0;M;2025;;;S;WE;0,00;BRL;;;0;0;M;M;3.654,00;7.887,42;;
CDFL;4500128696;;;30;0;0;400708;CABO ELETR 15KV AL PROT XLPE 50MM2 1F MT;101;EM Entrada mercador.;0180033636;1011333;5000235084;4;04/10/2025;07/11/2025;07/11/2025;15:58:55;6.000;36.052,45;INVT;EST_INV_AME;MDCOSTA;;;;;;;;;6.000;M;CDFL - CD FLORES;;0;6.000;6.000;AMEN;;;;0,00;0,00;0;;0;0;;;B;;;;0;M;2025;;;S;WE;0,00;BRL;;;0;0;M;M;2.192,44;4.732,54;;
CDFL;4500128696;;;20;0;0;400708;CABO ELETR 15KV AL PROT XLPE 50MM2 1F MT;101;EM Entrada mercador.;0180033636;1011333;5000235084;3;04/10/2025;07/11/2025;07/11/2025;15:58:55;392;2.355,43;INVT;EST_INV_AME;MDCOSTA;;;;;;;;;392;M;CDFL - CD FLORES;;0;392;392;AMEN;;;;0,00;0,00;0;;0;0;;;B;;;;0;M;2025;;;S;WE;0,00;BRL;;;0;0;M;M;143,24;309,19;;
CDFL;4500137857;;;10;0;0;400730;CABO ELET 15KV AL PROT XLPE 185MM2 1F MT;101;EM Entrada mercador.;0180034832;1011333;5000251563;1;16/02/2026;16/02/2026;16/02/2026;16:51:25;24.000;459.979,56;INVT;EST_INV_AME;MDCOSTA;;;;;;;;;24.000;M;CDFL - CD FLORES;;0;24.000;24.000;AMEN;;;;0,00;0,00;0;;0;0;;;B;;;;0;M;2026;;;S;WE;0,00;BRL;;;0;0;M;M;27.972,00;60.379,56;;
CDFL;4500137857;;;10;0;0;400730;CABO ELET 15KV AL PROT XLPE 185MM2 1F MT;101;EM Entrada mercador.;0180034657;1011333;5000248757;1;04/02/2026;04/02/2026;04/02/2026;08:04:54;24.904;477.305,46;INVT;EST_INV_AME;MDCOSTA;;;;;;;;;24.904;M;CDFL - CD FLORES;;0;24.904;24.904;AMEN;;;;0,00;0,00;0;;0;0;;;B;;;;0;M;2026;;;S;WE;0,00;BRL;;;0;0;M;M;29.025,61;62.653,86;;
CDFL;4500125894;;;10;0;0;400730;CABO ELET 15KV AL PROT XLPE 185MM2 1F MT;101;EM Entrada mercador.;0180033223;1011333;5000230747;1;10/09/2025;13/10/2025;13/10/2025;07:49:07;30.000;574.974,45;INVT;EST_INV_AME;MDCOSTA;;;;;;;;;30.000;M;CDFL - CD FLORES;;0;30.000;30.000;AMEN;;;;0,00;0,00;0;;0;0;;;B;;;;0;M;2025;;;S;WE;0,00;BRL;;;0;0;M;M;34.965,00;75.474,45;;
CDFL;4500125894;;;10;0;0;400730;CABO ELET 15KV AL PROT XLPE 185MM2 1F MT;101;EM Entrada mercador.;0180033223;1011333;5000230747;2;10/09/2025;13/10/2025;13/10/2025;07:49:07;1.154;22.117,35;INVT;EST_INV_AME;MDCOSTA;;;;;;;;;1.154;M;CDFL - CD FLORES;;0;1.154;1.154;AMEN;;;;0,00;0,00;0;;0;0;;;B;;;;0;M;2025;;;S;WE;0,00;BRL;;;0;0;M;M;1.344,99;2.903,25;;
CDFL;4500124112;;;10;0;0;400733;CABO ELET BT 70MM2 CU PVC PT 0,6/1KV;101;EM Entrada mercador.;0180034138;1003949;5000243579;1;11/12/2025;18/12/2025;18/12/2025;08:55:21;100;5.698,00;INVT;EST_INV_AME;MDCOSTA;;;;;;;;;100;M;CDFL - CD FLORES;;0;100;100;AMEN;;;;0,00;0,00;0;;0;0;;;B;;;;0;M;2025;;;S;WE;0,00;BRL;;;0;0;M;M;398,86;0,00;;
CDFL;4500137858;;;10;0;0;400758;CHAVE SECC 1P 15KV 630A 110KV 25KA;101;EM Entrada mercador.;0180034823;1003412;5000251548;1;16/02/2026;16/02/2026;16/02/2026;07:45:12;488;292.103,14;INVT;EST_INV_AME;MDCOSTA;;;;;;;;;488;UN;CDFL - CD FLORES;;0;488;488;AMEN;;;;0,00;0,00;0;;0;0;;;B;;;;0;UN;2026;;;S;WE;0,00;BRL;;;0;0;UN;UN;17.763,20;38.343,14;;
CDFL;4500138325;;;10;0;0;400790;CONECTOR ATERR REFORÇ HAST/CAB 5/8-35MM2;101;EM Entrada mercador.;0180034985;1003799;5000253291;1;29/01/2026;26/02/2026;26/02/2026;16:52:59;3.706;80.456,32;INVT;EST_INV_AME;MDCOSTA;;;;;;;;;3.706;UN;CDFL - CD FLORES;;0;3.706;3.706;AMEN;;;;0,00;0,00;0;;0;0;;;B;;;;0;UN;2026;;;S;WE;0,00;BRL;;;0;0;UN;UN;4.892,66;10.561,16;;
CDFL;4500130788;;;10;0;0;400790;CONECTOR ATERR REFORÇ HAST/CAB 5/8-35MM2;101;EM Entrada mercador.;0180033969;1003799;5000239791;1;05/11/2025;05/12/2025;05/12/2025;09:01:27;800;17.367,80;INVT;EST_INV_AME;MDCOSTA;;;;;;;;;800;UN;CDFL - CD FLORES;;0;800;800;AMEN;;;;0,00;0,00;0;;0;0;;;B;;;;0;UN;2025;;;S;WE;0,00;BRL;;;0;0;UN;UN;1.056,16;2.279,80;;
CDFL;4500127601;;;10;0;0;400806;ELO FUSIVEL DISTRIB 30K 15KV 500MM;101;EM Entrada mercador.;0180033321;1003489;5000232047;1;22/09/2025;17/10/2025;17/10/2025;09:15:03;137;966,71;INVT;EST_INV_AME;MDCOSTA;;;;;;;;;137;UN;CDFL - CD FLORES;;0;137;137;AMEN;;;;0,00;0,00;0;;0;0;;;B;;;;0;UN;2025;;;S;WE;0,00;BRL;;;0;0;UN;UN;58,79;126,90;;
CDFL;4500134146;;;10;0;0;400821;CABO ELET 15KV AL PROT XLPE 120MM2 1F MT;101;EM Entrada mercador.;0180034017;1011333;5000240930;2;12/11/2025;10/12/2025;10/12/2025;16:25:40;700;9.443,62;INVT;EST_INV_AME;MDCOSTA;;;;;;;;;700;M;CDFL - CD FLORES;;0;700;700;AMEN;;;;0,00;0,00;0;;0;0;;;B;;;;0;M;2025;;;S;WE;0,00;BRL;;;0;0;M;M;574,28;1.239,62;;
CDFL;4500134146;;;10;0;0;400821;CABO ELET 15KV AL PROT XLPE 120MM2 1F MT;101;EM Entrada mercador.;0180034017;1011333;5000240930;1;12/11/2025;10/12/2025;10/12/2025;16:25:40;4.000;53.963,57;INVT;EST_INV_AME;MDCOSTA;;;;;;;;;4.000;M;CDFL - CD FLORES;;0;4.000;4.000;AMEN;;;;0,00;0,00;0;;0;0;;;B;;;;0;M;2025;;;S;WE;0,00;BRL;;;0;0;M;M;3.281,60;7.083,57;;
CDFL;4500126952;;;10;0;0;400827;ARRUELA LIS QD AC 17MM 11/16 57X57MM 5MM;101;EM Entrada mercador.;0180033211;1021472;5000230622;1;16/09/2025;10/10/2025;10/10/2025;10:05:06;12.500;36.625,00;INVT;EST_INV_AME;MDCOSTA;;;;;;;;;12.500;UN;CDFL - CD FLORES;;0;12.500;12.500;AMEN;;;;0,00;0,00;0;;0;0;;;B;;;;0;UN;2025;;;S;WE;0,00;BRL;;;0;0;UN;UN;0,00;0,00;;
CDFL;4500125463;;;30;0;0;400828;CONECTOR DER CUNHA AM AL 4/0AWG 336,4MCM;101;EM Entrada mercador.;0180033145;1003799;5000230030;3;05/09/2025;07/10/2025;07/10/2025;11:15:34;150;5.927,58;INVT;EST_INV_AME;MDCOSTA;;;;;;;;;150;UN;CDFL - CD FLORES;;0;150;150;AMEN;;;;0,00;0,00;0;;0;0;;;B;;;;0;UN;2025;;;S;WE;0,00;BRL;;;0;0;UN;UN;360,47;778,09;;
CDFL;4500121299;;;20;0;0;400908;MAO FRANCESA BECO AC 1970MM 45X45X45MM;101;EM Entrada mercador.;0180033099;1007262;5000229560;1;08/09/2025;03/10/2025;03/10/2025;08:29:56;1.030;91.018,38;INVT;EST_INV_AME;MDCOSTA;;;;;;;;;1.030;UN;CDFL - CD FLORES;;0;1.030;1.030;AMEN;;;;0,00;0,00;0;;0;0;;;B;;;;0;UN;2025;;;S;WE;0,00;BRL;;;0;0;UN;UN;10.038,79;7.361,78;;
CDFL;4500138713;;;20;0;0;400930;PARAFUSO CAB ABA AC 10MM 115MM;101;EM Entrada mercador.;0180034861;1007262;5000251978;2;09/02/2026;19/02/2026;19/02/2026;16:12:48;1.000;2.741,76;INVT;EST_INV_AME;MDCOSTA;;;;;;;;;1.000;UN;CDFL - CD FLORES;;0;1.000;1.000;AMEN;;;;0,00;0,00;0;;0;0;;;B;;;;0;UN;2026;;;S;WE;0,00;BRL;;;0;0;UN;UN;302,40;221,76;;
CDFL;4500126386;;;20;0;0;400937;MED EL 2E 3F 120V 120A GD B;101;EM Entrada mercador.;0180033732;1009535;5000236001;1;31/10/2025;14/11/2025;14/11/2025;09:33:55;600;60.000,00;INVT;EST_INV_AME;MDCOSTA;;;;;;;;;600;UN;CDFL - CD FLORES;;0;600;600;AMEN;;;;0,00;0,00;0;;0;0;;;B;;;;0;UN;2025;;;S;WE;0,00;BRL;;;0;0;UN;UN;12.000,00;0,00;;
CDFL;4500126386;;;20;0;0;400937;MED EL 2E 3F 120V 120A GD B;101;EM Entrada mercador.;0180033731;1009535;5000236000;1;30/10/2025;14/11/2025;14/11/2025;09:30:00;4.000;400.000,00;INVT;EST_INV_AME;MDCOSTA;;;;;;;;;4.000;UN;CDFL - CD FLORES;;0;4.000;4.000;AMEN;;;;0,00;0,00;0;;0;0;;;B;;;;0;UN;2025;;;S;WE;0,00;BRL;;;0;0;UN;UN;80.000,00;0,00;;
CDFL;4500119379;;;20;0;0;400937;MED EL 2E 3F 120V 120A GD B;101;EM Entrada mercador.;0180033302;1009535;5000231953;1;24/09/2025;16/10/2025;16/10/2025;15:17:36;4.000;400.000,00;INVT;EST_INV_AME;MDCOSTA;;;;;;;;;4.000;UN;CDFL - CD FLORES;;0;4.000;4.000;AMEN;;;;0,00;0,00;0;;0;0;;;B;;;;0;UN;2025;;;S;WE;0,00;BRL;;;0;0;UN;UN;80.000,00;0,00;;
CDFL;4500119379;;;20;0;0;400937;MED EL 2E 3F 120V 120A GD B;101;EM Entrada mercador.;0180033142;1009535;5000230027;1;27/09/2025;07/10/2025;07/10/2025;10:41:45;350;35.000,00;INVT;EST_INV_AME;MDCOSTA;;;;;;;;;350;UN;CDFL - CD FLORES;;0;350;350;AMEN;;;;0,00;0,00;0;;0;0;;;B;;;;0;UN;2025;;;S;WE;0,00;BRL;;;0;0;UN;UN;7.000,00;0,00;;
CDFL;4500137980;;;20;0;0;400945;PARAFUSO CAB ABA PESC QD EM AC 5/8PX45MM;101;EM Entrada mercador.;0180034862;1007262;5000251980;2;19/02/2026;19/02/2026;19/02/2026;16:17:58;50;226,30;INVT;EST_INV_AME;MDCOSTA;;;;;;;;;50;UN;CDFL - CD FLORES;;0;50;50;AMEN;;;;0,00;0,00;0;;0;0;;;B;;;;0;UN;2026;;;S;WE;0,00;BRL;;;0;0;UN;UN;24,96;18,30;;
CDFL;4500132128;;;40;0;0;400945;PARAFUSO CAB ABA PESC QD EM AC 5/8PX45MM;101;EM Entrada mercador.;0180034695;1007262;5000249378;4;05/02/2026;05/02/2026;05/02/2026;18:15:47;93;420,93;INVT;EST_INV_AME;MDCOSTA;;;;;;;;;93;UN;CDFL - CD FLORES;;0;93;93;AMEN;;;;0,00;0,00;0;;0;0;;;B;;;;0;UN;2026;;;S;WE;0,00;BRL;;;0;0;UN;UN;46,43;34,05;;
CDFL;4500144675;;;30;0;0;400968;POSTE FIBRA VIDRO 11M 200DAN;101;EM Entrada mercador.;0180034853;1011711;5000251758;1;19/02/2026;19/02/2026;19/02/2026;08:49:07;50;90.050,00;INVT;EST_INV_AME;MDCOSTA;;;;;;;;;50;UN;CDFL - CD FLORES;;0;50;50;AMEN;;;;0,00;0,00;0;;0;0;;;B;;;;0;UN;2026;;;S;WE;0,00;BRL;;;0;0;UN;UN;6.303,50;0,00;;
CDFL;4500144675;;;10;0;0;400968;POSTE FIBRA VIDRO 11M 200DAN;101;EM Entrada mercador.;0180034664;1011711;5000248828;1;04/02/2026;04/02/2026;04/02/2026;11:22:56;50;90.050,00;INVT;EST_INV_AME;MDCOSTA;;;;;;;;;50;UN;CDFL - CD FLORES;;0;50;50;AMEN;;;;0,00;0,00;0;;0;0;;;B;;;;0;UN;2026;;;S;WE;0,00;BRL;;;0;0;UN;UN;6.303,50;0,00;;
CDFL;4500138188;;;10;0;0;400968;POSTE FIBRA VIDRO 11M 200DAN;101;EM Entrada mercador.;0180034216;1011711;5000243954;1;17/12/2025;22/12/2025;22/12/2025;14:50:45;23;41.423,00;INVT;EST_INV_AME;MDCOSTA;;;;;;;;;23;UN;CDFL - CD FLORES;;0;23;23;AMEN;;;;0,00;0,00;0;;0;0;;;B;;;;0;UN;2025;;;S;WE;0,00;BRL;;;0;0;UN;UN;2.899,61;0,00;;
CDFL;4500137952;;;10;0;0;400968;POSTE FIBRA VIDRO 11M 200DAN;101;EM Entrada mercador.;0180034041;1011711;5000241303;1;01/12/2025;11/12/2025;11/12/2025;15:05:34;50;90.050,00;INVT;EST_INV_AME;MDCOSTA;;;;;;;;;50;UN;CDFL - CD FLORES;;0;50;50;AMEN;;;;0,00;0,00;0;;0;0;;;B;;;;0;UN;2025;;;S;WE;0,00;BRL;;;0;0;UN;UN;6.303,50;0,00;;
CDFL;4500133909;;;10;0;0;400968;POSTE FIBRA VIDRO 11M 200DAN;101;EM Entrada mercador.;0180033776;1011711;5000236353;1;30/10/2025;17/11/2025;17/11/2025;14:21:36;50;90.050,00;INVT;EST_INV_AME;LPEIXOTO;;;;;;;;;50;UN;CDFL - CD FLORES;;0;50;50;AMEN;;;;0,00;0,00;0;;0;0;;;B;;;;0;UN;2025;;;S;WE;0,00;BRL;;;0;0;UN;UN;6.303,50;0,00;;
CDFL;4500133909;;;10;0;0;400968;POSTE FIBRA VIDRO 11M 200DAN;101;EM Entrada mercador.;0180033543;1011711;5000234284;1;27/10/2025;31/10/2025;31/10/2025;08:32:08;50;90.050,00;INVT;EST_INV_AME;MDCOSTA;;;;;;;;;50;UN;CDFL - CD FLORES;;0;50;50;AMEN;;;;0,00;0,00;0;;0;0;;;B;;;;0;UN;2025;;;S;WE;0,00;BRL;;;0;0;UN;UN;6.303,50;0,00;;
CDFL;4500133909;;;10;0;0;400968;POSTE FIBRA VIDRO 11M 200DAN;101;EM Entrada mercador.;0180033539;1011711;5000234272;1;21/10/2025;30/10/2025;30/10/2025;15:30:48;11;19.811,00;INVT;EST_INV_AME;MDCOSTA;;;;;;;;;11;UN;CDFL - CD FLORES;;0;11;11;AMEN;;;;0,00;0,00;0;;0;0;;;B;;;;0;UN;2025;;;S;WE;0,00;BRL;;;0;0;UN;UN;1.386,77;0,00;;
CDFL;4500137970;;;40;0;0;400974;PORCA QUADRADA AC 16MM 2MM;101;EM Entrada mercador.;0180034698;1010868;5000249396;4;06/02/2026;06/02/2026;06/02/2026;08:51:30;4.388;5.303,58;INVT;EST_INV_AME;MDCOSTA;;;;;;;;;4.388;UN;CDFL - CD FLORES;;0;4.388;4.388;AMEN;;;;0,00;0,00;0;;0;0;;;B;;;;0;UN;2026;;;S;WE;0,00;BRL;;;0;0;UN;UN;322,52;696,18;;
CDFL;4500124896;;;60;0;0;400974;PORCA QUADRADA AC 16MM 2MM;101;EM Entrada mercador.;0180033216;1021472;5000230688;3;16/09/2025;10/10/2025;10/10/2025;14:20:45;750;1.950,00;INVT;EST_INV_AME;MDCOSTA;;;;;;;;;750;UN;CDFL - CD FLORES;;0;750;750;AMEN;;;;0,00;0,00;0;;0;0;;;B;;;;0;UN;2025;;;S;WE;0,00;BRL;;;0;0;UN;UN;0,00;0,00;;
CDFL;4500145199;;;20;0;0;400988;POSTE CONCRETO TRON CON 9M 600KGF;101;EM Entrada mercador.;0180035100;1006698;5000254311;1;06/03/2026;06/03/2026;06/03/2026;14:19:41;8;15.679,60;INVT;EST_INV_AME;MDCOSTA;;;;;;;;;8;UN;CDFL - CD FLORES;;0;8;8;AMEN;;;;0,00;0,00;0;;0;0;;;B;;;;0;UN;2026;;;S;WE;0,00;BRL;;;0;0;UN;UN;1.097,57;0,00;;
CDFL;4500138292;;;60;0;0;400988;POSTE CONCRETO TRON CON 9M 600KGF;101;EM Entrada mercador.;0180034689;1006698;5000249372;1;05/02/2026;05/02/2026;05/02/2026;17:32:29;8;15.679,60;INVT;EST_INV_AME;MDCOSTA;;;;;;;;;8;UN;CDFL - CD FLORES;;0;8;8;AMEN;;;;0,00;0,00;0;;0;0;;;B;;;;0;UN;2026;;;S;WE;0,00;BRL;;;0;0;UN;UN;1.097,57;0,00;;
CDFL;4500145245;;;20;0;0;400995;POSTE CONCRETO DUPLO T 9M 1000DAN;101;EM Entrada mercador.;0180035399;1006698;5000257309;1;26/03/2026;26/03/2026;26/03/2026;09:44:51;12;21.085,80;INVT;EST_INV_AME;MDCOSTA;;;;;;;;;12;UN;CDFL - CD FLORES;;0;12;12;AMEN;;;;0,00;0,00;0;;0;0;;;B;;;;0;UN;2026;;;S;WE;0,00;BRL;;;0;0;UN;UN;4.217,16;0,00;;
CDFL;4500120650;;;10;0;0;401004;RELIGADOR 1F AUTOMAT 7,96 KV 100A 6,3kA;101;EM Entrada mercador.;0180033236;1003685;5000230889;1;08/09/2025;13/10/2025;13/10/2025;11:20:35;10;237.041,60;INVT;EST_INV_AME;MDCOSTA;;;;;;;;;10;UN;CDFL - CD FLORES;;0;10;10;AMEN;;;;0,00;0,00;0;;0;0;;;B;;;;0;UN;2025;;;S;WE;0,00;BRL;;;0;0;UN;UN;7.954,42;38.181,20;;
CDFL;4500134702;;;20;0;0;401036;CORDOALHA AC 9,5MM 3/8P 7F 4900DAN;101;EM Entrada mercador.;0180034083;1018867;5000241768;2;12/11/2025;15/12/2025;15/12/2025;10:29:17;3.000;72.340,76;INVT;EST_INV_AME;MDCOSTA;;;;;;;;;3.000;KG;CDFL - CD FLORES;;0;3.000;3.000;AMEN;;;;0,00;0,00;0;;0;0;;;B;;;;0;KG;2025;;;S;WE;0,00;BRL;;;0;0;KG;KG;4.399,14;9.495,86;;
CDFL;4500144585;;;20;0;0;401116;ISOLADOR ANCOR POLIM 15KV 5000DAN;101;EM Entrada mercador.;0180035252;1003412;5000256481;2;18/03/2026;18/03/2026;18/03/2026;08:38:00;2.095;77.169,74;INVT;EST_INV_AME;MDCOSTA;;;;;;;;;2.095;UN;CDFL - CD FLORES;;0;2.095;2.095;AMEN;;;;0,00;0,00;0;;0;0;;;B;;;;0;UN;2026;;;S;WE;0,00;BRL;;;0;0;UN;UN;4.692,80;10.129,74;;
CDFL;4500145616;;;10;0;0;401127;POSTE CONCRETO ARM DUPL T 11M 600KGF;101;EM Entrada mercador.;0180035356;1006698;5000257140;1;24/03/2026;24/03/2026;24/03/2026;09:36:42;19;39.178,00;INVT;EST_INV_AME;MDCOSTA;;;;;;;;;19;UN;CDFL - CD FLORES;;0;19;19;AMEN;;;;0,00;0,00;0;;0;0;;;B;;;;0;UN;2026;;;S;WE;0,00;BRL;;;0;0;UN;UN;2.742,46;0,00;;
CDFL;4500145616;;;10;0;0;401127;POSTE CONCRETO ARM DUPL T 11M 600KGF;101;EM Entrada mercador.;0180035327;1006698;5000256955;1;20/03/2026;20/03/2026;20/03/2026;15:25:03;25;51.550,00;INVT;EST_INV_AME;MDCOSTA;;;;;;;;;25;UN;CDFL - CD FLORES;;0;25;25;AMEN;;;;0,00;0,00;0;;0;0;;;B;;;;0;UN;2026;;;S;WE;0,00;BRL;;;0;0;UN;UN;3.608,50;0,00;;
CDFL;4500145616;;;10;0;0;401127;POSTE CONCRETO ARM DUPL T 11M 600KGF;101;EM Entrada mercador.;0180035328;1006698;5000256956;1;20/03/2026;20/03/2026;20/03/2026;15:30:22;25;51.550,00;INVT;EST_INV_AME;MDCOSTA;;;;;;;;;25;UN;CDFL - CD FLORES;;0;25;25;AMEN;;;;0,00;0,00;0;;0;0;;;B;;;;0;UN;2026;;;S;WE;0,00;BRL;;;0;0;UN;UN;3.608,50;0,00;;
CDFL;4500145616;;;10;0;0;401127;POSTE CONCRETO ARM DUPL T 11M 600KGF;101;EM Entrada mercador.;0180035329;1006698;5000256957;1;20/03/2026;20/03/2026;20/03/2026;15:35:05;25;51.550,00;INVT;EST_INV_AME;MDCOSTA;;;;;;;;;25;UN;CDFL - CD FLORES;;0;25;25;AMEN;;;;0,00;0,00;0;;0;0;;;B;;;;0;UN;2026;;;S;WE;0,00;BRL;;;0;0;UN;UN;3.608,50;0,00;;
CDFL;4500145616;;;10;0;0;401127;POSTE CONCRETO ARM DUPL T 11M 600KGF;101;EM Entrada mercador.;0180035316;1006698;5000256893;1;20/03/2026;20/03/2026;20/03/2026;10:26:13;25;51.550,00;INVT;EST_INV_AME;MDCOSTA;;;;;;;;;25;UN;CDFL - CD FLORES;;0;25;25;AMEN;;;;0,00;0,00;0;;0;0;;;B;;;;0;UN;2026;;;S;WE;0,00;BRL;;;0;0;UN;UN;3.608,50;0,00;;
CDFL;4500145238;;;10;0;0;401127;POSTE CONCRETO ARM DUPL T 11M 600KGF;101;EM Entrada mercador.;0180035123;1006698;5000254512;1;27/02/2026;09/03/2026;09/03/2026;11:35:16;25;51.550,00;INVT;EST_INV_AME;MDCOSTA;;;;;;;;;25;UN;CDFL - CD FLORES;;0;25;25;AMEN;;;;0,00;0,00;0;;0;0;;;B;;;;0;UN;2026;;;S;WE;0,00;BRL;;;0;0;UN;UN;3.608,50;0,00;;
CDFL;4500145238;;;10;0;0;401127;POSTE CONCRETO ARM DUPL T 11M 600KGF;101;EM Entrada mercador.;0180035125;1006698;5000254519;1;27/02/2026;09/03/2026;09/03/2026;11:40:07;25;51.550,00;INVT;EST_INV_AME;MDCOSTA;;;;;;;;;25;UN;CDFL - CD FLORES;;0;25;25;AMEN;;;;0,00;0,00;0;;0;0;;;B;;;;0;UN;2026;;;S;WE;0,00;BRL;;;0;0;UN;UN;3.608,50;0,00;;
CDFL;4500138279;;;40;0;0;401127;POSTE CONCRETO ARM DUPL T 11M 600KGF;101;EM Entrada mercador.;0180035127;1003866;5000254523;2;02/03/2026;09/03/2026;09/03/2026;13:50:08;20;41.240,00;INVT;EST_INV_AME;MDCOSTA;;;;;;;;;20;UN;CDFL - CD FLORES;;0;20;20;AMEN;;;;0,00;0,00;0;;0;0;;;B;;;;0;UN;2026;;;S;WE;0,00;BRL;;;0;0;UN;UN;2.886,80;0,00;;
CDFL;4500138279;;;40;0;0;401127;POSTE CONCRETO ARM DUPL T 11M 600KGF;101;EM Entrada mercador.;0180035093;1003866;5000254199;2;26/02/2026;06/03/2026;06/03/2026;08:46:27;13;26.806,00;INVT;EST_INV_AME;MDCOSTA;;;;;;;;;13;UN;CDFL - CD FLORES;;0;13;13;AMEN;;;;0,00;0,00;0;;0;0;;;B;;;;0;UN;2026;;;S;WE;0,00;BRL;;;0;0;UN;UN;1.876,42;0,00;;
CDFL;4500138279;;;40;0;0;401127;POSTE CONCRETO ARM DUPL T 11M 600KGF;101;EM Entrada mercador.;0180035104;1003866;5000254372;2;24/02/2026;06/03/2026;06/03/2026;16:32:36;10;20.620,00;INVT;EST_INV_AME;MDCOSTA;;;;;;;;;10;UN;CDFL - CD FLORES;;0;10;10;AMEN;;;;0,00;0,00;0;;0;0;;;B;;;;0;UN;2026;;;S;WE;0,00;BRL;;;0;0;UN;UN;1.443,40;0,00;;
CDFL;4500138279;;;40;0;0;401127;POSTE CONCRETO ARM DUPL T 11M 600KGF;101;EM Entrada mercador.;0180035105;1003866;5000254373;1;23/02/2026;06/03/2026;06/03/2026;16:36:29;25;51.550,00;INVT;EST_INV_AME;MDCOSTA;;;;;;;;;25;UN;CDFL - CD FLORES;;0;25;25;AMEN;;;;0,00;0,00;0;;0;0;;;B;;;;0;UN;2026;;;S;WE;0,00;BRL;;;0;0;UN;UN;3.608,50;0,00;;
CDFL;4500138279;;;40;0;0;401127;POSTE CONCRETO ARM DUPL T 11M 600KGF;101;EM Entrada mercador.;0180034970;1003866;5000253252;2;19/02/2026;26/02/2026;26/02/2026;07:42:56;10;20.620,00;INVT;EST_INV_AME;MDCOSTA;;;;;;;;;10;UN;CDFL - CD FLORES;;0;10;10;AMEN;;;;0,00;0,00;0;;0;0;;;B;;;;0;UN;2026;;;S;WE;0,00;BRL;;;0;0;UN;UN;1.443,40;0,00;;
CDFL;4500145199;;;10;0;0;401127;POSTE CONCRETO ARM DUPL T 11M 600KGF;101;EM Entrada mercador.;0180034949;1006698;5000253161;1;24/02/2026;24/02/2026;24/02/2026;14:30:21;24;49.488,00;INVT;EST_INV_AME;MDCOSTA;;;;;;;;;24;UN;CDFL - CD FLORES;;0;24;24;AMEN;;;;0,00;0,00;0;;0;0;;;B;;;;0;UN;2026;;;S;WE;0,00;BRL;;;0;0;UN;UN;3.464,16;0,00;;
CDFL;4500138279;;;40;0;0;401127;POSTE CONCRETO ARM DUPL T 11M 600KGF;101;EM Entrada mercador.;0180034910;1003866;5000252754;2;10/02/2026;23/02/2026;23/02/2026;08:53:55;15;30.930,00;INVT;EST_INV_AME;MDCOSTA;;;;;;;;;15;UN;CDFL - CD FLORES;;0;15;15;AMEN;;;;0,00;0,00;0;;0;0;;;B;;;;0;UN;2026;;;S;WE;0,00;BRL;;;0;0;UN;UN;2.165,10;0,00;;
CDFL;4500138279;;;20;0;0;401127;POSTE CONCRETO ARM DUPL T 11M 600KGF;101;EM Entrada mercador.;0180034909;1003866;5000252746;2;11/02/2026;23/02/2026;23/02/2026;08:46:49;5;10.310,00;INVT;EST_INV_AME;MDCOSTA;;;;;;;;;5;UN;CDFL - CD FLORES;;0;5;5;AMEN;;;;0,00;0,00;0;;0;0;;;B;;;;0;UN;2026;;;S;WE;0,00;BRL;;;0;0;UN;UN;721,70;0,00;;
CDFL;4500138279;;;20;0;0;401127;POSTE CONCRETO ARM DUPL T 11M 600KGF;101;EM Entrada mercador.;0180034883;1003866;5000252166;2;06/02/2026;20/02/2026;20/02/2026;14:27:46;10;20.620,00;INVT;EST_INV_AME;MDCOSTA;;;;;;;;;10;UN;CDFL - CD FLORES;;0;10;10;AMEN;;;;0,00;0,00;0;;0;0;;;B;;;;0;UN;2026;;;S;WE;0,00;BRL;;;0;0;UN;UN;1.443,40;0,00;;
CDFL;4500138279;;;20;0;0;401127;POSTE CONCRETO ARM DUPL T 11M 600KGF;101;EM Entrada mercador.;0180034881;1003866;5000252156;2;09/02/2026;20/02/2026;20/02/2026;14:24:22;12;24.744,00;INVT;EST_INV_AME;MDCOSTA;;;;;;;;;12;UN;CDFL - CD FLORES;;0;12;12;AMEN;;;;0,00;0,00;0;;0;0;;;B;;;;0;UN;2026;;;S;WE;0,00;BRL;;;0;0;UN;UN;1.732,08;0,00;;
CDFL;4500138279;;;20;0;0;401127;POSTE CONCRETO ARM DUPL T 11M 600KGF;101;EM Entrada mercador.;0180034885;1003866;5000252169;2;04/02/2026;20/02/2026;20/02/2026;14:31:33;3;6.186,00;INVT;EST_INV_AME;MDCOSTA;;;;;;;;;3;UN;CDFL - CD FLORES;;0;3;3;AMEN;;;;0,00;0,00;0;;0;0;;;B;;;;0;UN;2026;;;S;WE;0,00;BRL;;;0;0;UN;UN;433,02;0,00;;
CDFL;4500145238;;;10;0;0;401127;POSTE CONCRETO ARM DUPL T 11M 600KGF;101;EM Entrada mercador.;0180034817;1006698;5000251542;1;10/02/2026;14/02/2026;14/02/2026;07:56:32;25;51.550,00;INVT;EST_INV_AME;MDCOSTA;;;;;;;;;25;UN;CDFL - CD FLORES;;0;25;25;AMEN;;;;0,00;0,00;0;;0;0;;;B;;;;0;UN;2026;;;S;WE;0,00;BRL;;;0;0;UN;UN;3.608,50;0,00;;
CDFL;4500145238;;;10;0;0;401127;POSTE CONCRETO ARM DUPL T 11M 600KGF;101;EM Entrada mercador.;0180034816;1006698;5000251541;1;10/02/2026;14/02/2026;14/02/2026;07:51:16;25;51.550,00;INVT;EST_INV_AME;MDCOSTA;;;;;;;;;25;UN;CDFL - CD FLORES;;0;25;25;AMEN;;;;0,00;0,00;0;;0;0;;;B;;;;0;UN;2026;;;S;WE;0,00;BRL;;;0;0;UN;UN;3.608,50;0,00;;
CDFL;4500138279;;;20;0;0;401127;POSTE CONCRETO ARM DUPL T 11M 600KGF;101;EM Entrada mercador.;0180034700;1003866;5000249411;2;06/02/2026;06/02/2026;06/02/2026;09:39:26;15;30.930,00;INVT;EST_INV_AME;MDCOSTA;;;;;;;;;15;UN;CDFL - CD FLORES;;0;15;15;AMEN;;;;0,00;0,00;0;;0;0;;;B;;;;0;UN;2026;;;S;WE;0,00;BRL;;;0;0;UN;UN;2.165,10;0,00;;
CDFL;4500138279;;;20;0;0;401127;POSTE CONCRETO ARM DUPL T 11M 600KGF;101;EM Entrada mercador.;0180034682;1003866;5000249348;2;26/01/2026;05/02/2026;05/02/2026;16:21:54;11;22.682,00;INVT;EST_INV_AME;MDCOSTA;;;;;;;;;11;UN;CDFL - CD FLORES;;0;11;11;AMEN;;;;0,00;0,00;0;;0;0;;;B;;;;0;UN;2026;;;S;WE;0,00;BRL;;;0;0;UN;UN;1.587,74;0,00;;
CDFL;4500138279;;;20;0;0;401127;POSTE CONCRETO ARM DUPL T 11M 600KGF;101;EM Entrada mercador.;0180034687;1003866;5000249364;2;05/02/2026;05/02/2026;05/02/2026;17:05:30;5;10.310,00;INVT;EST_INV_AME;MDCOSTA;;;;;;;;;5;UN;CDFL - CD FLORES;;0;5;5;AMEN;;;;0,00;0,00;0;;0;0;;;B;;;;0;UN;2026;;;S;WE;0,00;BRL;;;0;0;UN;UN;721,70;0,00;;
CDFL;4500138292;;;130;0;0;401127;POSTE CONCRETO ARM DUPL T 11M 600KGF;101;EM Entrada mercador.;0180034580;1006698;5000248089;1;29/01/2026;29/01/2026;29/01/2026;08:02:33;16;32.992,00;INVT;EST_INV_AME;MDCOSTA;;;;;;;;;16;UN;CDFL - CD FLORES;;0;16;16;AMEN;;;;0,00;0,00;0;;0;0;;;B;;;;0;UN;2026;;;S;WE;0,00;BRL;;;0;0;UN;UN;2.309,44;0,00;;
CDFL;4500138279;;;20;0;0;401127;POSTE CONCRETO ARM DUPL T 11M 600KGF;101;EM Entrada mercador.;0180034566;1003866;5000247850;2;14/01/2026;28/01/2026;28/01/2026;07:56:25;6;12.372,00;INVT;EST_INV_AME;MDCOSTA;;;;;;;;;6;UN;CDFL - CD FLORES;;0;6;6;AMEN;;;;0,00;0,00;0;;0;0;;;B;;;;0;UN;2026;;;S;WE;0,00;BRL;;;0;0;UN;UN;866,04;0,00;;
CDFL;4500138279;;;20;0;0;401127;POSTE CONCRETO ARM DUPL T 11M 600KGF;101;EM Entrada mercador.;0180034534;1003866;5000247784;2;20/01/2026;27/01/2026;27/01/2026;07:48:52;13;26.806,00;INVT;EST_INV_AME;MDCOSTA;;;;;;;;;13;UN;CDFL - CD FLORES;;0;13;13;AMEN;;;;0,00;0,00;0;;0;0;;;B;;;;0;UN;2026;;;S;WE;0,00;BRL;;;0;0;UN;UN;1.876,42;0,00;;
CDFL;4500138292;;;130;0;0;401127;POSTE CONCRETO ARM DUPL T 11M 600KGF;101;EM Entrada mercador.;0180034510;1006698;5000247587;1;14/01/2026;23/01/2026;23/01/2026;14:09:30;25;51.550,00;INVT;EST_INV_AME;MDCOSTA;;;;;;;;;25;UN;CDFL - CD FLORES;;0;25;25;AMEN;;;;0,00;0,00;0;;0;0;;;B;;;;0;UN;2026;;;S;WE;0,00;BRL;;;0;0;UN;UN;3.608,50;0,00;;
CDFL;4500138292;;;120;0;0;401127;POSTE CONCRETO ARM DUPL T 11M 600KGF;101;EM Entrada mercador.;0180034495;1006698;5000247465;1;13/01/2026;23/01/2026;23/01/2026;07:52:49;25;51.550,00;INVT;EST_INV_AME;MDCOSTA;;;;;;;;;25;UN;CDFL - CD FLORES;;0;25;25;AMEN;;;;0,00;0,00;0;;0;0;;;B;;;;0;UN;2026;;;S;WE;0,00;BRL;;;0;0;UN;UN;3.608,50;0,00;;
CDFL;4500138292;;;120;0;0;401127;POSTE CONCRETO ARM DUPL T 11M 600KGF;101;EM Entrada mercador.;0180034455;1006698;5000246686;1;30/12/2025;21/01/2026;21/01/2026;09:37:35;25;51.550,00;INVT;EST_INV_AME;MDCOSTA;;;;;;;;;25;UN;CDFL - CD FLORES;;0;25;25;AMEN;;;;0,00;0,00;0;;0;0;;;B;;;;0;UN;2026;;;S;WE;0,00;BRL;;;0;0;UN;UN;3.608,50;0,00;;
CDFL;4500138292;;;120;0;0;401127;POSTE CONCRETO ARM DUPL T 11M 600KGF;101;EM Entrada mercador.;0180034456;1006698;5000246697;1;06/01/2026;21/01/2026;21/01/2026;09:43:47;25;51.550,00;INVT;EST_INV_AME;MDCOSTA;;;;;;;;;25;UN;CDFL - CD FLORES;;0;25;25;AMEN;;;;0,00;0,00;0;;0;0;;;B;;;;0;UN;2026;;;S;WE;0,00;BRL;;;0;0;UN;UN;3.608,50;0,00;;
CDFL;4500138292;;;110;0;0;401127;POSTE CONCRETO ARM DUPL T 11M 600KGF;101;EM Entrada mercador.;0180034341;1006698;5000244368;1;29/12/2025;31/12/2025;31/12/2025;08:18:04;25;51.550,00;INVT;EST_INV_AME;MDCOSTA;;;;;;;;;25;UN;CDFL - CD FLORES;;0;25;25;AMEN;;;;0,00;0,00;0;;0;0;;;B;;;;0;UN;2025;;;S;WE;0,00;BRL;;;0;0;UN;UN;3.608,50;0,00;;
CDFL;4500138292;;;110;0;0;401127;POSTE CONCRETO ARM DUPL T 11M 600KGF;101;EM Entrada mercador.;0180034257;1006698;5000244068;2;17/12/2025;29/12/2025;29/12/2025;08:14:15;8;16.496,00;INVT;EST_INV_AME;MDCOSTA;;;;;;;;;8;UN;CDFL - CD FLORES;;0;8;8;AMEN;;;;0,00;0,00;0;;0;0;;;B;;;;0;UN;2025;;;S;WE;0,00;BRL;;;0;0;UN;UN;1.154,72;0,00;;
CDFL;4500133731;;;20;0;0;401127;POSTE CONCRETO ARM DUPL T 11M 600KGF;101;EM Entrada mercador.;0180034253;1003866;5000244063;2;18/12/2025;29/12/2025;29/12/2025;07:49:41;17;35.054,00;INVT;EST_INV_AME;MDCOSTA;;;;;;;;;17;UN;CDFL - CD FLORES;;0;17;17;AMEN;;;;0,00;0,00;0;;0;0;;;B;;;;0;UN;2025;;;S;WE;0,00;BRL;;;0;0;UN;UN;2.453,78;0,00;;
CDFL;4500133731;;;20;0;0;401127;POSTE CONCRETO ARM DUPL T 11M 600KGF;101;EM Entrada mercador.;0180034250;1003866;5000244061;2;18/12/2025;29/12/2025;29/12/2025;07:46:16;11;22.682,00;INVT;EST_INV_AME;MDCOSTA;;;;;;;;;11;UN;CDFL - CD FLORES;;0;11;11;AMEN;;;;0,00;0,00;0;;0;0;;;B;;;;0;UN;2025;;;S;WE;0,00;BRL;;;0;0;UN;UN;1.587,74;0,00;;
CDFL;4500133731;;;20;0;0;401127;POSTE CONCRETO ARM DUPL T 11M 600KGF;101;EM Entrada mercador.;0180034200;1003866;5000243927;2;15/12/2025;22/12/2025;22/12/2025;10:28:36;10;20.620,00;INVT;EST_INV_AME;MDCOSTA;;;;;;;;;10;UN;CDFL - CD FLORES;;0;10;10;AMEN;;;;0,00;0,00;0;;0;0;;;B;;;;0;UN;2025;;;S;WE;0,00;BRL;;;0;0;UN;UN;1.443,40;0,00;;
CDFL;4500133731;;;20;0;0;401127;POSTE CONCRETO ARM DUPL T 11M 600KGF;101;EM Entrada mercador.;0180034199;1003866;5000243926;2;17/12/2025;22/12/2025;22/12/2025;10:26:27;15;30.930,00;INVT;EST_INV_AME;MDCOSTA;;;;;;;;;15;UN;CDFL - CD FLORES;;0;15;15;AMEN;;;;0,00;0,00;0;;0;0;;;B;;;;0;UN;2025;;;S;WE;0,00;BRL;;;0;0;UN;UN;2.165,10;0,00;;
CDFL;4500133731;;;20;0;0;401127;POSTE CONCRETO ARM DUPL T 11M 600KGF;101;EM Entrada mercador.;0180034144;1003866;5000243587;2;11/12/2025;18/12/2025;18/12/2025;09:10:58;11;22.682,00;INVT;EST_INV_AME;MDCOSTA;;;;;;;;;11;UN;CDFL - CD FLORES;;0;11;11;AMEN;;;;0,00;0,00;0;;0;0;;;B;;;;0;UN;2025;;;S;WE;0,00;BRL;;;0;0;UN;UN;1.587,74;0,00;;
CDFL;4500138292;;;90;0;0;401127;POSTE CONCRETO ARM DUPL T 11M 600KGF;101;EM Entrada mercador.;0180034130;1006698;5000243305;1;12/12/2025;17/12/2025;17/12/2025;09:33:36;25;51.550,00;INVT;EST_INV_AME;MDCOSTA;;;;;;;;;25;UN;CDFL - CD FLORES;;0;25;25;AMEN;;;;0,00;0,00;0;;0;0;;;B;;;;0;UN;2025;;;S;WE;0,00;BRL;;;0;0;UN;UN;3.608,50;0,00;;
CDFL;4500133731;;;20;0;0;401127;POSTE CONCRETO ARM DUPL T 11M 600KGF;101;EM Entrada mercador.;0180034085;1003866;5000241804;2;05/12/2025;15/12/2025;15/12/2025;10:47:43;18;37.116,00;INVT;EST_INV_AME;MDCOSTA;;;;;;;;;18;UN;CDFL - CD FLORES;;0;18;18;AMEN;;;;0,00;0,00;0;;0;0;;;B;;;;0;UN;2025;;;S;WE;0,00;BRL;;;0;0;UN;UN;2.598,12;0,00;;
CDFL;4500133731;;;20;0;0;401127;POSTE CONCRETO ARM DUPL T 11M 600KGF;101;EM Entrada mercador.;0180034024;1003866;5000240955;2;02/12/2025;11/12/2025;11/12/2025;08:18:30;5;10.310,00;INVT;EST_INV_AME;MDCOSTA;;;;;;;;;5;UN;CDFL - CD FLORES;;0;5;5;AMEN;;;;0,00;0,00;0;;0;0;;;B;;;;0;UN;2025;;;S;WE;0,00;BRL;;;0;0;UN;UN;721,70;0,00;;
CDFL;4500133731;;;20;0;0;401127;POSTE CONCRETO ARM DUPL T 11M 600KGF;101;EM Entrada mercador.;0180033940;1003866;5000239420;1;24/11/2025;03/12/2025;03/12/2025;10:00:30;25;51.550,00;INVT;EST_INV_AME;MDCOSTA;;;;;;;;;25;UN;CDFL - CD FLORES;;0;25;25;AMEN;;;;0,00;0,00;0;;0;0;;;B;;;;0;UN;2025;;;S;WE;0,00;BRL;;;0;0;UN;UN;3.608,50;0,00;;
CDFL;4500133731;;;20;0;0;401127;POSTE CONCRETO ARM DUPL T 11M 600KGF;101;EM Entrada mercador.;0180033938;1003866;5000239405;2;25/11/2025;03/12/2025;03/12/2025;08:53:14;17;35.054,00;INVT;EST_INV_AME;MDCOSTA;;;;;;;;;17;UN;CDFL - CD FLORES;;0;17;17;AMEN;;;;0,00;0,00;0;;0;0;;;B;;;;0;UN;2025;;;S;WE;0,00;BRL;;;0;0;UN;UN;2.453,78;0,00;;
CDFL;4500133731;;;20;0;0;401127;POSTE CONCRETO ARM DUPL T 11M 600KGF;101;EM Entrada mercador.;0180033836;1003866;5000237215;1;17/11/2025;19/11/2025;19/11/2025;14:34:15;21;43.302,00;INVT;EST_INV_AME;MDCOSTA;;;;;;;;;21;UN;CDFL - CD FLORES;;0;21;21;AMEN;;;;0,00;0,00;0;;0;0;;;B;;;;0;UN;2025;;;S;WE;0,00;BRL;;;0;0;UN;UN;3.031,14;0,00;;
CDFL;4500126488;;;20;0;0;401127;POSTE CONCRETO ARM DUPL T 11M 600KGF;101;EM Entrada mercador.;0180033621;1006698;5000234834;1;30/10/2025;06/11/2025;06/11/2025;08:37:35;29;59.798,00;INVT;EST_INV_AME;MDCOSTA;;;;;;;;;29;UN;CDFL - CD FLORES;;0;29;29;AMEN;;;;0,00;0,00;0;;0;0;;;B;;;;0;UN;2025;;;S;WE;0,00;BRL;;;0;0;UN;UN;4.185,86;0,00;;
CDFL;4500126488;;;20;0;0;401127;POSTE CONCRETO ARM DUPL T 11M 600KGF;101;EM Entrada mercador.;0180033465;1006698;5000234026;1;20/10/2025;27/10/2025;27/10/2025;09:39:33;25;51.550,00;INVT;EST_INV_AME;MDCOSTA;;;;;;;;;25;UN;CDFL - CD FLORES;;0;25;25;AMEN;;;;0,00;0,00;0;;0;0;;;B;;;;0;UN;2025;;;S;WE;0,00;BRL;;;0;0;UN;UN;3.608,50;0,00;;
CDFL;4500126488;;;20;0;0;401127;POSTE CONCRETO ARM DUPL T 11M 600KGF;101;EM Entrada mercador.;0180033374;1006698;5000232891;1;15/10/2025;20/10/2025;20/10/2025;16:37:32;19;39.178,00;INVT;EST_INV_AME;MDCOSTA;;;;;;;;;19;UN;CDFL - CD FLORES;;0;19;19;AMEN;;;;0,00;0,00;0;;0;0;;;B;;;;0;UN;2025;;;S;WE;0,00;BRL;;;0;0;UN;UN;2.742,46;0,00;;
CDFL;4500126488;;;20;0;0;401127;POSTE CONCRETO ARM DUPL T 11M 600KGF;101;EM Entrada mercador.;0180033373;1006698;5000232890;1;13/10/2025;20/10/2025;20/10/2025;16:32:29;25;51.550,00;INVT;EST_INV_AME;MDCOSTA;;;;;;;;;25;UN;CDFL - CD FLORES;;0;25;25;AMEN;;;;0,00;0,00;0;;0;0;;;B;;;;0;UN;2025;;;S;WE;0,00;BRL;;;0;0;UN;UN;3.608,50;0,00;;
CDFL;4500125696;;;10;0;0;401127;POSTE CONCRETO ARM DUPL T 11M 600KGF;101;EM Entrada mercador.;0180033241;1006698;5000230992;1;29/09/2025;13/10/2025;13/10/2025;15:49:58;5;10.310,00;INVT;EST_INV_AME;MDCOSTA;;;;;;;;;5;UN;CDFL - CD FLORES;;0;5;5;AMEN;;;;0,00;0,00;0;;0;0;;;B;;;;0;UN;2025;;;S;WE;0,00;BRL;;;0;0;UN;UN;721,70;0,00;;
CDFL;4500126488;;;20;0;0;401127;POSTE CONCRETO ARM DUPL T 11M 600KGF;101;EM Entrada mercador.;0180033149;1006698;5000230093;1;29/09/2025;07/10/2025;07/10/2025;15:34:01;20;41.240,00;INVT;EST_INV_AME;MDCOSTA;;;;;;;;;20;UN;CDFL - CD FLORES;;0;20;20;AMEN;;;;0,00;0,00;0;;0;0;;;B;;;;0;UN;2025;;;S;WE;0,00;BRL;;;0;0;UN;UN;2.886,80;0,00;;
CDFL;4500132128;;;10;0;0;401131;PARAFUSO CAB QD AC 16MM 225MM 300MM;101;EM Entrada mercador.;0180034695;1007262;5000249378;1;05/02/2026;05/02/2026;05/02/2026;18:15:47;4.638;60.452,81;INVT;EST_INV_AME;MDCOSTA;;;;;;;;;4.638;UN;CDFL - CD FLORES;;0;4.638;4.638;AMEN;;;;0,00;0,00;0;;0;0;;;B;;;;0;UN;2026;;;S;WE;0,00;BRL;;;0;0;UN;UN;6.667,59;4.889,57;;
CDFL;4500121253;;;10;0;0;401131;PARAFUSO CAB QD AC 16MM 225MM 300MM;101;EM Entrada mercador.;0180033098;1007262;5000229567;1;08/09/2025;03/10/2025;03/10/2025;08:48:56;3.900;50.833,54;INVT;EST_INV_AME;MDCOSTA;;;;;;;;;3.900;UN;CDFL - CD FLORES;;0;3.900;3.900;AMEN;;;;0,00;0,00;0;;0;0;;;B;;;;0;UN;2025;;;S;WE;0,00;BRL;;;0;0;UN;UN;5.606,64;4.111,54;;
CDFL;4500139117;;;20;0;0;401193;TRAFO AER 1F 7,96KV 15KVA 240/120V 7TP;101;EM Entrada mercador.;0180035011;1003291;5000253418;1;24/02/2026;02/03/2026;02/03/2026;10:52:16;3;21.838,35;INVT;EST_INV_AME;MDCOSTA;;;;;;;;;3;UN;CDFL - CD FLORES;;0;3;3;AMEN;;;;0,00;0,00;0;;0;0;;;B;;;;0;UN;2026;;;S;WE;0,00;BRL;;;0;0;UN;UN;1.528,68;0,00;;
CDFL;4500139117;;;20;0;0;401193;TRAFO AER 1F 7,96KV 15KVA 240/120V 7TP;101;EM Entrada mercador.;0180034878;1003291;5000252090;1;13/02/2026;20/02/2026;20/02/2026;14:15:14;6;43.676,70;INVT;EST_INV_AME;MDCOSTA;;;;;;;;;6;UN;CDFL - CD FLORES;;0;6;6;AMEN;;;;0,00;0,00;0;;0;0;;;B;;;;0;UN;2026;;;S;WE;0,00;BRL;;;0;0;UN;UN;3.057,37;0,00;;
CDFL;4500139117;;;20;0;0;401193;TRAFO AER 1F 7,96KV 15KVA 240/120V 7TP;101;EM Entrada mercador.;0180034813;1003291;5000251538;1;10/02/2026;14/02/2026;14/02/2026;07:41:17;6;43.676,70;INVT;EST_INV_AME;MDCOSTA;;;;;;;;;6;UN;CDFL - CD FLORES;;0;6;6;AMEN;;;;0,00;0,00;0;;0;0;;;B;;;;0;UN;2026;;;S;WE;0,00;BRL;;;0;0;UN;UN;3.057,37;0,00;;
CDFL;4500139117;;;20;0;0;401193;TRAFO AER 1F 7,96KV 15KVA 240/120V 7TP;101;EM Entrada mercador.;0180034733;1003291;5000250000;1;04/02/2026;10/02/2026;10/02/2026;11:08:43;23;167.427,35;INVT;EST_INV_AME;MDCOSTA;;;;;;;;;23;UN;CDFL - CD FLORES;;0;23;23;AMEN;;;;0,00;0,00;0;;0;0;;;B;;;;0;UN;2026;;;S;WE;0,00;BRL;;;0;0;UN;UN;11.719,91;0,00;;
CDFL;4500134196;;;30;0;0;401193;TRAFO AER 1F 7,96KV 15KVA 240/120V 7TP;101;EM Entrada mercador.;0180034220;1003291;5000243961;2;17/12/2025;22/12/2025;22/12/2025;15:06:23;2;14.558,90;INVT;EST_INV_AME;MDCOSTA;;;;;;;;;2;UN;CDFL - CD FLORES;;0;2;2;AMEN;;;;0,00;0,00;0;;0;0;;;B;;;;0;UN;2025;;;S;WE;0,00;BRL;;;0;0;UN;UN;1.019,12;0,00;;
CDFL;4500134196;;;30;0;0;401193;TRAFO AER 1F 7,96KV 15KVA 240/120V 7TP;101;EM Entrada mercador.;0180034078;1003291;5000241679;2;09/12/2025;15/12/2025;15/12/2025;08:47:02;6;43.676,70;INVT;EST_INV_AME;MDCOSTA;;;;;;;;;6;UN;CDFL - CD FLORES;;0;6;6;AMEN;;;;0,00;0,00;0;;0;0;;;B;;;;0;UN;2025;;;S;WE;0,00;BRL;;;0;0;UN;UN;3.057,37;0,00;;
CDFL;4500134196;;;30;0;0;401193;TRAFO AER 1F 7,96KV 15KVA 240/120V 7TP;101;EM Entrada mercador.;0180034071;1003291;5000241660;2;09/12/2025;15/12/2025;15/12/2025;08:16:39;5;36.397,25;INVT;EST_INV_AME;MDCOSTA;;;;;;;;;5;UN;CDFL - CD FLORES;;0;5;5;AMEN;;;;0,00;0,00;0;;0;0;;;B;;;;0;UN;2025;;;S;WE;0,00;BRL;;;0;0;UN;UN;2.547,81;0,00;;
CDFL;4500129073;;;20;0;0;401193;TRAFO AER 1F 7,96KV 15KVA 240/120V 7TP;101;EM Entrada mercador.;0180033944;1003291;5000239436;2;21/11/2025;03/12/2025;03/12/2025;10:33:50;3;21.838,35;INVT;EST_INV_AME;MDCOSTA;;;;;;;;;3;UN;CDFL - CD FLORES;;0;3;3;AMEN;;;;0,00;0,00;0;;0;0;;;B;;;;0;UN;2025;;;S;WE;0,00;BRL;;;0;0;UN;UN;1.528,68;0,00;;
CDFL;4500137980;;;10;0;0;401239;PARAFUSO CAB QD AC 16MM 450MM;101;EM Entrada mercador.;0180034862;1007262;5000251980;1;19/02/2026;19/02/2026;19/02/2026;16:17:58;4.168;99.991,99;INVT;EST_INV_AME;MDCOSTA;;;;;;;;;4.168;UN;CDFL - CD FLORES;;0;4.168;4.168;AMEN;;;;0,00;0,00;0;;0;0;;;B;;;;0;UN;2026;;;S;WE;0,00;BRL;;;0;0;UN;UN;11.028,53;8.087,59;;
CDFL;4500132128;;;30;0;0;401239;PARAFUSO CAB QD AC 16MM 450MM;101;EM Entrada mercador.;0180034695;1007262;5000249378;3;05/02/2026;05/02/2026;05/02/2026;18:15:47;1.150;27.588,96;INVT;EST_INV_AME;MDCOSTA;;;;;;;;;1.150;UN;CDFL - CD FLORES;;0;1.150;1.150;AMEN;;;;0,00;0,00;0;;0;0;;;B;;;;0;UN;2026;;;S;WE;0,00;BRL;;;0;0;UN;UN;3.042,90;2.231,46;;
CDFL;4500126981;;;10;0;0;401239;PARAFUSO CAB QD AC 16MM 450MM;101;EM Entrada mercador.;0180034694;1007262;5000249377;1;11/12/2025;05/02/2026;05/02/2026;17:54:05;1.500;35.985,60;INVT;EST_INV_AME;MDCOSTA;;;;;;;;;1.500;UN;CDFL - CD FLORES;;0;1.500;1.500;AMEN;;;;0,00;0,00;0;;0;0;;;B;;;;0;UN;2026;;;S;WE;0,00;BRL;;;0;0;UN;UN;3.969,00;2.910,60;;
CDFL;4500121253;;;30;0;0;401239;PARAFUSO CAB QD AC 16MM 450MM;101;EM Entrada mercador.;0180033098;1007262;5000229567;3;08/09/2025;03/10/2025;03/10/2025;08:48:56;1.200;28.788,48;INVT;EST_INV_AME;MDCOSTA;;;;;;;;;1.200;UN;CDFL - CD FLORES;;0;1.200;1.200;AMEN;;;;0,00;0,00;0;;0;0;;;B;;;;0;UN;2025;;;S;WE;0,00;BRL;;;0;0;UN;UN;3.175,20;2.328,48;;
CDFL;4500145199;;;30;0;0;401260;POSTE CONCRETO TRON CON 9M 1000KGF;101;EM Entrada mercador.;0180035400;1006698;5000257311;1;26/03/2026;26/03/2026;26/03/2026;09:50:38;4;10.611,40;INVT;EST_INV_AME;MDCOSTA;;;;;;;;;4;UN;CDFL - CD FLORES;;0;4;4;AMEN;;;;0,00;0,00;0;;0;0;;;B;;;;0;UN;2026;;;S;WE;0,00;BRL;;;0;0;UN;UN;742,80;0,00;;
CDFL;4500145199;;;30;0;0;401260;POSTE CONCRETO TRON CON 9M 1000KGF;101;EM Entrada mercador.;0180035313;1006698;5000256860;1;20/03/2026;20/03/2026;20/03/2026;08:27:35;15;39.792,75;INVT;EST_INV_AME;MDCOSTA;;;;;;;;;15;UN;CDFL - CD FLORES;;0;15;15;AMEN;;;;0,00;0,00;0;;0;0;;;B;;;;0;UN;2026;;;S;WE;0,00;BRL;;;0;0;UN;UN;2.785,49;0,00;;
CDFL;4500145199;;;30;0;0;401260;POSTE CONCRETO TRON CON 9M 1000KGF;101;EM Entrada mercador.;0180035142;1006698;5000254638;1;10/03/2026;10/03/2026;10/03/2026;08:39:03;4;10.611,40;INVT;EST_INV_AME;MDCOSTA;;;;;;;;;4;UN;CDFL - CD FLORES;;0;4;4;AMEN;;;;0,00;0,00;0;;0;0;;;B;;;;0;UN;2026;;;S;WE;0,00;BRL;;;0;0;UN;UN;742,80;0,00;;
CDFL;4500144303;;;40;0;0;401264;PINO ISOLADOR AC 25X294X19MM;101;EM Entrada mercador.;0180035380;1010868;5000257291;4;25/02/2026;26/03/2026;26/03/2026;08:04:18;1.356;35.978,55;INVT;EST_INV_AME;MDCOSTA;;;;;;;;;1.356;UN;CDFL - CD FLORES;;0;1.356;1.356;AMEN;;;;0,00;0,00;0;;0;0;;;B;;;;0;UN;2026;;;S;WE;0,00;BRL;;;0;0;UN;UN;2.187,91;4.722,75;;
CDFL;4500137970;;;10;0;0;401264;PINO ISOLADOR AC 25X294X19MM;101;EM Entrada mercador.;0180034698;1010868;5000249396;1;06/02/2026;06/02/2026;06/02/2026;08:51:30;3.788;100.506,45;INVT;EST_INV_AME;MDCOSTA;;;;;;;;;3.788;UN;CDFL - CD FLORES;;0;3.788;3.788;AMEN;;;;0,00;0,00;0;;0;0;;;B;;;;0;UN;2026;;;S;WE;0,00;BRL;;;0;0;UN;UN;6.111,94;13.193,05;;
CDFL;4500139689;;;10;0;0;401285;TERMINAL TUBULAR COMPRESSAO 70MM2;101;EM Entrada mercador.;0180034326;1020062;5000244340;1;24/11/2025;30/12/2025;30/12/2025;16:42:54;5.000;29.920,00;INVT;EST_INV_AME;MDCOSTA;;;;;;;;;5.000;UN;CDFL - CD FLORES;;0;5.000;5.000;AMEN;;;;0,00;0,00;0;;0;0;;;B;;;;0;UN;2025;;;S;WE;0,00;BRL;;;0;0;UN;UN;3.300,00;2.420,00;;
CDFL;4500145245;;;10;0;0;401296;POSTE CONCRETO TRON CON 11M 600KGF;101;EM Entrada mercador.;0180035394;1006698;5000257304;1;26/03/2026;26/03/2026;26/03/2026;09:13:05;5;11.102,05;INVT;EST_INV_AME;MDCOSTA;;;;;;;;;5;UN;CDFL - CD FLORES;;0;5;5;AMEN;;;;0,00;0,00;0;;0;0;;;B;;;;0;UN;2026;;;S;WE;0,00;BRL;;;0;0;UN;UN;2.220,41;0,00;;
CDFL;4500145245;;;10;0;0;401296;POSTE CONCRETO TRON CON 11M 600KGF;101;EM Entrada mercador.;0180035355;1006698;5000257136;1;24/03/2026;24/03/2026;24/03/2026;09:16:50;15;33.306,15;INVT;EST_INV_AME;MDCOSTA;;;;;;;;;15;UN;CDFL - CD FLORES;;0;15;15;AMEN;;;;0,00;0,00;0;;0;0;;;B;;;;0;UN;2026;;;S;WE;0,00;BRL;;;0;0;UN;UN;6.661,23;0,00;;
CDFL;4500145245;;;10;0;0;401296;POSTE CONCRETO TRON CON 11M 600KGF;101;EM Entrada mercador.;0180035326;1006698;5000256946;1;20/03/2026;20/03/2026;20/03/2026;15:07:35;15;33.306,15;INVT;EST_INV_AME;MDCOSTA;;;;;;;;;15;UN;CDFL - CD FLORES;;0;15;15;AMEN;;;;0,00;0,00;0;;0;0;;;B;;;;0;UN;2026;;;S;WE;0,00;BRL;;;0;0;UN;UN;6.661,23;0,00;;
CDFL;4500145245;;;10;0;0;401296;POSTE CONCRETO TRON CON 11M 600KGF;101;EM Entrada mercador.;0180035254;1006698;5000256483;1;18/03/2026;18/03/2026;18/03/2026;08:49:44;15;33.306,15;INVT;EST_INV_AME;MDCOSTA;;;;;;;;;15;UN;CDFL - CD FLORES;;0;15;15;AMEN;;;;0,00;0,00;0;;0;0;;;B;;;;0;UN;2026;;;S;WE;0,00;BRL;;;0;0;UN;UN;6.661,23;0,00;;
CDFL;4500145245;;;10;0;0;401296;POSTE CONCRETO TRON CON 11M 600KGF;101;EM Entrada mercador.;0180035138;1006698;5000254631;1;10/03/2026;10/03/2026;10/03/2026;08:22:05;9;19.983,69;INVT;EST_INV_AME;MDCOSTA;;;;;;;;;9;UN;CDFL - CD FLORES;;0;9;9;AMEN;;;;0,00;0,00;0;;0;0;;;B;;;;0;UN;2026;;;S;WE;0,00;BRL;;;0;0;UN;UN;3.996,74;0,00;;
CDFL;4500145245;;;10;0;0;401296;POSTE CONCRETO TRON CON 11M 600KGF;101;EM Entrada mercador.;0180035140;1006698;5000254633;1;10/03/2026;10/03/2026;10/03/2026;08:31:32;15;33.306,15;INVT;EST_INV_AME;MDCOSTA;;;;;;;;;15;UN;CDFL - CD FLORES;;0;15;15;AMEN;;;;0,00;0,00;0;;0;0;;;B;;;;0;UN;2026;;;S;WE;0,00;BRL;;;0;0;UN;UN;6.661,23;0,00;;
CDFL;4500145245;;;10;0;0;401296;POSTE CONCRETO TRON CON 11M 600KGF;101;EM Entrada mercador.;0180035099;1006698;5000254309;1;06/03/2026;06/03/2026;06/03/2026;14:14:46;6;13.322,46;INVT;EST_INV_AME;MDCOSTA;;;;;;;;;6;UN;CDFL - CD FLORES;;0;6;6;AMEN;;;;0,00;0,00;0;;0;0;;;B;;;;0;UN;2026;;;S;WE;0,00;BRL;;;0;0;UN;UN;2.664,49;0,00;;
CDFL;4500138292;;;70;0;0;401296;POSTE CONCRETO TRON CON 11M 600KGF;101;EM Entrada mercador.;0180034655;1006698;5000248754;1;04/02/2026;04/02/2026;04/02/2026;07:51:21;7;15.542,88;INVT;EST_INV_AME;MDCOSTA;;;;;;;;;7;UN;CDFL - CD FLORES;;0;7;7;AMEN;;;;0,00;0,00;0;;0;0;;;B;;;;0;UN;2026;;;S;WE;0,00;BRL;;;0;0;UN;UN;3.108,58;0,00;;
CDFL;4500131754;;;20;0;0;401296;POSTE CONCRETO TRON CON 11M 600KGF;101;EM Entrada mercador.;0180033730;1006698;5000235992;1;31/10/2025;14/11/2025;14/11/2025;08:59:27;15;33.306,15;INVT;EST_INV_AME;MDCOSTA;;;;;;;;;15;UN;CDFL - CD FLORES;;0;15;15;AMEN;;;;0,00;0,00;0;;0;0;;;B;;;;0;UN;2025;;;S;WE;0,00;BRL;;;0;0;UN;UN;2.331,43;0,00;;
CDFL;4500131754;;;20;0;0;401296;POSTE CONCRETO TRON CON 11M 600KGF;101;EM Entrada mercador.;0180033721;1006698;5000235879;1;05/11/2025;13/11/2025;13/11/2025;14:26:24;16;35.526,56;INVT;EST_INV_AME;MDCOSTA;;;;;;;;;16;UN;CDFL - CD FLORES;;0;16;16;AMEN;;;;0,00;0,00;0;;0;0;;;B;;;;0;UN;2025;;;S;WE;0,00;BRL;;;0;0;UN;UN;2.486,86;0,00;;
CDFL;4500133042;;;20;0;0;401308;"TRAFO CRTE 15KV; 10-5A; 0,3C12,5 BARRA";101;EM Entrada mercador.;0180034547;1007548;5000247808;2;08/12/2025;27/01/2026;27/01/2026;10:11:26;51;76.317,93;INVT;EST_INV_AME;MDCOSTA;;;;;;;;;51;UN;CDFL - CD FLORES;;0;51;51;AMEN;;;;0,00;0,00;0;;0;0;;;B;;;;0;UN;2026;;;S;WE;0,00;BRL;;;0;0;UN;UN;4.641,00;10.017,93;;
CDFL;4500131413;;;10;0;0;401309;"TRAFO CRTE 15KV; 20-5A; 0,3C12,5 BARRA";101;EM Entrada mercador.;0180034550;1007548;5000247810;1;08/12/2025;27/01/2026;27/01/2026;10:32:10;64;95.771,52;INVT;EST_INV_AME;MDCOSTA;;;;;;;;;64;UN;CDFL - CD FLORES;;0;64;64;AMEN;;;;0,00;0,00;0;;0;0;;;B;;;;0;UN;2026;;;S;WE;0,00;BRL;;;0;0;UN;UN;5.824,00;12.571,52;;
CDFL;4500125193;;;30;0;0;401324;TRAFO AER 3F 15KV 30KVA 220/127V 7TP;101;EM Entrada mercador.;0180035437;1003291;5000257474;1;26/03/2026;31/03/2026;31/03/2026;09:48:52;1;12.375,72;INVT;EST_INV_AME;MDCOSTA;;;;;;;;;1;UN;CDFL - CD FLORES;;0;1;1;AMEN;;;;0,00;0,00;0;;0;0;;;B;;;;0;UN;2026;;;S;WE;0,00;BRL;;;0;0;UN;UN;866,30;0,00;;
CDFL;4500125193;;;30;0;0;401324;TRAFO AER 3F 15KV 30KVA 220/127V 7TP;101;EM Entrada mercador.;0180035269;1003291;5000256503;5;16/03/2026;18/03/2026;18/03/2026;09:24:53;1;12.375,72;INVT;EST_INV_AME;MDCOSTA;;;;;;;;;1;UN;CDFL - CD FLORES;;0;1;1;AMEN;;;;0,00;0,00;0;;0;0;;;B;;;;0;UN;2026;;;S;WE;0,00;BRL;;;0;0;UN;UN;866,30;0,00;;
CDFL;4500129073;;;60;0;0;401324;TRAFO AER 3F 15KV 30KVA 220/127V 7TP;101;EM Entrada mercador.;0180035012;1003291;5000253419;1;24/02/2026;02/03/2026;02/03/2026;10:54:44;1;12.375,72;INVT;EST_INV_AME;MDCOSTA;;;;;;;;;1;UN;CDFL - CD FLORES;;0;1;1;AMEN;;;;0,00;0,00;0;;0;0;;;B;;;;0;UN;2026;;;S;WE;0,00;BRL;;;0;0;UN;UN;866,30;0,00;;
CDFL;4500129073;;;60;0;0;401324;TRAFO AER 3F 15KV 30KVA 220/127V 7TP;101;EM Entrada mercador.;0180034810;1003291;5000251535;1;11/02/2026;14/02/2026;14/02/2026;07:32:52;1;12.375,72;INVT;EST_INV_AME;MDCOSTA;;;;;;;;;1;UN;CDFL - CD FLORES;;0;1;1;AMEN;;;;0,00;0,00;0;;0;0;;;B;;;;0;UN;2026;;;S;WE;0,00;BRL;;;0;0;UN;UN;866,30;0,00;;
CDFL;4500125193;;;30;0;0;401324;TRAFO AER 3F 15KV 30KVA 220/127V 7TP;101;EM Entrada mercador.;0180034465;1003291;5000247589;3;30/12/2025;21/01/2026;23/01/2026;14:16:57;2;24.751,44;INVT;EST_INV_AME;MDCOSTA;;;;;;;;;2;UN;CDFL - CD FLORES;;0;2;2;AMEN;;;;0,00;0,00;0;;0;0;;;B;;;;0;UN;2026;;;S;WE;0,00;BRL;;;0;0;UN;UN;1.732,60;0,00;;
CDFL;4500129073;;;60;0;0;401324;TRAFO AER 3F 15KV 30KVA 220/127V 7TP;101;EM Entrada mercador.;0180034068;1003291;5000241648;3;04/12/2025;15/12/2025;15/12/2025;08:09:03;4;49.502,88;INVT;EST_INV_AME;MDCOSTA;;;;;;;;;4;UN;CDFL - CD FLORES;;0;4;4;AMEN;;;;0,00;0,00;0;;0;0;;;B;;;;0;UN;2025;;;S;WE;0,00;BRL;;;0;0;UN;UN;3.465,20;0,00;;
CDFL;4500125193;;;30;0;0;401324;TRAFO AER 3F 15KV 30KVA 220/127V 7TP;101;EM Entrada mercador.;0180033783;1003291;5000236389;3;07/11/2025;17/11/2025;17/11/2025;15:39:39;6;74.254,32;INVT;EST_INV_AME;LPEIXOTO;;;;;;;;;6;UN;CDFL - CD FLORES;;0;6;6;AMEN;;;;0,00;0,00;0;;0;0;;;B;;;;0;UN;2025;;;S;WE;0,00;BRL;;;0;0;UN;UN;5.197,80;0,00;;
CDFL;4500121355;;;20;0;0;401324;TRAFO AER 3F 15KV 30KVA 220/127V 7TP;101;EM Entrada mercador.;0180033311;1003291;5000232008;2;06/10/2025;17/10/2025;17/10/2025;07:39:42;13;160.884,35;INVT;EST_INV_AME;MDCOSTA;;;;;;;;;13;UN;CDFL - CD FLORES;;0;13;13;AMEN;;;;0,00;0,00;0;;0;0;;;B;;;;0;UN;2025;;;S;WE;0,00;BRL;;;0;0;UN;UN;11.261,91;0,00;;
CDFL;4500145238;;;30;0;0;401349;POSTE CONCRETO CIRC 11M 1000DAN;101;EM Entrada mercador.;0180035393;1006698;5000257303;1;23/03/2026;26/03/2026;26/03/2026;09:09:26;7;25.298,49;INVT;EST_INV_AME;MDCOSTA;;;;;;;;;7;UN;CDFL - CD FLORES;;0;7;7;AMEN;;;;0,00;0,00;0;;0;0;;;B;;;;0;UN;2026;;;S;WE;0,00;BRL;;;0;0;UN;UN;1.770,89;0,00;;
CDFL;4500138292;;;100;0;0;401349;POSTE CONCRETO CIRC 11M 1000DAN;101;EM Entrada mercador.;0180034655;1006698;5000248754;2;04/02/2026;04/02/2026;04/02/2026;07:51:21;5;18.070,35;INVT;EST_INV_AME;MDCOSTA;;;;;;;;;5;UN;CDFL - CD FLORES;;0;5;5;AMEN;;;;0,00;0,00;0;;0;0;;;B;;;;0;UN;2026;;;S;WE;0,00;BRL;;;0;0;UN;UN;3.614,07;0,00;;
CDFL;4500138292;;;100;0;0;401349;POSTE CONCRETO CIRC 11M 1000DAN;101;EM Entrada mercador.;0180034656;1006698;5000248755;1;04/02/2026;04/02/2026;04/02/2026;07:56:40;12;43.368,84;INVT;EST_INV_AME;MDCOSTA;;;;;;;;;12;UN;CDFL - CD FLORES;;0;12;12;AMEN;;;;0,00;0,00;0;;0;0;;;B;;;;0;UN;2026;;;S;WE;0,00;BRL;;;0;0;UN;UN;8.673,77;0,00;;
CDFL;4500133042;;;30;0;0;401356;"TRAFO CRTE 15KV; 15-5A; 0,3C12,5 BARRA";101;EM Entrada mercador.;0180034547;1007548;5000247808;3;08/12/2025;27/01/2026;27/01/2026;10:11:26;49;73.325,07;INVT;EST_INV_AME;MDCOSTA;;;;;;;;;49;UN;CDFL - CD FLORES;;0;49;49;AMEN;;;;0,00;0,00;0;;0;0;;;B;;;;0;UN;2026;;;S;WE;0,00;BRL;;;0;0;UN;UN;4.459,00;9.625,07;;
CDFL;4500149689;;;10;0;0;401360;POSTE FIBRA VIDRO E-CR 9M 300DAN;101;EM Entrada mercador.;0180035362;1011711;5000257155;1;24/03/2026;24/03/2026;24/03/2026;10:13:52;50;83.406,50;INVT;EST_INV_AME;MDCOSTA;;;;;;;;;50;UN;CDFL - CD FLORES;;0;50;50;AMEN;;;;0,00;0,00;0;;0;0;;;B;;;;0;UN;2026;;;S;WE;0,00;BRL;;;0;0;UN;UN;5.838,46;0,00;;
CDFL;4500149689;;;10;0;0;401360;POSTE FIBRA VIDRO E-CR 9M 300DAN;101;EM Entrada mercador.;0180035363;1011711;5000257156;1;24/03/2026;24/03/2026;24/03/2026;10:19:17;50;83.406,50;INVT;EST_INV_AME;MDCOSTA;;;;;;;;;50;UN;CDFL - CD FLORES;;0;50;50;AMEN;;;;0,00;0,00;0;;0;0;;;B;;;;0;UN;2026;;;S;WE;0,00;BRL;;;0;0;UN;UN;5.838,46;0,00;;
CDFL;4500147049;;;30;0;0;401360;POSTE FIBRA VIDRO E-CR 9M 300DAN;101;EM Entrada mercador.;0180035122;1011711;5000254499;1;09/03/2026;09/03/2026;09/03/2026;11:26:38;24;40.035,12;INVT;EST_INV_AME;MDCOSTA;;;;;;;;;24;UN;CDFL - CD FLORES;;0;24;24;AMEN;;;;0,00;0,00;0;;0;0;;;B;;;;0;UN;2026;;;S;WE;0,00;BRL;;;0;0;UN;UN;2.802,46;0,00;;
CDFL;4500147049;;;30;0;0;401360;POSTE FIBRA VIDRO E-CR 9M 300DAN;101;EM Entrada mercador.;0180035050;1011711;5000253551;1;03/03/2026;03/03/2026;03/03/2026;11:09:38;50;83.406,50;INVT;EST_INV_AME;MDCOSTA;;;;;;;;;50;UN;CDFL - CD FLORES;;0;50;50;AMEN;;;;0,00;0,00;0;;0;0;;;B;;;;0;UN;2026;;;S;WE;0,00;BRL;;;0;0;UN;UN;5.838,45;0,00;;
CDFL;4500147049;;;30;0;0;401360;POSTE FIBRA VIDRO E-CR 9M 300DAN;101;EM Entrada mercador.;0180035047;1011711;5000253548;1;03/03/2026;03/03/2026;03/03/2026;11:02:14;50;83.406,50;INVT;EST_INV_AME;MDCOSTA;;;;;;;;;50;UN;CDFL - CD FLORES;;0;50;50;AMEN;;;;0,00;0,00;0;;0;0;;;B;;;;0;UN;2026;;;S;WE;0,00;BRL;;;0;0;UN;UN;5.838,45;0,00;;
CDFL;4500133909;;;30;0;0;401360;POSTE FIBRA VIDRO E-CR 9M 300DAN;101;EM Entrada mercador.;0180033797;1011711;5000236644;1;12/11/2025;18/11/2025;18/11/2025;09:59:23;50;76.850,00;INVT;EST_INV_AME;MDCOSTA;;;;;;;;;50;UN;CDFL - CD FLORES;;0;50;50;AMEN;;;;0,00;0,00;0;;0;0;;;B;;;;0;UN;2025;;;S;WE;0,00;BRL;;;0;0;UN;UN;5.379,50;0,00;;
CDFL;4500131625;;;20;0;0;401360;POSTE FIBRA VIDRO E-CR 9M 300DAN;101;EM Entrada mercador.;0180033681;1003624;5000235528;1;03/11/2025;11/11/2025;11/11/2025;17:26:41;30;46.770,00;INVT;EST_INV_AME;MDCOSTA;;;;;;;;;30;UN;CDFL - CD FLORES;;0;30;30;AMEN;;;;0,00;0,00;0;;0;0;;;B;;;;0;UN;2025;;;S;WE;0,00;BRL;;;0;0;UN;UN;3.273,90;0,00;;
CDFL;4500139127;;;20;0;0;401396;CABO  MULT 3X25+1X25 MM² XLPE 0,6/1 KV;101;EM Entrada mercador.;0180034502;1003949;5000247478;1;23/12/2025;23/01/2026;23/01/2026;09:03:20;800;8.080,00;INVT;EST_INV_AME;MDCOSTA;;;;;;;;;800;M;CDFL - CD FLORES;;0;800;800;AMEN;;;;0,00;0,00;0;;0;0;;;B;;;;0;M;2026;;;S;WE;0,00;BRL;;;0;0;M;M;565,60;0,00;;
CDFL;4500135638;;;10;0;0;401396;CABO  MULT 3X25+1X25 MM² XLPE 0,6/1 KV;101;EM Entrada mercador.;0180033972;1003949;5000239804;1;25/11/2025;05/12/2025;05/12/2025;09:51:48;1.166;11.776,60;INVT;EST_INV_AME;MDCOSTA;;;;;;;;;1.166;M;CDFL - CD FLORES;;0;1.166;1.166;AMEN;;;;0,00;0,00;0;;0;0;;;B;;;;0;M;2025;;;S;WE;0,00;BRL;;;0;0;M;M;824,36;0,00;;
CDFL;4500128714;;;10;0;0;401396;CABO  MULT 3X25+1X25 MM² XLPE 0,6/1 KV;101;EM Entrada mercador.;0180033104;1003949;5000229582;1;23/09/2025;03/10/2025;03/10/2025;09:13:42;642;6.484,20;INVT;EST_INV_AME;MDCOSTA;;;;;;;;;642;M;CDFL - CD FLORES;;0;642;642;AMEN;;;;0,00;0,00;0;;0;0;;;B;;;;0;M;2025;;;S;WE;0,00;BRL;;;0;0;M;M;453,89;0,00;;
CDFL;4500119475;;;10;0;0;401402;RETIFIC CHAVEAD 380VCA/3F/125VCC/100A;101;EM Entrada mercador.;0180033569;1003776;5000234456;1;24/09/2025;03/11/2025;03/11/2025;14:40:05;1;73.564,02;INVT;EST_INV_AME;MDCOSTA;;;;;;;;;1;UN;CDFL - CD FLORES;;0;1;1;AMEN;;;;0,00;0,00;0;;0;0;;;B;;;;0;UN;2025;;;S;WE;0,00;BRL;;;0;0;UN;UN;3.284,91;9.849,55;;
CDFL;4500147801;;;10;0;0;401465;CONECTOR PERF AL 16-120MM2 / 16-120MM2;101;EM Entrada mercador.;0180035302;1003515;5000256629;1;16/03/2026;19/03/2026;19/03/2026;09:24:37;500;8.750,00;INVT;EST_INV_AME;MDCOSTA;;;;;;;;;500;UN;CDFL - CD FLORES;;0;500;500;AMEN;;;;0,00;0,00;0;;0;0;;;B;;;;0;UN;2026;;;S;WE;0,00;BRL;;;0;0;UN;UN;0,00;0,00;;
CDFL;4500148056;;;20;0;0;401465;CONECTOR PERF AL 16-120MM2 / 16-120MM2;101;EM Entrada mercador.;0180035090;1003818;5000254170;1;26/02/2026;05/03/2026;05/03/2026;15:05:46;500;5.145,00;INVT;EST_INV_AME;MDCOSTA;;;;;;;;;500;UN;CDFL - CD FLORES;;0;500;500;AMEN;;;;0,00;0,00;0;;0;0;;;B;;;;0;UN;2026;;;S;WE;0,00;BRL;;;0;0;UN;UN;0,00;0,00;;
CDFL;4500137967;;;10;0;0;401485;BRACO SUPORTE TIPO C 580X365MM 851/6;101;EM Entrada mercador.;0180035066;1007262;5000253642;1;04/03/2026;04/03/2026;04/03/2026;08:18:44;341;48.958,22;INVT;EST_INV_AME;MDCOSTA;;;;;;;;;341;UN;CDFL - CD FLORES;;0;341;341;AMEN;;;;0,00;0,00;0;;0;0;;;B;;;;0;UN;2026;;;S;WE;0,00;BRL;;;0;0;UN;UN;5.399,80;3.959,86;;
CDFL;4500132844;;;10;0;0;401497;ARRUELA PRES AC PARAF 3/8P 15MM;101;EM Entrada mercador.;0180034204;1021472;5000243936;2;25/11/2025;22/12/2025;22/12/2025;11:23:33;50;99,50;INVT;EST_INV_AME;MDCOSTA;;;;;;;;;50;UN;CDFL - CD FLORES;;0;50;50;AMEN;;;;0,00;0,00;0;;0;0;;;B;;;;0;UN;2025;;;S;WE;0,00;BRL;;;0;0;UN;UN;0,00;0,00;;
CDFL;4500132898;;;10;0;0;401497;ARRUELA PRES AC PARAF 3/8P 15MM;101;EM Entrada mercador.;0180034170;1021472;5000243758;2;25/11/2025;19/12/2025;19/12/2025;11:33:04;80;159,20;INVT;EST_INV_AME;MDCOSTA;;;;;;;;;80;UN;CDFL - CD FLORES;;0;80;80;AMEN;;;;0,00;0,00;0;;0;0;;;B;;;;0;UN;2025;;;S;WE;0,00;BRL;;;0;0;UN;UN;0,00;0,00;;
CDFL;4500126952;;;20;0;0;401497;ARRUELA PRES AC PARAF 3/8P 15MM;101;EM Entrada mercador.;0180033211;1021472;5000230622;2;16/09/2025;10/10/2025;10/10/2025;10:05:06;400;796,00;INVT;EST_INV_AME;MDCOSTA;;;;;;;;;400;UN;CDFL - CD FLORES;;0;400;400;AMEN;;;;0,00;0,00;0;;0;0;;;B;;;;0;UN;2025;;;S;WE;0,00;BRL;;;0;0;UN;UN;0,00;0,00;;
CDFL;4500129553;;;10;0;0;401505;FIO ELETRICO NU CU 16MM2 MEIO DURO;101;EM Entrada mercador.;0180034993;1009313;5000253317;1;20/01/2026;27/02/2026;27/02/2026;15:44:59;1.250;122.304,38;INVT;EST_INV_AME;MDCOSTA;;;;;;;;;1.250;KG;CDFL - CD FLORES;;0;1.250;1.250;AMEN;;;;0,00;0,00;0;;0;0;;;B;;;;0;KG;2026;;;S;WE;0,00;BRL;;;0;0;KG;KG;7.437,50;16.054,38;;
CDFL;4500129553;;;10;0;0;401505;FIO ELETRICO NU CU 16MM2 MEIO DURO;101;EM Entrada mercador.;0180034755;1009313;5000250316;1;11/02/2026;11/02/2026;11/02/2026;08:03:12;1.250;122.304,38;INVT;EST_INV_AME;MDCOSTA;;;;;;;;;1.250;KG;CDFL - CD FLORES;;0;1.250;1.250;AMEN;;;;0,00;0,00;0;;0;0;;;B;;;;0;KG;2026;;;S;WE;0,00;BRL;;;0;0;KG;KG;7.437,50;16.054,38;;
CDFL;4500129553;;;10;0;0;401505;FIO ELETRICO NU CU 16MM2 MEIO DURO;101;EM Entrada mercador.;0180033572;1009313;5000234479;1;18/09/2025;03/11/2025;03/11/2025;15:25:55;1.250;122.304,38;INVT;EST_INV_AME;MDCOSTA;;;;;;;;;1.250;KG;CDFL - CD FLORES;;0;1.250;1.250;AMEN;;;;0,00;0,00;0;;0;0;;;B;;;;0;KG;2025;;;S;WE;0,00;BRL;;;0;0;KG;KG;7.437,50;16.054,38;;
CDFL;4500137985;;;30;0;0;401547;CRUZETA POL PE/FBN 90X112,5X2400MM;101;EM Entrada mercador.;0180035436;1007001;5000257456;1;26/02/2026;30/03/2026;30/03/2026;16:30:58;200;56.979,44;INVT;EST_INV_AME;MDCOSTA;;;;;;;;;200;UN;CDFL - CD FLORES;;0;200;200;AMEN;;;;0,00;0,00;0;;0;0;;;B;;;;0;UN;2026;;;S;WE;0,00;BRL;;;0;0;UN;UN;3.465,00;7.479,45;;
CDFL;4500116517;;;20;0;0;401547;CRUZETA POL PE/FBN 90X112,5X2400MM;101;EM Entrada mercador.;0180035075;1007001;5000253739;1;12/02/2026;04/03/2026;04/03/2026;10:22:21;47;13.390,17;INVT;EST_INV_AME;MDCOSTA;;;;;;;;;47;UN;CDFL - CD FLORES;;0;47;47;AMEN;;;;0,00;0,00;0;;0;0;;;B;;;;0;UN;2026;;;S;WE;0,00;BRL;;;0;0;UN;UN;814,28;1.757,67;;
CDFL;4500116517;;;20;0;0;401547;CRUZETA POL PE/FBN 90X112,5X2400MM;101;EM Entrada mercador.;0180034014;1007001;5000240926;1;14/11/2025;10/12/2025;10/12/2025;16:16:52;3;854,69;INVT;EST_INV_AME;MDCOSTA;;;;;;;;;3;UN;CDFL - CD FLORES;;0;3;3;AMEN;;;;0,00;0,00;0;;0;0;;;B;;;;0;UN;2025;;;S;WE;0,00;BRL;;;0;0;UN;UN;51,98;112,19;;
CDFL;4500116517;;;20;0;0;401547;CRUZETA POL PE/FBN 90X112,5X2400MM;101;EM Entrada mercador.;0180033686;1007001;5000235533;1;20/10/2025;11/11/2025;11/11/2025;17:46:19;344;98.004,65;INVT;EST_INV_AME;MDCOSTA;;;;;;;;;344;UN;CDFL - CD FLORES;;0;344;344;AMEN;;;;0,00;0,00;0;;0;0;;;B;;;;0;UN;2025;;;S;WE;0,00;BRL;;;0;0;UN;UN;5.959,80;12.864,65;;
CDFL;4500142027;;;10;0;0;401632;LACRE SEG MET 11DIG BR;101;EM Entrada mercador.;0180035236;1003333;5000256387;1;17/03/2026;17/03/2026;17/03/2026;08:47:38;145.100;320.687,25;INVT;EST_INV_AME;MDCOSTA;;;;;;;;;145.100;UN;CDFL - CD FLORES;;0;145.100;145.100;AMEN;;;;0,00;0,00;0;;0;0;;;B;;;;0;UN;2026;;;S;WE;0,00;BRL;;;0;0;UN;UN;19.501,44;42.095,25;;
CDFL;4500134947;;;10;0;0;401632;LACRE SEG MET 11DIG BR;101;EM Entrada mercador.;0180034335;1003333;5000244362;1;25/11/2025;31/12/2025;31/12/2025;07:58:50;10.000;22.101,12;INVT;EST_INV_AME;MDCOSTA;;;;;;;;;10.000;UN;CDFL - CD FLORES;;0;10.000;10.000;AMEN;;;;0,00;0,00;0;;0;0;;;B;;;;0;UN;2025;;;S;WE;0,00;BRL;;;0;0;UN;UN;1.344,00;2.901,12;;
CDFL;4500134947;;;10;0;0;401632;LACRE SEG MET 11DIG BR;101;EM Entrada mercador.;0180034335;1003333;5000244362;2;25/11/2025;31/12/2025;31/12/2025;07:58:50;10.000;22.101,12;INVT;EST_INV_AME;MDCOSTA;;;;;;;;;10.000;UN;CDFL - CD FLORES;;0;10.000;10.000;AMEN;;;;0,00;0,00;0;;0;0;;;B;;;;0;UN;2025;;;S;WE;0,00;BRL;;;0;0;UN;UN;1.344,00;2.901,12;;
CDFL;4500134947;;;10;0;0;401632;LACRE SEG MET 11DIG BR;101;EM Entrada mercador.;0180034335;1003333;5000244362;3;25/11/2025;31/12/2025;31/12/2025;07:58:50;10.000;22.101,12;INVT;EST_INV_AME;MDCOSTA;;;;;;;;;10.000;UN;CDFL - CD FLORES;;0;10.000;10.000;AMEN;;;;0,00;0,00;0;;0;0;;;B;;;;0;UN;2025;;;S;WE;0,00;BRL;;;0;0;UN;UN;1.344,00;2.901,12;;
CDFL;4500134947;;;10;0;0;401632;LACRE SEG MET 11DIG BR;101;EM Entrada mercador.;0180034335;1003333;5000244362;4;25/11/2025;31/12/2025;31/12/2025;07:58:50;10.000;22.101,12;INVT;EST_INV_AME;MDCOSTA;;;;;;;;;10.000;UN;CDFL - CD FLORES;;0;10.000;10.000;AMEN;;;;0,00;0,00;0;;0;0;;;B;;;;0;UN;2025;;;S;WE;0,00;BRL;;;0;0;UN;UN;1.344,00;2.901,12;;
CDFL;4500134947;;;10;0;0;401632;LACRE SEG MET 11DIG BR;101;EM Entrada mercador.;0180034335;1003333;5000244362;5;25/11/2025;31/12/2025;31/12/2025;07:58:50;4.537;10.027,28;INVT;EST_INV_AME;MDCOSTA;;;;;;;;;4.537;UN;CDFL - CD FLORES;;0;4.537;4.537;AMEN;;;;0,00;0,00;0;;0;0;;;B;;;;0;UN;2025;;;S;WE;0,00;BRL;;;0;0;UN;UN;609,77;1.316,24;;
CDFL;4500119253;;;10;0;0;401632;LACRE SEG MET 11DIG BR;101;EM Entrada mercador.;0180033079;1003333;5000229408;8;09/09/2025;02/10/2025;02/10/2025;07:53:16;10.000;22.101,12;INVT;EST_INV_AME;MDCOSTA;;;;;;;;;10.000;UN;CDFL - CD FLORES;;0;10.000;10.000;AMEN;;;;0,00;0,00;0;;0;0;;;B;;;;0;UN;2025;;;S;WE;0,00;BRL;;;0;0;UN;UN;1.344,00;2.901,12;;
CDFL;4500119253;;;10;0;0;401632;LACRE SEG MET 11DIG BR;101;EM Entrada mercador.;0180033079;1003333;5000229408;7;09/09/2025;02/10/2025;02/10/2025;07:53:16;10.000;22.101,12;INVT;EST_INV_AME;MDCOSTA;;;;;;;;;10.000;UN;CDFL - CD FLORES;;0;10.000;10.000;AMEN;;;;0,00;0,00;0;;0;0;;;B;;;;0;UN;2025;;;S;WE;0,00;BRL;;;0;0;UN;UN;1.344,00;2.901,12;;
CDFL;4500119253;;;10;0;0;401632;LACRE SEG MET 11DIG BR;101;EM Entrada mercador.;0180033079;1003333;5000229408;6;09/09/2025;02/10/2025;02/10/2025;07:53:16;10.000;22.101,12;INVT;EST_INV_AME;MDCOSTA;;;;;;;;;10.000;UN;CDFL - CD FLORES;;0;10.000;10.000;AMEN;;;;0,00;0,00;0;;0;0;;;B;;;;0;UN;2025;;;S;WE;0,00;BRL;;;0;0;UN;UN;1.344,00;2.901,12;;
CDFL;4500119253;;;10;0;0;401632;LACRE SEG MET 11DIG BR;101;EM Entrada mercador.;0180033079;1003333;5000229408;5;09/09/2025;02/10/2025;02/10/2025;07:53:16;10.000;22.101,12;INVT;EST_INV_AME;MDCOSTA;;;;;;;;;10.000;UN;CDFL - CD FLORES;;0;10.000;10.000;AMEN;;;;0,00;0,00;0;;0;0;;;B;;;;0;UN;2025;;;S;WE;0,00;BRL;;;0;0;UN;UN;1.344,00;2.901,12;;
CDFL;4500119253;;;10;0;0;401632;LACRE SEG MET 11DIG BR;101;EM Entrada mercador.;0180033079;1003333;5000229408;4;09/09/2025;02/10/2025;02/10/2025;07:53:16;10.000;22.101,12;INVT;EST_INV_AME;MDCOSTA;;;;;;;;;10.000;UN;CDFL - CD FLORES;;0;10.000;10.000;AMEN;;;;0,00;0,00;0;;0;0;;;B;;;;0;UN;2025;;;S;WE;0,00;BRL;;;0;0;UN;UN;1.344,00;2.901,12;;
CDFL;4500119253;;;10;0;0;401632;LACRE SEG MET 11DIG BR;101;EM Entrada mercador.;0180033079;1003333;5000229408;3;09/09/2025;02/10/2025;02/10/2025;07:53:16;10.000;22.101,12;INVT;EST_INV_AME;MDCOSTA;;;;;;;;;10.000;UN;CDFL - CD FLORES;;0;10.000;10.000;AMEN;;;;0,00;0,00;0;;0;0;;;B;;;;0;UN;2025;;;S;WE;0,00;BRL;;;0;0;UN;UN;1.344,00;2.901,12;;
CDFL;4500119253;;;10;0;0;401632;LACRE SEG MET 11DIG BR;101;EM Entrada mercador.;0180033079;1003333;5000229408;1;09/09/2025;02/10/2025;02/10/2025;07:53:16;10.000;22.101,12;INVT;EST_INV_AME;MDCOSTA;;;;;;;;;10.000;UN;CDFL - CD FLORES;;0;10.000;10.000;AMEN;;;;0,00;0,00;0;;0;0;;;B;;;;0;UN;2025;;;S;WE;0,00;BRL;;;0;0;UN;UN;1.344,00;2.901,12;;
CDFL;4500119253;;;10;0;0;401632;LACRE SEG MET 11DIG BR;101;EM Entrada mercador.;0180033079;1003333;5000229408;2;09/09/2025;02/10/2025;02/10/2025;07:53:16;10.000;22.101,12;INVT;EST_INV_AME;MDCOSTA;;;;;;;;;10.000;UN;CDFL - CD FLORES;;0;10.000;10.000;AMEN;;;;0,00;0,00;0;;0;0;;;B;;;;0;UN;2025;;;S;WE;0,00;BRL;;;0;0;UN;UN;1.344,00;2.901,12;;
CDFL;4500114231;;;10;0;0;401656;INVERSOR 125 VCC/220VCA FN 60HZ 5KVA;101;EM Entrada mercador.;0180033087;1011297;5000229483;1;27/08/2025;02/10/2025;02/10/2025;11:17:08;13;309.960,78;INVT;EST_INV_AME;MDCOSTA;;;;;;;;;13;UN;CDFL - CD FLORES;;0;13;13;AMEN;;;;0,00;0,00;0;;0;0;;;B;;;;0;UN;2025;;;S;WE;0,00;BRL;;;0;0;UN;UN;18.849,15;40.687,23;;
CDFL;4500137967;;;60;0;0;401657;MAO FRANCESA BECO AC 2135MM 35MMX5MM;101;EM Entrada mercador.;0180035066;1007262;5000253642;6;04/03/2026;04/03/2026;04/03/2026;08:18:44;20;2.596,40;INVT;EST_INV_AME;MDCOSTA;;;;;;;;;20;UN;CDFL - CD FLORES;;0;20;20;AMEN;;;;0,00;0,00;0;;0;0;;;B;;;;0;UN;2026;;;S;WE;0,00;BRL;;;0;0;UN;UN;286,37;210,00;;
CDFL;4500131369;;;10;0;0;401678;TRAFO POT 13,8 3KV 115 REL70 1 0,3P75;101;EM Entrada mercador.;0180034552;1007548;5000247828;1;08/12/2025;27/01/2026;27/01/2026;14:18:21;160;405.187,20;INVT;EST_INV_AME;MDCOSTA;;;;;;;;;160;UN;CDFL - CD FLORES;;0;160;160;AMEN;;;;0,00;0,00;0;;0;0;;;B;;;;0;UN;2026;;;S;WE;0,00;BRL;;;0;0;UN;UN;24.640,00;53.187,20;;
CDFL;4500124121;;;10;0;0;401678;TRAFO POT 13,8 3KV 115 REL70 1 0,3P75;101;EM Entrada mercador.;0180034027;1007548;5000240968;1;13/11/2025;11/12/2025;11/12/2025;08:44:31;46;116.491,32;INVT;EST_INV_AME;MDCOSTA;;;;;;;;;46;UN;CDFL - CD FLORES;;0;46;46;AMEN;;;;0,00;0,00;0;;0;0;;;B;;;;0;UN;2025;;;S;WE;0,00;BRL;;;0;0;UN;UN;7.084,00;15.291,32;;
CDFL;4500131413;;;50;0;0;401685;"TRAFO CRTE 0,6KV;600-5A 0,3C12,5 JANELA";101;EM Entrada mercador.;0180034028;1007548;5000240969;4;13/11/2025;11/12/2025;11/12/2025;08:49:34;85;34.734,44;INVT;EST_INV_AME;MDCOSTA;;;;;;;;;85;UN;CDFL - CD FLORES;;0;85;85;AMEN;;;;0,00;0,00;0;;0;0;;;B;;;;0;UN;2025;;;S;WE;0,00;BRL;;;0;0;UN;UN;2.112,25;4.559,44;;
CDFL;4500126069;;;50;0;0;401685;"TRAFO CRTE 0,6KV;600-5A 0,3C12,5 JANELA";101;EM Entrada mercador.;0180034026;1007548;5000240967;5;13/11/2025;11/12/2025;11/12/2025;08:41:01;59;24.109,79;INVT;EST_INV_AME;MDCOSTA;;;;;;;;;59;UN;CDFL - CD FLORES;;0;59;59;AMEN;;;;0,00;0,00;0;;0;0;;;B;;;;0;UN;2025;;;S;WE;0,00;BRL;;;0;0;UN;UN;1.466,15;3.164,79;;
CDFL;4500132128;;;20;0;0;401706;PARAFUSO CAB QD AC 16MM 2P 350MM;101;EM Entrada mercador.;0180034695;1007262;5000249378;2;05/02/2026;05/02/2026;05/02/2026;18:15:47;165;2.511,48;INVT;EST_INV_AME;MDCOSTA;;;;;;;;;165;UN;CDFL - CD FLORES;;0;165;165;AMEN;;;;0,00;0,00;0;;0;0;;;B;;;;0;UN;2026;;;S;WE;0,00;BRL;;;0;0;UN;UN;277,00;203,13;;
CDFL;4500121253;;;20;0;0;401706;PARAFUSO CAB QD AC 16MM 2P 350MM;101;EM Entrada mercador.;0180033098;1007262;5000229567;2;08/09/2025;03/10/2025;03/10/2025;08:48:56;160;2.435,38;INVT;EST_INV_AME;MDCOSTA;;;;;;;;;160;UN;CDFL - CD FLORES;;0;160;160;AMEN;;;;0,00;0,00;0;;0;0;;;B;;;;0;UN;2025;;;S;WE;0,00;BRL;;;0;0;UN;UN;268,61;196,98;;
CDFL;4500137870;;;20;0;0;401711;ISOLADOR PINO PORC 15KV 102MM 1350KGF;101;EM Entrada mercador.;0180035240;1003624;5000256397;1;17/03/2026;17/03/2026;17/03/2026;09:55:53;510;12.750,00;INVT;EST_INV_AME;MDCOSTA;;;;;;;;;510;UN;CDFL - CD FLORES;;0;510;510;AMEN;;;;0,00;0,00;0;;0;0;;;B;;;;0;UN;2026;;;S;WE;0,00;BRL;;;0;0;UN;UN;0,00;0,00;;
CDFL;4500137958;;;20;0;0;401711;ISOLADOR PINO PORC 15KV 102MM 1350KGF;101;EM Entrada mercador.;0180035239;1003624;5000256396;1;17/03/2026;17/03/2026;17/03/2026;09:51:00;2.743;68.575,00;INVT;EST_INV_AME;MDCOSTA;;;;;;;;;2.743;UN;CDFL - CD FLORES;;0;2.743;2.743;AMEN;;;;0,00;0,00;0;;0;0;;;B;;;;0;UN;2026;;;S;WE;0,00;BRL;;;0;0;UN;UN;0,00;0,00;;
CDFL;4500123127;;;20;0;0;401711;ISOLADOR PINO PORC 15KV 102MM 1350KGF;101;EM Entrada mercador.;0180033462;1003624;5000234011;1;17/10/2025;27/10/2025;27/10/2025;09:17:22;2.160;54.000,00;INVT;EST_INV_AME;MDCOSTA;;;;;;;;;2.160;UN;CDFL - CD FLORES;;0;2.160;2.160;AMEN;;;;0,00;0,00;0;;0;0;;;B;;;;0;UN;2025;;;S;WE;0,00;BRL;;;0;0;UN;UN;0,00;0,00;;
CDFL;4500133042;;;50;0;0;401735;"TRAFO CRTE 0,6KV;800-5A 0,3C12,5 JANELA";101;EM Entrada mercador.;0180034547;1007548;5000247808;5;08/12/2025;27/01/2026;27/01/2026;10:11:26;84;34.325,80;INVT;EST_INV_AME;MDCOSTA;;;;;;;;;84;UN;CDFL - CD FLORES;;0;84;84;AMEN;;;;0,00;0,00;0;;0;0;;;B;;;;0;UN;2026;;;S;WE;0,00;BRL;;;0;0;UN;UN;2.087,40;4.505,80;;
CDFL;4500126069;;;60;0;0;401735;"TRAFO CRTE 0,6KV;800-5A 0,3C12,5 JANELA";101;EM Entrada mercador.;0180034026;1007548;5000240967;6;13/11/2025;11/12/2025;11/12/2025;08:41:01;4;1.634,56;INVT;EST_INV_AME;MDCOSTA;;;;;;;;;4;UN;CDFL - CD FLORES;;0;4;4;AMEN;;;;0,00;0,00;0;;0;0;;;B;;;;0;UN;2025;;;S;WE;0,00;BRL;;;0;0;UN;UN;99,40;214,56;;
CDFL;4500133042;;;40;0;0;401771;"TRAFO CRTE 15KV; 60-5A; 0,3C12,5 BARRA";101;EM Entrada mercador.;0180034547;1007548;5000247808;4;08/12/2025;27/01/2026;27/01/2026;10:11:26;23;34.417,89;INVT;EST_INV_AME;MDCOSTA;;;;;;;;;23;UN;CDFL - CD FLORES;;0;23;23;AMEN;;;;0,00;0,00;0;;0;0;;;B;;;;0;UN;2026;;;S;WE;0,00;BRL;;;0;0;UN;UN;2.093,00;4.517,89;;
CDFL;4500139127;;;10;0;0;401786;CABO  MULT 3X35+1X35 MM² XLPE 0,6/1 KV;101;EM Entrada mercador.;0180034502;1003949;5000247478;2;23/12/2025;23/01/2026;23/01/2026;09:03:20;2.278;33.190,46;INVT;EST_INV_AME;MDCOSTA;;;;;;;;;2.278;M;CDFL - CD FLORES;;0;2.278;2.278;AMEN;;;;0,00;0,00;0;;0;0;;;B;;;;0;M;2026;;;S;WE;0,00;BRL;;;0;0;M;M;2.323,33;0,00;;
CDFL;4500132948;;;10;0;0;401786;CABO  MULT 3X35+1X35 MM² XLPE 0,6/1 KV;101;EM Entrada mercador.;0180033323;1003949;5000232063;1;13/10/2025;17/10/2025;17/10/2025;09:27:49;2.000;29.140,00;INVT;EST_INV_AME;MDCOSTA;;;;;;;;;2.000;M;CDFL - CD FLORES;;0;2.000;2.000;AMEN;;;;0,00;0,00;0;;0;0;;;B;;;;0;M;2025;;;S;WE;0,00;BRL;;;0;0;M;M;2.039,80;0,00;;
CDFL;4500127958;;;10;0;0;401791;CABO AL CONCENTRICO 1F 1X10+10MM2;101;EM Entrada mercador.;0180033618;1003953;5000234830;1;13/10/2025;06/11/2025;06/11/2025;08:28:02;40.975;182.061,99;INVT;EST_INV_AME;MDCOSTA;;;;;;;;;40.975;M;CDFL - CD FLORES;;0;40.975;40.975;AMEN;;;;0,00;0,00;0;;0;0;;;B;;;;0;M;2025;;;S;WE;0,00;BRL;;;0;0;M;M;11.071,45;23.898,50;;
CDFL;4500125607;;;10;0;0;401791;CABO AL CONCENTRICO 1F 1X10+10MM2;101;EM Entrada mercador.;0180033333;1003953;5000232210;1;24/09/2025;17/10/2025;17/10/2025;14:55:07;48.046;213.480,20;INVT;EST_INV_AME;MDCOSTA;;;;;;;;;48.046;M;CDFL - CD FLORES;;0;48.046;48.046;AMEN;;;;0,00;0,00;0;;0;0;;;B;;;;0;M;2025;;;S;WE;0,00;BRL;;;0;0;M;M;12.982,03;28.022,64;;
CDFL;4500125607;;;10;0;0;401791;CABO AL CONCENTRICO 1F 1X10+10MM2;101;EM Entrada mercador.;0180033134;1003953;5000229997;1;15/09/2025;07/10/2025;07/10/2025;09:08:48;11.953;53.110,12;INVT;EST_INV_AME;MDCOSTA;;;;;;;;;11.953;M;CDFL - CD FLORES;;0;11.953;11.953;AMEN;;;;0,00;0,00;0;;0;0;;;B;;;;0;M;2025;;;S;WE;0,00;BRL;;;0;0;M;M;3.229,70;6.971,54;;
CDFL;4500145805;;;10;0;0;401823;CORDOALHA AC 6,3MM 1/4P 7F;101;EM Entrada mercador.;0180035441;1018867;5000257484;1;06/03/2026;31/03/2026;31/03/2026;10:08:27;2.500;70.936,54;INVT;EST_INV_AME;MDCOSTA;;;;;;;;;2.500;KG;CDFL - CD FLORES;;0;2.500;2.500;AMEN;;;;0,00;0,00;0;;0;0;;;B;;;;0;KG;2026;;;S;WE;0,00;BRL;;;0;0;KG;KG;4.313,75;9.311,54;;
CDFL;4500127032;;;10;0;0;401823;CORDOALHA AC 6,3MM 1/4P 7F;101;EM Entrada mercador.;0180033310;1018867;5000232001;1;11/09/2025;16/10/2025;16/10/2025;16:37:15;757;21.479,58;INVT;EST_INV_AME;MDCOSTA;;;;;;;;;757;KG;CDFL - CD FLORES;;0;757;757;AMEN;;;;0,00;0,00;0;;0;0;;;B;;;;0;KG;2025;;;S;WE;0,00;BRL;;;0;0;KG;KG;1.306,20;2.819,53;;
CDFL;4500138302;;;20;0;0;401834;CONECTOR PARAL AL 10AWG-1/0AWG;101;EM Entrada mercador.;0180034887;1003137;5000252211;1;29/01/2026;20/02/2026;20/02/2026;14:45:37;800;9.549,53;INVT;EST_INV_AME;MDCOSTA;;;;;;;;;800;UN;CDFL - CD FLORES;;0;800;800;AMEN;;;;0,00;0,00;0;;0;0;;;B;;;;0;UN;2026;;;S;WE;0,00;BRL;;;0;0;UN;UN;580,72;1.253,53;;
CDFL;4500131552;;;10;0;0;401834;CONECTOR PARAL AL 10AWG-1/0AWG;101;EM Entrada mercador.;0180034087;1003137;5000241834;1;24/11/2025;15/12/2025;15/12/2025;11:03:57;450;5.371,60;INVT;EST_INV_AME;MDCOSTA;;;;;;;;;450;UN;CDFL - CD FLORES;;0;450;450;AMEN;;;;0,00;0,00;0;;0;0;;;B;;;;0;UN;2025;;;S;WE;0,00;BRL;;;0;0;UN;UN;326,66;705,11;;
CDFL;4500137967;;;20;0;0;401844;PERFIL U AC 76X900MM REDE COMPACTA;101;EM Entrada mercador.;0180035066;1007262;5000253642;2;04/03/2026;04/03/2026;04/03/2026;08:18:44;112;15.300,24;INVT;EST_INV_AME;MDCOSTA;;;;;;;;;112;UN;CDFL - CD FLORES;;0;112;112;AMEN;;;;0,00;0,00;0;;0;0;;;B;;;;0;UN;2026;;;S;WE;0,00;BRL;;;0;0;UN;UN;1.687,53;1.237,52;;
CDFL;4500121299;;;40;0;0;401844;PERFIL U AC 76X900MM REDE COMPACTA;101;EM Entrada mercador.;0180033100;1007262;5000229562;2;08/09/2025;03/10/2025;03/10/2025;08:32:33;50;6.830,46;INVT;EST_INV_AME;MDCOSTA;;;;;;;;;50;UN;CDFL - CD FLORES;;0;50;50;AMEN;;;;0,00;0,00;0;;0;0;;;B;;;;0;UN;2025;;;S;WE;0,00;BRL;;;0;0;UN;UN;753,36;552,46;;
CDFL;4500138326;;;20;0;0;401857;CHAVE FUSIVEL DIST 15KV 100A/10KA PORC;101;EM Entrada mercador.;0180034982;1003412;5000253287;1;26/02/2026;26/02/2026;26/02/2026;16:28:19;1.000;332.667,90;INVT;EST_INV_AME;MDCOSTA;;;;;;;;;1.000;UN;CDFL - CD FLORES;;0;1.000;1.000;AMEN;;;;0,00;0,00;0;;0;0;;;B;;;;0;UN;2026;;;S;WE;0,00;BRL;;;0;0;UN;UN;20.230,00;43.667,90;;
CDFL;4500126485;;;10;0;0;401857;CHAVE FUSIVEL DIST 15KV 100A/10KA PORC;101;EM Entrada mercador.;0180033224;1003412;5000230750;1;23/09/2025;13/10/2025;13/10/2025;08:06:46;920;306.054,47;INVT;EST_INV_AME;MDCOSTA;;;;;;;;;920;UN;CDFL - CD FLORES;;0;920;920;AMEN;;;;0,00;0,00;0;;0;0;;;B;;;;0;UN;2025;;;S;WE;0,00;BRL;;;0;0;UN;UN;18.611,60;40.174,47;;
CDFL;4500138201;;;40;0;0;401910;ELO FUSIVEL BOTAO DISTRIB K 15A 500MM;101;EM Entrada mercador.;0180034643;1024046;5000248527;4;20/01/2026;02/02/2026;02/02/2026;11:00:03;158;942,11;INVT;EST_INV_AME;MDCOSTA;;;;;;;;;158;UN;CDFL - CD FLORES;;0;158;158;AMEN;;;;0,00;0,00;0;;0;0;;;B;;;;0;UN;2026;;;S;WE;0,00;BRL;;;0;0;UN;UN;57,29;123,67;;
CDFL;4500133585;;;10;0;0;401927;MANILHA SAPATILHA 5000DAN;101;EM Entrada mercador.;0180034497;1009464;5000247471;1;23/01/2026;23/01/2026;23/01/2026;08:22:00;700;16.671,38;INVT;EST_INV_AME;MDCOSTA;;;;;;;;;700;UN;CDFL - CD FLORES;;0;700;700;AMEN;;;;0,00;0,00;0;;0;0;;;B;;;;0;UN;2026;;;S;WE;0,00;BRL;;;0;0;UN;UN;1.013,81;2.188,38;;
CDFL;4500137993;;;10;0;0;401927;MANILHA SAPATILHA 5000DAN;101;EM Entrada mercador.;0180034500;1009464;5000247475;1;23/01/2026;23/01/2026;23/01/2026;08:40:22;1.050;25.007,06;INVT;EST_INV_AME;MDCOSTA;;;;;;;;;1.050;UN;CDFL - CD FLORES;;0;1.050;1.050;AMEN;;;;0,00;0,00;0;;0;0;;;B;;;;0;UN;2026;;;S;WE;0,00;BRL;;;0;0;UN;UN;1.520,71;3.282,57;;
CDFL;4500135969;;;20;0;0;401931;POSTE FIBRA VIDRO E-CR 13M 600DAN;101;EM Entrada mercador.;0180034038;1003624;5000241291;1;01/12/2025;11/12/2025;11/12/2025;14:54:54;10;42.580,00;INVT;EST_INV_AME;MDCOSTA;;;;;;;;;10;UN;CDFL - CD FLORES;;0;10;10;AMEN;;;;0,00;0,00;0;;0;0;;;B;;;;0;UN;2025;;;S;WE;0,00;BRL;;;0;0;UN;UN;2.980,60;0,00;;
CDFL;4500135095;;;10;0;0;401941;CABO ELET ISOL 4MM2 PVC 750V;101;EM Entrada mercador.;0180034701;1003949;5000249430;1;19/01/2026;06/02/2026;06/02/2026;09:57:22;250;822,49;INVT;EST_INV_AME;MDCOSTA;;;;;;;;;250;M;CDFL - CD FLORES;;0;250;250;AMEN;;;;0,00;0,00;0;;0;0;;;B;;;;0;M;2026;;;S;WE;0,00;BRL;;;0;0;M;M;57,58;0,00;;
CDFL;4500145738;;;10;0;0;401959;CRUZETA POL FBV/RES PES 2400X112,5X90MM;101;EM Entrada mercador.;0180035242;1003624;5000256399;1;17/03/2026;17/03/2026;17/03/2026;10:04:09;1.000;185.000,00;INVT;EST_INV_AME;MDCOSTA;;;;;;;;;1.000;UN;CDFL - CD FLORES;;0;1.000;1.000;AMEN;;;;0,00;0,00;0;;0;0;;;B;;;;0;UN;2026;;;S;WE;0,00;BRL;;;0;0;UN;UN;14.389,30;0,00;;
CDFL;4500137985;;;20;0;0;401959;CRUZETA POL FBV/RES PES 2400X112,5X90MM;101;EM Entrada mercador.;0180035096;1007001;5000254269;1;30/01/2026;06/03/2026;06/03/2026;10:49:50;1.381;258.321,22;INVT;EST_INV_AME;MDCOSTA;;;;;;;;;1.381;UN;CDFL - CD FLORES;;0;1.381;1.381;AMEN;;;;0,00;0,00;0;;0;0;;;B;;;;0;UN;2026;;;S;WE;0,00;BRL;;;0;0;UN;UN;15.708,88;33.908,73;;
CDFL;4500144395;;;30;0;0;401959;CRUZETA POL FBV/RES PES 2400X112,5X90MM;101;EM Entrada mercador.;0180035002;1003624;5000253345;1;02/03/2026;02/03/2026;02/03/2026;08:20:47;500;92.500,00;INVT;EST_INV_AME;MDCOSTA;;;;;;;;;500;UN;CDFL - CD FLORES;;0;500;500;AMEN;;;;0,00;0,00;0;;0;0;;;B;;;;0;UN;2026;;;S;WE;0,00;BRL;;;0;0;UN;UN;7.194,65;0,00;;
CDFL;4500144395;;;10;0;0;401959;CRUZETA POL FBV/RES PES 2400X112,5X90MM;101;EM Entrada mercador.;0180034849;1003624;5000251749;1;19/02/2026;19/02/2026;19/02/2026;08:23:34;500;92.500,00;INVT;EST_INV_AME;MDCOSTA;;;;;;;;;500;UN;CDFL - CD FLORES;;0;500;500;AMEN;;;;0,00;0,00;0;;0;0;;;B;;;;0;UN;2026;;;S;WE;0,00;BRL;;;0;0;UN;UN;7.194,65;0,00;;
CDFL;4500129786;;;10;0;0;401959;CRUZETA POL FBV/RES PES 2400X112,5X90MM;101;EM Entrada mercador.;0180033685;1007001;5000235532;1;21/10/2025;11/11/2025;11/11/2025;17:43:34;500;93.526,88;INVT;EST_INV_AME;MDCOSTA;;;;;;;;;500;UN;CDFL - CD FLORES;;0;500;500;AMEN;;;;0,00;0,00;0;;0;0;;;B;;;;0;UN;2025;;;S;WE;0,00;BRL;;;0;0;UN;UN;5.687,50;12.276,88;;
CDFL;4500131413;;;40;0;0;401992;"TRAFO CRTE 0,6KV 400-5A; 0,3C12,5 BARRA";101;EM Entrada mercador.;0180034028;1007548;5000240969;3;13/11/2025;11/12/2025;11/12/2025;08:49:34;119;48.628,22;INVT;EST_INV_AME;MDCOSTA;;;;;;;;;119;UN;CDFL - CD FLORES;;0;119;119;AMEN;;;;0,00;0,00;0;;0;0;;;B;;;;0;UN;2025;;;S;WE;0,00;BRL;;;0;0;UN;UN;2.957,15;6.383,22;;
CDFL;4500126069;;;40;0;0;401992;"TRAFO CRTE 0,6KV 400-5A; 0,3C12,5 BARRA";101;EM Entrada mercador.;0180034026;1007548;5000240967;4;13/11/2025;11/12/2025;11/12/2025;08:41:01;62;25.335,71;INVT;EST_INV_AME;MDCOSTA;;;;;;;;;62;UN;CDFL - CD FLORES;;0;62;62;AMEN;;;;0,00;0,00;0;;0;0;;;B;;;;0;UN;2025;;;S;WE;0,00;BRL;;;0;0;UN;UN;1.540,70;3.325,71;;
CDFL;4500137967;;;40;0;0;402017;SUPORTE TRANSF POSTE DUP T AC 210X125MM;101;EM Entrada mercador.;0180035066;1007262;5000253642;4;04/03/2026;04/03/2026;04/03/2026;08:18:44;30;4.635,86;INVT;EST_INV_AME;MDCOSTA;;;;;;;;;30;UN;CDFL - CD FLORES;;0;30;30;AMEN;;;;0,00;0,00;0;;0;0;;;B;;;;0;UN;2026;;;S;WE;0,00;BRL;;;0;0;UN;UN;511,31;374,96;;
CDFL;4500144463;;;40;0;0;402025;ELO FUSIVEL BOTAO DISTRIB K 25A 500MM;101;EM Entrada mercador.;0180035431;1003489;5000257418;4;03/03/2026;30/03/2026;30/03/2026;11:41:44;42;281,37;INVT;EST_INV_AME;MDCOSTA;;;;;;;;;42;UN;CDFL - CD FLORES;;0;42;42;AMEN;;;;0,00;0,00;0;;0;0;;;B;;;;0;UN;2026;;;S;WE;0,00;BRL;;;0;0;UN;UN;17,11;36,93;;
CDFL;4500137970;;;30;0;0;402041;ARRUELA QD 5/8P;101;EM Entrada mercador.;0180034698;1010868;5000249396;3;06/02/2026;06/02/2026;06/02/2026;08:51:30;6.410;6.050,41;INVT;EST_INV_AME;MDCOSTA;;;;;;;;;6.410;UN;CDFL - CD FLORES;;0;6.410;6.410;AMEN;;;;0,00;0,00;0;;0;0;;;B;;;;0;UN;2026;;;S;WE;0,00;BRL;;;0;0;UN;UN;367,93;794,21;;
CDFL;4500145589;;;10;0;0;402098;POSTE CONCRETO DUPLO T 13M 1000DAN;101;EM Entrada mercador.;0180035079;1006698;5000253823;1;04/03/2026;04/03/2026;04/03/2026;10:54:11;9;26.873,10;INVT;EST_INV_AME;MDCOSTA;;;;;;;;;9;UN;CDFL - CD FLORES;;0;9;9;AMEN;;;;0,00;0,00;0;;0;0;;;B;;;;0;UN;2026;;;S;WE;0,00;BRL;;;0;0;UN;UN;1.881,12;0,00;;
CDFL;4500133064;;;10;0;0;402098;POSTE CONCRETO DUPLO T 13M 1000DAN;101;EM Entrada mercador.;0180033819;1006698;5000236723;1;12/11/2025;18/11/2025;18/11/2025;15:43:04;10;29.859,00;INVT;EST_INV_AME;MDCOSTA;;;;;;;;;10;UN;CDFL - CD FLORES;;0;10;10;AMEN;;;;0,00;0,00;0;;0;0;;;B;;;;0;UN;2025;;;S;WE;0,00;BRL;;;0;0;UN;UN;2.090,13;0,00;;
CDFL;4500145289;;;10;0;0;402105;CONECTOR AUTO PERF DU 70-240 / 70-240MM2;101;EM Entrada mercador.;0180035112;1009609;5000254410;1;25/02/2026;09/03/2026;09/03/2026;09:26:48;500;19.997,44;INVT;EST_INV_AME;MDCOSTA;;;;;;;;;500;UN;CDFL - CD FLORES;;0;500;500;AMEN;;;;0,00;0,00;0;;0;0;;;B;;;;0;UN;2026;;;S;WE;0,00;BRL;;;0;0;UN;UN;2.205,60;1.617,44;;
CDFL;4500138298;;;20;0;0;402105;CONECTOR AUTO PERF DU 70-240 / 70-240MM2;101;EM Entrada mercador.;0180034668;1020062;5000248911;2;14/01/2026;04/02/2026;04/02/2026;15:42:48;370;20.852,61;INVT;EST_INV_AME;MDCOSTA;;;;;;;;;370;UN;CDFL - CD FLORES;;0;370;370;AMEN;;;;0,00;0,00;0;;0;0;;;B;;;;0;UN;2026;;;S;WE;0,00;BRL;;;0;0;UN;UN;2.299,92;1.686,61;;
CDFL;4500131417;;;10;0;0;402105;CONECTOR AUTO PERF DU 70-240 / 70-240MM2;101;EM Entrada mercador.;0180033762;1009609;5000236321;1;21/10/2025;17/11/2025;17/11/2025;10:53:53;1.800;71.990,78;INVT;EST_INV_AME;MDCOSTA;;;;;;;;;1.800;UN;CDFL - CD FLORES;;0;1.800;1.800;AMEN;;;;0,00;0,00;0;;0;0;;;B;;;;0;UN;2025;;;S;WE;0,00;BRL;;;0;0;UN;UN;7.940,16;5.822,78;;
CDFL;4500138201;;;20;0;0;402111;ELO FUSIVEL BOTAO DISTRIB UN K 8A 500MM;101;EM Entrada mercador.;0180034643;1024046;5000248527;2;20/01/2026;02/02/2026;02/02/2026;11:00:03;500;2.981,35;INVT;EST_INV_AME;MDCOSTA;;;;;;;;;500;UN;CDFL - CD FLORES;;0;500;500;AMEN;;;;0,00;0,00;0;;0;0;;;B;;;;0;UN;2026;;;S;WE;0,00;BRL;;;0;0;UN;UN;181,30;391,35;;
CDFL;4500135843;;;10;0;0;402117;ELO FUSIVEL BOTAO DISTRIB K 20A 500MM;101;EM Entrada mercador.;0180034082;1024046;5000241726;1;03/12/2025;15/12/2025;15/12/2025;10:02:51;1.500;8.944,05;INVT;EST_INV_AME;MDCOSTA;;;;;;;;;1.500;UN;CDFL - CD FLORES;;0;1.500;1.500;AMEN;;;;0,00;0,00;0;;0;0;;;B;;;;0;UN;2025;;;S;WE;0,00;BRL;;;0;0;UN;UN;543,90;1.174,05;;
CDFL;4500134196;;;40;0;0;402132;TRAFO AER 1F 15KV 25KVA 240/120V 7TP;101;EM Entrada mercador.;0180034220;1003291;5000243961;3;17/12/2025;22/12/2025;22/12/2025;15:06:23;1;10.154,77;INVT;EST_INV_AME;MDCOSTA;;;;;;;;;1;UN;CDFL - CD FLORES;;0;1;1;AMEN;;;;0,00;0,00;0;;0;0;;;B;;;;0;UN;2025;;;S;WE;0,00;BRL;;;0;0;UN;UN;710,83;0,00;;
CDFL;4500134196;;;40;0;0;402132;TRAFO AER 1F 15KV 25KVA 240/120V 7TP;101;EM Entrada mercador.;0180034078;1003291;5000241679;3;09/12/2025;15/12/2025;15/12/2025;08:47:02;9;91.392,93;INVT;EST_INV_AME;MDCOSTA;;;;;;;;;9;UN;CDFL - CD FLORES;;0;9;9;AMEN;;;;0,00;0,00;0;;0;0;;;B;;;;0;UN;2025;;;S;WE;0,00;BRL;;;0;0;UN;UN;6.397,51;0,00;;
CDFL;4500125193;;;20;0;0;402132;TRAFO AER 1F 15KV 25KVA 240/120V 7TP;101;EM Entrada mercador.;0180033227;1003291;5000230755;1;01/10/2025;13/10/2025;13/10/2025;08:25:38;5;50.773,85;INVT;EST_INV_AME;MDCOSTA;;;;;;;;;5;UN;CDFL - CD FLORES;;0;5;5;AMEN;;;;0,00;0,00;0;;0;0;;;B;;;;0;UN;2025;;;S;WE;0,00;BRL;;;0;0;UN;UN;3.554,17;0,00;;
CDFL;4500138304;;;10;0;0;402149;TERMINAL CU CHAVE SEC  70-120MM2;101;EM Entrada mercador.;0180034876;1024297;5000252079;1;06/02/2026;20/02/2026;20/02/2026;11:51:34;122;20.496,00;INVT;EST_INV_AME;MDCOSTA;;;;;;;;;122;UN;CDFL - CD FLORES;;0;122;122;AMEN;;;;0,00;0,00;0;;0;0;;;B;;;;0;UN;2026;;;S;WE;0,00;BRL;;;0;0;UN;UN;0,00;0,00;;
CDFL;4500147616;;;10;0;0;402152;CABO ELET CU 95MM2 90°XLPE 0,6/1KV;101;EM Entrada mercador.;0180035418;1003949;5000257352;1;20/03/2026;27/03/2026;27/03/2026;14:17:43;1.187;77.024,43;INVT;EST_INV_AME;MDCOSTA;;;;;;;;;1.187;M;CDFL - CD FLORES;;0;1.187;1.187;AMEN;;;;0,00;0,00;0;;0;0;;;B;;;;0;M;2026;;;S;WE;0,00;BRL;;;0;0;M;M;5.391,71;0,00;;
CDFL;4500146770;;;10;0;0;402152;CABO ELET CU 95MM2 90°XLPE 0,6/1KV;101;EM Entrada mercador.;0180035359;1003949;5000257145;1;20/03/2026;24/03/2026;24/03/2026;09:53:46;500;32.445,00;INVT;EST_INV_AME;MDCOSTA;;;;;;;;;500;M;CDFL - CD FLORES;;0;500;500;AMEN;;;;0,00;0,00;0;;0;0;;;B;;;;0;M;2026;;;S;WE;0,00;BRL;;;0;0;M;M;2.271,15;0,00;;
CDFL;4500130026;;;10;0;0;402152;CABO ELET CU 95MM2 90°XLPE 0,6/1KV;101;EM Entrada mercador.;0180033778;1003949;5000236358;1;11/11/2025;17/11/2025;17/11/2025;14:50:00;890;57.752,10;INVT;EST_INV_AME;LPEIXOTO;;;;;;;;;890;M;CDFL - CD FLORES;;0;890;890;AMEN;;;;0,00;0,00;0;;0;0;;;B;;;;0;M;2025;;;S;WE;0,00;BRL;;;0;0;M;M;4.042,65;0,00;;
CDFL;4500130665;;;60;0;0;402185;CONECTOR DER CUNHA ESTRIBO 336,4 MCM;101;EM Entrada mercador.;0180033955;1003799;5000239657;6;05/11/2025;04/12/2025;04/12/2025;10:23:49;100;4.337,34;INVT;EST_INV_AME;MDCOSTA;;;;;;;;;100;UN;CDFL - CD FLORES;;0;100;100;AMEN;;;;0,00;0,00;0;;0;0;;;B;;;;0;UN;2025;;;S;WE;0,00;BRL;;;0;0;UN;UN;263,76;569,34;;
CDFL;4500147050;;;10;0;0;402242;POSTE FIBRA VIDRO E-CR 11M 600DAN;101;EM Entrada mercador.;0180035311;1027479;5000256856;1;04/03/2026;20/03/2026;20/03/2026;07:48:34;36;96.358,26;INVT;EST_INV_AME;MDCOSTA;;;;;;;;;36;UN;CDFL - CD FLORES;;0;36;36;AMEN;;;;0,00;0,00;0;;0;0;;;B;;;;0;UN;2026;;;S;WE;0,00;BRL;;;0;0;UN;UN;5.859,68;12.648,54;;
CDFL;4500147050;;;10;0;0;402242;POSTE FIBRA VIDRO E-CR 11M 600DAN;101;EM Entrada mercador.;0180035310;1027479;5000256855;1;04/03/2026;20/03/2026;20/03/2026;07:46:21;36;96.358,26;INVT;EST_INV_AME;MDCOSTA;;;;;;;;;36;UN;CDFL - CD FLORES;;0;36;36;AMEN;;;;0,00;0,00;0;;0;0;;;B;;;;0;UN;2026;;;S;WE;0,00;BRL;;;0;0;UN;UN;5.859,68;12.648,54;;
CDFL;4500147050;;;10;0;0;402242;POSTE FIBRA VIDRO E-CR 11M 600DAN;101;EM Entrada mercador.;0180035309;1027479;5000256854;1;04/03/2026;20/03/2026;20/03/2026;07:43:14;36;96.358,26;INVT;EST_INV_AME;MDCOSTA;;;;;;;;;36;UN;CDFL - CD FLORES;;0;36;36;AMEN;;;;0,00;0,00;0;;0;0;;;B;;;;0;UN;2026;;;S;WE;0,00;BRL;;;0;0;UN;UN;5.859,68;12.648,54;;
CDFL;4500131625;;;10;0;0;402242;POSTE FIBRA VIDRO E-CR 11M 600DAN;101;EM Entrada mercador.;0180033540;1003624;5000234273;1;21/10/2025;30/10/2025;30/10/2025;15:35:00;32;102.707,20;INVT;EST_INV_AME;MDCOSTA;;;;;;;;;32;UN;CDFL - CD FLORES;;0;32;32;AMEN;;;;0,00;0,00;0;;0;0;;;B;;;;0;UN;2025;;;S;WE;0,00;BRL;;;0;0;UN;UN;7.189,50;0,00;;
CDFL;4500127848;;;40;0;0;402242;POSTE FIBRA VIDRO E-CR 11M 600DAN;101;EM Entrada mercador.;0180033383;1003624;5000233010;1;14/10/2025;21/10/2025;21/10/2025;09:25:42;50;160.480,00;INVT;EST_INV_AME;MDCOSTA;;;;;;;;;50;UN;CDFL - CD FLORES;;0;50;50;AMEN;;;;0,00;0,00;0;;0;0;;;B;;;;0;UN;2025;;;S;WE;0,00;BRL;;;0;0;UN;UN;11.233,60;0,00;;
CDFL;4500127848;;;40;0;0;402242;POSTE FIBRA VIDRO E-CR 11M 600DAN;101;EM Entrada mercador.;0180033233;1003624;5000230776;1;03/10/2025;13/10/2025;13/10/2025;09:03:38;16;51.353,60;INVT;EST_INV_AME;MDCOSTA;;;;;;;;;16;UN;CDFL - CD FLORES;;0;16;16;AMEN;;;;0,00;0,00;0;;0;0;;;B;;;;0;UN;2025;;;S;WE;0,00;BRL;;;0;0;UN;UN;3.594,75;0,00;;
CDFL;4500131625;;;10;0;0;402242;POSTE FIBRA VIDRO E-CR 11M 600DAN;101;EM Entrada mercador.;0180033125;1003624;5000229916;1;01/10/2025;06/10/2025;06/10/2025;14:58:37;50;160.480,00;INVT;EST_INV_AME;MDCOSTA;;;;;;;;;50;UN;CDFL - CD FLORES;;0;50;50;AMEN;;;;0,00;0,00;0;;0;0;;;B;;;;0;UN;2025;;;S;WE;0,00;BRL;;;0;0;UN;UN;11.233,60;0,00;;
CDFL;4500138201;;;60;0;0;402265;ELO FUSIVEL BOTAO DISTRIB H 3A 500MM;101;EM Entrada mercador.;0180034643;1024046;5000248527;5;20/01/2026;02/02/2026;02/02/2026;11:00:03;150;885,76;INVT;EST_INV_AME;MDCOSTA;;;;;;;;;150;UN;CDFL - CD FLORES;;0;150;150;AMEN;;;;0,00;0,00;0;;0;0;;;B;;;;0;UN;2026;;;S;WE;0,00;BRL;;;0;0;UN;UN;53,86;116,27;;
CDFL;4500137858;;;20;0;0;402276;CHAVE FUSIVEL INDIC 15KV 200A/95KV BUC;101;EM Entrada mercador.;0180034493;1003412;5000247371;1;12/12/2025;22/01/2026;22/01/2026;15:21:31;46;19.485,82;INVT;EST_INV_AME;MDCOSTA;;;;;;;;;46;UN;CDFL - CD FLORES;;0;46;46;AMEN;;;;0,00;0,00;0;;0;0;;;B;;;;0;UN;2026;;;S;WE;0,00;BRL;;;0;0;UN;UN;1.184,96;2.557,82;;
CDFL;4500144303;;;10;0;0;402296;GANCHO OLHAL AC 17MM 5000KGF;101;EM Entrada mercador.;0180035380;1010868;5000257291;1;25/02/2026;26/03/2026;26/03/2026;08:04:18;4.067;51.215,87;INVT;EST_INV_AME;MDCOSTA;;;;;;;;;4.067;UN;CDFL - CD FLORES;;0;4.067;4.067;AMEN;;;;0,00;0,00;0;;0;0;;;B;;;;0;UN;2026;;;S;WE;0,00;BRL;;;0;0;UN;UN;3.114,51;6.722,89;;
CDFL;4500137970;;;20;0;0;402296;GANCHO OLHAL AC 17MM 5000KGF;101;EM Entrada mercador.;0180034698;1010868;5000249396;2;06/02/2026;06/02/2026;06/02/2026;08:51:30;1.938;24.405,30;INVT;EST_INV_AME;MDCOSTA;;;;;;;;;1.938;UN;CDFL - CD FLORES;;0;1.938;1.938;AMEN;;;;0,00;0,00;0;;0;0;;;B;;;;0;UN;2026;;;S;WE;0,00;BRL;;;0;0;UN;UN;1.484,12;3.203,58;;
CDFL;4500138296;;;10;0;0;402307;CONECTOR PERF 4 SAÍDAS 25-240MM2/1,5-35M;101;EM Entrada mercador.;0180034889;1003137;5000252223;1;29/01/2026;20/02/2026;20/02/2026;14:50:27;4.550;346.932,33;INVT;EST_INV_AME;MDCOSTA;;;;;;;;;4.550;UN;CDFL - CD FLORES;;0;4.550;4.550;AMEN;;;;0,00;0,00;0;;0;0;;;B;;;;0;UN;2026;;;S;WE;0,00;BRL;;;0;0;UN;UN;21.097,44;45.540,33;;
CDFL;4500131542;;;10;0;0;402307;CONECTOR PERF 4 SAÍDAS 25-240MM2/1,5-35M;101;EM Entrada mercador.;0180034086;1003137;5000241833;1;24/11/2025;15/12/2025;15/12/2025;11:01:47;18.000;1.372.479,55;INVT;EST_INV_AME;MDCOSTA;;;;;;;;;18.000;UN;CDFL - CD FLORES;;0;18.000;18.000;AMEN;;;;0,00;0,00;0;;0;0;;;B;;;;0;UN;2025;;;S;WE;0,00;BRL;;;0;0;UN;UN;83.462,40;180.159,55;;
CDFL;4500124896;;;40;0;0;402312;OLHAL PARAFUSO AC 16MM 5000DAN;101;EM Entrada mercador.;0180033216;1021472;5000230688;1;16/09/2025;10/10/2025;10/10/2025;14:20:45;700;10.745,00;INVT;EST_INV_AME;MDCOSTA;;;;;;;;;700;UN;CDFL - CD FLORES;;0;700;700;AMEN;;;;0,00;0,00;0;;0;0;;;B;;;;0;UN;2025;;;S;WE;0,00;BRL;;;0;0;UN;UN;0,00;0,00;;
CDFL;4500147222;;;10;0;0;402318;CABO  MULT 3X120+1X70MM² XLPE 0,6/1 KV;101;EM Entrada mercador.;0180035113;1003949;5000254411;1;27/02/2026;09/03/2026;09/03/2026;09:35:04;2.160;102.189,60;INVT;EST_INV_AME;MDCOSTA;;;;;;;;;2.160;M;CDFL - CD FLORES;;0;2.160;2.160;AMEN;;;;0,00;0,00;0;;0;0;;;B;;;;0;M;2026;;;S;WE;0,00;BRL;;;0;0;M;M;7.153,27;0,00;;
CDFL;4500147222;;;10;0;0;402318;CABO  MULT 3X120+1X70MM² XLPE 0,6/1 KV;101;EM Entrada mercador.;0180035072;1003949;5000253689;1;24/02/2026;04/03/2026;04/03/2026;09:39:37;6.962;329.372,22;INVT;EST_INV_AME;MDCOSTA;;;;;;;;;6.962;M;CDFL - CD FLORES;;0;6.962;6.962;AMEN;;;;0,00;0,00;0;;0;0;;;B;;;;0;M;2026;;;S;WE;0,00;BRL;;;0;0;M;M;23.056,06;0,00;;
CDFL;4500147222;;;10;0;0;402318;CABO  MULT 3X120+1X70MM² XLPE 0,6/1 KV;101;EM Entrada mercador.;0180035073;1003949;5000253699;1;25/02/2026;04/03/2026;04/03/2026;10:02:51;6.519;308.413,89;INVT;EST_INV_AME;MDCOSTA;;;;;;;;;6.519;M;CDFL - CD FLORES;;0;6.519;6.519;AMEN;;;;0,00;0,00;0;;0;0;;;B;;;;0;M;2026;;;S;WE;0,00;BRL;;;0;0;M;M;21.588,97;0,00;;
CDFL;4500147222;;;10;0;0;402318;CABO  MULT 3X120+1X70MM² XLPE 0,6/1 KV;101;EM Entrada mercador.;0180035074;1003949;5000253710;1;24/02/2026;04/03/2026;04/03/2026;10:11:08;5.760;272.505,60;INVT;EST_INV_AME;MDCOSTA;;;;;;;;;5.760;M;CDFL - CD FLORES;;0;5.760;5.760;AMEN;;;;0,00;0,00;0;;0;0;;;B;;;;0;M;2026;;;S;WE;0,00;BRL;;;0;0;M;M;19.075,39;0,00;;
CDFL;4500147222;;;10;0;0;402318;CABO  MULT 3X120+1X70MM² XLPE 0,6/1 KV;101;EM Entrada mercador.;0180034994;1003949;5000253322;2;23/02/2026;27/02/2026;27/02/2026;16:08:33;6.459;305.575,29;INVT;EST_INV_AME;MDCOSTA;;;;;;;;;6.459;M;CDFL - CD FLORES;;0;6.459;6.459;AMEN;;;;0,00;0,00;0;;0;0;;;B;;;;0;M;2026;;;S;WE;0,00;BRL;;;0;0;M;M;21.390,27;0,00;;
CDFL;4500147222;;;10;0;0;402318;CABO  MULT 3X120+1X70MM² XLPE 0,6/1 KV;101;EM Entrada mercador.;0180034994;1003949;5000253322;1;23/02/2026;27/02/2026;27/02/2026;16:08:33;6.140;290.483,40;INVT;EST_INV_AME;MDCOSTA;;;;;;;;;6.140;M;CDFL - CD FLORES;;0;6.140;6.140;AMEN;;;;0,00;0,00;0;;0;0;;;B;;;;0;M;2026;;;S;WE;0,00;BRL;;;0;0;M;M;20.333,84;0,00;;
CDFL;4500135830;;;10;0;0;402318;CABO  MULT 3X120+1X70MM² XLPE 0,6/1 KV;101;EM Entrada mercador.;0180034139;1003949;5000243582;1;10/12/2025;18/12/2025;18/12/2025;09:01:17;1.700;80.427,00;INVT;EST_INV_AME;MDCOSTA;;;;;;;;;1.700;M;CDFL - CD FLORES;;0;1.700;1.700;AMEN;;;;0,00;0,00;0;;0;0;;;B;;;;0;M;2025;;;S;WE;0,00;BRL;;;0;0;M;M;5.629,89;0,00;;
CDFL;4500135830;;;10;0;0;402318;CABO  MULT 3X120+1X70MM² XLPE 0,6/1 KV;101;EM Entrada mercador.;0180033980;1003949;5000239895;1;25/11/2025;05/12/2025;05/12/2025;14:45:07;3.300;156.123,00;INVT;EST_INV_AME;MDCOSTA;;;;;;;;;3.300;M;CDFL - CD FLORES;;0;3.300;3.300;AMEN;;;;0,00;0,00;0;;0;0;;;B;;;;0;M;2025;;;S;WE;0,00;BRL;;;0;0;M;M;10.928,61;0,00;;
CDFL;4500128803;;;10;0;0;402318;CABO  MULT 3X120+1X70MM² XLPE 0,6/1 KV;101;EM Entrada mercador.;0180033719;1003949;5000235851;1;04/11/2025;13/11/2025;13/11/2025;11:09:12;5.222;247.052,82;INVT;EST_INV_AME;MDCOSTA;;;;;;;;;5.222;M;CDFL - CD FLORES;;0;5.222;5.222;AMEN;;;;0,00;0,00;0;;0;0;;;B;;;;0;M;2025;;;S;WE;0,00;BRL;;;0;0;M;M;17.293,70;0,00;;
CDFL;4500128803;;;10;0;0;402318;CABO  MULT 3X120+1X70MM² XLPE 0,6/1 KV;101;EM Entrada mercador.;0180033584;1003949;5000234680;1;27/10/2025;04/11/2025;04/11/2025;16:22:36;2.778;131.427,18;INVT;EST_INV_AME;MDCOSTA;;;;;;;;;2.778;M;CDFL - CD FLORES;;0;2.778;2.778;AMEN;;;;0,00;0,00;0;;0;0;;;B;;;;0;M;2025;;;S;WE;0,00;BRL;;;0;0;M;M;9.199,90;0,00;;
CDFL;4500129810;;;20;0;0;402322;MED EL 3E 4F 120V 120A TB GD B;101;EM Entrada mercador.;0180034820;1003382;5000251545;1;16/02/2026;16/02/2026;16/02/2026;07:22:03;20;15.049,43;INVT;EST_INV_AME;MDCOSTA;;;;;;;;;20;UN;CDFL - CD FLORES;;0;20;20;AMEN;;;;0,00;0,00;0;;0;0;;;B;;;;0;UN;2026;;;S;WE;0,00;BRL;;;0;0;UN;UN;1.659,86;1.217,23;;
CDFL;4500148670;;;10;0;0;402331;BRACO C/GRAMPO SUSPE SECU 500DAN;101;EM Entrada mercador.;0180035250;1016114;5000256466;1;11/03/2026;18/03/2026;18/03/2026;08:26:01;303;16.346,85;INVT;EST_INV_AME;MDCOSTA;;;;;;;;;303;UN;CDFL - CD FLORES;;0;303;303;AMEN;;;;0,00;0,00;0;;0;0;;;B;;;;0;UN;2026;;;S;WE;0,00;BRL;;;0;0;UN;UN;0,00;0,00;;
CDFL;4500148087;;;20;0;0;402397;CABO ELET NU CA 1/0AWG 53,5 MM2 POPPY;101;EM Entrada mercador.;0180035432;1003949;5000257420;2;24/03/2026;30/03/2026;30/03/2026;11:49:50;2.149;62.321,00;INVT;EST_INV_AME;MDCOSTA;;;;;;;;;2.149;KG;CDFL - CD FLORES;;0;2.149;2.149;AMEN;;;;0,00;0,00;0;;0;0;;;B;;;;0;KG;2026;;;S;WE;0,00;BRL;;;0;0;KG;KG;4.362,47;0,00;;
CDFL;4500148087;;;20;0;0;402397;CABO ELET NU CA 1/0AWG 53,5 MM2 POPPY;101;EM Entrada mercador.;0180035147;1003949;5000254693;1;06/03/2026;10/03/2026;10/03/2026;09:55:22;5.114;148.306,00;INVT;EST_INV_AME;MDCOSTA;;;;;;;;;5.114;KG;CDFL - CD FLORES;;0;5.114;5.114;AMEN;;;;0,00;0,00;0;;0;0;;;B;;;;0;KG;2026;;;S;WE;0,00;BRL;;;0;0;KG;KG;10.381,42;0,00;;
CDFL;4500124896;;;50;0;0;402401;PINO ISOLADOR POLIMERICO AC 15KV 200MM;101;EM Entrada mercador.;0180033592;1021472;5000234715;1;07/10/2025;05/11/2025;05/11/2025;10:20:30;2.373;65.565,99;INVT;EST_INV_AME;MDCOSTA;;;;;;;;;2.373;UN;CDFL - CD FLORES;;0;2.373;2.373;AMEN;;;;0,00;0,00;0;;0;0;;;B;;;;0;UN;2025;;;S;WE;0,00;BRL;;;0;0;UN;UN;0,00;0,00;;
CDFL;4500124896;;;50;0;0;402401;PINO ISOLADOR POLIMERICO AC 15KV 200MM;101;EM Entrada mercador.;0180033216;1021472;5000230688;2;16/09/2025;10/10/2025;10/10/2025;14:20:45;327;9.035,01;INVT;EST_INV_AME;MDCOSTA;;;;;;;;;327;UN;CDFL - CD FLORES;;0;327;327;AMEN;;;;0,00;0,00;0;;0;0;;;B;;;;0;UN;2025;;;S;WE;0,00;BRL;;;0;0;UN;UN;0,00;0,00;;
CDFL;4500138328;;;20;0;0;402404;CONECTOR CUNHA LIGA AL AZ 120MM2 4/0AWG;101;EM Entrada mercador.;0180035098;1003799;5000254308;2;06/03/2026;06/03/2026;06/03/2026;14:06:27;298;4.167,79;INVT;EST_INV_AME;MDCOSTA;;;;;;;;;298;UN;CDFL - CD FLORES;;0;298;298;AMEN;;;;0,00;0,00;0;;0;0;;;B;;;;0;UN;2026;;;S;WE;0,00;BRL;;;0;0;UN;UN;253,45;547,09;;
CDFL;4500130665;;;10;0;0;402404;CONECTOR CUNHA LIGA AL AZ 120MM2 4/0AWG;101;EM Entrada mercador.;0180033955;1003799;5000239657;1;05/11/2025;04/12/2025;04/12/2025;10:23:49;159;2.223,75;INVT;EST_INV_AME;MDCOSTA;;;;;;;;;159;UN;CDFL - CD FLORES;;0;159;159;AMEN;;;;0,00;0,00;0;;0;0;;;B;;;;0;UN;2025;;;S;WE;0,00;BRL;;;0;0;UN;UN;135,23;291,90;;
CDFL;4500126069;;;20;0;0;402407;"TRAFO CRTE 0,6KV;200-5A 0,3C12,5 JANELA";101;EM Entrada mercador.;0180034026;1007548;5000240967;2;13/11/2025;11/12/2025;11/12/2025;08:41:01;17;9.784,35;INVT;EST_INV_AME;MDCOSTA;;;;;;;;;17;UN;CDFL - CD FLORES;;0;17;17;AMEN;;;;0,00;0,00;0;;0;0;;;B;;;;0;UN;2025;;;S;WE;0,00;BRL;;;0;0;UN;UN;595,00;1.284,35;;
CDFL;4500131413;;;20;0;0;402407;"TRAFO CRTE 0,6KV;200-5A 0,3C12,5 JANELA";101;EM Entrada mercador.;0180034028;1007548;5000240969;1;13/11/2025;11/12/2025;11/12/2025;08:49:34;45;25.899,75;INVT;EST_INV_AME;MDCOSTA;;;;;;;;;45;UN;CDFL - CD FLORES;;0;45;45;AMEN;;;;0,00;0,00;0;;0;0;;;B;;;;0;UN;2025;;;S;WE;0,00;BRL;;;0;0;UN;UN;1.575,00;3.399,75;;
CDFL;4500137951;;;10;0;0;402433;PARA-RAIO DISTRIB POL 12KV 10KA S/CENT;101;EM Entrada mercador.;0180034490;1003412;5000247353;1;12/12/2025;22/01/2026;22/01/2026;15:03:32;1.000;161.154,00;INVT;EST_INV_AME;MDCOSTA;;;;;;;;;1.000;UN;CDFL - CD FLORES;;0;1.000;1.000;AMEN;;;;0,00;0,00;0;;0;0;;;B;;;;0;UN;2026;;;S;WE;0,00;BRL;;;0;0;UN;UN;9.800,00;21.154,00;;
CDFL;4500128926;;;10;0;0;402433;PARA-RAIO DISTRIB POL 12KV 10KA S/CENT;101;EM Entrada mercador.;0180033505;1003412;5000234171;1;25/09/2025;28/10/2025;28/10/2025;15:40:25;1.000;161.154,00;INVT;EST_INV_AME;MDCOSTA;;;;;;;;;1.000;UN;CDFL - CD FLORES;;0;1.000;1.000;AMEN;;;;0,00;0,00;0;;0;0;;;B;;;;0;UN;2025;;;S;WE;0,00;BRL;;;0;0;UN;UN;9.800,00;21.154,00;;
CDFL;4500134196;;;20;0;0;402447;TRAFO AER 1F 7,96KV 10KVA 240/120V 7TP;101;EM Entrada mercador.;0180035438;1003291;5000257476;1;26/03/2026;31/03/2026;31/03/2026;09:54:06;1;5.491,95;INVT;EST_INV_AME;MDCOSTA;;;;;;;;;1;UN;CDFL - CD FLORES;;0;1;1;AMEN;;;;0,00;0,00;0;;0;0;;;B;;;;0;UN;2026;;;S;WE;0,00;BRL;;;0;0;UN;UN;384,44;0,00;;
CDFL;4500144983;;;110;0;0;402447;TRAFO AER 1F 7,96KV 10KVA 240/120V 7TP;101;EM Entrada mercador.;0180035412;1003291;5000257326;1;23/03/2026;26/03/2026;26/03/2026;14:20:12;15;82.379,25;INVT;EST_INV_AME;MDCOSTA;;;;;;;;;15;UN;CDFL - CD FLORES;;0;15;15;AMEN;;;;0,00;0,00;0;;0;0;;;B;;;;0;UN;2026;;;S;WE;0,00;BRL;;;0;0;UN;UN;5.766,55;0,00;;
CDFL;4500144983;;;20;0;0;402447;TRAFO AER 1F 7,96KV 10KVA 240/120V 7TP;101;EM Entrada mercador.;0180035306;1003291;5000256657;1;13/03/2026;19/03/2026;19/03/2026;10:34:40;12;65.903,40;INVT;EST_INV_AME;MDCOSTA;;;;;;;;;12;UN;CDFL - CD FLORES;;0;12;12;AMEN;;;;0,00;0,00;0;;0;0;;;B;;;;0;UN;2026;;;S;WE;0,00;BRL;;;0;0;UN;UN;4.613,24;0,00;;
CDFL;4500144983;;;20;0;0;402447;TRAFO AER 1F 7,96KV 10KVA 240/120V 7TP;101;EM Entrada mercador.;0180035284;1003291;5000256525;1;11/03/2026;18/03/2026;18/03/2026;10:23:49;2;10.983,90;INVT;EST_INV_AME;MDCOSTA;;;;;;;;;2;UN;CDFL - CD FLORES;;0;2;2;AMEN;;;;0,00;0,00;0;;0;0;;;B;;;;0;UN;2026;;;S;WE;0,00;BRL;;;0;0;UN;UN;768,87;0,00;;
CDFL;4500144983;;;20;0;0;402447;TRAFO AER 1F 7,96KV 10KVA 240/120V 7TP;101;EM Entrada mercador.;0180035260;1003291;5000256492;1;16/03/2026;18/03/2026;18/03/2026;09:07:57;1;5.491,95;INVT;EST_INV_AME;MDCOSTA;;;;;;;;;1;UN;CDFL - CD FLORES;;0;1;1;AMEN;;;;0,00;0,00;0;;0;0;;;B;;;;0;UN;2026;;;S;WE;0,00;BRL;;;0;0;UN;UN;384,40;0,00;;
CDFL;4500134196;;;20;0;0;402447;TRAFO AER 1F 7,96KV 10KVA 240/120V 7TP;101;EM Entrada mercador.;0180034220;1003291;5000243961;1;17/12/2025;22/12/2025;22/12/2025;15:06:23;1;5.491,95;INVT;EST_INV_AME;MDCOSTA;;;;;;;;;1;UN;CDFL - CD FLORES;;0;1;1;AMEN;;;;0,00;0,00;0;;0;0;;;B;;;;0;UN;2025;;;S;WE;0,00;BRL;;;0;0;UN;UN;384,44;0,00;;
CDFL;4500134196;;;20;0;0;402447;TRAFO AER 1F 7,96KV 10KVA 240/120V 7TP;101;EM Entrada mercador.;0180034071;1003291;5000241660;1;09/12/2025;15/12/2025;15/12/2025;08:16:39;1;5.491,95;INVT;EST_INV_AME;MDCOSTA;;;;;;;;;1;UN;CDFL - CD FLORES;;0;1;1;AMEN;;;;0,00;0,00;0;;0;0;;;B;;;;0;UN;2025;;;S;WE;0,00;BRL;;;0;0;UN;UN;384,44;0,00;;
CDFL;4500134196;;;20;0;0;402447;TRAFO AER 1F 7,96KV 10KVA 240/120V 7TP;101;EM Entrada mercador.;0180034078;1003291;5000241679;1;09/12/2025;15/12/2025;15/12/2025;08:47:02;22;120.822,90;INVT;EST_INV_AME;MDCOSTA;;;;;;;;;22;UN;CDFL - CD FLORES;;0;22;22;AMEN;;;;0,00;0,00;0;;0;0;;;B;;;;0;UN;2025;;;S;WE;0,00;BRL;;;0;0;UN;UN;8.457,60;0,00;;
CDFL;4500129073;;;10;0;0;402447;TRAFO AER 1F 7,96KV 10KVA 240/120V 7TP;101;EM Entrada mercador.;0180033947;1003291;5000239441;1;02/12/2025;03/12/2025;03/12/2025;10:45:07;4;21.967,80;INVT;EST_INV_AME;MDCOSTA;;;;;;;;;4;UN;CDFL - CD FLORES;;0;4;4;AMEN;;;;0,00;0,00;0;;0;0;;;B;;;;0;UN;2025;;;S;WE;0,00;BRL;;;0;0;UN;UN;1.537,75;0,00;;
CDFL;4500129073;;;10;0;0;402447;TRAFO AER 1F 7,96KV 10KVA 240/120V 7TP;101;EM Entrada mercador.;0180033944;1003291;5000239436;1;21/11/2025;03/12/2025;03/12/2025;10:33:50;15;82.379,25;INVT;EST_INV_AME;MDCOSTA;;;;;;;;;15;UN;CDFL - CD FLORES;;0;15;15;AMEN;;;;0,00;0,00;0;;0;0;;;B;;;;0;UN;2025;;;S;WE;0,00;BRL;;;0;0;UN;UN;5.766,55;0,00;;
CDFL;4500126952;;;30;0;0;402448;PARAFUSO OLH AC 5/8P 24P;101;EM Entrada mercador.;0180033211;1021472;5000230622;3;16/09/2025;10/10/2025;10/10/2025;10:05:06;40;1.195,60;INVT;EST_INV_AME;MDCOSTA;;;;;;;;;40;UN;CDFL - CD FLORES;;0;40;40;AMEN;;;;0,00;0,00;0;;0;0;;;B;;;;0;UN;2025;;;S;WE;0,00;BRL;;;0;0;UN;UN;0,00;0,00;;
CDFL;4500137967;;;30;0;0;402490;SUPORTE AFAST HORIZ C/PRENSA REDE 15KV;101;EM Entrada mercador.;0180035066;1007262;5000253642;3;04/03/2026;04/03/2026;04/03/2026;08:18:44;30;9.906,89;INVT;EST_INV_AME;MDCOSTA;;;;;;;;;30;UN;CDFL - CD FLORES;;0;30;30;AMEN;;;;0,00;0,00;0;;0;0;;;B;;;;0;UN;2026;;;S;WE;0,00;BRL;;;0;0;UN;UN;1.092,67;801,29;;
CDFL;4500131754;;;10;0;0;402533;POSTE CONC DUPL T 11/1000;101;EM Entrada mercador.;0180033723;1006698;5000235883;1;04/11/2025;13/11/2025;13/11/2025;14:37:11;20;47.689,21;INVT;EST_INV_AME;MDCOSTA;;;;;;;;;20;UN;CDFL - CD FLORES;;0;20;20;AMEN;;;;0,00;0,00;0;;0;0;;;B;;;;0;UN;2025;;;S;WE;0,00;BRL;;;0;0;UN;UN;3.338,24;0,00;;
CDFL;4500131754;;;10;0;0;402533;POSTE CONC DUPL T 11/1000;101;EM Entrada mercador.;0180033661;1006698;5000235343;1;10/11/2025;11/11/2025;11/11/2025;09:46:22;7;16.691,22;INVT;EST_INV_AME;MDCOSTA;;;;;;;;;7;UN;CDFL - CD FLORES;;0;7;7;AMEN;;;;0,00;0,00;0;;0;0;;;B;;;;0;UN;2025;;;S;WE;0,00;BRL;;;0;0;UN;UN;1.168,39;0,00;;
CDFL;4500145339;;;10;0;0;402587;FITA ISOL EPR 0,76X19MM 10M PT;101;EM Entrada mercador.;0180035107;1014880;5000254399;1;09/03/2026;09/03/2026;09/03/2026;08:42:39;1.521;45.521,40;INVT;EST_INV_AME;MDCOSTA;;;;;;;;;1.521;UN;CDFL - CD FLORES;;0;1.521;1.521;AMEN;;;;0,00;0,00;0;;0;0;;;B;;;;0;UN;2026;;;S;WE;0,00;BRL;;;0;0;UN;UN;2.768,22;5.975,40;;
CDFL;4500138006;;;20;0;0;402587;FITA ISOL EPR 0,76X19MM 10M PT;101;EM Entrada mercador.;0180034247;1014880;5000244042;2;11/12/2025;24/12/2025;24/12/2025;10:34:21;50;1.496,43;INVT;EST_INV_AME;MDCOSTA;;;;;;;;;50;UN;CDFL - CD FLORES;;0;50;50;AMEN;;;;0,00;0,00;0;;0;0;;;B;;;;0;UN;2025;;;S;WE;0,00;BRL;;;0;0;UN;UN;91,00;196,43;;
CDFL;4500138410;;;20;0;0;402592;MED EL 3E 4F 120V 120A GD B;101;EM Entrada mercador.;0180034680;1008595;5000249323;1;22/01/2026;05/02/2026;05/02/2026;15:18:48;2.759;336.598,00;INVT;EST_INV_AME;MDCOSTA;;;;;;;;;2.759;UN;CDFL - CD FLORES;;0;2.759;2.759;AMEN;;;;0,00;0,00;0;;0;0;;;B;;;;0;UN;2026;;;S;WE;0,00;BRL;;;0;0;UN;UN;67.319,60;0,00;;
CDFL;4500128599;;;10;0;0;402592;MED EL 3E 4F 120V 120A GD B;101;EM Entrada mercador.;0180033678;1008595;5000235525;1;16/10/2025;11/11/2025;11/11/2025;17:15:20;4.100;500.200,00;INVT;EST_INV_AME;MDCOSTA;;;;;;;;;4.100;UN;CDFL - CD FLORES;;0;4.100;4.100;AMEN;;;;0,00;0,00;0;;0;0;;;B;;;;0;UN;2025;;;S;WE;0,00;BRL;;;0;0;UN;UN;100.040,00;0,00;;
CDFL;4500126388;;;10;0;0;402592;MED EL 3E 4F 120V 120A GD B;101;EM Entrada mercador.;0180033306;1008595;5000231966;1;29/09/2025;16/10/2025;16/10/2025;15:40:11;1.097;133.834,00;INVT;EST_INV_AME;MDCOSTA;;;;;;;;;1.097;UN;CDFL - CD FLORES;;0;1.097;1.097;AMEN;;;;0,00;0,00;0;;0;0;;;B;;;;0;UN;2025;;;S;WE;0,00;BRL;;;0;0;UN;UN;26.766,80;0,00;;
CDFL;4500119381;;;10;0;0;402592;MED EL 3E 4F 120V 120A GD B;101;EM Entrada mercador.;0180033304;1008595;5000231959;1;29/09/2025;16/10/2025;16/10/2025;15:30:02;2.700;329.400,00;INVT;EST_INV_AME;MDCOSTA;;;;;;;;;2.700;UN;CDFL - CD FLORES;;0;2.700;2.700;AMEN;;;;0,00;0,00;0;;0;0;;;B;;;;0;UN;2025;;;S;WE;0,00;BRL;;;0;0;UN;UN;65.880,00;0,00;;
CDFL;4500119385;;;10;0;0;402617;REGULADOR TENSAO 1F 167 KVA 7,96KV 219A;101;EM Entrada mercador.;0180035095;1003334;5000254262;2;06/02/2026;06/03/2026;06/03/2026;10:36:45;2;208.636,88;INVT;EST_INV_AME;MDCOSTA;;;;;;;;;2;UN;CDFL - CD FLORES;;0;2;2;AMEN;;;;0,00;0,00;0;;0;0;;;B;;;;0;UN;2026;;;S;WE;0,00;BRL;;;0;0;UN;UN;12.687,50;27.386,88;;
CDFL;4500119385;;;10;0;0;402617;REGULADOR TENSAO 1F 167 KVA 7,96KV 219A;101;EM Entrada mercador.;0180035095;1003334;5000254262;1;06/02/2026;06/03/2026;06/03/2026;10:36:45;4;417.273,75;INVT;EST_INV_AME;MDCOSTA;;;;;;;;;4;UN;CDFL - CD FLORES;;0;4;4;AMEN;;;;0,00;0,00;0;;0;0;;;B;;;;0;UN;2026;;;S;WE;0,00;BRL;;;0;0;UN;UN;25.375,00;54.773,75;;
CDFL;4500117845;;;10;0;0;402627;RELIGADOR 1F AUTOMATICO 15KV 200A 4,2kA;101;EM Entrada mercador.;0180034106;1012574;5000242120;1;27/11/2025;16/12/2025;16/12/2025;09:20:32;10;240.579,90;INVT;EST_INV_AME;MDCOSTA;;;;;;;;;10;UN;CDFL - CD FLORES;;0;10;10;AMEN;;;;0,00;0,00;0;;0;0;;;B;;;;0;UN;2025;;;S;WE;0,00;BRL;;;0;0;UN;UN;14.630,00;31.579,90;;
CDFL;4500132863;;;10;0;0;402627;RELIGADOR 1F AUTOMATICO 15KV 200A 4,2kA;101;EM Entrada mercador.;0180034105;1012574;5000242118;1;27/11/2025;16/12/2025;16/12/2025;09:12:12;6;144.347,94;INVT;EST_INV_AME;MDCOSTA;;;;;;;;;6;UN;CDFL - CD FLORES;;0;6;6;AMEN;;;;0,00;0,00;0;;0;0;;;B;;;;0;UN;2025;;;S;WE;0,00;BRL;;;0;0;UN;UN;8.778,00;18.947,94;;
CDFL;4500145217;;;40;0;0;402650;POSTE CONCRETO DUPLO T 9 M 600 DAN;101;EM Entrada mercador.;0180035139;1006698;5000254632;1;10/03/2026;10/03/2026;10/03/2026;08:27:17;32;47.600,00;INVT;EST_INV_AME;MDCOSTA;;;;;;;;;32;UN;CDFL - CD FLORES;;0;32;32;AMEN;;;;0,00;0,00;0;;0;0;;;B;;;;0;UN;2026;;;S;WE;0,00;BRL;;;0;0;UN;UN;9.520,00;0,00;;
CDFL;4500145217;;;30;0;0;402650;POSTE CONCRETO DUPLO T 9 M 600 DAN;102;EM p/pedido estorno;0080055822;1006698;5000253160;2;24/02/2026;24/02/2026;24/02/2026;14:22:47;-12;-17.850,00;INVT;EST_INV_AME;MDCOSTA;;;;;;;;;-12;UN;CDFL - CD FLORES;;0;-12;-12;AMEN;;;;0,00;0,00;0;;0;0;;;B;;;;0;UN;2026;;;H;WE;0,00;BRL;;;0;0;UN;UN;0,00;0,00;;
CDFL;4500145217;;;30;0;0;402650;POSTE CONCRETO DUPLO T 9 M 600 DAN;101;EM Entrada mercador.;0180034948;1006698;5000253159;2;24/02/2026;24/02/2026;24/02/2026;14:13:18;12;17.850,00;INVT;EST_INV_AME;MDCOSTA;;;;;;;;;12;UN;CDFL - CD FLORES;;0;12;12;AMEN;;;;0,00;0,00;0;;0;0;;;B;;;;0;UN;2026;;;S;WE;0,00;BRL;;;0;0;UN;UN;9.520,00;0,00;;
CDFL;4500138262;;;50;0;0;402650;POSTE CONCRETO DUPLO T 9 M 600 DAN;101;EM Entrada mercador.;0180034906;1006698;5000252726;1;23/02/2026;23/02/2026;23/02/2026;08:30:34;10;14.875,00;INVT;EST_INV_AME;MDCOSTA;;;;;;;;;10;UN;CDFL - CD FLORES;;0;10;10;AMEN;;;;0,00;0,00;0;;0;0;;;B;;;;0;UN;2026;;;S;WE;0,00;BRL;;;0;0;UN;UN;2.975,00;0,00;;
CDFL;4500145204;;;10;0;0;402650;POSTE CONCRETO DUPLO T 9 M 600 DAN;101;EM Entrada mercador.;0180034867;1006698;5000252016;1;20/02/2026;20/02/2026;20/02/2026;08:34:57;12;17.850,00;INVT;EST_INV_AME;MDCOSTA;;;;;;;;;12;UN;CDFL - CD FLORES;;0;12;12;AMEN;;;;0,00;0,00;0;;0;0;;;B;;;;0;UN;2026;;;S;WE;0,00;BRL;;;0;0;UN;UN;3.570,00;0,00;;
CDFL;4500145217;;;30;0;0;402650;POSTE CONCRETO DUPLO T 9 M 600 DAN;101;EM Entrada mercador.;0180034892;1006698;5000252293;2;12/02/2026;20/02/2026;20/02/2026;15:24:44;12;17.850,00;INVT;EST_INV_AME;MDCOSTA;;;;;;;;;12;UN;CDFL - CD FLORES;;0;12;12;AMEN;;;;0,00;0,00;0;;0;0;;;B;;;;0;UN;2026;;;S;WE;0,00;BRL;;;0;0;UN;UN;1.249,50;0,00;;
CDFL;4500145217;;;30;0;0;402650;POSTE CONCRETO DUPLO T 9 M 600 DAN;101;EM Entrada mercador.;0180034819;1006698;5000251544;1;11/02/2026;16/02/2026;16/02/2026;07:08:13;20;29.750,00;INVT;EST_INV_AME;MDCOSTA;;;;;;;;;20;UN;CDFL - CD FLORES;;0;20;20;AMEN;;;;0,00;0,00;0;;0;0;;;B;;;;0;UN;2026;;;S;WE;0,00;BRL;;;0;0;UN;UN;2.082,50;0,00;;
CDFL;4500138262;;;50;0;0;402650;POSTE CONCRETO DUPLO T 9 M 600 DAN;101;EM Entrada mercador.;0180034679;1006698;5000249284;1;05/02/2026;05/02/2026;05/02/2026;14:49:26;32;47.600,00;INVT;EST_INV_AME;MDCOSTA;;;;;;;;;32;UN;CDFL - CD FLORES;;0;32;32;AMEN;;;;0,00;0,00;0;;0;0;;;B;;;;0;UN;2026;;;S;WE;0,00;BRL;;;0;0;UN;UN;9.520,00;0,00;;
CDFL;4500138262;;;50;0;0;402650;POSTE CONCRETO DUPLO T 9 M 600 DAN;101;EM Entrada mercador.;0180034688;1006698;5000249371;1;05/02/2026;05/02/2026;05/02/2026;17:27:19;23;34.212,50;INVT;EST_INV_AME;MDCOSTA;;;;;;;;;23;UN;CDFL - CD FLORES;;0;23;23;AMEN;;;;0,00;0,00;0;;0;0;;;B;;;;0;UN;2026;;;S;WE;0,00;BRL;;;0;0;UN;UN;6.842,50;0,00;;
CDFL;4500138262;;;50;0;0;402650;POSTE CONCRETO DUPLO T 9 M 600 DAN;101;EM Entrada mercador.;0180034595;1006698;5000248132;1;29/01/2026;29/01/2026;29/01/2026;14:20:39;32;47.600,00;INVT;EST_INV_AME;MDCOSTA;;;;;;;;;32;UN;CDFL - CD FLORES;;0;32;32;AMEN;;;;0,00;0,00;0;;0;0;;;B;;;;0;UN;2026;;;S;WE;0,00;BRL;;;0;0;UN;UN;9.520,00;0,00;;
CDFL;4500138262;;;50;0;0;402650;POSTE CONCRETO DUPLO T 9 M 600 DAN;101;EM Entrada mercador.;0180034496;1006698;5000247466;1;23/01/2026;23/01/2026;23/01/2026;08:02:35;1;1.487,50;INVT;EST_INV_AME;MDCOSTA;;;;;;;;;1;UN;CDFL - CD FLORES;;0;1;1;AMEN;;;;0,00;0,00;0;;0;0;;;B;;;;0;UN;2026;;;S;WE;0,00;BRL;;;0;0;UN;UN;297,50;0,00;;
CDFL;4500138262;;;50;0;0;402650;POSTE CONCRETO DUPLO T 9 M 600 DAN;101;EM Entrada mercador.;0180034342;1006698;5000244369;2;22/12/2025;31/12/2025;31/12/2025;08:33:12;26;38.675,00;INVT;EST_INV_AME;MDCOSTA;;;;;;;;;26;UN;CDFL - CD FLORES;;0;26;26;AMEN;;;;0,00;0,00;0;;0;0;;;B;;;;0;UN;2025;;;S;WE;0,00;BRL;;;0;0;UN;UN;2.707,25;0,00;;
CDFL;4500138262;;;50;0;0;402650;POSTE CONCRETO DUPLO T 9 M 600 DAN;101;EM Entrada mercador.;0180034255;1006698;5000244066;1;18/12/2025;29/12/2025;29/12/2025;08:07:49;32;47.600,00;INVT;EST_INV_AME;MDCOSTA;;;;;;;;;32;UN;CDFL - CD FLORES;;0;32;32;AMEN;;;;0,00;0,00;0;;0;0;;;B;;;;0;UN;2025;;;S;WE;0,00;BRL;;;0;0;UN;UN;3.332,00;0,00;;
CDFL;4500133065;;;20;0;0;402650;POSTE CONCRETO DUPLO T 9 M 600 DAN;101;EM Entrada mercador.;0180033728;1006698;5000235990;1;31/10/2025;14/11/2025;14/11/2025;08:53:54;32;47.600,00;INVT;EST_INV_AME;MDCOSTA;;;;;;;;;32;UN;CDFL - CD FLORES;;0;32;32;AMEN;;;;0,00;0,00;0;;0;0;;;B;;;;0;UN;2025;;;S;WE;0,00;BRL;;;0;0;UN;UN;3.332,00;0,00;;
CDFL;4500133065;;;20;0;0;402650;POSTE CONCRETO DUPLO T 9 M 600 DAN;101;EM Entrada mercador.;0180033660;1006698;5000235341;1;10/11/2025;11/11/2025;11/11/2025;09:43:37;18;26.775,00;INVT;EST_INV_AME;MDCOSTA;;;;;;;;;18;UN;CDFL - CD FLORES;;0;18;18;AMEN;;;;0,00;0,00;0;;0;0;;;B;;;;0;UN;2025;;;S;WE;0,00;BRL;;;0;0;UN;UN;1.874,25;0,00;;
CDFL;4500138201;;;30;0;0;402660;ELO FUSIVEL DISTRIB H 2A 500MM;101;EM Entrada mercador.;0180034643;1024046;5000248527;3;20/01/2026;02/02/2026;02/02/2026;11:00:03;330;1.948,70;INVT;EST_INV_AME;MDCOSTA;;;;;;;;;330;UN;CDFL - CD FLORES;;0;330;330;AMEN;;;;0,00;0,00;0;;0;0;;;B;;;;0;UN;2026;;;S;WE;0,00;BRL;;;0;0;UN;UN;118,50;255,80;;
CDFL;4500138201;;;10;0;0;402741;ELO FUSIVEL BOTAO K 6A 500MM;101;EM Entrada mercador.;0180034643;1024046;5000248527;1;20/01/2026;02/02/2026;02/02/2026;11:00:03;530;3.160,23;INVT;EST_INV_AME;MDCOSTA;;;;;;;;;530;UN;CDFL - CD FLORES;;0;530;530;AMEN;;;;0,00;0,00;0;;0;0;;;B;;;;0;UN;2026;;;S;WE;0,00;BRL;;;0;0;UN;UN;192,18;414,83;;
CDFL;4500126386;;;10;0;0;402824;MED EL 1E 2F 120V 100A GD B;101;EM Entrada mercador.;0180033301;1009535;5000231950;1;23/09/2025;16/10/2025;16/10/2025;15:10:06;4.114;246.840,00;INVT;EST_INV_AME;MDCOSTA;;;;;;;;;4.114;UN;CDFL - CD FLORES;;0;4.114;4.114;AMEN;;;;0,00;0,00;0;;0;0;;;B;;;;0;UN;2025;;;S;WE;0,00;BRL;;;0;0;UN;UN;17.278,80;0,00;;
CDFL;4500145217;;;20;0;0;402847;POSTE CONC DUPL T 9 M 300 DAN;101;EM Entrada mercador.;0180035397;1006698;5000257307;1;24/03/2026;26/03/2026;26/03/2026;09:30:00;32;35.224,00;INVT;EST_INV_AME;MDCOSTA;;;;;;;;;32;UN;CDFL - CD FLORES;;0;32;32;AMEN;;;;0,00;0,00;0;;0;0;;;B;;;;0;UN;2026;;;S;WE;0,00;BRL;;;0;0;UN;UN;2.465,68;0,00;;
CDFL;4500145217;;;20;0;0;402847;POSTE CONC DUPL T 9 M 300 DAN;101;EM Entrada mercador.;0180035330;1006698;5000256959;1;20/03/2026;20/03/2026;20/03/2026;15:40:18;32;35.224,00;INVT;EST_INV_AME;MDCOSTA;;;;;;;;;32;UN;CDFL - CD FLORES;;0;32;32;AMEN;;;;0,00;0,00;0;;0;0;;;B;;;;0;UN;2026;;;S;WE;0,00;BRL;;;0;0;UN;UN;7.044,80;0,00;;
CDFL;4500145217;;;10;0;0;402847;POSTE CONC DUPL T 9 M 300 DAN;101;EM Entrada mercador.;0180035315;1006698;5000256892;1;20/03/2026;20/03/2026;20/03/2026;10:20:03;32;35.224,00;INVT;EST_INV_AME;MDCOSTA;;;;;;;;;32;UN;CDFL - CD FLORES;;0;32;32;AMEN;;;;0,00;0,00;0;;0;0;;;B;;;;0;UN;2026;;;S;WE;0,00;BRL;;;0;0;UN;UN;7.044,80;0,00;;
CDFL;4500145217;;;10;0;0;402847;POSTE CONC DUPL T 9 M 300 DAN;102;EM p/pedido estorno;0080055822;1006698;5000253160;1;24/02/2026;24/02/2026;24/02/2026;14:22:47;-20;-22.015,00;INVT;EST_INV_AME;MDCOSTA;;;;;;;;;-20;UN;CDFL - CD FLORES;;0;-20;-20;AMEN;;;;0,00;0,00;0;;0;0;;;B;;;;0;UN;2026;;;H;WE;0,00;BRL;;;0;0;UN;UN;0,00;0,00;;
CDFL;4500145217;;;10;0;0;402847;POSTE CONC DUPL T 9 M 300 DAN;101;EM Entrada mercador.;0180034948;1006698;5000253159;1;24/02/2026;24/02/2026;24/02/2026;14:13:18;20;22.015,00;INVT;EST_INV_AME;MDCOSTA;;;;;;;;;20;UN;CDFL - CD FLORES;;0;20;20;AMEN;;;;0,00;0,00;0;;0;0;;;B;;;;0;UN;2026;;;S;WE;0,00;BRL;;;0;0;UN;UN;7.044,80;0,00;;
CDFL;4500145217;;;10;0;0;402847;POSTE CONC DUPL T 9 M 300 DAN;101;EM Entrada mercador.;0180034892;1006698;5000252293;1;12/02/2026;20/02/2026;20/02/2026;15:24:44;20;22.015,00;INVT;EST_INV_AME;MDCOSTA;;;;;;;;;20;UN;CDFL - CD FLORES;;0;20;20;AMEN;;;;0,00;0,00;0;;0;0;;;B;;;;0;UN;2026;;;S;WE;0,00;BRL;;;0;0;UN;UN;1.541,05;0,00;;
CDFL;4500145217;;;10;0;0;402847;POSTE CONC DUPL T 9 M 300 DAN;101;EM Entrada mercador.;0180034818;1006698;5000251543;1;11/02/2026;15/02/2026;15/02/2026;07:23:50;32;35.224,00;INVT;EST_INV_AME;MDCOSTA;;;;;;;;;32;UN;CDFL - CD FLORES;;0;32;32;AMEN;;;;0,00;0,00;0;;0;0;;;B;;;;0;UN;2026;;;S;WE;0,00;BRL;;;0;0;UN;UN;2.465,68;0,00;;
CDFL;4500138262;;;60;0;0;402847;POSTE CONC DUPL T 9 M 300 DAN;101;EM Entrada mercador.;0180034678;1006698;5000249265;1;05/02/2026;05/02/2026;05/02/2026;14:40:03;32;35.224,00;INVT;EST_INV_AME;MDCOSTA;;;;;;;;;32;UN;CDFL - CD FLORES;;0;32;32;AMEN;;;;0,00;0,00;0;;0;0;;;B;;;;0;UN;2026;;;S;WE;0,00;BRL;;;0;0;UN;UN;7.044,80;0,00;;
CDFL;4500138262;;;60;0;0;402847;POSTE CONC DUPL T 9 M 300 DAN;101;EM Entrada mercador.;0180034688;1006698;5000249371;2;05/02/2026;05/02/2026;05/02/2026;17:27:19;7;7.705,25;INVT;EST_INV_AME;MDCOSTA;;;;;;;;;7;UN;CDFL - CD FLORES;;0;7;7;AMEN;;;;0,00;0,00;0;;0;0;;;B;;;;0;UN;2026;;;S;WE;0,00;BRL;;;0;0;UN;UN;1.541,05;0,00;;
CDFL;4500138262;;;60;0;0;402847;POSTE CONC DUPL T 9 M 300 DAN;101;EM Entrada mercador.;0180034621;1006698;5000248341;1;30/01/2026;30/01/2026;30/01/2026;15:15:47;32;35.224,00;INVT;EST_INV_AME;MDCOSTA;;;;;;;;;32;UN;CDFL - CD FLORES;;0;32;32;AMEN;;;;0,00;0,00;0;;0;0;;;B;;;;0;UN;2026;;;S;WE;0,00;BRL;;;0;0;UN;UN;7.044,80;0,00;;
CDFL;4500138262;;;60;0;0;402847;POSTE CONC DUPL T 9 M 300 DAN;102;EM p/pedido estorno;0080054802;1006698;5000248115;1;29/01/2026;29/01/2026;29/01/2026;10:21:47;-10;-11.007,50;INVT;EST_INV_AME;MDCOSTA;;;;;;;;;-10;UN;CDFL - CD FLORES;;0;-10;-10;AMEN;;;;0,00;0,00;0;;0;0;;;B;;;;0;UN;2026;;;H;WE;0,00;BRL;;;0;0;UN;UN;0,00;0,00;;
CDFL;4500138262;;;60;0;0;402847;POSTE CONC DUPL T 9 M 300 DAN;101;EM Entrada mercador.;0180034581;1006698;5000248091;1;29/01/2026;29/01/2026;29/01/2026;08:20:10;10;11.007,50;INVT;EST_INV_AME;MDCOSTA;;;;;;;;;10;UN;CDFL - CD FLORES;;0;10;10;AMEN;;;;0,00;0,00;0;;0;0;;;B;;;;0;UN;2026;;;S;WE;0,00;BRL;;;0;0;UN;UN;7.044,80;0,00;;
CDFL;4500138262;;;60;0;0;402847;POSTE CONC DUPL T 9 M 300 DAN;101;EM Entrada mercador.;0180034496;1006698;5000247466;2;23/01/2026;23/01/2026;23/01/2026;08:02:35;31;34.123,25;INVT;EST_INV_AME;MDCOSTA;;;;;;;;;31;UN;CDFL - CD FLORES;;0;31;31;AMEN;;;;0,00;0,00;0;;0;0;;;B;;;;0;UN;2026;;;S;WE;0,00;BRL;;;0;0;UN;UN;6.824,65;0,00;;
CDFL;4500138262;;;60;0;0;402847;POSTE CONC DUPL T 9 M 300 DAN;101;EM Entrada mercador.;0180034457;1006698;5000246712;1;21/01/2026;21/01/2026;21/01/2026;10:31:35;32;35.224,00;INVT;EST_INV_AME;MDCOSTA;;;;;;;;;32;UN;CDFL - CD FLORES;;0;32;32;AMEN;;;;0,00;0,00;0;;0;0;;;B;;;;0;UN;2026;;;S;WE;0,00;BRL;;;0;0;UN;UN;7.044,80;0,00;;
CDFL;4500138262;;;60;0;0;402847;POSTE CONC DUPL T 9 M 300 DAN;101;EM Entrada mercador.;0180034342;1006698;5000244369;1;22/12/2025;31/12/2025;31/12/2025;08:33:12;6;6.604,50;INVT;EST_INV_AME;MDCOSTA;;;;;;;;;6;UN;CDFL - CD FLORES;;0;6;6;AMEN;;;;0,00;0,00;0;;0;0;;;B;;;;0;UN;2025;;;S;WE;0,00;BRL;;;0;0;UN;UN;462,31;0,00;;
CDFL;4500138262;;;60;0;0;402847;POSTE CONC DUPL T 9 M 300 DAN;101;EM Entrada mercador.;0180034254;1006698;5000244065;1;18/12/2025;29/12/2025;29/12/2025;08:04:37;32;35.224,00;INVT;EST_INV_AME;MDCOSTA;;;;;;;;;32;UN;CDFL - CD FLORES;;0;32;32;AMEN;;;;0,00;0,00;0;;0;0;;;B;;;;0;UN;2025;;;S;WE;0,00;BRL;;;0;0;UN;UN;2.465,68;0,00;;
CDFL;4500137967;;;50;0;0;402875;SUPORTE TIPO T PARA CHAVE/PARA-RAIO;101;EM Entrada mercador.;0180035066;1007262;5000253642;5;04/03/2026;04/03/2026;04/03/2026;08:18:44;30;2.831,52;INVT;EST_INV_AME;MDCOSTA;;;;;;;;;30;UN;CDFL - CD FLORES;;0;30;30;AMEN;;;;0,00;0,00;0;;0;0;;;B;;;;0;UN;2026;;;S;WE;0,00;BRL;;;0;0;UN;UN;312,30;229,02;;
CDFL;4500132618;;;20;0;0;403077;MED EL 3E 4F 120 240V 120A TB GD C;101;EM Entrada mercador.;0180034702;1003382;5000249465;1;23/12/2025;06/02/2026;06/02/2026;11:12:05;280;152.929,28;INVT;EST_INV_AME;MDCOSTA;;;;;;;;;280;UN;CDFL - CD FLORES;;0;280;280;AMEN;;;;0,00;0,00;0;;0;0;;;B;;;;0;UN;2026;;;S;WE;0,00;BRL;;;0;0;UN;UN;16.867,20;12.369,28;;
CDFL;4500127956;;;10;0;0;403077;MED EL 3E 4F 120 240V 120A TB GD C;101;EM Entrada mercador.;0180034461;1003382;5000246803;1;04/11/2025;21/01/2026;21/01/2026;14:26:05;237;129.443,71;INVT;EST_INV_AME;MDCOSTA;;;;;;;;;237;UN;CDFL - CD FLORES;;0;237;237;AMEN;;;;0,00;0,00;0;;0;0;;;B;;;;0;UN;2026;;;S;WE;0,00;BRL;;;0;0;UN;UN;14.276,88;10.469,71;;
CDFL;4500106547;;;10;0;0;403103;BUCHA CONDENSIVA POLIMERICA 138KV 1250A;101;EM Entrada mercador.;0180034325;1004735;5000244339;1;05/12/2025;30/12/2025;30/12/2025;16:37:00;6;1.466.288,74;INVT;EST_INV_AME;MDCOSTA;;;;;;;;;6;UN;CDFL - CD FLORES;;0;6;6;AMEN;;;;0,00;0,00;0;;0;0;;;B;;;;0;UN;2025;;;S;WE;0,00;BRL;;;0;0;UN;UN;49.204,32;236.180,74;;
CDFL;4500135718;;;20;0;0;403120;FITA ISOL ELET 19MMX20M 0,19MM BR;101;EM Entrada mercador.;0180034699;1003818;5000249609;1;03/02/2026;09/02/2026;09/02/2026;10:58:39;2;106,88;INVT;EST_INV_AME;MDCOSTA;;;;;;;;;2;UN;CDFL - CD FLORES;;0;2;2;AMEN;;;;0,00;0,00;0;;0;0;;;B;;;;0;UN;2026;;;S;WE;0,00;BRL;;;0;0;UN;UN;0,00;0,00;;
CDFL;4500133218;;;20;0;0;403120;FITA ISOL ELET 19MMX20M 0,19MM BR;101;EM Entrada mercador.;0180034691;1003818;5000249374;2;28/01/2026;05/02/2026;05/02/2026;17:41:49;59;3.152,96;INVT;EST_INV_AME;MDCOSTA;;;;;;;;;59;UN;CDFL - CD FLORES;;0;59;59;AMEN;;;;0,00;0,00;0;;0;0;;;B;;;;0;UN;2026;;;S;WE;0,00;BRL;;;0;0;UN;UN;0,00;0,00;;
CDFL;4500135718;;;20;0;0;403120;FITA ISOL ELET 19MMX20M 0,19MM BR;101;EM Entrada mercador.;0180034692;1003818;5000249375;2;28/01/2026;05/02/2026;05/02/2026;17:44:19;48;2.565,12;INVT;EST_INV_AME;MDCOSTA;;;;;;;;;48;UN;CDFL - CD FLORES;;0;48;48;AMEN;;;;0,00;0,00;0;;0;0;;;B;;;;0;UN;2026;;;S;WE;0,00;BRL;;;0;0;UN;UN;0,00;0,00;;
CDFL;4500135717;;;10;0;0;403121;FITA ISOLANTE ELET PVC 19X0,19MM 20M PT;101;EM Entrada mercador.;0180034122;1014880;5000243173;1;06/11/2025;17/12/2025;17/12/2025;07:37:59;200;4.979,66;INVT;EST_INV_AME;MDCOSTA;;;;;;;;;200;UN;CDFL - CD FLORES;;0;200;200;AMEN;;;;0,00;0,00;0;;0;0;;;B;;;;0;UN;2025;;;S;WE;0,00;BRL;;;0;0;UN;UN;302,82;653,66;;
CDFL;4500133221;;;10;0;0;403121;FITA ISOLANTE ELET PVC 19X0,19MM 20M PT;101;EM Entrada mercador.;0180033682;1014880;5000235529;1;21/10/2025;11/11/2025;11/11/2025;17:30:36;100;2.489,83;INVT;EST_INV_AME;MDCOSTA;;;;;;;;;100;UN;CDFL - CD FLORES;;0;100;100;AMEN;;;;0,00;0,00;0;;0;0;;;B;;;;0;UN;2025;;;S;WE;0,00;BRL;;;0;0;UN;UN;151,41;326,83;;
CDFL;4500132842;;;10;0;0;403121;FITA ISOLANTE ELET PVC 19X0,19MM 20M PT;101;EM Entrada mercador.;0180033308;1014880;5000231995;1;03/10/2025;16/10/2025;16/10/2025;16:21:40;200;4.979,66;INVT;EST_INV_AME;MDCOSTA;;;;;;;;;200;UN;CDFL - CD FLORES;;0;200;200;AMEN;;;;0,00;0,00;0;;0;0;;;B;;;;0;UN;2025;;;S;WE;0,00;BRL;;;0;0;UN;UN;302,82;653,66;;
CDFL;4500144461;;;10;0;0;403161;PONTALETE FBV 100MM 6M;101;EM Entrada mercador.;0180035116;1007001;5000254417;1;12/02/2026;09/03/2026;09/03/2026;09:49:33;780;266.457,32;INVT;EST_INV_AME;MDCOSTA;;;;;;;;;780;UN;CDFL - CD FLORES;;0;780;780;AMEN;;;;0,00;0,00;0;;0;0;;;B;;;;0;UN;2026;;;S;WE;0,00;BRL;;;0;0;UN;UN;16.203,64;34.976,72;;
CDFL;4500138894;;;10;0;0;403161;PONTALETE FBV 100MM 6M;101;EM Entrada mercador.;0180034535;1007001;5000247787;1;17/12/2025;27/01/2026;27/01/2026;07:55:51;480;163.973,73;INVT;EST_INV_AME;MDCOSTA;;;;;;;;;480;UN;CDFL - CD FLORES;;0;480;480;AMEN;;;;0,00;0,00;0;;0;0;;;B;;;;0;UN;2026;;;S;WE;0,00;BRL;;;0;0;UN;UN;9.971,47;21.524,13;;
CDFL;4500138306;;;30;0;0;403182;CONECTOR CHAVE SEC 1P FACA CU 10-300MM2;101;EM Entrada mercador.;0180035324;1003799;5000256938;1;20/03/2026;20/03/2026;20/03/2026;14:43:21;468;100.341,02;INVT;EST_INV_AME;MDCOSTA;;;;;;;;;468;UN;CDFL - CD FLORES;;0;468;468;AMEN;;;;0,00;0,00;0;;0;0;;;B;;;;0;UN;2026;;;S;WE;0,00;BRL;;;0;0;UN;UN;6.101,88;13.171,34;;
CDFL;4500135718;;;10;0;0;403275;FITA ISOL ELET 19MMX20M 0,19MM AZ;101;EM Entrada mercador.;0180034692;1003818;5000249375;1;28/01/2026;05/02/2026;05/02/2026;17:44:19;50;2.672,00;INVT;EST_INV_AME;MDCOSTA;;;;;;;;;50;UN;CDFL - CD FLORES;;0;50;50;AMEN;;;;0,00;0,00;0;;0;0;;;B;;;;0;UN;2026;;;S;WE;0,00;BRL;;;0;0;UN;UN;0,00;0,00;;
CDFL;4500133218;;;10;0;0;403275;FITA ISOL ELET 19MMX20M 0,19MM AZ;101;EM Entrada mercador.;0180034691;1003818;5000249374;1;28/01/2026;05/02/2026;05/02/2026;17:41:49;59;3.152,96;INVT;EST_INV_AME;MDCOSTA;;;;;;;;;59;UN;CDFL - CD FLORES;;0;59;59;AMEN;;;;0,00;0,00;0;;0;0;;;B;;;;0;UN;2026;;;S;WE;0,00;BRL;;;0;0;UN;UN;0,00;0,00;;
CDFL;4500132264;;;10;0;0;403327;DISJUNTOR 2P 127/220V 400VCA 32A;101;EM Entrada mercador.;0180033235;1003624;5000230806;1;03/10/2025;13/10/2025;13/10/2025;10:13:11;950;15.390,00;INVT;EST_INV_AME;MDCOSTA;;;;;;;;;950;UN;CDFL - CD FLORES;;0;950;950;AMEN;;;;0,00;0,00;0;;0;0;;;B;;;;0;UN;2025;;;S;WE;0,00;BRL;;;0;0;UN;UN;0,00;0,00;;
CDFL;4500132618;;;30;0;0;403337;MED EL 3E 4F 120V 200A TB GD B;101;EM Entrada mercador.;0180034900;1003382;5000252679;1;23/02/2026;23/02/2026;23/02/2026;08:06:12;743;768.611,51;INVT;EST_INV_AME;MDCOSTA;;;;;;;;;743;UN;CDFL - CD FLORES;;0;743;743;AMEN;;;;0,00;0,00;0;;0;0;;;B;;;;0;UN;2026;;;S;WE;0,00;BRL;;;0;0;UN;UN;84.773,33;62.167,11;;
CDFL;4500127956;;;20;0;0;403337;MED EL 3E 4F 120V 200A TB GD B;101;EM Entrada mercador.;0180034460;1003382;5000246802;1;22/11/2025;21/01/2026;21/01/2026;14:22:52;711;735.508,45;INVT;EST_INV_AME;MDCOSTA;;;;;;;;;711;UN;CDFL - CD FLORES;;0;711;711;AMEN;;;;0,00;0,00;0;;0;0;;;B;;;;0;UN;2026;;;S;WE;0,00;BRL;;;0;0;UN;UN;81.122,26;59.489,65;;
CDFL;4500123188;;;20;0;0;403337;MED EL 3E 4F 120V 200A TB GD B;101;EM Entrada mercador.;0180033346;1003382;5000232284;1;29/09/2025;20/10/2025;20/10/2025;08:13:55;860;889.644,54;INVT;EST_INV_AME;MDCOSTA;;;;;;;;;860;UN;CDFL - CD FLORES;;0;860;860;AMEN;;;;0,00;0,00;0;;0;0;;;B;;;;0;UN;2025;;;S;WE;0,00;BRL;;;0;0;UN;UN;98.122,56;71.956,54;;
CDFL;4500132264;;;20;0;0;403371;DISJUNTOR 3P 127/220V 400VCA 40A;101;EM Entrada mercador.;0180033235;1003624;5000230806;2;03/10/2025;13/10/2025;13/10/2025;10:13:11;114;2.790,72;INVT;EST_INV_AME;MDCOSTA;;;;;;;;;114;UN;CDFL - CD FLORES;;0;114;114;AMEN;;;;0,00;0,00;0;;0;0;;;B;;;;0;UN;2025;;;S;WE;0,00;BRL;;;0;0;UN;UN;0,00;0,00;;
CDFL;4500135718;;;30;0;0;403377;FITA ISOL ELET 19MMX20M 0,19MM VD;101;EM Entrada mercador.;0180034692;1003818;5000249375;3;28/01/2026;05/02/2026;05/02/2026;17:44:19;60;3.206,40;INVT;EST_INV_AME;MDCOSTA;;;;;;;;;60;UN;CDFL - CD FLORES;;0;60;60;AMEN;;;;0,00;0,00;0;;0;0;;;B;;;;0;UN;2026;;;S;WE;0,00;BRL;;;0;0;UN;UN;0,00;0,00;;
CDFL;4500132907;;;10;0;0;403390;PRENSA CABO PVC 1P;101;EM Entrada mercador.;0180034667;1012258;5000248893;1;12/01/2026;04/02/2026;04/02/2026;15:26:48;13.200;114.262,79;INVT;EST_INV_AME;MDCOSTA;;;;;;;;;13.200;UN;CDFL - CD FLORES;;0;13.200;13.200;AMEN;;;;0,00;0,00;0;;0;0;;;B;;;;0;UN;2026;;;S;WE;0,00;BRL;;;0;0;UN;UN;6.948,48;14.998,79;;
CDFL;4500133218;;;30;0;0;403407;FITA ISOL ELET 19MMX20M 0,19MM VM;101;EM Entrada mercador.;0180034691;1003818;5000249374;3;28/01/2026;05/02/2026;05/02/2026;17:41:49;39;2.084,16;INVT;EST_INV_AME;MDCOSTA;;;;;;;;;39;UN;CDFL - CD FLORES;;0;39;39;AMEN;;;;0,00;0,00;0;;0;0;;;B;;;;0;UN;2026;;;S;WE;0,00;BRL;;;0;0;UN;UN;0,00;0,00;;
CDFL;4500135718;;;40;0;0;403407;FITA ISOL ELET 19MMX20M 0,19MM VM;101;EM Entrada mercador.;0180034692;1003818;5000249375;4;28/01/2026;05/02/2026;05/02/2026;17:44:19;60;3.206,40;INVT;EST_INV_AME;MDCOSTA;;;;;;;;;60;UN;CDFL - CD FLORES;;0;60;60;AMEN;;;;0,00;0,00;0;;0;0;;;B;;;;0;UN;2026;;;S;WE;0,00;BRL;;;0;0;UN;UN;0,00;0,00;;
CDFL;4500125477;;;10;0;0;403409;RELIGADOR 3F AUTOMATICO 15KV 630A 12,5kA;101;EM Entrada mercador.;0180033968;1009114;5000239787;1;24/10/2025;05/12/2025;05/12/2025;08:56:26;2;132.087,88;INVT;EST_INV_AME;MDCOSTA;;;;;;;;;2;UN;CDFL - CD FLORES;;0;2;2;AMEN;;;;0,00;0,00;0;;0;0;;;B;;;;0;UN;2025;;;S;WE;0,00;BRL;;;0;0;UN;UN;4.432,48;21.275,90;;
CDFL;4500147685;;;20;0;0;403499;ABRACADEIRA PLAS 300 X 4,80MM;101;EM Entrada mercador.;0180035119;1012974;5000254428;2;09/03/2026;09/03/2026;09/03/2026;10:15:32;55.500;10.221,77;INVT;EST_INV_AME;MDCOSTA;;;;;;;;;55.500;UN;CDFL - CD FLORES;;0;55.500;55.500;AMEN;;;;0,00;0,00;0;;0;0;;;B;;;;0;UN;2026;;;S;WE;0,00;BRL;;;0;0;UN;UN;621,60;1.341,77;;
CDFL;4500140317;;;10;0;0;403499;ABRACADEIRA PLAS 300 X 4,80MM;101;EM Entrada mercador.;0180034507;1012974;5000247503;1;16/12/2025;23/01/2026;23/01/2026;11:35:22;39.000;7.182,86;INVT;EST_INV_AME;MDCOSTA;;;;;;;;;39.000;UN;CDFL - CD FLORES;;0;39.000;39.000;AMEN;;;;0,00;0,00;0;;0;0;;;B;;;;0;UN;2026;;;S;WE;0,00;BRL;;;0;0;UN;UN;436,80;942,86;;
CDFL;4500135716;;;20;0;0;403499;ABRACADEIRA PLAS 300 X 4,80MM;101;EM Entrada mercador.;0180034508;1012974;5000247521;2;16/12/2025;23/01/2026;23/01/2026;11:50:21;80;14,73;INVT;EST_INV_AME;MDCOSTA;;;;;;;;;80;UN;CDFL - CD FLORES;;0;80;80;AMEN;;;;0,00;0,00;0;;0;0;;;B;;;;0;UN;2026;;;S;WE;0,00;BRL;;;0;0;UN;UN;0,90;1,93;;
CDFL;4500126296;;;10;0;0;403513;ENVELOPE DE PLAST COM FECHO DE SEG;101;EM Entrada mercador.;0180033136;1009099;5000230002;1;12/09/2025;07/10/2025;07/10/2025;09:16:00;10.000;50.072,85;INVT;EST_INV_AME;MDCOSTA;;;;;;;;;10.000;UN;CDFL - CD FLORES;;0;10.000;10.000;AMEN;;;;0,00;0,00;0;;0;0;;;B;;;;0;UN;2025;;;S;WE;0,00;BRL;;;0;0;UN;UN;3.045,00;6.572,85;;
CDFL;4500132743;;;20;0;0;403579;CABO AL CONCENTRICO 3F 3X35+35MM2;101;EM Entrada mercador.;0180034129;1003953;5000243284;1;26/11/2025;17/12/2025;17/12/2025;09:22:08;8.700;320.666,53;INVT;EST_INV_AME;MDCOSTA;;;;;;;;;8.700;M;CDFL - CD FLORES;;0;8.700;8.700;AMEN;;;;0,00;0,00;0;;0;0;;;B;;;;0;M;2025;;;S;WE;0,00;BRL;;;0;0;M;M;19.500,18;42.092,53;;
CDFL;4500125607;;;50;0;0;403579;CABO AL CONCENTRICO 3F 3X35+35MM2;101;EM Entrada mercador.;0180033758;1003953;5000236297;1;31/10/2025;17/11/2025;17/11/2025;09:29:40;12.023;476.500,02;INVT;EST_INV_AME;MDCOSTA;;;;;;;;;12.023;M;CDFL - CD FLORES;;0;12.023;12.023;AMEN;;;;0,00;0,00;0;;0;0;;;B;;;;0;M;2025;;;S;WE;0,00;BRL;;;0;0;M;M;28.976,63;62.548,13;;
CDFL;4500127958;;;40;0;0;403579;CABO AL CONCENTRICO 3F 3X35+35MM2;101;EM Entrada mercador.;0180033619;1003953;5000234831;1;13/10/2025;06/11/2025;06/11/2025;08:29:59;550;21.797,79;INVT;EST_INV_AME;MDCOSTA;;;;;;;;;550;M;CDFL - CD FLORES;;0;550;550;AMEN;;;;0,00;0,00;0;;0;0;;;B;;;;0;M;2025;;;S;WE;0,00;BRL;;;0;0;M;M;1.325,56;2.861,30;;
CDFL;4500122167;;;60;0;0;403579;CABO AL CONCENTRICO 3F 3X35+35MM2;101;EM Entrada mercador.;0180033135;1003953;5000229999;1;12/09/2025;07/10/2025;07/10/2025;09:12:55;14.146;560.639,55;INVT;EST_INV_AME;MDCOSTA;;;;;;;;;14.146;M;CDFL - CD FLORES;;0;14.146;14.146;AMEN;;;;0,00;0,00;0;;0;0;;;B;;;;0;M;2025;;;S;WE;0,00;BRL;;;0;0;M;M;34.093,27;73.592,77;;
CDFL;4500132762;;;10;0;0;403580;ALCA PREFORM CABO CONC 3X35 + 35;101;EM Entrada mercador.;0180033927;1011918;5000239299;1;30/10/2025;02/12/2025;02/12/2025;14:26:05;1.500;25.036,43;INVT;EST_INV_AME;MDCOSTA;;;;;;;;;1.500;UN;CDFL - CD FLORES;;0;1.500;1.500;AMEN;;;;0,00;0,00;0;;0;0;;;B;;;;0;UN;2025;;;S;WE;0,00;BRL;;;0;0;UN;UN;1.522,50;3.286,43;;
CDFL;4500147685;;;10;0;0;403602;ABRACADEIRA PLAS UV 525X8,90MM TRI;101;EM Entrada mercador.;0180035119;1012974;5000254428;1;09/03/2026;09/03/2026;09/03/2026;10:15:32;40.000;48.806,64;INVT;EST_INV_AME;MDCOSTA;;;;;;;;;40.000;UN;CDFL - CD FLORES;;0;40.000;40.000;AMEN;;;;0,00;0,00;0;;0;0;;;B;;;;0;UN;2026;;;S;WE;0,00;BRL;;;0;0;UN;UN;2.968,00;6.406,64;;
CDFL;4500148056;;;10;0;0;403602;ABRACADEIRA PLAS UV 525X8,90MM TRI;101;EM Entrada mercador.;0180035090;1003818;5000254170;2;26/02/2026;05/03/2026;05/03/2026;15:05:46;2.000;4.340,00;INVT;EST_INV_AME;MDCOSTA;;;;;;;;;2.000;UN;CDFL - CD FLORES;;0;2.000;2.000;AMEN;;;;0,00;0,00;0;;0;0;;;B;;;;0;UN;2026;;;S;WE;0,00;BRL;;;0;0;UN;UN;0,00;0,00;;
CDFL;4500147645;;;10;0;0;403602;ABRACADEIRA PLAS UV 525X8,90MM TRI;101;EM Entrada mercador.;0180035077;1003818;5000253804;1;13/02/2026;04/03/2026;04/03/2026;10:42:42;629;1.364,93;INVT;EST_INV_AME;MDCOSTA;;;;;;;;;629;UN;CDFL - CD FLORES;;0;629;629;AMEN;;;;0,00;0,00;0;;0;0;;;B;;;;0;UN;2026;;;S;WE;0,00;BRL;;;0;0;UN;UN;0,00;0,00;;
CDFL;4500135716;;;30;0;0;403602;ABRACADEIRA PLAS UV 525X8,90MM TRI;101;EM Entrada mercador.;0180034508;1012974;5000247521;1;16/12/2025;23/01/2026;23/01/2026;11:50:21;19.600;23.915,25;INVT;EST_INV_AME;MDCOSTA;;;;;;;;;19.600;UN;CDFL - CD FLORES;;0;19.600;19.600;AMEN;;;;0,00;0,00;0;;0;0;;;B;;;;0;UN;2026;;;S;WE;0,00;BRL;;;0;0;UN;UN;1.454,32;3.139,25;;
CDFL;4500127958;;;30;0;0;403642;CABO AL CONCENTRICO 2F 2X16+16MM2;101;EM Entrada mercador.;0180033898;1003953;5000243275;1;26/11/2025;17/12/2025;17/12/2025;09:16:44;1.030;15.863,77;INVT;EST_INV_AME;MDCOSTA;;;;;;;;;1.030;M;CDFL - CD FLORES;;0;1.030;1.030;AMEN;;;;0,00;0,00;0;;0;0;;;B;;;;0;M;2025;;;S;WE;0,00;BRL;;;0;0;M;M;964,70;2.082,37;;
CDFL;4500125892;;;10;0;0;403642;CABO AL CONCENTRICO 2F 2X16+16MM2;101;EM Entrada mercador.;0180034001;1003953;5000240614;1;31/10/2025;10/12/2025;10/12/2025;08:05:32;17.993;277.123,11;INVT;EST_INV_AME;MDCOSTA;;;;;;;;;17.993;M;CDFL - CD FLORES;;0;17.993;17.993;AMEN;;;;0,00;0,00;0;;0;0;;;B;;;;0;M;2025;;;S;WE;0,00;BRL;;;0;0;M;M;16.852,24;36.376,77;;
CDFL;4500127958;;;30;0;0;403642;CABO AL CONCENTRICO 2F 2X16+16MM2;101;EM Entrada mercador.;0180033997;1003953;5000240244;1;14/11/2025;09/12/2025;09/12/2025;14:10:15;46.422;714.978,56;INVT;EST_INV_AME;MDCOSTA;;;;;;;;;46.422;M;CDFL - CD FLORES;;0;46.422;46.422;AMEN;;;;0,00;0,00;0;;0;0;;;B;;;;0;M;2025;;;S;WE;0,00;BRL;;;0;0;M;M;43.478,85;93.852,19;;
CDFL;4500125892;;;10;0;0;403642;CABO AL CONCENTRICO 2F 2X16+16MM2;101;EM Entrada mercador.;0180033999;1003953;5000240263;1;06/11/2025;09/12/2025;09/12/2025;14:42:44;17.663;272.040,55;INVT;EST_INV_AME;MDCOSTA;;;;;;;;;17.663;M;CDFL - CD FLORES;;0;17.663;17.663;AMEN;;;;0,00;0,00;0;;0;0;;;B;;;;0;M;2025;;;S;WE;0,00;BRL;;;0;0;M;M;16.543,17;35.709,61;;
CDFL;4500125892;;;10;0;0;403642;CABO AL CONCENTRICO 2F 2X16+16MM2;101;EM Entrada mercador.;0180033586;1003953;5000240267;1;04/11/2025;09/12/2025;09/12/2025;14:44:49;15.225;234.491,16;INVT;EST_INV_AME;MDCOSTA;;;;;;;;;15.225;M;CDFL - CD FLORES;;0;15.225;15.225;AMEN;;;;0,00;0,00;0;;0;0;;;B;;;;0;M;2025;;;S;WE;0,00;BRL;;;0;0;M;M;14.259,74;30.780,66;;
CDFL;4500125892;;;10;0;0;403642;CABO AL CONCENTRICO 2F 2X16+16MM2;101;EM Entrada mercador.;0180033756;1003953;5000236286;1;31/10/2025;17/11/2025;17/11/2025;09:14:16;11.859;182.648,97;INVT;EST_INV_AME;MDCOSTA;;;;;;;;;11.859;M;CDFL - CD FLORES;;0;11.859;11.859;AMEN;;;;0,00;0,00;0;;0;0;;;B;;;;0;M;2025;;;S;WE;0,00;BRL;;;0;0;M;M;11.107,14;23.975,55;;
CDFL;4500125892;;;10;0;0;403642;CABO AL CONCENTRICO 2F 2X16+16MM2;101;EM Entrada mercador.;0180033753;1003953;5000236277;1;27/10/2025;17/11/2025;17/11/2025;09:00:35;35.993;554.354,04;INVT;EST_INV_AME;MDCOSTA;;;;;;;;;35.993;M;CDFL - CD FLORES;;0;35.993;35.993;AMEN;;;;0,00;0,00;0;;0;0;;;B;;;;0;M;2025;;;S;WE;0,00;BRL;;;0;0;M;M;33.711,04;72.767,70;;
CDFL;4500125892;;;10;0;0;403642;CABO AL CONCENTRICO 2F 2X16+16MM2;101;EM Entrada mercador.;0180033620;1003953;5000234829;1;30/09/2025;06/11/2025;06/11/2025;08:25:13;21.637;333.246,97;INVT;EST_INV_AME;MDCOSTA;;;;;;;;;21.637;M;CDFL - CD FLORES;;0;21.637;21.637;AMEN;;;;0,00;0,00;0;;0;0;;;B;;;;0;M;2025;;;S;WE;0,00;BRL;;;0;0;M;M;20.265,21;43.743,91;;
CDFL;4500122167;;;30;0;0;403642;CABO AL CONCENTRICO 2F 2X16+16MM2;101;EM Entrada mercador.;0180033332;1003953;5000232212;1;24/09/2025;17/10/2025;17/10/2025;15:02:21;10.803;166.384,76;INVT;EST_INV_AME;MDCOSTA;;;;;;;;;10.803;M;CDFL - CD FLORES;;0;10.803;10.803;AMEN;;;;0,00;0,00;0;;0;0;;;B;;;;0;M;2025;;;S;WE;0,00;BRL;;;0;0;M;M;10.118,09;21.840,62;;
CDFL;4500122167;;;30;0;0;403642;CABO AL CONCENTRICO 2F 2X16+16MM2;101;EM Entrada mercador.;0180033336;1003953;5000232211;1;24/09/2025;17/10/2025;17/10/2025;14:59:35;34.373;529.403,25;INVT;EST_INV_AME;MDCOSTA;;;;;;;;;34.373;M;CDFL - CD FLORES;;0;34.373;34.373;AMEN;;;;0,00;0,00;0;;0;0;;;B;;;;0;M;2025;;;S;WE;0,00;BRL;;;0;0;M;M;32.193,75;69.492,51;;
CDFL;4500122167;;;30;0;0;403642;CABO AL CONCENTRICO 2F 2X16+16MM2;101;EM Entrada mercador.;0180033159;1003953;5000230129;1;09/09/2025;08/10/2025;08/10/2025;08:22:18;42.457;653.910,74;INVT;EST_INV_AME;MDCOSTA;;;;;;;;;42.457;M;CDFL - CD FLORES;;0;42.457;42.457;AMEN;;;;0,00;0,00;0;;0;0;;;B;;;;0;M;2025;;;S;WE;0,00;BRL;;;0;0;M;M;39.765,23;85.836,08;;
CDFL;4500125607;;;30;0;0;403656;CABO AL CONCENTRICO 3F 3X25+25MM2;101;EM Entrada mercador.;0180034002;1003953;5000240623;1;06/11/2025;10/12/2025;10/12/2025;08:08:27;11.511;293.626,91;INVT;EST_INV_AME;MDCOSTA;;;;;;;;;11.511;M;CDFL - CD FLORES;;0;11.511;11.511;AMEN;;;;0,00;0,00;0;;0;0;;;B;;;;0;M;2025;;;S;WE;0,00;BRL;;;0;0;M;M;17.855,86;38.543,16;;
CDFL;4500125607;;;30;0;0;403656;CABO AL CONCENTRICO 3F 3X25+25MM2;101;EM Entrada mercador.;0180033755;1003953;5000236281;1;30/10/2025;17/11/2025;17/11/2025;09:07:12;6.720;171.416,29;INVT;EST_INV_AME;MDCOSTA;;;;;;;;;6.720;M;CDFL - CD FLORES;;0;6.720;6.720;AMEN;;;;0,00;0,00;0;;0;0;;;B;;;;0;M;2025;;;S;WE;0,00;BRL;;;0;0;M;M;10.424,06;22.501,09;;
CDFL;4500122167;;;50;0;0;403656;CABO AL CONCENTRICO 3F 3X25+25MM2;101;EM Entrada mercador.;0180033133;1003953;5000229994;1;15/09/2025;07/10/2025;07/10/2025;09:01:15;14.169;361.428,18;INVT;EST_INV_AME;MDCOSTA;;;;;;;;;14.169;M;CDFL - CD FLORES;;0;14.169;14.169;AMEN;;;;0,00;0,00;0;;0;0;;;B;;;;0;M;2025;;;S;WE;0,00;BRL;;;0;0;M;M;21.978,95;47.443,14;;
CDFL;4500122167;;;80;0;0;403663;CABO CONCENTRICO CU 3X70+70MM;101;EM Entrada mercador.;0180033334;1003953;5000232213;1;24/09/2025;17/10/2025;17/10/2025;15:06:09;584;191.710,09;INVT;EST_INV_AME;MDCOSTA;;;;;;;;;584;M;CDFL - CD FLORES;;0;584;584;AMEN;;;;0,00;0,00;0;;0;0;;;B;;;;0;M;2025;;;S;WE;0,00;BRL;;;0;0;M;M;11.658,16;25.164,97;;
CDFL;4500122167;;;70;0;0;403693;CABO CONCENTRICO CU 3X35+35MM;101;EM Entrada mercador.;0180033337;1003953;5000232214;1;24/09/2025;17/10/2025;17/10/2025;15:08:51;1.281;236.003,18;INVT;EST_INV_AME;MDCOSTA;;;;;;;;;1.281;M;CDFL - CD FLORES;;0;1.281;1.281;AMEN;;;;0,00;0,00;0;;0;0;;;B;;;;0;M;2025;;;S;WE;0,00;BRL;;;0;0;M;M;14.351,68;30.979,13;;
CDFL;4500132901;;;10;0;0;403770;PRENSA CABO 1.1/2P AL C/BUCHA NEOP NPT;101;EM Entrada mercador.;0180033319;1003624;5000232038;1;07/10/2025;17/10/2025;17/10/2025;08:45:04;600;18.420,00;INVT;EST_INV_AME;MDCOSTA;;;;;;;;;600;UN;CDFL - CD FLORES;;0;600;600;AMEN;;;;0,00;0,00;0;;0;0;;;B;;;;0;UN;2025;;;S;WE;0,00;BRL;;;0;0;UN;UN;0,00;0,00;;
CDFL;4500126799;;;10;0;0;403843;CABO AL CONCENTRICO 3F 3X16+16MM2;101;EM Entrada mercador.;0180033998;1003953;5000240259;1;04/11/2025;09/12/2025;09/12/2025;14:40:21;10.245;156.847,16;INVT;EST_INV_AME;MDCOSTA;;;;;;;;;10.245;M;CDFL - CD FLORES;;0;10.245;10.245;AMEN;;;;0,00;0,00;0;;0;0;;;B;;;;0;M;2025;;;S;WE;0,00;BRL;;;0;0;M;M;9.538,10;20.588,66;;
CDFL;4500134265;;;10;0;0;404009;CABO AL CONCENTRICO 1F 1x16+16MM2;101;EM Entrada mercador.;0180034123;1003953;5000243270;1;27/11/2025;17/12/2025;17/12/2025;09:13:30;13.019;76.879,06;INVT;EST_INV_AME;MDCOSTA;;;;;;;;;13.019;M;CDFL - CD FLORES;;0;13.019;13.019;AMEN;;;;0,00;0,00;0;;0;0;;;B;;;;0;M;2025;;;S;WE;0,00;BRL;;;0;0;M;M;4.675,12;10.091,59;;
CDFL;4500127958;;;20;0;0;404009;CABO AL CONCENTRICO 1F 1x16+16MM2;101;EM Entrada mercador.;0180033754;1003953;5000236278;1;27/10/2025;17/11/2025;17/11/2025;09:03:29;33.828;199.759,18;INVT;EST_INV_AME;MDCOSTA;;;;;;;;;33.828;M;CDFL - CD FLORES;;0;33.828;33.828;AMEN;;;;0,00;0,00;0;;0;0;;;B;;;;0;M;2025;;;S;WE;0,00;BRL;;;0;0;M;M;12.147,63;26.221,54;;
CDFL;4500133697;;;10;0;0;404071;CONECTOR PERF 50-185MM2 15KV COM ESTRIBO;101;EM Entrada mercador.;0180033825;1009609;5000236815;1;28/10/2025;19/11/2025;19/11/2025;07:52:21;710;115.099,52;INVT;EST_INV_AME;MDCOSTA;;;;;;;;;710;UN;CDFL - CD FLORES;;0;710;710;AMEN;;;;0,00;0,00;0;;0;0;;;B;;;;0;UN;2025;;;S;WE;0,00;BRL;;;0;0;UN;UN;12.694,80;9.309,52;;
CDFL;4500143382;;;20;0;0;404084;ESPACADOR LOSANG CLASSE 15KV C/ GARRAS;101;EM Entrada mercador.;0180035413;1007001;5000257327;1;04/03/2026;26/03/2026;26/03/2026;14:24:46;6.124;140.634,26;INVT;EST_INV_AME;MDCOSTA;;;;;;;;;6.124;UN;CDFL - CD FLORES;;0;6.124;6.124;AMEN;;;;0,00;0,00;0;;0;0;;;B;;;;0;UN;2026;;;S;WE;0,00;BRL;;;0;0;UN;UN;8.552,17;18.460,46;;
CDFL;4500133044;;;10;0;0;404084;ESPACADOR LOSANG CLASSE 15KV C/ GARRAS;101;EM Entrada mercador.;0180033683;1007001;5000235530;1;21/10/2025;11/11/2025;11/11/2025;17:34:36;400;9.185,78;INVT;EST_INV_AME;MDCOSTA;;;;;;;;;400;UN;CDFL - CD FLORES;;0;400;400;AMEN;;;;0,00;0,00;0;;0;0;;;B;;;;0;UN;2025;;;S;WE;0,00;BRL;;;0;0;UN;UN;558,60;1.205,78;;
CDFL;4500131553;;;40;0;0;404113;MED IN 1E 3F 240V 120A TB QE GD B;101;EM Entrada mercador.;0180034902;1003382;5000252690;1;23/02/2026;23/02/2026;23/02/2026;08:14:08;2;1.073,33;INVT;EST_INV_AME;MDCOSTA;;;;;;;;;2;UN;CDFL - CD FLORES;;0;2;2;AMEN;;;;0,00;0,00;0;;0;0;;;B;;;;0;UN;2026;;;S;WE;0,00;BRL;;;0;0;UN;UN;118,38;86,81;;
CDFL;4500121342;;;10;0;0;404113;MED IN 1E 3F 240V 120A TB QE GD B;101;EM Entrada mercador.;0180033316;1003382;5000232034;1;15/09/2025;17/10/2025;17/10/2025;08:35:03;46;20.812,96;INVT;EST_INV_AME;MDCOSTA;;;;;;;;;46;UN;CDFL - CD FLORES;;0;46;46;AMEN;;;;0,00;0,00;0;;0;0;;;B;;;;0;UN;2025;;;S;WE;0,00;BRL;;;0;0;UN;UN;2.295,55;1.683,40;;
CDFL;4500131553;;;10;0;0;404114;MED IN 2E 3F 120 240V 120A TB QE GD B;101;EM Entrada mercador.;0180034822;1003382;5000251547;1;16/02/2026;16/02/2026;16/02/2026;07:40:16;69;43.197,19;INVT;EST_INV_AME;MDCOSTA;;;;;;;;;69;UN;CDFL - CD FLORES;;0;69;69;AMEN;;;;0,00;0,00;0;;0;0;;;B;;;;0;UN;2026;;;S;WE;0,00;BRL;;;0;0;UN;UN;4.764,40;3.493,89;;
CDFL;4500125432;;;10;0;0;404114;MED IN 2E 3F 120 240V 120A TB QE GD B;101;EM Entrada mercador.;0180033318;1003382;5000232037;1;16/09/2025;17/10/2025;17/10/2025;08:42:04;30;18.781,38;INVT;EST_INV_AME;MDCOSTA;;;;;;;;;30;UN;CDFL - CD FLORES;;0;30;30;AMEN;;;;0,00;0,00;0;;0;0;;;B;;;;0;UN;2025;;;S;WE;0,00;BRL;;;0;0;UN;UN;2.071,48;1.519,08;;
CDFL;4500131553;;;20;0;0;404115;MED IN 3E 4F 120 240V 120A TB QE GD B;101;EM Entrada mercador.;0180034703;1003382;5000249578;1;23/12/2025;09/02/2026;09/02/2026;07:42:10;69;49.324,56;INVT;EST_INV_AME;MDCOSTA;;;;;;;;;69;UN;CDFL - CD FLORES;;0;69;69;AMEN;;;;0,00;0,00;0;;0;0;;;B;;;;0;UN;2026;;;S;WE;0,00;BRL;;;0;0;UN;UN;5.440,21;3.989,49;;
CDFL;4500125432;;;20;0;0;404115;MED IN 3E 4F 120 240V 120A TB QE GD B;101;EM Entrada mercador.;0180033317;1003382;5000232036;1;15/09/2025;17/10/2025;17/10/2025;08:39:40;29;20.730,62;INVT;EST_INV_AME;MDCOSTA;;;;;;;;;29;UN;CDFL - CD FLORES;;0;29;29;AMEN;;;;0,00;0,00;0;;0;0;;;B;;;;0;UN;2025;;;S;WE;0,00;BRL;;;0;0;UN;UN;2.286,46;1.676,74;;
CDFL;4500119475;;;60;0;0;404123;RETIFICADOR CHAVEADO380VCA/3F/125VCC/140;101;EM Entrada mercador.;0180033569;1003776;5000234456;4;24/09/2025;03/11/2025;03/11/2025;14:40:05;1;90.873,77;INVT;EST_INV_AME;MDCOSTA;;;;;;;;;1;UN;CDFL - CD FLORES;;0;1;1;AMEN;;;;0,00;0,00;0;;0;0;;;B;;;;0;UN;2025;;;S;WE;0,00;BRL;;;0;0;UN;UN;4.057,86;12.167,17;;
CDFL;4500119475;;;50;0;0;404124;RETIFICAD CHAVEADO 220VCA/3F/125VCC/100A;101;EM Entrada mercador.;0180033569;1003776;5000234456;3;24/09/2025;03/11/2025;03/11/2025;14:40:05;3;220.692,05;INVT;EST_INV_AME;MDCOSTA;;;;;;;;;3;UN;CDFL - CD FLORES;;0;3;3;AMEN;;;;0,00;0,00;0;;0;0;;;B;;;;0;UN;2025;;;S;WE;0,00;BRL;;;0;0;UN;UN;9.854,74;29.548,66;;
CDFL;4500119475;;;20;0;0;404149;RETIFIC CHAVEAD 380VCA/3F/125VCC/160A;101;EM Entrada mercador.;0180033569;1003776;5000234456;2;24/09/2025;03/11/2025;03/11/2025;14:40:05;1;99.887,70;INVT;EST_INV_AME;MDCOSTA;;;;;;;;;1;UN;CDFL - CD FLORES;;0;1;1;AMEN;;;;0,00;0,00;0;;0;0;;;B;;;;0;UN;2025;;;S;WE;0,00;BRL;;;0;0;UN;UN;4.460,37;13.374,06;;
CDFL;4500119378;;;10;0;0;404153;TERROMETRO DIGITAL;101;EM Entrada mercador.;0180033605;1003143;5000234797;1;02/09/2025;05/11/2025;05/11/2025;15:08:43;2;10.728,00;INVT;EST_INV_AME;MDCOSTA;;;;;;;;;2;UN;CDFL - CD FLORES;;0;2;2;AMEN;;;;0,00;0,00;0;;0;0;;;B;;;;0;UN;2025;;;S;WE;0,00;BRL;;;0;0;UN;UN;360,00;1.728,00;;
CDFL;4500132947;;;10;0;0;404155;PARAFUSADEIRA FURADEIRA 18V PROFISSIONAL;101;EM Entrada mercador.;0180033193;1008610;5000230551;1;01/10/2025;09/10/2025;09/10/2025;11:43:12;2;8.173,52;INVT;EST_INV_AME;MDCOSTA;;;;;;;;;2;UN;CDFL - CD FLORES;;0;2;2;AMEN;;;;0,00;0,00;0;;0;0;;;B;;;;0;UN;2025;;;S;WE;0,00;BRL;;;0;0;UN;UN;1.634,70;0,00;;
CDFL;4500132947;;;10;0;0;404155;PARAFUSADEIRA FURADEIRA 18V PROFISSIONAL;101;EM Entrada mercador.;0180033193;1008610;5000230551;2;01/10/2025;09/10/2025;09/10/2025;11:43:12;1;4.086,76;INVT;EST_INV_AME;MDCOSTA;;;;;;;;;1;UN;CDFL - CD FLORES;;0;1;1;AMEN;;;;0,00;0,00;0;;0;0;;;B;;;;0;UN;2025;;;S;WE;0,00;BRL;;;0;0;UN;UN;817,35;0,00;;
CDFL;4500123036;;;10;0;0;404159;"CONJ MEDICAO 15KV; 70:1; 5-5A; USO EXT";101;EM Entrada mercador.;0180034214;1012848;5000243950;10;02/12/2025;22/12/2025;22/12/2025;14:33:49;8;280.868,40;INVT;EST_INV_AME;MDCOSTA;;;;;;;;;8;UN;CDFL - CD FLORES;;0;8;8;AMEN;;;;0,00;0,00;0;;0;0;;;B;;;;0;UN;2025;;;S;WE;0,00;BRL;;;0;0;UN;UN;17.080,00;36.868,40;;
CDFL;4500123036;;;10;0;0;404159;"CONJ MEDICAO 15KV; 70:1; 5-5A; USO EXT";101;EM Entrada mercador.;0180033923;1012848;5000239279;7;05/11/2025;02/12/2025;02/12/2025;11:22:07;16;561.736,80;INVT;EST_INV_AME;MDCOSTA;;;;;;;;;16;UN;CDFL - CD FLORES;;0;16;16;AMEN;;;;0,00;0,00;0;;0;0;;;B;;;;0;UN;2025;;;S;WE;0,00;BRL;;;0;0;UN;UN;34.160,00;73.736,80;;
CDFL;4500123036;;;10;0;0;404159;"CONJ MEDICAO 15KV; 70:1; 5-5A; USO EXT";101;EM Entrada mercador.;0180033688;1012848;5000235535;4;08/10/2025;11/11/2025;11/11/2025;18:00:49;4;140.434,20;INVT;EST_INV_AME;MDCOSTA;;;;;;;;;4;UN;CDFL - CD FLORES;;0;4;4;AMEN;;;;0,00;0,00;0;;0;0;;;B;;;;0;UN;2025;;;S;WE;0,00;BRL;;;0;0;UN;UN;8.540,00;18.434,20;;
CDFL;4500123036;;;10;0;0;404159;"CONJ MEDICAO 15KV; 70:1; 5-5A; USO EXT";101;EM Entrada mercador.;0180033494;1012848;5000234147;9;08/10/2025;28/10/2025;28/10/2025;11:13:45;12;421.302,60;INVT;EST_INV_AME;MDCOSTA;;;;;;;;;12;UN;CDFL - CD FLORES;;0;12;12;AMEN;;;;0,00;0,00;0;;0;0;;;B;;;;0;UN;2025;;;S;WE;0,00;BRL;;;0;0;UN;UN;25.620,00;55.302,60;;
CDFL;4500123036;;;20;0;0;404160;"CONJ MEDICAO 15KV; 70:1; 10-5A; USO EXT";101;EM Entrada mercador.;0180034214;1012848;5000243950;4;02/12/2025;22/12/2025;22/12/2025;14:33:49;10;351.085,50;INVT;EST_INV_AME;MDCOSTA;;;;;;;;;10;UN;CDFL - CD FLORES;;0;10;10;AMEN;;;;0,00;0,00;0;;0;0;;;B;;;;0;UN;2025;;;S;WE;0,00;BRL;;;0;0;UN;UN;21.350,00;46.085,50;;
CDFL;4500126093;;;20;0;0;404160;"CONJ MEDICAO 15KV; 70:1; 10-5A; USO EXT";101;EM Entrada mercador.;0180034215;1012848;5000243951;2;24/11/2025;22/12/2025;22/12/2025;14:43:25;26;912.822,30;INVT;EST_INV_AME;MDCOSTA;;;;;;;;;26;UN;CDFL - CD FLORES;;0;26;26;AMEN;;;;0,00;0,00;0;;0;0;;;B;;;;0;UN;2025;;;S;WE;0,00;BRL;;;0;0;UN;UN;55.510,00;119.822,30;;
CDFL;4500123036;;;20;0;0;404160;"CONJ MEDICAO 15KV; 70:1; 10-5A; USO EXT";101;EM Entrada mercador.;0180033990;1012848;5000239992;2;07/11/2025;09/12/2025;09/12/2025;10:00:08;2;70.217,10;INVT;EST_INV_AME;MDCOSTA;;;;;;;;;2;UN;CDFL - CD FLORES;;0;2;2;AMEN;;;;0,00;0,00;0;;0;0;;;B;;;;0;UN;2025;;;S;WE;0,00;BRL;;;0;0;UN;UN;4.270,00;9.217,10;;
CDFL;4500123036;;;20;0;0;404160;"CONJ MEDICAO 15KV; 70:1; 10-5A; USO EXT";101;EM Entrada mercador.;0180033923;1012848;5000239279;2;05/11/2025;02/12/2025;02/12/2025;11:22:07;28;983.039,40;INVT;EST_INV_AME;MDCOSTA;;;;;;;;;28;UN;CDFL - CD FLORES;;0;28;28;AMEN;;;;0,00;0,00;0;;0;0;;;B;;;;0;UN;2025;;;S;WE;0,00;BRL;;;0;0;UN;UN;59.780,00;129.039,40;;
CDFL;4500123036;;;20;0;0;404160;"CONJ MEDICAO 15KV; 70:1; 10-5A; USO EXT";101;EM Entrada mercador.;0180033688;1012848;5000235535;1;08/10/2025;11/11/2025;11/11/2025;18:00:49;4;140.434,20;INVT;EST_INV_AME;MDCOSTA;;;;;;;;;4;UN;CDFL - CD FLORES;;0;4;4;AMEN;;;;0,00;0,00;0;;0;0;;;B;;;;0;UN;2025;;;S;WE;0,00;BRL;;;0;0;UN;UN;8.540,00;18.434,20;;
CDFL;4500123036;;;20;0;0;404160;"CONJ MEDICAO 15KV; 70:1; 10-5A; USO EXT";101;EM Entrada mercador.;0180033494;1012848;5000234147;2;08/10/2025;28/10/2025;28/10/2025;11:13:45;26;912.822,30;INVT;EST_INV_AME;MDCOSTA;;;;;;;;;26;UN;CDFL - CD FLORES;;0;26;26;AMEN;;;;0,00;0,00;0;;0;0;;;B;;;;0;UN;2025;;;S;WE;0,00;BRL;;;0;0;UN;UN;55.510,00;119.822,30;;
CDFL;4500126093;;;30;0;0;404161;"CONJ MEDICAO 15KV; 70:1; 15-5A; USO EXT";101;EM Entrada mercador.;0180034215;1012848;5000243951;3;24/11/2025;22/12/2025;22/12/2025;14:43:25;6;210.651,30;INVT;EST_INV_AME;MDCOSTA;;;;;;;;;6;UN;CDFL - CD FLORES;;0;6;6;AMEN;;;;0,00;0,00;0;;0;0;;;B;;;;0;UN;2025;;;S;WE;0,00;BRL;;;0;0;UN;UN;12.810,00;27.651,30;;
CDFL;4500123036;;;30;0;0;404161;"CONJ MEDICAO 15KV; 70:1; 15-5A; USO EXT";101;EM Entrada mercador.;0180034214;1012848;5000243950;7;02/12/2025;22/12/2025;22/12/2025;14:33:49;5;175.542,75;INVT;EST_INV_AME;MDCOSTA;;;;;;;;;5;UN;CDFL - CD FLORES;;0;5;5;AMEN;;;;0,00;0,00;0;;0;0;;;B;;;;0;UN;2025;;;S;WE;0,00;BRL;;;0;0;UN;UN;10.675,00;23.042,75;;
CDFL;4500123036;;;30;0;0;404161;"CONJ MEDICAO 15KV; 70:1; 15-5A; USO EXT";101;EM Entrada mercador.;0180033990;1012848;5000239992;4;07/11/2025;09/12/2025;09/12/2025;10:00:08;5;175.542,75;INVT;EST_INV_AME;MDCOSTA;;;;;;;;;5;UN;CDFL - CD FLORES;;0;5;5;AMEN;;;;0,00;0,00;0;;0;0;;;B;;;;0;UN;2025;;;S;WE;0,00;BRL;;;0;0;UN;UN;10.675,00;23.042,75;;
CDFL;4500123036;;;30;0;0;404161;"CONJ MEDICAO 15KV; 70:1; 15-5A; USO EXT";101;EM Entrada mercador.;0180033494;1012848;5000234147;5;08/10/2025;28/10/2025;28/10/2025;11:13:45;5;175.542,75;INVT;EST_INV_AME;MDCOSTA;;;;;;;;;5;UN;CDFL - CD FLORES;;0;5;5;AMEN;;;;0,00;0,00;0;;0;0;;;B;;;;0;UN;2025;;;S;WE;0,00;BRL;;;0;0;UN;UN;10.675,00;23.042,75;;
CDFL;4500123036;;;40;0;0;404162;"CONJ MEDICAO 15KV; 70:1; 20-5A; USO EXT";101;EM Entrada mercador.;0180034214;1012848;5000243950;9;02/12/2025;22/12/2025;22/12/2025;14:33:49;9;315.976,95;INVT;EST_INV_AME;MDCOSTA;;;;;;;;;9;UN;CDFL - CD FLORES;;0;9;9;AMEN;;;;0,00;0,00;0;;0;0;;;B;;;;0;UN;2025;;;S;WE;0,00;BRL;;;0;0;UN;UN;19.215,00;41.476,95;;
CDFL;4500126093;;;40;0;0;404162;"CONJ MEDICAO 15KV; 70:1; 20-5A; USO EXT";101;EM Entrada mercador.;0180034215;1012848;5000243951;4;24/11/2025;22/12/2025;22/12/2025;14:43:25;9;315.976,95;INVT;EST_INV_AME;MDCOSTA;;;;;;;;;9;UN;CDFL - CD FLORES;;0;9;9;AMEN;;;;0,00;0,00;0;;0;0;;;B;;;;0;UN;2025;;;S;WE;0,00;BRL;;;0;0;UN;UN;19.215,00;41.476,95;;
CDFL;4500123036;;;40;0;0;404162;"CONJ MEDICAO 15KV; 70:1; 20-5A; USO EXT";101;EM Entrada mercador.;0180033990;1012848;5000239992;6;07/11/2025;09/12/2025;09/12/2025;10:00:08;3;105.325,65;INVT;EST_INV_AME;MDCOSTA;;;;;;;;;3;UN;CDFL - CD FLORES;;0;3;3;AMEN;;;;0,00;0,00;0;;0;0;;;B;;;;0;UN;2025;;;S;WE;0,00;BRL;;;0;0;UN;UN;6.405,00;13.825,65;;
CDFL;4500123036;;;40;0;0;404162;"CONJ MEDICAO 15KV; 70:1; 20-5A; USO EXT";101;EM Entrada mercador.;0180033923;1012848;5000239279;5;05/11/2025;02/12/2025;02/12/2025;11:22:07;2;70.217,10;INVT;EST_INV_AME;MDCOSTA;;;;;;;;;2;UN;CDFL - CD FLORES;;0;2;2;AMEN;;;;0,00;0,00;0;;0;0;;;B;;;;0;UN;2025;;;S;WE;0,00;BRL;;;0;0;UN;UN;4.270,00;9.217,10;;
CDFL;4500123036;;;40;0;0;404162;"CONJ MEDICAO 15KV; 70:1; 20-5A; USO EXT";101;EM Entrada mercador.;0180033924;1012848;5000239282;1;05/11/2025;02/12/2025;02/12/2025;11:27:06;4;140.434,20;INVT;EST_INV_AME;MDCOSTA;;;;;;;;;4;UN;CDFL - CD FLORES;;0;4;4;AMEN;;;;0,00;0,00;0;;0;0;;;B;;;;0;UN;2025;;;S;WE;0,00;BRL;;;0;0;UN;UN;8.540,00;18.434,20;;
CDFL;4500123036;;;40;0;0;404162;"CONJ MEDICAO 15KV; 70:1; 20-5A; USO EXT";101;EM Entrada mercador.;0180033494;1012848;5000234147;7;08/10/2025;28/10/2025;28/10/2025;11:13:45;9;315.976,95;INVT;EST_INV_AME;MDCOSTA;;;;;;;;;9;UN;CDFL - CD FLORES;;0;9;9;AMEN;;;;0,00;0,00;0;;0;0;;;B;;;;0;UN;2025;;;S;WE;0,00;BRL;;;0;0;UN;UN;19.215,00;41.476,95;;
CDFL;4500123036;;;50;0;0;404164;"CONJ MEDICAO 15KV; 70:1; 30-5A; USO EXT";101;EM Entrada mercador.;0180034214;1012848;5000243950;2;02/12/2025;22/12/2025;22/12/2025;14:33:49;6;210.651,30;INVT;EST_INV_AME;MDCOSTA;;;;;;;;;6;UN;CDFL - CD FLORES;;0;6;6;AMEN;;;;0,00;0,00;0;;0;0;;;B;;;;0;UN;2025;;;S;WE;0,00;BRL;;;0;0;UN;UN;12.810,00;27.651,30;;
CDFL;4500123036;;;50;0;0;404164;"CONJ MEDICAO 15KV; 70:1; 30-5A; USO EXT";101;EM Entrada mercador.;0180033923;1012848;5000239279;1;05/11/2025;02/12/2025;02/12/2025;11:22:07;6;210.651,30;INVT;EST_INV_AME;MDCOSTA;;;;;;;;;6;UN;CDFL - CD FLORES;;0;6;6;AMEN;;;;0,00;0,00;0;;0;0;;;B;;;;0;UN;2025;;;S;WE;0,00;BRL;;;0;0;UN;UN;12.810,00;27.651,30;;
CDFL;4500123036;;;50;0;0;404164;"CONJ MEDICAO 15KV; 70:1; 30-5A; USO EXT";101;EM Entrada mercador.;0180033688;1012848;5000235535;5;08/10/2025;11/11/2025;11/11/2025;18:00:49;1;35.108,55;INVT;EST_INV_AME;MDCOSTA;;;;;;;;;1;UN;CDFL - CD FLORES;;0;1;1;AMEN;;;;0,00;0,00;0;;0;0;;;B;;;;0;UN;2025;;;S;WE;0,00;BRL;;;0;0;UN;UN;2.135,00;4.608,55;;
CDFL;4500123036;;;50;0;0;404164;"CONJ MEDICAO 15KV; 70:1; 30-5A; USO EXT";101;EM Entrada mercador.;0180033494;1012848;5000234147;10;08/10/2025;28/10/2025;28/10/2025;11:13:45;2;70.217,10;INVT;EST_INV_AME;MDCOSTA;;;;;;;;;2;UN;CDFL - CD FLORES;;0;2;2;AMEN;;;;0,00;0,00;0;;0;0;;;B;;;;0;UN;2025;;;S;WE;0,00;BRL;;;0;0;UN;UN;4.270,00;9.217,10;;
CDFL;4500123036;;;70;0;0;404166;"CONJ MEDICAO 15KV; 70:1; 50-5A; USO EXT";101;EM Entrada mercador.;0180034214;1012848;5000243950;5;02/12/2025;22/12/2025;22/12/2025;14:33:49;10;351.085,50;INVT;EST_INV_AME;MDCOSTA;;;;;;;;;10;UN;CDFL - CD FLORES;;0;10;10;AMEN;;;;0,00;0,00;0;;0;0;;;B;;;;0;UN;2025;;;S;WE;0,00;BRL;;;0;0;UN;UN;21.350,00;46.085,50;;
CDFL;4500126093;;;70;0;0;404166;"CONJ MEDICAO 15KV; 70:1; 50-5A; USO EXT";101;EM Entrada mercador.;0180034215;1012848;5000243951;5;24/11/2025;22/12/2025;22/12/2025;14:43:25;4;140.434,20;INVT;EST_INV_AME;MDCOSTA;;;;;;;;;4;UN;CDFL - CD FLORES;;0;4;4;AMEN;;;;0,00;0,00;0;;0;0;;;B;;;;0;UN;2025;;;S;WE;0,00;BRL;;;0;0;UN;UN;8.540,00;18.434,20;;
CDFL;4500123036;;;70;0;0;404166;"CONJ MEDICAO 15KV; 70:1; 50-5A; USO EXT";101;EM Entrada mercador.;0180033923;1012848;5000239279;3;05/11/2025;02/12/2025;02/12/2025;11:22:07;8;280.868,40;INVT;EST_INV_AME;MDCOSTA;;;;;;;;;8;UN;CDFL - CD FLORES;;0;8;8;AMEN;;;;0,00;0,00;0;;0;0;;;B;;;;0;UN;2025;;;S;WE;0,00;BRL;;;0;0;UN;UN;17.080,00;36.868,40;;
CDFL;4500123036;;;70;0;0;404166;"CONJ MEDICAO 15KV; 70:1; 50-5A; USO EXT";101;EM Entrada mercador.;0180033494;1012848;5000234147;3;08/10/2025;28/10/2025;28/10/2025;11:13:45;8;280.868,40;INVT;EST_INV_AME;MDCOSTA;;;;;;;;;8;UN;CDFL - CD FLORES;;0;8;8;AMEN;;;;0,00;0,00;0;;0;0;;;B;;;;0;UN;2025;;;S;WE;0,00;BRL;;;0;0;UN;UN;17.080,00;36.868,40;;
CDFL;4500123036;;;90;0;0;404167;"CONJ MEDICAO 15KV; 70:1; 75-5A; USO EXT";101;EM Entrada mercador.;0180034214;1012848;5000243950;8;02/12/2025;22/12/2025;22/12/2025;14:33:49;10;351.085,50;INVT;EST_INV_AME;MDCOSTA;;;;;;;;;10;UN;CDFL - CD FLORES;;0;10;10;AMEN;;;;0,00;0,00;0;;0;0;;;B;;;;0;UN;2025;;;S;WE;0,00;BRL;;;0;0;UN;UN;21.350,00;46.085,50;;
CDFL;4500123036;;;90;0;0;404167;"CONJ MEDICAO 15KV; 70:1; 75-5A; USO EXT";101;EM Entrada mercador.;0180033990;1012848;5000239992;5;07/11/2025;09/12/2025;09/12/2025;10:00:08;2;70.217,10;INVT;EST_INV_AME;MDCOSTA;;;;;;;;;2;UN;CDFL - CD FLORES;;0;2;2;AMEN;;;;0,00;0,00;0;;0;0;;;B;;;;0;UN;2025;;;S;WE;0,00;BRL;;;0;0;UN;UN;4.270,00;9.217,10;;
CDFL;4500123036;;;90;0;0;404167;"CONJ MEDICAO 15KV; 70:1; 75-5A; USO EXT";101;EM Entrada mercador.;0180033923;1012848;5000239279;4;05/11/2025;02/12/2025;02/12/2025;11:22:07;8;280.868,40;INVT;EST_INV_AME;MDCOSTA;;;;;;;;;8;UN;CDFL - CD FLORES;;0;8;8;AMEN;;;;0,00;0,00;0;;0;0;;;B;;;;0;UN;2025;;;S;WE;0,00;BRL;;;0;0;UN;UN;17.080,00;36.868,40;;
CDFL;4500123036;;;90;0;0;404167;"CONJ MEDICAO 15KV; 70:1; 75-5A; USO EXT";101;EM Entrada mercador.;0180033494;1012848;5000234147;6;08/10/2025;28/10/2025;28/10/2025;11:13:45;2;70.217,10;INVT;EST_INV_AME;MDCOSTA;;;;;;;;;2;UN;CDFL - CD FLORES;;0;2;2;AMEN;;;;0,00;0,00;0;;0;0;;;B;;;;0;UN;2025;;;S;WE;0,00;BRL;;;0;0;UN;UN;4.270,00;9.217,10;;
CDFL;4500123036;;;110;0;0;404169;"CONJ MEDICAO 15KV; 70:1; 150-5A; USO EXT";101;EM Entrada mercador.;0180034214;1012848;5000243950;3;02/12/2025;22/12/2025;22/12/2025;14:33:49;3;105.325,65;INVT;EST_INV_AME;MDCOSTA;;;;;;;;;3;UN;CDFL - CD FLORES;;0;3;3;AMEN;;;;0,00;0,00;0;;0;0;;;B;;;;0;UN;2025;;;S;WE;0,00;BRL;;;0;0;UN;UN;6.405,00;13.825,65;;
CDFL;4500123036;;;110;0;0;404169;"CONJ MEDICAO 15KV; 70:1; 150-5A; USO EXT";101;EM Entrada mercador.;0180033990;1012848;5000239992;1;07/11/2025;09/12/2025;09/12/2025;10:00:08;3;105.325,65;INVT;EST_INV_AME;MDCOSTA;;;;;;;;;3;UN;CDFL - CD FLORES;;0;3;3;AMEN;;;;0,00;0,00;0;;0;0;;;B;;;;0;UN;2025;;;S;WE;0,00;BRL;;;0;0;UN;UN;6.405,00;13.825,65;;
CDFL;4500123036;;;110;0;0;404169;"CONJ MEDICAO 15KV; 70:1; 150-5A; USO EXT";101;EM Entrada mercador.;0180033494;1012848;5000234147;1;08/10/2025;28/10/2025;28/10/2025;11:13:45;3;105.325,65;INVT;EST_INV_AME;MDCOSTA;;;;;;;;;3;UN;CDFL - CD FLORES;;0;3;3;AMEN;;;;0,00;0,00;0;;0;0;;;B;;;;0;UN;2025;;;S;WE;0,00;BRL;;;0;0;UN;UN;6.405,00;13.825,65;;
CDFL;4500126093;;;120;0;0;404170;"CONJ MEDICAO 15KV; 70:1; 200-5A; USO EXT";101;EM Entrada mercador.;0180034215;1012848;5000243951;1;24/11/2025;22/12/2025;22/12/2025;14:43:25;3;105.325,65;INVT;EST_INV_AME;MDCOSTA;;;;;;;;;3;UN;CDFL - CD FLORES;;0;3;3;AMEN;;;;0,00;0,00;0;;0;0;;;B;;;;0;UN;2025;;;S;WE;0,00;BRL;;;0;0;UN;UN;6.405,00;13.825,65;;
CDFL;4500123036;;;120;0;0;404170;"CONJ MEDICAO 15KV; 70:1; 200-5A; USO EXT";101;EM Entrada mercador.;0180034214;1012848;5000243950;6;02/12/2025;22/12/2025;22/12/2025;14:33:49;1;35.108,55;INVT;EST_INV_AME;MDCOSTA;;;;;;;;;1;UN;CDFL - CD FLORES;;0;1;1;AMEN;;;;0,00;0,00;0;;0;0;;;B;;;;0;UN;2025;;;S;WE;0,00;BRL;;;0;0;UN;UN;2.135,00;4.608,55;;
CDFL;4500123036;;;120;0;0;404170;"CONJ MEDICAO 15KV; 70:1; 200-5A; USO EXT";101;EM Entrada mercador.;0180033990;1012848;5000239992;3;07/11/2025;09/12/2025;09/12/2025;10:00:08;1;35.108,55;INVT;EST_INV_AME;MDCOSTA;;;;;;;;;1;UN;CDFL - CD FLORES;;0;1;1;AMEN;;;;0,00;0,00;0;;0;0;;;B;;;;0;UN;2025;;;S;WE;0,00;BRL;;;0;0;UN;UN;2.135,00;4.608,55;;
CDFL;4500123036;;;120;0;0;404170;"CONJ MEDICAO 15KV; 70:1; 200-5A; USO EXT";101;EM Entrada mercador.;0180033494;1012848;5000234147;4;08/10/2025;28/10/2025;28/10/2025;11:13:45;1;35.108,55;INVT;EST_INV_AME;MDCOSTA;;;;;;;;;1;UN;CDFL - CD FLORES;;0;1;1;AMEN;;;;0,00;0,00;0;;0;0;;;B;;;;0;UN;2025;;;S;WE;0,00;BRL;;;0;0;UN;UN;2.135,00;4.608,55;;
CDFL;4500123036;;;130;0;0;404171;"CONJ MEDICAO 15KV; 70:1; 300-5A; USO EXT";101;EM Entrada mercador.;0180033688;1012848;5000235535;2;08/10/2025;11/11/2025;11/11/2025;18:00:49;1;36.835,20;INVT;EST_INV_AME;MDCOSTA;;;;;;;;;1;UN;CDFL - CD FLORES;;0;1;1;AMEN;;;;0,00;0,00;0;;0;0;;;B;;;;0;UN;2025;;;S;WE;0,00;BRL;;;0;0;UN;UN;2.240,00;4.835,20;;
CDFL;4500123036;;;100;0;0;404172;"CONJ MEDICAO 15KV; 70:1; 100-5A; USO EXT";101;EM Entrada mercador.;0180034214;1012848;5000243950;1;02/12/2025;22/12/2025;22/12/2025;14:33:49;4;140.434,20;INVT;EST_INV_AME;MDCOSTA;;;;;;;;;4;UN;CDFL - CD FLORES;;0;4;4;AMEN;;;;0,00;0,00;0;;0;0;;;B;;;;0;UN;2025;;;S;WE;0,00;BRL;;;0;0;UN;UN;8.540,00;18.434,20;;
CDFL;4500123036;;;100;0;0;404172;"CONJ MEDICAO 15KV; 70:1; 100-5A; USO EXT";101;EM Entrada mercador.;0180033923;1012848;5000239279;6;05/11/2025;02/12/2025;02/12/2025;11:22:07;4;140.434,20;INVT;EST_INV_AME;MDCOSTA;;;;;;;;;4;UN;CDFL - CD FLORES;;0;4;4;AMEN;;;;0,00;0,00;0;;0;0;;;B;;;;0;UN;2025;;;S;WE;0,00;BRL;;;0;0;UN;UN;8.540,00;18.434,20;;
CDFL;4500123036;;;100;0;0;404172;"CONJ MEDICAO 15KV; 70:1; 100-5A; USO EXT";101;EM Entrada mercador.;0180033494;1012848;5000234147;8;08/10/2025;28/10/2025;28/10/2025;11:13:45;4;140.434,20;INVT;EST_INV_AME;MDCOSTA;;;;;;;;;4;UN;CDFL - CD FLORES;;0;4;4;AMEN;;;;0,00;0,00;0;;0;0;;;B;;;;0;UN;2025;;;S;WE;0,00;BRL;;;0;0;UN;UN;8.540,00;18.434,20;;
CDFL;4500134074;;;10;0;0;404196;MODULO COMUNIC. INT. 4G P/ MEDIDOR;101;EM Entrada mercador.;0180033926;1009270;5000239295;1;12/11/2025;02/12/2025;02/12/2025;14:15:54;100;115.106,55;INVT;EST_INV_AME;MDCOSTA;;;;;;;;;100;UN;CDFL - CD FLORES;;0;100;100;AMEN;;;;0,00;0,00;0;;0;0;;;B;;;;0;UN;2025;;;S;WE;0,00;BRL;;;0;0;UN;UN;6.999,79;15.109,55;;
CDFL;4500135074;;;10;0;0;404205;SWITCH DE FIBRAS 24 PORTAS 10/100 MBPS;101;EM Entrada mercador.;0180035097;1009730;5000254288;1;06/03/2026;06/03/2026;06/03/2026;11:10:13;7;220.237,07;INVT;EST_INV_AME;MDCOSTA;;;;;;;;;7;UN;CDFL - CD FLORES;;0;7;7;AMEN;;;;0,00;0,00;0;;0;0;;;B;;;;0;UN;2026;;;S;WE;0,00;BRL;;;0;0;UN;UN;6.999,79;15.109,55;;
CDFL;4500135566;;;10;0;0;404212;CONECTOR FIBRA OPTICA CLICK  POF 2,2MM;101;EM Entrada mercador.;0180033867;1009270;5000237881;1;10/11/2025;24/11/2025;24/11/2025;09:30:41;806;16.616,66;INVT;EST_INV_AME;MDCOSTA;;;;;;;;;806;UN;CDFL - CD FLORES;;0;806;806;AMEN;;;;0,00;0,00;0;;0;0;;;B;;;;0;UN;2025;;;S;WE;0,00;BRL;;;0;0;UN;UN;1.010,48;2.181,20;;
CDFL;4500129084;;;10;0;0;404282;CABO OPTICO CALIBRAVEL RS232 ABNT;101;EM Entrada mercador.;0180033238;1009270;5000230979;1;02/10/2025;13/10/2025;13/10/2025;15:16:48;391;87.927,65;INVT;EST_INV_AME;MDCOSTA;;;;;;;;;391;KG;CDFL - CD FLORES;;0;391;391;AMEN;;;;0,00;0,00;0;;0;0;;;B;;;;0;KG;2025;;;S;WE;0,00;BRL;;;0;0;KG;KG;5.347,00;11.541,89;;
CDFL;4500126069;;;10;0;0;404613;"TRAFO CRTE 15KV; 40-5A; 0,3C12,5 BARRA";101;EM Entrada mercador.;0180034026;1007548;5000240967;1;13/11/2025;11/12/2025;11/12/2025;08:41:01;2;2.992,86;INVT;EST_INV_AME;MDCOSTA;;;;;;;;;2;UN;CDFL - CD FLORES;;0;2;2;AMEN;;;;0,00;0,00;0;;0;0;;;B;;;;0;UN;2025;;;S;WE;0,00;BRL;;;0;0;UN;UN;182,00;392,86;;
CDFL;4500131553;;;30;0;0;404617;MEDIDOR INTEL  3EL 4F 120V/220V 30/200A;101;EM Entrada mercador.;0180034901;1003382;5000252685;1;23/02/2026;23/02/2026;23/02/2026;08:10:15;15;18.719,86;INVT;EST_INV_AME;MDCOSTA;;;;;;;;;15;UN;CDFL - CD FLORES;;0;15;15;AMEN;;;;0,00;0,00;0;;0;0;;;B;;;;0;UN;2026;;;S;WE;0,00;BRL;;;0;0;UN;UN;2.064,69;1.514,11;;
CDFL;4500125432;;;30;0;0;404617;MEDIDOR INTEL  3EL 4F 120V/220V 30/200A;101;EM Entrada mercador.;0180033345;1003382;5000232283;1;22/09/2025;20/10/2025;20/10/2025;08:10:50;2;2.495,98;INVT;EST_INV_AME;MDCOSTA;;;;;;;;;2;UN;CDFL - CD FLORES;;0;2;2;AMEN;;;;0,00;0,00;0;;0;0;;;B;;;;0;UN;2025;;;S;WE;0,00;BRL;;;0;0;UN;UN;275,29;201,88;;
CDFL;4500137967;;;70;0;0;404719;FIXADOR PERFIL U AC 150DAN 300DAN;101;EM Entrada mercador.;0180035066;1007262;5000253642;7;04/03/2026;04/03/2026;04/03/2026;08:18:44;20;457,40;INVT;EST_INV_AME;MDCOSTA;;;;;;;;;20;UN;CDFL - CD FLORES;;0;20;20;AMEN;;;;0,00;0,00;0;;0;0;;;B;;;;0;UN;2026;;;S;WE;0,00;BRL;;;0;0;UN;UN;50,45;37,00;;
CDFL;4500144973;;;10;0;0;404732;CONECTOR PERFUR 50-185MM MED TENSAO 15KV;101;EM Entrada mercador.;0180035120;1020062;5000254476;1;25/02/2026;09/03/2026;09/03/2026;11:02:02;1.000;93.568,00;INVT;EST_INV_AME;MDCOSTA;;;;;;;;;1.000;UN;CDFL - CD FLORES;;0;1.000;1.000;AMEN;;;;0,00;0,00;0;;0;0;;;B;;;;0;UN;2026;;;S;WE;0,00;BRL;;;0;0;UN;UN;10.320,00;7.568,00;;
CDFL;4500138298;;;40;0;0;404732;CONECTOR PERFUR 50-185MM MED TENSAO 15KV;101;EM Entrada mercador.;0180034697;1020062;5000249389;2;30/01/2026;06/02/2026;06/02/2026;08:35:16;428;40.047,10;INVT;EST_INV_AME;MDCOSTA;;;;;;;;;428;UN;CDFL - CD FLORES;;0;428;428;AMEN;;;;0,00;0,00;0;;0;0;;;B;;;;0;UN;2026;;;S;WE;0,00;BRL;;;0;0;UN;UN;4.416,96;3.239,10;;
CDFL;4500131416;;;30;0;0;404732;CONECTOR PERFUR 50-185MM MED TENSAO 15KV;101;EM Entrada mercador.;0180033761;1020062;5000236320;1;21/10/2025;17/11/2025;17/11/2025;10:49:15;1.700;159.065,60;INVT;EST_INV_AME;MDCOSTA;;;;;;;;;1.700;UN;CDFL - CD FLORES;;0;1.700;1.700;AMEN;;;;0,00;0,00;0;;0;0;;;B;;;;0;UN;2025;;;S;WE;0,00;BRL;;;0;0;UN;UN;17.544,00;12.865,60;;
CDFL;4500128452;;;10;0;0;404740;CONECTOR PERF 15KV 35-70 / 35-70MM2;101;EM Entrada mercador.;0180033679;1009609;5000235526;1;13/10/2025;11/11/2025;11/11/2025;17:20:08;500;38.520,64;INVT;EST_INV_AME;MDCOSTA;;;;;;;;;500;UN;CDFL - CD FLORES;;0;500;500;AMEN;;;;0,00;0,00;0;;0;0;;;B;;;;0;UN;2025;;;S;WE;0,00;BRL;;;0;0;UN;UN;4.248,60;3.115,64;;
CDFL;4500123154;;;20;0;0;405487;TERMINAL TUBULAR CU ESTANHADO 25MM2 AZ;101;EM Entrada mercador.;0180034089;1003624;5000241859;1;09/12/2025;15/12/2025;15/12/2025;11:17:26;196.825;145.650,50;INVT;EST_INV_AME;MDCOSTA;;;;;;;;;196.825;UN;CDFL - CD FLORES;;0;196.825;196.825;AMEN;;;;0,00;0,00;0;;0;0;;;B;;;;0;UN;2025;;;S;WE;0,00;BRL;;;0;0;UN;UN;0,00;0,00;;
CDFL;4500123154;;;40;0;0;405491;TERMINAL TUBULAR CU ESTANHADO 35MM2;101;EM Entrada mercador.;0180035386;1003624;5000257298;1;26/03/2026;26/03/2026;26/03/2026;08:30:41;719;704,62;INVT;EST_INV_AME;MDCOSTA;;;;;;;;;719;UN;CDFL - CD FLORES;;0;719;719;AMEN;;;;0,00;0,00;0;;0;0;;;B;;;;0;UN;2026;;;S;WE;0,00;BRL;;;0;0;UN;UN;0,00;0,00;;
CDFL;4500123154;;;40;0;0;405491;TERMINAL TUBULAR CU ESTANHADO 35MM2;101;EM Entrada mercador.;0180034659;1003624;5000248760;1;04/02/2026;04/02/2026;04/02/2026;08:17:05;8.150;7.987,00;INVT;EST_INV_AME;MDCOSTA;;;;;;;;;8.150;UN;CDFL - CD FLORES;;0;8.150;8.150;AMEN;;;;0,00;0,00;0;;0;0;;;B;;;;0;UN;2026;;;S;WE;0,00;BRL;;;0;0;UN;UN;0,00;0,00;;
CDFL;4500123154;;;30;0;0;405491;TERMINAL TUBULAR CU ESTANHADO 35MM2;101;EM Entrada mercador.;0180034089;1003624;5000241859;2;09/12/2025;15/12/2025;15/12/2025;11:17:26;22.550;22.099,00;INVT;EST_INV_AME;MDCOSTA;;;;;;;;;22.550;UN;CDFL - CD FLORES;;0;22.550;22.550;AMEN;;;;0,00;0,00;0;;0;0;;;B;;;;0;UN;2025;;;S;WE;0,00;BRL;;;0;0;UN;UN;0,00;0,00;;
CDFL;4500130625;;;10;0;0;407129;CONECTOR PARAF FENDIDO BIMETAL PFB-25;101;EM Entrada mercador.;0180033970;1003799;5000239792;1;05/11/2025;05/12/2025;05/12/2025;09:04:53;3.600;32.488,65;INVT;EST_INV_AME;MDCOSTA;;;;;;;;;3.600;UN;CDFL - CD FLORES;;0;3.600;3.600;AMEN;;;;0,00;0,00;0;;0;0;;;B;;;;0;UN;2025;;;S;WE;0,00;BRL;;;0;0;UN;UN;1.975,68;4.264,65;;
CDFL;4500117854;;;10;0;0;407130;RELIGADOR 1F AUTOMATICO 15KV 200A 6,3kA;101;EM Entrada mercador.;0180033413;1004930;5000233241;1;19/09/2025;22/10/2025;22/10/2025;08:59:45;6;84.393,60;INVT;EST_INV_AME;MDCOSTA;;;;;;;;;6;PEÇ;CDFL - CD FLORES;;0;6;6;AMEN;;;;0,00;0,00;0;;0;0;;;B;;;;0;PEÇ;2025;;;S;WE;0,00;BRL;;;0;0;PEÇ;PEÇ;2.832,00;13.593,60;;
CDFL;4500116470;;;10;0;0;407130;RELIGADOR 1F AUTOMATICO 15KV 200A 6,3kA;101;EM Entrada mercador.;0180033254;1004930;5000231072;1;24/09/2025;14/10/2025;14/10/2025;08:39:26;10;140.656,00;INVT;EST_INV_AME;MDCOSTA;;;;;;;;;10;PEÇ;CDFL - CD FLORES;;0;10;10;AMEN;;;;0,00;0,00;0;;0;0;;;B;;;;0;PEÇ;2025;;;S;WE;0,00;BRL;;;0;0;PEÇ;PEÇ;4.720,00;22.656,00;;
CDFL;4500114231;;;20;0;0;407215;KIT SOBRESSALENTE PARA INVERSOR CC-CA;101;EM Entrada mercador.;0180033087;1011297;5000229483;2;27/08/2025;02/10/2025;02/10/2025;11:17:08;1;17.477,40;INVT;EST_INV_AME;MDCOSTA;;;;;;;;;1;UN;CDFL - CD FLORES;;0;1;1;AMEN;;;;0,00;0,00;0;;0;0;;;B;;;;0;UN;2025;;;S;WE;0,00;BRL;;;0;0;UN;UN;1.062,82;2.294,18;;
CDFL;4500147431;;;10;0;0;407223;MANTA ALUMINIZADA 10CM x 10M;101;EM Entrada mercador.;0180035016;1003224;5000253438;1;20/02/2026;02/03/2026;02/03/2026;14:10:36;458;11.271,38;INVT;EST_INV_AME;MDCOSTA;;;;;;;;;458;UN;CDFL - CD FLORES;;0;458;458;AMEN;;;;0,00;0,00;0;;0;0;;;B;;;;0;UN;2026;;;S;WE;0,00;BRL;;;0;0;PEÇ;UN;2.254,28;0,00;;
CDFL;4500135901;;;30;0;0;407336;CABO ELETR 15KV AL PROT XLPE 70MM2 1F MT;101;EM Entrada mercador.;0180034563;1011333;5000247841;2;27/01/2026;27/01/2026;27/01/2026;16:18:08;1.981;16.144,73;INVT;EST_INV_AME;MDCOSTA;;;;;;;;;1.981;M;CDFL - CD FLORES;;0;1.981;1.981;AMEN;;;;0,00;0,00;0;;0;0;;;B;;;;0;M;2026;;;S;WE;0,00;BRL;;;0;0;M;M;981,78;2.119,25;;
CDFL;4500128696;;;10;0;0;407336;CABO ELETR 15KV AL PROT XLPE 70MM2 1F MT;101;EM Entrada mercador.;0180033636;1011333;5000235084;1;04/10/2025;07/11/2025;07/11/2025;15:58:55;1.500;12.224,68;INVT;EST_INV_AME;MDCOSTA;;;;;;;;;1.500;M;CDFL - CD FLORES;;0;1.500;1.500;AMEN;;;;0,00;0,00;0;;0;0;;;B;;;;0;M;2025;;;S;WE;0,00;BRL;;;0;0;M;M;743,37;1.604,61;;
CDFL;4500128696;;;10;0;0;407336;CABO ELETR 15KV AL PROT XLPE 70MM2 1F MT;101;EM Entrada mercador.;0180033636;1011333;5000235084;2;04/10/2025;07/11/2025;07/11/2025;15:58:55;711;5.794,50;INVT;EST_INV_AME;MDCOSTA;;;;;;;;;711;M;CDFL - CD FLORES;;0;711;711;AMEN;;;;0,00;0,00;0;;0;0;;;B;;;;0;M;2025;;;S;WE;0,00;BRL;;;0;0;M;M;352,36;760,59;;
CDFL;4500137985;;;10;0;0;407355;CRUZETA POL FBV/RES 2400X112,5X90MM DAT;101;EM Entrada mercador.;0180035108;1007001;5000254404;1;30/01/2026;09/03/2026;09/03/2026;09:09:06;430;80.433,11;INVT;EST_INV_AME;MDCOSTA;;;;;;;;;430;UN;CDFL - CD FLORES;;0;430;430;AMEN;;;;0,00;0,00;0;;0;0;;;B;;;;0;UN;2026;;;S;WE;0,00;BRL;;;0;0;UN;UN;4.891,25;10.558,11;;
CDFL;4500123154;;;10;0;0;407596;TERMINAL OLHAL COMPRESSAO 120MM²;101;EM Entrada mercador.;0180034089;1003624;5000241859;3;09/12/2025;15/12/2025;15/12/2025;11:17:26;2.400;32.232,00;INVT;EST_INV_AME;MDCOSTA;;;;;;;;;2.400;UN;CDFL - CD FLORES;;0;2.400;2.400;AMEN;;;;0,00;0,00;0;;0;0;;;B;;;;0;UN;2025;;;S;WE;0,00;BRL;;;0;0;UN;UN;0,00;0,00;;
CDFL;4500137959;;;10;0;0;408994;ISOLADOR PINO, POLIMERICO COM TRAVAS;101;EM Entrada mercador.;0180034860;1004591;5000251976;1;28/01/2026;19/02/2026;19/02/2026;16:06:26;1.000;25.324,20;INVT;EST_INV_AME;MDCOSTA;;;;;;;;;1.000;UN;CDFL - CD FLORES;;0;1.000;1.000;AMEN;;;;0,00;0,00;0;;0;0;;;B;;;;0;UN;2026;;;S;WE;0,00;BRL;;;0;0;UN;UN;1.540,00;3.324,20;;
CDFL;4500133215;;;10;0;0;408994;ISOLADOR PINO, POLIMERICO COM TRAVAS;101;EM Entrada mercador.;0180034859;1004591;5000251975;1;28/01/2026;19/02/2026;19/02/2026;16:03:44;500;12.662,10;INVT;EST_INV_AME;MDCOSTA;;;;;;;;;500;UN;CDFL - CD FLORES;;0;500;500;AMEN;;;;0,00;0,00;0;;0;0;;;B;;;;0;UN;2026;;;S;WE;0,00;BRL;;;0;0;UN;UN;770,00;1.662,10;;
CDFL;4500123147;;;10;0;0;408994;ISOLADOR PINO, POLIMERICO COM TRAVAS;101;EM Entrada mercador.;0180033083;1004591;5000229414;1;29/08/2025;02/10/2025;02/10/2025;08:47:41;500;12.662,10;INVT;EST_INV_AME;MDCOSTA;;;;;;;;;500;UN;CDFL - CD FLORES;;0;500;500;AMEN;;;;0,00;0,00;0;;0;0;;;B;;;;0;UN;2025;;;S;WE;0,00;BRL;;;0;0;UN;UN;770,00;1.662,10;;
CDFL;4500125727;;;10;0;0;409237;DETECTOR DE VAZAMENTOS DE GAS SF6;101;EM Entrada mercador.;0180034031;1025265;5000240995;1;27/11/2025;11/12/2025;11/12/2025;09:21:33;1;12.855,41;INVT;EST_INV_AME;MDCOSTA;;;;;;;;;1;UN;CDFL - CD FLORES;;0;1;1;AMEN;;;;0,00;0,00;0;;0;0;;;B;;;;0;UN;2025;;;S;WE;0,00;BRL;;;0;0;UN;UN;0,00;0,00;;
CDFL;4500125744;;;10;0;0;409376;CAIXA PARA MEDIDOR POLIFASICA VIS. VIDRO;101;EM Entrada mercador.;0180033497;1013522;5000234153;1;26/09/2025;28/10/2025;28/10/2025;14:23:03;2.037;128.963,49;INVT;EST_INV_AME;MDCOSTA;;;;;;;;;2.037;UN;CDFL - CD FLORES;;0;2.037;2.037;AMEN;;;;0,00;0,00;0;;0;0;;;B;;;;0;UN;2025;;;S;WE;0,00;BRL;;;0;0;UN;UN;7.842,45;16.928,49;;
CDFL;4500120643;;;20;0;0;409620;REGULADOR TENSAO 1F 333KVA 7,96KV 438A;101;EM Entrada mercador.;0180033695;1003334;5000235730;1;14/10/2025;12/11/2025;12/11/2025;14:42:32;3;432.802,09;INVT;EST_INV_AME;MDCOSTA;;;;;;;;;3;UN;CDFL - CD FLORES;;0;3;3;AMEN;;;;0,00;0,00;0;;0;0;;;B;;;;0;UN;2025;;;S;WE;0,00;BRL;;;0;0;UN;UN;26.319,30;56.812,09;;
CDFL;4500120643;;;20;0;0;409620;REGULADOR TENSAO 1F 333KVA 7,96KV 438A;101;EM Entrada mercador.;0180033695;1003334;5000235730;2;14/10/2025;12/11/2025;12/11/2025;14:42:32;1;144.267,36;INVT;EST_INV_AME;MDCOSTA;;;;;;;;;1;UN;CDFL - CD FLORES;;0;1;1;AMEN;;;;0,00;0,00;0;;0;0;;;B;;;;0;UN;2025;;;S;WE;0,00;BRL;;;0;0;UN;UN;8.773,10;18.937,36;;
CDFL;4500120643;;;20;0;0;409620;REGULADOR TENSAO 1F 333KVA 7,96KV 438A;101;EM Entrada mercador.;0180033696;1003334;5000235732;1;14/10/2025;12/11/2025;12/11/2025;14:45:36;5;721.336,82;INVT;EST_INV_AME;MDCOSTA;;;;;;;;;5;UN;CDFL - CD FLORES;;0;5;5;AMEN;;;;0,00;0,00;0;;0;0;;;B;;;;0;UN;2025;;;S;WE;0,00;BRL;;;0;0;UN;UN;43.865,50;94.686,82;;
CDFL;4500120643;;;20;0;0;409620;REGULADOR TENSAO 1F 333KVA 7,96KV 438A;101;EM Entrada mercador.;0180033696;1003334;5000235732;2;14/10/2025;12/11/2025;12/11/2025;14:45:36;3;432.802,09;INVT;EST_INV_AME;MDCOSTA;;;;;;;;;3;UN;CDFL - CD FLORES;;0;3;3;AMEN;;;;0,00;0,00;0;;0;0;;;B;;;;0;UN;2025;;;S;WE;0,00;BRL;;;0;0;UN;UN;26.319,30;56.812,09;;
CDFL;4500123036;;;140;0;0;409737;"CONJ MEDICAO 15KV; 70:1; 400-5A; USO EXT";101;EM Entrada mercador.;0180033990;1012848;5000239992;7;07/11/2025;09/12/2025;09/12/2025;10:00:08;1;37.295,64;INVT;EST_INV_AME;MDCOSTA;;;;;;;;;1;UN;CDFL - CD FLORES;;0;1;1;AMEN;;;;0,00;0,00;0;;0;0;;;B;;;;0;UN;2025;;;S;WE;0,00;BRL;;;0;0;UN;UN;2.268,00;4.895,64;;
CDFL;4500123036;;;140;0;0;409737;"CONJ MEDICAO 15KV; 70:1; 400-5A; USO EXT";101;EM Entrada mercador.;0180033688;1012848;5000235535;3;08/10/2025;11/11/2025;11/11/2025;18:00:49;1;37.295,64;INVT;EST_INV_AME;MDCOSTA;;;;;;;;;1;UN;CDFL - CD FLORES;;0;1;1;AMEN;;;;0,00;0,00;0;;0;0;;;B;;;;0;UN;2025;;;S;WE;0,00;BRL;;;0;0;UN;UN;2.268,00;4.895,64;;
CDFL;4500120637;;;10;0;0;409746;RETIFICADOR PORTATIL 220VCA/1F/125VCC/12;101;EM Entrada mercador.;0180033568;1017418;5000234450;1;11/09/2025;03/11/2025;03/11/2025;14:27:46;1;44.986,84;INVT;EST_INV_AME;MDCOSTA;;;;;;;;;1;UN;CDFL - CD FLORES;;0;1;1;AMEN;;;;0,00;0,00;0;;0;0;;;B;;;;0;UN;2025;;;S;WE;0,00;BRL;;;0;0;UN;UN;2.735,71;5.905,23;;
CDFL;4500120637;;;20;0;0;409747;RETIFICADOR PORTATIL 220VCA/1F/48VCC/100;101;EM Entrada mercador.;0180033568;1017418;5000234450;2;11/09/2025;03/11/2025;03/11/2025;14:27:46;1;28.219,55;INVT;EST_INV_AME;MDCOSTA;;;;;;;;;1;UN;CDFL - CD FLORES;;0;1;1;AMEN;;;;0,00;0,00;0;;0;0;;;B;;;;0;UN;2025;;;S;WE;0,00;BRL;;;0;0;UN;UN;1.716,07;3.704,26;;
CDFL;4500124121;;;20;0;0;409793;TRAFO POTENCIAL 13,8KV/RAIZ3-115V/0,3P75;101;EM Entrada mercador.;0180034027;1007548;5000240968;2;13/11/2025;11/12/2025;11/12/2025;08:44:31;10;43.166,25;INVT;EST_INV_AME;MDCOSTA;;;;;;;;;10;UN;CDFL - CD FLORES;;0;10;10;AMEN;;;;0,00;0,00;0;;0;0;;;B;;;;0;UN;2025;;;S;WE;0,00;BRL;;;0;0;UN;UN;2.625,00;5.666,25;;
CDFL;4500112348;;;20;0;0;409809;DISJ 3P 17,5KV 2500A EXE172525E-BB125M;101;EM Entrada mercador.;0180035115;1009088;5000254413;1;27/01/2026;09/03/2026;09/03/2026;09:46:24;1;135.598,26;INVT;EST_INV_AME;MDCOSTA;;;;;;;;;1;UN;CDFL - CD FLORES;;0;1;1;AMEN;;;;0,00;0,00;0;;0;0;;;B;;;;0;UN;2026;;;S;WE;0,00;BRL;;;0;0;UN;UN;14.955,69;10.967,51;;
CDFL;4500112348;;;40;0;0;409809;DISJ 3P 17,5KV 2500A EXE172525E-BB125M;101;EM Entrada mercador.;0180034478;1009088;5000246993;1;12/12/2025;22/01/2026;22/01/2026;09:39:31;1;135.598,26;INVT;EST_INV_AME;MDCOSTA;;;;;;;;;1;UN;CDFL - CD FLORES;;0;1;1;AMEN;;;;0,00;0,00;0;;0;0;;;B;;;;0;UN;2026;;;S;WE;0,00;BRL;;;0;0;UN;UN;14.955,69;10.967,51;;
CDFL;4500112293;;;10;0;0;409811;DISJ 3P 24KV 2000A 25KA HAF 6144-4;101;EM Entrada mercador.;0180034266;1016990;5000244096;1;31/10/2025;29/12/2025;29/12/2025;09:42:09;1;73.535,34;INVT;EST_INV_AME;MDCOSTA;;;;;;;;;1;UN;CDFL - CD FLORES;;0;1;1;AMEN;;;;0,00;0,00;0;;0;0;;;B;;;;0;UN;2025;;;S;WE;0,00;BRL;;;0;0;UN;UN;4.471,79;9.652,67;;
CDFL;4500112293;;;30;0;0;409811;DISJ 3P 24KV 2000A 25KA HAF 6144-4;101;EM Entrada mercador.;0180034266;1016990;5000244096;7;31/10/2025;29/12/2025;29/12/2025;09:42:09;1;73.535,34;INVT;EST_INV_AME;MDCOSTA;;;;;;;;;1;UN;CDFL - CD FLORES;;0;1;1;AMEN;;;;0,00;0,00;0;;0;0;;;B;;;;0;UN;2025;;;S;WE;0,00;BRL;;;0;0;UN;UN;4.471,79;9.652,67;;
CDFL;4500112293;;;20;0;0;409811;DISJ 3P 24KV 2000A 25KA HAF 6144-4;101;EM Entrada mercador.;0180034266;1016990;5000244096;6;31/10/2025;29/12/2025;29/12/2025;09:42:09;1;73.535,34;INVT;EST_INV_AME;MDCOSTA;;;;;;;;;1;UN;CDFL - CD FLORES;;0;1;1;AMEN;;;;0,00;0,00;0;;0;0;;;B;;;;0;UN;2025;;;S;WE;0,00;BRL;;;0;0;UN;UN;4.471,79;9.652,67;;
CDFL;4500112293;;;60;0;0;409812;DISJ 3P 24KV 1250A 25KA HAF 6142-4;101;EM Entrada mercador.;0180034266;1016990;5000244096;5;31/10/2025;29/12/2025;29/12/2025;09:42:09;1;62.199,72;INVT;EST_INV_AME;MDCOSTA;;;;;;;;;1;UN;CDFL - CD FLORES;;0;1;1;AMEN;;;;0,00;0,00;0;;0;0;;;B;;;;0;UN;2025;;;S;WE;0,00;BRL;;;0;0;UN;UN;3.782,45;8.164,69;;
CDFL;4500112293;;;80;0;0;409812;DISJ 3P 24KV 1250A 25KA HAF 6142-4;101;EM Entrada mercador.;0180034266;1016990;5000244096;4;31/10/2025;29/12/2025;29/12/2025;09:42:09;2;124.399,45;INVT;EST_INV_AME;MDCOSTA;;;;;;;;;2;UN;CDFL - CD FLORES;;0;2;2;AMEN;;;;0,00;0,00;0;;0;0;;;B;;;;0;UN;2025;;;S;WE;0,00;BRL;;;0;0;UN;UN;7.564,90;16.329,39;;
CDFL;4500112293;;;90;0;0;409812;DISJ 3P 24KV 1250A 25KA HAF 6142-4;101;EM Entrada mercador.;0180034266;1016990;5000244096;2;31/10/2025;29/12/2025;29/12/2025;09:42:09;1;62.199,72;INVT;EST_INV_AME;MDCOSTA;;;;;;;;;1;UN;CDFL - CD FLORES;;0;1;1;AMEN;;;;0,00;0,00;0;;0;0;;;B;;;;0;UN;2025;;;S;WE;0,00;BRL;;;0;0;UN;UN;3.782,45;8.164,69;;
CDFL;4500112293;;;100;0;0;409813;DISJ 3P 17,5KV 2500A 25KA HGV 3156;101;EM Entrada mercador.;0180034266;1016990;5000244096;3;31/10/2025;29/12/2025;29/12/2025;09:42:09;1;126.269,33;INVT;EST_INV_AME;MDCOSTA;;;;;;;;;1;UN;CDFL - CD FLORES;;0;1;1;AMEN;;;;0,00;0,00;0;;0;0;;;B;;;;0;UN;2025;;;S;WE;0,00;BRL;;;0;0;UN;UN;7.678,61;16.574,84;;
CDFL;4500112293;;;70;0;0;409813;DISJ 3P 17,5KV 2500A 25KA HGV 3156;101;EM Entrada mercador.;0180034266;1016990;5000244096;10;31/10/2025;29/12/2025;29/12/2025;09:42:09;1;126.269,33;INVT;EST_INV_AME;MDCOSTA;;;;;;;;;1;UN;CDFL - CD FLORES;;0;1;1;AMEN;;;;0,00;0,00;0;;0;0;;;B;;;;0;UN;2025;;;S;WE;0,00;BRL;;;0;0;UN;UN;7.678,61;16.574,84;;
CDFL;4500112293;;;40;0;0;409814;DISJ 3P 17,5KV 1250A 25KA HVF 3152D;101;EM Entrada mercador.;0180034266;1016990;5000244096;8;31/10/2025;29/12/2025;29/12/2025;09:42:09;1;62.244,81;INVT;EST_INV_AME;MDCOSTA;;;;;;;;;1;UN;CDFL - CD FLORES;;0;1;1;AMEN;;;;0,00;0,00;0;;0;0;;;B;;;;0;UN;2025;;;S;WE;0,00;BRL;;;0;0;UN;UN;3.785,19;8.170,61;;
CDFL;4500112293;;;50;0;0;409814;DISJ 3P 17,5KV 1250A 25KA HVF 3152D;101;EM Entrada mercador.;0180034266;1016990;5000244096;9;31/10/2025;29/12/2025;29/12/2025;09:42:09;1;62.244,81;INVT;EST_INV_AME;MDCOSTA;;;;;;;;;1;UN;CDFL - CD FLORES;;0;1;1;AMEN;;;;0,00;0,00;0;;0;0;;;B;;;;0;UN;2025;;;S;WE;0,00;BRL;;;0;0;UN;UN;3.785,19;8.170,61;;
CDFL;4500129383;;;10;0;0;409885;RELÉ DE PROTEÇAO DIFERENCIAL;101;EM Entrada mercador.;0180034192;1007216;5000243918;1;26/11/2025;22/12/2025;22/12/2025;09:37:10;2;137.350,58;INVT;EST_INV_AME;MDCOSTA;;;;;;;;;2;UN;CDFL - CD FLORES;;0;2;2;AMEN;;;;0,00;0,00;0;;0;0;;;B;;;;0;UN;2025;;;S;WE;0,00;BRL;;;0;0;UN;UN;4.609,08;22.123,58;;
CDFL;4500127191;;;10;0;0;409974;UNIDADE PROT DIFERENC LINHA RED 670;101;EM Entrada mercador.;0180034677;1004735;5000249241;1;23/01/2026;05/02/2026;05/02/2026;14:27:39;1;96.888,32;INVT;EST_INV_AME;MDCOSTA;;;;;;;;;1;UN;CDFL - CD FLORES;;0;1;1;AMEN;;;;0,00;0,00;0;;0;0;;;B;;;;0;UN;2026;;;S;WE;0,00;BRL;;;0;0;UN;UN;3.251,29;15.606,17;;
CDFL;4500149809;;;10;0;0;410041;PARAFUSO AUTO BROC CHAT phillips 4.2x25m;101;EM Entrada mercador.;0180035336;1027540;5000257022;1;18/03/2026;23/03/2026;23/03/2026;10:22:57;50.000;21.500,00;INVT;EST_INV_AME;LPEIXOTO;;;;;;;;;50.000;UN;CDFL - CD FLORES;;0;50.000;50.000;AMEN;;;;0,00;0,00;0;;0;0;;;B;;;;0;UN;2026;;;S;WE;0,00;BRL;;;0;0;UN;UN;0,00;0,00;;
CDFL;4500148095;;;20;0;0;410041;PARAFUSO AUTO BROC CHAT phillips 4.2x25m;101;EM Entrada mercador.;0180035145;1027540;5000254672;1;05/03/2026;10/03/2026;10/03/2026;09:44:46;46.000;19.780,00;INVT;EST_INV_AME;MDCOSTA;;;;;;;;;46.000;UN;CDFL - CD FLORES;;0;46.000;46.000;AMEN;;;;0,00;0,00;0;;0;0;;;B;;;;0;UN;2026;;;S;WE;0,00;BRL;;;0;0;UN;UN;0,00;0,00;;
CDFL;4500135933;;;10;0;0;410085;TRANSPORTADOR DE BOBINAS 800;101;EM Entrada mercador.;0180034080;1026962;5000241700;1;07/11/2025;15/12/2025;15/12/2025;09:29:57;1;3.510,00;INVT;EST_INV_AME;MDCOSTA;;;;;;;;;1;UN;CDFL - CD FLORES;;0;1;1;AMEN;;;;0,00;0,00;0;;0;0;;;B;;;;0;UN;2025;;;S;WE;0,00;BRL;;;0;0;UN;UN;0,00;0,00;;
CDFL;4500135933;;;20;0;0;410086;MEDIDOR DE FIOS E CABOS 500 C/ GUIA CABO;101;EM Entrada mercador.;0180034080;1026962;5000241700;3;07/11/2025;15/12/2025;15/12/2025;09:29:57;1;4.110,00;INVT;EST_INV_AME;MDCOSTA;;;;;;;;;1;UN;CDFL - CD FLORES;;0;1;1;AMEN;;;;0,00;0,00;0;;0;0;;;B;;;;0;UN;2025;;;S;WE;0,00;BRL;;;0;0;UN;UN;0,00;0,00;;
CDFL;4500135933;;;30;0;0;410087;ENROLADOR DE FIOS E CABOS 600 ROBUST;101;EM Entrada mercador.;0180034080;1026962;5000241700;2;07/11/2025;15/12/2025;15/12/2025;09:29:57;1;4.610,00;INVT;EST_INV_AME;MDCOSTA;;;;;;;;;1;UN;CDFL - CD FLORES;;0;1;1;AMEN;;;;0,00;0,00;0;;0;0;;;B;;;;0;UN;2025;;;S;WE;0,00;BRL;;;0;0;UN;UN;0,00;0,00;;
CDFL;4500144696;;;10;0;0;410147;CX BLIND P/ MED MONO C/ ABERT INTEL;101;EM Entrada mercador.;0180034987;1003592;5000253314;1;28/01/2026;27/02/2026;27/02/2026;14:47:36;15;6.245,34;INVT;EST_INV_AME;MDCOSTA;;;;;;;;;15;UN;CDFL - CD FLORES;;0;15;15;AMEN;;;;0,00;0,00;0;;0;0;;;B;;;;0;UN;2026;;;S;WE;0,00;BRL;;;0;0;UN;UN;688,82;505,14;;
CDFL;4500144696;;;20;0;0;410152;CX BLIND P/ MED BI C/ ABERT INTEL;101;EM Entrada mercador.;0180034987;1003592;5000253314;2;28/01/2026;27/02/2026;27/02/2026;14:47:36;13;6.070,32;INVT;EST_INV_AME;MDCOSTA;;;;;;;;;13;UN;CDFL - CD FLORES;;0;13;13;AMEN;;;;0,00;0,00;0;;0;0;;;B;;;;0;UN;2026;;;S;WE;0,00;BRL;;;0;0;UN;UN;669,52;490,98;;
CDFL;4500144696;;;30;0;0;410153;CX BLIND P/ MED TRI C/ ABERT INTEL;101;EM Entrada mercador.;0180034987;1003592;5000253314;3;28/01/2026;27/02/2026;27/02/2026;14:47:36;2;933,90;INVT;EST_INV_AME;MDCOSTA;;;;;;;;;2;UN;CDFL - CD FLORES;;0;2;2;AMEN;;;;0,00;0,00;0;;0;0;;;B;;;;0;UN;2026;;;S;WE;0,00;BRL;;;0;0;UN;UN;103,00;75,54;;
CDFL;4500148303;;;10;0;0;410177;ABRACADEIRA AÇO INOX 304 – 362X7,90MM;101;EM Entrada mercador.;0180035354;1012974;5000257135;1;13/03/2026;24/03/2026;24/03/2026;08:58:43;10.000;21.295,35;INVT;EST_INV_AME;MDCOSTA;;;;;;;;;10.000;UN;CDFL - CD FLORES;;0;10.000;10.000;AMEN;;;;0,00;0,00;0;;0;0;;;B;;;;0;UN;2026;;;S;WE;0,00;BRL;;;0;0;UN;UN;1.295,00;2.795,35;;
CDFL;4500147200;;;10;0;0;410177;ABRACADEIRA AÇO INOX 304 – 362X7,90MM;101;EM Entrada mercador.;0180035303;1012974;5000256630;1;23/02/2026;19/03/2026;19/03/2026;09:33:28;6.400;13.629,02;INVT;EST_INV_AME;MDCOSTA;;;;;;;;;6.400;UN;CDFL - CD FLORES;;0;6.400;6.400;AMEN;;;;0,00;0,00;0;;0;0;;;B;;;;0;UN;2026;;;S;WE;0,00;BRL;;;0;0;UN;UN;828,80;1.789,02;;
CDFL;4500147679;;;10;0;0;410177;ABRACADEIRA AÇO INOX 304 – 362X7,90MM;101;EM Entrada mercador.;0180035189;1012974;5000256150;1;05/03/2026;16/03/2026;16/03/2026;09:16:53;6.800;14.480,84;INVT;EST_INV_AME;MDCOSTA;;;;;;;;;6.800;UN;CDFL - CD FLORES;;0;6.800;6.800;AMEN;;;;0,00;0,00;0;;0;0;;;B;;;;0;UN;2026;;;S;WE;0,00;BRL;;;0;0;UN;UN;880,60;1.900,84;;
CDFL;4500147933;;;10;0;0;410200; CONECTOR COMP TIPO H 95-95;101;EM Entrada mercador.;0180035243;1014880;5000256402;1;17/03/2026;17/03/2026;17/03/2026;10:17:53;2.820;34.084,07;INVT;EST_INV_AME;MDCOSTA;;;;;;;;;2.820;UN;CDFL - CD FLORES;;0;2.820;2.820;AMEN;;;;0,00;0,00;0;;0;0;;;B;;;;0;UN;2026;;;S;WE;0,00;BRL;;;0;0;UN;UN;2.072,70;4.474,07;;
CDFL;4500147804;;;10;0;0;410200; CONECTOR COMP TIPO H 95-95;101;EM Entrada mercador.;0180035146;1003515;5000254683;1;04/03/2026;10/03/2026;10/03/2026;09:50:17;20;350,00;INVT;EST_INV_AME;MDCOSTA;;;;;;;;;20;UN;CDFL - CD FLORES;;0;20;20;AMEN;;;;0,00;0,00;0;;0;0;;;B;;;;0;UN;2026;;;S;WE;0,00;BRL;;;0;0;UN;UN;0,00;0,00;;
CDFL;4500148647;;;10;0;0;410212;FITA AUTOADESIVA BLINDAGEM 10cmX10m;101;EM Entrada mercador.;0180035209;1003224;5000256296;1;11/03/2026;16/03/2026;16/03/2026;14:16:01;150;3.690,00;INVT;EST_INV_AME;MDCOSTA;;;;;;;;;150;UN;CDFL - CD FLORES;;0;150;150;AMEN;;;;0,00;0,00;0;;0;0;;;B;;;;0;UN;2026;;;S;WE;0,00;BRL;;;0;0;UN;UN;738,00;0,00;;
CDFL;4500147585;;;10;0;0;410212;FITA AUTOADESIVA BLINDAGEM 10cmX10m;101;EM Entrada mercador.;0180034983;1008630;5000253289;1;13/02/2026;26/02/2026;26/02/2026;16:38:05;60;1.377,00;INVT;EST_INV_AME;MDCOSTA;;;;;;;;;60;UN;CDFL - CD FLORES;;0;60;60;AMEN;;;;0,00;0,00;0;;0;0;;;B;;;;0;UN;2026;;;S;WE;0,00;BRL;;;0;0;UN;UN;0,00;0,00;;
CDFL;4500147585;;;10;0;0;410212;FITA AUTOADESIVA BLINDAGEM 10cmX10m;101;EM Entrada mercador.;0180034983;1008630;5000253289;2;13/02/2026;26/02/2026;26/02/2026;16:38:05;22;504,90;INVT;EST_INV_AME;MDCOSTA;;;;;;;;;22;UN;CDFL - CD FLORES;;0;22;22;AMEN;;;;0,00;0,00;0;;0;0;;;B;;;;0;UN;2026;;;S;WE;0,00;BRL;;;0;0;UN;UN;0,00;0,00;;
CDFL;4500148074;;;10;0;0;410213;TINTA SPRAY;101;EM Entrada mercador.;0180035280;1027532;5000256521;1;16/03/2026;18/03/2026;18/03/2026;10:12:21;204;3.672,00;INVT;EST_INV_AME;MDCOSTA;;;;;;;;;204;UN;CDFL - CD FLORES;;0;204;204;AMEN;;;;0,00;0,00;0;;0;0;;;B;;;;0;UN;2026;;;S;WE;0,00;BRL;;;0;0;UN;UN;0,00;0,00;;
CDFL;4500148075;;;10;0;0;410213;TINTA SPRAY;101;EM Entrada mercador.;0180035091;1027532;5000254189;1;27/02/2026;06/03/2026;06/03/2026;08:18:17;60;1.080,00;INVT;EST_INV_AME;MDCOSTA;;;;;;;;;60;UN;CDFL - CD FLORES;;0;60;60;AMEN;;;;0,00;0,00;0;;0;0;;;B;;;;0;UN;2026;;;S;WE;0,00;BRL;;;0;0;UN;UN;0,00;0,00;;
CDFL;4500147577;;;20;0;0;410213;TINTA SPRAY;101;EM Entrada mercador.;0180035037;1008610;5000253500;2;23/02/2026;03/03/2026;03/03/2026;09:31:57;7;147,42;INVT;EST_INV_AME;MDCOSTA;;;;;;;;;7;UN;CDFL - CD FLORES;;0;7;7;AMEN;;;;0,00;0,00;0;;0;0;;;B;;;;0;UN;2026;;;S;WE;0,00;BRL;;;0;0;UN;UN;0,00;0,00;;
CDFL;4500147577;;;20;0;0;410213;TINTA SPRAY;101;EM Entrada mercador.;0180035037;1008610;5000253500;1;23/02/2026;03/03/2026;03/03/2026;09:31:57;19;400,14;INVT;EST_INV_AME;MDCOSTA;;;;;;;;;19;UN;CDFL - CD FLORES;;0;19;19;AMEN;;;;0,00;0,00;0;;0;0;;;B;;;;0;UN;2026;;;S;WE;0,00;BRL;;;0;0;UN;UN;0,00;0,00;;
CDFL;4500113326;;;20;0;0;800021;CABO ELET CU 95MM2 90°XLPE 0,6/1KV;101;EM Entrada mercador.;0180033824;1003949;5000236814;1;11/11/2025;19/11/2025;19/11/2025;07:43:03;28;2.087,96;CUST;ESTOQUE_AME;MDCOSTA;;;;;;;;;28;M;CDFL - CD FLORES;;0;28;28;AMEN;;;;0,00;0,00;0;;0;0;;;B;;;;0;M;2025;;;S;WE;0,00;BRL;;;0;0;M;M;146,16;0,00;;
CDFL;4500128710;;;10;0;0;800021;CABO ELET CU 95MM2 90°XLPE 0,6/1KV;101;EM Entrada mercador.;0180033779;1003949;5000236362;2;11/11/2025;17/11/2025;17/11/2025;15:03:23;1.000;64.890,00;CUST;ESTOQUE_AME;LPEIXOTO;;;;;;;;;1.000;M;CDFL - CD FLORES;;0;1.000;1.000;AMEN;;;;0,00;0,00;0;;0;0;;;B;;;;0;M;2025;;;S;WE;0,00;BRL;;;0;0;M;M;4.542,30;0,00;;
CDFL;4500128710;;;10;0;0;800021;CABO ELET CU 95MM2 90°XLPE 0,6/1KV;101;EM Entrada mercador.;0180033779;1003949;5000236362;1;11/11/2025;17/11/2025;17/11/2025;15:03:23;1.000;64.890,00;CUST;ESTOQUE_AME;LPEIXOTO;;;;;;;;;1.000;M;CDFL - CD FLORES;;0;1.000;1.000;AMEN;;;;0,00;0,00;0;;0;0;;;B;;;;0;M;2025;;;S;WE;0,00;BRL;;;0;0;M;M;4.542,30;0,00;;
CDFL;4500136123;;;10;0;0;800031;CABO ELET NU CA AL 2AWG 33,54MM2 IRIS;101;EM Entrada mercador.;0180034140;1003949;5000243584;1;10/12/2025;18/12/2025;18/12/2025;09:04:33;3.986;115.594,00;CUST;ESTOQUE_AME;MDCOSTA;;;;;;;;;3.986;KG;CDFL - CD FLORES;;0;3.986;3.986;AMEN;;;;0,00;0,00;0;;0;0;;;B;;;;0;KG;2025;;;S;WE;0,00;BRL;;;0;0;KG;KG;8.091,58;0,00;;
CDFL;4500136123;;;10;0;0;800031;CABO ELET NU CA AL 2AWG 33,54MM2 IRIS;101;EM Entrada mercador.;0180033981;1003949;5000239897;1;25/11/2025;05/12/2025;05/12/2025;14:50:32;2.550;73.950,00;CUST;ESTOQUE_AME;MDCOSTA;;;;;;;;;2.550;KG;CDFL - CD FLORES;;0;2.550;2.550;AMEN;;;;0,00;0,00;0;;0;0;;;B;;;;0;KG;2025;;;S;WE;0,00;BRL;;;0;0;KG;KG;5.176,50;0,00;;
CDFL;4500133097;;;10;0;0;800031;CABO ELET NU CA AL 2AWG 33,54MM2 IRIS;101;EM Entrada mercador.;0180033545;1003949;5000234292;1;23/10/2025;31/10/2025;31/10/2025;09:50:51;2.500;72.500,00;CUST;ESTOQUE_AME;MDCOSTA;;;;;;;;;2.500;KG;CDFL - CD FLORES;;0;2.500;2.500;AMEN;;;;0,00;0,00;0;;0;0;;;B;;;;0;KG;2025;;;S;WE;0,00;BRL;;;0;0;KG;KG;5.075,00;0,00;;
CDFL;4500128658;;;10;0;0;800033;CABO ELETR 15KV AL PROT XLPE 50MM2 1F MT;101;EM Entrada mercador.;0180033711;1011333;5000235836;2;04/10/2025;13/11/2025;13/11/2025;10:00:12;560;3.364,96;CUST;ESTOQUE_AME;MDCOSTA;;;;;;;;;560;M;CDFL - CD FLORES;;0;560;560;AMEN;;;;0,00;0,00;0;;0;0;;;B;;;;0;M;2025;;;S;WE;0,00;BRL;;;0;0;M;M;204,63;441,70;;
CDFL;4500128658;;;10;0;0;800033;CABO ELETR 15KV AL PROT XLPE 50MM2 1F MT;101;EM Entrada mercador.;0180033711;1011333;5000235836;1;04/10/2025;13/11/2025;13/11/2025;10:00:12;1.000;6.008,85;CUST;ESTOQUE_AME;MDCOSTA;;;;;;;;;1.000;M;CDFL - CD FLORES;;0;1.000;1.000;AMEN;;;;0,00;0,00;0;;0;0;;;B;;;;0;M;2025;;;S;WE;0,00;BRL;;;0;0;M;M;365,41;788,76;;
CDFL;4500125673;;;20;0;0;800033;CABO ELETR 15KV AL PROT XLPE 50MM2 1F MT;101;EM Entrada mercador.;0180033097;1011333;5000229559;2;26/08/2025;03/10/2025;03/10/2025;08:16:17;1.500;9.013,11;CUST;ESTOQUE_AME;MDCOSTA;;;;;;;;;1.500;M;CDFL - CD FLORES;;0;1.500;1.500;AMEN;;;;0,00;0,00;0;;0;0;;;B;;;;0;M;2025;;;S;WE;0,00;BRL;;;0;0;M;M;548,10;1.183,11;;
CDFL;4500128798;;;20;0;0;800041;CABO  MULT 3X50+1X50MM² XLPE 0,6/1 KV;101;EM Entrada mercador.;0180033202;1003949;5000230593;2;29/09/2025;10/10/2025;10/10/2025;08:51:44;900;18.945,00;CUST;ESTOQUE_AME;MDCOSTA;;;;;;;;;900;M;CDFL - CD FLORES;;0;900;900;AMEN;;;;0,00;0,00;0;;0;0;;;B;;;;0;M;2025;;;S;WE;0,00;BRL;;;0;0;M;M;1.326,15;0,00;;
CDFL;4500128798;;;30;0;0;800058;CABO  MULT 3X120+1X70MM² XLPE 0,6/1 KV;101;EM Entrada mercador.;0180033583;1003949;5000234679;1;27/10/2025;04/11/2025;04/11/2025;16:15:29;2.395;113.307,45;CUST;ESTOQUE_AME;MDCOSTA;;;;;;;;;2.395;M;CDFL - CD FLORES;;0;2.395;2.395;AMEN;;;;0,00;0,00;0;;0;0;;;B;;;;0;M;2025;;;S;WE;0,00;BRL;;;0;0;M;M;7.931,52;0,00;;
CDFL;4500128798;;;30;0;0;800058;CABO  MULT 3X120+1X70MM² XLPE 0,6/1 KV;101;EM Entrada mercador.;0180033322;1003949;5000232059;1;13/10/2025;17/10/2025;17/10/2025;09:25:04;2.805;132.704,55;CUST;ESTOQUE_AME;MDCOSTA;;;;;;;;;2.805;M;CDFL - CD FLORES;;0;2.805;2.805;AMEN;;;;0,00;0,00;0;;0;0;;;B;;;;0;M;2025;;;S;WE;0,00;BRL;;;0;0;M;M;9.289,32;0,00;;
CDFL;4500128658;;;40;0;0;800060;CABO ELET 15KV AL PROT XLPE 185MM2 1F MT;101;EM Entrada mercador.;0180033711;1011333;5000235836;3;04/10/2025;13/11/2025;13/11/2025;10:00:12;5.500;105.418,30;CUST;ESTOQUE_AME;MDCOSTA;;;;;;;;;5.500;M;CDFL - CD FLORES;;0;5.500;5.500;AMEN;;;;0,00;0,00;0;;0;0;;;B;;;;0;M;2025;;;S;WE;0,00;BRL;;;0;0;M;M;6.410,63;13.837,82;;
CDFL;4500128658;;;50;0;0;800060;CABO ELET 15KV AL PROT XLPE 185MM2 1F MT;101;EM Entrada mercador.;0180033711;1011333;5000235836;4;04/10/2025;13/11/2025;13/11/2025;10:00:12;399;7.647,62;CUST;ESTOQUE_AME;MDCOSTA;;;;;;;;;399;M;CDFL - CD FLORES;;0;399;399;AMEN;;;;0,00;0,00;0;;0;0;;;B;;;;0;M;2025;;;S;WE;0,00;BRL;;;0;0;M;M;465,06;1.003,87;;
CDFL;4500128658;;;60;0;0;800060;CABO ELET 15KV AL PROT XLPE 185MM2 1F MT;101;EM Entrada mercador.;0180033711;1011333;5000235836;6;04/10/2025;13/11/2025;13/11/2025;10:00:12;229;4.389,24;CUST;ESTOQUE_AME;MDCOSTA;;;;;;;;;229;M;CDFL - CD FLORES;;0;229;229;AMEN;;;;0,00;0,00;0;;0;0;;;B;;;;0;M;2025;;;S;WE;0,00;BRL;;;0;0;M;M;266,92;576,16;;
CDFL;4500125673;;;30;0;0;800060;CABO ELET 15KV AL PROT XLPE 185MM2 1F MT;101;EM Entrada mercador.;0180033097;1011333;5000229559;3;26/08/2025;03/10/2025;03/10/2025;08:16:17;1.500;28.748,72;CUST;ESTOQUE_AME;MDCOSTA;;;;;;;;;1.500;M;CDFL - CD FLORES;;0;1.500;1.500;AMEN;;;;0,00;0,00;0;;0;0;;;B;;;;0;M;2025;;;S;WE;0,00;BRL;;;0;0;M;M;1.748,27;3.773,77;;
CDFL;4500133151;;;20;0;0;800062;CABO  MULT 2X16+1X16MM² XLPE 0,6/1 KV;101;EM Entrada mercador.;0180033827;1003949;5000236817;1;14/11/2025;19/11/2025;19/11/2025;08:27:07;2.000;10.160,00;CUST;ESTOQUE_AME;MDCOSTA;;;;;;;;;2.000;M;CDFL - CD FLORES;;0;2.000;2.000;AMEN;;;;0,00;0,00;0;;0;0;;;B;;;;0;M;2025;;;S;WE;0,00;BRL;;;0;0;M;M;711,20;0,00;;
CDFL;4500129762;;;10;0;0;800062;CABO  MULT 2X16+1X16MM² XLPE 0,6/1 KV;101;EM Entrada mercador.;0180033102;1003949;5000229578;1;23/09/2025;03/10/2025;03/10/2025;09:09:35;1.500;7.620,00;CUST;ESTOQUE_AME;MDCOSTA;;;;;;;;;1.500;M;CDFL - CD FLORES;;0;1.500;1.500;AMEN;;;;0,00;0,00;0;;0;0;;;B;;;;0;M;2025;;;S;WE;0,00;BRL;;;0;0;M;M;533,40;0,00;;
CDFL;4500137990;;;30;0;0;800105;MANILHA AC 16MM 80MM 22MM 13500DAN;101;EM Entrada mercador.;0180034499;1009464;5000247474;3;23/01/2026;23/01/2026;23/01/2026;08:31:10;100;7.109,19;CUST;ESTOQUE_AME;MDCOSTA;;;;;;;;;100;UN;CDFL - CD FLORES;;0;100;100;AMEN;;;;0,00;0,00;0;;0;0;;;B;;;;0;UN;2026;;;S;WE;0,00;BRL;;;0;0;UN;UN;432,32;933,19;;
CDFL;4500141927;;;20;0;0;800145;CABO ELÉTRICO CU 35MM AZUL FLEXIVEL 750V;101;EM Entrada mercador.;0180034869;1003818;5000252049;1;05/02/2026;20/02/2026;20/02/2026;11:01:29;200;6.758,00;CUST;ESTOQUE_AME;MDCOSTA;;;;;;;;;200;M;CDFL - CD FLORES;;0;200;200;AMEN;;;;0,00;0,00;0;;0;0;;;B;;;;0;M;2026;;;S;WE;0,00;BRL;;;0;0;M;M;0,00;0,00;;
CDFL;4500126487;;;20;0;0;800262;CHAVE FUSIVEL INDIC 15KV 200A/95KV BUC;101;EM Entrada mercador.;0180033226;1003412;5000230749;1;26/09/2025;13/10/2025;13/10/2025;08:04:33;20;8.472,10;CUST;ESTOQUE_AME;MDCOSTA;;;;;;;;;20;UN;CDFL - CD FLORES;;0;20;20;AMEN;;;;0,00;0,00;0;;0;0;;;B;;;;0;UN;2025;;;S;WE;0,00;BRL;;;0;0;UN;UN;515,20;1.112,10;;
CDFL;4500134331;;;10;0;0;800327;CORDOALHA AC 6,3MM 1/4P 7F;101;EM Entrada mercador.;0180034051;1018867;5000241400;1;05/11/2025;12/12/2025;12/12/2025;08:26:23;2.251;63.867,63;CUST;ESTOQUE_AME;MDCOSTA;;;;;;;;;2.251;KG;CDFL - CD FLORES;;0;2.251;2.251;AMEN;;;;0,00;0,00;0;;0;0;;;B;;;;0;KG;2025;;;S;WE;0,00;BRL;;;0;0;KG;KG;3.883,88;8.383,63;;
CDFL;4500127025;;;10;0;0;800327;CORDOALHA AC 6,3MM 1/4P 7F;101;EM Entrada mercador.;0180033309;1018867;5000231999;1;11/09/2025;16/10/2025;16/10/2025;16:34:48;1.500;42.561,92;CUST;ESTOQUE_AME;MDCOSTA;;;;;;;;;1.500;KG;CDFL - CD FLORES;;0;1.500;1.500;AMEN;;;;0,00;0,00;0;;0;0;;;B;;;;0;KG;2025;;;S;WE;0,00;BRL;;;0;0;KG;KG;2.588,25;5.586,92;;
CDFL;4500128521;;;40;0;0;800341;GRAMPO ANCOR CUNHA AL 185MM2 400DAN;101;EM Entrada mercador.;0180033734;1013036;5000236006;3;26/09/2025;14/11/2025;14/11/2025;10:00:18;1.656;43.576,23;CUST;ESTOQUE_AME;MDCOSTA;;;;;;;;;1.656;UN;CDFL - CD FLORES;;0;1.656;1.656;AMEN;;;;0,00;0,00;0;;0;0;;;B;;;;0;UN;2025;;;S;WE;0,00;BRL;;;0;0;UN;UN;2.649,93;5.720,07;;
CDFL;4500145339;;;20;0;0;800344;FITA ISOL EPR 0,76X19MM 10M PT;101;EM Entrada mercador.;0180035107;1014880;5000254399;2;09/03/2026;09/03/2026;09/03/2026;08:42:39;1.380;41.301,47;CUST;ESTOQUE_AME;MDCOSTA;;;;;;;;;1.380;UN;CDFL - CD FLORES;;0;1.380;1.380;AMEN;;;;0,00;0,00;0;;0;0;;;B;;;;0;UN;2026;;;S;WE;0,00;BRL;;;0;0;UN;UN;2.511,60;5.421,47;;
CDFL;4500128521;;;50;0;0;800360;GRAMPO ANCOR CUNHA AL 50MM2 400DAN;101;EM Entrada mercador.;0180033734;1013036;5000236006;2;26/09/2025;14/11/2025;14/11/2025;10:00:18;334;8.788,92;CUST;ESTOQUE_AME;MDCOSTA;;;;;;;;;334;UN;CDFL - CD FLORES;;0;334;334;AMEN;;;;0,00;0,00;0;;0;0;;;B;;;;0;UN;2025;;;S;WE;0,00;BRL;;;0;0;UN;UN;534,47;1.153,68;;
CDFL;4500127606;;;10;0;0;800362;ELO FUSIVEL BOTAO DISTRIB K 30A 500MM;101;EM Entrada mercador.;0180033320;1003489;5000232046;1;22/09/2025;17/10/2025;17/10/2025;09:12:36;3.636;25.656,50;CUST;ESTOQUE_AME;MDCOSTA;;;;;;;;;3.636;UN;CDFL - CD FLORES;;0;3.636;3.636;AMEN;;;;0,00;0,00;0;;0;0;;;B;;;;0;UN;2025;;;S;WE;0,00;BRL;;;0;0;UN;UN;1.560,21;3.367,82;;
CDFL;4500130665;;;50;0;0;800364;CONECTOR PARAF FEND DER CU 2,5-70MM²;101;EM Entrada mercador.;0180033955;1003799;5000239657;5;05/11/2025;04/12/2025;04/12/2025;10:23:49;140;1.945,13;CUST;ESTOQUE_AME;MDCOSTA;;;;;;;;;140;UN;CDFL - CD FLORES;;0;140;140;AMEN;;;;0,00;0,00;0;;0;0;;;B;;;;0;UN;2025;;;S;WE;0,00;BRL;;;0;0;UN;UN;118,28;255,33;;
CDFL;4500121299;;;10;0;0;800392;FIXADOR PERFIL U AC 150DAN 300DAN;101;EM Entrada mercador.;0180033100;1007262;5000229562;1;08/09/2025;03/10/2025;03/10/2025;08:32:33;60;1.372,19;CUST;ESTOQUE_AME;MDCOSTA;;;;;;;;;60;UN;CDFL - CD FLORES;;0;60;60;AMEN;;;;0,00;0,00;0;;0;0;;;B;;;;0;UN;2025;;;S;WE;0,00;BRL;;;0;0;UN;UN;151,34;110,99;;
CDFL;4500135086;;;90;0;0;800398;GRAMPO ANCOR PAS AL 874,5~954MCM;101;EM Entrada mercador.;0180034635;1020749;5000248443;7;16/12/2025;02/02/2026;02/02/2026;10:03:13;60;47.100,00;CUST;ESTOQUE_AME;MDCOSTA;;;;;;;;;60;UN;CDFL - CD FLORES;;0;60;60;AMEN;;;;0,00;0,00;0;;0;0;;;B;;;;0;UN;2026;;;S;WE;0,00;BRL;;;0;0;UN;UN;0,00;0,00;;
CDFL;4500137990;;;20;0;0;800496;MANILHA SAPATILHA 5000DAN;101;EM Entrada mercador.;0180034499;1009464;5000247474;2;23/01/2026;23/01/2026;23/01/2026;08:31:10;726;17.290,60;CUST;ESTOQUE_AME;MDCOSTA;;;;;;;;;726;UN;CDFL - CD FLORES;;0;726;726;AMEN;;;;0,00;0,00;0;;0;0;;;B;;;;0;UN;2026;;;S;WE;0,00;BRL;;;0;0;UN;UN;1.051,47;2.269,66;;
CDFL;4500144585;;;10;0;0;800515;ISOLADOR ANCOR POLIM 15KV 5000DAN;101;EM Entrada mercador.;0180035252;1003412;5000256481;1;18/03/2026;18/03/2026;18/03/2026;08:38:00;605;22.285,30;CUST;ESTOQUE_AME;MDCOSTA;;;;;;;;;605;UN;CDFL - CD FLORES;;0;605;605;AMEN;;;;0,00;0,00;0;;0;0;;;B;;;;0;UN;2026;;;S;WE;0,00;BRL;;;0;0;UN;UN;1.355,20;2.925,30;;
CDFL;4500126955;;;30;0;0;800528;PARAFUSO OLH AC 5/8P 650MM;101;EM Entrada mercador.;0180033213;1021472;5000230632;3;16/09/2025;10/10/2025;10/10/2025;10:12:48;120;4.513,20;CUST;ESTOQUE_AME;MDCOSTA;;;;;;;;;120;UN;CDFL - CD FLORES;;0;120;120;AMEN;;;;0,00;0,00;0;;0;0;;;B;;;;0;UN;2025;;;S;WE;0,00;BRL;;;0;0;UN;UN;0,00;0,00;;
CDFL;4500137977;;;20;0;0;800541;PORCA QUADRADA AC 16MM 2MM;101;EM Entrada mercador.;0180034684;1010868;5000249356;1;21/01/2026;05/02/2026;05/02/2026;16:36:35;722;872,65;CUST;ESTOQUE_AME;MDCOSTA;;;;;;;;;722;UN;CDFL - CD FLORES;;0;722;722;AMEN;;;;0,00;0,00;0;;0;0;;;B;;;;0;UN;2026;;;S;WE;0,00;BRL;;;0;0;UN;UN;53,07;114,55;;
CDFL;4500128806;;;10;0;0;800654;PARA-RAIO DISTRIB POL 12KV 10KA S/CENT;101;EM Entrada mercador.;0180033506;1003412;5000234170;1;25/09/2025;28/10/2025;28/10/2025;15:25:54;2.097;337.939,94;CUST;ESTOQUE_AME;MDCOSTA;;;;;;;;;2.097;UN;CDFL - CD FLORES;;0;2.097;2.097;AMEN;;;;0,00;0,00;0;;0;0;;;B;;;;0;UN;2025;;;S;WE;0,00;BRL;;;0;0;UN;UN;20.550,60;44.359,94;;
CDFL;4500126908;;;10;0;0;800654;PARA-RAIO DISTRIB POL 12KV 10KA S/CENT;101;EM Entrada mercador.;0180033315;1003412;5000232032;1;02/09/2025;17/10/2025;17/10/2025;08:25:44;816;117.637,63;CUST;ESTOQUE_AME;MDCOSTA;;;;;;;;;816;UN;CDFL - CD FLORES;;0;816;816;AMEN;;;;0,00;0,00;0;;0;0;;;B;;;;0;UN;2025;;;S;WE;0,00;BRL;;;0;0;UN;UN;7.153,71;15.441,79;;
CDFL;4500133151;;;30;0;0;800676;CABO  MULT 3X95+1X70MM² XLPE 0,6/1 KV;101;EM Entrada mercador.;0180033324;1003949;5000232069;1;13/10/2025;17/10/2025;17/10/2025;09:30:50;1.500;53.820,00;CUST;ESTOQUE_AME;MDCOSTA;;;;;;;;;1.500;M;CDFL - CD FLORES;;0;1.500;1.500;AMEN;;;;0,00;0,00;0;;0;0;;;B;;;;0;M;2025;;;S;WE;0,00;BRL;;;0;0;M;M;3.767,40;0,00;;
CDFL;4500148087;;;50;0;0;800682;CABO NU CA AL 4/0 AWG 7X4,417MM OXLIP;101;EM Entrada mercador.;0180035147;1003949;5000254693;2;06/03/2026;10/03/2026;10/03/2026;09:55:22;2.117;61.393,00;CUST;ESTOQUE_AME;MDCOSTA;;;;;;;;;2.117;KG;CDFL - CD FLORES;;0;2.117;2.117;AMEN;;;;0,00;0,00;0;;0;0;;;B;;;;0;KG;2026;;;S;WE;0,00;BRL;;;0;0;KG;KG;4.297,51;0,00;;
CDFL;4500133207;;;10;0;0;800705;ISOLADOR DISCO 152X140MM 60KV 4500KGF;101;EM Entrada mercador.;0180033591;1003624;5000234714;1;14/10/2025;05/11/2025;05/11/2025;10:08:02;735;16.390,50;CUST;ESTOQUE_AME;MDCOSTA;;;;;;;;;735;UN;CDFL - CD FLORES;;0;735;735;AMEN;;;;0,00;0,00;0;;0;0;;;B;;;;0;UN;2025;;;S;WE;0,00;BRL;;;0;0;UN;UN;0,00;0,00;;
CDFL;4500132948;;;20;0;0;800750;CABO  MULT 3X35+1X35 MM² XLPE 0,6/1 KV;101;EM Entrada mercador.;0180033325;1003949;5000232075;1;13/10/2025;17/10/2025;17/10/2025;09:34:38;1.175;17.119,75;CUST;ESTOQUE_AME;MDCOSTA;;;;;;;;;1.175;M;CDFL - CD FLORES;;0;1.175;1.175;AMEN;;;;0,00;0,00;0;;0;0;;;B;;;;0;M;2025;;;S;WE;0,00;BRL;;;0;0;M;M;1.198,38;0,00;;
CDFL;4500135095;;;20;0;0;800763;CABO ELET ISOL PVC PT 10MM2 0,6/1KV;101;EM Entrada mercador.;0180033717;1003949;5000235850;1;04/11/2025;13/11/2025;13/11/2025;11:01:32;1.000;8.710,00;CUST;ESTOQUE_AME;MDCOSTA;;;;;;;;;1.000;M;CDFL - CD FLORES;;0;1.000;1.000;AMEN;;;;0,00;0,00;0;;0;0;;;B;;;;0;M;2025;;;S;WE;0,00;BRL;;;0;0;M;M;609,70;0,00;;
CDFL;4500128798;;;10;0;0;800775;CABO  MULT 2X25+1X25MM² XLPE 0,6/1 KV;101;EM Entrada mercador.;0180033202;1003949;5000230593;1;29/09/2025;10/10/2025;10/10/2025;08:51:44;1.400;10.402,00;CUST;ESTOQUE_AME;MDCOSTA;;;;;;;;;1.400;M;CDFL - CD FLORES;;0;1.400;1.400;AMEN;;;;0,00;0,00;0;;0;0;;;B;;;;0;M;2025;;;S;WE;0,00;BRL;;;0;0;M;M;728,14;0,00;;
CDFL;4500133151;;;10;0;0;800804;CABO  MULT 1X16+1X16MM² XLPE 0,6/1 KV;101;EM Entrada mercador.;0180033544;1003949;5000234291;1;23/10/2025;31/10/2025;31/10/2025;09:45:15;800;2.600,00;CUST;ESTOQUE_AME;MDCOSTA;;;;;;;;;800;M;CDFL - CD FLORES;;0;800;800;AMEN;;;;0,00;0,00;0;;0;0;;;B;;;;0;M;2025;;;S;WE;0,00;BRL;;;0;0;M;M;182,00;0,00;;
CDFL;4500126487;;;10;0;0;800817;CHAVE FUSIVEL DIST 15KV 100A/10KA PORC;101;EM Entrada mercador.;0180033225;1003412;5000230748;1;24/09/2025;13/10/2025;13/10/2025;08:00:19;2.000;665.335,80;CUST;ESTOQUE_AME;MDCOSTA;;;;;;;;;2.000;UN;CDFL - CD FLORES;;0;2.000;2.000;AMEN;;;;0,00;0,00;0;;0;0;;;B;;;;0;UN;2025;;;S;WE;0,00;BRL;;;0;0;UN;UN;40.460,00;87.335,80;;
CDFL;4500144463;;;30;0;0;800824;ELO FUSIVEL BOTAO DISTR K 40A 500MM;101;EM Entrada mercador.;0180035431;1003489;5000257418;3;03/03/2026;30/03/2026;30/03/2026;11:41:44;1.418;11.997,11;CUST;ESTOQUE_AME;MDCOSTA;;;;;;;;;1.418;UN;CDFL - CD FLORES;;0;1.418;1.418;AMEN;;;;0,00;0,00;0;;0;0;;;B;;;;0;UN;2026;;;S;WE;0,00;BRL;;;0;0;UN;UN;729,56;1.574,81;;
CDFL;4500141938;;;10;0;0;800842;ALCA PREFORM ESTAI 3/8P 9,5MM 889MM;101;EM Entrada mercador.;0180034501;1003515;5000247477;1;30/12/2025;23/01/2026;23/01/2026;08:56:08;87;2.331,60;CUST;ESTOQUE_AME;MDCOSTA;;;;;;;;;87;UN;CDFL - CD FLORES;;0;87;87;AMEN;;;;0,00;0,00;0;;0;0;;;B;;;;0;UN;2026;;;S;WE;0,00;BRL;;;0;0;UN;UN;0,00;0,00;;
CDFL;4500141901;;;10;0;0;800842;ALCA PREFORM ESTAI 3/8P 9,5MM 889MM;101;EM Entrada mercador.;0180034485;1011711;5000247117;1;29/12/2025;22/01/2026;22/01/2026;11:44:13;102;2.441,88;CUST;ESTOQUE_AME;MDCOSTA;;;;;;;;;102;UN;CDFL - CD FLORES;;0;102;102;AMEN;;;;0,00;0,00;0;;0;0;;;B;;;;0;UN;2026;;;S;WE;0,00;BRL;;;0;0;UN;UN;0,00;0,00;;
CDFL;4500136340;;;10;0;0;800842;ALCA PREFORM ESTAI 3/8P 9,5MM 889MM;101;EM Entrada mercador.;0180033759;1003818;5000236312;1;13/11/2025;17/11/2025;17/11/2025;10:16:50;130;3.279,90;CUST;ESTOQUE_AME;MDCOSTA;;;;;;;;;130;UN;CDFL - CD FLORES;;0;130;130;AMEN;;;;0,00;0,00;0;;0;0;;;B;;;;0;UN;2025;;;S;WE;0,00;BRL;;;0;0;UN;UN;0,00;0,00;;
CDFL;4500116526;;;30;0;0;800847;CRUZETA POL PE/FBN 90X112,5X2400MM;101;EM Entrada mercador.;0180035109;1007001;5000254405;1;12/02/2026;09/03/2026;09/03/2026;09:13:37;150;42.734,59;CUST;ESTOQUE_AME;MDCOSTA;;;;;;;;;150;UN;CDFL - CD FLORES;;0;150;150;AMEN;;;;0,00;0,00;0;;0;0;;;B;;;;0;UN;2026;;;S;WE;0,00;BRL;;;0;0;UN;UN;2.598,75;5.609,59;;
CDFL;4500136316;;;10;0;0;800847;CRUZETA POL PE/FBN 90X112,5X2400MM;101;EM Entrada mercador.;0180035076;1007001;5000253756;1;12/02/2026;04/03/2026;04/03/2026;10:27:35;67;19.088,12;CUST;ESTOQUE_AME;MDCOSTA;;;;;;;;;67;UN;CDFL - CD FLORES;;0;67;67;AMEN;;;;0,00;0,00;0;;0;0;;;B;;;;0;UN;2026;;;S;WE;0,00;BRL;;;0;0;UN;UN;1.160,78;2.505,61;;
CDFL;4500116526;;;30;0;0;800847;CRUZETA POL PE/FBN 90X112,5X2400MM;101;EM Entrada mercador.;0180034538;1007001;5000247790;1;17/12/2025;27/01/2026;27/01/2026;08:18:48;350;99.714,04;CUST;ESTOQUE_AME;MDCOSTA;;;;;;;;;350;UN;CDFL - CD FLORES;;0;350;350;AMEN;;;;0,00;0,00;0;;0;0;;;B;;;;0;UN;2026;;;S;WE;0,00;BRL;;;0;0;UN;UN;6.063,75;13.089,04;;
CDFL;4500113802;;;20;0;0;800847;CRUZETA POL PE/FBN 90X112,5X2400MM;101;EM Entrada mercador.;0180034016;1007001;5000240928;1;14/11/2025;10/12/2025;10/12/2025;16:22:08;450;128.203,76;CUST;ESTOQUE_AME;MDCOSTA;;;;;;;;;450;UN;CDFL - CD FLORES;;0;450;450;AMEN;;;;0,00;0,00;0;;0;0;;;B;;;;0;UN;2025;;;S;WE;0,00;BRL;;;0;0;UN;UN;7.796,25;16.828,76;;
CDFL;4500145339;;;30;0;0;800852;FITA ISOLANTE ELET PVC 19X0,19MM 20M PT;101;EM Entrada mercador.;0180035107;1014880;5000254399;3;09/03/2026;09/03/2026;09/03/2026;08:42:39;1.155;28.757,53;CUST;ESTOQUE_AME;MDCOSTA;;;;;;;;;1.155;UN;CDFL - CD FLORES;;0;1.155;1.155;AMEN;;;;0,00;0,00;0;;0;0;;;B;;;;0;UN;2026;;;S;WE;0,00;BRL;;;0;0;UN;UN;1.748,79;3.774,88;;
CDFL;4500138006;;;10;0;0;800852;FITA ISOLANTE ELET PVC 19X0,19MM 20M PT;101;EM Entrada mercador.;0180034247;1014880;5000244042;1;11/12/2025;24/12/2025;24/12/2025;10:34:21;2.095;52.161,92;CUST;ESTOQUE_AME;MDCOSTA;;;;;;;;;2.095;UN;CDFL - CD FLORES;;0;2.095;2.095;AMEN;;;;0,00;0,00;0;;0;0;;;B;;;;0;UN;2025;;;S;WE;0,00;BRL;;;0;0;UN;UN;3.172,04;6.847,07;;
CDFL;4500144973;;;20;0;0;800872;CONECTOR AUTO PERF DU 70-240 / 70-240MM2;101;EM Entrada mercador.;0180035120;1020062;5000254476;2;25/02/2026;09/03/2026;09/03/2026;11:02:02;1.088;61.317,94;CUST;ESTOQUE_AME;MDCOSTA;;;;;;;;;1.088;UN;CDFL - CD FLORES;;0;1.088;1.088;AMEN;;;;0,00;0,00;0;;0;0;;;B;;;;0;UN;2026;;;S;WE;0,00;BRL;;;0;0;UN;UN;6.763,00;4.959,54;;
CDFL;4500138298;;;50;0;0;800872;CONECTOR AUTO PERF DU 70-240 / 70-240MM2;101;EM Entrada mercador.;0180034668;1020062;5000248911;3;14/01/2026;04/02/2026;04/02/2026;15:42:48;939;52.920,54;CUST;ESTOQUE_AME;MDCOSTA;;;;;;;;;939;UN;CDFL - CD FLORES;;0;939;939;AMEN;;;;0,00;0,00;0;;0;0;;;B;;;;0;UN;2026;;;S;WE;0,00;BRL;;;0;0;UN;UN;5.836,82;4.280,34;;
CDFL;4500138298;;;10;0;0;800872;CONECTOR AUTO PERF DU 70-240 / 70-240MM2;101;EM Entrada mercador.;0180034668;1020062;5000248911;1;14/01/2026;04/02/2026;04/02/2026;15:42:48;2.297;129.455,24;CUST;ESTOQUE_AME;MDCOSTA;;;;;;;;;2.297;UN;CDFL - CD FLORES;;0;2.297;2.297;AMEN;;;;0,00;0,00;0;;0;0;;;B;;;;0;UN;2026;;;S;WE;0,00;BRL;;;0;0;UN;UN;14.278,15;10.470,64;;
CDFL;4500131416;;;20;0;0;800872;CONECTOR AUTO PERF DU 70-240 / 70-240MM2;101;EM Entrada mercador.;0180033760;1020062;5000236314;1;21/10/2025;17/11/2025;17/11/2025;10:22:18;2.650;149.349,76;CUST;ESTOQUE_AME;MDCOSTA;;;;;;;;;2.650;UN;CDFL - CD FLORES;;0;2.650;2.650;AMEN;;;;0,00;0,00;0;;0;0;;;B;;;;0;UN;2025;;;S;WE;0,00;BRL;;;0;0;UN;UN;16.472,40;12.079,76;;
CDFL;4500130665;;;70;0;0;800884;CONECTOR CUNHA LIGA AL AZ 120MM2 4/0AWG;101;EM Entrada mercador.;0180033955;1003799;5000239657;7;05/11/2025;04/12/2025;04/12/2025;10:23:49;100;1.398,59;CUST;ESTOQUE_AME;MDCOSTA;;;;;;;;;100;UN;CDFL - CD FLORES;;0;100;100;AMEN;;;;0,00;0,00;0;;0;0;;;B;;;;0;UN;2025;;;S;WE;0,00;BRL;;;0;0;UN;UN;85,05;183,59;;
CDFL;4500125462;;;10;0;0;800884;CONECTOR CUNHA LIGA AL AZ 120MM2 4/0AWG;101;EM Entrada mercador.;0180033144;1003799;5000230029;1;05/09/2025;07/10/2025;07/10/2025;10:53:37;1.000;13.985,87;CUST;ESTOQUE_AME;MDCOSTA;;;;;;;;;1.000;UN;CDFL - CD FLORES;;0;1.000;1.000;AMEN;;;;0,00;0,00;0;;0;0;;;B;;;;0;UN;2025;;;S;WE;0,00;BRL;;;0;0;UN;UN;850,50;1.835,87;;
CDFL;4500138103;;;90;0;0;800894;ELO FUSIVEL BOTAO DISTRIB UN K 8A 500MM;101;EM Entrada mercador.;0180034990;1024046;5000253316;3;11/02/2026;27/02/2026;27/02/2026;15:17:36;300;1.788,81;CUST;ESTOQUE_AME;MDCOSTA;;;;;;;;;300;UN;CDFL - CD FLORES;;0;300;300;AMEN;;;;0,00;0,00;0;;0;0;;;B;;;;0;UN;2026;;;S;WE;0,00;BRL;;;0;0;UN;UN;108,78;234,81;;
CDFL;4500137960;;;20;0;0;800922;PARAFUSO CAB QD AC 16MM 450MM;101;EM Entrada mercador.;0180034863;1007262;5000251982;2;09/02/2026;19/02/2026;19/02/2026;16:21:37;250;5.997,60;CUST;ESTOQUE_AME;MDCOSTA;;;;;;;;;250;UN;CDFL - CD FLORES;;0;250;250;AMEN;;;;0,00;0,00;0;;0;0;;;B;;;;0;UN;2026;;;S;WE;0,00;BRL;;;0;0;UN;UN;661,50;485,10;;
CDFL;4500132126;;;40;0;0;800922;PARAFUSO CAB QD AC 16MM 450MM;101;EM Entrada mercador.;0180034696;1007262;5000249385;4;11/12/2025;06/02/2026;06/02/2026;08:23:32;894;21.447,42;CUST;ESTOQUE_AME;MDCOSTA;;;;;;;;;894;UN;CDFL - CD FLORES;;0;894;894;AMEN;;;;0,00;0,00;0;;0;0;;;B;;;;0;UN;2026;;;S;WE;0,00;BRL;;;0;0;UN;UN;2.365,52;1.734,72;;
CDFL;4500132896;;;10;0;0;800922;PARAFUSO CAB QD AC 16MM 450MM;101;EM Entrada mercador.;0180034693;1007262;5000249376;1;11/12/2025;05/02/2026;05/02/2026;17:52:03;1.000;23.990,40;CUST;ESTOQUE_AME;MDCOSTA;;;;;;;;;1.000;UN;CDFL - CD FLORES;;0;1.000;1.000;AMEN;;;;0,00;0,00;0;;0;0;;;B;;;;0;UN;2026;;;S;WE;0,00;BRL;;;0;0;UN;UN;2.646,00;1.940,40;;
CDFL;4500137960;;;10;0;0;800929;PARAFUSO CAB QD AC 16MM 250MM;101;EM Entrada mercador.;0180034863;1007262;5000251982;1;09/02/2026;19/02/2026;19/02/2026;16:21:37;179;2.116,95;CUST;ESTOQUE_AME;MDCOSTA;;;;;;;;;179;UN;CDFL - CD FLORES;;0;179;179;AMEN;;;;0,00;0,00;0;;0;0;;;B;;;;0;UN;2026;;;S;WE;0,00;BRL;;;0;0;UN;UN;233,49;171,22;;
CDFL;4500132126;;;20;0;0;800929;PARAFUSO CAB QD AC 16MM 250MM;101;EM Entrada mercador.;0180034696;1007262;5000249385;2;11/12/2025;06/02/2026;06/02/2026;08:23:32;134;1.584,76;CUST;ESTOQUE_AME;MDCOSTA;;;;;;;;;134;UN;CDFL - CD FLORES;;0;134;134;AMEN;;;;0,00;0,00;0;;0;0;;;B;;;;0;UN;2026;;;S;WE;0,00;BRL;;;0;0;UN;UN;174,79;128,18;;
CDFL;4500133867;;;10;0;0;800944;ISOLADOR RODL PORC 15KV 81X47MM 1350DAN;101;EM Entrada mercador.;0180033820;1010868;5000236724;1;27/10/2025;18/11/2025;18/11/2025;15:47:24;2.200;19.221,07;CUST;ESTOQUE_AME;MDCOSTA;;;;;;;;;2.200;UN;CDFL - CD FLORES;;0;2.200;2.200;AMEN;;;;0,00;0,00;0;;0;0;;;B;;;;0;UN;2025;;;S;WE;0,00;BRL;;;0;0;UN;UN;1.168,86;2.523,07;;
CDFL;4500139126;;;10;0;0;800975;CABO  MULT 3X16+1X16MM² XLPE 0,6/1 KV;101;EM Entrada mercador.;0180034339;1003949;5000244366;1;23/12/2025;31/12/2025;31/12/2025;08:13:26;2.000;13.800,00;CUST;ESTOQUE_AME;MDCOSTA;;;;;;;;;2.000;M;CDFL - CD FLORES;;0;2.000;2.000;AMEN;;;;0,00;0,00;0;;0;0;;;B;;;;0;M;2025;;;S;WE;0,00;BRL;;;0;0;M;M;966,00;0,00;;
CDFL;4500128709;;;10;0;0;800981;CABO ELETR 15KV AL PROT XLPE 35MM2 1F MT;101;EM Entrada mercador.;0180033711;1011333;5000235836;5;04/10/2025;13/11/2025;13/11/2025;10:00:12;215;1.026,97;CUST;ESTOQUE_AME;MDCOSTA;;;;;;;;;215;M;CDFL - CD FLORES;;0;215;215;AMEN;;;;0,00;0,00;0;;0;0;;;B;;;;0;M;2025;;;S;WE;0,00;BRL;;;0;0;M;M;62,45;134,81;;
CDFL;4500125673;;;10;0;0;800981;CABO ELETR 15KV AL PROT XLPE 35MM2 1F MT;101;EM Entrada mercador.;0180033097;1011333;5000229559;4;26/08/2025;03/10/2025;03/10/2025;08:16:17;490;2.340,76;CUST;ESTOQUE_AME;MDCOSTA;;;;;;;;;490;M;CDFL - CD FLORES;;0;490;490;AMEN;;;;0,00;0,00;0;;0;0;;;B;;;;0;M;2025;;;S;WE;0,00;BRL;;;0;0;M;M;142,35;307,26;;
CDFL;4500125673;;;10;0;0;800981;CABO ELETR 15KV AL PROT XLPE 35MM2 1F MT;101;EM Entrada mercador.;0180033097;1011333;5000229559;1;26/08/2025;03/10/2025;03/10/2025;08:16:17;1.000;4.777,07;CUST;ESTOQUE_AME;MDCOSTA;;;;;;;;;1.000;M;CDFL - CD FLORES;;0;1.000;1.000;AMEN;;;;0,00;0,00;0;;0;0;;;B;;;;0;M;2025;;;S;WE;0,00;BRL;;;0;0;M;M;290,50;627,07;;
CDFL;4500137981;;;10;0;0;800991;MAO FRANCESA BECO AC 2135MM 35MMX5MM;101;EM Entrada mercador.;0180034977;1007262;5000253265;1;09/02/2026;26/02/2026;26/02/2026;10:37:23;50;6.491,01;CUST;ESTOQUE_AME;MDCOSTA;;;;;;;;;50;UN;CDFL - CD FLORES;;0;50;50;AMEN;;;;0,00;0,00;0;;0;0;;;B;;;;0;UN;2026;;;S;WE;0,00;BRL;;;0;0;UN;UN;715,92;525,01;;
CDFL;4500138103;;;20;0;0;801010;ELO FUSIVEL BOTAO DISTRIB H 3A 500MM;101;EM Entrada mercador.;0180034681;1024046;5000249337;1;21/01/2026;05/02/2026;05/02/2026;15:34:31;2.080;10.895,55;CUST;ESTOQUE_AME;MDCOSTA;;;;;;;;;2.080;UN;CDFL - CD FLORES;;0;2.080;2.080;AMEN;;;;0,00;0,00;0;;0;0;;;B;;;;0;UN;2026;;;S;WE;0,00;BRL;;;0;0;UN;UN;746,93;1.612,30;;
CDFL;4500126955;;;10;0;0;801047;ARRUELA LIS QD AC 17MM 11/16 57X57MM 5MM;101;EM Entrada mercador.;0180033213;1021472;5000230632;1;16/09/2025;10/10/2025;10/10/2025;10:12:48;3.500;10.255,00;CUST;ESTOQUE_AME;MDCOSTA;;;;;;;;;3.500;UN;CDFL - CD FLORES;;0;3.500;3.500;AMEN;;;;0,00;0,00;0;;0;0;;;B;;;;0;UN;2025;;;S;WE;0,00;BRL;;;0;0;UN;UN;0,00;0,00;;
CDFL;4500137960;;;30;0;0;801064;PARAFUSO CAB ABA AC 10MM 115MM;101;EM Entrada mercador.;0180034863;1007262;5000251982;3;09/02/2026;19/02/2026;19/02/2026;16:21:37;1.751;4.800,82;CUST;ESTOQUE_AME;MDCOSTA;;;;;;;;;1.751;UN;CDFL - CD FLORES;;0;1.751;1.751;AMEN;;;;0,00;0,00;0;;0;0;;;B;;;;0;UN;2026;;;S;WE;0,00;BRL;;;0;0;UN;UN;529,50;388,30;;
CDFL;4500138713;;;10;0;0;801064;PARAFUSO CAB ABA AC 10MM 115MM;101;EM Entrada mercador.;0180034861;1007262;5000251978;1;09/02/2026;19/02/2026;19/02/2026;16:12:48;1.000;2.741,76;CUST;ESTOQUE_AME;MDCOSTA;;;;;;;;;1.000;UN;CDFL - CD FLORES;;0;1.000;1.000;AMEN;;;;0,00;0,00;0;;0;0;;;B;;;;0;UN;2026;;;S;WE;0,00;BRL;;;0;0;UN;UN;302,40;221,76;;
CDFL;4500132126;;;10;0;0;801064;PARAFUSO CAB ABA AC 10MM 115MM;101;EM Entrada mercador.;0180034696;1007262;5000249385;1;11/12/2025;06/02/2026;06/02/2026;08:23:32;100;274,18;CUST;ESTOQUE_AME;MDCOSTA;;;;;;;;;100;UN;CDFL - CD FLORES;;0;100;100;AMEN;;;;0,00;0,00;0;;0;0;;;B;;;;0;UN;2026;;;S;WE;0,00;BRL;;;0;0;UN;UN;30,24;22,18;;
CDFL;4500137990;;;10;0;0;801081;MANILHA SAPATILHA 6800KGF;101;EM Entrada mercador.;0180034499;1009464;5000247474;1;23/01/2026;23/01/2026;23/01/2026;08:31:10;569;13.898,59;CUST;ESTOQUE_AME;MDCOSTA;;;;;;;;;569;UN;CDFL - CD FLORES;;0;569;569;AMEN;;;;0,00;0,00;0;;0;0;;;B;;;;0;UN;2026;;;S;WE;0,00;BRL;;;0;0;UN;UN;845,19;1.824,41;;
CDFL;4500133585;;;20;0;0;801081;MANILHA SAPATILHA 6800KGF;101;EM Entrada mercador.;0180034497;1009464;5000247471;2;23/01/2026;23/01/2026;23/01/2026;08:22:00;300;7.327,90;CUST;ESTOQUE_AME;MDCOSTA;;;;;;;;;300;UN;CDFL - CD FLORES;;0;300;300;AMEN;;;;0,00;0,00;0;;0;0;;;B;;;;0;UN;2026;;;S;WE;0,00;BRL;;;0;0;UN;UN;445,62;961,90;;
CDFL;4500144303;;;20;0;0;801087;GANCHO OLHAL AC 17MM 5000KGF;101;EM Entrada mercador.;0180035380;1010868;5000257291;2;25/02/2026;26/03/2026;26/03/2026;08:04:18;746;9.394,40;CUST;ESTOQUE_AME;MDCOSTA;;;;;;;;;746;UN;CDFL - CD FLORES;;0;746;746;AMEN;;;;0,00;0,00;0;;0;0;;;B;;;;0;UN;2026;;;S;WE;0,00;BRL;;;0;0;UN;UN;571,29;1.233,16;;
CDFL;4500137977;;;10;0;0;801087;GANCHO OLHAL AC 17MM 5000KGF;101;EM Entrada mercador.;0180034684;1010868;5000249356;2;21/01/2026;05/02/2026;05/02/2026;16:36:35;401;5.049,81;CUST;ESTOQUE_AME;MDCOSTA;;;;;;;;;401;UN;CDFL - CD FLORES;;0;401;401;AMEN;;;;0,00;0,00;0;;0;0;;;B;;;;0;UN;2026;;;S;WE;0,00;BRL;;;0;0;UN;UN;307,09;662,87;;
CDFL;4500144395;;;20;0;0;801112;CRUZETA POL FBV/RES PES 2400X112,5X90MM;101;EM Entrada mercador.;0180034851;1003624;5000251754;1;19/02/2026;19/02/2026;19/02/2026;08:37:32;309;57.165,00;CUST;ESTOQUE_AME;MDCOSTA;;;;;;;;;309;UN;CDFL - CD FLORES;;0;309;309;AMEN;;;;0,00;0,00;0;;0;0;;;B;;;;0;UN;2026;;;S;WE;0,00;BRL;;;0;0;UN;UN;4.446,29;0,00;;
CDFL;4500123105;;;10;0;0;801112;CRUZETA POL FBV/RES PES 2400X112,5X90MM;101;EM Entrada mercador.;0180034824;1007001;5000251549;1;19/01/2026;16/02/2026;16/02/2026;07:49:44;200;37.410,75;CUST;ESTOQUE_AME;MDCOSTA;;;;;;;;;200;UN;CDFL - CD FLORES;;0;200;200;AMEN;;;;0,00;0,00;0;;0;0;;;B;;;;0;UN;2026;;;S;WE;0,00;BRL;;;0;0;UN;UN;2.275,00;4.910,75;;
CDFL;4500137988;;;10;0;0;801112;CRUZETA POL FBV/RES PES 2400X112,5X90MM;101;EM Entrada mercador.;0180034568;1003624;5000247870;1;28/01/2026;28/01/2026;28/01/2026;09:02:53;1.052;194.620,00;CUST;ESTOQUE_AME;MDCOSTA;;;;;;;;;1.052;UN;CDFL - CD FLORES;;0;1.052;1.052;AMEN;;;;0,00;0,00;0;;0;0;;;B;;;;0;UN;2026;;;S;WE;0,00;BRL;;;0;0;UN;UN;13.623,79;0,00;;
CDFL;4500138103;;;30;0;0;801114;ELO FUSIVEL BOTAO DISTRIB K 20A 500MM;101;EM Entrada mercador.;0180034681;1024046;5000249337;2;21/01/2026;05/02/2026;05/02/2026;15:34:31;1.253;7.471,26;CUST;ESTOQUE_AME;MDCOSTA;;;;;;;;;1.253;UN;CDFL - CD FLORES;;0;1.253;1.253;AMEN;;;;0,00;0,00;0;;0;0;;;B;;;;0;UN;2026;;;S;WE;0,00;BRL;;;0;0;UN;UN;454,34;980,72;;
CDFL;4500135086;;;70;0;0;801128;GRAMPO ANCOR CABO 477MCM 8000KGF;101;EM Entrada mercador.;0180034635;1020749;5000248443;6;16/12/2025;02/02/2026;02/02/2026;10:03:13;50;23.250,00;CUST;ESTOQUE_AME;MDCOSTA;;;;;;;;;50;UN;CDFL - CD FLORES;;0;50;50;AMEN;;;;0,00;0,00;0;;0;0;;;B;;;;0;UN;2026;;;S;WE;0,00;BRL;;;0;0;UN;UN;0,00;0,00;;
CDFL;4500130309;;;20;0;0;801157;CABO ELET FLEXIVEL PVC 750V 2,5MM2 PT;101;EM Entrada mercador.;0180034937;1003949;5000253094;1;24/02/2026;24/02/2026;24/02/2026;09:37:07;772;1.675,24;CUST;ESTOQUE_AME;MDCOSTA;;;;;;;;;772;M;CDFL - CD FLORES;;0;772;772;AMEN;;;;0,00;0,00;0;;0;0;;;B;;;;0;M;2026;;;S;WE;0,00;BRL;;;0;0;M;M;117,27;0,00;;
CDFL;4500124116;;;20;0;0;801157;CABO ELET FLEXIVEL PVC 750V 2,5MM2 PT;101;EM Entrada mercador.;0180034951;1003949;5000253172;1;19/01/2026;24/02/2026;24/02/2026;16:11:06;460;998,20;CUST;ESTOQUE_AME;MDCOSTA;;;;;;;;;460;M;CDFL - CD FLORES;;0;460;460;AMEN;;;;0,00;0,00;0;;0;0;;;B;;;;0;M;2026;;;S;WE;0,00;BRL;;;0;0;M;M;69,87;0,00;;
CDFL;4500148070;;;10;0;0;801185;CABO  MULT 2X10+1X10 MM² XLPE 0,6/1 KV;101;EM Entrada mercador.;0180035148;1003949;5000254707;1;05/03/2026;10/03/2026;10/03/2026;10:07:52;600;2.088,00;CUST;ESTOQUE_AME;MDCOSTA;;;;;;;;;600;M;CDFL - CD FLORES;;0;600;600;AMEN;;;;0,00;0,00;0;;0;0;;;B;;;;0;M;2026;;;S;WE;0,00;BRL;;;0;0;M;M;146,16;0,00;;
CDFL;4500144303;;;30;0;0;801186;OLHAL PARAFUSO AC 16MM 5000DAN;101;EM Entrada mercador.;0180035380;1010868;5000257291;3;25/02/2026;26/03/2026;26/03/2026;08:04:18;833;13.472,07;CUST;ESTOQUE_AME;MDCOSTA;;;;;;;;;833;UN;CDFL - CD FLORES;;0;833;833;AMEN;;;;0,00;0,00;0;;0;0;;;B;;;;0;UN;2026;;;S;WE;0,00;BRL;;;0;0;UN;UN;819,26;1.768,42;;
CDFL;4500139126;;;20;0;0;801189;CABO  MULT 3X25+1X25 MM² XLPE 0,6/1 KV;101;EM Entrada mercador.;0180034339;1003949;5000244366;2;23/12/2025;31/12/2025;31/12/2025;08:13:26;2.500;25.250,00;CUST;ESTOQUE_AME;MDCOSTA;;;;;;;;;2.500;M;CDFL - CD FLORES;;0;2.500;2.500;AMEN;;;;0,00;0,00;0;;0;0;;;B;;;;0;M;2025;;;S;WE;0,00;BRL;;;0;0;M;M;1.767,50;0,00;;
CDFL;4500138328;;;10;0;0;801215;CONECTOR DER CU 13-34MM2;101;EM Entrada mercador.;0180035098;1003799;5000254308;1;06/03/2026;06/03/2026;06/03/2026;14:06:27;120;1.092,62;CUST;ESTOQUE_AME;MDCOSTA;;;;;;;;;120;UN;CDFL - CD FLORES;;0;120;120;AMEN;;;;0,00;0,00;0;;0;0;;;B;;;;0;UN;2026;;;S;WE;0,00;BRL;;;0;0;UN;UN;66,44;143,42;;
CDFL;4500130665;;;40;0;0;801215;CONECTOR DER CU 13-34MM2;101;EM Entrada mercador.;0180033955;1003799;5000239657;4;05/11/2025;04/12/2025;04/12/2025;10:23:49;150;1.365,77;CUST;ESTOQUE_AME;MDCOSTA;;;;;;;;;150;UN;CDFL - CD FLORES;;0;150;150;AMEN;;;;0,00;0,00;0;;0;0;;;B;;;;0;UN;2025;;;S;WE;0,00;BRL;;;0;0;UN;UN;83,06;179,28;;
CDFL;4500125462;;;20;0;0;801215;CONECTOR DER CU 13-34MM2;101;EM Entrada mercador.;0180033144;1003799;5000230029;2;05/09/2025;07/10/2025;07/10/2025;10:53:37;50;455,25;CUST;ESTOQUE_AME;MDCOSTA;;;;;;;;;50;UN;CDFL - CD FLORES;;0;50;50;AMEN;;;;0,00;0,00;0;;0;0;;;B;;;;0;UN;2025;;;S;WE;0,00;BRL;;;0;0;UN;UN;27,69;59,76;;
CDFL;4500144463;;;10;0;0;801216;ELO FUSIVEL BOTAO DISTRIB K 50A 500MM;101;EM Entrada mercador.;0180035431;1003489;5000257418;1;03/03/2026;30/03/2026;30/03/2026;11:41:44;231;2.074,05;CUST;ESTOQUE_AME;MDCOSTA;;;;;;;;;231;UN;CDFL - CD FLORES;;0;231;231;AMEN;;;;0,00;0,00;0;;0;0;;;B;;;;0;UN;2026;;;S;WE;0,00;BRL;;;0;0;UN;UN;126,13;272,25;;
CDFL;4500144463;;;20;0;0;801220;ELO FUSIVEL BOTAO DISTRIB K 25A 500MM;101;EM Entrada mercador.;0180035431;1003489;5000257418;2;03/03/2026;30/03/2026;30/03/2026;11:41:44;1.962;13.144,23;CUST;ESTOQUE_AME;MDCOSTA;;;;;;;;;1.962;UN;CDFL - CD FLORES;;0;1.962;1.962;AMEN;;;;0,00;0,00;0;;0;0;;;B;;;;0;UN;2026;;;S;WE;0,00;BRL;;;0;0;UN;UN;799,32;1.725,39;;
CDFL;4500135086;;;20;0;0;801223;CONECTOR PARAL AL RETA 954MCM;101;EM Entrada mercador.;0180034635;1020749;5000248443;2;16/12/2025;02/02/2026;02/02/2026;10:03:13;40;4.840,00;CUST;ESTOQUE_AME;MDCOSTA;;;;;;;;;40;UN;CDFL - CD FLORES;;0;40;40;AMEN;;;;0,00;0,00;0;;0;0;;;B;;;;0;UN;2026;;;S;WE;0,00;BRL;;;0;0;UN;UN;0,00;0,00;;
CDFL;4500126955;;;20;0;0;801225;PARAFUSO OLH AC 5/8P 24P;101;EM Entrada mercador.;0180033213;1021472;5000230632;2;16/09/2025;10/10/2025;10/10/2025;10:12:48;80;2.391,20;CUST;ESTOQUE_AME;MDCOSTA;;;;;;;;;80;UN;CDFL - CD FLORES;;0;80;80;AMEN;;;;0,00;0,00;0;;0;0;;;B;;;;0;UN;2025;;;S;WE;0,00;BRL;;;0;0;UN;UN;0,00;0,00;;
CDFL;4500138103;;;40;0;0;801233;ELO FUSIVEL BOTAO DISTRIB K 15A 500MM;101;EM Entrada mercador.;0180034681;1024046;5000249337;3;21/01/2026;05/02/2026;05/02/2026;15:34:31;1.690;10.076,96;CUST;ESTOQUE_AME;MDCOSTA;;;;;;;;;1.690;UN;CDFL - CD FLORES;;0;1.690;1.690;AMEN;;;;0,00;0,00;0;;0;0;;;B;;;;0;UN;2026;;;S;WE;0,00;BRL;;;0;0;UN;UN;612,79;1.322,76;;
CDFL;4500137981;;;30;0;0;801256;PERFIL U AC 76X900MM REDE COMPACTA;101;EM Entrada mercador.;0180034977;1007262;5000253265;3;09/02/2026;26/02/2026;26/02/2026;10:37:23;5;683,05;CUST;ESTOQUE_AME;MDCOSTA;;;;;;;;;5;UN;CDFL - CD FLORES;;0;5;5;AMEN;;;;0,00;0,00;0;;0;0;;;B;;;;0;UN;2026;;;S;WE;0,00;BRL;;;0;0;UN;UN;75,34;55,25;;
CDFL;4500138103;;;80;0;0;801303;ELO FUSIVEL BOTAO DISTRIB K 12A 500MM;101;EM Entrada mercador.;0180034990;1024046;5000253316;2;11/02/2026;27/02/2026;27/02/2026;15:17:36;700;4.173,89;CUST;ESTOQUE_AME;MDCOSTA;;;;;;;;;700;UN;CDFL - CD FLORES;;0;700;700;AMEN;;;;0,00;0,00;0;;0;0;;;B;;;;0;UN;2026;;;S;WE;0,00;BRL;;;0;0;UN;UN;253,82;547,89;;
CDFL;4500137977;;;30;0;0;801313;PINO ISOLADOR AC 25X294X19MM;101;EM Entrada mercador.;0180034684;1010868;5000249356;3;21/01/2026;05/02/2026;05/02/2026;16:36:35;1.283;34.041,65;CUST;ESTOQUE_AME;MDCOSTA;;;;;;;;;1.283;UN;CDFL - CD FLORES;;0;1.283;1.283;AMEN;;;;0,00;0,00;0;;0;0;;;B;;;;0;UN;2026;;;S;WE;0,00;BRL;;;0;0;UN;UN;2.070,12;4.468,50;;
CDFL;4500135086;;;60;0;0;801314;EMENDA PREF COND AL 4/0AWG PT;101;EM Entrada mercador.;0180034874;1020749;5000252057;1;04/02/2026;20/02/2026;20/02/2026;11:22:04;30;4.500,00;CUST;ESTOQUE_AME;MDCOSTA;;;;;;;;;30;UN;CDFL - CD FLORES;;0;30;30;AMEN;;;;0,00;0,00;0;;0;0;;;B;;;;0;UN;2026;;;S;WE;0,00;BRL;;;0;0;UN;UN;0,00;0,00;;
CDFL;4500134702;;;10;0;0;801316;CORDOALHA AC 9,5MM 3/8P 7F 4900DAN;101;EM Entrada mercador.;0180034083;1018867;5000241768;1;12/11/2025;15/12/2025;15/12/2025;10:29:17;670;16.156,09;CUST;ESTOQUE_AME;MDCOSTA;;;;;;;;;670;KG;CDFL - CD FLORES;;0;670;670;AMEN;;;;0,00;0,00;0;;0;0;;;B;;;;0;KG;2025;;;S;WE;0,00;BRL;;;0;0;KG;KG;982,48;2.120,74;;
CDFL;4500138103;;;70;0;0;801352;ELO FUSIVEL BOTAO DISTRIB K 10A 500MM;101;EM Entrada mercador.;0180034990;1024046;5000253316;1;11/02/2026;27/02/2026;27/02/2026;15:17:36;750;4.472,02;CUST;ESTOQUE_AME;MDCOSTA;;;;;;;;;750;UN;CDFL - CD FLORES;;0;750;750;AMEN;;;;0,00;0,00;0;;0;0;;;B;;;;0;UN;2026;;;S;WE;0,00;BRL;;;0;0;UN;UN;271,95;587,02;;
CDFL;4500137981;;;20;0;0;801386;SUPORTE TRANSF POSTE DUP T AC 210X125MM;101;EM Entrada mercador.;0180034977;1007262;5000253265;2;09/02/2026;26/02/2026;26/02/2026;10:37:23;7;1.081,69;CUST;ESTOQUE_AME;MDCOSTA;;;;;;;;;7;UN;CDFL - CD FLORES;;0;7;7;AMEN;;;;0,00;0,00;0;;0;0;;;B;;;;0;UN;2026;;;S;WE;0,00;BRL;;;0;0;UN;UN;119,31;87,49;;
CDFL;4500137960;;;40;0;0;801391;PARAFUSO CAB QD AC 16MM 2P 350MM;101;EM Entrada mercador.;0180034863;1007262;5000251982;4;09/02/2026;19/02/2026;19/02/2026;16:21:37;158;2.404,94;CUST;ESTOQUE_AME;MDCOSTA;;;;;;;;;158;UN;CDFL - CD FLORES;;0;158;158;AMEN;;;;0,00;0,00;0;;0;0;;;B;;;;0;UN;2026;;;S;WE;0,00;BRL;;;0;0;UN;UN;265,25;194,52;;
CDFL;4500132126;;;30;0;0;801391;PARAFUSO CAB QD AC 16MM 2P 350MM;101;EM Entrada mercador.;0180034696;1007262;5000249385;3;11/12/2025;06/02/2026;06/02/2026;08:23:32;189;2.876,79;CUST;ESTOQUE_AME;MDCOSTA;;;;;;;;;189;UN;CDFL - CD FLORES;;0;189;189;AMEN;;;;0,00;0,00;0;;0;0;;;B;;;;0;UN;2026;;;S;WE;0,00;BRL;;;0;0;UN;UN;317,29;232,68;;
CDFL;4500125153;;;10;0;0;801400;HASTE ATERRAMENTO CI AC 14,3X2438MM;101;EM Entrada mercador.;0180034528;1009609;5000247776;1;10/12/2025;26/01/2026;26/01/2026;15:02:26;2.000;199.321,60;CUST;ESTOQUE_AME;MDCOSTA;;;;;;;;;2.000;UN;CDFL - CD FLORES;;0;2.000;2.000;AMEN;;;;0,00;0,00;0;;0;0;;;B;;;;0;UN;2026;;;S;WE;0,00;BRL;;;0;0;UN;UN;21.984,00;16.121,60;;
CDFL;4500125153;;;10;0;0;801400;HASTE ATERRAMENTO CI AC 14,3X2438MM;101;EM Entrada mercador.;0180034530;1009609;5000247779;1;10/12/2025;26/01/2026;26/01/2026;15:07:11;2.000;199.321,60;CUST;ESTOQUE_AME;MDCOSTA;;;;;;;;;2.000;UN;CDFL - CD FLORES;;0;2.000;2.000;AMEN;;;;0,00;0,00;0;;0;0;;;B;;;;0;UN;2026;;;S;WE;0,00;BRL;;;0;0;UN;UN;21.984,00;16.121,60;;
CDFL;4500138103;;;60;0;0;801826;ELO FUSIVEL BOTAO K 6A 500MM;101;EM Entrada mercador.;0180034681;1024046;5000249337;5;21/01/2026;05/02/2026;05/02/2026;15:34:31;1.430;8.526,66;CUST;ESTOQUE_AME;MDCOSTA;;;;;;;;;1.430;UN;CDFL - CD FLORES;;0;1.430;1.430;AMEN;;;;0,00;0,00;0;;0;0;;;B;;;;0;UN;2026;;;S;WE;0,00;BRL;;;0;0;UN;UN;518,52;1.119,26;;
CDFL;4500138103;;;50;0;0;801955;ELO FUSIVEL DISTRIB H 2A 500MM;101;EM Entrada mercador.;0180034681;1024046;5000249337;4;21/01/2026;05/02/2026;05/02/2026;15:34:31;1.670;9.861,59;CUST;ESTOQUE_AME;MDCOSTA;;;;;;;;;1.670;UN;CDFL - CD FLORES;;0;1.670;1.670;AMEN;;;;0,00;0,00;0;;0;0;;;B;;;;0;UN;2026;;;S;WE;0,00;BRL;;;0;0;UN;UN;599,70;1.294,49;;
CDFL;4500132907;;;20;0;0;802018;PRENSA-CABOS AL 1.3/4P;101;EM Entrada mercador.;0180034667;1012258;5000248893;2;12/01/2026;04/02/2026;04/02/2026;15:26:48;90;33.954,56;CUST;ESTOQUE_AME;MDCOSTA;;;;;;;;;90;UN;CDFL - CD FLORES;;0;90;90;AMEN;;;;0,00;0,00;0;;0;0;;;B;;;;0;UN;2026;;;S;WE;0,00;BRL;;;0;0;UN;UN;2.064,83;4.457,07;;
CDFL;4500129227;;;10;0;0;802130;BATERIA MED. 1/2AA 3,6V 1,2AH S/T;101;EM Entrada mercador.;0180033590;1006972;5000234713;1;23/09/2025;05/11/2025;05/11/2025;10:05:14;800;22.607,60;CUST;ESTOQUE_AME;MDCOSTA;;;;;;;;;800;UN;CDFL - CD FLORES;;0;800;800;AMEN;;;;0,00;0,00;0;;0;0;;;B;;;;0;UN;2025;;;S;WE;0,00;BRL;;;0;0;UN;UN;1.374,80;2.967,60;;
CDFL;4500147694;;;30;0;0;802138;FITA ISOL ELET 19MMX20M 0,19MM VM;101;EM Entrada mercador.;0180035114;1003818;5000254412;3;03/03/2026;09/03/2026;09/03/2026;09:41:07;27;1.442,88;CUST;ESTOQUE_AME;MDCOSTA;;;;;;;;;27;UN;CDFL - CD FLORES;;0;27;27;AMEN;;;;0,00;0,00;0;;0;0;;;B;;;;0;UN;2026;;;S;WE;0,00;BRL;;;0;0;UN;UN;0,00;0,00;;
CDFL;4500138085;;;10;0;0;802138;FITA ISOL ELET 19MMX20M 0,19MM VM;101;EM Entrada mercador.;0180034103;1003818;5000242107;1;09/12/2025;16/12/2025;16/12/2025;08:33:55;13;694,72;CUST;ESTOQUE_AME;MDCOSTA;;;;;;;;;13;UN;CDFL - CD FLORES;;0;13;13;AMEN;;;;0,00;0,00;0;;0;0;;;B;;;;0;UN;2025;;;S;WE;0,00;BRL;;;0;0;UN;UN;0,00;0,00;;
CDFL;4500147694;;;10;0;0;802141;FITA ISOL ELET 19MMX20M 0,19MM AZ;101;EM Entrada mercador.;0180035114;1003818;5000254412;1;03/03/2026;09/03/2026;09/03/2026;09:41:07;50;2.672,00;CUST;ESTOQUE_AME;MDCOSTA;;;;;;;;;50;UN;CDFL - CD FLORES;;0;50;50;AMEN;;;;0,00;0,00;0;;0;0;;;B;;;;0;UN;2026;;;S;WE;0,00;BRL;;;0;0;UN;UN;0,00;0,00;;
CDFL;4500138085;;;30;0;0;802141;FITA ISOL ELET 19MMX20M 0,19MM AZ;101;EM Entrada mercador.;0180034103;1003818;5000242107;3;09/12/2025;16/12/2025;16/12/2025;08:33:55;10;534,40;CUST;ESTOQUE_AME;MDCOSTA;;;;;;;;;10;UN;CDFL - CD FLORES;;0;10;10;AMEN;;;;0,00;0,00;0;;0;0;;;B;;;;0;UN;2025;;;S;WE;0,00;BRL;;;0;0;UN;UN;0,00;0,00;;
CDFL;4500147694;;;20;0;0;802158;FITA ISOL ELET 19MMX20M 0,19MM BR;101;EM Entrada mercador.;0180035384;1003818;5000257296;1;23/03/2026;26/03/2026;26/03/2026;08:21:46;25;1.336,00;CUST;ESTOQUE_AME;MDCOSTA;;;;;;;;;25;UN;CDFL - CD FLORES;;0;25;25;AMEN;;;;0,00;0,00;0;;0;0;;;B;;;;0;UN;2026;;;S;WE;0,00;BRL;;;0;0;UN;UN;0,00;0,00;;
CDFL;4500147694;;;20;0;0;802158;FITA ISOL ELET 19MMX20M 0,19MM BR;101;EM Entrada mercador.;0180035114;1003818;5000254412;2;03/03/2026;09/03/2026;09/03/2026;09:41:07;25;1.336,00;CUST;ESTOQUE_AME;MDCOSTA;;;;;;;;;25;UN;CDFL - CD FLORES;;0;25;25;AMEN;;;;0,00;0,00;0;;0;0;;;B;;;;0;UN;2026;;;S;WE;0,00;BRL;;;0;0;UN;UN;0,00;0,00;;
CDFL;4500138085;;;20;0;0;802158;FITA ISOL ELET 19MMX20M 0,19MM BR;101;EM Entrada mercador.;0180034103;1003818;5000242107;2;09/12/2025;16/12/2025;16/12/2025;08:33:55;10;534,40;CUST;ESTOQUE_AME;MDCOSTA;;;;;;;;;10;UN;CDFL - CD FLORES;;0;10;10;AMEN;;;;0,00;0,00;0;;0;0;;;B;;;;0;UN;2025;;;S;WE;0,00;BRL;;;0;0;UN;UN;0,00;0,00;;
CDFL;4500141542;;;30;0;0;802229;CHAVE COMBINADA CATRACA 27MM;101;EM Entrada mercador.;0180034315;1008610;5000244301;3;22/12/2025;30/12/2025;30/12/2025;08:49:24;1;149,03;CUST;ESTOQUE_AME;MDCOSTA;;;;;;;;;1;UN;CDFL - CD FLORES;;0;1;1;AMEN;;;;0,00;0,00;0;;0;0;;;B;;;;0;UN;2025;;;S;WE;0,00;BRL;;;0;0;UN;UN;29,80;0,00;;
CDFL;4500141866;;;10;0;0;802911;SACO P/LIMPEZA ALG 80X55CM;101;EM Entrada mercador.;0180034338;1008610;5000244365;1;23/12/2025;31/12/2025;31/12/2025;08:09:41;200;2.198,00;CUST;ESTOQUE_AME;MDCOSTA;;;;;;;;;200;UN;CDFL - CD FLORES;;0;200;200;AMEN;;;;0,00;0,00;0;;0;0;;;B;;;;0;UN;2025;;;S;WE;0,00;BRL;;;0;0;UN;UN;439,60;0,00;;
CDFL;4500135763;;;10;0;0;803069;MUFLA TERMINAL POLIM 8,7/15KV 120-300MM2;101;EM Entrada mercador.;0180033768;1003818;5000236343;1;06/11/2025;17/11/2025;17/11/2025;11:43:06;6;2.121,12;CUST;ESTOQUE_AME;MDCOSTA;;;;;;;;;6;UN;CDFL - CD FLORES;;0;6;6;AMEN;;;;0,00;0,00;0;;0;0;;;B;;;;0;UN;2025;;;S;WE;0,00;BRL;;;0;0;UN;UN;0,00;0,00;;
CDFL;4500141563;;;20;0;0;803123;LAMINA SERRA ACO RAP 300X13MM 0,65MM 24D;101;EM Entrada mercador.;0180034573;1007229;5000248079;3;22/12/2025;28/01/2026;28/01/2026;15:38:49;190;1.683,40;CUST;ESTOQUE_AME;MDCOSTA;;;;;;;;;190;UN;CDFL - CD FLORES;;0;190;190;AMEN;;;;0,00;0,00;0;;0;0;;;B;;;;0;UN;2026;;;S;WE;0,00;BRL;;;0;0;UN;UN;336,68;0,00;;
CDFL;4500147685;;;30;0;0;803129;ABRACADEIRA NYLON 5MMX300MM;101;EM Entrada mercador.;0180035119;1012974;5000254428;3;09/03/2026;09/03/2026;09/03/2026;10:15:32;400;165,76;CUST;ESTOQUE_AME;MDCOSTA;;;;;;;;;400;UN;CDFL - CD FLORES;;0;400;400;AMEN;;;;0,00;0,00;0;;0;0;;;B;;;;0;UN;2026;;;S;WE;0,00;BRL;;;0;0;UN;UN;10,08;21,76;;
CDFL;4500140317;;;20;0;0;803129;ABRACADEIRA NYLON 5MMX300MM;101;EM Entrada mercador.;0180034507;1012974;5000247503;2;16/12/2025;23/01/2026;23/01/2026;11:35:22;100;41,44;CUST;ESTOQUE_AME;MDCOSTA;;;;;;;;;100;UN;CDFL - CD FLORES;;0;100;100;AMEN;;;;0,00;0,00;0;;0;0;;;B;;;;0;UN;2026;;;S;WE;0,00;BRL;;;0;0;UN;UN;2,52;5,44;;
CDFL;4500138298;;;30;0;0;803344;CONECTOR PERFUR 50-185MM MED TENSAO 15KV;101;EM Entrada mercador.;0180034697;1020062;5000249389;1;30/01/2026;06/02/2026;06/02/2026;08:35:16;514;48.093,95;CUST;ESTOQUE_AME;MDCOSTA;;;;;;;;;514;UN;CDFL - CD FLORES;;0;514;514;AMEN;;;;0,00;0,00;0;;0;0;;;B;;;;0;UN;2026;;;S;WE;0,00;BRL;;;0;0;UN;UN;5.304,48;3.889,95;;
CDFL;4500132864;;;10;0;0;803452;ESPACADOR LOSANG CLASSE 15KV C/ GARRAS;101;EM Entrada mercador.;0180033684;1007001;5000235531;1;21/10/2025;11/11/2025;11/11/2025;17:41:07;300;6.733,94;CUST;ESTOQUE_AME;MDCOSTA;;;;;;;;;300;UN;CDFL - CD FLORES;;0;300;300;AMEN;;;;0,00;0,00;0;;0;0;;;B;;;;0;UN;2025;;;S;WE;0,00;BRL;;;0;0;UN;UN;409,50;883,94;;
CDFL;4500144462;;;10;0;0;803470;PONTALETE FBV 100MM 6M;101;EM Entrada mercador.;0180035117;1003624;5000254419;1;09/03/2026;09/03/2026;09/03/2026;09:53:48;860;296.700,00;CUST;ESTOQUE_AME;MDCOSTA;;;;;;;;;860;UN;CDFL - CD FLORES;;0;860;860;AMEN;;;;0,00;0,00;0;;0;0;;;B;;;;0;UN;2026;;;S;WE;0,00;BRL;;;0;0;UN;UN;23.077,33;0,00;;
CDFL;4500138763;;;10;0;0;803470;PONTALETE FBV 100MM 6M;101;EM Entrada mercador.;0180034569;1003624;5000247965;1;30/12/2025;28/01/2026;28/01/2026;10:42:43;280;96.600,00;CUST;ESTOQUE_AME;MDCOSTA;;;;;;;;;280;UN;CDFL - CD FLORES;;0;280;280;AMEN;;;;0,00;0,00;0;;0;0;;;B;;;;0;UN;2026;;;S;WE;0,00;BRL;;;0;0;UN;UN;6.762,00;0,00;;
CDFL;4500138763;;;10;0;0;803470;PONTALETE FBV 100MM 6M;101;EM Entrada mercador.;0180034567;1003624;5000247864;1;28/01/2026;28/01/2026;28/01/2026;08:54:59;220;75.900,00;CUST;ESTOQUE_AME;MDCOSTA;;;;;;;;;220;UN;CDFL - CD FLORES;;0;220;220;AMEN;;;;0,00;0,00;0;;0;0;;;B;;;;0;UN;2026;;;S;WE;0,00;BRL;;;0;0;UN;UN;5.903,50;0,00;;
CDFL;4500138470;;;40;0;0;803498;BROCA ACO PARA METAL  8MM2;101;EM Entrada mercador.;0180034033;1008610;5000241001;4;05/12/2025;11/12/2025;11/12/2025;09:33:57;5;34,95;CUST;ESTOQUE_AME;MDCOSTA;;;;;;;;;5;UN;CDFL - CD FLORES;;0;5;5;AMEN;;;;0,00;0,00;0;;0;0;;;B;;;;0;UN;2025;;;S;WE;0,00;BRL;;;0;0;UN;UN;0,00;0,00;;
CDFL;4500135086;;;80;0;0;803535;PARAFUSO OLHAL Æ 19X350MM PORCAS ARRUELA;101;EM Entrada mercador.;0180034635;1020749;5000248443;8;16/12/2025;02/02/2026;02/02/2026;10:03:13;50;3.250,00;CUST;ESTOQUE_AME;MDCOSTA;;;;;;;;;50;UN;CDFL - CD FLORES;;0;50;50;AMEN;;;;0,00;0,00;0;;0;0;;;B;;;;0;UN;2026;;;S;WE;0,00;BRL;;;0;0;UN;UN;0,00;0,00;;
CDFL;4500141542;;;20;0;0;803637;BROCA 12MM PARA FERRO;101;EM Entrada mercador.;0180034315;1008610;5000244301;2;22/12/2025;30/12/2025;30/12/2025;08:49:24;5;84,85;CUST;ESTOQUE_AME;MDCOSTA;;;;;;;;;5;UN;CDFL - CD FLORES;;0;5;5;AMEN;;;;0,00;0,00;0;;0;0;;;B;;;;0;UN;2025;;;S;WE;0,00;BRL;;;0;0;UN;UN;0,00;0,00;;
CDFL;4500130309;;;10;0;0;803800;CABO ELET FLEX 2X1,5MM2 0,6/1KV;101;EM Entrada mercador.;0180033720;1003949;5000235856;1;04/11/2025;13/11/2025;13/11/2025;11:32:45;1.000;3.230,00;CUST;ESTOQUE_AME;MDCOSTA;;;;;;;;;1.000;M;CDFL - CD FLORES;;0;1.000;1.000;AMEN;;;;0,00;0,00;0;;0;0;;;B;;;;0;M;2025;;;S;WE;0,00;BRL;;;0;0;M;M;226,10;0,00;;
CDFL;4500138869;;;10;0;0;803814;ALICATE UNIVERSAL 8;101;EM Entrada mercador.;0180034104;1003818;5000242112;1;11/12/2025;16/12/2025;16/12/2025;08:50:33;28;1.004,36;CUST;ESTOQUE_AME;MDCOSTA;;;;;;;;;28;UN;CDFL - CD FLORES;;0;28;28;AMEN;;;;0,00;0,00;0;;0;0;;;B;;;;0;UN;2025;;;S;WE;0,00;BRL;;;0;0;UN;UN;0,00;0,00;;
CDFL;4500125460;;;60;0;0;803816;BALDE DE LONA PARA IÇAR FERRAMENTAS;101;EM Entrada mercador.;0180033064;1003818;5000228892;1;18/09/2025;01/10/2025;01/10/2025;10:22:36;25;2.337,50;CUST;ESTOQUE_AME;MDCOSTA;;;;;;;;;25;UN;CDFL - CD FLORES;;0;25;25;AMEN;;;;0,00;0,00;0;;0;0;;;B;;;;0;UN;2025;;;S;WE;0,00;BRL;;;0;0;UN;UN;467,50;0,00;;
CDFL;4500117097;;;110;0;0;803820;CHAVE CANHÃO 6X245 MM ISOLADA;101;EM Entrada mercador.;0180033132;1003763;5000229991;1;26/08/2025;07/10/2025;07/10/2025;08:54:27;5;287,66;CUST;ESTOQUE_AME;MDCOSTA;;;;;;;;;5;UN;CDFL - CD FLORES;;0;5;5;AMEN;;;;0,00;0,00;0;;0;0;;;B;;;;0;UN;2025;;;S;WE;0,00;BRL;;;0;0;UN;UN;17,49;37,76;;
CDFL;4500135586;;;10;0;0;803907;CABO DE AÇO REVESTIDOS DE COBRE 35MM²;101;EM Entrada mercador.;0180034525;1009609;5000247771;1;27/11/2025;26/01/2026;26/01/2026;14:18:54;3.000;286.416,00;CUST;ESTOQUE_AME;MDCOSTA;;;;;;;;;3.000;KG;CDFL - CD FLORES;;0;3.000;3.000;AMEN;;;;0,00;0,00;0;;0;0;;;B;;;;0;KG;2026;;;S;WE;0,00;BRL;;;0;0;KG;KG;31.590,00;23.166,00;;
CDFL;4500124107;;;120;0;0;803975;BLOCO ALARME MDWH AL-1;101;EM Entrada mercador.;0180033653;1003818;5000235305;2;22/10/2025;11/11/2025;11/11/2025;09:10:27;5;272,30;CUST;ESTOQUE_AME;MDCOSTA;;;;;;;;;5;UN;CDFL - CD FLORES;;0;5;5;AMEN;;;;0,00;0,00;0;;0;0;;;B;;;;0;UN;2025;;;S;WE;0,00;BRL;;;0;0;UN;UN;0,00;0,00;;
CDFL;4500141563;;;10;0;0;804022;JOGO DE CHAVE COMBINADA COM CATRACA 16P;101;EM Entrada mercador.;0180034573;1007229;5000248079;1;22/12/2025;28/01/2026;28/01/2026;15:38:49;2;1.576,82;CUST;ESTOQUE_AME;MDCOSTA;;;;;;;;;2;UN;CDFL - CD FLORES;;0;2;2;AMEN;;;;0,00;0,00;0;;0;0;;;B;;;;0;UN;2026;;;S;WE;0,00;BRL;;;0;0;UN;UN;0,00;0,00;;
CDFL;4500125460;;;10;0;0;804079;ALICATE AMPERIMETRO DIGITAL CAT III 600V;101;EM Entrada mercador.;0180033726;1003818;5000235976;1;07/11/2025;13/11/2025;13/11/2025;16:47:58;8;7.896,16;CUST;ESTOQUE_AME;MDCOSTA;;;;;;;;;8;UN;CDFL - CD FLORES;;0;8;8;AMEN;;;;0,00;0,00;0;;0;0;;;B;;;;0;UN;2025;;;S;WE;0,00;BRL;;;0;0;UN;UN;0,00;0,00;;
CDFL;4500125744;;;20;0;0;804115;CAIXA PARA MEDIDOR POLIFASICA VIS. VIDRO;101;EM Entrada mercador.;0180033497;1013522;5000234153;2;26/09/2025;28/10/2025;28/10/2025;14:23:03;2.723;172.394,49;CUST;ESTOQUE_AME;MDCOSTA;;;;;;;;;2.723;UN;CDFL - CD FLORES;;0;2.723;2.723;AMEN;;;;0,00;0,00;0;;0;0;;;B;;;;0;UN;2025;;;S;WE;0,00;BRL;;;0;0;UN;UN;10.483,55;22.629,49;;
CDFL;4500138470;;;20;0;0;804167;CANIVETE PARA ELETRICISTA;101;EM Entrada mercador.;0180034033;1008610;5000241001;2;05/12/2025;11/12/2025;11/12/2025;09:33:57;20;805,00;CUST;ESTOQUE_AME;MDCOSTA;;;;;;;;;20;UN;CDFL - CD FLORES;;0;20;20;AMEN;;;;0,00;0,00;0;;0;0;;;B;;;;0;UN;2025;;;S;WE;0,00;BRL;;;0;0;UN;UN;161,00;0,00;;
CDFL;4500123146;;;10;0;0;804421;ISOLADOR PINO, POLIMERICO COM TRAVAS;101;EM Entrada mercador.;0180034858;1004591;5000251974;1;28/01/2026;19/02/2026;19/02/2026;15:56:52;500;12.662,10;CUST;ESTOQUE_AME;MDCOSTA;;;;;;;;;500;UN;CDFL - CD FLORES;;0;500;500;AMEN;;;;0,00;0,00;0;;0;0;;;B;;;;0;UN;2026;;;S;WE;0,00;BRL;;;0;0;UN;UN;770,00;1.662,10;;
CDFL;4500128521;;;60;0;0;804422;GRAMPO ANCOR UNIVERSAL 35MM2 A 185MM2;101;EM Entrada mercador.;0180033734;1013036;5000236006;1;26/09/2025;14/11/2025;14/11/2025;10:00:18;771;20.288,21;CUST;ESTOQUE_AME;MDCOSTA;;;;;;;;;771;UN;CDFL - CD FLORES;;0;771;771;AMEN;;;;0,00;0,00;0;;0;0;;;B;;;;0;UN;2025;;;S;WE;0,00;BRL;;;0;0;UN;UN;1.233,75;2.663,15;;
CDFL;4500119475;;;30;0;0;804425;MODULO RETIFICADOR 125VCC;101;EM Entrada mercador.;0180033569;1003776;5000234456;5;24/09/2025;03/11/2025;03/11/2025;14:40:05;2;12.659,39;CUST;ESTOQUE_AME;MDCOSTA;;;;;;;;;2;UN;CDFL - CD FLORES;;0;2;2;AMEN;;;;0,00;0,00;0;;0;0;;;B;;;;0;UN;2025;;;S;WE;0,00;BRL;;;0;0;UN;UN;769,83;1.661,74;;
CDFL;4500119475;;;40;0;0;804426;CONTROLADOR IHM 125VCC;101;EM Entrada mercador.;0180033569;1003776;5000234456;6;24/09/2025;03/11/2025;03/11/2025;14:40:05;2;8.807,09;CUST;ESTOQUE_AME;MDCOSTA;;;;;;;;;2;UN;CDFL - CD FLORES;;0;2;2;AMEN;;;;0,00;0,00;0;;0;0;;;B;;;;0;UN;2025;;;S;WE;0,00;BRL;;;0;0;UN;UN;535,57;1.156,07;;
CDFL;4500141927;;;40;0;0;804446;TERMINAL TIPO OLHAL 25MM 1/4;101;EM Entrada mercador.;0180034511;1003818;5000247626;6;02/01/2026;23/01/2026;23/01/2026;15:10:19;100;213,00;CUST;ESTOQUE_AME;MDCOSTA;;;;;;;;;100;UN;CDFL - CD FLORES;;0;100;100;AMEN;;;;0,00;0,00;0;;0;0;;;B;;;;0;UN;2026;;;S;WE;0,00;BRL;;;0;0;UN;UN;0,00;0,00;;
CDFL;4500141927;;;50;0;0;804447;TERMINAL TIPO OLHAL  10MM 1/4;101;EM Entrada mercador.;0180034511;1003818;5000247626;7;02/01/2026;23/01/2026;23/01/2026;15:10:19;100;120,00;CUST;ESTOQUE_AME;MDCOSTA;;;;;;;;;100;UN;CDFL - CD FLORES;;0;100;100;AMEN;;;;0,00;0,00;0;;0;0;;;B;;;;0;UN;2026;;;S;WE;0,00;BRL;;;0;0;UN;UN;0,00;0,00;;
CDFL;4500138470;;;30;0;0;804455;CHAVE FENDA PONTA CHATA ACO 6X100MM;101;EM Entrada mercador.;0180034033;1008610;5000241001;3;05/12/2025;11/12/2025;11/12/2025;09:33:57;10;129,80;CUST;ESTOQUE_AME;MDCOSTA;;;;;;;;;10;UN;CDFL - CD FLORES;;0;10;10;AMEN;;;;0,00;0,00;0;;0;0;;;B;;;;0;UN;2025;;;S;WE;0,00;BRL;;;0;0;UN;UN;25,96;0,00;;
CDFL;4500133941;;;10;0;0;804476;CONECTORES RJ45 MACHO CAT 6;101;EM Entrada mercador.;0180033355;1007657;5000232537;2;14/10/2025;20/10/2025;20/10/2025;11:11:13;1.000;950,00;CUST;ESTOQUE_AME;MDCOSTA;;;;;;;;;1.000;UN;CDFL - CD FLORES;;0;1.000;1.000;AMEN;;;;0,00;0,00;0;;0;0;;;B;;;;0;UN;2025;;;S;WE;0,00;BRL;;;0;0;UN;UN;0,00;0,00;;
CDFL;4500133941;;;20;0;0;804477;CONECTORES RJ45 MACHO BLINDADO CAT 6;101;EM Entrada mercador.;0180033355;1007657;5000232537;1;14/10/2025;20/10/2025;20/10/2025;11:11:13;1.000;1.890,00;CUST;ESTOQUE_AME;MDCOSTA;;;;;;;;;1.000;UN;CDFL - CD FLORES;;0;1.000;1.000;AMEN;;;;0,00;0,00;0;;0;0;;;B;;;;0;UN;2025;;;S;WE;0,00;BRL;;;0;0;UN;UN;0,00;0,00;;
CDFL;4500135086;;;30;0;0;804487;CONECTOR PARALELO 266,8 PARTRIDGE;101;EM Entrada mercador.;0180034635;1020749;5000248443;3;16/12/2025;02/02/2026;02/02/2026;10:03:13;40;2.280,00;CUST;ESTOQUE_AME;MDCOSTA;;;;;;;;;40;UN;CDFL - CD FLORES;;0;40;40;AMEN;;;;0,00;0,00;0;;0;0;;;B;;;;0;UN;2026;;;S;WE;0,00;BRL;;;0;0;UN;UN;0,00;0,00;;
CDFL;4500135086;;;10;0;0;804490;CONECTOR EMENDA RETA 954 MAGNOLIA;101;EM Entrada mercador.;0180034635;1020749;5000248443;1;16/12/2025;02/02/2026;02/02/2026;10:03:13;30;3.795,00;CUST;ESTOQUE_AME;MDCOSTA;;;;;;;;;30;UN;CDFL - CD FLORES;;0;30;30;AMEN;;;;0,00;0,00;0;;0;0;;;B;;;;0;UN;2026;;;S;WE;0,00;BRL;;;0;0;UN;UN;0,00;0,00;;
CDFL;4500138470;;;10;0;0;804554;ALICATE AMPERIM 750/1000V 1000A ET-3200A;101;EM Entrada mercador.;0180034033;1008610;5000241001;1;05/12/2025;11/12/2025;11/12/2025;09:33:57;11;4.815,14;CUST;ESTOQUE_AME;MDCOSTA;;;;;;;;;11;UN;CDFL - CD FLORES;;0;11;11;AMEN;;;;0,00;0,00;0;;0;0;;;B;;;;0;UN;2025;;;S;WE;0,00;BRL;;;0;0;UN;UN;0,00;0,00;;
CDFL;4500113802;;;10;0;0;804565;CRUZETA POL FBV/RES 2400X112,5X90MM DAT;101;EM Entrada mercador.;0180033687;1007001;5000235534;1;21/10/2025;11/11/2025;11/11/2025;17:56:32;74;13.841,98;CUST;ESTOQUE_AME;MDCOSTA;;;;;;;;;74;UN;CDFL - CD FLORES;;0;74;74;AMEN;;;;0,00;0,00;0;;0;0;;;B;;;;0;UN;2025;;;S;WE;0,00;BRL;;;0;0;UN;UN;841,75;1.816,98;;
CDFL;4500140482;;;10;0;0;804596;BATERIA SELADA 12V;101;EM Entrada mercador.;0180034327;1003818;5000244341;1;16/12/2025;30/12/2025;30/12/2025;16:49:01;54;7.743,60;CUST;ESTOQUE_AME;MDCOSTA;;;;;;;;;54;UN;CDFL - CD FLORES;;0;54;54;AMEN;;;;0,00;0,00;0;;0;0;;;B;;;;0;UN;2025;;;S;WE;0,00;BRL;;;0;0;UN;UN;0,00;0,00;;
CDFL;4500140482;;;10;0;0;804596;BATERIA SELADA 12V;101;EM Entrada mercador.;0180034127;1003818;5000243261;1;15/12/2025;17/12/2025;17/12/2025;09:06:34;6;860,40;CUST;ESTOQUE_AME;MDCOSTA;;;;;;;;;6;UN;CDFL - CD FLORES;;0;6;6;AMEN;;;;0,00;0,00;0;;0;0;;;B;;;;0;UN;2025;;;S;WE;0,00;BRL;;;0;0;UN;UN;0,00;0,00;;
CDFL;4500141542;;;10;0;0;804603;TALHA MANUAL CORRENTE CAP. 2TON;101;EM Entrada mercador.;0180034315;1008610;5000244301;1;22/12/2025;30/12/2025;30/12/2025;08:49:24;1;1.180,18;CUST;ESTOQUE_AME;MDCOSTA;;;;;;;;;1;UN;CDFL - CD FLORES;;0;1;1;AMEN;;;;0,00;0,00;0;;0;0;;;B;;;;0;UN;2025;;;S;WE;0,00;BRL;;;0;0;UN;UN;236,04;0,00;;
CDFL;4500138470;;;50;0;0;804656;CHAVE GRIFO 12POL CHAVE GRIFO 12POL;101;EM Entrada mercador.;0180034033;1008610;5000241001;6;05/12/2025;11/12/2025;11/12/2025;09:33:57;6;776,34;CUST;ESTOQUE_AME;MDCOSTA;;;;;;;;;6;UN;CDFL - CD FLORES;;0;6;6;AMEN;;;;0,00;0,00;0;;0;0;;;B;;;;0;UN;2025;;;S;WE;0,00;BRL;;;0;0;UN;UN;155,27;0,00;;
CDFL;4500131867;;;10;0;0;804670;FUSIVEL HH 1A 358C 52L MM;101;EM Entrada mercador.;0180033816;1026705;5000236710;2;03/10/2025;18/11/2025;18/11/2025;15:12:12;6;2.264,47;CUST;ESTOQUE_AME;MDCOSTA;;;;;;;;;6;UN;CDFL - CD FLORES;;0;6;6;AMEN;;;;0,00;0,00;0;;0;0;;;B;;;;0;UN;2025;;;S;WE;0,00;BRL;;;0;0;UN;UN;137,71;297,25;;
CDFL;4500131867;;;20;0;0;804671;FUSIVEL HH 10A 358C 52L MM;101;EM Entrada mercador.;0180033816;1026705;5000236710;1;03/10/2025;18/11/2025;18/11/2025;15:12:12;6;2.263,85;CUST;ESTOQUE_AME;MDCOSTA;;;;;;;;;6;UN;CDFL - CD FLORES;;0;6;6;AMEN;;;;0,00;0,00;0;;0;0;;;B;;;;0;UN;2025;;;S;WE;0,00;BRL;;;0;0;UN;UN;137,67;297,17;;
CDFL;4500119406;;;10;0;0;804838;SENSOR DE CRTE TIPO ABRT 400A-5 P/ URBT;101;EM Entrada mercador.;0180033168;1003243;5000230319;1;06/10/2025;08/10/2025;08/10/2025;14:36:03;150;78.600,00;CUST;ESTOQUE_AME;MDCOSTA;;;;;;;;;150;UN;CDFL - CD FLORES;;0;150;150;AMEN;;;;0,00;0,00;0;;0;0;;;B;;;;0;UN;2025;;;S;WE;0,00;BRL;;;0;0;UN;UN;15.720,00;0,00;;
CDFL;4500119406;;;20;0;0;804839;SENSOR DE CRTE TIPO ABRT 600A-5 P/ URBT;101;EM Entrada mercador.;0180033168;1003243;5000230319;2;06/10/2025;08/10/2025;08/10/2025;14:36:03;150;78.600,00;CUST;ESTOQUE_AME;MDCOSTA;;;;;;;;;150;UN;CDFL - CD FLORES;;0;150;150;AMEN;;;;0,00;0,00;0;;0;0;;;B;;;;0;UN;2025;;;S;WE;0,00;BRL;;;0;0;UN;UN;15.720,00;0,00;;
CDFL;4500146047;;;10;0;0;804842;BATERIA VEICULAR 100A;101;EM Entrada mercador.;0180034904;1003818;5000252703;1;13/02/2026;23/02/2026;23/02/2026;08:24:09;1;1.285,63;CUST;ESTOQUE_AME;MDCOSTA;;;;;;;;;1;UN;CDFL - CD FLORES;;0;1;1;AMEN;;;;0,00;0,00;0;;0;0;;;B;;;;0;UN;2026;;;S;WE;0,00;BRL;;;0;0;UN;UN;0,00;0,00;;
CDFL;4500138753;;;10;0;0;805139;MARTELETE COMBINADO MAKITA A BATERIA;101;EM Entrada mercador.;0180034531;1027094;5000247780;1;13/01/2026;26/01/2026;26/01/2026;15:15:46;1;16.000,00;CUST;ESTOQUE_AME;MDCOSTA;;;;;;;;;1;UN;CDFL - CD FLORES;;0;1;1;AMEN;;;;0,00;0,00;0;;0;0;;;B;;;;0;UN;2026;;;S;WE;0,00;BRL;;;0;0;UN;UN;0,00;0,00;;
CDFL;4500138519;;;10;0;0;805159;INVERSOR DC/AC 12V -110V ONDA;101;EM Entrada mercador.;0180034512;1003818;5000247628;1;08/01/2026;23/01/2026;23/01/2026;15:19:06;5;9.082,30;CUST;ESTOQUE_AME;MDCOSTA;;;;;;;;;5;UN;CDFL - CD FLORES;;0;5;5;AMEN;;;;0,00;0,00;0;;0;0;;;B;;;;0;UN;2026;;;S;WE;0,00;BRL;;;0;0;UN;UN;0,00;0,00;;
CDFL;4500131867;;;30;0;0;805231;FUSIVEL TP 0,5A;101;EM Entrada mercador.;0180033816;1026705;5000236710;3;03/10/2025;18/11/2025;18/11/2025;15:12:12;6;827,20;CUST;ESTOQUE_AME;MDCOSTA;;;;;;;;;6;UN;CDFL - CD FLORES;;0;6;6;AMEN;;;;0,00;0,00;0;;0;0;;;B;;;;0;UN;2025;;;S;WE;0,00;BRL;;;0;0;UN;UN;50,30;108,58;;
CDFL;4500138470;;;60;0;0;805232;CHAVE GRIFO 14POL;101;EM Entrada mercador.;0180034033;1008610;5000241001;5;05/12/2025;11/12/2025;11/12/2025;09:33:57;6;793,98;CUST;ESTOQUE_AME;MDCOSTA;;;;;;;;;6;UN;CDFL - CD FLORES;;0;6;6;AMEN;;;;0,00;0,00;0;;0;0;;;B;;;;0;UN;2025;;;S;WE;0,00;BRL;;;0;0;UN;UN;158,80;0,00;;
CDFL;4500124107;;;110;0;0;805246;MINIDISJUNTOR TERMOMAGN 32A MDWH;101;EM Entrada mercador.;0180033653;1003818;5000235305;1;22/10/2025;11/11/2025;11/11/2025;09:10:27;5;1.010,50;CUST;ESTOQUE_AME;MDCOSTA;;;;;;;;;5;UN;CDFL - CD FLORES;;0;5;5;AMEN;;;;0,00;0,00;0;;0;0;;;B;;;;0;UN;2025;;;S;WE;0,00;BRL;;;0;0;UN;UN;0,00;0,00;;
CDFL;4500141563;;;30;0;0;805254;JOGO SACA PINO PARALELO;101;EM Entrada mercador.;0180034573;1007229;5000248079;4;22/12/2025;28/01/2026;28/01/2026;15:38:49;7;1.444,94;CUST;ESTOQUE_AME;MDCOSTA;;;;;;;;;7;UN;CDFL - CD FLORES;;0;7;7;AMEN;;;;0,00;0,00;0;;0;0;;;B;;;;0;UN;2026;;;S;WE;0,00;BRL;;;0;0;UN;UN;288,99;0,00;;
CDFL;4500132749;;;10;0;0;805262;CABO CONDUTOR 266 MCM PARTRIDGE;101;EM Entrada mercador.;0180034477;1009313;5000246964;1;12/11/2025;22/01/2026;22/01/2026;09:14:54;565;27.185,53;CUST;ESTOQUE_AME;MDCOSTA;;;;;;;;;565;UN;CDFL - CD FLORES;;0;565;565;AMEN;;;;0,00;0,00;0;;0;0;;;B;;;;0;UN;2026;;;S;WE;0,00;BRL;;;0;0;UN;UN;1.653,19;3.568,53;;
CDFL;4500135086;;;50;0;0;805264;CONECTOR PARALELO PARA CABO 795 MCM TERN;101;EM Entrada mercador.;0180034635;1020749;5000248443;5;16/12/2025;02/02/2026;02/02/2026;10:03:13;20;2.310,00;CUST;ESTOQUE_AME;MDCOSTA;;;;;;;;;20;UN;CDFL - CD FLORES;;0;20;20;AMEN;;;;0,00;0,00;0;;0;0;;;B;;;;0;UN;2026;;;S;WE;0,00;BRL;;;0;0;UN;UN;0,00;0,00;;
CDFL;4500135086;;;40;0;0;805268;CONECTOR TIPO T P/ CABO 266 MCM PARTRIDG;101;EM Entrada mercador.;0180034635;1020749;5000248443;4;16/12/2025;02/02/2026;02/02/2026;10:03:13;20;2.040,00;CUST;ESTOQUE_AME;MDCOSTA;;;;;;;;;20;UN;CDFL - CD FLORES;;0;20;20;AMEN;;;;0,00;0,00;0;;0;0;;;B;;;;0;UN;2026;;;S;WE;0,00;BRL;;;0;0;UN;UN;0,00;0,00;;
CDFL;4500141927;;;10;0;0;805341;CABO ELET CU 35MM2 VERM FLEXIVEL 750V;101;EM Entrada mercador.;0180034869;1003818;5000252049;2;05/02/2026;20/02/2026;20/02/2026;11:01:29;200;6.758,00;CUST;ESTOQUE_AME;MDCOSTA;;;;;;;;;200;M;CDFL - CD FLORES;;0;200;200;AMEN;;;;0,00;0,00;0;;0;0;;;B;;;;0;M;2026;;;S;WE;0,00;BRL;;;0;0;M;M;0,00;0,00;;
CDFL;4500141927;;;30;0;0;805360;TERMINAL TIPO OLHAL 35MM 1/4;101;EM Entrada mercador.;0180034511;1003818;5000247626;5;02/01/2026;23/01/2026;23/01/2026;15:10:19;100;268,00;CUST;ESTOQUE_AME;MDCOSTA;;;;;;;;;100;UN;CDFL - CD FLORES;;0;100;100;AMEN;;;;0,00;0,00;0;;0;0;;;B;;;;0;UN;2026;;;S;WE;0,00;BRL;;;0;0;UN;UN;0,00;0,00;;
CDFL;4500141927;;;60;0;0;805397;PARAFUSO SEXTAVADO M8x30MM ZINCADO;101;EM Entrada mercador.;0180034511;1003818;5000247626;2;02/01/2026;23/01/2026;23/01/2026;15:10:19;30;10,50;CUST;ESTOQUE_AME;MDCOSTA;;;;;;;;;30;UN;CDFL - CD FLORES;;0;30;30;AMEN;;;;0,00;0,00;0;;0;0;;;B;;;;0;UN;2026;;;S;WE;0,00;BRL;;;0;0;UN;UN;0,00;0,00;;
CDFL;4500141927;;;90;0;0;805398;ARRUELA LISA, M8, ZINCADA;101;EM Entrada mercador.;0180034511;1003818;5000247626;3;02/01/2026;23/01/2026;23/01/2026;15:10:19;30;4,50;CUST;ESTOQUE_AME;MDCOSTA;;;;;;;;;30;UN;CDFL - CD FLORES;;0;30;30;AMEN;;;;0,00;0,00;0;;0;0;;;B;;;;0;UN;2026;;;S;WE;0,00;BRL;;;0;0;UN;UN;0,00;0,00;;
CDFL;4500141927;;;100;0;0;805399;ARRUELA DE PRESSÃO, M8, ZINCADA;101;EM Entrada mercador.;0180034511;1003818;5000247626;4;02/01/2026;23/01/2026;23/01/2026;15:10:19;30;1,80;CUST;ESTOQUE_AME;MDCOSTA;;;;;;;;;30;UN;CDFL - CD FLORES;;0;30;30;AMEN;;;;0,00;0,00;0;;0;0;;;B;;;;0;UN;2026;;;S;WE;0,00;BRL;;;0;0;UN;UN;0,00;0,00;;
CDFL;4500141927;;;70;0;0;805400;PORCA SEXTAVADA, M8, ZINCADA;101;EM Entrada mercador.;0180034511;1003818;5000247626;8;02/01/2026;23/01/2026;23/01/2026;15:10:19;30;9,30;CUST;ESTOQUE_AME;MDCOSTA;;;;;;;;;30;UN;CDFL - CD FLORES;;0;30;30;AMEN;;;;0,00;0,00;0;;0;0;;;B;;;;0;UN;2026;;;S;WE;0,00;BRL;;;0;0;UN;UN;0,00;0,00;;
CDFL;4500141927;;;80;0;0;805401;CABO ELET BT 2X10MM2 0,6/1kV;101;EM Entrada mercador.;0180034511;1003818;5000247626;1;02/01/2026;23/01/2026;23/01/2026;15:10:19;100;2.122,00;CUST;ESTOQUE_AME;MDCOSTA;;;;;;;;;100;M;CDFL - CD FLORES;;0;100;100;AMEN;;;;0,00;0,00;0;;0;0;;;B;;;;0;M;2026;;;S;WE;0,00;BRL;;;0;0;M;M;0,00;0,00;;
CDFL;4500124107;;;150;0;0;805448;CONTATOR 12CWB12-11-30C13 12A;101;EM Entrada mercador.;0180033082;1003818;5000229412;1;18/09/2025;02/10/2025;02/10/2025;08:33:41;15;4.413,30;CUST;ESTOQUE_AME;MDCOSTA;;;;;;;;;15;UN;CDFL - CD FLORES;;0;15;15;AMEN;;;;0,00;0,00;0;;0;0;;;B;;;;0;UN;2025;;;S;WE;0,00;BRL;;;0;0;UN;UN;0,00;0,00;;
CDFL;4500145288;;;10;0;0;805459;CONECTOR PERF 50-185MM2 15KV COM ESTRIBO;101;EM Entrada mercador.;0180035111;1009609;5000254408;1;25/02/2026;09/03/2026;09/03/2026;09:23:33;1.000;162.112,00;CUST;ESTOQUE_AME;MDCOSTA;;;;;;;;;1.000;UN;CDFL - CD FLORES;;0;1.000;1.000;AMEN;;;;0,00;0,00;0;;0;0;;;B;;;;0;UN;2026;;;S;WE;0,00;BRL;;;0;0;UN;UN;17.880,00;13.112,00;;
CDFL;4500133892;;;10;0;0;805459;CONECTOR PERF 50-185MM2 15KV COM ESTRIBO;101;EM Entrada mercador.;0180034043;1009609;5000241305;1;24/11/2025;11/12/2025;11/12/2025;15:12:41;600;97.267,20;CUST;ESTOQUE_AME;MDCOSTA;;;;;;;;;600;UN;CDFL - CD FLORES;;0;600;600;AMEN;;;;0,00;0,00;0;;0;0;;;B;;;;0;UN;2025;;;S;WE;0,00;BRL;;;0;0;UN;UN;10.728,00;7.867,20;;
CDFL;4500124107;;;170;0;0;805484;RELE FALTA/INVER FAS 1NA/NF 220-440VCA;101;EM Entrada mercador.;0180033648;1003818;5000235257;1;06/10/2025;11/11/2025;11/11/2025;07:54:02;18;3.600,00;CUST;ESTOQUE_AME;MDCOSTA;;;;;;;;;18;UN;CDFL - CD FLORES;;0;18;18;AMEN;;;;0,00;0,00;0;;0;0;;;B;;;;0;UN;2025;;;S;WE;0,00;BRL;;;0;0;UN;UN;0,00;0,00;;
CDFL;4500132922;;;10;0;0;805505;MOTOPODA TOYAMA TPP33TX 2T 1,2HP33CC;101;EM Entrada mercador.;0180033641;1026739;5000235216;1;10/11/2025;10/11/2025;10/11/2025;14:27:54;1;2.382,88;CUST;ESTOQUE_AME;MDCOSTA;;;;;;;;;1;UN;CDFL - CD FLORES;;0;1;1;AMEN;;;;0,00;0,00;0;;0;0;;;B;;;;0;UN;2025;;;S;WE;0,00;BRL;;;0;0;UN;UN;476,58;0,00;;
CDFL;4500132922;;;10;0;0;805505;MOTOPODA TOYAMA TPP33TX 2T 1,2HP33CC;101;EM Entrada mercador.;0180033138;1026739;5000230005;1;07/10/2025;07/10/2025;07/10/2025;09:25:06;3;7.148,65;CUST;ESTOQUE_AME;MDCOSTA;;;;;;;;;3;UN;CDFL - CD FLORES;;0;3;3;AMEN;;;;0,00;0,00;0;;0;0;;;B;;;;0;UN;2025;;;S;WE;0,00;BRL;;;0;0;UN;UN;1.429,73;0,00;;
CDFL;4500132922;;;20;0;0;805506;MOTOSSERRA TOYAMA TCS58F-20TSN;101;EM Entrada mercador.;0180033138;1026739;5000230005;2;07/10/2025;07/10/2025;07/10/2025;09:25:06;1;948,23;CUST;ESTOQUE_AME;MDCOSTA;;;;;;;;;1;UN;CDFL - CD FLORES;;0;1;1;AMEN;;;;0,00;0,00;0;;0;0;;;B;;;;0;UN;2025;;;S;WE;0,00;BRL;;;0;0;UN;UN;189,65;0,00;;
CDFL;4500132922;;;30;0;0;805507;CORRENTE TOYAMA TC37558-68OR 1,5MM 34D;101;EM Entrada mercador.;0180033138;1026739;5000230005;3;07/10/2025;07/10/2025;07/10/2025;09:25:06;1;105,00;CUST;ESTOQUE_AME;MDCOSTA;;;;;;;;;1;UN;CDFL - CD FLORES;;0;1;1;AMEN;;;;0,00;0,00;0;;0;0;;;B;;;;0;UN;2025;;;S;WE;0,00;BRL;;;0;0;UN;UN;21,00;0,00;;
CDFL;4500132904;;;40;0;0;805508;CORRENTE 3/8 1.1MM 22 DNT HT/135;101;EM Entrada mercador.;0180033163;1007359;5000230270;1;02/10/2025;08/10/2025;08/10/2025;11:00:16;220;778,80;CUST;ESTOQUE_AME;MDCOSTA;;;;;;;;;220;UN;CDFL - CD FLORES;;0;220;220;AMEN;;;;0,00;0,00;0;;0;0;;;B;;;;0;UN;2025;;;S;WE;0,00;BRL;;;0;0;UN;UN;155,76;0,00;;
CDFL;4500133713;;;40;0;0;805532;CARTUCHO QUIM 6003 VAPORES ORG E GASES A;101;EM Entrada mercador.;0180033527;1003818;5000234221;1;21/10/2025;30/10/2025;30/10/2025;10:23:45;2;180,00;CUST;ESTOQUE_AME;MDCOSTA;;;;;;;;;2;UN;CDFL - CD FLORES;;0;2;2;AMEN;;;;0,00;0,00;0;;0;0;;;B;;;;0;UN;2025;;;S;WE;0,00;BRL;;;0;0;UN;UN;36,00;0,00;;
CDFL;4500133713;;;10;0;0;805532;CARTUCHO QUIM 6003 VAPORES ORG E GASES A;101;EM Entrada mercador.;0180033358;1003818;5000232561;3;13/10/2025;20/10/2025;20/10/2025;11:33:18;6;540,00;CUST;ESTOQUE_AME;MDCOSTA;;;;;;;;;6;UN;CDFL - CD FLORES;;0;6;6;AMEN;;;;0,00;0,00;0;;0;0;;;B;;;;0;UN;2025;;;S;WE;0,00;BRL;;;0;0;UN;UN;108,00;0,00;;
CDFL;4500132904;;;50;0;0;805540;LIMA P/MOTOSERRA GROSSA 8X7/32P S/CABO;101;EM Entrada mercador.;0180033163;1007359;5000230270;4;02/10/2025;08/10/2025;08/10/2025;11:00:16;10;95,00;CUST;ESTOQUE_AME;MDCOSTA;;;;;;;;;10;UN;CDFL - CD FLORES;;0;10;10;AMEN;;;;0,00;0,00;0;;0;0;;;B;;;;0;UN;2025;;;S;WE;0,00;BRL;;;0;0;UN;UN;0,00;0,00;;
CDFL;4500132904;;;60;0;0;805541;LIMA RED STIHL 4X200 3/8 1,1MM PMNC;101;EM Entrada mercador.;0180033163;1007359;5000230270;3;02/10/2025;08/10/2025;08/10/2025;11:00:16;20;190,00;CUST;ESTOQUE_AME;MDCOSTA;;;;;;;;;20;UN;CDFL - CD FLORES;;0;20;20;AMEN;;;;0,00;0,00;0;;0;0;;;B;;;;0;UN;2025;;;S;WE;0,00;BRL;;;0;0;UN;UN;0,00;0,00;;
CDFL;4500132904;;;70;0;0;805542;CORRENTE FINA 3/8 STIHL MS210/250 PICCO;101;EM Entrada mercador.;0180033163;1007359;5000230270;2;02/10/2025;08/10/2025;08/10/2025;11:00:16;336;1.115,53;CUST;ESTOQUE_AME;MDCOSTA;;;;;;;;;336;UN;CDFL - CD FLORES;;0;336;336;AMEN;;;;0,00;0,00;0;;0;0;;;B;;;;0;UN;2025;;;S;WE;0,00;BRL;;;0;0;UN;UN;223,10;0,00;;
CDFL;4500134071;;;10;0;0;805549;CARREGADOR BATERIA DIG K21 L 12/24V;101;EM Entrada mercador.;0180033663;1003818;5000235361;1;15/10/2025;11/11/2025;11/11/2025;09:55:41;1;800,96;CUST;ESTOQUE_AME;MDCOSTA;;;;;;;;;1;UN;CDFL - CD FLORES;;0;1;1;AMEN;;;;0,00;0,00;0;;0;0;;;B;;;;0;UN;2025;;;S;WE;0,00;BRL;;;0;0;UN;UN;160,19;0,00;;
CDFL;4500138869;;;40;0;0;805550;CHAVE COMBINADA CATRACA 30MM;101;EM Entrada mercador.;0180034104;1003818;5000242112;2;11/12/2025;16/12/2025;16/12/2025;08:50:33;1;75,40;CUST;ESTOQUE_AME;MDCOSTA;;;;;;;;;1;UN;CDFL - CD FLORES;;0;1;1;AMEN;;;;0,00;0,00;0;;0;0;;;B;;;;0;UN;2025;;;S;WE;0,00;BRL;;;0;0;UN;UN;15,08;0,00;;
CDFL;4500141563;;;40;0;0;805551;CHAVE COMBINADA CATRACA 32MM;101;EM Entrada mercador.;0180034573;1007229;5000248079;2;22/12/2025;28/01/2026;28/01/2026;15:38:49;1;150,41;CUST;ESTOQUE_AME;MDCOSTA;;;;;;;;;1;UN;CDFL - CD FLORES;;0;1;1;AMEN;;;;0,00;0,00;0;;0;0;;;B;;;;0;UN;2026;;;S;WE;0,00;BRL;;;0;0;UN;UN;30,08;0,00;;
CDFL;4500135950;;;10;0;0;805553;MANGA PALETE EM PP CORRUGADO;101;EM Entrada mercador.;0180034035;1009385;5000241095;1;04/12/2025;11/12/2025;11/12/2025;11:13:03;5;3.969,30;CUST;ESTOQUE_AME;MDCOSTA;;;;;;;;;5;UN;CDFL - CD FLORES;;0;5;5;AMEN;;;;0,00;0,00;0;;0;0;;;B;;;;0;UN;2025;;;S;WE;0,00;BRL;;;0;0;UN;UN;793,86;0,00;;
CDFL;4500135950;;;20;0;0;805554;PALETE PADRAO PRETO-SEM TRAVA E SEM LOGO;101;EM Entrada mercador.;0180034035;1009385;5000241095;2;04/12/2025;11/12/2025;11/12/2025;11:13:03;10;4.741,60;CUST;ESTOQUE_AME;MDCOSTA;;;;;;;;;10;UN;CDFL - CD FLORES;;0;10;10;AMEN;;;;0,00;0,00;0;;0;0;;;B;;;;0;UN;2025;;;S;WE;0,00;BRL;;;0;0;UN;UN;0,00;0,00;;
CDFL;4500135763;;;20;0;0;805559;MUFLA TERMINAL EXT POLIM 25-150MM2;101;EM Entrada mercador.;0180033768;1003818;5000236343;2;06/11/2025;17/11/2025;17/11/2025;11:43:06;6;2.080,80;CUST;ESTOQUE_AME;MDCOSTA;;;;;;;;;6;UN;CDFL - CD FLORES;;0;6;6;AMEN;;;;0,00;0,00;0;;0;0;;;B;;;;0;UN;2025;;;S;WE;0,00;BRL;;;0;0;UN;UN;0,00;0,00;;
CDFL;4500138753;;;20;0;0;805563;BATERIA LI-ION 40V MA 8.0AH XGT 4080F;101;EM Entrada mercador.;0180034531;1027094;5000247780;3;13/01/2026;26/01/2026;26/01/2026;15:15:46;4;8.249,00;CUST;ESTOQUE_AME;MDCOSTA;;;;;;;;;4;UN;CDFL - CD FLORES;;0;4;4;AMEN;;;;0,00;0,00;0;;0;0;;;B;;;;0;UN;2026;;;S;WE;0,00;BRL;;;0;0;UN;UN;0,00;0,00;;
CDFL;4500138753;;;30;0;0;805564;CARREGADOR DUPLO RAPIDO DC40RB BIVOLT;101;EM Entrada mercador.;0180034531;1027094;5000247780;2;13/01/2026;26/01/2026;26/01/2026;15:15:46;1;1.820,00;CUST;ESTOQUE_AME;MDCOSTA;;;;;;;;;1;UN;CDFL - CD FLORES;;0;1;1;AMEN;;;;0,00;0,00;0;;0;0;;;B;;;;0;UN;2026;;;S;WE;0,00;BRL;;;0;0;UN;UN;0,00;0,00;;
;;;;;;;;;;;;;;;;;;;;;;;;;;;;;;;;63.429;KG;;;;;63.429;;;;;;;;;;;;;;;;;;;;;;;;;;;;;;;KG;;;;
;;;;;;;;;;;;;;;;;;;;;;;;;;;;;;;;785.156;M;;;;;785.156;;;;;;;;;;;;;;;;;;;;;;;;;;;;;;;M;;;;
;;;;;;;;;;;;;;;;;;;;;;;;;;;;;;;;30;PAR;;;;;30;;;;;;;;;;;;;;;;;;;;;;;;;;;;;;;PAR;;;;
;;;;;;;;;;;;;;;;;;;;;;;;;;;;;;;;16;PEÇ;;;;;16;;;;;;;;;;;;;;;;;;;;;;;;;;;;;;;PEÇ;;;;
;;;;;;;;;;;;;;;;;;;;;;;;;;;;;;;;1.070.671;UN;;;;;1.070.671;;;;;;;;;;;;;;;;;;;;;;;;;;;;;;;UN;;;;
