Divisão da remessa;Tipo doc.compras;Ctg.doc.compras;Grupo de compradores;Histórico pedido/docum.SolRem.;Data do documento;Material;Texto breve;Grupo de mercadorias;Código de eliminação;Categoria do item;Ctg.class.cont.;Centro;Depósito;Qtd.pedido;UM pedido;Preço líquido;Moeda;Unidade preço;Qtd.divisão;Data de remessa;Hora;Dat.rem.estatística;Quantidade anterior;Qtd.entrada;Quantidade saída;Qtd.fornecida;Requisição de compra;Item ReqC;Código de criação;Núm.itens;Contrato básico;a ser fornecido (valor;a ser fornecida (quantidade);Ãinda a faturar (quantidade);Ainda a faturar (valor);Categoria do item;Código de controle;Código de imposto;Código de liberação;Ctg.externa hierarquia;Den.característica 1;Denominação da característica 1;Denominação da característica 2;Denominação da característica 2;Denominação da característica 3;Denominação da característica 3;Dep.saída (do estq.);Documento de compras;Domicílio fiscal;Estado de liberação;Estrat.de liberação;Fim da validade;Fornecedor/centro fornecedor;Grupo de liberação;Grupo PSST;Histórico do consumo de componentes;Incompleto;Início per.validade;It.contrato superior;Item;Nº acompanhamento;Número da hierarquia;Número de documento configurável;Nº externo ordenação;Nº pacote;Nome de fornecedor;Organização compras;PriorNeces.;Prz.apresent.cotação;Qtd.na UnidGestEstoq;Qtd.notificada;Qtd.prev.pendente;Qtd.solicit.anterior;Quantidade prevista;Reg. info compras;Regra de agrupamento PSST;RFQ coletiva;Segmento de estoque;Segmento necessidade;Origem;Unid.prç.pedido;Unidade manutenção estoque;Urgência necessidade;ValFix.(cabeç.);Valor global pendente;Valor líquido pedido;Valor pendente;Valor solicitado
1;NB;F;A03;;29/01/2026;402307;CONECTOR PERF AL 25-185MM2 / 1,5-35MM2;MC12002;;;;CDFL;INVT;29.450;UN;61,60;BRL;1;29.450;29/04/2026;00:00:00;29/04/2026;0;0;0;0;10100687;10;R;1;4600003047;1.814.214,24;29.450;29.450;1.814.214,24;0;;C1;G;;;;;;;;;4500144903;ZF 1302603;X;19;;1003137    INCESA INDUSTRIA DE COMPONENTES ELE;2;;;;;20;10;;;;0;0;1003137    INCESA INDUSTRIA DE COMP;OA01;0;;29.450;0;0;0;0;5300024416;;;;;;UN;UN;0;0,00;0,00;1.814.214,24;0,00;0,00
1;NB;F;A03;;29/01/2026;801240;CONECTOR PERF AL 25-185MM2 / 1,5-35MM2;MC12002;;;;CDFL;CUST;3.000;UN;61,60;BRL;1;3.000;29/04/2026;00:00:00;29/04/2026;0;0;0;0;10100687;30;R;1;4600003047;184.809,60;3.000;3.000;184.809,60;0;;C1;G;;;;;;;;;4500144903;ZF 1302603;X;19;;1003137    INCESA INDUSTRIA DE COMPONENTES ELE;2;;;;;30;20;;;;0;0;1003137    INCESA INDUSTRIA DE COMP;OA01;0;;3.000;0;0;0;0;5300024883;;;;;;UN;UN;0;0,00;0,00;184.809,60;0,00;0,00
1;NB;F;A12;;10/02/2026;401834;CONECTOR PARAL AL 10AWG-1/0AWG;MC10301;;;;CDFL;INVT;2.230;UN;9,64;BRL;1;2.230;27/04/2026;00:00:00;27/04/2026;0;0;0;0;10102526;40;R;1;4600003113;21.506,34;2.230;2.230;21.506,34;0;;C1;G;;;;;;;;;4500145746;ZF 1302603;X;19;;1003137    INCESA INDUSTRIA DE COMPONENTES ELE;2;;;;;10;10;;;;0;0;1003137    INCESA INDUSTRIA DE COMP;OA01;0;;2.230;0;0;0;0;5300027064;;;;;;UN;UN;0;0,00;0,00;21.506,34;0,00;0,00
1;NB;F;A12;;10/02/2026;801373;CONECTOR PARAL AL 10AWG-1/0AWG;MC10301;;;;CDFL;CUST;2.780;UN;9,64;BRL;1;2.780;27/04/2026;00:00:00;27/04/2026;0;0;0;0;10102526;20;R;1;4600003113;26.810,60;2.780;2.780;26.810,60;0;;C1;G;;;;;;;;;4500145746;ZF 1302603;X;19;;1003137    INCESA INDUSTRIA DE COMPONENTES ELE;2;;;;;20;20;;;;0;0;1003137    INCESA INDUSTRIA DE COMP;OA01;0;;2.780;0;0;0;0;5300000005;;;;;;UN;UN;0;0,00;0,00;26.810,60;0,00;0,00
1;NB;F;GAE;;20/03/2026;800717;GRAMPO LV OLHAL 18MM 10-120/10-70MM2;MC12002;;;;CDFL;CUST;997;UN;59,96;BRL;1;997;08/05/2026;00:00:00;08/05/2026;0;0;0;0;10128118;10;R;1;4600003556;59.777,23;997;997;59.777,23;0;;C1;G;;;;;;;;;4500150061;ZF 1302603;X;19;;1003137    INCESA INDUSTRIA DE COMPONENTES ELE;2;;;;;10;10;;;;0;0;1003137    INCESA INDUSTRIA DE COMP;OA01;0;;997;0;0;0;0;5300017022;;;;;;UN;UN;0;0,00;0,00;59.777,23;0,00;0,00
1;NB;F;A12;;24/03/2026;400512;CONECTOR DER CUNHA AL 1/0AWG 336,4MCM;MC12002;;;;CDFL;INVT;352;UN;32,35;BRL;1;352;23/05/2026;00:00:00;23/05/2026;0;0;0;0;10130290;10;R;1;4600003529;11.385,58;352;352;11.385,58;0;;C1;G;;;;;;;;;4500150182;ZF 1302603;X;19;;1003137    INCESA INDUSTRIA DE COMPONENTES ELE;2;;;;;10;10;;;;0;0;1003137    INCESA INDUSTRIA DE COMP;OA01;0;;352;0;0;0;0;5300032209;;;;;;UN;UN;0;0,00;0,00;11.385,58;0,00;0,00
1;NB;F;A12;;24/03/2026;401034;CONECTOR DER CUNH AZ AL 4/0 2/0 336,4MCM;MC12002;;;;CDFL;INVT;1.327;UN;10,76;BRL;1;1.327;23/05/2026;00:00:00;23/05/2026;0;0;0;0;10130290;20;R;1;4600003529;14.278,65;1.327;1.327;14.278,65;0;;C1;G;;;;;;;;;4500150182;ZF 1302603;X;19;;1003137    INCESA INDUSTRIA DE COMPONENTES ELE;2;;;;;20;20;;;;0;0;1003137    INCESA INDUSTRIA DE COMP;OA01;0;;1.327;0;0;0;0;5300017626;;;;;;UN;UN;0;0,00;0,00;14.278,65;0,00;0,00
1;NB;F;A12;;24/03/2026;402185;CONECTOR DER CUNHA ESTRIBO 336,4 MCM;MC12002;;;;CDFL;INVT;47;UN;28,81;BRL;1;47;23/05/2026;00:00:00;23/05/2026;0;0;0;0;10130290;30;R;1;4600003529;1.354,14;47;47;1.354,14;0;;C1;G;;;;;;;;;4500150182;ZF 1302603;X;19;;1003137    INCESA INDUSTRIA DE COMPONENTES ELE;2;;;;;30;30;;;;0;0;1003137    INCESA INDUSTRIA DE COMP;OA01;0;;47;0;0;0;0;5300032210;;;;;;UN;UN;0;0,00;0,00;1.354,14;0,00;0,00
1;NB;F;A12;;24/03/2026;800813;CONECTOR DER CUNH AZ AL 2/0 4/0 336,4MCM;MC12002;;;;CDFL;CUST;549;UN;10,76;BRL;1;549;23/05/2026;00:00:00;23/05/2026;0;0;0;0;10130290;40;R;1;4600003529;5.907,29;549;549;5.907,29;0;;C1;G;;;;;;;;;4500150182;ZF 1302603;X;19;;1003137    INCESA INDUSTRIA DE COMPONENTES ELE;2;;;;;40;40;;;;0;0;1003137    INCESA INDUSTRIA DE COMP;OA01;0;;549;0;0;0;0;5300017629;;;;;;UN;UN;0;0,00;0,00;5.907,29;0,00;0,00
1;NB;F;A12;;24/03/2026;800557;CONECTOR DER CUNHA ESTRIBO 336,4 MCM;MC12002;;;;CDFL;CUST;6;UN;28,81;BRL;1;6;23/05/2026;00:00:00;23/05/2026;0;0;0;0;10130290;50;R;1;4600003529;172,87;6;6;172,87;0;;C1;G;;;;;;;;;4500150182;ZF 1302603;X;19;;1003137    INCESA INDUSTRIA DE COMPONENTES ELE;2;;;;;50;50;;;;0;0;1003137    INCESA INDUSTRIA DE COMP;OA01;0;;6;0;0;0;0;5300032211;;;;;;UN;UN;0;0,00;0,00;172,87;0,00;0,00
1;NB;F;A01;;25/03/2026;401566;CONECTOR PARAL AL 4/0AWG 1/0AWG;MC10301;;;;CDFL;INVT;3.000;UN;9,20;BRL;1;3.000;25/05/2026;00:00:00;25/05/2026;0;0;0;0;10130232;10;R;1;4600003516;27.593,10;3.000;3.000;27.593,10;0;;C1;G;;;;;;;;;4500150184;ZF 1302603;X;19;;1003137    INCESA INDUSTRIA DE COMPONENTES ELE;2;;;;;10;10;;;;0;0;1003137    INCESA INDUSTRIA DE COMP;OA01;0;;3.000;0;0;0;0;5300001040;;;;;;UN;UN;0;0,00;0,00;27.593,10;0,00;0,00
1;NB;F;A01;;25/03/2026;800889;CONECTOR PARAL AL 4/0AWG 1/0AWG;MC10301;;;;CDFL;CUST;1.300;UN;9,20;BRL;1;1.300;25/05/2026;00:00:00;25/05/2026;0;0;0;0;10130232;20;R;1;4600003516;11.957,01;1.300;1.300;11.957,01;0;;C1;G;;;;;;;;;4500150184;ZF 1302603;X;19;;1003137    INCESA INDUSTRIA DE COMPONENTES ELE;2;;;;;20;20;;;;0;0;1003137    INCESA INDUSTRIA DE COMP;OA01;0;;1.300;0;0;0;0;5300000006;;;;;;UN;UN;0;0,00;0,00;11.957,01;0,00;0,00
1;NB;F;A01;;25/03/2026;410200; CONECTOR COMP TIPO H 95-95;MC12002;;;;CDFL;INVT;6.000;UN;4,22;BRL;1;6.000;25/05/2026;00:00:00;25/05/2026;0;0;0;0;10132598;10;R;1;4600003516;25.333,20;6.000;6.000;25.333,20;0;;C1;G;;;;;;;;;4500150197;ZF 1302603;X;19;;1003137    INCESA INDUSTRIA DE COMPONENTES ELE;2;;;;;30;10;;;;0;0;1003137    INCESA INDUSTRIA DE COMP;OA01;0;;6.000;0;0;0;0;5300032219;;;;;;UN;UN;0;0,00;0,00;25.333,20;0,00;0,00
1;NB;F;GAE;;20/02/2026;800966;PARAFUSO OLH AC 16MM 450MM;MC01301;;;;CDFL;CUST;145;UN;20,96;BRL;1;145;11/05/2026;00:00:00;11/05/2026;0;0;0;0;10128113;10;R;1;;3.039,52;145;145;3.039,52;0;;C1;G;;;;;;;;;4500147275;ZF 1302603;X;19;;1003152    ROMAGNOLE PRODUTOS ELETRICOS S.A.;2;;;;;0;10;;;;0;0;1003152    ROMAGNOLE PRODUTOS ELETR;OA01;0;;145;0;0;0;0;5300016098;;;;;;UN;UN;0;0,00;0,00;3.039,52;0,00;0,00
1;NB;F;GAE;;20/02/2026;800108;PARAFUSO CAB ABA AC 16MM 45MM;MC01301;;;;CDFL;CUST;371;UN;2,42;BRL;1;371;11/05/2026;00:00:00;11/05/2026;0;0;0;0;10128113;20;R;1;;897,08;371;371;897,08;0;;C1;G;;;;;;;;;4500147275;ZF 1302603;X;19;;1003152    ROMAGNOLE PRODUTOS ELETRICOS S.A.;2;;;;;0;20;;;;0;0;1003152    ROMAGNOLE PRODUTOS ELETR;OA01;0;;371;0;0;0;0;5300031763;;;;;;UN;UN;0;0,00;0,00;897,08;0,00;0,00
1;ZCDR;F;GAE;;23/02/2026;407223;MANTA ALUMINIZADA 10CM x 10M;MC00901;;;;CDFL;INVT;458;UN;19,69;BRL;1;458;20/02/2026;00:00:00;20/02/2026;0;458;0;0;10130011;10;R;1;;0,00;0;0;0,00;0;;CA;G;;;;;;;;;4500147431;ZF 1302603;X;15;;1003224    BENY MATERIAIS DE CONSTRUCAO LTDA;2;;;;;0;10;;;;0;0;1003224    BENY MATERIAIS DE CONSTR;OA01;0;;458;458;0;0;0;5300031765;;;;;;PEÇ;UN;0;0,00;0,00;9.017,10;0,00;0,00
1;ZCDR;F;GAE;;11/03/2026;410212;FITA AUTOADESIVA BLINDAGEM 10cmX10m;MC03701;;;;CDFL;INVT;150;UN;19,68;BRL;1;150;11/03/2026;00:00:00;11/03/2026;0;150;0;0;10131217;10;R;1;;0,00;0;0;0,00;0;;CA;G;;;;;;;;;4500148647;ZF 1302603;X;15;;1003224    BENY MATERIAIS DE CONSTRUCAO LTDA;2;;;;;0;10;;;;0;0;1003224    BENY MATERIAIS DE CONSTR;OA01;0;;150;150;0;0;0;5300031967;;;;;;UN;UN;0;0,00;0,00;2.952,00;0,00;0,00
1;NB;F;GAE;;03/02/2026;400072;TRAFO AER 1F 7,96KV 5KVA 240/120V 7TP;MC22103;;;;CDFL;INVT;338;UN;4.229,89;BRL;1;338;11/05/2026;00:00:00;11/05/2026;0;0;0;0;10128154;10;R;1;4600001961;1.429.703,21;338;338;1.429.703,21;0;;CA;G;;;;;;;;;4500144983;ZF 1302603;X;19;;1003291    INDUSTRIA DE TRANSFORMADORES AMAZON;2;;;;;680;10;;;;0;0;1003291    INDUSTRIA DE TRANSFORMAD;OA01;0;;338;0;0;0;0;5300002775;;;;;;UN;UN;0;0,00;0,00;1.429.703,21;0,00;0,00
1;NB;F;GAE;;03/02/2026;402447;TRAFO AER 1F 7,96KV 10KVA 240/120V 7TP;MC22103;;;;CDFL;INVT;15;UN;5.064,79;BRL;1;15;28/02/2026;00:00:00;28/02/2026;0;15;0;0;10128154;20;R;1;4600001961;0,00;0;0;0,00;0;;CA;G;;;;;;;;;4500144983;ZF 1302603;X;19;;1003291    INDUSTRIA DE TRANSFORMADORES AMAZON;2;;;;;690;20;;;;0;0;1003291    INDUSTRIA DE TRANSFORMAD;OA01;0;;15;15;0;0;0;5300004584;;;;;;UN;UN;0;0,00;0,00;75.971,79;0,00;0,00
1;NB;F;GAE;;03/02/2026;401193;TRAFO AER 1F 7,96KV 15KVA 240/120V 7TP;MC22103;;;;CDFL;INVT;14;UN;6.713,25;BRL;1;14;11/05/2026;00:00:00;11/05/2026;0;0;0;0;10128154;30;R;1;4600001961;93.985,56;14;14;93.985,56;0;;CA;G;;;;;;;;;4500144983;ZF 1302603;X;19;;1003291    INDUSTRIA DE TRANSFORMADORES AMAZON;2;;;;;700;30;;;;0;0;1003291    INDUSTRIA DE TRANSFORMAD;OA01;0;;14;0;0;0;0;5300005080;;;;;;UN;UN;0;0,00;0,00;93.985,56;0,00;0,00
1;NB;F;GAE;;03/02/2026;402132;TRAFO AER 1F 15KV 25KVA 240/120V 7TP;MC22103;;;;CDFL;INVT;20;UN;9.443,94;BRL;1;20;11/05/2026;00:00:00;11/05/2026;0;0;0;0;10128154;40;R;1;4600001961;188.878,72;20;20;188.878,72;0;;CA;G;;;;;;;;;4500144983;ZF 1302603;X;19;;1003291    INDUSTRIA DE TRANSFORMADORES AMAZON;2;;;;;710;40;;;;0;0;1003291    INDUSTRIA DE TRANSFORMAD;OA01;0;;20;0;0;0;0;5300004583;;;;;;UN;UN;0;0,00;0,00;188.878,72;0,00;0,00
1;NB;F;GAE;;03/02/2026;401324;TRAFO AER 3F 15KV 30KVA 220/127V 7TP;MC22103;;;;CDFL;INVT;10;UN;11.509,42;BRL;1;10;11/05/2026;00:00:00;11/05/2026;0;0;0;0;10128154;50;R;1;4600001961;115.094,20;10;10;115.094,20;0;;CA;G;;;;;;;;;4500144983;ZF 1302603;X;19;;1003291    INDUSTRIA DE TRANSFORMADORES AMAZON;2;;;;;720;50;;;;0;0;1003291    INDUSTRIA DE TRANSFORMAD;OA01;0;;10;0;0;0;0;5300004585;;;;;;UN;UN;0;0,00;0,00;115.094,20;0,00;0,00
1;NB;F;GAE;;03/02/2026;400073;TRAFO AER 3F 15KV 45KVA 220/127V 7TP;MC22103;;;;CDFL;INVT;42;UN;14.117,36;BRL;1;42;11/05/2026;00:00:00;11/05/2026;0;0;0;0;10128154;60;R;1;4600001961;592.929,24;42;42;592.929,24;0;;CA;G;;;;;;;;;4500144983;ZF 1302603;X;19;;1003291    INDUSTRIA DE TRANSFORMADORES AMAZON;2;;;;;730;60;;;;0;0;1003291    INDUSTRIA DE TRANSFORMAD;OA01;0;;42;0;0;0;0;5300000472;;;;;;UN;UN;0;0,00;0,00;592.929,24;0,00;0,00
1;NB;F;GAE;;03/02/2026;400040;TRAFO AER 3F 15KV 75KVA 220/127V 7TP;MC22103;;;;CDFL;INVT;40;UN;16.789,02;BRL;1;40;11/05/2026;00:00:00;11/05/2026;0;0;0;0;10128154;70;R;1;4600001961;671.560,64;40;40;671.560,64;0;;CA;G;;;;;;;;;4500144983;ZF 1302603;X;19;;1003291    INDUSTRIA DE TRANSFORMADORES AMAZON;2;;;;;740;70;;;;0;0;1003291    INDUSTRIA DE TRANSFORMAD;OA01;0;;40;0;0;0;0;5300000471;;;;;;UN;UN;0;0,00;0,00;671.560,64;0,00;0,00
1;NB;F;GAE;;03/02/2026;400288;TRAFO AER 3F 15KV 112,5KVA 220/127V 7TP;MC22103;;;;CDFL;INVT;66;UN;23.061,66;BRL;1;66;11/05/2026;00:00:00;11/05/2026;0;0;0;0;10128154;80;R;1;4600001961;1.522.069,30;66;66;1.522.069,30;0;;CA;G;;;;;;;;;4500144983;ZF 1302603;X;19;;1003291    INDUSTRIA DE TRANSFORMADORES AMAZON;2;;;;;750;80;;;;0;0;1003291    INDUSTRIA DE TRANSFORMAD;OA01;0;;66;0;0;0;0;5300000473;;;;;;UN;UN;0;0,00;0,00;1.522.069,30;0,00;0,00
1;NB;F;GAE;;04/02/2026;402447;TRAFO AER 1F 7,96KV 10KVA 240/120V 7TP;MC22103;;;;CDFL;INVT;15;UN;5.064,79;BRL;1;15;20/03/2026;00:00:00;20/03/2026;0;15;0;0;10128154;110;R;1;4600001961;0,00;0;0;0,00;0;;CA;G;;;;;;;;;4500144983;ZF 1302603;X;19;;1003291    INDUSTRIA DE TRANSFORMADORES AMAZON;2;;;;;780;110;;;;0;0;1003291    INDUSTRIA DE TRANSFORMAD;OA01;0;;15;15;0;0;0;5300004584;;;;;;UN;UN;0;0,00;0,00;75.971,79;0,00;0,00
1;NB;F;GAE;;04/03/2026;410116;TRAFO AER 1F 7,96KV 5KVA 240/120V 7TP VG;MC22103;;;;CDFL;INVT;256;UN;3.817,86;BRL;1;256;04/05/2026;00:00:00;04/05/2026;0;0;0;0;10130243;10;R;1;4600001961;977.371,06;256;256;977.371,06;0;;C1;G;;;;;;;;;4500148071;ZF 1302603;X;19;;1003291    INDUSTRIA DE TRANSFORMADORES AMAZON;2;;;;;790;10;;;;0;0;1003291    INDUSTRIA DE TRANSFORMAD;OA01;0;;256;0;0;0;0;5300031910;;;;;;UN;UN;0;0,00;0,00;977.371,06;0,00;0,00
1;NB;F;GAE;;04/03/2026;410117;TRAFO AER 1F 7,9KV 10KVA 240/120V 7TP VG;MC22103;;;;CDFL;INVT;45;UN;4.205,92;BRL;1;45;04/05/2026;00:00:00;04/05/2026;0;0;0;0;10130243;20;R;1;4600001961;189.266,22;45;45;189.266,22;0;;C1;G;;;;;;;;;4500148071;ZF 1302603;X;19;;1003291    INDUSTRIA DE TRANSFORMADORES AMAZON;2;;;;;800;20;;;;0;0;1003291    INDUSTRIA DE TRANSFORMAD;OA01;0;;45;0;0;0;0;5300031911;;;;;;UN;UN;0;0,00;0,00;189.266,22;0,00;0,00
1;NB;F;GAE;;04/03/2026;410118;TRAFO AER 1F 7,9KV 15KVA 240/120V 7TP VG;MC22103;;;;CDFL;INVT;36;UN;5.342,32;BRL;1;36;04/05/2026;00:00:00;04/05/2026;0;0;0;0;10130243;30;R;1;4600001961;192.323,44;36;36;192.323,44;0;;C1;G;;;;;;;;;4500148071;ZF 1302603;X;19;;1003291    INDUSTRIA DE TRANSFORMADORES AMAZON;2;;;;;810;30;;;;0;0;1003291    INDUSTRIA DE TRANSFORMAD;OA01;0;;36;0;0;0;0;5300031912;;;;;;UN;UN;0;0,00;0,00;192.323,44;0,00;0,00
1;NB;F;GAE;;04/03/2026;410119;TRAFO AER 1F 15KV 25KVA 240/120V 7TP VG;MC22103;;;;CDFL;INVT;15;UN;6.143,97;BRL;1;15;04/05/2026;00:00:00;04/05/2026;0;0;0;0;10130243;40;R;1;4600001961;92.159,50;15;15;92.159,50;0;;C1;G;;;;;;;;;4500148071;ZF 1302603;X;19;;1003291    INDUSTRIA DE TRANSFORMADORES AMAZON;2;;;;;820;40;;;;0;0;1003291    INDUSTRIA DE TRANSFORMAD;OA01;0;;15;0;0;0;0;5300031913;;;;;;UN;UN;0;0,00;0,00;92.159,50;0,00;0,00
1;NB;F;GAE;;04/03/2026;410120;TRAFO AER 3F 15KV 30KVA 220/127V 7TP VG;MC22103;;;;CDFL;INVT;25;UN;9.366,51;BRL;1;25;04/05/2026;00:00:00;04/05/2026;0;0;0;0;10130243;50;R;1;4600001961;234.162,80;25;25;234.162,80;0;;C1;G;;;;;;;;;4500148071;ZF 1302603;X;19;;1003291    INDUSTRIA DE TRANSFORMADORES AMAZON;2;;;;;830;50;;;;0;0;1003291    INDUSTRIA DE TRANSFORMAD;OA01;0;;25;0;0;0;0;5300031914;;;;;;UN;UN;0;0,00;0,00;234.162,80;0,00;0,00
1;NB;F;GAE;;04/03/2026;410126;TRAFO AER 3F 15KV 45KVA 220/127V 7TP VG;MC22103;;;;CDFL;INVT;88;UN;10.925,24;BRL;1;88;04/05/2026;00:00:00;04/05/2026;0;0;0;0;10130243;60;R;1;4600001961;961.420,70;88;88;961.420,70;0;;C1;G;;;;;;;;;4500148071;ZF 1302603;X;19;;1003291    INDUSTRIA DE TRANSFORMADORES AMAZON;2;;;;;840;60;;;;0;0;1003291    INDUSTRIA DE TRANSFORMAD;OA01;0;;88;0;0;0;0;5300031915;;;;;;UN;UN;0;0,00;0,00;961.420,70;0,00;0,00
1;NB;F;GAE;;04/03/2026;410122;TRAFO AER 3F 15KV 75KVA 220/127V 7TP VG;MC22103;;;;CDFL;INVT;361;UN;14.452,65;BRL;1;361;04/05/2026;00:00:00;04/05/2026;0;0;0;0;10130243;70;R;1;4600001961;5.217.407,56;361;361;5.217.407,56;0;;C1;G;;;;;;;;;4500148071;ZF 1302603;X;19;;1003291    INDUSTRIA DE TRANSFORMADORES AMAZON;2;;;;;850;70;;;;0;0;1003291    INDUSTRIA DE TRANSFORMAD;OA01;0;;361;0;0;0;0;5300031916;;;;;;UN;UN;0;0,00;0,00;5.217.407,56;0,00;0,00
1;NB;F;A03;;12/01/2026;401632;LACRE SEG MET 11DIG BR;MC12505;;;;CDFL;INVT;145.100;UN;1,79;BRL;1;145.100;13/03/2026;00:00:00;13/03/2026;0;145.100;0;0;10124052;10;R;1;;0,00;0;0;0,00;0;;C1;G;;;;;;;;;4500142027;ZF 1302603;X;19;;1003333    METALACRE INDUSTRIA E COMERCIO DE L;2;;;;;0;10;;;;0;0;1003333    METALACRE INDUSTRIA E CO;OA01;0;;145.100;145.100;0;0;0;5300000887;;;;;;UN;UN;0;0,00;0,00;259.090,56;0,00;0,00
1;NB;F;GAE;;12/03/2026;401632;LACRE SEG MET 11DIG BR;MC12505;;;;CDFL;INVT;223.000;UN;1,79;BRL;1;223.000;13/05/2026;00:00:00;13/05/2026;0;0;0;0;10130884;10;R;1;;398.188,80;223.000;223.000;398.188,80;0;;C1;G;;;;;;;;;4500149234;ZF 1302603;X;19;;1003333    METALACRE INDUSTRIA E COMERCIO DE L;2;;;;;0;10;;;;0;0;1003333    METALACRE INDUSTRIA E CO;OA01;0;;223.000;0;0;0;0;5300000887;;;;;;UN;UN;0;0,00;0,00;398.188,80;0,00;0,00
1;NB;F;A01;;16/03/2026;402816;MEDIDOR ELETR PROGR 3F 120V 2,5/10A THS;MC12501;;;;CDFL;INVT;268;UN;511,19;BRL;1;268;25/05/2026;00:00:00;25/05/2026;0;0;0;0;10103130;30;R;1;4600003150;136.999,46;268;268;136.999,46;0;;C1;G;;;;;;;;;4500149684;ZF 1302603;X;19;;1003382    ELETRA INDUSTRIA E COMERCIO DE MEDI;2;;;;;10;10;;;;0;0;1003382    ELETRA INDUSTRIA E COMER;OA01;0;;268;0;0;0;0;5300005575;;;;;;UN;UN;0;0,00;0,00;136.999,46;0,00;0,00
1;NB;F;A01;;23/01/2026;800515;ISOLADOR ANCOR POLIM 15KV 5000DAN;MC10902;;;;CDFL;CUST;605;UN;29,76;BRL;1;605;25/03/2026;00:00:00;16/03/2026;0;605;0;0;10100954;10;R;1;4600003072;0,00;0;0;0,00;0;;C1;G;;;;;;;;;4500144585;ZF 1302603;X;19;;1003412    MAURIZIO  CIA LTDA;2;;;;;10;10;;;;0;0;1003412    MAURIZIO  CIA LTDA;OA01;0;;605;605;0;0;0;5300026814;;;;;;UN;UN;0;0,00;0,00;18.004,80;0,00;0,00
1;NB;F;A01;;23/01/2026;401116;ISOLADOR ANCOR POLIM 15KV 5000DAN;MC10902;;;;CDFL;INVT;2.095;UN;29,76;BRL;1;2.095;25/03/2026;00:00:00;16/03/2026;0;2.095;0;0;10100954;20;R;1;4600003072;0,00;0;0;0,00;0;;C1;G;;;;;;;;;4500144585;ZF 1302603;X;19;;1003412    MAURIZIO  CIA LTDA;2;;;;;20;20;;;;0;0;1003412    MAURIZIO  CIA LTDA;OA01;0;;2.095;2.095;0;0;0;5300026815;;;;;;UN;UN;0;0,00;0,00;62.347,20;0,00;0,00
1;NB;F;A02;;10/02/2026;402433;PARA-RAIO DISTRIB POL 12KV 10KA S/CENT;MC21101;;;;CDFL;INVT;797;UN;130,20;BRL;1;797;13/04/2026;00:00:00;13/04/2026;0;0;0;0;10101106;30;R;1;4600003075;103.769,40;797;797;103.769,40;0;;C1;G;;;;;;;;;4500145769;ZF 1302603;X;19;;1003412    MAURIZIO  CIA LTDA;2;;;;;40;10;;;;0;0;1003412    MAURIZIO  CIA LTDA;OA01;0;;797;797;0;0;0;5300014965;;;;;;UN;UN;0;0,00;0,00;103.769,40;0,00;0,00
1;NB;F;A02;;11/02/2026;401857;CHAVE FUSIVEL DIST 15KV 100A/10KA PORC;MC10801;;;;CDFL;INVT;2.535;UN;268,77;BRL;1;2.535;11/05/2026;00:00:00;11/05/2026;0;0;0;0;10101510;80;R;1;4600003086;681.331,95;2.535;2.535;681.331,95;0;;C1;G;;;;;;;;;4500145784;ZF 1302603;X;19;;1003412    MAURIZIO  CIA LTDA;2;;;;;70;10;;;;0;0;1003412    MAURIZIO  CIA LTDA;OA01;0;;2.535;0;0;0;0;5300000806;;;;;;UN;UN;0;0,00;0,00;681.331,95;0,00;0,00
1;NB;F;A02;;23/02/2026;800817;CHAVE FUSIVEL DIST 15KV 100A/10KA PORC;MC10801;;;;CDFL;CUST;1.117;UN;268,77;BRL;1;1.117;30/05/2026;00:00:00;30/05/2026;0;0;0;0;10101512;10;R;1;4600003086;300.216,09;1.117;1.117;300.216,09;0;;C1;G;;;;;;;;;4500147521;ZF 1302603;X;19;;1003412    MAURIZIO  CIA LTDA;2;;;;;40;10;;;;0;0;1003412    MAURIZIO  CIA LTDA;OA01;0;;1.117;0;0;0;0;5300000809;;;;;;UN;UN;0;0,00;0,00;300.216,09;0,00;0,00
1;NB;F;A01;;23/02/2026;800515;ISOLADOR ANCOR POLIM 15KV 5000DAN;MC10902;;;;CDFL;CUST;405;UN;32,00;BRL;1;405;14/04/2026;00:00:00;14/04/2026;0;0;0;0;10100954;10;R;1;4600003072;12.960,00;405;405;12.960,00;0;;C0;G;;;;;;;;;4500147552;ZF 1302603;X;19;;1003412    MAURIZIO  CIA LTDA;2;;;;;10;10;;;;0;0;1003412    MAURIZIO  CIA LTDA;OA01;0;;405;0;0;0;0;5300026814;;;;;;UN;UN;0;0,00;0,00;12.960,00;0,00;0,00
1;NB;F;A02;;26/02/2026;400758;CHAVE SECC 1P 15KV 630A 110KV 25KA;MC10202;;;;CDFL;INVT;550;UN;483,60;BRL;1;550;27/04/2026;00:00:00;27/04/2026;0;0;0;0;10101510;90;R;1;4600003086;265.980,00;550;550;265.980,00;0;;C1;G;;;;;;;;;4500147692;ZF 1302603;X;19;;1003412    MAURIZIO  CIA LTDA;2;;;;;30;10;;;;0;0;1003412    MAURIZIO  CIA LTDA;OA01;0;;550;0;0;0;0;5300026917;;;;;;UN;UN;0;0,00;0,00;265.980,00;0,00;0,00
1;NB;F;A02;;26/02/2026;800959;PORTA-FUSIVEL 15KV 100A;MC10801;;;;CDFL;CUST;817;UN;88,81;BRL;1;817;27/04/2026;00:00:00;27/04/2026;0;0;0;0;10099353;10;R;1;4600003042;72.561,85;817;817;72.561,85;0;;C1;G;;;;;;;;;4500147697;ZF 1302603;X;19;;1003412    MAURIZIO  CIA LTDA;2;;;;;10;10;;;;0;0;1003412    MAURIZIO  CIA LTDA;OA01;0;;817;0;0;0;0;5300000808;;;;;;UN;UN;0;0,00;0,00;72.561,85;0,00;0,00
1;NB;F;A03;;22/01/2026;801216;ELO FUSIVEL BOTAO DISTRIB K 50A 500MM;MC10801;;;;CDFL;CUST;231;UN;7,25;BRL;1;231;04/04/2026;00:00:00;04/04/2026;0;231;0;0;10100104;70;R;1;4600003058;0,00;0;0;0,00;0;;C1;G;;;;;;;;;4500144463;ZF 1302603;X;19;;1003489    INDEL BAURU INDUSTRIA ELETROMETALUR;2;;;;;70;10;;;;0;0;1003489    INDEL BAURU INDUSTRIA EL;OA01;0;;231;231;0;0;0;5300031419;;;;;;UN;UN;0;0,00;0,00;1.675,67;0,00;0,00
1;NB;F;A03;;22/01/2026;801220;ELO FUSIVEL BOTAO DISTRIB K 25A 500MM;MC10801;;;;CDFL;CUST;1.962;UN;5,41;BRL;1;1.962;04/04/2026;00:00:00;30/03/2026;0;1.962;0;0;10100104;40;R;1;4600003058;0,00;0;0;0,00;0;;C1;G;;;;;;;;;4500144463;ZF 1302603;X;19;;1003489    INDEL BAURU INDUSTRIA ELETROMETALUR;2;;;;;40;20;;;;0;0;1003489    INDEL BAURU INDUSTRIA EL;OA01;0;;1.962;1.962;0;0;0;5300000032;;;;;;UN;UN;0;0,00;0,00;10.619,52;0,00;0,00
1;NB;F;A03;;22/01/2026;800824;ELO FUSIVEL BOTAO DISTR K 40A 500MM;MC10801;;;;CDFL;CUST;1.418;UN;6,84;BRL;1;1.418;04/04/2026;00:00:00;30/03/2026;0;1.418;0;0;10100104;30;R;1;4600003058;0,00;0;0;0,00;0;;C1;G;;;;;;;;;4500144463;ZF 1302603;X;19;;1003489    INDEL BAURU INDUSTRIA ELETROMETALUR;2;;;;;30;30;;;;0;0;1003489    INDEL BAURU INDUSTRIA EL;OA01;0;;1.418;1.418;0;0;0;5300021616;;;;;;UN;UN;0;0,00;0,00;9.692,74;0,00;0,00
1;NB;F;A03;;22/01/2026;402025;ELO FUSIVEL BOTAO DISTRIB K 25A 500MM;MC10801;;;;CDFL;INVT;42;UN;5,41;BRL;1;42;04/04/2026;00:00:00;30/03/2026;0;42;0;0;10100104;10;R;1;4600003058;0,00;0;0;0,00;0;;C1;G;;;;;;;;;4500144463;ZF 1302603;X;19;;1003489    INDEL BAURU INDUSTRIA ELETROMETALUR;2;;;;;10;40;;;;0;0;1003489    INDEL BAURU INDUSTRIA EL;OA01;0;;42;42;0;0;0;5300031420;;;;;;UN;UN;0;0,00;0,00;227,33;0,00;0,00
1;ZCDR;F;GAE;;04/02/2026;400359;ALCA PREFORM ESTAI 3/8P 9,5MM 889MM;MC11001;;;;CDFL;INVT;44;UN;26,80;BRL;1;44;28/01/2026;00:00:00;28/01/2026;0;44;0;0;10127974;10;R;1;;0,00;0;0;0,00;0;;C0;G;;;;;;;;;4500145004;ZF 1302603;X;15;;1003515    S V INSTALACOES LTDA;2;;;;;0;10;;;;0;0;1003515    S V INSTALACOES LTDA;OA01;0;;44;44;0;0;0;5300031534;;;;;;UN;UN;0;0,00;0,00;1.179,20;0,00;0,00
1;ZCDR;F;GAE;;02/03/2026;401465;CONECTOR PERF AL 16-120MM2 / 16-120MM2;MC12002;;;;CDFL;INVT;500;UN;17,50;BRL;1;500;19/03/2026;00:00:00;19/03/2026;0;500;0;0;10130412;20;R;1;;0,00;0;0;0,00;0;;C0;G;;;;;;;;;4500147801;ZF 1302603;X;15;;1003515    S V INSTALACOES LTDA;2;;;;;0;10;;;;0;0;1003515    S V INSTALACOES LTDA;OA01;0;;500;500;0;0;0;5300031891;;;;;;UN;UN;0;0,00;0,00;8.750,00;0,00;0,00
1;NB;F;GAE;;02/03/2026;401465;CONECTOR PERF AL 16-120MM2 / 16-120MM2;MC12002;;;;CDFL;INVT;4.500;UN;17,50;BRL;1;4.500;06/04/2026;00:00:00;31/12/2026;0;0;0;0;10130412;20;R;1;;78.750,00;4.500;4.500;78.750,00;0;;C0;G;;;;;;;;;4500147803;ZF 1302603;X;19;;1003515    S V INSTALACOES LTDA;2;;;;;0;10;;;;0;0;1003515    S V INSTALACOES LTDA;OA01;0;;4.500;0;0;0;0;5300031891;;;;;;UN;UN;0;0,00;0,00;78.750,00;0,00;0,00
1;ZCDR;F;GAE;;02/03/2026;410200; CONECTOR COMP TIPO H 95-95;MC12002;;;;CDFL;INVT;200;UN;17,50;BRL;1;200;26/03/2026;00:00:00;31/12/2026;0;20;0;0;10130412;10;R;1;;3.150,00;180;180;3.150,00;0;;C0;G;;;;;;;;;4500147804;ZF 1302603;X;15;;1003515    S V INSTALACOES LTDA;2;;;;;0;10;;;;0;0;1003515    S V INSTALACOES LTDA;OA01;0;;200;20;0;0;0;5300031892;;;;;;UN;UN;0;0,00;0,00;3.500,00;0,00;0,00
1;NB;F;A13;;16/03/2026;405491;TERMINAL TUBULAR CU ESTANHADO 35MM2;MC10401;;;;CDFL;INVT;30.000;UN;0,90;BRL;1;30.000;10/03/2026;00:00:00;10/03/2026;0;0;0;0;10131041;10;R;1;;27.000,00;30.000;30.000;27.000,00;0;;C0;G;;;;;;;;;4500149691;ZF 1302603;X;19;;1003515    S V INSTALACOES LTDA;2;;;;;0;10;;;;0;0;1003515    S V INSTALACOES LTDA;OA01;0;;30.000;0;0;0;0;5300032006;;;;;;UN;UN;0;0,00;0,00;27.000,00;0,00;0,00
1;ZCDR;F;GAE;;27/01/2026;410147;CX BLIND P/ MED MONO C/ ABERT INTEL;MC12503;;;;CDFL;INVT;15;UN;336,76;BRL;1;15;16/01/2026;00:00:00;16/01/2026;0;15;0;0;10127314;10;R;1;;0,00;0;0;0,00;0;;C1;G;;;;;;;;;4500144696;ZF 1302603;X;15;;1003592    FIXAR INDUSTRIAL -INDUSTRIA DE META;2;;;;;0;10;;;;0;0;1003592    FIXAR INDUSTRIAL -INDUST;OA01;0;;15;30;0;0;0;5300031478;;;;;;UN;UN;0;0,00;0,00;5.051,38;0,00;0,00
1;ZCDR;F;GAE;;27/01/2026;410152;CX BLIND P/ MED BI C/ ABERT INTEL;MC12503;;;;CDFL;INVT;13;UN;377,68;BRL;1;13;16/01/2026;00:00:00;16/01/2026;0;13;0;0;10127314;20;R;1;;0,00;0;0;0,00;0;;C1;G;;;;;;;;;4500144696;ZF 1302603;X;15;;1003592    FIXAR INDUSTRIAL -INDUSTRIA DE META;2;;;;;0;20;;;;0;0;1003592    FIXAR INDUSTRIAL -INDUST;OA01;0;;13;26;0;0;0;5300031479;;;;;;UN;UN;0;0,00;0,00;4.909,82;0,00;0,00
1;ZCDR;F;GAE;;27/01/2026;410153;CX BLIND P/ MED TRI C/ ABERT INTEL;MC12503;;;;CDFL;INVT;2;UN;377,68;BRL;1;2;16/01/2026;00:00:00;16/01/2026;0;2;0;0;10127314;30;R;1;;0,00;0;0;0,00;0;;C1;G;;;;;;;;;4500144696;ZF 1302603;X;15;;1003592    FIXAR INDUSTRIAL -INDUSTRIA DE META;2;;;;;0;30;;;;0;0;1003592    FIXAR INDUSTRIAL -INDUST;OA01;0;;2;4;0;0;0;5300031480;;;;;;UN;UN;0;0,00;0,00;755,36;0,00;0,00
1;NB;F;GAE;;27/02/2026;410155;CX BLIND P/ CONEXAO C/ ABERT INTEL;MC10301;;;;CDFL;INVT;250;UN;1.665,00;BRL;1;250;26/03/2026;00:00:00;26/03/2026;0;0;0;0;10129014;20;R;1;4600003496;416.250,00;250;250;416.250,00;0;;C0;G;;;;;;;;;4500147723;ZF 1302603;X;19;;1003592    FIXAR INDUSTRIAL -INDUSTRIA DE META;2;;;;;20;10;;;;0;0;1003592    FIXAR INDUSTRIAL -INDUST;OA01;0;;250;0;0;0;0;5300031883;;;;;;UN;UN;0;0,00;0,00;416.250,00;0,00;0,00
1;NB;F;GAE;;04/03/2026;410152;CX BLIND P/ MED BI C/ ABERT INTEL;MC12503;;;;CDFL;INVT;637;UN;281,60;BRL;1;637;10/04/2026;00:00:00;10/04/2026;0;0;0;0;10129014;10;R;1;4600003496;179.379,20;637;637;179.379,20;0;;C1;G;;;;;;;;;4500148085;ZF 1302603;X;19;;1003592    FIXAR INDUSTRIAL -INDUSTRIA DE META;2;;;;;10;10;;;;0;0;1003592    FIXAR INDUSTRIAL -INDUST;OA01;0;;637;0;0;0;0;5300031479;;;;;;UN;UN;0;0,00;0,00;179.379,20;0,00;0,00
1;NB;F;GAE;;04/03/2026;410155;CX BLIND P/ CONEXAO C/ ABERT INTEL;MC10301;;;;CDFL;INVT;2.250;UN;1.465,20;BRL;1;2.250;10/04/2026;00:00:00;10/04/2026;0;0;0;0;10129014;20;R;1;4600003496;3.296.700,00;2.250;2.250;3.296.700,00;0;;C1;G;;;;;;;;;4500148085;ZF 1302603;X;19;;1003592    FIXAR INDUSTRIAL -INDUSTRIA DE META;2;;;;;20;20;;;;0;0;1003592    FIXAR INDUSTRIAL -INDUST;OA01;0;;2.250;0;0;0;0;5300031883;;;;;;UN;UN;0;0,00;0,00;3.296.700,00;0,00;0,00
1;NB;F;GAE;;04/03/2026;410147;CX BLIND P/ MED MONO C/ ABERT INTEL;MC12503;;;;CDFL;INVT;306;UN;240,68;BRL;1;306;10/04/2026;00:00:00;10/04/2026;0;0;0;0;10129014;30;R;1;4600003496;73.648,08;306;306;73.648,08;0;;C1;G;;;;;;;;;4500148085;ZF 1302603;X;19;;1003592    FIXAR INDUSTRIAL -INDUSTRIA DE META;2;;;;;30;30;;;;0;0;1003592    FIXAR INDUSTRIAL -INDUST;OA01;0;;306;0;0;0;0;5300031478;;;;;;UN;UN;0;0,00;0,00;73.648,08;0,00;0,00
1;NB;F;GAE;;04/03/2026;410153;CX BLIND P/ MED TRI C/ ABERT INTEL;MC12503;;;;CDFL;INVT;1.057;UN;281,60;BRL;1;1.057;10/04/2026;00:00:00;10/04/2026;0;0;0;0;10129014;40;R;1;4600003496;297.651,20;1.057;1.057;297.651,20;0;;C1;G;;;;;;;;;4500148085;ZF 1302603;X;19;;1003592    FIXAR INDUSTRIAL -INDUSTRIA DE META;2;;;;;40;40;;;;0;0;1003592    FIXAR INDUSTRIAL -INDUST;OA01;0;;1.057;0;0;0;0;5300031480;;;;;;UN;UN;0;0,00;0,00;297.651,20;0,00;0,00
1;NB;F;GAE;;11/03/2026;410155;CX BLIND P/ CONEXAO C/ ABERT INTEL;MC10301;;;;CDFL;INVT;2.500;UN;1.465,20;BRL;1;2.500;20/06/2026;00:00:00;20/06/2026;0;0;0;0;10130628;10;R;1;4600003496;3.663.000,00;2.500;2.500;3.663.000,00;0;;C1;G;;;;;;;;;4500148999;ZF 1302603;X;19;;1003592    FIXAR INDUSTRIAL -INDUSTRIA DE META;2;;;;;50;10;;;;0;0;1003592    FIXAR INDUSTRIAL -INDUST;OA01;0;;2.500;0;0;0;0;5300031883;;;;;;UN;UN;0;0,00;0,00;3.663.000,00;0,00;0,00
1;NB;F;GAE;;11/03/2026;410147;CX BLIND P/ MED MONO C/ ABERT INTEL;MC12503;;;;CDFL;INVT;306;UN;240,68;BRL;1;306;20/06/2026;00:00:00;20/06/2026;0;0;0;0;10130628;20;R;1;4600003496;73.648,08;306;306;73.648,08;0;;C1;G;;;;;;;;;4500148999;ZF 1302603;X;19;;1003592    FIXAR INDUSTRIAL -INDUSTRIA DE META;2;;;;;60;20;;;;0;0;1003592    FIXAR INDUSTRIAL -INDUST;OA01;0;;306;0;0;0;0;5300031478;;;;;;UN;UN;0;0,00;0,00;73.648,08;0,00;0,00
1;NB;F;GAE;;11/03/2026;410152;CX BLIND P/ MED BI C/ ABERT INTEL;MC12503;;;;CDFL;INVT;637;UN;281,60;BRL;1;637;20/06/2026;00:00:00;20/06/2026;0;0;0;0;10130628;30;R;1;4600003496;179.379,20;637;637;179.379,20;0;;CA;G;;;;;;;;;4500148999;ZF 1302603;X;19;;1003592    FIXAR INDUSTRIAL -INDUSTRIA DE META;2;;;;;70;30;;;;0;0;1003592    FIXAR INDUSTRIAL -INDUST;OA01;0;;637;0;0;0;0;5300031479;;;;;;UN;UN;0;0,00;0,00;179.379,20;0,00;0,00
1;NB;F;GAE;;11/03/2026;410153;CX BLIND P/ MED TRI C/ ABERT INTEL;MC12503;;;;CDFL;INVT;1.057;UN;281,60;BRL;1;1.057;20/06/2026;00:00:00;20/06/2026;0;0;0;0;10130628;40;R;1;4600003496;297.651,20;1.057;1.057;297.651,20;0;;CA;G;;;;;;;;;4500148999;ZF 1302603;X;19;;1003592    FIXAR INDUSTRIAL -INDUSTRIA DE META;2;;;;;80;40;;;;0;0;1003592    FIXAR INDUSTRIAL -INDUST;OA01;0;;1.057;0;0;0;0;5300031480;;;;;;UN;UN;0;0,00;0,00;297.651,20;0,00;0,00
1;NB;F;A12;;22/01/2026;401959;CRUZETA POL FBV/RES PES 2400X112,5X90MM;MC12001;;;;CDFL;INVT;500;UN;170,61;BRL;1;500;05/03/2026;00:00:00;24/02/2026;0;500;0;0;10107658;10;R;1;4600002059;0,00;0;0;0,00;0;;CA;G;;;;;;;;;4500144395;ZF 1302603;X;19;;1003624    POOL ENGENHARIA, SERVICO, INDUSTRIA;2;;;;;60;10;;;;0;0;1003624    POOL ENGENHARIA, SERVICO;OA01;0;;500;500;0;0;0;5300001042;;;;;;UN;UN;0;0,00;0,00;85.305,35;0,00;0,00
1;NB;F;A12;;22/01/2026;801112;CRUZETA POL FBV/RES PES 2400X112,5X90MM;MC12001;;;;CDFL;CUST;309;UN;170,61;BRL;1;309;05/03/2026;00:00:00;24/02/2026;0;309;0;0;10107658;20;R;1;4600002059;0,00;0;0;0,00;0;;CA;G;;;;;;;;;4500144395;ZF 1302603;X;19;;1003624    POOL ENGENHARIA, SERVICO, INDUSTRIA;2;;;;;70;20;;;;0;0;1003624    POOL ENGENHARIA, SERVICO;OA01;0;;309;309;0;0;0;5300018702;;;;;;UN;UN;0;0,00;0,00;52.718,71;0,00;0,00
1;NB;F;A12;;22/01/2026;401959;CRUZETA POL FBV/RES PES 2400X112,5X90MM;MC12001;;;;CDFL;INVT;500;UN;170,61;BRL;1;500;05/04/2026;00:00:00;24/03/2026;0;500;0;0;10107658;10;R;1;4600002059;0,00;0;0;0,00;0;;CA;G;;;;;;;;;4500144395;ZF 1302603;X;19;;1003624    POOL ENGENHARIA, SERVICO, INDUSTRIA;2;;;;;60;30;;;;0;0;1003624    POOL ENGENHARIA, SERVICO;OA01;0;;500;500;0;0;0;5300001042;;;;;;UN;UN;0;0,00;0,00;85.305,35;0,00;0,00
1;NB;F;A12;;22/01/2026;803470;PONTALETE FBV 100MM 6M;MC02001;;;;CDFL;CUST;860;UN;318,17;BRL;1;860;28/02/2026;00:00:00;28/02/2026;0;860;0;0;10118053;20;R;1;4600003438;0,00;0;0;0,00;0;;CA;G;;;;;;;;;4500144462;ZF 1302603;X;19;;1003624    POOL ENGENHARIA, SERVICO, INDUSTRIA;2;;;;;20;10;;;;0;0;1003624    POOL ENGENHARIA, SERVICO;OA01;0;;860;860;0;0;0;5300013741;;;;;;UN;UN;0;0,00;0,00;273.622,67;0,00;0,00
1;NB;F;A12;;10/02/2026;401959;CRUZETA POL FBV/RES PES 2400X112,5X90MM;MC12001;;;;CDFL;INVT;1.000;UN;170,61;BRL;1;1.000;12/03/2026;00:00:00;12/03/2026;0;1.000;0;0;10107658;10;R;1;4600002059;0,00;0;0;0,00;0;;CA;G;;;;;;;;;4500145738;ZF 1302603;X;19;;1003624    POOL ENGENHARIA, SERVICO, INDUSTRIA;2;;;;;60;10;;;;0;0;1003624    POOL ENGENHARIA, SERVICO;OA01;0;;1.000;1.000;0;0;0;5300001042;;;;;;UN;UN;0;0,00;0,00;170.610,70;0,00;0,00
1;NB;F;A03;;24/02/2026;404183;"PARAFUSO AUTO BROCANTE 14 X 1"" CHAV. 3/8";MC01301;;;;CDFL;INVT;240;UN;0,26;BRL;1;240;30/03/2026;00:00:00;30/03/2026;0;0;0;0;10100430;40;R;1;4600003063;62,40;240;240;62,40;0;;C0;G;;;;;;;;;4500147599;ZF 1302603;X;19;;1003672    TAG COMERCIO DE TINTAS EIRELI;2;;;;;40;10;;;;0;0;1003672    TAG COMERCIO DE TINTAS E;OA01;0;;240;0;0;0;0;5300031802;;;;;;UN;UN;0;0,00;0,00;62,40;0,00;0,00
1;NB;F;A03;;24/02/2026;803176;"PARAFUSO AUTO BROCANTE 14 X 1"" CHAV. 3/8";MC01301;;;;CDFL;CUST;1.076;UN;0,21;BRL;1;1.076;30/03/2026;00:00:00;30/03/2026;0;0;0;0;10100430;20;R;1;4600003063;223,81;1.076;1.076;223,81;0;;C1;G;;;;;;;;;4500147599;ZF 1302603;X;19;;1003672    TAG COMERCIO DE TINTAS EIRELI;2;;;;;20;30;;;;0;0;1003672    TAG COMERCIO DE TINTAS E;OA01;0;;1.076;0;0;0;0;5300027522;;;;;;UN;UN;0;0,00;0,00;223,81;0,00;0,00
1;NB;F;A03;;28/01/2026;401004;RELIGADOR 1F AUTOMAT 7,96 KV 100A 6,3kA;MC21701;;;;CDFL;INVT;6;UN;17.251,14;BRL;1;6;18/06/2026;00:00:00;05/06/2026;0;0;0;0;10103893;10;R;1;4600003185;103.506,84;6;6;103.506,84;0;;A7;G;;;;;;;;;4500144854;ZF 1302603;X;19;;1003685    S&C ELECTRIC DO BRASIL LTDA;2;;;;;10;10;;;;0;0;1003685    S&C ELECTRIC DO BRASIL L;OA01;0;;6;0;0;0;0;5300001155;;;;;;UN;UN;0;0,00;0,00;103.506,84;0,00;0,00
1;NB;F;A12;;03/03/2026;402155;CONECTOR DER CUNHA AL 2AWG 336,4MCM;MC12002;;;;CDFL;INVT;271;UN;11,22;BRL;1;271;22/06/2026;00:00:00;20/04/2026;0;0;0;0;10130291;10;R;1;4600003530;3.039,48;271;271;3.039,48;0;;C1;G;;;;;;;;;4500148060;ZF 1302603;X;19;;1003780    INTELLI INDUSTRIA DE TERMINAIS ELET;2;;;;;10;10;;;;0;0;1003780    INTELLI INDUSTRIA DE TER;OA01;0;;271;0;0;0;0;5300032132;;;;;;UN;UN;0;0,00;0,00;3.039,48;0,00;0,00
1;NB;F;A12;;03/03/2026;800886;CONECTOR DER CUNHA AL 2/0AWG 336,4MCM;MC12002;;;;CDFL;CUST;240;UN;32,50;BRL;1;240;22/06/2026;00:00:00;20/04/2026;0;0;0;0;10130291;30;R;1;4600003530;7.800,84;240;240;7.800,84;0;;C1;G;;;;;;;;;4500148060;ZF 1302603;X;19;;1003780    INTELLI INDUSTRIA DE TERMINAIS ELET;2;;;;;30;20;;;;0;0;1003780    INTELLI INDUSTRIA DE TER;OA01;0;;240;0;0;0;0;5300032133;;;;;;UN;UN;0;0,00;0,00;7.800,84;0,00;0,00
1;NB;F;A12;;20/03/2026;400506;CONECTOR DER CU 13-34MM2;MC12002;;;;CDFL;INVT;5.710;UN;8,97;BRL;1;5.710;22/06/2026;00:00:00;22/06/2026;0;0;0;0;10130291;20;R;1;4600003530;51.191,29;5.710;5.710;51.191,29;0;;C1;G;;;;;;;;;4500148060;ZF 1302603;X;19;;1003780    INTELLI INDUSTRIA DE TERMINAIS ELET;2;;;;;20;30;;;;0;0;1003780    INTELLI INDUSTRIA DE TER;OA01;0;;5.710;0;0;0;0;5300000716;;;;;;UN;UN;0;0,00;0,00;51.191,29;0,00;0,00
1;NB;F;A12;;20/03/2026;801215;CONECTOR DER CU 13-34MM2;MC12002;;;;CDFL;CUST;1.044;UN;8,97;BRL;1;1.044;22/06/2026;00:00:00;22/06/2026;0;0;0;0;10130291;40;R;1;4600003530;9.359,67;1.044;1.044;9.359,67;0;;C1;G;;;;;;;;;4500148060;ZF 1302603;X;19;;1003780    INTELLI INDUSTRIA DE TERMINAIS ELET;2;;;;;40;40;;;;0;0;1003780    INTELLI INDUSTRIA DE TER;OA01;0;;1.044;0;0;0;0;5300000069;;;;;;UN;UN;0;0,00;0,00;9.359,67;0,00;0,00
1;NB;F;A12;;26/01/2026;401566;CONECTOR PARAL AL 4/0AWG 1/0AWG;MC10301;;;;CDFL;INVT;1.000;UN;17,38;BRL;1;1.000;27/04/2026;00:00:00;27/04/2026;0;0;0;0;10104854;50;R;1;4600003204;17.381,70;1.000;1.000;17.381,70;0;;C1;G;;;;;;;;;4500144683;ZF 1302603;X;19;;1003799    CONIMEL EMPRESA DE MATERIAL ELETRIC;2;;;;;20;10;;;;0;0;1003799    CONIMEL EMPRESA DE MATER;OA01;0;;1.000;0;0;0;0;5300002927;;;;;;UN;UN;0;0,00;0,00;17.381,70;0,00;0,00
1;NB;F;A12;;26/01/2026;400790;CONECTOR ATERR REFORÇ HAST/CAB 5/8-35MM2;MC10301;;;;CDFL;INVT;1.294;UN;17,54;BRL;1;1.294;27/04/2026;00:00:00;27/04/2026;0;0;0;0;10104854;70;R;1;4600003204;22.696,50;1.294;1.294;22.696,50;0;;C1;G;;;;;;;;;4500144683;ZF 1302603;X;19;;1003799    CONIMEL EMPRESA DE MATERIAL ELETRIC;2;;;;;10;20;;;;0;0;1003799    CONIMEL EMPRESA DE MATER;OA01;0;;1.294;0;0;0;0;5300002931;;;;;;UN;UN;0;0,00;0,00;22.696,50;0,00;0,00
1;NB;F;A12;;26/01/2026;800889;CONECTOR PARAL AL 4/0AWG 1/0AWG;MC10301;;;;CDFL;CUST;890;UN;17,38;BRL;1;890;27/04/2026;00:00:00;27/04/2026;0;0;0;0;10105454;20;R;1;4600003204;15.469,71;890;890;15.469,71;0;;C1;G;;;;;;;;;4500144684;ZF 1302603;X;19;;1003799    CONIMEL EMPRESA DE MATERIAL ELETRIC;2;;;;;40;20;;;;0;0;1003799    CONIMEL EMPRESA DE MATER;OA01;0;;890;0;0;0;0;5300007364;;;;;;UN;UN;0;0,00;0,00;15.469,71;0,00;0,00
1;NB;F;A03;;10/02/2026;801232;CONECTOR CUNHA AM AL 336,4MCM 336,4MCM;MC12002;;;;CDFL;CUST;1.835;UN;33,55;BRL;1;1.835;11/05/2026;00:00:00;11/05/2026;0;0;0;0;10100845;20;R;1;4600003093;61.572,32;1.835;1.835;61.572,32;0;;C1;G;;;;;;;;;4500145719;ZF 1302603;X;19;;1003799    CONIMEL EMPRESA DE MATERIAL ELETRIC;2;;;;;20;10;;;;0;0;1003799    CONIMEL EMPRESA DE MATER;OA01;0;;1.835;0;0;0;0;5300014297;;;;;;UN;UN;0;0,00;0,00;61.572,32;0,00;0,00
1;NB;F;A03;;10/02/2026;800884;CONECTOR CUNHA LIGA AL AZ 120MM2 4/0AWG;MC12002;;;;CDFL;CUST;600;UN;11,30;BRL;1;600;11/05/2026;00:00:00;11/05/2026;0;0;0;0;10100845;40;R;1;4600003093;6.779,70;600;600;6.779,70;0;;C1;G;;;;;;;;;4500145719;ZF 1302603;X;19;;1003799    CONIMEL EMPRESA DE MATERIAL ELETRIC;2;;;;;40;20;;;;0;0;1003799    CONIMEL EMPRESA DE MATER;OA01;0;;600;0;0;0;0;5300021402;;;;;;UN;UN;0;0,00;0,00;6.779,70;0,00;0,00
1;NB;F;A03;;10/02/2026;801215;CONECTOR DER CU 13-34MM2;MC12002;;;;CDFL;CUST;590;UN;7,36;BRL;1;590;11/05/2026;00:00:00;11/05/2026;0;0;0;0;10100845;50;R;1;4600003093;4.340,22;590;590;4.340,22;0;;C1;G;;;;;;;;;4500145719;ZF 1302603;X;19;;1003799    CONIMEL EMPRESA DE MATERIAL ELETRIC;2;;;;;50;30;;;;0;0;1003799    CONIMEL EMPRESA DE MATER;OA01;0;;590;0;0;0;0;5300008466;;;;;;UN;UN;0;0,00;0,00;4.340,22;0,00;0,00
1;NB;F;A03;;10/02/2026;400506;CONECTOR DER CU 13-34MM2;MC12002;;;;CDFL;INVT;2.535;UN;7,36;BRL;1;2.535;11/05/2026;00:00:00;11/05/2026;0;0;0;0;10100845;190;R;1;4600003093;18.648,22;2.535;2.535;18.648,22;0;;C1;G;;;;;;;;;4500145719;ZF 1302603;X;19;;1003799    CONIMEL EMPRESA DE MATERIAL ELETRIC;2;;;;;90;40;;;;0;0;1003799    CONIMEL EMPRESA DE MATER;OA01;0;;2.535;0;0;0;0;5300002928;;;;;;UN;UN;0;0,00;0,00;18.648,22;0,00;0,00
1;NB;F;A03;;10/02/2026;402185;CONECTOR DER CUNHA ESTRIBO 336,4 MCM;MC12002;;;;CDFL;INVT;685;UN;35,04;BRL;1;685;11/05/2026;00:00:00;11/05/2026;0;0;0;0;10100845;200;R;1;4600003093;24.004,04;685;685;24.004,04;0;;C1;G;;;;;;;;;4500145719;ZF 1302603;X;19;;1003799    CONIMEL EMPRESA DE MATERIAL ELETRIC;2;;;;;120;60;;;;0;0;1003799    CONIMEL EMPRESA DE MATER;OA01;0;;685;0;0;0;0;5300005019;;;;;;UN;UN;0;0,00;0,00;24.004,04;0,00;0,00
1;NB;F;A03;;10/02/2026;400512;CONECTOR DER CUNHA AL 1/0AWG 336,4MCM;MC12002;;;;CDFL;INVT;45;UN;43,86;BRL;1;45;11/05/2026;00:00:00;11/05/2026;0;0;0;0;10100845;70;R;1;4600003093;1.973,65;45;45;1.973,65;0;;C1;G;;;;;;;;;4500145719;ZF 1302603;X;19;;1003799    CONIMEL EMPRESA DE MATERIAL ELETRIC;2;;;;;70;70;;;;0;0;1003799    CONIMEL EMPRESA DE MATER;OA01;0;;45;0;0;0;0;5300031639;;;;;;UN;UN;0;0,00;0,00;1.973,65;0,00;0,00
1;NB;F;A12;;10/02/2026;400790;CONECTOR ATERR REFORÇ HAST/CAB 5/8-35MM2;MC10301;;;;CDFL;INVT;4.055;UN;17,54;BRL;1;4.055;12/05/2026;00:00:00;12/05/2026;0;0;0;0;10104854;80;R;1;4600003204;71.123,89;4.055;4.055;71.123,89;0;;C1;G;;;;;;;;;4500145743;ZF 1302603;X;19;;1003799    CONIMEL EMPRESA DE MATERIAL ELETRIC;2;;;;;10;10;;;;0;0;1003799    CONIMEL EMPRESA DE MATER;OA01;0;;4.055;0;0;0;0;5300002931;;;;;;UN;UN;0;0,00;0,00;71.123,89;0,00;0,00
1;NB;F;A12;;10/02/2026;401566;CONECTOR PARAL AL 4/0AWG 1/0AWG;MC10301;;;;CDFL;INVT;3.200;UN;17,38;BRL;1;3.200;12/05/2026;00:00:00;12/05/2026;0;0;0;0;10104854;90;R;1;4600003204;55.621,44;3.200;3.200;55.621,44;0;;C1;G;;;;;;;;;4500145743;ZF 1302603;X;19;;1003799    CONIMEL EMPRESA DE MATERIAL ELETRIC;2;;;;;20;20;;;;0;0;1003799    CONIMEL EMPRESA DE MATER;OA01;0;;3.200;0;0;0;0;5300002927;;;;;;UN;UN;0;0,00;0,00;55.621,44;0,00;0,00
1;NB;F;A12;;11/02/2026;400507;CONECTOR PARAL AL 10-2/0AWG (6-70MM2);MC10301;;;;CDFL;INVT;210;UN;5,96;BRL;1;210;11/05/2026;00:00:00;11/05/2026;0;0;0;0;10102524;160;R;1;4600003112;1.251,87;210;210;1.251,87;0;;C1;G;;;;;;;;;4500145786;ZF 1302603;X;19;;1003799    CONIMEL EMPRESA DE MATERIAL ELETRIC;2;;;;;160;10;;;;0;0;1003799    CONIMEL EMPRESA DE MATER;OA01;0;;210;0;0;0;0;5300014295;;;;;;UN;UN;0;0,00;0,00;1.251,87;0,00;0,00
1;NB;F;A12;;11/02/2026;403182;CONECTOR CHAVE SEC 1P FACA CU 10-300MM2;MC12002;;;;CDFL;INVT;1.000;UN;173,22;BRL;1;1.000;11/05/2026;00:00:00;11/05/2026;0;0;0;0;10102524;150;R;1;4600003112;173.221,80;1.000;1.000;173.221,80;0;;C1;G;;;;;;;;;4500145786;ZF 1302603;X;19;;1003799    CONIMEL EMPRESA DE MATERIAL ELETRIC;2;;;;;140;20;;;;0;0;1003799    CONIMEL EMPRESA DE MATER;OA01;0;;1.000;0;0;0;0;5300027552;;;;;;UN;UN;0;0,00;0,00;173.221,80;0,00;0,00
1;NB;F;A12;;11/02/2026;802249;CONECTOR CHAVE SEC 1P FACA CU 10-300MM2;MC12002;;;;CDFL;CUST;1.000;UN;173,22;BRL;1;1.000;11/05/2026;00:00:00;11/05/2026;0;0;0;0;10102524;50;R;1;4600003112;173.221,80;1.000;1.000;173.221,80;0;;C1;G;;;;;;;;;4500145786;ZF 1302603;X;19;;1003799    CONIMEL EMPRESA DE MATERIAL ELETRIC;2;;;;;170;30;;;;0;0;1003799    CONIMEL EMPRESA DE MATER;OA01;0;;1.000;0;0;0;0;5300027553;;;;;;UN;UN;0;0,00;0,00;173.221,80;0,00;0,00
1;NB;F;A12;;20/02/2026;800889;CONECTOR PARAL AL 4/0AWG 1/0AWG;MC10301;;;;CDFL;CUST;500;UN;17,38;BRL;1;500;21/05/2026;00:00:00;21/05/2026;0;0;0;0;10105454;20;R;1;4600003204;8.690,85;500;500;8.690,85;0;;C1;G;;;;;;;;;4500146982;ZF 1302603;X;19;;1003799    CONIMEL EMPRESA DE MATERIAL ELETRIC;2;;;;;40;10;;;;0;0;1003799    CONIMEL EMPRESA DE MATER;OA01;0;;500;0;0;0;0;5300007364;;;;;;UN;UN;0;0,00;0,00;8.690,85;0,00;0,00
1;NB;F;A12;;20/02/2026;401566;CONECTOR PARAL AL 4/0AWG 1/0AWG;MC10301;;;;CDFL;INVT;2.000;UN;17,38;BRL;1;2.000;21/05/2026;00:00:00;21/05/2026;0;0;0;0;10104854;90;R;1;4600003204;34.763,40;2.000;2.000;34.763,40;0;;C1;G;;;;;;;;;4500146983;ZF 1302603;X;19;;1003799    CONIMEL EMPRESA DE MATERIAL ELETRIC;2;;;;;20;10;;;;0;0;1003799    CONIMEL EMPRESA DE MATER;OA01;0;;2.000;0;0;0;0;5300002927;;;;;;UN;UN;0;0,00;0,00;34.763,40;0,00;0,00
1;ZCDR;F;GAE;;26/03/2026;112065;CANETA MARCA TEXTO AM;MC02301;;;;CDFL;CUST;10;UN;1,00;BRL;1;10;30/04/2026;00:00:00;30/04/2026;0;0;0;0;10131015;10;R;1;;10,00;10;10;10,00;0;;C0;G;;;;;;;;;4500150222;ZF 1302603;X;15;;1003813    CECIL CONCORDE COMERCIO INDUSTRIA I;2;;;;;0;10;;;;0;0;1003813    CECIL CONCORDE COMERCIO;OA01;0;;10;0;0;0;0;5300012650;;;;;;UN;UN;0;0,00;0,00;10,00;0,00;0,00
1;ZCDR;F;GAE;;26/03/2026;802464;CLIPE ACO NIQ N 4/0 CX 50UN;MC02301;;;;CDFL;CUST;20;UN;3,11;BRL;1;20;30/04/2026;00:00:00;30/04/2026;0;0;0;0;10131015;20;R;1;;62,26;20;20;62,26;0;;C7;G;;;;;;;;;4500150222;ZF 1302603;X;15;;1003813    CECIL CONCORDE COMERCIO INDUSTRIA I;2;;;;;0;20;;;;0;0;1003813    CECIL CONCORDE COMERCIO;OA01;0;;20;0;0;0;0;5300009307;;;;;;UN;UN;0;0,00;0,00;62,26;0,00;0,00
1;ZCDR;F;GAE;;26/03/2026;110649;CLIPE PAPEL AC NIQ TAM N 3/0;MC02301;;;;CDFL;CUST;10;CX;2,76;BRL;1;10;30/04/2026;00:00:00;30/04/2026;0;0;0;0;10131015;30;R;1;;27,60;10;10;27,60;0;;C7;G;;;;;;;;;4500150222;ZF 1302603;X;15;;1003813    CECIL CONCORDE COMERCIO INDUSTRIA I;2;;;;;0;30;;;;0;0;1003813    CECIL CONCORDE COMERCIO;OA01;0;;10;0;0;0;0;5300009306;;;;;;CX;CX;0;0,00;0,00;27,60;0,00;0,00
1;ZCDR;F;GAE;;26/03/2026;110356;PASTA L PLAST AZ 31X22CM;MC02301;;;;CDFL;CUST;20;UN;0,70;BRL;1;20;30/04/2026;00:00:00;30/04/2026;0;0;0;0;10131015;40;R;1;;14,00;20;20;14,00;0;;C0;G;;;;;;;;;4500150222;ZF 1302603;X;15;;1003813    CECIL CONCORDE COMERCIO INDUSTRIA I;2;;;;;0;40;;;;0;0;1003813    CECIL CONCORDE COMERCIO;OA01;0;;20;0;0;0;0;5300014879;;;;;;UN;UN;0;0,00;0,00;14,00;0,00;0,00
1;ZCDR;F;GAE;;26/03/2026;804453;PRANCHETA MAD COMP C/PREND MET 230X340M;MC02301;;;;CDFL;CUST;5;UN;4,77;BRL;1;5;30/04/2026;00:00:00;30/04/2026;0;0;0;0;10131015;50;R;1;;23,85;5;5;23,85;0;;C0;G;;;;;;;;;4500150222;ZF 1302603;X;15;;1003813    CECIL CONCORDE COMERCIO INDUSTRIA I;2;;;;;0;50;;;;0;0;1003813    CECIL CONCORDE COMERCIO;OA01;0;;5;0;0;0;0;5300032225;;;;;;UN;UN;0;0,00;0,00;23,85;0,00;0,00
1;ZCDR;F;GAE;;26/03/2026;110215;CAIXA ARQUIVO PLAST CORRUG 360X135X250MM;MC02301;;;;CDFL;CUST;150;UN;3,50;BRL;1;150;30/04/2026;00:00:00;30/04/2026;0;0;0;0;10131015;60;R;1;;525,60;150;150;525,60;0;;C1;G;;;;;;;;;4500150222;ZF 1302603;X;15;;1003813    CECIL CONCORDE COMERCIO INDUSTRIA I;2;;;;;0;60;;;;0;0;1003813    CECIL CONCORDE COMERCIO;OA01;0;;150;0;0;0;0;5300013294;;;;;;UN;UN;0;0,00;0,00;525,60;0,00;0,00
1;ZCDR;F;GAE;;26/03/2026;112242;CLIPE PAPEL AC NIQ TAM 8/0;MC02301;;;;CDFL;CUST;10;CX;4,80;BRL;1;10;30/04/2026;00:00:00;30/04/2026;0;0;0;0;10131015;70;R;1;;48,00;10;10;48,00;0;;C0;G;;;;;;;;;4500150222;ZF 1302603;X;15;;1003813    CECIL CONCORDE COMERCIO INDUSTRIA I;2;;;;;0;70;;;;0;0;1003813    CECIL CONCORDE COMERCIO;OA01;0;;10;0;0;0;0;5300012653;;;;;;CX;CX;0;0,00;0,00;48,00;0,00;0,00
1;ZCDR;F;GAE;;26/03/2026;110708;EXTRATOR GRAMPOS ESPATULA AI 150MM;MC02301;;;;CDFL;CUST;10;UN;1,40;BRL;1;10;30/04/2026;00:00:00;30/04/2026;0;0;0;0;10131015;80;R;1;;14,00;10;10;14,00;0;;C0;G;;;;;;;;;4500150222;ZF 1302603;X;15;;1003813    CECIL CONCORDE COMERCIO INDUSTRIA I;2;;;;;0;80;;;;0;0;1003813    CECIL CONCORDE COMERCIO;OA01;0;;10;0;0;0;0;5300032226;;;;;;UN;UN;0;0,00;0,00;14,00;0,00;0,00
1;ZCDR;F;GAE;;26/03/2026;110404;ENVELOPE CORRES PAP 80G/M2 NT 340X240MM;MC02301;;;;CDFL;CUST;2;UN;7,12;BRL;1;2;30/04/2026;00:00:00;30/04/2026;0;0;0;0;10131015;90;R;1;;14,24;2;2;14,24;0;;C0;G;;;;;;;;;4500150222;ZF 1302603;X;15;;1003813    CECIL CONCORDE COMERCIO INDUSTRIA I;2;;;;;0;90;;;;0;0;1003813    CECIL CONCORDE COMERCIO;OA01;0;;2;0;0;0;0;5300032227;;;;;;UN;UN;0;0,00;0,00;14,24;0,00;0,00
1;ZCDR;F;GAE;;26/03/2026;112066;PAPEL AUTO ADES 38X50MM 100FL POST IT;MC02301;;;;CDFL;CUST;10;CX;5,37;BRL;1;10;30/04/2026;00:00:00;30/04/2026;0;0;0;0;10131015;100;R;1;;53,70;10;10;53,70;0;;C0;G;;;;;;;;;4500150222;ZF 1302603;X;15;;1003813    CECIL CONCORDE COMERCIO INDUSTRIA I;2;;;;;0;100;;;;0;0;1003813    CECIL CONCORDE COMERCIO;OA01;0;;10;0;0;0;0;5300032228;;;;;;CX;CX;0;0,00;0,00;53,70;0,00;0,00
1;ZCDR;F;GAE;;26/03/2026;804398;ESTILETE 18 MM;MC01401;;;;CDFL;CUST;6;UN;6,60;BRL;1;6;30/04/2026;00:00:00;30/04/2026;0;0;0;0;10131015;110;R;1;;39,60;6;6;39,60;0;;C0;G;;;;;;;;;4500150222;ZF 1302603;X;15;;1003813    CECIL CONCORDE COMERCIO INDUSTRIA I;2;;;;;0;110;;;;0;0;1003813    CECIL CONCORDE COMERCIO;OA01;0;;6;0;0;0;0;5300032229;;;;;;UN;UN;0;0,00;0,00;39,60;0,00;0,00
1;ZCDR;F;A14;;05/02/2026;110418;DISCO CORTE ACO 7P;MC01401;;;;CDFL;CUST;100;UN;5,27;BRL;1;100;31/03/2026;00:00:00;31/03/2026;0;100;0;0;10127904;10;R;1;;0,00;0;0;0,00;0;;C0;G;;;;;;;;;4500145134;ZF 1302603;X;15;;1003818    B A ELETRICA LTDA;2;;;;;0;10;;;;0;0;1003818    B A ELETRICA LTDA;OA01;0;;100;100;0;0;0;5300031573;;;;;;UN;UN;0;0,00;0,00;527,00;0,00;0,00
1;ZCDR;F;GAE;;13/02/2026;804842;BATERIA VEICULAR 100A;MC20101;;;;CDFL;CUST;1;UN;1.285,63;BRL;1;1;28/02/2026;00:00:00;28/02/2026;0;1;0;0;10129259;10;R;1;;0,00;0;0;0,00;0;;C0;G;;;;;;;;;4500146047;ZF 1302603;X;15;;1003818    B A ELETRICA LTDA;2;;;;;0;10;;;;0;0;1003818    B A ELETRICA LTDA;OA01;0;;1;1;0;0;0;5300028174;;;;;;UN;UN;0;0,00;0,00;1.285,63;0,00;0,00
1;ZCDR;F;GAE;;24/02/2026;114242;"""DISCO CORTE P/ FERRO 7""""X1,6 X PC 50,00";MC01401;;;;CDFL;CUST;50;UN;5,27;BRL;1;50;20/02/2026;00:00:00;20/02/2026;0;50;0;0;10130049;10;R;1;;0,00;0;0;0,00;0;;C0;G;;;;;;;;;4500147553;ZF 1302603;X;15;;1003818    B A ELETRICA LTDA;2;;;;;0;10;;;;0;0;1003818    B A ELETRICA LTDA;OA01;0;;50;50;0;0;0;5300031773;;;;;;UN;UN;0;0,00;0,00;263,50;0,00;0,00
1;ZCDR;F;A14;;25/02/2026;403602;ABRACADEIRA PLAS UV 525X8,90MM TRI;MC02901;;;;CDFL;INVT;629;UN;2,17;BRL;1;629;30/06/2026;00:00:00;30/06/2026;0;629;0;0;10129513;10;R;1;;0,00;0;0;0,00;0;;C0;G;;;;;;;;;4500147645;ZF 1302603;X;15;;1003818    B A ELETRICA LTDA;2;;;;;0;10;;;;0;0;1003818    B A ELETRICA LTDA;OA01;0;;629;629;0;0;0;5300005747;;;;;;UN;UN;0;0,00;0,00;1.364,93;0,00;0,00
1;NB;F;A14;;26/02/2026;802141;FITA ISOL ELET 19MMX20M 0,19MM AZ;MC10903;;;;CDFL;CUST;50;UN;53,44;BRL;1;50;27/04/2026;00:00:00;27/04/2026;0;50;0;0;10102704;60;R;1;4600003162;0,00;0;0;0,00;0;;C0;G;;;;;;;;;4500147694;ZF 1302603;X;19;;1003818    B A ELETRICA LTDA;2;;;;;50;10;;;;0;0;1003818    B A ELETRICA LTDA;OA01;0;;50;50;0;0;0;5300004233;;;;;;UN;UN;0;0,00;0,00;2.672,00;0,00;0,00
1;NB;F;A14;;26/02/2026;802158;FITA ISOL ELET 19MMX20M 0,19MM BR;MC10903;;;;CDFL;CUST;50;UN;53,44;BRL;1;50;27/04/2026;00:00:00;27/04/2026;0;50;0;0;10102704;70;R;1;4600003162;0,00;0;0;0,00;0;;C0;G;;;;;;;;;4500147694;ZF 1302603;X;19;;1003818    B A ELETRICA LTDA;2;;;;;60;20;;;;0;0;1003818    B A ELETRICA LTDA;OA01;0;;50;75;0;0;0;5300004234;;;;;;UN;UN;0;0,00;0,00;2.672,00;0,00;0,00
1;NB;F;A14;;26/02/2026;802138;FITA ISOL ELET 19MMX20M 0,19MM VM;MC10903;;;;CDFL;CUST;27;UN;53,44;BRL;1;27;27/04/2026;00:00:00;27/04/2026;0;27;0;0;10102704;80;R;1;4600003162;0,00;0;0;0,00;0;;C0;G;;;;;;;;;4500147694;ZF 1302603;X;19;;1003818    B A ELETRICA LTDA;2;;;;;70;30;;;;0;0;1003818    B A ELETRICA LTDA;OA01;0;;27;27;0;0;0;5300004235;;;;;;UN;UN;0;0,00;0,00;1.442,88;0,00;0,00
1;ZCDR;F;GAE;;03/03/2026;403602;ABRACADEIRA PLAS UV 525X8,90MM TRI;MC02901;;;;CDFL;INVT;2.000;UN;1,74;BRL;1;2.000;05/03/2026;00:00:00;05/03/2026;0;2.000;0;0;10130337;10;R;1;;0,00;0;0;0,00;0;;CA;G;;;;;;;;;4500148056;ZF 1302603;X;15;;1003818    B A ELETRICA LTDA;2;;;;;0;10;;;;0;0;1003818    B A ELETRICA LTDA;OA01;0;;2.000;2.000;0;0;0;5300005747;;;;;;UN;UN;0;0,00;0,00;3.472,00;0,00;0,00
1;ZCDR;F;GAE;;03/03/2026;401465;CONECTOR PERF AL 16-120MM2 / 16-120MM2;MC12002;;;;CDFL;INVT;500;UN;10,29;BRL;1;500;05/03/2026;00:00:00;05/03/2026;0;500;0;0;10130337;20;R;1;;0,00;0;0;0,00;0;;C0;G;;;;;;;;;4500148056;ZF 1302603;X;15;;1003818    B A ELETRICA LTDA;2;;;;;0;20;;;;0;0;1003818    B A ELETRICA LTDA;OA01;0;;500;500;0;0;0;5300012711;;;;;;UN;UN;0;0,00;0,00;5.145,00;0,00;0,00
1;ZCDR;F;GAE;;03/03/2026;400359;ALCA PREFORM ESTAI 3/8P 9,5MM 889MM;MC11001;;;;CDFL;INVT;410;UN;25,23;BRL;1;410;05/03/2026;00:00:00;26/02/2026;0;410;0;0;10130337;30;R;1;;0,00;0;0;0,00;0;;C0;G;;;;;;;;;4500148056;ZF 1302603;X;15;;1003818    B A ELETRICA LTDA;2;;;;;0;30;;;;0;0;1003818    B A ELETRICA LTDA;OA01;0;;410;410;0;0;0;5300006641;;;;;;UN;UN;0;0,00;0,00;10.344,30;0,00;0,00
1;ZCDR;F;GAE;;27/03/2026;805627;TERMINAL COMPRESSÃO 400MM2;MC10401;;;;CDFL;CUST;4;UN;89,23;BRL;1;4;30/04/2025;00:00:00;30/04/2025;0;0;0;0;10132692;10;R;1;;356,92;4;4;356,92;0;;C0;;;;;;;;;;4500150256;ZF 1302603;;;;1003818    B A ELETRICA LTDA;;;;X;;0;10;;;;0;0;1003818    B A ELETRICA LTDA;OA01;0;;4;0;0;0;0;;;;;;;UN;UN;0;0,00;0,00;356,92;0,00;0,00
1;NB;F;A03;;06/02/2026;400224;POSTE CONC DUPL T 11 M 300 DAN;MC13001;;;;CDFL;INVT;200;UN;1.506,60;BRL;1;200;26/03/2026;00:00:00;23/03/2026;0;125;0;0;10102602;80;R;1;4600003195;112.995,00;75;75;112.995,00;0;;CA;G;;;;;;;;;4500145239;ZF 1302603;X;19;;1003866    ARCOMA DA AMAZONIA IND E COM LTDA;2;;;;;50;10;;;;0;0;1003866    ARCOMA DA AMAZONIA IND E;OA01;0;;200;125;0;0;0;5300001959;;;;;;UN;UN;0;0,00;0,00;301.320,00;0,00;0,00
1;NB;F;A03;;06/02/2026;400224;POSTE CONC DUPL T 11 M 300 DAN;MC13001;;;;CDFL;INVT;115;UN;1.506,60;BRL;1;115;11/05/2026;00:00:00;07/05/2026;0;0;0;0;10102602;80;R;1;4600003195;173.259,00;115;115;173.259,00;0;;CA;G;;;;;;;;;4500145239;ZF 1302603;X;19;;1003866    ARCOMA DA AMAZONIA IND E COM LTDA;2;;;;;50;20;;;;0;0;1003866    ARCOMA DA AMAZONIA IND E;OA01;0;;115;0;0;0;0;5300001959;;;;;;UN;UN;0;0,00;0,00;173.259,00;0,00;0,00
1;ZCDR;F;GAE;;24/03/2026;410212;FITA AUTOADESIVA BLINDAGEM 10cmX10m;MC03701;;;;CDFL;INVT;350;UN;20,43;BRL;1;350;25/03/2026;00:00:00;25/03/2026;0;0;0;0;10132495;10;R;1;;7.150,50;350;350;7.150,50;0;;C0;G;;;;;;;;;4500150142;ZF 1302603;X;15;;1003874    COCIL CONSTRUCOES CIVIS E INDUSTRIA;2;;;;;0;10;;;;0;0;1003874    COCIL CONSTRUCOES CIVIS;OA01;0;;350;0;0;0;0;5300032187;;;;;;UN;UN;0;0,00;0,00;7.150,50;0,00;0,00
1;NB;F;A15;;04/02/2026;402318;CABO  MULT 3X120+1X70MM² XLPE 0,6/1 KV;MC10101;;;;CDFL;INVT;8.073;M;47,31;BRL;1;8.073;26/04/2026;00:00:00;26/04/2026;0;0;0;0;10103148;80;R;1;4600003213;381.933,63;8.073;8.073;381.933,63;0;;C0;G;;;;;;;;;4500145027;ZF 1302603;X;19;;1003949    FLEX INDUSTRIA DE FIOS E CABOS ELET;2;;;;;210;10;;;;0;0;1003949    FLEX INDUSTRIA DE FIOS E;OA01;0;;8.073;0;0;0;0;5300022370;;;;;;M;M;0;0,00;0,00;381.933,63;0,00;0,00
1;NB;F;GAE;;19/02/2026;402152;CABO ELET CU 95MM2 90°XLPE 0,6/1KV;MC10101;;;;CDFL;INVT;500;M;60,35;BRL;1;500;21/03/2026;00:00:00;16/02/2026;0;500;0;0;10101099;60;R;1;4600003068;0,00;0;0;0,00;0;;CA;G;;;;;;;;;4500146770;ZF 1302603;X;19;;1003949    FLEX INDUSTRIA DE FIOS E CABOS ELET;2;;;;;110;10;;;;0;0;1003949    FLEX INDUSTRIA DE FIOS E;OA01;0;;500;500;0;0;0;5300024047;;;;;;M;M;0;0,00;0,00;30.173,85;0,00;0,00
1;NB;F;A16;;20/02/2026;402318;CABO  MULT 3X120+1X70MM² XLPE 0,6/1 KV;MC10101;;;;CDFL;INVT;34.000;M;44,00;BRL;1;34.000;06/04/2026;00:00:00;06/04/2026;0;34.000;0;0;10129511;10;R;1;4600003213;0,00;0;0;0,00;0;;CA;G;;;;;;;;;4500147222;ZF 1302603;X;19;;1003949    FLEX INDUSTRIA DE FIOS E CABOS ELET;2;;;;;330;10;;;;0;0;1003949    FLEX INDUSTRIA DE FIOS E;OA01;0;;34.000;34.000;0;0;0;5300022370;;;;;;M;M;0;0,00;0,00;1.495.942,20;0,00;0,00
1;NB;F;GAE;;25/02/2026;402152;CABO ELET CU 95MM2 90°XLPE 0,6/1KV;MC10101;;;;CDFL;INVT;1.187;M;60,35;BRL;1;1.187;16/04/2026;00:00:00;16/04/2026;0;1.187;0;0;10130171;10;R;1;4600003068;0,00;0;0;0,00;0;;CA;G;;;;;;;;;4500147616;ZF 1302603;X;19;;1003949    FLEX INDUSTRIA DE FIOS E CABOS ELET;2;;;;;130;10;;;;0;0;1003949    FLEX INDUSTRIA DE FIOS E;OA01;0;;1.187;1.187;0;0;0;5300024047;;;;;;M;M;0;0,00;0,00;71.632,72;0,00;0,00
1;NB;F;A03;;04/03/2026;801185;CABO  MULT 2X10+1X10 MM² XLPE 0,6/1 KV;MC10101;;;;CDFL;CUST;600;M;2,78;BRL;1;600;20/04/2026;00:00:00;20/04/2026;0;600;0;0;10130252;10;R;1;4600003213;0,00;0;0;0,00;0;;CA;G;;;;;;;;;4500148070;ZF 1302603;X;19;;1003949    FLEX INDUSTRIA DE FIOS E CABOS ELET;2;;;;;340;10;;;;0;0;1003949    FLEX INDUSTRIA DE FIOS E;OA01;0;;600;600;0;0;0;5300026037;;;;;;M;M;0;0,00;0,00;1.670,40;0,00;0,00
1;NB;F;A03;;04/03/2026;400443;CABO  MULT 2X25+1X25MM² XLPE 0,6/1 KV;MC10101;;;;CDFL;INVT;3.000;M;5,94;BRL;1;3.000;20/04/2026;00:00:00;20/04/2026;0;3.000;0;0;10130252;20;R;1;4600003213;0,00;0;0;0,00;0;;CA;G;;;;;;;;;4500148070;ZF 1302603;X;19;;1003949    FLEX INDUSTRIA DE FIOS E CABOS ELET;2;;;;;350;20;;;;0;0;1003949    FLEX INDUSTRIA DE FIOS E;OA01;0;;3.000;3.000;0;0;0;5300023744;;;;;;M;M;0;0,00;0,00;17.832,00;0,00;0,00
1;NB;F;A03;;04/03/2026;400474;CABO  MULT 3X70+1X70 MM² XLPE 0,6/1 KV;MC10101;;;;CDFL;INVT;16.608;M;22,40;BRL;1;16.608;20/04/2026;00:00:00;20/04/2026;0;16.608;0;0;10130252;30;R;1;4600003213;0,00;0;0;0,00;0;;CA;G;;;;;;;;;4500148070;ZF 1302603;X;19;;1003949    FLEX INDUSTRIA DE FIOS E CABOS ELET;2;;;;;360;30;;;;0;0;1003949    FLEX INDUSTRIA DE FIOS E;OA01;0;;16.608;16.608;0;0;0;5300022374;;;;;;M;M;0;0,00;0,00;372.019,20;0,00;0,00
1;NB;F;A03;;04/03/2026;400487;CABO  MULT 3X120+1X120MM² XLPE 0,6/1 KV;MC10101;;;;CDFL;INVT;7.000;M;43,84;BRL;1;7.000;20/04/2026;00:00:00;20/04/2026;0;7.000;0;0;10130252;40;R;1;4600003213;0,00;0;0;0,00;0;;CA;G;;;;;;;;;4500148070;ZF 1302603;X;19;;1003949    FLEX INDUSTRIA DE FIOS E CABOS ELET;2;;;;;370;40;;;;0;0;1003949    FLEX INDUSTRIA DE FIOS E;OA01;0;;7.000;7.000;0;0;0;5300027896;;;;;;M;M;0;0,00;0,00;306.880,00;0,00;0,00
1;NB;F;GAE;;04/03/2026;401886;CABO AL NU C/ALMA ACO CAA-2AWG SPAROW;MC10101;;;;CDFL;INVT;1.076;KG;24,00;BRL;1;1.076;13/04/2026;00:00:00;13/04/2026;0;0;0;0;10130345;10;R;1;4600003048;25.824,00;1.076;1.076;25.824,00;0;;CA;G;;;;;;;;;4500148087;ZF 1302603;X;19;;1003949    FLEX INDUSTRIA DE FIOS E CABOS ELET;2;;;;;210;10;;;;0;0;1003949    FLEX INDUSTRIA DE FIOS E;OA01;0;;1.076;0;0;0;0;5300026558;;;;;;KG;KG;0;0,00;0,00;25.824,00;0,00;0,00
1;NB;F;GAE;;04/03/2026;402397;CABO ELET NU CA 1/0AWG 53,5 MM2 POPPY;MC10101;;;;CDFL;INVT;35.616;KG;26,97;BRL;1;35.616;13/04/2026;00:00:00;13/04/2026;0;7.263;0;0;10130345;20;R;1;4600003048;764.680,41;28.353;28.353;764.680,41;0;;CA;G;;;;;;;;;4500148087;ZF 1302603;X;19;;1003949    FLEX INDUSTRIA DE FIOS E CABOS ELET;2;;;;;220;20;;;;0;0;1003949    FLEX INDUSTRIA DE FIOS E;OA01;0;;35.616;7.263;0;0;0;5300022122;;;;;;KG;KG;0;0,00;0,00;960.563,52;0,00;0,00
1;NB;F;GAE;;04/03/2026;400460;CABO ELET NU CA AL 2/0AWG 67,40MM2 ASTER;MC10101;;;;CDFL;INVT;15.363;KG;23,20;BRL;1;15.363;13/04/2026;00:00:00;13/04/2026;0;13.056;0;0;10130345;30;R;1;4600003048;53.522,40;2.307;2.307;53.522,40;0;;CA;G;;;;;;;;;4500148087;ZF 1302603;X;19;;1003949    FLEX INDUSTRIA DE FIOS E CABOS ELET;2;;;;;230;30;;;;0;0;1003949    FLEX INDUSTRIA DE FIOS E;OA01;0;;15.363;13.056;0;0;0;5300022123;;;;;;KG;KG;0;0,00;0,00;356.421,60;0,00;0,00
1;NB;F;GAE;;04/03/2026;400434;CABO ELET NU CA AL 2AWG 33,54MM2 IRIS;MC10101;;;;CDFL;INVT;6.576;KG;26,97;BRL;1;6.576;13/04/2026;00:00:00;13/04/2026;0;6.576;0;0;10130345;40;R;1;4600003048;0,00;0;0;0,00;0;;CA;G;;;;;;;;;4500148087;ZF 1302603;X;19;;1003949    FLEX INDUSTRIA DE FIOS E CABOS ELET;2;;;;;240;40;;;;0;0;1003949    FLEX INDUSTRIA DE FIOS E;OA01;0;;6.576;6.576;0;0;0;5300026557;;;;;;KG;KG;0;0,00;0,00;177.354,72;0,00;0,00
1;NB;F;GAE;;04/03/2026;800682;CABO NU CA AL 4/0 AWG 7X4,417MM OXLIP;MC10101;;;;CDFL;CUST;6.615;KG;23,20;BRL;1;6.615;13/04/2026;00:00:00;13/04/2026;0;2.117;0;0;10130345;50;R;1;4600003048;104.353,60;4.498;4.498;104.353,60;0;;CA;G;;;;;;;;;4500148087;ZF 1302603;X;19;;1003949    FLEX INDUSTRIA DE FIOS E CABOS ELET;2;;;;;250;50;;;;0;0;1003949    FLEX INDUSTRIA DE FIOS E;OA01;0;;6.615;2.117;0;0;0;5300026590;;;;;;KG;KG;0;0,00;0,00;153.468,00;0,00;0,00
1;NB;F;GAE;;11/03/2026;400708;CABO ELETR 15KV AL PROT XLPE 50MM2 1F MT;MC10101;;;;CDFL;INVT;33.303;M;5,20;BRL;1;33.303;31/03/2026;00:00:00;31/03/2026;0;33.303;0;0;10128402;10;R;1;;0,00;0;0;0,00;0;;CA;G;;;;;;;;;4500148814;ZF 1302603;X;19;;1003949    FLEX INDUSTRIA DE FIOS E CABOS ELET;2;;;;;0;20;;;;0;0;1003949    FLEX INDUSTRIA DE FIOS E;OA01;0;;33.303;33.303;0;0;0;5300026876;;;;;;M;M;0;0,00;0,00;173.175,60;0,00;0,00
1;NB;F;A02;;23/01/2026;404009;CABO AL CONCENTRICO 1F 1x16+16MM2;MC10101;;;;CDFL;INVT;86.908;M;4,77;BRL;1;86.908;11/05/2026;00:00:00;29/04/2026;0;0;0;0;10108747;100;R;1;4600003262;414.629,38;86.908;86.908;414.629,38;0;;C1;G;;;;;;;;;4500144522;ZF 1302603;X;19;;1003953    CONDUMAX - ELETRO METALURGICA CIAFU;2;;;;;90;10;;;;0;0;1003953    CONDUMAX - ELETRO METALU;OA01;0;;86.908;0;0;0;0;5300002813;;;;;;M;M;0;0,00;0,00;414.629,38;0,00;0,00
1;NB;F;A02;;23/01/2026;403656;CABO AL CONCENTRICO 3F 3X25+25MM2;MC10101;;;;CDFL;INVT;54.000;M;20,61;BRL;1;54.000;11/05/2026;00:00:00;29/04/2026;0;0;0;0;10108747;50;R;1;4600003262;1.112.875,20;54.000;54.000;1.112.875,20;0;;C1;G;;;;;;;;;4500144522;ZF 1302603;X;19;;1003953    CONDUMAX - ELETRO METALURGICA CIAFU;2;;;;;50;20;;;;0;0;1003953    CONDUMAX - ELETRO METALU;OA01;0;;54.000;0;0;0;0;5300002809;;;;;;M;M;0;0,00;0,00;1.112.875,20;0,00;0,00
1;NB;F;A13;;23/02/2026;403574;CABO AL CONCENTRICO 3F 3X95+95MM2;MC10101;;;;CDFL;INVT;36.000;M;64,64;BRL;1;36.000;10/04/2026;00:00:00;10/04/2026;0;0;0;0;;0;R;1;;2.327.040,00;36.000;36.000;2.327.040,00;0;;C0;;;;;;;;;;4500147470;ZF 1302603;;;;1003953    CONDUMAX - ELETRO METALURGICA CIAFU;;;;X;;0;10;;;;0;0;1003953    CONDUMAX - ELETRO METALU;OA01;0;;36.000;0;0;0;0;5300014245;;;;;;M;M;0;0,00;0,00;2.327.040,00;0,00;0,00
1;NB;F;A13;;23/02/2026;403574;CABO AL CONCENTRICO 3F 3X95+95MM2;MC10101;;;;CDFL;INVT;36.000;M;64,64;BRL;1;36.000;24/05/2026;00:00:00;24/05/2026;0;0;0;0;;0;R;1;;2.327.040,00;36.000;36.000;2.327.040,00;0;;C0;;;;;;;;;;4500147470;ZF 1302603;;;;1003953    CONDUMAX - ELETRO METALURGICA CIAFU;;;;X;;0;20;;;;0;0;1003953    CONDUMAX - ELETRO METALU;OA01;0;;36.000;0;0;0;0;5300014245;;;;;;M;M;0;0,00;0,00;2.327.040,00;0,00;0,00
1;NB;F;A13;;23/02/2026;403574;CABO AL CONCENTRICO 3F 3X95+95MM2;MC10101;;;;CDFL;INVT;43.000;M;64,64;BRL;1;43.000;18/06/2026;00:00:00;18/06/2026;0;0;0;0;;0;R;1;;2.779.520,00;43.000;43.000;2.779.520,00;0;;C0;;;;;;;;;;4500147470;ZF 1302603;;;;1003953    CONDUMAX - ELETRO METALURGICA CIAFU;;;;X;;0;30;;;;0;0;1003953    CONDUMAX - ELETRO METALU;OA01;0;;43.000;0;0;0;0;5300014245;;;;;;M;M;0;0,00;0,00;2.779.520,00;0,00;0,00
1;NB;F;A13;;23/02/2026;403656;CABO AL CONCENTRICO 3F 3X25+25MM2;MC10101;;;;CDFL;INVT;56.000;M;22,14;BRL;1;56.000;18/06/2026;00:00:00;18/06/2026;0;0;0;0;;0;R;1;;1.239.840,00;56.000;56.000;1.239.840,00;0;;C0;;;;;;;;;;4500147470;ZF 1302603;;;;1003953    CONDUMAX - ELETRO METALURGICA CIAFU;;;;X;;0;40;;;;0;0;1003953    CONDUMAX - ELETRO METALU;OA01;0;;56.000;0;0;0;0;5300002809;;;;;;M;M;0;0,00;0,00;1.239.840,00;0,00;0,00
1;NB;F;A13;;23/02/2026;404009;CABO AL CONCENTRICO 1F 1x16+16MM2;MC10101;;;;CDFL;INVT;58.000;M;5,13;BRL;1;58.000;24/05/2026;00:00:00;24/05/2026;0;0;0;0;;0;R;1;;297.540,00;58.000;58.000;297.540,00;0;;C0;;;;;;;;;;4500147470;ZF 1302603;;;;1003953    CONDUMAX - ELETRO METALURGICA CIAFU;;;;X;;0;50;;;;0;0;1003953    CONDUMAX - ELETRO METALU;OA01;0;;58.000;0;0;0;0;5300002813;;;;;;M;M;0;0,00;0,00;297.540,00;0,00;0,00
1;NB;F;A13;;23/02/2026;408291;CABO AL CONCENTRICO 2F 2X25+25MM2;MC00201;;;;CDFL;INVT;25.000;M;16,06;BRL;1;25.000;10/04/2026;00:00:00;10/04/2026;0;0;0;0;;0;R;1;;401.500,00;25.000;25.000;401.500,00;0;;C0;;;;;;;;;;4500147470;ZF 1302603;;;;1003953    CONDUMAX - ELETRO METALURGICA CIAFU;;;;X;;0;60;;;;0;0;1003953    CONDUMAX - ELETRO METALU;OA01;0;;25.000;0;0;0;0;5300014244;;;;;;M;M;0;0,00;0,00;401.500,00;0,00;0,00
1;NB;F;A13;;23/02/2026;408291;CABO AL CONCENTRICO 2F 2X25+25MM2;MC00201;;;;CDFL;INVT;30.000;M;16,06;BRL;1;30.000;24/05/2026;00:00:00;24/05/2026;0;0;0;0;;0;R;1;;481.800,00;30.000;30.000;481.800,00;0;;C0;;;;;;;;;;4500147470;ZF 1302603;;;;1003953    CONDUMAX - ELETRO METALURGICA CIAFU;;;;X;;0;70;;;;0;0;1003953    CONDUMAX - ELETRO METALU;OA01;0;;30.000;0;0;0;0;5300014244;;;;;;M;M;0;0,00;0,00;481.800,00;0,00;0,00
1;NB;F;A13;;23/02/2026;408291;CABO AL CONCENTRICO 2F 2X25+25MM2;MC00201;;;;CDFL;INVT;117.000;M;16,06;BRL;1;117.000;18/06/2026;00:00:00;18/06/2026;0;0;0;0;;0;R;1;;1.879.020,00;117.000;117.000;1.879.020,00;0;;C0;;;;;;;;;;4500147470;ZF 1302603;;;;1003953    CONDUMAX - ELETRO METALURGICA CIAFU;;;;X;;0;80;;;;0;0;1003953    CONDUMAX - ELETRO METALU;OA01;0;;117.000;0;0;0;0;5300014244;;;;;;M;M;0;0,00;0,00;1.879.020,00;0,00;0,00
1;NB;F;A13;;23/02/2026;403954;CABO AL CONCENTRICO 3F 3X50+50MM2;MC10101;;;;CDFL;INVT;3.827;M;36,82;BRL;1;3.827;10/04/2026;00:00:00;10/04/2026;0;0;0;0;;0;R;1;;140.910,14;3.827;3.827;140.910,14;0;;C0;;;;;;;;;;4500147470;ZF 1302603;;;;1003953    CONDUMAX - ELETRO METALURGICA CIAFU;;;;X;;0;90;;;;0;0;1003953    CONDUMAX - ELETRO METALU;OA01;0;;3.827;0;0;0;0;5300002815;;;;;;M;M;0;0,00;0,00;140.910,14;0,00;0,00
1;NB;F;A13;;23/02/2026;804637;CABO AL CONCENTRICO 3F 3X10+10MM2;MC10101;;;;CDFL;CUST;1.000;M;10,21;BRL;1;1.000;10/04/2026;00:00:00;10/04/2026;0;0;0;0;;0;R;1;;10.210,00;1.000;1.000;10.210,00;0;;C0;;;;;;;;;;4500147470;ZF 1302603;;;;1003953    CONDUMAX - ELETRO METALURGICA CIAFU;;;;X;;0;100;;;;0;0;1003953    CONDUMAX - ELETRO METALU;OA01;0;;1.000;0;0;0;0;;;;;;;M;M;0;0,00;0,00;10.210,00;0,00;0,00
1;NB;F;A13;;23/02/2026;804638;CABO AL CONCENTRICO 2F 2X25+25MM2;MC10101;;;;CDFL;CUST;1.000;M;16,82;BRL;1;1.000;10/04/2026;00:00:00;10/04/2026;0;0;0;0;;0;R;1;;16.820,00;1.000;1.000;16.820,00;0;;C0;;;;;;;;;;4500147470;ZF 1302603;;;;1003953    CONDUMAX - ELETRO METALURGICA CIAFU;;;;X;;0;110;;;;0;0;1003953    CONDUMAX - ELETRO METALU;OA01;0;;1.000;0;0;0;0;;;;;;;M;M;0;0,00;0,00;16.820,00;0,00;0,00
1;NB;F;A13;;23/02/2026;804639;CABO AL CONCENTRICO 3F 3X25+25MM2;MC10101;;;;CDFL;CUST;1.000;M;22,14;BRL;1;1.000;10/04/2026;00:00:00;10/04/2026;0;0;0;0;;0;R;1;;22.140,00;1.000;1.000;22.140,00;0;;C0;;;;;;;;;;4500147470;ZF 1302603;;;;1003953    CONDUMAX - ELETRO METALURGICA CIAFU;;;;X;;0;120;;;;0;0;1003953    CONDUMAX - ELETRO METALU;OA01;0;;1.000;0;0;0;0;;;;;;;M;M;0;0,00;0,00;22.140,00;0,00;0,00
1;NB;F;A13;;23/02/2026;804640;CABO AL CONCENTRICO 3F 3X16+16MM2;MC10101;;;;CDFL;CUST;1.000;M;13,29;BRL;1;1.000;10/04/2026;00:00:00;10/04/2026;0;0;0;0;;0;R;1;;13.290,00;1.000;1.000;13.290,00;0;;C0;;;;;;;;;;4500147470;ZF 1302603;;;;1003953    CONDUMAX - ELETRO METALURGICA CIAFU;;;;X;;0;130;;;;0;0;1003953    CONDUMAX - ELETRO METALU;OA01;0;;1.000;0;0;0;0;;;;;;;M;M;0;0,00;0,00;13.290,00;0,00;0,00
1;NB;F;A13;;23/02/2026;804663;CABO AL CONCENTRICO 3F 3X50+50MM2;MC10101;;;;CDFL;CUST;1.000;M;36,82;BRL;1;1.000;10/04/2026;00:00:00;10/04/2026;0;0;0;0;;0;R;1;;36.820,00;1.000;1.000;36.820,00;0;;C0;;;;;;;;;;4500147470;ZF 1302603;;;;1003953    CONDUMAX - ELETRO METALURGICA CIAFU;;;;X;;0;140;;;;0;0;1003953    CONDUMAX - ELETRO METALU;OA01;0;;1.000;0;0;0;0;;;;;;;M;M;0;0,00;0,00;36.820,00;0,00;0,00
1;NB;F;A13;;23/02/2026;804666;CABO AL CONCENTRICO 1F 1x16+16MM2;MC10101;;;;CDFL;CUST;1.000;M;5,13;BRL;1;1.000;10/04/2026;00:00:00;10/04/2026;0;0;0;0;;0;R;1;;5.130,00;1.000;1.000;5.130,00;0;;C0;;;;;;;;;;4500147470;ZF 1302603;;;;1003953    CONDUMAX - ELETRO METALURGICA CIAFU;;;;X;;0;150;;;;0;0;1003953    CONDUMAX - ELETRO METALU;OA01;0;;1.000;0;0;0;0;;;;;;;M;M;0;0,00;0,00;5.130,00;0,00;0,00
1;NB;F;GAE;;12/03/2026;403843;CABO AL CONCENTRICO 3F 3X16+16MM2;MC10101;;;;CDFL;INVT;16.663;M;12,37;BRL;1;16.663;10/06/2026;00:00:00;10/06/2026;0;0;0;0;10130276;10;R;1;4600003262;206.104,65;16.663;16.663;206.104,65;0;;C1;G;;;;;;;;;4500149150;ZF 1302603;X;19;;1003953    CONDUMAX - ELETRO METALURGICA CIAFU;2;;;;;100;10;;;;0;0;1003953    CONDUMAX - ELETRO METALU;OA01;0;;16.663;0;0;0;0;5300002814;;;;;;M;M;0;0,00;0,00;206.104,65;0,00;0,00
1;NB;F;GAE;;30/03/2026;403574;CABO AL CONCENTRICO 3F 3X95+95MM2;MC10101;;;;CDFL;INVT;36.000;M;60,12;BRL;1;36.000;10/04/2026;00:00:00;10/04/2026;0;0;0;0;10132238;10;R;1;4600003524;2.164.147,20;36.000;36.000;2.164.147,20;0;;C1;G;;;;;;;;;4500150279;ZF 1302603;X;19;;1003953    CONDUMAX - ELETRO METALURGICA CIAFU;2;;;;;210;10;;;;0;0;1003953    CONDUMAX - ELETRO METALU;OA01;0;;36.000;0;0;0;0;5300014245;;;;;;M;M;0;0,00;0,00;2.164.147,20;0,00;0,00
1;NB;F;GAE;;30/03/2026;403574;CABO AL CONCENTRICO 3F 3X95+95MM2;MC10101;;;;CDFL;INVT;36.000;M;60,12;BRL;1;36.000;24/05/2026;00:00:00;24/05/2026;0;0;0;0;10132238;20;R;1;4600003524;2.164.147,20;36.000;36.000;2.164.147,20;0;;C1;G;;;;;;;;;4500150279;ZF 1302603;X;19;;1003953    CONDUMAX - ELETRO METALURGICA CIAFU;2;;;;;220;20;;;;0;0;1003953    CONDUMAX - ELETRO METALU;OA01;0;;36.000;0;0;0;0;5300014245;;;;;;M;M;0;0,00;0,00;2.164.147,20;0,00;0,00
1;NB;F;GAE;;30/03/2026;403574;CABO AL CONCENTRICO 3F 3X95+95MM2;MC10101;;;;CDFL;INVT;43.000;M;60,12;BRL;1;43.000;18/06/2026;00:00:00;18/06/2026;0;0;0;0;10132238;30;R;1;4600003524;2.584.953,60;43.000;43.000;2.584.953,60;0;;C1;G;;;;;;;;;4500150279;ZF 1302603;X;19;;1003953    CONDUMAX - ELETRO METALURGICA CIAFU;2;;;;;230;30;;;;0;0;1003953    CONDUMAX - ELETRO METALU;OA01;0;;43.000;0;0;0;0;5300014245;;;;;;M;M;0;0,00;0,00;2.584.953,60;0,00;0,00
1;NB;F;GAE;;30/03/2026;403656;CABO AL CONCENTRICO 3F 3X25+25MM2;MC10101;;;;CDFL;INVT;56.000;M;20,59;BRL;1;56.000;18/06/2026;00:00:00;18/06/2026;0;0;0;0;10132238;40;R;1;4600003524;1.153.051,20;56.000;56.000;1.153.051,20;0;;C1;G;;;;;;;;;4500150279;ZF 1302603;X;19;;1003953    CONDUMAX - ELETRO METALURGICA CIAFU;2;;;;;240;40;;;;0;0;1003953    CONDUMAX - ELETRO METALU;OA01;0;;56.000;0;0;0;0;5300002809;;;;;;M;M;0;0,00;0,00;1.153.051,20;0,00;0,00
1;NB;F;GAE;;30/03/2026;404009;CABO AL CONCENTRICO 1F 1x16+16MM2;MC10101;;;;CDFL;INVT;58.000;M;4,77;BRL;1;58.000;24/05/2026;00:00:00;24/05/2026;0;0;0;0;10132238;50;R;1;4600003524;276.712,20;58.000;58.000;276.712,20;0;;C1;G;;;;;;;;;4500150279;ZF 1302603;X;19;;1003953    CONDUMAX - ELETRO METALURGICA CIAFU;2;;;;;250;50;;;;0;0;1003953    CONDUMAX - ELETRO METALU;OA01;0;;58.000;0;0;0;0;5300002813;;;;;;M;M;0;0,00;0,00;276.712,20;0,00;0,00
1;NB;F;GAE;;30/03/2026;408291;CABO AL CONCENTRICO 2F 2X25+25MM2;MC00201;;;;CDFL;INVT;25.000;M;14,94;BRL;1;25.000;10/04/2026;00:00:00;10/04/2026;0;0;0;0;10132238;60;R;1;4600003524;373.395,00;25.000;25.000;373.395,00;0;;C1;G;;;;;;;;;4500150279;ZF 1302603;X;19;;1003953    CONDUMAX - ELETRO METALURGICA CIAFU;2;;;;;260;60;;;;0;0;1003953    CONDUMAX - ELETRO METALU;OA01;0;;25.000;0;0;0;0;5300014244;;;;;;M;M;0;0,00;0,00;373.395,00;0,00;0,00
1;NB;F;GAE;;30/03/2026;408291;CABO AL CONCENTRICO 2F 2X25+25MM2;MC00201;;;;CDFL;INVT;30.000;M;14,94;BRL;1;30.000;24/05/2026;00:00:00;24/05/2026;0;0;0;0;10132238;70;R;1;4600003524;448.074,00;30.000;30.000;448.074,00;0;;C1;G;;;;;;;;;4500150279;ZF 1302603;X;19;;1003953    CONDUMAX - ELETRO METALURGICA CIAFU;2;;;;;270;70;;;;0;0;1003953    CONDUMAX - ELETRO METALU;OA01;0;;30.000;0;0;0;0;5300014244;;;;;;M;M;0;0,00;0,00;448.074,00;0,00;0,00
1;NB;F;GAE;;30/03/2026;408291;CABO AL CONCENTRICO 2F 2X25+25MM2;MC00201;;;;CDFL;INVT;117.000;M;14,94;BRL;1;117.000;18/06/2026;00:00:00;18/06/2026;0;0;0;0;10132238;80;R;1;4600003524;1.747.488,60;117.000;117.000;1.747.488,60;0;;C1;G;;;;;;;;;4500150279;ZF 1302603;X;19;;1003953    CONDUMAX - ELETRO METALURGICA CIAFU;2;;;;;280;80;;;;0;0;1003953    CONDUMAX - ELETRO METALU;OA01;0;;117.000;0;0;0;0;5300014244;;;;;;M;M;0;0,00;0,00;1.747.488,60;0,00;0,00
1;NB;F;GAE;;30/03/2026;403954;CABO AL CONCENTRICO 3F 3X50+50MM2;MC10101;;;;CDFL;INVT;3.827;M;34,24;BRL;1;3.827;10/04/2026;00:00:00;10/04/2026;0;0;0;0;10132238;90;R;1;4600003524;131.046,43;3.827;3.827;131.046,43;0;;C1;G;;;;;;;;;4500150279;ZF 1302603;X;19;;1003953    CONDUMAX - ELETRO METALURGICA CIAFU;2;;;;;290;90;;;;0;0;1003953    CONDUMAX - ELETRO METALU;OA01;0;;3.827;0;0;0;0;5300002815;;;;;;M;M;0;0,00;0,00;131.046,43;0,00;0,00
1;NB;F;GAE;;30/03/2026;804637;CABO AL CONCENTRICO 3F 3X10+10MM2;MC10101;;;;CDFL;CUST;1.000;M;9,50;BRL;1;1.000;10/04/2026;00:00:00;10/04/2026;0;0;0;0;10132238;100;R;1;4600003524;9.495,30;1.000;1.000;9.495,30;0;;C1;G;;;;;;;;;4500150279;ZF 1302603;X;19;;1003953    CONDUMAX - ELETRO METALURGICA CIAFU;2;;;;;300;100;;;;0;0;1003953    CONDUMAX - ELETRO METALU;OA01;0;;1.000;0;0;0;0;5300032242;;;;;;M;M;0;0,00;0,00;9.495,30;0,00;0,00
1;NB;F;GAE;;30/03/2026;804639;CABO AL CONCENTRICO 3F 3X25+25MM2;MC10101;;;;CDFL;CUST;1.000;M;20,59;BRL;1;1.000;10/04/2026;00:00:00;10/04/2026;0;0;0;0;10132238;120;R;1;4600003524;20.590,20;1.000;1.000;20.590,20;0;;C1;G;;;;;;;;;4500150279;ZF 1302603;X;19;;1003953    CONDUMAX - ELETRO METALURGICA CIAFU;2;;;;;320;110;;;;0;0;1003953    CONDUMAX - ELETRO METALU;OA01;0;;1.000;0;0;0;0;5300032243;;;;;;M;M;0;0,00;0,00;20.590,20;0,00;0,00
1;NB;F;GAE;;30/03/2026;804640;CABO AL CONCENTRICO 3F 3X16+16MM2;MC10101;;;;CDFL;CUST;1.000;M;12,36;BRL;1;1.000;10/04/2026;00:00:00;10/04/2026;0;0;0;0;10132238;130;R;1;4600003524;12.359,70;1.000;1.000;12.359,70;0;;C1;G;;;;;;;;;4500150279;ZF 1302603;X;19;;1003953    CONDUMAX - ELETRO METALURGICA CIAFU;2;;;;;330;120;;;;0;0;1003953    CONDUMAX - ELETRO METALU;OA01;0;;1.000;0;0;0;0;5300032244;;;;;;M;M;0;0,00;0,00;12.359,70;0,00;0,00
1;NB;F;GAE;;30/03/2026;804663;CABO AL CONCENTRICO 3F 3X50+50MM2;MC10101;;;;CDFL;CUST;1.000;M;34,24;BRL;1;1.000;10/04/2026;00:00:00;10/04/2026;0;0;0;0;10132238;140;R;1;4600003524;34.242,60;1.000;1.000;34.242,60;0;;C1;G;;;;;;;;;4500150279;ZF 1302603;X;19;;1003953    CONDUMAX - ELETRO METALURGICA CIAFU;2;;;;;340;130;;;;0;0;1003953    CONDUMAX - ELETRO METALU;OA01;0;;1.000;0;0;0;0;5300032245;;;;;;M;M;0;0,00;0,00;34.242,60;0,00;0,00
1;NB;F;GAE;;30/03/2026;804666;CABO AL CONCENTRICO 1F 1x16+16MM2;MC10101;;;;CDFL;CUST;1.000;M;4,77;BRL;1;1.000;10/04/2026;00:00:00;10/04/2026;0;0;0;0;10132238;150;R;1;4600003524;4.770,90;1.000;1.000;4.770,90;0;;C1;G;;;;;;;;;4500150279;ZF 1302603;X;19;;1003953    CONDUMAX - ELETRO METALURGICA CIAFU;2;;;;;350;140;;;;0;0;1003953    CONDUMAX - ELETRO METALU;OA01;0;;1.000;0;0;0;0;5300032246;;;;;;M;M;0;0,00;0,00;4.770,90;0,00;0,00
1;NB;F;GAE;;20/02/2026;400221;POSTE FIBRA VIDRO E-CR 11M 300DAN;MC12001;;;;CDFL;INVT;100;UN;1.720,02;BRL;1;100;24/04/2026;00:00:00;24/04/2026;0;0;0;0;10128274;10;R;1;4600003495;172.001,64;100;100;172.001,64;0;;C1;G;;;;;;;;;4500147276;ZF 1302603;X;19;;1004058    ECOFIBRA INDUSTRIA E COMERCIO DE CO;2;;;;;10;10;;;;0;0;1004058    ECOFIBRA INDUSTRIA E COM;OA01;0;;100;0;0;0;0;5300000601;;;;;;UN;UN;0;0,00;0,00;172.001,64;0,00;0,00
1;NB;F;GAE;;20/02/2026;402425;POSTE FIBRA VIDRO 15M 600DAN;MC12001;;;;CDFL;INVT;10;UN;4.442,85;BRL;1;10;24/04/2026;00:00:00;24/04/2026;0;0;0;0;10128274;20;R;1;4600003495;44.428,52;10;10;44.428,52;0;;C1;G;;;;;;;;;4500147276;ZF 1302603;X;19;;1004058    ECOFIBRA INDUSTRIA E COMERCIO DE CO;2;;;;;20;20;;;;0;0;1004058    ECOFIBRA INDUSTRIA E COM;OA01;0;;10;0;0;0;0;5300031901;;;;;;UN;UN;0;0,00;0,00;44.428,52;0,00;0,00
1;NB;F;GAE;;20/02/2026;401699;POSTE FIBRA VIDRO E-CR 13M 400DAN;MC12001;;;;CDFL;INVT;5;UN;2.476,99;BRL;1;5;24/04/2026;00:00:00;24/04/2026;0;0;0;0;10128274;40;R;1;4600003495;12.384,95;5;5;12.384,95;0;;C1;G;;;;;;;;;4500147276;ZF 1302603;X;19;;1004058    ECOFIBRA INDUSTRIA E COMERCIO DE CO;2;;;;;40;30;;;;0;0;1004058    ECOFIBRA INDUSTRIA E COM;OA01;0;;5;0;0;0;0;5300031902;;;;;;UN;UN;0;0,00;0,00;12.384,95;0,00;0,00
1;NB;F;GAE;;20/02/2026;401931;POSTE FIBRA VIDRO E-CR 13M 600DAN;MC12001;;;;CDFL;INVT;10;UN;2.824,56;BRL;1;10;24/04/2026;00:00:00;24/04/2026;0;0;0;0;10128274;50;R;1;4600003495;28.245,61;10;10;28.245,61;0;;C7;G;;;;;;;;;4500147276;ZF 1302603;X;19;;1004058    ECOFIBRA INDUSTRIA E COMERCIO DE CO;2;;;;;50;40;;;;0;0;1004058    ECOFIBRA INDUSTRIA E COM;OA01;0;;10;0;0;0;0;5300005868;;;;;;UN;UN;0;0,00;0,00;28.245,61;0,00;0,00
1;NB;F;GAE;;20/02/2026;401318;POSTE FIBRA VIDRO E-CR 9M 600DAN;MC12001;;;;CDFL;INVT;100;UN;1.702,44;BRL;1;100;24/04/2026;00:00:00;24/04/2026;0;0;0;0;10128274;70;R;1;4600003495;170.243,65;100;100;170.243,65;0;;C7;G;;;;;;;;;4500147276;ZF 1302603;X;19;;1004058    ECOFIBRA INDUSTRIA E COMERCIO DE CO;2;;;;;70;50;;;;0;0;1004058    ECOFIBRA INDUSTRIA E COM;OA01;0;;100;0;0;0;0;5300000606;;;;;;UN;UN;0;0,00;0,00;170.243,65;0,00;0,00
1;NB;F;GAE;;06/03/2026;401987;POSTE FIBRA VIDRO 22M 1000DAN;MC12001;;;;CDFL;INVT;10;UN;13.426,25;BRL;1;10;20/04/2026;00:00:00;20/04/2026;0;0;0;0;10128274;30;R;1;4600003495;134.262,52;10;10;134.262,52;0;;C1;G;;;;;;;;;4500148305;ZF 1302603;X;19;;1004058    ECOFIBRA INDUSTRIA E COMERCIO DE CO;2;;;;;30;20;;;;0;0;1004058    ECOFIBRA INDUSTRIA E COM;OA01;0;;10;0;0;0;0;5300000608;;;;;;UN;UN;0;0,00;0,00;134.262,52;0,00;0,00
1;NB;F;GAE;;06/03/2026;400227;POSTE FIBRA VIDRO E-CR 18M 600DAN;MC12001;;;;CDFL;INVT;16;UN;5.844,75;BRL;1;16;20/04/2026;00:00:00;20/04/2026;0;0;0;0;10128274;60;R;1;4600003495;93.516,04;16;16;93.516,04;0;;C1;G;;;;;;;;;4500148305;ZF 1302603;X;19;;1004058    ECOFIBRA INDUSTRIA E COMERCIO DE CO;2;;;;;60;30;;;;0;0;1004058    ECOFIBRA INDUSTRIA E COM;OA01;0;;16;0;0;0;0;5300000607;;;;;;UN;UN;0;0,00;0,00;93.516,04;0,00;0,00
1;NB;F;GAE;;06/03/2026;402425;POSTE FIBRA VIDRO 15M 600DAN;MC12001;;;;CDFL;INVT;5;UN;4.442,85;BRL;1;5;20/04/2026;00:00:00;20/04/2026;0;0;0;0;10128274;20;R;1;4600003495;22.214,26;5;5;22.214,26;0;;C1;G;;;;;;;;;4500148305;ZF 1302603;X;19;;1004058    ECOFIBRA INDUSTRIA E COMERCIO DE CO;2;;;;;20;40;;;;0;0;1004058    ECOFIBRA INDUSTRIA E COM;OA01;0;;5;0;0;0;0;5300031901;;;;;;UN;UN;0;0,00;0,00;22.214,26;0,00;0,00
1;NB;F;GAE;;27/03/2026;400221;POSTE FIBRA VIDRO E-CR 11M 300DAN;MC12001;;;;CDFL;INVT;150;UN;1.720,02;BRL;1;150;11/05/2026;00:00:00;11/05/2026;0;0;0;0;10128274;10;R;1;4600003495;258.002,46;150;150;258.002,46;0;;C1;G;;;;;;;;;4500150252;ZF 1302603;X;19;;1004058    ECOFIBRA INDUSTRIA E COMERCIO DE CO;2;;;;;10;10;;;;0;0;1004058    ECOFIBRA INDUSTRIA E COM;OA01;0;;150;0;0;0;0;5300000601;;;;;;UN;UN;0;0,00;0,00;258.002,46;0,00;0,00
1;NB;F;GAE;;27/03/2026;400221;POSTE FIBRA VIDRO E-CR 11M 300DAN;MC12001;;;;CDFL;INVT;100;UN;1.720,02;BRL;1;100;25/06/2026;00:00:00;25/06/2026;0;0;0;0;10128274;10;R;1;4600003495;172.001,64;100;100;172.001,64;0;;C1;G;;;;;;;;;4500150252;ZF 1302603;X;19;;1004058    ECOFIBRA INDUSTRIA E COMERCIO DE CO;2;;;;;10;20;;;;0;0;1004058    ECOFIBRA INDUSTRIA E COM;OA01;0;;100;0;0;0;0;5300000601;;;;;;UN;UN;0;0,00;0,00;172.001,64;0,00;0,00
1;NB;F;GAE;;23/01/2026;804421;ISOLADOR PINO, POLIMERICO COM TRAVAS;MC12002;;;;CDFL;CUST;1.747;UN;20,46;BRL;1;1.747;11/04/2026;00:00:00;31/03/2026;0;0;0;0;10100907;10;R;1;4600003073;35.743,62;1.747;1.747;35.743,62;0;;C1;G;;;;;;;;;4500144577;ZF 1302603;X;19;;1004591    REAL ENERGIA EIRELI;2;;;;;10;10;;;;0;0;1004591    REAL ENERGIA EIRELI;OA01;0;;1.747;1.747;0;0;0;5300026822;;;;;;UN;UN;0;0,00;0,00;35.743,62;0,00;0,00
1;NB;F;A01;;11/03/2026;408994;ISOLADOR PINO, POLIMERICO COM TRAVAS;MC12002;;;;CDFL;INVT;2.833;UN;20,46;BRL;1;2.833;18/05/2026;00:00:00;18/05/2026;0;0;0;0;10100907;30;R;1;4600003073;57.963,18;2.833;2.833;57.963,18;0;;C1;G;;;;;;;;;4500148635;ZF 1302603;X;19;;1004591    REAL ENERGIA EIRELI;2;;;;;30;10;;;;0;0;1004591    REAL ENERGIA EIRELI;OA01;0;;2.833;0;0;0;0;5300026823;;;;;;UN;UN;0;0,00;0,00;57.963,18;0,00;0,00
1;NB;F;A03;;06/02/2026;401127;POSTE CONCRETO ARM DUPL T 11M 600KGF;MC13001;;;;CDFL;INVT;24;UN;1.917,66;BRL;1;24;23/03/2026;00:00:00;23/03/2026;0;24;0;0;10101060;330;R;1;4600003099;0,00;0;0;0,00;0;;CA;G;;;;;;;;;4500145199;ZF 1302603;X;19;;1006698    AMAZONPOSTES INDUSTRIA DE ARTEFATOS;2;;;;;80;10;;;;0;0;1006698    AMAZONPOSTES INDUSTRIA D;OA01;0;;24;24;0;0;0;5300000280;;;;;;UN;UN;0;0,00;0,00;46.023,84;0,00;0,00
1;NB;F;A03;;06/02/2026;400988;POSTE CONCRETO TRON CON 9M 600KGF;MC13001;;;;CDFL;INVT;8;UN;1.822,75;BRL;1;8;23/03/2026;00:00:00;23/03/2026;0;8;0;0;10101060;220;R;1;4600003099;0,00;0;0;0,00;0;;CA;G;;;;;;;;;4500145199;ZF 1302603;X;19;;1006698    AMAZONPOSTES INDUSTRIA DE ARTEFATOS;2;;;;;60;20;;;;0;0;1006698    AMAZONPOSTES INDUSTRIA D;OA01;0;;8;8;0;0;0;5300000285;;;;;;UN;UN;0;0,00;0,00;14.582,03;0,00;0,00
1;NB;F;A03;;06/02/2026;401260;POSTE CONCRETO TRON CON 9M 1000KGF;MC13001;;;;CDFL;INVT;23;UN;2.467,15;BRL;1;23;23/03/2026;00:00:00;23/03/2026;0;23;0;0;10101060;310;R;1;4600003099;0,00;0;0;0,00;0;;CA;G;;;;;;;;;4500145199;ZF 1302603;X;19;;1006698    AMAZONPOSTES INDUSTRIA DE ARTEFATOS;2;;;;;50;30;;;;0;0;1006698    AMAZONPOSTES INDUSTRIA D;OA01;0;;23;23;0;0;0;5300005053;;;;;;UN;UN;0;0,00;0,00;56.744,46;0,00;0,00
1;NB;F;A03;;06/02/2026;402650;POSTE CONCRETO DUPLO T 9 M 600 DAN;MC13001;;;;CDFL;INVT;12;UN;1.190,00;BRL;1;12;23/03/2026;00:00:00;23/03/2026;0;12;0;0;10102602;50;R;1;4600002571;0,00;0;0;0,00;0;;CA;G;;;;;;;;;4500145204;ZF 1302603;X;19;;1006698    AMAZONPOSTES INDUSTRIA DE ARTEFATOS;2;;;;;360;10;;;;0;0;1006698    AMAZONPOSTES INDUSTRIA D;OA01;0;;12;12;0;0;0;5300000281;;;;;;UN;UN;0;0,00;0,00;14.280,00;0,00;0,00
1;NB;F;GAE;;06/02/2026;402847;POSTE CONC DUPL T 9 M 300 DAN;MC13001;;;;CDFL;INVT;100;UN;880,60;BRL;1;100;23/03/2026;00:00:00;23/03/2026;0;84;0;0;10075024;170;R;1;4600002571;14.089,60;16;16;14.089,60;0;;CA;G;;;;;;;;;4500145217;ZF 1302603;X;19;;1006698    AMAZONPOSTES INDUSTRIA DE ARTEFATOS;2;;;;;80;10;;;;0;0;1006698    AMAZONPOSTES INDUSTRIA D;OA01;0;;100;84;0;0;0;5300000282;;;;;;UN;UN;0;0,00;0,00;88.060,00;0,00;0,00
1;NB;F;GAE;;06/02/2026;402847;POSTE CONC DUPL T 9 M 300 DAN;MC13001;;;;CDFL;INVT;103;UN;880,60;BRL;1;103;07/05/2026;00:00:00;07/05/2026;0;64;0;0;10075024;170;R;1;4600002571;34.343,40;39;39;34.343,40;0;;CA;G;;;;;;;;;4500145217;ZF 1302603;X;19;;1006698    AMAZONPOSTES INDUSTRIA DE ARTEFATOS;2;;;;;80;20;;;;0;0;1006698    AMAZONPOSTES INDUSTRIA D;OA01;0;;103;64;0;0;0;5300000282;;;;;;UN;UN;0;0,00;0,00;90.701,80;0,00;0,00
1;NB;F;GAE;;06/02/2026;402650;POSTE CONCRETO DUPLO T 9 M 600 DAN;MC13001;;;;CDFL;INVT;50;UN;1.190,00;BRL;1;50;23/03/2026;00:00:00;23/03/2026;0;32;0;0;10075024;160;R;1;4600002571;21.420,00;18;18;21.420,00;0;;CA;G;;;;;;;;;4500145217;ZF 1302603;X;19;;1006698    AMAZONPOSTES INDUSTRIA DE ARTEFATOS;2;;;;;70;30;;;;0;0;1006698    AMAZONPOSTES INDUSTRIA D;OA01;0;;50;32;0;0;0;5300000281;;;;;;UN;UN;0;0,00;0,00;59.500,00;0,00;0,00
1;NB;F;GAE;;06/02/2026;402650;POSTE CONCRETO DUPLO T 9 M 600 DAN;MC13001;;;;CDFL;INVT;52;UN;1.190,00;BRL;1;52;07/05/2026;00:00:00;07/05/2026;0;32;0;0;10075024;160;R;1;4600002571;23.800,00;20;20;23.800,00;0;;CA;G;;;;;;;;;4500145217;ZF 1302603;X;19;;1006698    AMAZONPOSTES INDUSTRIA DE ARTEFATOS;2;;;;;70;40;;;;0;0;1006698    AMAZONPOSTES INDUSTRIA D;OA01;0;;52;32;0;0;0;5300000281;;;;;;UN;UN;0;0,00;0,00;61.880,00;0,00;0,00
1;NB;F;GAE;;06/02/2026;400210;POSTE CONCRETO TRON CON 13M 1000KGF;MC13001;;;;CDFL;INVT;4;UN;3.315,66;BRL;1;4;23/03/2026;00:00:00;23/03/2026;0;4;0;0;10075024;20;R;1;4600002571;0,00;0;0;0,00;0;;CA;G;;;;;;;;;4500145217;ZF 1302603;X;19;;1006698    AMAZONPOSTES INDUSTRIA DE ARTEFATOS;2;;;;;20;50;;;;0;0;1006698    AMAZONPOSTES INDUSTRIA D;OA01;0;;4;4;0;0;0;5300000288;;;;;;UN;UN;0;0,00;0,00;13.262,62;0,00;0,00
1;NB;F;A13;;06/02/2026;401127;POSTE CONCRETO ARM DUPL T 11M 600KGF;MC13001;;;;CDFL;INVT;100;UN;1.917,66;BRL;1;100;23/03/2026;00:00:00;23/03/2026;0;100;0;0;10101060;350;R;1;4600003099;0,00;0;0;0,00;0;;CA;G;;;;;;;;;4500145238;ZF 1302603;X;19;;1006698    AMAZONPOSTES INDUSTRIA DE ARTEFATOS;2;;;;;80;10;;;;0;0;1006698    AMAZONPOSTES INDUSTRIA D;OA01;0;;100;100;0;0;0;5300000280;;;;;;UN;UN;0;0,00;0,00;191.766,00;0,00;0,00
1;NB;F;A13;;06/02/2026;401127;POSTE CONCRETO ARM DUPL T 11M 600KGF;MC13001;;;;CDFL;INVT;100;UN;1.917,66;BRL;1;100;07/05/2026;00:00:00;07/05/2026;0;0;0;0;10101060;350;R;1;4600003099;191.766,00;100;100;191.766,00;0;;CA;G;;;;;;;;;4500145238;ZF 1302603;X;19;;1006698    AMAZONPOSTES INDUSTRIA DE ARTEFATOS;2;;;;;80;20;;;;0;0;1006698    AMAZONPOSTES INDUSTRIA D;OA01;0;;100;0;0;0;0;5300000280;;;;;;UN;UN;0;0,00;0,00;191.766,00;0,00;0,00
1;NB;F;A13;;06/02/2026;401349;POSTE CONCRETO CIRC 11M 1000DAN;MC13001;;;;CDFL;INVT;7;UN;2.891,26;BRL;1;7;23/03/2026;00:00:00;23/03/2026;0;7;0;0;10101060;320;R;1;4600002571;0,00;0;0;0,00;0;;CA;G;;;;;;;;;4500145238;ZF 1302603;X;19;;1006698    AMAZONPOSTES INDUSTRIA DE ARTEFATOS;2;;;;;310;30;;;;0;0;1006698    AMAZONPOSTES INDUSTRIA D;OA01;0;;7;7;0;0;0;5300000284;;;;;;UN;UN;0;0,00;0,00;20.238,79;0,00;0,00
1;NB;F;A03;;06/02/2026;401296;POSTE CONCRETO TRON CON 11M 600KGF;MC13001;;;;CDFL;INVT;80;UN;1.776,33;BRL;1;80;23/03/2026;00:00:00;23/03/2026;0;80;0;0;10101060;280;R;1;4600002571;0,00;0;0;0,00;0;;CA;G;;;;;;;;;4500145245;ZF 1302603;X;19;;1006698    AMAZONPOSTES INDUSTRIA DE ARTEFATOS;2;;;;;350;10;;;;0;0;1006698    AMAZONPOSTES INDUSTRIA D;OA01;0;;80;80;0;0;0;5300000287;;;;;;UN;UN;0;0,00;0,00;142.106,24;0,00;0,00
1;NB;F;A03;;06/02/2026;400995;POSTE CONCRETO DUPLO T 9M 1000DAN;MC13001;;;;CDFL;INVT;12;UN;1.405,72;BRL;1;12;23/03/2026;00:00:00;23/03/2026;0;12;0;0;10101060;210;R;1;4600002571;0,00;0;0;0,00;0;;CA;G;;;;;;;;;4500145245;ZF 1302603;X;19;;1006698    AMAZONPOSTES INDUSTRIA DE ARTEFATOS;2;;;;;330;20;;;;0;0;1006698    AMAZONPOSTES INDUSTRIA D;OA01;0;;12;12;0;0;0;5300014932;;;;;;UN;UN;0;0,00;0,00;16.868,64;0,00;0,00
1;NB;F;A03;;10/02/2026;402098;POSTE CONCRETO DUPLO T 13M 1000DAN;MC13001;;;;CDFL;INVT;18;UN;2.776,89;BRL;1;18;27/03/2026;00:00:00;27/03/2026;0;9;0;0;10101060;360;R;1;4600002571;24.991,99;9;9;24.991,99;0;;CA;G;;;;;;;;;4500145589;ZF 1302603;X;19;;1006698    AMAZONPOSTES INDUSTRIA DE ARTEFATOS;2;;;;;320;10;;;;0;0;1006698    AMAZONPOSTES INDUSTRIA D;OA01;0;;18;9;0;0;0;5300000294;;;;;;UN;UN;0;0,00;0,00;49.983,97;0,00;0,00
1;NB;F;A13;;10/02/2026;401127;POSTE CONCRETO ARM DUPL T 11M 600KGF;MC13001;;;;CDFL;INVT;119;UN;1.917,66;BRL;1;119;01/04/2026;00:00:00;01/04/2026;0;119;0;0;10101060;350;R;1;4600003099;0,00;0;0;0,00;0;;CA;G;;;;;;;;;4500145616;ZF 1302603;X;19;;1006698    AMAZONPOSTES INDUSTRIA DE ARTEFATOS;2;;;;;80;10;;;;0;0;1006698    AMAZONPOSTES INDUSTRIA D;OA01;0;;119;119;0;0;0;5300000280;;;;;;UN;UN;0;0,00;0,00;228.201,54;0,00;0,00
1;NB;F;GAE;;16/03/2026;401127;POSTE CONCRETO ARM DUPL T 11M 600KGF;MC13001;;;;CDFL;INVT;306;UN;1.798,00;BRL;1;306;20/04/2026;00:00:00;20/04/2026;0;0;0;0;10129067;10;R;1;4600003506;550.188,00;306;306;550.188,00;0;;C0;G;;;;;;;;;4500149676;ZF 1302603;X;19;;1006698    AMAZONPOSTES INDUSTRIA DE ARTEFATOS;2;;;;;10;10;;;;0;0;1006698    AMAZONPOSTES INDUSTRIA D;OA01;0;;306;0;0;0;0;5300000280;;;;;;UN;UN;0;0,00;0,00;550.188,00;0,00;0,00
1;NB;F;GAE;;24/03/2026;400228;POSTE CONCRETO CIRC 9M 300DAN;MC13001;;;;CDFL;INVT;14;UN;1.032,38;BRL;1;14;08/05/2026;00:00:00;08/05/2026;0;0;0;0;10127955;10;R;1;4600003522;14.453,32;14;14;14.453,32;0;;CA;G;;;;;;;;;4500150174;ZF 1302603;X;19;;1006698    AMAZONPOSTES INDUSTRIA DE ARTEFATOS;2;;;;;10;10;;;;0;0;1006698    AMAZONPOSTES INDUSTRIA D;OA01;0;;14;0;0;0;0;5300000278;;;;;;UN;UN;0;0,00;0,00;14.453,32;0,00;0,00
1;NB;F;GAE;;24/03/2026;401252;POSTE CONCRETO TRON CON 13M 600DAN;MC13001;;;;CDFL;INVT;20;UN;2.788,00;BRL;1;20;08/05/2026;00:00:00;08/05/2026;0;0;0;0;10127955;20;R;1;4600003522;55.760,00;20;20;55.760,00;0;;CA;G;;;;;;;;;4500150174;ZF 1302603;X;19;;1006698    AMAZONPOSTES INDUSTRIA DE ARTEFATOS;2;;;;;20;20;;;;0;0;1006698    AMAZONPOSTES INDUSTRIA D;OA01;0;;20;0;0;0;0;5300000283;;;;;;UN;UN;0;0,00;0,00;55.760,00;0,00;0,00
1;NB;F;GAE;;24/03/2026;408159;POSTE CONC ARM DUPL T 12M 300KGF;MC13001;;;;CDFL;INVT;5;UN;1.594,95;BRL;1;5;08/05/2026;00:00:00;08/05/2026;0;0;0;0;10127955;70;R;1;4600003522;7.974,75;5;5;7.974,75;0;;CA;G;;;;;;;;;4500150174;ZF 1302603;X;19;;1006698    AMAZONPOSTES INDUSTRIA DE ARTEFATOS;2;;;;;70;30;;;;0;0;1006698    AMAZONPOSTES INDUSTRIA D;OA01;0;;5;0;0;0;0;5300015178;;;;;;UN;UN;0;0,00;0,00;7.974,75;0,00;0,00
1;NB;F;GAE;;24/03/2026;402188;POSTE CONCRETO TRON CON 11M 300KGF;MC13001;;;;CDFL;INVT;10;UN;1.627,50;BRL;1;10;08/05/2026;00:00:00;08/05/2026;0;0;0;0;10127955;30;R;1;4600003522;16.275,00;10;10;16.275,00;0;;CA;G;;;;;;;;;4500150174;ZF 1302603;X;19;;1006698    AMAZONPOSTES INDUSTRIA DE ARTEFATOS;2;;;;;30;40;;;;0;0;1006698    AMAZONPOSTES INDUSTRIA D;OA01;0;;10;0;0;0;0;5300000286;;;;;;UN;UN;0;0,00;0,00;16.275,00;0,00;0,00
1;NB;F;GAE;;24/03/2026;402526;POSTE CONC DUPL T 13/400;MC13001;;;;CDFL;INVT;3;UN;1.641,60;BRL;1;3;08/05/2026;00:00:00;08/05/2026;0;0;0;0;10127955;40;R;1;4600003522;4.924,80;3;3;4.924,80;0;;CA;G;;;;;;;;;4500150174;ZF 1302603;X;19;;1006698    AMAZONPOSTES INDUSTRIA DE ARTEFATOS;2;;;;;40;50;;;;0;0;1006698    AMAZONPOSTES INDUSTRIA D;OA01;0;;3;0;0;0;0;5300000293;;;;;;UN;UN;0;0,00;0,00;4.924,80;0,00;0,00
1;NB;F;GAE;;24/03/2026;402533;POSTE CONC DUPL T 11/1000;MC13001;;;;CDFL;INVT;50;UN;2.028,00;BRL;1;50;08/05/2026;00:00:00;08/05/2026;0;0;0;0;10127955;50;R;1;4600003522;101.400,00;50;50;101.400,00;0;;CA;G;;;;;;;;;4500150174;ZF 1302603;X;19;;1006698    AMAZONPOSTES INDUSTRIA DE ARTEFATOS;2;;;;;50;60;;;;0;0;1006698    AMAZONPOSTES INDUSTRIA D;OA01;0;;50;0;0;0;0;5300000291;;;;;;UN;UN;0;0,00;0,00;101.400,00;0,00;0,00
1;NB;F;GAE;;24/03/2026;402624;POSTE CONC DUPL T 13/600;MC13001;;;;CDFL;INVT;40;UN;1.848,00;BRL;1;40;08/05/2026;00:00:00;08/05/2026;0;0;0;0;10127955;60;R;1;4600003522;73.920,00;40;40;73.920,00;0;;CA;G;;;;;;;;;4500150174;ZF 1302603;X;19;;1006698    AMAZONPOSTES INDUSTRIA DE ARTEFATOS;2;;;;;60;70;;;;0;0;1006698    AMAZONPOSTES INDUSTRIA D;OA01;0;;40;0;0;0;0;5300000292;;;;;;UN;UN;0;0,00;0,00;73.920,00;0,00;0,00
1;NB;F;A03;;16/01/2026;401574;BRACO ANTIBALANCO PA PT 15KV 320MM;MC12002;;;;CDFL;INVT;455;UN;18,55;BRL;1;455;26/04/2026;00:00:00;24/03/2026;0;0;0;0;10098868;40;R;1;4600003024;8.441,84;455;455;8.441,84;0;;C1;G;;;;;;;;;4500143382;ZF 1302603;X;19;;1007001    TECFIBRAS INDUSTRIA E COMERCIO IMPO;2;;;;;40;10;;;;0;0;1007001    TECFIBRAS INDUSTRIA E CO;OA01;0;;455;0;0;0;0;5300031389;;;;;;UN;UN;0;0,00;0,00;8.441,84;0,00;0,00
1;NB;F;A03;;16/01/2026;404084;ESPACADOR LOSANG CLASSE 15KV C/ GARRAS;MC12002;;;;CDFL;INVT;6.996;UN;18,55;BRL;1;6.996;26/04/2026;00:00:00;24/03/2026;0;6.124;0;0;10098868;20;R;1;4600003024;16.178,65;872;872;16.178,65;0;;C1;G;;;;;;;;;4500143382;ZF 1302603;X;19;;1007001    TECFIBRAS INDUSTRIA E COMERCIO IMPO;2;;;;;20;20;;;;0;0;1007001    TECFIBRAS INDUSTRIA E CO;OA01;0;;6.996;6.124;0;0;0;5300026433;;;;;;UN;UN;0;0,00;0,00;129.800,29;0,00;0,00
1;NB;F;A03;;16/01/2026;803452;ESPACADOR LOSANG CLASSE 15KV C/ GARRAS;MC12002;;;;CDFL;CUST;547;UN;18,13;BRL;1;547;26/04/2026;00:00:00;24/03/2026;0;0;0;0;10098868;10;R;1;4600003024;9.919,84;547;547;9.919,84;0;;C1;G;;;;;;;;;4500143382;ZF 1302603;X;19;;1007001    TECFIBRAS INDUSTRIA E COMERCIO IMPO;2;;;;;10;30;;;;0;0;1007001    TECFIBRAS INDUSTRIA E CO;OA01;0;;547;0;0;0;0;5300026434;;;;;;UN;UN;0;0,00;0,00;9.919,84;0,00;0,00
1;NB;F;GAE;;22/01/2026;407355;CRUZETA POL FBV/RES 2400X112,5X90MM DAT;MC12001;;;;CDFL;INVT;517;UN;151,12;BRL;1;517;04/04/2026;00:00:00;23/03/2026;0;0;0;0;10099953;10;R;1;4600003045;78.131,62;517;517;78.131,62;0;;C1;G;;;;;;;;;4500144240;ZF 1302603;X;19;;1007001    TECFIBRAS INDUSTRIA E COMERCIO IMPO;2;;;;;10;10;;;;0;0;1007001    TECFIBRAS INDUSTRIA E CO;OA01;0;;517;0;0;0;0;5300010590;;;;;;UN;UN;0;0,00;0,00;78.131,62;0,00;0,00
1;NB;F;GAE;;22/01/2026;401959;CRUZETA POL FBV/RES PES 2400X112,5X90MM;MC12001;;;;CDFL;INVT;420;UN;162,50;BRL;1;420;04/04/2026;00:00:00;23/03/2026;0;0;0;0;10099953;20;R;1;4600003045;68.250,00;420;420;68.250,00;0;;C0;G;;;;;;;;;4500144240;ZF 1302603;X;19;;1007001    TECFIBRAS INDUSTRIA E COMERCIO IMPO;2;;;;;20;20;;;;0;0;1007001    TECFIBRAS INDUSTRIA E CO;OA01;0;;420;0;0;0;0;5300003480;;;;;;UN;UN;0;0,00;0,00;68.250,00;0,00;0,00
1;NB;F;GAE;;22/01/2026;401547;CRUZETA POL PE/FBN 90X112,5X2400MM;MC12001;;;;CDFL;INVT;507;UN;230,17;BRL;1;507;04/04/2026;00:00:00;23/03/2026;0;0;0;0;10099953;30;R;1;4600003045;116.698,72;507;507;116.698,72;0;;A1;G;;;;;;;;;4500144240;ZF 1302603;X;19;;1007001    TECFIBRAS INDUSTRIA E COMERCIO IMPO;2;;;;;30;30;;;;0;0;1007001    TECFIBRAS INDUSTRIA E CO;OA01;0;;507;0;0;0;0;5300000035;;;;;;UN;UN;0;0,00;0,00;116.698,72;0,00;0,00
1;NB;F;GAE;;22/01/2026;800847;CRUZETA POL PE/FBN 90X112,5X2400MM;MC12001;;;;CDFL;CUST;1.195;UN;230,17;BRL;1;1.195;04/04/2026;00:00:00;23/03/2026;0;0;0;0;10099954;40;R;1;4600003045;275.059,12;1.195;1.195;275.059,12;0;;C1;G;;;;;;;;;4500144260;ZF 1302603;X;19;;1007001    TECFIBRAS INDUSTRIA E COMERCIO IMPO;2;;;;;70;10;;;;0;0;1007001    TECFIBRAS INDUSTRIA E CO;OA01;0;;1.195;0;0;0;0;5300000342;;;;;;UN;UN;0;0,00;0,00;275.059,12;0,00;0,00
1;NB;F;GAE;;30/01/2026;800847;CRUZETA POL PE/FBN 90X112,5X2400MM;MC12001;;;;CDFL;CUST;1.195;UN;230,17;BRL;1;1.195;04/05/2026;00:00:00;23/05/2026;0;0;0;0;10099954;40;R;1;4600003045;275.059,12;1.195;1.195;275.059,12;0;;C1;G;;;;;;;;;4500144260;ZF 1302603;X;19;;1007001    TECFIBRAS INDUSTRIA E COMERCIO IMPO;2;;;;;70;20;;;;0;0;1007001    TECFIBRAS INDUSTRIA E CO;OA01;0;;1.195;0;0;0;0;5300000342;;;;;;UN;UN;0;0,00;0,00;275.059,12;0,00;0,00
1;NB;F;A12;;22/01/2026;403161;PONTALETE FBV 100MM 6M;MC02201;;;;CDFL;INVT;780;UN;276,00;BRL;1;780;28/02/2026;00:00:00;28/02/2026;0;780;0;0;10118053;10;R;1;4600003439;0,00;0;0;0,00;0;;C1;G;;;;;;;;;4500144461;ZF 1302603;X;19;;1007001    TECFIBRAS INDUSTRIA E COMERCIO IMPO;2;;;;;20;10;;;;0;0;1007001    TECFIBRAS INDUSTRIA E CO;OA01;0;;780;780;0;0;0;5300003506;;;;;;UN;UN;0;0,00;0,00;215.276,96;0,00;0,00
1;NB;F;A03;;16/01/2026;400930;PARAFUSO CAB ABA AC 10MM 115MM;MC01301;;;;CDFL;INVT;9.106;UN;2,22;BRL;1;9.106;30/04/2026;00:00:00;03/04/2026;0;0;0;0;10100435;140;R;1;4600003060;20.193,47;9.106;9.106;20.193,47;0;;C1;G;;;;;;;;;4500143290;ZF 1302603;X;19;;1007262    CENTROACO INDUSTRIA E COMERCIO DE A;2;;;;;140;10;;;;0;0;1007262    CENTROACO INDUSTRIA E CO;OA01;0;;9.106;0;0;0;0;5300001376;;;;;;UN;UN;0;0,00;0,00;20.193,47;0,00;0,00
1;NB;F;A03;;16/01/2026;801064;PARAFUSO CAB ABA AC 10MM 115MM;MC01301;;;;CDFL;CUST;2.842;UN;2,22;BRL;1;2.842;30/04/2026;00:00:00;03/04/2026;0;0;0;0;10100435;20;R;1;4600003060;6.302,42;2.842;2.842;6.302,42;0;;C1;G;;;;;;;;;4500143290;ZF 1302603;X;19;;1007262    CENTROACO INDUSTRIA E COMERCIO DE A;2;;;;;20;20;;;;0;0;1007262    CENTROACO INDUSTRIA E CO;OA01;0;;2.842;0;0;0;0;5300026637;;;;;;UN;UN;0;0,00;0,00;6.302,42;0,00;0,00
1;NB;F;A03;;16/01/2026;401086;PARAFUSO CAB QD MAQ AC 5/8X6P;MC01301;;;;CDFL;INVT;13;UN;6,82;BRL;1;13;30/04/2026;00:00:00;03/04/2026;0;0;0;0;10100435;210;R;1;4600003060;88,66;13;13;88,66;0;;C1;G;;;;;;;;;4500143290;ZF 1302603;X;19;;1007262    CENTROACO INDUSTRIA E COMERCIO DE A;2;;;;;210;30;;;;0;0;1007262    CENTROACO INDUSTRIA E CO;OA01;0;;13;0;0;0;0;5300028235;;;;;;UN;UN;0;0,00;0,00;88,66;0,00;0,00
1;NB;F;A03;;16/01/2026;801191;PARAFUSO CAB QD MAQ AC 5/8X6P;MC01301;;;;CDFL;CUST;5;UN;6,82;BRL;1;5;30/04/2026;00:00:00;03/04/2026;0;0;0;0;10100435;110;R;1;4600003060;34,10;5;5;34,10;0;;C1;G;;;;;;;;;4500143290;ZF 1302603;X;19;;1007262    CENTROACO INDUSTRIA E COMERCIO DE A;2;;;;;110;40;;;;0;0;1007262    CENTROACO INDUSTRIA E CO;OA01;0;;5;0;0;0;0;5300031382;;;;;;UN;UN;0;0,00;0,00;34,10;0,00;0,00
1;NB;F;A03;;16/01/2026;800520;PARAFUSO CAB QD MAQ AC 5/8X16P;MC01301;;;;CDFL;CUST;122;UN;14,74;BRL;1;122;30/04/2026;00:00:00;03/04/2026;0;0;0;0;10100435;100;R;1;4600003060;1.798,28;122;122;1.798,28;0;;C1;G;;;;;;;;;4500143290;ZF 1302603;X;19;;1007262    CENTROACO INDUSTRIA E COMERCIO DE A;2;;;;;100;50;;;;0;0;1007262    CENTROACO INDUSTRIA E CO;OA01;0;;122;0;0;0;0;5300031383;;;;;;UN;UN;0;0,00;0,00;1.798,28;0,00;0,00
1;NB;F;A03;;16/01/2026;401239;PARAFUSO CAB QD AC 16MM 450MM;MC01301;;;;CDFL;INVT;5.505;UN;19,40;BRL;1;5.505;30/04/2026;00:00:00;03/04/2026;0;0;0;0;10100435;150;R;1;4600003060;106.819,02;5.505;5.505;106.819,02;0;;C1;G;;;;;;;;;4500143290;ZF 1302603;X;19;;1007262    CENTROACO INDUSTRIA E COMERCIO DE A;2;;;;;150;70;;;;0;0;1007262    CENTROACO INDUSTRIA E CO;OA01;0;;5.505;0;0;0;0;5300001381;;;;;;UN;UN;0;0,00;0,00;106.819,02;0,00;0,00
1;NB;F;A03;;16/01/2026;800922;PARAFUSO CAB QD AC 16MM 450MM;MC01301;;;;CDFL;CUST;2.132;UN;19,40;BRL;1;2.132;30/04/2026;00:00:00;03/04/2026;0;0;0;0;10100435;30;R;1;4600003060;41.369,33;2.132;2.132;41.369,33;0;;C1;G;;;;;;;;;4500143290;ZF 1302603;X;19;;1007262    CENTROACO INDUSTRIA E COMERCIO DE A;2;;;;;30;80;;;;0;0;1007262    CENTROACO INDUSTRIA E CO;OA01;0;;2.132;0;0;0;0;5300029697;;;;;;UN;UN;0;0,00;0,00;41.369,33;0,00;0,00
1;NB;F;A03;;16/01/2026;401155;PARAFUSO CAB QD AC 16MM 500MM;MC01301;;;;CDFL;INVT;1.290;UN;17,59;BRL;1;1.290;30/04/2026;00:00:00;03/04/2026;0;0;0;0;10100435;160;R;1;4600003060;22.692,65;1.290;1.290;22.692,65;0;;C1;G;;;;;;;;;4500143290;ZF 1302603;X;19;;1007262    CENTROACO INDUSTRIA E COMERCIO DE A;2;;;;;160;90;;;;0;0;1007262    CENTROACO INDUSTRIA E CO;OA01;0;;1.290;0;0;0;0;5300003068;;;;;;UN;UN;0;0,00;0,00;22.692,65;0,00;0,00
1;NB;F;A03;;16/01/2026;800118;PARAFUSO CAB QD AC 16MM 500MM;MC01301;;;;CDFL;CUST;226;UN;17,59;BRL;1;226;30/04/2026;00:00:00;03/04/2026;0;0;0;0;10100435;40;R;1;4600003060;3.975,61;226;226;3.975,61;0;;C1;G;;;;;;;;;4500143290;ZF 1302603;X;19;;1007262    CENTROACO INDUSTRIA E COMERCIO DE A;2;;;;;40;100;;;;0;0;1007262    CENTROACO INDUSTRIA E CO;OA01;0;;226;0;0;0;0;5300027520;;;;;;UN;UN;0;0,00;0,00;3.975,61;0,00;0,00
1;NB;F;A03;;16/01/2026;401706;PARAFUSO CAB QD AC 16MM 2P 350MM;MC01301;;;;CDFL;INVT;199;UN;12,31;BRL;1;199;30/04/2026;00:00:00;03/04/2026;0;0;0;0;10100435;180;R;1;4600003060;2.449,93;199;199;2.449,93;0;;C1;G;;;;;;;;;4500143290;ZF 1302603;X;19;;1007262    CENTROACO INDUSTRIA E COMERCIO DE A;2;;;;;180;110;;;;0;0;1007262    CENTROACO INDUSTRIA E CO;OA01;0;;199;0;0;0;0;5300003070;;;;;;UN;UN;0;0,00;0,00;2.449,93;0,00;0,00
1;NB;F;A03;;16/01/2026;801391;PARAFUSO CAB QD AC 16MM 2P 350MM;MC01301;;;;CDFL;CUST;426;UN;12,31;BRL;1;426;30/04/2026;00:00:00;03/04/2026;0;0;0;0;10100435;60;R;1;4600003060;5.244,57;426;426;5.244,57;0;;C1;G;;;;;;;;;4500143290;ZF 1302603;X;19;;1007262    CENTROACO INDUSTRIA E COMERCIO DE A;2;;;;;60;120;;;;0;0;1007262    CENTROACO INDUSTRIA E CO;OA01;0;;426;0;0;0;0;5300027519;;;;;;UN;UN;0;0,00;0,00;5.244,57;0,00;0,00
1;NB;F;A03;;16/01/2026;401131;PARAFUSO CAB QD AC 16MM 225MM 300MM;MC01301;;;;CDFL;INVT;27.232;UN;10,54;BRL;1;27.232;30/04/2026;00:00:00;03/04/2026;0;0;0;0;10100435;130;R;1;4600003060;287.090,64;27.232;27.232;287.090,64;0;;C1;G;;;;;;;;;4500143290;ZF 1302603;X;19;;1007262    CENTROACO INDUSTRIA E COMERCIO DE A;2;;;;;130;130;;;;0;0;1007262    CENTROACO INDUSTRIA E CO;OA01;0;;27.232;0;0;0;0;5300001380;;;;;;UN;UN;0;0,00;0,00;287.090,64;0,00;0,00
1;NB;F;A03;;16/01/2026;400951;PARAFUSO MAQ CAB QD AC 5/8X24P;MC01301;;;;CDFL;INVT;87;UN;25,18;BRL;1;87;30/04/2026;00:00:00;03/04/2026;0;0;0;0;10100435;200;R;1;4600003060;2.190,38;87;87;2.190,38;0;;C1;G;;;;;;;;;4500143290;ZF 1302603;X;19;;1007262    CENTROACO INDUSTRIA E COMERCIO DE A;2;;;;;200;140;;;;0;0;1007262    CENTROACO INDUSTRIA E CO;OA01;0;;87;0;0;0;0;5300001393;;;;;;UN;UN;0;0,00;0,00;2.190,38;0,00;0,00
1;NB;F;A03;;16/01/2026;401485;BRACO SUPORTE TIPO C 580X365MM 851/6;MC12002;;;;CDFL;INVT;144;UN;116,12;BRL;1;144;03/04/2026;00:00:00;03/04/2026;0;0;0;0;10101048;50;R;1;4600003077;16.721,97;144;144;16.721,97;0;;C1;G;;;;;;;;;4500143335;ZF 1302603;X;19;;1007262    CENTROACO INDUSTRIA E COMERCIO DE A;2;;;;;40;10;;;;0;0;1007262    CENTROACO INDUSTRIA E CO;OA01;0;;144;0;0;0;0;5300001383;;;;;;UN;UN;0;0,00;0,00;16.721,97;0,00;0,00
1;NB;F;A03;;16/01/2026;800256;BRACO SUPORTE TIPO C 580X365MM 851/6;MC12002;;;;CDFL;CUST;154;UN;116,12;BRL;1;154;03/04/2026;00:00:00;03/04/2026;0;0;0;0;10101048;250;R;1;4600003077;17.883,22;154;154;17.883,22;0;;C1;G;;;;;;;;;4500143335;ZF 1302603;X;19;;1007262    CENTROACO INDUSTRIA E COMERCIO DE A;2;;;;;220;20;;;;0;0;1007262    CENTROACO INDUSTRIA E CO;OA01;0;;154;0;0;0;0;5300027512;;;;;;UN;UN;0;0,00;0,00;17.883,22;0,00;0,00
1;NB;F;A03;;16/01/2026;403931;BRAÇO SUPORTE TIPO L HORIZONTAL  15 KV;MC12002;;;;CDFL;INVT;40;UN;99,91;BRL;1;40;03/04/2026;00:00:00;03/04/2026;0;0;0;0;10101048;130;R;1;4600003077;3.996,26;40;40;3.996,26;0;;C1;G;;;;;;;;;4500143335;ZF 1302603;X;19;;1007262    CENTROACO INDUSTRIA E COMERCIO DE A;2;;;;;110;30;;;;0;0;1007262    CENTROACO INDUSTRIA E CO;OA01;0;;40;0;0;0;0;5300026733;;;;;;UN;UN;0;0,00;0,00;3.996,26;0,00;0,00
1;NB;F;A03;;16/01/2026;802303;BRAÇO SUPORTE TIPO L HORIZONTAL  15 KV;MC25001;;;;CDFL;CUST;31;UN;99,91;BRL;1;31;03/04/2026;00:00:00;03/04/2026;0;0;0;0;10101048;320;R;1;4600003077;3.097,10;31;31;3.097,10;0;;C1;G;;;;;;;;;4500143335;ZF 1302603;X;19;;1007262    CENTROACO INDUSTRIA E COMERCIO DE A;2;;;;;280;40;;;;0;0;1007262    CENTROACO INDUSTRIA E CO;OA01;0;;31;0;0;0;0;5300026737;;;;;;UN;UN;0;0,00;0,00;3.097,10;0,00;0,00
1;NB;F;A03;;16/01/2026;404972;BRACO TIPO J;MC12002;;;;CDFL;INVT;30;UN;420,07;BRL;1;30;03/04/2026;00:00:00;03/04/2026;0;0;0;0;10101048;150;R;1;4600003077;12.602,04;30;30;12.602,04;0;;C1;G;;;;;;;;;4500143335;ZF 1302603;X;19;;1007262    CENTROACO INDUSTRIA E COMERCIO DE A;2;;;;;130;50;;;;0;0;1007262    CENTROACO INDUSTRIA E CO;OA01;0;;30;0;0;0;0;5300026735;;;;;;UN;UN;0;0,00;0,00;12.602,04;0,00;0,00
1;NB;F;A03;;16/01/2026;402106;BRACO L A1010/1020 3/8P16P;MC12002;;;;CDFL;INVT;771;UN;62,20;BRL;1;771;03/04/2026;00:00:00;03/04/2026;0;0;0;0;10101048;30;R;1;4600003077;47.954,97;771;771;47.954,97;0;;C1;G;;;;;;;;;4500143335;ZF 1302603;X;19;;1007262    CENTROACO INDUSTRIA E COMERCIO DE A;2;;;;;20;60;;;;0;0;1007262    CENTROACO INDUSTRIA E CO;OA01;0;;771;0;0;0;0;5300001384;;;;;;UN;UN;0;0,00;0,00;47.954,97;0,00;0,00
1;NB;F;A03;;16/01/2026;800473;BRACO L A1010/1020 3/8P16P;MC12002;;;;CDFL;CUST;23;UN;62,20;BRL;1;23;21/04/2026;00:00:00;03/04/2026;0;0;0;0;10101048;230;R;1;4600003077;1.430,56;23;23;1.430,56;0;;C1;G;;;;;;;;;4500143335;ZF 1302603;X;19;;1007262    CENTROACO INDUSTRIA E COMERCIO DE A;2;;;;;200;70;;;;0;0;1007262    CENTROACO INDUSTRIA E CO;OA01;0;;23;0;0;0;0;5300027511;;;;;;UN;UN;0;0,00;0,00;1.430,56;0,00;0,00
1;NB;F;A03;;16/01/2026;402373;ESTRIBO BRACO L-EST-01 FOFO 200DAN;MC12002;;;;CDFL;INVT;590;UN;8,24;BRL;1;590;21/04/2026;00:00:00;03/04/2026;0;0;0;0;10101048;40;R;1;4600003077;4.859,71;590;590;4.859,71;0;;C1;G;;;;;;;;;4500143335;ZF 1302603;X;19;;1007262    CENTROACO INDUSTRIA E COMERCIO DE A;2;;;;;30;90;;;;0;0;1007262    CENTROACO INDUSTRIA E CO;OA01;0;;590;0;0;0;0;5300031385;;;;;;UN;UN;0;0,00;0,00;4.859,71;0,00;0,00
1;NB;F;A03;;16/01/2026;800352;ESTRIBO BRACO L-EST-01 FOFO 200DAN;MC12002;;;;CDFL;CUST;95;UN;8,24;BRL;1;95;21/04/2026;00:00:00;03/04/2026;0;0;0;0;10101048;240;R;1;4600003077;782,50;95;95;782,50;0;;C1;G;;;;;;;;;4500143335;ZF 1302603;X;19;;1007262    CENTROACO INDUSTRIA E COMERCIO DE A;2;;;;;210;100;;;;0;0;1007262    CENTROACO INDUSTRIA E CO;OA01;0;;95;0;0;0;0;5300027513;;;;;;UN;UN;0;0,00;0,00;782,50;0,00;0,00
1;NB;F;A03;;16/01/2026;800392;FIXADOR PERFIL U AC 150DAN 300DAN;MC10701;;;;CDFL;CUST;39;UN;18,50;BRL;1;39;21/04/2026;00:00:00;03/04/2026;0;0;0;0;10101048;270;R;1;4600003077;721,41;39;39;721,41;0;;C1;G;;;;;;;;;4500143335;ZF 1302603;X;19;;1007262    CENTROACO INDUSTRIA E COMERCIO DE A;2;;;;;240;110;;;;0;0;1007262    CENTROACO INDUSTRIA E CO;OA01;0;;39;0;0;0;0;5300026736;;;;;;UN;UN;0;0,00;0,00;721,41;0,00;0,00
1;NB;F;A03;;16/01/2026;404719;FIXADOR PERFIL U AC 150DAN 300DAN;MC10701;;;;CDFL;INVT;168;UN;18,50;BRL;1;168;21/04/2026;00:00:00;03/04/2026;0;0;0;0;10101048;70;R;1;4600003077;3.107,60;168;168;3.107,60;0;;C1;G;;;;;;;;;4500143335;ZF 1302603;X;19;;1007262    CENTROACO INDUSTRIA E COMERCIO DE A;2;;;;;60;120;;;;0;0;1007262    CENTROACO INDUSTRIA E CO;OA01;0;;168;0;0;0;0;5300026734;;;;;;UN;UN;0;0,00;0,00;3.107,60;0,00;0,00
1;NB;F;A03;;16/01/2026;401844;PERFIL U PARA REDE COMPACTA;MC01206;;;;CDFL;INVT;200;UN;110,49;BRL;1;200;21/04/2026;00:00:00;03/04/2026;0;0;0;0;10101048;80;R;1;4600003077;22.098,56;200;200;22.098,56;0;;C1;G;;;;;;;;;4500143335;ZF 1302603;X;19;;1007262    CENTROACO INDUSTRIA E COMERCIO DE A;2;;;;;70;140;;;;0;0;1007262    CENTROACO INDUSTRIA E CO;OA01;0;;200;0;0;0;0;5300001391;;;;;;UN;UN;0;0,00;0,00;22.098,56;0,00;0,00
1;NB;F;A03;;16/01/2026;801256;PERFIL U AC 76X900MM REDE COMPACTA;MC10701;;;;CDFL;CUST;87;UN;110,49;BRL;1;87;21/04/2026;00:00:00;03/04/2026;0;0;0;0;10101048;340;R;1;4600003077;9.612,87;87;87;9.612,87;0;;C1;G;;;;;;;;;4500143335;ZF 1302603;X;19;;1007262    CENTROACO INDUSTRIA E COMERCIO DE A;2;;;;;290;150;;;;0;0;1007262    CENTROACO INDUSTRIA E CO;OA01;0;;87;0;0;0;0;5300027514;;;;;;UN;UN;0;0,00;0,00;9.612,87;0,00;0,00
1;NB;F;A03;;16/01/2026;803100;SUPORTE AFAST HORIZ C/PRENSA REDE 15KV;MC12002;;;;CDFL;CUST;26;UN;267,10;BRL;1;26;21/04/2026;00:00:00;03/04/2026;0;0;0;0;10101048;290;R;1;4600003077;6.944,54;26;26;6.944,54;0;;C1;G;;;;;;;;;4500143335;ZF 1302603;X;19;;1007262    CENTROACO INDUSTRIA E COMERCIO DE A;2;;;;;260;170;;;;0;0;1007262    CENTROACO INDUSTRIA E CO;OA01;0;;26;0;0;0;0;5300027161;;;;;;UN;UN;0;0,00;0,00;6.944,54;0,00;0,00
1;NB;F;A03;;16/01/2026;402017;SUPORTE TRANSF POSTE DUP T AC 210X125MM;MC12002;;;;CDFL;INVT;38;UN;124,99;BRL;1;38;21/04/2026;00:00:00;03/04/2026;0;0;0;0;10101048;110;R;1;4600003077;4.749,48;38;38;4.749,48;0;;C1;G;;;;;;;;;4500143335;ZF 1302603;X;19;;1007262    CENTROACO INDUSTRIA E COMERCIO DE A;2;;;;;100;180;;;;0;0;1007262    CENTROACO INDUSTRIA E CO;OA01;0;;38;0;0;0;0;5300027510;;;;;;UN;UN;0;0,00;0,00;4.749,48;0,00;0,00
1;NB;F;A03;;16/01/2026;801386;SUPORTE TRANSF POSTE DUP T AC 210X125MM;MC12002;;;;CDFL;CUST;15;UN;124,99;BRL;1;15;21/04/2026;00:00:00;03/04/2026;0;0;0;0;10101048;300;R;1;4600003077;1.874,80;15;15;1.874,80;0;;C1;G;;;;;;;;;4500143335;ZF 1302603;X;19;;1007262    CENTROACO INDUSTRIA E COMERCIO DE A;2;;;;;270;190;;;;0;0;1007262    CENTROACO INDUSTRIA E CO;OA01;0;;15;0;0;0;0;5300027515;;;;;;UN;UN;0;0,00;0,00;1.874,80;0,00;0,00
1;NB;F;A03;;16/01/2026;401657;MAO FRANCESA BECO AC 2135MM 35MMX5MM;MC10701;;;;CDFL;INVT;33;UN;105,00;BRL;1;33;03/04/2026;00:00:00;03/04/2026;0;0;0;0;10101048;90;R;1;4600003077;3.465,05;33;33;3.465,05;0;;C1;G;;;;;;;;;4500143335;ZF 1302603;X;19;;1007262    CENTROACO INDUSTRIA E COMERCIO DE A;2;;;;;80;220;;;;0;0;1007262    CENTROACO INDUSTRIA E CO;OA01;0;;33;0;0;0;0;5300012588;;;;;;UN;UN;0;0,00;0,00;3.465,05;0,00;0,00
1;NB;F;A03;;16/01/2026;800991;MAO FRANCESA BECO AC 2135MM 35MMX5MM;MC10701;;;;CDFL;CUST;134;UN;105,00;BRL;1;134;21/04/2026;00:00:00;03/04/2026;0;0;0;0;10101048;280;R;1;4600003077;14.070,21;134;134;14.070,21;0;;C1;G;;;;;;;;;4500143335;ZF 1302603;X;19;;1007262    CENTROACO INDUSTRIA E COMERCIO DE A;2;;;;;250;230;;;;0;0;1007262    CENTROACO INDUSTRIA E CO;OA01;0;;134;0;0;0;0;5300015017;;;;;;UN;UN;0;0,00;0,00;14.070,21;0,00;0,00
1;NB;F;A03;;16/01/2026;402875;SUPORTE TIPO T PARA CHAVE/PARA-RAIO;MC12002;;;;CDFL;INVT;22;UN;76,34;BRL;1;22;21/04/2026;00:00:00;03/04/2026;0;0;0;0;10101048;190;R;1;4600003077;1.679,48;22;22;1.679,48;0;;C1;G;;;;;;;;;4500143335;ZF 1302603;X;19;;1007262    CENTROACO INDUSTRIA E COMERCIO DE A;2;;;;;170;240;;;;0;0;1007262    CENTROACO INDUSTRIA E CO;OA01;0;;22;0;0;0;0;5300030819;;;;;;UN;UN;0;0,00;0,00;1.679,48;0,00;0,00
1;NB;F;A03;;13/02/2026;401435;ALCA PREFORM CA/CAA 2AWG 6/1P 2AWG 625MM;MC11001;;;;CDFL;INVT;3.000;UN;3,29;BRL;1;3.000;14/04/2026;00:00:00;14/04/2026;0;0;0;0;10099357;30;R;1;4600003028;9.876,60;3.000;3.000;9.876,60;0;;C1;G;;;;;;;;;4500146591;ZF 1302603;X;19;;1007593    MACLEAN POWER SYSTEMS DO BRASIL LTD;2;;;;;30;10;;;;0;0;1007593    MACLEAN POWER SYSTEMS DO;OA01;0;;3.000;0;0;0;0;5300000384;;;;;;UN;UN;0;0,00;0,00;9.876,60;0,00;0,00
1;NB;F;A03;;13/02/2026;800794;ALCA PREFORM CA/CAA 2AWG 6/1P 2AWG 625MM;MC11001;;;;CDFL;CUST;40;UN;3,29;BRL;1;40;14/04/2026;00:00:00;14/04/2026;0;0;0;0;10099357;20;R;1;4600003028;131,69;40;40;131,69;0;;C1;G;;;;;;;;;4500146591;ZF 1302603;X;19;;1007593    MACLEAN POWER SYSTEMS DO BRASIL LTD;2;;;;;20;20;;;;0;0;1007593    MACLEAN POWER SYSTEMS DO;OA01;0;;40;0;0;0;0;5300000449;;;;;;UN;UN;0;0,00;0,00;131,69;0,00;0,00
1;NB;F;A03;;13/02/2026;400366;ALCA PREFORM DIST 4/0 AWG 120MM2;MC11001;;;;CDFL;INVT;505;UN;10,51;BRL;1;505;14/04/2026;00:00:00;14/04/2026;0;0;0;0;10099357;60;R;1;4600003028;5.307,04;505;505;5.307,04;0;;C1;G;;;;;;;;;4500146591;ZF 1302603;X;19;;1007593    MACLEAN POWER SYSTEMS DO BRASIL LTD;2;;;;;60;30;;;;0;0;1007593    MACLEAN POWER SYSTEMS DO;OA01;0;;505;0;0;0;0;5300026294;;;;;;UN;UN;0;0,00;0,00;5.307,04;0,00;0,00
1;NB;F;A03;;13/02/2026;801199;ALCA PREFORM DIST 4/0 AWG 120MM2;MC11001;;;;CDFL;CUST;493;UN;10,51;BRL;1;493;14/04/2026;00:00:00;14/04/2026;0;0;0;0;10099357;50;R;1;4600003028;5.180,94;493;493;5.180,94;0;;C1;G;;;;;;;;;4500146591;ZF 1302603;X;19;;1007593    MACLEAN POWER SYSTEMS DO BRASIL LTD;2;;;;;50;40;;;;0;0;1007593    MACLEAN POWER SYSTEMS DO;OA01;0;;493;0;0;0;0;5300026295;;;;;;UN;UN;0;0,00;0,00;5.180,94;0,00;0,00
1;NB;F;A03;;13/02/2026;401753;ALCA PREFORM DIST CAA/CA 1/0AWG 50MM2;MC11001;;;;CDFL;INVT;1.150;UN;4,82;BRL;1;1.150;14/04/2026;00:00:00;14/04/2026;0;0;0;0;10099357;70;R;1;4600003028;5.540,01;1.150;1.150;5.540,01;0;;C1;G;;;;;;;;;4500146591;ZF 1302603;X;19;;1007593    MACLEAN POWER SYSTEMS DO BRASIL LTD;2;;;;;70;50;;;;0;0;1007593    MACLEAN POWER SYSTEMS DO;OA01;0;;1.150;0;0;0;0;5300000385;;;;;;UN;UN;0;0,00;0,00;5.540,01;0,00;0,00
1;NB;F;A03;;13/02/2026;400375;ALCA PREFORM DIST CAA/CA 2/0AWG 70MM2;MC11001;;;;CDFL;INVT;2.000;UN;5,19;BRL;1;2.000;14/04/2026;00:00:00;14/04/2026;0;0;0;0;10099357;100;R;1;4600003028;10.378,80;2.000;2.000;10.378,80;0;;C1;G;;;;;;;;;4500146591;ZF 1302603;X;19;;1007593    MACLEAN POWER SYSTEMS DO BRASIL LTD;2;;;;;100;60;;;;0;0;1007593    MACLEAN POWER SYSTEMS DO;OA01;0;;2.000;0;0;0;0;5300000386;;;;;;UN;UN;0;0,00;0,00;10.378,80;0,00;0,00
1;NB;F;A03;;13/02/2026;801272;ALCA PREFORM DIST 2AWG 33,63MM2 660MM;MC11001;;;;CDFL;CUST;639;UN;3,29;BRL;1;639;14/04/2026;00:00:00;14/04/2026;0;0;0;0;10099357;110;R;1;4600003028;2.103,72;639;639;2.103,72;0;;C1;G;;;;;;;;;4500146591;ZF 1302603;X;19;;1007593    MACLEAN POWER SYSTEMS DO BRASIL LTD;2;;;;;110;70;;;;0;0;1007593    MACLEAN POWER SYSTEMS DO;OA01;0;;639;0;0;0;0;5300031086;;;;;;UN;UN;0;0,00;0,00;2.103,72;0,00;0,00
1;NB;F;A03;;13/02/2026;800808;ALCA PREFORM DIST CAA/CA 2/0AWG 70MM2;MC11001;;;;CDFL;CUST;1.000;UN;5,19;BRL;1;1.000;14/04/2026;00:00:00;14/04/2026;0;0;0;0;10099357;90;R;1;4600003028;5.189,40;1.000;1.000;5.189,40;0;;C1;G;;;;;;;;;4500146591;ZF 1302603;X;19;;1007593    MACLEAN POWER SYSTEMS DO BRASIL LTD;2;;;;;90;80;;;;0;0;1007593    MACLEAN POWER SYSTEMS DO;OA01;0;;1.000;0;0;0;0;5300000451;;;;;;UN;UN;0;0,00;0,00;5.189,40;0,00;0,00
1;NB;F;A03;;13/02/2026;403804;ALCA PREFORM 6,4MM 1/4P AM 635MM;MC11001;;;;CDFL;INVT;288;UN;4,19;BRL;1;288;14/04/2026;00:00:00;14/04/2026;0;0;0;0;10099357;140;R;1;4600003028;1.205,28;288;288;1.205,28;0;;C1;G;;;;;;;;;4500146591;ZF 1302603;X;19;;1007593    MACLEAN POWER SYSTEMS DO BRASIL LTD;2;;;;;140;90;;;;0;0;1007593    MACLEAN POWER SYSTEMS DO;OA01;0;;288;0;0;0;0;5300002159;;;;;;UN;UN;0;0,00;0,00;1.205,28;0,00;0,00
1;NB;F;A03;;13/02/2026;802405;ALCA PREFORM 6,4MM 1/4P AM 635MM;MC11001;;;;CDFL;CUST;4.209;UN;4,18;BRL;1;4.209;14/04/2026;00:00:00;14/04/2026;0;0;0;0;10099357;150;R;1;4600003028;17.614,66;4.209;4.209;17.614,66;0;;C1;G;;;;;;;;;4500146591;ZF 1302603;X;19;;1007593    MACLEAN POWER SYSTEMS DO BRASIL LTD;2;;;;;150;100;;;;0;0;1007593    MACLEAN POWER SYSTEMS DO;OA01;0;;4.209;0;0;0;0;5300031707;;;;;;UN;UN;0;0,00;0,00;17.614,66;0,00;0,00
1;NB;F;A03;;13/02/2026;403830;ALCA PREFORM CABO CONC 3X50 + 50;MC11001;;;;CDFL;INVT;99;UN;10,41;BRL;170;99;14/04/2026;00:00:00;14/04/2026;0;0;0;0;10099357;160;R;1;4600003028;6,06;99;99;6,06;0;;C1;G;;;;;;;;;4500146591;ZF 1302603;X;19;;1007593    MACLEAN POWER SYSTEMS DO BRASIL LTD;2;;;;;160;110;;;;0;0;1007593    MACLEAN POWER SYSTEMS DO;OA01;0;;99;0;0;0;0;5300002756;;;;;;UN;UN;0;0,00;0,00;6,06;0,00;0,00
1;NB;F;A03;;13/02/2026;403593;ALCA PREFORM CABO CONC 3X70 + 50;MC11001;;;;CDFL;INVT;5;UN;11,72;BRL;1;5;14/04/2026;00:00:00;14/04/2026;0;0;0;0;10099357;170;R;1;4600003028;58,59;5;5;58,59;0;;C1;G;;;;;;;;;4500146591;ZF 1302603;X;19;;1007593    MACLEAN POWER SYSTEMS DO BRASIL LTD;2;;;;;170;120;;;;0;0;1007593    MACLEAN POWER SYSTEMS DO;OA01;0;;5;0;0;0;0;5300002755;;;;;;UN;UN;0;0,00;0,00;58,59;0,00;0,00
1;NB;F;A03;;13/02/2026;403647;ALCA PREFORM CABO CONC 3X95 +70;MC11001;;;;CDFL;INVT;6;UN;16,55;BRL;1;6;14/04/2026;00:00:00;14/04/2026;0;0;0;0;10099357;180;R;1;4600003028;99,32;6;6;99,32;0;;C1;G;;;;;;;;;4500146591;ZF 1302603;X;19;;1007593    MACLEAN POWER SYSTEMS DO BRASIL LTD;2;;;;;180;130;;;;0;0;1007593    MACLEAN POWER SYSTEMS DO;OA01;0;;6;0;0;0;0;5300002754;;;;;;UN;UN;0;0,00;0,00;99,32;0,00;0,00
1;NB;F;A03;;13/02/2026;400851;EMENDA PREF COND AL 2/0 AWG 1016MM;MC10401;;;;CDFL;INVT;1.202;UN;18,32;BRL;1;1.202;14/04/2026;00:00:00;14/04/2026;0;0;0;0;10099357;260;R;1;4600003028;22.021,84;1.202;1.202;22.021,84;0;;C1;G;;;;;;;;;4500146591;ZF 1302603;X;19;;1007593    MACLEAN POWER SYSTEMS DO BRASIL LTD;2;;;;;260;140;;;;0;0;1007593    MACLEAN POWER SYSTEMS DO;OA01;0;;1.202;0;0;0;0;5300000388;;;;;;UN;UN;0;0,00;0,00;22.021,84;0,00;0,00
1;NB;F;A03;;13/02/2026;800917;LACO PREF CA 2AWG PESC 57MM PURPURA;MC11001;;;;CDFL;CUST;1.402;UN;2,56;BRL;1;1.402;14/04/2026;00:00:00;14/04/2026;0;0;0;0;10099357;380;R;1;4600003028;3.585,61;1.402;1.402;3.585,61;0;;C1;G;;;;;;;;;4500146591;ZF 1302603;X;19;;1007593    MACLEAN POWER SYSTEMS DO BRASIL LTD;2;;;;;370;150;;;;0;0;1007593    MACLEAN POWER SYSTEMS DO;OA01;0;;1.402;0;0;0;0;5300031085;;;;;;UN;UN;0;0,00;0,00;3.585,61;0,00;0,00
1;NB;F;A13;;04/02/2026;402592;MED EL 3E 4F 120V 120A GD B;MC12501;;;;CDFL;INVT;1.647;UN;122,00;BRL;1;1.647;23/04/2026;00:00:00;15/04/2026;0;0;0;0;10122890;10;R;1;4600003228;200.934,00;1.647;1.647;200.934,00;0;;C0;G;;;;;;;;;4500145002;ZF 1302603;X;19;;1008595    WASION DA AMAZONIA INDUSTRIA DE INS;2;;;;;40;10;;;;0;0;1008595    WASION DA AMAZONIA INDUS;OA01;0;;1.647;0;0;0;0;5300017385;;;;;;UN;UN;0;0,00;0,00;200.934,00;0,00;0,00
1;ZCDR;F;A14;;25/02/2026;410213;TINTA SPRAY 400ML;MC03301;;;;CDFL;INVT;26;UN;21,06;BRL;1;26;25/02/2026;00:00:00;25/02/2026;0;26;0;0;10129539;20;R;1;;0,00;0;0;0,00;0;;C0;G;;;;;;;;;4500147577;ZF 1302603;X;15;;1008610    L J GUERRA E CIA LTDA;2;;;;;0;20;;;;0;0;1008610    L J GUERRA E CIA LTDA;OA01;0;;26;26;0;0;0;5300031853;;;;;;UN;UN;0;0,00;0,00;547,56;0,00;0,00
1;ZCDR;F;GAE;;11/03/2026;805521;MULTIMETRO DIGITAL FLUKE 15B+;MC10401;;;;CDFL;CUST;9;UN;902,48;BRL;1;9;31/03/2026;00:00:00;31/03/2026;0;0;0;0;10130479;10;R;1;;8.122,32;9;9;8.122,32;0;;C0;G;;;;;;;;;4500148663;ZF 1302603;X;15;;1008610    L J GUERRA E CIA LTDA;2;;;;;0;10;;;;0;0;1008610    L J GUERRA E CIA LTDA;OA01;0;;9;0;0;0;0;5300031971;;;;;;UN;UN;0;0,00;0,00;8.122,32;0,00;0,00
1;ZCDR;F;GAE;;26/03/2026;403306;MARCADOR IND PLAS 60ML MET ESF 3MM AM;MC02301;;;;CDFL;INVT;120;UN;18,90;BRL;1;120;30/06/2026;00:00:00;30/06/2026;0;0;0;0;10132587;10;R;1;;2.268,00;120;120;2.268,00;0;;C0;G;;;;;;;;;4500150232;ZF 1302603;X;15;;1008610    L J GUERRA E CIA LTDA;2;;;;;0;10;;;;0;0;1008610    L J GUERRA E CIA LTDA;OA01;0;;120;0;0;0;0;5300032234;;;;;;UN;UN;0;0,00;0,00;2.268,00;0,00;0,00
1;ZCDR;F;GAE;;26/03/2026;802178;MARCADOR IND PLAS 60ML MET ESF 3MM AM;MC02301;;;;CDFL;CUST;48;UN;18,90;BRL;1;48;30/06/2026;00:00:00;30/06/2026;0;0;0;0;10132587;20;R;1;;907,20;48;48;907,20;0;;C0;G;;;;;;;;;4500150232;ZF 1302603;X;15;;1008610    L J GUERRA E CIA LTDA;2;;;;;0;20;;;;0;0;1008610    L J GUERRA E CIA LTDA;OA01;0;;48;0;0;0;0;5300030342;;;;;;UN;UN;0;0,00;0,00;907,20;0,00;0,00
1;ZCDR;F;A14;;24/02/2026;410212;FITA AUTOADESIVA BLINDAGEM 10cmX10m;MC03701;;;;CDFL;INVT;82;UN;22,95;BRL;1;82;30/06/2026;00:00:00;30/06/2026;0;82;0;0;10129514;10;R;1;;0,00;0;0;0,00;0;;C0;G;;;;;;;;;4500147585;ZF 1302603;X;15;;1008630    CASA DO ELETRICISTA LTDA;2;;;;;0;10;;;;0;0;1008630    CASA DO ELETRICISTA LTDA;OA01;0;;82;82;0;0;0;5300031599;;;;;;UN;UN;0;0,00;0,00;1.881,90;0,00;0,00
1;NB;F;A03;;22/01/2026;800105;MANILHA AC 16MM 80MM 22MM 13500DAN;MC12002;;;;CDFL;CUST;3;UN;57,44;BRL;1;3;02/06/2026;00:00:00;27/04/2026;0;0;0;0;10101094;50;R;1;4600003089;172,31;3;3;172,31;0;;C1;G;;;;;;;;;4500144206;ZF 1302603;X;19;;1009464    FISCHER INDUSTRIA MECANICA LTDA;2;;;;;50;10;;;;0;0;1009464    FISCHER INDUSTRIA MECANI;OA01;0;;3;0;0;0;0;5300030801;;;;;;UN;UN;0;0,00;0,00;172,31;0,00;0,00
1;NB;F;A03;;22/01/2026;401927;MANILHA SAPATILHA 5000DAN ETELB-054/2013;MC12002;;;;CDFL;INVT;1.150;UN;19,24;BRL;1;1.150;02/06/2026;00:00:00;27/04/2026;0;0;0;0;10101094;10;R;1;4600003089;22.127,95;1.150;1.150;22.127,95;0;;C1;G;;;;;;;;;4500144206;ZF 1302603;X;19;;1009464    FISCHER INDUSTRIA MECANICA LTDA;2;;;;;10;20;;;;0;0;1009464    FISCHER INDUSTRIA MECANI;OA01;0;;1.150;0;0;0;0;5300026866;;;;;;UN;UN;0;0,00;0,00;22.127,95;0,00;0,00
1;NB;F;A03;;22/01/2026;800496;MANILHA SAPATILHA 5000DAN ETELB-054/2013;MC12002;;;;CDFL;CUST;152;UN;19,24;BRL;1;152;02/06/2026;00:00:00;27/04/2026;0;0;0;0;10101094;30;R;1;4600003089;2.924,74;152;152;2.924,74;0;;C1;G;;;;;;;;;4500144206;ZF 1302603;X;19;;1009464    FISCHER INDUSTRIA MECANICA LTDA;2;;;;;30;30;;;;0;0;1009464    FISCHER INDUSTRIA MECANI;OA01;0;;152;0;0;0;0;5300027010;;;;;;UN;UN;0;0,00;0,00;2.924,74;0,00;0,00
1;NB;F;A03;;22/01/2026;400164;MANILHA SAPATILHA 6800KGF;MC12002;;;;CDFL;INVT;1.653;UN;19,73;BRL;1;1.653;02/06/2026;00:00:00;27/04/2026;0;0;0;0;10101094;20;R;1;4600003089;32.621,29;1.653;1.653;32.621,29;0;;C1;G;;;;;;;;;4500144206;ZF 1302603;X;19;;1009464    FISCHER INDUSTRIA MECANICA LTDA;2;;;;;20;40;;;;0;0;1009464    FISCHER INDUSTRIA MECANI;OA01;0;;1.653;0;0;0;0;5300026865;;;;;;UN;UN;0;0,00;0,00;32.621,29;0,00;0,00
1;NB;F;A16;;06/03/2026;400937;MEDIDOR ELETR 2F 120V 15/120A 2EL BIDIRE;MC12501;;;;CDFL;INVT;3.865;UN;80,00;BRL;1;3.865;08/06/2026;00:00:00;08/06/2026;0;0;0;0;10105125;30;R;1;4600003232;309.200,00;3.865;3.865;309.200,00;0;;C1;G;;;;;;;;;4500148300;ZF 1302603;X;19;;1009535    NANSEN INSTRUMENTOS DE PRECISAO LTD;2;;;;;30;10;;;;0;0;1009535    NANSEN INSTRUMENTOS DE P;OA01;0;;3.865;0;0;0;0;5300028010;;;;;;UN;UN;0;0,00;0,00;309.200,00;0,00;0,00
1;NB;F;A16;;10/03/2026;402824;MED EL 1E 2F 120V 100A GD B;MC12501;;;;CDFL;INVT;11.605;UN;48,00;BRL;1;11.605;08/06/2026;00:00:00;08/06/2026;0;0;0;0;10105125;40;R;1;4600003232;557.040,00;11.605;11.605;557.040,00;0;;C1;G;;;;;;;;;4500148493;ZF 1302603;X;19;;1009535    NANSEN INSTRUMENTOS DE PRECISAO LTD;2;;;;;40;20;;;;0;0;1009535    NANSEN INSTRUMENTOS DE P;OA01;0;;11.605;0;0;0;0;5300028009;;;;;;UN;UN;0;0,00;0,00;557.040,00;0,00;0,00
1;NB;F;A16;;10/03/2026;400937;MED EL 2E 3F 120V 120A GD B;MC12501;;;;CDFL;INVT;4.889;UN;80,00;BRL;1;4.889;08/06/2026;00:00:00;08/06/2026;0;0;0;0;10105125;50;R;1;4600003232;391.120,00;4.889;4.889;391.120,00;0;;C1;G;;;;;;;;;4500148493;ZF 1302603;X;19;;1009535    NANSEN INSTRUMENTOS DE PRECISAO LTD;2;;;;;50;30;;;;0;0;1009535    NANSEN INSTRUMENTOS DE P;OA01;0;;4.889;0;0;0;0;5300028010;;;;;;UN;UN;0;0,00;0,00;391.120,00;0,00;0,00
1;NB;F;A03;;09/02/2026;805459;CONECTOR PERF 50-185MM2 15KV COM ESTRIBO;MC12002;;;;CDFL;CUST;3.020;UN;131,12;BRL;1;3.020;26/03/2026;00:00:00;26/03/2026;0;1.000;0;0;10102697;30;R;1;4600002620;264.862,40;2.020;2.020;264.862,40;0;;C1;G;;;;;;;;;4500145288;ZF 1302603;X;19;;1009609    CROSSFOX COMERCIO DE CONDUTORES ELE;2;;;;;150;10;;;;0;0;1009609    CROSSFOX COMERCIO DE CON;OA01;0;;3.020;1.000;0;0;0;5300030393;;;;;;UN;UN;0;0,00;0,00;395.982,40;0,00;0,00
1;NB;F;GAE;;09/02/2026;402105;CONECTOR AUTO PERF DU 70-240 / 70-240MM2;MC12002;;;;CDFL;INVT;500;UN;32,35;BRL;1;500;23/03/2026;00:00:00;23/03/2026;0;500;0;0;10094010;20;R;1;4600002620;0,00;0;0;0,00;0;;C1;G;;;;;;;;;4500145289;ZF 1302603;X;19;;1009609    CROSSFOX COMERCIO DE CONDUTORES ELE;2;;;;;90;10;;;;0;0;1009609    CROSSFOX COMERCIO DE CON;OA01;0;;500;500;0;0;0;5300013315;;;;;;UN;UN;0;0,00;0,00;16.174,40;0,00;0,00
1;NB;F;GAE;;10/02/2026;400594;CABO DE AÇO REVESTIDOS DE COBRE 35MM²;MC00201;;;;CDFL;INVT;7.635;KG;81,61;BRL;1;7.635;27/03/2026;00:00:00;27/03/2026;0;0;0;0;10128390;10;R;1;4600002530;623.073,26;7.635;7.635;623.073,26;0;;C1;G;;;;;;;;;4500145747;ZF 1302603;X;19;;1009609    CROSSFOX COMERCIO DE CONDUTORES ELE;2;;;;;70;10;;;;0;0;1009609    CROSSFOX COMERCIO DE CON;OA01;0;;7.635;0;0;0;0;5300004550;;;;;;KG;KG;0;0,00;0,00;623.073,26;0,00;0,00
1;NB;F;GAE;;23/02/2026;803907;CABO DE AÇO REVESTIDOS DE COBRE 35MM²;MC00201;;;;CDFL;CUST;2.000;KG;81,61;BRL;1;2.000;09/04/2026;00:00:00;31/12/2025;0;0;0;0;10102786;10;R;1;;163.215,00;2.000;2.000;163.215,00;0;;C1;G;;;;;;;;;4500147515;ZF 1302603;X;19;;1009609    CROSSFOX COMERCIO DE CONDUTORES ELE;2;;;;;0;10;;;;0;0;1009609    CROSSFOX COMERCIO DE CON;OA01;0;;2.000;0;0;0;0;5300017413;;;;;;KG;KG;0;0,00;0,00;163.215,00;0,00;0,00
1;NB;F;A03;;24/02/2026;400906;HASTE ATERRAMENTO CI AC 14,3X2438MM;MC01208;;;;CDFL;INVT;3.866;UN;85,19;BRL;1;3.866;09/04/2026;00:00:00;09/04/2026;0;0;0;0;10052599;30;R;1;4600002234;329.336,81;3.866;3.866;329.336,81;0;;C1;B;;;;;;;;;4500147613;ZF 1302603;;19;;1009609    CROSSFOX COMERCIO DE CONDUTORES ELE;2;;;;;50;10;;;;0;0;1009609    CROSSFOX COMERCIO DE CON;OA01;0;;3.866;0;0;0;0;5300016038;;;;;;UN;UN;0;0,00;0,00;329.336,81;0,00;0,00
1;NB;F;A01;;02/03/2026;401465;CONECTOR PERF AL 16-120MM2 / 16-120MM2;MC12002;;;;CDFL;INVT;25.933;UN;9,77;BRL;1;25.933;05/05/2026;00:00:00;05/05/2026;0;0;0;0;10130238;10;R;1;4600003514;253.476,92;25.933;25.933;253.476,92;0;;C1;G;;;;;;;;;4500147811;ZF 1302603;X;19;;1009904    TAF INDUSTRIA DE PLASTICOS LTDA;2;;;;;10;10;;;;0;0;1009904    TAF INDUSTRIA DE PLASTIC;OA01;0;;25.933;0;0;0;0;5300032030;;;;;;UN;UN;0;0,00;0,00;253.476,92;0,00;0,00
1;NB;F;A03;;22/01/2026;402296;GANCHO OLHAL AC 17MM 5000KGF;MC12002;;;;CDFL;INVT;4.067;UN;10,17;BRL;1;4.067;09/05/2026;00:00:00;22/04/2026;0;4.067;0;0;10100422;70;R;1;4600003062;0,00;0;0;0,00;0;;C1;G;;;;;;;;;4500144303;ZF 1302603;X;19;;1010868    ONIX DISTRIBUIDORA DE PRODUTOS ELET;2;;;;;70;10;;;;0;0;1010868    ONIX DISTRIBUIDORA DE PR;OA01;0;;4.067;4.067;0;0;0;5300027525;;;;;;UN;UN;0;0,00;0,00;41.378,47;0,00;0,00
1;NB;F;A03;;22/01/2026;801087;GANCHO OLHAL AC 17MM 5000KGF;MC12002;;;;CDFL;CUST;746;UN;10,17;BRL;1;746;09/05/2026;00:00:00;22/04/2026;0;746;0;0;10100422;20;R;1;4600003062;0,00;0;0;0,00;0;;C1;G;;;;;;;;;4500144303;ZF 1302603;X;19;;1010868    ONIX DISTRIBUIDORA DE PRODUTOS ELET;2;;;;;20;20;;;;0;0;1010868    ONIX DISTRIBUIDORA DE PR;OA01;0;;746;746;0;0;0;5300027526;;;;;;UN;UN;0;0,00;0,00;7.589,95;0,00;0,00
1;NB;F;A03;;22/01/2026;801186;OLHAL PARAFUSO AC 16MM 5000DAN;MC10401;;;;CDFL;CUST;833;UN;13,07;BRL;1;833;09/05/2026;00:00:00;22/04/2026;0;833;0;0;10100422;30;R;1;4600003062;0,00;0;0;0,00;0;;C1;G;;;;;;;;;4500144303;ZF 1302603;X;19;;1010868    ONIX DISTRIBUIDORA DE PRODUTOS ELET;2;;;;;30;30;;;;0;0;1010868    ONIX DISTRIBUIDORA DE PR;OA01;0;;833;833;0;0;0;5300031404;;;;;;UN;UN;0;0,00;0,00;10.884,39;0,00;0,00
1;NB;F;A03;;22/01/2026;401264;PINO ISOLADOR AC 25X294X19MM;MC10902;;;;CDFL;INVT;1.356;UN;21,44;BRL;1;1.356;09/05/2026;00:00:00;22/04/2026;0;1.356;0;0;10100422;90;R;1;4600003062;0,00;0;0;0,00;0;;C1;G;;;;;;;;;4500144303;ZF 1302603;X;19;;1010868    ONIX DISTRIBUIDORA DE PRODUTOS ELET;2;;;;;90;40;;;;0;0;1010868    ONIX DISTRIBUIDORA DE PR;OA01;0;;1.356;1.356;0;0;0;5300028237;;;;;;UN;UN;0;0,00;0,00;29.067,89;0,00;0,00
1;NB;F;A01;;22/01/2026;400140;ISOLADOR RODL PORC 15KV 81X47MM 1350DAN;MC10902;;;;CDFL;INVT;3.500;UN;7,06;BRL;1;3.500;24/04/2026;00:00:00;13/04/2026;0;3.500;0;0;10100930;40;R;1;4600003074;0,00;0;0;0,00;0;;C1;G;;;;;;;;;4500144468;ZF 1302603;X;19;;1010868    ONIX DISTRIBUIDORA DE PRODUTOS ELET;2;;;;;40;20;;;;0;0;1010868    ONIX DISTRIBUIDORA DE PR;OA01;0;;3.500;3.500;0;0;0;5300026775;;;;;;UN;UN;0;0,00;0,00;24.705,45;0,00;0,00
1;NB;F;A01;;22/01/2026;400111;ISOLADOR CAST PORC 13,8KV 90MM 3400DAN;MC10902;;;;CDFL;INVT;131;UN;11,09;BRL;1;131;24/04/2026;00:00:00;13/04/2026;0;131;0;0;10100930;30;R;1;4600003074;0,00;0;0;0,00;0;;C1;G;;;;;;;;;4500144468;ZF 1302603;X;19;;1010868    ONIX DISTRIBUIDORA DE PRODUTOS ELET;2;;;;;30;30;;;;0;0;1010868    ONIX DISTRIBUIDORA DE PR;OA01;0;;131;131;0;0;0;5300006644;;;;;;UN;UN;0;0,00;0,00;1.452,21;0,00;0,00
1;NB;F;A03;;26/01/2026;400968;POSTE FIBRA VIDRO 11M 200DAN;MC12001;;;;CDFL;INVT;50;UN;1.674,93;BRL;1;50;05/02/2026;00:00:00;05/02/2026;0;50;0;0;10111761;30;R;1;4600002545;0,00;0;0;0,00;0;;CA;G;;;;;;;;;4500144675;ZF 1302603;X;19;;1011711    POOL ENGENHARIA, SERVICO, INDUSTRIA;2;;;;;140;10;;;;0;0;1011711    POOL ENGENHARIA, SERVICO;OA01;0;;50;50;0;0;0;5300013243;;;;;;UN;UN;0;0,00;0,00;83.746,50;0,00;0,00
1;NB;F;A03;;26/01/2026;400968;POSTE FIBRA VIDRO 11M 200DAN;MC12001;;;;CDFL;INVT;50;UN;1.674,93;BRL;1;50;15/02/2026;00:00:00;15/02/2026;0;50;0;0;10111761;30;R;1;4600002545;0,00;0;0;0,00;0;;CA;G;;;;;;;;;4500144675;ZF 1302603;X;19;;1011711    POOL ENGENHARIA, SERVICO, INDUSTRIA;2;;;;;140;30;;;;0;0;1011711    POOL ENGENHARIA, SERVICO;OA01;0;;50;50;0;0;0;5300013243;;;;;;UN;UN;0;0,00;0,00;83.746,50;0,00;0,00
1;NB;F;GAE;;20/02/2026;400216;POSTE FIBRA VIDRO 9M 200DAN;MC12001;;;;CDFL;INVT;3;UN;1.381,49;BRL;1;3;02/03/2026;00:00:00;02/03/2026;0;3;0;0;10128267;10;R;1;4600003492;0,00;0;0;0,00;0;;CA;G;;;;;;;;;4500147049;ZF 1302603;X;19;;1011711    POOL ENGENHARIA, SERVICO, INDUSTRIA;2;;;;;10;10;;;;0;0;1011711    POOL ENGENHARIA, SERVICO;OA01;0;;3;3;0;0;0;5300010117;;;;;;UN;UN;0;0,00;0,00;4.144,46;0,00;0,00
1;NB;F;GAE;;20/02/2026;400221;POSTE FIBRA VIDRO E-CR 11M 300DAN;MC12001;;;;CDFL;INVT;100;UN;1.999,50;BRL;1;100;02/03/2026;00:00:00;02/03/2026;0;100;0;0;10128267;20;R;1;4600003492;0,00;0;0;0,00;0;;CA;G;;;;;;;;;4500147049;ZF 1302603;X;19;;1011711    POOL ENGENHARIA, SERVICO, INDUSTRIA;2;;;;;20;20;;;;0;0;1011711    POOL ENGENHARIA, SERVICO;OA01;0;;100;100;0;0;0;5300012216;;;;;;UN;UN;0;0,00;0,00;199.950,00;0,00;0,00
1;NB;F;GAE;;20/02/2026;401360;POSTE FIBRA VIDRO E-CR 9M 300DAN;MC12001;;;;CDFL;INVT;124;UN;1.551,36;BRL;1;124;02/03/2026;00:00:00;02/03/2026;0;124;0;0;10128267;30;R;1;4600003492;0,00;0;0;0,00;0;;CA;G;;;;;;;;;4500147049;ZF 1302603;X;19;;1011711    POOL ENGENHARIA, SERVICO, INDUSTRIA;2;;;;;30;30;;;;0;0;1011711    POOL ENGENHARIA, SERVICO;OA01;0;;124;124;0;0;0;5300010118;;;;;;UN;UN;0;0,00;0,00;192.368,75;0,00;0,00
1;NB;F;GAE;;16/03/2026;401360;POSTE FIBRA VIDRO E-CR 9M 300DAN;MC12001;;;;CDFL;INVT;100;UN;1.551,36;BRL;1;100;23/03/2026;00:00:00;23/03/2026;0;100;0;0;10128267;30;R;1;4600003492;0,00;0;0;0,00;0;;CA;G;;;;;;;;;4500149689;ZF 1302603;X;19;;1011711    POOL ENGENHARIA, SERVICO, INDUSTRIA;2;;;;;30;10;;;;0;0;1011711    POOL ENGENHARIA, SERVICO;OA01;0;;100;100;0;0;0;5300010118;;;;;;UN;UN;0;0,00;0,00;155.136,09;0,00;0,00
1;NB;F;A03;;22/01/2026;403675;ALCA PREFORM CABO CONC  3X25 + 25;MC11001;;;;CDFL;INVT;600;UN;12,88;BRL;1;600;07/04/2026;00:00:00;07/04/2026;0;0;0;0;10099358;20;R;1;4600003029;7.728,30;600;600;7.728,30;0;;C1;G;;;;;;;;;4500144262;ZF 1302603;X;19;;1011918    STEEL LOOP INDUSTRIAL DO BRASIL LTD;2;;;;;20;20;;;;0;0;1011918    STEEL LOOP INDUSTRIAL DO;OA01;0;;600;0;0;0;0;5300023581;;;;;;UN;UN;0;0,00;0,00;7.728,30;0,00;0,00
1;NB;F;A03;;22/01/2026;403580;ALCA PREFORM CABO CONC 3X35 + 35;MC11001;;;;CDFL;INVT;700;UN;13,49;BRL;1;700;07/04/2026;00:00:00;07/04/2026;0;0;0;0;10099358;30;R;1;4600003029;9.439,50;700;700;9.439,50;0;;C1;G;;;;;;;;;4500144262;ZF 1302603;X;19;;1011918    STEEL LOOP INDUSTRIAL DO BRASIL LTD;2;;;;;30;30;;;;0;0;1011918    STEEL LOOP INDUSTRIAL DO;OA01;0;;700;0;0;0;0;5300022853;;;;;;UN;UN;0;0,00;0,00;9.439,50;0,00;0,00
1;NB;F;A03;;19/02/2026;403675;ALCA PREFORM CABO CONC  3X25 + 25;MC11001;;;;CDFL;INVT;5.959;UN;12,88;BRL;1;5.959;20/04/2026;00:00:00;20/04/2026;0;0;0;0;10099358;20;R;1;4600003029;76.754,90;5.959;5.959;76.754,90;0;;C1;G;;;;;;;;;4500146810;ZF 1302603;X;19;;1011918    STEEL LOOP INDUSTRIAL DO BRASIL LTD;2;;;;;20;10;;;;0;0;1011918    STEEL LOOP INDUSTRIAL DO;OA01;0;;5.959;0;0;0;0;5300023581;;;;;;UN;UN;0;0,00;0,00;76.754,90;0,00;0,00
1;NB;F;A03;;19/02/2026;403580;ALCA PREFORM CABO CONC 3X35 + 35;MC11001;;;;CDFL;INVT;721;UN;13,48;BRL;1;721;20/04/2026;00:00:00;20/04/2026;0;0;0;0;10099358;30;R;1;4600003029;9.722,68;721;721;9.722,68;0;;C1;G;;;;;;;;;4500146810;ZF 1302603;X;19;;1011918    STEEL LOOP INDUSTRIAL DO BRASIL LTD;2;;;;;30;20;;;;0;0;1011918    STEEL LOOP INDUSTRIAL DO;OA01;0;;721;0;0;0;0;5300022853;;;;;;UN;UN;0;0,00;0,00;9.722,68;0,00;0,00
1;NB;F;A03;;06/02/2026;403390;PRENSA CABO PVC 1P;MC10701;;;;CDFL;INVT;3.938;UN;6,99;BRL;1;3.938;30/03/2026;00:00:00;30/03/2026;0;0;0;0;10104820;10;R;1;4600003179;27.540,80;3.938;3.938;27.540,80;0;;C1;G;;;;;;;;;4500145246;ZF 1302603;X;19;;1012258    G.O. CARDOSO INDUSTRIA E COMERCIO D;2;;;;;10;10;;;;0;0;1012258    G.O. CARDOSO INDUSTRIA E;OA01;0;;3.938;0;0;0;0;5300029833;;;;;;UN;UN;0;0,00;0,00;27.540,80;0,00;0,00
1;NB;F;GAE;;27/02/2026;403579;CABO AL CONCENTRICO 3F 3X35+35MM2;MC10101;;;;CDFL;INVT;30.000;M;27,82;BRL;1;30.000;20/03/2026;00:00:00;20/03/2026;0;0;0;0;;0;R;1;;834.489,00;30.000;30.000;834.489,00;0;;C1;;;;;;;;;;4500147721;ZF 1302603;;;;1012258    G.O. CARDOSO INDUSTRIA E COMERCIO D;;;;X;;0;10;;;;0;0;1012258    G.O. CARDOSO INDUSTRIA E;OA01;0;;30.000;0;0;0;0;;;;;;;M;M;0;0,00;0,00;834.489,00;0,00;0,00
1;NB;F;GAE;;27/02/2026;403579;CABO AL CONCENTRICO 3F 3X35+35MM2;MC10101;;;;CDFL;INVT;30.000;M;27,82;BRL;1;30.000;10/04/2026;00:00:00;10/04/2026;0;0;0;0;;0;R;1;;834.489,00;30.000;30.000;834.489,00;0;;C1;;;;;;;;;;4500147721;ZF 1302603;;;;1012258    G.O. CARDOSO INDUSTRIA E COMERCIO D;;;;X;;0;20;;;;0;0;1012258    G.O. CARDOSO INDUSTRIA E;OA01;0;;30.000;0;0;0;0;;;;;;;M;M;0;0,00;0,00;834.489,00;0,00;0,00
1;NB;F;GAE;;27/02/2026;403579;CABO AL CONCENTRICO 3F 3X35+35MM2;MC10101;;;;CDFL;INVT;40.000;M;27,82;BRL;1;40.000;10/05/2026;00:00:00;10/05/2026;0;0;0;0;;0;R;1;;1.112.652,00;40.000;40.000;1.112.652,00;0;;C1;;;;;;;;;;4500147721;ZF 1302603;;;;1012258    G.O. CARDOSO INDUSTRIA E COMERCIO D;;;;X;;0;30;;;;0;0;1012258    G.O. CARDOSO INDUSTRIA E;OA01;0;;40.000;0;0;0;0;;;;;;;M;M;0;0,00;0,00;1.112.652,00;0,00;0,00
1;NB;F;GAE;;27/02/2026;403579;CABO AL CONCENTRICO 3F 3X35+35MM2;MC10101;;;;CDFL;INVT;45.409;M;27,82;BRL;1;45.409;10/06/2026;00:00:00;10/06/2026;0;0;0;0;;0;R;1;;1.263.110,37;45.409;45.409;1.263.110,37;0;;C1;;;;;;;;;;4500147721;ZF 1302603;;;;1012258    G.O. CARDOSO INDUSTRIA E COMERCIO D;;;;X;;0;40;;;;0;0;1012258    G.O. CARDOSO INDUSTRIA E;OA01;0;;45.409;0;0;0;0;;;;;;;M;M;0;0,00;0,00;1.263.110,37;0,00;0,00
1;NB;F;GAE;;27/02/2026;804632;CABO AL CONCENTRICO 2F 2X10+10MM2;MC10101;;;;CDFL;CUST;1.000;M;8,01;BRL;1;1.000;20/03/2026;00:00:00;20/03/2026;0;0;0;0;;0;R;1;;8.007,30;1.000;1.000;8.007,30;0;;C1;;;;;;;;;;4500147721;ZF 1302603;;;;1012258    G.O. CARDOSO INDUSTRIA E COMERCIO D;;;;X;;0;50;;;;0;0;1012258    G.O. CARDOSO INDUSTRIA E;OA01;0;;1.000;0;0;0;0;;;;;;;M;M;0;0,00;0,00;8.007,30;0,00;0,00
1;NB;F;GAE;;27/02/2026;804633;CABO AL CONCENTRICO 2F 2X16+16MM2;MC10101;;;;CDFL;CUST;1.000;M;11,32;BRL;1;1.000;20/03/2026;00:00:00;20/03/2026;0;0;0;0;;0;R;1;;11.318,10;1.000;1.000;11.318,10;0;;C1;;;;;;;;;;4500147721;ZF 1302603;;;;1012258    G.O. CARDOSO INDUSTRIA E COMERCIO D;;;;X;;0;60;;;;0;0;1012258    G.O. CARDOSO INDUSTRIA E;OA01;0;;1.000;0;0;0;0;;;;;;;M;M;0;0,00;0,00;11.318,10;0,00;0,00
1;NB;F;GAE;;27/02/2026;804642;CABO AL CONCENTRICO 3F 3X35+35MM2;MC10101;;;;CDFL;CUST;1.000;M;27,82;BRL;1;1.000;20/03/2026;00:00:00;20/03/2026;0;0;0;0;;0;R;1;;27.816,30;1.000;1.000;27.816,30;0;;C1;;;;;;;;;;4500147721;ZF 1302603;;;;1012258    G.O. CARDOSO INDUSTRIA E COMERCIO D;;;;X;;0;70;;;;0;0;1012258    G.O. CARDOSO INDUSTRIA E;OA01;0;;1.000;0;0;0;0;;;;;;;M;M;0;0,00;0,00;27.816,30;0,00;0,00
1;NB;F;GAE;;03/03/2026;407096;PROTETOR P/ CABO BT PVC COMP 2000MM;MC01204;;;;CDFL;INVT;6.882;PEÇ;183,78;BRL;1;6.882;20/03/2026;00:00:00;20/03/2026;0;0;0;0;10129003;20;R;1;4600003502;1.264.755,38;6.882;0;0,00;0;;C1;G;;;;;;;;;4500147864;ZF 1302603;X;19;;1012258    G.O. CARDOSO INDUSTRIA E COMERCIO D;2;;;;;10;10;;;;0;0;1012258    G.O. CARDOSO INDUSTRIA E;OA01;0;;6.882;0;0;0;0;5300014040;;;;;;PEÇ;PEÇ;0;0,00;0,00;1.264.755,38;0,00;0,00
1;NB;F;GAE;;03/03/2026;407094;SEALTUBO 1.1/2 FLEX ESP. AÇO CAPA PVC;MC03501;;;;CDFL;INVT;3.330;M;59,91;BRL;1;3.330;20/03/2026;00:00:00;20/03/2026;0;0;0;0;10130292;10;R;1;4600003502;199.502,30;3.330;3.330;199.502,30;0;;C1;G;;;;;;;;;4500147864;ZF 1302603;X;19;;1012258    G.O. CARDOSO INDUSTRIA E COMERCIO D;2;;;;;20;20;;;;0;0;1012258    G.O. CARDOSO INDUSTRIA E;OA01;0;;3.330;0;0;0;0;5300014038;;;;;;UN;M;0;0,00;0,00;199.502,30;0,00;0,00
1;NB;F;GAE;;02/03/2026;404161;"CONJ MEDICAO 15KV; 70:1; 15-5A; USO EXT";MC22104;;;;CDFL;INVT;27;UN;30.500,00;BRL;1;27;05/07/2026;00:00:00;05/07/2026;0;0;0;0;10128020;10;R;1;4600003141;823.500,00;27;27;823.500,00;0;;C0;G;;;;;;;;;4500144981;ZF 1302603;X;19;;1012848    SERTA TRANSFORMADORES IND. COM. IMP;2;;;;;220;110;;;;0;0;1012848    SERTA TRANSFORMADORES IN;OA01;0;;27;0;0;0;0;5300017427;;;;;;UN;UN;0;0,00;0,00;823.500,00;0,00;0,00
1;NB;F;GAE;;02/03/2026;404164;"CONJ MEDICAO 15KV; 70:1; 30-5A; USO EXT";MC22104;;;;CDFL;INVT;9;UN;30.500,00;BRL;1;9;05/07/2026;00:00:00;05/07/2026;0;0;0;0;10128020;20;R;1;4600003141;274.500,00;9;9;274.500,00;0;;C0;G;;;;;;;;;4500144981;ZF 1302603;X;19;;1012848    SERTA TRANSFORMADORES IND. COM. IMP;2;;;;;230;120;;;;0;0;1012848    SERTA TRANSFORMADORES IN;OA01;0;;9;0;0;0;0;5300017429;;;;;;UN;UN;0;0,00;0,00;274.500,00;0,00;0,00
1;NB;F;GAE;;02/03/2026;404169;"CONJ MEDICAO 15KV; 70:1; 150-5A; USO EXT";MC22104;;;;CDFL;INVT;10;UN;30.500,00;BRL;1;10;05/07/2026;00:00:00;05/07/2026;0;0;0;0;10128020;30;R;1;4600003141;305.000,00;10;10;305.000,00;0;;C0;G;;;;;;;;;4500144981;ZF 1302603;X;19;;1012848    SERTA TRANSFORMADORES IND. COM. IMP;2;;;;;240;130;;;;0;0;1012848    SERTA TRANSFORMADORES IN;OA01;0;;10;0;0;0;0;5300017433;;;;;;UN;UN;0;0,00;0,00;305.000,00;0,00;0,00
1;NB;F;GAE;;02/03/2026;404170;"CONJ MEDICAO 15KV; 70:1; 200-5A; USO EXT";MC22104;;;;CDFL;INVT;4;UN;30.500,00;BRL;1;4;05/07/2026;00:00:00;05/07/2026;0;0;0;0;10128020;40;R;1;4600003141;122.000,00;4;4;122.000,00;0;;C0;G;;;;;;;;;4500144981;ZF 1302603;X;19;;1012848    SERTA TRANSFORMADORES IND. COM. IMP;2;;;;;250;140;;;;0;0;1012848    SERTA TRANSFORMADORES IN;OA01;0;;4;0;0;0;0;5300017434;;;;;;UN;UN;0;0,00;0,00;122.000,00;0,00;0,00
1;NB;F;GAE;;02/03/2026;404171;"CONJ MEDICAO 15KV; 70:1; 300-5A; USO EXT";MC22104;;;;CDFL;INVT;2;UN;32.000,00;BRL;1;2;05/07/2026;00:00:00;05/07/2026;0;0;0;0;10128020;50;R;1;4600003141;64.000,00;2;2;64.000,00;0;;C0;G;;;;;;;;;4500144981;ZF 1302603;X;19;;1012848    SERTA TRANSFORMADORES IND. COM. IMP;2;;;;;260;150;;;;0;0;1012848    SERTA TRANSFORMADORES IN;OA01;0;;2;0;0;0;0;5300028438;;;;;;UN;UN;0;0,00;0,00;64.000,00;0,00;0,00
1;NB;F;GAE;;02/03/2026;404172;"CONJ MEDICAO 15KV; 70:1; 100-5A; USO EXT";MC22104;;;;CDFL;INVT;11;UN;30.500,00;BRL;1;11;05/07/2026;00:00:00;05/07/2026;0;0;0;0;10128020;60;R;1;4600003141;335.500,00;11;11;335.500,00;0;;C0;G;;;;;;;;;4500144981;ZF 1302603;X;19;;1012848    SERTA TRANSFORMADORES IND. COM. IMP;2;;;;;270;160;;;;0;0;1012848    SERTA TRANSFORMADORES IN;OA01;0;;11;0;0;0;0;5300017435;;;;;;UN;UN;0;0,00;0,00;335.500,00;0,00;0,00
1;NB;F;GAE;;02/03/2026;404159;"CONJ MEDICAO 15KV; 70:1; 5-5A; USO EXT";MC22104;;;;CDFL;INVT;45;UN;30.500,00;BRL;1;45;05/07/2026;00:00:00;05/07/2026;0;0;0;0;10128020;70;R;1;4600003141;1.372.500,00;45;45;1.372.500,00;0;;C0;G;;;;;;;;;4500144981;ZF 1302603;X;19;;1012848    SERTA TRANSFORMADORES IND. COM. IMP;2;;;;;280;170;;;;0;0;1012848    SERTA TRANSFORMADORES IN;OA01;0;;45;0;0;0;0;5300017436;;;;;;UN;UN;0;0,00;0,00;1.372.500,00;0,00;0,00
1;NB;F;GAE;;02/03/2026;404160;"CONJ MEDICAO 15KV; 70:1; 10-5A; USO EXT";MC22104;;;;CDFL;INVT;43;UN;30.500,00;BRL;1;43;05/07/2026;00:00:00;05/07/2026;0;0;0;0;10128020;80;R;1;4600003141;1.311.500,00;43;43;1.311.500,00;0;;C0;G;;;;;;;;;4500144981;ZF 1302603;X;19;;1012848    SERTA TRANSFORMADORES IND. COM. IMP;2;;;;;290;180;;;;0;0;1012848    SERTA TRANSFORMADORES IN;OA01;0;;43;0;0;0;0;5300017437;;;;;;UN;UN;0;0,00;0,00;1.311.500,00;0,00;0,00
1;NB;F;GAE;;02/03/2026;404166;"CONJ MEDICAO 15KV; 70:1; 50-5A; USO EXT";MC22104;;;;CDFL;INVT;15;UN;30.500,00;BRL;1;15;05/07/2026;00:00:00;05/07/2026;0;0;0;0;10128020;90;R;1;4600003141;457.500,00;15;15;457.500,00;0;;C0;G;;;;;;;;;4500144981;ZF 1302603;X;19;;1012848    SERTA TRANSFORMADORES IND. COM. IMP;2;;;;;300;190;;;;0;0;1012848    SERTA TRANSFORMADORES IN;OA01;0;;15;0;0;0;0;5300017431;;;;;;UN;UN;0;0,00;0,00;457.500,00;0,00;0,00
1;NB;F;GAE;;02/03/2026;404167;"CONJ MEDICAO 15KV; 70:1; 75-5A; USO EXT";MC22104;;;;CDFL;INVT;20;UN;30.500,00;BRL;1;20;05/07/2026;00:00:00;05/07/2026;0;0;0;0;10128020;100;R;1;4600003141;610.000,00;20;20;610.000,00;0;;C0;G;;;;;;;;;4500144981;ZF 1302603;X;19;;1012848    SERTA TRANSFORMADORES IND. COM. IMP;2;;;;;310;200;;;;0;0;1012848    SERTA TRANSFORMADORES IN;OA01;0;;20;0;0;0;0;5300017432;;;;;;UN;UN;0;0,00;0,00;610.000,00;0,00;0,00
1;NB;F;GAE;;02/03/2026;404162;"CONJ MEDICAO 15KV; 70:1; 20-5A; USO EXT";MC22104;;;;CDFL;INVT;24;UN;30.500,00;BRL;1;24;05/07/2026;00:00:00;05/07/2026;0;0;0;0;10128020;110;R;1;4600003141;732.000,00;24;24;732.000,00;0;;C0;G;;;;;;;;;4500144981;ZF 1302603;X;19;;1012848    SERTA TRANSFORMADORES IND. COM. IMP;2;;;;;320;210;;;;0;0;1012848    SERTA TRANSFORMADORES IN;OA01;0;;24;0;0;0;0;5300017428;;;;;;UN;UN;0;0,00;0,00;732.000,00;0,00;0,00
1;NB;F;GAE;;20/02/2026;410177;ABRACADEIRA AÇO INOX 304 – 362X7,90MM;MC02901;;;;CDFL;INVT;6.400;UN;1,72;BRL;1;6.400;12/03/2026;00:00:00;12/03/2026;0;6.400;0;0;10128879;10;R;1;4600003494;0,00;0;0;0,00;0;;C1;G;;;;;;;;;4500147200;ZF 1302603;X;19;;1012974    FRONTEC INDUSTRIA DE COMPONENTES DE;2;;;;;10;10;;;;0;0;1012974    FRONTEC INDUSTRIA DE COM;OA01;0;;6.400;6.400;0;0;0;5300031735;;;;;;UN;UN;0;0,00;0,00;11.011,20;0,00;0,00
1;NB;F;GAE;;26/02/2026;410177;ABRACADEIRA AÇO INOX 304 – 362X7,90MM;MC02901;;;;CDFL;INVT;6.800;UN;1,72;BRL;1;6.800;18/03/2026;00:00:00;18/03/2026;0;6.800;0;0;10128879;10;R;1;4600003494;0,00;0;0;0,00;0;;C1;G;;;;;;;;;4500147679;ZF 1302603;X;19;;1012974    FRONTEC INDUSTRIA DE COMPONENTES DE;2;;;;;10;10;;;;0;0;1012974    FRONTEC INDUSTRIA DE COM;OA01;0;;6.800;6.800;0;0;0;5300031735;;;;;;UN;UN;0;0,00;0,00;11.699,40;0,00;0,00
1;NB;F;GAE;;26/02/2026;403602;ABRACADEIRA PLAS UV 525X8,90MM TRI;MC02901;;;;CDFL;INVT;40.000;UN;0,99;BRL;1;40.000;06/03/2026;00:00:00;06/03/2026;0;40.000;0;0;10130299;10;R;1;4600003165;0,00;0;0;0,00;0;;C1;G;;;;;;;;;4500147685;ZF 1302603;X;19;;1012974    FRONTEC INDUSTRIA DE COMPONENTES DE;2;;;;;100;10;;;;0;0;1012974    FRONTEC INDUSTRIA DE COM;OA01;0;;40.000;40.000;0;0;0;5300027310;;;;;;UN;UN;0;0,00;0,00;39.432,00;0,00;0,00
1;NB;F;GAE;;26/02/2026;403499;ABRACADEIRA PLAS 300 X 4,80MM;MC02901;;;;CDFL;INVT;55.500;UN;0,15;BRL;1;55.500;06/03/2026;00:00:00;06/03/2026;0;55.500;0;0;10130299;20;R;1;4600003165;0,00;0;0;0,00;0;;C1;G;;;;;;;;;4500147685;ZF 1302603;X;19;;1012974    FRONTEC INDUSTRIA DE COMPONENTES DE;2;;;;;110;20;;;;0;0;1012974    FRONTEC INDUSTRIA DE COM;OA01;0;;55.500;55.500;0;0;0;5300011971;;;;;;UN;UN;0;0,00;0,00;8.258,40;0,00;0,00
1;NB;F;GAE;;26/02/2026;803129;ABRACADEIRA NYLON 5MMX300MM;MC02901;;;;CDFL;CUST;400;UN;0,33;BRL;1;400;06/03/2026;00:00:00;06/03/2026;0;400;0;0;10130299;30;R;1;4600003165;0,00;0;0;0,00;0;;C1;G;;;;;;;;;4500147685;ZF 1302603;X;19;;1012974    FRONTEC INDUSTRIA DE COMPONENTES DE;2;;;;;120;30;;;;0;0;1012974    FRONTEC INDUSTRIA DE COM;OA01;0;;400;400;0;0;0;5300027307;;;;;;UN;UN;0;0,00;0,00;133,92;0,00;0,00
1;NB;F;GAE;;06/03/2026;410177;ABRACADEIRA AÇO INOX 304 – 362X7,90MM;MC02901;;;;CDFL;INVT;23.296;UN;1,72;BRL;1;23.296;26/03/2026;00:00:00;26/03/2026;0;10.000;0;0;10128879;10;R;1;4600003494;22.875,77;13.296;13.296;22.875,77;0;;C1;G;;;;;;;;;4500148303;ZF 1302603;X;19;;1012974    FRONTEC INDUSTRIA DE COMPONENTES DE;2;;;;;10;10;;;;0;0;1012974    FRONTEC INDUSTRIA DE COM;OA01;0;;23.296;10.000;0;0;0;5300031735;;;;;;UN;UN;0;0,00;0,00;40.080,77;0,00;0,00
1;NB;F;A13;;23/03/2026;403499;ABRACADEIRA PLAS 300 X 4,80MM;MC02901;;;;CDFL;INVT;210.400;UN;0,15;BRL;1;210.400;30/03/2026;00:00:00;30/03/2026;0;0;0;0;10131720;10;R;1;;31.307,52;210.400;210.400;31.307,52;0;;C1;G;;;;;;;;;4500150121;ZF 1302603;X;19;;1012974    FRONTEC INDUSTRIA DE COMPONENTES DE;2;;;;;0;10;;;;0;0;1012974    FRONTEC INDUSTRIA DE COM;OA01;0;;210.400;0;0;0;0;5300011971;;;;;;UN;UN;0;0,00;0,00;31.307,52;0,00;0,00
1;NB;F;A13;;23/03/2026;403602;ABRACADEIRA PLAS UV 525X8,90MM TRI;MC02901;;;;CDFL;INVT;113.300;UN;0,49;BRL;1;113.300;30/03/2026;00:00:00;30/03/2026;0;0;0;0;10131720;20;R;1;;55.845,57;113.300;113.300;55.845,57;0;;C1;G;;;;;;;;;4500150121;ZF 1302603;X;19;;1012974    FRONTEC INDUSTRIA DE COMPONENTES DE;2;;;;;0;20;;;;0;0;1012974    FRONTEC INDUSTRIA DE COM;OA01;0;;113.300;0;0;0;0;5300027310;;;;;;UN;UN;0;0,00;0,00;55.845,57;0,00;0,00
1;NB;F;GAE;;20/02/2026;408995;GRAMPO ANCOR UNIVERSAL 35MM2 A 185MM2;MC12002;;;;CDFL;INVT;1.138;UN;20,41;BRL;1;1.138;06/04/2026;00:00:00;06/04/2026;0;0;0;0;10128117;10;R;1;;23.230,56;1.138;1.138;23.230,56;0;;C1;G;;;;;;;;;4500147281;ZF 1302603;X;19;;1013036    ISOPOWER INDUSTRIA E COMERCIO DE PR;2;;;;;0;10;;;;0;0;1013036    ISOPOWER INDUSTRIA E COM;OA01;0;;1.138;0;0;0;0;5300021072;;;;;;UN;UN;0;0,00;0,00;23.230,56;0,00;0,00
1;NB;F;A03;;03/03/2026;403804;ALCA PREFORM 6,4MM 1/4P AM 635MM;MC11001;;;;CDFL;INVT;1.300;UN;5,49;BRL;1;1.300;03/05/2026;00:00:00;12/04/2026;0;0;0;0;10129046;20;R;1;4600003500;7.133,10;1.300;1.300;7.133,10;0;;C1;G;;;;;;;;;4500148066;ZF 1302603;X;19;;1013808    PREFORMAX DO BRASIL LTDA;2;;;;;10;10;;;;0;0;1013808    PREFORMAX DO BRASIL LTDA;OA01;0;;1.300;0;0;0;0;5300017313;;;;;;UN;UN;0;0,00;0,00;7.133,10;0,00;0,00
1;NB;F;A03;;04/03/2026;400359;ALCA PREFORM ESTAI 3/8P 9,5MM 889MM;MC11001;;;;CDFL;INVT;963;UN;16,09;BRL;1;963;13/04/2026;00:00:00;13/04/2026;0;0;0;0;10130250;10;R;1;4600003517;15.493,71;963;963;15.493,71;0;;C1;G;;;;;;;;;4500148096;ZF 1302603;X;19;;1013808    PREFORMAX DO BRASIL LTDA;2;;;;;20;10;;;;0;0;1013808    PREFORMAX DO BRASIL LTDA;OA01;0;;963;0;0;0;0;5300031922;;;;;;UN;UN;0;0,00;0,00;15.493,71;0,00;0,00
1;NB;F;A03;;04/03/2026;403647;ALCA PREFORM CABO CONC 3X95 +70;MC11001;;;;CDFL;INVT;6.930;UN;31,89;BRL;1;6.930;13/04/2026;00:00:00;13/04/2026;0;0;0;0;10130250;30;R;1;4600003517;220.995,62;6.930;6.930;220.995,62;0;;C1;G;;;;;;;;;4500148096;ZF 1302603;X;19;;1013808    PREFORMAX DO BRASIL LTDA;2;;;;;40;30;;;;0;0;1013808    PREFORMAX DO BRASIL LTDA;OA01;0;;6.930;0;0;0;0;5300031923;;;;;;UN;UN;0;0,00;0,00;220.995,62;0,00;0,00
1;NB;F;A03;;04/03/2026;410047;ALCA PREFORM CABO CONC  2X25 + 25;MC11001;;;;CDFL;INVT;6.234;UN;7,33;BRL;1;6.234;13/04/2026;00:00:00;13/04/2026;0;0;0;0;10130250;40;R;1;4600003517;45.685,25;6.234;6.234;45.685,25;0;;C1;G;;;;;;;;;4500148096;ZF 1302603;X;19;;1013808    PREFORMAX DO BRASIL LTDA;2;;;;;50;40;;;;0;0;1013808    PREFORMAX DO BRASIL LTDA;OA01;0;;6.234;0;0;0;0;5300031924;;;;;;UN;UN;0;0,00;0,00;45.685,25;0,00;0,00
1;NB;F;A03;;04/03/2026;403580;ALCA PREFORM CABO CONC 3X35 + 35;MC11001;;;;CDFL;INVT;6.162;UN;12,42;BRL;1;6.162;13/04/2026;00:00:00;13/04/2026;0;0;0;0;10130250;50;R;1;4600003517;76.561,62;6.162;6.162;76.561,62;0;;C1;G;;;;;;;;;4500148096;ZF 1302603;X;19;;1013808    PREFORMAX DO BRASIL LTDA;2;;;;;60;50;;;;0;0;1013808    PREFORMAX DO BRASIL LTDA;OA01;0;;6.162;0;0;0;0;5300031925;;;;;;UN;UN;0;0,00;0,00;76.561,62;0,00;0,00
1;NB;F;A03;;04/03/2026;403675;ALCA PREFORM CABO CONC  3X25 + 25;MC11001;;;;CDFL;INVT;7.675;UN;7,69;BRL;1;7.675;13/04/2026;00:00:00;13/04/2026;0;0;0;0;10130250;60;R;1;4600003517;59.029,19;7.675;7.675;59.029,19;0;;C1;G;;;;;;;;;4500148096;ZF 1302603;X;19;;1013808    PREFORMAX DO BRASIL LTDA;2;;;;;70;60;;;;0;0;1013808    PREFORMAX DO BRASIL LTDA;OA01;0;;7.675;0;0;0;0;5300031926;;;;;;UN;UN;0;0,00;0,00;59.029,19;0,00;0,00
1;NB;F;A03;;04/03/2026;802405;ALCA PREFORM 6,4MM 1/4P AM 635MM;MC11001;;;;CDFL;CUST;85;UN;5,77;BRL;1;85;13/04/2026;00:00:00;13/04/2026;0;0;0;0;10130250;70;R;1;4600003517;490,11;85;85;490,11;0;;C1;G;;;;;;;;;4500148096;ZF 1302603;X;19;;1013808    PREFORMAX DO BRASIL LTDA;2;;;;;80;70;;;;0;0;1013808    PREFORMAX DO BRASIL LTDA;OA01;0;;85;0;0;0;0;5300016023;;;;;;UN;UN;0;0,00;0,00;490,11;0,00;0,00
1;NB;F;A03;;11/03/2026;403804;ALCA PREFORM 6,4MM 1/4P AM 635MM;MC11001;;;;CDFL;INVT;8.994;UN;5,49;BRL;1;8.994;13/04/2026;00:00:00;13/04/2026;0;0;0;0;10130250;20;R;1;4600003500;49.350,08;8.994;8.994;49.350,08;0;;C1;G;;;;;;;;;4500148914;ZF 1302603;X;19;;1013808    PREFORMAX DO BRASIL LTDA;2;;;;;20;10;;;;0;0;1013808    PREFORMAX DO BRASIL LTDA;OA01;0;;8.994;0;0;0;0;5300017313;;;;;;UN;UN;0;0,00;0,00;49.350,08;0,00;0,00
1;NB;F;GAE;;27/03/2026;403804;ALCA PREFORM 6,4MM 1/4P AM 635MM;MC11001;;;;CDFL;INVT;2.029;UN;5,49;BRL;1;2.029;26/03/2026;00:00:00;26/03/2026;0;0;0;0;10132638;10;R;1;4600003517;11.133,12;2.029;2.029;11.133,12;0;;C1;;;;;;;;;;4500150248;ZF 1302603;;;;1013808    PREFORMAX DO BRASIL LTDA;;;;X;;90;10;;;;0;0;1013808    PREFORMAX DO BRASIL LTDA;OA01;0;;2.029;0;0;0;0;5300017313;;;;;;UN;UN;0;0,00;0,00;11.133,12;0,00;0,00
1;NB;F;GAE;;27/03/2026;403647;ALCA PREFORM CABO CONC 3X95 +70;MC11001;;;;CDFL;INVT;122;UN;31,89;BRL;1;122;26/03/2026;00:00:00;26/03/2026;0;0;0;0;10132638;20;R;1;4600003517;3.890,54;122;122;3.890,54;0;;C1;;;;;;;;;;4500150248;ZF 1302603;;;;1013808    PREFORMAX DO BRASIL LTDA;;;;X;;100;20;;;;0;0;1013808    PREFORMAX DO BRASIL LTDA;OA01;0;;122;0;0;0;0;5300031923;;;;;;UN;UN;0;0,00;0,00;3.890,54;0,00;0,00
1;NB;F;GAE;;27/03/2026;410047;ALCA PREFORM CABO CONC  2X25 + 25;MC11001;;;;CDFL;INVT;1.856;UN;7,33;BRL;1;1.856;26/03/2026;00:00:00;26/03/2026;0;0;0;0;10132638;30;R;1;4600003517;13.601,51;1.856;1.856;13.601,51;0;;C1;;;;;;;;;;4500150248;ZF 1302603;;;;1013808    PREFORMAX DO BRASIL LTDA;;;;X;;110;30;;;;0;0;1013808    PREFORMAX DO BRASIL LTDA;OA01;0;;1.856;0;0;0;0;5300031924;;;;;;UN;UN;0;0,00;0,00;13.601,51;0,00;0,00
1;NB;F;GAE;;27/03/2026;403580;ALCA PREFORM CABO CONC 3X35 + 35;MC11001;;;;CDFL;INVT;6.609;UN;12,42;BRL;1;6.609;26/03/2026;00:00:00;26/03/2026;0;0;0;0;10132638;40;R;1;4600003517;82.115,50;6.609;6.609;82.115,50;0;;C1;;;;;;;;;;4500150248;ZF 1302603;;;;1013808    PREFORMAX DO BRASIL LTDA;;;;X;;120;40;;;;0;0;1013808    PREFORMAX DO BRASIL LTDA;OA01;0;;6.609;0;0;0;0;5300031925;;;;;;UN;UN;0;0,00;0,00;82.115,50;0,00;0,00
1;NB;F;A14;;09/02/2026;402587;FITA ISOL EPR 0,76X19MM 10M PT;MC10903;;;;CDFL;INVT;1.521;UN;24,18;BRL;1;1.521;20/02/2026;00:00:00;20/02/2026;0;1.521;0;0;10102704;50;R;1;4600003164;0,00;0;0;0,00;0;;C1;G;;;;;;;;;4500145339;ZF 1302603;X;19;;1014880    ANDRA S A ELECTRIC SOLUTIONS;2;;;;;10;10;;;;0;0;1014880    ANDRA S A ELECTRIC SOLUT;OA01;0;;1.521;1.521;0;0;0;5300027314;;;;;;UN;UN;0;0,00;0,00;36.777,78;0,00;0,00
1;NB;F;A14;;09/02/2026;800344;FITA ISOL EPR 0,76X19MM 10M PT;MC10903;;;;CDFL;CUST;1.380;UN;24,18;BRL;1;1.380;20/02/2026;00:00:00;20/02/2026;0;1.380;0;0;10102704;90;R;1;4600003164;0,00;0;0;0,00;0;;C1;G;;;;;;;;;4500145339;ZF 1302603;X;19;;1014880    ANDRA S A ELECTRIC SOLUTIONS;2;;;;;20;20;;;;0;0;1014880    ANDRA S A ELECTRIC SOLUT;OA01;0;;1.380;1.380;0;0;0;5300027313;;;;;;UN;UN;0;0,00;0,00;33.368,40;0,00;0,00
1;NB;F;A14;;09/02/2026;800852;FITA ISOLANTE ELET PVC 19X0,19MM 20M PT;MC10903;;;;CDFL;CUST;1.155;UN;20,12;BRL;1;1.155;20/02/2026;00:00:00;20/02/2026;0;1.155;0;0;10102704;120;R;1;4600003164;0,00;0;0;0,00;0;;C1;G;;;;;;;;;4500145339;ZF 1302603;X;19;;1014880    ANDRA S A ELECTRIC SOLUTIONS;2;;;;;30;30;;;;0;0;1014880    ANDRA S A ELECTRIC SOLUT;OA01;0;;1.155;1.155;0;0;0;5300027315;;;;;;UN;UN;0;0,00;0,00;23.233,86;0,00;0,00
1;ZCDR;F;GAE;;03/03/2026;410200; CONECTOR COMP TIPO H 95-95;MC12002;;;;CDFL;INVT;2.820;UN;9,77;BRL;1;2.820;03/03/2026;00:00:00;03/03/2026;0;2.820;0;0;10130522;10;R;1;;0,00;0;0;0,00;0;;C1;G;;;;;;;;;4500147933;ZF 1302603;X;17;;1014880    ANDRA S A ELECTRIC SOLUTIONS;2;;;;;0;10;;;;0;0;1014880    ANDRA S A ELECTRIC SOLUT;OA01;0;;2.820;2.820;0;0;0;5300031962;;;;;;UN;UN;0;0,00;0,00;27.537,30;0,00;0,00
1;NB;F;GAE;;11/03/2026;402331;BRACO C/GRAMPO SUSPE SECU 500DAN;MC12002;;;;CDFL;INVT;303;UN;53,95;BRL;1;303;12/03/2026;00:00:00;12/03/2026;0;303;0;0;10131430;10;R;1;;0,00;0;0;0,00;0;;C0;G;;;;;;;;;4500148670;ZF 1302603;X;19;;1016114    B A ELETRICA LTDA;2;;;;;0;10;;;;0;0;1016114    B A ELETRICA LTDA;OA01;0;;303;303;0;0;0;5300031973;;;;;;UN;UN;0;0,00;0,00;16.346,85;0,00;0,00
1;NB;F;A15;;11/02/2026;401823;CORDOALHA AC 6,3MM 1/4P 7F;MC10001;;;;CDFL;INVT;2.500;KG;22,92;BRL;1;2.500;26/03/2026;00:00:00;30/03/2026;0;0;0;0;10123273;10;R;1;4600003135;57.311,25;2.500;2.500;57.311,25;0;;C1;G;;;;;;;;;4500145805;ZF 1302603;X;19;;1018867    JCARVALHO CABOS LTDA;2;;;;;30;10;;;;0;0;1018867    JCARVALHO CABOS LTDA;OA01;0;;2.500;0;0;0;0;5300029162;;;;;;KG;KG;0;0,00;0,00;57.311,25;0,00;0,00
1;NB;F;GAE;;12/03/2026;401823;CORDOALHA AC 6,3MM 1/4P 7F;MC10001;;;;CDFL;INVT;13.000;KG;22,92;BRL;1;13.000;26/04/2026;00:00:00;26/04/2026;0;0;0;0;10130641;10;R;1;;298.018,50;13.000;13.000;298.018,50;0;;C1;G;;;;;;;;;4500149141;ZF 1302603;X;19;;1018867    JCARVALHO CABOS LTDA;2;;;;;0;10;;;;0;0;1018867    JCARVALHO CABOS LTDA;OA01;0;;13.000;0;0;0;0;5300029162;;;;;;KG;KG;0;0,00;0,00;298.018,50;0,00;0,00
1;NB;F;A03;;03/02/2026;404732;CONECTOR PERFUR 50-185MM MED TENSAO 15KV;MC10301;;;;CDFL;INVT;1.414;UN;75,68;BRL;1;1.414;25/03/2026;00:00:00;25/03/2026;0;1.000;0;0;10100803;80;R;1;4600003055;31.331,52;414;414;31.331,52;0;;C1;G;;;;;;;;;4500144973;ZF 1302603;X;19;;1020062    CROSSFOX COMERCIO;2;;;;;20;10;;;;0;0;1020062    CROSSFOX COMERCIO;OA01;0;;1.414;1.000;0;0;0;5300026647;;;;;;UN;UN;0;0,00;0,00;107.011,52;0,00;0,00
1;NB;F;A03;;03/02/2026;800872;CONECTOR AUTO PERF DU 70-240 / 70-240MM2;MC12002;;;;CDFL;CUST;1.088;UN;45,58;BRL;1;1.088;25/03/2026;00:00:00;25/03/2026;0;1.088;0;0;10100803;60;R;1;4600003055;0,00;0;0;0,00;0;;C1;G;;;;;;;;;4500144973;ZF 1302603;X;19;;1020062    CROSSFOX COMERCIO;2;;;;;60;20;;;;0;0;1020062    CROSSFOX COMERCIO;OA01;0;;1.088;1.088;0;0;0;5300027746;;;;;;UN;UN;0;0,00;0,00;49.595,39;0,00;0,00
1;NB;F;A03;;03/02/2026;803344;CONECTOR PERFUR 50-185MM MED TENSAO 15KV;MC10301;;;;CDFL;CUST;3.486;UN;75,68;BRL;1;3.486;25/03/2026;00:00:00;25/03/2026;0;0;0;0;10100803;40;R;1;4600003055;263.820,48;3.486;3.486;263.820,48;0;;C1;G;;;;;;;;;4500144973;ZF 1302603;X;19;;1020062    CROSSFOX COMERCIO;2;;;;;40;30;;;;0;0;1020062    CROSSFOX COMERCIO;OA01;0;;3.486;0;0;0;0;5300026648;;;;;;UN;UN;0;0,00;0,00;263.820,48;0,00;0,00
1;NB;F;A03;;09/02/2026;404732;CONECTOR PERFUR 50-185MM MED TENSAO 15KV;MC10301;;;;CDFL;INVT;153;UN;75,68;BRL;1;153;23/03/2026;00:00:00;23/03/2026;0;0;0;0;10100803;70;R;1;4600003055;11.579,04;153;153;11.579,04;0;;C1;G;;;;;;;;;4500145290;ZF 1302603;X;19;;1020062    CROSSFOX COMERCIO;2;;;;;20;10;;;;0;0;1020062    CROSSFOX COMERCIO;OA01;0;;153;0;0;0;0;5300026647;;;;;;UN;UN;0;0,00;0,00;11.579,04;0,00;0,00
1;NB;F;A01;;03/03/2026;400506;CONECTOR DER CU 13-34MM2;MC12002;;;;CDFL;INVT;1.000;UN;8,36;BRL;1;1.000;20/04/2026;00:00:00;20/04/2026;0;0;0;0;10130253;20;R;1;4600003515;8.360,00;1.000;1.000;8.360,00;0;;C1;G;;;;;;;;;4500148053;ZF 1302603;X;19;;1020062    CROSSFOX COMERCIO;2;;;;;20;10;;;;0;0;1020062    CROSSFOX COMERCIO;OA01;0;;1.000;0;0;0;0;5300031897;;;;;;UN;UN;0;0,00;0,00;8.360,00;0,00;0,00
1;NB;F;A01;;03/03/2026;404732;CONECTOR PERFUR 50-185MM MED TENSAO 15KV;MC10301;;;;CDFL;INVT;2.000;UN;75,68;BRL;1;2.000;20/04/2026;00:00:00;20/04/2026;0;0;0;0;10130253;30;R;1;4600003515;151.360,00;2.000;2.000;151.360,00;0;;C1;G;;;;;;;;;4500148053;ZF 1302603;X;19;;1020062    CROSSFOX COMERCIO;2;;;;;30;20;;;;0;0;1020062    CROSSFOX COMERCIO;OA01;0;;2.000;0;0;0;0;5300026647;;;;;;UN;UN;0;0,00;0,00;151.360,00;0,00;0,00
1;NB;F;A01;;03/03/2026;400790;CONECTOR ATERR REFORÇ HAST/CAB 5/8-35MM2;MC10301;;;;CDFL;INVT;5.500;UN;11,62;BRL;1;5.500;20/04/2026;00:00:00;20/04/2026;0;0;0;0;10130253;40;R;1;4600003515;63.888,00;5.500;5.500;63.888,00;0;;C1;G;;;;;;;;;4500148053;ZF 1302603;X;19;;1020062    CROSSFOX COMERCIO;2;;;;;40;30;;;;0;0;1020062    CROSSFOX COMERCIO;OA01;0;;5.500;0;0;0;0;5300031898;;;;;;UN;UN;0;0,00;0,00;63.888,00;0,00;0,00
1;NB;F;A01;;03/03/2026;405537;CONECTOR PERF PRINC 16-120 DER 4-36 2AMP;MC10301;;;;CDFL;INVT;7.000;UN;11,00;BRL;1;7.000;20/04/2026;00:00:00;20/04/2026;0;0;0;0;10130253;50;R;1;4600003515;77.000,00;7.000;7.000;77.000,00;0;;C1;G;;;;;;;;;4500148053;ZF 1302603;X;19;;1020062    CROSSFOX COMERCIO;2;;;;;50;40;;;;0;0;1020062    CROSSFOX COMERCIO;OA01;0;;7.000;0;0;0;0;5300031899;;;;;;UN;UN;0;0,00;0,00;77.000,00;0,00;0,00
1;NB;F;A01;;03/03/2026;801215;CONECTOR DER CU 13-34MM2;MC12002;;;;CDFL;CUST;1.044;UN;8,36;BRL;1;1.044;20/04/2026;00:00:00;20/04/2026;0;0;0;0;10130253;80;R;1;4600003515;8.727,84;1.044;0;0,00;0;;C1;G;;;;;;;;;4500148053;ZF 1302603;X;19;;1020062    CROSSFOX COMERCIO;2;;;;;60;50;;;;0;0;1020062    CROSSFOX COMERCIO;OA01;0;;1.044;0;0;0;0;5300031900;;;;;;UN;UN;0;0,00;0,00;8.727,84;0,00;0,00
1;NB;F;A01;;25/03/2026;401500;CONECTOR DER CUNHA AL 2/0AWG 4/0AWG;MC12002;;;;CDFL;INVT;582;UN;13,90;BRL;1;582;09/05/2026;00:00:00;09/05/2026;0;0;0;0;10130253;10;R;1;4600003515;8.092,13;582;582;8.092,13;0;;C1;G;;;;;;;;;4500150195;ZF 1302603;X;19;;1020062    CROSSFOX COMERCIO;2;;;;;10;10;;;;0;0;1020062    CROSSFOX COMERCIO;OA01;0;;582;0;0;0;0;5300032213;;;;;;UN;UN;0;0,00;0,00;8.092,13;0,00;0,00
1;NB;F;A01;;27/03/2026;404732;CONECTOR PERFUR 50-185MM MED TENSAO 15KV;MC10301;;;;CDFL;INVT;4.000;UN;75,68;BRL;1;4.000;11/05/2026;00:00:00;11/05/2026;0;0;0;0;10130253;30;R;1;4600003515;302.720,00;4.000;4.000;302.720,00;0;;C1;;;;;;;;;;4500150257;ZF 1302603;;;;1020062    CROSSFOX COMERCIO;;;;X;;30;10;;;;0;0;1020062    CROSSFOX COMERCIO;OA01;0;;4.000;0;0;0;0;5300026647;;;;;;UN;UN;0;0,00;0,00;302.720,00;0,00;0,00
1;NB;F;A12;;11/02/2026;409258;TERMINAL A COMP OLHAL BIMETALICO 150MM2;MC10401;;;;CDFL;INVT;100;UN;42,87;BRL;1;100;17/04/2026;00:00:00;17/04/2026;0;0;0;0;10102584;20;R;1;4600003117;4.287,30;100;100;4.287,30;0;;C1;G;;;;;;;;;4500145810;ZF 1302603;X;19;;1020771    ELETRO EPI COMERCIO E DISTRIBUICAO;2;;;;;20;10;;;;0;0;1020771    ELETRO EPI COMERCIO E DI;OA01;0;;100;0;0;0;0;5300031647;;;;;;UN;UN;0;0,00;0,00;4.287,30;0,00;0,00
1;NB;F;A12;;11/02/2026;409259;TERMINAL A COMP OLHAL BIMETALICO 185MM2;MC10401;;;;CDFL;INVT;100;UN;65,38;BRL;1;100;17/04/2026;00:00:00;17/04/2026;0;0;0;0;10102584;30;R;1;4600003117;6.537,90;100;100;6.537,90;0;;C1;G;;;;;;;;;4500145810;ZF 1302603;X;19;;1020771    ELETRO EPI COMERCIO E DISTRIBUICAO;2;;;;;30;20;;;;0;0;1020771    ELETRO EPI COMERCIO E DI;OA01;0;;100;0;0;0;0;5300031648;;;;;;UN;UN;0;0,00;0,00;6.537,90;0,00;0,00
1;NB;F;A12;;11/02/2026;409260;TERMINAL A COMP PARA BORNE PINO 95MM;MC10401;;;;CDFL;INVT;40;UN;16,28;BRL;1;40;17/04/2026;00:00:00;17/04/2026;0;0;0;0;10102584;40;R;1;4600003117;651,00;40;40;651,00;0;;C1;G;;;;;;;;;4500145810;ZF 1302603;X;19;;1020771    ELETRO EPI COMERCIO E DISTRIBUICAO;2;;;;;40;30;;;;0;0;1020771    ELETRO EPI COMERCIO E DI;OA01;0;;40;0;0;0;0;5300031649;;;;;;UN;UN;0;0,00;0,00;651,00;0,00;0,00
1;NB;F;GAE;;15/01/2026;402312;OLHAL PARAFUSO AC 16MM 5000DAN;MC10401;;;;CDFL;INVT;6.635;UN;14,28;BRL;1;6.635;16/04/2026;00:00:00;24/03/2026;0;0;0;0;10094824;120;R;1;4600002961;94.717,94;6.635;6.635;94.717,94;0;;C1;G;;;;;;;;;4500142861;ZF 1302603;X;19;;1021472    VOLTZ INDUSTRIA E COMERCIO DE MATER;2;;;;;260;10;;;;0;0;1021472    VOLTZ INDUSTRIA E COMERC;OA01;0;;6.635;0;0;0;0;5300025203;;;;;;UN;UN;0;0,00;0,00;94.717,94;0,00;0,00
1;NB;F;GAE;;15/01/2026;400974;PORCA QUADRADA AC 16MM 2MM;MC01301;;;;CDFL;INVT;10.000;UN;2,42;BRL;1;10.000;16/04/2026;00:00:00;24/03/2026;0;0;0;0;10094824;150;R;1;4600002961;24.180,00;10.000;10.000;24.180,00;0;;C1;G;;;;;;;;;4500142861;ZF 1302603;X;19;;1021472    VOLTZ INDUSTRIA E COMERCIO DE MATER;2;;;;;290;20;;;;0;0;1021472    VOLTZ INDUSTRIA E COMERC;OA01;0;;10.000;0;0;0;0;5300025200;;;;;;UN;UN;0;0,00;0,00;24.180,00;0,00;0,00
1;NB;F;A03;;15/01/2026;801047;ARRUELA LIS QD AC 17MM 11/16 57X57MM 5MM;MC01301;;;;CDFL;CUST;666;UN;2,72;BRL;1;666;16/04/2026;00:00:00;26/03/2026;0;0;0;0;10100429;10;R;1;4600003061;1.814,78;666;666;1.814,78;0;;C1;G;;;;;;;;;4500142962;ZF 1302603;X;19;;1021472    VOLTZ INDUSTRIA E COMERCIO DE MATER;2;;;;;10;10;;;;0;0;1021472    VOLTZ INDUSTRIA E COMERC;OA01;0;;666;0;0;0;0;5300026643;;;;;;UN;UN;0;0,00;0,00;1.814,78;0,00;0,00
1;NB;F;A03;;15/01/2026;400193;PARAFUSO OLHAL AC 5/8P 20P;MC01301;;;;CDFL;INVT;927;UN;27,77;BRL;1;927;16/04/2026;00:00:00;26/03/2026;0;0;0;0;10100429;80;R;1;4600003061;25.742,60;927;927;25.742,60;0;;C1;G;;;;;;;;;4500142962;ZF 1302603;X;19;;1021472    VOLTZ INDUSTRIA E COMERCIO DE MATER;2;;;;;80;20;;;;0;0;1021472    VOLTZ INDUSTRIA E COMERC;OA01;0;;927;0;0;0;0;5300026638;;;;;;UN;UN;0;0,00;0,00;25.742,60;0,00;0,00
1;NB;F;A03;;15/01/2026;402448;PARAFUSO OLH AC 5/8P 24P;MC01301;;;;CDFL;INVT;243;UN;27,80;BRL;1;243;16/04/2026;00:00:00;26/03/2026;0;0;0;0;10100429;100;R;1;4600003061;6.754,84;243;243;6.754,84;0;;C1;G;;;;;;;;;4500142962;ZF 1302603;X;19;;1021472    VOLTZ INDUSTRIA E COMERCIO DE MATER;2;;;;;100;30;;;;0;0;1021472    VOLTZ INDUSTRIA E COMERC;OA01;0;;243;0;0;0;0;5300026641;;;;;;UN;UN;0;0,00;0,00;6.754,84;0,00;0,00
1;NB;F;A03;;15/01/2026;800528;PARAFUSO OLH AC 5/8P 650MM;MC01301;;;;CDFL;CUST;479;UN;34,98;BRL;1;479;16/04/2026;00:00:00;26/03/2026;0;0;0;0;10100429;60;R;1;4600003061;16.754,13;479;479;16.754,13;0;;C1;G;;;;;;;;;4500142962;ZF 1302603;X;19;;1021472    VOLTZ INDUSTRIA E COMERCIO DE MATER;2;;;;;60;40;;;;0;0;1021472    VOLTZ INDUSTRIA E COMERC;OA01;0;;479;0;0;0;0;5300029146;;;;;;UN;UN;0;0,00;0,00;16.754,13;0,00;0,00
1;NB;F;A03;;15/01/2026;800982;PARAFUSO OLHAL AC 5/8P 20P;MC01301;;;;CDFL;CUST;1.284;UN;27,77;BRL;1;1.284;16/04/2026;00:00:00;26/03/2026;0;0;0;0;10100429;20;R;1;4600003061;35.656,42;1.284;1.284;35.656,42;0;;C1;G;;;;;;;;;4500142962;ZF 1302603;X;19;;1021472    VOLTZ INDUSTRIA E COMERCIO DE MATER;2;;;;;20;50;;;;0;0;1021472    VOLTZ INDUSTRIA E COMERC;OA01;0;;1.284;0;0;0;0;5300026642;;;;;;UN;UN;0;0,00;0,00;35.656,42;0,00;0,00
1;NB;F;A03;;15/01/2026;801225;PARAFUSO OLH AC 5/8P 24P;MC01301;;;;CDFL;CUST;351;UN;27,80;BRL;1;351;16/04/2026;00:00:00;26/03/2026;0;0;0;0;10100429;50;R;1;4600003061;9.756,99;351;351;9.756,99;0;;C1;G;;;;;;;;;4500142962;ZF 1302603;X;19;;1021472    VOLTZ INDUSTRIA E COMERCIO DE MATER;2;;;;;50;60;;;;0;0;1021472    VOLTZ INDUSTRIA E COMERC;OA01;0;;351;0;0;0;0;5300026644;;;;;;UN;UN;0;0,00;0,00;9.756,99;0,00;0,00
1;NB;F;A03;;15/01/2026;402401;PINO ISOLADOR POLIMERICO AC 15KV 200MM;MC10902;;;;CDFL;INVT;3.481;UN;26,58;BRL;1;3.481;16/04/2026;00:00:00;26/03/2026;0;0;0;0;10100429;90;R;1;4600003061;92.522,89;3.481;3.481;92.522,89;0;;C1;G;;;;;;;;;4500142962;ZF 1302603;X;19;;1021472    VOLTZ INDUSTRIA E COMERCIO DE MATER;2;;;;;90;70;;;;0;0;1021472    VOLTZ INDUSTRIA E COMERC;OA01;0;;3.481;0;0;0;0;5300025204;;;;;;UN;UN;0;0,00;0,00;92.522,89;0,00;0,00
1;NB;F;A03;;15/01/2026;801164;PINO ISOLADOR POLIMERICO AC 15KV 200MM;MC10902;;;;CDFL;CUST;1.088;UN;26,58;BRL;1;1.088;16/04/2026;00:00:00;26/03/2026;0;0;0;0;10100429;30;R;1;4600003061;28.918,39;1.088;1.088;28.918,39;0;;C1;G;;;;;;;;;4500142962;ZF 1302603;X;19;;1021472    VOLTZ INDUSTRIA E COMERCIO DE MATER;2;;;;;30;80;;;;0;0;1021472    VOLTZ INDUSTRIA E COMERC;OA01;0;;1.088;0;0;0;0;5300025186;;;;;;UN;UN;0;0,00;0,00;28.918,39;0,00;0,00
1;NB;F;A03;;15/01/2026;400827;ARRUELA LIS QD AC 17MM 11/16 57X57MM 5MM;MC01301;;;;CDFL;INVT;5.165;UN;2,72;BRL;1;5.165;16/04/2026;00:00:00;26/03/2026;0;0;0;0;10100429;70;R;1;4600003061;14.074,11;5.165;5.165;14.074,11;0;;C1;G;;;;;;;;;4500142962;ZF 1302603;X;19;;1021472    VOLTZ INDUSTRIA E COMERCIO DE MATER;2;;;;;70;90;;;;0;0;1021472    VOLTZ INDUSTRIA E COMERC;OA01;0;;5.165;0;0;0;0;5300026639;;;;;;UN;UN;0;0,00;0,00;14.074,11;0,00;0,00
1;NB;F;A03;;05/03/2026;400827;ARRUELA LIS QD AC 17MM 11/16 57X57MM 5MM;MC01301;;;;CDFL;INVT;58.881;UN;2,72;BRL;1;58.881;03/05/2026;00:00:00;03/05/2026;0;0;0;0;10100429;70;R;1;4600003061;160.444,84;58.881;58.881;160.444,84;0;;C1;G;;;;;;;;;4500148260;ZF 1302603;X;19;;1021472    VOLTZ INDUSTRIA E COMERCIO DE MATER;2;;;;;70;10;;;;0;0;1021472    VOLTZ INDUSTRIA E COMERC;OA01;0;;58.881;0;0;0;0;5300026639;;;;;;UN;UN;0;0,00;0,00;160.444,84;0,00;0,00
1;NB;F;A03;;05/03/2026;402448;PARAFUSO OLH AC 5/8P 24P;MC01301;;;;CDFL;INVT;120;UN;27,80;BRL;1;120;03/05/2026;00:00:00;03/05/2026;0;0;0;0;10100429;100;R;1;4600003061;3.335,72;120;120;3.335,72;0;;C1;G;;;;;;;;;4500148260;ZF 1302603;X;19;;1021472    VOLTZ INDUSTRIA E COMERCIO DE MATER;2;;;;;100;20;;;;0;0;1021472    VOLTZ INDUSTRIA E COMERC;OA01;0;;120;0;0;0;0;5300026641;;;;;;UN;UN;0;0,00;0,00;3.335,72;0,00;0,00
1;NB;F;A03;;05/03/2026;402401;PINO ISOLADOR POLIMERICO AC 15KV 200MM;MC10902;;;;CDFL;INVT;1.027;UN;26,58;BRL;1;1.027;03/05/2026;00:00:00;03/05/2026;0;0;0;0;10100429;90;R;1;4600003061;27.297,04;1.027;1.027;27.297,04;0;;C1;G;;;;;;;;;4500148260;ZF 1302603;X;19;;1021472    VOLTZ INDUSTRIA E COMERCIO DE MATER;2;;;;;90;30;;;;0;0;1021472    VOLTZ INDUSTRIA E COMERC;OA01;0;;1.027;0;0;0;0;5300025204;;;;;;UN;UN;0;0,00;0,00;27.297,04;0,00;0,00
1;NB;F;A03;;05/03/2026;801047;ARRUELA LIS QD AC 17MM 11/16 57X57MM 5MM;MC01301;;;;CDFL;CUST;6.703;UN;2,72;BRL;1;6.703;03/05/2026;00:00:00;03/05/2026;0;0;0;0;10100429;10;R;1;4600003061;18.265,00;6.703;6.703;18.265,00;0;;C1;G;;;;;;;;;4500148260;ZF 1302603;X;19;;1021472    VOLTZ INDUSTRIA E COMERCIO DE MATER;2;;;;;10;40;;;;0;0;1021472    VOLTZ INDUSTRIA E COMERC;OA01;0;;6.703;0;0;0;0;5300026643;;;;;;UN;UN;0;0,00;0,00;18.265,00;0,00;0,00
1;NB;F;A03;;05/03/2026;401497;ARRUELA PRES AC PARAF 3/8P 15MM;MC01301;;;;CDFL;INVT;638;UN;1,85;BRL;1;638;03/05/2026;00:00:00;03/05/2026;0;0;0;0;10100429;110;R;1;4600003061;1.180,75;638;638;1.180,75;0;;C1;G;;;;;;;;;4500148260;ZF 1302603;X;19;;1021472    VOLTZ INDUSTRIA E COMERCIO DE MATER;2;;;;;110;50;;;;0;0;1021472    VOLTZ INDUSTRIA E COMERC;OA01;0;;638;0;0;0;0;5300026640;;;;;;UN;UN;0;0,00;0,00;1.180,75;0,00;0,00
1;NB;F;A03;;05/03/2026;800499;MAO-FRANCESA NORMAL AC 710X32X6,5MM;MC10701;;;;CDFL;CUST;1.993;UN;18,46;BRL;1;1.993;03/05/2026;00:00:00;03/05/2026;0;0;0;0;10101048;210;R;1;4600003078;36.791,78;1.993;1.993;36.791,78;0;;C1;G;;;;;;;;;4500148261;ZF 1302603;X;19;;1021472    VOLTZ INDUSTRIA E COMERCIO DE MATER;2;;;;;20;10;;;;0;0;1021472    VOLTZ INDUSTRIA E COMERC;OA01;0;;1.993;0;0;0;0;5300028203;;;;;;UN;UN;0;0,00;0,00;36.791,78;0,00;0,00
1;NB;F;A03;;05/03/2026;401117;MAO-FRANCESA NORMAL AC 710X32X6,5MM;MC10701;;;;CDFL;INVT;9.520;UN;18,46;BRL;1;9.520;03/05/2026;00:00:00;03/05/2026;0;0;0;0;10101048;10;R;1;4600003078;175.743,96;9.520;9.520;175.743,96;0;;C1;G;;;;;;;;;4500148261;ZF 1302603;X;19;;1021472    VOLTZ INDUSTRIA E COMERCIO DE MATER;2;;;;;10;20;;;;0;0;1021472    VOLTZ INDUSTRIA E COMERC;OA01;0;;9.520;0;0;0;0;5300031931;;;;;;UN;UN;0;0,00;0,00;175.743,96;0,00;0,00
1;NB;F;A03;;22/01/2026;402117;ELO FUSIVEL BOTAO DISTRIB K 20A 500MM;MC10801;;;;CDFL;INVT;210;UN;4,82;BRL;1;210;20/03/2026;00:00:00;20/03/2026;0;0;0;0;10100117;210;R;1;4600003057;1.011,65;210;210;1.011,65;0;;C1;G;;;;;;;;;4500144413;ZF 1302603;X;19;;1024046    ELETRO FUSI INDUSTRIA ELETROMETALUR;2;;;;;210;10;;;;0;0;1024046    ELETRO FUSI INDUSTRIA EL;OA01;0;;210;0;0;0;0;5300026752;;;;;;UN;UN;0;0,00;0,00;1.011,65;0,00;0,00
1;NB;F;A03;;22/01/2026;402265;ELO FUSIVEL BOTAO DISTRIB H 3A 500MM;MC10801;;;;CDFL;INVT;348;UN;4,77;BRL;1;348;20/03/2026;00:00:00;20/03/2026;0;0;0;0;10100117;70;R;1;4600003057;1.660,27;348;348;1.660,27;0;;C1;G;;;;;;;;;4500144413;ZF 1302603;X;19;;1024046    ELETRO FUSI INDUSTRIA ELETROMETALUR;2;;;;;70;20;;;;0;0;1024046    ELETRO FUSI INDUSTRIA EL;OA01;0;;348;0;0;0;0;5300028248;;;;;;UN;UN;0;0,00;0,00;1.660,27;0,00;0,00
1;NB;F;A03;;22/01/2026;801010;ELO FUSIVEL BOTAO DISTRIB H 3A 500MM;MC10801;;;;CDFL;CUST;2.646;UN;4,77;BRL;1;2.646;20/03/2026;00:00:00;20/03/2026;0;0;0;0;10100117;170;R;1;4600003057;12.623,80;2.646;2.646;12.623,80;0;;C1;G;;;;;;;;;4500144413;ZF 1302603;X;19;;1024046    ELETRO FUSI INDUSTRIA ELETROMETALUR;2;;;;;170;30;;;;0;0;1024046    ELETRO FUSI INDUSTRIA EL;OA01;0;;2.646;0;0;0;0;5300027503;;;;;;UN;UN;0;0,00;0,00;12.623,80;0,00;0,00
1;NB;F;A03;;22/01/2026;400805;ELO FUSIVEL BOTAO DISTRIB H 5A 500MM;MC10801;;;;CDFL;INVT;153;UN;4,77;BRL;1;153;20/03/2026;00:00:00;20/03/2026;0;0;0;0;10100117;90;R;1;4600003057;729,95;153;153;729,95;0;;C1;G;;;;;;;;;4500144413;ZF 1302603;X;19;;1024046    ELETRO FUSI INDUSTRIA ELETROMETALUR;2;;;;;90;40;;;;0;0;1024046    ELETRO FUSI INDUSTRIA EL;OA01;0;;153;0;0;0;0;5300031416;;;;;;UN;UN;0;0,00;0,00;729,95;0,00;0,00
1;NB;F;A03;;22/01/2026;801375;ELO FUSIVEL BOTAO DISTRIB H 5A 500MM;MC10801;;;;CDFL;CUST;4.881;UN;4,77;BRL;1;4.881;20/03/2026;00:00:00;20/03/2026;0;0;0;0;10100117;190;R;1;4600003057;23.286,76;4.881;4.881;23.286,76;0;;C1;G;;;;;;;;;4500144413;ZF 1302603;X;19;;1024046    ELETRO FUSI INDUSTRIA ELETROMETALUR;2;;;;;190;50;;;;0;0;1024046    ELETRO FUSI INDUSTRIA EL;OA01;0;;4.881;0;0;0;0;5300027504;;;;;;UN;UN;0;0,00;0,00;23.286,76;0,00;0,00
1;NB;F;A03;;22/01/2026;801352;ELO FUSIVEL BOTAO DISTRIB K 10A 500MM;MC10801;;;;CDFL;CUST;3.390;UN;4,82;BRL;1;3.390;20/03/2026;00:00:00;20/03/2026;0;0;0;0;10100117;150;R;1;4600003057;16.330,99;3.390;3.390;16.330,99;0;;C1;G;;;;;;;;;4500144413;ZF 1302603;X;19;;1024046    ELETRO FUSI INDUSTRIA ELETROMETALUR;2;;;;;150;60;;;;0;0;1024046    ELETRO FUSI INDUSTRIA EL;OA01;0;;3.390;0;0;0;0;5300026744;;;;;;UN;UN;0;0,00;0,00;16.330,99;0,00;0,00
1;NB;F;A03;;22/01/2026;402123;ELO FUSIVEL BOTAO DISTRIB K 12A 500MM;MC10801;;;;CDFL;INVT;140;UN;4,82;BRL;1;140;20/03/2026;00:00:00;20/03/2026;0;0;0;0;10100117;60;R;1;4600003057;674,44;140;140;674,44;0;;C1;G;;;;;;;;;4500144413;ZF 1302603;X;19;;1024046    ELETRO FUSI INDUSTRIA ELETROMETALUR;2;;;;;60;70;;;;0;0;1024046    ELETRO FUSI INDUSTRIA EL;OA01;0;;140;0;0;0;0;5300031417;;;;;;UN;UN;0;0,00;0,00;674,44;0,00;0,00
1;NB;F;A03;;22/01/2026;801303;ELO FUSIVEL BOTAO DISTRIB K 12A 500MM;MC10801;;;;CDFL;CUST;3.587;UN;4,82;BRL;1;3.587;20/03/2026;00:00:00;20/03/2026;0;0;0;0;10100117;160;R;1;4600003057;17.280,01;3.587;3.587;17.280,01;0;;C1;G;;;;;;;;;4500144413;ZF 1302603;X;19;;1024046    ELETRO FUSI INDUSTRIA ELETROMETALUR;2;;;;;160;80;;;;0;0;1024046    ELETRO FUSI INDUSTRIA EL;OA01;0;;3.587;0;0;0;0;5300027505;;;;;;UN;UN;0;0,00;0,00;17.280,01;0,00;0,00
1;NB;F;A03;;22/01/2026;801233;ELO FUSIVEL BOTAO DISTRIB K 15A 500MM;MC10801;;;;CDFL;CUST;1.976;UN;4,82;BRL;1;1.976;20/03/2026;00:00:00;20/03/2026;0;0;0;0;10100117;200;R;1;4600003057;9.519,18;1.976;1.976;9.519,18;0;;C1;G;;;;;;;;;4500144413;ZF 1302603;X;19;;1024046    ELETRO FUSI INDUSTRIA ELETROMETALUR;2;;;;;200;90;;;;0;0;1024046    ELETRO FUSI INDUSTRIA EL;OA01;0;;1.976;0;0;0;0;5300027506;;;;;;UN;UN;0;0,00;0,00;9.519,18;0,00;0,00
1;NB;F;A03;;22/01/2026;402111;ELO FUSIVEL BOTAO DISTRIB UN K 8A 500MM;MC10801;;;;CDFL;INVT;5;UN;4,82;BRL;1;5;20/03/2026;00:00:00;20/03/2026;0;0;0;0;10100117;30;R;1;4600003057;24,09;5;5;24,09;0;;C1;G;;;;;;;;;4500144413;ZF 1302603;X;19;;1024046    ELETRO FUSI INDUSTRIA ELETROMETALUR;2;;;;;30;100;;;;0;0;1024046    ELETRO FUSI INDUSTRIA EL;OA01;0;;5;0;0;0;0;5300031052;;;;;;UN;UN;0;0,00;0,00;24,09;0,00;0,00
1;NB;F;A03;;22/01/2026;800894;ELO FUSIVEL BOTAO DISTRIB UN K 8A 500MM;MC10801;;;;CDFL;CUST;5.388;UN;4,82;BRL;1;5.388;20/03/2026;00:00:00;20/03/2026;0;0;0;0;10100117;130;R;1;4600003057;25.956,15;5.388;5.388;25.956,15;0;;C1;G;;;;;;;;;4500144413;ZF 1302603;X;19;;1024046    ELETRO FUSI INDUSTRIA ELETROMETALUR;2;;;;;130;110;;;;0;0;1024046    ELETRO FUSI INDUSTRIA EL;OA01;0;;5.388;0;0;0;0;5300027507;;;;;;UN;UN;0;0,00;0,00;25.956,15;0,00;0,00
1;NB;F;A03;;22/01/2026;402733;ELO FUSIVEL H 1A 500MM;MC10801;;;;CDFL;INVT;611;UN;4,77;BRL;1;611;20/03/2026;00:00:00;20/03/2026;0;0;0;0;10100117;10;R;1;4600003057;2.915,02;611;611;2.915,02;0;;C1;G;;;;;;;;;4500144413;ZF 1302603;X;19;;1024046    ELETRO FUSI INDUSTRIA ELETROMETALUR;2;;;;;10;120;;;;0;0;1024046    ELETRO FUSI INDUSTRIA EL;OA01;0;;611;0;0;0;0;5300031418;;;;;;UN;UN;0;0,00;0,00;2.915,02;0,00;0,00
1;NB;F;A03;;22/01/2026;801834;ELO FUSIVEL H 1A 500MM;MC10801;;;;CDFL;CUST;5.760;UN;4,77;BRL;1;5.760;20/03/2026;00:00:00;20/03/2026;0;0;0;0;10100117;110;R;1;4600003057;27.480,38;5.760;5.760;27.480,38;0;;C1;G;;;;;;;;;4500144413;ZF 1302603;X;19;;1024046    ELETRO FUSI INDUSTRIA ELETROMETALUR;2;;;;;110;130;;;;0;0;1024046    ELETRO FUSI INDUSTRIA EL;OA01;0;;5.760;0;0;0;0;5300027509;;;;;;UN;UN;0;0,00;0,00;27.480,38;0,00;0,00
1;NB;F;A03;;22/01/2026;402741;ELO FUSIVEL BOTAO K 6A 500MM;MC10801;;;;CDFL;INVT;113;UN;4,82;BRL;1;113;20/03/2026;00:00:00;20/03/2026;0;0;0;0;10100117;20;R;1;4600003057;544,37;113;113;544,37;0;;C1;G;;;;;;;;;4500144413;ZF 1302603;X;19;;1024046    ELETRO FUSI INDUSTRIA ELETROMETALUR;2;;;;;20;140;;;;0;0;1024046    ELETRO FUSI INDUSTRIA EL;OA01;0;;113;0;0;0;0;5300031051;;;;;;UN;UN;0;0,00;0,00;544,37;0,00;0,00
1;NB;F;A03;;22/01/2026;801826;ELO FUSIVEL BOTAO K 6A 500MM;MC10801;;;;CDFL;CUST;5.673;UN;4,82;BRL;1;5.673;20/03/2026;00:00:00;20/03/2026;0;0;0;0;10100117;120;R;1;4600003057;27.329,11;5.673;5.673;27.329,11;0;;C1;G;;;;;;;;;4500144413;ZF 1302603;X;19;;1024046    ELETRO FUSI INDUSTRIA ELETROMETALUR;2;;;;;120;150;;;;0;0;1024046    ELETRO FUSI INDUSTRIA EL;OA01;0;;5.673;0;0;0;0;5300027508;;;;;;UN;UN;0;0,00;0,00;27.329,11;0,00;0,00
1;NB;F;A03;;22/01/2026;402660;ELO FUSIVEL DISTRIB H 2A 500MM;MC10801;;;;CDFL;INVT;143;UN;4,77;BRL;1;143;20/03/2026;00:00:00;20/03/2026;0;0;0;0;10100117;40;R;1;4600003057;682,24;143;143;682,24;0;;C1;G;;;;;;;;;4500144413;ZF 1302603;X;19;;1024046    ELETRO FUSI INDUSTRIA ELETROMETALUR;2;;;;;40;160;;;;0;0;1024046    ELETRO FUSI INDUSTRIA EL;OA01;0;;143;0;0;0;0;5300031053;;;;;;UN;UN;0;0,00;0,00;682,24;0,00;0,00
1;NB;F;A03;;22/01/2026;801955;ELO FUSIVEL DISTRIB H 2A 500MM;MC10801;;;;CDFL;CUST;2.728;UN;4,77;BRL;1;2.728;20/03/2026;00:00:00;20/03/2026;0;0;0;0;10100117;140;R;1;4600003057;13.015,02;2.728;2.728;13.015,02;0;;C1;G;;;;;;;;;4500144413;ZF 1302603;X;19;;1024046    ELETRO FUSI INDUSTRIA ELETROMETALUR;2;;;;;140;170;;;;0;0;1024046    ELETRO FUSI INDUSTRIA EL;OA01;0;;2.728;0;0;0;0;5300026745;;;;;;UN;UN;0;0,00;0,00;13.015,02;0,00;0,00
1;NB;F;A03;;10/02/2026;400805;ELO FUSIVEL BOTAO DISTRIB H 5A 500MM;MC10801;;;;CDFL;INVT;569;UN;4,77;BRL;1;569;01/04/2026;00:00:00;01/04/2026;0;0;0;0;10100117;90;R;1;4600003057;2.714,64;569;569;2.714,64;0;;C1;G;;;;;;;;;4500145740;ZF 1302603;X;19;;1024046    ELETRO FUSI INDUSTRIA ELETROMETALUR;2;;;;;90;10;;;;0;0;1024046    ELETRO FUSI INDUSTRIA EL;OA01;0;;569;0;0;0;0;5300031416;;;;;;UN;UN;0;0,00;0,00;2.714,64;0,00;0,00
1;NB;F;GAE;;20/02/2026;401056;ELO FUSIVEL BOTAO DISTRIB K 10A 500MM;MC10801;;;;CDFL;INVT;550;UN;4,72;BRL;1;550;09/03/2026;00:00:00;09/03/2026;0;0;0;0;10128114;10;R;1;;2.598,42;550;550;2.598,42;0;;C1;G;;;;;;;;;4500147195;ZF 1302603;X;19;;1024046    ELETRO FUSI INDUSTRIA ELETROMETALUR;2;;;;;0;10;;;;0;0;1024046    ELETRO FUSI INDUSTRIA EL;OA01;0;;550;0;0;0;0;5300026742;;;;;;UN;UN;0;0,00;0,00;2.598,42;0,00;0,00
1;NB;F;A01;;30/01/2026;800741;CABO ELET CU 120MM2 90°XLPE 0,6/1KV;MC10101;;;;CDFL;CUST;1.197;M;84,62;BRL;1;1.197;02/04/2026;00:00:00;02/04/2026;0;0;0;0;10101097;60;R;1;4600003067;101.290,98;1.197;1.197;101.290,98;0;;C1;G;;;;;;;;;4500144937;ZF 1302603;X;19;;1024047    RBL INDUSTRIA E COMERCIO DE CONDUTO;2;;;;;120;10;;;;0;0;1024047    RBL INDUSTRIA E COMERCIO;OA01;0;;1.197;0;0;0;0;5300026859;;;;;;M;M;0;0,00;0,00;101.290,98;0,00;0,00
1;NB;F;A01;;30/01/2026;804894;CABO ELET CU 185MM2 90°XLPE 0,6/1KV;MC20101;;;;CDFL;CUST;721;M;118,94;BRL;1;721;02/04/2026;00:00:00;02/04/2026;0;0;0;0;10101097;70;R;1;4600003067;85.754,08;721;721;85.754,08;0;;C1;G;;;;;;;;;4500144937;ZF 1302603;X;19;;1024047    RBL INDUSTRIA E COMERCIO DE CONDUTO;2;;;;;130;20;;;;0;0;1024047    RBL INDUSTRIA E COMERCIO;OA01;0;;721;0;0;0;0;5300026860;;;;;;M;M;0;0,00;0,00;85.754,08;0,00;0,00
1;NB;F;A01;;30/01/2026;800177;CABO ELET FLEXIVEL PVC 750V 2,5MM2 CZ;MC10101;;;;CDFL;CUST;500;M;0,97;BRL;1;500;02/04/2026;00:00:00;02/04/2026;0;0;0;0;10101097;30;R;1;4600003067;483,60;500;500;483,60;0;;C1;G;;;;;;;;;4500144937;ZF 1302603;X;19;;1024047    RBL INDUSTRIA E COMERCIO DE CONDUTO;2;;;;;90;30;;;;0;0;1024047    RBL INDUSTRIA E COMERCIO;OA01;0;;500;0;0;0;0;5300031526;;;;;;M;M;0;0,00;0,00;483,60;0,00;0,00
1;NB;F;GAE;;20/02/2026;402242;POSTE FIBRA VIDRO E-CR 11M 600DAN;MC12001;;;;CDFL;INVT;144;UN;2.162,50;BRL;1;144;23/03/2026;00:00:00;23/03/2026;0;108;0;0;10128271;10;R;1;4600003493;77.850,04;36;36;77.850,04;0;;C1;G;;;;;;;;;4500147050;ZF 1302603;X;19;;1027479    ASW BRASIL TECNOLOGIA EM PLASTICOS;2;;;;;10;10;;;;0;0;1027479    ASW BRASIL TECNOLOGIA EM;OA01;0;;144;108;0;0;0;5300031734;;;;;;UN;UN;0;0,00;0,00;311.400,16;0,00;0,00
1;NB;F;GAE;;20/02/2026;402242;POSTE FIBRA VIDRO E-CR 11M 600DAN;MC12001;;;;CDFL;INVT;144;UN;2.162,50;BRL;1;144;21/04/2026;00:00:00;21/04/2026;0;0;0;0;10128271;10;R;1;4600003493;311.400,16;144;144;311.400,16;0;;C1;G;;;;;;;;;4500147050;ZF 1302603;X;19;;1027479    ASW BRASIL TECNOLOGIA EM PLASTICOS;2;;;;;10;20;;;;0;0;1027479    ASW BRASIL TECNOLOGIA EM;OA01;0;;144;0;0;0;0;5300031734;;;;;;UN;UN;0;0,00;0,00;311.400,16;0,00;0,00
1;ZCDR;F;GAE;;04/03/2026;410213;TINTA SPRAY 400ML;MC03301;;;;CDFL;INVT;500;UN;18,00;BRL;1;500;14/03/2026;00:00:00;14/03/2026;0;204;0;0;10130257;10;R;1;;5.328,00;296;296;5.328,00;0;;C0;G;;;;;;;;;4500148074;ZF 1302603;X;15;;1027532    JM COMERCIO VAREJISTA DE TINTAS E M;2;;;;;0;10;;;;0;0;1027532    JM COMERCIO VAREJISTA DE;OA01;0;;500;204;0;0;0;5300031917;;;;;;UN;UN;0;0,00;0,00;9.000,00;0,00;0,00
1;ZCDR;F;GAE;;04/03/2026;410213;TINTA SPRAY 400ML;MC03301;;;;CDFL;INVT;60;UN;18,00;BRL;1;60;06/03/2026;00:00:00;06/03/2026;0;60;0;0;10130383;10;R;1;;0,00;0;0;0,00;0;;C0;G;;;;;;;;;4500148075;ZF 1302603;X;15;;1027532    JM COMERCIO VAREJISTA DE TINTAS E M;2;;;;;0;10;;;;0;0;1027532    JM COMERCIO VAREJISTA DE;OA01;0;;60;60;0;0;0;5300031917;;;;;;UN;UN;0;0,00;0,00;1.080,00;0,00;0,00
1;ZCDR;F;A03;;06/03/2026;410041;PARAFUSO AUTO BROC CHAT phillips 4.2x25m;MC01301;;;;CDFL;INVT;46.000;UN;0,43;BRL;1;46.000;10/03/2026;00:00:00;10/03/2026;0;46.000;0;0;;0;R;1;;0,00;0;0;0,00;0;;C0;G;;;;;;;;;4500148095;ZF 1302603;X;15;;1027540    CLEICY DE L BATISTA E CIA LTDA;2;;;;;0;20;;;;0;0;1027540    CLEICY DE L BATISTA E CI;OA01;0;;46.000;46.000;0;0;0;5300031921;;;;;;UN;UN;0;0,00;0,00;19.780,00;0,00;0,00
1;NB;F;GAE;;18/03/2026;410041;PARAFUSO AUTO BROC CHAT phillips 4.2x25m;MC01301;;;;CDFL;INVT;70.000;UN;0,43;BRL;1;70.000;20/03/2026;00:00:00;20/03/2026;0;50.000;0;0;10132097;10;R;1;;8.600,00;20.000;20.000;8.600,00;0;;C0;G;;;;;;;;;4500149809;ZF 1302603;X;19;;1027540    CLEICY DE L BATISTA E CIA LTDA;2;;;;;0;10;;;;0;0;1027540    CLEICY DE L BATISTA E CI;OA01;0;;70.000;50.000;0;0;0;5300031921;;;;;;UN;UN;0;0,00;0,00;30.100,00;0,00;0,00
1;ZCDR;F;GAE;;19/02/2026;410212;FITA AUTOADESIVA BLINDAGEM 10cmX10m;MC03701;;;;CDFL;INVT;1.090;UN;16,83;BRL;1;1.090;20/03/2026;00:00:00;20/03/2026;0;0;0;0;10129792;10;R;1;;18.347,97;1.090;1.090;18.347,97;0;;C1;G;;;;;;;;;4500146775;ZF 1302603;X;15;;1027545    SOPREMA LTDA;2;;;;;0;10;;;;0;0;1027545    SOPREMA LTDA;OA01;0;;1.090;0;0;0;0;5300031948;;;;;;UN;UN;0;0,00;0,00;18.347,97;0,00;0,00
